timestamp,open,high,low,close,volume,oi
2026-02-26T09:15:00+05:30,753.75,774.05,753.75,757.85,12177,0
2026-02-26T09:30:00+05:30,758.45,761.1,757.45,760.0,5036,0
2026-02-26T09:45:00+05:30,760.8,764.1,757.0,757.4,3911,0
2026-02-26T10:00:00+05:30,757.4,760.0,756.3,756.35,1469,0
2026-02-26T10:15:00+05:30,756.35,757.0,753.2,757.0,2962,0
2026-02-26T10:30:00+05:30,757.0,765.0,755.25,764.55,4364,0
2026-02-26T10:45:00+05:30,764.3,770.8,760.7,769.65,6952,0
2026-02-26T11:00:00+05:30,770.75,773.0,769.0,770.85,5164,0
2026-02-26T11:15:00+05:30,771.55,772.45,765.85,771.65,5081,0
2026-02-26T11:30:00+05:30,772.45,773.2,768.3,771.6,9181,0
2026-02-26T11:45:00+05:30,771.1,771.6,758.8,759.85,4716,0
2026-02-26T12:00:00+05:30,759.85,760.3,754.5,757.5,4421,0
2026-02-26T12:15:00+05:30,757.5,758.5,754.15,755.3,1390,0
2026-02-26T12:30:00+05:30,755.3,755.3,750.1,750.85,4660,0
2026-02-26T12:45:00+05:30,751.55,752.55,750.25,751.0,2215,0
2026-02-26T13:00:00+05:30,751.25,752.9,751.0,751.0,1337,0
2026-02-26T13:15:00+05:30,751.0,752.9,750.3,752.4,1795,0
2026-02-26T13:30:00+05:30,752.4,754.0,752.15,752.5,542,0
2026-02-26T13:45:00+05:30,752.65,755.8,752.4,755.8,2457,0
2026-02-26T14:00:00+05:30,755.8,757.0,754.75,756.0,1993,0
2026-02-26T14:15:00+05:30,756.15,757.65,755.15,756.5,1476,0
2026-02-26T14:30:00+05:30,756.55,760.55,756.55,758.8,4416,0
2026-02-26T14:45:00+05:30,758.8,759.95,756.75,757.55,1194,0
2026-02-26T15:00:00+05:30,757.55,760.05,756.85,759.2,1795,0
2026-02-26T15:15:00+05:30,759.5,768.0,755.0,755.0,12112,0
2026-02-27T09:15:00+05:30,759.85,759.85,745.1,746.65,7978,0
2026-02-27T09:30:00+05:30,746.6,751.2,746.0,747.15,6142,0
2026-02-27T09:45:00+05:30,747.15,749.35,746.0,747.3,2362,0
2026-02-27T10:00:00+05:30,747.3,752.6,746.3,752.55,11656,0
2026-02-27T10:15:00+05:30,752.5,752.55,751.3,752.05,765,0
2026-02-27T10:30:00+05:30,752.05,754.65,752.05,754.1,1556,0
2026-02-27T10:45:00+05:30,754.05,755.8,754.0,754.2,1766,0
2026-02-27T11:00:00+05:30,754.8,756.8,752.0,755.0,27906,0
2026-02-27T11:15:00+05:30,755.6,764.45,755.6,764.45,4382,0
2026-02-27T11:30:00+05:30,763.4,763.4,759.8,762.0,3032,0
2026-02-27T11:45:00+05:30,762.45,763.0,762.0,762.3,910,0
2026-02-27T12:00:00+05:30,762.3,765.35,761.85,763.55,1190,0
2026-02-27T12:15:00+05:30,763.8,763.8,762.0,763.65,634,0
2026-02-27T12:30:00+05:30,763.65,770.0,763.05,767.1,2507,0
2026-02-27T12:45:00+05:30,766.55,767.95,764.15,767.1,1734,0
2026-02-27T13:00:00+05:30,767.1,767.35,765.15,766.2,1005,0
2026-02-27T13:15:00+05:30,766.2,769.0,765.0,769.0,438,0
2026-02-27T13:30:00+05:30,768.5,772.0,768.5,771.15,1514,0
2026-02-27T13:45:00+05:30,771.0,773.3,770.0,773.3,1926,0
2026-02-27T14:00:00+05:30,773.3,773.3,771.2,771.75,324,0
2026-02-27T14:15:00+05:30,771.85,775.5,771.45,774.85,1424,0
2026-02-27T14:30:00+05:30,774.15,775.5,773.4,774.15,1810,0
2026-02-27T14:45:00+05:30,774.15,776.75,773.45,773.5,1001,0
2026-02-27T15:00:00+05:30,773.8,776.05,772.0,775.0,5405,0
2026-02-27T15:15:00+05:30,774.95,775.0,765.5,767.0,10836,0
2026-03-02T09:15:00+05:30,722.0,749.35,722.0,746.85,13257,0
2026-03-02T09:30:00+05:30,747.4,753.6,747.4,752.25,4275,0
2026-03-02T09:45:00+05:30,752.95,754.4,749.15,750.5,4650,0
2026-03-02T10:00:00+05:30,750.5,751.25,749.2,749.25,1453,0
2026-03-02T10:15:00+05:30,750.1,751.75,749.5,751.75,1910,0
2026-03-02T10:30:00+05:30,751.55,751.6,749.45,749.5,2204,0
2026-03-02T10:45:00+05:30,749.5,751.45,746.6,750.35,3622,0
2026-03-02T11:00:00+05:30,751.0,751.0,747.55,747.75,3702,0
2026-03-02T11:15:00+05:30,748.6,750.15,747.75,750.0,2619,0
2026-03-02T11:30:00+05:30,749.7,750.1,745.8,747.8,23312,0
2026-03-02T11:45:00+05:30,747.7,747.8,736.25,737.5,11092,0
2026-03-02T12:00:00+05:30,737.1,743.75,735.25,743.3,4692,0
2026-03-02T12:15:00+05:30,742.25,742.85,737.8,739.35,4704,0
2026-03-02T12:30:00+05:30,739.15,739.95,737.0,737.05,1540,0
2026-03-02T12:45:00+05:30,737.2,740.0,735.5,737.75,2617,0
2026-03-02T13:00:00+05:30,737.05,737.75,735.15,736.0,869,0
2026-03-02T13:15:00+05:30,735.4,737.1,735.2,735.55,579,0
2026-03-02T13:30:00+05:30,736.25,736.25,733.0,733.0,1404,0
2026-03-02T13:45:00+05:30,733.05,743.35,733.05,740.5,12334,0
2026-03-02T14:00:00+05:30,740.5,753.25,740.0,751.15,5587,0
2026-03-02T14:15:00+05:30,750.7,751.85,746.6,748.8,3612,0
2026-03-02T14:30:00+05:30,748.8,750.35,748.3,750.15,1923,0
2026-03-02T14:45:00+05:30,750.0,751.65,748.65,749.85,5932,0
2026-03-02T15:00:00+05:30,749.95,751.5,748.8,749.2,3666,0
2026-03-02T15:15:00+05:30,749.15,758.8,745.0,745.0,8066,0
2026-03-04T09:15:00+05:30,732.6,737.45,721.6,725.55,8137,0
2026-03-04T09:30:00+05:30,725.55,731.15,723.0,729.85,17265,0
2026-03-04T09:45:00+05:30,729.85,731.0,724.0,725.85,17933,0
2026-03-04T10:00:00+05:30,725.6,725.95,724.0,724.75,3700,0
2026-03-04T10:15:00+05:30,724.8,726.0,723.5,725.75,7481,0
2026-03-04T10:30:00+05:30,725.5,725.75,722.0,722.05,3276,0
2026-03-04T10:45:00+05:30,722.05,725.85,721.0,721.0,13452,0
2026-03-04T11:00:00+05:30,721.05,722.55,720.1,720.1,3518,0
2026-03-04T11:15:00+05:30,720.1,723.35,719.15,721.6,5731,0
2026-03-04T11:30:00+05:30,721.6,721.75,720.0,720.45,4049,0
2026-03-04T11:45:00+05:30,720.45,721.0,718.95,719.7,5273,0
2026-03-04T12:00:00+05:30,719.8,721.65,719.15,719.75,2011,0
2026-03-04T12:15:00+05:30,719.5,722.05,719.0,720.15,2122,0
2026-03-04T12:30:00+05:30,720.25,728.65,720.0,728.1,4996,0
2026-03-04T12:45:00+05:30,728.1,732.45,728.1,730.6,2319,0
2026-03-04T13:00:00+05:30,730.4,747.0,730.4,737.0,6838,0
2026-03-04T13:15:00+05:30,736.75,739.95,735.65,736.0,3878,0
2026-03-04T13:30:00+05:30,736.0,737.75,735.55,736.25,1201,0
2026-03-04T13:45:00+05:30,736.05,737.2,730.6,732.55,1652,0
2026-03-04T14:00:00+05:30,733.75,735.65,731.5,734.55,1262,0
2026-03-04T14:15:00+05:30,735.25,738.4,734.45,735.85,2149,0
2026-03-04T14:30:00+05:30,736.4,736.4,733.65,735.0,1970,0
2026-03-04T14:45:00+05:30,735.25,735.45,732.85,733.05,2367,0
2026-03-04T15:00:00+05:30,733.05,733.8,730.05,732.0,2257,0
2026-03-04T15:15:00+05:30,731.0,738.85,730.35,733.0,10803,0
2026-03-05T09:15:00+05:30,741.95,741.95,729.2,730.6,2556,0
2026-03-05T09:30:00+05:30,734.1,762.7,731.75,751.7,25094,0
2026-03-05T09:45:00+05:30,750.75,753.2,749.55,750.15,1871,0
2026-03-05T10:00:00+05:30,750.8,752.35,749.3,750.5,4687,0
2026-03-05T10:15:00+05:30,750.5,751.0,749.0,750.4,2230,0
2026-03-05T10:30:00+05:30,750.4,753.45,750.4,750.55,1933,0
2026-03-05T10:45:00+05:30,750.2,751.6,749.4,750.3,3614,0
2026-03-05T11:00:00+05:30,750.55,751.55,750.5,751.0,1086,0
2026-03-05T11:15:00+05:30,751.0,752.45,750.05,750.8,2804,0
2026-03-05T11:30:00+05:30,750.8,752.85,750.05,750.95,2486,0
2026-03-05T11:45:00+05:30,750.95,751.4,746.65,747.6,8306,0
2026-03-05T12:00:00+05:30,747.7,750.95,747.7,749.8,2888,0
2026-03-05T12:15:00+05:30,749.8,749.8,746.05,746.4,3856,0
2026-03-05T12:30:00+05:30,746.4,746.95,741.8,743.85,2200,0
2026-03-05T12:45:00+05:30,744.55,748.7,743.85,747.1,3671,0
2026-03-05T13:00:00+05:30,747.1,747.4,744.05,744.45,779,0
2026-03-05T13:15:00+05:30,744.1,744.8,742.15,742.15,415,0
2026-03-05T13:30:00+05:30,740.35,750.55,740.2,749.55,4137,0
2026-03-05T13:45:00+05:30,748.65,749.8,746.85,748.35,1121,0
2026-03-05T14:00:00+05:30,748.35,749.45,744.8,745.95,2544,0
2026-03-05T14:15:00+05:30,747.15,749.6,746.9,748.0,2031,0
2026-03-05T14:30:00+05:30,748.0,750.2,745.05,750.2,1696,0
2026-03-05T14:45:00+05:30,749.2,753.9,749.2,753.9,3871,0
2026-03-05T15:00:00+05:30,753.9,755.0,752.55,753.15,1640,0
2026-03-05T15:15:00+05:30,753.15,762.0,752.45,755.2,11549,0
2026-03-06T09:15:00+05:30,753.05,755.0,745.15,754.15,3240,0
2026-03-06T09:30:00+05:30,757.45,762.3,756.2,760.75,2930,0
2026-03-06T09:45:00+05:30,760.75,764.5,760.75,764.1,1390,0
2026-03-06T10:00:00+05:30,764.5,766.25,764.1,765.5,444,0
2026-03-06T10:15:00+05:30,765.5,766.45,765.0,765.5,818,0
2026-03-06T10:30:00+05:30,765.5,766.45,763.55,764.1,1111,0
2026-03-06T10:45:00+05:30,764.05,764.05,763.55,764.0,3521,0
2026-03-06T11:00:00+05:30,764.0,764.05,763.5,764.05,2319,0
2026-03-06T11:15:00+05:30,763.55,764.05,763.55,763.65,300,0
2026-03-06T11:30:00+05:30,763.65,764.05,763.55,764.0,1270,0
2026-03-06T11:45:00+05:30,764.0,764.15,763.55,763.65,985,0
2026-03-06T12:00:00+05:30,763.65,764.05,763.2,763.7,1348,0
2026-03-06T12:15:00+05:30,764.0,765.75,763.35,763.35,2613,0
2026-03-06T12:30:00+05:30,763.35,765.0,763.35,764.45,521,0
2026-03-06T12:45:00+05:30,763.9,766.0,763.9,765.05,1009,0
2026-03-06T13:00:00+05:30,765.05,765.05,764.0,764.4,357,0
2026-03-06T13:15:00+05:30,764.4,765.8,764.4,765.45,386,0
2026-03-06T13:30:00+05:30,765.45,770.45,764.0,769.3,3764,0
2026-03-06T13:45:00+05:30,769.3,769.3,765.85,766.15,3923,0
2026-03-06T14:00:00+05:30,766.45,766.5,765.4,765.55,87,0
2026-03-06T14:15:00+05:30,765.55,766.45,764.95,766.1,563,0
2026-03-06T14:30:00+05:30,766.1,766.1,764.3,764.3,1161,0
2026-03-06T14:45:00+05:30,765.0,767.55,764.75,765.0,1277,0
2026-03-06T15:00:00+05:30,765.0,768.75,765.0,767.25,2702,0
2026-03-06T15:15:00+05:30,767.6,785.0,764.5,784.5,5983,0
2026-03-09T09:15:00+05:30,752.0,761.0,738.8,748.45,10683,0
2026-03-09T09:30:00+05:30,748.6,753.95,745.35,751.7,2961,0
2026-03-09T09:45:00+05:30,751.7,753.6,751.25,752.0,1064,0
2026-03-09T10:00:00+05:30,752.0,757.35,752.0,757.35,3018,0
2026-03-09T10:15:00+05:30,755.5,756.0,752.8,754.0,3964,0
2026-03-09T10:30:00+05:30,752.95,755.1,749.7,754.5,9494,0
2026-03-09T10:45:00+05:30,754.5,755.0,753.0,754.45,987,0
2026-03-09T11:00:00+05:30,754.8,754.8,752.0,753.9,3281,0
2026-03-09T11:15:00+05:30,753.9,756.6,753.5,756.6,656,0
2026-03-09T11:30:00+05:30,757.05,759.5,753.8,753.8,3303,0
2026-03-09T11:45:00+05:30,753.8,754.65,752.9,753.0,1222,0
2026-03-09T12:00:00+05:30,753.0,754.1,753.0,753.35,1440,0
2026-03-09T12:15:00+05:30,753.35,753.4,752.9,753.0,1477,0
2026-03-09T12:30:00+05:30,753.05,753.9,752.9,753.0,1612,0
2026-03-09T12:45:00+05:30,753.0,753.45,750.2,750.2,4846,0
2026-03-09T13:00:00+05:30,750.45,750.75,749.5,749.5,1094,0
2026-03-09T13:15:00+05:30,749.5,750.25,749.0,749.15,1009,0
2026-03-09T13:30:00+05:30,749.05,750.85,748.5,748.55,1859,0
2026-03-09T13:45:00+05:30,748.55,752.8,748.0,752.1,1578,0
2026-03-09T14:00:00+05:30,752.1,756.0,752.1,755.0,2758,0
2026-03-09T14:15:00+05:30,755.0,757.4,753.4,755.2,3161,0
2026-03-09T14:30:00+05:30,755.15,756.75,755.0,756.05,358,0
2026-03-09T14:45:00+05:30,755.2,759.4,755.15,755.3,990,0
2026-03-09T15:00:00+05:30,756.1,756.85,755.0,756.45,1537,0
2026-03-09T15:15:00+05:30,756.5,761.0,755.1,758.0,3960,0
2026-03-10T09:15:00+05:30,775.25,776.45,753.3,762.15,3062,0
2026-03-10T09:30:00+05:30,762.15,763.85,756.55,763.2,2437,0
2026-03-10T09:45:00+05:30,763.2,763.5,760.65,761.7,2637,0
2026-03-10T10:00:00+05:30,761.7,766.8,761.7,762.7,2551,0
2026-03-10T10:15:00+05:30,762.75,766.7,761.0,765.4,2565,0
2026-03-10T10:30:00+05:30,765.4,765.6,763.35,763.35,905,0
2026-03-10T10:45:00+05:30,763.7,764.3,762.6,763.35,677,0
2026-03-10T11:00:00+05:30,763.35,765.15,761.05,762.75,5372,0
2026-03-10T11:15:00+05:30,762.05,763.35,762.05,762.5,536,0
2026-03-10T11:30:00+05:30,762.8,763.7,762.5,762.85,779,0
2026-03-10T11:45:00+05:30,762.85,765.0,761.0,762.55,4987,0
2026-03-10T12:00:00+05:30,762.5,764.5,762.5,763.4,554,0
2026-03-10T12:15:00+05:30,762.85,763.4,762.5,762.5,436,0
2026-03-10T12:30:00+05:30,762.5,763.1,762.5,762.5,571,0
2026-03-10T12:45:00+05:30,762.5,764.0,761.0,763.1,3542,0
2026-03-10T13:00:00+05:30,763.05,763.05,762.0,762.0,345,0
2026-03-10T13:15:00+05:30,762.0,762.75,762.0,762.75,201,0
2026-03-10T13:30:00+05:30,762.75,764.2,762.45,762.45,544,0
2026-03-10T13:45:00+05:30,762.6,763.0,762.0,762.85,451,0
2026-03-10T14:00:00+05:30,762.85,764.2,762.5,763.2,255,0
2026-03-10T14:15:00+05:30,763.75,764.9,762.7,763.8,637,0
2026-03-10T14:30:00+05:30,763.4,764.05,762.0,762.0,2742,0
2026-03-10T14:45:00+05:30,762.5,764.1,762.05,764.1,744,0
2026-03-10T15:00:00+05:30,764.1,765.95,762.0,762.95,3128,0
2026-03-10T15:15:00+05:30,763.3,764.95,762.0,762.0,4224,0
2026-03-11T09:15:00+05:30,763.2,768.15,757.15,763.05,11450,0
2026-03-11T09:30:00+05:30,762.6,774.9,760.55,768.55,15884,0
2026-03-11T09:45:00+05:30,769.1,772.5,767.45,770.75,9225,0
2026-03-11T10:00:00+05:30,770.0,770.8,769.45,770.05,590,0
2026-03-11T10:15:00+05:30,770.05,771.0,769.45,770.55,1924,0
2026-03-11T10:30:00+05:30,770.6,772.3,769.5,770.0,733,0
2026-03-11T10:45:00+05:30,770.6,771.55,769.5,771.05,1888,0
2026-03-11T11:00:00+05:30,771.1,772.0,766.8,769.5,5597,0
2026-03-11T11:15:00+05:30,770.1,770.4,769.5,770.15,546,0
2026-03-11T11:30:00+05:30,770.15,770.25,764.45,767.05,5564,0
2026-03-11T11:45:00+05:30,767.05,767.05,764.0,764.6,2449,0
2026-03-11T12:00:00+05:30,764.6,767.4,764.5,767.0,1383,0
2026-03-11T12:15:00+05:30,766.55,768.0,766.0,767.0,1021,0
2026-03-11T12:30:00+05:30,767.8,767.9,767.0,767.75,190,0
2026-03-11T12:45:00+05:30,767.75,767.85,766.1,767.05,590,0
2026-03-11T13:00:00+05:30,767.05,768.6,765.0,765.25,3700,0
2026-03-11T13:15:00+05:30,765.25,767.65,764.0,766.15,1054,0
2026-03-11T13:30:00+05:30,766.6,767.85,764.2,767.0,1835,0
2026-03-11T13:45:00+05:30,767.0,767.85,765.95,766.7,1050,0
2026-03-11T14:00:00+05:30,767.4,767.4,765.3,766.3,1645,0
2026-03-11T14:15:00+05:30,766.5,769.45,765.5,769.45,1722,0
2026-03-11T14:30:00+05:30,769.45,770.0,767.15,767.35,907,0
2026-03-11T14:45:00+05:30,766.6,767.15,765.2,765.4,1232,0
2026-03-11T15:00:00+05:30,765.85,776.7,765.0,776.6,5727,0
2026-03-11T15:15:00+05:30,776.8,776.95,768.55,774.5,5063,0
2026-03-12T09:15:00+05:30,762.0,767.95,753.75,755.0,3525,0
2026-03-12T09:30:00+05:30,755.0,755.0,750.15,752.95,3228,0
2026-03-12T09:45:00+05:30,752.4,761.15,752.4,761.15,4378,0
2026-03-12T10:00:00+05:30,761.15,761.2,755.5,756.9,614,0
2026-03-12T10:15:00+05:30,757.05,762.05,755.7,761.65,3655,0
2026-03-12T10:30:00+05:30,762.4,762.9,761.2,761.25,461,0
2026-03-12T10:45:00+05:30,761.2,761.8,760.2,760.2,682,0
2026-03-12T11:00:00+05:30,760.2,764.0,760.2,764.0,1458,0
2026-03-12T11:15:00+05:30,764.0,767.2,760.45,767.0,3889,0
2026-03-12T11:30:00+05:30,767.15,767.5,761.7,763.35,3980,0
2026-03-12T11:45:00+05:30,763.35,764.25,761.05,763.05,847,0
2026-03-12T12:00:00+05:30,763.05,763.05,761.15,762.7,352,0
2026-03-12T12:15:00+05:30,761.65,764.45,761.45,763.1,1483,0
2026-03-12T12:30:00+05:30,763.1,763.35,761.8,762.45,445,0
2026-03-12T12:45:00+05:30,762.45,762.45,761.5,762.1,423,0
2026-03-12T13:00:00+05:30,762.1,764.4,760.0,761.85,1625,0
2026-03-12T13:15:00+05:30,763.6,764.95,760.0,764.5,4488,0
2026-03-12T13:30:00+05:30,764.15,766.85,763.4,765.35,287,0
2026-03-12T13:45:00+05:30,765.2,766.65,764.55,765.0,259,0
2026-03-12T14:00:00+05:30,765.4,767.15,764.05,766.15,13138,0
2026-03-12T14:15:00+05:30,766.15,766.7,765.2,766.2,424,0
2026-03-12T14:30:00+05:30,766.05,767.25,765.75,766.05,1971,0
2026-03-12T14:45:00+05:30,766.0,766.0,760.6,761.7,1239,0
2026-03-12T15:00:00+05:30,762.55,764.8,761.1,762.95,875,0
2026-03-12T15:15:00+05:30,762.9,765.95,760.0,762.0,3295,0
2026-03-13T09:15:00+05:30,758.0,766.05,748.0,750.0,18681,0
2026-03-13T09:30:00+05:30,750.0,751.0,749.0,750.7,3812,0
2026-03-13T09:45:00+05:30,750.2,759.0,749.25,754.85,17970,0
2026-03-13T10:00:00+05:30,754.8,754.8,745.0,746.4,3015,0
2026-03-13T10:15:00+05:30,745.9,752.8,745.55,748.05,2714,0
2026-03-13T10:30:00+05:30,748.85,750.2,746.95,750.0,2134,0
2026-03-13T10:45:00+05:30,749.05,749.05,745.75,747.0,2163,0
2026-03-13T11:00:00+05:30,747.65,751.45,746.0,749.85,1515,0
2026-03-13T11:15:00+05:30,749.2,749.85,747.0,749.85,4786,0
2026-03-13T11:30:00+05:30,749.8,751.8,749.2,751.0,360,0
2026-03-13T11:45:00+05:30,751.0,751.0,747.0,747.2,3064,0
2026-03-13T12:00:00+05:30,747.45,748.65,743.25,745.0,20081,0
2026-03-13T12:15:00+05:30,745.0,745.3,743.2,743.85,1084,0
2026-03-13T12:30:00+05:30,743.95,745.1,743.2,744.35,1220,0
2026-03-13T12:45:00+05:30,744.3,745.15,743.15,743.85,1598,0
2026-03-13T13:00:00+05:30,744.85,744.85,743.45,744.0,1092,0
2026-03-13T13:15:00+05:30,743.15,744.5,740.05,741.8,5110,0
2026-03-13T13:30:00+05:30,741.8,742.9,741.3,742.85,1754,0
2026-03-13T13:45:00+05:30,742.85,744.3,741.35,743.3,4981,0
2026-03-13T14:00:00+05:30,743.3,751.0,743.15,751.0,6715,0
2026-03-13T14:15:00+05:30,751.0,751.5,750.0,751.3,1094,0
2026-03-13T14:30:00+05:30,751.65,756.2,751.05,756.2,2571,0
2026-03-13T14:45:00+05:30,756.3,760.4,756.2,760.35,3060,0
2026-03-13T15:00:00+05:30,760.75,766.5,760.75,766.4,3757,0
2026-03-13T15:15:00+05:30,766.4,775.0,758.05,758.15,5282,0
2026-03-16T09:15:00+05:30,752.65,762.15,736.0,737.45,8939,0
2026-03-16T09:30:00+05:30,736.4,742.2,734.5,741.75,4563,0
2026-03-16T09:45:00+05:30,741.45,744.8,740.1,742.7,6030,0
2026-03-16T10:00:00+05:30,742.7,744.1,736.45,738.15,10267,0
2026-03-16T10:15:00+05:30,737.4,737.4,729.2,729.9,4325,0
2026-03-16T10:30:00+05:30,730.05,731.7,729.2,729.7,2304,0
2026-03-16T10:45:00+05:30,729.7,734.05,727.35,734.0,7097,0
2026-03-16T11:00:00+05:30,734.0,734.0,732.2,734.0,2180,0
2026-03-16T11:15:00+05:30,733.8,736.45,732.9,734.5,1006,0
2026-03-16T11:30:00+05:30,733.65,735.5,731.6,731.9,768,0
2026-03-16T11:45:00+05:30,732.1,734.9,731.7,732.25,1264,0
2026-03-16T12:00:00+05:30,732.65,734.5,732.45,734.0,627,0
2026-03-16T12:15:00+05:30,733.4,733.5,731.7,732.3,562,0
2026-03-16T12:30:00+05:30,732.15,733.3,730.6,731.15,1129,0
2026-03-16T12:45:00+05:30,731.75,732.0,730.0,732.0,573,0
2026-03-16T13:00:00+05:30,731.9,740.95,730.45,734.0,17164,0
2026-03-16T13:15:00+05:30,734.0,735.75,733.65,735.75,748,0
2026-03-16T13:30:00+05:30,735.75,735.75,730.15,731.2,1298,0
2026-03-16T13:45:00+05:30,730.8,731.75,730.0,730.4,782,0
2026-03-16T14:00:00+05:30,730.55,731.1,728.0,728.0,3924,0
2026-03-16T14:15:00+05:30,728.0,731.3,727.15,728.0,3499,0
2026-03-16T14:30:00+05:30,728.0,730.55,727.65,729.9,2200,0
2026-03-16T14:45:00+05:30,730.45,737.05,729.2,734.25,4497,0
2026-03-16T15:00:00+05:30,733.35,733.95,730.25,733.4,2625,0
2026-03-16T15:15:00+05:30,733.4,734.0,720.0,723.1,12814,0
2026-03-17T09:15:00+05:30,721.05,732.2,721.05,731.0,10747,0
2026-03-17T09:30:00+05:30,730.45,734.4,723.8,729.1,6934,0
2026-03-17T09:45:00+05:30,728.2,734.95,728.0,734.8,2172,0
2026-03-17T10:00:00+05:30,734.8,735.3,733.45,734.05,743,0
2026-03-17T10:15:00+05:30,734.05,737.0,733.1,734.0,1766,0
2026-03-17T10:30:00+05:30,734.95,734.95,732.1,734.0,2836,0
2026-03-17T10:45:00+05:30,734.05,735.65,734.05,734.6,973,0
2026-03-17T11:00:00+05:30,735.0,736.35,731.55,734.0,10351,0
2026-03-17T11:15:00+05:30,734.0,734.5,728.0,729.95,4840,0
2026-03-17T11:30:00+05:30,729.95,730.75,728.0,728.0,1331,0
2026-03-17T11:45:00+05:30,728.0,728.0,721.1,721.25,2017,0
2026-03-17T12:00:00+05:30,721.2,724.95,721.0,723.35,3082,0
2026-03-17T12:15:00+05:30,721.9,723.5,721.05,721.9,1022,0
2026-03-17T12:30:00+05:30,721.0,723.15,721.0,722.4,482,0
2026-03-17T12:45:00+05:30,722.4,725.5,722.4,725.5,1182,0
2026-03-17T13:00:00+05:30,725.5,725.85,725.1,725.85,571,0
2026-03-17T13:15:00+05:30,725.85,727.25,723.0,723.95,431,0
2026-03-17T13:30:00+05:30,723.95,724.8,722.0,722.0,888,0
2026-03-17T13:45:00+05:30,722.0,725.55,721.6,723.85,5216,0
2026-03-17T14:00:00+05:30,724.95,726.05,724.9,726.0,726,0
2026-03-17T14:15:00+05:30,725.9,725.95,722.5,722.5,4567,0
2026-03-17T14:30:00+05:30,722.5,723.8,721.5,722.15,1038,0
2026-03-17T14:45:00+05:30,722.15,722.65,721.55,722.65,847,0
2026-03-17T15:00:00+05:30,722.05,726.0,720.35,722.0,6860,0
2026-03-17T15:15:00+05:30,722.05,725.0,719.55,725.0,4840,0
2026-03-18T09:15:00+05:30,726.0,729.95,718.9,720.2,4392,0
2026-03-18T09:30:00+05:30,721.1,724.4,721.1,722.35,7176,0
2026-03-18T09:45:00+05:30,722.3,728.2,720.3,727.2,3844,0
2026-03-18T10:00:00+05:30,728.0,729.05,727.0,728.95,2743,0
2026-03-18T10:15:00+05:30,728.7,733.6,728.35,730.05,4277,0
2026-03-18T10:30:00+05:30,730.05,730.6,728.8,730.0,10141,0
2026-03-18T10:45:00+05:30,730.0,738.0,729.25,730.75,9498,0
2026-03-18T11:00:00+05:30,731.8,735.95,730.1,734.0,4934,0
2026-03-18T11:15:00+05:30,734.2,735.85,733.3,735.8,2475,0
2026-03-18T11:30:00+05:30,735.25,737.15,733.85,734.0,3684,0
2026-03-18T11:45:00+05:30,734.0,736.0,734.0,736.0,563,0
2026-03-18T12:00:00+05:30,736.0,736.0,733.9,733.9,497,0
2026-03-18T12:15:00+05:30,734.75,735.45,733.1,734.5,599,0
2026-03-18T12:30:00+05:30,734.5,736.7,733.9,736.2,776,0
2026-03-18T12:45:00+05:30,736.2,736.2,733.85,734.0,446,0
2026-03-18T13:00:00+05:30,735.2,741.15,734.1,740.4,3360,0
2026-03-18T13:15:00+05:30,739.8,743.55,739.8,742.2,1349,0
2026-03-18T13:30:00+05:30,742.2,744.9,741.6,743.2,1032,0
2026-03-18T13:45:00+05:30,743.2,745.2,741.85,745.05,1064,0
2026-03-18T14:00:00+05:30,745.05,745.05,742.2,743.7,297,0
2026-03-18T14:15:00+05:30,743.7,745.5,743.2,745.5,1053,0
2026-03-18T14:30:00+05:30,744.65,745.15,741.6,741.9,634,0
2026-03-18T14:45:00+05:30,741.9,746.5,740.95,745.4,2198,0
2026-03-18T15:00:00+05:30,745.55,760.35,738.8,743.0,25924,0
2026-03-18T15:15:00+05:30,743.9,744.95,738.0,743.8,11524,0
2026-03-19T09:15:00+05:30,749.95,765.2,742.2,759.0,69765,0
2026-03-19T09:30:00+05:30,759.75,762.8,742.15,744.8,27700,0
2026-03-19T09:45:00+05:30,743.65,748.9,729.85,734.0,22144,0
2026-03-19T10:00:00+05:30,734.0,736.35,732.0,732.6,12135,0
2026-03-19T10:15:00+05:30,732.6,735.5,732.0,734.45,4050,0
2026-03-19T10:30:00+05:30,733.4,734.35,729.7,731.0,5183,0
2026-03-19T10:45:00+05:30,731.05,745.45,731.0,743.35,8266,0
2026-03-19T11:00:00+05:30,743.4,748.0,741.05,744.05,14693,0
2026-03-19T11:15:00+05:30,744.05,744.05,740.2,742.0,3941,0
2026-03-19T11:30:00+05:30,742.15,747.95,740.55,744.4,7707,0
2026-03-19T11:45:00+05:30,744.4,744.4,741.5,741.5,722,0
2026-03-19T12:00:00+05:30,741.8,755.0,741.05,753.0,15140,0
2026-03-19T12:15:00+05:30,752.9,753.25,741.35,742.3,5397,0
2026-03-19T12:30:00+05:30,742.0,742.35,733.1,735.0,11217,0
2026-03-19T12:45:00+05:30,735.0,742.55,734.15,738.1,10955,0
2026-03-19T13:00:00+05:30,738.1,740.95,735.1,735.8,3190,0
2026-03-19T13:15:00+05:30,735.6,738.0,733.55,734.0,2471,0
2026-03-19T13:30:00+05:30,734.65,735.35,732.0,733.6,2704,0
2026-03-19T13:45:00+05:30,734.55,734.9,732.0,733.75,1172,0
2026-03-19T14:00:00+05:30,733.75,733.95,732.0,732.8,1365,0
2026-03-19T14:15:00+05:30,732.8,734.25,732.0,732.0,5115,0
2026-03-19T14:30:00+05:30,732.0,735.35,730.0,735.35,4479,0
2026-03-19T14:45:00+05:30,737.05,739.5,732.55,732.7,5403,0
2026-03-19T15:00:00+05:30,732.9,760.0,732.0,736.35,18297,0
2026-03-19T15:15:00+05:30,737.0,740.0,732.0,740.0,18257,0
2026-03-20T09:15:00+05:30,745.0,745.0,733.1,733.55,7100,0
2026-03-20T09:30:00+05:30,733.55,733.6,727.25,730.0,5918,0
2026-03-20T09:45:00+05:30,729.6,737.0,728.15,735.0,6825,0
2026-03-20T10:00:00+05:30,734.65,740.6,734.5,740.25,6938,0
2026-03-20T10:15:00+05:30,740.3,741.85,738.0,740.6,5650,0
2026-03-20T10:30:00+05:30,740.6,740.8,739.15,740.15,608,0
2026-03-20T10:45:00+05:30,739.65,740.05,739.05,739.85,2964,0
2026-03-20T11:00:00+05:30,739.3,740.95,739.3,740.1,2064,0
2026-03-20T11:15:00+05:30,740.5,741.4,737.8,740.05,4651,0
2026-03-20T11:30:00+05:30,740.0,741.0,735.0,735.95,3146,0
2026-03-20T11:45:00+05:30,734.25,734.85,729.75,731.55,2066,0
2026-03-20T12:00:00+05:30,730.85,731.55,730.0,730.0,2912,0
2026-03-20T12:15:00+05:30,729.7,730.25,725.0,725.0,5542,0
2026-03-20T12:30:00+05:30,723.4,725.9,723.0,724.85,1673,0
2026-03-20T12:45:00+05:30,724.85,726.7,724.6,724.6,633,0
2026-03-20T13:00:00+05:30,725.05,725.05,723.4,723.4,229,0
2026-03-20T13:15:00+05:30,724.0,724.15,723.0,724.0,2184,0
2026-03-20T13:30:00+05:30,723.05,724.45,723.05,724.45,775,0
2026-03-20T13:45:00+05:30,724.4,724.8,723.0,724.5,1129,0
2026-03-20T14:00:00+05:30,723.35,725.25,723.25,724.0,1414,0
2026-03-20T14:15:00+05:30,724.0,724.85,721.5,721.5,1777,0
2026-03-20T14:30:00+05:30,722.65,724.5,721.05,724.0,1208,0
2026-03-20T14:45:00+05:30,724.0,724.0,721.4,723.75,1891,0
2026-03-20T15:00:00+05:30,722.95,730.0,722.3,722.3,12442,0
2026-03-20T15:15:00+05:30,722.25,724.0,720.0,721.2,4863,0
2026-03-23T09:15:00+05:30,719.0,719.15,700.0,700.0,9109,0
2026-03-23T09:30:00+05:30,700.0,700.95,698.15,698.15,3345,0
2026-03-23T09:45:00+05:30,699.3,699.3,690.0,691.7,3444,0
2026-03-23T10:00:00+05:30,692.95,693.95,688.05,689.0,2883,0
2026-03-23T10:15:00+05:30,689.65,703.45,689.0,691.45,20849,0
2026-03-23T10:30:00+05:30,691.3,696.0,689.85,693.45,3455,0
2026-03-23T10:45:00+05:30,693.0,693.0,685.35,686.25,2344,0
2026-03-23T11:00:00+05:30,687.05,689.25,685.0,686.8,1562,0
2026-03-23T11:15:00+05:30,686.8,687.4,681.4,686.15,10644,0
2026-03-23T11:30:00+05:30,686.0,687.0,684.0,685.0,14111,0
2026-03-23T11:45:00+05:30,684.2,689.2,684.1,689.2,6431,0
2026-03-23T12:00:00+05:30,689.2,691.0,685.0,686.4,2995,0
2026-03-23T12:15:00+05:30,685.7,690.05,685.25,688.9,5731,0
2026-03-23T12:30:00+05:30,688.9,689.0,685.5,686.15,3214,0
2026-03-23T12:45:00+05:30,685.7,687.1,684.0,684.0,1791,0
2026-03-23T13:00:00+05:30,684.05,687.6,684.0,685.0,1736,0
2026-03-23T13:15:00+05:30,685.85,686.75,684.9,685.05,1156,0
2026-03-23T13:30:00+05:30,685.05,687.25,684.75,685.0,2466,0
2026-03-23T13:45:00+05:30,685.0,687.6,684.0,686.45,5305,0
2026-03-23T14:00:00+05:30,687.6,690.7,685.95,686.9,18897,0
2026-03-23T14:15:00+05:30,686.55,688.65,684.55,687.4,3061,0
2026-03-23T14:30:00+05:30,686.05,689.9,684.55,689.9,1752,0
2026-03-23T14:45:00+05:30,689.3,690.0,687.2,689.5,3752,0
2026-03-23T15:00:00+05:30,688.1,689.5,686.0,688.0,3496,0
2026-03-23T15:15:00+05:30,688.9,688.9,669.95,670.0,15071,0
2026-03-24T09:15:00+05:30,684.8,685.3,671.6,678.7,12971,0
2026-03-24T09:30:00+05:30,678.75,680.7,673.2,675.65,5844,0
2026-03-24T09:45:00+05:30,675.7,680.95,673.0,676.75,5688,0
2026-03-24T10:00:00+05:30,676.05,683.0,673.0,682.45,6082,0
2026-03-24T10:15:00+05:30,682.45,688.0,681.85,685.25,6544,0
2026-03-24T10:30:00+05:30,685.25,686.55,677.1,677.25,3748,0
2026-03-24T10:45:00+05:30,677.7,684.95,677.0,682.95,3517,0
2026-03-24T11:00:00+05:30,683.9,685.0,681.85,682.3,1761,0
2026-03-24T11:15:00+05:30,683.45,684.05,679.0,679.05,4660,0
2026-03-24T11:30:00+05:30,678.1,683.6,677.15,680.95,1469,0
2026-03-24T11:45:00+05:30,680.95,683.9,677.4,682.85,2591,0
2026-03-24T12:00:00+05:30,682.0,684.1,678.45,684.1,2322,0
2026-03-24T12:15:00+05:30,684.2,689.3,681.2,684.45,2285,0
2026-03-24T12:30:00+05:30,684.9,692.2,684.9,688.35,5006,0
2026-03-24T12:45:00+05:30,688.1,690.0,687.55,689.95,834,0
2026-03-24T13:00:00+05:30,689.9,690.5,688.0,688.6,1773,0
2026-03-24T13:15:00+05:30,688.65,688.75,685.2,687.85,1464,0
2026-03-24T13:30:00+05:30,687.85,688.45,686.05,688.45,994,0
2026-03-24T13:45:00+05:30,688.0,688.0,683.1,684.3,1370,0
2026-03-24T14:00:00+05:30,684.05,685.85,682.4,685.0,1869,0
2026-03-24T14:15:00+05:30,685.0,687.2,683.0,685.0,13074,0
2026-03-24T14:30:00+05:30,685.0,686.15,683.2,685.8,6326,0
2026-03-24T14:45:00+05:30,684.8,685.9,683.3,685.3,8340,0
2026-03-24T15:00:00+05:30,684.4,685.8,684.4,685.0,10743,0
2026-03-24T15:15:00+05:30,684.7,686.35,684.0,684.5,8003,0
2026-03-25T09:15:00+05:30,694.9,702.7,687.7,702.2,6780,0
2026-03-25T09:30:00+05:30,701.25,704.8,699.9,702.05,3087,0
2026-03-25T09:45:00+05:30,702.25,704.7,701.2,704.5,2220,0
2026-03-25T10:00:00+05:30,704.5,706.0,702.0,704.75,5249,0
2026-03-25T10:15:00+05:30,704.75,706.65,701.7,703.5,7808,0
2026-03-25T10:30:00+05:30,703.5,703.55,698.0,700.05,12612,0
2026-03-25T10:45:00+05:30,699.8,700.45,698.5,699.8,2025,0
2026-03-25T11:00:00+05:30,699.8,702.15,699.6,700.1,7911,0
2026-03-25T11:15:00+05:30,700.1,700.15,695.35,696.75,3069,0
2026-03-25T11:30:00+05:30,697.0,697.65,692.0,693.95,2783,0
2026-03-25T11:45:00+05:30,694.2,699.4,693.05,694.8,2539,0
2026-03-25T12:00:00+05:30,695.55,699.0,695.55,698.05,598,0
2026-03-25T12:15:00+05:30,697.6,698.7,695.25,695.3,1179,0
2026-03-25T12:30:00+05:30,695.45,697.0,694.0,695.0,2076,0
2026-03-25T12:45:00+05:30,694.95,696.0,694.15,694.7,1549,0
2026-03-25T13:00:00+05:30,694.7,697.5,694.7,695.35,3956,0
2026-03-25T13:15:00+05:30,695.35,696.35,694.7,694.7,26294,0
2026-03-25T13:30:00+05:30,694.7,696.8,694.25,695.0,8560,0
2026-03-25T13:45:00+05:30,694.25,695.25,694.05,694.95,668,0
2026-03-25T14:00:00+05:30,695.0,700.6,694.1,694.65,26028,0
2026-03-25T14:15:00+05:30,695.05,695.7,692.95,694.35,2269,0
2026-03-25T14:30:00+05:30,694.55,694.55,693.0,693.0,260,0
2026-03-25T14:45:00+05:30,693.0,693.5,692.0,692.95,11224,0
2026-03-25T15:00:00+05:30,692.95,692.95,690.0,690.3,7665,0
2026-03-25T15:15:00+05:30,690.1,690.7,685.1,690.7,7742,0
2026-03-27T09:15:00+05:30,684.95,686.0,673.65,681.7,10341,0
2026-03-27T09:30:00+05:30,680.65,680.95,676.0,676.4,5289,0
2026-03-27T09:45:00+05:30,676.95,676.95,671.15,672.95,4775,0
2026-03-27T10:00:00+05:30,672.05,672.1,667.0,668.0,5655,0
2026-03-27T10:15:00+05:30,667.35,672.7,666.1,671.8,6304,0
2026-03-27T10:30:00+05:30,671.65,678.5,669.8,677.25,15569,0
2026-03-27T10:45:00+05:30,678.1,680.0,673.05,678.0,14879,0
2026-03-27T11:00:00+05:30,678.0,681.15,674.8,679.75,21990,0
2026-03-27T11:15:00+05:30,679.6,684.0,679.6,680.9,2686,0
2026-03-27T11:30:00+05:30,681.8,690.15,681.8,690.0,16301,0
2026-03-27T11:45:00+05:30,689.85,691.4,687.1,687.95,1012,0
2026-03-27T12:00:00+05:30,687.75,688.95,685.65,688.5,5621,0
2026-03-27T12:15:00+05:30,688.0,688.9,685.05,687.7,5006,0
2026-03-27T12:30:00+05:30,687.7,687.9,685.8,687.6,1872,0
2026-03-27T12:45:00+05:30,686.45,687.75,686.1,687.75,2675,0
2026-03-27T13:00:00+05:30,687.75,688.4,686.8,688.3,1976,0
2026-03-27T13:15:00+05:30,688.5,689.3,683.5,683.5,2020,0
2026-03-27T13:30:00+05:30,683.5,684.0,681.3,682.25,2075,0
2026-03-27T13:45:00+05:30,682.45,682.5,680.0,680.6,1424,0
2026-03-27T14:00:00+05:30,680.25,681.2,680.0,680.1,1279,0
2026-03-27T14:15:00+05:30,680.1,680.2,675.1,679.45,3345,0
2026-03-27T14:30:00+05:30,679.65,681.5,678.6,678.6,4301,0
2026-03-27T14:45:00+05:30,678.7,701.2,675.0,693.0,36008,0
2026-03-27T15:00:00+05:30,691.65,692.2,685.6,685.6,7811,0
2026-03-27T15:15:00+05:30,685.3,688.0,672.0,685.0,24875,0
2026-03-30T09:15:00+05:30,669.4,679.5,657.25,672.55,34903,0
2026-03-30T09:30:00+05:30,671.55,675.45,663.5,674.4,14835,0
2026-03-30T09:45:00+05:30,674.35,677.2,670.0,671.4,4472,0
2026-03-30T10:00:00+05:30,672.3,682.75,671.05,676.7,9001,0
2026-03-30T10:15:00+05:30,676.75,677.2,667.4,668.15,14343,0
2026-03-30T10:30:00+05:30,667.9,669.3,665.0,666.15,1217,0
2026-03-30T10:45:00+05:30,666.05,668.2,664.85,666.45,3176,0
2026-03-30T11:00:00+05:30,665.0,669.4,664.1,666.9,3458,0
2026-03-30T11:15:00+05:30,666.9,668.75,663.8,665.35,2158,0
2026-03-30T11:30:00+05:30,665.3,668.85,659.6,663.0,11012,0
2026-03-30T11:45:00+05:30,662.95,663.05,655.05,656.0,7201,0
2026-03-30T12:00:00+05:30,656.0,661.4,653.4,657.5,76907,0
2026-03-30T12:15:00+05:30,657.5,657.5,650.1,651.8,15366,0
2026-03-30T12:30:00+05:30,651.05,653.9,650.0,651.7,6539,0
2026-03-30T12:45:00+05:30,651.75,652.65,648.25,649.6,4023,0
2026-03-30T13:00:00+05:30,649.6,651.95,648.3,648.95,2192,0
2026-03-30T13:15:00+05:30,648.95,650.3,647.05,649.0,2738,0
2026-03-30T13:30:00+05:30,649.0,650.05,645.15,649.05,9671,0
2026-03-30T13:45:00+05:30,648.55,650.9,647.55,648.15,4264,0
2026-03-30T14:00:00+05:30,648.2,650.65,647.05,648.9,3237,0
2026-03-30T14:15:00+05:30,648.05,649.4,646.55,648.0,16584,0
2026-03-30T14:30:00+05:30,648.0,657.6,647.4,656.9,10508,0
2026-03-30T14:45:00+05:30,657.0,657.0,655.05,656.05,5973,0
2026-03-30T15:00:00+05:30,656.1,657.9,654.1,656.45,8907,0
2026-03-30T15:15:00+05:30,656.4,661.05,647.5,650.65,19236,0
2026-04-01T09:15:00+05:30,677.2,684.15,662.6,682.35,12792,0
2026-04-01T09:30:00+05:30,682.55,683.5,670.8,675.85,5245,0
2026-04-01T09:45:00+05:30,675.85,684.3,675.85,683.25,2545,0
2026-04-01T10:00:00+05:30,683.0,683.0,678.8,681.5,3263,0
2026-04-01T10:15:00+05:30,681.9,686.0,673.65,673.65,7015,0
2026-04-01T10:30:00+05:30,673.65,680.0,673.65,679.0,1688,0
2026-04-01T10:45:00+05:30,679.0,679.95,674.8,675.1,369,0
2026-04-01T11:00:00+05:30,675.75,678.35,673.15,674.6,2068,0
2026-04-01T11:15:00+05:30,674.85,680.25,674.7,677.45,2430,0
2026-04-01T11:30:00+05:30,678.15,685.0,677.25,685.0,3890,0
2026-04-01T11:45:00+05:30,685.0,685.0,678.75,682.35,5101,0
2026-04-01T12:00:00+05:30,682.2,684.5,682.2,683.4,830,0
2026-04-01T12:15:00+05:30,683.7,684.05,681.55,683.5,807,0
2026-04-01T12:30:00+05:30,683.5,685.0,682.85,684.7,1656,0
2026-04-01T12:45:00+05:30,684.1,690.45,684.1,689.15,6366,0
2026-04-01T13:00:00+05:30,689.2,695.0,688.1,691.5,3368,0
2026-04-01T13:15:00+05:30,692.05,692.05,687.1,689.65,1335,0
2026-04-01T13:30:00+05:30,688.9,689.85,682.8,684.55,4176,0
2026-04-01T13:45:00+05:30,685.15,689.1,685.15,687.1,1905,0
2026-04-01T14:00:00+05:30,685.75,687.95,685.7,687.05,369,0
2026-04-01T14:15:00+05:30,687.05,687.05,681.0,684.5,3006,0
2026-04-01T14:30:00+05:30,684.65,684.75,678.05,678.15,2175,0
2026-04-01T14:45:00+05:30,678.25,680.3,677.7,679.35,1245,0
2026-04-01T15:00:00+05:30,678.2,680.65,676.9,678.35,6325,0
2026-04-01T15:15:00+05:30,678.1,689.95,678.1,689.95,5222,0
2026-04-02T09:15:00+05:30,670.0,673.0,659.45,666.15,6304,0
2026-04-02T09:30:00+05:30,666.2,668.25,665.55,668.25,1894,0
2026-04-02T09:45:00+05:30,668.25,668.25,662.0,663.05,1875,0
2026-04-02T10:00:00+05:30,663.05,663.1,661.0,663.1,1422,0
2026-04-02T10:15:00+05:30,662.8,662.95,660.0,662.15,797,0
2026-04-02T10:30:00+05:30,662.15,664.0,661.5,663.15,559,0
2026-04-02T10:45:00+05:30,663.15,664.9,662.1,664.55,617,0
2026-04-02T11:00:00+05:30,664.55,664.65,663.05,664.65,668,0
2026-04-02T11:15:00+05:30,664.65,667.65,664.65,666.65,260,0
2026-04-02T11:30:00+05:30,667.65,668.1,667.0,668.05,680,0
2026-04-02T11:45:00+05:30,668.05,676.75,668.0,675.65,1947,0
2026-04-02T12:00:00+05:30,675.65,677.1,673.65,676.95,1740,0
2026-04-02T12:15:00+05:30,677.85,679.75,675.05,678.75,3672,0
2026-04-02T12:30:00+05:30,678.75,681.85,678.25,681.85,1304,0
2026-04-02T12:45:00+05:30,681.95,683.0,680.95,683.0,751,0
2026-04-02T13:00:00+05:30,683.5,683.95,682.5,683.55,626,0
2026-04-02T13:15:00+05:30,683.55,690.0,683.55,688.85,3524,0
2026-04-02T13:30:00+05:30,690.35,692.5,688.75,692.05,1274,0
2026-04-02T13:45:00+05:30,692.05,695.25,690.75,691.65,2545,0
2026-04-02T14:00:00+05:30,692.1,692.6,690.75,692.25,773,0
2026-04-02T14:15:00+05:30,692.25,694.5,690.3,693.45,2682,0
2026-04-02T14:30:00+05:30,693.45,698.85,690.05,690.05,3490,0
2026-04-02T14:45:00+05:30,689.0,691.15,675.05,691.0,14340,0
2026-04-02T15:00:00+05:30,691.9,698.0,690.2,695.85,4326,0
2026-04-02T15:15:00+05:30,695.25,698.0,690.9,693.0,9780,0
2026-04-06T09:15:00+05:30,704.8,704.8,682.7,682.7,4124,0
2026-04-06T09:30:00+05:30,683.85,692.15,682.0,691.8,3343,0
2026-04-06T09:45:00+05:30,691.8,695.35,679.55,688.05,9382,0
2026-04-06T10:00:00+05:30,688.35,703.15,687.95,703.0,14503,0
2026-04-06T10:15:00+05:30,702.6,712.0,702.6,712.0,9229,0
2026-04-06T10:30:00+05:30,710.6,712.1,708.0,711.8,1209,0
2026-04-06T10:45:00+05:30,712.65,716.3,711.6,716.0,3179,0
2026-04-06T11:00:00+05:30,715.85,719.35,707.0,709.5,5745,0
2026-04-06T11:15:00+05:30,710.7,714.75,710.0,714.75,1195,0
2026-04-06T11:30:00+05:30,714.1,717.95,712.35,714.7,1811,0
2026-04-06T11:45:00+05:30,715.85,719.5,714.9,717.0,1180,0
2026-04-06T12:00:00+05:30,716.7,718.15,714.0,715.75,953,0
2026-04-06T12:15:00+05:30,715.75,717.45,715.6,716.65,197,0
2026-04-06T12:30:00+05:30,717.2,717.85,712.8,713.65,1336,0
2026-04-06T12:45:00+05:30,713.65,716.6,711.5,712.8,718,0
2026-04-06T13:00:00+05:30,713.6,715.05,713.35,713.35,125,0
2026-04-06T13:15:00+05:30,713.35,715.95,713.35,714.2,279,0
2026-04-06T13:30:00+05:30,714.2,717.95,710.55,712.35,3797,0
2026-04-06T13:45:00+05:30,713.3,716.0,713.3,715.8,401,0
2026-04-06T14:00:00+05:30,715.8,716.25,713.45,715.1,285,0
2026-04-06T14:15:00+05:30,714.85,717.45,714.45,716.8,929,0
2026-04-06T14:30:00+05:30,716.8,716.9,715.25,715.95,1770,0
2026-04-06T14:45:00+05:30,715.05,717.65,713.4,715.0,1776,0
2026-04-06T15:00:00+05:30,715.0,719.4,715.0,715.65,3863,0
2026-04-06T15:15:00+05:30,715.65,718.0,710.5,717.5,4991,0
2026-04-07T09:15:00+05:30,715.4,723.45,707.05,717.4,4493,0
2026-04-07T09:30:00+05:30,717.35,718.35,710.65,711.8,4363,0
2026-04-07T09:45:00+05:30,711.8,713.65,708.55,712.9,3580,0
2026-04-07T10:00:00+05:30,711.8,715.95,711.8,713.55,421,0
2026-04-07T10:15:00+05:30,713.55,721.15,713.55,720.8,562,0
2026-04-07T10:30:00+05:30,721.5,722.55,718.85,720.75,780,0
2026-04-07T10:45:00+05:30,720.55,722.3,716.6,718.55,2798,0
2026-04-07T11:00:00+05:30,718.6,723.5,715.6,715.6,1588,0
2026-04-07T11:15:00+05:30,717.45,726.45,716.4,725.55,7734,0
2026-04-07T11:30:00+05:30,725.05,728.4,725.0,727.45,2270,0
2026-04-07T11:45:00+05:30,727.45,732.0,726.0,731.0,3841,0
2026-04-07T12:00:00+05:30,730.6,730.6,728.6,730.15,3218,0
2026-04-07T12:15:00+05:30,729.85,730.05,727.1,729.75,926,0
2026-04-07T12:30:00+05:30,729.8,731.0,728.0,730.0,1462,0
2026-04-07T12:45:00+05:30,730.25,731.5,726.65,726.65,1146,0
2026-04-07T13:00:00+05:30,726.65,727.55,725.0,727.0,4438,0
2026-04-07T13:15:00+05:30,729.85,734.0,729.3,733.05,6328,0
2026-04-07T13:30:00+05:30,733.05,734.0,732.9,733.05,253,0
2026-04-07T13:45:00+05:30,733.05,734.35,732.15,732.15,47,0
2026-04-07T14:00:00+05:30,732.15,732.15,725.0,727.35,4821,0
2026-04-07T14:15:00+05:30,727.95,728.85,727.05,727.5,1511,0
2026-04-07T14:30:00+05:30,727.9,729.25,726.8,729.25,212,0
2026-04-07T14:45:00+05:30,729.15,730.0,728.3,729.25,1414,0
2026-04-07T15:00:00+05:30,728.9,728.9,725.3,726.95,1744,0
2026-04-07T15:15:00+05:30,727.65,728.0,725.0,728.0,3959,0
2026-04-08T09:15:00+05:30,766.75,766.75,740.6,745.0,20077,0
2026-04-08T09:30:00+05:30,746.55,760.0,745.0,758.3,6885,0
2026-04-08T09:45:00+05:30,760.0,766.05,760.0,765.45,6077,0
2026-04-08T10:00:00+05:30,761.1,762.55,760.0,761.0,2183,0
2026-04-08T10:15:00+05:30,760.65,767.4,760.65,767.4,6188,0
2026-04-08T10:30:00+05:30,767.95,770.0,766.0,768.95,1253,0
2026-04-08T10:45:00+05:30,768.95,779.0,768.45,776.65,5741,0
2026-04-08T11:00:00+05:30,776.65,780.25,776.65,779.1,3226,0
2026-04-08T11:15:00+05:30,779.35,783.75,776.35,778.9,3058,0
2026-04-08T11:30:00+05:30,779.85,780.6,778.25,779.25,4048,0
2026-04-08T11:45:00+05:30,779.75,782.65,777.5,779.15,2411,0
2026-04-08T12:00:00+05:30,778.95,783.0,778.95,780.5,2570,0
2026-04-08T12:15:00+05:30,781.1,785.35,781.1,783.4,3164,0
2026-04-08T12:30:00+05:30,783.5,784.0,782.6,783.1,1685,0
2026-04-08T12:45:00+05:30,783.1,784.65,782.0,783.75,1831,0
2026-04-08T13:00:00+05:30,783.75,783.8,782.7,783.4,1571,0
2026-04-08T13:15:00+05:30,783.35,783.4,780.0,780.05,3304,0
2026-04-08T13:30:00+05:30,779.6,781.85,778.1,778.85,4140,0
2026-04-08T13:45:00+05:30,778.5,782.0,778.3,780.35,1941,0
2026-04-08T14:00:00+05:30,779.9,779.9,776.2,776.45,1383,0
2026-04-08T14:15:00+05:30,776.55,777.35,773.35,776.9,2027,0
2026-04-08T14:30:00+05:30,776.95,777.0,775.45,776.25,1870,0
2026-04-08T14:45:00+05:30,776.25,776.3,773.15,774.5,2578,0
2026-04-08T15:00:00+05:30,774.5,776.4,770.1,771.65,3926,0
2026-04-08T15:15:00+05:30,772.65,774.9,769.05,770.0,6826,0
2026-04-09T09:15:00+05:30,773.85,775.25,765.0,771.65,6705,0
2026-04-09T09:30:00+05:30,771.1,771.1,761.5,763.8,5040,0
2026-04-09T09:45:00+05:30,764.2,768.0,759.45,766.15,6480,0
2026-04-09T10:00:00+05:30,766.2,776.3,766.15,775.0,7662,0
2026-04-09T10:15:00+05:30,775.0,778.1,775.0,778.0,985,0
2026-04-09T10:30:00+05:30,778.55,780.75,778.55,779.2,736,0
2026-04-09T10:45:00+05:30,779.3,781.65,779.3,781.25,180,0
2026-04-09T11:00:00+05:30,781.0,783.95,781.0,783.95,1381,0
2026-04-09T11:15:00+05:30,783.95,784.0,781.6,784.0,274,0
2026-04-09T11:30:00+05:30,784.0,784.95,783.0,784.5,765,0
2026-04-09T11:45:00+05:30,784.5,785.6,782.5,782.8,1831,0
2026-04-09T12:00:00+05:30,782.8,784.15,779.05,779.05,2330,0
2026-04-09T12:15:00+05:30,779.4,779.4,775.55,776.4,585,0
2026-04-09T12:30:00+05:30,776.7,776.7,773.75,775.45,1358,0
2026-04-09T12:45:00+05:30,775.5,775.5,773.0,775.25,1897,0
2026-04-09T13:00:00+05:30,775.25,775.25,773.45,774.8,596,0
2026-04-09T13:15:00+05:30,774.8,774.8,771.0,771.0,10002,0
2026-04-09T13:30:00+05:30,771.0,771.0,761.5,762.1,2208,0
2026-04-09T13:45:00+05:30,762.15,764.1,761.05,763.05,3204,0
2026-04-09T14:00:00+05:30,763.05,764.1,760.75,763.75,2440,0
2026-04-09T14:15:00+05:30,763.75,763.95,762.0,763.0,1688,0
2026-04-09T14:30:00+05:30,763.0,763.3,761.5,761.55,3543,0
2026-04-09T14:45:00+05:30,761.75,766.45,761.2,764.35,3224,0
2026-04-09T15:00:00+05:30,764.25,766.05,761.6,762.5,5798,0
2026-04-09T15:15:00+05:30,762.15,765.0,760.0,765.0,5242,0
2026-04-10T09:15:00+05:30,760.3,778.6,760.3,778.6,1853,0
2026-04-10T09:30:00+05:30,778.6,783.25,777.25,782.5,4736,0
2026-04-10T09:45:00+05:30,782.45,786.25,782.3,783.8,2975,0
2026-04-10T10:00:00+05:30,782.95,783.75,779.0,783.5,4372,0
2026-04-10T10:15:00+05:30,783.45,784.6,782.85,782.85,510,0
2026-04-10T10:30:00+05:30,783.55,783.55,782.0,782.0,349,0
2026-04-10T10:45:00+05:30,782.0,782.95,777.4,782.95,1566,0
2026-04-10T11:00:00+05:30,782.95,783.4,782.2,783.4,348,0
2026-04-10T11:15:00+05:30,783.4,784.0,783.1,783.85,58,0
2026-04-10T11:30:00+05:30,783.85,783.9,781.8,781.8,608,0
2026-04-10T11:45:00+05:30,781.55,783.75,779.6,783.25,761,0
2026-04-10T12:00:00+05:30,782.8,784.85,782.1,783.35,831,0
2026-04-10T12:15:00+05:30,783.35,784.3,782.05,783.5,1330,0
2026-04-10T12:30:00+05:30,783.8,784.25,783.8,784.25,170,0
2026-04-10T12:45:00+05:30,784.25,784.6,782.95,783.4,728,0
2026-04-10T13:00:00+05:30,783.4,787.5,783.2,787.5,1793,0
2026-04-10T13:15:00+05:30,787.5,788.0,786.2,787.8,947,0
2026-04-10T13:30:00+05:30,787.8,787.8,786.05,786.5,1099,0
2026-04-10T13:45:00+05:30,786.5,787.9,786.3,787.5,731,0
2026-04-10T14:00:00+05:30,787.5,787.5,785.6,786.85,1363,0
2026-04-10T14:15:00+05:30,786.35,786.4,782.0,783.15,3753,0
2026-04-10T14:30:00+05:30,783.15,783.25,781.45,781.5,919,0
2026-04-10T14:45:00+05:30,781.5,782.85,780.0,782.45,1619,0
2026-04-10T15:00:00+05:30,782.0,783.85,781.7,782.8,1163,0
2026-04-10T15:15:00+05:30,782.75,784.8,780.0,782.5,2379,0
2026-04-13T09:15:00+05:30,775.0,785.4,753.6,785.05,30036,0
2026-04-13T09:30:00+05:30,783.35,793.1,779.6,786.9,26489,0
2026-04-13T09:45:00+05:30,786.2,786.2,781.2,782.6,1001,0
2026-04-13T10:00:00+05:30,782.55,785.9,780.9,783.0,566,0
2026-04-13T10:15:00+05:30,782.9,786.0,781.5,786.0,568,0
2026-04-13T10:30:00+05:30,785.65,786.8,784.5,784.9,365,0
2026-04-13T10:45:00+05:30,785.6,790.0,785.6,788.7,1881,0
2026-04-13T11:00:00+05:30,788.7,789.25,786.8,786.8,270,0
2026-04-13T11:15:00+05:30,786.8,787.9,785.9,786.7,940,0
2026-04-13T11:30:00+05:30,786.7,786.7,782.0,783.3,615,0
2026-04-13T11:45:00+05:30,783.3,783.3,781.1,782.9,686,0
2026-04-13T12:00:00+05:30,782.15,782.6,780.4,780.4,2025,0
2026-04-13T12:15:00+05:30,780.4,781.95,780.15,781.95,667,0
2026-04-13T12:30:00+05:30,781.95,784.1,781.5,781.5,1100,0
2026-04-13T12:45:00+05:30,781.45,783.35,779.4,783.35,994,0
2026-04-13T13:00:00+05:30,783.35,783.9,780.65,783.9,698,0
2026-04-13T13:15:00+05:30,784.85,785.45,784.0,784.05,220,0
2026-04-13T13:30:00+05:30,784.05,787.35,784.05,787.0,499,0
2026-04-13T13:45:00+05:30,787.0,791.0,786.1,791.0,1603,0
2026-04-13T14:00:00+05:30,791.35,791.35,785.65,786.8,797,0
2026-04-13T14:15:00+05:30,787.35,788.4,786.4,786.4,476,0
2026-04-13T14:30:00+05:30,786.4,787.2,785.6,786.0,528,0
2026-04-13T14:45:00+05:30,786.5,789.4,786.5,789.4,2442,0
2026-04-13T15:00:00+05:30,788.55,788.55,784.25,785.75,4583,0
2026-04-13T15:15:00+05:30,785.4,787.95,781.6,781.6,4647,0
2026-04-15T09:15:00+05:30,805.0,808.65,794.4,794.4,12629,0
2026-04-15T09:30:00+05:30,795.65,807.85,794.15,806.3,7547,0
2026-04-15T09:45:00+05:30,807.2,809.45,803.8,804.8,1866,0
2026-04-15T10:00:00+05:30,804.8,804.8,801.2,802.95,3406,0
2026-04-15T10:15:00+05:30,802.95,804.8,801.0,803.45,2163,0
2026-04-15T10:30:00+05:30,803.15,813.5,801.9,811.4,4410,0
2026-04-15T10:45:00+05:30,812.45,813.1,808.6,813.0,4293,0
2026-04-15T11:00:00+05:30,812.65,813.5,811.7,812.8,1770,0
2026-04-15T11:15:00+05:30,813.15,813.35,811.6,811.7,3512,0
2026-04-15T11:30:00+05:30,811.7,813.75,811.7,812.75,1209,0
2026-04-15T11:45:00+05:30,813.2,814.75,812.25,812.65,854,0
2026-04-15T12:00:00+05:30,812.6,817.0,812.6,816.0,2423,0
2026-04-15T12:15:00+05:30,816.0,820.8,816.0,820.65,1321,0
2026-04-15T12:30:00+05:30,820.65,821.25,819.85,821.0,2565,0
2026-04-15T12:45:00+05:30,821.25,822.0,820.0,821.75,1986,0
2026-04-15T13:00:00+05:30,821.75,822.6,820.9,820.9,1026,0
2026-04-15T13:15:00+05:30,821.05,825.0,820.05,822.8,3050,0
2026-04-15T13:30:00+05:30,822.85,825.5,820.8,824.45,2174,0
2026-04-15T13:45:00+05:30,824.45,831.4,823.1,823.1,3690,0
2026-04-15T14:00:00+05:30,824.1,824.15,820.3,820.65,1487,0
2026-04-15T14:15:00+05:30,820.65,820.9,817.25,817.3,1124,0
2026-04-15T14:30:00+05:30,817.5,818.15,816.0,816.0,762,0
2026-04-15T14:45:00+05:30,816.0,816.75,814.6,815.05,859,0
2026-04-15T15:00:00+05:30,815.05,819.0,813.3,817.35,2926,0
2026-04-15T15:15:00+05:30,817.7,826.0,813.2,826.0,5963,0
2026-04-16T09:15:00+05:30,826.95,831.75,819.5,827.25,8673,0
2026-04-16T09:30:00+05:30,826.45,827.0,822.05,822.7,1638,0
2026-04-16T09:45:00+05:30,821.6,828.85,818.65,827.1,11410,0
2026-04-16T10:00:00+05:30,827.0,833.0,826.4,833.0,3017,0
2026-04-16T10:15:00+05:30,831.6,834.6,831.0,834.1,4650,0
2026-04-16T10:30:00+05:30,834.2,835.7,833.3,833.3,2518,0
2026-04-16T10:45:00+05:30,833.35,834.45,828.3,828.45,2326,0
2026-04-16T11:00:00+05:30,829.3,829.5,827.0,827.0,3037,0
2026-04-16T11:15:00+05:30,827.7,828.05,823.0,827.15,14694,0
2026-04-16T11:30:00+05:30,827.15,828.1,822.2,822.2,5176,0
2026-04-16T11:45:00+05:30,822.65,822.65,817.0,817.6,2973,0
2026-04-16T12:00:00+05:30,816.75,816.75,807.0,811.7,5696,0
2026-04-16T12:15:00+05:30,811.7,813.3,810.9,812.3,572,0
2026-04-16T12:30:00+05:30,812.3,812.95,810.85,812.25,279,0
2026-04-16T12:45:00+05:30,812.25,812.3,810.4,811.6,215,0
2026-04-16T13:00:00+05:30,811.6,822.85,811.6,820.95,3920,0
2026-04-16T13:15:00+05:30,822.55,822.55,820.0,820.15,862,0
2026-04-16T13:30:00+05:30,820.85,820.95,820.0,820.65,391,0
2026-04-16T13:45:00+05:30,820.65,821.85,820.1,820.45,749,0
2026-04-16T14:00:00+05:30,820.45,823.0,820.35,822.45,795,0
2026-04-16T14:15:00+05:30,822.2,822.9,820.0,822.9,1321,0
2026-04-16T14:30:00+05:30,821.8,822.9,821.65,822.25,344,0
2026-04-16T14:45:00+05:30,822.25,828.65,822.25,827.3,1558,0
2026-04-16T15:00:00+05:30,826.8,826.8,824.05,824.9,2156,0
2026-04-16T15:15:00+05:30,824.5,834.0,820.0,823.65,6269,0
2026-04-17T09:15:00+05:30,833.0,833.0,826.5,826.5,908,0
2026-04-17T09:30:00+05:30,827.5,827.5,824.55,825.15,735,0
2026-04-17T09:45:00+05:30,824.55,839.8,824.55,833.25,7170,0
2026-04-17T10:00:00+05:30,831.35,842.5,831.35,841.15,4069,0
2026-04-17T10:15:00+05:30,841.15,841.15,835.4,836.95,873,0
2026-04-17T10:30:00+05:30,836.95,837.65,834.9,836.0,375,0
2026-04-17T10:45:00+05:30,836.0,836.0,833.1,834.0,367,0
2026-04-17T11:00:00+05:30,834.0,839.65,832.5,838.45,1650,0
2026-04-17T11:15:00+05:30,838.45,839.6,837.35,838.9,525,0
2026-04-17T11:30:00+05:30,838.9,839.85,837.5,838.35,245,0
2026-04-17T11:45:00+05:30,838.35,839.05,835.6,835.6,985,0
2026-04-17T12:00:00+05:30,835.6,839.75,835.6,837.4,749,0
2026-04-17T12:15:00+05:30,837.4,838.35,836.55,836.55,253,0
2026-04-17T12:30:00+05:30,837.45,837.65,836.55,837.65,114,0
2026-04-17T12:45:00+05:30,837.15,837.15,835.2,835.2,74,0
2026-04-17T13:00:00+05:30,835.2,836.5,834.5,834.5,166,0
2026-04-17T13:15:00+05:30,834.5,836.45,833.6,836.45,540,0
2026-04-17T13:30:00+05:30,836.45,836.9,835.35,836.8,480,0
2026-04-17T13:45:00+05:30,836.35,836.35,829.85,833.95,4780,0
2026-04-17T14:00:00+05:30,833.95,835.0,833.95,834.6,181,0
2026-04-17T14:15:00+05:30,834.25,836.4,834.25,834.8,305,0
2026-04-17T14:30:00+05:30,834.8,835.75,834.1,834.1,483,0
2026-04-17T14:45:00+05:30,834.1,834.75,832.25,832.5,381,0
2026-04-17T15:00:00+05:30,833.6,834.15,832.4,834.0,918,0
2026-04-17T15:15:00+05:30,834.1,835.95,833.0,833.0,3765,0
2026-04-20T09:15:00+05:30,829.9,833.0,820.05,832.25,5765,0
2026-04-20T09:30:00+05:30,830.7,842.5,820.1,837.75,10227,0
2026-04-20T09:45:00+05:30,837.2,840.0,835.0,835.1,3424,0
2026-04-20T10:00:00+05:30,834.2,836.9,834.1,836.2,1132,0
2026-04-20T10:15:00+05:30,836.8,838.35,836.8,837.0,1074,0
2026-04-20T10:30:00+05:30,837.75,843.35,837.1,842.1,3599,0
2026-04-20T10:45:00+05:30,841.95,841.95,837.15,837.15,343,0
2026-04-20T11:00:00+05:30,837.15,840.0,837.15,838.9,682,0
2026-04-20T11:15:00+05:30,838.9,845.0,838.9,844.15,1135,0
2026-04-20T11:30:00+05:30,843.95,844.5,840.2,841.45,2054,0
2026-04-20T11:45:00+05:30,840.5,842.35,840.35,840.8,765,0
2026-04-20T12:00:00+05:30,840.15,840.75,839.2,839.4,375,0
2026-04-20T12:15:00+05:30,840.3,842.95,838.25,841.5,734,0
2026-04-20T12:30:00+05:30,841.2,841.2,839.35,839.35,184,0
2026-04-20T12:45:00+05:30,839.95,840.05,838.8,839.7,664,0
2026-04-20T13:00:00+05:30,840.25,840.4,837.15,837.15,433,0
2026-04-20T13:15:00+05:30,837.1,837.7,833.0,833.95,1180,0
2026-04-20T13:30:00+05:30,834.55,835.35,832.15,834.2,2972,0
2026-04-20T13:45:00+05:30,833.85,834.4,833.0,833.0,442,0
2026-04-20T14:00:00+05:30,833.0,834.4,833.0,834.25,226,0
2026-04-20T14:15:00+05:30,834.1,836.45,833.4,836.45,197,0
2026-04-20T14:30:00+05:30,836.45,840.0,836.1,836.6,1860,0
2026-04-20T14:45:00+05:30,837.5,838.8,835.55,838.6,702,0
2026-04-20T15:00:00+05:30,836.75,836.75,833.0,833.85,1105,0
2026-04-20T15:15:00+05:30,833.9,834.3,832.0,833.0,5008,0
2026-04-21T09:15:00+05:30,836.0,837.55,828.85,832.45,2963,0
2026-04-21T09:30:00+05:30,832.2,850.9,832.2,850.9,10195,0
2026-04-21T09:45:00+05:30,849.8,855.15,848.0,848.65,4447,0
2026-04-21T10:00:00+05:30,848.7,850.3,847.8,847.8,2271,0
2026-04-21T10:15:00+05:30,848.25,849.95,847.3,848.65,1307,0
2026-04-21T10:30:00+05:30,848.65,848.65,847.2,848.0,1759,0
2026-04-21T10:45:00+05:30,848.0,848.15,847.15,848.0,709,0
2026-04-21T11:00:00+05:30,848.15,850.0,848.0,848.8,635,0
2026-04-21T11:15:00+05:30,848.7,860.5,848.3,859.5,8582,0
2026-04-21T11:30:00+05:30,860.75,865.75,859.95,862.0,6342,0
2026-04-21T11:45:00+05:30,863.0,863.3,861.0,863.2,1784,0
2026-04-21T12:00:00+05:30,863.2,867.8,862.1,865.0,3730,0
2026-04-21T12:15:00+05:30,865.7,866.85,864.6,865.0,9524,0
2026-04-21T12:30:00+05:30,865.0,865.9,864.4,865.0,918,0
2026-04-21T12:45:00+05:30,865.0,865.55,864.35,865.0,1811,0
2026-04-21T13:00:00+05:30,865.0,865.5,864.45,865.0,520,0
2026-04-21T13:15:00+05:30,865.0,865.9,864.5,865.0,1432,0
2026-04-21T13:30:00+05:30,865.0,867.05,862.8,867.0,1930,0
2026-04-21T13:45:00+05:30,867.0,867.35,866.25,867.0,1168,0
2026-04-21T14:00:00+05:30,867.0,867.4,866.35,866.35,3262,0
2026-04-21T14:15:00+05:30,867.0,867.5,866.05,867.0,1699,0
2026-04-21T14:30:00+05:30,867.0,867.8,866.3,867.3,1563,0
2026-04-21T14:45:00+05:30,867.1,867.55,865.25,867.0,12451,0
2026-04-21T15:00:00+05:30,867.3,867.35,866.05,867.05,4039,0
2026-04-21T15:15:00+05:30,867.0,868.0,863.9,863.9,9526,0
2026-04-22T09:15:00+05:30,866.95,866.95,861.05,864.0,1821,0
2026-04-22T09:30:00+05:30,863.45,869.0,861.7,866.75,1282,0
2026-04-22T09:45:00+05:30,866.3,871.75,861.35,869.0,5046,0
2026-04-22T10:00:00+05:30,869.0,873.0,861.6,871.45,4202,0
2026-04-22T10:15:00+05:30,872.3,879.1,870.5,878.15,3842,0
2026-04-22T10:30:00+05:30,878.0,880.55,878.0,879.95,1382,0
2026-04-22T10:45:00+05:30,879.95,880.55,877.8,879.75,1415,0
2026-04-22T11:00:00+05:30,879.75,884.7,878.0,882.75,3723,0
2026-04-22T11:15:00+05:30,882.6,883.65,881.35,882.7,842,0
2026-04-22T11:30:00+05:30,881.65,882.65,881.05,881.95,491,0
2026-04-22T11:45:00+05:30,881.95,882.4,881.0,881.05,2432,0
2026-04-22T12:00:00+05:30,881.05,883.75,880.8,883.25,784,0
2026-04-22T12:15:00+05:30,883.25,886.85,882.6,886.85,1702,0
2026-04-22T12:30:00+05:30,887.05,887.15,884.3,885.35,2098,0
2026-04-22T12:45:00+05:30,885.2,890.35,885.0,889.1,5451,0
2026-04-22T13:00:00+05:30,887.85,889.15,887.4,888.1,1581,0
2026-04-22T13:15:00+05:30,888.15,890.95,888.05,888.25,765,0
2026-04-22T13:30:00+05:30,888.25,889.85,888.05,889.4,413,0
2026-04-22T13:45:00+05:30,889.05,891.15,888.7,890.7,1516,0
2026-04-22T14:00:00+05:30,890.75,892.75,889.65,892.4,2534,0
2026-04-22T14:15:00+05:30,892.4,892.4,886.1,886.2,3046,0
2026-04-22T14:30:00+05:30,886.15,887.1,885.4,886.3,349,0
2026-04-22T14:45:00+05:30,886.3,891.15,885.05,890.0,4534,0
2026-04-22T15:00:00+05:30,890.0,892.75,889.85,891.0,7869,0
2026-04-22T15:15:00+05:30,891.0,893.8,887.65,893.8,5494,0
2026-04-23T09:15:00+05:30,882.0,887.6,879.2,881.15,3470,0
2026-04-23T09:30:00+05:30,880.3,880.3,875.75,877.5,2692,0
2026-04-23T09:45:00+05:30,877.5,880.95,877.0,877.1,3651,0
2026-04-23T10:00:00+05:30,877.1,894.95,876.0,890.1,10891,0
2026-04-23T10:15:00+05:30,890.15,892.1,890.0,891.3,1356,0
2026-04-23T10:30:00+05:30,890.6,890.6,888.1,890.0,2945,0
2026-04-23T10:45:00+05:30,890.0,890.6,888.55,890.6,3550,0
2026-04-23T11:00:00+05:30,890.6,890.6,889.25,890.0,2556,0
2026-04-23T11:15:00+05:30,890.0,890.0,889.25,890.0,349,0
2026-04-23T11:30:00+05:30,890.0,890.05,888.95,890.0,463,0
2026-04-23T11:45:00+05:30,890.0,890.05,889.2,890.0,651,0
2026-04-23T12:00:00+05:30,890.0,891.45,887.6,890.45,1687,0
2026-04-23T12:15:00+05:30,890.3,890.35,881.7,886.2,4371,0
2026-04-23T12:30:00+05:30,886.2,886.8,883.95,884.65,555,0
2026-04-23T12:45:00+05:30,883.9,884.6,883.05,883.15,634,0
2026-04-23T13:00:00+05:30,883.15,888.0,882.4,886.35,1475,0
2026-04-23T13:15:00+05:30,886.35,886.35,881.1,881.35,799,0
2026-04-23T13:30:00+05:30,882.0,882.05,876.05,877.1,509,0
2026-04-23T13:45:00+05:30,877.1,877.3,876.0,876.65,714,0
2026-04-23T14:00:00+05:30,876.65,886.15,875.6,884.75,8590,0
2026-04-23T14:15:00+05:30,885.8,886.05,885.0,886.05,687,0
2026-04-23T14:30:00+05:30,885.25,886.05,884.45,885.45,939,0
2026-04-23T14:45:00+05:30,885.45,888.25,884.6,885.35,2436,0
2026-04-23T15:00:00+05:30,885.0,889.45,885.0,886.15,4234,0
2026-04-23T15:15:00+05:30,886.15,889.3,882.0,886.0,4577,0
2026-04-24T09:15:00+05:30,895.0,895.0,868.15,868.8,14932,0
2026-04-24T09:30:00+05:30,868.8,869.7,863.0,865.45,2775,0
2026-04-24T09:45:00+05:30,865.55,865.55,861.0,862.75,1158,0
2026-04-24T10:00:00+05:30,864.35,872.1,864.3,870.0,1394,0
2026-04-24T10:15:00+05:30,869.15,877.85,864.6,874.05,5760,0
2026-04-24T10:30:00+05:30,874.05,875.75,872.0,875.0,1724,0
2026-04-24T10:45:00+05:30,875.0,880.0,873.25,875.65,2664,0
2026-04-24T11:00:00+05:30,875.75,881.25,875.75,878.6,1576,0
2026-04-24T11:15:00+05:30,878.6,881.8,877.6,880.55,1448,0
2026-04-24T11:30:00+05:30,879.75,883.55,879.1,880.45,1152,0
2026-04-24T11:45:00+05:30,879.4,885.35,875.1,876.8,2592,0
2026-04-24T12:00:00+05:30,875.55,885.6,874.8,882.35,3769,0
2026-04-24T12:15:00+05:30,883.2,889.25,878.15,887.35,5639,0
2026-04-24T12:30:00+05:30,887.4,888.75,886.15,887.0,4468,0
2026-04-24T12:45:00+05:30,887.0,888.7,887.0,887.0,1946,0
2026-04-24T13:00:00+05:30,887.05,887.95,880.0,880.0,2069,0
2026-04-24T13:15:00+05:30,879.25,882.7,878.3,882.7,2596,0
2026-04-24T13:30:00+05:30,882.8,884.4,878.2,878.2,1122,0
2026-04-24T13:45:00+05:30,878.2,881.65,878.2,881.55,296,0
2026-04-24T14:00:00+05:30,881.55,882.8,879.2,879.2,111,0
2026-04-24T14:15:00+05:30,879.2,882.0,879.2,880.2,231,0
2026-04-24T14:30:00+05:30,880.2,883.3,879.85,883.1,1588,0
2026-04-24T14:45:00+05:30,883.4,885.9,882.1,885.0,647,0
2026-04-24T15:00:00+05:30,885.0,890.0,883.3,884.65,4612,0
2026-04-24T15:15:00+05:30,887.05,887.15,872.5,875.3,5946,0
2026-04-27T09:15:00+05:30,875.45,885.15,874.8,881.2,4813,0
2026-04-27T09:30:00+05:30,882.25,882.25,874.4,877.6,2282,0
2026-04-27T09:45:00+05:30,877.6,883.6,877.6,882.45,917,0
2026-04-27T10:00:00+05:30,881.6,881.6,876.7,879.05,805,0
2026-04-27T10:15:00+05:30,879.0,881.2,879.0,879.55,155,0
2026-04-27T10:30:00+05:30,879.55,882.4,878.7,881.75,795,0
2026-04-27T10:45:00+05:30,881.75,897.4,881.7,893.5,6824,0
2026-04-27T11:00:00+05:30,893.05,893.05,889.25,890.2,2515,0
2026-04-27T11:15:00+05:30,890.2,890.65,886.95,887.0,684,0
2026-04-27T11:30:00+05:30,887.0,887.65,886.05,887.0,1684,0
2026-04-27T11:45:00+05:30,887.05,887.75,884.15,887.1,2019,0
2026-04-27T12:00:00+05:30,887.0,887.2,886.45,887.2,1005,0
2026-04-27T12:15:00+05:30,887.4,889.1,886.6,888.1,991,0
2026-04-27T12:30:00+05:30,888.1,888.45,887.2,888.35,314,0
2026-04-27T12:45:00+05:30,887.2,887.9,887.0,887.9,182,0
2026-04-27T13:00:00+05:30,887.9,889.45,887.5,888.7,314,0
2026-04-27T13:15:00+05:30,888.7,888.7,887.5,888.3,299,0
2026-04-27T13:30:00+05:30,888.05,888.25,887.6,887.9,289,0
2026-04-27T13:45:00+05:30,887.9,888.15,887.5,887.5,223,0
2026-04-27T14:00:00+05:30,887.75,889.0,887.25,888.0,1414,0
2026-04-27T14:15:00+05:30,888.0,889.0,887.0,889.0,1167,0
2026-04-27T14:30:00+05:30,887.1,887.45,887.0,887.0,69,0
2026-04-27T14:45:00+05:30,887.0,887.45,885.0,887.0,1061,0
2026-04-27T15:00:00+05:30,887.0,887.75,870.65,872.35,19428,0
2026-04-27T15:15:00+05:30,872.35,875.0,858.05,868.95,33458,0
2026-04-28T09:15:00+05:30,864.0,877.25,864.0,876.85,1335,0
2026-04-28T09:30:00+05:30,876.85,887.55,873.5,884.1,9433,0
2026-04-28T09:45:00+05:30,883.85,888.45,882.65,884.95,2679,0
2026-04-28T10:00:00+05:30,884.95,885.4,883.6,885.0,755,0
2026-04-28T10:15:00+05:30,883.85,885.15,883.3,885.15,571,0
2026-04-28T10:30:00+05:30,885.15,887.2,883.55,885.0,863,0
2026-04-28T10:45:00+05:30,885.0,885.5,884.85,885.5,157,0
2026-04-28T11:00:00+05:30,884.9,888.0,884.25,884.25,887,0
2026-04-28T11:15:00+05:30,884.25,885.85,884.0,884.0,387,0
2026-04-28T11:30:00+05:30,884.0,884.65,883.45,883.45,197,0
2026-04-28T11:45:00+05:30,883.45,884.4,883.45,884.0,183,0
2026-04-28T12:00:00+05:30,884.3,884.3,883.4,884.0,482,0
2026-04-28T12:15:00+05:30,884.0,884.45,884.0,884.0,441,0
2026-04-28T12:30:00+05:30,884.0,884.4,884.0,884.0,431,0
2026-04-28T12:45:00+05:30,884.0,884.05,882.55,884.0,498,0
2026-04-28T13:00:00+05:30,884.05,884.05,884.0,884.0,97,0
2026-04-28T13:15:00+05:30,884.0,885.4,884.0,884.0,501,0
2026-04-28T13:30:00+05:30,884.0,885.55,884.0,885.0,149,0
2026-04-28T13:45:00+05:30,885.0,885.0,882.7,884.0,1401,0
2026-04-28T14:00:00+05:30,884.0,884.95,883.35,884.0,1956,0
2026-04-28T14:15:00+05:30,884.0,885.0,883.25,884.0,2522,0
2026-04-28T14:30:00+05:30,884.0,885.3,884.0,885.3,405,0
2026-04-28T14:45:00+05:30,884.65,888.45,884.65,887.55,1440,0
2026-04-28T15:00:00+05:30,887.65,889.3,884.4,884.45,2126,0
2026-04-28T15:15:00+05:30,884.9,885.05,873.0,873.4,8859,0
2026-04-29T09:15:00+05:30,874.0,883.25,874.0,878.2,611,0
2026-04-29T09:30:00+05:30,878.25,879.9,868.7,870.1,1131,0
2026-04-29T09:45:00+05:30,869.2,869.2,865.0,865.85,2391,0
2026-04-29T10:00:00+05:30,865.2,869.0,864.6,868.1,1328,0
2026-04-29T10:15:00+05:30,868.1,872.15,866.45,867.0,4231,0
2026-04-29T10:30:00+05:30,867.25,867.4,861.1,861.95,2677,0
2026-04-29T10:45:00+05:30,862.1,872.9,860.2,870.05,6229,0
2026-04-29T11:00:00+05:30,870.05,874.0,869.4,872.85,1039,0
2026-04-29T11:15:00+05:30,872.85,873.7,872.8,873.0,93,0
2026-04-29T11:30:00+05:30,873.0,883.4,873.0,878.95,9142,0
2026-04-29T11:45:00+05:30,878.95,880.4,875.65,875.75,544,0
2026-04-29T12:00:00+05:30,875.75,876.0,873.6,873.6,624,0
2026-04-29T12:15:00+05:30,873.6,882.4,873.6,878.8,7831,0
2026-04-29T12:30:00+05:30,878.8,878.8,877.25,878.5,110,0
2026-04-29T12:45:00+05:30,878.5,878.5,877.0,877.3,221,0
2026-04-29T13:00:00+05:30,877.3,877.95,876.8,877.9,132,0
2026-04-29T13:15:00+05:30,877.9,877.9,872.85,872.85,1390,0
2026-04-29T13:30:00+05:30,872.85,875.05,871.55,871.55,290,0
2026-04-29T13:45:00+05:30,871.55,873.15,871.55,873.15,62,0
2026-04-29T14:00:00+05:30,873.15,884.0,872.25,879.65,14048,0
2026-04-29T14:15:00+05:30,880.25,885.55,880.25,883.9,2078,0
2026-04-29T14:30:00+05:30,883.95,889.0,883.85,889.0,2180,0
2026-04-29T14:45:00+05:30,887.9,887.9,885.05,885.9,1650,0
2026-04-29T15:00:00+05:30,885.9,897.4,885.9,892.75,7246,0
2026-04-29T15:15:00+05:30,893.25,896.95,890.0,895.0,5803,0
2026-04-30T09:15:00+05:30,888.1,888.1,871.35,876.45,2377,0
2026-04-30T09:30:00+05:30,877.25,894.6,874.1,891.1,2576,0
2026-04-30T09:45:00+05:30,891.1,892.05,888.6,890.3,1924,0
2026-04-30T10:00:00+05:30,889.8,890.2,889.05,890.0,1535,0
2026-04-30T10:15:00+05:30,890.0,890.05,888.75,889.2,422,0
2026-04-30T10:30:00+05:30,889.85,890.35,889.15,889.75,494,0
2026-04-30T10:45:00+05:30,889.75,890.1,888.25,890.05,967,0
2026-04-30T11:00:00+05:30,889.5,890.85,888.65,890.85,2501,0
2026-04-30T11:15:00+05:30,890.85,890.85,889.2,889.9,1082,0
2026-04-30T11:30:00+05:30,890.05,890.7,889.25,890.7,201,0
2026-04-30T11:45:00+05:30,890.0,890.6,889.25,889.25,282,0
2026-04-30T12:00:00+05:30,889.25,890.1,889.25,890.1,725,0
2026-04-30T12:15:00+05:30,890.1,890.1,889.65,890.0,175,0
2026-04-30T12:30:00+05:30,890.0,890.0,890.0,890.0,264,0
2026-04-30T12:45:00+05:30,890.0,891.0,890.0,891.0,379,0
2026-04-30T13:00:00+05:30,890.0,892.0,889.4,889.4,497,0
2026-04-30T13:15:00+05:30,889.4,892.35,889.25,891.0,497,0
2026-04-30T13:30:00+05:30,891.0,891.0,889.5,889.5,263,0
2026-04-30T13:45:00+05:30,890.05,891.5,889.65,890.15,912,0
2026-04-30T14:00:00+05:30,890.15,890.15,889.3,889.55,108,0
2026-04-30T14:15:00+05:30,889.65,890.1,889.3,889.6,1395,0
2026-04-30T14:30:00+05:30,890.1,890.5,889.55,890.0,549,0
2026-04-30T14:45:00+05:30,890.0,892.7,890.0,892.7,489,0
2026-04-30T15:00:00+05:30,892.0,892.65,890.0,891.8,2020,0
2026-04-30T15:15:00+05:30,891.55,894.0,885.1,894.0,2005,0
2026-05-04T09:15:00+05:30,890.0,892.0,885.0,891.35,1139,0
2026-05-04T09:30:00+05:30,891.3,905.0,891.3,900.0,4064,0
2026-05-04T09:45:00+05:30,900.0,900.05,897.7,900.0,1360,0
2026-05-04T10:00:00+05:30,900.0,900.15,897.15,900.05,4385,0
2026-05-04T10:15:00+05:30,900.05,900.05,897.05,900.05,1037,0
2026-05-04T10:30:00+05:30,899.4,900.2,898.25,900.0,1069,0
2026-05-04T10:45:00+05:30,899.9,900.05,898.45,898.95,685,0
2026-05-04T11:00:00+05:30,900.0,902.05,898.9,902.0,2758,0
2026-05-04T11:15:00+05:30,902.0,902.85,897.6,898.95,1175,0
2026-05-04T11:30:00+05:30,899.05,900.1,898.55,900.0,1378,0
2026-05-04T11:45:00+05:30,899.3,900.85,898.3,900.6,911,0
2026-05-04T12:00:00+05:30,900.6,900.6,898.5,900.0,1400,0
2026-05-04T12:15:00+05:30,900.0,901.4,898.4,899.5,14180,0
2026-05-04T12:30:00+05:30,899.45,901.2,899.45,900.0,506,0
2026-05-04T12:45:00+05:30,900.0,900.35,898.65,900.05,431,0
2026-05-04T13:00:00+05:30,899.5,900.1,898.6,900.0,1072,0
2026-05-04T13:15:00+05:30,899.4,901.5,890.0,890.0,2201,0
2026-05-04T13:30:00+05:30,888.4,889.05,886.5,889.0,467,0
2026-05-04T13:45:00+05:30,889.0,890.3,882.7,883.2,974,0
2026-05-04T14:00:00+05:30,884.05,884.05,881.55,882.8,577,0
2026-05-04T14:15:00+05:30,882.7,883.5,881.2,882.85,487,0
2026-05-04T14:30:00+05:30,882.85,882.85,869.8,874.0,6527,0
2026-05-04T14:45:00+05:30,874.0,874.5,871.2,874.45,943,0
2026-05-04T15:00:00+05:30,873.3,875.2,872.0,874.9,2819,0
2026-05-04T15:15:00+05:30,874.0,888.0,872.15,877.0,4716,0
2026-05-05T09:15:00+05:30,871.0,892.4,871.0,890.25,4862,0
2026-05-05T09:30:00+05:30,892.0,901.85,891.5,894.5,4433,0
2026-05-05T09:45:00+05:30,894.5,895.4,890.0,892.0,8488,0
2026-05-05T10:00:00+05:30,894.45,894.5,892.1,892.25,529,0
2026-05-05T10:15:00+05:30,892.25,893.1,890.0,890.0,13506,0
2026-05-05T10:30:00+05:30,890.0,891.05,885.7,885.7,4531,0
2026-05-05T10:45:00+05:30,885.7,886.95,885.7,886.3,274,0
2026-05-05T11:00:00+05:30,886.3,887.15,885.65,885.65,170,0
2026-05-05T11:15:00+05:30,885.65,886.75,884.0,885.05,334,0
2026-05-05T11:30:00+05:30,885.05,885.05,883.0,883.0,118,0
2026-05-05T11:45:00+05:30,883.7,887.25,883.7,885.05,706,0
2026-05-05T12:00:00+05:30,885.05,886.0,883.1,884.5,124,0
2026-05-05T12:15:00+05:30,884.5,885.4,884.5,884.7,119,0
2026-05-05T12:30:00+05:30,884.7,885.6,883.55,885.25,284,0
2026-05-05T12:45:00+05:30,885.25,885.3,883.3,884.0,175,0
2026-05-05T13:00:00+05:30,884.0,886.75,883.1,886.75,726,0
2026-05-05T13:15:00+05:30,885.55,885.65,883.7,883.7,91,0
2026-05-05T13:30:00+05:30,884.65,887.05,881.1,881.1,340,0
2026-05-05T13:45:00+05:30,881.1,881.65,880.0,880.0,372,0
2026-05-05T14:00:00+05:30,879.25,879.65,876.6,877.2,1182,0
2026-05-05T14:15:00+05:30,877.2,877.75,875.65,875.7,4829,0
2026-05-05T14:30:00+05:30,875.7,877.0,875.65,877.0,1063,0
2026-05-05T14:45:00+05:30,877.0,877.0,875.15,876.6,461,0
2026-05-05T15:00:00+05:30,876.5,879.9,875.7,877.1,1944,0
2026-05-05T15:15:00+05:30,876.15,879.95,876.05,878.0,1329,0
2026-05-06T09:15:00+05:30,878.0,887.0,877.05,878.75,4735,0
2026-05-06T09:30:00+05:30,878.75,881.85,877.0,878.95,1029,0
2026-05-06T09:45:00+05:30,878.95,881.55,878.9,881.05,522,0
2026-05-06T10:00:00+05:30,880.0,880.0,878.85,879.3,370,0
2026-05-06T10:15:00+05:30,879.3,879.95,877.55,877.55,273,0
2026-05-06T10:30:00+05:30,878.7,879.0,873.6,876.45,3100,0
2026-05-06T10:45:00+05:30,876.45,878.85,874.0,878.5,1197,0
2026-05-06T11:00:00+05:30,878.5,878.5,875.6,877.25,179,0
2026-05-06T11:15:00+05:30,876.3,879.2,876.0,877.55,547,0
2026-05-06T11:30:00+05:30,876.25,879.55,876.0,878.25,75,0
2026-05-06T11:45:00+05:30,878.25,879.8,878.25,878.4,38,0
2026-05-06T12:00:00+05:30,878.45,878.45,876.15,876.25,158,0
2026-05-06T12:15:00+05:30,876.25,878.15,873.75,873.75,792,0
2026-05-06T12:30:00+05:30,873.75,877.2,873.75,873.85,711,0
2026-05-06T12:45:00+05:30,873.85,876.95,873.0,874.45,1040,0
2026-05-06T13:00:00+05:30,874.45,876.85,874.05,874.15,794,0
2026-05-06T13:15:00+05:30,874.15,891.85,874.15,890.3,6427,0
2026-05-06T13:30:00+05:30,889.05,891.85,884.7,890.5,3368,0
2026-05-06T13:45:00+05:30,890.65,891.55,890.0,891.55,2602,0
2026-05-06T14:00:00+05:30,891.55,892.0,890.0,892.0,1670,0
2026-05-06T14:15:00+05:30,892.0,892.85,879.05,879.05,6946,0
2026-05-06T14:30:00+05:30,879.2,879.2,860.8,865.0,33866,0
2026-05-06T14:45:00+05:30,865.8,867.95,850.1,852.15,33795,0
2026-05-06T15:00:00+05:30,853.0,854.4,850.0,852.55,9125,0
2026-05-06T15:15:00+05:30,852.25,858.3,850.0,851.5,14231,0
2026-05-07T09:15:00+05:30,851.5,860.4,832.6,838.4,18673,0
2026-05-07T09:30:00+05:30,838.4,851.45,837.5,849.8,4313,0
2026-05-07T09:45:00+05:30,849.45,850.4,846.6,849.65,2547,0
2026-05-07T10:00:00+05:30,848.4,850.6,848.25,850.0,616,0
2026-05-07T10:15:00+05:30,850.0,851.4,849.2,849.4,569,0
2026-05-07T10:30:00+05:30,849.4,854.1,849.4,852.15,2372,0
2026-05-07T10:45:00+05:30,851.4,852.15,850.75,851.75,228,0
2026-05-07T11:00:00+05:30,851.75,853.85,851.0,851.0,359,0
2026-05-07T11:15:00+05:30,851.0,852.0,850.25,850.25,650,0
2026-05-07T11:30:00+05:30,850.35,852.4,850.15,851.6,203,0
2026-05-07T11:45:00+05:30,851.6,852.6,851.4,852.45,181,0
2026-05-07T12:00:00+05:30,852.45,852.45,850.4,851.0,414,0
2026-05-07T12:15:00+05:30,850.75,851.55,850.0,850.85,1237,0
2026-05-07T12:30:00+05:30,850.85,851.5,850.15,850.15,529,0
2026-05-07T12:45:00+05:30,850.15,851.35,850.0,850.05,221,0
2026-05-07T13:00:00+05:30,850.05,850.05,848.0,848.4,461,0
2026-05-07T13:15:00+05:30,848.4,851.4,848.0,850.4,2985,0
2026-05-07T13:30:00+05:30,850.4,852.8,850.3,852.3,550,0
2026-05-07T13:45:00+05:30,851.45,853.05,850.45,852.25,299,0
2026-05-07T14:00:00+05:30,853.3,853.7,850.85,852.15,409,0
2026-05-07T14:15:00+05:30,851.95,854.9,851.85,852.75,1017,0
2026-05-07T14:30:00+05:30,852.75,854.0,852.3,852.35,366,0
2026-05-07T14:45:00+05:30,852.35,853.5,852.3,852.85,337,0
2026-05-07T15:00:00+05:30,853.5,853.5,852.05,853.0,780,0
2026-05-07T15:15:00+05:30,853.0,855.85,848.0,848.1,4931,0
2026-05-08T09:15:00+05:30,847.0,860.0,841.05,856.3,11677,0
2026-05-08T09:30:00+05:30,856.3,856.3,848.8,850.5,751,0
2026-05-08T09:45:00+05:30,849.55,854.2,848.0,852.2,398,0
2026-05-08T10:00:00+05:30,852.2,853.1,850.7,850.7,229,0
2026-05-08T10:15:00+05:30,851.65,852.9,850.3,852.75,327,0
2026-05-08T10:30:00+05:30,852.2,853.7,851.45,853.7,263,0
2026-05-08T10:45:00+05:30,853.0,853.9,851.45,851.45,143,0
2026-05-08T11:00:00+05:30,851.45,852.1,849.1,849.1,273,0
2026-05-08T11:15:00+05:30,849.1,849.25,848.5,848.5,259,0
2026-05-08T11:30:00+05:30,848.65,852.45,848.65,852.45,366,0
2026-05-08T11:45:00+05:30,852.45,853.0,849.85,849.85,118,0
2026-05-08T12:00:00+05:30,851.45,852.6,850.85,851.2,365,0
2026-05-08T12:15:00+05:30,852.55,852.6,849.6,850.15,864,0
2026-05-08T12:30:00+05:30,851.0,851.0,849.5,849.5,41,0
2026-05-08T12:45:00+05:30,849.5,849.65,847.15,848.45,143,0
2026-05-08T13:00:00+05:30,848.75,848.9,847.1,847.1,91,0
2026-05-08T13:15:00+05:30,847.1,849.6,847.1,848.4,193,0
2026-05-08T13:30:00+05:30,848.15,849.4,847.05,847.1,444,0
2026-05-08T13:45:00+05:30,847.1,849.3,844.05,844.5,804,0
2026-05-08T14:00:00+05:30,845.5,846.6,843.75,846.6,422,0
2026-05-08T14:15:00+05:30,846.05,847.95,843.45,843.45,813,0
2026-05-08T14:30:00+05:30,843.45,846.55,843.2,845.35,696,0
2026-05-08T14:45:00+05:30,845.35,851.95,845.35,849.0,1306,0
2026-05-08T15:00:00+05:30,849.0,853.1,844.5,846.35,3465,0
2026-05-08T15:15:00+05:30,846.0,848.65,844.0,845.4,2890,0
2026-05-11T09:15:00+05:30,847.65,853.5,826.5,827.55,5600,0
2026-05-11T09:30:00+05:30,828.55,833.0,825.0,826.3,5072,0
2026-05-11T09:45:00+05:30,826.15,829.6,823.2,824.95,4034,0
2026-05-11T10:00:00+05:30,824.1,829.3,823.7,828.05,1015,0
2026-05-11T10:15:00+05:30,827.2,828.85,826.9,828.7,662,0
2026-05-11T10:30:00+05:30,828.85,828.85,826.0,826.75,685,0
2026-05-11T10:45:00+05:30,826.6,827.45,823.3,825.8,2917,0
2026-05-11T11:00:00+05:30,825.8,827.45,824.55,825.25,710,0
2026-05-11T11:15:00+05:30,825.25,827.1,825.2,827.0,551,0
2026-05-11T11:30:00+05:30,828.2,831.1,827.65,830.9,421,0
2026-05-11T11:45:00+05:30,830.9,830.9,829.1,829.6,73,0
2026-05-11T12:00:00+05:30,829.6,832.35,828.5,831.35,335,0
2026-05-11T12:15:00+05:30,831.35,831.4,829.65,829.65,283,0
2026-05-11T12:30:00+05:30,828.45,830.45,826.85,828.85,609,0
2026-05-11T12:45:00+05:30,828.85,830.35,828.7,829.75,105,0
2026-05-11T13:00:00+05:30,829.05,829.5,827.2,829.4,540,0
2026-05-11T13:15:00+05:30,827.75,830.95,827.75,828.0,655,0
2026-05-11T13:30:00+05:30,827.7,831.05,827.15,830.55,1213,0
2026-05-11T13:45:00+05:30,830.45,832.7,830.45,830.5,576,0
2026-05-11T14:00:00+05:30,830.5,830.8,827.55,827.55,549,0
2026-05-11T14:15:00+05:30,828.7,828.7,827.0,827.6,36,0
2026-05-11T14:30:00+05:30,827.0,829.05,826.65,827.7,258,0
2026-05-11T14:45:00+05:30,827.7,828.5,825.6,825.6,874,0
2026-05-11T15:00:00+05:30,826.6,827.55,822.15,825.0,3011,0
2026-05-11T15:15:00+05:30,825.05,826.05,820.0,823.0,3302,0
2026-05-12T09:15:00+05:30,824.0,830.0,812.1,813.0,1754,0
2026-05-12T09:30:00+05:30,812.0,816.9,805.5,813.9,3445,0
2026-05-12T09:45:00+05:30,815.65,816.4,808.65,808.7,1057,0
2026-05-12T10:00:00+05:30,808.0,809.15,806.6,808.75,147,0
2026-05-12T10:15:00+05:30,809.85,812.8,805.75,807.1,5184,0
2026-05-12T10:30:00+05:30,807.1,808.95,804.65,807.0,596,0
2026-05-12T10:45:00+05:30,807.0,807.45,804.1,805.75,1111,0
2026-05-12T11:00:00+05:30,805.5,808.0,803.05,803.2,1882,0
2026-05-12T11:15:00+05:30,803.2,808.0,802.05,805.75,1494,0
2026-05-12T11:30:00+05:30,807.15,807.6,803.15,806.25,319,0
2026-05-12T11:45:00+05:30,806.25,806.3,802.0,804.85,395,0
2026-05-12T12:00:00+05:30,805.8,805.8,802.1,803.7,446,0
2026-05-12T12:15:00+05:30,803.7,804.5,802.5,802.5,97,0
2026-05-12T12:30:00+05:30,802.0,802.55,800.0,802.45,3460,0
2026-05-12T12:45:00+05:30,802.45,804.05,802.45,803.5,86,0
2026-05-12T13:00:00+05:30,804.75,805.0,801.8,804.0,2858,0
2026-05-12T13:15:00+05:30,804.4,805.75,801.95,802.8,386,0
2026-05-12T13:30:00+05:30,803.4,805.95,802.0,803.0,1058,0
2026-05-12T13:45:00+05:30,803.0,808.0,802.15,808.0,2324,0
2026-05-12T14:00:00+05:30,806.25,812.8,805.1,810.25,2172,0
2026-05-12T14:15:00+05:30,810.0,812.8,810.0,812.75,394,0
2026-05-12T14:30:00+05:30,812.75,812.75,810.05,811.5,1583,0
2026-05-12T14:45:00+05:30,811.5,812.8,810.8,812.0,1028,0
2026-05-12T15:00:00+05:30,811.3,812.8,810.8,812.35,1376,0
2026-05-12T15:15:00+05:30,812.4,812.7,802.9,810.5,4119,0
2026-05-13T09:15:00+05:30,800.15,813.45,800.15,803.9,5661,0
2026-05-13T09:30:00+05:30,803.9,806.75,799.45,801.35,15858,0
2026-05-13T09:45:00+05:30,802.0,808.4,800.85,806.3,579,0
2026-05-13T10:00:00+05:30,806.3,807.7,806.0,806.0,195,0
2026-05-13T10:15:00+05:30,806.05,812.9,806.05,812.1,812,0
2026-05-13T10:30:00+05:30,811.95,811.95,809.6,810.75,290,0
2026-05-13T10:45:00+05:30,810.75,810.75,807.95,810.0,1404,0
2026-05-13T11:00:00+05:30,810.0,811.0,806.85,810.0,3375,0
2026-05-13T11:15:00+05:30,810.0,811.2,810.0,810.65,515,0
2026-05-13T11:30:00+05:30,810.65,812.4,810.55,811.8,853,0
2026-05-13T11:45:00+05:30,812.0,813.8,811.3,811.3,364,0
2026-05-13T12:00:00+05:30,811.3,814.0,811.2,814.0,343,0
2026-05-13T12:15:00+05:30,812.2,813.4,810.05,811.2,505,0
2026-05-13T12:30:00+05:30,811.2,811.55,810.1,810.1,462,0
2026-05-13T12:45:00+05:30,810.1,812.05,810.1,812.05,83,0
2026-05-13T13:00:00+05:30,812.85,813.4,812.0,812.0,224,0
2026-05-13T13:15:00+05:30,812.0,813.25,812.0,812.3,225,0
2026-05-13T13:30:00+05:30,813.25,813.4,812.3,812.5,45,0
2026-05-13T13:45:00+05:30,812.5,813.1,810.0,810.15,1670,0
2026-05-13T14:00:00+05:30,810.95,813.1,810.0,812.0,299,0
2026-05-13T14:15:00+05:30,812.0,812.0,810.0,810.45,1230,0
2026-05-13T14:30:00+05:30,810.75,814.5,810.05,810.15,1148,0
2026-05-13T14:45:00+05:30,810.0,811.85,810.0,810.55,163,0
2026-05-13T15:00:00+05:30,810.55,812.9,810.0,810.2,890,0
2026-05-13T15:15:00+05:30,810.8,811.7,810.0,810.0,5848,0
2026-05-14T09:15:00+05:30,807.3,819.5,807.3,815.05,5742,0
2026-05-14T09:30:00+05:30,817.4,818.45,804.4,804.55,2314,0
2026-05-14T09:45:00+05:30,804.6,808.85,797.9,798.75,745,0
2026-05-14T10:00:00+05:30,799.4,803.5,799.25,802.9,986,0
2026-05-14T10:15:00+05:30,802.6,808.35,802.05,806.5,573,0
2026-05-14T10:30:00+05:30,806.5,806.5,804.55,804.75,494,0
2026-05-14T10:45:00+05:30,804.75,805.15,803.6,805.0,846,0
2026-05-14T11:00:00+05:30,805.05,805.05,803.25,803.85,1451,0
2026-05-14T11:15:00+05:30,805.05,806.05,804.3,805.1,644,0
2026-05-14T11:30:00+05:30,805.1,805.65,804.6,805.6,667,0
2026-05-14T11:45:00+05:30,805.6,807.0,804.55,805.85,716,0
2026-05-14T12:00:00+05:30,805.85,805.85,801.95,805.45,931,0
2026-05-14T12:15:00+05:30,805.45,811.05,804.55,807.65,1412,0
2026-05-14T12:30:00+05:30,807.65,807.95,804.0,804.0,581,0
2026-05-14T12:45:00+05:30,804.0,805.2,803.95,805.0,84,0
2026-05-14T13:00:00+05:30,805.0,805.0,800.8,804.0,2188,0
2026-05-14T13:15:00+05:30,804.0,806.0,802.0,806.0,837,0
2026-05-14T13:30:00+05:30,806.0,806.7,802.9,802.9,622,0
2026-05-14T13:45:00+05:30,804.95,805.85,802.0,804.95,390,0
2026-05-14T14:00:00+05:30,805.0,805.75,804.95,805.75,46,0
2026-05-14T14:15:00+05:30,805.35,805.75,804.65,805.6,40,0
2026-05-14T14:30:00+05:30,804.95,805.55,804.95,804.95,250,0
2026-05-14T14:45:00+05:30,804.95,805.15,804.55,805.15,2686,0
2026-05-14T15:00:00+05:30,805.35,806.35,804.1,804.95,651,0
2026-05-14T15:15:00+05:30,804.95,805.7,800.0,805.0,3984,0
2026-05-15T09:15:00+05:30,801.95,812.35,801.55,802.75,1932,0
2026-05-15T09:30:00+05:30,802.65,808.15,801.3,807.6,776,0
2026-05-15T09:45:00+05:30,808.9,811.2,807.4,809.6,783,0
2026-05-15T10:00:00+05:30,809.6,810.15,806.9,807.1,610,0
2026-05-15T10:15:00+05:30,807.1,809.15,805.7,807.25,553,0
2026-05-15T10:30:00+05:30,807.15,808.0,807.05,807.55,106,0
2026-05-15T10:45:00+05:30,807.55,809.45,807.2,809.45,31,0
2026-05-15T11:00:00+05:30,809.45,809.45,805.95,806.4,313,0
2026-05-15T11:15:00+05:30,806.4,807.2,806.25,807.2,4,0
2026-05-15T11:30:00+05:30,807.2,807.6,804.1,806.05,481,0
2026-05-15T11:45:00+05:30,805.35,806.25,805.35,805.35,46,0
2026-05-15T12:00:00+05:30,805.35,806.15,805.35,806.15,53,0
2026-05-15T12:15:00+05:30,806.15,806.15,803.0,804.7,288,0
2026-05-15T12:30:00+05:30,803.45,806.1,803.45,806.1,165,0
2026-05-15T12:45:00+05:30,806.15,807.15,803.8,803.8,46,0
2026-05-15T13:00:00+05:30,803.8,805.4,803.8,805.4,7,0
2026-05-15T13:15:00+05:30,804.65,805.65,803.45,803.45,88,0
2026-05-15T13:30:00+05:30,803.15,804.65,803.15,804.25,88,0
2026-05-15T13:45:00+05:30,804.35,804.4,803.25,803.3,175,0
2026-05-15T14:00:00+05:30,803.3,804.85,801.0,803.0,2055,0
2026-05-15T14:15:00+05:30,803.05,803.25,800.8,800.8,204,0
2026-05-15T14:30:00+05:30,800.8,802.9,800.0,802.05,2499,0
2026-05-15T14:45:00+05:30,802.1,802.85,796.95,796.95,637,0
2026-05-15T15:00:00+05:30,795.2,799.35,790.0,791.45,1725,0
2026-05-15T15:15:00+05:30,793.0,804.8,788.1,790.1,1956,0
2026-05-18T09:15:00+05:30,794.3,794.3,777.9,777.9,5884,0
2026-05-18T09:30:00+05:30,777.25,779.85,771.55,774.7,6165,0
2026-05-18T09:45:00+05:30,775.75,775.75,770.55,772.4,550,0
2026-05-18T10:00:00+05:30,772.4,774.85,768.65,770.45,1565,0
2026-05-18T10:15:00+05:30,770.05,774.4,767.0,767.0,2087,0
2026-05-18T10:30:00+05:30,767.85,774.35,766.2,773.5,512,0
2026-05-18T10:45:00+05:30,772.45,774.25,769.8,773.2,586,0
2026-05-18T11:00:00+05:30,773.2,776.85,773.05,776.85,1063,0
2026-05-18T11:15:00+05:30,775.5,780.15,775.35,779.3,4410,0
2026-05-18T11:30:00+05:30,779.3,779.85,778.05,779.1,437,0
2026-05-18T11:45:00+05:30,779.1,779.2,774.55,774.55,422,0
2026-05-18T12:00:00+05:30,775.5,775.75,774.15,775.4,30,0
2026-05-18T12:15:00+05:30,775.4,781.3,774.85,774.85,515,0
2026-05-18T12:30:00+05:30,774.85,783.75,774.55,782.3,952,0
2026-05-18T12:45:00+05:30,782.3,785.95,781.15,785.95,330,0
2026-05-18T13:00:00+05:30,786.6,786.8,785.0,785.65,665,0
2026-05-18T13:15:00+05:30,785.65,789.0,783.1,787.25,1323,0
2026-05-18T13:30:00+05:30,787.25,791.9,787.25,791.2,630,0
2026-05-18T13:45:00+05:30,791.6,794.45,790.1,792.6,414,0
2026-05-18T14:00:00+05:30,792.75,792.85,790.55,792.25,160,0
2026-05-18T14:15:00+05:30,792.5,792.5,790.05,790.05,145,0
2026-05-18T14:30:00+05:30,790.35,790.75,790.0,790.75,168,0
2026-05-18T14:45:00+05:30,790.75,792.0,790.0,790.0,285,0
2026-05-18T15:00:00+05:30,790.0,795.85,790.0,790.0,1858,0
2026-05-18T15:15:00+05:30,790.25,792.5,775.9,790.0,4259,0
2026-05-19T09:15:00+05:30,789.6,798.2,789.6,794.2,522,0
2026-05-19T09:30:00+05:30,793.7,800.0,791.35,798.8,605,0
2026-05-19T09:45:00+05:30,798.8,798.8,793.4,793.5,794,0
2026-05-19T10:00:00+05:30,793.45,798.45,793.45,798.35,721,0
2026-05-19T10:15:00+05:30,798.35,798.35,796.2,796.2,300,0
2026-05-19T10:30:00+05:30,796.4,797.0,796.05,796.4,574,0
2026-05-19T10:45:00+05:30,796.4,797.75,796.05,797.75,1113,0
2026-05-19T11:00:00+05:30,798.1,800.1,797.35,799.4,525,0
2026-05-19T11:15:00+05:30,799.4,799.5,796.65,798.75,223,0
2026-05-19T11:30:00+05:30,798.75,798.75,798.0,798.55,65,0
2026-05-19T11:45:00+05:30,798.55,798.95,798.55,798.95,137,0
2026-05-19T12:00:00+05:30,798.95,798.95,798.1,798.6,667,0
2026-05-19T12:15:00+05:30,798.95,799.2,795.0,795.0,737,0
2026-05-19T12:30:00+05:30,795.0,797.35,795.0,797.35,37,0
2026-05-19T12:45:00+05:30,796.4,796.4,793.5,794.95,617,0
2026-05-19T13:00:00+05:30,794.95,795.0,793.5,794.75,153,0
2026-05-19T13:15:00+05:30,794.75,794.75,793.65,793.65,3,0
2026-05-19T13:30:00+05:30,793.65,793.65,793.35,793.35,42,0
2026-05-19T13:45:00+05:30,793.35,794.45,793.2,794.25,103,0
2026-05-19T14:00:00+05:30,794.25,794.35,793.35,793.8,139,0
2026-05-19T14:15:00+05:30,793.8,793.8,793.35,793.75,10,0
2026-05-19T14:30:00+05:30,793.75,793.75,791.9,791.9,475,0
2026-05-19T14:45:00+05:30,791.2,792.45,791.0,792.0,108,0
2026-05-19T15:00:00+05:30,792.0,792.85,790.0,791.45,1137,0
2026-05-19T15:15:00+05:30,791.4,791.45,785.0,785.0,1843,0
2026-05-20T09:15:00+05:30,780.0,789.9,774.25,781.1,4430,0
2026-05-20T09:30:00+05:30,780.45,790.05,780.2,788.15,2201,0
2026-05-20T09:45:00+05:30,787.65,788.65,785.75,788.45,391,0
2026-05-20T10:00:00+05:30,788.45,789.45,785.0,789.45,499,0
2026-05-20T10:15:00+05:30,789.0,792.3,787.05,789.45,1990,0
2026-05-20T10:30:00+05:30,789.45,791.0,789.0,789.0,1056,0
2026-05-20T10:45:00+05:30,789.0,789.0,787.05,787.85,268,0
2026-05-20T11:00:00+05:30,788.35,788.85,787.15,787.6,381,0
2026-05-20T11:15:00+05:30,787.35,789.0,787.35,789.0,238,0
2026-05-20T11:30:00+05:30,789.0,789.0,786.55,786.55,146,0
2026-05-20T11:45:00+05:30,786.55,788.65,786.55,788.65,163,0
2026-05-20T12:00:00+05:30,788.85,789.7,788.3,789.0,718,0
2026-05-20T12:15:00+05:30,789.0,791.65,788.55,790.85,407,0
2026-05-20T12:30:00+05:30,790.85,791.3,790.55,791.2,519,0
2026-05-20T12:45:00+05:30,790.65,790.65,788.05,788.05,247,0
2026-05-20T13:00:00+05:30,789.65,789.7,787.15,788.6,78,0
2026-05-20T13:15:00+05:30,788.6,788.7,784.1,784.1,2823,0
2026-05-20T13:30:00+05:30,784.1,784.4,783.5,783.5,67,0
2026-05-20T13:45:00+05:30,783.5,783.85,781.4,781.8,605,0
2026-05-20T14:00:00+05:30,781.8,782.85,780.05,781.75,270,0
2026-05-20T14:15:00+05:30,781.75,782.25,780.95,781.1,1135,0
2026-05-20T14:30:00+05:30,781.1,785.95,780.45,785.9,2018,0
2026-05-20T14:45:00+05:30,786.3,788.75,785.9,788.1,725,0
2026-05-20T15:00:00+05:30,788.3,792.0,787.3,788.05,1391,0
2026-05-20T15:15:00+05:30,788.05,792.4,786.2,792.4,2805,0
2026-05-21T09:15:00+05:30,789.4,798.9,789.4,792.35,892,0
2026-05-21T09:30:00+05:30,792.45,795.4,789.7,794.4,630,0
2026-05-21T09:45:00+05:30,794.4,796.9,794.4,794.4,262,0
2026-05-21T10:00:00+05:30,794.45,796.4,794.45,795.9,166,0
2026-05-21T10:15:00+05:30,795.9,800.8,793.65,800.8,506,0
2026-05-21T10:30:00+05:30,800.85,800.85,792.3,792.3,846,0
2026-05-21T10:45:00+05:30,793.2,793.2,792.1,792.1,301,0
2026-05-21T11:00:00+05:30,792.0,792.0,789.3,789.3,180,0
2026-05-21T11:15:00+05:30,789.3,789.3,786.75,788.45,256,0
2026-05-21T11:30:00+05:30,788.7,789.85,787.8,789.3,133,0
2026-05-21T11:45:00+05:30,790.15,795.45,788.95,792.25,1329,0
2026-05-21T12:00:00+05:30,792.25,792.25,790.05,790.05,104,0
2026-05-21T12:15:00+05:30,790.05,798.0,787.25,787.25,1940,0
2026-05-21T12:30:00+05:30,787.0,788.7,784.45,785.0,779,0
2026-05-21T12:45:00+05:30,785.0,785.3,783.9,783.9,166,0
2026-05-21T13:00:00+05:30,783.9,785.9,782.0,784.7,424,0
2026-05-21T13:15:00+05:30,785.0,785.05,784.05,784.1,66,0
2026-05-21T13:30:00+05:30,784.75,786.8,784.05,785.35,257,0
2026-05-21T13:45:00+05:30,785.75,787.35,784.3,785.95,451,0
2026-05-21T14:00:00+05:30,785.95,786.1,782.75,783.9,354,0
2026-05-21T14:15:00+05:30,783.25,784.85,783.25,784.45,53,0
2026-05-21T14:30:00+05:30,785.4,785.5,783.1,784.8,1167,0
2026-05-21T14:45:00+05:30,784.8,786.2,783.55,784.2,186,0
2026-05-21T15:00:00+05:30,784.5,786.9,782.6,783.6,757,0
2026-05-21T15:15:00+05:30,783.6,784.3,776.9,776.9,3863,0
2026-05-22T09:15:00+05:30,782.25,782.3,772.3,775.1,2660,0
2026-05-22T09:30:00+05:30,776.6,777.65,774.35,777.4,612,0
2026-05-22T09:45:00+05:30,776.1,785.4,774.1,783.85,3214,0
2026-05-22T10:00:00+05:30,783.85,790.2,782.8,789.25,1231,0
2026-05-22T10:15:00+05:30,789.7,795.0,789.0,789.8,2185,0
2026-05-22T10:30:00+05:30,788.8,793.5,788.7,792.35,560,0
2026-05-22T10:45:00+05:30,792.35,797.0,792.1,796.7,763,0
2026-05-22T11:00:00+05:30,797.8,801.0,797.8,800.1,1013,0
2026-05-22T11:15:00+05:30,800.1,802.0,799.85,802.0,543,0
2026-05-22T11:30:00+05:30,800.4,801.9,800.0,800.5,254,0
2026-05-22T11:45:00+05:30,800.5,801.3,797.5,798.0,569,0
2026-05-22T12:00:00+05:30,798.0,799.0,797.55,798.5,394,0
2026-05-22T12:15:00+05:30,798.5,803.2,798.0,801.05,1167,0
2026-05-22T12:30:00+05:30,801.05,813.4,800.1,812.55,6041,0
2026-05-22T12:45:00+05:30,812.15,814.0,811.05,811.35,997,0
2026-05-22T13:00:00+05:30,812.45,814.0,811.0,813.05,1322,0
2026-05-22T13:15:00+05:30,813.0,823.85,813.0,821.05,6529,0
2026-05-22T13:30:00+05:30,819.95,820.25,816.0,817.7,2560,0
2026-05-22T13:45:00+05:30,816.7,821.9,815.6,815.6,1332,0
2026-05-22T14:00:00+05:30,815.6,818.4,815.6,817.15,616,0
2026-05-22T14:15:00+05:30,816.95,817.7,815.6,815.65,274,0
2026-05-22T14:30:00+05:30,815.9,815.9,811.95,812.95,1007,0
2026-05-22T14:45:00+05:30,812.95,813.15,811.2,811.2,724,0
2026-05-22T15:00:00+05:30,811.2,811.25,804.1,806.55,2315,0
2026-05-22T15:15:00+05:30,808.35,809.5,800.0,803.0,2670,0
2026-05-25T09:15:00+05:30,810.0,818.3,806.35,808.25,3688,0
2026-05-25T09:30:00+05:30,807.15,810.1,806.4,807.4,1919,0
2026-05-25T09:45:00+05:30,807.4,811.35,807.0,809.8,1062,0
2026-05-25T10:00:00+05:30,809.8,810.0,808.05,808.05,190,0
2026-05-25T10:15:00+05:30,808.1,809.95,806.3,806.3,574,0
2026-05-25T10:30:00+05:30,807.2,810.8,806.35,810.65,270,0
2026-05-25T10:45:00+05:30,810.3,816.3,810.05,810.7,1482,0
2026-05-25T11:00:00+05:30,810.7,812.45,810.0,810.15,718,0
2026-05-25T11:15:00+05:30,810.1,810.1,809.65,810.0,152,0
2026-05-25T11:30:00+05:30,810.0,810.0,807.5,807.5,1104,0
2026-05-25T11:45:00+05:30,807.5,809.15,807.5,807.55,93,0
2026-05-25T12:00:00+05:30,807.55,810.0,807.5,809.4,747,0
2026-05-25T12:15:00+05:30,809.4,811.8,808.15,810.0,836,0
2026-05-25T12:30:00+05:30,810.0,810.0,807.65,808.05,367,0
2026-05-25T12:45:00+05:30,808.05,808.65,807.65,808.3,79,0
2026-05-25T13:00:00+05:30,808.2,810.7,807.65,809.05,252,0
2026-05-25T13:15:00+05:30,809.05,809.7,807.65,807.65,173,0
2026-05-25T13:30:00+05:30,808.8,810.1,808.8,809.25,56,0
2026-05-25T13:45:00+05:30,809.25,811.15,808.2,808.2,241,0
2026-05-25T14:00:00+05:30,808.35,809.6,808.2,809.0,401,0
2026-05-25T14:15:00+05:30,809.0,812.9,808.05,808.5,967,0
2026-05-25T14:30:00+05:30,808.65,812.0,807.2,811.15,1197,0
2026-05-25T14:45:00+05:30,809.75,809.8,805.0,808.0,4992,0
2026-05-25T15:00:00+05:30,807.9,808.45,804.75,806.5,1870,0
2026-05-25T15:15:00+05:30,807.7,810.7,802.6,803.0,3836,0
2026-05-26T09:15:00+05:30,801.25,813.0,801.25,812.0,1105,0
2026-05-26T09:30:00+05:30,811.1,814.95,809.6,814.45,917,0
2026-05-26T09:45:00+05:30,813.1,813.95,808.05,808.05,1389,0
2026-05-26T10:00:00+05:30,808.15,817.3,805.9,815.7,1792,0
2026-05-26T10:15:00+05:30,816.0,822.2,815.6,820.75,941,0
2026-05-26T10:30:00+05:30,820.75,821.8,818.55,818.75,287,0
2026-05-26T10:45:00+05:30,818.75,818.95,811.95,815.5,2691,0
2026-05-26T11:00:00+05:30,815.5,818.85,815.5,817.4,459,0
2026-05-26T11:15:00+05:30,818.05,824.45,817.0,818.45,1353,0
2026-05-26T11:30:00+05:30,818.45,819.95,817.65,817.65,71,0
2026-05-26T11:45:00+05:30,817.65,818.8,815.0,817.3,666,0
2026-05-26T12:00:00+05:30,817.3,817.3,815.0,816.35,97,0
2026-05-26T12:15:00+05:30,816.35,816.35,812.4,812.9,462,0
2026-05-26T12:30:00+05:30,812.9,814.0,812.1,812.6,191,0
2026-05-26T12:45:00+05:30,812.35,813.2,812.0,812.25,55,0
2026-05-26T13:00:00+05:30,812.15,814.0,812.0,812.45,144,0
2026-05-26T13:15:00+05:30,812.45,813.0,808.8,809.75,1294,0
2026-05-26T13:30:00+05:30,809.5,811.2,808.0,811.2,1639,0
2026-05-26T13:45:00+05:30,809.5,811.2,808.5,808.75,90,0
2026-05-26T14:00:00+05:30,808.75,812.75,808.0,808.0,1471,0
2026-05-26T14:15:00+05:30,807.75,807.75,806.0,807.7,550,0
2026-05-26T14:30:00+05:30,807.7,811.0,807.0,808.05,682,0
2026-05-26T14:45:00+05:30,808.05,808.05,806.55,806.95,211,0
2026-05-26T15:00:00+05:30,806.95,807.3,805.5,806.4,432,0
2026-05-26T15:15:00+05:30,806.7,811.0,805.25,811.0,1788,0
2026-05-27T09:15:00+05:30,798.0,813.35,797.0,809.05,3513,0
2026-05-27T09:30:00+05:30,808.85,813.05,806.75,813.05,775,0
2026-05-27T09:45:00+05:30,814.45,814.5,810.0,812.2,832,0
2026-05-27T10:00:00+05:30,812.2,813.85,810.85,811.8,420,0
2026-05-27T10:15:00+05:30,812.75,815.95,812.75,813.0,785,0
2026-05-27T10:30:00+05:30,813.0,817.55,813.0,817.55,1063,0
2026-05-27T10:45:00+05:30,817.7,817.9,816.25,817.0,256,0
2026-05-27T11:00:00+05:30,817.85,824.85,817.85,822.85,2455,0
2026-05-27T11:15:00+05:30,824.05,828.8,822.3,828.2,2138,0
2026-05-27T11:30:00+05:30,827.0,840.0,825.55,830.0,5842,0
2026-05-27T11:45:00+05:30,830.25,830.9,828.75,830.3,865,0
2026-05-27T12:00:00+05:30,830.15,830.85,827.4,828.15,1080,0
2026-05-27T12:15:00+05:30,828.15,828.55,826.3,826.3,1054,0
2026-05-27T12:30:00+05:30,826.3,828.45,826.3,828.45,341,0
2026-05-27T12:45:00+05:30,828.45,834.0,824.95,827.35,3513,0
2026-05-27T13:00:00+05:30,827.35,827.35,824.85,824.85,301,0
2026-05-27T13:15:00+05:30,826.1,829.2,824.8,828.0,2094,0
2026-05-27T13:30:00+05:30,828.0,832.6,827.25,827.25,1216,0
2026-05-27T13:45:00+05:30,827.65,829.05,825.95,827.05,329,0
2026-05-27T14:00:00+05:30,827.05,828.3,826.4,827.2,258,0
2026-05-27T14:15:00+05:30,827.2,828.75,826.25,826.45,816,0
2026-05-27T14:30:00+05:30,826.55,830.0,826.55,828.5,450,0
2026-05-27T14:45:00+05:30,828.2,829.95,827.5,829.85,679,0
2026-05-27T15:00:00+05:30,829.85,830.9,826.95,830.0,2644,0
2026-05-27T15:15:00+05:30,829.9,834.0,827.1,834.0,7608,0
2026-05-29T09:15:00+05:30,828.85,840.0,818.65,820.5,5238,0
2026-05-29T09:30:00+05:30,820.5,822.65,817.65,820.8,1315,0
2026-05-29T09:45:00+05:30,820.0,823.55,820.0,821.5,1066,0
2026-05-29T10:00:00+05:30,821.6,821.6,817.0,821.0,2786,0
2026-05-29T10:15:00+05:30,820.55,821.2,818.55,819.35,550,0
2026-05-29T10:30:00+05:30,819.35,819.4,818.0,818.0,354,0
2026-05-29T10:45:00+05:30,817.15,817.15,811.8,816.7,4685,0
2026-05-29T11:00:00+05:30,816.3,817.2,808.05,808.05,2364,0
2026-05-29T11:15:00+05:30,808.05,809.7,805.6,807.0,1791,0
2026-05-29T11:30:00+05:30,806.35,806.35,804.55,805.65,1038,0
2026-05-29T11:45:00+05:30,805.7,807.1,800.0,805.0,10517,0
2026-05-29T12:00:00+05:30,805.0,806.55,792.6,794.15,5123,0
2026-05-29T12:15:00+05:30,794.0,799.05,792.75,797.15,1476,0
2026-05-29T12:30:00+05:30,797.15,798.15,795.1,798.15,1136,0
2026-05-29T12:45:00+05:30,798.15,800.0,795.0,795.0,1631,0
2026-05-29T13:00:00+05:30,796.95,796.95,792.0,792.0,1681,0
2026-05-29T13:15:00+05:30,792.3,795.05,791.15,793.25,2833,0
2026-05-29T13:30:00+05:30,792.85,793.25,788.2,790.05,2992,0
2026-05-29T13:45:00+05:30,790.7,793.25,789.45,792.6,740,0
2026-05-29T14:00:00+05:30,792.5,793.45,791.5,792.65,568,0
2026-05-29T14:15:00+05:30,792.65,793.8,791.6,793.8,588,0
2026-05-29T14:30:00+05:30,793.8,796.15,792.0,796.05,1319,0
2026-05-29T14:45:00+05:30,795.9,799.0,795.0,798.2,1120,0
2026-05-29T15:00:00+05:30,798.2,800.0,783.05,786.7,17427,0
2026-05-29T15:15:00+05:30,786.65,800.0,775.0,800.0,20580,0
2026-06-01T09:15:00+05:30,750.0,766.7,739.55,753.45,39101,0
2026-06-01T09:30:00+05:30,753.2,753.2,742.3,751.45,8051,0
2026-06-01T09:45:00+05:30,752.0,755.85,748.95,752.1,8290,0
2026-06-01T10:00:00+05:30,751.7,768.0,751.7,761.95,11482,0
2026-06-01T10:15:00+05:30,762.55,766.8,761.7,766.8,2393,0
2026-06-01T10:30:00+05:30,766.8,768.7,763.15,765.8,3025,0
2026-06-01T10:45:00+05:30,767.0,769.6,765.8,768.9,1587,0
2026-06-01T11:00:00+05:30,768.0,770.85,767.05,768.75,2820,0
2026-06-01T11:15:00+05:30,768.6,768.6,761.1,761.9,1424,0
2026-06-01T11:30:00+05:30,761.1,762.05,759.15,761.45,1064,0
2026-06-01T11:45:00+05:30,761.4,761.95,758.85,758.85,1444,0
2026-06-01T12:00:00+05:30,759.05,761.6,759.05,760.85,1211,0
2026-06-01T12:15:00+05:30,760.85,760.85,759.05,759.3,3112,0
2026-06-01T12:30:00+05:30,760.0,760.15,750.3,753.85,5000,0
2026-06-01T12:45:00+05:30,755.0,760.0,755.0,755.4,2392,0
2026-06-01T13:00:00+05:30,755.4,757.5,755.0,756.25,1689,0
2026-06-01T13:15:00+05:30,757.3,760.45,755.55,760.45,1256,0
2026-06-01T13:30:00+05:30,759.65,762.25,757.05,760.2,1689,0
2026-06-01T13:45:00+05:30,760.2,762.45,758.6,760.35,956,0
2026-06-01T14:00:00+05:30,760.4,761.4,759.9,760.0,862,0
2026-06-01T14:15:00+05:30,760.15,762.25,759.35,760.85,853,0
2026-06-01T14:30:00+05:30,760.8,763.5,760.0,763.35,2049,0
2026-06-01T14:45:00+05:30,763.35,765.0,760.7,761.8,1732,0
2026-06-01T15:00:00+05:30,761.4,771.0,760.7,761.65,5900,0
2026-06-01T15:15:00+05:30,764.55,765.95,759.4,760.0,5335,0
2026-06-02T09:15:00+05:30,750.0,761.45,747.15,758.1,7703,0
2026-06-02T09:30:00+05:30,758.1,759.5,753.25,757.0,3637,0
2026-06-02T09:45:00+05:30,757.2,765.0,755.2,763.1,2454,0
2026-06-02T10:00:00+05:30,763.1,764.45,762.1,764.45,579,0
2026-06-02T10:15:00+05:30,763.2,771.2,763.2,769.5,1743,0
2026-06-02T10:30:00+05:30,769.0,771.05,767.0,769.55,4341,0
2026-06-02T10:45:00+05:30,768.7,771.5,768.3,771.5,2747,0
2026-06-02T11:00:00+05:30,771.5,782.1,769.05,782.1,4528,0
2026-06-02T11:15:00+05:30,780.0,785.3,779.7,781.7,5339,0
2026-06-02T11:30:00+05:30,781.7,781.7,775.1,777.45,2095,0
2026-06-02T11:45:00+05:30,777.45,791.0,777.3,788.45,8053,0
2026-06-02T12:00:00+05:30,788.4,788.4,782.65,783.75,1890,0
2026-06-02T12:15:00+05:30,783.75,783.75,778.15,781.4,665,0
2026-06-02T12:30:00+05:30,781.4,787.15,781.4,782.7,1370,0
2026-06-02T12:45:00+05:30,782.7,791.5,782.7,791.0,2649,0
2026-06-02T13:00:00+05:30,790.7,794.0,784.0,784.0,3633,0
2026-06-02T13:15:00+05:30,782.3,787.75,780.0,786.75,2228,0
2026-06-02T13:30:00+05:30,787.4,792.0,785.95,790.0,1786,0
2026-06-02T13:45:00+05:30,789.9,794.0,789.6,792.5,2087,0
2026-06-02T14:00:00+05:30,792.6,794.2,791.55,793.6,3267,0
2026-06-02T14:15:00+05:30,793.6,793.6,788.6,791.6,1186,0
2026-06-02T14:30:00+05:30,791.6,792.3,788.0,788.0,1635,0
2026-06-02T14:45:00+05:30,788.0,790.2,787.0,789.95,1339,0
2026-06-02T15:00:00+05:30,789.9,794.85,789.3,792.1,2021,0
2026-06-02T15:15:00+05:30,792.0,801.35,791.0,795.9,7397,0
2026-06-03T09:15:00+05:30,793.45,797.6,781.2,783.7,4600,0
2026-06-03T09:30:00+05:30,784.75,786.65,781.2,783.55,2257,0
2026-06-03T09:45:00+05:30,783.55,787.95,783.55,787.95,694,0
2026-06-03T10:00:00+05:30,787.9,790.6,784.9,786.75,1074,0
2026-06-03T10:15:00+05:30,786.75,793.45,783.05,790.9,2128,0
2026-06-03T10:30:00+05:30,790.9,791.95,785.3,789.3,511,0
2026-06-03T10:45:00+05:30,789.2,789.2,786.35,787.85,467,0
2026-06-03T11:00:00+05:30,787.85,788.3,786.65,788.1,142,0
2026-06-03T11:15:00+05:30,788.1,788.1,783.3,784.25,919,0
2026-06-03T11:30:00+05:30,784.25,787.2,783.6,784.1,1031,0
2026-06-03T11:45:00+05:30,783.65,784.6,783.0,783.0,75,0
2026-06-03T12:00:00+05:30,783.0,787.2,780.6,780.85,1592,0
2026-06-03T12:15:00+05:30,780.85,782.85,780.75,782.25,506,0
2026-06-03T12:30:00+05:30,782.3,786.8,781.75,786.75,667,0
2026-06-03T12:45:00+05:30,787.3,787.3,783.55,786.3,520,0
2026-06-03T13:00:00+05:30,786.3,786.3,781.3,781.5,738,0
2026-06-03T13:15:00+05:30,782.65,782.9,776.55,779.25,10502,0
2026-06-03T13:30:00+05:30,779.25,780.35,775.0,776.5,2227,0
2026-06-03T13:45:00+05:30,776.5,779.5,776.5,778.9,419,0
2026-06-03T14:00:00+05:30,779.35,779.65,778.35,778.35,63,0
2026-06-03T14:15:00+05:30,778.35,780.55,777.1,779.45,449,0
2026-06-03T14:30:00+05:30,780.55,781.0,777.8,778.85,577,0
2026-06-03T14:45:00+05:30,778.9,780.3,777.0,778.6,2653,0
2026-06-03T15:00:00+05:30,779.9,780.0,777.3,777.85,1041,0
2026-06-03T15:15:00+05:30,777.8,778.0,770.5,770.5,4437,0
2026-06-04T09:15:00+05:30,776.05,776.05,766.05,770.15,1775,0
2026-06-04T09:30:00+05:30,771.4,771.4,756.3,760.45,4310,0
2026-06-04T09:45:00+05:30,760.5,766.2,759.15,763.3,3096,0
2026-06-04T10:00:00+05:30,763.3,766.2,762.7,764.15,1604,0
2026-06-04T10:15:00+05:30,764.3,773.1,763.15,771.35,5951,0
2026-06-04T10:30:00+05:30,771.0,772.4,769.55,771.15,2626,0
2026-06-04T10:45:00+05:30,771.15,777.5,770.45,775.15,2525,0
2026-06-04T11:00:00+05:30,775.15,779.35,773.0,774.7,5421,0
2026-06-04T11:15:00+05:30,774.8,777.35,774.8,776.4,1175,0
2026-06-04T11:30:00+05:30,776.25,791.7,775.2,789.6,7964,0
2026-06-04T11:45:00+05:30,789.6,790.8,786.5,787.05,926,0
2026-06-04T12:00:00+05:30,786.95,790.7,786.95,790.7,1260,0
2026-06-04T12:15:00+05:30,790.7,792.0,789.0,790.3,1892,0
2026-06-04T12:30:00+05:30,790.4,790.4,789.0,789.65,477,0
2026-06-04T12:45:00+05:30,789.65,791.6,789.05,790.75,514,0
2026-06-04T13:00:00+05:30,790.55,792.45,789.7,791.0,904,0
2026-06-04T13:15:00+05:30,791.0,791.7,785.05,785.45,2818,0
2026-06-04T13:30:00+05:30,785.9,786.1,783.75,786.1,705,0
2026-06-04T13:45:00+05:30,786.1,787.0,784.5,785.15,326,0
2026-06-04T14:00:00+05:30,785.15,787.1,785.15,786.0,313,0
2026-06-04T14:15:00+05:30,786.0,787.55,786.0,787.15,794,0
2026-06-04T14:30:00+05:30,786.95,787.05,784.95,785.4,973,0
2026-06-04T14:45:00+05:30,785.85,787.7,784.25,784.55,566,0
2026-06-04T15:00:00+05:30,784.45,786.45,784.0,785.4,1714,0
2026-06-04T15:15:00+05:30,785.4,790.0,783.75,787.0,4332,0
2026-06-05T09:15:00+05:30,790.0,800.0,785.0,795.0,2849,0
2026-06-05T09:30:00+05:30,795.0,795.0,792.65,793.55,352,0
2026-06-05T09:45:00+05:30,794.0,794.0,790.1,793.0,478,0
2026-06-05T10:00:00+05:30,793.15,796.05,792.0,793.0,1373,0
2026-06-05T10:15:00+05:30,792.0,793.45,790.85,791.9,710,0
2026-06-05T10:30:00+05:30,793.1,794.0,785.15,786.35,3192,0
2026-06-05T10:45:00+05:30,785.8,789.9,785.8,788.55,712,0
2026-06-05T11:00:00+05:30,788.85,791.75,788.85,790.0,385,0
2026-06-05T11:15:00+05:30,790.5,792.25,789.9,790.15,356,0
2026-06-05T11:30:00+05:30,790.15,790.85,789.05,789.05,87,0
2026-06-05T11:45:00+05:30,789.05,790.0,786.0,786.0,1119,0
2026-06-05T12:00:00+05:30,786.0,789.2,784.0,784.0,3499,0
2026-06-05T12:15:00+05:30,784.0,786.3,784.0,786.3,308,0
2026-06-05T12:30:00+05:30,786.35,790.25,784.5,790.25,1313,0
2026-06-05T12:45:00+05:30,790.25,791.0,790.0,791.0,159,0
2026-06-05T13:00:00+05:30,791.0,791.3,789.8,790.0,863,0
2026-06-05T13:15:00+05:30,790.0,791.5,789.95,789.95,584,0
2026-06-05T13:30:00+05:30,790.0,791.5,787.15,790.0,2251,0
2026-06-05T13:45:00+05:30,790.0,790.45,788.6,789.1,647,0
2026-06-05T14:00:00+05:30,789.85,790.5,789.45,790.5,224,0
2026-06-05T14:15:00+05:30,790.5,790.95,789.95,790.6,141,0
2026-06-05T14:30:00+05:30,790.6,793.85,789.7,793.85,2031,0
2026-06-05T14:45:00+05:30,793.85,793.85,792.6,793.1,345,0
2026-06-05T15:00:00+05:30,793.0,793.85,792.6,793.05,1617,0
2026-06-05T15:15:00+05:30,793.6,795.0,791.7,793.25,1155,0
2026-06-08T09:15:00+05:30,783.95,787.2,777.0,784.1,1945,0
2026-06-08T09:30:00+05:30,785.15,785.6,780.3,781.45,305,0
2026-06-08T09:45:00+05:30,781.45,785.3,781.45,785.25,339,0
2026-06-08T10:00:00+05:30,786.6,786.85,783.05,784.4,107,0
2026-06-08T10:15:00+05:30,784.4,786.95,783.05,783.4,936,0
2026-06-08T10:30:00+05:30,783.3,787.5,783.25,786.35,488,0
2026-06-08T10:45:00+05:30,786.3,788.45,785.4,787.25,768,0
2026-06-08T11:00:00+05:30,788.5,793.95,787.25,793.9,770,0
2026-06-08T11:15:00+05:30,792.1,793.1,790.0,791.25,750,0
2026-06-08T11:30:00+05:30,791.25,792.95,790.5,792.25,138,0
2026-06-08T11:45:00+05:30,792.25,792.25,790.0,790.7,136,0
2026-06-08T12:00:00+05:30,790.7,791.75,790.0,790.0,98,0
2026-06-08T12:15:00+05:30,790.0,791.2,787.9,788.35,328,0
2026-06-08T12:30:00+05:30,787.9,787.9,787.0,787.2,40,0
2026-06-08T12:45:00+05:30,787.2,789.25,787.0,787.0,140,0
2026-06-08T13:00:00+05:30,787.0,788.65,784.0,786.45,1294,0
2026-06-08T13:15:00+05:30,786.45,786.45,783.55,784.65,1053,0
2026-06-08T13:30:00+05:30,784.65,790.0,784.5,790.0,4094,0
2026-06-08T13:45:00+05:30,790.0,790.6,788.3,788.3,199,0
2026-06-08T14:00:00+05:30,788.3,789.2,786.95,787.55,85,0
2026-06-08T14:15:00+05:30,787.65,788.35,786.45,787.5,256,0
2026-06-08T14:30:00+05:30,787.55,790.0,786.4,789.55,164,0
2026-06-08T14:45:00+05:30,789.6,791.3,786.4,790.0,403,0
2026-06-08T15:00:00+05:30,788.7,791.45,782.0,785.15,3894,0
2026-06-08T15:15:00+05:30,785.15,785.3,778.5,783.0,4719,0
2026-06-09T09:15:00+05:30,779.65,806.7,779.65,793.75,4439,0
2026-06-09T09:30:00+05:30,793.75,797.9,784.15,788.6,3624,0
2026-06-09T09:45:00+05:30,788.6,799.0,788.0,795.0,1291,0
2026-06-09T10:00:00+05:30,795.7,800.0,794.4,800.0,1100,0
2026-06-09T10:15:00+05:30,800.0,800.95,794.8,794.8,838,0
2026-06-09T10:30:00+05:30,795.7,800.45,793.6,800.0,1638,0
2026-06-09T10:45:00+05:30,798.65,799.8,796.5,798.4,343,0
2026-06-09T11:00:00+05:30,798.45,798.45,793.2,793.2,2005,0
2026-06-09T11:15:00+05:30,793.05,796.3,793.05,794.7,960,0
2026-06-09T11:30:00+05:30,793.7,794.45,790.5,794.05,1055,0
2026-06-09T11:45:00+05:30,794.2,798.0,794.1,796.5,3164,0
2026-06-09T12:00:00+05:30,796.5,796.5,793.75,793.75,669,0
2026-06-09T12:15:00+05:30,793.5,797.95,793.1,796.25,912,0
2026-06-09T12:30:00+05:30,797.25,797.35,790.55,792.2,1368,0
2026-06-09T12:45:00+05:30,792.2,792.6,790.0,790.0,279,0
2026-06-09T13:00:00+05:30,790.35,791.1,788.15,788.15,749,0
2026-06-09T13:15:00+05:30,788.6,789.8,787.5,788.0,697,0
2026-06-09T13:30:00+05:30,788.2,789.2,787.0,788.0,279,0
2026-06-09T13:45:00+05:30,788.0,790.4,786.85,789.2,248,0
2026-06-09T14:00:00+05:30,789.1,790.05,788.0,789.2,195,0
2026-06-09T14:15:00+05:30,789.2,795.7,786.55,787.6,1171,0
2026-06-09T14:30:00+05:30,787.95,794.85,787.85,792.8,574,0
2026-06-09T14:45:00+05:30,793.65,795.7,792.4,793.2,351,0
2026-06-09T15:00:00+05:30,793.65,799.9,793.65,797.6,2228,0
2026-06-09T15:15:00+05:30,798.5,799.0,793.0,798.0,2270,0
2026-06-10T09:15:00+05:30,800.0,800.0,784.85,794.3,4224,0
2026-06-10T09:30:00+05:30,795.85,800.3,794.45,797.5,2759,0
2026-06-10T09:45:00+05:30,797.5,800.0,797.5,798.0,1605,0
2026-06-10T10:00:00+05:30,798.0,800.0,795.0,795.0,2568,0
2026-06-10T10:15:00+05:30,794.75,798.5,794.65,798.5,424,0
2026-06-10T10:30:00+05:30,798.5,800.0,797.25,799.95,11237,0
2026-06-10T10:45:00+05:30,798.55,799.9,794.95,795.1,1310,0
2026-06-10T11:00:00+05:30,794.2,796.4,794.1,794.9,265,0
2026-06-10T11:15:00+05:30,794.1,794.95,792.2,793.15,523,0
2026-06-10T11:30:00+05:30,793.9,795.35,792.05,792.55,358,0
2026-06-10T11:45:00+05:30,793.4,793.9,790.95,790.95,401,0
2026-06-10T12:00:00+05:30,790.95,794.0,790.95,792.75,1326,0
2026-06-10T12:15:00+05:30,791.65,794.95,788.6,791.15,25975,0
2026-06-10T12:30:00+05:30,791.9,793.6,786.95,787.8,8135,0
2026-06-10T12:45:00+05:30,788.45,788.9,787.8,787.9,105,0
2026-06-10T13:00:00+05:30,788.6,792.9,788.6,789.65,482,0
2026-06-10T13:15:00+05:30,789.65,790.4,787.4,788.65,720,0
2026-06-10T13:30:00+05:30,788.65,792.3,788.4,790.6,727,0
2026-06-10T13:45:00+05:30,791.55,797.95,790.75,793.0,959,0
2026-06-10T14:00:00+05:30,793.0,794.2,791.45,793.05,279,0
2026-06-10T14:15:00+05:30,793.1,794.0,791.55,792.5,179,0
2026-06-10T14:30:00+05:30,792.35,797.4,791.1,795.2,718,0
2026-06-10T14:45:00+05:30,793.9,794.8,791.4,793.8,317,0
2026-06-10T15:00:00+05:30,794.85,799.75,785.6,785.6,2918,0
2026-06-10T15:15:00+05:30,791.2,797.25,778.3,778.3,7772,0
2026-06-11T09:15:00+05:30,779.9,788.5,769.55,784.45,3848,0
2026-06-11T09:30:00+05:30,784.55,786.15,779.3,785.9,909,0
2026-06-11T09:45:00+05:30,785.9,799.8,780.55,788.15,2758,0
2026-06-11T10:00:00+05:30,787.25,794.15,784.65,794.0,1565,0
2026-06-11T10:15:00+05:30,792.2,793.0,789.8,791.95,568,0
2026-06-11T10:30:00+05:30,791.0,793.05,788.0,789.1,330,0
2026-06-11T10:45:00+05:30,788.0,789.7,787.0,789.55,660,0
2026-06-11T11:00:00+05:30,789.55,789.55,787.9,788.8,82,0
2026-06-11T11:15:00+05:30,788.75,788.8,787.0,788.1,691,0
2026-06-11T11:30:00+05:30,788.1,793.9,786.9,790.55,394,0
2026-06-11T11:45:00+05:30,790.65,792.8,789.6,789.7,243,0
2026-06-11T12:00:00+05:30,789.85,790.6,786.1,786.75,441,0
2026-06-11T12:15:00+05:30,786.6,787.6,785.0,785.3,550,0
2026-06-11T12:30:00+05:30,786.05,786.05,785.05,785.3,457,0
2026-06-11T12:45:00+05:30,785.3,788.4,783.35,786.05,2959,0
2026-06-11T13:00:00+05:30,786.35,787.95,784.85,785.25,243,0
2026-06-11T13:15:00+05:30,785.25,788.4,783.6,785.95,587,0
2026-06-11T13:30:00+05:30,786.35,787.35,785.0,785.65,620,0
2026-06-11T13:45:00+05:30,785.65,788.0,784.65,787.35,522,0
2026-06-11T14:00:00+05:30,786.1,789.0,785.5,786.7,204,0
2026-06-11T14:15:00+05:30,786.95,788.95,783.2,788.4,1695,0
2026-06-11T14:30:00+05:30,787.4,788.5,785.0,785.35,487,0
2026-06-11T14:45:00+05:30,785.3,788.0,785.0,786.35,317,0
2026-06-11T15:00:00+05:30,786.8,789.0,785.35,785.35,2335,0
2026-06-11T15:15:00+05:30,785.55,788.0,782.0,782.0,2749,0
2026-06-12T09:15:00+05:30,798.0,798.0,781.55,789.8,3277,0
2026-06-12T09:30:00+05:30,789.85,794.7,787.55,791.05,776,0
2026-06-12T09:45:00+05:30,791.05,791.05,786.1,786.8,1537,0
2026-06-12T10:00:00+05:30,785.8,786.85,784.15,785.35,388,0
2026-06-12T10:15:00+05:30,785.35,786.95,783.8,786.95,656,0
2026-06-12T10:30:00+05:30,788.35,796.25,788.35,792.0,2467,0
2026-06-12T10:45:00+05:30,792.05,793.55,790.05,793.55,649,0
2026-06-12T11:00:00+05:30,793.5,795.7,789.45,795.4,2398,0
2026-06-12T11:15:00+05:30,795.3,797.55,795.0,797.55,899,0
2026-06-12T11:30:00+05:30,797.7,798.95,794.05,795.0,1136,0
2026-06-12T11:45:00+05:30,795.85,797.9,794.05,797.0,1621,0
2026-06-12T12:00:00+05:30,797.4,799.85,797.0,798.95,1408,0
2026-06-12T12:15:00+05:30,798.95,799.95,795.4,796.0,1921,0
2026-06-12T12:30:00+05:30,795.0,795.0,793.8,793.95,454,0
2026-06-12T12:45:00+05:30,793.95,793.95,791.85,792.4,357,0
2026-06-12T13:00:00+05:30,792.4,793.45,790.8,791.55,704,0
2026-06-12T13:15:00+05:30,791.55,793.25,790.9,793.25,139,0
2026-06-12T13:30:00+05:30,793.25,795.0,791.65,794.75,319,0
2026-06-12T13:45:00+05:30,794.9,800.0,794.6,794.6,1638,0
2026-06-12T14:00:00+05:30,794.6,795.4,794.6,794.6,60,0
2026-06-12T14:15:00+05:30,794.6,795.35,794.6,794.8,95,0
2026-06-12T14:30:00+05:30,794.8,796.4,793.85,796.4,1070,0
2026-06-12T14:45:00+05:30,796.4,800.0,795.65,799.5,2872,0
2026-06-12T15:00:00+05:30,799.55,799.55,796.8,798.0,10398,0
2026-06-12T15:15:00+05:30,799.0,799.5,796.8,797.0,1866,0
2026-06-15T09:15:00+05:30,807.6,823.05,807.0,816.15,6484,0
2026-06-15T09:30:00+05:30,814.85,828.3,814.85,827.8,7624,0
2026-06-15T09:45:00+05:30,826.0,831.95,825.0,826.05,3384,0
2026-06-15T10:00:00+05:30,826.05,829.5,825.1,829.35,3265,0
2026-06-15T10:15:00+05:30,827.8,831.5,826.9,827.85,4023,0
2026-06-15T10:30:00+05:30,827.75,827.75,823.75,827.3,1675,0
2026-06-15T10:45:00+05:30,827.3,828.3,822.3,824.3,1590,0
2026-06-15T11:00:00+05:30,824.35,825.9,822.0,823.3,1400,0
2026-06-15T11:15:00+05:30,823.0,824.4,821.1,822.15,821,0
2026-06-15T11:30:00+05:30,822.15,822.35,819.2,819.6,364,0
2026-06-15T11:45:00+05:30,819.25,819.95,818.6,819.05,952,0
2026-06-15T12:00:00+05:30,818.85,819.95,818.6,818.65,754,0
2026-06-15T12:15:00+05:30,818.6,819.35,814.05,815.0,2368,0
2026-06-15T12:30:00+05:30,815.0,815.0,812.2,813.8,374,0
2026-06-15T12:45:00+05:30,813.8,813.85,811.2,812.85,697,0
2026-06-15T13:00:00+05:30,812.85,816.45,812.45,814.7,1562,0
2026-06-15T13:15:00+05:30,814.65,814.9,813.05,813.45,786,0
2026-06-15T13:30:00+05:30,813.45,814.25,812.2,813.3,1302,0
2026-06-15T13:45:00+05:30,813.4,815.3,811.25,813.1,996,0
2026-06-15T14:00:00+05:30,813.25,814.25,809.7,810.0,2914,0
2026-06-15T14:15:00+05:30,810.0,816.45,808.95,811.0,2501,0
2026-06-15T14:30:00+05:30,810.75,816.45,809.4,809.55,1871,0
2026-06-15T14:45:00+05:30,809.8,810.0,808.7,809.15,482,0
2026-06-15T15:00:00+05:30,809.35,811.75,808.0,809.55,2340,0
2026-06-15T15:15:00+05:30,809.55,810.0,806.8,810.0,6006,0
2026-06-16T09:15:00+05:30,816.55,816.55,806.0,815.55,2908,0
2026-06-16T09:30:00+05:30,815.55,821.3,813.15,818.35,2401,0
2026-06-16T09:45:00+05:30,818.35,820.45,817.9,817.9,480,0
2026-06-16T10:00:00+05:30,819.05,826.7,818.0,823.15,3441,0
2026-06-16T10:15:00+05:30,823.25,824.6,820.45,823.0,514,0
2026-06-16T10:30:00+05:30,822.8,827.85,822.5,826.2,4562,0
2026-06-16T10:45:00+05:30,826.3,828.0,823.45,823.8,992,0
2026-06-16T11:00:00+05:30,823.75,825.45,820.0,820.35,1777,0
2026-06-16T11:15:00+05:30,820.2,826.5,820.05,825.75,1327,0
2026-06-16T11:30:00+05:30,825.75,828.7,825.05,827.5,758,0
2026-06-16T11:45:00+05:30,827.5,829.5,826.0,826.25,1074,0
2026-06-16T12:00:00+05:30,826.35,832.9,826.0,828.45,2333,0
2026-06-16T12:15:00+05:30,828.5,844.1,828.0,836.5,16795,0
2026-06-16T12:30:00+05:30,836.7,837.75,834.0,836.55,3630,0
2026-06-16T12:45:00+05:30,836.85,840.0,834.45,835.7,4463,0
2026-06-16T13:00:00+05:30,835.8,843.8,834.8,840.3,6785,0
2026-06-16T13:15:00+05:30,840.4,842.0,835.4,835.85,5226,0
2026-06-16T13:30:00+05:30,835.9,836.7,832.1,833.7,1417,0
2026-06-16T13:45:00+05:30,833.65,835.1,832.05,832.75,1058,0
2026-06-16T14:00:00+05:30,832.85,837.0,832.8,836.15,2632,0
2026-06-16T14:15:00+05:30,836.2,836.2,833.25,833.45,1346,0
2026-06-16T14:30:00+05:30,833.45,836.95,833.0,833.35,2151,0
2026-06-16T14:45:00+05:30,833.0,840.0,833.0,835.0,8496,0
2026-06-16T15:00:00+05:30,836.0,838.0,835.5,835.8,2255,0
2026-06-16T15:15:00+05:30,836.05,840.65,830.5,833.25,9609,0
2026-06-17T09:15:00+05:30,837.45,840.25,830.8,835.1,1253,0
2026-06-17T09:30:00+05:30,836.85,838.6,835.25,836.8,1778,0
2026-06-17T09:45:00+05:30,836.8,838.1,834.55,835.55,762,0
2026-06-17T10:00:00+05:30,834.7,835.8,830.15,833.05,1054,0
2026-06-17T10:15:00+05:30,831.55,832.95,830.55,832.2,281,0
2026-06-17T10:30:00+05:30,832.2,832.95,830.9,831.6,203,0
2026-06-17T10:45:00+05:30,831.6,832.7,831.55,832.7,87,0
2026-06-17T11:00:00+05:30,831.6,832.6,830.3,831.75,409,0
2026-06-17T11:15:00+05:30,831.75,832.95,831.55,832.8,124,0
2026-06-17T11:30:00+05:30,832.8,838.85,831.5,838.25,3905,0
2026-06-17T11:45:00+05:30,838.25,840.25,837.2,837.85,3211,0
2026-06-17T12:00:00+05:30,838.45,840.9,838.3,840.45,4534,0
2026-06-17T12:15:00+05:30,840.0,842.2,839.05,839.3,1924,0
2026-06-17T12:30:00+05:30,839.35,843.4,836.1,836.75,1525,0
2026-06-17T12:45:00+05:30,836.75,839.7,835.0,836.45,1240,0
2026-06-17T13:00:00+05:30,836.15,838.85,836.15,838.85,153,0
2026-06-17T13:15:00+05:30,839.0,840.45,837.9,838.25,325,0
2026-06-17T13:30:00+05:30,838.25,839.4,837.55,838.2,66,0
2026-06-17T13:45:00+05:30,838.3,839.0,835.8,836.65,885,0
2026-06-17T14:00:00+05:30,836.65,838.4,836.55,837.85,376,0
2026-06-17T14:15:00+05:30,837.7,843.4,836.05,837.2,2529,0
2026-06-17T14:30:00+05:30,837.2,838.5,836.65,837.6,288,0
2026-06-17T14:45:00+05:30,839.15,839.4,837.6,838.05,327,0
2026-06-17T15:00:00+05:30,838.05,844.7,838.05,842.75,2888,0
2026-06-17T15:15:00+05:30,842.75,842.75,835.0,835.0,3719,0
2026-06-18T09:15:00+05:30,844.05,844.05,833.05,833.05,2639,0
2026-06-18T09:30:00+05:30,834.1,838.35,833.05,835.55,1202,0
2026-06-18T09:45:00+05:30,836.55,839.9,836.05,837.2,927,0
2026-06-18T10:00:00+05:30,837.0,837.0,835.55,836.5,274,0
2026-06-18T10:15:00+05:30,835.6,835.6,833.8,835.05,462,0
2026-06-18T10:30:00+05:30,834.85,835.35,831.65,831.65,418,0
2026-06-18T10:45:00+05:30,832.0,837.0,831.75,835.45,2657,0
2026-06-18T11:00:00+05:30,833.9,833.9,828.05,829.85,1037,0
2026-06-18T11:15:00+05:30,829.85,830.0,825.0,829.25,1366,0
2026-06-18T11:30:00+05:30,829.25,829.35,829.1,829.3,118,0
2026-06-18T11:45:00+05:30,829.3,829.3,822.0,826.4,1105,0
2026-06-18T12:00:00+05:30,826.4,827.55,825.1,825.1,143,0
2026-06-18T12:15:00+05:30,825.1,827.55,824.25,827.5,710,0
2026-06-18T12:30:00+05:30,827.5,827.6,825.6,825.6,157,0
2026-06-18T12:45:00+05:30,825.6,826.45,825.05,825.05,254,0
2026-06-18T13:00:00+05:30,825.05,826.4,820.1,823.5,1490,0
2026-06-18T13:15:00+05:30,823.5,827.15,823.5,824.6,662,0
2026-06-18T13:30:00+05:30,824.6,824.6,823.4,824.3,156,0
2026-06-18T13:45:00+05:30,824.3,825.5,823.35,825.5,393,0
2026-06-18T14:00:00+05:30,825.5,826.15,824.1,824.7,160,0
2026-06-18T14:15:00+05:30,824.7,826.55,824.0,826.0,959,0
2026-06-18T14:30:00+05:30,826.0,827.6,824.05,824.05,431,0
2026-06-18T14:45:00+05:30,824.3,825.15,823.15,824.35,390,0
2026-06-18T15:00:00+05:30,824.3,824.95,822.4,824.15,897,0
2026-06-18T15:15:00+05:30,823.0,827.25,822.9,823.6,3239,0
2026-06-19T09:15:00+05:30,826.4,827.75,818.95,826.35,683,0
2026-06-19T09:30:00+05:30,827.15,828.45,824.15,828.35,1246,0
2026-06-19T09:45:00+05:30,828.75,834.8,828.75,833.05,4121,0
2026-06-19T10:00:00+05:30,834.6,839.95,834.0,834.45,2958,0
2026-06-19T10:15:00+05:30,834.4,840.0,833.5,837.4,2304,0
2026-06-19T10:30:00+05:30,837.4,838.8,836.2,838.8,575,0
2026-06-19T10:45:00+05:30,838.8,838.9,837.65,838.9,690,0
2026-06-19T11:00:00+05:30,837.75,837.75,833.1,836.2,2671,0
2026-06-19T11:15:00+05:30,836.2,836.2,833.7,834.2,107,0
2026-06-19T11:30:00+05:30,834.2,836.1,833.1,833.1,454,0
2026-06-19T11:45:00+05:30,833.1,838.7,832.4,837.55,1152,0
2026-06-19T12:00:00+05:30,836.9,838.0,835.85,836.45,231,0
2026-06-19T12:15:00+05:30,836.45,837.95,836.0,836.0,150,0
2026-06-19T12:30:00+05:30,836.0,837.0,832.05,833.45,1205,0
2026-06-19T12:45:00+05:30,833.45,833.45,832.1,832.1,29,0
2026-06-19T13:00:00+05:30,833.15,834.0,832.0,832.0,216,0
2026-06-19T13:15:00+05:30,832.0,832.0,829.5,830.0,390,0
2026-06-19T13:30:00+05:30,830.95,833.6,828.15,832.0,1585,0
2026-06-19T13:45:00+05:30,831.85,832.45,830.3,831.35,376,0
2026-06-19T14:00:00+05:30,831.35,831.7,830.25,831.7,67,0
2026-06-19T14:15:00+05:30,831.65,832.8,830.55,832.25,164,0
2026-06-19T14:30:00+05:30,832.25,834.95,831.55,834.95,778,0
2026-06-19T14:45:00+05:30,834.95,840.0,833.65,835.55,1804,0
2026-06-19T15:00:00+05:30,835.35,839.95,834.95,838.1,1456,0
2026-06-19T15:15:00+05:30,838.05,840.0,834.85,839.0,7198,0
2026-06-22T09:15:00+05:30,840.2,846.0,840.2,841.0,2527,0
2026-06-22T09:30:00+05:30,840.7,840.7,835.85,837.2,820,0
2026-06-22T09:45:00+05:30,837.2,840.0,836.7,837.25,578,0
2026-06-22T10:00:00+05:30,838.35,839.85,837.8,839.45,302,0
2026-06-22T10:15:00+05:30,837.8,839.9,836.7,838.25,748,0
2026-06-22T10:30:00+05:30,838.25,838.75,837.85,838.75,78,0
2026-06-22T10:45:00+05:30,838.75,838.8,836.0,836.0,547,0
2026-06-22T11:00:00+05:30,836.0,837.0,835.2,836.65,317,0
2026-06-22T11:15:00+05:30,836.65,837.45,835.0,835.5,372,0
2026-06-22T11:30:00+05:30,835.5,838.6,835.5,838.55,505,0
2026-06-22T11:45:00+05:30,838.55,838.55,835.15,835.15,481,0
2026-06-22T12:00:00+05:30,835.15,838.0,835.15,835.55,296,0
2026-06-22T12:15:00+05:30,835.55,837.85,835.55,837.4,226,0
2026-06-22T12:30:00+05:30,837.35,837.35,835.1,836.0,340,0
2026-06-22T12:45:00+05:30,836.0,837.85,836.0,837.45,49,0
2026-06-22T13:00:00+05:30,837.45,837.45,837.3,837.3,21,0
2026-06-22T13:15:00+05:30,837.3,838.55,836.85,836.85,621,0
2026-06-22T13:30:00+05:30,836.85,838.55,836.2,837.05,91,0
2026-06-22T13:45:00+05:30,837.05,838.95,836.55,837.45,299,0
2026-06-22T14:00:00+05:30,837.5,838.75,836.65,837.6,130,0
2026-06-22T14:15:00+05:30,838.85,839.9,837.5,837.5,738,0
2026-06-22T14:30:00+05:30,839.2,841.4,838.6,838.85,664,0
2026-06-22T14:45:00+05:30,838.85,840.0,837.85,839.5,238,0
2026-06-22T15:00:00+05:30,837.9,844.9,837.55,844.9,3952,0
2026-06-22T15:15:00+05:30,839.05,844.9,835.0,844.9,2911,0
2026-06-23T09:15:00+05:30,844.4,844.4,832.55,837.4,709,0
2026-06-23T09:30:00+05:30,838.25,839.45,836.55,838.6,484,0
2026-06-23T09:45:00+05:30,838.6,840.45,830.5,840.0,1951,0
2026-06-23T10:00:00+05:30,840.0,841.4,838.6,841.4,782,0
2026-06-23T10:15:00+05:30,841.4,843.5,840.2,840.65,637,0
2026-06-23T10:30:00+05:30,840.65,842.2,840.2,840.75,515,0
2026-06-23T10:45:00+05:30,840.7,841.45,839.0,840.2,714,0
2026-06-23T11:00:00+05:30,840.2,843.45,839.1,842.1,352,0
2026-06-23T11:15:00+05:30,842.15,842.65,840.0,840.35,520,0
2026-06-23T11:30:00+05:30,840.4,841.95,837.0,840.8,3076,0
2026-06-23T11:45:00+05:30,840.8,841.05,839.0,840.0,1990,0
2026-06-23T12:00:00+05:30,839.95,846.6,838.8,842.85,4776,0
2026-06-23T12:15:00+05:30,842.85,852.0,841.45,851.0,2617,0
2026-06-23T12:30:00+05:30,851.05,853.9,846.6,851.95,3745,0
2026-06-23T12:45:00+05:30,851.95,856.4,850.0,851.6,6135,0
2026-06-23T13:00:00+05:30,851.6,853.8,851.05,851.1,730,0
2026-06-23T13:15:00+05:30,851.15,852.45,851.15,851.75,783,0
2026-06-23T13:30:00+05:30,852.05,854.0,851.75,852.4,618,0
2026-06-23T13:45:00+05:30,852.2,853.0,846.3,846.5,1313,0
2026-06-23T14:00:00+05:30,846.5,849.7,846.5,849.5,152,0
2026-06-23T14:15:00+05:30,848.95,849.8,848.4,849.4,557,0
2026-06-23T14:30:00+05:30,849.5,853.9,848.4,850.05,1563,0
2026-06-23T14:45:00+05:30,849.6,851.55,848.45,850.25,631,0
2026-06-23T15:00:00+05:30,850.0,850.45,847.1,847.15,3306,0
2026-06-23T15:15:00+05:30,847.15,850.5,846.4,848.0,3751,0
2026-06-24T09:15:00+05:30,843.65,850.0,839.2,843.2,2124,0
2026-06-24T09:30:00+05:30,843.2,847.5,843.05,845.3,328,0
2026-06-24T09:45:00+05:30,845.3,848.6,844.6,847.1,685,0
2026-06-24T10:00:00+05:30,847.1,851.15,845.15,851.15,1843,0
2026-06-24T10:15:00+05:30,850.85,854.3,849.6,853.0,1043,0
2026-06-24T10:30:00+05:30,853.0,854.45,850.6,852.6,269,0
2026-06-24T10:45:00+05:30,852.6,854.15,851.15,853.0,69,0
2026-06-24T11:00:00+05:30,853.2,853.95,851.6,853.85,120,0
2026-06-24T11:15:00+05:30,852.95,855.0,852.1,853.35,947,0
2026-06-24T11:30:00+05:30,853.35,860.6,852.95,857.0,2848,0
2026-06-24T11:45:00+05:30,856.7,857.5,855.6,856.55,284,0
2026-06-24T12:00:00+05:30,856.5,857.0,855.15,856.4,213,0
2026-06-24T12:15:00+05:30,856.45,858.3,856.35,856.45,66,0
2026-06-24T12:30:00+05:30,857.0,857.0,854.25,855.4,508,0
2026-06-24T12:45:00+05:30,855.4,856.05,852.7,852.7,190,0
2026-06-24T13:00:00+05:30,852.7,856.8,852.7,855.5,715,0
2026-06-24T13:15:00+05:30,855.5,859.1,855.5,856.7,622,0
2026-06-24T13:30:00+05:30,856.9,864.35,853.6,864.35,4067,0
2026-06-24T13:45:00+05:30,863.3,874.0,863.3,867.05,5014,0
2026-06-24T14:00:00+05:30,867.05,868.95,865.1,867.75,1458,0
2026-06-24T14:15:00+05:30,867.1,867.2,864.7,865.95,573,0
2026-06-24T14:30:00+05:30,865.65,869.5,864.7,865.45,902,0
2026-06-24T14:45:00+05:30,866.7,870.0,866.0,867.7,1616,0
2026-06-24T15:00:00+05:30,866.2,878.0,864.75,872.8,5841,0
2026-06-24T15:15:00+05:30,875.35,875.35,870.0,874.0,3176,0
2026-06-25T09:15:00+05:30,877.0,877.7,867.5,867.5,1673,0
2026-06-25T09:30:00+05:30,868.8,868.8,863.8,866.9,389,0
2026-06-25T09:45:00+05:30,866.9,867.4,865.15,867.15,445,0
2026-06-25T10:00:00+05:30,865.35,866.45,864.4,864.5,299,0
2026-06-25T10:15:00+05:30,864.5,865.45,858.15,859.9,1120,0
2026-06-25T10:30:00+05:30,859.9,862.35,859.9,860.8,586,0
2026-06-25T10:45:00+05:30,860.25,860.8,855.6,858.1,996,0
2026-06-25T11:00:00+05:30,858.15,859.5,851.7,855.25,1545,0
2026-06-25T11:15:00+05:30,855.25,855.65,854.0,854.0,118,0
2026-06-25T11:30:00+05:30,854.0,854.1,851.7,853.0,320,0
2026-06-25T11:45:00+05:30,853.3,853.35,851.1,853.35,274,0
2026-06-25T12:00:00+05:30,853.35,853.45,852.0,852.0,199,0
2026-06-25T12:15:00+05:30,852.0,853.45,849.5,851.25,1255,0
2026-06-25T12:30:00+05:30,851.25,855.05,851.25,854.0,570,0
2026-06-25T12:45:00+05:30,854.15,854.85,852.75,853.45,275,0
2026-06-25T13:00:00+05:30,853.8,854.7,852.25,852.25,211,0
2026-06-25T13:15:00+05:30,852.45,853.95,852.2,853.35,324,0
2026-06-25T13:30:00+05:30,853.35,854.2,852.85,854.2,228,0
2026-06-25T13:45:00+05:30,854.2,854.2,852.3,852.5,185,0
2026-06-25T14:00:00+05:30,853.8,854.95,850.85,850.85,618,0
2026-06-25T14:15:00+05:30,852.5,852.95,850.2,851.45,327,0
2026-06-25T14:30:00+05:30,850.4,851.75,847.3,851.0,587,0
2026-06-25T14:45:00+05:30,850.5,851.95,849.1,851.5,5272,0
2026-06-25T15:00:00+05:30,851.1,851.3,846.6,848.25,1742,0
2026-06-25T15:15:00+05:30,848.1,851.65,848.0,850.9,1758,0
2026-06-29T09:15:00+05:30,857.95,867.25,849.8,853.85,2249,0
2026-06-29T09:30:00+05:30,853.2,856.1,848.0,854.65,843,0
2026-06-29T09:45:00+05:30,854.65,855.95,850.0,855.35,1052,0
2026-06-29T10:00:00+05:30,855.35,868.6,853.25,860.0,4312,0
2026-06-29T10:15:00+05:30,859.8,861.75,850.35,857.9,2146,0
2026-06-29T10:30:00+05:30,856.5,858.4,855.45,855.85,243,0
2026-06-29T10:45:00+05:30,855.85,855.85,851.15,851.15,623,0
2026-06-29T11:00:00+05:30,852.9,861.45,852.9,860.95,1969,0
2026-06-29T11:15:00+05:30,860.05,860.9,858.2,860.2,2100,0
2026-06-29T11:30:00+05:30,860.0,863.85,860.0,860.15,1147,0
2026-06-29T11:45:00+05:30,860.15,864.35,860.0,862.5,551,0
2026-06-29T12:00:00+05:30,862.45,865.0,861.0,861.55,760,0
2026-06-29T12:15:00+05:30,861.55,868.0,861.55,865.5,1657,0
2026-06-29T12:30:00+05:30,864.1,868.0,863.1,866.15,3898,0
2026-06-29T12:45:00+05:30,865.15,865.3,863.55,863.55,234,0
2026-06-29T13:00:00+05:30,865.0,866.8,863.9,865.45,489,0
2026-06-29T13:15:00+05:30,865.85,866.0,864.55,864.55,481,0
2026-06-29T13:30:00+05:30,864.55,864.55,863.65,863.8,115,0
2026-06-29T13:45:00+05:30,864.45,864.7,863.45,863.45,139,0
2026-06-29T14:00:00+05:30,863.45,864.7,861.15,863.0,620,0
2026-06-29T14:15:00+05:30,863.0,863.0,861.05,861.05,360,0
2026-06-29T14:30:00+05:30,861.05,862.85,861.0,862.85,565,0
2026-06-29T14:45:00+05:30,861.85,874.95,861.0,873.7,4362,0
2026-06-29T15:00:00+05:30,874.35,875.8,862.75,863.1,13457,0
2026-06-29T15:15:00+05:30,863.25,867.2,858.0,862.0,2681,0
2026-06-30T09:15:00+05:30,871.1,875.95,856.05,858.85,2043,0
2026-06-30T09:30:00+05:30,857.5,863.4,856.45,859.65,910,0
2026-06-30T09:45:00+05:30,859.65,859.9,858.4,858.5,154,0
2026-06-30T10:00:00+05:30,858.55,858.95,856.3,856.55,694,0
2026-06-30T10:15:00+05:30,856.55,865.0,856.55,861.55,1639,0
2026-06-30T10:30:00+05:30,861.55,861.75,859.4,860.45,177,0
2026-06-30T10:45:00+05:30,860.45,863.9,857.55,857.55,461,0
2026-06-30T11:00:00+05:30,857.55,858.0,857.55,858.0,48,0
2026-06-30T11:15:00+05:30,858.0,860.85,858.0,860.35,436,0
2026-06-30T11:30:00+05:30,860.35,861.9,856.55,861.9,502,0
2026-06-30T11:45:00+05:30,861.9,861.9,857.45,857.45,121,0
2026-06-30T12:00:00+05:30,859.5,860.0,851.05,852.1,592,0
2026-06-30T12:15:00+05:30,853.2,855.0,852.25,852.75,471,0
2026-06-30T12:30:00+05:30,852.25,853.6,851.7,852.3,105,0
2026-06-30T12:45:00+05:30,853.3,853.8,851.7,852.5,799,0
2026-06-30T13:00:00+05:30,852.5,853.4,852.5,853.4,50,0
2026-06-30T13:15:00+05:30,854.0,854.0,851.6,853.8,403,0
2026-06-30T13:30:00+05:30,854.55,855.25,852.55,853.8,176,0
2026-06-30T13:45:00+05:30,853.8,854.3,851.5,854.3,387,0
2026-06-30T14:00:00+05:30,854.3,854.95,852.05,853.4,999,0
2026-06-30T14:15:00+05:30,853.4,859.95,853.4,858.8,737,0
2026-06-30T14:30:00+05:30,858.45,858.55,857.0,857.35,246,0
2026-06-30T14:45:00+05:30,857.35,858.5,856.6,857.3,133,0
2026-06-30T15:00:00+05:30,857.6,861.0,856.25,858.2,593,0
2026-06-30T15:15:00+05:30,858.6,858.6,850.05,857.9,2168,0
2026-07-01T09:15:00+05:30,856.0,872.95,856.0,871.95,1593,0
2026-07-01T09:30:00+05:30,871.95,871.95,861.6,863.6,856,0
2026-07-01T09:45:00+05:30,863.6,863.65,858.3,860.55,592,0
2026-07-01T10:00:00+05:30,861.1,861.95,858.7,858.7,273,0
2026-07-01T10:15:00+05:30,858.7,860.75,858.7,858.95,51,0
2026-07-01T10:30:00+05:30,860.35,862.4,858.7,859.3,1141,0
2026-07-01T10:45:00+05:30,858.1,858.1,851.0,855.35,1543,0
2026-07-01T11:00:00+05:30,854.35,857.4,853.7,857.4,205,0
2026-07-01T11:15:00+05:30,857.4,860.4,855.85,857.5,833,0
2026-07-01T11:30:00+05:30,857.5,858.3,856.65,857.05,50,0
2026-07-01T11:45:00+05:30,857.05,857.05,855.4,855.5,96,0
2026-07-01T12:00:00+05:30,855.35,857.9,853.6,855.5,431,0
2026-07-01T12:15:00+05:30,855.2,856.35,852.55,852.7,248,0
2026-07-01T12:30:00+05:30,852.55,854.9,850.2,854.9,1047,0
2026-07-01T12:45:00+05:30,851.95,853.4,851.35,851.65,168,0
2026-07-01T13:00:00+05:30,851.65,852.1,849.2,849.2,535,0
2026-07-01T13:15:00+05:30,849.2,849.2,844.4,847.7,354,0
2026-07-01T13:30:00+05:30,847.7,851.6,847.1,851.6,235,0
2026-07-01T13:45:00+05:30,851.6,855.0,851.6,854.55,135,0
2026-07-01T14:00:00+05:30,854.55,854.55,851.55,853.4,85,0
2026-07-01T14:15:00+05:30,853.2,858.15,853.2,855.8,327,0
2026-07-01T14:30:00+05:30,855.8,855.8,853.05,853.4,175,0
2026-07-01T14:45:00+05:30,853.4,853.4,848.15,850.6,218,0
2026-07-01T15:00:00+05:30,850.6,850.6,840.1,842.9,10224,0
2026-07-01T15:15:00+05:30,842.5,845.0,841.05,845.0,2309,0
2026-07-02T09:15:00+05:30,844.0,851.9,841.15,850.55,1378,0
2026-07-02T09:30:00+05:30,852.2,852.95,850.65,851.85,241,0
2026-07-02T09:45:00+05:30,851.75,852.3,849.05,851.9,504,0
2026-07-02T10:00:00+05:30,851.9,853.0,851.1,852.6,433,0
2026-07-02T10:15:00+05:30,852.6,852.6,850.0,851.2,1293,0
2026-07-02T10:30:00+05:30,851.2,851.5,850.35,851.2,129,0
2026-07-02T10:45:00+05:30,851.2,851.5,850.2,851.2,177,0
2026-07-02T11:00:00+05:30,851.2,851.75,847.8,847.8,544,0
2026-07-02T11:15:00+05:30,847.25,847.25,843.2,844.5,153,0
2026-07-02T11:30:00+05:30,844.5,845.95,843.5,843.65,526,0
2026-07-02T11:45:00+05:30,843.65,844.4,843.05,844.4,96,0
2026-07-02T12:00:00+05:30,844.15,844.4,843.15,843.2,55,0
2026-07-02T12:15:00+05:30,844.2,849.05,844.2,846.9,1283,0
2026-07-02T12:30:00+05:30,845.15,845.85,843.05,845.85,433,0
2026-07-02T12:45:00+05:30,844.45,848.4,844.45,845.55,583,0
2026-07-02T13:00:00+05:30,845.55,845.55,843.2,844.25,515,0
2026-07-02T13:15:00+05:30,845.1,848.85,841.65,845.6,3475,0
2026-07-02T13:30:00+05:30,845.6,851.0,844.4,850.45,2444,0
2026-07-02T13:45:00+05:30,850.45,851.3,850.05,851.3,440,0
2026-07-02T14:00:00+05:30,851.0,852.25,850.65,852.0,260,0
2026-07-02T14:15:00+05:30,852.0,852.0,850.05,850.05,322,0
2026-07-02T14:30:00+05:30,851.0,852.85,850.0,851.05,428,0
2026-07-02T14:45:00+05:30,851.1,852.8,850.55,851.7,412,0
2026-07-02T15:00:00+05:30,852.65,859.95,852.65,858.75,1680,0
2026-07-02T15:15:00+05:30,856.2,857.8,852.3,852.3,2795,0
2026-07-03T09:15:00+05:30,859.1,859.1,848.05,852.65,680,0
2026-07-03T09:30:00+05:30,850.4,856.4,849.75,852.45,962,0
2026-07-03T09:45:00+05:30,852.65,854.1,850.55,850.55,196,0
2026-07-03T10:00:00+05:30,850.55,858.45,850.55,852.65,1233,0
2026-07-03T10:15:00+05:30,852.65,852.65,847.0,847.0,1222,0
2026-07-03T10:30:00+05:30,847.45,850.3,846.0,850.3,2873,0
2026-07-03T10:45:00+05:30,850.3,850.3,844.0,844.7,649,0
2026-07-03T11:00:00+05:30,845.75,845.85,842.6,844.95,3673,0
2026-07-03T11:15:00+05:30,843.35,855.0,843.2,844.1,5783,0
2026-07-03T11:30:00+05:30,844.1,844.4,840.55,840.55,1031,0
2026-07-03T11:45:00+05:30,840.55,841.9,837.15,837.35,1539,0
2026-07-03T12:00:00+05:30,837.35,840.1,837.35,839.9,196,0
2026-07-03T12:15:00+05:30,839.0,840.1,837.1,838.95,1213,0
2026-07-03T12:30:00+05:30,838.5,839.0,837.0,837.0,812,0
2026-07-03T12:45:00+05:30,837.0,837.0,833.15,833.8,208,0
2026-07-03T13:00:00+05:30,833.8,836.75,833.8,836.5,283,0
2026-07-03T13:15:00+05:30,836.6,838.65,833.75,834.85,694,0
2026-07-03T13:30:00+05:30,834.85,834.95,833.0,833.8,281,0
2026-07-03T13:45:00+05:30,833.8,834.95,832.8,833.35,968,0
2026-07-03T14:00:00+05:30,833.35,834.55,830.2,831.0,2407,0
2026-07-03T14:15:00+05:30,831.0,832.45,830.0,831.5,2988,0
2026-07-03T14:30:00+05:30,831.8,832.15,829.6,829.6,1868,0
2026-07-03T14:45:00+05:30,830.0,830.0,828.0,829.6,2097,0
2026-07-03T15:00:00+05:30,829.6,830.0,829.0,830.0,1680,0
2026-07-03T15:15:00+05:30,829.2,830.0,828.5,829.0,2641,0
2026-07-06T09:15:00+05:30,829.4,830.75,818.1,826.75,3820,0
2026-07-06T09:30:00+05:30,827.25,841.75,825.4,837.65,3408,0
2026-07-06T09:45:00+05:30,838.65,842.45,836.65,842.15,1596,0
2026-07-06T10:00:00+05:30,841.85,842.85,840.05,840.25,300,0
2026-07-06T10:15:00+05:30,841.5,848.4,841.5,843.4,2713,0
2026-07-06T10:30:00+05:30,844.45,851.0,842.0,851.0,3677,0
2026-07-06T10:45:00+05:30,848.85,849.9,844.6,844.6,1186,0
2026-07-06T11:00:00+05:30,846.8,854.9,845.6,851.85,553,0
2026-07-06T11:15:00+05:30,850.6,859.95,849.45,859.9,3881,0
2026-07-06T11:30:00+05:30,858.55,858.55,854.1,854.35,2461,0
2026-07-06T11:45:00+05:30,854.35,857.15,854.15,854.25,481,0
2026-07-06T12:00:00+05:30,854.3,855.95,850.0,854.45,2772,0
2026-07-06T12:15:00+05:30,854.45,855.8,853.35,855.8,848,0
2026-07-06T12:30:00+05:30,856.0,856.0,851.8,852.4,18907,0
2026-07-06T12:45:00+05:30,851.6,853.5,851.0,851.4,767,0
2026-07-06T13:00:00+05:30,851.4,853.8,851.0,853.8,1262,0
2026-07-06T13:15:00+05:30,852.9,854.95,852.05,852.85,626,0
2026-07-06T13:30:00+05:30,852.85,852.95,850.15,850.75,666,0
2026-07-06T13:45:00+05:30,850.75,852.95,850.75,851.0,171,0
2026-07-06T14:00:00+05:30,851.7,855.0,851.7,853.0,487,0
2026-07-06T14:15:00+05:30,852.5,852.6,850.6,851.8,678,0
2026-07-06T14:30:00+05:30,851.8,852.6,850.6,852.45,198,0
2026-07-06T14:45:00+05:30,852.45,852.6,850.55,852.6,530,0
2026-07-06T15:00:00+05:30,851.8,854.0,851.25,854.0,2147,0
2026-07-06T15:15:00+05:30,853.45,857.45,852.5,852.5,3548,0
2026-07-07T09:15:00+05:30,858.7,863.9,845.65,860.05,3820,0
2026-07-07T09:30:00+05:30,861.7,868.9,860.0,866.6,3814,0
2026-07-07T09:45:00+05:30,865.4,865.9,860.8,862.45,1186,0
2026-07-07T10:00:00+05:30,862.45,862.45,860.0,861.65,947,0
2026-07-07T10:15:00+05:30,860.25,870.1,856.6,861.9,6211,0
2026-07-07T10:30:00+05:30,862.7,862.9,860.35,862.2,347,0
2026-07-07T10:45:00+05:30,862.2,863.85,857.0,861.25,7609,0
2026-07-07T11:00:00+05:30,861.45,868.25,861.15,868.25,2506,0
2026-07-07T11:15:00+05:30,867.85,868.1,862.35,862.45,124,0
2026-07-07T11:30:00+05:30,862.45,865.8,862.2,865.8,323,0
2026-07-07T11:45:00+05:30,865.3,866.85,860.15,860.15,1217,0
2026-07-07T12:00:00+05:30,860.2,862.0,860.1,860.1,402,0
2026-07-07T12:15:00+05:30,860.1,862.45,860.0,861.85,451,0
2026-07-07T12:30:00+05:30,861.85,861.85,860.15,861.25,484,0
2026-07-07T12:45:00+05:30,861.25,862.0,860.35,860.35,240,0
2026-07-07T13:00:00+05:30,860.35,862.95,859.3,859.3,1321,0
2026-07-07T13:15:00+05:30,859.55,861.75,855.0,856.15,2329,0
2026-07-07T13:30:00+05:30,856.15,857.25,855.95,856.15,128,0
2026-07-07T13:45:00+05:30,856.15,856.45,855.2,855.25,166,0
2026-07-07T14:00:00+05:30,855.25,857.9,855.25,855.25,818,0
2026-07-07T14:15:00+05:30,856.85,857.25,853.05,855.4,626,0
2026-07-07T14:30:00+05:30,855.4,855.45,852.9,854.85,174,0
2026-07-07T14:45:00+05:30,854.85,854.85,850.05,850.2,917,0
2026-07-07T15:00:00+05:30,850.45,854.85,850.0,852.65,2388,0
2026-07-07T15:15:00+05:30,853.15,859.2,852.15,859.2,2628,0
2026-07-08T09:15:00+05:30,849.55,850.95,844.1,845.55,1462,0
2026-07-08T09:30:00+05:30,845.65,847.0,845.05,845.1,302,0
2026-07-08T09:45:00+05:30,845.7,845.7,842.1,842.5,387,0
2026-07-08T10:00:00+05:30,842.5,843.05,842.0,842.0,464,0
2026-07-08T10:15:00+05:30,842.05,842.25,838.0,838.0,1650,0
2026-07-08T10:30:00+05:30,835.65,838.9,835.55,838.9,1191,0
2026-07-08T10:45:00+05:30,838.9,841.4,838.8,839.7,585,0
2026-07-08T11:00:00+05:30,838.85,841.3,838.1,838.1,450,0
2026-07-08T11:15:00+05:30,838.9,841.15,838.55,840.6,195,0
2026-07-08T11:30:00+05:30,840.6,842.2,839.4,840.6,416,0
2026-07-08T11:45:00+05:30,839.45,841.65,839.15,840.65,110,0
2026-07-08T12:00:00+05:30,841.3,843.25,840.05,840.05,167,0
2026-07-08T12:15:00+05:30,840.0,840.4,839.55,839.75,122,0
2026-07-08T12:30:00+05:30,839.75,841.9,838.65,840.25,377,0
2026-07-08T12:45:00+05:30,840.35,841.7,840.35,840.75,78,0
2026-07-08T13:00:00+05:30,840.75,843.0,840.75,841.25,563,0
2026-07-08T13:15:00+05:30,841.25,841.8,838.8,839.4,458,0
2026-07-08T13:30:00+05:30,839.35,843.9,839.3,843.9,710,0
2026-07-08T13:45:00+05:30,844.4,844.75,830.2,832.8,1264,0
2026-07-08T14:00:00+05:30,833.3,833.45,822.55,824.05,3159,0
2026-07-08T14:15:00+05:30,824.35,828.75,822.35,826.45,988,0
2026-07-08T14:30:00+05:30,825.55,825.55,821.45,824.75,1437,0
2026-07-08T14:45:00+05:30,823.95,824.8,815.2,819.8,3344,0
2026-07-08T15:00:00+05:30,818.95,822.5,817.05,820.8,2544,0
2026-07-08T15:15:00+05:30,819.65,829.95,815.1,824.95,2711,0
2026-07-09T09:15:00+05:30,828.6,834.7,824.0,831.05,1538,0
2026-07-09T09:30:00+05:30,833.15,834.45,831.35,833.5,566,0
2026-07-09T09:45:00+05:30,831.9,836.95,831.7,834.25,1022,0
2026-07-09T10:00:00+05:30,834.55,836.25,834.1,834.7,54,0
2026-07-09T10:15:00+05:30,834.7,835.95,832.0,834.0,184,0
2026-07-09T10:30:00+05:30,832.85,834.65,832.4,834.65,242,0
2026-07-09T10:45:00+05:30,834.65,834.85,831.6,832.9,700,0
2026-07-09T11:00:00+05:30,832.9,841.7,831.35,833.2,1534,0
2026-07-09T11:15:00+05:30,833.2,838.9,833.2,836.6,88,0
2026-07-09T11:30:00+05:30,836.6,836.6,834.75,834.75,51,0
2026-07-09T11:45:00+05:30,834.75,839.85,834.4,839.15,238,0
2026-07-09T12:00:00+05:30,839.15,843.9,836.1,839.4,2211,0
2026-07-09T12:15:00+05:30,838.4,845.1,837.85,838.95,2126,0
2026-07-09T12:30:00+05:30,841.2,841.45,837.35,838.65,110,0
2026-07-09T12:45:00+05:30,838.9,839.3,837.55,838.35,446,0
2026-07-09T13:00:00+05:30,839.65,841.2,836.5,837.4,511,0
2026-07-09T13:15:00+05:30,837.4,837.7,836.1,836.35,162,0
2026-07-09T13:30:00+05:30,836.35,843.05,836.35,841.05,375,0
2026-07-09T13:45:00+05:30,841.05,843.45,840.2,841.85,203,0
2026-07-09T14:00:00+05:30,841.9,841.9,840.0,841.65,297,0
2026-07-09T14:15:00+05:30,841.65,841.65,837.6,837.6,372,0
2026-07-09T14:30:00+05:30,840.05,844.15,840.05,843.7,438,0
2026-07-09T14:45:00+05:30,843.5,843.5,833.5,835.25,640,0
2026-07-09T15:00:00+05:30,834.6,837.2,832.4,833.7,1217,0
2026-07-09T15:15:00+05:30,834.35,842.0,833.2,841.8,1896,0
2026-07-10T09:15:00+05:30,838.1,849.45,838.1,845.25,743,0
2026-07-10T09:30:00+05:30,845.35,846.6,840.8,844.05,1016,0
2026-07-10T09:45:00+05:30,844.85,846.8,844.65,846.0,530,0
2026-07-10T10:00:00+05:30,845.05,846.65,845.05,846.65,75,0
2026-07-10T10:15:00+05:30,846.65,848.7,844.6,847.85,1546,0
2026-07-10T10:30:00+05:30,848.0,848.1,843.6,844.7,753,0
2026-07-10T10:45:00+05:30,844.7,847.7,844.7,847.65,261,0
2026-07-10T11:00:00+05:30,847.5,848.9,843.15,844.1,812,0
2026-07-10T11:15:00+05:30,844.2,844.3,835.45,839.4,3853,0
2026-07-10T11:30:00+05:30,840.35,841.15,834.2,840.9,795,0
2026-07-10T11:45:00+05:30,840.55,841.65,839.0,841.65,123,0
2026-07-10T12:00:00+05:30,841.65,843.2,838.0,840.7,377,0
2026-07-10T12:15:00+05:30,840.7,843.9,840.1,843.2,503,0
2026-07-10T12:30:00+05:30,843.2,843.5,842.2,842.3,122,0
2026-07-10T12:45:00+05:30,842.3,843.25,841.4,841.4,293,0
2026-07-10T13:00:00+05:30,841.4,844.85,841.0,844.85,1661,0
2026-07-10T13:15:00+05:30,844.85,844.85,841.15,844.65,731,0
2026-07-10T13:30:00+05:30,843.9,847.1,843.9,845.55,708,0
2026-07-10T13:45:00+05:30,845.35,845.35,841.85,844.25,345,0
2026-07-10T14:00:00+05:30,843.6,844.55,843.6,844.55,51,0
2026-07-10T14:15:00+05:30,843.65,844.85,843.05,843.6,186,0
2026-07-10T14:30:00+05:30,842.9,846.4,842.35,846.0,320,0
2026-07-10T14:45:00+05:30,846.0,846.0,841.15,842.7,579,0
2026-07-10T15:00:00+05:30,843.3,847.0,842.65,843.9,1253,0
2026-07-10T15:15:00+05:30,844.6,845.6,838.0,838.0,2466,0
2026-07-13T09:15:00+05:30,837.95,842.0,835.0,841.45,3266,0
2026-07-13T09:30:00+05:30,841.15,859.0,838.55,857.7,4306,0
2026-07-13T09:45:00+05:30,857.15,859.0,853.55,859.0,2730,0
2026-07-13T10:00:00+05:30,857.95,859.0,855.95,855.95,1048,0
2026-07-13T10:15:00+05:30,855.95,863.95,855.95,860.5,1178,0
2026-07-13T10:30:00+05:30,861.4,863.5,861.4,861.5,306,0
2026-07-13T10:45:00+05:30,861.5,864.95,857.3,858.2,2464,0
2026-07-13T11:00:00+05:30,858.15,859.6,856.5,857.3,373,0
2026-07-13T11:15:00+05:30,856.55,861.85,856.55,857.9,681,0
2026-07-13T11:30:00+05:30,857.9,866.95,857.9,863.1,1483,0
2026-07-13T11:45:00+05:30,863.1,864.45,860.65,862.05,467,0
2026-07-13T12:00:00+05:30,860.85,863.45,860.2,860.35,723,0
2026-07-13T12:15:00+05:30,860.35,862.45,860.0,860.8,612,0
2026-07-13T12:30:00+05:30,860.8,862.25,860.0,860.05,385,0
2026-07-13T12:45:00+05:30,860.0,865.7,860.0,865.7,725,0
2026-07-13T13:00:00+05:30,865.1,865.1,862.95,863.25,174,0
2026-07-13T13:15:00+05:30,863.25,863.45,860.7,860.7,130,0
2026-07-13T13:30:00+05:30,861.25,863.75,860.7,862.1,273,0
2026-07-13T13:45:00+05:30,861.6,862.45,860.5,862.45,2078,0
2026-07-13T14:00:00+05:30,862.45,864.55,861.0,862.75,1332,0
2026-07-13T14:15:00+05:30,862.75,863.95,862.2,862.9,244,0
2026-07-13T14:30:00+05:30,862.9,863.6,861.0,862.1,328,0
2026-07-13T14:45:00+05:30,862.25,865.95,860.0,861.35,1582,0
2026-07-13T15:00:00+05:30,862.25,862.5,860.0,862.45,1079,0
2026-07-13T15:15:00+05:30,861.6,862.7,858.65,859.0,3316,0
2026-07-14T09:15:00+05:30,861.6,861.6,843.9,845.5,2656,0
2026-07-14T09:30:00+05:30,846.0,846.0,840.05,842.3,1193,0
2026-07-14T09:45:00+05:30,841.6,842.7,838.45,839.55,1036,0
2026-07-14T10:00:00+05:30,839.45,844.0,839.45,842.05,360,0
2026-07-14T10:15:00+05:30,841.8,844.0,840.25,840.25,1876,0
2026-07-14T10:30:00+05:30,841.3,842.9,840.2,841.0,215,0
2026-07-14T10:45:00+05:30,841.0,845.0,840.85,843.5,620,0
2026-07-14T11:00:00+05:30,843.5,847.75,842.25,847.0,856,0
2026-07-14T11:15:00+05:30,847.0,848.4,845.0,848.4,435,0
2026-07-14T11:30:00+05:30,848.4,848.75,847.0,848.25,458,0
2026-07-14T11:45:00+05:30,848.25,849.0,847.25,847.5,487,0
2026-07-14T12:00:00+05:30,848.7,849.8,847.0,847.8,1098,0
2026-07-14T12:15:00+05:30,847.8,847.8,842.8,843.0,922,0
2026-07-14T12:30:00+05:30,842.25,844.05,842.0,842.55,763,0
2026-07-14T12:45:00+05:30,842.95,844.0,841.65,843.65,339,0
2026-07-14T13:00:00+05:30,843.65,843.95,841.55,841.55,144,0
2026-07-14T13:15:00+05:30,841.5,842.5,841.0,842.25,1011,0
2026-07-14T13:30:00+05:30,841.8,842.2,840.8,841.25,194,0
2026-07-14T13:45:00+05:30,841.2,841.5,840.1,841.15,480,0
2026-07-14T14:00:00+05:30,840.3,842.45,840.0,842.2,736,0
2026-07-14T14:15:00+05:30,842.2,846.3,841.15,845.0,3674,0
2026-07-14T14:30:00+05:30,844.6,845.4,844.0,845.15,380,0
2026-07-14T14:45:00+05:30,845.5,846.25,844.1,844.95,993,0
2026-07-14T15:00:00+05:30,845.0,846.8,844.05,846.8,1437,0
2026-07-14T15:15:00+05:30,847.15,848.0,840.0,844.0,1832,0
2026-07-15T09:15:00+05:30,851.45,851.45,842.15,845.95,556,0
2026-07-15T09:30:00+05:30,845.95,845.95,842.2,844.3,316,0
2026-07-15T09:45:00+05:30,844.1,845.85,842.0,843.45,464,0
2026-07-15T10:00:00+05:30,843.45,843.5,838.15,840.9,601,0
2026-07-15T10:15:00+05:30,840.1,841.65,839.15,841.4,450,0
2026-07-15T10:30:00+05:30,842.85,843.45,842.3,843.15,119,0
2026-07-15T10:45:00+05:30,843.15,843.45,834.9,841.15,4459,0
2026-07-15T11:00:00+05:30,840.75,841.4,839.8,840.9,296,0
2026-07-15T11:15:00+05:30,840.85,840.9,837.25,838.4,287,0
2026-07-15T11:30:00+05:30,838.4,839.0,837.25,838.85,244,0
2026-07-15T11:45:00+05:30,838.85,861.0,838.85,854.0,11090,0
2026-07-15T12:00:00+05:30,853.6,857.95,851.1,851.1,1013,0
2026-07-15T12:15:00+05:30,852.3,853.15,850.55,850.6,464,0
2026-07-15T12:30:00+05:30,851.45,851.55,846.05,847.25,4334,0
2026-07-15T12:45:00+05:30,847.15,847.75,841.55,841.55,328,0
2026-07-15T13:00:00+05:30,842.0,854.85,842.0,852.95,2465,0
2026-07-15T13:15:00+05:30,853.0,865.0,851.45,864.0,7289,0
2026-07-15T13:30:00+05:30,864.1,866.0,859.55,862.75,4093,0
2026-07-15T13:45:00+05:30,861.3,865.0,860.6,864.5,3280,0
2026-07-15T14:00:00+05:30,864.5,870.9,863.55,868.85,5830,0
2026-07-15T14:15:00+05:30,870.65,872.0,867.05,869.3,3320,0
2026-07-15T14:30:00+05:30,869.95,874.95,866.55,872.7,4935,0
2026-07-15T14:45:00+05:30,872.45,875.0,870.1,873.1,3648,0
2026-07-15T15:00:00+05:30,872.95,874.0,867.05,869.95,4776,0
2026-07-15T15:15:00+05:30,869.6,870.0,862.0,870.0,4302,0
2026-07-16T09:15:00+05:30,874.8,885.0,866.4,871.95,22949,0
2026-07-16T09:30:00+05:30,870.55,871.25,863.8,866.25,1618,0
2026-07-16T09:45:00+05:30,866.9,867.45,864.0,865.0,867,0
2026-07-16T10:00:00+05:30,865.65,867.9,864.85,866.85,588,0
2026-07-16T10:15:00+05:30,867.5,869.45,866.55,869.45,874,0
2026-07-16T10:30:00+05:30,869.45,869.45,864.0,865.4,5445,0
2026-07-16T10:45:00+05:30,865.0,869.9,865.0,869.9,1838,0
2026-07-16T11:00:00+05:30,870.0,870.0,867.0,868.1,380,0
2026-07-16T11:15:00+05:30,868.1,868.1,862.4,865.0,3161,0
2026-07-16T11:30:00+05:30,864.9,868.0,862.0,862.9,1274,0
2026-07-16T11:45:00+05:30,862.9,876.45,862.8,872.45,2698,0
2026-07-16T12:00:00+05:30,872.3,872.9,870.1,870.9,527,0
2026-07-16T12:15:00+05:30,870.75,874.95,870.35,873.5,1671,0
2026-07-16T12:30:00+05:30,873.45,874.4,870.35,870.35,634,0
2026-07-16T12:45:00+05:30,870.15,870.9,868.0,868.15,787,0
2026-07-16T13:00:00+05:30,868.2,868.9,866.35,867.0,1444,0
2026-07-16T13:15:00+05:30,867.0,867.2,866.0,866.65,712,0
2026-07-16T13:30:00+05:30,866.65,866.75,864.05,864.05,1027,0
2026-07-16T13:45:00+05:30,864.05,867.0,864.0,867.0,388,0
2026-07-16T14:00:00+05:30,867.7,869.0,865.0,866.55,789,0
2026-07-16T14:15:00+05:30,866.6,868.6,865.6,867.2,626,0
2026-07-16T14:30:00+05:30,867.2,868.15,866.05,866.35,962,0
2026-07-16T14:45:00+05:30,867.0,869.6,867.0,867.7,728,0
2026-07-16T15:00:00+05:30,868.35,870.85,862.0,862.0,3488,0
2026-07-16T15:15:00+05:30,862.0,869.0,855.0,863.0,5859,0
2026-07-17T09:15:00+05:30,863.35,872.0,852.7,860.0,3182,0
2026-07-17T09:30:00+05:30,860.8,862.9,859.15,860.0,321,0
2026-07-17T09:45:00+05:30,859.4,859.65,853.5,853.5,932,0
2026-07-17T10:00:00+05:30,853.25,854.6,850.15,852.75,406,0
2026-07-17T10:15:00+05:30,852.75,854.85,848.2,852.75,1470,0
2026-07-17T10:30:00+05:30,852.75,852.75,850.0,850.0,508,0
2026-07-17T10:45:00+05:30,850.8,854.05,849.75,851.8,550,0
2026-07-17T11:00:00+05:30,851.8,854.6,850.15,852.0,622,0
2026-07-17T11:15:00+05:30,852.0,853.3,848.2,850.6,2160,0
2026-07-17T11:30:00+05:30,850.6,851.6,850.0,850.0,201,0
2026-07-17T11:45:00+05:30,850.0,852.05,848.8,850.0,361,0
2026-07-17T12:00:00+05:30,850.0,851.25,849.05,851.25,40,0
2026-07-17T12:15:00+05:30,851.05,853.95,850.2,853.8,328,0
2026-07-17T12:30:00+05:30,853.8,853.8,851.75,852.95,85,0
2026-07-17T12:45:00+05:30,852.95,853.2,852.45,852.85,41,0
2026-07-17T13:00:00+05:30,852.85,852.85,850.25,850.75,404,0
2026-07-17T13:15:00+05:30,850.6,851.95,850.2,851.95,182,0
2026-07-17T13:30:00+05:30,851.95,857.85,850.4,857.75,359,0
2026-07-17T13:45:00+05:30,856.3,860.85,855.1,859.1,1670,0
2026-07-17T14:00:00+05:30,859.1,859.55,854.1,856.35,474,0
2026-07-17T14:15:00+05:30,857.35,859.65,857.25,857.85,499,0
2026-07-17T14:30:00+05:30,857.85,859.0,856.1,859.0,323,0
2026-07-17T14:45:00+05:30,859.0,861.45,858.05,860.2,1127,0
2026-07-17T15:00:00+05:30,860.05,860.1,856.0,856.55,405,0
2026-07-17T15:15:00+05:30,856.05,858.6,848.7,857.7,4754,0
2026-07-20T09:15:00+05:30,853.25,862.0,844.0,845.45,338,0
2026-07-20T09:30:00+05:30,846.0,848.45,844.05,845.05,768,0
2026-07-20T09:45:00+05:30,844.6,848.45,844.1,846.75,181,0
2026-07-20T10:00:00+05:30,846.75,847.2,842.7,845.25,562,0
2026-07-20T10:15:00+05:30,845.25,849.8,845.25,848.05,656,0
2026-07-20T10:30:00+05:30,848.05,850.9,845.3,847.9,750,0
2026-07-20T10:45:00+05:30,847.9,850.0,844.35,850.0,530,0
2026-07-20T11:00:00+05:30,848.5,848.7,846.3,847.5,67,0
2026-07-20T11:15:00+05:30,847.5,850.4,847.5,848.75,209,0
2026-07-20T11:30:00+05:30,848.85,852.3,847.3,847.6,909,0
2026-07-20T11:45:00+05:30,848.4,848.55,843.2,847.35,256,0
2026-07-20T12:00:00+05:30,846.1,858.45,845.9,858.45,1447,0
2026-07-20T12:15:00+05:30,858.45,858.45,856.85,857.9,211,0
2026-07-20T12:30:00+05:30,857.75,857.9,855.0,857.8,1144,0
2026-07-20T12:45:00+05:30,857.8,857.8,855.4,855.7,33,0
2026-07-20T13:00:00+05:30,856.9,857.65,856.4,856.65,62,0
2026-07-20T13:15:00+05:30,856.65,857.9,855.25,855.55,258,0
2026-07-20T13:30:00+05:30,857.8,858.75,855.0,855.0,1287,0
2026-07-20T13:45:00+05:30,855.0,857.75,855.0,856.8,185,0
2026-07-20T14:00:00+05:30,857.9,858.3,855.0,857.5,340,0
2026-07-20T14:15:00+05:30,857.5,857.5,855.55,855.8,139,0
2026-07-20T14:30:00+05:30,855.8,856.0,848.7,850.0,1736,0
2026-07-20T14:45:00+05:30,850.0,850.05,845.55,846.3,761,0
2026-07-20T15:00:00+05:30,847.9,850.05,844.6,847.1,787,0
2026-07-20T15:15:00+05:30,847.05,847.05,843.1,843.1,2443,0
2026-07-21T09:15:00+05:30,851.6,852.0,841.55,845.4,1364,0
2026-07-21T09:30:00+05:30,844.8,845.0,840.6,841.7,1122,0
2026-07-21T09:45:00+05:30,841.7,844.2,841.7,844.2,256,0
2026-07-21T10:00:00+05:30,844.2,844.2,841.5,841.5,619,0
2026-07-21T10:15:00+05:30,842.15,843.1,841.75,842.2,90,0
2026-07-21T10:30:00+05:30,842.2,842.25,841.0,842.0,161,0
2026-07-21T10:45:00+05:30,842.0,842.25,840.0,840.0,464,0
2026-07-21T11:00:00+05:30,840.0,845.0,840.0,843.1,761,0
2026-07-21T11:15:00+05:30,843.1,843.15,838.0,840.55,1135,0
2026-07-21T11:30:00+05:30,840.55,842.0,839.1,842.0,87,0
2026-07-21T11:45:00+05:30,842.0,844.1,841.55,842.85,239,0
2026-07-21T12:00:00+05:30,842.85,843.8,842.5,842.85,227,0
2026-07-21T12:15:00+05:30,842.85,842.9,841.35,842.9,32,0
2026-07-21T12:30:00+05:30,842.9,844.35,842.4,844.35,710,0
2026-07-21T12:45:00+05:30,844.35,844.35,840.6,841.0,169,0
2026-07-21T13:00:00+05:30,841.0,842.4,839.9,841.5,870,0
2026-07-21T13:15:00+05:30,840.65,845.4,840.25,841.15,2203,0
2026-07-21T13:30:00+05:30,841.1,841.1,839.6,840.15,317,0
2026-07-21T13:45:00+05:30,840.15,841.7,839.6,840.2,268,0
2026-07-21T14:00:00+05:30,840.2,841.6,840.2,840.65,142,0
2026-07-21T14:15:00+05:30,840.65,842.95,840.3,841.3,233,0
2026-07-21T14:30:00+05:30,841.3,843.45,841.1,843.45,37,0
2026-07-21T14:45:00+05:30,843.5,848.2,843.5,845.95,1277,0
2026-07-21T15:00:00+05:30,845.0,848.0,841.8,843.7,1804,0
2026-07-21T15:15:00+05:30,843.8,849.85,840.0,841.0,1037,0
2026-07-22T09:15:00+05:30,844.7,844.7,835.0,835.0,1606,0
2026-07-22T09:30:00+05:30,835.0,835.0,830.2,830.55,1251,0
2026-07-22T09:45:00+05:30,830.55,832.2,830.2,832.0,711,0
2026-07-22T10:00:00+05:30,832.4,835.75,831.05,833.35,291,0
2026-07-22T10:15:00+05:30,833.35,833.35,829.0,830.3,1131,0
2026-07-22T10:30:00+05:30,830.3,831.85,830.3,831.65,37,0
2026-07-22T10:45:00+05:30,831.65,831.9,830.05,830.55,239,0
2026-07-22T11:00:00+05:30,830.55,840.3,830.55,834.75,1703,0
2026-07-22T11:15:00+05:30,834.75,834.95,832.55,834.95,106,0
2026-07-22T11:30:00+05:30,834.95,836.95,834.15,834.15,166,0
2026-07-22T11:45:00+05:30,834.15,834.15,830.6,831.7,361,0
2026-07-22T12:00:00+05:30,831.7,831.7,830.0,830.0,1048,0
2026-07-22T12:15:00+05:30,830.0,831.05,829.0,831.05,497,0
2026-07-22T12:30:00+05:30,829.75,831.25,829.0,829.85,1115,0
2026-07-22T12:45:00+05:30,829.85,830.0,828.6,828.6,338,0
2026-07-22T13:00:00+05:30,828.6,829.65,828.05,828.05,432,0
2026-07-22T13:15:00+05:30,828.05,830.05,823.05,826.45,2394,0
2026-07-22T13:30:00+05:30,825.0,828.0,825.0,826.6,109,0
2026-07-22T13:45:00+05:30,826.3,827.3,825.7,826.45,178,0
2026-07-22T14:00:00+05:30,826.45,829.35,825.95,826.5,507,0
2026-07-22T14:15:00+05:30,826.5,827.8,825.0,825.0,509,0
2026-07-22T14:30:00+05:30,824.2,825.85,824.2,825.5,1491,0
2026-07-22T14:45:00+05:30,825.5,825.5,824.45,825.4,269,0
2026-07-22T15:00:00+05:30,824.75,825.5,822.0,822.3,2203,0
2026-07-22T15:15:00+05:30,822.8,824.7,819.4,824.0,4180,0
2026-07-23T09:15:00+05:30,825.0,825.0,814.55,817.85,1104,0
2026-07-23T09:30:00+05:30,816.35,816.35,808.1,810.0,4201,0
2026-07-23T09:45:00+05:30,809.8,810.0,803.0,805.5,6666,0
2026-07-23T10:00:00+05:30,805.5,806.65,800.0,802.45,6661,0
2026-07-23T10:15:00+05:30,802.45,817.1,802.25,809.4,23465,0
2026-07-23T10:30:00+05:30,808.9,808.9,806.05,806.65,659,0
2026-07-23T10:45:00+05:30,807.0,815.0,807.0,814.0,1781,0
2026-07-23T11:00:00+05:30,815.05,817.85,812.55,816.0,1086,0
2026-07-23T11:15:00+05:30,816.0,816.8,813.15,814.0,237,0
2026-07-23T11:30:00+05:30,814.0,814.7,814.0,814.0,9,0
2026-07-23T11:45:00+05:30,814.7,814.85,812.6,813.0,362,0
2026-07-23T12:00:00+05:30,812.6,812.6,811.5,812.0,153,0
2026-07-23T12:15:00+05:30,812.0,816.7,812.0,815.15,943,0
2026-07-23T12:30:00+05:30,814.55,814.55,811.55,811.55,521,0
2026-07-23T12:45:00+05:30,811.5,812.2,810.0,811.5,2055,0
2026-07-23T13:00:00+05:30,811.5,812.95,810.0,811.3,202,0
2026-07-23T13:15:00+05:30,811.3,811.3,803.5,807.2,1816,0
2026-07-23T13:30:00+05:30,807.2,807.2,807.2,807.2,0,0
2026-07-23T13:45:00+05:30,807.45,808.75,805.55,807.65,213,0
2026-07-23T14:00:00+05:30,807.65,808.05,804.05,806.35,496,0
2026-07-23T14:15:00+05:30,806.25,810.0,804.15,809.6,1251,0
2026-07-23T14:30:00+05:30,809.6,809.8,805.0,806.5,578,0
2026-07-23T14:45:00+05:30,807.0,808.0,796.05,798.0,4435,0
2026-07-23T15:00:00+05:30,798.75,803.85,796.15,801.3,4611,0
2026-07-23T15:15:00+05:30,801.0,804.85,796.0,798.05,4443,0
2026-07-24T09:15:00+05:30,800.2,800.65,791.1,795.35,1530,0
2026-07-24T09:30:00+05:30,796.55,798.95,795.9,797.05,579,0
2026-07-24T09:45:00+05:30,797.1,808.95,794.9,808.95,8539,0
2026-07-24T10:00:00+05:30,808.75,816.3,804.15,810.0,38171,0
2026-07-24T10:15:00+05:30,810.35,814.7,809.55,812.0,3663,0
2026-07-24T10:30:00+05:30,812.7,816.35,805.1,814.1,6534,0
2026-07-24T10:45:00+05:30,814.1,823.75,814.1,819.2,6806,0
2026-07-24T11:00:00+05:30,818.15,819.95,812.25,813.75,5942,0
2026-07-24T11:15:00+05:30,812.7,829.5,812.7,827.7,10922,0
2026-07-24T11:30:00+05:30,827.7,838.55,822.0,827.95,20056,0
2026-07-24T11:45:00+05:30,827.3,830.0,825.6,828.85,2627,0
2026-07-24T12:00:00+05:30,828.45,830.0,827.0,830.0,1090,0
2026-07-24T12:15:00+05:30,828.15,837.65,828.0,833.9,8096,0
2026-07-24T12:30:00+05:30,834.45,834.65,826.4,831.3,3288,0
2026-07-24T12:45:00+05:30,832.3,834.25,828.8,833.0,2037,0
2026-07-24T13:00:00+05:30,833.0,833.0,827.6,829.45,2055,0
2026-07-24T13:15:00+05:30,829.45,832.3,827.95,832.3,1080,0
2026-07-24T13:30:00+05:30,831.25,831.3,827.35,828.65,737,0
2026-07-24T13:45:00+05:30,828.7,831.85,825.0,829.25,1729,0
2026-07-24T14:00:00+05:30,829.2,833.4,829.0,831.25,1125,0
2026-07-24T14:15:00+05:30,831.25,832.45,830.0,830.05,751,0
2026-07-24T14:30:00+05:30,830.0,834.4,828.0,829.8,1445,0
2026-07-24T14:45:00+05:30,829.95,833.0,829.2,831.05,886,0
2026-07-24T15:00:00+05:30,831.2,831.2,826.55,830.2,2414,0
2026-07-24T15:15:00+05:30,829.75,833.0,820.0,821.2,8279,0
2026-07-27T09:15:00+05:30,836.05,843.95,830.15,833.35,2681,0
2026-07-27T09:30:00+05:30,833.8,834.7,830.6,832.05,903,0
2026-07-27T09:45:00+05:30,830.2,830.3,825.5,826.25,1994,0
2026-07-27T10:00:00+05:30,826.5,829.65,825.5,825.5,2003,0
2026-07-27T10:15:00+05:30,827.4,828.5,825.0,825.2,1084,0
2026-07-27T10:30:00+05:30,825.25,826.25,824.0,825.7,338,0
2026-07-27T10:45:00+05:30,827.1,833.2,825.9,831.05,2056,0
2026-07-27T11:00:00+05:30,831.0,834.4,827.0,829.75,1610,0
2026-07-27T11:15:00+05:30,830.25,831.95,827.85,829.4,638,0
2026-07-27T11:30:00+05:30,827.95,830.4,827.05,830.4,664,0
2026-07-27T11:45:00+05:30,829.25,831.4,826.15,827.8,814,0
2026-07-27T12:00:00+05:30,827.55,828.45,826.2,827.4,272,0
2026-07-27T12:15:00+05:30,827.4,828.45,826.25,826.25,185,0
2026-07-27T12:30:00+05:30,827.55,827.55,826.2,827.3,11,0
2026-07-27T12:45:00+05:30,827.3,828.0,825.65,828.0,1097,0
2026-07-27T13:00:00+05:30,828.0,834.9,827.95,831.4,1491,0
2026-07-27T13:15:00+05:30,831.4,832.25,829.05,830.95,236,0
2026-07-27T13:30:00+05:30,830.95,831.55,830.45,830.45,22,0
2026-07-27T13:45:00+05:30,830.45,833.1,830.45,832.0,351,0
2026-07-27T14:00:00+05:30,832.0,835.0,830.45,832.1,1416,0
2026-07-27T14:15:00+05:30,832.1,833.45,830.05,830.15,636,0
2026-07-27T14:30:00+05:30,830.15,832.35,829.95,832.35,304,0
2026-07-27T14:45:00+05:30,832.35,832.35,826.6,830.05,1258,0
2026-07-27T15:00:00+05:30,831.5,833.05,828.35,828.35,1165,0
2026-07-27T15:15:00+05:30,829.5,836.0,828.05,834.7,1864,0
2026-07-28T09:15:00+05:30,830.65,834.55,823.55,828.3,1048,0
2026-07-28T09:30:00+05:30,829.9,829.9,826.4,827.0,440,0
2026-07-28T09:45:00+05:30,826.0,828.75,824.0,827.45,640,0
2026-07-28T10:00:00+05:30,827.1,827.4,823.8,824.6,1798,0
2026-07-28T10:15:00+05:30,824.3,826.5,824.3,826.5,391,0
2026-07-28T10:30:00+05:30,826.5,826.8,825.0,825.0,62,0
2026-07-28T10:45:00+05:30,825.0,828.15,824.75,825.15,859,0
2026-07-28T11:00:00+05:30,825.15,825.4,825.15,825.35,9,0
2026-07-28T11:15:00+05:30,825.35,826.85,825.35,825.65,11,0
2026-07-28T11:30:00+05:30,825.65,829.75,824.25,828.75,1157,0
2026-07-28T11:45:00+05:30,828.75,828.8,827.1,827.45,29,0
2026-07-28T12:00:00+05:30,827.45,828.85,825.65,827.8,1196,0
2026-07-28T12:15:00+05:30,826.05,833.45,825.85,831.3,885,0
2026-07-28T12:30:00+05:30,831.3,832.3,831.05,832.3,53,0
2026-07-28T12:45:00+05:30,832.3,832.95,830.0,831.2,469,0
2026-07-28T13:00:00+05:30,832.6,834.9,830.05,830.25,577,0
2026-07-28T13:15:00+05:30,830.25,830.95,825.9,830.05,903,0
2026-07-28T13:30:00+05:30,829.65,830.85,828.55,828.9,208,0
2026-07-28T13:45:00+05:30,829.8,832.95,828.7,832.9,633,0
2026-07-28T14:00:00+05:30,832.9,833.2,829.4,829.4,482,0
2026-07-28T14:15:00+05:30,829.4,837.0,828.0,834.1,2468,0
2026-07-28T14:30:00+05:30,834.1,838.55,830.05,838.55,4337,0
2026-07-28T14:45:00+05:30,838.7,839.4,835.1,835.3,1048,0
2026-07-28T15:00:00+05:30,835.3,836.25,832.4,832.4,1207,0
2026-07-28T15:15:00+05:30,832.7,834.4,828.0,828.0,2465,0
2026-07-29T09:15:00+05:30,832.75,832.75,820.35,825.85,2057,0
2026-07-29T09:30:00+05:30,826.25,826.6,820.0,821.9,1910,0
2026-07-29T09:45:00+05:30,821.0,824.45,821.0,823.0,511,0
2026-07-29T10:00:00+05:30,823.0,823.2,821.0,822.5,560,0
2026-07-29T10:15:00+05:30,822.5,823.75,821.05,823.45,411,0
2026-07-29T10:30:00+05:30,823.25,823.25,821.05,822.4,115,0
2026-07-29T10:45:00+05:30,822.4,822.4,818.0,818.4,768,0
2026-07-29T11:00:00+05:30,819.2,820.6,818.0,819.9,152,0
2026-07-29T11:15:00+05:30,820.95,821.5,818.55,821.2,282,0
2026-07-29T11:30:00+05:30,821.2,825.0,820.1,822.0,1813,0
2026-07-29T11:45:00+05:30,822.0,822.0,819.05,820.35,529,0
2026-07-29T12:00:00+05:30,820.15,822.4,819.0,820.45,456,0
2026-07-29T12:15:00+05:30,820.4,823.1,820.05,822.1,136,0
2026-07-29T12:30:00+05:30,822.6,822.65,820.15,820.15,843,0
2026-07-29T12:45:00+05:30,820.15,820.55,819.5,819.5,315,0
2026-07-29T13:00:00+05:30,819.5,821.85,819.0,820.35,524,0
2026-07-29T13:15:00+05:30,820.15,821.2,819.05,821.2,233,0
2026-07-29T13:30:00+05:30,820.4,828.95,820.35,823.45,1674,0
2026-07-29T13:45:00+05:30,823.3,824.35,821.6,821.75,981,0
2026-07-29T14:00:00+05:30,822.3,823.0,817.0,818.4,3226,0
2026-07-29T14:15:00+05:30,818.4,819.0,817.95,818.8,651,0
2026-07-29T14:30:00+05:30,818.4,821.0,818.3,819.9,366,0
2026-07-29T14:45:00+05:30,820.7,821.9,819.45,820.4,661,0
2026-07-29T15:00:00+05:30,820.15,820.25,818.2,818.55,2507,0
2026-07-29T15:15:00+05:30,818.45,820.3,813.0,815.3,5357,0
2026-07-30T09:15:00+05:30,820.0,820.0,809.75,814.15,1602,0
2026-07-30T09:30:00+05:30,814.15,815.25,810.0,811.0,1135,0
2026-07-30T09:45:00+05:30,811.75,814.45,810.2,811.2,852,0
2026-07-30T10:00:00+05:30,811.2,815.15,810.0,810.0,624,0
2026-07-30T10:15:00+05:30,810.0,812.0,808.95,810.0,2137,0
2026-07-30T10:30:00+05:30,810.0,815.35,809.85,813.8,738,0
2026-07-30T10:45:00+05:30,813.75,816.5,813.6,815.25,217,0
2026-07-30T11:00:00+05:30,815.2,816.05,815.15,815.35,67,0
2026-07-30T11:15:00+05:30,815.2,817.9,815.0,816.85,352,0
2026-07-30T11:30:00+05:30,817.8,820.2,815.0,816.8,1065,0
2026-07-30T11:45:00+05:30,816.25,817.45,813.25,814.0,345,0
2026-07-30T12:00:00+05:30,813.95,814.6,813.05,814.5,262,0
2026-07-30T12:15:00+05:30,814.5,815.4,813.5,813.5,155,0
2026-07-30T12:30:00+05:30,813.5,819.0,813.4,814.3,229,0
2026-07-30T12:45:00+05:30,814.3,823.0,814.3,821.9,1741,0
2026-07-30T13:00:00+05:30,821.9,827.5,815.5,816.2,1943,0
2026-07-30T13:15:00+05:30,815.5,818.8,815.0,815.75,248,0
2026-07-30T13:30:00+05:30,815.5,817.4,813.4,815.6,492,0
2026-07-30T13:45:00+05:30,815.5,816.6,813.6,814.35,120,0
2026-07-30T14:00:00+05:30,814.25,817.8,814.1,816.25,238,0
2026-07-30T14:15:00+05:30,816.25,817.2,814.1,814.1,271,0
2026-07-30T14:30:00+05:30,814.1,817.2,814.1,816.35,327,0
2026-07-30T14:45:00+05:30,815.75,819.9,815.75,818.55,82,0
2026-07-30T15:00:00+05:30,818.55,820.0,815.05,818.55,863,0
2026-07-30T15:15:00+05:30,819.0,825.35,811.45,824.4,2846,0
2026-07-31T09:15:00+05:30,819.3,826.25,812.2,816.45,802,0
2026-07-31T09:30:00+05:30,815.95,821.95,812.75,821.75,1038,0
2026-07-31T09:45:00+05:30,821.75,825.0,819.55,820.0,842,0
2026-07-31T10:00:00+05:30,820.05,822.9,820.0,822.55,850,0
2026-07-31T10:15:00+05:30,823.5,824.4,820.0,820.05,646,0
2026-07-31T10:30:00+05:30,820.2,822.75,820.2,822.75,76,0
2026-07-31T10:45:00+05:30,822.7,823.0,820.05,820.05,182,0
2026-07-31T11:00:00+05:30,821.35,822.95,820.05,820.2,155,0
2026-07-31T11:15:00+05:30,821.55,823.1,820.05,820.05,443,0
2026-07-31T11:30:00+05:30,820.2,820.65,819.0,820.0,168,0
2026-07-31T11:45:00+05:30,820.0,821.65,819.0,820.15,138,0
2026-07-31T12:00:00+05:30,820.15,823.2,820.05,820.65,207,0
2026-07-31T12:15:00+05:30,821.0,823.15,819.65,822.65,899,0
2026-07-31T12:30:00+05:30,821.05,821.05,820.3,820.3,36,0
2026-07-31T12:45:00+05:30,820.05,821.6,817.0,819.25,1045,0
2026-07-31T13:00:00+05:30,819.55,821.45,819.25,820.1,462,0
2026-07-31T13:15:00+05:30,820.55,823.3,820.25,821.3,359,0
2026-07-31T13:30:00+05:30,821.05,821.55,821.0,821.0,412,0
2026-07-31T13:45:00+05:30,821.0,822.45,820.0,820.25,546,0
2026-07-31T14:00:00+05:30,820.45,821.8,820.0,820.75,301,0
2026-07-31T14:15:00+05:30,821.0,822.35,820.05,821.1,748,0
2026-07-31T14:30:00+05:30,821.05,823.55,820.25,821.3,648,0
2026-07-31T14:45:00+05:30,821.5,821.5,820.0,820.05,336,0
2026-07-31T15:00:00+05:30,821.15,825.0,820.0,823.05,810,0
2026-07-31T15:15:00+05:30,822.6,825.0,819.65,825.0,2905,0
2026-08-03T09:15:00+05:30,824.0,842.6,823.75,828.55,3749,0
2026-08-03T09:30:00+05:30,828.5,831.0,826.95,828.65,1355,0
2026-08-03T09:45:00+05:30,829.75,831.4,825.45,831.35,3562,0
2026-08-03T10:00:00+05:30,831.35,832.7,830.25,832.15,1046,0
2026-08-03T10:15:00+05:30,832.0,832.45,830.0,830.55,265,0
2026-08-03T10:30:00+05:30,830.55,832.45,826.8,832.45,568,0
2026-08-03T10:45:00+05:30,831.45,832.75,830.35,832.75,295,0
2026-08-03T11:00:00+05:30,832.75,832.8,830.35,831.5,127,0
2026-08-03T11:15:00+05:30,830.75,831.25,828.15,829.55,374,0
2026-08-03T11:30:00+05:30,829.55,831.4,827.8,828.0,290,0
2026-08-03T11:45:00+05:30,828.0,840.95,828.0,838.0,4003,0
2026-08-03T12:00:00+05:30,838.8,842.4,832.1,833.45,1645,0
2026-08-03T12:15:00+05:30,833.7,840.05,831.6,835.15,2854,0
2026-08-03T12:30:00+05:30,835.1,836.7,834.15,835.15,679,0
2026-08-03T12:45:00+05:30,835.2,836.1,833.95,835.15,196,0
2026-08-03T13:00:00+05:30,835.15,835.2,832.8,833.45,159,0
2026-08-03T13:15:00+05:30,833.55,835.3,833.2,835.3,87,0
2026-08-03T13:30:00+05:30,835.15,835.85,834.5,834.5,56,0
2026-08-03T13:45:00+05:30,834.5,843.9,834.5,841.95,1876,0
2026-08-03T14:00:00+05:30,841.9,848.0,837.5,839.9,2073,0
2026-08-03T14:15:00+05:30,838.95,840.15,830.8,835.35,3426,0
2026-08-03T14:30:00+05:30,835.25,837.1,835.25,836.45,58,0
2026-08-03T14:45:00+05:30,836.45,838.5,834.35,835.05,405,0
2026-08-03T15:00:00+05:30,834.85,839.45,830.15,837.65,2330,0
2026-08-03T15:15:00+05:30,836.0,837.25,825.1,835.0,2142,0
2026-08-04T09:15:00+05:30,837.0,837.0,829.4,831.0,738,0
2026-08-04T09:30:00+05:30,831.0,835.9,830.75,834.8,784,0
2026-08-04T09:45:00+05:30,834.8,834.8,831.2,833.0,576,0
2026-08-04T10:00:00+05:30,832.85,832.85,827.8,827.8,353,0
2026-08-04T10:15:00+05:30,828.35,829.05,825.85,827.65,294,0
2026-08-04T10:30:00+05:30,827.65,828.9,825.65,828.9,147,0
2026-08-04T10:45:00+05:30,828.9,829.45,827.45,828.05,87,0
2026-08-04T11:00:00+05:30,827.25,835.2,827.0,831.2,1114,0
2026-08-04T11:15:00+05:30,831.2,833.55,831.2,833.45,221,0
2026-08-04T11:30:00+05:30,833.45,833.7,830.1,830.25,445,0
2026-08-04T11:45:00+05:30,830.25,832.4,830.1,831.35,157,0
2026-08-04T12:00:00+05:30,831.35,831.4,830.1,830.3,418,0
2026-08-04T12:15:00+05:30,830.3,832.9,830.1,831.15,107,0
2026-08-04T12:30:00+05:30,831.2,832.45,828.75,828.8,616,0
2026-08-04T12:45:00+05:30,828.0,830.6,828.0,829.3,206,0
2026-08-04T13:00:00+05:30,829.3,832.6,829.2,830.7,465,0
2026-08-04T13:15:00+05:30,830.7,832.3,829.55,830.05,173,0
2026-08-04T13:30:00+05:30,829.35,830.9,828.75,829.4,534,0
2026-08-04T13:45:00+05:30,829.4,830.8,825.7,826.8,553,0
2026-08-04T14:00:00+05:30,826.8,828.6,826.1,826.7,266,0
2026-08-04T14:15:00+05:30,828.4,828.7,826.8,827.75,181,0
2026-08-04T14:30:00+05:30,827.75,829.55,827.1,827.6,275,0
2026-08-04T14:45:00+05:30,827.6,828.75,826.2,826.4,457,0
2026-08-04T15:00:00+05:30,827.75,831.6,827.65,831.0,1797,0
2026-08-04T15:15:00+05:30,831.0,836.0,831.0,831.0,475,0
2026-08-05T09:15:00+05:30,833.2,836.25,833.2,835.75,856,0
2026-08-05T09:30:00+05:30,835.75,838.55,835.65,837.35,671,0
2026-08-05T09:45:00+05:30,837.35,838.0,836.1,837.15,588,0
2026-08-05T10:00:00+05:30,836.3,837.15,835.0,835.8,1012,0
2026-08-05T10:15:00+05:30,835.8,838.45,835.0,835.7,449,0
2026-08-05T10:30:00+05:30,835.7,837.1,835.5,837.1,525,0
2026-08-05T10:45:00+05:30,837.1,844.2,836.1,844.2,2373,0
2026-08-05T11:00:00+05:30,844.05,845.45,839.2,841.5,1777,0
2026-08-05T11:15:00+05:30,842.7,845.0,841.0,841.7,810,0
2026-08-05T11:30:00+05:30,841.7,843.0,841.65,841.7,517,0
2026-08-05T11:45:00+05:30,841.7,842.85,839.15,840.0,328,0
2026-08-05T12:00:00+05:30,840.0,845.0,840.0,841.25,1932,0
2026-08-05T12:15:00+05:30,841.2,842.85,839.55,840.0,116,0
2026-08-05T12:30:00+05:30,840.0,840.0,836.75,836.75,162,0
2026-08-05T12:45:00+05:30,836.75,838.0,836.2,836.6,94,0
2026-08-05T13:00:00+05:30,836.6,838.2,836.5,836.55,159,0
2026-08-05T13:15:00+05:30,836.55,836.65,836.1,836.65,96,0
2026-08-05T13:30:00+05:30,836.65,836.65,833.15,833.7,458,0
2026-08-05T13:45:00+05:30,833.1,833.35,833.1,833.2,40,0
2026-08-05T14:00:00+05:30,834.5,835.85,833.15,833.15,282,0
2026-08-05T14:15:00+05:30,833.15,834.7,833.15,833.5,62,0
2026-08-05T14:30:00+05:30,833.5,834.7,833.0,834.7,468,0
2026-08-05T14:45:00+05:30,834.65,835.7,834.45,835.7,520,0
2026-08-05T15:00:00+05:30,835.7,838.45,833.15,836.0,914,0
2026-08-05T15:15:00+05:30,836.0,838.9,830.1,830.1,1051,0
2026-08-06T09:15:00+05:30,835.6,838.95,830.1,832.15,837,0
2026-08-06T09:30:00+05:30,831.45,832.5,825.3,832.35,1297,0
2026-08-06T09:45:00+05:30,832.35,832.45,830.65,832.15,372,0
2026-08-06T10:00:00+05:30,830.8,832.15,825.0,829.35,1545,0
2026-08-06T10:15:00+05:30,829.35,829.8,827.1,828.5,127,0
2026-08-06T10:30:00+05:30,828.5,829.75,828.5,829.0,173,0
2026-08-06T10:45:00+05:30,829.0,832.65,827.9,827.9,795,0
2026-08-06T11:00:00+05:30,827.9,829.5,827.9,829.5,124,0
2026-08-06T11:15:00+05:30,829.5,833.3,829.5,831.1,443,0
2026-08-06T11:30:00+05:30,831.25,833.2,830.0,830.0,750,0
2026-08-06T11:45:00+05:30,830.75,831.05,830.0,830.2,77,0
2026-08-06T12:00:00+05:30,830.2,831.25,830.0,831.25,561,0
2026-08-06T12:15:00+05:30,830.2,831.3,830.0,830.0,267,0
2026-08-06T12:30:00+05:30,830.0,831.3,830.0,830.05,170,0
2026-08-06T12:45:00+05:30,830.05,831.3,829.0,829.0,298,0
2026-08-06T13:00:00+05:30,829.0,829.75,827.3,827.35,217,0
2026-08-06T13:15:00+05:30,827.05,828.7,825.0,826.5,448,0
2026-08-06T13:30:00+05:30,826.5,829.4,825.35,827.7,294,0
2026-08-06T13:45:00+05:30,827.8,829.0,827.5,827.5,259,0
2026-08-06T14:00:00+05:30,827.5,831.35,827.5,828.35,730,0
2026-08-06T14:15:00+05:30,828.35,829.9,825.8,827.6,560,0
2026-08-06T14:30:00+05:30,827.55,829.1,827.0,827.0,100,0
2026-08-06T14:45:00+05:30,827.0,830.1,826.25,827.3,352,0
2026-08-06T15:00:00+05:30,827.3,834.95,827.1,831.2,605,0
2026-08-06T15:15:00+05:30,829.15,832.6,827.1,827.1,1006,0
2026-08-07T09:15:00+05:30,832.7,832.7,822.1,822.9,1179,0
2026-08-07T09:30:00+05:30,823.4,826.45,822.45,824.35,460,0
2026-08-07T09:45:00+05:30,824.35,826.45,823.0,824.15,523,0
2026-08-07T10:00:00+05:30,824.15,826.05,824.1,826.0,383,0
2026-08-07T10:15:00+05:30,826.0,826.0,823.45,823.9,570,0
2026-08-07T10:30:00+05:30,823.85,824.6,822.15,822.15,630,0
2026-08-07T10:45:00+05:30,822.15,825.0,822.15,824.95,119,0
2026-08-07T11:00:00+05:30,824.95,826.8,824.95,825.35,571,0
2026-08-07T11:15:00+05:30,825.35,825.5,823.95,825.5,97,0
2026-08-07T11:30:00+05:30,824.0,825.3,824.0,824.25,122,0
2026-08-07T11:45:00+05:30,824.25,825.35,822.5,822.5,605,0
2026-08-07T12:00:00+05:30,822.5,822.85,822.1,822.55,70,0
2026-08-07T12:15:00+05:30,822.1,822.25,820.6,821.7,335,0
2026-08-07T12:30:00+05:30,821.9,824.6,821.5,824.1,302,0
2026-08-07T12:45:00+05:30,824.1,827.35,824.1,826.2,511,0
2026-08-07T13:00:00+05:30,826.0,827.0,824.25,824.25,217,0
2026-08-07T13:15:00+05:30,824.0,824.8,823.5,824.5,101,0
2026-08-07T13:30:00+05:30,824.6,825.45,823.05,824.45,939,0
2026-08-07T13:45:00+05:30,824.0,826.0,823.65,824.6,239,0
2026-08-07T14:00:00+05:30,824.5,825.65,824.05,825.0,96,0
2026-08-07T14:15:00+05:30,825.0,825.0,821.0,822.55,2410,0
2026-08-07T14:30:00+05:30,822.55,822.7,810.0,820.15,2476,0
2026-08-07T14:45:00+05:30,820.0,820.7,819.9,820.0,252,0
2026-08-07T15:00:00+05:30,820.1,826.0,820.1,821.8,1527,0
2026-08-07T15:15:00+05:30,821.75,829.1,819.75,822.0,1255,0
2026-08-10T09:15:00+05:30,822.0,831.0,808.25,819.5,4120,0
2026-08-10T09:30:00+05:30,816.0,820.9,814.15,816.15,1140,0
2026-08-10T09:45:00+05:30,815.25,818.9,812.0,817.85,1288,0
2026-08-10T10:00:00+05:30,817.85,819.8,815.0,816.95,518,0
2026-08-10T10:15:00+05:30,816.95,822.05,816.95,820.65,257,0
2026-08-10T10:30:00+05:30,820.8,821.9,817.35,817.35,312,0
2026-08-10T10:45:00+05:30,818.8,821.4,816.6,817.45,291,0
2026-08-10T11:00:00+05:30,816.75,819.3,816.0,817.75,286,0
2026-08-10T11:15:00+05:30,818.2,819.25,816.85,818.65,397,0
2026-08-10T11:30:00+05:30,818.85,820.95,817.1,818.3,222,0
2026-08-10T11:45:00+05:30,818.3,819.95,817.15,817.15,400,0
2026-08-10T12:00:00+05:30,817.15,819.65,817.15,818.35,132,0
2026-08-10T12:15:00+05:30,818.35,822.0,818.35,821.3,1172,0
2026-08-10T12:30:00+05:30,821.15,830.0,820.7,827.4,2626,0
2026-08-10T12:45:00+05:30,827.4,829.05,826.5,826.55,173,0
2026-08-10T13:00:00+05:30,826.55,828.15,825.0,825.1,699,0
2026-08-10T13:15:00+05:30,825.05,829.5,825.0,828.6,549,0
2026-08-10T13:30:00+05:30,828.25,830.75,828.0,828.55,293,0
2026-08-10T13:45:00+05:30,828.55,829.4,828.15,828.55,190,0
2026-08-10T14:00:00+05:30,828.4,830.45,828.35,828.45,207,0
2026-08-10T14:15:00+05:30,829.15,830.45,828.05,828.25,322,0
2026-08-10T14:30:00+05:30,828.25,831.0,828.15,830.4,752,0
2026-08-10T14:45:00+05:30,828.75,831.1,828.75,830.3,332,0
2026-08-10T15:00:00+05:30,831.2,831.8,828.0,828.15,1660,0
2026-08-10T15:15:00+05:30,831.45,831.45,828.05,828.25,749,0
2026-08-11T09:15:00+05:30,836.2,836.2,823.3,826.25,825,0
2026-08-11T09:30:00+05:30,826.1,827.95,819.75,822.7,667,0
2026-08-11T09:45:00+05:30,823.4,826.4,822.85,824.3,698,0
2026-08-11T10:00:00+05:30,824.15,828.45,820.55,825.4,728,0
2026-08-11T10:15:00+05:30,825.4,825.4,820.75,823.2,798,0
2026-08-11T10:30:00+05:30,823.55,825.5,823.55,825.5,250,0
2026-08-11T10:45:00+05:30,825.5,826.35,824.4,824.45,144,0
2026-08-11T11:00:00+05:30,824.45,826.9,822.75,825.2,520,0
2026-08-11T11:15:00+05:30,823.65,830.0,822.8,827.35,1236,0
2026-08-11T11:30:00+05:30,827.1,827.5,826.9,826.9,54,0
2026-08-11T11:45:00+05:30,826.9,829.0,826.9,827.55,251,0
2026-08-11T12:00:00+05:30,827.55,828.7,827.05,828.5,100,0
2026-08-11T12:15:00+05:30,828.5,828.5,825.65,825.65,81,0
2026-08-11T12:30:00+05:30,825.6,827.45,824.25,826.4,192,0
2026-08-11T12:45:00+05:30,826.4,827.3,825.2,825.2,160,0
2026-08-11T13:00:00+05:30,825.2,828.45,825.2,825.95,190,0
2026-08-11T13:15:00+05:30,825.95,828.9,825.15,825.15,425,0
2026-08-11T13:30:00+05:30,825.0,830.0,825.0,826.2,1111,0
2026-08-11T13:45:00+05:30,826.2,826.2,823.15,824.65,1119,0
2026-08-11T14:00:00+05:30,824.65,826.7,824.65,826.0,228,0
2026-08-11T14:15:00+05:30,826.0,829.8,826.0,829.8,2143,0
2026-08-11T14:30:00+05:30,829.8,832.35,826.55,830.25,1088,0
2026-08-11T14:45:00+05:30,832.0,832.0,830.0,830.8,465,0
2026-08-11T15:00:00+05:30,830.85,834.9,830.3,833.0,2315,0
2026-08-11T15:15:00+05:30,833.05,835.5,832.0,835.0,2613,0
2026-08-12T09:15:00+05:30,836.0,836.0,825.05,828.5,607,0
2026-08-12T09:30:00+05:30,829.85,829.85,823.7,823.7,1332,0
2026-08-12T09:45:00+05:30,824.1,824.85,821.65,823.95,763,0
2026-08-12T10:00:00+05:30,823.9,824.95,815.0,821.7,2344,0
2026-08-12T10:15:00+05:30,821.75,822.5,821.2,821.2,676,0
2026-08-12T10:30:00+05:30,821.4,823.45,820.05,822.35,1653,0
2026-08-12T10:45:00+05:30,821.65,822.0,819.4,820.8,409,0
2026-08-12T11:00:00+05:30,820.95,822.25,819.2,821.65,1438,0
2026-08-12T11:15:00+05:30,820.95,820.95,819.0,819.0,894,0
2026-08-12T11:30:00+05:30,819.8,824.95,819.8,824.7,1103,0
2026-08-12T11:45:00+05:30,824.7,824.95,821.7,821.7,253,0
2026-08-12T12:00:00+05:30,821.65,822.95,819.0,819.55,1184,0
2026-08-12T12:15:00+05:30,820.45,820.8,819.2,819.55,594,0
2026-08-12T12:30:00+05:30,820.3,820.65,819.05,819.05,220,0
2026-08-12T12:45:00+05:30,819.05,820.8,815.6,816.65,2219,0
2026-08-12T13:00:00+05:30,816.55,817.45,815.0,815.6,879,0
2026-08-12T13:15:00+05:30,815.45,819.1,815.45,816.4,1078,0
2026-08-12T13:30:00+05:30,816.5,819.25,816.5,817.15,259,0
2026-08-12T13:45:00+05:30,817.15,818.3,816.15,816.7,421,0
2026-08-12T14:00:00+05:30,817.4,818.95,816.8,817.6,517,0
2026-08-12T14:15:00+05:30,817.6,817.6,809.9,812.6,2847,0
2026-08-12T14:30:00+05:30,813.6,815.1,812.8,813.95,504,0
2026-08-12T14:45:00+05:30,814.25,815.75,813.5,814.05,810,0
2026-08-12T15:00:00+05:30,814.85,814.85,810.0,810.3,2482,0
2026-08-12T15:15:00+05:30,810.05,812.2,804.75,809.5,4396,0
2026-08-13T09:15:00+05:30,809.1,817.7,790.1,816.65,1378,0
2026-08-13T09:30:00+05:30,815.5,819.2,814.35,818.4,1382,0
2026-08-13T09:45:00+05:30,818.4,819.5,816.55,817.15,659,0
2026-08-13T10:00:00+05:30,817.15,818.2,814.9,815.8,157,0
2026-08-13T10:15:00+05:30,815.8,817.0,812.65,815.3,313,0
2026-08-13T10:30:00+05:30,815.3,816.3,812.6,815.0,343,0
2026-08-13T10:45:00+05:30,815.65,817.4,814.45,816.85,379,0
2026-08-13T11:00:00+05:30,816.85,817.55,812.15,814.35,995,0
2026-08-13T11:15:00+05:30,814.35,820.1,814.35,819.4,1057,0
2026-08-13T11:30:00+05:30,819.7,825.0,819.5,821.55,831,0
2026-08-13T11:45:00+05:30,821.55,823.95,821.15,821.7,579,0
2026-08-13T12:00:00+05:30,821.55,823.55,821.2,822.4,300,0
2026-08-13T12:15:00+05:30,822.4,823.95,822.0,822.65,146,0
2026-08-13T12:30:00+05:30,822.4,822.6,815.55,818.7,875,0
2026-08-13T12:45:00+05:30,818.7,821.4,817.7,819.85,100,0
2026-08-13T13:00:00+05:30,819.95,821.3,819.45,819.5,122,0
2026-08-13T13:15:00+05:30,819.5,820.15,818.7,820.0,437,0
2026-08-13T13:30:00+05:30,820.0,822.45,820.0,820.5,163,0
2026-08-13T13:45:00+05:30,820.5,820.85,817.7,819.2,700,0
2026-08-13T14:00:00+05:30,819.9,820.8,818.8,819.25,113,0
2026-08-13T14:15:00+05:30,819.25,820.7,818.75,818.75,135,0
2026-08-13T14:30:00+05:30,819.6,820.95,818.75,819.45,500,0
2026-08-13T14:45:00+05:30,819.45,820.65,816.15,819.55,636,0
2026-08-13T15:00:00+05:30,819.45,821.0,817.9,819.0,996,0
2026-08-13T15:15:00+05:30,818.2,823.6,815.45,817.5,1194,0
2026-08-14T09:15:00+05:30,822.0,822.0,815.15,820.75,568,0
2026-08-14T09:30:00+05:30,820.05,823.15,820.05,823.15,336,0
2026-08-14T09:45:00+05:30,823.3,832.0,821.35,831.6,5642,0
2026-08-14T10:00:00+05:30,831.25,832.45,830.0,830.05,895,0
2026-08-14T10:15:00+05:30,830.0,834.6,830.0,832.1,3628,0
2026-08-14T10:30:00+05:30,831.0,833.65,830.0,830.2,1305,0
2026-08-14T10:45:00+05:30,830.45,832.1,830.45,830.6,65,0
2026-08-14T11:00:00+05:30,830.0,848.0,830.0,836.1,4789,0
2026-08-14T11:15:00+05:30,836.85,846.35,833.7,837.25,3270,0
2026-08-14T11:30:00+05:30,836.15,842.5,835.45,839.6,728,0
2026-08-14T11:45:00+05:30,839.45,841.0,837.75,840.0,684,0
2026-08-14T12:00:00+05:30,840.0,843.55,840.0,841.55,2713,0
2026-08-14T12:15:00+05:30,841.55,846.0,841.15,841.7,1108,0
2026-08-14T12:30:00+05:30,842.7,844.95,841.05,842.05,477,0
2026-08-14T12:45:00+05:30,841.15,842.5,839.0,840.25,471,0
2026-08-14T13:00:00+05:30,840.35,841.95,839.0,839.0,538,0
2026-08-14T13:15:00+05:30,839.0,839.9,836.3,837.7,677,0
2026-08-14T13:30:00+05:30,837.7,838.0,834.0,836.25,1967,0
2026-08-14T13:45:00+05:30,836.25,837.75,834.65,835.2,369,0
2026-08-14T14:00:00+05:30,835.1,845.25,834.35,836.5,3489,0
2026-08-14T14:15:00+05:30,836.4,838.45,835.8,835.9,184,0
2026-08-14T14:30:00+05:30,835.95,840.0,835.9,838.7,447,0
2026-08-14T14:45:00+05:30,839.5,840.75,836.2,838.0,788,0
2026-08-14T15:00:00+05:30,837.95,838.0,835.9,836.25,1011,0
2026-08-14T15:15:00+05:30,836.1,840.0,835.55,840.0,3003,0
2026-08-17T09:15:00+05:30,800.0,805.0,777.05,778.75,30781,0
2026-08-17T09:30:00+05:30,778.65,784.8,775.0,783.3,9476,0
2026-08-17T09:45:00+05:30,783.0,784.75,777.0,777.0,4196,0
2026-08-17T10:00:00+05:30,778.3,779.35,777.0,778.55,2649,0
2026-08-17T10:15:00+05:30,777.3,792.55,773.0,790.0,11143,0
2026-08-17T10:30:00+05:30,790.0,790.0,785.0,785.5,2586,0
2026-08-17T10:45:00+05:30,785.6,787.5,784.6,787.45,3003,0
2026-08-17T11:00:00+05:30,788.0,788.25,785.0,787.2,823,0
2026-08-17T11:15:00+05:30,787.2,793.3,785.0,792.35,3012,0
2026-08-17T11:30:00+05:30,792.0,792.0,788.55,789.7,855,0
2026-08-17T11:45:00+05:30,789.65,790.15,787.1,788.5,1009,0
2026-08-17T12:00:00+05:30,788.75,793.6,788.75,792.7,1194,0
2026-08-17T12:15:00+05:30,793.3,794.8,792.45,793.8,1291,0
2026-08-17T12:30:00+05:30,793.8,794.3,793.1,794.25,431,0
2026-08-17T12:45:00+05:30,794.25,796.25,793.3,795.3,1539,0
2026-08-17T13:00:00+05:30,796.35,797.0,793.6,797.0,2648,0
2026-08-17T13:15:00+05:30,796.6,799.0,794.4,796.05,2257,0
2026-08-17T13:30:00+05:30,796.05,796.05,793.5,795.0,439,0
2026-08-17T13:45:00+05:30,795.0,796.45,795.0,795.65,479,0
2026-08-17T14:00:00+05:30,795.0,797.3,793.75,796.15,1119,0
2026-08-17T14:15:00+05:30,796.15,796.15,794.15,795.65,409,0
2026-08-17T14:30:00+05:30,796.1,796.2,795.0,796.1,1047,0
2026-08-17T14:45:00+05:30,796.1,796.1,793.3,794.15,3520,0
2026-08-17T15:00:00+05:30,794.0,794.95,790.55,792.25,4473,0
2026-08-17T15:15:00+05:30,792.85,796.8,790.0,790.0,6727,0
2026-08-18T09:15:00+05:30,776.0,782.4,727.4,738.75,80607,0
2026-08-18T09:30:00+05:30,737.55,748.0,732.0,735.95,47105,0
2026-08-18T09:45:00+05:30,735.9,736.0,714.9,723.25,64388,0
2026-08-18T10:00:00+05:30,723.95,730.0,723.25,727.6,23994,0
2026-08-18T10:15:00+05:30,727.65,732.6,721.15,722.45,48246,0
2026-08-18T10:30:00+05:30,722.85,725.0,721.2,722.25,11599,0
2026-08-18T10:45:00+05:30,722.5,723.5,718.2,723.05,15781,0
2026-08-18T11:00:00+05:30,722.4,727.45,720.1,720.55,18956,0
2026-08-18T11:15:00+05:30,721.2,724.15,720.3,721.2,9646,0
2026-08-18T11:30:00+05:30,721.2,724.55,721.0,722.2,5837,0
2026-08-18T11:45:00+05:30,722.2,722.95,720.15,721.0,5179,0
2026-08-18T12:00:00+05:30,721.25,722.9,718.0,719.2,16455,0
2026-08-18T12:15:00+05:30,719.2,719.95,717.05,718.1,8802,0
2026-08-18T12:30:00+05:30,718.25,719.8,718.0,718.05,7861,0
2026-08-18T12:45:00+05:30,718.1,720.0,717.8,719.3,7491,0
2026-08-18T13:00:00+05:30,719.3,722.5,719.0,720.55,6101,0
2026-08-18T13:15:00+05:30,720.55,722.0,719.6,720.0,7029,0
2026-08-18T13:30:00+05:30,720.45,721.0,718.0,719.35,7037,0
2026-08-18T13:45:00+05:30,719.35,719.9,716.75,717.55,8959,0
2026-08-18T14:00:00+05:30,717.65,718.3,716.0,716.15,7907,0
2026-08-18T14:15:00+05:30,716.7,716.75,706.0,708.5,34362,0
2026-08-18T14:30:00+05:30,707.95,716.7,707.95,715.55,17099,0
2026-08-18T14:45:00+05:30,715.1,716.0,709.5,710.35,16286,0
2026-08-18T15:00:00+05:30,710.05,711.5,705.0,706.25,28846,0
2026-08-18T15:15:00+05:30,707.35,716.0,702.5,710.0,40261,0
2026-08-19T09:15:00+05:30,707.0,710.55,696.05,701.95,18847,0
2026-08-19T09:30:00+05:30,701.95,702.9,698.2,701.9,7515,0
2026-08-19T09:45:00+05:30,700.75,718.0,700.05,712.1,15144,0
2026-08-19T10:00:00+05:30,711.9,715.0,710.0,714.45,6884,0
2026-08-19T10:15:00+05:30,714.45,714.9,705.5,705.5,9635,0
2026-08-19T10:30:00+05:30,705.5,707.0,701.8,704.15,6952,0
2026-08-19T10:45:00+05:30,704.05,705.3,702.7,703.95,2575,0
2026-08-19T11:00:00+05:30,703.55,704.95,700.0,700.75,6437,0
2026-08-19T11:15:00+05:30,700.7,702.7,700.15,702.5,2355,0
2026-08-19T11:30:00+05:30,702.45,705.0,701.1,703.0,2633,0
2026-08-19T11:45:00+05:30,702.95,704.8,702.95,704.4,1403,0
2026-08-19T12:00:00+05:30,704.4,704.6,701.0,702.95,1558,0
2026-08-19T12:15:00+05:30,702.95,702.95,701.5,701.9,709,0
2026-08-19T12:30:00+05:30,701.95,701.95,701.5,701.9,1048,0
2026-08-19T12:45:00+05:30,701.9,701.9,701.5,701.9,418,0
2026-08-19T13:00:00+05:30,701.8,701.95,701.0,701.35,640,0
2026-08-19T13:15:00+05:30,701.0,701.05,700.0,700.8,1322,0
2026-08-19T13:30:00+05:30,700.8,701.65,700.05,700.05,2879,0
2026-08-19T13:45:00+05:30,700.05,701.65,700.0,700.3,1772,0
2026-08-19T14:00:00+05:30,700.3,700.3,699.4,700.0,4695,0
2026-08-19T14:15:00+05:30,700.0,700.0,698.0,698.0,2328,0
2026-08-19T14:30:00+05:30,698.0,699.6,696.0,698.35,5166,0
2026-08-19T14:45:00+05:30,698.05,699.5,697.4,698.25,1522,0
2026-08-19T15:00:00+05:30,698.3,699.85,697.25,698.75,4976,0
2026-08-19T15:15:00+05:30,698.8,699.65,697.95,698.45,2916,0
2026-08-20T09:15:00+05:30,699.55,709.7,698.55,698.55,6514,0
2026-08-20T09:30:00+05:30,698.35,699.45,696.25,696.35,5384,0
2026-08-20T09:45:00+05:30,697.15,699.25,695.1,697.0,4762,0
2026-08-20T10:00:00+05:30,698.0,698.0,693.0,696.25,3733,0
2026-08-20T10:15:00+05:30,696.0,696.25,693.85,695.0,1470,0
2026-08-20T10:30:00+05:30,694.9,697.8,692.55,697.8,2224,0
2026-08-20T10:45:00+05:30,697.1,697.1,693.6,694.5,2400,0
2026-08-20T11:00:00+05:30,694.9,694.9,693.0,694.3,4548,0
2026-08-20T11:15:00+05:30,694.3,694.95,694.15,694.8,315,0
2026-08-20T11:30:00+05:30,694.8,694.85,693.0,693.5,3344,0
2026-08-20T11:45:00+05:30,693.5,693.5,693.05,693.3,413,0
2026-08-20T12:00:00+05:30,693.3,693.75,693.0,693.4,943,0
2026-08-20T12:15:00+05:30,693.4,696.1,693.35,694.4,920,0
2026-08-20T12:30:00+05:30,694.4,696.65,694.0,694.1,784,0
2026-08-20T12:45:00+05:30,694.1,696.8,694.05,696.55,749,0
2026-08-20T13:00:00+05:30,695.8,696.45,695.2,695.5,393,0
2026-08-20T13:15:00+05:30,695.5,696.95,694.05,695.5,1357,0
2026-08-20T13:30:00+05:30,695.55,696.3,693.6,694.2,1207,0
2026-08-20T13:45:00+05:30,694.2,694.8,693.65,694.2,403,0
2026-08-20T14:00:00+05:30,694.2,695.0,693.0,694.0,3399,0
2026-08-20T14:15:00+05:30,693.95,694.7,693.1,693.55,906,0
2026-08-20T14:30:00+05:30,693.55,697.55,693.05,697.55,3505,0
2026-08-20T14:45:00+05:30,696.45,699.0,693.5,694.5,3377,0
2026-08-20T15:00:00+05:30,694.5,695.9,692.0,693.05,3429,0
2026-08-20T15:15:00+05:30,693.0,694.9,692.0,694.9,3289,0
2026-08-21T09:15:00+05:30,693.5,696.3,688.35,692.45,5638,0
2026-08-21T09:30:00+05:30,692.7,698.9,692.7,693.6,3765,0
2026-08-21T09:45:00+05:30,696.9,700.95,695.05,700.0,6381,0
2026-08-21T10:00:00+05:30,700.0,700.0,697.1,697.95,925,0
2026-08-21T10:15:00+05:30,697.95,702.85,697.65,702.8,2283,0
2026-08-21T10:30:00+05:30,702.8,704.95,702.4,704.15,2771,0
2026-08-21T10:45:00+05:30,704.15,704.15,702.3,703.8,476,0
2026-08-21T11:00:00+05:30,703.8,703.8,701.6,703.55,1176,0
2026-08-21T11:15:00+05:30,703.55,703.55,702.0,702.0,84,0
2026-08-21T11:30:00+05:30,702.0,702.0,701.55,702.0,250,0
2026-08-21T11:45:00+05:30,702.0,702.0,699.0,699.0,775,0
2026-08-21T12:00:00+05:30,699.5,700.0,698.1,698.6,1541,0
2026-08-21T12:15:00+05:30,698.1,698.25,696.45,697.95,1119,0
2026-08-21T12:30:00+05:30,697.9,699.95,697.7,699.95,490,0
2026-08-21T12:45:00+05:30,699.95,699.95,696.0,699.15,2029,0
2026-08-21T13:00:00+05:30,698.25,699.55,697.25,699.0,438,0
2026-08-21T13:15:00+05:30,698.7,698.75,696.0,696.25,1736,0
2026-08-21T13:30:00+05:30,696.05,697.45,696.0,696.0,358,0
2026-08-21T13:45:00+05:30,695.85,697.0,695.85,696.85,239,0
2026-08-21T14:00:00+05:30,696.75,697.35,690.55,694.35,4620,0
2026-08-21T14:15:00+05:30,694.35,694.9,692.05,693.85,1155,0
2026-08-21T14:30:00+05:30,693.85,696.05,693.6,695.85,1171,0
2026-08-21T14:45:00+05:30,695.1,697.0,693.95,695.95,1218,0
2026-08-21T15:00:00+05:30,695.05,697.7,693.0,694.7,2180,0
2026-08-21T15:15:00+05:30,694.7,697.7,694.7,697.0,2148,0
2026-08-24T09:15:00+05:30,688.0,690.0,665.05,687.0,49931,0
2026-08-24T09:30:00+05:30,687.6,687.6,672.0,672.05,28027,0
2026-08-24T09:45:00+05:30,672.25,675.45,672.0,674.0,5896,0
2026-08-24T10:00:00+05:30,674.0,676.4,672.3,674.75,7543,0
2026-08-24T10:15:00+05:30,674.3,675.3,670.0,671.05,18456,0
2026-08-24T10:30:00+05:30,672.1,672.15,666.0,670.85,9665,0
2026-08-24T10:45:00+05:30,670.7,670.8,667.5,669.0,2956,0
2026-08-24T11:00:00+05:30,668.15,669.95,663.5,667.45,19079,0
2026-08-24T11:15:00+05:30,667.45,667.45,663.5,666.55,7937,0
2026-08-24T11:30:00+05:30,666.3,667.6,663.6,665.3,7125,0
2026-08-24T11:45:00+05:30,666.0,667.0,665.3,666.2,2094,0
2026-08-24T12:00:00+05:30,666.85,670.8,666.2,669.6,7417,0
2026-08-24T12:15:00+05:30,669.15,669.8,664.6,667.0,6545,0
2026-08-24T12:30:00+05:30,666.75,667.8,664.0,664.6,6926,0
2026-08-24T12:45:00+05:30,664.7,667.9,663.5,666.25,6495,0
2026-08-24T13:00:00+05:30,665.95,666.8,664.45,664.5,3737,0
2026-08-24T13:15:00+05:30,665.0,665.55,660.0,661.25,17056,0
2026-08-24T13:30:00+05:30,661.25,661.4,655.0,658.25,20201,0
2026-08-24T13:45:00+05:30,658.25,659.15,652.7,653.9,12273,0
2026-08-24T14:00:00+05:30,653.8,658.0,652.5,658.0,10951,0
2026-08-24T14:15:00+05:30,657.35,658.45,654.9,656.7,5951,0
2026-08-24T14:30:00+05:30,655.85,657.6,655.0,655.3,4121,0
2026-08-24T14:45:00+05:30,655.65,657.8,653.0,655.05,11349,0
2026-08-24T15:00:00+05:30,655.05,655.05,649.0,651.05,20343,0
2026-08-24T15:15:00+05:30,651.05,652.35,645.3,649.7,24689,0
2026-08-25T09:15:00+05:30,649.6,654.95,643.5,652.0,20396,0
2026-08-25T09:30:00+05:30,652.5,652.5,648.0,648.05,7459,0
2026-08-25T09:45:00+05:30,649.15,649.5,646.45,649.0,2045,0
2026-08-25T10:00:00+05:30,649.0,652.0,648.5,651.0,4648,0
2026-08-25T10:15:00+05:30,651.0,659.95,649.1,659.0,9637,0
2026-08-25T10:30:00+05:30,659.0,659.9,656.4,659.5,5643,0
2026-08-25T10:45:00+05:30,659.5,662.7,658.85,660.55,7692,0
2026-08-25T11:00:00+05:30,660.6,665.0,660.0,662.85,6227,0
2026-08-25T11:15:00+05:30,662.35,663.5,659.45,659.8,3315,0
2026-08-25T11:30:00+05:30,660.6,661.0,655.1,656.2,5125,0
2026-08-25T11:45:00+05:30,656.1,657.1,650.2,652.9,6744,0
2026-08-25T12:00:00+05:30,651.95,653.4,650.6,651.55,2301,0
2026-08-25T12:15:00+05:30,652.0,653.25,650.55,651.45,3261,0
2026-08-25T12:30:00+05:30,652.15,652.15,650.0,650.65,1900,0
2026-08-25T12:45:00+05:30,651.35,652.0,650.0,651.4,803,0
2026-08-25T13:00:00+05:30,650.8,651.9,650.75,651.05,804,0
2026-08-25T13:15:00+05:30,651.05,652.0,651.0,651.0,1115,0
2026-08-25T13:30:00+05:30,651.0,651.75,650.55,650.95,329,0
2026-08-25T13:45:00+05:30,650.95,653.8,650.95,652.5,2896,0
2026-08-25T14:00:00+05:30,652.45,654.0,648.15,650.3,6398,0
2026-08-25T14:15:00+05:30,650.4,652.75,648.65,651.65,3068,0
2026-08-25T14:30:00+05:30,651.65,653.3,651.65,652.9,1917,0
2026-08-25T14:45:00+05:30,652.9,655.0,650.0,650.5,4981,0
2026-08-25T15:00:00+05:30,651.2,653.8,650.0,652.3,5082,0
2026-08-25T15:15:00+05:30,651.6,654.35,650.0,650.0,7270,0
2026-08-26T09:15:00+05:30,651.1,656.95,648.0,653.55,2414,0
2026-08-26T09:30:00+05:30,654.15,654.6,651.35,652.3,2416,0
2026-08-26T09:45:00+05:30,652.3,655.8,651.4,651.4,2046,0
2026-08-26T10:00:00+05:30,652.9,654.3,651.8,654.3,1355,0
2026-08-26T10:15:00+05:30,653.35,654.8,651.9,654.55,1075,0
2026-08-26T10:30:00+05:30,653.85,654.85,652.65,652.75,644,0
2026-08-26T10:45:00+05:30,653.7,654.8,652.15,654.7,4610,0
2026-08-26T11:00:00+05:30,654.7,654.7,627.0,630.0,88542,0
2026-08-26T11:15:00+05:30,630.55,634.6,625.0,632.2,39364,0
2026-08-26T11:30:00+05:30,632.75,634.9,630.8,630.8,10925,0
2026-08-26T11:45:00+05:30,631.0,632.45,629.0,629.95,8544,0
2026-08-26T12:00:00+05:30,630.0,631.85,626.85,627.55,14509,0
2026-08-26T12:15:00+05:30,628.0,629.8,627.0,627.0,5022,0
2026-08-26T12:30:00+05:30,627.4,628.6,625.1,626.05,13921,0
2026-08-26T12:45:00+05:30,626.55,627.8,624.5,625.0,9340,0
2026-08-26T13:00:00+05:30,624.65,627.9,620.0,621.5,29850,0
2026-08-26T13:15:00+05:30,621.5,630.0,620.0,628.5,16594,0
2026-08-26T13:30:00+05:30,628.55,634.0,627.0,632.0,14862,0
2026-08-26T13:45:00+05:30,632.25,634.25,632.0,633.6,8228,0
2026-08-26T14:00:00+05:30,633.7,637.95,633.35,634.1,10214,0
2026-08-26T14:15:00+05:30,634.1,635.0,632.05,633.95,4390,0
2026-08-26T14:30:00+05:30,633.95,635.0,632.35,633.0,9400,0
2026-08-26T14:45:00+05:30,632.7,634.0,632.5,632.55,4873,0
2026-08-26T15:00:00+05:30,632.95,637.1,632.55,635.0,15178,0
2026-08-26T15:15:00+05:30,635.35,637.5,634.6,634.6,20623,0
2026-08-27T09:15:00+05:30,635.1,639.9,632.05,633.8,6921,0
2026-08-27T09:30:00+05:30,633.8,634.95,633.0,634.05,1420,0
2026-08-27T09:45:00+05:30,633.25,634.0,630.05,631.5,4389,0
2026-08-27T10:00:00+05:30,631.5,631.9,631.15,631.9,1132,0
2026-08-27T10:15:00+05:30,631.55,632.1,630.65,631.6,2504,0
2026-08-27T10:30:00+05:30,631.6,632.95,630.0,631.4,1338,0
2026-08-27T10:45:00+05:30,631.0,632.05,630.5,630.5,522,0
2026-08-27T11:00:00+05:30,630.5,632.45,630.15,630.85,3031,0
2026-08-27T11:15:00+05:30,630.9,633.0,630.85,632.25,2646,0
2026-08-27T11:30:00+05:30,632.35,643.8,631.75,641.25,7658,0
2026-08-27T11:45:00+05:30,641.65,643.4,640.55,641.5,5620,0
2026-08-27T12:00:00+05:30,641.45,642.8,636.2,640.45,15701,0
2026-08-27T12:15:00+05:30,640.1,640.35,637.4,639.75,2671,0
2026-08-27T12:30:00+05:30,639.75,640.85,639.15,639.65,2501,0
2026-08-27T12:45:00+05:30,640.0,640.9,639.1,640.0,4027,0
2026-08-27T13:00:00+05:30,639.5,640.85,638.05,640.5,5118,0
2026-08-27T13:15:00+05:30,639.7,641.0,638.4,640.75,8380,0
2026-08-27T13:30:00+05:30,640.25,640.35,636.95,639.25,16573,0
2026-08-27T13:45:00+05:30,640.45,640.45,636.65,638.25,26288,0
2026-08-27T14:00:00+05:30,638.7,642.1,638.3,640.4,59367,0
2026-08-27T14:15:00+05:30,641.2,642.0,635.3,636.15,9816,0
2026-08-27T14:30:00+05:30,636.1,637.7,635.75,636.4,1623,0
2026-08-27T14:45:00+05:30,636.4,638.3,636.4,638.0,1382,0
2026-08-27T15:00:00+05:30,638.0,639.85,635.95,636.9,3715,0
2026-08-27T15:15:00+05:30,636.9,637.9,635.0,636.3,5700,0
2026-08-28T09:15:00+05:30,638.0,643.95,630.05,638.15,4400,0
2026-08-28T09:30:00+05:30,638.85,639.0,635.6,637.05,1248,0
2026-08-28T09:45:00+05:30,637.0,638.2,635.75,636.3,2383,0
2026-08-28T10:00:00+05:30,636.5,637.6,635.2,636.1,1319,0
2026-08-28T10:15:00+05:30,636.1,639.5,636.0,639.5,3582,0
2026-08-28T10:30:00+05:30,639.15,646.95,638.7,646.0,7408,0
2026-08-28T10:45:00+05:30,646.05,646.05,642.6,643.5,2647,0
2026-08-28T11:00:00+05:30,642.75,647.75,642.75,644.2,4390,0
2026-08-28T11:15:00+05:30,644.2,645.0,643.25,644.25,2390,0
2026-08-28T11:30:00+05:30,643.75,645.0,642.8,642.8,1630,0
2026-08-28T11:45:00+05:30,643.15,643.95,642.2,642.3,4649,0
2026-08-28T12:00:00+05:30,642.3,642.9,640.85,640.85,1510,0
2026-08-28T12:15:00+05:30,640.85,642.4,640.05,640.75,723,0
2026-08-28T12:30:00+05:30,640.75,642.7,640.55,640.55,1245,0
2026-08-28T12:45:00+05:30,640.55,641.95,637.6,640.0,18598,0
2026-08-28T13:00:00+05:30,639.75,640.55,636.05,638.3,1625,0
2026-08-28T13:15:00+05:30,638.3,640.6,638.3,640.45,826,0
2026-08-28T13:30:00+05:30,639.55,642.0,639.15,640.75,1478,0
2026-08-28T13:45:00+05:30,639.85,641.4,639.3,639.5,447,0
2026-08-28T14:00:00+05:30,639.4,641.3,639.05,640.0,742,0
2026-08-28T14:15:00+05:30,640.0,641.85,639.55,641.2,1383,0
2026-08-28T14:30:00+05:30,641.65,642.35,640.05,640.65,1030,0
2026-08-28T14:45:00+05:30,640.65,642.25,638.05,639.55,2906,0
2026-08-28T15:00:00+05:30,639.85,645.0,636.5,638.75,8032,0
2026-08-28T15:15:00+05:30,638.75,641.85,637.0,640.0,4217,0
2026-08-31T09:15:00+05:30,646.05,648.0,635.0,635.0,8569,0
2026-08-31T09:30:00+05:30,635.55,636.3,633.0,633.0,1247,0
2026-08-31T09:45:00+05:30,634.1,634.25,629.65,631.0,8716,0
2026-08-31T10:00:00+05:30,631.35,632.45,629.0,629.0,805,0
2026-08-31T10:15:00+05:30,629.0,629.75,627.35,629.15,1469,0
2026-08-31T10:30:00+05:30,628.35,630.05,627.65,628.05,3425,0
2026-08-31T10:45:00+05:30,628.0,630.4,628.0,628.55,710,0
2026-08-31T11:00:00+05:30,629.9,630.45,628.75,629.0,885,0
2026-08-31T11:15:00+05:30,629.4,631.9,629.4,631.75,550,0
2026-08-31T11:30:00+05:30,631.15,632.95,630.05,632.95,1612,0
2026-08-31T11:45:00+05:30,632.95,636.35,631.8,634.0,809,0
2026-08-31T12:00:00+05:30,634.0,634.5,632.0,634.25,629,0
2026-08-31T12:15:00+05:30,634.25,634.25,633.15,634.0,73,0
2026-08-31T12:30:00+05:30,633.95,635.4,630.0,631.15,4468,0
2026-08-31T12:45:00+05:30,632.3,634.95,631.2,633.1,1358,0
2026-08-31T13:00:00+05:30,633.1,635.45,627.6,627.65,6797,0
2026-08-31T13:15:00+05:30,627.65,629.45,627.65,629.2,828,0
2026-08-31T13:30:00+05:30,629.2,629.2,625.5,626.0,1812,0
2026-08-31T13:45:00+05:30,626.0,626.85,624.1,625.65,1815,0
2026-08-31T14:00:00+05:30,625.65,625.95,622.5,622.5,4430,0
2026-08-31T14:15:00+05:30,623.0,623.0,621.2,622.35,2649,0
2026-08-31T14:30:00+05:30,621.8,622.0,618.45,618.75,4258,0
2026-08-31T14:45:00+05:30,618.75,620.0,615.6,618.0,6912,0
2026-08-31T15:00:00+05:30,617.95,620.0,617.8,620.0,4554,0
2026-08-31T15:15:00+05:30,619.9,620.0,615.05,619.5,5739,0
2026-09-01T09:15:00+05:30,620.7,621.3,613.55,617.35,5820,0
2026-09-01T09:30:00+05:30,618.0,620.9,618.0,618.2,1740,0
2026-09-01T09:45:00+05:30,618.6,619.45,615.2,617.0,5701,0
2026-09-01T10:00:00+05:30,617.0,618.5,616.5,618.45,198,0
2026-09-01T10:15:00+05:30,618.0,621.8,617.9,620.75,1226,0
2026-09-01T10:30:00+05:30,621.4,623.45,620.65,622.0,2178,0
2026-09-01T10:45:00+05:30,622.0,623.75,620.5,623.75,242,0
2026-09-01T11:00:00+05:30,623.75,627.0,619.9,621.25,3549,0
2026-09-01T11:15:00+05:30,621.15,621.9,620.0,621.2,1203,0
2026-09-01T11:30:00+05:30,620.25,622.4,620.25,622.1,379,0
2026-09-01T11:45:00+05:30,621.25,622.1,620.25,620.7,1039,0
2026-09-01T12:00:00+05:30,620.8,624.2,620.75,621.9,1233,0
2026-09-01T12:15:00+05:30,622.05,627.0,622.05,625.6,2383,0
2026-09-01T12:30:00+05:30,625.7,627.9,625.3,626.75,722,0
2026-09-01T12:45:00+05:30,626.75,626.75,623.9,624.2,1314,0
2026-09-01T13:00:00+05:30,624.2,627.1,622.8,625.6,2532,0
2026-09-01T13:15:00+05:30,624.9,626.35,624.9,625.15,258,0
2026-09-01T13:30:00+05:30,625.15,627.25,625.15,625.55,233,0
2026-09-01T13:45:00+05:30,625.6,626.95,622.85,624.05,825,0
2026-09-01T14:00:00+05:30,624.85,624.9,616.05,617.65,2486,0
2026-09-01T14:15:00+05:30,618.7,621.2,617.6,620.8,1058,0
2026-09-01T14:30:00+05:30,620.9,621.7,612.25,612.3,10769,0
2026-09-01T14:45:00+05:30,612.3,613.45,606.7,612.1,8478,0
2026-09-01T15:00:00+05:30,613.45,615.8,611.5,612.75,6419,0
2026-09-01T15:15:00+05:30,612.75,614.0,607.1,612.0,8441,0
2026-09-02T09:15:00+05:30,606.05,611.65,601.3,604.1,6800,0
2026-09-02T09:30:00+05:30,604.1,606.4,602.05,604.25,3441,0
2026-09-02T09:45:00+05:30,604.3,605.3,600.0,602.35,4733,0
2026-09-02T10:00:00+05:30,602.95,604.4,602.0,602.75,1606,0
2026-09-02T10:15:00+05:30,602.75,604.0,601.0,602.0,2606,0
2026-09-02T10:30:00+05:30,602.5,602.5,600.2,600.7,3549,0
2026-09-02T10:45:00+05:30,600.7,600.85,597.1,597.5,8585,0
2026-09-02T11:00:00+05:30,597.95,598.0,594.0,595.7,12400,0
2026-09-02T11:15:00+05:30,595.95,597.4,594.3,596.0,2448,0
2026-09-02T11:30:00+05:30,595.7,596.45,593.9,594.5,9203,0
2026-09-02T11:45:00+05:30,594.9,596.4,593.75,593.9,3683,0
2026-09-02T12:00:00+05:30,593.9,595.5,593.9,594.9,3334,0
2026-09-02T12:15:00+05:30,594.1,594.9,591.8,592.55,4231,0
2026-09-02T12:30:00+05:30,592.0,595.45,590.0,591.4,7960,0
2026-09-02T12:45:00+05:30,591.4,594.4,591.0,593.8,4521,0
2026-09-02T13:00:00+05:30,593.7,597.4,593.7,597.4,4138,0
2026-09-02T13:15:00+05:30,597.3,601.95,596.65,596.9,5497,0
2026-09-02T13:30:00+05:30,597.65,599.65,596.05,599.2,2768,0
2026-09-02T13:45:00+05:30,598.55,600.95,597.65,598.0,1888,0
2026-09-02T14:00:00+05:30,597.95,599.7,597.95,598.4,645,0
2026-09-02T14:15:00+05:30,598.45,601.4,598.2,599.0,1828,0
2026-09-02T14:30:00+05:30,598.3,600.95,598.2,599.65,2352,0
2026-09-02T14:45:00+05:30,599.65,602.15,599.65,601.0,1639,0
2026-09-02T15:00:00+05:30,600.4,601.8,598.45,600.65,3023,0
2026-09-02T15:15:00+05:30,601.4,606.95,600.65,602.8,4424,0
2026-09-03T09:15:00+05:30,602.75,608.9,602.75,606.95,4792,0
2026-09-03T09:30:00+05:30,606.95,606.95,600.2,603.15,3813,0
2026-09-03T09:45:00+05:30,603.15,604.3,600.9,601.2,4378,0
2026-09-03T10:00:00+05:30,602.1,602.65,600.3,601.5,2002,0
2026-09-03T10:15:00+05:30,601.5,601.85,600.75,600.75,1092,0
2026-09-03T10:30:00+05:30,601.05,601.45,596.1,598.05,2472,0
2026-09-03T10:45:00+05:30,598.9,599.7,597.6,598.4,1445,0
2026-09-03T11:00:00+05:30,599.1,599.1,595.2,595.5,1566,0
2026-09-03T11:15:00+05:30,595.5,597.95,595.5,597.95,3072,0
2026-09-03T11:30:00+05:30,597.35,599.1,597.15,598.3,1290,0
2026-09-03T11:45:00+05:30,599.1,599.1,597.35,597.9,280,0
2026-09-03T12:00:00+05:30,598.0,598.8,596.35,597.25,1344,0
2026-09-03T12:15:00+05:30,597.25,599.0,596.0,596.0,1683,0
2026-09-03T12:30:00+05:30,595.85,597.7,595.05,596.3,1657,0
2026-09-03T12:45:00+05:30,596.35,598.8,596.35,597.85,486,0
2026-09-03T13:00:00+05:30,597.85,598.8,597.3,597.4,1369,0
2026-09-03T13:15:00+05:30,597.5,598.95,597.4,598.4,2028,0
2026-09-03T13:30:00+05:30,597.55,601.5,597.25,598.15,5389,0
2026-09-03T13:45:00+05:30,598.0,598.9,596.0,596.15,1365,0
2026-09-03T14:00:00+05:30,596.15,596.8,595.6,596.75,809,0
2026-09-03T14:15:00+05:30,595.6,597.35,595.05,597.0,1350,0
2026-09-03T14:30:00+05:30,597.05,597.45,596.1,596.4,951,0
2026-09-03T14:45:00+05:30,596.1,597.5,596.1,596.85,864,0
2026-09-03T15:00:00+05:30,597.2,598.9,596.55,597.3,3465,0
2026-09-03T15:15:00+05:30,597.4,597.9,591.35,593.9,9724,0
