timestamp,open,high,low,close,volume,oi
2026-02-26T09:15:00+05:30,484.65,500.0,484.65,492.0,1418,0
2026-02-26T09:30:00+05:30,492.0,497.95,492.0,497.0,520,0
2026-02-26T09:45:00+05:30,497.0,502.9,497.0,502.9,727,0
2026-02-26T10:00:00+05:30,502.85,502.85,500.0,500.0,1526,0
2026-02-26T10:15:00+05:30,501.5,501.5,500.0,501.5,217,0
2026-02-26T10:30:00+05:30,501.5,504.0,501.5,503.0,808,0
2026-02-26T10:45:00+05:30,503.0,503.0,501.0,503.0,84,0
2026-02-26T11:00:00+05:30,503.0,503.0,501.0,501.0,55,0
2026-02-26T11:15:00+05:30,501.0,501.0,497.75,497.75,361,0
2026-02-26T11:30:00+05:30,497.0,498.0,497.0,497.0,216,0
2026-02-26T11:45:00+05:30,497.0,497.0,495.0,497.0,425,0
2026-02-26T12:00:00+05:30,497.0,497.25,494.0,494.0,1102,0
2026-02-26T12:15:00+05:30,494.0,495.0,493.2,495.0,330,0
2026-02-26T12:30:00+05:30,495.0,495.0,493.2,495.0,214,0
2026-02-26T12:45:00+05:30,495.0,495.0,495.0,495.0,84,0
2026-02-26T13:00:00+05:30,495.0,495.0,493.5,495.0,33,0
2026-02-26T13:15:00+05:30,495.0,495.0,493.5,495.0,52,0
2026-02-26T13:30:00+05:30,495.0,495.0,495.0,495.0,49,0
2026-02-26T13:45:00+05:30,495.0,495.0,495.0,495.0,17,0
2026-02-26T14:00:00+05:30,495.0,495.0,492.6,495.0,1665,0
2026-02-26T14:15:00+05:30,495.0,495.0,494.05,494.5,370,0
2026-02-26T14:30:00+05:30,494.5,495.0,494.5,495.0,152,0
2026-02-26T14:45:00+05:30,495.0,495.0,494.0,495.0,150,0
2026-02-26T15:00:00+05:30,495.0,495.0,494.0,495.0,465,0
2026-02-26T15:15:00+05:30,495.0,499.5,494.0,496.0,2112,0
2026-02-27T09:15:00+05:30,504.9,504.9,491.2,495.0,169,0
2026-02-27T09:30:00+05:30,500.0,510.0,495.0,496.05,2752,0
2026-02-27T09:45:00+05:30,505.95,506.0,497.3,499.05,265,0
2026-02-27T10:00:00+05:30,505.0,506.5,499.0,500.0,513,0
2026-02-27T10:15:00+05:30,500.0,505.0,496.0,505.0,356,0
2026-02-27T10:30:00+05:30,500.0,505.0,497.5,505.0,174,0
2026-02-27T10:45:00+05:30,505.0,505.0,497.0,497.0,140,0
2026-02-27T11:00:00+05:30,497.0,500.0,495.1,500.0,108,0
2026-02-27T11:15:00+05:30,500.0,500.0,500.0,500.0,27,0
2026-02-27T11:30:00+05:30,500.0,500.0,495.55,500.0,96,0
2026-02-27T11:45:00+05:30,500.0,500.0,500.0,500.0,2,0
2026-02-27T12:00:00+05:30,500.0,500.0,500.0,500.0,15,0
2026-02-27T12:15:00+05:30,500.0,500.0,499.9,500.0,25,0
2026-02-27T12:30:00+05:30,500.0,500.0,495.75,496.0,109,0
2026-02-27T12:45:00+05:30,496.0,499.9,496.0,499.9,3,0
2026-02-27T13:00:00+05:30,499.9,499.95,499.9,499.95,572,0
2026-02-27T13:15:00+05:30,499.95,500.0,496.0,500.0,295,0
2026-02-27T13:30:00+05:30,500.0,504.0,500.0,503.0,765,0
2026-02-27T13:45:00+05:30,503.0,505.0,501.0,501.0,461,0
2026-02-27T14:00:00+05:30,501.0,509.0,500.0,509.0,485,0
2026-02-27T14:15:00+05:30,509.0,509.5,500.2,500.2,260,0
2026-02-27T14:30:00+05:30,500.2,505.0,500.2,505.0,104,0
2026-02-27T14:45:00+05:30,505.0,505.0,505.0,505.0,353,0
2026-02-27T15:00:00+05:30,505.0,510.0,501.5,505.0,873,0
2026-02-27T15:15:00+05:30,505.0,505.0,502.6,502.8,1008,0
2026-03-02T09:15:00+05:30,499.0,499.0,481.0,492.5,3087,0
2026-03-02T09:30:00+05:30,492.5,495.0,490.0,495.0,304,0
2026-03-02T09:45:00+05:30,495.0,499.0,486.6,497.9,997,0
2026-03-02T10:00:00+05:30,497.9,499.0,493.0,493.0,1358,0
2026-03-02T10:15:00+05:30,493.0,498.65,490.0,498.65,243,0
2026-03-02T10:30:00+05:30,498.65,499.0,490.0,491.0,4389,0
2026-03-02T10:45:00+05:30,498.0,498.0,490.05,492.0,210,0
2026-03-02T11:00:00+05:30,492.0,497.0,491.0,497.0,21,0
2026-03-02T11:15:00+05:30,497.0,497.0,491.0,491.0,18,0
2026-03-02T11:30:00+05:30,495.95,495.95,490.25,491.0,202,0
2026-03-02T11:45:00+05:30,491.0,495.5,491.0,491.0,401,0
2026-03-02T12:00:00+05:30,491.0,497.95,491.0,497.9,161,0
2026-03-02T12:15:00+05:30,497.9,497.9,491.0,491.0,238,0
2026-03-02T12:30:00+05:30,491.0,491.2,490.25,491.2,234,0
2026-03-02T12:45:00+05:30,491.2,497.8,490.05,495.0,151,0
2026-03-02T13:00:00+05:30,490.05,495.0,487.0,487.0,145,0
2026-03-02T13:15:00+05:30,487.0,487.05,487.0,487.0,100,0
2026-03-02T13:30:00+05:30,487.0,487.1,487.0,487.1,2,0
2026-03-02T13:45:00+05:30,487.1,494.0,487.1,488.1,201,0
2026-03-02T14:00:00+05:30,493.0,494.95,487.9,494.95,326,0
2026-03-02T14:15:00+05:30,494.95,494.95,494.95,494.95,2,0
2026-03-02T14:30:00+05:30,494.95,494.95,488.6,494.9,60,0
2026-03-02T14:45:00+05:30,490.3,490.3,488.0,488.0,922,0
2026-03-02T15:00:00+05:30,488.0,490.0,488.0,490.0,390,0
2026-03-02T15:15:00+05:30,490.0,493.9,488.25,489.0,879,0
2026-03-04T09:15:00+05:30,480.0,485.0,466.5,478.0,2385,0
2026-03-04T09:30:00+05:30,473.0,475.0,471.3,475.0,922,0
2026-03-04T09:45:00+05:30,475.0,477.0,475.0,475.0,336,0
2026-03-04T10:00:00+05:30,475.0,476.95,475.0,476.95,95,0
2026-03-04T10:15:00+05:30,476.95,476.95,468.0,470.0,1909,0
2026-03-04T10:30:00+05:30,470.0,474.75,470.0,473.8,1724,0
2026-03-04T10:45:00+05:30,473.8,473.8,470.0,470.0,1155,0
2026-03-04T11:00:00+05:30,470.0,470.0,470.0,470.0,379,0
2026-03-04T11:15:00+05:30,470.0,470.0,469.15,469.15,191,0
2026-03-04T11:30:00+05:30,469.15,470.0,469.15,469.15,170468,0
2026-03-04T11:45:00+05:30,469.15,473.85,467.0,473.0,1141,0
2026-03-04T12:00:00+05:30,473.0,473.0,465.2,470.0,2204,0
2026-03-04T12:15:00+05:30,470.0,470.0,469.0,469.0,293,0
2026-03-04T12:30:00+05:30,469.0,469.0,466.0,466.1,4233,0
2026-03-04T12:45:00+05:30,466.1,469.05,466.1,469.0,2081,0
2026-03-04T13:00:00+05:30,469.0,472.0,468.0,470.0,786,0
2026-03-04T13:15:00+05:30,470.0,474.0,470.0,474.0,614,0
2026-03-04T13:30:00+05:30,474.0,474.0,474.0,474.0,63,0
2026-03-04T13:45:00+05:30,474.0,476.6,474.0,476.4,466,0
2026-03-04T14:00:00+05:30,476.4,476.4,470.0,470.1,524,0
2026-03-04T14:15:00+05:30,470.1,476.95,470.1,475.25,162,0
2026-03-04T14:30:00+05:30,476.9,476.9,471.0,476.8,81,0
2026-03-04T14:45:00+05:30,476.8,476.8,470.4,475.0,185,0
2026-03-04T15:00:00+05:30,475.0,475.0,466.1,468.0,6888,0
2026-03-04T15:15:00+05:30,469.0,470.95,466.0,469.0,3001,0
2026-03-05T09:15:00+05:30,472.8,474.0,470.6,473.0,1004,0
2026-03-05T09:30:00+05:30,473.0,473.0,470.0,470.85,571,0
2026-03-05T09:45:00+05:30,470.0,470.85,469.0,470.0,287,0
2026-03-05T10:00:00+05:30,470.0,470.0,468.0,469.95,144,0
2026-03-05T10:15:00+05:30,469.95,469.95,468.0,468.0,150235,0
2026-03-05T10:30:00+05:30,468.0,469.95,468.0,469.0,29,0
2026-03-05T10:45:00+05:30,469.0,469.0,469.0,469.0,42,0
2026-03-05T11:00:00+05:30,469.0,469.95,469.0,469.95,165,0
2026-03-05T11:15:00+05:30,468.5,469.95,468.5,469.0,33,0
2026-03-05T11:30:00+05:30,469.0,469.0,468.0,468.0,783,0
2026-03-05T11:45:00+05:30,468.0,469.0,467.5,469.0,525,0
2026-03-05T12:00:00+05:30,469.0,469.95,468.0,469.95,525,0
2026-03-05T12:15:00+05:30,469.95,470.0,468.0,468.0,107,0
2026-03-05T12:30:00+05:30,468.0,468.0,468.0,468.0,0,0
2026-03-05T12:45:00+05:30,468.0,468.0,468.0,468.0,18,0
2026-03-05T13:00:00+05:30,468.0,470.0,468.0,470.0,265,0
2026-03-05T13:15:00+05:30,470.0,470.0,468.0,468.0,25,0
2026-03-05T13:30:00+05:30,468.0,468.0,466.1,466.1,215,0
2026-03-05T13:45:00+05:30,469.95,469.95,466.0,466.1,241,0
2026-03-05T14:00:00+05:30,469.45,473.2,466.0,470.1,1465,0
2026-03-05T14:15:00+05:30,468.5,469.0,468.5,469.0,2520,0
2026-03-05T14:30:00+05:30,469.0,474.0,469.0,474.0,1049,0
2026-03-05T14:45:00+05:30,474.0,482.0,474.0,476.0,1508,0
2026-03-05T15:00:00+05:30,476.0,485.0,476.0,485.0,2408,0
2026-03-05T15:15:00+05:30,485.0,485.9,481.0,484.0,965,0
2026-03-06T09:15:00+05:30,484.0,487.0,477.1,484.0,100,0
2026-03-06T09:30:00+05:30,484.0,487.0,477.1,486.0,41,0
2026-03-06T09:45:00+05:30,486.0,488.8,481.0,488.8,470,0
2026-03-06T10:00:00+05:30,488.8,488.8,481.2,481.2,101,0
2026-03-06T10:15:00+05:30,481.2,489.0,481.2,488.95,372,0
2026-03-06T10:30:00+05:30,488.95,488.95,481.6,481.6,272,0
2026-03-06T10:45:00+05:30,481.6,484.95,477.25,484.95,551,0
2026-03-06T11:00:00+05:30,484.95,484.95,484.95,484.95,7,0
2026-03-06T11:15:00+05:30,484.95,484.95,477.25,477.25,117,0
2026-03-06T11:30:00+05:30,477.25,484.9,477.25,477.5,47,0
2026-03-06T11:45:00+05:30,477.5,483.9,477.5,477.6,51,0
2026-03-06T12:00:00+05:30,477.6,483.95,477.6,483.95,192,0
2026-03-06T12:15:00+05:30,483.95,483.95,483.95,483.95,5,0
2026-03-06T12:30:00+05:30,483.95,484.0,483.95,483.95,50,0
2026-03-06T12:45:00+05:30,483.95,483.95,483.95,483.95,0,0
2026-03-06T13:00:00+05:30,483.95,483.95,483.95,483.95,22,0
2026-03-06T13:15:00+05:30,483.95,483.95,483.95,483.95,0,0
2026-03-06T13:30:00+05:30,483.95,483.95,483.9,483.9,1,0
2026-03-06T13:45:00+05:30,483.9,484.0,483.9,484.0,137,0
2026-03-06T14:00:00+05:30,484.0,484.0,481.0,481.0,250,0
2026-03-06T14:15:00+05:30,481.0,484.0,470.0,480.0,1085,0
2026-03-06T14:30:00+05:30,480.0,484.0,480.0,484.0,502,0
2026-03-06T14:45:00+05:30,484.0,484.0,483.0,483.0,1000,0
2026-03-06T15:00:00+05:30,483.0,485.0,481.0,485.0,871,0
2026-03-06T15:15:00+05:30,481.0,484.95,481.0,482.25,89,0
2026-03-09T09:15:00+05:30,468.0,477.0,460.2,466.0,1263,0
2026-03-09T09:30:00+05:30,469.8,470.9,460.0,468.0,1930,0
2026-03-09T09:45:00+05:30,468.0,468.0,462.3,463.5,744,0
2026-03-09T10:00:00+05:30,463.5,463.5,462.0,463.0,694,0
2026-03-09T10:15:00+05:30,463.0,463.0,461.85,461.85,297,0
2026-03-09T10:30:00+05:30,462.0,463.0,461.4,462.0,492,0
2026-03-09T10:45:00+05:30,462.0,462.0,462.0,462.0,288,0
2026-03-09T11:00:00+05:30,462.0,463.55,460.3,463.5,2870,0
2026-03-09T11:15:00+05:30,463.5,463.5,463.5,463.5,111,0
2026-03-09T11:30:00+05:30,463.5,463.5,463.5,463.5,14,0
2026-03-09T11:45:00+05:30,463.5,469.0,463.5,468.9,1764,0
2026-03-09T12:00:00+05:30,468.9,468.9,467.95,467.95,23,0
2026-03-09T12:15:00+05:30,467.95,467.95,465.8,465.8,12,0
2026-03-09T12:30:00+05:30,465.8,467.0,463.5,463.5,1553,0
2026-03-09T12:45:00+05:30,463.5,467.0,463.5,467.0,61,0
2026-03-09T13:00:00+05:30,467.0,467.0,467.0,467.0,0,0
2026-03-09T13:15:00+05:30,467.0,467.0,463.5,465.0,76,0
2026-03-09T13:30:00+05:30,465.0,465.0,463.5,465.0,261,0
2026-03-09T13:45:00+05:30,465.0,465.0,458.9,458.9,4478,0
2026-03-09T14:00:00+05:30,458.9,464.95,458.9,464.95,66,0
2026-03-09T14:15:00+05:30,464.95,464.95,458.9,459.0,1404,0
2026-03-09T14:30:00+05:30,459.0,464.4,459.0,459.0,46,0
2026-03-09T14:45:00+05:30,464.4,464.4,464.4,464.4,253,0
2026-03-09T15:00:00+05:30,464.4,464.4,458.9,458.9,822,0
2026-03-09T15:15:00+05:30,458.9,464.9,458.9,464.9,390,0
2026-03-10T09:15:00+05:30,464.9,469.0,464.9,466.3,489,0
2026-03-10T09:30:00+05:30,466.8,466.8,466.0,466.75,164,0
2026-03-10T09:45:00+05:30,466.75,466.75,464.0,466.75,83,0
2026-03-10T10:00:00+05:30,466.75,469.0,466.0,466.0,157,0
2026-03-10T10:15:00+05:30,467.0,467.0,461.0,461.0,1279,0
2026-03-10T10:30:00+05:30,461.0,467.0,461.0,467.0,101,0
2026-03-10T10:45:00+05:30,467.0,468.0,465.0,465.0,860,0
2026-03-10T11:00:00+05:30,465.0,468.0,461.5,468.0,598,0
2026-03-10T11:15:00+05:30,468.0,468.0,468.0,468.0,127,0
2026-03-10T11:30:00+05:30,468.0,468.0,465.0,465.0,219,0
2026-03-10T11:45:00+05:30,465.0,466.0,465.0,466.0,200,0
2026-03-10T12:00:00+05:30,466.0,466.0,465.5,465.5,992,0
2026-03-10T12:15:00+05:30,465.5,465.5,465.5,465.5,95,0
2026-03-10T12:30:00+05:30,465.5,465.5,465.0,465.5,101,0
2026-03-10T12:45:00+05:30,465.5,465.5,461.5,464.5,478,0
2026-03-10T13:00:00+05:30,464.5,464.5,450.0,451.2,2408,0
2026-03-10T13:15:00+05:30,451.2,463.95,451.2,463.5,1172,0
2026-03-10T13:30:00+05:30,463.5,463.5,463.5,463.5,25,0
2026-03-10T13:45:00+05:30,463.5,463.5,457.5,462.9,109,0
2026-03-10T14:00:00+05:30,462.9,462.9,460.0,460.1,584,0
2026-03-10T14:15:00+05:30,460.1,462.9,460.1,462.85,296,0
2026-03-10T14:30:00+05:30,462.85,462.9,460.1,462.9,107,0
2026-03-10T14:45:00+05:30,462.9,463.5,460.1,463.5,1542,0
2026-03-10T15:00:00+05:30,463.0,469.0,462.0,462.0,2267,0
2026-03-10T15:15:00+05:30,462.0,467.5,460.25,467.45,814,0
2026-03-11T09:15:00+05:30,456.0,471.8,456.0,470.4,162,0
2026-03-11T09:30:00+05:30,466.0,466.0,465.0,465.0,695,0
2026-03-11T09:45:00+05:30,465.0,471.8,465.0,470.25,1294,0
2026-03-11T10:00:00+05:30,465.55,467.0,465.55,467.0,846,0
2026-03-11T10:15:00+05:30,465.65,470.25,465.6,470.25,213,0
2026-03-11T10:30:00+05:30,470.25,470.25,467.0,467.0,460,0
2026-03-11T10:45:00+05:30,467.0,470.0,467.0,468.0,465,0
2026-03-11T11:00:00+05:30,468.0,468.0,465.55,466.65,2261,0
2026-03-11T11:15:00+05:30,466.65,466.65,465.0,465.0,290,0
2026-03-11T11:30:00+05:30,465.0,466.0,465.0,465.9,1080,0
2026-03-11T11:45:00+05:30,465.5,465.5,464.0,465.0,557,0
2026-03-11T12:00:00+05:30,465.0,465.0,464.0,464.9,295,0
2026-03-11T12:15:00+05:30,464.9,466.0,464.05,466.0,281,0
2026-03-11T12:30:00+05:30,466.0,466.0,465.95,466.0,44,0
2026-03-11T12:45:00+05:30,465.95,465.95,462.0,462.0,1774,0
2026-03-11T13:00:00+05:30,464.95,465.0,455.0,464.0,3459,0
2026-03-11T13:15:00+05:30,464.0,464.0,460.0,462.35,51,0
2026-03-11T13:30:00+05:30,460.0,460.0,450.0,456.0,4055,0
2026-03-11T13:45:00+05:30,456.0,457.5,456.0,457.5,514,0
2026-03-11T14:00:00+05:30,457.5,457.5,451.0,451.0,1456,0
2026-03-11T14:15:00+05:30,451.0,451.1,448.0,450.0,4054,0
2026-03-11T14:30:00+05:30,450.0,450.0,442.1,449.0,6594,0
2026-03-11T14:45:00+05:30,448.8,453.0,448.8,453.0,14246,0
2026-03-11T15:00:00+05:30,452.9,452.9,450.0,452.3,382,0
2026-03-11T15:15:00+05:30,452.0,454.8,449.0,454.8,1525,0
2026-03-12T09:15:00+05:30,450.5,450.5,444.0,445.0,1377,0
2026-03-12T09:30:00+05:30,445.0,445.0,443.0,444.0,395,0
2026-03-12T09:45:00+05:30,444.0,445.0,444.0,444.0,1347,0
2026-03-12T10:00:00+05:30,443.95,444.0,442.0,442.05,303,0
2026-03-12T10:15:00+05:30,444.0,444.0,442.1,442.1,137,0
2026-03-12T10:30:00+05:30,442.1,444.0,442.1,443.6,227,0
2026-03-12T10:45:00+05:30,443.6,443.95,442.15,443.95,993,0
2026-03-12T11:00:00+05:30,443.95,448.25,443.95,446.25,258,0
2026-03-12T11:15:00+05:30,446.0,446.0,446.0,446.0,213,0
2026-03-12T11:30:00+05:30,446.0,446.0,446.0,446.0,212,0
2026-03-12T11:45:00+05:30,446.0,448.2,445.0,445.0,592,0
2026-03-12T12:00:00+05:30,448.0,448.0,445.15,445.15,143,0
2026-03-12T12:15:00+05:30,445.15,447.0,444.0,446.95,484,0
2026-03-12T12:30:00+05:30,446.95,446.95,444.0,444.0,249,0
2026-03-12T12:45:00+05:30,444.0,446.9,443.0,444.0,845,0
2026-03-12T13:00:00+05:30,444.0,444.0,443.0,444.0,358,0
2026-03-12T13:15:00+05:30,445.0,446.0,445.0,445.0,321,0
2026-03-12T13:30:00+05:30,445.0,445.0,444.0,444.85,161,0
2026-03-12T13:45:00+05:30,444.85,446.0,444.0,446.0,420,0
2026-03-12T14:00:00+05:30,446.0,447.0,443.1,446.0,1088,0
2026-03-12T14:15:00+05:30,446.0,447.45,444.0,447.45,358,0
2026-03-12T14:30:00+05:30,447.45,447.45,446.0,446.0,175,0
2026-03-12T14:45:00+05:30,446.85,446.85,445.0,445.0,565,0
2026-03-12T15:00:00+05:30,445.0,445.9,442.1,442.1,692,0
2026-03-12T15:15:00+05:30,442.1,445.85,435.0,436.0,2082,0
2026-03-13T09:15:00+05:30,441.6,441.6,432.0,439.0,608,0
2026-03-13T09:30:00+05:30,436.0,439.0,436.0,436.05,811,0
2026-03-13T09:45:00+05:30,436.0,438.5,434.0,438.0,372,0
2026-03-13T10:00:00+05:30,438.0,438.0,434.0,434.0,159,0
2026-03-13T10:15:00+05:30,434.0,436.0,432.0,436.0,159,0
2026-03-13T10:30:00+05:30,435.0,438.9,432.0,432.0,1214,0
2026-03-13T10:45:00+05:30,432.0,438.45,425.3,426.25,2258,0
2026-03-13T11:00:00+05:30,428.05,437.95,428.05,435.0,23,0
2026-03-13T11:15:00+05:30,435.0,435.0,429.1,433.0,550,0
2026-03-13T11:30:00+05:30,433.0,433.0,433.0,433.0,8,0
2026-03-13T11:45:00+05:30,433.0,433.0,433.0,433.0,210,0
2026-03-13T12:00:00+05:30,433.0,442.0,422.0,441.0,2060,0
2026-03-13T12:15:00+05:30,432.0,432.0,426.0,426.0,429,0
2026-03-13T12:30:00+05:30,424.05,424.05,419.6,419.6,3168,0
2026-03-13T12:45:00+05:30,419.6,421.0,419.6,419.6,6881,0
2026-03-13T13:00:00+05:30,419.6,424.0,419.6,420.0,3474,0
2026-03-13T13:15:00+05:30,420.0,424.0,420.0,423.9,876,0
2026-03-13T13:30:00+05:30,423.9,423.9,421.5,423.9,101,0
2026-03-13T13:45:00+05:30,422.0,423.9,422.0,423.9,38,0
2026-03-13T14:00:00+05:30,423.9,423.9,421.5,423.5,967,0
2026-03-13T14:15:00+05:30,423.5,423.5,421.5,423.0,935,0
2026-03-13T14:30:00+05:30,423.0,423.5,422.0,423.5,6729,0
2026-03-13T14:45:00+05:30,423.5,425.0,422.1,425.0,898,0
2026-03-13T15:00:00+05:30,426.0,427.7,420.0,426.0,4528,0
2026-03-13T15:15:00+05:30,426.0,426.0,420.1,424.85,423,0
2026-03-16T09:15:00+05:30,411.1,419.95,403.0,405.1,3290,0
2026-03-16T09:30:00+05:30,407.0,414.0,405.5,410.0,1163,0
2026-03-16T09:45:00+05:30,410.0,414.0,402.1,404.4,1065,0
2026-03-16T10:00:00+05:30,404.4,412.95,404.4,410.0,167,0
2026-03-16T10:15:00+05:30,410.0,410.0,405.0,408.0,298,0
2026-03-16T10:30:00+05:30,405.0,409.0,401.6,409.0,1751,0
2026-03-16T10:45:00+05:30,409.0,409.0,408.95,408.95,153,0
2026-03-16T11:00:00+05:30,408.2,409.0,402.55,408.95,500,0
2026-03-16T11:15:00+05:30,408.0,408.0,402.55,408.0,24,0
2026-03-16T11:30:00+05:30,408.0,409.0,402.55,408.95,691,0
2026-03-16T11:45:00+05:30,409.0,409.0,402.55,408.9,1392,0
2026-03-16T12:00:00+05:30,408.9,408.9,402.6,408.6,348,0
2026-03-16T12:15:00+05:30,408.6,408.6,408.45,408.45,25,0
2026-03-16T12:30:00+05:30,408.45,408.45,408.0,408.45,116,0
2026-03-16T12:45:00+05:30,408.45,408.45,402.55,402.55,2285,0
2026-03-16T13:00:00+05:30,408.15,408.15,402.55,408.15,512,0
2026-03-16T13:15:00+05:30,408.15,408.5,407.95,408.4,501,0
2026-03-16T13:30:00+05:30,408.4,408.4,403.0,403.1,75,0
2026-03-16T13:45:00+05:30,403.1,408.4,403.0,408.4,405,0
2026-03-16T14:00:00+05:30,408.0,408.35,403.05,403.05,135,0
2026-03-16T14:15:00+05:30,403.05,407.95,403.05,404.0,352,0
2026-03-16T14:30:00+05:30,404.0,408.0,404.0,405.5,1491,0
2026-03-16T14:45:00+05:30,408.0,408.0,404.1,404.95,1014,0
2026-03-16T15:00:00+05:30,404.95,413.0,404.95,412.85,2159,0
2026-03-16T15:15:00+05:30,412.85,412.85,405.3,405.5,510,0
2026-03-17T09:15:00+05:30,409.0,413.95,405.5,412.0,617,0
2026-03-17T09:30:00+05:30,412.0,412.9,408.0,412.8,658,0
2026-03-17T09:45:00+05:30,410.0,412.8,410.0,410.0,191,0
2026-03-17T10:00:00+05:30,412.8,412.9,410.0,410.0,332,0
2026-03-17T10:15:00+05:30,411.0,411.0,405.0,405.0,650,0
2026-03-17T10:30:00+05:30,405.0,411.85,404.8,411.85,4770,0
2026-03-17T10:45:00+05:30,411.85,411.85,410.0,410.0,50,0
2026-03-17T11:00:00+05:30,410.0,410.0,402.0,404.0,3731,0
2026-03-17T11:15:00+05:30,404.0,407.0,403.0,405.1,303,0
2026-03-17T11:30:00+05:30,405.1,405.1,402.3,403.95,164,0
2026-03-17T11:45:00+05:30,403.95,403.95,403.05,403.05,511,0
2026-03-17T12:00:00+05:30,403.95,404.0,403.95,404.0,512,0
2026-03-17T12:15:00+05:30,404.0,405.0,402.0,405.0,1321,0
2026-03-17T12:30:00+05:30,405.0,405.0,402.0,405.0,80,0
2026-03-17T12:45:00+05:30,405.0,407.5,405.0,407.0,7170,0
2026-03-17T13:00:00+05:30,407.0,407.0,405.0,407.0,816,0
2026-03-17T13:15:00+05:30,407.5,408.9,407.5,408.0,239,0
2026-03-17T13:30:00+05:30,408.0,409.95,408.0,409.85,289,0
2026-03-17T13:45:00+05:30,409.85,409.85,408.0,408.0,151,0
2026-03-17T14:00:00+05:30,408.0,419.9,408.0,418.5,5798,0
2026-03-17T14:15:00+05:30,418.5,422.0,418.5,422.0,832,0
2026-03-17T14:30:00+05:30,422.0,422.0,419.0,419.0,834,0
2026-03-17T14:45:00+05:30,419.0,420.0,413.0,413.0,1712,0
2026-03-17T15:00:00+05:30,413.0,424.0,410.0,424.0,4362,0
2026-03-17T15:15:00+05:30,424.0,424.0,411.0,414.1,2989,0
2026-03-18T09:15:00+05:30,411.0,420.2,411.0,418.5,586,0
2026-03-18T09:30:00+05:30,418.95,419.0,412.2,416.0,708,0
2026-03-18T09:45:00+05:30,416.0,430.8,415.1,415.1,4868,0
2026-03-18T10:00:00+05:30,415.1,425.9,415.1,418.0,1549,0
2026-03-18T10:15:00+05:30,420.2,425.8,420.0,425.8,1273,0
2026-03-18T10:30:00+05:30,425.8,431.0,424.8,425.0,839,0
2026-03-18T10:45:00+05:30,425.0,426.0,424.8,426.0,109,0
2026-03-18T11:00:00+05:30,426.0,431.0,421.1,431.0,486,0
2026-03-18T11:15:00+05:30,431.0,431.0,429.6,430.9,57,0
2026-03-18T11:30:00+05:30,430.9,432.0,429.6,431.5,318,0
2026-03-18T11:45:00+05:30,431.5,433.9,429.0,432.9,1212,0
2026-03-18T12:00:00+05:30,432.9,434.0,430.05,433.5,646,0
2026-03-18T12:15:00+05:30,433.65,435.0,430.3,435.0,1188,0
2026-03-18T12:30:00+05:30,434.7,434.7,426.15,426.2,1272,0
2026-03-18T12:45:00+05:30,426.2,427.1,426.0,427.1,510,0
2026-03-18T13:00:00+05:30,427.1,430.0,427.1,430.0,119,0
2026-03-18T13:15:00+05:30,430.0,430.0,427.15,427.2,687,0
2026-03-18T13:30:00+05:30,427.2,429.5,427.2,429.5,137,0
2026-03-18T13:45:00+05:30,429.5,430.0,429.5,430.0,2273,0
2026-03-18T14:00:00+05:30,430.0,430.0,427.75,428.0,551,0
2026-03-18T14:15:00+05:30,429.0,430.0,428.0,428.0,36037,0
2026-03-18T14:30:00+05:30,428.0,430.0,428.0,430.0,870,0
2026-03-18T14:45:00+05:30,430.0,430.0,427.0,427.0,1184,0
2026-03-18T15:00:00+05:30,427.1,430.0,427.0,430.0,549,0
2026-03-18T15:15:00+05:30,430.0,432.35,427.0,432.35,1013,0
2026-03-19T09:15:00+05:30,419.9,420.0,411.1,420.0,1397,0
2026-03-19T09:30:00+05:30,420.0,423.0,418.0,421.0,955,0
2026-03-19T09:45:00+05:30,421.0,423.0,421.0,421.0,551,0
2026-03-19T10:00:00+05:30,421.0,422.95,421.0,422.95,483,0
2026-03-19T10:15:00+05:30,422.95,422.95,420.0,420.0,456,0
2026-03-19T10:30:00+05:30,420.0,420.0,418.0,420.0,376,0
2026-03-19T10:45:00+05:30,420.0,420.0,419.05,419.05,783,0
2026-03-19T11:00:00+05:30,419.05,419.6,419.05,419.05,1016,0
2026-03-19T11:15:00+05:30,419.05,419.05,418.0,418.0,51,0
2026-03-19T11:30:00+05:30,419.0,420.0,417.0,418.0,7860,0
2026-03-19T11:45:00+05:30,419.0,424.0,418.05,419.05,9398,0
2026-03-19T12:00:00+05:30,419.05,424.0,419.0,423.95,1641,0
2026-03-19T12:15:00+05:30,423.95,423.95,420.0,420.0,218,0
2026-03-19T12:30:00+05:30,420.0,424.0,420.0,424.0,31,0
2026-03-19T12:45:00+05:30,424.0,424.0,422.0,422.0,32,0
2026-03-19T13:00:00+05:30,422.0,422.0,419.05,419.05,21,0
2026-03-19T13:15:00+05:30,419.05,420.5,419.05,419.1,119,0
2026-03-19T13:30:00+05:30,419.1,420.0,419.0,420.0,92,0
2026-03-19T13:45:00+05:30,420.0,420.5,419.0,420.5,1115,0
2026-03-19T14:00:00+05:30,420.5,420.5,420.5,420.5,7,0
2026-03-19T14:15:00+05:30,420.4,420.5,419.0,420.5,760,0
2026-03-19T14:30:00+05:30,420.5,421.5,420.5,421.0,66,0
2026-03-19T14:45:00+05:30,419.0,420.0,415.25,416.0,3874,0
2026-03-19T15:00:00+05:30,415.0,415.95,411.0,411.0,2340,0
2026-03-19T15:15:00+05:30,412.0,414.0,408.0,413.0,8509,0
2026-03-20T09:15:00+05:30,421.3,427.95,420.1,422.0,1342,0
2026-03-20T09:30:00+05:30,422.0,425.0,422.0,422.0,3872,0
2026-03-20T09:45:00+05:30,421.0,425.0,421.0,423.0,9743,0
2026-03-20T10:00:00+05:30,423.0,424.5,421.0,424.5,1898,0
2026-03-20T10:15:00+05:30,424.5,424.5,421.0,424.5,165,0
2026-03-20T10:30:00+05:30,424.5,425.0,424.0,424.95,503,0
2026-03-20T10:45:00+05:30,424.95,425.0,422.3,422.3,1263,0
2026-03-20T11:00:00+05:30,422.3,425.0,422.3,424.0,3370,0
2026-03-20T11:15:00+05:30,424.0,427.0,424.0,427.0,718,0
2026-03-20T11:30:00+05:30,427.0,427.0,425.0,427.0,286,0
2026-03-20T11:45:00+05:30,427.0,427.0,427.0,427.0,90,0
2026-03-20T12:00:00+05:30,427.0,428.0,425.0,428.0,3028,0
2026-03-20T12:15:00+05:30,427.95,428.0,424.0,424.0,5983,0
2026-03-20T12:30:00+05:30,424.0,425.0,422.5,422.6,1906,0
2026-03-20T12:45:00+05:30,422.6,422.6,422.5,422.5,391,0
2026-03-20T13:00:00+05:30,422.5,424.9,422.5,422.5,87,0
2026-03-20T13:15:00+05:30,422.5,423.0,422.25,422.25,541,0
2026-03-20T13:30:00+05:30,422.25,425.0,422.25,425.0,662,0
2026-03-20T13:45:00+05:30,425.0,425.0,422.25,425.0,52,0
2026-03-20T14:00:00+05:30,425.0,425.5,420.0,425.2,33336,0
2026-03-20T14:15:00+05:30,425.2,425.5,425.0,425.5,1800,0
2026-03-20T14:30:00+05:30,425.5,429.0,425.5,429.0,1052,0
2026-03-20T14:45:00+05:30,429.0,429.0,422.0,422.0,5,0
2026-03-20T15:00:00+05:30,422.0,423.0,420.15,420.15,908,0
2026-03-20T15:15:00+05:30,421.5,427.0,419.0,427.0,5196,0
2026-03-23T09:15:00+05:30,420.9,420.9,410.0,411.0,2075,0
2026-03-23T09:30:00+05:30,413.0,420.0,413.0,413.0,442,0
2026-03-23T09:45:00+05:30,413.0,414.7,408.0,408.0,887,0
2026-03-23T10:00:00+05:30,408.0,414.5,405.0,407.0,846,0
2026-03-23T10:15:00+05:30,406.5,413.95,406.5,412.5,1120,0
2026-03-23T10:30:00+05:30,408.0,412.4,407.0,408.0,599,0
2026-03-23T10:45:00+05:30,408.0,408.0,406.0,406.0,262,0
2026-03-23T11:00:00+05:30,406.0,406.0,402.25,404.9,9153,0
2026-03-23T11:15:00+05:30,404.9,410.0,404.9,405.1,361,0
2026-03-23T11:30:00+05:30,403.0,410.0,402.3,409.9,672,0
2026-03-23T11:45:00+05:30,409.9,409.9,402.3,409.5,662,0
2026-03-23T12:00:00+05:30,409.4,409.75,403.0,405.0,175,0
2026-03-23T12:15:00+05:30,405.0,408.9,403.0,408.75,962,0
2026-03-23T12:30:00+05:30,408.75,408.75,402.35,402.35,675,0
2026-03-23T12:45:00+05:30,402.35,407.7,402.35,407.65,200,0
2026-03-23T13:00:00+05:30,407.65,407.65,403.0,407.6,326,0
2026-03-23T13:15:00+05:30,407.6,407.6,403.0,406.85,304,0
2026-03-23T13:30:00+05:30,403.0,406.0,401.0,402.0,2481,0
2026-03-23T13:45:00+05:30,402.0,405.9,402.0,402.5,593,0
2026-03-23T14:00:00+05:30,402.5,408.0,402.0,407.4,3050,0
2026-03-23T14:15:00+05:30,407.4,416.0,404.0,404.5,2669,0
2026-03-23T14:30:00+05:30,405.0,405.0,404.0,404.0,331,0
2026-03-23T14:45:00+05:30,404.0,407.4,404.0,405.0,738,0
2026-03-23T15:00:00+05:30,405.0,405.25,404.0,404.0,1215,0
2026-03-23T15:15:00+05:30,404.0,409.25,401.0,408.5,2976,0
2026-03-24T09:15:00+05:30,417.5,417.65,408.55,414.0,979,0
2026-03-24T09:30:00+05:30,414.0,417.0,412.1,412.1,1234,0
2026-03-24T09:45:00+05:30,412.1,415.0,411.0,415.0,847,0
2026-03-24T10:00:00+05:30,416.5,416.5,403.5,412.95,1365,0
2026-03-24T10:15:00+05:30,412.95,412.95,409.0,410.0,501,0
2026-03-24T10:30:00+05:30,410.0,410.0,408.0,410.0,1022,0
2026-03-24T10:45:00+05:30,410.0,412.05,401.0,401.0,3197,0
2026-03-24T11:00:00+05:30,401.0,409.95,401.0,409.95,274,0
2026-03-24T11:15:00+05:30,409.95,409.95,400.0,405.0,5040,0
2026-03-24T11:30:00+05:30,405.0,405.0,401.95,402.1,269,0
2026-03-24T11:45:00+05:30,402.1,410.0,402.1,410.0,938,0
2026-03-24T12:00:00+05:30,410.0,411.0,402.15,410.0,28439,0
2026-03-24T12:15:00+05:30,409.75,410.0,406.0,410.0,3113,0
2026-03-24T12:30:00+05:30,410.0,410.0,406.0,410.0,416,0
2026-03-24T12:45:00+05:30,410.0,412.95,406.05,412.95,6473,0
2026-03-24T13:00:00+05:30,412.95,420.0,412.9,420.0,5233,0
2026-03-24T13:15:00+05:30,420.0,421.0,418.0,420.0,12317,0
2026-03-24T13:30:00+05:30,411.1,420.0,408.5,413.0,2481,0
2026-03-24T13:45:00+05:30,413.0,419.95,408.0,415.9,1217,0
2026-03-24T14:00:00+05:30,415.9,415.9,409.25,415.85,5089,0
2026-03-24T14:15:00+05:30,415.5,415.85,414.0,414.0,2066,0
2026-03-24T14:30:00+05:30,411.05,415.0,409.05,414.0,1184,0
2026-03-24T14:45:00+05:30,410.0,414.0,410.0,413.0,565,0
2026-03-24T15:00:00+05:30,413.0,413.0,410.0,410.1,403,0
2026-03-24T15:15:00+05:30,410.1,412.8,409.1,409.1,1497,0
2026-03-25T09:15:00+05:30,405.2,420.5,405.2,417.0,2711,0
2026-03-25T09:30:00+05:30,417.0,420.0,411.2,415.0,665,0
2026-03-25T09:45:00+05:30,412.05,413.5,412.0,412.0,1845,0
2026-03-25T10:00:00+05:30,418.5,419.45,412.0,415.0,789,0
2026-03-25T10:15:00+05:30,415.0,419.9,415.0,419.3,1120,0
2026-03-25T10:30:00+05:30,419.3,419.9,410.0,414.9,2339,0
2026-03-25T10:45:00+05:30,414.9,414.9,410.15,410.4,632,0
2026-03-25T11:00:00+05:30,410.4,415.0,410.4,411.0,355,0
2026-03-25T11:15:00+05:30,411.0,420.0,408.0,408.0,3766,0
2026-03-25T11:30:00+05:30,410.0,415.0,406.6,410.05,1826,0
2026-03-25T11:45:00+05:30,410.05,418.0,410.05,417.5,12,0
2026-03-25T12:00:00+05:30,417.5,417.5,410.15,411.0,1384,0
2026-03-25T12:15:00+05:30,411.0,416.5,408.3,409.5,5683,0
2026-03-25T12:30:00+05:30,409.5,416.5,409.05,412.0,2443,0
2026-03-25T12:45:00+05:30,412.0,416.0,411.0,413.9,1429,0
2026-03-25T13:00:00+05:30,411.25,415.9,411.0,411.6,3528,0
2026-03-25T13:15:00+05:30,415.0,416.2,411.6,411.65,9205,0
2026-03-25T13:30:00+05:30,411.65,416.0,411.65,414.0,3080,0
2026-03-25T13:45:00+05:30,414.0,414.0,412.0,412.0,1707,0
2026-03-25T14:00:00+05:30,412.0,416.5,411.7,412.5,1795,0
2026-03-25T14:15:00+05:30,412.5,415.9,410.3,410.3,684,0
2026-03-25T14:30:00+05:30,412.0,414.5,410.05,410.05,392,0
2026-03-25T14:45:00+05:30,410.05,413.0,409.5,413.0,5172,0
2026-03-25T15:00:00+05:30,413.0,413.0,409.5,410.75,2116,0
2026-03-25T15:15:00+05:30,410.0,412.0,405.0,407.0,7462,0
2026-03-27T09:15:00+05:30,405.1,408.9,405.1,405.5,5052,0
2026-03-27T09:30:00+05:30,407.0,407.0,403.1,403.5,4089,0
2026-03-27T09:45:00+05:30,403.5,403.5,398.0,400.0,3045,0
2026-03-27T10:00:00+05:30,400.0,400.0,395.0,396.0,2725,0
2026-03-27T10:15:00+05:30,396.0,399.0,395.0,396.85,3872,0
2026-03-27T10:30:00+05:30,396.85,396.85,395.0,395.0,767,0
2026-03-27T10:45:00+05:30,395.0,395.15,393.35,393.35,1155,0
2026-03-27T11:00:00+05:30,393.35,394.0,392.0,393.0,2028,0
2026-03-27T11:15:00+05:30,393.0,394.0,390.6,390.6,521,0
2026-03-27T11:30:00+05:30,391.1,393.0,390.5,391.1,771,0
2026-03-27T11:45:00+05:30,391.2,393.0,390.0,390.0,3681,0
2026-03-27T12:00:00+05:30,393.0,393.6,392.0,393.55,880,0
2026-03-27T12:15:00+05:30,393.5,393.5,390.1,390.1,2289,0
2026-03-27T12:30:00+05:30,392.0,392.0,389.0,389.0,1054,0
2026-03-27T12:45:00+05:30,389.0,392.0,389.0,390.0,143,0
2026-03-27T13:00:00+05:30,390.0,390.0,388.1,388.1,7331,0
2026-03-27T13:15:00+05:30,388.1,388.1,388.1,388.1,1442,0
2026-03-27T13:30:00+05:30,388.1,388.1,388.1,388.1,279,0
2026-03-27T13:45:00+05:30,388.1,388.1,388.1,388.1,658,0
2026-03-27T14:00:00+05:30,388.1,388.1,388.1,388.1,1012,0
2026-03-27T14:15:00+05:30,388.1,388.1,388.1,388.1,1572,0
2026-03-27T14:30:00+05:30,388.1,388.1,388.1,388.1,205,0
2026-03-27T14:45:00+05:30,388.1,388.1,388.1,388.1,354,0
2026-03-27T15:00:00+05:30,388.1,388.1,388.1,388.1,2823,0
2026-03-27T15:15:00+05:30,388.1,388.1,388.1,388.1,1091,0
2026-03-30T09:15:00+05:30,385.0,385.0,369.0,372.0,6243,0
2026-03-30T09:30:00+05:30,372.0,375.0,372.0,374.0,4469,0
2026-03-30T09:45:00+05:30,374.0,374.75,370.05,370.15,2629,0
2026-03-30T10:00:00+05:30,370.15,372.0,370.15,371.25,719,0
2026-03-30T10:15:00+05:30,371.25,372.85,369.1,371.0,2905,0
2026-03-30T10:30:00+05:30,371.0,373.0,368.7,370.0,6786,0
2026-03-30T10:45:00+05:30,370.0,370.0,368.7,368.7,18836,0
2026-03-30T11:00:00+05:30,368.7,369.0,368.7,368.7,1235,0
2026-03-30T11:15:00+05:30,368.7,368.7,368.7,368.7,756,0
2026-03-30T11:30:00+05:30,368.7,368.7,368.7,368.7,205,0
2026-03-30T11:45:00+05:30,368.7,373.05,368.7,371.0,5144,0
2026-03-30T12:00:00+05:30,373.05,374.0,371.0,371.0,911,0
2026-03-30T12:15:00+05:30,371.0,382.0,371.0,380.0,11611,0
2026-03-30T12:30:00+05:30,381.0,381.0,378.6,378.6,1448,0
2026-03-30T12:45:00+05:30,379.95,379.95,378.4,378.4,4312,0
2026-03-30T13:00:00+05:30,378.4,378.5,378.0,378.5,6128,0
2026-03-30T13:15:00+05:30,378.5,379.0,378.0,378.0,3218,0
2026-03-30T13:30:00+05:30,378.0,378.0,376.0,376.15,1331,0
2026-03-30T13:45:00+05:30,376.15,377.95,375.0,376.0,4955,0
2026-03-30T14:00:00+05:30,375.0,376.0,375.0,375.0,999,0
2026-03-30T14:15:00+05:30,374.6,374.6,373.5,373.6,4963,0
2026-03-30T14:30:00+05:30,373.6,374.5,373.6,373.6,3909,0
2026-03-30T14:45:00+05:30,373.6,375.0,373.0,373.0,3423,0
2026-03-30T15:00:00+05:30,373.0,375.0,371.55,372.0,10459,0
2026-03-30T15:15:00+05:30,372.0,372.0,368.7,369.5,10112,0
2026-04-01T09:15:00+05:30,385.0,387.95,380.0,386.0,3112,0
2026-04-01T09:30:00+05:30,386.0,388.0,383.0,386.45,654,0
2026-04-01T09:45:00+05:30,386.4,386.5,380.0,384.0,745,0
2026-04-01T10:00:00+05:30,384.0,386.5,384.0,386.0,237,0
2026-04-01T10:15:00+05:30,386.0,387.9,385.0,387.85,640,0
2026-04-01T10:30:00+05:30,387.85,387.85,383.0,383.45,570,0
2026-04-01T10:45:00+05:30,383.45,387.7,383.0,383.0,326,0
2026-04-01T11:00:00+05:30,383.0,383.0,383.0,383.0,32,0
2026-04-01T11:15:00+05:30,383.0,386.9,383.0,386.9,910,0
2026-04-01T11:30:00+05:30,386.9,387.7,386.9,387.0,589,0
2026-04-01T11:45:00+05:30,387.0,387.85,387.0,387.7,222,0
2026-04-01T12:00:00+05:30,387.7,387.7,387.7,387.7,20,0
2026-04-01T12:15:00+05:30,387.7,387.7,387.0,387.0,126,0
2026-04-01T12:30:00+05:30,387.0,389.7,387.0,387.05,528,0
2026-04-01T12:45:00+05:30,387.05,389.9,387.05,389.9,1071,0
2026-04-01T13:00:00+05:30,389.9,390.25,387.15,390.25,1707,0
2026-04-01T13:15:00+05:30,390.25,390.25,390.0,390.0,606,0
2026-04-01T13:30:00+05:30,390.0,390.25,390.0,390.25,331,0
2026-04-01T13:45:00+05:30,390.25,390.25,387.35,387.35,110,0
2026-04-01T14:00:00+05:30,387.35,390.25,387.35,390.25,433,0
2026-04-01T14:15:00+05:30,390.25,390.25,390.2,390.25,74,0
2026-04-01T14:30:00+05:30,390.25,390.25,390.25,390.25,316,0
2026-04-01T14:45:00+05:30,390.25,390.25,390.25,390.25,392,0
2026-04-01T15:00:00+05:30,390.25,390.25,390.25,390.25,273,0
2026-04-01T15:15:00+05:30,390.25,390.25,390.25,390.25,186,0
2026-04-02T09:15:00+05:30,385.1,390.0,380.1,386.0,1946,0
2026-04-02T09:30:00+05:30,386.0,386.0,380.1,384.95,922,0
2026-04-02T09:45:00+05:30,384.95,385.0,381.05,385.0,1143,0
2026-04-02T10:00:00+05:30,385.0,385.0,381.1,381.1,2943,0
2026-04-02T10:15:00+05:30,381.1,381.5,381.1,381.5,15,0
2026-04-02T10:30:00+05:30,381.5,385.0,381.5,385.0,59,0
2026-04-02T10:45:00+05:30,385.0,387.0,385.0,387.0,100,0
2026-04-02T11:00:00+05:30,387.0,387.0,385.0,385.0,181,0
2026-04-02T11:15:00+05:30,385.0,387.0,385.0,387.0,46,0
2026-04-02T11:30:00+05:30,387.0,387.0,383.0,387.0,63,0
2026-04-02T11:45:00+05:30,387.0,387.0,383.4,387.0,123,0
2026-04-02T12:00:00+05:30,387.0,387.0,383.45,383.45,105,0
2026-04-02T12:15:00+05:30,383.45,389.0,383.45,389.0,505,0
2026-04-02T12:30:00+05:30,389.0,389.0,383.5,388.75,283,0
2026-04-02T12:45:00+05:30,388.75,391.0,384.5,388.0,4663,0
2026-04-02T13:00:00+05:30,388.0,393.0,388.0,389.9,9469,0
2026-04-02T13:15:00+05:30,389.9,396.0,389.05,391.0,933,0
2026-04-02T13:30:00+05:30,391.0,394.0,390.0,394.0,245,0
2026-04-02T13:45:00+05:30,394.0,395.0,390.25,394.9,217,0
2026-04-02T14:00:00+05:30,394.9,398.0,393.0,398.0,662,0
2026-04-02T14:15:00+05:30,398.0,399.7,394.25,399.65,379,0
2026-04-02T14:30:00+05:30,399.65,399.7,396.0,396.0,275,0
2026-04-02T14:45:00+05:30,396.0,404.0,393.55,404.0,447,0
2026-04-02T15:00:00+05:30,394.1,404.0,394.1,400.0,1060,0
2026-04-02T15:15:00+05:30,403.0,403.0,400.3,402.0,1133,0
2026-04-06T09:15:00+05:30,401.3,408.0,396.75,405.4,782,0
2026-04-06T09:30:00+05:30,405.4,408.4,400.0,400.0,793,0
2026-04-06T09:45:00+05:30,400.0,400.0,398.65,400.0,74,0
2026-04-06T10:00:00+05:30,400.0,404.8,400.0,401.0,235,0
2026-04-06T10:15:00+05:30,400.0,404.0,398.65,398.65,359,0
2026-04-06T10:30:00+05:30,398.65,404.0,398.65,404.0,782,0
2026-04-06T10:45:00+05:30,404.0,404.0,403.0,404.0,22,0
2026-04-06T11:00:00+05:30,404.0,404.0,404.0,404.0,48,0
2026-04-06T11:15:00+05:30,404.0,408.0,404.0,404.0,1100,0
2026-04-06T11:30:00+05:30,404.0,406.95,404.0,406.95,487,0
2026-04-06T11:45:00+05:30,406.95,406.95,400.1,400.1,302,0
2026-04-06T12:00:00+05:30,400.1,410.9,400.1,405.0,1016,0
2026-04-06T12:15:00+05:30,405.0,410.05,405.0,405.0,1453,0
2026-04-06T12:30:00+05:30,405.0,410.0,402.65,402.65,119,0
2026-04-06T12:45:00+05:30,402.65,410.0,402.65,407.0,220,0
2026-04-06T13:00:00+05:30,407.0,407.0,402.0,402.0,660,0
2026-04-06T13:15:00+05:30,402.0,409.8,402.0,409.25,4,0
2026-04-06T13:30:00+05:30,409.0,409.3,402.0,409.1,363,0
2026-04-06T13:45:00+05:30,409.1,409.1,407.95,408.4,230,0
2026-04-06T14:00:00+05:30,408.4,409.1,408.4,409.0,77,0
2026-04-06T14:15:00+05:30,409.0,409.0,403.0,409.0,319,0
2026-04-06T14:30:00+05:30,409.0,409.8,406.25,406.25,514,0
2026-04-06T14:45:00+05:30,406.25,409.25,406.25,409.25,576,0
2026-04-06T15:00:00+05:30,409.25,409.25,406.0,409.25,1232,0
2026-04-06T15:15:00+05:30,409.25,409.25,401.0,409.2,2364,0
2026-04-07T09:15:00+05:30,410.9,416.0,396.0,416.0,2918,0
2026-04-07T09:30:00+05:30,416.85,416.85,407.0,410.0,577,0
2026-04-07T09:45:00+05:30,407.85,413.0,407.85,413.0,51,0
2026-04-07T10:00:00+05:30,412.0,412.0,412.0,412.0,97,0
2026-04-07T10:15:00+05:30,412.0,413.0,409.5,410.0,358,0
2026-04-07T10:30:00+05:30,410.0,412.0,408.0,412.0,340,0
2026-04-07T10:45:00+05:30,412.0,413.0,410.2,413.0,97,0
2026-04-07T11:00:00+05:30,413.0,413.0,407.55,407.55,518,0
2026-04-07T11:15:00+05:30,407.55,407.7,407.0,407.7,203,0
2026-04-07T11:30:00+05:30,407.7,416.0,407.7,416.0,1120,0
2026-04-07T11:45:00+05:30,416.0,416.0,408.0,408.0,522,0
2026-04-07T12:00:00+05:30,408.0,412.85,408.0,408.0,47,0
2026-04-07T12:15:00+05:30,408.0,408.0,407.5,407.5,23,0
2026-04-07T12:30:00+05:30,411.0,413.0,407.0,412.0,414,0
2026-04-07T12:45:00+05:30,412.0,412.0,407.0,410.0,119,0
2026-04-07T13:00:00+05:30,410.0,410.0,410.0,410.0,0,0
2026-04-07T13:15:00+05:30,410.0,410.0,405.15,410.0,113,0
2026-04-07T13:30:00+05:30,410.0,410.0,410.0,410.0,2,0
2026-04-07T13:45:00+05:30,410.0,412.85,405.2,412.85,3342,0
2026-04-07T14:00:00+05:30,412.85,414.95,412.85,414.95,1109,0
2026-04-07T14:15:00+05:30,414.95,414.95,410.0,412.0,676,0
2026-04-07T14:30:00+05:30,412.0,414.0,412.0,414.0,160,0
2026-04-07T14:45:00+05:30,414.0,414.0,412.0,413.95,81,0
2026-04-07T15:00:00+05:30,413.95,420.0,412.0,419.9,2231,0
2026-04-07T15:15:00+05:30,413.9,419.8,413.0,415.0,335,0
2026-04-08T09:15:00+05:30,425.0,437.0,422.0,429.9,2666,0
2026-04-08T09:30:00+05:30,425.0,429.9,425.0,428.0,933,0
2026-04-08T09:45:00+05:30,428.0,438.4,425.7,438.4,6572,0
2026-04-08T10:00:00+05:30,438.4,438.4,438.4,438.4,1687,0
2026-04-08T10:15:00+05:30,438.4,438.4,438.4,438.4,223,0
2026-04-08T10:30:00+05:30,438.4,438.4,435.1,438.35,5021,0
2026-04-08T10:45:00+05:30,438.35,438.35,437.0,437.0,289,0
2026-04-08T11:00:00+05:30,438.3,438.4,438.3,438.4,815,0
2026-04-08T11:15:00+05:30,438.4,438.4,435.0,438.35,937,0
2026-04-08T11:30:00+05:30,438.35,438.4,438.0,438.4,704,0
2026-04-08T11:45:00+05:30,438.4,438.4,438.4,438.4,198,0
2026-04-08T12:00:00+05:30,438.4,438.4,438.4,438.4,25,0
2026-04-08T12:15:00+05:30,438.4,438.4,438.4,438.4,571,0
2026-04-08T12:30:00+05:30,438.4,438.4,438.4,438.4,11,0
2026-04-08T12:45:00+05:30,438.4,438.4,438.4,438.4,712,0
2026-04-08T13:00:00+05:30,438.4,438.4,438.4,438.4,585,0
2026-04-08T13:15:00+05:30,438.4,438.4,438.4,438.4,0,0
2026-04-08T13:30:00+05:30,438.4,438.4,438.4,438.4,110,0
2026-04-08T13:45:00+05:30,438.4,438.4,438.4,438.4,121,0
2026-04-08T14:00:00+05:30,438.4,438.4,438.4,438.4,0,0
2026-04-08T14:15:00+05:30,438.4,438.4,438.4,438.4,26,0
2026-04-08T14:30:00+05:30,438.4,438.4,438.4,438.4,50,0
2026-04-08T14:45:00+05:30,438.4,438.4,438.4,438.4,18,0
2026-04-08T15:00:00+05:30,438.4,438.4,438.4,438.4,11,0
2026-04-08T15:15:00+05:30,438.4,438.4,438.4,438.4,143,0
2026-04-09T09:15:00+05:30,446.9,450.0,446.7,450.0,3279,0
2026-04-09T09:30:00+05:30,450.0,450.0,440.0,440.0,2961,0
2026-04-09T09:45:00+05:30,439.0,445.0,439.0,439.0,1408,0
2026-04-09T10:00:00+05:30,439.0,444.0,439.0,440.5,115,0
2026-04-09T10:15:00+05:30,440.55,443.9,440.5,443.5,141,0
2026-04-09T10:30:00+05:30,443.5,443.9,443.5,443.9,237,0
2026-04-09T10:45:00+05:30,444.0,444.95,439.05,440.0,2546,0
2026-04-09T11:00:00+05:30,440.0,442.0,440.0,442.0,1438,0
2026-04-09T11:15:00+05:30,443.0,444.95,441.1,444.95,277,0
2026-04-09T11:30:00+05:30,444.95,446.5,441.1,446.5,70,0
2026-04-09T11:45:00+05:30,446.5,446.5,441.2,441.2,70,0
2026-04-09T12:00:00+05:30,442.2,446.5,441.2,446.5,629,0
2026-04-09T12:15:00+05:30,446.5,446.5,446.4,446.5,35,0
2026-04-09T12:30:00+05:30,446.5,446.5,442.2,442.2,80,0
2026-04-09T12:45:00+05:30,442.2,446.0,441.2,441.2,125,0
2026-04-09T13:00:00+05:30,441.2,445.95,441.2,445.95,53,0
2026-04-09T13:15:00+05:30,445.95,445.95,443.0,443.0,175,0
2026-04-09T13:30:00+05:30,443.0,443.0,440.0,440.0,2252,0
2026-04-09T13:45:00+05:30,440.0,445.0,440.0,444.0,124,0
2026-04-09T14:00:00+05:30,444.0,444.0,440.6,440.6,484,0
2026-04-09T14:15:00+05:30,440.6,444.0,440.6,444.0,160,0
2026-04-09T14:30:00+05:30,444.0,444.0,440.0,440.0,1116,0
2026-04-09T14:45:00+05:30,440.0,440.0,439.2,440.0,271,0
2026-04-09T15:00:00+05:30,440.0,440.0,431.1,431.1,923,0
2026-04-09T15:15:00+05:30,431.1,440.0,431.1,436.05,325,0
2026-04-10T09:15:00+05:30,449.0,450.0,442.0,450.0,1194,0
2026-04-10T09:30:00+05:30,450.0,456.0,449.0,449.0,442,0
2026-04-10T09:45:00+05:30,452.0,455.0,449.0,453.85,661,0
2026-04-10T10:00:00+05:30,453.85,453.9,449.0,453.85,681,0
2026-04-10T10:15:00+05:30,453.85,453.9,450.05,453.9,674,0
2026-04-10T10:30:00+05:30,453.9,453.9,450.0,453.8,987,0
2026-04-10T10:45:00+05:30,453.8,457.0,450.1,456.9,1061,0
2026-04-10T11:00:00+05:30,456.9,457.0,449.0,449.0,1031,0
2026-04-10T11:15:00+05:30,449.0,449.1,449.0,449.0,219,0
2026-04-10T11:30:00+05:30,449.05,456.1,449.05,449.1,339,0
2026-04-10T11:45:00+05:30,449.05,457.0,449.05,457.0,2076,0
2026-04-10T12:00:00+05:30,457.0,457.0,449.05,449.05,124,0
2026-04-10T12:15:00+05:30,449.05,456.0,449.05,456.0,166,0
2026-04-10T12:30:00+05:30,456.0,456.0,449.05,449.1,33,0
2026-04-10T12:45:00+05:30,449.1,454.85,449.1,454.85,12,0
2026-04-10T13:00:00+05:30,454.85,456.0,450.2,456.0,224,0
2026-04-10T13:15:00+05:30,456.0,456.0,450.0,455.9,406,0
2026-04-10T13:30:00+05:30,455.9,455.9,455.0,455.7,370,0
2026-04-10T13:45:00+05:30,455.7,455.7,450.0,454.9,905,0
2026-04-10T14:00:00+05:30,450.05,454.8,449.0,454.7,813,0
2026-04-10T14:15:00+05:30,453.0,457.0,451.0,451.0,2762,0
2026-04-10T14:30:00+05:30,451.0,456.15,451.0,451.25,367,0
2026-04-10T14:45:00+05:30,451.25,455.8,451.25,455.5,65,0
2026-04-10T15:00:00+05:30,455.5,455.5,451.0,454.85,242,0
2026-04-10T15:15:00+05:30,454.85,458.25,449.0,455.1,3604,0
2026-04-13T09:15:00+05:30,454.5,456.0,441.0,455.0,4335,0
2026-04-13T09:30:00+05:30,454.5,454.5,448.0,448.0,508,0
2026-04-13T09:45:00+05:30,448.0,448.0,442.0,448.0,1088,0
2026-04-13T10:00:00+05:30,446.0,448.0,446.0,448.0,103,0
2026-04-13T10:15:00+05:30,448.0,454.8,448.0,454.8,508,0
2026-04-13T10:30:00+05:30,455.5,460.0,455.5,460.0,2797,0
2026-04-13T10:45:00+05:30,460.0,460.0,450.5,460.0,6430,0
2026-04-13T11:00:00+05:30,460.0,463.0,460.0,460.0,1700,0
2026-04-13T11:15:00+05:30,460.0,460.05,460.0,460.0,120,0
2026-04-13T11:30:00+05:30,462.9,468.0,462.9,468.0,1542,0
2026-04-13T11:45:00+05:30,468.0,470.0,465.0,470.0,771,0
2026-04-13T12:00:00+05:30,470.0,475.0,470.0,473.0,1611,0
2026-04-13T12:15:00+05:30,473.0,473.0,470.0,470.0,508,0
2026-04-13T12:30:00+05:30,470.0,474.75,470.0,472.95,415,0
2026-04-13T12:45:00+05:30,473.0,474.0,470.0,472.0,451,0
2026-04-13T13:00:00+05:30,470.1,474.75,470.1,474.75,315,0
2026-04-13T13:15:00+05:30,472.9,474.75,470.1,474.0,214,0
2026-04-13T13:30:00+05:30,474.0,474.0,471.0,471.0,140,0
2026-04-13T13:45:00+05:30,471.0,473.5,471.0,472.15,147,0
2026-04-13T14:00:00+05:30,473.5,473.5,472.15,472.15,68,0
2026-04-13T14:15:00+05:30,473.45,473.45,473.0,473.0,106,0
2026-04-13T14:30:00+05:30,473.0,473.5,471.0,471.0,2502,0
2026-04-13T14:45:00+05:30,471.0,473.0,471.0,473.0,119,0
2026-04-13T15:00:00+05:30,473.0,477.0,472.5,475.0,6017,0
2026-04-13T15:15:00+05:30,475.0,477.2,474.0,475.0,4042,0
2026-04-15T09:15:00+05:30,490.0,496.7,485.3,492.0,2231,0
2026-04-15T09:30:00+05:30,492.0,494.0,480.0,487.9,3507,0
2026-04-15T09:45:00+05:30,487.9,488.0,481.0,485.0,840,0
2026-04-15T10:00:00+05:30,482.1,485.0,482.0,482.25,200,0
2026-04-15T10:15:00+05:30,485.0,485.0,481.0,481.0,1198,0
2026-04-15T10:30:00+05:30,480.85,485.0,480.0,485.0,1871,0
2026-04-15T10:45:00+05:30,485.0,485.0,478.0,480.0,800,0
2026-04-15T11:00:00+05:30,480.0,488.0,480.0,488.0,1075,0
2026-04-15T11:15:00+05:30,488.0,488.0,475.0,482.0,2336,0
2026-04-15T11:30:00+05:30,482.0,482.0,476.0,482.0,1163,0
2026-04-15T11:45:00+05:30,482.0,482.0,477.7,478.0,418,0
2026-04-15T12:00:00+05:30,478.0,485.0,478.0,485.0,120,0
2026-04-15T12:15:00+05:30,485.0,485.0,481.0,484.9,67,0
2026-04-15T12:30:00+05:30,484.9,484.9,484.85,484.85,109,0
2026-04-15T12:45:00+05:30,484.85,486.45,482.0,486.45,229,0
2026-04-15T13:00:00+05:30,486.45,486.45,485.1,486.0,590,0
2026-04-15T13:15:00+05:30,486.0,486.9,486.0,486.9,165,0
2026-04-15T13:30:00+05:30,486.9,490.0,486.9,488.95,741,0
2026-04-15T13:45:00+05:30,488.95,488.95,487.9,487.9,6,0
2026-04-15T14:00:00+05:30,486.0,486.0,486.0,486.0,310,0
2026-04-15T14:15:00+05:30,486.0,486.0,486.0,486.0,23,0
2026-04-15T14:30:00+05:30,486.0,487.9,486.0,487.9,314,0
2026-04-15T14:45:00+05:30,487.9,490.0,487.0,490.0,162,0
2026-04-15T15:00:00+05:30,487.0,492.5,485.1,492.5,623,0
2026-04-15T15:15:00+05:30,492.5,493.0,490.0,493.0,1120,0
2026-04-16T09:15:00+05:30,494.95,505.0,494.95,499.0,2831,0
2026-04-16T09:30:00+05:30,500.0,500.0,495.1,498.0,1564,0
2026-04-16T09:45:00+05:30,498.0,499.0,486.0,494.0,2695,0
2026-04-16T10:00:00+05:30,494.0,494.0,487.0,487.0,443,0
2026-04-16T10:15:00+05:30,487.0,495.0,487.0,495.0,501,0
2026-04-16T10:30:00+05:30,495.0,495.0,495.0,495.0,176,0
2026-04-16T10:45:00+05:30,490.2,495.0,490.2,490.3,162,0
2026-04-16T11:00:00+05:30,490.3,504.0,490.3,502.4,2710,0
2026-04-16T11:15:00+05:30,503.9,508.0,503.9,505.0,2825,0
2026-04-16T11:30:00+05:30,505.0,506.95,505.0,505.0,305,0
2026-04-16T11:45:00+05:30,505.0,505.0,504.0,504.0,1086,0
2026-04-16T12:00:00+05:30,504.0,504.0,502.0,502.0,1378,0
2026-04-16T12:15:00+05:30,502.0,502.0,493.8,494.0,67,0
2026-04-16T12:30:00+05:30,494.0,498.3,494.0,496.0,89,0
2026-04-16T12:45:00+05:30,496.0,500.0,494.0,494.0,550,0
2026-04-16T13:00:00+05:30,494.0,494.0,494.0,494.0,47,0
2026-04-16T13:15:00+05:30,494.0,499.0,490.0,499.0,1037,0
2026-04-16T13:30:00+05:30,490.35,498.9,490.35,498.5,176,0
2026-04-16T13:45:00+05:30,498.5,498.5,490.7,490.7,128,0
2026-04-16T14:00:00+05:30,490.7,498.75,490.7,491.0,36,0
2026-04-16T14:15:00+05:30,491.0,498.0,491.0,497.9,110,0
2026-04-16T14:30:00+05:30,497.9,497.9,496.9,496.9,27,0
2026-04-16T14:45:00+05:30,496.9,498.0,490.7,490.7,467,0
2026-04-16T15:00:00+05:30,498.0,498.0,492.2,496.0,38,0
2026-04-16T15:15:00+05:30,496.0,499.5,495.0,499.5,514,0
2026-04-17T09:15:00+05:30,500.0,504.8,499.5,500.0,1072,0
2026-04-17T09:30:00+05:30,500.0,504.7,500.0,504.0,672,0
2026-04-17T09:45:00+05:30,504.0,504.0,501.1,501.1,1502,0
2026-04-17T10:00:00+05:30,503.0,504.0,500.0,504.0,1003,0
2026-04-17T10:15:00+05:30,504.0,504.8,502.0,504.8,431,0
2026-04-17T10:30:00+05:30,504.8,504.8,502.0,504.8,346,0
2026-04-17T10:45:00+05:30,504.8,504.9,504.8,504.9,303,0
2026-04-17T11:00:00+05:30,504.8,505.0,503.0,505.0,917,0
2026-04-17T11:15:00+05:30,505.0,505.0,505.0,505.0,0,0
2026-04-17T11:30:00+05:30,503.0,505.0,503.0,505.0,701,0
2026-04-17T11:45:00+05:30,503.0,505.0,503.0,505.0,263,0
2026-04-17T12:00:00+05:30,503.05,505.0,503.05,505.0,123,0
2026-04-17T12:15:00+05:30,505.0,505.0,503.15,505.0,140,0
2026-04-17T12:30:00+05:30,505.0,505.0,503.3,503.3,256,0
2026-04-17T12:45:00+05:30,503.3,505.0,503.3,505.0,15,0
2026-04-17T13:00:00+05:30,505.0,505.0,503.05,503.05,105,0
2026-04-17T13:15:00+05:30,503.05,505.0,503.05,505.0,660,0
2026-04-17T13:30:00+05:30,505.0,510.0,504.25,504.25,1293,0
2026-04-17T13:45:00+05:30,504.25,511.0,504.25,511.0,254,0
2026-04-17T14:00:00+05:30,511.0,512.0,511.0,511.55,591,0
2026-04-17T14:15:00+05:30,511.55,513.0,511.55,512.95,1030,0
2026-04-17T14:30:00+05:30,512.95,520.0,512.0,518.0,5256,0
2026-04-17T14:45:00+05:30,513.55,518.7,512.1,517.0,1843,0
2026-04-17T15:00:00+05:30,518.0,520.2,517.0,517.3,3510,0
2026-04-17T15:15:00+05:30,517.4,520.9,517.0,520.9,2916,0
2026-04-20T09:15:00+05:30,521.0,525.0,521.0,521.0,1873,0
2026-04-20T09:30:00+05:30,521.0,526.0,510.1,524.3,1202,0
2026-04-20T09:45:00+05:30,524.3,524.3,515.5,522.8,258,0
2026-04-20T10:00:00+05:30,522.8,529.0,522.8,526.05,2524,0
2026-04-20T10:15:00+05:30,526.05,529.45,526.05,526.05,419,0
2026-04-20T10:30:00+05:30,526.05,533.0,526.05,533.0,1051,0
2026-04-20T10:45:00+05:30,533.0,540.0,533.0,535.0,1152,0
2026-04-20T11:00:00+05:30,533.5,538.9,533.25,535.0,979,0
2026-04-20T11:15:00+05:30,534.0,545.0,534.0,544.0,4993,0
2026-04-20T11:30:00+05:30,541.0,545.0,535.2,535.2,1334,0
2026-04-20T11:45:00+05:30,535.2,540.0,535.1,535.1,588,0
2026-04-20T12:00:00+05:30,535.15,539.75,535.1,539.75,274,0
2026-04-20T12:15:00+05:30,539.75,539.75,535.1,535.2,377,0
2026-04-20T12:30:00+05:30,535.2,536.0,535.2,536.0,134,0
2026-04-20T12:45:00+05:30,536.0,543.0,535.0,535.0,1362,0
2026-04-20T13:00:00+05:30,533.25,533.25,530.0,533.1,665,0
2026-04-20T13:15:00+05:30,533.1,535.0,533.1,533.1,109,0
2026-04-20T13:30:00+05:30,533.1,535.0,525.05,534.0,377,0
2026-04-20T13:45:00+05:30,534.0,534.0,533.9,533.9,31,0
2026-04-20T14:00:00+05:30,525.35,535.0,525.35,535.0,781,0
2026-04-20T14:15:00+05:30,535.0,535.0,534.9,535.0,101,0
2026-04-20T14:30:00+05:30,535.0,535.0,529.0,534.9,135,0
2026-04-20T14:45:00+05:30,534.9,534.9,528.25,528.25,32,0
2026-04-20T15:00:00+05:30,528.25,532.0,526.0,526.1,165,0
2026-04-20T15:15:00+05:30,526.1,530.5,526.05,528.9,468,0
2026-04-21T09:15:00+05:30,535.95,539.8,530.0,530.0,1159,0
2026-04-21T09:30:00+05:30,530.0,553.0,530.0,552.0,14032,0
2026-04-21T09:45:00+05:30,546.25,552.95,546.25,552.7,3779,0
2026-04-21T10:00:00+05:30,552.65,552.7,546.5,550.0,4119,0
2026-04-21T10:15:00+05:30,551.95,553.0,550.4,553.0,2757,0
2026-04-21T10:30:00+05:30,550.6,553.0,550.0,550.25,2454,0
2026-04-21T10:45:00+05:30,553.0,553.0,550.1,553.0,1513,0
2026-04-21T11:00:00+05:30,553.0,553.0,553.0,553.0,296,0
2026-04-21T11:15:00+05:30,553.0,553.0,553.0,553.0,259,0
2026-04-21T11:30:00+05:30,553.0,553.0,553.0,553.0,180,0
2026-04-21T11:45:00+05:30,553.0,553.0,553.0,553.0,475,0
2026-04-21T12:00:00+05:30,553.0,553.0,553.0,553.0,411,0
2026-04-21T12:15:00+05:30,553.0,553.0,553.0,553.0,690,0
2026-04-21T12:30:00+05:30,553.0,553.0,553.0,553.0,118,0
2026-04-21T12:45:00+05:30,553.0,553.0,553.0,553.0,62,0
2026-04-21T13:00:00+05:30,553.0,553.0,553.0,553.0,220,0
2026-04-21T13:15:00+05:30,553.0,553.0,553.0,553.0,277,0
2026-04-21T13:30:00+05:30,553.0,553.0,553.0,553.0,454,0
2026-04-21T13:45:00+05:30,553.0,553.0,553.0,553.0,47,0
2026-04-21T14:00:00+05:30,553.0,553.0,553.0,553.0,209,0
2026-04-21T14:15:00+05:30,553.0,553.0,553.0,553.0,35,0
2026-04-21T14:30:00+05:30,553.0,553.0,553.0,553.0,134,0
2026-04-21T14:45:00+05:30,553.0,553.0,553.0,553.0,122,0
2026-04-21T15:00:00+05:30,553.0,553.0,553.0,553.0,1519,0
2026-04-21T15:15:00+05:30,553.0,553.0,553.0,553.0,2675,0
2026-04-22T09:15:00+05:30,560.0,580.65,560.0,577.0,49213,0
2026-04-22T09:30:00+05:30,576.1,577.0,570.0,576.0,10270,0
2026-04-22T09:45:00+05:30,576.0,580.65,575.15,578.1,36693,0
2026-04-22T10:00:00+05:30,578.0,580.65,578.0,580.65,14720,0
2026-04-22T10:15:00+05:30,580.65,580.65,580.65,580.65,2119,0
2026-04-22T10:30:00+05:30,580.65,580.65,580.65,580.65,200,0
2026-04-22T10:45:00+05:30,580.65,580.65,580.65,580.65,467,0
2026-04-22T11:00:00+05:30,580.65,580.65,580.65,580.65,183,0
2026-04-22T11:15:00+05:30,580.65,580.65,580.65,580.65,93,0
2026-04-22T11:30:00+05:30,580.65,580.65,580.65,580.65,69,0
2026-04-22T11:45:00+05:30,580.65,580.65,580.65,580.65,152,0
2026-04-22T12:00:00+05:30,580.65,580.65,580.65,580.65,87,0
2026-04-22T12:15:00+05:30,580.65,580.65,580.65,580.65,0,0
2026-04-22T12:30:00+05:30,580.65,580.65,580.65,580.65,27,0
2026-04-22T12:45:00+05:30,580.65,580.65,580.65,580.65,107,0
2026-04-22T13:00:00+05:30,580.65,580.65,580.65,580.65,88,0
2026-04-22T13:15:00+05:30,580.65,580.65,580.65,580.65,0,0
2026-04-22T13:30:00+05:30,580.65,580.65,580.65,580.65,105,0
2026-04-22T13:45:00+05:30,580.65,580.65,580.65,580.65,39,0
2026-04-22T14:00:00+05:30,580.65,580.65,580.65,580.65,637,0
2026-04-22T14:15:00+05:30,580.65,580.65,580.65,580.65,179,0
2026-04-22T14:30:00+05:30,580.65,580.65,580.65,580.65,1,0
2026-04-22T14:45:00+05:30,580.65,580.65,580.65,580.65,3,0
2026-04-22T15:00:00+05:30,580.65,580.65,580.65,580.65,187,0
2026-04-22T15:15:00+05:30,580.65,580.65,580.65,580.65,211,0
2026-04-23T09:15:00+05:30,580.65,609.65,580.65,607.05,104400,0
2026-04-23T09:30:00+05:30,607.95,609.6,603.25,604.3,8742,0
2026-04-23T09:45:00+05:30,605.75,605.95,593.0,594.05,11081,0
2026-04-23T10:00:00+05:30,594.05,595.95,585.0,591.75,6923,0
2026-04-23T10:15:00+05:30,590.7,600.05,590.7,597.45,5159,0
2026-04-23T10:30:00+05:30,598.95,602.0,591.3,598.0,7688,0
2026-04-23T10:45:00+05:30,598.15,602.05,595.9,600.9,5199,0
2026-04-23T11:00:00+05:30,597.3,602.65,595.9,598.05,4461,0
2026-04-23T11:15:00+05:30,598.05,599.8,595.5,597.0,1883,0
2026-04-23T11:30:00+05:30,597.0,597.0,591.25,593.0,1311,0
2026-04-23T11:45:00+05:30,593.0,602.05,592.8,600.45,3332,0
2026-04-23T12:00:00+05:30,598.15,600.25,598.0,600.2,1302,0
2026-04-23T12:15:00+05:30,598.7,598.7,593.6,595.0,800,0
2026-04-23T12:30:00+05:30,595.0,596.8,590.1,594.8,2058,0
2026-04-23T12:45:00+05:30,594.85,594.85,591.0,594.65,929,0
2026-04-23T13:00:00+05:30,594.45,594.8,592.65,592.85,378,0
2026-04-23T13:15:00+05:30,594.65,597.8,592.95,597.8,748,0
2026-04-23T13:30:00+05:30,597.8,597.8,594.65,596.0,1119,0
2026-04-23T13:45:00+05:30,596.0,597.0,594.8,596.85,474,0
2026-04-23T14:00:00+05:30,594.7,596.95,594.7,596.8,999,0
2026-04-23T14:15:00+05:30,595.1,597.8,594.75,597.75,558,0
2026-04-23T14:30:00+05:30,595.75,595.75,593.7,593.75,1360,0
2026-04-23T14:45:00+05:30,593.75,596.05,593.0,593.5,483,0
2026-04-23T15:00:00+05:30,593.5,594.8,591.0,591.0,3466,0
2026-04-23T15:15:00+05:30,591.05,592.9,590.0,592.9,4587,0
2026-04-24T09:15:00+05:30,603.9,603.9,586.0,588.65,5429,0
2026-04-24T09:30:00+05:30,587.75,587.75,575.0,577.2,6517,0
2026-04-24T09:45:00+05:30,577.85,577.85,566.8,572.0,5834,0
2026-04-24T10:00:00+05:30,573.45,582.8,572.05,581.25,1492,0
2026-04-24T10:15:00+05:30,581.0,581.0,573.75,575.7,674,0
2026-04-24T10:30:00+05:30,575.7,577.0,575.15,576.7,1195,0
2026-04-24T10:45:00+05:30,576.7,578.0,575.2,577.95,582,0
2026-04-24T11:00:00+05:30,577.85,578.8,565.6,570.0,5795,0
2026-04-24T11:15:00+05:30,573.35,575.55,568.0,569.4,685,0
2026-04-24T11:30:00+05:30,569.4,573.8,569.15,569.15,735,0
2026-04-24T11:45:00+05:30,569.15,572.0,566.55,570.55,1687,0
2026-04-24T12:00:00+05:30,570.55,572.0,567.65,570.9,1177,0
2026-04-24T12:15:00+05:30,570.9,571.85,569.0,569.9,1155,0
2026-04-24T12:30:00+05:30,569.3,570.5,569.3,570.5,114,0
2026-04-24T12:45:00+05:30,570.5,571.85,570.0,571.85,56,0
2026-04-24T13:00:00+05:30,571.85,571.85,570.05,570.15,75,0
2026-04-24T13:15:00+05:30,571.85,571.85,570.15,571.85,900,0
2026-04-24T13:30:00+05:30,570.3,572.45,570.3,572.0,482,0
2026-04-24T13:45:00+05:30,570.8,572.4,569.4,569.5,359,0
2026-04-24T14:00:00+05:30,569.5,571.0,568.05,570.85,510,0
2026-04-24T14:15:00+05:30,570.85,574.45,568.1,574.45,1059,0
2026-04-24T14:30:00+05:30,574.45,574.8,573.0,574.0,1054,0
2026-04-24T14:45:00+05:30,574.0,574.0,571.0,571.0,434,0
2026-04-24T15:00:00+05:30,572.9,573.0,571.2,571.25,746,0
2026-04-24T15:15:00+05:30,572.0,572.75,565.05,567.25,5012,0
2026-04-27T09:15:00+05:30,577.0,578.8,570.2,577.8,6091,0
2026-04-27T09:30:00+05:30,576.85,578.8,573.8,575.75,1228,0
2026-04-27T09:45:00+05:30,575.75,578.75,572.25,575.05,1929,0
2026-04-27T10:00:00+05:30,575.0,575.5,571.0,571.35,1601,0
2026-04-27T10:15:00+05:30,571.35,573.85,554.0,554.0,7566,0
2026-04-27T10:30:00+05:30,554.7,562.95,554.35,562.4,1417,0
2026-04-27T10:45:00+05:30,561.8,570.35,561.4,569.0,2174,0
2026-04-27T11:00:00+05:30,566.45,568.3,565.1,565.5,384,0
2026-04-27T11:15:00+05:30,565.5,573.7,563.0,569.9,784,0
2026-04-27T11:30:00+05:30,569.45,569.45,563.5,566.85,335,0
2026-04-27T11:45:00+05:30,566.85,567.15,563.5,563.55,238,0
2026-04-27T12:00:00+05:30,563.55,566.95,563.5,565.7,233,0
2026-04-27T12:15:00+05:30,565.7,567.0,565.7,567.0,196,0
2026-04-27T12:30:00+05:30,567.0,567.0,566.75,566.75,154,0
2026-04-27T12:45:00+05:30,567.95,568.9,566.3,566.3,169,0
2026-04-27T13:00:00+05:30,568.0,569.95,567.15,569.85,167,0
2026-04-27T13:15:00+05:30,569.0,569.7,565.05,567.3,563,0
2026-04-27T13:30:00+05:30,567.3,567.3,567.3,567.3,40,0
2026-04-27T13:45:00+05:30,567.3,571.9,567.3,571.9,693,0
2026-04-27T14:00:00+05:30,571.9,573.9,569.05,569.45,973,0
2026-04-27T14:15:00+05:30,569.45,569.95,565.05,568.1,581,0
2026-04-27T14:30:00+05:30,568.45,568.6,565.1,567.1,438,0
2026-04-27T14:45:00+05:30,567.1,569.5,566.9,566.9,142,0
2026-04-27T15:00:00+05:30,566.9,569.05,563.2,567.9,1107,0
2026-04-27T15:15:00+05:30,567.0,571.95,567.0,567.0,2510,0
2026-04-28T09:15:00+05:30,568.7,576.95,565.75,575.95,2012,0
2026-04-28T09:30:00+05:30,574.85,575.15,571.05,571.05,1235,0
2026-04-28T09:45:00+05:30,571.05,572.7,566.55,567.55,1236,0
2026-04-28T10:00:00+05:30,567.55,569.35,563.4,566.75,1706,0
2026-04-28T10:15:00+05:30,566.75,570.0,565.7,568.0,1873,0
2026-04-28T10:30:00+05:30,568.0,569.15,566.1,567.0,979,0
2026-04-28T10:45:00+05:30,567.0,567.5,566.0,566.0,301,0
2026-04-28T11:00:00+05:30,567.05,567.4,565.0,567.1,1065,0
2026-04-28T11:15:00+05:30,567.1,567.4,563.0,563.9,2027,0
2026-04-28T11:30:00+05:30,563.85,567.05,563.35,567.05,622,0
2026-04-28T11:45:00+05:30,567.05,567.05,563.6,563.6,840,0
2026-04-28T12:00:00+05:30,563.6,565.35,563.6,565.3,289,0
2026-04-28T12:15:00+05:30,565.3,565.3,563.0,563.9,804,0
2026-04-28T12:30:00+05:30,563.9,565.3,563.75,565.3,212,0
2026-04-28T12:45:00+05:30,565.3,572.0,564.25,567.4,3085,0
2026-04-28T13:00:00+05:30,567.4,570.2,565.05,570.2,400,0
2026-04-28T13:15:00+05:30,570.2,570.2,568.85,569.05,182,0
2026-04-28T13:30:00+05:30,567.65,567.65,567.3,567.3,80,0
2026-04-28T13:45:00+05:30,567.3,569.4,567.3,567.3,54,0
2026-04-28T14:00:00+05:30,567.3,571.3,567.3,570.0,1371,0
2026-04-28T14:15:00+05:30,570.0,570.35,570.0,570.35,1120,0
2026-04-28T14:30:00+05:30,570.35,570.8,568.0,569.0,1855,0
2026-04-28T14:45:00+05:30,568.95,569.75,565.45,568.9,849,0
2026-04-28T15:00:00+05:30,568.35,570.35,566.0,570.35,737,0
2026-04-28T15:15:00+05:30,570.35,571.0,566.2,571.0,2126,0
2026-04-29T09:15:00+05:30,575.85,580.0,573.0,578.05,2821,0
2026-04-29T09:30:00+05:30,577.25,584.15,577.05,578.6,3529,0
2026-04-29T09:45:00+05:30,578.6,578.6,562.0,570.75,6057,0
2026-04-29T10:00:00+05:30,570.75,573.05,570.5,573.05,829,0
2026-04-29T10:15:00+05:30,573.05,573.25,570.25,572.0,1501,0
2026-04-29T10:30:00+05:30,572.0,576.8,564.15,576.3,4059,0
2026-04-29T10:45:00+05:30,576.3,580.0,575.0,580.0,1038,0
2026-04-29T11:00:00+05:30,579.45,580.05,577.15,577.15,1592,0
2026-04-29T11:15:00+05:30,578.9,581.25,577.65,577.65,1302,0
2026-04-29T11:30:00+05:30,579.85,584.0,579.3,583.8,3142,0
2026-04-29T11:45:00+05:30,583.8,583.8,577.0,578.85,2554,0
2026-04-29T12:00:00+05:30,578.85,583.7,577.1,580.8,2744,0
2026-04-29T12:15:00+05:30,580.8,581.1,576.05,576.05,233,0
2026-04-29T12:30:00+05:30,576.05,580.0,576.05,580.0,97,0
2026-04-29T12:45:00+05:30,580.0,583.6,579.05,583.6,1668,0
2026-04-29T13:00:00+05:30,580.3,582.0,577.3,577.3,4133,0
2026-04-29T13:15:00+05:30,577.1,579.8,570.1,576.0,2178,0
2026-04-29T13:30:00+05:30,576.0,578.0,570.0,573.5,6234,0
2026-04-29T13:45:00+05:30,573.0,576.0,572.0,575.85,3168,0
2026-04-29T14:00:00+05:30,575.85,579.25,575.5,577.4,2511,0
2026-04-29T14:15:00+05:30,576.0,576.0,574.05,574.15,333,0
2026-04-29T14:30:00+05:30,574.15,578.0,574.15,576.6,832,0
2026-04-29T14:45:00+05:30,575.1,575.1,572.05,574.9,1160,0
2026-04-29T15:00:00+05:30,574.9,575.0,573.2,574.95,1096,0
2026-04-29T15:15:00+05:30,574.55,575.4,572.0,572.0,3060,0
2026-04-30T09:15:00+05:30,574.0,574.0,562.05,566.0,3325,0
2026-04-30T09:30:00+05:30,566.0,568.4,563.05,566.35,1356,0
2026-04-30T09:45:00+05:30,566.35,568.35,565.2,565.2,469,0
2026-04-30T10:00:00+05:30,565.2,565.55,562.1,562.45,839,0
2026-04-30T10:15:00+05:30,562.55,563.0,558.85,559.65,2448,0
2026-04-30T10:30:00+05:30,559.7,561.4,559.0,560.9,1291,0
2026-04-30T10:45:00+05:30,560.9,560.9,559.45,559.45,160,0
2026-04-30T11:00:00+05:30,560.55,560.55,559.55,559.55,154,0
2026-04-30T11:15:00+05:30,559.55,562.0,559.55,560.9,260,0
2026-04-30T11:30:00+05:30,561.2,561.2,559.4,559.4,50,0
2026-04-30T11:45:00+05:30,560.9,561.2,557.45,558.15,651,0
2026-04-30T12:00:00+05:30,557.9,559.0,557.9,558.4,312,0
2026-04-30T12:15:00+05:30,558.4,560.0,558.4,559.8,635,0
2026-04-30T12:30:00+05:30,559.9,559.95,559.1,559.1,181,0
2026-04-30T12:45:00+05:30,559.1,562.0,558.9,561.0,734,0
2026-04-30T13:00:00+05:30,561.0,561.9,560.85,561.3,93,0
2026-04-30T13:15:00+05:30,561.3,561.5,560.3,560.45,192,0
2026-04-30T13:30:00+05:30,560.45,561.85,560.0,560.75,691,0
2026-04-30T13:45:00+05:30,560.75,562.0,560.55,561.8,51,0
2026-04-30T14:00:00+05:30,561.85,563.0,561.0,562.9,827,0
2026-04-30T14:15:00+05:30,562.05,562.1,561.1,562.0,129,0
2026-04-30T14:30:00+05:30,562.0,563.3,562.0,563.0,579,0
2026-04-30T14:45:00+05:30,563.0,563.0,561.5,562.0,213,0
2026-04-30T15:00:00+05:30,561.5,562.0,559.7,559.9,2095,0
2026-04-30T15:15:00+05:30,560.0,560.0,555.0,555.0,4578,0
2026-05-04T09:15:00+05:30,562.0,569.05,558.0,562.9,3217,0
2026-05-04T09:30:00+05:30,564.0,564.0,559.45,559.65,2004,0
2026-05-04T09:45:00+05:30,560.3,561.0,555.1,556.1,1084,0
2026-05-04T10:00:00+05:30,555.8,558.95,554.65,555.85,2270,0
2026-05-04T10:15:00+05:30,556.3,556.3,551.0,553.85,1530,0
2026-05-04T10:30:00+05:30,554.55,559.25,552.0,556.6,1036,0
2026-05-04T10:45:00+05:30,556.6,562.0,556.05,560.15,1383,0
2026-05-04T11:00:00+05:30,561.3,565.0,558.85,559.3,1578,0
2026-05-04T11:15:00+05:30,558.25,563.35,558.25,562.5,399,0
2026-05-04T11:30:00+05:30,559.25,561.9,558.1,560.75,830,0
2026-05-04T11:45:00+05:30,560.75,560.75,558.0,558.1,548,0
2026-05-04T12:00:00+05:30,558.1,559.95,557.2,557.2,1124,0
2026-05-04T12:15:00+05:30,557.2,558.95,557.2,558.3,9,0
2026-05-04T12:30:00+05:30,557.5,557.5,556.15,556.2,306,0
2026-05-04T12:45:00+05:30,556.2,557.05,556.2,556.2,886,0
2026-05-04T13:00:00+05:30,556.2,556.75,556.2,556.75,129,0
2026-05-04T13:15:00+05:30,556.75,557.7,556.25,556.25,131,0
2026-05-04T13:30:00+05:30,556.25,558.9,556.25,558.9,355,0
2026-05-04T13:45:00+05:30,558.5,558.95,556.4,556.4,1433,0
2026-05-04T14:00:00+05:30,556.5,556.55,556.0,556.5,697,0
2026-05-04T14:15:00+05:30,556.5,558.95,556.5,557.5,115,0
2026-05-04T14:30:00+05:30,557.5,560.0,556.0,556.05,920,0
2026-05-04T14:45:00+05:30,559.25,559.25,556.45,556.45,81,0
2026-05-04T15:00:00+05:30,556.5,559.8,555.65,559.8,1196,0
2026-05-04T15:15:00+05:30,559.8,561.0,557.15,560.5,3836,0
2026-05-05T09:15:00+05:30,562.0,562.0,555.0,556.05,1406,0
2026-05-05T09:30:00+05:30,558.05,558.9,556.05,557.5,841,0
2026-05-05T09:45:00+05:30,557.5,560.8,556.6,560.5,1091,0
2026-05-05T10:00:00+05:30,560.25,560.25,558.0,558.45,838,0
2026-05-05T10:15:00+05:30,560.0,560.0,558.05,560.0,669,0
2026-05-05T10:30:00+05:30,560.0,560.0,558.0,558.0,1956,0
2026-05-05T10:45:00+05:30,558.0,558.0,556.0,556.0,113,0
2026-05-05T11:00:00+05:30,556.0,558.55,553.5,553.5,2606,0
2026-05-05T11:15:00+05:30,555.45,556.65,555.45,555.75,108,0
2026-05-05T11:30:00+05:30,555.75,556.05,555.75,556.05,20,0
2026-05-05T11:45:00+05:30,556.05,559.0,555.0,559.0,1394,0
2026-05-05T12:00:00+05:30,557.75,565.0,557.6,565.0,1396,0
2026-05-05T12:15:00+05:30,565.0,586.95,564.95,586.95,13826,0
2026-05-05T12:30:00+05:30,586.95,586.95,586.95,586.95,1467,0
2026-05-05T12:45:00+05:30,586.95,586.95,586.95,586.95,487,0
2026-05-05T13:00:00+05:30,586.95,586.95,586.95,586.95,697,0
2026-05-05T13:15:00+05:30,586.95,586.95,586.95,586.95,237,0
2026-05-05T13:30:00+05:30,586.95,586.95,586.95,586.95,75,0
2026-05-05T13:45:00+05:30,586.95,586.95,586.95,586.95,14,0
2026-05-05T14:00:00+05:30,586.95,586.95,586.95,586.95,51,0
2026-05-05T14:15:00+05:30,586.95,586.95,586.95,586.95,306,0
2026-05-05T14:30:00+05:30,586.95,586.95,586.95,586.95,10,0
2026-05-05T14:45:00+05:30,586.95,586.95,586.95,586.95,24,0
2026-05-05T15:00:00+05:30,586.95,586.95,586.95,586.95,724,0
2026-05-05T15:15:00+05:30,586.95,586.95,586.95,586.95,597,0
2026-05-06T09:15:00+05:30,607.5,614.2,596.05,602.0,20529,0
2026-05-06T09:30:00+05:30,603.1,604.7,601.55,603.0,1767,0
2026-05-06T09:45:00+05:30,603.0,603.0,592.0,597.95,3144,0
2026-05-06T10:00:00+05:30,598.0,598.0,592.25,594.25,1399,0
2026-05-06T10:15:00+05:30,594.0,595.0,593.15,593.65,1955,0
2026-05-06T10:30:00+05:30,593.55,594.4,589.9,592.35,2577,0
2026-05-06T10:45:00+05:30,592.15,595.95,592.15,592.45,493,0
2026-05-06T11:00:00+05:30,592.45,593.5,585.0,591.2,1033,0
2026-05-06T11:15:00+05:30,591.1,597.85,585.1,592.85,1566,0
2026-05-06T11:30:00+05:30,592.85,596.0,590.2,596.0,1367,0
2026-05-06T11:45:00+05:30,594.95,597.8,590.25,593.75,1562,0
2026-05-06T12:00:00+05:30,593.75,594.65,592.35,594.65,252,0
2026-05-06T12:15:00+05:30,592.7,596.0,591.6,596.0,2936,0
2026-05-06T12:30:00+05:30,596.0,598.0,595.0,598.0,2497,0
2026-05-06T12:45:00+05:30,595.05,607.0,595.05,602.7,14803,0
2026-05-06T13:00:00+05:30,602.7,603.0,600.9,601.8,1232,0
2026-05-06T13:15:00+05:30,601.8,601.8,595.0,596.8,601,0
2026-05-06T13:30:00+05:30,599.35,601.95,598.0,601.95,4700,0
2026-05-06T13:45:00+05:30,601.95,601.95,598.0,598.5,354,0
2026-05-06T14:00:00+05:30,598.5,600.5,598.5,600.45,91,0
2026-05-06T14:15:00+05:30,600.3,613.8,599.0,609.0,9007,0
2026-05-06T14:30:00+05:30,610.0,614.0,603.0,606.9,5664,0
2026-05-06T14:45:00+05:30,607.85,614.0,605.5,608.0,5270,0
2026-05-06T15:00:00+05:30,606.8,610.5,605.0,608.1,6583,0
2026-05-06T15:15:00+05:30,608.3,609.85,605.0,608.0,7095,0
2026-05-07T09:15:00+05:30,615.0,615.0,605.0,609.5,4024,0
2026-05-07T09:30:00+05:30,606.65,608.85,604.95,606.45,1557,0
2026-05-07T09:45:00+05:30,608.0,608.6,603.1,604.2,1113,0
2026-05-07T10:00:00+05:30,602.3,605.15,601.6,603.0,1420,0
2026-05-07T10:15:00+05:30,603.0,606.85,603.0,604.3,361,0
2026-05-07T10:30:00+05:30,604.3,608.0,604.3,608.0,549,0
2026-05-07T10:45:00+05:30,609.4,612.0,606.15,608.05,1353,0
2026-05-07T11:00:00+05:30,608.05,608.05,605.95,606.0,410,0
2026-05-07T11:15:00+05:30,606.0,606.0,601.0,602.45,688,0
2026-05-07T11:30:00+05:30,602.45,605.6,602.45,605.15,148,0
2026-05-07T11:45:00+05:30,605.15,605.15,601.05,604.7,678,0
2026-05-07T12:00:00+05:30,604.7,605.65,604.7,605.65,40,0
2026-05-07T12:15:00+05:30,605.65,605.65,601.0,601.0,1110,0
2026-05-07T12:30:00+05:30,600.85,604.95,600.0,602.5,933,0
2026-05-07T12:45:00+05:30,602.5,604.5,602.5,603.0,753,0
2026-05-07T13:00:00+05:30,603.0,604.65,601.4,604.65,344,0
2026-05-07T13:15:00+05:30,604.65,606.8,603.4,604.9,892,0
2026-05-07T13:30:00+05:30,604.9,608.05,602.0,607.95,1075,0
2026-05-07T13:45:00+05:30,607.8,608.05,603.75,605.0,266,0
2026-05-07T14:00:00+05:30,605.0,605.5,602.5,602.5,305,0
2026-05-07T14:15:00+05:30,602.5,604.45,602.5,604.45,19,0
2026-05-07T14:30:00+05:30,604.45,606.85,602.0,602.1,2339,0
2026-05-07T14:45:00+05:30,602.1,606.95,602.1,603.95,835,0
2026-05-07T15:00:00+05:30,603.75,607.75,603.3,606.75,2705,0
2026-05-07T15:15:00+05:30,606.75,608.0,603.2,603.3,2307,0
2026-05-08T09:15:00+05:30,609.85,614.75,605.15,608.55,3396,0
2026-05-08T09:30:00+05:30,608.65,608.9,604.45,605.9,1346,0
2026-05-08T09:45:00+05:30,605.9,606.0,603.25,603.25,367,0
2026-05-08T10:00:00+05:30,603.25,605.65,598.0,598.0,3457,0
2026-05-08T10:15:00+05:30,598.7,600.1,597.0,598.0,996,0
2026-05-08T10:30:00+05:30,598.0,600.0,597.0,597.7,465,0
2026-05-08T10:45:00+05:30,597.35,600.2,596.45,596.45,987,0
2026-05-08T11:00:00+05:30,596.5,596.5,595.0,596.0,958,0
2026-05-08T11:15:00+05:30,596.0,599.35,595.95,597.05,289,0
2026-05-08T11:30:00+05:30,597.05,599.2,597.05,599.2,113,0
2026-05-08T11:45:00+05:30,597.35,599.15,596.0,596.0,390,0
2026-05-08T12:00:00+05:30,596.0,600.0,596.0,597.05,540,0
2026-05-08T12:15:00+05:30,597.05,599.05,597.05,597.15,24,0
2026-05-08T12:30:00+05:30,597.15,598.0,597.0,597.0,712,0
2026-05-08T12:45:00+05:30,597.0,597.0,595.0,595.0,494,0
2026-05-08T13:00:00+05:30,595.0,596.1,595.0,596.1,14,0
2026-05-08T13:15:00+05:30,596.1,596.5,595.0,596.5,1057,0
2026-05-08T13:30:00+05:30,596.5,596.6,596.1,596.6,203,0
2026-05-08T13:45:00+05:30,596.6,596.6,596.0,596.0,37,0
2026-05-08T14:00:00+05:30,596.0,596.0,593.1,593.1,911,0
2026-05-08T14:15:00+05:30,593.1,593.9,591.2,593.0,1483,0
2026-05-08T14:30:00+05:30,592.0,593.0,591.2,593.0,158,0
2026-05-08T14:45:00+05:30,593.0,594.0,591.5,593.5,1061,0
2026-05-08T15:00:00+05:30,594.0,594.0,582.45,585.95,7071,0
2026-05-08T15:15:00+05:30,585.25,589.55,580.0,585.0,3824,0
2026-05-11T09:15:00+05:30,586.65,587.0,573.65,575.35,4152,0
2026-05-11T09:30:00+05:30,577.5,577.5,574.0,574.05,780,0
2026-05-11T09:45:00+05:30,574.05,574.05,572.4,574.0,2263,0
2026-05-11T10:00:00+05:30,574.0,578.15,573.5,577.85,1135,0
2026-05-11T10:15:00+05:30,576.8,576.9,573.9,574.05,286,0
2026-05-11T10:30:00+05:30,574.05,576.9,573.9,576.1,332,0
2026-05-11T10:45:00+05:30,574.6,574.65,573.8,574.25,224,0
2026-05-11T11:00:00+05:30,574.25,579.0,574.25,577.6,594,0
2026-05-11T11:15:00+05:30,577.6,578.6,575.15,576.0,307,0
2026-05-11T11:30:00+05:30,577.2,578.75,577.2,578.0,434,0
2026-05-11T11:45:00+05:30,578.0,580.0,578.0,580.0,2403,0
2026-05-11T12:00:00+05:30,580.0,580.0,579.0,580.0,308,0
2026-05-11T12:15:00+05:30,580.0,580.0,578.0,580.0,757,0
2026-05-11T12:30:00+05:30,580.0,580.0,578.0,578.0,463,0
2026-05-11T12:45:00+05:30,578.0,579.5,578.0,579.5,43,0
2026-05-11T13:00:00+05:30,579.5,580.0,578.2,578.2,242,0
2026-05-11T13:15:00+05:30,578.2,578.5,577.0,577.0,602,0
2026-05-11T13:30:00+05:30,577.0,577.0,576.4,576.7,458,0
2026-05-11T13:45:00+05:30,576.7,576.7,575.25,575.25,244,0
2026-05-11T14:00:00+05:30,575.25,578.55,575.0,575.0,953,0
2026-05-11T14:15:00+05:30,575.35,575.4,574.0,574.95,854,0
2026-05-11T14:30:00+05:30,574.95,575.0,572.0,574.65,552,0
2026-05-11T14:45:00+05:30,574.75,574.75,571.8,571.8,489,0
2026-05-11T15:00:00+05:30,571.1,573.95,565.0,565.0,2580,0
2026-05-11T15:15:00+05:30,565.0,570.0,564.05,568.95,4320,0
2026-05-12T09:15:00+05:30,563.0,567.95,559.8,560.0,2890,0
2026-05-12T09:30:00+05:30,561.45,565.4,559.0,562.05,2228,0
2026-05-12T09:45:00+05:30,562.15,562.15,555.65,556.65,2273,0
2026-05-12T10:00:00+05:30,556.1,558.65,555.8,556.5,919,0
2026-05-12T10:15:00+05:30,556.5,558.9,556.5,556.5,540,0
2026-05-12T10:30:00+05:30,557.6,557.6,553.0,554.4,2638,0
2026-05-12T10:45:00+05:30,554.75,554.75,552.8,553.75,897,0
2026-05-12T11:00:00+05:30,553.75,554.7,553.75,554.5,134,0
2026-05-12T11:15:00+05:30,554.5,559.7,554.5,556.0,2245,0
2026-05-12T11:30:00+05:30,556.0,556.15,553.25,553.25,602,0
2026-05-12T11:45:00+05:30,553.25,556.0,553.25,554.65,22,0
2026-05-12T12:00:00+05:30,554.65,557.75,554.2,554.8,134,0
2026-05-12T12:15:00+05:30,554.8,557.65,552.0,553.7,1941,0
2026-05-12T12:30:00+05:30,553.7,553.7,550.0,552.75,1785,0
2026-05-12T12:45:00+05:30,552.75,553.3,551.0,553.0,1434,0
2026-05-12T13:00:00+05:30,554.7,556.25,554.7,555.45,280,0
2026-05-12T13:15:00+05:30,555.45,556.8,553.5,553.8,566,0
2026-05-12T13:30:00+05:30,553.8,555.35,553.1,553.1,473,0
2026-05-12T13:45:00+05:30,554.95,555.1,553.0,553.0,332,0
2026-05-12T14:00:00+05:30,553.0,554.05,552.0,552.25,1118,0
2026-05-12T14:15:00+05:30,552.25,554.0,547.7,549.9,2224,0
2026-05-12T14:30:00+05:30,547.8,547.8,539.6,543.0,6768,0
2026-05-12T14:45:00+05:30,543.0,545.8,543.0,544.1,618,0
2026-05-12T15:00:00+05:30,544.1,548.0,543.0,547.0,1516,0
2026-05-12T15:15:00+05:30,547.1,549.95,544.0,544.0,2492,0
2026-05-13T09:15:00+05:30,548.9,553.0,546.6,551.0,5189,0
2026-05-13T09:30:00+05:30,551.0,551.5,535.6,540.25,4021,0
2026-05-13T09:45:00+05:30,541.05,544.65,540.2,544.0,1215,0
2026-05-13T10:00:00+05:30,544.0,547.1,541.8,542.65,1080,0
2026-05-13T10:15:00+05:30,543.45,548.35,543.45,547.15,610,0
2026-05-13T10:30:00+05:30,547.15,547.15,543.4,543.4,856,0
2026-05-13T10:45:00+05:30,543.4,543.4,542.0,543.35,163,0
2026-05-13T11:00:00+05:30,543.35,544.55,540.0,540.0,1308,0
2026-05-13T11:15:00+05:30,540.0,543.05,540.0,542.9,189,0
2026-05-13T11:30:00+05:30,542.9,543.75,542.75,543.75,132,0
2026-05-13T11:45:00+05:30,543.8,551.5,543.8,551.0,1895,0
2026-05-13T12:00:00+05:30,551.0,551.0,550.0,551.0,312,0
2026-05-13T12:15:00+05:30,551.0,558.0,550.95,555.0,2543,0
2026-05-13T12:30:00+05:30,555.0,556.25,549.2,550.4,1242,0
2026-05-13T12:45:00+05:30,550.0,550.55,547.1,550.0,1391,0
2026-05-13T13:00:00+05:30,549.75,550.0,546.7,549.7,1322,0
2026-05-13T13:15:00+05:30,549.7,550.0,543.0,545.0,1679,0
2026-05-13T13:30:00+05:30,545.1,548.0,543.1,543.1,1677,0
2026-05-13T13:45:00+05:30,543.1,543.4,542.6,542.65,1509,0
2026-05-13T14:00:00+05:30,542.65,542.7,540.5,540.5,461,0
2026-05-13T14:15:00+05:30,540.5,543.0,540.5,543.0,826,0
2026-05-13T14:30:00+05:30,542.9,542.9,541.8,541.8,103,0
2026-05-13T14:45:00+05:30,541.8,541.8,537.0,540.0,4480,0
2026-05-13T15:00:00+05:30,540.0,540.0,537.05,538.55,1329,0
2026-05-13T15:15:00+05:30,537.3,538.0,533.35,536.35,4847,0
2026-05-14T09:15:00+05:30,540.1,547.9,540.1,541.65,1816,0
2026-05-14T09:30:00+05:30,542.45,543.0,540.5,540.5,2689,0
2026-05-14T09:45:00+05:30,540.5,541.45,536.3,536.3,2869,0
2026-05-14T10:00:00+05:30,537.4,540.0,537.4,538.1,479,0
2026-05-14T10:15:00+05:30,538.6,539.2,537.0,538.5,539,0
2026-05-14T10:30:00+05:30,538.45,538.5,536.4,536.4,332,0
2026-05-14T10:45:00+05:30,537.0,537.8,536.05,536.05,311,0
2026-05-14T11:00:00+05:30,536.05,537.0,535.0,535.45,303,0
2026-05-14T11:15:00+05:30,535.45,537.0,535.45,537.0,211,0
2026-05-14T11:30:00+05:30,537.9,539.0,537.0,539.0,282,0
2026-05-14T11:45:00+05:30,539.2,539.35,539.2,539.35,57,0
2026-05-14T12:00:00+05:30,539.35,539.5,538.0,538.0,419,0
2026-05-14T12:15:00+05:30,538.0,539.2,535.0,539.2,2173,0
2026-05-14T12:30:00+05:30,539.2,539.2,538.0,539.0,511,0
2026-05-14T12:45:00+05:30,539.0,539.3,539.0,539.3,2,0
2026-05-14T13:00:00+05:30,539.3,544.95,539.05,544.95,404,0
2026-05-14T13:15:00+05:30,544.9,559.9,544.9,554.55,14624,0
2026-05-14T13:30:00+05:30,554.6,558.9,552.85,553.3,1401,0
2026-05-14T13:45:00+05:30,553.3,554.15,548.2,548.2,1283,0
2026-05-14T14:00:00+05:30,548.9,550.1,548.7,550.1,274,0
2026-05-14T14:15:00+05:30,550.1,552.35,549.05,550.0,627,0
2026-05-14T14:30:00+05:30,550.0,552.7,550.0,550.5,662,0
2026-05-14T14:45:00+05:30,550.5,553.0,549.5,550.5,1099,0
2026-05-14T15:00:00+05:30,550.5,550.85,549.5,549.5,1357,0
2026-05-14T15:15:00+05:30,549.5,549.85,542.0,542.0,4310,0
2026-05-15T09:15:00+05:30,546.35,546.35,540.85,541.2,677,0
2026-05-15T09:30:00+05:30,540.75,543.95,540.0,542.5,2335,0
2026-05-15T09:45:00+05:30,542.5,543.0,541.25,542.85,379,0
2026-05-15T10:00:00+05:30,542.85,542.85,540.0,540.65,1762,0
2026-05-15T10:15:00+05:30,540.65,540.8,537.5,539.85,545,0
2026-05-15T10:30:00+05:30,539.45,540.0,539.0,539.0,128,0
2026-05-15T10:45:00+05:30,539.0,541.4,539.0,541.35,318,0
2026-05-15T11:00:00+05:30,541.35,541.35,539.7,539.7,44,0
2026-05-15T11:15:00+05:30,539.7,540.05,538.05,539.3,331,0
2026-05-15T11:30:00+05:30,539.3,541.65,538.65,540.85,2908,0
2026-05-15T11:45:00+05:30,540.85,541.05,540.0,540.8,406,0
2026-05-15T12:00:00+05:30,540.35,541.55,540.0,541.55,276,0
2026-05-15T12:15:00+05:30,541.55,541.55,540.6,540.6,2070,0
2026-05-15T12:30:00+05:30,540.6,540.65,540.6,540.6,181,0
2026-05-15T12:45:00+05:30,540.6,542.05,540.6,541.0,291,0
2026-05-15T13:00:00+05:30,541.0,541.6,540.7,541.6,38,0
2026-05-15T13:15:00+05:30,541.6,541.95,540.65,541.45,695,0
2026-05-15T13:30:00+05:30,541.0,541.0,540.0,540.85,110,0
2026-05-15T13:45:00+05:30,540.0,540.05,539.45,539.45,75,0
2026-05-15T14:00:00+05:30,539.45,539.45,538.8,539.1,152,0
2026-05-15T14:15:00+05:30,539.1,539.1,537.5,537.5,286,0
2026-05-15T14:30:00+05:30,537.5,537.5,536.35,537.35,780,0
2026-05-15T14:45:00+05:30,536.8,536.85,535.0,535.0,356,0
2026-05-15T15:00:00+05:30,534.1,536.0,533.4,535.95,819,0
2026-05-15T15:15:00+05:30,535.95,540.0,534.5,535.5,3724,0
2026-05-18T09:15:00+05:30,526.1,533.9,523.7,523.7,1273,0
2026-05-18T09:30:00+05:30,523.7,526.4,523.7,524.15,803,0
2026-05-18T09:45:00+05:30,524.95,527.4,509.95,510.0,7894,0
2026-05-18T10:00:00+05:30,510.0,515.0,510.0,513.75,757,0
2026-05-18T10:15:00+05:30,513.75,513.75,512.0,513.7,387,0
2026-05-18T10:30:00+05:30,513.7,513.75,510.3,513.6,1516,0
2026-05-18T10:45:00+05:30,513.6,513.75,513.6,513.75,322,0
2026-05-18T11:00:00+05:30,513.75,514.15,513.0,514.15,74,0
2026-05-18T11:15:00+05:30,514.15,516.0,514.15,516.0,44,0
2026-05-18T11:30:00+05:30,515.0,516.85,512.0,516.75,825,0
2026-05-18T11:45:00+05:30,514.8,515.3,514.0,514.0,179,0
2026-05-18T12:00:00+05:30,514.0,515.35,514.0,515.35,45,0
2026-05-18T12:15:00+05:30,514.8,514.8,514.8,514.8,6,0
2026-05-18T12:30:00+05:30,514.8,516.4,513.0,516.35,399,0
2026-05-18T12:45:00+05:30,516.35,516.35,512.45,515.9,373,0
2026-05-18T13:00:00+05:30,515.9,515.9,513.0,515.65,155,0
2026-05-18T13:15:00+05:30,515.65,515.65,514.05,515.5,16,0
2026-05-18T13:30:00+05:30,515.5,515.5,512.6,514.95,223,0
2026-05-18T13:45:00+05:30,514.95,515.6,514.95,515.05,16,0
2026-05-18T14:00:00+05:30,515.05,516.25,514.95,516.25,720,0
2026-05-18T14:15:00+05:30,516.1,516.1,514.0,514.0,33,0
2026-05-18T14:30:00+05:30,514.0,514.05,510.65,511.0,1172,0
2026-05-18T14:45:00+05:30,511.0,514.35,511.0,514.35,60,0
2026-05-18T15:00:00+05:30,514.35,516.0,514.05,516.0,463,0
2026-05-18T15:15:00+05:30,516.0,521.9,515.0,521.7,2270,0
2026-05-19T09:15:00+05:30,515.0,525.95,515.0,524.8,1073,0
2026-05-19T09:30:00+05:30,524.1,528.0,520.75,528.0,1237,0
2026-05-19T09:45:00+05:30,527.0,527.0,523.35,523.35,91,0
2026-05-19T10:00:00+05:30,522.5,523.5,520.0,522.7,622,0
2026-05-19T10:15:00+05:30,522.7,523.0,521.6,523.0,651,0
2026-05-19T10:30:00+05:30,524.25,525.0,522.35,522.9,703,0
2026-05-19T10:45:00+05:30,522.9,524.95,520.0,524.75,1391,0
2026-05-19T11:00:00+05:30,521.7,523.45,519.95,519.95,432,0
2026-05-19T11:15:00+05:30,519.95,526.65,519.95,525.3,1113,0
2026-05-19T11:30:00+05:30,525.1,525.1,522.7,523.05,659,0
2026-05-19T11:45:00+05:30,523.05,525.05,522.85,523.1,220,0
2026-05-19T12:00:00+05:30,523.1,523.45,523.1,523.45,6,0
2026-05-19T12:15:00+05:30,523.45,523.45,522.65,522.9,36,0
2026-05-19T12:30:00+05:30,523.3,525.9,522.2,525.9,178,0
2026-05-19T12:45:00+05:30,526.4,526.4,524.85,525.0,353,0
2026-05-19T13:00:00+05:30,525.0,525.35,524.85,525.05,386,0
2026-05-19T13:15:00+05:30,525.4,525.4,523.25,524.15,1102,0
2026-05-19T13:30:00+05:30,524.4,528.85,524.4,526.45,747,0
2026-05-19T13:45:00+05:30,526.45,526.5,524.95,524.95,71,0
2026-05-19T14:00:00+05:30,524.95,525.6,523.35,525.6,285,0
2026-05-19T14:15:00+05:30,525.55,525.55,524.5,524.55,132,0
2026-05-19T14:30:00+05:30,524.55,525.05,523.25,523.6,1314,0
2026-05-19T14:45:00+05:30,523.6,524.85,523.55,524.85,142,0
2026-05-19T15:00:00+05:30,524.85,525.85,523.9,525.85,1098,0
2026-05-19T15:15:00+05:30,525.85,525.85,523.45,525.6,1095,0
2026-05-20T09:15:00+05:30,516.8,524.0,511.3,514.6,2052,0
2026-05-20T09:30:00+05:30,515.45,519.1,513.35,519.1,2980,0
2026-05-20T09:45:00+05:30,519.75,520.25,513.45,516.5,5407,0
2026-05-20T10:00:00+05:30,516.5,516.5,514.5,515.8,186,0
2026-05-20T10:15:00+05:30,515.85,517.0,515.65,516.0,335,0
2026-05-20T10:30:00+05:30,515.3,516.95,515.3,516.5,779,0
2026-05-20T10:45:00+05:30,515.95,515.95,515.35,515.7,520,0
2026-05-20T11:00:00+05:30,515.8,515.8,513.25,513.75,5518,0
2026-05-20T11:15:00+05:30,513.45,514.95,513.45,514.95,211,0
2026-05-20T11:30:00+05:30,514.95,515.75,514.5,514.5,341,0
2026-05-20T11:45:00+05:30,515.2,516.4,515.0,515.0,365,0
2026-05-20T12:00:00+05:30,515.0,515.0,514.15,514.95,277,0
2026-05-20T12:15:00+05:30,515.2,515.2,514.45,514.45,93,0
2026-05-20T12:30:00+05:30,515.2,515.2,514.35,514.75,103,0
2026-05-20T12:45:00+05:30,514.75,515.45,514.15,515.45,242,0
2026-05-20T13:00:00+05:30,515.45,515.45,513.75,513.75,195,0
2026-05-20T13:15:00+05:30,514.35,514.85,513.25,514.1,1508,0
2026-05-20T13:30:00+05:30,513.75,514.15,513.25,513.45,924,0
2026-05-20T13:45:00+05:30,513.45,513.5,512.15,512.75,3048,0
2026-05-20T14:00:00+05:30,512.75,513.95,512.75,513.95,261,0
2026-05-20T14:15:00+05:30,513.4,514.35,513.05,514.35,261,0
2026-05-20T14:30:00+05:30,514.35,514.35,513.25,514.35,189,0
2026-05-20T14:45:00+05:30,514.15,514.65,513.1,514.65,349,0
2026-05-20T15:00:00+05:30,514.45,519.7,513.1,518.75,1838,0
2026-05-20T15:15:00+05:30,517.5,525.0,516.5,522.0,3368,0
2026-05-21T09:15:00+05:30,539.8,539.8,527.0,527.0,3740,0
2026-05-21T09:30:00+05:30,527.95,533.95,527.95,533.05,2055,0
2026-05-21T09:45:00+05:30,533.05,538.4,533.0,537.1,642,0
2026-05-21T10:00:00+05:30,536.1,536.1,535.0,535.55,238,0
2026-05-21T10:15:00+05:30,535.55,543.45,535.1,543.45,5195,0
2026-05-21T10:30:00+05:30,543.45,543.45,543.45,543.45,906,0
2026-05-21T10:45:00+05:30,543.45,543.45,543.45,543.45,1023,0
2026-05-21T11:00:00+05:30,543.45,543.45,543.45,543.45,175,0
2026-05-21T11:15:00+05:30,543.45,543.45,543.45,543.45,510,0
2026-05-21T11:30:00+05:30,543.45,543.45,543.45,543.45,112,0
2026-05-21T11:45:00+05:30,543.45,543.45,543.45,543.45,17,0
2026-05-21T12:00:00+05:30,543.45,543.45,543.45,543.45,150,0
2026-05-21T12:15:00+05:30,543.45,543.45,543.45,543.45,525,0
2026-05-21T12:30:00+05:30,543.45,543.45,543.45,543.45,4,0
2026-05-21T12:45:00+05:30,543.45,543.45,543.45,543.45,69,0
2026-05-21T13:00:00+05:30,543.45,543.45,543.45,543.45,25,0
2026-05-21T13:15:00+05:30,543.45,543.45,543.45,543.45,18,0
2026-05-21T13:30:00+05:30,543.45,543.45,543.45,543.45,29,0
2026-05-21T13:45:00+05:30,543.45,543.45,543.45,543.45,23,0
2026-05-21T14:00:00+05:30,543.45,543.45,543.45,543.45,30,0
2026-05-21T14:15:00+05:30,543.45,543.45,543.45,543.45,0,0
2026-05-21T14:30:00+05:30,543.45,543.45,543.45,543.45,0,0
2026-05-21T14:45:00+05:30,543.45,543.45,543.45,543.45,0,0
2026-05-21T15:00:00+05:30,543.45,543.45,543.45,543.45,59,0
2026-05-21T15:15:00+05:30,543.45,543.45,543.45,543.45,757,0
2026-05-22T09:15:00+05:30,570.6,570.6,554.55,554.55,19141,0
2026-05-22T09:30:00+05:30,555.0,562.9,551.35,560.0,6409,0
2026-05-22T09:45:00+05:30,561.45,561.55,556.4,559.4,2076,0
2026-05-22T10:00:00+05:30,558.45,558.45,553.1,554.45,2104,0
2026-05-22T10:15:00+05:30,554.05,554.6,553.95,554.6,294,0
2026-05-22T10:30:00+05:30,554.5,557.45,553.65,557.45,247,0
2026-05-22T10:45:00+05:30,557.0,558.15,557.0,558.15,272,0
2026-05-22T11:00:00+05:30,558.15,561.45,556.95,558.0,1613,0
2026-05-22T11:15:00+05:30,558.05,558.05,555.0,557.6,574,0
2026-05-22T11:30:00+05:30,557.5,558.25,557.45,558.05,93,0
2026-05-22T11:45:00+05:30,557.1,557.1,555.2,555.2,442,0
2026-05-22T12:00:00+05:30,555.2,559.45,555.2,559.45,541,0
2026-05-22T12:15:00+05:30,559.45,559.45,554.8,555.8,1164,0
2026-05-22T12:30:00+05:30,555.8,555.95,555.0,555.25,333,0
2026-05-22T12:45:00+05:30,555.25,555.8,555.25,555.25,123,0
2026-05-22T13:00:00+05:30,555.25,562.0,555.25,562.0,1670,0
2026-05-22T13:15:00+05:30,562.45,563.05,560.0,560.3,1172,0
2026-05-22T13:30:00+05:30,561.65,561.65,557.1,558.35,470,0
2026-05-22T13:45:00+05:30,558.35,558.35,558.2,558.2,4,0
2026-05-22T14:00:00+05:30,558.2,558.4,552.05,555.15,817,0
2026-05-22T14:15:00+05:30,555.15,555.8,553.0,553.95,433,0
2026-05-22T14:30:00+05:30,553.05,553.15,552.0,552.95,275,0
2026-05-22T14:45:00+05:30,552.95,553.95,551.0,551.85,1880,0
2026-05-22T15:00:00+05:30,551.85,555.7,551.0,552.9,2738,0
2026-05-22T15:15:00+05:30,552.9,553.05,545.5,548.0,3994,0
2026-05-25T09:15:00+05:30,555.05,568.6,551.9,554.75,5158,0
2026-05-25T09:30:00+05:30,554.75,561.0,554.3,561.0,2360,0
2026-05-25T09:45:00+05:30,560.0,564.55,558.7,561.3,1232,0
2026-05-25T10:00:00+05:30,561.1,563.05,560.2,560.2,366,0
2026-05-25T10:15:00+05:30,561.7,563.0,560.4,562.75,622,0
2026-05-25T10:30:00+05:30,563.0,564.85,563.0,564.85,1012,0
2026-05-25T10:45:00+05:30,564.8,567.0,564.8,565.45,1270,0
2026-05-25T11:00:00+05:30,565.45,565.45,562.3,563.6,82,0
2026-05-25T11:15:00+05:30,563.6,563.6,563.0,563.5,119,0
2026-05-25T11:30:00+05:30,563.5,563.8,562.1,563.2,329,0
2026-05-25T11:45:00+05:30,563.25,564.4,562.15,562.5,200,0
2026-05-25T12:00:00+05:30,562.5,564.7,562.5,564.7,60,0
2026-05-25T12:15:00+05:30,564.7,564.7,562.1,562.15,375,0
2026-05-25T12:30:00+05:30,562.15,563.4,562.1,562.1,413,0
2026-05-25T12:45:00+05:30,562.1,562.4,557.55,557.95,1680,0
2026-05-25T13:00:00+05:30,557.95,560.5,557.95,560.2,690,0
2026-05-25T13:15:00+05:30,560.2,561.0,560.2,560.45,44,0
2026-05-25T13:30:00+05:30,559.95,560.95,559.5,559.65,316,0
2026-05-25T13:45:00+05:30,559.65,560.45,559.65,560.0,41,0
2026-05-25T14:00:00+05:30,559.65,559.65,559.0,559.0,367,0
2026-05-25T14:15:00+05:30,559.75,560.05,558.6,558.65,68,0
2026-05-25T14:30:00+05:30,558.65,559.65,558.3,558.3,102,0
2026-05-25T14:45:00+05:30,559.35,559.35,557.6,557.9,282,0
2026-05-25T15:00:00+05:30,557.9,557.9,547.0,547.2,9593,0
2026-05-25T15:15:00+05:30,547.2,560.0,547.2,548.95,13738,0
2026-05-26T09:15:00+05:30,553.5,560.95,547.65,557.0,4566,0
2026-05-26T09:30:00+05:30,557.0,562.95,557.0,562.05,2035,0
2026-05-26T09:45:00+05:30,562.05,562.05,559.0,559.8,1004,0
2026-05-26T10:00:00+05:30,559.8,565.8,559.8,565.8,2987,0
2026-05-26T10:15:00+05:30,564.2,575.0,564.2,570.0,8876,0
2026-05-26T10:30:00+05:30,570.05,572.45,569.1,572.45,445,0
2026-05-26T10:45:00+05:30,570.8,579.65,570.8,579.65,20911,0
2026-05-26T11:00:00+05:30,579.65,579.65,579.65,579.65,1569,0
2026-05-26T11:15:00+05:30,579.65,579.65,579.65,579.65,1338,0
2026-05-26T11:30:00+05:30,579.65,579.65,579.65,579.65,131,0
2026-05-26T11:45:00+05:30,579.65,579.65,579.65,579.65,38,0
2026-05-26T12:00:00+05:30,579.65,579.65,579.65,579.65,58,0
2026-05-26T12:15:00+05:30,579.65,579.65,579.65,579.65,271,0
2026-05-26T12:30:00+05:30,579.65,579.65,579.65,579.65,111,0
2026-05-26T12:45:00+05:30,579.65,579.65,579.65,579.65,785,0
2026-05-26T13:00:00+05:30,579.65,579.65,579.65,579.65,13,0
2026-05-26T13:15:00+05:30,579.65,579.65,579.65,579.65,306,0
2026-05-26T13:30:00+05:30,579.65,579.65,579.65,579.65,2,0
2026-05-26T13:45:00+05:30,579.65,579.65,579.65,579.65,120,0
2026-05-26T14:00:00+05:30,579.65,579.65,579.65,579.65,4228,0
2026-05-26T14:15:00+05:30,579.65,579.65,579.65,579.65,222,0
2026-05-26T14:30:00+05:30,579.65,579.65,579.65,579.65,1515,0
2026-05-26T14:45:00+05:30,579.65,579.65,569.65,570.05,18792,0
2026-05-26T15:00:00+05:30,573.15,574.65,563.0,563.0,8724,0
2026-05-26T15:15:00+05:30,562.95,568.0,562.05,567.0,2401,0
2026-05-27T09:15:00+05:30,567.8,571.45,558.3,560.0,4665,0
2026-05-27T09:30:00+05:30,560.0,562.0,555.8,559.15,8414,0
2026-05-27T09:45:00+05:30,559.0,561.9,556.3,556.3,2508,0
2026-05-27T10:00:00+05:30,556.2,558.0,556.2,558.0,1023,0
2026-05-27T10:15:00+05:30,557.25,560.0,556.6,559.25,1937,0
2026-05-27T10:30:00+05:30,559.2,564.35,559.2,561.05,1837,0
2026-05-27T10:45:00+05:30,561.05,562.5,559.1,560.05,1804,0
2026-05-27T11:00:00+05:30,561.0,562.1,560.0,560.0,141,0
2026-05-27T11:15:00+05:30,560.0,565.3,556.1,565.3,3804,0
2026-05-27T11:30:00+05:30,565.3,566.35,565.0,566.0,882,0
2026-05-27T11:45:00+05:30,565.05,566.0,565.0,565.0,666,0
2026-05-27T12:00:00+05:30,565.1,569.9,564.0,567.05,3901,0
2026-05-27T12:15:00+05:30,567.1,569.3,567.1,568.25,1833,0
2026-05-27T12:30:00+05:30,568.0,568.4,568.0,568.1,68,0
2026-05-27T12:45:00+05:30,568.1,568.35,568.0,568.0,1436,0
2026-05-27T13:00:00+05:30,567.6,568.2,566.9,566.9,4475,0
2026-05-27T13:15:00+05:30,566.9,569.05,565.7,569.05,4636,0
2026-05-27T13:30:00+05:30,568.35,568.35,564.8,568.0,4897,0
2026-05-27T13:45:00+05:30,568.0,569.0,568.0,569.0,891,0
2026-05-27T14:00:00+05:30,569.1,572.0,569.1,569.6,1832,0
2026-05-27T14:15:00+05:30,569.6,570.7,569.4,570.25,882,0
2026-05-27T14:30:00+05:30,570.0,570.05,568.0,570.0,1462,0
2026-05-27T14:45:00+05:30,570.0,570.0,568.3,568.3,119,0
2026-05-27T15:00:00+05:30,568.5,573.8,567.4,571.55,2925,0
2026-05-27T15:15:00+05:30,572.85,573.0,568.0,568.1,7897,0
2026-05-29T09:15:00+05:30,560.2,566.65,557.1,557.6,8491,0
2026-05-29T09:30:00+05:30,557.6,558.8,542.5,547.0,15997,0
2026-05-29T09:45:00+05:30,546.9,550.2,546.5,547.0,3772,0
2026-05-29T10:00:00+05:30,548.0,548.2,546.1,546.1,1491,0
2026-05-29T10:15:00+05:30,546.1,548.15,545.5,547.0,1439,0
2026-05-29T10:30:00+05:30,546.55,547.75,545.0,545.4,1884,0
2026-05-29T10:45:00+05:30,546.0,547.5,545.4,547.45,4086,0
2026-05-29T11:00:00+05:30,547.45,548.25,545.4,547.9,2275,0
2026-05-29T11:15:00+05:30,548.25,549.9,548.15,549.8,695,0
2026-05-29T11:30:00+05:30,549.8,549.8,547.9,549.0,2551,0
2026-05-29T11:45:00+05:30,549.65,549.65,548.0,548.0,400,0
2026-05-29T12:00:00+05:30,548.0,549.4,547.8,547.9,453,0
2026-05-29T12:15:00+05:30,547.9,550.0,547.85,549.7,1132,0
2026-05-29T12:30:00+05:30,549.7,569.7,547.85,566.9,25902,0
2026-05-29T12:45:00+05:30,566.0,589.3,565.9,573.25,38027,0
2026-05-29T13:00:00+05:30,573.25,580.0,567.7,567.7,6902,0
2026-05-29T13:15:00+05:30,567.7,570.1,564.5,564.5,1080,0
2026-05-29T13:30:00+05:30,564.5,568.0,559.55,560.0,5948,0
2026-05-29T13:45:00+05:30,561.1,568.0,561.0,564.0,2126,0
2026-05-29T14:00:00+05:30,564.6,566.2,562.0,566.2,2967,0
2026-05-29T14:15:00+05:30,566.2,566.2,564.75,564.75,1423,0
2026-05-29T14:30:00+05:30,564.75,569.95,564.75,567.0,2850,0
2026-05-29T14:45:00+05:30,567.0,567.9,565.15,566.15,965,0
2026-05-29T15:00:00+05:30,565.2,565.2,562.2,564.2,2092,0
2026-05-29T15:15:00+05:30,563.35,581.9,562.95,567.0,13962,0
2026-06-01T09:15:00+05:30,560.3,574.95,560.3,567.95,2847,0
2026-06-01T09:30:00+05:30,568.45,571.7,566.0,566.6,759,0
2026-06-01T09:45:00+05:30,567.6,589.0,567.6,580.15,8669,0
2026-06-01T10:00:00+05:30,581.65,582.0,575.2,579.05,1069,0
2026-06-01T10:15:00+05:30,576.35,578.95,574.2,574.3,656,0
2026-06-01T10:30:00+05:30,575.6,576.0,572.85,574.0,751,0
2026-06-01T10:45:00+05:30,574.75,580.5,574.75,580.0,1966,0
2026-06-01T11:00:00+05:30,577.75,580.0,576.95,580.0,604,0
2026-06-01T11:15:00+05:30,577.75,579.95,577.7,578.25,172,0
2026-06-01T11:30:00+05:30,578.25,580.0,577.05,577.8,468,0
2026-06-01T11:45:00+05:30,578.0,578.85,577.55,577.55,323,0
2026-06-01T12:00:00+05:30,578.0,578.4,577.1,577.15,573,0
2026-06-01T12:15:00+05:30,577.15,578.35,577.1,577.1,353,0
2026-06-01T12:30:00+05:30,577.1,578.05,577.0,578.05,415,0
2026-06-01T12:45:00+05:30,578.05,578.05,577.0,577.0,239,0
2026-06-01T13:00:00+05:30,577.05,577.7,573.1,573.1,608,0
2026-06-01T13:15:00+05:30,573.15,573.5,572.9,572.9,170,0
2026-06-01T13:30:00+05:30,572.9,573.6,571.95,573.6,167,0
2026-06-01T13:45:00+05:30,572.45,573.5,572.0,572.0,307,0
2026-06-01T14:00:00+05:30,572.0,572.0,569.05,570.3,653,0
2026-06-01T14:15:00+05:30,570.3,570.3,568.05,569.0,390,0
2026-06-01T14:30:00+05:30,569.1,570.9,562.6,565.3,2678,0
2026-06-01T14:45:00+05:30,565.75,571.3,565.6,569.45,2076,0
2026-06-01T15:00:00+05:30,569.45,570.7,566.0,570.0,4685,0
2026-06-01T15:15:00+05:30,570.25,576.6,570.25,572.5,3845,0
2026-06-02T09:15:00+05:30,569.9,576.0,564.55,575.0,3673,0
2026-06-02T09:30:00+05:30,575.8,585.0,575.0,577.55,7314,0
2026-06-02T09:45:00+05:30,578.2,588.0,577.5,578.0,21297,0
2026-06-02T10:00:00+05:30,578.45,579.55,576.65,576.7,2510,0
2026-06-02T10:15:00+05:30,576.7,578.1,576.3,578.1,670,0
2026-06-02T10:30:00+05:30,578.1,578.1,577.0,577.35,118,0
2026-06-02T10:45:00+05:30,577.05,577.05,573.05,573.05,742,0
2026-06-02T11:00:00+05:30,573.65,577.0,573.65,574.9,983,0
2026-06-02T11:15:00+05:30,575.1,576.6,574.1,575.0,766,0
2026-06-02T11:30:00+05:30,575.0,575.0,573.05,573.05,162,0
2026-06-02T11:45:00+05:30,573.05,573.2,572.55,573.05,307,0
2026-06-02T12:00:00+05:30,573.05,573.5,572.6,572.7,201,0
2026-06-02T12:15:00+05:30,572.6,575.9,572.6,574.3,704,0
2026-06-02T12:30:00+05:30,573.75,574.6,573.0,574.55,498,0
2026-06-02T12:45:00+05:30,575.0,576.45,575.0,575.7,175,0
2026-06-02T13:00:00+05:30,575.7,578.85,574.95,578.85,1260,0
2026-06-02T13:15:00+05:30,578.85,591.6,577.0,588.6,18009,0
2026-06-02T13:30:00+05:30,589.75,590.9,586.45,587.25,16356,0
2026-06-02T13:45:00+05:30,586.45,594.5,585.7,589.95,10990,0
2026-06-02T14:00:00+05:30,589.95,599.15,589.95,599.15,35532,0
2026-06-02T14:15:00+05:30,599.15,599.15,599.15,599.15,1246,0
2026-06-02T14:30:00+05:30,599.15,599.15,599.15,599.15,1098,0
2026-06-02T14:45:00+05:30,599.15,599.15,599.15,599.15,382,0
2026-06-02T15:00:00+05:30,599.15,599.15,599.15,599.15,189,0
2026-06-02T15:15:00+05:30,599.15,599.15,599.15,599.15,981,0
2026-06-03T09:15:00+05:30,605.25,610.0,591.1,595.0,28562,0
2026-06-03T09:30:00+05:30,594.55,613.3,594.55,606.75,18137,0
2026-06-03T09:45:00+05:30,606.55,609.0,602.0,607.0,4496,0
2026-06-03T10:00:00+05:30,607.35,617.75,604.8,615.0,17421,0
2026-06-03T10:15:00+05:30,614.95,616.0,607.55,612.6,6322,0
2026-06-03T10:30:00+05:30,612.6,619.5,608.0,612.0,16653,0
2026-06-03T10:45:00+05:30,612.0,614.95,610.0,612.75,5308,0
2026-06-03T11:00:00+05:30,612.75,613.65,610.0,610.0,2149,0
2026-06-03T11:15:00+05:30,609.1,611.65,607.55,611.0,1972,0
2026-06-03T11:30:00+05:30,611.0,612.0,606.3,609.5,3855,0
2026-06-03T11:45:00+05:30,608.95,612.0,606.0,609.75,2353,0
2026-06-03T12:00:00+05:30,610.75,629.1,609.5,619.0,54050,0
2026-06-03T12:15:00+05:30,617.0,624.2,617.0,621.0,4573,0
2026-06-03T12:30:00+05:30,620.95,623.95,618.5,622.25,5595,0
2026-06-03T12:45:00+05:30,622.05,623.75,618.15,620.7,5070,0
2026-06-03T13:00:00+05:30,620.7,624.4,620.7,622.65,2599,0
2026-06-03T13:15:00+05:30,621.35,624.8,619.95,620.0,6686,0
2026-06-03T13:30:00+05:30,622.85,625.0,620.2,625.0,4664,0
2026-06-03T13:45:00+05:30,621.25,629.1,620.65,629.1,31540,0
2026-06-03T14:00:00+05:30,629.1,629.1,629.1,629.1,950,0
2026-06-03T14:15:00+05:30,629.1,629.1,629.1,629.1,592,0
2026-06-03T14:30:00+05:30,629.1,629.1,629.1,629.1,1462,0
2026-06-03T14:45:00+05:30,629.1,629.1,629.1,629.1,59,0
2026-06-03T15:00:00+05:30,629.1,629.1,629.1,629.1,593,0
2026-06-03T15:15:00+05:30,629.1,629.1,629.1,629.1,193,0
2026-06-04T09:15:00+05:30,636.0,660.55,636.0,660.55,88982,0
2026-06-04T09:30:00+05:30,660.55,660.55,660.55,660.55,2317,0
2026-06-04T09:45:00+05:30,660.55,660.55,660.55,660.55,1364,0
2026-06-04T10:00:00+05:30,660.55,660.55,660.55,660.55,1728,0
2026-06-04T10:15:00+05:30,660.55,660.55,660.55,660.55,213,0
2026-06-04T10:30:00+05:30,660.55,660.55,660.55,660.55,260,0
2026-06-04T10:45:00+05:30,660.55,660.55,660.55,660.55,80,0
2026-06-04T11:00:00+05:30,660.55,660.55,660.55,660.55,55,0
2026-06-04T11:15:00+05:30,660.55,660.55,660.55,660.55,36,0
2026-06-04T11:30:00+05:30,660.55,660.55,660.55,660.55,107,0
2026-06-04T11:45:00+05:30,660.55,660.55,660.55,660.55,29,0
2026-06-04T12:00:00+05:30,660.55,660.55,660.55,660.55,10,0
2026-06-04T12:15:00+05:30,660.55,660.55,660.55,660.55,54,0
2026-06-04T12:30:00+05:30,660.55,660.55,660.55,660.55,50,0
2026-06-04T12:45:00+05:30,660.55,660.55,660.55,660.55,118,0
2026-06-04T13:00:00+05:30,660.55,660.55,660.55,660.55,68,0
2026-06-04T13:15:00+05:30,660.55,660.55,660.55,660.55,141,0
2026-06-04T13:30:00+05:30,660.55,660.55,660.55,660.55,75,0
2026-06-04T13:45:00+05:30,660.55,660.55,660.55,660.55,35,0
2026-06-04T14:00:00+05:30,660.55,660.55,660.55,660.55,5,0
2026-06-04T14:15:00+05:30,660.55,660.55,660.55,660.55,40,0
2026-06-04T14:30:00+05:30,660.55,660.55,660.55,660.55,48,0
2026-06-04T14:45:00+05:30,660.55,660.55,660.55,660.55,57,0
2026-06-04T15:00:00+05:30,660.55,660.55,660.55,660.55,7940,0
2026-06-04T15:15:00+05:30,660.55,660.55,660.55,660.55,375,0
2026-06-05T09:15:00+05:30,669.0,683.95,655.0,663.9,161420,0
2026-06-05T09:30:00+05:30,662.85,675.05,659.55,661.55,23905,0
2026-06-05T09:45:00+05:30,661.55,664.05,652.25,657.6,14384,0
2026-06-05T10:00:00+05:30,657.6,662.7,645.8,649.05,20842,0
2026-06-05T10:15:00+05:30,651.3,652.9,640.2,646.8,12957,0
2026-06-05T10:30:00+05:30,646.05,648.7,639.0,641.65,14121,0
2026-06-05T10:45:00+05:30,641.65,645.35,634.55,642.95,13311,0
2026-06-05T11:00:00+05:30,643.25,652.0,643.0,646.0,11992,0
2026-06-05T11:15:00+05:30,645.05,649.9,642.05,644.4,5398,0
2026-06-05T11:30:00+05:30,645.15,649.9,642.0,649.65,9172,0
2026-06-05T11:45:00+05:30,648.2,655.0,648.05,652.75,6772,0
2026-06-05T12:00:00+05:30,653.45,659.75,650.0,650.55,8425,0
2026-06-05T12:15:00+05:30,651.0,654.3,648.15,648.15,853,0
2026-06-05T12:30:00+05:30,649.25,649.55,642.3,642.3,1974,0
2026-06-05T12:45:00+05:30,643.4,644.9,640.0,640.0,2327,0
2026-06-05T13:00:00+05:30,640.05,641.45,635.1,638.95,3936,0
2026-06-05T13:15:00+05:30,637.25,641.0,635.05,637.4,4270,0
2026-06-05T13:30:00+05:30,637.4,638.0,632.5,632.5,4494,0
2026-06-05T13:45:00+05:30,632.55,636.0,632.0,634.65,1413,0
2026-06-05T14:00:00+05:30,635.1,636.9,633.0,635.05,1347,0
2026-06-05T14:15:00+05:30,635.05,637.35,635.05,636.8,432,0
2026-06-05T14:30:00+05:30,636.9,644.0,636.55,644.0,3762,0
2026-06-05T14:45:00+05:30,643.1,644.0,638.15,640.65,2109,0
2026-06-05T15:00:00+05:30,640.25,642.0,636.55,638.95,9712,0
2026-06-05T15:15:00+05:30,638.15,639.45,625.05,630.0,20503,0
2026-06-08T09:15:00+05:30,620.0,629.0,620.0,626.85,5759,0
2026-06-08T09:30:00+05:30,627.25,652.65,625.0,642.25,20350,0
2026-06-08T09:45:00+05:30,642.5,652.0,642.15,650.9,14542,0
2026-06-08T10:00:00+05:30,650.95,651.5,644.35,645.3,1909,0
2026-06-08T10:15:00+05:30,645.25,649.7,644.25,645.0,8092,0
2026-06-08T10:30:00+05:30,645.0,647.5,644.35,646.05,1734,0
2026-06-08T10:45:00+05:30,645.05,646.95,640.6,642.55,3294,0
2026-06-08T11:00:00+05:30,643.8,644.7,636.0,640.65,10422,0
2026-06-08T11:15:00+05:30,640.65,641.65,628.0,628.0,5912,0
2026-06-08T11:30:00+05:30,627.85,632.7,626.75,631.35,2378,0
2026-06-08T11:45:00+05:30,632.45,632.55,628.7,628.75,1147,0
2026-06-08T12:00:00+05:30,629.0,630.0,627.0,628.4,3472,0
2026-06-08T12:15:00+05:30,627.65,628.2,626.85,628.15,248,0
2026-06-08T12:30:00+05:30,627.2,627.7,626.8,627.0,455,0
2026-06-08T12:45:00+05:30,627.0,629.75,627.0,629.75,776,0
2026-06-08T13:00:00+05:30,629.75,629.75,626.0,626.9,1051,0
2026-06-08T13:15:00+05:30,626.9,627.75,622.5,624.45,2990,0
2026-06-08T13:30:00+05:30,625.85,625.85,623.0,623.0,434,0
2026-06-08T13:45:00+05:30,622.5,622.5,620.0,620.1,4034,0
2026-06-08T14:00:00+05:30,620.05,622.4,614.0,617.45,5491,0
2026-06-08T14:15:00+05:30,617.45,617.75,615.1,616.1,620,0
2026-06-08T14:30:00+05:30,616.1,616.1,614.0,614.75,648,0
2026-06-08T14:45:00+05:30,615.9,617.2,613.6,614.7,1583,0
2026-06-08T15:00:00+05:30,613.75,614.2,606.9,610.7,5957,0
2026-06-08T15:15:00+05:30,610.0,614.95,607.0,611.1,4394,0
2026-06-09T09:15:00+05:30,616.5,624.5,610.4,618.3,9845,0
2026-06-09T09:30:00+05:30,619.05,631.75,619.05,623.0,13310,0
2026-06-09T09:45:00+05:30,623.0,634.0,622.0,624.1,21524,0
2026-06-09T10:00:00+05:30,624.9,626.2,619.0,621.3,2069,0
2026-06-09T10:15:00+05:30,621.65,623.55,620.55,620.55,2146,0
2026-06-09T10:30:00+05:30,620.65,625.65,620.55,624.85,2741,0
2026-06-09T10:45:00+05:30,625.7,627.8,625.0,626.95,1911,0
2026-06-09T11:00:00+05:30,626.95,629.65,624.05,626.25,4059,0
2026-06-09T11:15:00+05:30,626.2,626.55,623.05,624.1,2907,0
2026-06-09T11:30:00+05:30,624.1,627.65,623.9,627.0,1505,0
2026-06-09T11:45:00+05:30,627.0,639.65,626.75,638.5,21326,0
2026-06-09T12:00:00+05:30,639.0,644.0,635.15,635.75,20106,0
2026-06-09T12:15:00+05:30,635.05,638.0,633.6,636.35,3815,0
2026-06-09T12:30:00+05:30,636.35,642.85,634.25,639.75,7860,0
2026-06-09T12:45:00+05:30,640.95,641.0,638.45,638.9,1972,0
2026-06-09T13:00:00+05:30,638.55,643.4,636.7,639.75,4385,0
2026-06-09T13:15:00+05:30,639.45,641.0,637.75,638.0,1381,0
2026-06-09T13:30:00+05:30,638.0,641.0,637.0,639.5,1601,0
2026-06-09T13:45:00+05:30,639.5,639.5,634.25,634.25,789,0
2026-06-09T14:00:00+05:30,635.0,637.65,634.0,636.7,1270,0
2026-06-09T14:15:00+05:30,637.2,638.4,634.45,635.95,556,0
2026-06-09T14:30:00+05:30,635.1,637.45,634.7,635.0,2621,0
2026-06-09T14:45:00+05:30,635.75,635.75,597.9,615.0,121148,0
2026-06-09T15:00:00+05:30,615.5,617.0,611.0,611.0,12591,0
2026-06-09T15:15:00+05:30,611.5,612.9,607.0,611.7,15700,0
2026-06-10T09:15:00+05:30,612.05,619.65,605.35,614.0,13605,0
2026-06-10T09:30:00+05:30,615.0,617.15,601.2,603.5,12245,0
2026-06-10T09:45:00+05:30,603.5,613.0,602.7,608.1,6556,0
2026-06-10T10:00:00+05:30,608.1,609.0,604.7,604.7,1914,0
2026-06-10T10:15:00+05:30,604.25,607.0,600.6,602.95,2175,0
2026-06-10T10:30:00+05:30,602.15,612.0,602.0,609.35,3668,0
2026-06-10T10:45:00+05:30,609.2,609.2,606.5,607.65,1988,0
2026-06-10T11:00:00+05:30,608.1,608.7,606.0,606.05,381,0
2026-06-10T11:15:00+05:30,606.1,606.7,603.05,605.25,1518,0
2026-06-10T11:30:00+05:30,604.75,605.5,603.3,603.65,931,0
2026-06-10T11:45:00+05:30,604.2,604.55,602.35,604.0,927,0
2026-06-10T12:00:00+05:30,604.5,605.9,604.4,605.65,342,0
2026-06-10T12:15:00+05:30,605.65,605.85,604.0,604.3,1081,0
2026-06-10T12:30:00+05:30,605.4,605.4,603.9,603.9,1756,0
2026-06-10T12:45:00+05:30,603.9,605.0,603.0,604.6,328,0
2026-06-10T13:00:00+05:30,604.6,609.0,604.6,608.5,327,0
2026-06-10T13:15:00+05:30,608.5,608.5,604.95,606.95,713,0
2026-06-10T13:30:00+05:30,606.95,607.5,604.95,604.95,1880,0
2026-06-10T13:45:00+05:30,604.95,604.95,601.55,602.6,720,0
2026-06-10T14:00:00+05:30,602.6,603.95,602.6,603.65,479,0
2026-06-10T14:15:00+05:30,603.65,603.65,601.0,602.7,1545,0
2026-06-10T14:30:00+05:30,603.6,603.6,598.6,598.65,1638,0
2026-06-10T14:45:00+05:30,599.5,600.95,598.05,600.95,3199,0
2026-06-10T15:00:00+05:30,601.0,601.05,597.9,598.0,3007,0
2026-06-10T15:15:00+05:30,597.3,597.9,591.2,592.2,6753,0
2026-06-11T09:15:00+05:30,592.2,594.75,584.7,594.0,3983,0
2026-06-11T09:30:00+05:30,594.45,594.45,591.25,594.0,979,0
2026-06-11T09:45:00+05:30,594.1,606.0,592.75,593.8,9766,0
2026-06-11T10:00:00+05:30,593.45,597.6,593.45,596.7,448,0
2026-06-11T10:15:00+05:30,597.5,601.45,597.5,600.85,917,0
2026-06-11T10:30:00+05:30,600.85,601.3,594.25,594.7,1844,0
2026-06-11T10:45:00+05:30,594.2,594.5,588.0,588.0,1277,0
2026-06-11T11:00:00+05:30,588.0,590.0,587.0,587.95,1210,0
2026-06-11T11:15:00+05:30,588.1,590.0,587.95,590.0,702,0
2026-06-11T11:30:00+05:30,590.0,590.0,587.3,587.3,2076,0
2026-06-11T11:45:00+05:30,587.65,588.95,587.3,587.3,292,0
2026-06-11T12:00:00+05:30,587.3,588.2,584.7,588.2,8016,0
2026-06-11T12:15:00+05:30,588.1,588.25,586.05,586.65,534,0
2026-06-11T12:30:00+05:30,586.65,586.65,584.05,585.0,615,0
2026-06-11T12:45:00+05:30,585.2,585.8,583.4,584.4,762,0
2026-06-11T13:00:00+05:30,584.4,584.85,581.0,581.1,1584,0
2026-06-11T13:15:00+05:30,581.1,582.75,578.3,579.15,4011,0
2026-06-11T13:30:00+05:30,579.1,580.0,575.5,579.65,1523,0
2026-06-11T13:45:00+05:30,579.65,582.7,579.0,581.15,1560,0
2026-06-11T14:00:00+05:30,581.0,582.1,580.0,580.0,429,0
2026-06-11T14:15:00+05:30,580.0,581.7,578.55,581.7,3430,0
2026-06-11T14:30:00+05:30,581.3,585.9,578.6,582.6,2584,0
2026-06-11T14:45:00+05:30,582.6,582.6,579.75,579.95,395,0
2026-06-11T15:00:00+05:30,579.95,579.95,578.0,578.95,1081,0
2026-06-11T15:15:00+05:30,578.9,581.3,575.0,578.75,4735,0
2026-06-12T09:15:00+05:30,585.0,593.7,585.0,590.0,3989,0
2026-06-12T09:30:00+05:30,589.35,592.7,588.0,588.4,1826,0
2026-06-12T09:45:00+05:30,588.4,589.9,587.0,588.0,1670,0
2026-06-12T10:00:00+05:30,588.0,589.35,586.0,589.15,1328,0
2026-06-12T10:15:00+05:30,588.3,616.0,586.95,616.0,24909,0
2026-06-12T10:30:00+05:30,616.0,619.6,604.6,610.5,27677,0
2026-06-12T10:45:00+05:30,609.1,609.1,598.1,600.0,9905,0
2026-06-12T11:00:00+05:30,600.65,601.6,597.6,599.1,3417,0
2026-06-12T11:15:00+05:30,600.0,603.0,599.55,601.0,2087,0
2026-06-12T11:30:00+05:30,601.5,604.9,600.05,603.0,1107,0
2026-06-12T11:45:00+05:30,604.0,614.0,604.0,613.05,9266,0
2026-06-12T12:00:00+05:30,613.0,632.65,612.3,627.75,58133,0
2026-06-12T12:15:00+05:30,627.85,635.9,623.65,628.5,41304,0
2026-06-12T12:30:00+05:30,629.25,644.0,626.85,626.85,118381,0
2026-06-12T12:45:00+05:30,627.55,630.0,620.65,626.65,24552,0
2026-06-12T13:00:00+05:30,626.6,627.85,624.0,624.0,3549,0
2026-06-12T13:15:00+05:30,623.9,629.55,620.65,626.05,6489,0
2026-06-12T13:30:00+05:30,626.05,627.95,624.0,624.0,2692,0
2026-06-12T13:45:00+05:30,623.75,627.7,622.0,625.8,4975,0
2026-06-12T14:00:00+05:30,625.5,629.0,623.25,625.65,7019,0
2026-06-12T14:15:00+05:30,625.55,626.05,619.15,621.0,6951,0
2026-06-12T14:30:00+05:30,620.05,626.4,618.05,626.0,7676,0
2026-06-12T14:45:00+05:30,626.0,626.0,621.15,621.9,6436,0
2026-06-12T15:00:00+05:30,622.5,623.6,620.15,622.65,7323,0
2026-06-12T15:15:00+05:30,622.7,625.9,617.0,617.2,24564,0
2026-06-15T09:15:00+05:30,638.0,639.4,626.5,629.05,12909,0
2026-06-15T09:30:00+05:30,629.0,635.0,627.4,634.0,16421,0
2026-06-15T09:45:00+05:30,633.65,641.0,624.55,626.4,19563,0
2026-06-15T10:00:00+05:30,626.4,627.3,623.4,625.05,1973,0
2026-06-15T10:15:00+05:30,625.05,629.9,624.95,627.5,1541,0
2026-06-15T10:30:00+05:30,626.8,629.0,623.8,628.8,5246,0
2026-06-15T10:45:00+05:30,627.95,629.9,626.8,628.0,2398,0
2026-06-15T11:00:00+05:30,628.0,628.05,626.0,627.05,801,0
2026-06-15T11:15:00+05:30,627.3,630.0,627.05,630.0,2793,0
2026-06-15T11:30:00+05:30,630.0,630.0,628.3,628.3,200,0
2026-06-15T11:45:00+05:30,628.0,629.0,625.05,625.05,3077,0
2026-06-15T12:00:00+05:30,625.5,625.5,620.4,621.5,11581,0
2026-06-15T12:15:00+05:30,621.0,623.0,619.0,621.2,4548,0
2026-06-15T12:30:00+05:30,621.2,622.6,620.55,622.6,1836,0
2026-06-15T12:45:00+05:30,622.6,622.6,621.05,621.05,534,0
2026-06-15T13:00:00+05:30,621.05,623.15,621.05,623.15,1065,0
2026-06-15T13:15:00+05:30,623.15,623.15,621.15,622.5,3474,0
2026-06-15T13:30:00+05:30,622.5,623.15,621.1,622.0,1104,0
2026-06-15T13:45:00+05:30,622.0,624.45,621.1,623.0,1433,0
2026-06-15T14:00:00+05:30,621.6,627.8,621.6,622.45,3571,0
2026-06-15T14:15:00+05:30,623.45,624.45,622.0,623.6,1692,0
2026-06-15T14:30:00+05:30,623.7,624.65,621.1,622.3,2602,0
2026-06-15T14:45:00+05:30,622.3,623.4,621.1,621.95,908,0
2026-06-15T15:00:00+05:30,621.95,622.6,610.0,613.1,21766,0
2026-06-15T15:15:00+05:30,613.1,614.0,611.5,612.9,7787,0
2026-06-16T09:15:00+05:30,618.45,628.0,616.8,626.0,6894,0
2026-06-16T09:30:00+05:30,625.65,632.0,622.95,625.0,20881,0
2026-06-16T09:45:00+05:30,625.0,636.9,623.0,630.9,31373,0
2026-06-16T10:00:00+05:30,631.85,633.85,625.1,630.1,9822,0
2026-06-16T10:15:00+05:30,630.65,640.0,630.25,638.0,22956,0
2026-06-16T10:30:00+05:30,637.25,639.5,632.55,632.9,7004,0
2026-06-16T10:45:00+05:30,632.9,634.25,630.0,632.25,4443,0
2026-06-16T11:00:00+05:30,632.0,638.0,631.0,636.7,4140,0
2026-06-16T11:15:00+05:30,637.75,637.95,634.35,635.1,3873,0
2026-06-16T11:30:00+05:30,635.95,639.0,632.4,635.25,6862,0
2026-06-16T11:45:00+05:30,635.75,635.75,630.55,631.65,3212,0
2026-06-16T12:00:00+05:30,631.65,633.0,630.0,632.7,1561,0
2026-06-16T12:15:00+05:30,632.7,632.7,630.0,631.0,1128,0
2026-06-16T12:30:00+05:30,631.0,632.5,629.25,631.45,1368,0
2026-06-16T12:45:00+05:30,631.45,633.0,630.0,633.0,1798,0
2026-06-16T13:00:00+05:30,632.95,637.0,631.95,636.0,4305,0
2026-06-16T13:15:00+05:30,636.0,663.0,634.2,647.15,46916,0
2026-06-16T13:30:00+05:30,647.65,650.0,643.0,643.5,12316,0
2026-06-16T13:45:00+05:30,644.45,644.55,628.15,634.1,40766,0
2026-06-16T14:00:00+05:30,633.85,636.0,633.05,634.65,2103,0
2026-06-16T14:15:00+05:30,634.65,634.65,628.05,628.95,7679,0
2026-06-16T14:30:00+05:30,629.9,631.0,629.15,630.0,1945,0
2026-06-16T14:45:00+05:30,630.05,632.95,630.05,631.0,2040,0
2026-06-16T15:00:00+05:30,631.8,631.8,628.55,629.0,3744,0
2026-06-16T15:15:00+05:30,629.0,629.0,622.05,624.8,14797,0
2026-06-17T09:15:00+05:30,629.6,632.2,624.2,628.5,15059,0
2026-06-17T09:30:00+05:30,628.45,628.75,621.75,624.3,9383,0
2026-06-17T09:45:00+05:30,624.1,629.9,623.65,626.7,13627,0
2026-06-17T10:00:00+05:30,626.9,633.0,625.55,632.0,8393,0
2026-06-17T10:15:00+05:30,632.5,632.5,625.6,627.55,6645,0
2026-06-17T10:30:00+05:30,627.65,628.95,623.65,628.1,3182,0
2026-06-17T10:45:00+05:30,628.1,628.9,625.1,626.85,2805,0
2026-06-17T11:00:00+05:30,626.85,633.0,626.0,632.9,5250,0
2026-06-17T11:15:00+05:30,632.0,648.9,631.55,639.35,28745,0
2026-06-17T11:30:00+05:30,639.35,641.75,637.0,637.3,3527,0
2026-06-17T11:45:00+05:30,637.3,638.0,635.6,636.05,932,0
2026-06-17T12:00:00+05:30,636.05,637.0,635.0,637.0,889,0
2026-06-17T12:15:00+05:30,637.0,639.1,635.8,639.1,2008,0
2026-06-17T12:30:00+05:30,639.1,648.0,637.0,640.75,10806,0
2026-06-17T12:45:00+05:30,640.9,644.8,639.75,639.75,2372,0
2026-06-17T13:00:00+05:30,639.6,642.35,638.5,640.65,2613,0
2026-06-17T13:15:00+05:30,640.65,642.5,640.0,641.6,3883,0
2026-06-17T13:30:00+05:30,641.6,642.0,640.0,640.0,567,0
2026-06-17T13:45:00+05:30,640.0,641.45,638.7,638.7,2293,0
2026-06-17T14:00:00+05:30,638.7,639.0,637.0,638.5,1211,0
2026-06-17T14:15:00+05:30,638.5,640.0,638.0,639.5,1544,0
2026-06-17T14:30:00+05:30,639.5,639.5,637.5,638.0,1549,0
2026-06-17T14:45:00+05:30,638.0,639.3,637.5,639.3,2329,0
2026-06-17T15:00:00+05:30,638.7,640.0,637.5,637.7,6598,0
2026-06-17T15:15:00+05:30,638.85,639.05,635.0,638.0,15037,0
2026-06-18T09:15:00+05:30,639.95,642.95,636.2,636.9,4634,0
2026-06-18T09:30:00+05:30,637.5,651.4,637.5,641.05,19439,0
2026-06-18T09:45:00+05:30,641.2,651.05,640.0,645.15,12842,0
2026-06-18T10:00:00+05:30,646.6,651.85,644.6,646.45,5737,0
2026-06-18T10:15:00+05:30,646.3,646.95,643.0,645.0,2637,0
2026-06-18T10:30:00+05:30,645.0,645.0,641.0,643.0,2571,0
2026-06-18T10:45:00+05:30,643.0,644.0,641.8,643.4,1298,0
2026-06-18T11:00:00+05:30,643.4,643.4,640.1,640.6,3177,0
2026-06-18T11:15:00+05:30,640.65,645.65,640.0,645.0,4637,0
2026-06-18T11:30:00+05:30,645.0,645.0,642.0,642.75,1434,0
2026-06-18T11:45:00+05:30,642.75,644.25,642.0,644.05,1215,0
2026-06-18T12:00:00+05:30,643.55,653.55,643.2,649.7,21173,0
2026-06-18T12:15:00+05:30,650.0,670.0,649.0,668.5,104970,0
2026-06-18T12:30:00+05:30,668.05,668.3,656.3,660.0,24843,0
2026-06-18T12:45:00+05:30,660.0,661.75,657.0,658.05,4050,0
2026-06-18T13:00:00+05:30,658.05,658.05,650.5,653.75,9769,0
2026-06-18T13:15:00+05:30,653.15,654.3,648.65,652.75,8506,0
2026-06-18T13:30:00+05:30,652.8,653.9,648.25,649.0,5390,0
2026-06-18T13:45:00+05:30,649.05,650.0,648.25,650.0,3967,0
2026-06-18T14:00:00+05:30,650.0,657.7,647.05,656.7,17424,0
2026-06-18T14:15:00+05:30,655.5,656.0,653.0,653.45,1319,0
2026-06-18T14:30:00+05:30,654.0,655.85,651.1,652.05,5127,0
2026-06-18T14:45:00+05:30,651.9,653.3,650.2,651.85,5222,0
2026-06-18T15:00:00+05:30,651.85,653.8,651.1,652.65,4477,0
2026-06-18T15:15:00+05:30,652.95,656.0,651.15,651.6,14937,0
2026-06-19T09:15:00+05:30,655.9,660.7,648.4,658.0,19538,0
2026-06-19T09:30:00+05:30,658.15,668.0,654.0,664.15,17552,0
2026-06-19T09:45:00+05:30,664.3,669.7,662.15,663.5,7302,0
2026-06-19T10:00:00+05:30,663.55,665.85,662.45,663.95,2566,0
2026-06-19T10:15:00+05:30,663.95,664.45,661.65,661.65,3621,0
2026-06-19T10:30:00+05:30,661.65,663.25,660.2,661.85,1891,0
2026-06-19T10:45:00+05:30,661.55,672.3,660.1,668.6,14097,0
2026-06-19T11:00:00+05:30,668.65,676.4,667.9,669.7,20708,0
2026-06-19T11:15:00+05:30,669.9,670.0,666.6,667.5,3883,0
2026-06-19T11:30:00+05:30,667.5,674.0,667.4,674.0,4770,0
2026-06-19T11:45:00+05:30,674.0,680.0,668.55,669.1,20543,0
2026-06-19T12:00:00+05:30,669.8,670.9,667.0,667.0,2048,0
2026-06-19T12:15:00+05:30,667.0,670.85,667.0,668.0,3596,0
2026-06-19T12:30:00+05:30,668.0,668.35,665.4,666.5,3778,0
2026-06-19T12:45:00+05:30,666.5,667.4,662.1,664.65,4165,0
2026-06-19T13:00:00+05:30,664.4,664.4,659.25,661.85,9565,0
2026-06-19T13:15:00+05:30,662.25,662.3,660.5,662.0,636,0
2026-06-19T13:30:00+05:30,662.0,664.2,662.0,663.05,361,0
2026-06-19T13:45:00+05:30,663.85,664.0,661.45,663.4,771,0
2026-06-19T14:00:00+05:30,663.4,665.15,660.15,662.65,2407,0
2026-06-19T14:15:00+05:30,662.75,662.85,662.6,662.8,188,0
2026-06-19T14:30:00+05:30,662.8,664.25,661.45,663.85,2149,0
2026-06-19T14:45:00+05:30,662.85,663.0,657.0,658.35,3072,0
2026-06-19T15:00:00+05:30,658.05,663.5,657.25,660.3,7494,0
2026-06-19T15:15:00+05:30,661.3,662.0,654.6,660.0,21069,0
2026-06-22T09:15:00+05:30,664.0,664.45,654.8,658.0,7190,0
2026-06-22T09:30:00+05:30,658.3,661.85,657.1,659.75,3670,0
2026-06-22T09:45:00+05:30,659.75,663.95,659.15,662.45,2975,0
2026-06-22T10:00:00+05:30,662.0,664.0,660.0,660.5,1359,0
2026-06-22T10:15:00+05:30,661.0,661.55,658.6,659.9,2320,0
2026-06-22T10:30:00+05:30,659.9,668.2,657.1,662.6,5562,0
2026-06-22T10:45:00+05:30,662.35,664.95,661.55,663.0,994,0
2026-06-22T11:00:00+05:30,661.75,662.0,660.1,660.35,698,0
2026-06-22T11:15:00+05:30,660.35,660.5,660.2,660.2,89,0
2026-06-22T11:30:00+05:30,660.2,662.0,658.7,658.7,1466,0
2026-06-22T11:45:00+05:30,658.7,659.0,655.1,657.35,1440,0
2026-06-22T12:00:00+05:30,657.35,660.1,656.15,658.8,957,0
2026-06-22T12:15:00+05:30,658.8,660.0,658.0,659.7,592,0
2026-06-22T12:30:00+05:30,659.7,660.0,652.55,654.65,3317,0
2026-06-22T12:45:00+05:30,654.65,655.0,653.0,654.5,1736,0
2026-06-22T13:00:00+05:30,654.5,655.0,654.5,655.0,1020,0
2026-06-22T13:15:00+05:30,655.0,655.0,650.0,654.0,3618,0
2026-06-22T13:30:00+05:30,654.0,654.0,652.05,653.0,358,0
2026-06-22T13:45:00+05:30,653.0,653.95,650.8,653.0,2053,0
2026-06-22T14:00:00+05:30,653.0,653.9,652.6,652.6,284,0
2026-06-22T14:15:00+05:30,652.6,653.7,652.0,653.0,264,0
2026-06-22T14:30:00+05:30,653.0,654.25,652.05,653.8,384,0
2026-06-22T14:45:00+05:30,653.8,653.8,649.55,651.4,6611,0
2026-06-22T15:00:00+05:30,650.45,651.6,645.2,648.0,9701,0
2026-06-22T15:15:00+05:30,646.35,652.0,646.05,652.0,8090,0
2026-06-23T09:15:00+05:30,653.95,657.0,647.3,650.0,6005,0
2026-06-23T09:30:00+05:30,649.9,651.0,648.25,649.2,1307,0
2026-06-23T09:45:00+05:30,648.55,648.55,646.0,647.05,3079,0
2026-06-23T10:00:00+05:30,646.95,648.0,642.05,642.05,3761,0
2026-06-23T10:15:00+05:30,643.7,644.4,638.3,642.85,9327,0
2026-06-23T10:30:00+05:30,643.15,643.45,640.25,642.0,3758,0
2026-06-23T10:45:00+05:30,641.0,643.1,635.7,637.7,4180,0
2026-06-23T11:00:00+05:30,637.7,642.0,637.4,642.0,1834,0
2026-06-23T11:15:00+05:30,641.2,641.65,637.05,639.1,653,0
2026-06-23T11:30:00+05:30,639.1,639.45,637.0,637.0,827,0
2026-06-23T11:45:00+05:30,636.7,636.9,630.5,631.8,9394,0
2026-06-23T12:00:00+05:30,631.25,632.8,628.0,630.25,10320,0
2026-06-23T12:15:00+05:30,631.6,631.6,628.2,630.55,4296,0
2026-06-23T12:30:00+05:30,631.9,632.15,628.0,632.0,4981,0
2026-06-23T12:45:00+05:30,632.0,632.05,631.15,632.0,892,0
2026-06-23T13:00:00+05:30,632.0,632.0,630.05,631.5,1583,0
2026-06-23T13:15:00+05:30,631.5,631.5,628.6,628.6,705,0
2026-06-23T13:30:00+05:30,628.1,630.0,627.0,630.0,3771,0
2026-06-23T13:45:00+05:30,628.75,630.35,627.7,627.7,709,0
2026-06-23T14:00:00+05:30,627.7,630.05,627.5,628.85,739,0
2026-06-23T14:15:00+05:30,629.55,630.6,627.0,628.4,2935,0
2026-06-23T14:30:00+05:30,628.45,630.0,627.25,630.0,6119,0
2026-06-23T14:45:00+05:30,628.65,629.7,628.65,629.4,188,0
2026-06-23T15:00:00+05:30,629.35,634.2,627.0,630.0,4144,0
2026-06-23T15:15:00+05:30,631.45,631.75,627.05,628.4,4616,0
2026-06-24T09:15:00+05:30,634.0,634.0,621.65,627.2,11599,0
2026-06-24T09:30:00+05:30,627.2,629.15,622.7,625.6,3713,0
2026-06-24T09:45:00+05:30,625.6,628.0,621.5,628.0,6314,0
2026-06-24T10:00:00+05:30,628.0,630.0,627.25,627.25,667,0
2026-06-24T10:15:00+05:30,627.55,627.7,626.35,627.4,450,0
2026-06-24T10:30:00+05:30,627.35,627.7,626.45,627.7,776,0
2026-06-24T10:45:00+05:30,627.7,629.3,627.2,627.6,144,0
2026-06-24T11:00:00+05:30,627.6,628.3,627.45,628.3,450,0
2026-06-24T11:15:00+05:30,628.85,630.0,628.55,629.7,1088,0
2026-06-24T11:30:00+05:30,628.95,637.7,627.85,633.4,3681,0
2026-06-24T11:45:00+05:30,634.05,639.15,632.8,635.4,2929,0
2026-06-24T12:00:00+05:30,635.4,638.2,635.4,636.25,1694,0
2026-06-24T12:15:00+05:30,636.35,637.75,635.5,635.85,867,0
2026-06-24T12:30:00+05:30,635.85,635.85,632.3,635.0,2518,0
2026-06-24T12:45:00+05:30,634.85,640.0,633.6,637.0,6598,0
2026-06-24T13:00:00+05:30,637.0,637.8,636.95,637.8,152,0
2026-06-24T13:15:00+05:30,637.35,637.9,637.0,637.0,61,0
2026-06-24T13:30:00+05:30,636.4,636.4,633.3,635.65,4408,0
2026-06-24T13:45:00+05:30,635.6,638.95,634.25,638.0,804,0
2026-06-24T14:00:00+05:30,637.8,640.0,636.4,638.95,4077,0
2026-06-24T14:15:00+05:30,638.95,640.0,636.4,638.7,2231,0
2026-06-24T14:30:00+05:30,638.7,639.85,637.4,637.4,500,0
2026-06-24T14:45:00+05:30,637.4,638.0,635.9,635.9,1211,0
2026-06-24T15:00:00+05:30,635.4,636.4,633.05,633.05,1654,0
2026-06-24T15:15:00+05:30,633.7,638.05,630.5,638.0,9428,0
2026-06-25T09:15:00+05:30,635.1,637.8,631.5,631.75,2467,0
2026-06-25T09:30:00+05:30,633.0,635.25,631.0,633.5,2112,0
2026-06-25T09:45:00+05:30,633.85,634.3,631.0,631.05,2467,0
2026-06-25T10:00:00+05:30,631.05,631.05,627.5,628.3,2255,0
2026-06-25T10:15:00+05:30,628.55,633.7,627.7,631.0,4201,0
2026-06-25T10:30:00+05:30,631.0,632.75,631.0,632.5,481,0
2026-06-25T10:45:00+05:30,632.5,634.95,632.35,633.05,390,0
2026-06-25T11:00:00+05:30,633.75,634.9,632.85,634.4,651,0
2026-06-25T11:15:00+05:30,634.4,634.4,633.1,634.15,143,0
2026-06-25T11:30:00+05:30,634.15,634.45,633.0,634.45,145,0
2026-06-25T11:45:00+05:30,634.45,634.45,633.0,633.0,1207,0
2026-06-25T12:00:00+05:30,633.0,634.1,633.0,634.1,148,0
2026-06-25T12:15:00+05:30,634.1,634.1,633.0,633.0,3804,0
2026-06-25T12:30:00+05:30,633.35,633.5,633.0,633.5,634,0
2026-06-25T12:45:00+05:30,633.0,633.35,632.75,633.0,200,0
2026-06-25T13:00:00+05:30,633.0,633.6,633.0,633.0,2692,0
2026-06-25T13:15:00+05:30,633.0,634.55,633.0,634.1,1145,0
2026-06-25T13:30:00+05:30,634.15,634.95,633.5,634.95,332,0
2026-06-25T13:45:00+05:30,634.05,634.15,633.0,633.0,1089,0
2026-06-25T14:00:00+05:30,633.55,633.55,632.95,633.25,126,0
2026-06-25T14:15:00+05:30,633.0,633.7,629.05,629.15,3464,0
2026-06-25T14:30:00+05:30,629.0,629.9,625.35,625.35,1989,0
2026-06-25T14:45:00+05:30,626.0,627.05,624.9,624.9,1433,0
2026-06-25T15:00:00+05:30,624.3,624.4,620.0,623.05,3736,0
2026-06-25T15:15:00+05:30,623.05,623.9,620.75,621.0,5656,0
2026-06-29T09:15:00+05:30,625.35,625.35,612.7,614.3,4773,0
2026-06-29T09:30:00+05:30,613.05,614.1,610.7,612.05,3118,0
2026-06-29T09:45:00+05:30,612.45,612.45,608.05,610.0,2168,0
2026-06-29T10:00:00+05:30,609.15,610.15,608.0,608.0,1278,0
2026-06-29T10:15:00+05:30,608.0,612.35,605.6,610.85,3004,0
2026-06-29T10:30:00+05:30,610.85,612.1,606.9,608.0,2069,0
2026-06-29T10:45:00+05:30,608.0,608.1,606.55,607.0,3802,0
2026-06-29T11:00:00+05:30,607.0,608.9,607.0,608.0,699,0
2026-06-29T11:15:00+05:30,608.0,608.45,607.1,608.0,680,0
2026-06-29T11:30:00+05:30,608.0,608.15,607.0,608.15,261,0
2026-06-29T11:45:00+05:30,608.15,608.15,606.85,607.0,187,0
2026-06-29T12:00:00+05:30,607.0,607.75,605.2,605.2,837,0
2026-06-29T12:15:00+05:30,605.2,608.0,605.0,606.6,1665,0
2026-06-29T12:30:00+05:30,606.6,606.6,605.5,605.65,64,0
2026-06-29T12:45:00+05:30,605.65,607.95,605.25,607.0,2823,0
2026-06-29T13:00:00+05:30,606.0,607.25,606.0,607.25,293,0
2026-06-29T13:15:00+05:30,606.4,606.4,605.7,606.0,125,0
2026-06-29T13:30:00+05:30,606.0,607.6,606.0,606.9,888,0
2026-06-29T13:45:00+05:30,606.9,606.9,606.0,606.75,74,0
2026-06-29T14:00:00+05:30,606.75,606.9,604.95,605.75,704,0
2026-06-29T14:15:00+05:30,605.75,605.75,603.4,605.4,868,0
2026-06-29T14:30:00+05:30,605.4,605.9,602.25,605.9,1130,0
2026-06-29T14:45:00+05:30,604.7,605.1,603.8,604.0,409,0
2026-06-29T15:00:00+05:30,604.0,608.0,603.9,604.9,2746,0
2026-06-29T15:15:00+05:30,605.05,606.4,603.5,606.0,3536,0
2026-06-30T09:15:00+05:30,609.65,619.9,608.8,615.35,6613,0
2026-06-30T09:30:00+05:30,615.0,615.45,611.1,612.7,2225,0
2026-06-30T09:45:00+05:30,611.5,612.65,608.8,609.2,1686,0
2026-06-30T10:00:00+05:30,609.55,613.8,609.55,611.0,1537,0
2026-06-30T10:15:00+05:30,611.1,613.6,609.55,611.95,1231,0
2026-06-30T10:30:00+05:30,611.95,612.55,605.55,608.35,3404,0
2026-06-30T10:45:00+05:30,608.75,609.85,606.05,608.6,1333,0
2026-06-30T11:00:00+05:30,608.6,608.6,603.0,606.75,5672,0
2026-06-30T11:15:00+05:30,605.85,608.6,605.05,608.35,3929,0
2026-06-30T11:30:00+05:30,606.3,607.3,604.0,606.7,993,0
2026-06-30T11:45:00+05:30,606.7,607.95,605.5,607.95,499,0
2026-06-30T12:00:00+05:30,607.25,607.25,606.1,606.1,881,0
2026-06-30T12:15:00+05:30,606.1,606.6,606.1,606.6,52,0
2026-06-30T12:30:00+05:30,606.6,606.6,604.05,606.1,714,0
2026-06-30T12:45:00+05:30,606.1,607.5,606.1,607.25,761,0
2026-06-30T13:00:00+05:30,607.25,607.3,606.2,606.2,13,0
2026-06-30T13:15:00+05:30,606.2,611.05,606.0,609.25,1360,0
2026-06-30T13:30:00+05:30,608.9,608.9,608.05,608.15,23,0
2026-06-30T13:45:00+05:30,608.15,608.55,606.7,607.1,211,0
2026-06-30T14:00:00+05:30,607.1,607.95,606.05,606.1,191,0
2026-06-30T14:15:00+05:30,606.1,608.4,606.0,608.0,178,0
2026-06-30T14:30:00+05:30,607.35,609.0,607.0,608.35,615,0
2026-06-30T14:45:00+05:30,608.35,608.35,605.0,605.05,1118,0
2026-06-30T15:00:00+05:30,605.55,611.0,604.2,607.45,5170,0
2026-06-30T15:15:00+05:30,608.45,610.0,606.0,608.15,5917,0
2026-07-01T09:15:00+05:30,611.85,613.85,608.55,609.75,1745,0
2026-07-01T09:30:00+05:30,611.0,611.0,602.5,606.5,11370,0
2026-07-01T09:45:00+05:30,606.15,608.95,606.05,608.85,1719,0
2026-07-01T10:00:00+05:30,607.55,607.55,598.0,601.65,5150,0
2026-07-01T10:15:00+05:30,602.0,606.0,596.3,604.85,10580,0
2026-07-01T10:30:00+05:30,604.85,604.95,601.55,603.55,1387,0
2026-07-01T10:45:00+05:30,603.55,607.6,603.55,605.85,2263,0
2026-07-01T11:00:00+05:30,605.75,606.35,605.0,606.35,531,0
2026-07-01T11:15:00+05:30,605.4,605.4,601.75,603.0,2631,0
2026-07-01T11:30:00+05:30,603.0,604.0,602.15,603.1,631,0
2026-07-01T11:45:00+05:30,603.1,603.1,598.0,598.0,2617,0
2026-07-01T12:00:00+05:30,598.8,598.8,595.8,597.0,5515,0
2026-07-01T12:15:00+05:30,597.0,597.35,593.0,593.45,1576,0
2026-07-01T12:30:00+05:30,593.45,594.1,588.55,591.1,6435,0
2026-07-01T12:45:00+05:30,590.75,591.35,583.75,587.05,6244,0
2026-07-01T13:00:00+05:30,587.05,587.9,583.75,586.65,5413,0
2026-07-01T13:15:00+05:30,586.65,587.25,585.0,587.1,3424,0
2026-07-01T13:30:00+05:30,587.1,588.25,583.05,588.25,6321,0
2026-07-01T13:45:00+05:30,587.45,588.1,581.55,585.25,5495,0
2026-07-01T14:00:00+05:30,585.25,585.75,582.2,584.95,1957,0
2026-07-01T14:15:00+05:30,584.2,585.1,582.6,582.95,1974,0
2026-07-01T14:30:00+05:30,582.95,583.0,580.2,581.95,2401,0
2026-07-01T14:45:00+05:30,582.0,584.0,580.0,583.6,3646,0
2026-07-01T15:00:00+05:30,583.2,584.95,579.9,581.0,9538,0
2026-07-01T15:15:00+05:30,580.4,586.0,578.0,578.0,9300,0
2026-07-02T09:15:00+05:30,580.1,589.9,580.1,584.0,10019,0
2026-07-02T09:30:00+05:30,584.0,588.8,582.75,584.9,2899,0
2026-07-02T09:45:00+05:30,584.95,588.45,584.0,586.55,977,0
2026-07-02T10:00:00+05:30,587.15,588.0,582.8,584.2,2367,0
2026-07-02T10:15:00+05:30,584.2,587.55,584.2,587.55,3307,0
2026-07-02T10:30:00+05:30,587.55,591.0,586.55,588.15,2419,0
2026-07-02T10:45:00+05:30,588.15,588.3,586.0,586.0,624,0
2026-07-02T11:00:00+05:30,586.0,588.3,586.0,587.6,1970,0
2026-07-02T11:15:00+05:30,587.6,590.3,587.6,588.05,1929,0
2026-07-02T11:30:00+05:30,588.05,588.7,586.95,587.85,664,0
2026-07-02T11:45:00+05:30,587.85,588.85,587.2,588.0,303,0
2026-07-02T12:00:00+05:30,588.0,589.0,588.0,588.25,89,0
2026-07-02T12:15:00+05:30,588.25,593.3,588.25,588.25,1396,0
2026-07-02T12:30:00+05:30,589.85,589.85,588.0,588.0,933,0
2026-07-02T12:45:00+05:30,587.9,587.9,586.65,586.65,375,0
2026-07-02T13:00:00+05:30,586.65,588.3,586.65,587.55,338,0
2026-07-02T13:15:00+05:30,587.45,588.0,582.6,584.0,5708,0
2026-07-02T13:30:00+05:30,584.0,584.0,583.15,583.85,119,0
2026-07-02T13:45:00+05:30,583.85,584.0,582.3,583.7,316,0
2026-07-02T14:00:00+05:30,583.7,584.8,583.35,584.5,202,0
2026-07-02T14:15:00+05:30,584.5,584.5,583.35,583.35,226,0
2026-07-02T14:30:00+05:30,583.6,585.0,583.25,584.3,646,0
2026-07-02T14:45:00+05:30,584.3,585.35,583.75,583.95,969,0
2026-07-02T15:00:00+05:30,583.95,590.0,583.75,587.75,38429,0
2026-07-02T15:15:00+05:30,587.85,591.95,587.65,591.95,7448,0
2026-07-03T09:15:00+05:30,594.0,601.45,590.0,595.25,7202,0
2026-07-03T09:30:00+05:30,595.25,595.25,590.05,591.5,3524,0
2026-07-03T09:45:00+05:30,591.5,595.3,590.5,592.85,2064,0
2026-07-03T10:00:00+05:30,591.85,593.95,591.0,591.55,776,0
2026-07-03T10:15:00+05:30,592.85,594.4,592.5,592.5,727,0
2026-07-03T10:30:00+05:30,592.5,593.0,592.05,592.4,548,0
2026-07-03T10:45:00+05:30,591.8,591.8,589.55,589.55,2427,0
2026-07-03T11:00:00+05:30,589.0,589.15,588.0,588.0,404,0
2026-07-03T11:15:00+05:30,588.15,588.9,587.6,587.7,424,0
2026-07-03T11:30:00+05:30,587.7,589.45,585.45,585.45,1385,0
2026-07-03T11:45:00+05:30,585.45,588.55,585.25,588.3,1972,0
2026-07-03T12:00:00+05:30,588.3,590.8,588.3,590.05,391,0
2026-07-03T12:15:00+05:30,590.05,590.05,588.25,588.55,206,0
2026-07-03T12:30:00+05:30,588.55,589.35,585.95,585.95,525,0
2026-07-03T12:45:00+05:30,585.95,588.2,585.45,588.2,278,0
2026-07-03T13:00:00+05:30,588.2,588.35,587.05,587.95,900,0
2026-07-03T13:15:00+05:30,587.95,588.0,587.95,587.95,125,0
2026-07-03T13:30:00+05:30,587.95,588.9,587.35,588.9,34,0
2026-07-03T13:45:00+05:30,588.9,590.05,588.7,589.65,778,0
2026-07-03T14:00:00+05:30,590.5,590.85,590.0,590.0,99,0
2026-07-03T14:15:00+05:30,588.95,589.3,588.2,588.75,1235,0
2026-07-03T14:30:00+05:30,588.75,589.0,587.05,587.8,1210,0
2026-07-03T14:45:00+05:30,587.8,588.4,586.05,587.1,1052,0
2026-07-03T15:00:00+05:30,587.1,593.0,587.1,591.1,2673,0
2026-07-03T15:15:00+05:30,590.35,590.95,580.1,587.5,9533,0
2026-07-06T09:15:00+05:30,588.0,589.3,584.0,586.05,3822,0
2026-07-06T09:30:00+05:30,586.05,589.15,584.35,585.95,1445,0
2026-07-06T09:45:00+05:30,585.95,588.0,584.5,585.0,1248,0
2026-07-06T10:00:00+05:30,585.2,585.2,581.6,582.65,5082,0
2026-07-06T10:15:00+05:30,583.0,585.45,579.0,579.0,9028,0
2026-07-06T10:30:00+05:30,579.0,581.45,579.0,580.0,383,0
2026-07-06T10:45:00+05:30,580.0,581.0,575.1,575.95,2436,0
2026-07-06T11:00:00+05:30,575.9,578.5,570.1,574.95,8831,0
2026-07-06T11:15:00+05:30,574.15,575.75,573.05,573.5,1786,0
2026-07-06T11:30:00+05:30,574.5,575.0,574.0,574.9,1110,0
2026-07-06T11:45:00+05:30,574.9,575.9,574.3,575.3,252,0
2026-07-06T12:00:00+05:30,575.3,575.4,574.5,575.0,101,0
2026-07-06T12:15:00+05:30,575.0,575.0,571.35,572.45,1415,0
2026-07-06T12:30:00+05:30,573.35,574.2,570.0,572.15,3364,0
2026-07-06T12:45:00+05:30,572.15,572.25,570.3,571.45,788,0
2026-07-06T13:00:00+05:30,571.45,572.15,570.3,572.15,662,0
2026-07-06T13:15:00+05:30,572.15,572.15,570.0,571.4,319,0
2026-07-06T13:30:00+05:30,571.4,571.65,569.45,569.9,481,0
2026-07-06T13:45:00+05:30,570.75,572.15,570.75,571.0,667,0
2026-07-06T14:00:00+05:30,571.0,572.15,570.9,572.15,154,0
2026-07-06T14:15:00+05:30,572.15,572.15,571.45,572.0,85,0
2026-07-06T14:30:00+05:30,572.0,572.5,570.85,571.45,270,0
2026-07-06T14:45:00+05:30,571.45,572.0,570.95,571.1,781,0
2026-07-06T15:00:00+05:30,571.1,574.45,570.6,574.0,2458,0
2026-07-06T15:15:00+05:30,573.1,574.7,570.6,570.6,5410,0
2026-07-07T09:15:00+05:30,572.95,574.9,568.0,570.0,3397,0
2026-07-07T09:30:00+05:30,569.7,570.2,567.0,568.65,2961,0
2026-07-07T09:45:00+05:30,568.65,568.9,566.0,567.4,1314,0
2026-07-07T10:00:00+05:30,567.65,567.75,566.25,566.25,455,0
2026-07-07T10:15:00+05:30,566.65,566.65,561.2,563.65,3808,0
2026-07-07T10:30:00+05:30,563.2,566.1,563.2,565.3,1184,0
2026-07-07T10:45:00+05:30,565.3,566.1,564.1,565.05,1135,0
2026-07-07T11:00:00+05:30,565.05,565.25,563.95,565.25,1248,0
2026-07-07T11:15:00+05:30,565.25,565.25,563.1,563.5,478,0
2026-07-07T11:30:00+05:30,563.5,565.95,563.5,564.9,158,0
2026-07-07T11:45:00+05:30,564.7,567.65,564.7,567.0,226,0
2026-07-07T12:00:00+05:30,567.0,567.0,567.0,567.0,185,0
2026-07-07T12:15:00+05:30,566.2,566.2,559.7,561.2,10007,0
2026-07-07T12:30:00+05:30,561.1,561.15,558.0,560.9,4119,0
2026-07-07T12:45:00+05:30,560.9,561.0,559.9,561.0,605,0
2026-07-07T13:00:00+05:30,561.0,561.15,559.0,561.0,610,0
2026-07-07T13:15:00+05:30,561.0,561.0,559.75,560.3,459,0
2026-07-07T13:30:00+05:30,560.3,561.1,560.1,561.1,507,0
2026-07-07T13:45:00+05:30,561.1,561.1,560.0,561.1,662,0
2026-07-07T14:00:00+05:30,561.1,562.55,561.1,562.55,466,0
2026-07-07T14:15:00+05:30,562.55,562.55,560.9,561.9,1102,0
2026-07-07T14:30:00+05:30,561.9,561.9,561.0,561.75,110,0
2026-07-07T14:45:00+05:30,561.75,562.0,561.1,562.0,84,0
2026-07-07T15:00:00+05:30,562.0,562.05,560.0,560.85,1368,0
2026-07-07T15:15:00+05:30,560.25,560.85,557.1,559.0,4876,0
2026-07-08T09:15:00+05:30,558.0,560.9,552.2,555.4,5829,0
2026-07-08T09:30:00+05:30,555.4,558.0,554.35,555.05,1826,0
2026-07-08T09:45:00+05:30,555.6,558.4,555.3,557.55,2000,0
2026-07-08T10:00:00+05:30,557.55,558.4,556.0,557.45,1126,0
2026-07-08T10:15:00+05:30,558.2,558.4,557.0,557.95,446,0
2026-07-08T10:30:00+05:30,557.95,558.6,556.1,558.45,789,0
2026-07-08T10:45:00+05:30,558.45,559.5,557.65,558.0,495,0
2026-07-08T11:00:00+05:30,558.0,558.95,558.0,558.55,308,0
2026-07-08T11:15:00+05:30,558.55,567.6,558.55,563.55,3611,0
2026-07-08T11:30:00+05:30,564.0,565.45,560.55,564.5,4406,0
2026-07-08T11:45:00+05:30,564.25,564.5,562.95,563.0,617,0
2026-07-08T12:00:00+05:30,563.0,563.25,560.0,562.9,874,0
2026-07-08T12:15:00+05:30,562.9,562.9,561.75,562.65,95,0
2026-07-08T12:30:00+05:30,562.15,562.2,561.0,562.0,436,0
2026-07-08T12:45:00+05:30,562.0,563.2,561.7,562.6,233,0
2026-07-08T13:00:00+05:30,562.6,563.8,562.6,563.8,153,0
2026-07-08T13:15:00+05:30,563.6,565.25,562.05,564.85,1565,0
2026-07-08T13:30:00+05:30,564.85,572.8,564.45,566.0,5869,0
2026-07-08T13:45:00+05:30,565.75,565.75,555.15,555.15,4411,0
2026-07-08T14:00:00+05:30,555.2,556.25,551.1,552.0,4391,0
2026-07-08T14:15:00+05:30,552.15,554.95,547.25,547.85,4879,0
2026-07-08T14:30:00+05:30,548.0,548.15,544.0,547.0,7138,0
2026-07-08T14:45:00+05:30,545.1,545.1,541.45,543.65,2553,0
2026-07-08T15:00:00+05:30,543.1,546.0,542.05,545.05,2779,0
2026-07-08T15:15:00+05:30,544.7,547.0,544.0,546.0,5861,0
2026-07-09T09:15:00+05:30,548.0,558.25,546.55,552.65,2751,0
2026-07-09T09:30:00+05:30,552.05,557.9,551.75,556.2,1950,0
2026-07-09T09:45:00+05:30,555.85,556.8,553.85,555.3,1560,0
2026-07-09T10:00:00+05:30,554.65,555.5,554.0,555.5,273,0
2026-07-09T10:15:00+05:30,553.85,553.85,552.65,553.6,620,0
2026-07-09T10:30:00+05:30,553.6,555.25,548.05,555.25,2829,0
2026-07-09T10:45:00+05:30,554.95,555.85,552.5,552.5,556,0
2026-07-09T11:00:00+05:30,552.5,552.6,550.5,552.6,236,0
2026-07-09T11:15:00+05:30,552.6,552.95,551.45,552.95,84,0
2026-07-09T11:30:00+05:30,552.95,553.05,551.6,552.1,819,0
2026-07-09T11:45:00+05:30,552.1,552.7,551.45,552.2,142,0
2026-07-09T12:00:00+05:30,552.2,553.95,552.2,553.65,137,0
2026-07-09T12:15:00+05:30,553.65,553.7,553.25,553.25,22,0
2026-07-09T12:30:00+05:30,552.95,553.5,552.95,553.5,63,0
2026-07-09T12:45:00+05:30,553.5,553.5,551.65,552.95,65,0
2026-07-09T13:00:00+05:30,552.95,556.1,552.95,556.1,906,0
2026-07-09T13:15:00+05:30,556.1,556.95,556.1,556.95,440,0
2026-07-09T13:30:00+05:30,556.95,556.95,555.15,555.15,339,0
2026-07-09T13:45:00+05:30,555.15,555.8,555.0,555.45,326,0
2026-07-09T14:00:00+05:30,556.2,566.6,556.2,559.65,7656,0
2026-07-09T14:15:00+05:30,559.6,562.75,559.5,560.95,444,0
2026-07-09T14:30:00+05:30,561.3,561.8,559.05,559.5,839,0
2026-07-09T14:45:00+05:30,559.25,559.7,557.1,559.05,1008,0
2026-07-09T15:00:00+05:30,558.2,559.95,555.35,557.7,1475,0
2026-07-09T15:15:00+05:30,557.05,561.15,556.25,560.1,4920,0
2026-07-10T09:15:00+05:30,561.0,567.7,561.0,565.6,2073,0
2026-07-10T09:30:00+05:30,564.8,575.3,564.1,571.0,5947,0
2026-07-10T09:45:00+05:30,571.0,575.0,568.0,572.4,4591,0
2026-07-10T10:00:00+05:30,572.4,573.3,571.3,572.95,631,0
2026-07-10T10:15:00+05:30,573.1,575.0,571.8,571.8,1750,0
2026-07-10T10:30:00+05:30,571.8,571.8,559.4,566.0,6334,0
2026-07-10T10:45:00+05:30,566.0,566.75,562.9,562.9,1390,0
2026-07-10T11:00:00+05:30,562.9,564.0,558.3,560.0,5113,0
2026-07-10T11:15:00+05:30,560.0,560.0,559.15,559.6,407,0
2026-07-10T11:30:00+05:30,559.75,559.9,558.6,559.9,790,0
2026-07-10T11:45:00+05:30,559.8,561.25,559.5,561.25,366,0
2026-07-10T12:00:00+05:30,561.25,565.9,560.75,564.6,1784,0
2026-07-10T12:15:00+05:30,564.5,570.0,563.0,566.05,10452,0
2026-07-10T12:30:00+05:30,564.8,565.05,561.0,564.1,1283,0
2026-07-10T12:45:00+05:30,564.95,565.1,563.75,563.75,801,0
2026-07-10T13:00:00+05:30,563.75,565.1,563.55,565.0,378,0
2026-07-10T13:15:00+05:30,565.0,566.6,564.95,566.0,189,0
2026-07-10T13:30:00+05:30,566.0,568.45,565.05,567.9,988,0
2026-07-10T13:45:00+05:30,567.8,580.0,567.3,577.0,40720,0
2026-07-10T14:00:00+05:30,577.45,584.9,573.45,584.0,55106,0
2026-07-10T14:15:00+05:30,583.45,583.75,571.65,573.55,21539,0
2026-07-10T14:30:00+05:30,574.4,588.0,573.85,581.25,36179,0
2026-07-10T14:45:00+05:30,581.2,581.25,575.15,579.0,6555,0
2026-07-10T15:00:00+05:30,579.0,581.0,577.1,578.0,12010,0
2026-07-10T15:15:00+05:30,577.05,581.0,576.3,580.0,13793,0
2026-07-13T09:15:00+05:30,576.8,646.75,571.8,637.8,252760,0
2026-07-13T09:30:00+05:30,638.2,654.8,635.25,647.4,332797,0
2026-07-13T09:45:00+05:30,647.3,669.0,645.45,661.95,573112,0
2026-07-13T10:00:00+05:30,662.6,676.0,657.05,668.35,499886,0
2026-07-13T10:15:00+05:30,668.35,672.4,664.15,664.95,188187,0
2026-07-13T10:30:00+05:30,664.85,667.0,655.55,662.0,161981,0
2026-07-13T10:45:00+05:30,661.9,675.9,659.45,666.0,219270,0
2026-07-13T11:00:00+05:30,666.1,666.85,661.25,664.0,43982,0
2026-07-13T11:15:00+05:30,664.0,667.0,662.85,665.5,31105,0
2026-07-13T11:30:00+05:30,665.15,666.45,659.0,662.5,29924,0
2026-07-13T11:45:00+05:30,662.55,665.0,661.65,661.85,41554,0
2026-07-13T12:00:00+05:30,662.1,667.0,661.5,664.7,43640,0
2026-07-13T12:15:00+05:30,664.5,667.0,661.5,663.7,33080,0
2026-07-13T12:30:00+05:30,663.8,676.9,663.8,669.4,222121,0
2026-07-13T12:45:00+05:30,669.45,677.8,667.35,671.95,103180,0
2026-07-13T13:00:00+05:30,671.4,676.8,668.05,671.85,70947,0
2026-07-13T13:15:00+05:30,671.7,671.8,666.05,671.8,50930,0
2026-07-13T13:30:00+05:30,671.7,676.0,670.1,671.0,45126,0
2026-07-13T13:45:00+05:30,671.15,672.1,666.55,668.45,30576,0
2026-07-13T14:00:00+05:30,668.1,685.0,666.8,682.8,165078,0
2026-07-13T14:15:00+05:30,682.35,694.55,682.0,694.55,315289,0
2026-07-13T14:30:00+05:30,694.55,694.55,694.55,694.55,13624,0
2026-07-13T14:45:00+05:30,694.55,694.55,675.3,679.55,600539,0
2026-07-13T15:00:00+05:30,679.0,679.95,667.8,675.2,135723,0
2026-07-13T15:15:00+05:30,673.8,676.4,665.2,670.0,103937,0
2026-07-14T09:15:00+05:30,662.0,682.4,661.3,681.7,158583,0
2026-07-14T09:30:00+05:30,681.7,684.45,656.2,658.85,108073,0
2026-07-14T09:45:00+05:30,658.0,662.95,651.2,658.35,40071,0
2026-07-14T10:00:00+05:30,658.5,659.6,653.0,656.7,13499,0
2026-07-14T10:15:00+05:30,656.45,656.45,643.75,645.65,46510,0
2026-07-14T10:30:00+05:30,645.0,647.05,641.3,646.9,15050,0
2026-07-14T10:45:00+05:30,646.75,650.9,644.25,648.1,11299,0
2026-07-14T11:00:00+05:30,648.0,652.05,645.0,646.45,9342,0
2026-07-14T11:15:00+05:30,647.2,649.75,645.65,647.65,2738,0
2026-07-14T11:30:00+05:30,647.45,649.5,645.0,645.45,4853,0
2026-07-14T11:45:00+05:30,645.45,647.6,645.45,647.25,1822,0
2026-07-14T12:00:00+05:30,647.1,648.9,642.8,643.6,4122,0
2026-07-14T12:15:00+05:30,643.6,648.0,635.5,645.35,24116,0
2026-07-14T12:30:00+05:30,644.5,649.4,640.45,642.4,12413,0
2026-07-14T12:45:00+05:30,642.35,644.25,640.85,643.2,2929,0
2026-07-14T13:00:00+05:30,642.1,642.75,639.0,639.0,5049,0
2026-07-14T13:15:00+05:30,639.1,642.55,638.15,642.25,3653,0
2026-07-14T13:30:00+05:30,642.2,642.25,640.1,640.9,2952,0
2026-07-14T13:45:00+05:30,641.6,643.85,640.65,643.05,3654,0
2026-07-14T14:00:00+05:30,641.55,649.0,638.45,643.55,8557,0
2026-07-14T14:15:00+05:30,643.55,644.6,641.0,642.4,1424,0
2026-07-14T14:30:00+05:30,642.25,643.0,640.9,641.0,3572,0
2026-07-14T14:45:00+05:30,641.0,642.55,637.0,638.1,6873,0
2026-07-14T15:00:00+05:30,638.15,638.7,632.5,634.15,19821,0
2026-07-14T15:15:00+05:30,635.1,635.5,630.0,633.9,29181,0
2026-07-15T09:15:00+05:30,638.8,645.0,628.7,644.95,43911,0
2026-07-15T09:30:00+05:30,644.7,647.2,635.0,638.4,23908,0
2026-07-15T09:45:00+05:30,638.05,638.8,631.0,635.0,11374,0
2026-07-15T10:00:00+05:30,634.65,635.75,633.85,634.8,2069,0
2026-07-15T10:15:00+05:30,634.45,635.0,632.75,633.6,2147,0
2026-07-15T10:30:00+05:30,633.05,637.0,630.0,632.55,9658,0
2026-07-15T10:45:00+05:30,632.45,632.45,630.2,631.0,1219,0
2026-07-15T11:00:00+05:30,631.0,631.1,625.95,628.1,5444,0
2026-07-15T11:15:00+05:30,628.75,630.0,627.65,629.2,3237,0
2026-07-15T11:30:00+05:30,629.1,629.9,627.1,628.0,1543,0
2026-07-15T11:45:00+05:30,628.0,634.4,626.2,630.1,5962,0
2026-07-15T12:00:00+05:30,630.85,631.2,626.7,627.15,899,0
2026-07-15T12:15:00+05:30,627.3,628.25,626.0,626.05,4041,0
2026-07-15T12:30:00+05:30,625.4,627.25,625.05,626.4,662,0
2026-07-15T12:45:00+05:30,626.65,627.7,622.55,624.8,4412,0
2026-07-15T13:00:00+05:30,625.0,628.0,625.0,625.55,1470,0
2026-07-15T13:15:00+05:30,625.55,627.65,625.0,625.85,171,0
2026-07-15T13:30:00+05:30,625.85,625.85,624.0,624.3,1049,0
2026-07-15T13:45:00+05:30,625.05,626.0,623.85,625.5,1792,0
2026-07-15T14:00:00+05:30,626.4,628.1,625.75,627.35,1601,0
2026-07-15T14:15:00+05:30,626.7,627.4,624.05,625.4,832,0
2026-07-15T14:30:00+05:30,625.4,631.0,623.25,623.85,9607,0
2026-07-15T14:45:00+05:30,623.85,623.85,621.0,621.9,4253,0
2026-07-15T15:00:00+05:30,621.5,621.95,617.6,620.0,9641,0
2026-07-15T15:15:00+05:30,620.0,630.95,617.95,629.0,26873,0
2026-07-16T09:15:00+05:30,628.8,640.0,623.45,625.25,20954,0
2026-07-16T09:30:00+05:30,625.0,630.0,624.0,626.65,6987,0
2026-07-16T09:45:00+05:30,627.2,627.25,620.6,622.9,6095,0
2026-07-16T10:00:00+05:30,623.15,624.0,622.35,622.4,475,0
2026-07-16T10:15:00+05:30,622.4,623.2,621.0,622.55,1348,0
2026-07-16T10:30:00+05:30,622.6,624.7,621.45,624.65,1416,0
2026-07-16T10:45:00+05:30,624.65,627.6,624.5,625.6,5428,0
2026-07-16T11:00:00+05:30,625.6,625.95,623.55,624.65,668,0
2026-07-16T11:15:00+05:30,624.65,624.9,623.6,624.75,510,0
2026-07-16T11:30:00+05:30,624.0,626.95,624.0,626.1,671,0
2026-07-16T11:45:00+05:30,626.1,626.25,624.5,625.1,2671,0
2026-07-16T12:00:00+05:30,625.1,626.45,624.5,626.45,778,0
2026-07-16T12:15:00+05:30,626.45,626.9,625.6,625.6,414,0
2026-07-16T12:30:00+05:30,625.6,626.0,625.0,625.0,889,0
2026-07-16T12:45:00+05:30,625.0,626.0,624.75,624.75,202,0
2026-07-16T13:00:00+05:30,624.7,625.85,624.7,624.7,254,0
2026-07-16T13:15:00+05:30,625.6,625.8,621.0,621.0,7672,0
2026-07-16T13:30:00+05:30,621.0,621.55,617.15,620.8,2074,0
2026-07-16T13:45:00+05:30,620.8,622.0,619.2,620.65,552,0
2026-07-16T14:00:00+05:30,620.65,624.35,620.65,622.8,283,0
2026-07-16T14:15:00+05:30,622.8,624.45,621.7,623.75,432,0
2026-07-16T14:30:00+05:30,623.75,623.8,620.6,621.8,602,0
2026-07-16T14:45:00+05:30,621.95,624.1,621.1,622.2,18235,0
2026-07-16T15:00:00+05:30,622.4,623.8,619.6,621.85,5051,0
2026-07-16T15:15:00+05:30,621.1,622.55,617.95,619.4,10875,0
2026-07-17T09:15:00+05:30,623.4,623.4,611.05,615.9,9400,0
2026-07-17T09:30:00+05:30,615.75,621.85,613.2,614.0,8367,0
2026-07-17T09:45:00+05:30,614.0,614.7,612.0,612.0,3255,0
2026-07-17T10:00:00+05:30,612.0,612.05,606.75,609.85,13019,0
2026-07-17T10:15:00+05:30,609.7,620.0,609.35,616.2,8690,0
2026-07-17T10:30:00+05:30,616.0,617.4,613.65,615.0,2947,0
2026-07-17T10:45:00+05:30,614.4,615.0,612.75,613.45,1092,0
2026-07-17T11:00:00+05:30,614.3,615.0,613.0,614.1,768,0
2026-07-17T11:15:00+05:30,614.1,614.1,609.3,611.0,1400,0
2026-07-17T11:30:00+05:30,611.0,611.0,607.0,611.0,3623,0
2026-07-17T11:45:00+05:30,610.6,610.6,607.0,608.2,4343,0
2026-07-17T12:00:00+05:30,608.0,608.6,607.0,608.6,1020,0
2026-07-17T12:15:00+05:30,608.6,608.95,608.2,608.7,1628,0
2026-07-17T12:30:00+05:30,608.7,609.3,607.2,609.25,1370,0
2026-07-17T12:45:00+05:30,609.25,609.25,608.1,608.65,100,0
2026-07-17T13:00:00+05:30,608.75,609.0,607.75,608.7,2459,0
2026-07-17T13:15:00+05:30,608.95,609.05,607.45,607.65,486,0
2026-07-17T13:30:00+05:30,607.5,610.0,607.2,608.05,2275,0
2026-07-17T13:45:00+05:30,608.65,610.0,607.1,610.0,965,0
2026-07-17T14:00:00+05:30,610.0,611.05,610.0,611.05,411,0
2026-07-17T14:15:00+05:30,611.1,615.45,611.1,612.15,1238,0
2026-07-17T14:30:00+05:30,612.15,613.25,611.8,611.8,301,0
2026-07-17T14:45:00+05:30,612.95,616.45,612.8,614.8,2668,0
2026-07-17T15:00:00+05:30,614.8,618.1,613.05,613.05,5600,0
2026-07-17T15:15:00+05:30,614.15,620.05,612.2,618.8,11990,0
2026-07-20T09:15:00+05:30,618.8,624.9,610.55,612.25,10608,0
2026-07-20T09:30:00+05:30,612.15,615.8,611.3,615.0,1196,0
2026-07-20T09:45:00+05:30,614.1,616.35,612.0,612.0,2203,0
2026-07-20T10:00:00+05:30,612.4,613.3,611.9,612.1,642,0
2026-07-20T10:15:00+05:30,612.9,615.35,611.1,614.55,3546,0
2026-07-20T10:30:00+05:30,614.55,616.5,612.0,612.0,2401,0
2026-07-20T10:45:00+05:30,611.85,612.6,611.2,612.3,184,0
2026-07-20T11:00:00+05:30,611.5,612.3,611.0,612.0,873,0
2026-07-20T11:15:00+05:30,611.0,611.4,610.25,610.95,781,0
2026-07-20T11:30:00+05:30,610.95,611.5,609.0,609.0,1542,0
2026-07-20T11:45:00+05:30,609.2,609.9,607.0,608.0,2413,0
2026-07-20T12:00:00+05:30,608.0,609.7,608.0,609.7,94,0
2026-07-20T12:15:00+05:30,609.3,609.3,601.0,604.8,6611,0
2026-07-20T12:30:00+05:30,605.6,606.7,603.5,604.45,1040,0
2026-07-20T12:45:00+05:30,605.2,605.4,602.65,604.8,1036,0
2026-07-20T13:00:00+05:30,604.3,605.7,602.0,603.45,1954,0
2026-07-20T13:15:00+05:30,603.75,606.0,603.65,605.05,368,0
2026-07-20T13:30:00+05:30,605.05,607.0,605.05,606.7,148,0
2026-07-20T13:45:00+05:30,606.15,607.1,605.95,607.1,604,0
2026-07-20T14:00:00+05:30,607.1,608.1,605.4,608.0,760,0
2026-07-20T14:15:00+05:30,608.25,608.7,607.05,607.85,1432,0
2026-07-20T14:30:00+05:30,607.1,607.1,602.4,605.0,2558,0
2026-07-20T14:45:00+05:30,606.1,607.25,605.15,606.6,399,0
2026-07-20T15:00:00+05:30,607.05,611.65,606.5,609.35,3701,0
2026-07-20T15:15:00+05:30,609.85,610.5,603.3,608.0,15835,0
2026-07-21T09:15:00+05:30,602.8,616.05,602.8,610.3,8321,0
2026-07-21T09:30:00+05:30,610.3,611.45,606.4,607.3,3182,0
2026-07-21T09:45:00+05:30,608.0,608.0,605.0,605.0,1105,0
2026-07-21T10:00:00+05:30,605.0,607.25,604.1,606.9,1307,0
2026-07-21T10:15:00+05:30,606.9,613.9,601.6,609.55,32215,0
2026-07-21T10:30:00+05:30,609.55,610.35,606.7,608.0,1173,0
2026-07-21T10:45:00+05:30,607.05,607.95,605.25,606.0,2724,0
2026-07-21T11:00:00+05:30,606.4,608.45,606.25,606.85,1696,0
2026-07-21T11:15:00+05:30,606.85,609.0,606.65,606.65,1162,0
2026-07-21T11:30:00+05:30,606.65,608.2,606.5,608.2,230,0
2026-07-21T11:45:00+05:30,608.2,608.2,606.55,607.1,56,0
2026-07-21T12:00:00+05:30,607.1,608.2,606.6,608.2,606,0
2026-07-21T12:15:00+05:30,608.2,608.2,607.0,607.0,71,0
2026-07-21T12:30:00+05:30,607.15,608.35,607.05,608.0,247,0
2026-07-21T12:45:00+05:30,608.0,608.0,606.5,606.7,1912,0
2026-07-21T13:00:00+05:30,606.7,607.25,602.45,603.5,12738,0
2026-07-21T13:15:00+05:30,603.5,605.45,603.2,604.55,371,0
2026-07-21T13:30:00+05:30,604.55,605.3,604.5,605.2,161,0
2026-07-21T13:45:00+05:30,606.0,607.0,605.25,606.1,1786,0
2026-07-21T14:00:00+05:30,605.55,609.75,605.5,606.9,4092,0
2026-07-21T14:15:00+05:30,606.8,606.9,604.0,604.0,1129,0
2026-07-21T14:30:00+05:30,604.0,604.65,602.8,604.0,1099,0
2026-07-21T14:45:00+05:30,604.55,604.95,603.75,604.0,1345,0
2026-07-21T15:00:00+05:30,604.0,607.2,603.6,607.0,29630,0
2026-07-21T15:15:00+05:30,607.05,607.35,605.0,605.0,8401,0
2026-07-22T09:15:00+05:30,602.4,611.1,600.05,600.05,9159,0
2026-07-22T09:30:00+05:30,600.05,601.0,596.05,599.0,3716,0
2026-07-22T09:45:00+05:30,598.65,605.45,593.1,600.9,12106,0
2026-07-22T10:00:00+05:30,600.5,602.9,598.05,600.65,2635,0
2026-07-22T10:15:00+05:30,600.65,600.75,595.0,596.6,1634,0
2026-07-22T10:30:00+05:30,597.15,601.25,596.55,598.9,2156,0
2026-07-22T10:45:00+05:30,598.55,599.95,595.2,596.8,2459,0
2026-07-22T11:00:00+05:30,596.8,598.5,596.55,597.25,160,0
2026-07-22T11:15:00+05:30,597.25,598.3,596.0,598.3,312,0
2026-07-22T11:30:00+05:30,598.3,598.85,597.05,598.3,359,0
2026-07-22T11:45:00+05:30,598.3,598.3,597.05,597.3,144,0
2026-07-22T12:00:00+05:30,597.3,598.25,596.0,597.15,5138,0
2026-07-22T12:15:00+05:30,597.2,597.95,597.0,597.0,117,0
2026-07-22T12:30:00+05:30,597.35,597.75,595.25,595.3,11610,0
2026-07-22T12:45:00+05:30,595.3,597.25,595.0,597.0,4153,0
2026-07-22T13:00:00+05:30,597.0,597.7,595.6,596.0,345,0
2026-07-22T13:15:00+05:30,596.0,596.0,591.75,592.55,1832,0
2026-07-22T13:30:00+05:30,592.55,594.85,592.0,593.25,924,0
2026-07-22T13:45:00+05:30,593.25,593.5,588.3,588.65,4648,0
2026-07-22T14:00:00+05:30,588.65,588.95,587.0,587.9,879,0
2026-07-22T14:15:00+05:30,587.9,589.5,587.3,587.7,9887,0
2026-07-22T14:30:00+05:30,588.5,589.35,586.8,588.5,639,0
2026-07-22T14:45:00+05:30,588.3,589.2,587.35,588.75,102,0
2026-07-22T15:00:00+05:30,588.2,589.05,585.0,588.0,3885,0
2026-07-22T15:15:00+05:30,589.1,589.1,582.25,584.85,9513,0
2026-07-23T09:15:00+05:30,585.0,587.95,580.1,586.65,4267,0
2026-07-23T09:30:00+05:30,586.65,588.75,585.0,585.95,4044,0
2026-07-23T09:45:00+05:30,586.15,593.45,584.25,590.0,5707,0
2026-07-23T10:00:00+05:30,589.05,596.4,588.6,591.05,6615,0
2026-07-23T10:15:00+05:30,591.45,593.0,590.8,592.5,964,0
2026-07-23T10:30:00+05:30,593.0,595.0,592.7,594.85,816,0
2026-07-23T10:45:00+05:30,595.0,602.0,594.1,596.7,5770,0
2026-07-23T11:00:00+05:30,596.75,596.9,594.05,594.05,587,0
2026-07-23T11:15:00+05:30,594.05,594.15,591.65,591.65,806,0
2026-07-23T11:30:00+05:30,591.65,595.4,591.65,593.5,824,0
2026-07-23T11:45:00+05:30,593.5,594.05,591.35,592.7,606,0
2026-07-23T12:00:00+05:30,593.0,593.1,591.4,592.3,879,0
2026-07-23T12:15:00+05:30,592.3,592.3,590.45,590.45,821,0
2026-07-23T12:30:00+05:30,590.05,590.05,583.1,583.1,2460,0
2026-07-23T12:45:00+05:30,584.0,585.25,584.0,584.75,2287,0
2026-07-23T13:00:00+05:30,584.35,584.35,580.55,580.55,3909,0
2026-07-23T13:15:00+05:30,581.35,581.5,579.0,580.75,2614,0
2026-07-23T13:30:00+05:30,580.6,582.5,579.55,582.5,491,0
2026-07-23T13:45:00+05:30,582.5,582.5,581.25,581.65,524,0
2026-07-23T14:00:00+05:30,581.4,582.0,581.0,581.6,180,0
2026-07-23T14:15:00+05:30,581.6,581.65,580.35,581.55,125,0
2026-07-23T14:30:00+05:30,581.55,582.5,580.1,581.25,1353,0
2026-07-23T14:45:00+05:30,581.8,582.0,579.05,580.0,1039,0
2026-07-23T15:00:00+05:30,580.95,582.7,578.9,580.7,6373,0
2026-07-23T15:15:00+05:30,580.45,582.85,578.0,578.0,8162,0
2026-07-24T09:15:00+05:30,577.25,581.45,572.0,573.45,6931,0
2026-07-24T09:30:00+05:30,574.3,576.1,572.25,573.0,1847,0
2026-07-24T09:45:00+05:30,573.0,573.45,570.2,571.05,3245,0
2026-07-24T10:00:00+05:30,571.9,572.0,566.65,567.95,3517,0
2026-07-24T10:15:00+05:30,567.35,568.3,566.05,567.9,1685,0
2026-07-24T10:30:00+05:30,567.9,570.25,564.3,569.0,5283,0
2026-07-24T10:45:00+05:30,569.95,572.45,569.3,570.0,1416,0
2026-07-24T11:00:00+05:30,570.15,570.85,568.05,569.65,765,0
2026-07-24T11:15:00+05:30,569.65,576.9,569.35,573.9,1095,0
2026-07-24T11:30:00+05:30,573.9,577.25,572.95,577.25,1124,0
2026-07-24T11:45:00+05:30,576.35,578.3,576.35,577.95,996,0
2026-07-24T12:00:00+05:30,577.95,578.1,576.7,577.15,231,0
2026-07-24T12:15:00+05:30,576.9,582.45,576.9,581.0,2422,0
2026-07-24T12:30:00+05:30,581.9,582.6,578.75,580.0,1657,0
2026-07-24T12:45:00+05:30,580.0,581.0,579.05,580.75,681,0
2026-07-24T13:00:00+05:30,580.4,581.0,579.0,580.0,602,0
2026-07-24T13:15:00+05:30,580.0,582.15,579.85,581.65,271,0
2026-07-24T13:30:00+05:30,582.0,582.0,577.55,578.0,2201,0
2026-07-24T13:45:00+05:30,579.3,580.0,578.85,579.85,113,0
2026-07-24T14:00:00+05:30,579.85,581.35,579.85,579.9,635,0
2026-07-24T14:15:00+05:30,580.75,580.8,578.0,578.05,203,0
2026-07-24T14:30:00+05:30,578.05,578.45,576.25,577.5,486,0
2026-07-24T14:45:00+05:30,577.85,580.0,577.85,580.0,1033,0
2026-07-24T15:00:00+05:30,580.0,582.05,578.0,581.25,1499,0
2026-07-24T15:15:00+05:30,581.1,581.9,579.05,581.9,4926,0
2026-07-27T09:15:00+05:30,599.0,599.1,585.0,588.5,7761,0
2026-07-27T09:30:00+05:30,587.55,591.9,587.55,588.0,2075,0
2026-07-27T09:45:00+05:30,588.0,589.05,586.85,588.45,789,0
2026-07-27T10:00:00+05:30,588.5,588.95,583.95,584.0,2862,0
2026-07-27T10:15:00+05:30,584.0,586.2,583.75,584.5,1368,0
2026-07-27T10:30:00+05:30,584.1,585.1,582.9,583.2,1190,0
2026-07-27T10:45:00+05:30,583.2,584.95,583.2,584.9,357,0
2026-07-27T11:00:00+05:30,584.15,585.9,584.05,585.9,373,0
2026-07-27T11:15:00+05:30,585.9,586.1,584.3,585.1,422,0
2026-07-27T11:30:00+05:30,585.1,586.1,585.1,586.0,196,0
2026-07-27T11:45:00+05:30,585.5,585.55,584.6,584.6,91,0
2026-07-27T12:00:00+05:30,584.6,585.05,584.4,585.0,196,0
2026-07-27T12:15:00+05:30,585.0,586.0,585.0,586.0,284,0
2026-07-27T12:30:00+05:30,586.0,586.0,584.45,585.1,235,0
2026-07-27T12:45:00+05:30,585.1,586.0,585.1,585.95,26,0
2026-07-27T13:00:00+05:30,585.95,588.0,585.9,587.35,656,0
2026-07-27T13:15:00+05:30,586.9,587.1,583.55,585.15,1199,0
2026-07-27T13:30:00+05:30,585.15,585.15,580.4,581.0,6597,0
2026-07-27T13:45:00+05:30,581.0,581.9,580.15,580.25,469,0
2026-07-27T14:00:00+05:30,580.5,581.5,578.0,580.4,3916,0
2026-07-27T14:15:00+05:30,580.25,581.15,578.8,578.9,385,0
2026-07-27T14:30:00+05:30,578.9,580.0,578.9,579.35,353,0
2026-07-27T14:45:00+05:30,579.35,580.45,579.0,579.05,1890,0
2026-07-27T15:00:00+05:30,579.05,579.9,576.35,578.9,1933,0
2026-07-27T15:15:00+05:30,579.05,579.6,575.95,576.4,7749,0
2026-07-28T09:15:00+05:30,577.0,580.75,575.0,577.1,3436,0
2026-07-28T09:30:00+05:30,576.5,577.3,574.85,576.7,931,0
2026-07-28T09:45:00+05:30,575.15,575.15,573.1,574.0,1061,0
2026-07-28T10:00:00+05:30,574.3,575.0,573.0,574.4,580,0
2026-07-28T10:15:00+05:30,574.3,575.9,571.15,574.0,2255,0
2026-07-28T10:30:00+05:30,574.3,574.5,572.6,572.6,289,0
2026-07-28T10:45:00+05:30,573.0,574.15,572.0,572.75,402,0
2026-07-28T11:00:00+05:30,573.25,573.55,572.8,572.9,55,0
2026-07-28T11:15:00+05:30,572.9,573.4,572.6,573.4,366,0
2026-07-28T11:30:00+05:30,573.75,573.75,571.3,572.85,832,0
2026-07-28T11:45:00+05:30,572.85,573.0,572.0,572.0,173,0
2026-07-28T12:00:00+05:30,572.0,572.95,571.7,572.25,212,0
2026-07-28T12:15:00+05:30,572.25,573.15,572.1,573.15,105,0
2026-07-28T12:30:00+05:30,573.15,573.15,572.1,572.1,168,0
2026-07-28T12:45:00+05:30,572.1,572.5,571.15,571.15,179,0
2026-07-28T13:00:00+05:30,571.45,572.8,571.0,571.0,1545,0
2026-07-28T13:15:00+05:30,571.0,571.0,568.75,570.0,1508,0
2026-07-28T13:30:00+05:30,570.0,570.35,568.6,570.3,335,0
2026-07-28T13:45:00+05:30,569.15,570.95,568.6,570.95,376,0
2026-07-28T14:00:00+05:30,570.95,570.95,569.55,569.55,59,0
2026-07-28T14:15:00+05:30,569.55,572.0,569.55,571.0,2451,0
2026-07-28T14:30:00+05:30,571.0,571.5,570.0,570.45,3148,0
2026-07-28T14:45:00+05:30,569.85,570.6,569.15,570.6,1304,0
2026-07-28T15:00:00+05:30,570.6,570.6,569.0,570.25,1628,0
2026-07-28T15:15:00+05:30,569.95,570.3,568.0,568.0,4458,0
2026-07-29T09:15:00+05:30,574.65,578.95,573.1,573.1,4709,0
2026-07-29T09:30:00+05:30,573.85,576.0,573.1,574.65,1464,0
2026-07-29T09:45:00+05:30,574.65,575.1,574.0,574.7,2302,0
2026-07-29T10:00:00+05:30,574.55,576.1,573.5,576.1,3052,0
2026-07-29T10:15:00+05:30,577.0,579.15,575.35,575.4,2517,0
2026-07-29T10:30:00+05:30,575.25,575.25,574.2,575.0,199,0
2026-07-29T10:45:00+05:30,575.0,575.0,571.0,571.55,912,0
2026-07-29T11:00:00+05:30,571.55,573.0,570.0,570.0,2720,0
2026-07-29T11:15:00+05:30,570.15,572.8,568.7,571.85,5755,0
2026-07-29T11:30:00+05:30,571.3,572.3,570.95,570.95,257,0
2026-07-29T11:45:00+05:30,570.95,571.6,570.05,570.1,101,0
2026-07-29T12:00:00+05:30,570.1,571.4,570.1,571.4,230,0
2026-07-29T12:15:00+05:30,571.4,571.45,570.35,570.35,173,0
2026-07-29T12:30:00+05:30,570.55,572.0,569.55,571.0,1239,0
2026-07-29T12:45:00+05:30,571.0,571.0,570.9,570.95,91,0
2026-07-29T13:00:00+05:30,570.95,574.25,570.85,573.1,2084,0
2026-07-29T13:15:00+05:30,572.35,573.0,571.95,572.2,1046,0
2026-07-29T13:30:00+05:30,572.2,572.9,571.55,572.55,450,0
2026-07-29T13:45:00+05:30,572.55,574.35,572.2,572.35,521,0
2026-07-29T14:00:00+05:30,572.35,574.3,572.35,574.1,358,0
2026-07-29T14:15:00+05:30,574.1,574.1,573.85,573.9,318,0
2026-07-29T14:30:00+05:30,573.9,574.15,572.0,573.0,1813,0
2026-07-29T14:45:00+05:30,573.0,576.0,571.45,576.0,2954,0
2026-07-29T15:00:00+05:30,576.1,577.6,573.7,575.0,5107,0
2026-07-29T15:15:00+05:30,575.3,577.7,570.65,577.65,3728,0
2026-07-30T09:15:00+05:30,576.55,579.55,569.0,570.45,2662,0
2026-07-30T09:30:00+05:30,570.45,572.3,567.85,567.85,3431,0
2026-07-30T09:45:00+05:30,567.85,570.15,567.65,568.45,532,0
2026-07-30T10:00:00+05:30,568.3,568.8,565.6,566.75,682,0
2026-07-30T10:15:00+05:30,566.7,566.7,564.8,565.2,786,0
2026-07-30T10:30:00+05:30,565.2,567.0,565.2,566.3,293,0
2026-07-30T10:45:00+05:30,566.4,568.0,566.4,567.0,689,0
2026-07-30T11:00:00+05:30,567.0,568.45,566.5,567.95,1131,0
2026-07-30T11:15:00+05:30,567.95,567.95,563.6,567.2,5736,0
2026-07-30T11:30:00+05:30,567.15,567.15,567.05,567.1,159,0
2026-07-30T11:45:00+05:30,566.05,566.05,564.8,565.0,965,0
2026-07-30T12:00:00+05:30,565.3,567.4,565.2,565.35,544,0
2026-07-30T12:15:00+05:30,565.35,565.75,561.2,563.45,1391,0
2026-07-30T12:30:00+05:30,563.45,565.65,562.55,565.25,253,0
2026-07-30T12:45:00+05:30,565.25,565.25,563.05,563.05,559,0
2026-07-30T13:00:00+05:30,563.0,564.2,562.5,563.0,517,0
2026-07-30T13:15:00+05:30,563.0,563.0,562.6,562.85,103,0
2026-07-30T13:30:00+05:30,562.85,563.3,561.7,563.15,337,0
2026-07-30T13:45:00+05:30,562.1,563.45,556.0,559.45,4824,0
2026-07-30T14:00:00+05:30,559.15,562.45,557.55,557.55,1986,0
2026-07-30T14:15:00+05:30,557.55,561.4,557.55,560.0,896,0
2026-07-30T14:30:00+05:30,560.0,560.9,559.65,560.9,94,0
2026-07-30T14:45:00+05:30,560.05,560.8,559.05,560.8,659,0
2026-07-30T15:00:00+05:30,560.25,562.95,559.75,560.2,3072,0
2026-07-30T15:15:00+05:30,560.55,563.0,560.0,560.35,5000,0
2026-07-31T09:15:00+05:30,563.0,567.85,561.0,566.1,2685,0
2026-07-31T09:30:00+05:30,565.45,570.0,565.45,569.05,2785,0
2026-07-31T09:45:00+05:30,569.05,578.3,568.3,576.9,7766,0
2026-07-31T10:00:00+05:30,576.9,577.3,572.6,573.55,3597,0
2026-07-31T10:15:00+05:30,572.95,573.2,569.0,570.0,1490,0
2026-07-31T10:30:00+05:30,569.8,570.95,569.5,570.4,821,0
2026-07-31T10:45:00+05:30,570.4,573.45,569.65,572.0,2948,0
2026-07-31T11:00:00+05:30,572.0,573.0,570.9,571.25,891,0
2026-07-31T11:15:00+05:30,571.25,571.55,571.25,571.3,195,0
2026-07-31T11:30:00+05:30,571.3,571.65,571.2,571.2,70,0
2026-07-31T11:45:00+05:30,570.5,571.2,569.0,571.0,838,0
2026-07-31T12:00:00+05:30,571.0,571.0,569.85,570.5,330,0
2026-07-31T12:15:00+05:30,570.5,571.9,569.45,569.45,472,0
2026-07-31T12:30:00+05:30,569.45,570.6,569.45,569.65,175,0
2026-07-31T12:45:00+05:30,570.6,573.2,569.7,573.2,1555,0
2026-07-31T13:00:00+05:30,572.9,574.0,571.1,572.0,1034,0
2026-07-31T13:15:00+05:30,572.1,573.9,571.05,572.0,692,0
2026-07-31T13:30:00+05:30,572.0,572.0,570.0,570.0,121,0
2026-07-31T13:45:00+05:30,570.0,570.65,570.0,570.1,64,0
2026-07-31T14:00:00+05:30,570.1,570.8,569.6,570.8,199,0
2026-07-31T14:15:00+05:30,570.8,570.85,569.4,569.4,281,0
2026-07-31T14:30:00+05:30,570.0,570.0,569.05,569.8,205,0
2026-07-31T14:45:00+05:30,569.8,572.0,569.7,570.05,1469,0
2026-07-31T15:00:00+05:30,570.05,572.0,569.1,569.2,4044,0
2026-07-31T15:15:00+05:30,569.25,572.25,569.2,572.25,4400,0
2026-08-03T09:15:00+05:30,580.0,595.95,580.0,590.8,20787,0
2026-08-03T09:30:00+05:30,590.0,592.0,586.2,586.2,7665,0
2026-08-03T09:45:00+05:30,586.7,587.0,584.55,585.75,2056,0
2026-08-03T10:00:00+05:30,585.75,586.0,582.25,582.9,1807,0
2026-08-03T10:15:00+05:30,582.25,584.6,581.0,582.75,2356,0
2026-08-03T10:30:00+05:30,582.6,583.75,581.55,583.35,1025,0
2026-08-03T10:45:00+05:30,582.25,583.5,581.35,583.5,3793,0
2026-08-03T11:00:00+05:30,583.5,586.0,583.45,585.5,6338,0
2026-08-03T11:15:00+05:30,585.5,585.65,582.15,585.45,2026,0
2026-08-03T11:30:00+05:30,585.45,585.45,583.4,583.85,354,0
2026-08-03T11:45:00+05:30,583.85,583.85,583.3,583.35,364,0
2026-08-03T12:00:00+05:30,583.65,585.45,582.75,585.45,4197,0
2026-08-03T12:15:00+05:30,584.6,588.25,584.15,586.85,3580,0
2026-08-03T12:30:00+05:30,585.8,587.0,584.5,585.8,1281,0
2026-08-03T12:45:00+05:30,585.8,585.9,583.0,583.35,850,0
2026-08-03T13:00:00+05:30,583.35,584.4,583.3,584.35,219,0
2026-08-03T13:15:00+05:30,584.35,584.35,584.0,584.1,162,0
2026-08-03T13:30:00+05:30,584.1,584.15,580.05,581.4,3362,0
2026-08-03T13:45:00+05:30,581.6,582.95,581.4,581.9,786,0
2026-08-03T14:00:00+05:30,581.9,582.65,579.0,580.2,1769,0
2026-08-03T14:15:00+05:30,581.0,581.0,578.85,578.85,1591,0
2026-08-03T14:30:00+05:30,578.85,580.0,578.6,579.55,837,0
2026-08-03T14:45:00+05:30,579.55,579.55,575.65,576.0,8622,0
2026-08-03T15:00:00+05:30,576.0,577.4,576.0,576.05,3440,0
2026-08-03T15:15:00+05:30,576.55,577.95,575.0,576.0,5425,0
2026-08-04T09:15:00+05:30,575.4,576.65,574.55,576.65,1619,0
2026-08-04T09:30:00+05:30,576.65,580.0,576.1,579.2,3051,0
2026-08-04T09:45:00+05:30,578.75,578.95,576.5,578.95,1367,0
2026-08-04T10:00:00+05:30,578.95,578.95,575.05,576.85,1249,0
2026-08-04T10:15:00+05:30,576.85,577.95,575.55,575.55,342,0
2026-08-04T10:30:00+05:30,576.3,576.3,574.7,576.0,733,0
2026-08-04T10:45:00+05:30,576.0,578.0,576.0,576.95,921,0
2026-08-04T11:00:00+05:30,576.95,577.0,575.95,576.95,269,0
2026-08-04T11:15:00+05:30,576.95,577.0,576.0,576.65,177,0
2026-08-04T11:30:00+05:30,576.65,576.65,574.4,575.0,1127,0
2026-08-04T11:45:00+05:30,575.0,575.0,573.05,573.85,361,0
2026-08-04T12:00:00+05:30,575.15,575.15,572.2,572.8,1512,0
2026-08-04T12:15:00+05:30,572.8,573.9,572.4,573.0,280,0
2026-08-04T12:30:00+05:30,573.0,573.45,572.0,572.0,982,0
2026-08-04T12:45:00+05:30,572.15,573.0,571.0,571.0,1432,0
2026-08-04T13:00:00+05:30,571.0,571.95,570.8,571.95,570,0
2026-08-04T13:15:00+05:30,571.95,571.95,570.0,570.8,1449,0
2026-08-04T13:30:00+05:30,570.8,570.8,570.0,570.0,633,0
2026-08-04T13:45:00+05:30,570.0,571.75,570.0,570.0,1041,0
2026-08-04T14:00:00+05:30,570.3,571.25,569.6,570.05,745,0
2026-08-04T14:15:00+05:30,570.05,571.5,568.8,571.1,486,0
2026-08-04T14:30:00+05:30,570.1,570.1,568.0,568.35,1766,0
2026-08-04T14:45:00+05:30,569.35,569.65,568.5,569.0,1124,0
2026-08-04T15:00:00+05:30,569.0,569.95,567.6,567.7,3770,0
2026-08-04T15:15:00+05:30,575.4,575.4,567.35,567.55,114773,0
2026-08-05T09:15:00+05:30,571.0,575.5,571.0,573.5,1624,0
2026-08-05T09:30:00+05:30,572.65,574.0,572.65,573.15,1093,0
2026-08-05T09:45:00+05:30,573.0,574.5,572.25,572.25,961,0
2026-08-05T10:00:00+05:30,572.2,572.2,570.65,572.2,2334,0
2026-08-05T10:15:00+05:30,571.0,573.0,571.0,573.0,1144,0
2026-08-05T10:30:00+05:30,571.7,572.35,570.0,572.35,771,0
2026-08-05T10:45:00+05:30,572.35,572.35,571.65,571.75,91,0
2026-08-05T11:00:00+05:30,571.75,572.75,569.55,569.55,1303,0
2026-08-05T11:15:00+05:30,569.55,569.6,567.05,568.0,1928,0
2026-08-05T11:30:00+05:30,568.0,568.0,565.0,565.55,1553,0
2026-08-05T11:45:00+05:30,565.75,566.9,565.55,566.9,535,0
2026-08-05T12:00:00+05:30,566.45,567.45,564.0,565.55,1377,0
2026-08-05T12:15:00+05:30,564.95,566.25,564.15,566.2,1001,0
2026-08-05T12:30:00+05:30,566.2,566.2,564.95,564.95,475,0
2026-08-05T12:45:00+05:30,564.95,565.6,564.7,565.55,263,0
2026-08-05T13:00:00+05:30,565.55,565.55,564.5,565.0,400,0
2026-08-05T13:15:00+05:30,565.0,565.9,563.0,563.3,2024,0
2026-08-05T13:30:00+05:30,563.3,563.85,562.0,562.0,770,0
2026-08-05T13:45:00+05:30,562.3,563.3,561.2,563.0,327,0
2026-08-05T14:00:00+05:30,562.9,563.85,562.9,563.45,484,0
2026-08-05T14:15:00+05:30,563.45,563.45,562.0,562.0,299,0
2026-08-05T14:30:00+05:30,562.0,563.85,561.4,562.35,646,0
2026-08-05T14:45:00+05:30,562.5,562.5,560.65,560.8,2071,0
2026-08-05T15:00:00+05:30,561.6,564.0,560.4,563.0,3997,0
2026-08-05T15:15:00+05:30,562.25,562.95,556.0,559.0,9314,0
2026-08-06T09:15:00+05:30,560.8,564.0,560.2,562.95,4489,0
2026-08-06T09:30:00+05:30,562.95,563.0,560.05,563.0,2176,0
2026-08-06T09:45:00+05:30,563.0,564.5,562.85,563.9,1992,0
2026-08-06T10:00:00+05:30,564.0,564.0,562.15,563.05,2335,0
2026-08-06T10:15:00+05:30,562.95,562.95,561.2,562.45,795,0
2026-08-06T10:30:00+05:30,562.4,564.1,562.4,563.05,1808,0
2026-08-06T10:45:00+05:30,563.05,563.5,562.0,563.35,457,0
2026-08-06T11:00:00+05:30,563.35,564.95,563.0,564.5,2946,0
2026-08-06T11:15:00+05:30,564.5,564.5,563.1,563.85,106,0
2026-08-06T11:30:00+05:30,563.85,564.45,563.1,563.6,278,0
2026-08-06T11:45:00+05:30,563.6,563.9,563.0,563.0,414,0
2026-08-06T12:00:00+05:30,563.0,563.0,561.3,562.45,490,0
2026-08-06T12:15:00+05:30,562.45,562.45,561.25,562.0,167,0
2026-08-06T12:30:00+05:30,562.0,562.6,561.0,562.0,2779,0
2026-08-06T12:45:00+05:30,562.0,564.3,562.0,563.95,886,0
2026-08-06T13:00:00+05:30,563.95,564.0,559.85,560.0,3590,0
2026-08-06T13:15:00+05:30,560.0,562.0,560.0,560.0,679,0
2026-08-06T13:30:00+05:30,560.0,560.7,558.0,559.8,3356,0
2026-08-06T13:45:00+05:30,559.8,559.8,558.0,558.75,904,0
2026-08-06T14:00:00+05:30,558.75,562.45,558.75,560.5,1648,0
2026-08-06T14:15:00+05:30,560.5,560.5,560.05,560.5,132,0
2026-08-06T14:30:00+05:30,560.8,561.4,560.5,560.5,2007,0
2026-08-06T14:45:00+05:30,560.5,560.75,559.2,559.2,1094,0
2026-08-06T15:00:00+05:30,559.2,560.95,559.05,560.4,2702,0
2026-08-06T15:15:00+05:30,559.6,561.4,559.0,561.0,4285,0
2026-08-07T09:15:00+05:30,558.2,563.95,558.2,561.45,4840,0
2026-08-07T09:30:00+05:30,560.0,562.4,553.05,557.15,5444,0
2026-08-07T09:45:00+05:30,558.0,558.7,557.65,558.45,1004,0
2026-08-07T10:00:00+05:30,558.95,563.65,557.05,563.6,5211,0
2026-08-07T10:15:00+05:30,563.6,567.0,562.4,564.25,3556,0
2026-08-07T10:30:00+05:30,565.0,565.0,562.15,562.15,1967,0
2026-08-07T10:45:00+05:30,562.15,564.6,561.7,561.7,2433,0
2026-08-07T11:00:00+05:30,561.55,561.55,559.5,560.4,5441,0
2026-08-07T11:15:00+05:30,560.4,560.4,559.4,559.55,216,0
2026-08-07T11:30:00+05:30,559.0,560.25,558.0,560.25,2686,0
2026-08-07T11:45:00+05:30,560.3,560.3,558.05,558.05,96,0
2026-08-07T12:00:00+05:30,558.05,558.9,557.0,557.0,421,0
2026-08-07T12:15:00+05:30,557.0,558.0,556.9,558.0,812,0
2026-08-07T12:30:00+05:30,558.9,559.9,558.05,559.9,961,0
2026-08-07T12:45:00+05:30,559.9,560.4,558.75,559.5,4394,0
2026-08-07T13:00:00+05:30,559.5,560.45,559.5,559.7,254,0
2026-08-07T13:15:00+05:30,559.7,560.5,559.65,560.5,827,0
2026-08-07T13:30:00+05:30,560.4,560.4,558.2,558.85,1260,0
2026-08-07T13:45:00+05:30,558.85,559.2,558.85,559.2,182,0
2026-08-07T14:00:00+05:30,559.2,560.0,558.6,558.6,406,0
2026-08-07T14:15:00+05:30,558.6,559.5,558.6,559.0,537,0
2026-08-07T14:30:00+05:30,559.0,561.0,559.0,560.25,806,0
2026-08-07T14:45:00+05:30,560.25,560.25,559.0,560.1,1656,0
2026-08-07T15:00:00+05:30,560.25,561.3,555.8,555.8,6555,0
2026-08-07T15:15:00+05:30,556.1,559.2,554.0,559.2,3382,0
2026-08-10T09:15:00+05:30,557.2,561.0,555.55,559.2,3984,0
2026-08-10T09:30:00+05:30,559.0,560.05,556.5,559.9,3234,0
2026-08-10T09:45:00+05:30,559.9,559.9,557.05,558.0,712,0
2026-08-10T10:00:00+05:30,558.0,564.7,558.0,562.75,3142,0
2026-08-10T10:15:00+05:30,562.65,567.15,562.55,566.6,3102,0
2026-08-10T10:30:00+05:30,566.9,568.0,565.75,565.8,576,0
2026-08-10T10:45:00+05:30,565.8,566.4,565.6,566.0,377,0
2026-08-10T11:00:00+05:30,566.0,566.5,565.15,566.5,846,0
2026-08-10T11:15:00+05:30,566.15,566.9,566.1,566.6,66,0
2026-08-10T11:30:00+05:30,566.3,566.65,561.7,563.7,1378,0
2026-08-10T11:45:00+05:30,563.7,564.45,563.0,564.45,90,0
2026-08-10T12:00:00+05:30,564.45,564.95,563.85,564.85,439,0
2026-08-10T12:15:00+05:30,563.55,564.8,562.95,563.85,758,0
2026-08-10T12:30:00+05:30,563.9,564.3,563.0,563.75,1087,0
2026-08-10T12:45:00+05:30,563.7,563.7,562.05,563.35,255,0
2026-08-10T13:00:00+05:30,563.35,571.8,563.3,570.5,7175,0
2026-08-10T13:15:00+05:30,570.45,571.0,569.0,570.1,1350,0
2026-08-10T13:30:00+05:30,570.1,570.1,567.4,568.25,1242,0
2026-08-10T13:45:00+05:30,568.25,570.95,567.3,567.55,1633,0
2026-08-10T14:00:00+05:30,567.55,568.65,565.1,566.1,822,0
2026-08-10T14:15:00+05:30,567.0,567.0,562.4,563.5,1225,0
2026-08-10T14:30:00+05:30,563.35,564.15,562.6,562.6,939,0
2026-08-10T14:45:00+05:30,562.6,565.0,562.5,562.5,958,0
2026-08-10T15:00:00+05:30,562.5,567.0,562.1,563.0,3260,0
2026-08-10T15:15:00+05:30,563.65,563.65,562.0,562.45,3067,0
2026-08-11T09:15:00+05:30,562.75,567.45,562.75,563.55,2836,0
2026-08-11T09:30:00+05:30,563.55,566.85,562.75,566.85,2223,0
2026-08-11T09:45:00+05:30,566.85,566.85,564.55,564.55,402,0
2026-08-11T10:00:00+05:30,564.55,565.85,562.9,562.9,928,0
2026-08-11T10:15:00+05:30,562.9,563.7,562.9,563.5,401,0
2026-08-11T10:30:00+05:30,563.5,564.45,563.5,563.5,306,0
2026-08-11T10:45:00+05:30,563.5,564.95,562.6,563.6,809,0
2026-08-11T11:00:00+05:30,563.6,563.6,562.6,562.6,319,0
2026-08-11T11:15:00+05:30,562.6,564.0,562.5,562.5,440,0
2026-08-11T11:30:00+05:30,562.5,562.7,562.35,562.35,200,0
2026-08-11T11:45:00+05:30,562.35,563.5,562.35,563.1,104,0
2026-08-11T12:00:00+05:30,563.1,564.6,561.35,564.1,613,0
2026-08-11T12:15:00+05:30,564.1,564.9,562.55,564.5,353,0
2026-08-11T12:30:00+05:30,564.45,564.5,563.45,564.25,421,0
2026-08-11T12:45:00+05:30,564.3,564.95,563.2,564.85,597,0
2026-08-11T13:00:00+05:30,564.85,567.0,564.6,565.05,1908,0
2026-08-11T13:15:00+05:30,565.05,566.5,565.05,565.2,387,0
2026-08-11T13:30:00+05:30,565.2,566.8,565.2,566.1,72,0
2026-08-11T13:45:00+05:30,566.1,567.1,565.9,567.1,526,0
2026-08-11T14:00:00+05:30,567.0,567.35,563.4,564.25,1370,0
2026-08-11T14:15:00+05:30,564.4,565.1,563.05,565.0,1090,0
2026-08-11T14:30:00+05:30,565.0,565.2,564.15,565.2,235,0
2026-08-11T14:45:00+05:30,565.2,565.2,561.1,565.0,2258,0
2026-08-11T15:00:00+05:30,563.5,565.0,562.0,562.0,2654,0
2026-08-11T15:15:00+05:30,562.05,564.85,558.95,558.95,3661,0
2026-08-12T09:15:00+05:30,561.2,562.8,558.45,559.95,1416,0
2026-08-12T09:30:00+05:30,559.65,561.15,558.0,558.0,3188,0
2026-08-12T09:45:00+05:30,556.8,557.9,555.0,557.1,2532,0
2026-08-12T10:00:00+05:30,557.05,557.1,553.05,555.0,1387,0
2026-08-12T10:15:00+05:30,556.0,556.0,554.9,555.7,3209,0
2026-08-12T10:30:00+05:30,555.7,557.05,554.5,557.05,3713,0
2026-08-12T10:45:00+05:30,557.0,557.0,554.7,556.25,637,0
2026-08-12T11:00:00+05:30,555.6,556.6,554.05,556.6,994,0
2026-08-12T11:15:00+05:30,556.6,556.9,555.8,556.85,479,0
2026-08-12T11:30:00+05:30,556.85,561.85,555.5,561.85,1633,0
2026-08-12T11:45:00+05:30,561.85,561.85,560.0,560.7,437,0
2026-08-12T12:00:00+05:30,560.95,561.4,558.75,559.95,970,0
2026-08-12T12:15:00+05:30,559.95,559.95,558.9,559.9,31,0
2026-08-12T12:30:00+05:30,559.9,562.0,559.35,560.2,976,0
2026-08-12T12:45:00+05:30,560.2,560.35,558.6,559.4,360,0
2026-08-12T13:00:00+05:30,559.4,560.0,558.95,559.65,402,0
2026-08-12T13:15:00+05:30,559.65,559.8,558.9,559.75,197,0
2026-08-12T13:30:00+05:30,559.75,559.75,558.9,559.6,25,0
2026-08-12T13:45:00+05:30,559.0,559.75,556.75,557.9,3097,0
2026-08-12T14:00:00+05:30,557.9,557.9,556.0,557.15,479,0
2026-08-12T14:15:00+05:30,557.15,559.0,555.95,558.1,534,0
2026-08-12T14:30:00+05:30,557.25,559.9,556.65,559.9,1307,0
2026-08-12T14:45:00+05:30,560.0,560.0,558.95,559.5,55,0
2026-08-12T15:00:00+05:30,559.5,561.0,558.0,559.25,2550,0
2026-08-12T15:15:00+05:30,559.9,561.95,559.0,561.95,2267,0
2026-08-13T09:15:00+05:30,558.0,562.85,558.0,560.0,2167,0
2026-08-13T09:30:00+05:30,560.0,562.9,559.5,562.9,1168,0
2026-08-13T09:45:00+05:30,562.65,563.95,562.1,562.35,1091,0
2026-08-13T10:00:00+05:30,562.35,564.2,561.6,564.2,1169,0
2026-08-13T10:15:00+05:30,563.15,565.5,563.05,563.75,1502,0
2026-08-13T10:30:00+05:30,564.2,564.2,563.15,563.9,84,0
2026-08-13T10:45:00+05:30,563.85,565.0,562.75,564.05,859,0
2026-08-13T11:00:00+05:30,563.05,564.05,563.0,563.05,284,0
2026-08-13T11:15:00+05:30,563.05,564.05,562.55,562.55,370,0
2026-08-13T11:30:00+05:30,564.05,564.05,561.05,562.55,357,0
2026-08-13T11:45:00+05:30,562.55,570.5,562.55,566.65,6200,0
2026-08-13T12:00:00+05:30,566.65,567.0,564.55,564.55,591,0
2026-08-13T12:15:00+05:30,564.55,565.1,562.8,563.45,1366,0
2026-08-13T12:30:00+05:30,563.6,564.2,562.05,564.2,1039,0
2026-08-13T12:45:00+05:30,564.2,564.2,562.95,563.3,149,0
2026-08-13T13:00:00+05:30,563.3,564.0,563.3,564.0,25,0
2026-08-13T13:15:00+05:30,564.0,564.0,562.15,562.15,409,0
2026-08-13T13:30:00+05:30,562.15,563.35,562.05,563.0,393,0
2026-08-13T13:45:00+05:30,563.0,563.0,562.2,562.2,35,0
2026-08-13T14:00:00+05:30,563.15,563.65,562.5,563.25,881,0
2026-08-13T14:15:00+05:30,563.25,563.25,562.2,562.9,336,0
2026-08-13T14:30:00+05:30,562.9,562.9,561.35,561.45,307,0
2026-08-13T14:45:00+05:30,561.45,564.1,561.05,563.35,3418,0
2026-08-13T15:00:00+05:30,563.35,563.75,558.0,559.0,3887,0
2026-08-13T15:15:00+05:30,559.7,561.0,559.1,559.1,1761,0
2026-08-14T09:15:00+05:30,559.3,561.75,558.05,559.9,1396,0
2026-08-14T09:30:00+05:30,559.7,561.95,559.4,560.85,2282,0
2026-08-14T09:45:00+05:30,560.85,564.0,558.1,563.1,1649,0
2026-08-14T10:00:00+05:30,563.5,563.5,559.7,560.15,675,0
2026-08-14T10:15:00+05:30,559.3,560.0,556.9,559.05,802,0
2026-08-14T10:30:00+05:30,557.65,559.9,557.5,558.8,658,0
2026-08-14T10:45:00+05:30,558.8,559.15,557.95,558.55,263,0
2026-08-14T11:00:00+05:30,558.55,562.15,557.75,561.95,1118,0
2026-08-14T11:15:00+05:30,561.9,562.5,559.6,559.9,242,0
2026-08-14T11:30:00+05:30,559.9,562.0,555.2,561.95,1793,0
2026-08-14T11:45:00+05:30,559.85,562.0,555.1,561.85,1525,0
2026-08-14T12:00:00+05:30,561.15,562.0,561.15,562.0,466,0
2026-08-14T12:15:00+05:30,562.0,562.0,559.6,560.4,628,0
2026-08-14T12:30:00+05:30,560.4,561.9,538.05,539.6,42497,0
2026-08-14T12:45:00+05:30,541.0,547.05,526.85,533.7,167150,0
2026-08-14T13:00:00+05:30,532.45,536.4,525.0,525.5,89800,0
2026-08-14T13:15:00+05:30,526.5,543.6,525.0,534.0,69639,0
2026-08-14T13:30:00+05:30,534.2,542.3,531.2,535.8,51844,0
2026-08-14T13:45:00+05:30,535.8,541.95,534.65,536.6,24451,0
2026-08-14T14:00:00+05:30,536.55,541.0,534.75,538.45,12460,0
2026-08-14T14:15:00+05:30,537.95,538.25,533.0,533.95,14080,0
2026-08-14T14:30:00+05:30,533.95,537.5,533.65,536.25,6387,0
2026-08-14T14:45:00+05:30,535.9,536.95,535.0,535.7,3387,0
2026-08-14T15:00:00+05:30,535.75,537.8,531.3,532.6,11199,0
2026-08-14T15:15:00+05:30,533.05,538.1,531.0,535.05,20654,0
2026-08-17T09:15:00+05:30,533.15,534.9,523.0,533.85,12265,0
2026-08-17T09:30:00+05:30,533.05,542.0,533.05,537.05,7259,0
2026-08-17T09:45:00+05:30,537.05,537.65,536.0,536.05,443,0
2026-08-17T10:00:00+05:30,536.05,540.4,535.45,538.3,1262,0
2026-08-17T10:15:00+05:30,538.25,538.25,535.05,536.0,736,0
2026-08-17T10:30:00+05:30,535.0,537.4,535.0,536.4,497,0
2026-08-17T10:45:00+05:30,536.4,538.0,536.2,537.0,173,0
2026-08-17T11:00:00+05:30,537.0,537.0,535.1,535.1,401,0
2026-08-17T11:15:00+05:30,535.1,537.0,535.0,536.0,274,0
2026-08-17T11:30:00+05:30,536.0,536.6,535.55,535.65,319,0
2026-08-17T11:45:00+05:30,535.65,536.0,535.1,535.15,210,0
2026-08-17T12:00:00+05:30,537.7,537.7,536.8,537.15,377,0
2026-08-17T12:15:00+05:30,537.15,537.15,535.4,537.05,235,0
2026-08-17T12:30:00+05:30,537.05,537.05,536.05,536.15,17,0
2026-08-17T12:45:00+05:30,536.15,537.05,536.15,537.0,337,0
2026-08-17T13:00:00+05:30,537.0,538.9,536.6,538.0,847,0
2026-08-17T13:15:00+05:30,538.0,539.0,537.0,538.0,459,0
2026-08-17T13:30:00+05:30,538.0,538.0,537.0,538.0,86,0
2026-08-17T13:45:00+05:30,538.0,542.0,536.9,542.0,2471,0
2026-08-17T14:00:00+05:30,542.5,550.0,542.5,543.5,8868,0
2026-08-17T14:15:00+05:30,543.5,544.5,542.05,543.05,1052,0
2026-08-17T14:30:00+05:30,543.05,543.6,539.9,541.5,4146,0
2026-08-17T14:45:00+05:30,541.5,541.5,538.3,539.05,2988,0
2026-08-17T15:00:00+05:30,539.1,540.0,538.25,539.0,799,0
2026-08-17T15:15:00+05:30,539.8,549.05,539.2,547.2,9202,0
2026-08-18T09:15:00+05:30,542.15,552.7,540.35,540.9,4179,0
2026-08-18T09:30:00+05:30,540.9,543.0,539.0,539.75,1581,0
2026-08-18T09:45:00+05:30,539.75,539.75,538.4,539.7,444,0
2026-08-18T10:00:00+05:30,539.75,541.4,538.0,538.8,3497,0
2026-08-18T10:15:00+05:30,538.8,539.35,538.55,539.35,207,0
2026-08-18T10:30:00+05:30,539.35,539.5,538.05,539.15,889,0
2026-08-18T10:45:00+05:30,539.15,539.15,536.65,536.65,320,0
2026-08-18T11:00:00+05:30,536.8,537.0,536.55,536.85,265,0
2026-08-18T11:15:00+05:30,536.85,538.7,536.85,537.0,246,0
2026-08-18T11:30:00+05:30,536.85,536.85,536.05,536.05,360,0
2026-08-18T11:45:00+05:30,536.05,536.15,534.15,535.4,1825,0
2026-08-18T12:00:00+05:30,535.4,537.0,535.4,537.0,724,0
2026-08-18T12:15:00+05:30,537.0,537.0,535.6,535.6,126,0
2026-08-18T12:30:00+05:30,535.6,536.35,535.0,535.25,371,0
2026-08-18T12:45:00+05:30,535.25,536.3,532.1,534.1,916,0
2026-08-18T13:00:00+05:30,534.1,535.2,533.4,535.2,226,0
2026-08-18T13:15:00+05:30,535.2,535.2,533.5,533.5,310,0
2026-08-18T13:30:00+05:30,534.0,534.95,533.5,534.05,967,0
2026-08-18T13:45:00+05:30,534.05,534.7,532.05,534.65,610,0
2026-08-18T14:00:00+05:30,534.65,534.65,533.7,534.0,642,0
2026-08-18T14:15:00+05:30,534.0,534.8,533.15,533.15,1351,0
2026-08-18T14:30:00+05:30,533.7,533.85,533.7,533.7,41,0
2026-08-18T14:45:00+05:30,533.7,533.7,532.85,533.0,501,0
2026-08-18T15:00:00+05:30,533.0,536.7,532.35,533.7,2875,0
2026-08-18T15:15:00+05:30,533.35,533.45,531.2,532.0,2634,0
2026-08-19T09:15:00+05:30,533.25,534.95,529.15,530.6,1151,0
2026-08-19T09:30:00+05:30,530.6,533.0,529.9,531.0,6686,0
2026-08-19T09:45:00+05:30,531.0,533.05,531.0,532.05,178,0
2026-08-19T10:00:00+05:30,532.7,533.0,531.6,531.65,206,0
2026-08-19T10:15:00+05:30,531.65,531.9,529.55,529.55,896,0
2026-08-19T10:30:00+05:30,529.85,531.45,529.55,530.15,413,0
2026-08-19T10:45:00+05:30,531.2,531.6,529.15,529.15,467,0
2026-08-19T11:00:00+05:30,529.15,529.15,527.15,528.65,653,0
2026-08-19T11:15:00+05:30,528.65,532.8,528.45,531.8,1768,0
2026-08-19T11:30:00+05:30,531.8,532.0,530.4,531.4,470,0
2026-08-19T11:45:00+05:30,531.4,532.0,530.05,531.7,484,0
2026-08-19T12:00:00+05:30,531.0,532.15,529.55,531.2,1340,0
2026-08-19T12:15:00+05:30,531.2,531.2,530.4,531.0,38,0
2026-08-19T12:30:00+05:30,531.0,531.55,531.0,531.55,111,0
2026-08-19T12:45:00+05:30,531.5,532.0,531.5,532.0,555,0
2026-08-19T13:00:00+05:30,530.8,530.8,527.0,528.55,3446,0
2026-08-19T13:15:00+05:30,528.55,529.0,528.1,529.0,277,0
2026-08-19T13:30:00+05:30,528.85,529.0,528.0,529.0,285,0
2026-08-19T13:45:00+05:30,529.0,530.2,528.95,530.15,86,0
2026-08-19T14:00:00+05:30,529.1,529.1,528.0,528.7,785,0
2026-08-19T14:15:00+05:30,528.45,529.0,527.9,529.0,1223,0
2026-08-19T14:30:00+05:30,529.0,531.7,529.0,531.4,1333,0
2026-08-19T14:45:00+05:30,530.8,531.3,529.1,529.95,1342,0
2026-08-19T15:00:00+05:30,529.95,531.6,529.1,531.3,1957,0
2026-08-19T15:15:00+05:30,530.7,532.05,528.85,529.0,3032,0
2026-08-20T09:15:00+05:30,536.0,540.05,534.85,536.9,2920,0
2026-08-20T09:30:00+05:30,536.9,537.2,536.2,536.2,168,0
2026-08-20T09:45:00+05:30,536.2,536.3,531.3,533.9,2446,0
2026-08-20T10:00:00+05:30,533.7,533.95,532.8,533.8,263,0
2026-08-20T10:15:00+05:30,533.3,533.8,532.1,532.15,350,0
2026-08-20T10:30:00+05:30,532.9,533.95,531.1,532.4,1464,0
2026-08-20T10:45:00+05:30,532.4,534.0,532.4,533.6,371,0
2026-08-20T11:00:00+05:30,533.6,533.75,532.95,533.05,221,0
2026-08-20T11:15:00+05:30,533.05,533.2,532.7,532.7,241,0
2026-08-20T11:30:00+05:30,532.7,533.3,532.7,533.3,248,0
2026-08-20T11:45:00+05:30,533.3,535.0,532.75,535.0,831,0
2026-08-20T12:00:00+05:30,533.85,534.4,533.85,534.4,43,0
2026-08-20T12:15:00+05:30,534.4,534.4,533.05,533.05,1050,0
2026-08-20T12:30:00+05:30,533.05,534.0,533.05,533.4,40,0
2026-08-20T12:45:00+05:30,533.4,534.0,533.4,533.75,518,0
2026-08-20T13:00:00+05:30,533.95,533.95,531.3,531.65,673,0
2026-08-20T13:15:00+05:30,531.65,533.35,531.65,532.6,145,0
2026-08-20T13:30:00+05:30,532.6,533.4,532.6,533.4,36,0
2026-08-20T13:45:00+05:30,533.4,533.4,532.05,532.85,457,0
2026-08-20T14:00:00+05:30,532.85,532.85,532.85,532.85,0,0
2026-08-20T14:15:00+05:30,532.85,532.85,532.0,532.0,185,0
2026-08-20T14:30:00+05:30,532.0,533.15,531.25,531.5,631,0
2026-08-20T14:45:00+05:30,531.5,531.55,529.6,531.4,1453,0
2026-08-20T15:00:00+05:30,531.3,531.3,529.4,529.65,1665,0
2026-08-20T15:15:00+05:30,530.0,530.0,525.5,528.5,2516,0
2026-08-21T09:15:00+05:30,528.45,529.0,523.3,524.95,4077,0
2026-08-21T09:30:00+05:30,524.95,525.05,520.15,525.05,4935,0
2026-08-21T09:45:00+05:30,524.6,526.65,523.3,525.2,5709,0
2026-08-21T10:00:00+05:30,526.1,526.25,522.3,524.25,2610,0
2026-08-21T10:15:00+05:30,524.25,527.0,524.05,527.0,1859,0
2026-08-21T10:30:00+05:30,526.8,526.9,524.45,524.45,352,0
2026-08-21T10:45:00+05:30,524.45,524.45,522.25,522.25,1243,0
2026-08-21T11:00:00+05:30,522.25,524.0,522.0,523.0,1490,0
2026-08-21T11:15:00+05:30,523.0,525.05,523.0,524.55,1071,0
2026-08-21T11:30:00+05:30,524.55,525.85,523.55,525.1,799,0
2026-08-21T11:45:00+05:30,525.1,525.4,523.85,525.4,277,0
2026-08-21T12:00:00+05:30,525.4,525.4,523.0,523.2,1425,0
2026-08-21T12:15:00+05:30,523.2,525.0,523.1,523.7,647,0
2026-08-21T12:30:00+05:30,523.7,525.95,523.45,524.4,601,0
2026-08-21T12:45:00+05:30,524.4,524.4,524.4,524.4,65,0
2026-08-21T13:00:00+05:30,524.4,524.4,524.4,524.4,61,0
2026-08-21T13:15:00+05:30,524.05,524.8,524.0,524.65,1055,0
2026-08-21T13:30:00+05:30,524.65,524.65,524.65,524.65,1,0
2026-08-21T13:45:00+05:30,524.0,524.0,523.0,523.85,1009,0
2026-08-21T14:00:00+05:30,523.85,523.9,523.0,523.9,478,0
2026-08-21T14:15:00+05:30,523.9,523.9,523.2,523.9,139,0
2026-08-21T14:30:00+05:30,523.35,523.95,523.05,523.05,704,0
2026-08-21T14:45:00+05:30,523.05,524.0,523.05,523.3,591,0
2026-08-21T15:00:00+05:30,523.3,524.75,523.15,523.8,1519,0
2026-08-21T15:15:00+05:30,523.8,524.9,523.0,523.4,4014,0
2026-08-24T09:15:00+05:30,525.0,532.0,525.0,530.2,3111,0
2026-08-24T09:30:00+05:30,530.8,533.15,529.05,532.0,4240,0
2026-08-24T09:45:00+05:30,532.0,532.4,527.7,529.95,3628,0
2026-08-24T10:00:00+05:30,530.35,530.35,527.5,528.25,1504,0
2026-08-24T10:15:00+05:30,528.25,528.7,527.5,528.15,457,0
2026-08-24T10:30:00+05:30,528.3,531.2,527.8,529.05,1352,0
2026-08-24T10:45:00+05:30,529.15,529.6,527.8,527.8,190,0
2026-08-24T11:00:00+05:30,527.85,529.8,527.5,527.55,1001,0
2026-08-24T11:15:00+05:30,527.55,527.55,526.25,526.25,1013,0
2026-08-24T11:30:00+05:30,526.25,526.4,522.55,522.6,5212,0
2026-08-24T11:45:00+05:30,523.0,523.35,519.15,521.4,10036,0
2026-08-24T12:00:00+05:30,521.4,521.4,519.15,520.4,995,0
2026-08-24T12:15:00+05:30,520.4,520.65,519.8,520.35,410,0
2026-08-24T12:30:00+05:30,520.05,520.05,517.5,518.2,3325,0
2026-08-24T12:45:00+05:30,518.2,518.45,517.6,517.6,1009,0
2026-08-24T13:00:00+05:30,517.6,517.85,516.0,516.5,604,0
2026-08-24T13:15:00+05:30,516.8,517.45,516.8,517.35,373,0
2026-08-24T13:30:00+05:30,517.55,518.4,517.5,518.4,463,0
2026-08-24T13:45:00+05:30,518.4,519.2,517.0,517.7,739,0
2026-08-24T14:00:00+05:30,518.2,518.2,517.55,517.55,341,0
2026-08-24T14:15:00+05:30,517.55,517.95,516.5,517.95,759,0
2026-08-24T14:30:00+05:30,517.95,518.0,517.1,517.3,247,0
2026-08-24T14:45:00+05:30,517.3,517.3,515.25,516.0,1341,0
2026-08-24T15:00:00+05:30,515.95,517.0,515.25,515.25,4653,0
2026-08-24T15:15:00+05:30,515.35,517.05,514.0,514.0,4573,0
2026-08-25T09:15:00+05:30,515.0,519.7,515.0,518.5,2382,0
2026-08-25T09:30:00+05:30,518.8,521.2,518.8,519.05,1968,0
2026-08-25T09:45:00+05:30,519.05,519.95,519.0,519.95,722,0
2026-08-25T10:00:00+05:30,519.95,519.95,518.1,519.4,1247,0
2026-08-25T10:15:00+05:30,519.15,519.2,517.65,518.95,684,0
2026-08-25T10:30:00+05:30,518.95,521.0,518.95,520.5,1279,0
2026-08-25T10:45:00+05:30,520.5,520.7,519.35,519.35,277,0
2026-08-25T11:00:00+05:30,519.35,520.5,518.0,518.0,3029,0
2026-08-25T11:15:00+05:30,518.0,519.8,518.0,518.1,255,0
2026-08-25T11:30:00+05:30,518.1,519.6,518.1,519.6,2,0
2026-08-25T11:45:00+05:30,519.6,519.8,518.05,518.5,611,0
2026-08-25T12:00:00+05:30,518.5,519.7,518.4,519.6,360,0
2026-08-25T12:15:00+05:30,519.6,519.6,518.65,518.9,35,0
2026-08-25T12:30:00+05:30,518.9,519.0,518.0,518.0,404,0
2026-08-25T12:45:00+05:30,518.0,518.95,518.0,518.95,137,0
2026-08-25T13:00:00+05:30,518.1,518.95,518.1,518.95,12,0
2026-08-25T13:15:00+05:30,518.95,518.95,516.0,516.0,1362,0
2026-08-25T13:30:00+05:30,516.0,517.0,516.0,516.85,1356,0
2026-08-25T13:45:00+05:30,516.85,517.9,516.85,517.4,262,0
2026-08-25T14:00:00+05:30,517.0,517.85,516.0,516.0,1038,0
2026-08-25T14:15:00+05:30,516.0,516.3,516.0,516.3,614,0
2026-08-25T14:30:00+05:30,516.3,517.7,516.3,516.65,99,0
2026-08-25T14:45:00+05:30,516.65,519.0,516.6,518.95,665,0
2026-08-25T15:00:00+05:30,518.95,520.4,518.2,519.0,2225,0
2026-08-25T15:15:00+05:30,519.0,521.9,519.0,521.5,3295,0
2026-08-26T09:15:00+05:30,520.0,524.9,520.0,521.95,2521,0
2026-08-26T09:30:00+05:30,521.95,524.6,521.05,524.3,3086,0
2026-08-26T09:45:00+05:30,524.25,524.6,522.0,523.65,2127,0
2026-08-26T10:00:00+05:30,523.65,523.65,522.75,523.3,1007,0
2026-08-26T10:15:00+05:30,523.3,523.85,522.15,522.95,911,0
2026-08-26T10:30:00+05:30,523.1,523.85,522.35,523.2,1839,0
2026-08-26T10:45:00+05:30,522.95,523.4,522.9,523.4,449,0
2026-08-26T11:00:00+05:30,523.4,523.85,523.15,523.85,877,0
2026-08-26T11:15:00+05:30,523.85,523.85,522.65,523.1,424,0
2026-08-26T11:30:00+05:30,523.0,523.85,522.65,523.45,1318,0
2026-08-26T11:45:00+05:30,523.6,523.85,522.85,523.8,443,0
2026-08-26T12:00:00+05:30,523.8,523.85,522.95,523.85,706,0
2026-08-26T12:15:00+05:30,523.85,523.85,523.05,523.55,352,0
2026-08-26T12:30:00+05:30,523.4,523.6,522.3,523.45,400,0
2026-08-26T12:45:00+05:30,523.45,523.85,522.65,523.0,719,0
2026-08-26T13:00:00+05:30,523.0,523.0,522.4,523.0,541,0
2026-08-26T13:15:00+05:30,523.0,523.0,521.8,522.9,1502,0
2026-08-26T13:30:00+05:30,522.9,523.0,521.8,523.0,496,0
2026-08-26T13:45:00+05:30,523.0,523.0,522.2,523.0,311,0
2026-08-26T14:00:00+05:30,522.4,522.75,518.7,519.45,2718,0
2026-08-26T14:15:00+05:30,519.45,519.7,518.0,518.5,1021,0
2026-08-26T14:30:00+05:30,518.25,518.45,513.7,515.65,6831,0
2026-08-26T14:45:00+05:30,515.0,516.1,514.0,514.6,1439,0
2026-08-26T15:00:00+05:30,514.05,515.95,514.05,515.95,2325,0
2026-08-26T15:15:00+05:30,515.05,515.05,513.1,515.0,3024,0
2026-08-27T09:15:00+05:30,516.6,533.0,515.1,516.75,16112,0
2026-08-27T09:30:00+05:30,516.4,516.55,512.0,512.0,4819,0
2026-08-27T09:45:00+05:30,512.0,512.0,509.55,510.05,5113,0
2026-08-27T10:00:00+05:30,510.45,511.35,510.0,510.5,913,0
2026-08-27T10:15:00+05:30,510.6,511.1,508.1,509.85,1469,0
2026-08-27T10:30:00+05:30,509.95,510.0,509.0,509.95,507,0
2026-08-27T10:45:00+05:30,509.95,509.95,508.0,508.0,1617,0
2026-08-27T11:00:00+05:30,508.0,510.9,507.8,510.2,2214,0
2026-08-27T11:15:00+05:30,510.2,510.45,509.0,510.15,531,0
2026-08-27T11:30:00+05:30,510.0,510.0,507.9,508.45,924,0
2026-08-27T11:45:00+05:30,508.45,509.8,507.55,509.0,1929,0
2026-08-27T12:00:00+05:30,509.0,509.3,508.3,508.35,680,0
2026-08-27T12:15:00+05:30,508.35,509.0,508.05,508.75,83,0
2026-08-27T12:30:00+05:30,508.7,509.35,508.5,509.35,502,0
2026-08-27T12:45:00+05:30,509.35,509.6,508.3,508.3,2036,0
2026-08-27T13:00:00+05:30,508.55,508.55,507.75,507.75,440,0
2026-08-27T13:15:00+05:30,508.35,508.55,507.6,508.25,1090,0
2026-08-27T13:30:00+05:30,508.25,508.95,507.65,508.95,792,0
2026-08-27T13:45:00+05:30,508.3,509.0,507.95,508.7,618,0
2026-08-27T14:00:00+05:30,508.7,508.7,504.0,506.0,4510,0
2026-08-27T14:15:00+05:30,505.0,506.0,504.0,505.75,1803,0
2026-08-27T14:30:00+05:30,505.75,505.95,503.6,505.9,1510,0
2026-08-27T14:45:00+05:30,505.9,506.0,505.75,505.75,1745,0
2026-08-27T15:00:00+05:30,505.8,507.85,502.25,505.5,5997,0
2026-08-27T15:15:00+05:30,505.45,506.7,496.0,503.0,14246,0
2026-08-28T09:15:00+05:30,502.55,505.45,500.55,501.9,1298,0
2026-08-28T09:30:00+05:30,501.9,503.4,501.75,503.4,1915,0
2026-08-28T09:45:00+05:30,502.05,503.0,501.15,502.4,723,0
2026-08-28T10:00:00+05:30,502.15,502.55,501.5,501.5,847,0
2026-08-28T10:15:00+05:30,501.5,501.95,500.1,501.85,1470,0
2026-08-28T10:30:00+05:30,500.85,502.0,500.0,500.95,3508,0
2026-08-28T10:45:00+05:30,500.9,501.9,500.5,501.0,394,0
2026-08-28T11:00:00+05:30,501.0,505.0,501.0,504.3,2673,0
2026-08-28T11:15:00+05:30,505.0,508.0,503.9,506.15,4265,0
2026-08-28T11:30:00+05:30,505.95,508.1,505.15,508.0,1778,0
2026-08-28T11:45:00+05:30,508.0,509.0,507.05,507.05,1952,0
2026-08-28T12:00:00+05:30,508.55,510.0,507.8,510.0,2042,0
2026-08-28T12:15:00+05:30,510.0,511.95,509.25,510.0,1259,0
2026-08-28T12:30:00+05:30,510.0,513.3,510.0,512.5,1880,0
2026-08-28T12:45:00+05:30,513.3,514.9,511.25,512.4,5019,0
2026-08-28T13:00:00+05:30,512.4,512.4,510.0,510.6,1476,0
2026-08-28T13:15:00+05:30,510.6,512.55,509.8,512.5,1749,0
2026-08-28T13:30:00+05:30,512.5,512.5,511.05,512.0,101,0
2026-08-28T13:45:00+05:30,512.0,512.5,510.0,510.0,1021,0
2026-08-28T14:00:00+05:30,510.0,513.0,509.8,513.0,2346,0
2026-08-28T14:15:00+05:30,513.0,513.05,511.8,512.25,1105,0
2026-08-28T14:30:00+05:30,512.25,512.8,511.85,512.7,1139,0
2026-08-28T14:45:00+05:30,512.7,512.85,511.1,512.15,2456,0
2026-08-28T15:00:00+05:30,511.35,511.75,509.2,511.0,2534,0
2026-08-28T15:15:00+05:30,511.0,511.0,509.0,510.8,4672,0
2026-08-31T09:15:00+05:30,510.45,510.7,505.5,508.25,1977,0
2026-08-31T09:30:00+05:30,506.8,506.8,501.5,502.05,1880,0
2026-08-31T09:45:00+05:30,502.05,504.45,502.05,503.35,350,0
2026-08-31T10:00:00+05:30,503.75,503.75,502.0,502.7,490,0
2026-08-31T10:15:00+05:30,502.7,503.1,502.65,502.9,600,0
2026-08-31T10:30:00+05:30,502.7,502.7,501.65,501.8,897,0
2026-08-31T10:45:00+05:30,501.8,503.3,501.8,502.05,258,0
2026-08-31T11:00:00+05:30,502.05,503.7,502.05,503.65,1140,0
2026-08-31T11:15:00+05:30,503.65,503.8,503.15,503.8,272,0
2026-08-31T11:30:00+05:30,504.3,504.5,503.75,503.85,123,0
2026-08-31T11:45:00+05:30,503.85,507.45,502.9,506.1,1839,0
2026-08-31T12:00:00+05:30,506.55,506.8,506.0,506.0,245,0
2026-08-31T12:15:00+05:30,506.0,507.0,506.0,506.05,282,0
2026-08-31T12:30:00+05:30,506.05,507.45,505.85,507.45,101,0
2026-08-31T12:45:00+05:30,507.45,507.45,506.0,506.0,120,0
2026-08-31T13:00:00+05:30,506.0,506.0,505.85,505.85,81,0
2026-08-31T13:15:00+05:30,505.85,506.0,505.0,505.25,250,0
2026-08-31T13:30:00+05:30,505.25,506.0,505.25,506.0,10,0
2026-08-31T13:45:00+05:30,506.0,506.0,505.15,505.15,1056,0
2026-08-31T14:00:00+05:30,505.15,506.15,505.15,505.15,853,0
2026-08-31T14:15:00+05:30,505.15,505.4,505.15,505.15,148,0
2026-08-31T14:30:00+05:30,505.15,505.15,503.6,504.0,1700,0
2026-08-31T14:45:00+05:30,504.65,505.5,504.4,505.4,72,0
2026-08-31T15:00:00+05:30,505.45,505.55,501.15,502.0,3600,0
2026-08-31T15:15:00+05:30,502.05,503.5,501.15,502.4,2649,0
2026-09-01T09:15:00+05:30,502.9,505.45,501.1,503.8,6435,0
2026-09-01T09:30:00+05:30,503.8,503.8,501.1,501.1,457,0
2026-09-01T09:45:00+05:30,501.1,502.8,501.1,502.8,1187,0
2026-09-01T10:00:00+05:30,502.05,502.05,498.8,500.9,3627,0
2026-09-01T10:15:00+05:30,500.9,502.7,500.35,501.65,602,0
2026-09-01T10:30:00+05:30,501.65,502.8,501.65,502.6,292,0
2026-09-01T10:45:00+05:30,502.8,503.45,502.6,503.0,409,0
2026-09-01T11:00:00+05:30,503.0,503.15,502.75,503.0,440,0
2026-09-01T11:15:00+05:30,503.75,504.05,503.7,503.7,623,0
2026-09-01T11:30:00+05:30,503.7,504.1,503.0,503.05,171,0
2026-09-01T11:45:00+05:30,503.05,503.05,502.8,503.05,87,0
2026-09-01T12:00:00+05:30,503.05,503.25,503.05,503.05,15,0
2026-09-01T12:15:00+05:30,503.05,503.05,502.25,502.25,192,0
2026-09-01T12:30:00+05:30,502.25,503.85,502.25,503.25,104,0
2026-09-01T12:45:00+05:30,503.25,503.65,503.25,503.6,214,0
2026-09-01T13:00:00+05:30,503.6,503.6,500.0,500.9,2041,0
2026-09-01T13:15:00+05:30,500.9,504.4,500.9,502.3,1115,0
2026-09-01T13:30:00+05:30,502.3,502.3,499.95,502.0,1200,0
2026-09-01T13:45:00+05:30,502.0,503.55,502.0,503.0,2581,0
2026-09-01T14:00:00+05:30,503.0,503.0,500.2,500.5,1035,0
2026-09-01T14:15:00+05:30,501.3,501.5,500.5,501.45,662,0
2026-09-01T14:30:00+05:30,501.5,502.6,500.2,502.3,629,0
2026-09-01T14:45:00+05:30,502.5,503.8,501.25,503.2,808,0
2026-09-01T15:00:00+05:30,503.2,505.5,503.0,504.6,2568,0
2026-09-01T15:15:00+05:30,504.8,505.4,504.0,505.0,5376,0
