timestamp,open,high,low,close,volume,oi
2026-02-26T09:15:00+05:30,54.5,55.29,54.49,54.72,5997,0
2026-02-26T09:30:00+05:30,54.78,55.28,54.58,55.16,3389,0
2026-02-26T09:45:00+05:30,55.16,55.49,55.08,55.08,2837,0
2026-02-26T10:00:00+05:30,55.08,55.18,54.8,54.82,4528,0
2026-02-26T10:15:00+05:30,54.88,54.91,54.4,54.4,5431,0
2026-02-26T10:30:00+05:30,54.4,54.61,54.2,54.36,24905,0
2026-02-26T10:45:00+05:30,54.36,54.36,54.2,54.2,3291,0
2026-02-26T11:00:00+05:30,54.2,54.29,54.11,54.29,225,0
2026-02-26T11:15:00+05:30,54.29,54.32,54.18,54.21,217,0
2026-02-26T11:30:00+05:30,54.21,54.21,54.0,54.0,3813,0
2026-02-26T11:45:00+05:30,54.0,54.12,53.7,53.99,3719,0
2026-02-26T12:00:00+05:30,53.99,54.03,53.84,53.84,524,0
2026-02-26T12:15:00+05:30,53.86,54.0,53.85,53.97,688,0
2026-02-26T12:30:00+05:30,53.95,53.99,53.52,53.77,5761,0
2026-02-26T12:45:00+05:30,53.77,53.77,52.62,52.72,28016,0
2026-02-26T13:00:00+05:30,52.72,53.16,52.72,53.16,3879,0
2026-02-26T13:15:00+05:30,53.17,53.26,52.81,53.2,3712,0
2026-02-26T13:30:00+05:30,53.2,53.44,53.15,53.44,1790,0
2026-02-26T13:45:00+05:30,53.44,53.44,52.9,53.0,29901,0
2026-02-26T14:00:00+05:30,53.0,53.03,52.71,53.03,6363,0
2026-02-26T14:15:00+05:30,53.03,53.1,52.88,53.09,2552,0
2026-02-26T14:30:00+05:30,52.99,53.0,52.87,52.98,556,0
2026-02-26T14:45:00+05:30,52.98,53.05,52.85,52.91,4701,0
2026-02-26T15:00:00+05:30,52.91,53.0,52.81,52.96,2728,0
2026-02-26T15:15:00+05:30,52.98,52.99,52.7,52.99,8922,0
2026-02-27T09:15:00+05:30,53.7,53.9,52.41,52.73,7501,0
2026-02-27T09:30:00+05:30,52.72,52.72,51.88,51.91,24385,0
2026-02-27T09:45:00+05:30,52.0,52.0,51.58,51.72,9588,0
2026-02-27T10:00:00+05:30,51.72,51.91,51.69,51.79,3977,0
2026-02-27T10:15:00+05:30,51.79,52.17,51.56,51.79,32351,0
2026-02-27T10:30:00+05:30,51.79,52.25,51.78,51.92,3376,0
2026-02-27T10:45:00+05:30,52.05,52.16,52.01,52.08,1188,0
2026-02-27T11:00:00+05:30,52.08,52.19,52.08,52.19,691,0
2026-02-27T11:15:00+05:30,52.23,52.36,52.23,52.25,968,0
2026-02-27T11:30:00+05:30,52.25,52.25,52.0,52.06,1536,0
2026-02-27T11:45:00+05:30,52.06,52.06,51.89,51.89,1017,0
2026-02-27T12:00:00+05:30,51.98,52.33,51.89,52.18,4186,0
2026-02-27T12:15:00+05:30,52.18,52.5,52.18,52.48,11124,0
2026-02-27T12:30:00+05:30,52.48,52.48,52.35,52.46,486,0
2026-02-27T12:45:00+05:30,52.44,52.44,51.91,52.13,4071,0
2026-02-27T13:00:00+05:30,52.27,52.3,52.04,52.04,600,0
2026-02-27T13:15:00+05:30,52.04,52.06,52.0,52.0,375,0
2026-02-27T13:30:00+05:30,51.99,52.02,51.99,52.0,1050,0
2026-02-27T13:45:00+05:30,51.99,52.02,51.0,51.49,32081,0
2026-02-27T14:00:00+05:30,51.5,51.52,51.29,51.31,1087,0
2026-02-27T14:15:00+05:30,51.31,51.44,51.21,51.21,2237,0
2026-02-27T14:30:00+05:30,51.35,51.48,51.21,51.4,8420,0
2026-02-27T14:45:00+05:30,51.44,51.45,51.3,51.3,1811,0
2026-02-27T15:00:00+05:30,51.3,51.44,50.82,51.0,11639,0
2026-02-27T15:15:00+05:30,51.0,51.12,50.1,50.2,23125,0
2026-03-02T09:15:00+05:30,48.88,49.83,48.25,49.64,16971,0
2026-03-02T09:30:00+05:30,49.64,50.22,49.64,49.99,8176,0
2026-03-02T09:45:00+05:30,49.99,51.13,49.99,51.11,18271,0
2026-03-02T10:00:00+05:30,51.13,51.48,50.1,50.1,14326,0
2026-03-02T10:15:00+05:30,50.14,50.69,50.1,50.24,34584,0
2026-03-02T10:30:00+05:30,50.13,50.64,50.13,50.3,19872,0
2026-03-02T10:45:00+05:30,50.31,50.31,50.16,50.21,338,0
2026-03-02T11:00:00+05:30,50.17,50.28,50.15,50.28,689,0
2026-03-02T11:15:00+05:30,50.28,50.31,50.1,50.24,7996,0
2026-03-02T11:30:00+05:30,50.24,50.48,50.12,50.37,19195,0
2026-03-02T11:45:00+05:30,50.37,50.4,50.17,50.4,18995,0
2026-03-02T12:00:00+05:30,50.27,50.43,49.99,50.26,40155,0
2026-03-02T12:15:00+05:30,50.26,50.41,50.06,50.33,6090,0
2026-03-02T12:30:00+05:30,50.39,50.4,50.08,50.09,3071,0
2026-03-02T12:45:00+05:30,50.09,50.1,50.0,50.0,587,0
2026-03-02T13:00:00+05:30,50.08,50.16,49.5,49.96,19592,0
2026-03-02T13:15:00+05:30,49.96,50.19,49.96,49.97,3544,0
2026-03-02T13:30:00+05:30,49.97,50.1,49.82,49.89,3558,0
2026-03-02T13:45:00+05:30,49.99,50.12,49.72,49.72,18282,0
2026-03-02T14:00:00+05:30,49.78,50.24,49.69,50.0,37395,0
2026-03-02T14:15:00+05:30,50.0,50.09,49.99,49.99,15348,0
2026-03-02T14:30:00+05:30,50.0,50.18,49.99,50.0,5546,0
2026-03-02T14:45:00+05:30,49.99,50.4,49.98,50.36,13953,0
2026-03-02T15:00:00+05:30,50.23,50.5,49.98,50.44,23638,0
2026-03-02T15:15:00+05:30,50.42,51.19,49.97,50.51,55037,0
2026-03-04T09:15:00+05:30,50.0,50.6,49.0,50.06,15070,0
2026-03-04T09:30:00+05:30,50.2,50.2,50.0,50.07,4954,0
2026-03-04T09:45:00+05:30,50.1,50.44,50.0,50.06,6295,0
2026-03-04T10:00:00+05:30,50.15,50.45,50.04,50.45,2285,0
2026-03-04T10:15:00+05:30,50.4,51.08,50.17,50.88,28611,0
2026-03-04T10:30:00+05:30,50.96,50.96,50.68,50.68,12298,0
2026-03-04T10:45:00+05:30,50.69,50.75,50.5,50.63,21474,0
2026-03-04T11:00:00+05:30,50.54,50.64,50.11,50.28,22197,0
2026-03-04T11:15:00+05:30,50.28,50.28,50.19,50.24,111,0
2026-03-04T11:30:00+05:30,50.24,50.24,49.8,50.0,4439,0
2026-03-04T11:45:00+05:30,50.0,50.29,50.0,50.29,1802,0
2026-03-04T12:00:00+05:30,50.29,50.5,50.25,50.5,20856,0
2026-03-04T12:15:00+05:30,50.49,50.49,50.2,50.2,35929,0
2026-03-04T12:30:00+05:30,50.21,50.24,50.0,50.0,5002,0
2026-03-04T12:45:00+05:30,50.0,50.67,50.0,50.67,9831,0
2026-03-04T13:00:00+05:30,50.67,50.67,50.22,50.3,2607,0
2026-03-04T13:15:00+05:30,50.3,50.52,50.3,50.33,918,0
2026-03-04T13:30:00+05:30,50.33,50.73,50.33,50.62,1929,0
2026-03-04T13:45:00+05:30,50.62,50.72,50.36,50.51,2942,0
2026-03-04T14:00:00+05:30,50.53,50.71,50.44,50.71,660,0
2026-03-04T14:15:00+05:30,50.71,51.11,50.71,51.0,18288,0
2026-03-04T14:30:00+05:30,51.06,51.06,50.54,50.54,764,0
2026-03-04T14:45:00+05:30,50.54,50.79,50.54,50.7,13447,0
2026-03-04T15:00:00+05:30,50.73,50.74,50.12,50.51,6944,0
2026-03-04T15:15:00+05:30,50.21,50.54,49.25,49.25,26558,0
2026-03-05T09:15:00+05:30,49.99,50.99,49.99,50.1,4995,0
2026-03-05T09:30:00+05:30,50.16,50.17,49.2,49.42,9738,0
2026-03-05T09:45:00+05:30,49.5,49.61,49.36,49.45,2957,0
2026-03-05T10:00:00+05:30,49.44,49.84,49.3,49.47,18296,0
2026-03-05T10:15:00+05:30,49.47,49.58,49.35,49.44,1568,0
2026-03-05T10:30:00+05:30,49.33,49.45,49.25,49.42,3487,0
2026-03-05T10:45:00+05:30,49.38,49.58,49.25,49.29,2139,0
2026-03-05T11:00:00+05:30,49.48,49.56,49.25,49.51,11322,0
2026-03-05T11:15:00+05:30,49.51,49.51,49.3,49.32,779,0
2026-03-05T11:30:00+05:30,48.99,49.0,48.84,48.85,6272,0
2026-03-05T11:45:00+05:30,48.85,48.88,48.0,48.26,21697,0
2026-03-05T12:00:00+05:30,48.17,48.33,47.91,48.33,10861,0
2026-03-05T12:15:00+05:30,48.33,48.41,48.14,48.26,2327,0
2026-03-05T12:30:00+05:30,48.26,48.39,48.11,48.3,2203,0
2026-03-05T12:45:00+05:30,48.3,48.44,48.29,48.42,647,0
2026-03-05T13:00:00+05:30,48.42,48.44,48.3,48.35,995,0
2026-03-05T13:15:00+05:30,48.35,48.4,48.16,48.16,6580,0
2026-03-05T13:30:00+05:30,48.16,48.34,48.1,48.1,13269,0
2026-03-05T13:45:00+05:30,48.1,48.1,47.9,47.9,3151,0
2026-03-05T14:00:00+05:30,47.99,47.99,47.51,47.69,3634,0
2026-03-05T14:15:00+05:30,47.9,48.04,47.73,47.93,3463,0
2026-03-05T14:30:00+05:30,48.03,48.35,47.9,48.34,2999,0
2026-03-05T14:45:00+05:30,48.34,49.14,48.27,49.14,26072,0
2026-03-05T15:00:00+05:30,49.15,49.78,49.01,49.78,5420,0
2026-03-05T15:15:00+05:30,49.6,49.65,48.53,49.3,19318,0
2026-03-06T09:15:00+05:30,49.0,50.95,49.0,49.47,11287,0
2026-03-06T09:30:00+05:30,49.62,49.73,48.88,49.29,11046,0
2026-03-06T09:45:00+05:30,49.29,49.29,49.03,49.11,2071,0
2026-03-06T10:00:00+05:30,49.11,49.49,49.11,49.3,3370,0
2026-03-06T10:15:00+05:30,49.3,49.3,49.04,49.09,5700,0
2026-03-06T10:30:00+05:30,49.17,49.19,48.85,48.98,5280,0
2026-03-06T10:45:00+05:30,48.98,52.0,48.98,50.6,67617,0
2026-03-06T11:00:00+05:30,50.6,51.58,50.6,51.01,33442,0
2026-03-06T11:15:00+05:30,51.01,52.0,50.65,51.85,21850,0
2026-03-06T11:30:00+05:30,51.85,51.85,51.0,51.0,44708,0
2026-03-06T11:45:00+05:30,51.0,51.3,51.0,51.23,4214,0
2026-03-06T12:00:00+05:30,51.23,51.28,51.1,51.26,6744,0
2026-03-06T12:15:00+05:30,51.33,51.49,51.33,51.37,966,0
2026-03-06T12:30:00+05:30,51.36,52.34,51.36,52.0,29880,0
2026-03-06T12:45:00+05:30,52.1,52.32,51.78,52.22,10106,0
2026-03-06T13:00:00+05:30,52.15,52.35,51.91,52.03,8692,0
2026-03-06T13:15:00+05:30,52.03,52.5,52.0,52.0,8930,0
2026-03-06T13:30:00+05:30,52.0,52.11,51.52,51.89,3915,0
2026-03-06T13:45:00+05:30,51.82,51.82,51.52,51.68,1540,0
2026-03-06T14:00:00+05:30,51.77,52.1,51.6,52.05,6955,0
2026-03-06T14:15:00+05:30,51.96,52.3,51.52,51.52,7786,0
2026-03-06T14:30:00+05:30,51.62,52.05,51.06,51.06,11023,0
2026-03-06T14:45:00+05:30,51.26,51.29,51.03,51.29,1997,0
2026-03-06T15:00:00+05:30,51.29,52.05,51.1,51.69,20713,0
2026-03-06T15:15:00+05:30,51.94,52.9,51.72,52.0,22868,0
2026-03-09T09:15:00+05:30,51.86,51.86,49.29,49.94,11031,0
2026-03-09T09:30:00+05:30,49.8,50.0,49.2,49.25,18306,0
2026-03-09T09:45:00+05:30,49.1,49.63,48.24,48.36,8075,0
2026-03-09T10:00:00+05:30,48.36,49.49,48.36,49.0,7702,0
2026-03-09T10:15:00+05:30,48.8,49.52,48.64,49.42,10867,0
2026-03-09T10:30:00+05:30,49.42,49.42,48.8,48.8,16408,0
2026-03-09T10:45:00+05:30,48.8,49.08,48.8,49.05,2884,0
2026-03-09T11:00:00+05:30,49.05,49.05,48.7,48.8,18080,0
2026-03-09T11:15:00+05:30,48.95,49.04,48.81,48.81,5485,0
2026-03-09T11:30:00+05:30,48.87,48.87,48.36,48.73,24753,0
2026-03-09T11:45:00+05:30,48.86,48.86,48.23,48.39,7599,0
2026-03-09T12:00:00+05:30,48.39,48.58,48.3,48.46,1022,0
2026-03-09T12:15:00+05:30,48.37,48.9,48.15,48.9,17734,0
2026-03-09T12:30:00+05:30,48.78,48.94,48.76,48.93,3000,0
2026-03-09T12:45:00+05:30,48.78,49.05,48.75,49.05,2182,0
2026-03-09T13:00:00+05:30,49.06,49.19,48.93,49.03,16106,0
2026-03-09T13:15:00+05:30,49.03,49.09,48.55,48.77,8839,0
2026-03-09T13:30:00+05:30,48.93,49.0,48.85,48.89,2081,0
2026-03-09T13:45:00+05:30,48.89,49.19,48.88,48.88,6720,0
2026-03-09T14:00:00+05:30,48.93,48.95,48.88,48.9,1153,0
2026-03-09T14:15:00+05:30,48.88,48.95,48.88,48.95,830,0
2026-03-09T14:30:00+05:30,48.95,48.95,48.71,48.71,1178,0
2026-03-09T14:45:00+05:30,48.71,48.95,48.65,48.94,3836,0
2026-03-09T15:00:00+05:30,48.73,48.94,48.57,48.94,7506,0
2026-03-09T15:15:00+05:30,48.87,49.05,48.65,48.65,15383,0
2026-03-10T09:15:00+05:30,49.0,49.8,48.95,49.1,11017,0
2026-03-10T09:30:00+05:30,49.09,49.61,48.98,49.55,8309,0
2026-03-10T09:45:00+05:30,49.57,49.9,49.3,49.3,4851,0
2026-03-10T10:00:00+05:30,49.3,49.55,49.3,49.5,1043,0
2026-03-10T10:15:00+05:30,49.5,50.29,49.5,49.94,9598,0
2026-03-10T10:30:00+05:30,49.94,49.94,49.71,49.71,2465,0
2026-03-10T10:45:00+05:30,49.83,49.89,49.35,49.53,2030,0
2026-03-10T11:00:00+05:30,49.5,49.61,49.38,49.41,1818,0
2026-03-10T11:15:00+05:30,49.41,49.68,49.4,49.4,1085,0
2026-03-10T11:30:00+05:30,49.32,49.8,49.3,49.69,10750,0
2026-03-10T11:45:00+05:30,49.69,49.89,49.62,49.64,3916,0
2026-03-10T12:00:00+05:30,49.68,49.77,49.62,49.77,1324,0
2026-03-10T12:15:00+05:30,49.78,50.0,49.57,49.95,5530,0
2026-03-10T12:30:00+05:30,49.79,49.79,49.34,49.41,886,0
2026-03-10T12:45:00+05:30,49.33,49.48,49.22,49.48,9653,0
2026-03-10T13:00:00+05:30,49.48,49.52,49.0,49.06,4061,0
2026-03-10T13:15:00+05:30,49.06,49.14,49.02,49.14,189,0
2026-03-10T13:30:00+05:30,49.14,49.16,49.0,49.01,5170,0
2026-03-10T13:45:00+05:30,49.01,49.11,48.96,49.11,340,0
2026-03-10T14:00:00+05:30,49.07,49.1,48.9,48.9,1283,0
2026-03-10T14:15:00+05:30,48.9,49.08,48.72,49.04,2121,0
2026-03-10T14:30:00+05:30,49.04,49.11,48.96,49.03,2319,0
2026-03-10T14:45:00+05:30,49.03,49.27,48.81,49.27,6726,0
2026-03-10T15:00:00+05:30,49.08,49.28,48.56,48.71,5561,0
2026-03-10T15:15:00+05:30,48.79,49.28,48.71,49.0,16673,0
2026-03-11T09:15:00+05:30,49.0,49.77,49.0,49.64,15398,0
2026-03-11T09:30:00+05:30,49.64,49.75,49.5,49.58,8448,0
2026-03-11T09:45:00+05:30,49.7,50.56,49.63,50.19,22551,0
2026-03-11T10:00:00+05:30,50.3,50.3,49.89,49.89,3693,0
2026-03-11T10:15:00+05:30,49.65,49.77,49.41,49.61,3584,0
2026-03-11T10:30:00+05:30,49.52,49.54,49.15,49.35,7881,0
2026-03-11T10:45:00+05:30,49.43,49.43,48.87,49.08,4247,0
2026-03-11T11:00:00+05:30,49.08,49.28,48.8,49.0,4116,0
2026-03-11T11:15:00+05:30,49.01,49.18,48.97,48.99,13498,0
2026-03-11T11:30:00+05:30,48.99,49.59,48.99,49.27,25843,0
2026-03-11T11:45:00+05:30,49.27,49.33,49.2,49.33,5071,0
2026-03-11T12:00:00+05:30,49.32,49.33,49.18,49.32,4088,0
2026-03-11T12:15:00+05:30,49.32,49.32,49.19,49.31,65,0
2026-03-11T12:30:00+05:30,49.31,49.48,49.26,49.26,2887,0
2026-03-11T12:45:00+05:30,49.26,49.49,49.26,49.43,10271,0
2026-03-11T13:00:00+05:30,49.42,49.43,49.12,49.35,9832,0
2026-03-11T13:15:00+05:30,49.3,49.49,49.24,49.49,2585,0
2026-03-11T13:30:00+05:30,49.49,49.49,49.45,49.45,1,0
2026-03-11T13:45:00+05:30,49.45,49.45,49.22,49.43,13,0
2026-03-11T14:00:00+05:30,49.43,49.43,48.81,48.99,27672,0
2026-03-11T14:15:00+05:30,48.81,48.94,48.3,48.47,4873,0
2026-03-11T14:30:00+05:30,48.45,48.89,48.34,48.34,43023,0
2026-03-11T14:45:00+05:30,48.31,48.71,48.23,48.23,20627,0
2026-03-11T15:00:00+05:30,48.24,48.5,47.55,47.9,22162,0
2026-03-11T15:15:00+05:30,47.9,48.0,47.25,47.95,44557,0
2026-03-12T09:15:00+05:30,48.05,48.06,47.0,47.73,13206,0
2026-03-12T09:30:00+05:30,47.64,47.74,47.16,47.54,4318,0
2026-03-12T09:45:00+05:30,47.58,47.83,47.52,47.55,55769,0
2026-03-12T10:00:00+05:30,47.55,47.63,47.43,47.43,15421,0
2026-03-12T10:15:00+05:30,47.43,47.55,47.37,47.55,728,0
2026-03-12T10:30:00+05:30,47.62,47.88,47.54,47.62,11345,0
2026-03-12T10:45:00+05:30,47.5,47.71,47.5,47.7,752,0
2026-03-12T11:00:00+05:30,47.7,48.05,47.49,47.97,15565,0
2026-03-12T11:15:00+05:30,48.09,48.93,48.09,48.9,61170,0
2026-03-12T11:30:00+05:30,48.9,49.17,48.4,48.4,15214,0
2026-03-12T11:45:00+05:30,48.41,48.82,48.2,48.82,3718,0
2026-03-12T12:00:00+05:30,48.81,48.83,48.46,48.66,1214,0
2026-03-12T12:15:00+05:30,48.66,48.78,48.3,48.35,6397,0
2026-03-12T12:30:00+05:30,48.35,48.88,48.35,48.69,8851,0
2026-03-12T12:45:00+05:30,48.69,48.89,48.59,48.73,1902,0
2026-03-12T13:00:00+05:30,48.8,48.8,48.5,48.63,433,0
2026-03-12T13:15:00+05:30,48.66,48.69,48.0,48.33,6614,0
2026-03-12T13:30:00+05:30,48.33,48.53,48.2,48.53,1743,0
2026-03-12T13:45:00+05:30,48.53,48.7,48.19,48.7,2660,0
2026-03-12T14:00:00+05:30,48.7,48.74,47.95,47.95,21282,0
2026-03-12T14:15:00+05:30,47.95,47.99,47.78,47.84,950,0
2026-03-12T14:30:00+05:30,47.84,48.0,47.69,47.86,6205,0
2026-03-12T14:45:00+05:30,47.75,47.75,47.5,47.68,10364,0
2026-03-12T15:00:00+05:30,47.68,47.68,46.98,46.98,26200,0
2026-03-12T15:15:00+05:30,47.0,47.0,46.3,46.3,79091,0
2026-03-13T09:15:00+05:30,47.0,47.38,46.59,47.26,32664,0
2026-03-13T09:30:00+05:30,47.38,47.5,46.59,46.78,15249,0
2026-03-13T09:45:00+05:30,46.77,46.8,46.3,46.3,6485,0
2026-03-13T10:00:00+05:30,46.24,46.35,46.0,46.05,6670,0
2026-03-13T10:15:00+05:30,46.1,46.42,45.96,46.29,5786,0
2026-03-13T10:30:00+05:30,46.28,46.6,46.28,46.44,11293,0
2026-03-13T10:45:00+05:30,46.41,46.6,46.38,46.5,3919,0
2026-03-13T11:00:00+05:30,46.5,46.72,46.5,46.63,823,0
2026-03-13T11:15:00+05:30,46.62,46.69,46.48,46.56,1356,0
2026-03-13T11:30:00+05:30,46.57,46.69,46.5,46.53,5028,0
2026-03-13T11:45:00+05:30,46.63,46.71,46.45,46.47,2760,0
2026-03-13T12:00:00+05:30,46.55,46.72,46.41,46.72,3746,0
2026-03-13T12:15:00+05:30,46.72,46.72,46.51,46.6,2191,0
2026-03-13T12:30:00+05:30,46.6,46.69,46.37,46.37,5911,0
2026-03-13T12:45:00+05:30,46.31,46.7,46.31,46.7,6136,0
2026-03-13T13:00:00+05:30,46.7,46.9,46.54,46.57,309347,0
2026-03-13T13:15:00+05:30,46.57,46.65,46.49,46.62,2021,0
2026-03-13T13:30:00+05:30,46.62,46.69,46.5,46.61,3471,0
2026-03-13T13:45:00+05:30,46.61,46.61,46.33,46.59,5019,0
2026-03-13T14:00:00+05:30,46.59,46.59,46.32,46.5,6592,0
2026-03-13T14:15:00+05:30,46.5,46.5,46.3,46.4,2056,0
2026-03-13T14:30:00+05:30,46.4,46.5,46.25,46.28,5365,0
2026-03-13T14:45:00+05:30,46.28,46.4,46.26,46.26,26215,0
2026-03-13T15:00:00+05:30,46.21,46.39,45.66,46.39,41857,0
2026-03-13T15:15:00+05:30,46.0,46.39,44.55,45.94,47037,0
2026-03-16T09:15:00+05:30,45.5,46.78,45.5,46.41,29843,0
2026-03-16T09:30:00+05:30,46.41,46.9,46.4,46.9,44399,0
2026-03-16T09:45:00+05:30,46.9,46.9,46.8,46.86,23645,0
2026-03-16T10:00:00+05:30,46.88,46.88,46.23,46.3,13078,0
2026-03-16T10:15:00+05:30,46.3,46.39,45.82,46.02,7367,0
2026-03-16T10:30:00+05:30,46.01,46.48,46.01,46.1,9077,0
2026-03-16T10:45:00+05:30,46.1,46.2,46.05,46.12,2490,0
2026-03-16T11:00:00+05:30,46.12,46.14,46.0,46.0,1053,0
2026-03-16T11:15:00+05:30,46.0,46.24,45.79,45.87,21316,0
2026-03-16T11:30:00+05:30,45.87,46.05,45.87,46.02,272,0
2026-03-16T11:45:00+05:30,46.02,46.02,45.9,45.97,953,0
2026-03-16T12:00:00+05:30,45.98,46.11,45.93,46.11,2460,0
2026-03-16T12:15:00+05:30,46.11,46.43,46.0,46.32,1828,0
2026-03-16T12:30:00+05:30,46.25,46.25,45.9,45.93,1252,0
2026-03-16T12:45:00+05:30,45.93,46.24,45.93,46.23,1062,0
2026-03-16T13:00:00+05:30,46.23,46.35,46.19,46.24,2190,0
2026-03-16T13:15:00+05:30,46.24,46.28,46.0,46.13,1858,0
2026-03-16T13:30:00+05:30,46.13,46.13,45.9,45.97,2375,0
2026-03-16T13:45:00+05:30,45.97,45.97,45.82,45.82,2721,0
2026-03-16T14:00:00+05:30,45.99,46.0,45.82,45.99,1763,0
2026-03-16T14:15:00+05:30,45.99,46.0,45.87,45.93,551,0
2026-03-16T14:30:00+05:30,46.0,46.2,46.0,46.16,9886,0
2026-03-16T14:45:00+05:30,46.16,46.25,46.12,46.12,3910,0
2026-03-16T15:00:00+05:30,46.12,46.14,45.94,45.97,3618,0
2026-03-16T15:15:00+05:30,45.94,46.0,45.7,45.8,7320,0
2026-03-17T09:15:00+05:30,45.8,46.08,45.21,45.21,10815,0
2026-03-17T09:30:00+05:30,45.53,46.1,45.51,45.62,8729,0
2026-03-17T09:45:00+05:30,45.78,45.99,45.67,45.89,16066,0
2026-03-17T10:00:00+05:30,45.64,45.89,45.36,45.77,6999,0
2026-03-17T10:15:00+05:30,45.77,45.88,45.5,45.7,2446,0
2026-03-17T10:30:00+05:30,45.7,45.7,45.02,45.27,15227,0
2026-03-17T10:45:00+05:30,45.27,45.34,45.17,45.3,30213,0
2026-03-17T11:00:00+05:30,45.25,45.3,45.14,45.16,13077,0
2026-03-17T11:15:00+05:30,45.16,45.3,45.15,45.3,23242,0
2026-03-17T11:30:00+05:30,45.3,45.71,45.3,45.71,3064,0
2026-03-17T11:45:00+05:30,45.74,46.0,45.54,45.85,17139,0
2026-03-17T12:00:00+05:30,45.85,46.23,45.85,45.96,5451,0
2026-03-17T12:15:00+05:30,46.01,46.01,45.88,45.88,3421,0
2026-03-17T12:30:00+05:30,45.88,46.07,45.59,46.07,49847,0
2026-03-17T12:45:00+05:30,46.07,46.16,46.0,46.07,17981,0
2026-03-17T13:00:00+05:30,46.06,46.16,45.93,45.95,38602,0
2026-03-17T13:15:00+05:30,45.94,46.0,45.84,46.0,9379,0
2026-03-17T13:30:00+05:30,45.96,45.96,45.83,45.89,2305,0
2026-03-17T13:45:00+05:30,45.89,46.01,45.89,46.0,16811,0
2026-03-17T14:00:00+05:30,46.0,46.0,45.88,46.0,363,0
2026-03-17T14:15:00+05:30,46.0,46.0,45.77,45.87,3911,0
2026-03-17T14:30:00+05:30,45.87,46.03,45.75,45.99,114858,0
2026-03-17T14:45:00+05:30,45.99,46.03,45.8,45.94,4125,0
2026-03-17T15:00:00+05:30,45.94,46.0,45.61,45.9,86373,0
2026-03-17T15:15:00+05:30,45.9,46.0,45.4,46.0,36010,0
2026-03-18T09:15:00+05:30,46.23,46.88,46.13,46.87,30990,0
2026-03-18T09:30:00+05:30,46.87,48.24,46.87,47.7,61401,0
2026-03-18T09:45:00+05:30,47.7,47.99,47.42,47.45,6174,0
2026-03-18T10:00:00+05:30,47.43,47.55,46.5,47.07,33243,0
2026-03-18T10:15:00+05:30,47.27,47.44,47.14,47.28,6948,0
2026-03-18T10:30:00+05:30,47.21,47.36,47.21,47.3,5415,0
2026-03-18T10:45:00+05:30,47.3,47.64,47.26,47.5,11651,0
2026-03-18T11:00:00+05:30,47.5,47.5,47.35,47.43,269,0
2026-03-18T11:15:00+05:30,47.43,47.43,47.26,47.26,183,0
2026-03-18T11:30:00+05:30,47.26,47.28,47.0,47.28,14971,0
2026-03-18T11:45:00+05:30,47.35,47.35,47.0,47.18,1358,0
2026-03-18T12:00:00+05:30,47.08,47.19,46.61,46.73,10324,0
2026-03-18T12:15:00+05:30,46.73,46.95,46.68,46.85,17035,0
2026-03-18T12:30:00+05:30,46.93,47.2,46.75,46.98,12285,0
2026-03-18T12:45:00+05:30,46.99,47.21,46.99,47.2,2288,0
2026-03-18T13:00:00+05:30,47.32,47.32,47.0,47.0,6968,0
2026-03-18T13:15:00+05:30,47.0,47.0,46.92,46.92,768,0
2026-03-18T13:30:00+05:30,46.92,47.0,46.89,46.95,8534,0
2026-03-18T13:45:00+05:30,46.93,47.1,46.93,47.0,28310,0
2026-03-18T14:00:00+05:30,47.0,47.13,46.99,47.0,13209,0
2026-03-18T14:15:00+05:30,47.0,47.2,46.99,47.0,19985,0
2026-03-18T14:30:00+05:30,47.0,47.05,46.99,47.0,4936,0
2026-03-18T14:45:00+05:30,47.0,47.05,46.98,47.0,8812,0
2026-03-18T15:00:00+05:30,47.0,47.0,46.81,46.97,18764,0
2026-03-18T15:15:00+05:30,47.0,47.0,46.4,46.99,22921,0
2026-03-19T09:15:00+05:30,46.83,46.83,45.88,46.52,19215,0
2026-03-19T09:30:00+05:30,46.52,46.56,46.0,46.01,9706,0
2026-03-19T09:45:00+05:30,46.16,46.26,45.93,46.05,5185,0
2026-03-19T10:00:00+05:30,46.14,46.34,46.08,46.26,2253,0
2026-03-19T10:15:00+05:30,46.26,46.26,46.26,46.26,0,0
2026-03-19T10:30:00+05:30,46.35,46.39,46.25,46.33,448,0
2026-03-19T10:45:00+05:30,46.39,46.41,46.21,46.27,3472,0
2026-03-19T11:00:00+05:30,46.27,46.27,46.08,46.08,2040,0
2026-03-19T11:15:00+05:30,46.08,46.11,45.78,45.9,1368,0
2026-03-19T11:30:00+05:30,45.9,45.9,45.69,45.69,1811,0
2026-03-19T11:45:00+05:30,45.69,45.69,45.51,45.56,1407,0
2026-03-19T12:00:00+05:30,45.56,45.56,45.4,45.47,674,0
2026-03-19T12:15:00+05:30,45.47,45.54,45.32,45.39,786,0
2026-03-19T12:30:00+05:30,45.39,45.4,45.15,45.15,3981,0
2026-03-19T12:45:00+05:30,45.18,45.34,45.16,45.22,1833,0
2026-03-19T13:00:00+05:30,45.22,45.29,45.15,45.15,139,0
2026-03-19T13:15:00+05:30,45.15,45.16,44.88,44.98,14767,0
2026-03-19T13:30:00+05:30,44.98,45.03,44.76,44.8,3448,0
2026-03-19T13:45:00+05:30,44.8,45.05,44.8,44.89,13080,0
2026-03-19T14:00:00+05:30,44.96,45.0,44.61,44.7,3021,0
2026-03-19T14:15:00+05:30,44.62,45.0,44.61,44.7,26022,0
2026-03-19T14:30:00+05:30,44.74,45.0,44.61,44.69,3601,0
2026-03-19T14:45:00+05:30,44.71,45.0,44.61,44.65,61005,0
2026-03-19T15:00:00+05:30,44.65,45.0,44.61,44.63,12317,0
2026-03-19T15:15:00+05:30,44.63,44.97,44.6,44.6,10762,0
2026-03-20T09:15:00+05:30,45.5,49.76,45.5,47.83,401170,0
2026-03-20T09:30:00+05:30,47.83,48.2,45.64,47.1,194232,0
2026-03-20T09:45:00+05:30,47.02,47.18,46.25,46.5,35658,0
2026-03-20T10:00:00+05:30,46.26,46.49,46.02,46.35,13237,0
2026-03-20T10:15:00+05:30,46.45,46.54,46.31,46.5,19738,0
2026-03-20T10:30:00+05:30,46.41,46.64,46.1,46.39,26254,0
2026-03-20T10:45:00+05:30,46.5,46.52,46.27,46.5,15012,0
2026-03-20T11:00:00+05:30,46.5,46.7,46.45,46.46,60966,0
2026-03-20T11:15:00+05:30,46.5,46.85,46.45,46.5,55060,0
2026-03-20T11:30:00+05:30,46.48,46.86,46.48,46.5,173007,0
2026-03-20T11:45:00+05:30,46.5,46.53,45.8,46.02,27440,0
2026-03-20T12:00:00+05:30,45.95,46.35,45.75,46.09,26508,0
2026-03-20T12:15:00+05:30,46.09,46.09,45.75,45.76,6059,0
2026-03-20T12:30:00+05:30,45.76,46.01,45.76,45.81,1414,0
2026-03-20T12:45:00+05:30,45.81,46.1,45.81,45.85,7281,0
2026-03-20T13:00:00+05:30,45.91,46.1,45.81,45.9,5831,0
2026-03-20T13:15:00+05:30,45.94,46.04,45.66,45.72,29362,0
2026-03-20T13:30:00+05:30,45.72,45.74,45.65,45.7,823,0
2026-03-20T13:45:00+05:30,45.7,45.71,45.4,45.57,25960,0
2026-03-20T14:00:00+05:30,45.57,46.0,45.5,45.72,12417,0
2026-03-20T14:15:00+05:30,45.72,45.8,45.6,45.63,2787,0
2026-03-20T14:30:00+05:30,45.65,46.1,45.61,46.0,7324,0
2026-03-20T14:45:00+05:30,46.0,46.05,45.54,45.7,18311,0
2026-03-20T15:00:00+05:30,45.68,45.94,45.5,45.72,13013,0
2026-03-20T15:15:00+05:30,45.72,46.0,45.5,45.65,37370,0
2026-03-23T09:15:00+05:30,45.67,46.04,43.98,44.54,30477,0
2026-03-23T09:30:00+05:30,44.6,45.12,44.32,45.12,21563,0
2026-03-23T09:45:00+05:30,45.17,45.18,44.71,44.71,7391,0
2026-03-23T10:00:00+05:30,44.71,45.05,44.48,44.97,16520,0
2026-03-23T10:15:00+05:30,44.96,45.13,44.8,45.12,15455,0
2026-03-23T10:30:00+05:30,45.01,45.57,44.93,45.43,16792,0
2026-03-23T10:45:00+05:30,45.43,45.46,45.05,45.08,5028,0
2026-03-23T11:00:00+05:30,45.05,45.79,44.77,45.76,24007,0
2026-03-23T11:15:00+05:30,45.76,46.25,45.24,46.25,45506,0
2026-03-23T11:30:00+05:30,46.36,47.33,46.29,46.85,108802,0
2026-03-23T11:45:00+05:30,47.03,47.08,45.55,46.0,75949,0
2026-03-23T12:00:00+05:30,45.99,46.26,45.28,45.33,79338,0
2026-03-23T12:15:00+05:30,45.33,45.88,44.77,44.77,217372,0
2026-03-23T12:30:00+05:30,44.78,45.59,44.76,45.0,254913,0
2026-03-23T12:45:00+05:30,44.99,45.21,44.51,44.85,318482,0
2026-03-23T13:00:00+05:30,44.85,45.0,44.85,44.92,4340,0
2026-03-23T13:15:00+05:30,44.99,45.26,44.88,45.0,204716,0
2026-03-23T13:30:00+05:30,44.99,45.38,44.89,44.99,277854,0
2026-03-23T13:45:00+05:30,44.99,45.56,44.78,45.02,435643,0
2026-03-23T14:00:00+05:30,45.06,48.59,44.94,48.59,814479,0
2026-03-23T14:15:00+05:30,48.58,49.9,48.11,49.83,380879,0
2026-03-23T14:30:00+05:30,49.67,50.77,48.7,50.04,394646,0
2026-03-23T14:45:00+05:30,49.64,51.53,49.64,50.15,776347,0
2026-03-23T15:00:00+05:30,50.12,52.45,49.8,51.4,873406,0
2026-03-23T15:15:00+05:30,51.36,51.9,47.37,47.87,645877,0
2026-03-24T09:15:00+05:30,50.25,50.25,49.05,49.8,219364,0
2026-03-24T09:30:00+05:30,49.79,49.83,48.83,48.93,37058,0
2026-03-24T09:45:00+05:30,48.93,49.6,48.44,49.45,58404,0
2026-03-24T10:00:00+05:30,49.45,50.5,49.45,50.39,93226,0
2026-03-24T10:15:00+05:30,50.46,50.65,50.11,50.43,37120,0
2026-03-24T10:30:00+05:30,50.33,50.4,50.11,50.17,120471,0
2026-03-24T10:45:00+05:30,50.15,50.25,50.11,50.25,157639,0
2026-03-24T11:00:00+05:30,50.25,50.25,49.3,49.37,180664,0
2026-03-24T11:15:00+05:30,49.37,49.67,49.25,49.31,14319,0
2026-03-24T11:30:00+05:30,49.36,49.37,49.02,49.21,22832,0
2026-03-24T11:45:00+05:30,49.24,49.37,49.0,49.22,28203,0
2026-03-24T12:00:00+05:30,49.22,49.3,49.0,49.12,28304,0
2026-03-24T12:15:00+05:30,49.16,49.31,49.16,49.22,1807,0
2026-03-24T12:30:00+05:30,49.3,50.0,49.22,49.82,38614,0
2026-03-24T12:45:00+05:30,49.84,49.96,49.69,49.93,7528,0
2026-03-24T13:00:00+05:30,49.93,49.93,49.5,49.82,8592,0
2026-03-24T13:15:00+05:30,49.82,49.82,49.57,49.75,3168,0
2026-03-24T13:30:00+05:30,49.69,49.91,49.66,49.91,30685,0
2026-03-24T13:45:00+05:30,49.81,49.97,49.65,49.87,86282,0
2026-03-24T14:00:00+05:30,49.87,49.96,49.7,49.77,4826,0
2026-03-24T14:15:00+05:30,49.92,49.95,49.67,49.9,18005,0
2026-03-24T14:30:00+05:30,49.91,49.95,49.53,49.56,13950,0
2026-03-24T14:45:00+05:30,49.6,49.81,49.6,49.73,5575,0
2026-03-24T15:00:00+05:30,49.8,49.8,49.37,49.37,35741,0
2026-03-24T15:15:00+05:30,49.32,49.53,49.1,49.53,80230,0
2026-03-25T09:15:00+05:30,49.99,49.99,49.36,49.69,28983,0
2026-03-25T09:30:00+05:30,49.79,50.0,49.53,49.93,19641,0
2026-03-25T09:45:00+05:30,49.87,49.94,49.75,49.75,17103,0
2026-03-25T10:00:00+05:30,49.75,50.0,49.7,50.0,33560,0
2026-03-25T10:15:00+05:30,50.0,50.5,49.95,50.5,238811,0
2026-03-25T10:30:00+05:30,50.47,54.36,50.45,54.01,297358,0
2026-03-25T10:45:00+05:30,54.14,54.6,52.36,53.9,242438,0
2026-03-25T11:00:00+05:30,53.88,54.9,53.74,54.06,164052,0
2026-03-25T11:15:00+05:30,54.15,54.68,53.61,54.38,48918,0
2026-03-25T11:30:00+05:30,54.45,54.9,54.05,54.46,68570,0
2026-03-25T11:45:00+05:30,54.46,54.77,54.05,54.24,39529,0
2026-03-25T12:00:00+05:30,54.33,55.5,54.0,54.99,90145,0
2026-03-25T12:15:00+05:30,55.04,55.9,54.65,55.4,150386,0
2026-03-25T12:30:00+05:30,55.4,55.4,54.28,54.67,146117,0
2026-03-25T12:45:00+05:30,54.82,55.26,54.56,55.03,119009,0
2026-03-25T13:00:00+05:30,55.1,55.1,54.66,54.85,35038,0
2026-03-25T13:15:00+05:30,54.96,55.06,54.5,54.55,37366,0
2026-03-25T13:30:00+05:30,54.64,54.74,53.66,54.14,50935,0
2026-03-25T13:45:00+05:30,54.27,54.53,53.81,54.04,118361,0
2026-03-25T14:00:00+05:30,54.12,54.2,53.77,53.96,54048,0
2026-03-25T14:15:00+05:30,54.1,54.46,53.9,54.02,55161,0
2026-03-25T14:30:00+05:30,54.09,54.14,53.52,53.76,52676,0
2026-03-25T14:45:00+05:30,53.89,54.75,53.66,53.9,144983,0
2026-03-25T15:00:00+05:30,53.99,54.12,53.14,53.45,96821,0
2026-03-25T15:15:00+05:30,53.75,55.2,53.31,54.0,117696,0
2026-03-27T09:15:00+05:30,53.83,55.08,52.76,53.56,119811,0
2026-03-27T09:30:00+05:30,53.44,53.5,52.51,52.69,19575,0
2026-03-27T09:45:00+05:30,52.72,52.72,51.93,51.95,8791,0
2026-03-27T10:00:00+05:30,51.95,52.33,51.75,51.95,11185,0
2026-03-27T10:15:00+05:30,51.94,51.94,51.46,51.64,23928,0
2026-03-27T10:30:00+05:30,51.62,51.77,51.15,51.43,18229,0
2026-03-27T10:45:00+05:30,51.42,52.17,50.91,51.8,77217,0
2026-03-27T11:00:00+05:30,51.8,51.8,51.54,51.55,14709,0
2026-03-27T11:15:00+05:30,51.66,52.02,51.63,51.75,27373,0
2026-03-27T11:30:00+05:30,51.66,52.28,51.52,52.05,39361,0
2026-03-27T11:45:00+05:30,52.13,52.21,52.03,52.21,2476,0
2026-03-27T12:00:00+05:30,52.11,52.29,51.98,52.25,41219,0
2026-03-27T12:15:00+05:30,52.25,52.42,52.06,52.06,15871,0
2026-03-27T12:30:00+05:30,52.06,52.06,51.61,51.91,24788,0
2026-03-27T12:45:00+05:30,52.02,52.68,52.0,52.68,35532,0
2026-03-27T13:00:00+05:30,52.68,52.68,52.4,52.4,19140,0
2026-03-27T13:15:00+05:30,52.4,52.62,52.26,52.62,10157,0
2026-03-27T13:30:00+05:30,52.64,52.92,52.12,52.12,25616,0
2026-03-27T13:45:00+05:30,52.12,52.5,52.12,52.25,14974,0
2026-03-27T14:00:00+05:30,52.35,52.88,52.02,52.24,27025,0
2026-03-27T14:15:00+05:30,52.23,52.35,52.04,52.06,4448,0
2026-03-27T14:30:00+05:30,52.16,52.16,51.5,51.55,17521,0
2026-03-27T14:45:00+05:30,51.6,51.6,51.21,51.22,13651,0
2026-03-27T15:00:00+05:30,51.23,51.89,51.13,51.27,32781,0
2026-03-27T15:15:00+05:30,51.2,52.0,50.68,51.0,222612,0
2026-03-30T09:15:00+05:30,50.5,50.84,50.0,50.71,21163,0
2026-03-30T09:30:00+05:30,50.71,51.72,50.71,50.9,19061,0
2026-03-30T09:45:00+05:30,50.9,50.9,50.22,50.22,32843,0
2026-03-30T10:00:00+05:30,50.22,50.88,50.15,50.56,16310,0
2026-03-30T10:15:00+05:30,50.6,51.04,50.6,51.01,21460,0
2026-03-30T10:30:00+05:30,51.05,51.84,51.05,51.55,14045,0
2026-03-30T10:45:00+05:30,51.62,51.62,51.41,51.41,5843,0
2026-03-30T11:00:00+05:30,51.38,51.57,50.76,51.42,116019,0
2026-03-30T11:15:00+05:30,51.42,52.34,51.42,51.88,36539,0
2026-03-30T11:30:00+05:30,51.92,52.14,51.91,52.14,10819,0
2026-03-30T11:45:00+05:30,52.07,52.13,52.01,52.11,7079,0
2026-03-30T12:00:00+05:30,52.11,52.18,52.1,52.18,10967,0
2026-03-30T12:15:00+05:30,52.17,52.63,52.17,52.36,4521,0
2026-03-30T12:30:00+05:30,52.35,52.7,52.35,52.55,5935,0
2026-03-30T12:45:00+05:30,52.54,52.54,52.23,52.23,2709,0
2026-03-30T13:00:00+05:30,52.23,52.29,52.1,52.15,2966,0
2026-03-30T13:15:00+05:30,52.15,52.23,52.11,52.13,11232,0
2026-03-30T13:30:00+05:30,52.14,52.2,51.95,51.95,26414,0
2026-03-30T13:45:00+05:30,52.02,52.02,51.1,51.25,23316,0
2026-03-30T14:00:00+05:30,51.34,51.44,51.16,51.25,19246,0
2026-03-30T14:15:00+05:30,51.25,51.51,51.03,51.5,27315,0
2026-03-30T14:30:00+05:30,51.49,51.49,50.53,51.18,33184,0
2026-03-30T14:45:00+05:30,51.15,51.51,51.06,51.34,17446,0
2026-03-30T15:00:00+05:30,51.34,51.44,50.88,50.98,15709,0
2026-03-30T15:15:00+05:30,50.98,51.95,50.4,51.0,69838,0
2026-04-01T09:15:00+05:30,54.39,55.54,52.12,55.36,77499,0
2026-04-01T09:30:00+05:30,55.34,55.5,54.52,54.74,23316,0
2026-04-01T09:45:00+05:30,54.68,55.18,54.5,55.18,8976,0
2026-04-01T10:00:00+05:30,55.18,55.9,54.5,55.24,35333,0
2026-04-01T10:15:00+05:30,55.22,55.84,54.82,55.12,44323,0
2026-04-01T10:30:00+05:30,55.44,55.44,54.61,54.91,9918,0
2026-04-01T10:45:00+05:30,54.91,55.07,54.9,54.9,3015,0
2026-04-01T11:00:00+05:30,54.9,54.9,54.5,54.5,7401,0
2026-04-01T11:15:00+05:30,54.5,54.67,54.35,54.54,1754,0
2026-04-01T11:30:00+05:30,54.54,54.79,54.41,54.68,4119,0
2026-04-01T11:45:00+05:30,54.66,54.7,54.3,54.51,2928,0
2026-04-01T12:00:00+05:30,54.64,54.97,54.44,54.68,14085,0
2026-04-01T12:15:00+05:30,54.68,54.7,54.61,54.61,240,0
2026-04-01T12:30:00+05:30,54.61,54.79,54.61,54.62,888,0
2026-04-01T12:45:00+05:30,54.62,54.98,54.62,54.75,1023,0
2026-04-01T13:00:00+05:30,54.75,55.19,54.75,54.84,3505,0
2026-04-01T13:15:00+05:30,54.95,55.43,53.61,53.93,15968,0
2026-04-01T13:30:00+05:30,53.93,54.0,53.71,54.0,1669,0
2026-04-01T13:45:00+05:30,53.8,54.0,53.79,53.83,631,0
2026-04-01T14:00:00+05:30,53.83,53.9,53.82,53.83,160,0
2026-04-01T14:15:00+05:30,53.83,54.03,53.83,54.02,1586,0
2026-04-01T14:30:00+05:30,54.02,54.08,53.84,53.85,1620,0
2026-04-01T14:45:00+05:30,53.85,53.85,53.55,53.67,3671,0
2026-04-01T15:00:00+05:30,53.66,54.68,53.66,54.0,12927,0
2026-04-01T15:15:00+05:30,54.0,55.5,53.64,55.48,13705,0
2026-04-02T09:15:00+05:30,54.34,54.34,52.25,52.99,15441,0
2026-04-02T09:30:00+05:30,53.24,54.0,52.93,53.9,11157,0
2026-04-02T09:45:00+05:30,53.9,53.9,53.44,53.66,13690,0
2026-04-02T10:00:00+05:30,53.66,53.84,53.55,53.6,2888,0
2026-04-02T10:15:00+05:30,53.59,53.86,53.5,53.57,5198,0
2026-04-02T10:30:00+05:30,53.57,53.6,53.55,53.55,769,0
2026-04-02T10:45:00+05:30,53.59,53.6,53.55,53.59,744,0
2026-04-02T11:00:00+05:30,53.59,53.9,53.59,53.83,1573,0
2026-04-02T11:15:00+05:30,53.83,53.88,53.83,53.88,119,0
2026-04-02T11:30:00+05:30,53.88,54.0,53.66,54.0,2590,0
2026-04-02T11:45:00+05:30,53.81,54.0,53.81,54.0,4734,0
2026-04-02T12:00:00+05:30,54.34,55.2,54.34,55.2,23129,0
2026-04-02T12:15:00+05:30,55.2,55.53,54.98,54.98,2923,0
2026-04-02T12:30:00+05:30,54.98,55.09,54.96,55.09,129,0
2026-04-02T12:45:00+05:30,55.11,56.0,54.95,55.98,19668,0
2026-04-02T13:00:00+05:30,55.98,57.0,55.95,56.1,19171,0
2026-04-02T13:15:00+05:30,56.56,56.76,56.02,56.76,3184,0
2026-04-02T13:30:00+05:30,56.76,56.76,56.3,56.3,6174,0
2026-04-02T13:45:00+05:30,56.22,56.75,56.22,56.71,12702,0
2026-04-02T14:00:00+05:30,56.71,56.9,56.41,56.85,3767,0
2026-04-02T14:15:00+05:30,56.85,57.2,56.84,57.01,18330,0
2026-04-02T14:30:00+05:30,57.01,57.79,57.01,57.4,25376,0
2026-04-02T14:45:00+05:30,57.09,58.81,57.0,57.73,32496,0
2026-04-02T15:00:00+05:30,57.73,59.0,57.73,58.31,23908,0
2026-04-02T15:15:00+05:30,58.36,58.78,57.67,58.0,43852,0
2026-04-06T09:15:00+05:30,58.61,60.5,57.32,57.83,56792,0
2026-04-06T09:30:00+05:30,57.85,59.0,57.52,58.32,24035,0
2026-04-06T09:45:00+05:30,58.38,58.59,58.0,58.36,12280,0
2026-04-06T10:00:00+05:30,58.39,58.68,58.11,58.45,2488,0
2026-04-06T10:15:00+05:30,58.45,59.82,58.24,59.82,26876,0
2026-04-06T10:30:00+05:30,59.81,60.2,59.51,59.88,24524,0
2026-04-06T10:45:00+05:30,59.84,60.4,59.79,60.14,17937,0
2026-04-06T11:00:00+05:30,60.14,61.34,59.96,60.73,59092,0
2026-04-06T11:15:00+05:30,60.73,62.5,60.73,61.76,56819,0
2026-04-06T11:30:00+05:30,61.92,62.2,61.51,61.51,17127,0
2026-04-06T11:45:00+05:30,61.43,61.8,61.3,61.52,12229,0
2026-04-06T12:00:00+05:30,61.59,61.79,61.21,61.4,12837,0
2026-04-06T12:15:00+05:30,61.4,61.61,61.19,61.37,9264,0
2026-04-06T12:30:00+05:30,61.47,61.52,60.94,61.21,7708,0
2026-04-06T12:45:00+05:30,61.25,61.49,61.08,61.42,24088,0
2026-04-06T13:00:00+05:30,61.36,61.44,61.11,61.44,6869,0
2026-04-06T13:15:00+05:30,61.44,61.9,61.2,61.66,6667,0
2026-04-06T13:30:00+05:30,61.68,61.95,61.24,61.73,12446,0
2026-04-06T13:45:00+05:30,61.73,61.73,61.21,61.69,8484,0
2026-04-06T14:00:00+05:30,61.69,61.93,61.63,61.85,3298,0
2026-04-06T14:15:00+05:30,61.85,61.91,61.25,61.25,13091,0
2026-04-06T14:30:00+05:30,61.33,61.59,60.77,60.92,19829,0
2026-04-06T14:45:00+05:30,61.03,61.29,61.0,61.22,5370,0
2026-04-06T15:00:00+05:30,61.1,61.78,61.0,61.78,14808,0
2026-04-06T15:15:00+05:30,61.77,63.85,61.42,62.1,68302,0
2026-04-07T09:15:00+05:30,61.3,64.8,61.0,63.82,139152,0
2026-04-07T09:30:00+05:30,63.9,64.3,61.5,61.52,115100,0
2026-04-07T09:45:00+05:30,61.75,62.28,61.4,61.73,41607,0
2026-04-07T10:00:00+05:30,61.5,61.95,61.0,61.16,44679,0
2026-04-07T10:15:00+05:30,61.16,61.42,60.31,60.63,42745,0
2026-04-07T10:30:00+05:30,60.65,60.81,60.5,60.67,10637,0
2026-04-07T10:45:00+05:30,60.57,60.67,60.2,60.38,23840,0
2026-04-07T11:00:00+05:30,60.23,60.78,60.21,60.35,12673,0
2026-04-07T11:15:00+05:30,60.34,60.41,60.12,60.19,8713,0
2026-04-07T11:30:00+05:30,60.19,61.42,60.12,60.8,46183,0
2026-04-07T11:45:00+05:30,60.71,60.71,59.71,59.72,54033,0
2026-04-07T12:00:00+05:30,59.73,60.34,59.5,60.26,12327,0
2026-04-07T12:15:00+05:30,60.26,60.53,58.85,59.64,110768,0
2026-04-07T12:30:00+05:30,59.53,59.8,59.5,59.75,4468,0
2026-04-07T12:45:00+05:30,59.75,59.97,59.6,59.8,12635,0
2026-04-07T13:00:00+05:30,59.82,59.82,59.55,59.58,6404,0
2026-04-07T13:15:00+05:30,59.58,60.06,59.54,59.6,15370,0
2026-04-07T13:30:00+05:30,59.6,59.71,59.22,59.7,18405,0
2026-04-07T13:45:00+05:30,59.71,60.08,59.68,59.74,10303,0
2026-04-07T14:00:00+05:30,59.68,59.82,59.68,59.71,10106,0
2026-04-07T14:15:00+05:30,59.72,59.99,59.68,59.77,9732,0
2026-04-07T14:30:00+05:30,59.7,59.74,59.45,59.45,10446,0
2026-04-07T14:45:00+05:30,59.45,60.15,59.35,60.14,20175,0
2026-04-07T15:00:00+05:30,60.09,60.25,59.36,59.79,44285,0
2026-04-07T15:15:00+05:30,59.4,60.25,58.0,59.36,79617,0
2026-04-08T09:15:00+05:30,63.4,63.4,60.4,60.59,75608,0
2026-04-08T09:30:00+05:30,60.58,61.14,60.4,61.14,25917,0
2026-04-08T09:45:00+05:30,61.01,61.3,60.65,60.73,16303,0
2026-04-08T10:00:00+05:30,60.6,60.85,60.41,60.79,5893,0
2026-04-08T10:15:00+05:30,60.73,61.8,60.61,61.3,21524,0
2026-04-08T10:30:00+05:30,61.38,61.6,61.13,61.6,2751,0
2026-04-08T10:45:00+05:30,61.6,61.65,61.1,61.24,15454,0
2026-04-08T11:00:00+05:30,61.24,61.54,61.14,61.35,13968,0
2026-04-08T11:15:00+05:30,61.35,61.5,61.25,61.25,1158,0
2026-04-08T11:30:00+05:30,61.44,61.45,60.78,61.0,7432,0
2026-04-08T11:45:00+05:30,61.0,61.0,60.72,60.72,11395,0
2026-04-08T12:00:00+05:30,60.72,60.72,60.55,60.63,13475,0
2026-04-08T12:15:00+05:30,60.63,60.94,60.6,60.87,3016,0
2026-04-08T12:30:00+05:30,60.84,61.24,60.62,60.97,18375,0
2026-04-08T12:45:00+05:30,61.04,61.04,60.55,60.65,7639,0
2026-04-08T13:00:00+05:30,60.65,61.0,60.5,60.87,17256,0
2026-04-08T13:15:00+05:30,60.77,61.76,60.62,61.36,19900,0
2026-04-08T13:30:00+05:30,61.38,64.2,61.27,64.0,103899,0
2026-04-08T13:45:00+05:30,63.59,63.8,62.87,63.49,76700,0
2026-04-08T14:00:00+05:30,63.49,63.5,63.13,63.3,4583,0
2026-04-08T14:15:00+05:30,63.27,64.1,63.27,63.97,28521,0
2026-04-08T14:30:00+05:30,63.95,64.25,63.15,63.49,44046,0
2026-04-08T14:45:00+05:30,63.49,63.68,63.06,63.06,10205,0
2026-04-08T15:00:00+05:30,63.06,63.41,62.5,62.8,60959,0
2026-04-08T15:15:00+05:30,62.89,64.79,62.74,64.0,71810,0
2026-04-09T09:15:00+05:30,64.04,66.0,62.66,65.15,110992,0
2026-04-09T09:30:00+05:30,65.0,65.0,63.25,63.42,43058,0
2026-04-09T09:45:00+05:30,63.4,63.73,63.0,63.05,23671,0
2026-04-09T10:00:00+05:30,63.07,63.62,62.56,63.35,22966,0
2026-04-09T10:15:00+05:30,63.41,64.74,63.41,64.51,11896,0
2026-04-09T10:30:00+05:30,64.57,65.4,64.02,64.64,29309,0
2026-04-09T10:45:00+05:30,64.64,65.01,64.25,64.64,10873,0
2026-04-09T11:00:00+05:30,64.65,65.52,64.65,64.79,14044,0
2026-04-09T11:15:00+05:30,64.92,65.7,64.91,65.7,16987,0
2026-04-09T11:30:00+05:30,65.69,66.8,65.36,66.78,45104,0
2026-04-09T11:45:00+05:30,66.78,66.97,66.34,66.35,50346,0
2026-04-09T12:00:00+05:30,66.43,66.43,65.91,66.13,17882,0
2026-04-09T12:15:00+05:30,66.29,66.5,65.59,65.75,14931,0
2026-04-09T12:30:00+05:30,65.75,65.87,65.1,65.4,23609,0
2026-04-09T12:45:00+05:30,65.4,65.4,65.25,65.27,5904,0
2026-04-09T13:00:00+05:30,65.27,66.09,65.23,65.32,11526,0
2026-04-09T13:15:00+05:30,65.21,65.4,64.85,64.85,11401,0
2026-04-09T13:30:00+05:30,64.85,64.97,64.62,64.62,2447,0
2026-04-09T13:45:00+05:30,64.6,64.79,64.6,64.79,1563,0
2026-04-09T14:00:00+05:30,64.71,65.56,64.7,65.02,8814,0
2026-04-09T14:15:00+05:30,65.04,65.04,64.6,64.62,3630,0
2026-04-09T14:30:00+05:30,64.62,64.94,64.55,64.8,6217,0
2026-04-09T14:45:00+05:30,64.69,64.85,64.32,64.36,8029,0
2026-04-09T15:00:00+05:30,64.36,65.43,64.27,65.17,16779,0
2026-04-09T15:15:00+05:30,65.08,65.74,65.01,65.2,48739,0
2026-04-10T09:15:00+05:30,66.25,66.26,65.2,65.37,22441,0
2026-04-10T09:30:00+05:30,65.37,65.76,65.3,65.76,4655,0
2026-04-10T09:45:00+05:30,65.76,65.78,65.48,65.56,1049,0
2026-04-10T10:00:00+05:30,65.56,65.56,64.85,65.0,10946,0
2026-04-10T10:15:00+05:30,65.05,65.3,64.67,65.3,8491,0
2026-04-10T10:30:00+05:30,65.38,65.65,65.16,65.41,3954,0
2026-04-10T10:45:00+05:30,65.63,65.64,65.37,65.59,1520,0
2026-04-10T11:00:00+05:30,65.59,65.59,65.37,65.5,1036,0
2026-04-10T11:15:00+05:30,65.5,65.5,65.34,65.4,767,0
2026-04-10T11:30:00+05:30,65.4,65.65,65.4,65.45,816,0
2026-04-10T11:45:00+05:30,65.41,65.57,65.2,65.57,2599,0
2026-04-10T12:00:00+05:30,65.57,65.57,65.36,65.57,641,0
2026-04-10T12:15:00+05:30,65.57,65.6,65.33,65.6,1030,0
2026-04-10T12:30:00+05:30,65.6,66.09,65.6,66.09,15854,0
2026-04-10T12:45:00+05:30,66.09,66.09,65.81,65.9,187,0
2026-04-10T13:00:00+05:30,65.78,65.78,65.66,65.66,710,0
2026-04-10T13:15:00+05:30,65.66,65.87,65.66,65.87,1045,0
2026-04-10T13:30:00+05:30,65.87,65.99,65.8,65.84,1523,0
2026-04-10T13:45:00+05:30,65.77,66.26,65.77,66.03,2606,0
2026-04-10T14:00:00+05:30,66.04,66.25,66.03,66.18,5207,0
2026-04-10T14:15:00+05:30,66.05,66.05,65.32,65.32,4325,0
2026-04-10T14:30:00+05:30,65.32,65.5,65.32,65.35,3513,0
2026-04-10T14:45:00+05:30,65.35,65.5,64.67,64.67,5527,0
2026-04-10T15:00:00+05:30,64.75,64.8,64.23,64.53,17719,0
2026-04-10T15:15:00+05:30,64.4,65.5,64.1,65.5,33583,0
2026-04-13T09:15:00+05:30,63.5,63.5,62.0,63.2,11823,0
2026-04-13T09:30:00+05:30,63.47,63.68,63.02,63.19,9430,0
2026-04-13T09:45:00+05:30,63.15,63.39,62.91,63.14,4582,0
2026-04-13T10:00:00+05:30,63.31,63.39,63.11,63.22,1734,0
2026-04-13T10:15:00+05:30,63.2,65.03,62.91,64.49,20707,0
2026-04-13T10:30:00+05:30,64.49,65.39,63.65,64.74,16627,0
2026-04-13T10:45:00+05:30,64.74,65.55,63.83,64.55,20865,0
2026-04-13T11:00:00+05:30,64.03,65.82,63.91,65.15,21499,0
2026-04-13T11:15:00+05:30,65.15,65.15,64.09,64.09,7606,0
2026-04-13T11:30:00+05:30,64.09,64.97,64.09,64.83,308,0
2026-04-13T11:45:00+05:30,64.83,64.83,64.41,64.8,2254,0
2026-04-13T12:00:00+05:30,64.57,64.98,64.5,64.63,2663,0
2026-04-13T12:15:00+05:30,64.63,64.94,64.31,64.32,817,0
2026-04-13T12:30:00+05:30,64.32,65.0,64.32,65.0,3026,0
2026-04-13T12:45:00+05:30,65.05,65.09,64.52,65.09,6614,0
2026-04-13T13:00:00+05:30,65.09,65.09,64.5,64.5,1625,0
2026-04-13T13:15:00+05:30,64.5,65.08,64.5,65.08,548,0
2026-04-13T13:30:00+05:30,65.08,65.1,65.08,65.1,1872,0
2026-04-13T13:45:00+05:30,65.15,65.49,64.91,65.49,6069,0
2026-04-13T14:00:00+05:30,64.91,64.92,64.0,64.31,32715,0
2026-04-13T14:15:00+05:30,65.26,65.26,64.36,64.38,329,0
2026-04-13T14:30:00+05:30,64.97,65.0,64.59,64.73,6568,0
2026-04-13T14:45:00+05:30,64.73,65.25,64.71,64.74,13568,0
2026-04-13T15:00:00+05:30,64.74,65.2,64.72,65.19,3015,0
2026-04-13T15:15:00+05:30,65.19,70.0,65.01,68.0,217074,0
2026-04-15T09:15:00+05:30,71.88,71.88,68.22,68.26,69600,0
2026-04-15T09:30:00+05:30,68.49,69.01,68.28,69.0,42227,0
2026-04-15T09:45:00+05:30,69.0,69.5,68.86,69.12,15951,0
2026-04-15T10:00:00+05:30,69.16,69.5,68.7,69.21,15286,0
2026-04-15T10:15:00+05:30,69.27,69.59,69.1,69.13,8619,0
2026-04-15T10:30:00+05:30,69.14,69.3,69.14,69.16,4426,0
2026-04-15T10:45:00+05:30,69.16,70.3,69.16,70.01,33429,0
2026-04-15T11:00:00+05:30,69.99,69.99,69.43,69.65,4838,0
2026-04-15T11:15:00+05:30,69.51,69.65,69.51,69.59,769,0
2026-04-15T11:30:00+05:30,69.6,69.77,69.31,69.43,2162,0
2026-04-15T11:45:00+05:30,69.45,69.8,69.4,69.8,3989,0
2026-04-15T12:00:00+05:30,69.79,69.79,69.43,69.58,1260,0
2026-04-15T12:15:00+05:30,69.58,69.72,69.4,69.4,2630,0
2026-04-15T12:30:00+05:30,69.45,69.71,69.41,69.71,345,0
2026-04-15T12:45:00+05:30,69.7,70.07,69.66,69.67,8671,0
2026-04-15T13:00:00+05:30,69.67,69.67,69.52,69.59,3503,0
2026-04-15T13:15:00+05:30,69.59,70.0,69.42,69.42,6042,0
2026-04-15T13:30:00+05:30,69.42,69.5,69.4,69.5,7410,0
2026-04-15T13:45:00+05:30,69.5,69.5,69.04,69.16,5871,0
2026-04-15T14:00:00+05:30,69.17,69.45,69.16,69.16,2180,0
2026-04-15T14:15:00+05:30,69.16,69.16,68.7,69.02,12684,0
2026-04-15T14:30:00+05:30,69.0,69.5,69.0,69.23,7134,0
2026-04-15T14:45:00+05:30,69.23,69.43,69.0,69.01,15923,0
2026-04-15T15:00:00+05:30,69.01,69.5,69.01,69.4,6804,0
2026-04-15T15:15:00+05:30,69.4,69.5,69.4,69.5,27943,0
2026-04-16T09:15:00+05:30,70.78,70.78,68.9,69.76,14254,0
2026-04-16T09:30:00+05:30,69.76,69.76,69.0,69.0,7808,0
2026-04-16T09:45:00+05:30,68.9,69.09,68.22,68.31,21453,0
2026-04-16T10:00:00+05:30,68.31,68.59,68.21,68.43,6760,0
2026-04-16T10:15:00+05:30,68.43,68.67,68.31,68.67,2094,0
2026-04-16T10:30:00+05:30,68.5,68.69,68.31,68.69,2784,0
2026-04-16T10:45:00+05:30,68.69,69.0,68.41,68.41,1534,0
2026-04-16T11:00:00+05:30,68.8,68.97,68.45,68.75,11210,0
2026-04-16T11:15:00+05:30,68.54,69.0,68.54,68.81,5674,0
2026-04-16T11:30:00+05:30,68.86,68.95,68.45,68.9,15602,0
2026-04-16T11:45:00+05:30,68.7,68.7,68.45,68.51,25775,0
2026-04-16T12:00:00+05:30,68.51,68.57,68.45,68.46,5178,0
2026-04-16T12:15:00+05:30,68.46,68.55,68.45,68.45,3696,0
2026-04-16T12:30:00+05:30,68.45,68.48,68.45,68.45,48,0
2026-04-16T12:45:00+05:30,68.45,68.45,68.45,68.45,5548,0
2026-04-16T13:00:00+05:30,68.45,68.48,68.45,68.45,3284,0
2026-04-16T13:15:00+05:30,68.45,68.49,68.45,68.48,1440,0
2026-04-16T13:30:00+05:30,68.48,69.4,68.45,69.0,17590,0
2026-04-16T13:45:00+05:30,69.0,69.0,68.23,68.49,34812,0
2026-04-16T14:00:00+05:30,68.49,68.49,67.08,67.08,13321,0
2026-04-16T14:15:00+05:30,67.27,67.58,67.0,67.34,11770,0
2026-04-16T14:30:00+05:30,67.34,68.07,67.34,67.72,5790,0
2026-04-16T14:45:00+05:30,67.7,67.95,67.12,67.72,5871,0
2026-04-16T15:00:00+05:30,67.69,67.87,66.66,67.26,18080,0
2026-04-16T15:15:00+05:30,67.0,67.45,66.7,67.4,11639,0
2026-04-17T09:15:00+05:30,69.5,69.5,67.31,67.88,27970,0
2026-04-17T09:30:00+05:30,67.97,68.42,67.05,68.39,26317,0
2026-04-17T09:45:00+05:30,68.36,68.36,67.48,67.49,4953,0
2026-04-17T10:00:00+05:30,67.49,67.89,67.3,67.72,4567,0
2026-04-17T10:15:00+05:30,67.99,67.99,67.0,67.89,13520,0
2026-04-17T10:30:00+05:30,67.86,67.86,67.31,67.58,184,0
2026-04-17T10:45:00+05:30,67.58,67.58,67.31,67.32,1470,0
2026-04-17T11:00:00+05:30,67.33,67.55,67.14,67.2,6162,0
2026-04-17T11:15:00+05:30,67.2,67.4,67.2,67.4,1461,0
2026-04-17T11:30:00+05:30,67.4,67.57,67.2,67.57,1636,0
2026-04-17T11:45:00+05:30,67.57,67.79,67.0,67.31,9346,0
2026-04-17T12:00:00+05:30,67.31,67.71,66.91,66.91,2956,0
2026-04-17T12:15:00+05:30,66.93,67.69,66.91,67.25,3907,0
2026-04-17T12:30:00+05:30,67.25,67.88,67.0,67.0,10175,0
2026-04-17T12:45:00+05:30,67.0,67.27,66.93,67.24,4882,0
2026-04-17T13:00:00+05:30,67.24,67.24,66.9,67.0,4212,0
2026-04-17T13:15:00+05:30,67.01,67.1,67.01,67.1,918,0
2026-04-17T13:30:00+05:30,67.1,67.28,67.06,67.28,608,0
2026-04-17T13:45:00+05:30,67.28,67.28,67.15,67.15,430,0
2026-04-17T14:00:00+05:30,67.15,67.15,67.0,67.14,789,0
2026-04-17T14:15:00+05:30,67.01,67.02,67.0,67.0,3351,0
2026-04-17T14:30:00+05:30,67.0,67.12,66.92,66.92,4879,0
2026-04-17T14:45:00+05:30,66.92,67.11,66.92,67.08,625,0
2026-04-17T15:00:00+05:30,67.0,67.78,66.92,67.0,14787,0
2026-04-17T15:15:00+05:30,67.1,67.3,66.9,66.9,10873,0
2026-04-20T09:15:00+05:30,66.35,67.3,65.91,66.28,12625,0
2026-04-20T09:30:00+05:30,66.32,66.32,65.5,65.67,33827,0
2026-04-20T09:45:00+05:30,65.67,66.69,65.52,65.7,11279,0
2026-04-20T10:00:00+05:30,65.7,67.99,65.68,66.0,15148,0
2026-04-20T10:15:00+05:30,66.0,66.11,65.75,65.84,2431,0
2026-04-20T10:30:00+05:30,65.84,66.09,65.84,66.0,892,0
2026-04-20T10:45:00+05:30,66.07,66.07,65.87,65.87,3072,0
2026-04-20T11:00:00+05:30,65.87,65.95,65.84,65.9,5586,0
2026-04-20T11:15:00+05:30,65.9,66.0,65.86,66.0,4011,0
2026-04-20T11:30:00+05:30,66.0,66.0,65.91,65.99,629,0
2026-04-20T11:45:00+05:30,65.91,65.98,65.72,65.83,1689,0
2026-04-20T12:00:00+05:30,65.82,66.0,65.7,65.9,3316,0
2026-04-20T12:15:00+05:30,65.9,65.9,65.7,65.8,1972,0
2026-04-20T12:30:00+05:30,65.8,65.8,64.16,65.2,33403,0
2026-04-20T12:45:00+05:30,65.01,65.36,64.99,65.11,3103,0
2026-04-20T13:00:00+05:30,65.29,66.09,65.01,65.01,7631,0
2026-04-20T13:15:00+05:30,64.94,65.66,64.93,64.95,3740,0
2026-04-20T13:30:00+05:30,65.01,65.02,64.5,65.02,21608,0
2026-04-20T13:45:00+05:30,65.0,65.28,65.0,65.2,4293,0
2026-04-20T14:00:00+05:30,65.2,65.2,64.81,64.81,1097,0
2026-04-20T14:15:00+05:30,64.81,64.81,63.81,64.62,11686,0
2026-04-20T14:30:00+05:30,64.65,64.65,64.46,64.52,712,0
2026-04-20T14:45:00+05:30,64.52,64.66,64.31,64.31,1708,0
2026-04-20T15:00:00+05:30,64.54,64.98,64.4,64.84,3862,0
2026-04-20T15:15:00+05:30,64.84,65.0,64.54,64.54,11488,0
2026-04-21T09:15:00+05:30,64.87,65.21,64.51,64.79,3994,0
2026-04-21T09:30:00+05:30,64.78,65.11,64.52,65.11,5107,0
2026-04-21T09:45:00+05:30,65.1,65.11,64.65,64.67,4224,0
2026-04-21T10:00:00+05:30,64.67,64.92,64.5,64.53,4180,0
2026-04-21T10:15:00+05:30,64.49,64.73,64.48,64.6,1815,0
2026-04-21T10:30:00+05:30,64.6,64.69,64.11,64.3,11871,0
2026-04-21T10:45:00+05:30,64.31,64.39,64.31,64.35,394,0
2026-04-21T11:00:00+05:30,64.35,64.35,64.21,64.23,3015,0
2026-04-21T11:15:00+05:30,64.21,64.5,64.2,64.46,4066,0
2026-04-21T11:30:00+05:30,64.46,64.46,64.21,64.4,2516,0
2026-04-21T11:45:00+05:30,64.32,64.8,64.22,64.78,12844,0
2026-04-21T12:00:00+05:30,64.77,64.94,64.68,64.9,4353,0
2026-04-21T12:15:00+05:30,64.66,65.1,64.35,64.35,12327,0
2026-04-21T12:30:00+05:30,64.79,65.2,64.55,64.85,5441,0
2026-04-21T12:45:00+05:30,64.85,65.0,64.75,64.8,10923,0
2026-04-21T13:00:00+05:30,64.75,64.98,64.36,64.36,8306,0
2026-04-21T13:15:00+05:30,64.56,64.87,64.55,64.66,4926,0
2026-04-21T13:30:00+05:30,64.66,65.19,64.66,65.19,1431,0
2026-04-21T13:45:00+05:30,65.19,65.25,65.01,65.1,5055,0
2026-04-21T14:00:00+05:30,65.1,66.4,65.02,65.73,12298,0
2026-04-21T14:15:00+05:30,65.69,66.09,65.25,66.09,5056,0
2026-04-21T14:30:00+05:30,65.56,66.0,65.56,66.0,3906,0
2026-04-21T14:45:00+05:30,65.72,65.99,65.72,65.99,4941,0
2026-04-21T15:00:00+05:30,65.99,65.99,65.5,65.5,3007,0
2026-04-21T15:15:00+05:30,65.5,66.0,65.11,65.6,9298,0
2026-04-22T09:15:00+05:30,66.1,66.24,65.2,65.4,17554,0
2026-04-22T09:30:00+05:30,65.44,65.55,65.26,65.26,12526,0
2026-04-22T09:45:00+05:30,65.28,65.47,64.34,64.55,14482,0
2026-04-22T10:00:00+05:30,64.75,64.75,64.13,64.74,3982,0
2026-04-22T10:15:00+05:30,64.74,65.09,64.61,64.62,2140,0
2026-04-22T10:30:00+05:30,64.85,65.01,64.59,64.98,4276,0
2026-04-22T10:45:00+05:30,64.98,65.13,64.79,64.97,565,0
2026-04-22T11:00:00+05:30,64.97,65.01,64.58,64.94,4168,0
2026-04-22T11:15:00+05:30,64.85,64.88,64.63,64.63,547,0
2026-04-22T11:30:00+05:30,64.63,64.71,64.62,64.71,357,0
2026-04-22T11:45:00+05:30,64.72,65.0,64.71,64.88,3016,0
2026-04-22T12:00:00+05:30,64.88,64.88,64.61,64.74,563,0
2026-04-22T12:15:00+05:30,64.74,64.83,64.54,64.71,795,0
2026-04-22T12:30:00+05:30,64.73,64.84,64.0,64.1,16017,0
2026-04-22T12:45:00+05:30,64.1,64.56,63.58,64.29,1863,0
2026-04-22T13:00:00+05:30,64.29,64.29,63.0,63.68,12253,0
2026-04-22T13:15:00+05:30,63.68,63.79,63.36,63.78,1125,0
2026-04-22T13:30:00+05:30,63.78,63.78,63.31,63.66,751,0
2026-04-22T13:45:00+05:30,63.66,63.88,63.52,63.76,600,0
2026-04-22T14:00:00+05:30,63.76,63.99,63.76,63.79,981,0
2026-04-22T14:15:00+05:30,63.8,63.99,63.76,63.76,320,0
2026-04-22T14:30:00+05:30,63.99,64.34,63.81,63.81,2182,0
2026-04-22T14:45:00+05:30,63.81,64.69,63.81,64.68,4604,0
2026-04-22T15:00:00+05:30,64.68,64.68,63.92,64.4,756,0
2026-04-22T15:15:00+05:30,63.91,64.4,63.76,64.0,9558,0
2026-04-23T09:15:00+05:30,64.25,67.25,63.05,65.17,28940,0
2026-04-23T09:30:00+05:30,65.15,66.7,64.99,66.1,32639,0
2026-04-23T09:45:00+05:30,66.26,67.49,66.26,67.25,23002,0
2026-04-23T10:00:00+05:30,67.4,67.4,66.31,66.6,5772,0
2026-04-23T10:15:00+05:30,66.6,66.73,66.4,66.73,3468,0
2026-04-23T10:30:00+05:30,66.44,66.62,66.11,66.12,6233,0
2026-04-23T10:45:00+05:30,66.12,66.3,65.8,66.11,5251,0
2026-04-23T11:00:00+05:30,66.11,66.58,66.11,66.29,2394,0
2026-04-23T11:15:00+05:30,66.33,66.96,66.33,66.96,4705,0
2026-04-23T11:30:00+05:30,66.96,66.96,66.75,66.95,5571,0
2026-04-23T11:45:00+05:30,66.9,67.0,66.75,66.8,2358,0
2026-04-23T12:00:00+05:30,66.8,67.3,66.8,67.3,5249,0
2026-04-23T12:15:00+05:30,67.3,67.3,66.57,66.57,1908,0
2026-04-23T12:30:00+05:30,66.8,66.8,66.4,66.4,3494,0
2026-04-23T12:45:00+05:30,66.4,66.58,66.23,66.23,779,0
2026-04-23T13:00:00+05:30,66.23,66.23,66.14,66.14,2115,0
2026-04-23T13:15:00+05:30,66.14,66.48,66.14,66.26,488,0
2026-04-23T13:30:00+05:30,66.26,66.57,66.24,66.57,1140,0
2026-04-23T13:45:00+05:30,66.57,66.58,66.34,66.38,1879,0
2026-04-23T14:00:00+05:30,66.38,66.38,66.2,66.2,2775,0
2026-04-23T14:15:00+05:30,66.2,66.22,66.1,66.22,1091,0
2026-04-23T14:30:00+05:30,66.12,66.21,65.51,65.69,5265,0
2026-04-23T14:45:00+05:30,65.69,65.83,65.6,65.63,935,0
2026-04-23T15:00:00+05:30,65.63,65.99,65.63,65.74,1529,0
2026-04-23T15:15:00+05:30,65.65,66.0,65.01,65.01,10044,0
2026-04-24T09:15:00+05:30,66.31,66.31,64.71,64.71,12175,0
2026-04-24T09:30:00+05:30,64.68,64.68,63.91,64.0,2864,0
2026-04-24T09:45:00+05:30,64.01,64.19,63.81,63.81,3118,0
2026-04-24T10:00:00+05:30,63.81,64.69,63.81,64.65,4649,0
2026-04-24T10:15:00+05:30,64.65,64.65,64.37,64.5,2513,0
2026-04-24T10:30:00+05:30,64.43,64.59,64.21,64.24,2953,0
2026-04-24T10:45:00+05:30,64.22,64.29,64.1,64.1,2701,0
2026-04-24T11:00:00+05:30,64.1,64.28,63.78,64.01,2782,0
2026-04-24T11:15:00+05:30,64.01,64.08,63.21,63.27,13685,0
2026-04-24T11:30:00+05:30,63.26,63.57,63.26,63.36,506,0
2026-04-24T11:45:00+05:30,63.36,63.59,63.11,63.24,3729,0
2026-04-24T12:00:00+05:30,63.25,63.35,63.19,63.27,907,0
2026-04-24T12:15:00+05:30,63.27,63.47,63.22,63.39,465,0
2026-04-24T12:30:00+05:30,63.27,63.4,63.23,63.24,572,0
2026-04-24T12:45:00+05:30,63.24,63.39,63.24,63.26,82,0
2026-04-24T13:00:00+05:30,63.26,63.49,63.23,63.24,1778,0
2026-04-24T13:15:00+05:30,63.25,63.34,62.54,62.76,13192,0
2026-04-24T13:30:00+05:30,62.73,62.86,62.5,62.51,2623,0
2026-04-24T13:45:00+05:30,62.67,62.67,62.06,62.35,5159,0
2026-04-24T14:00:00+05:30,62.35,62.8,62.35,62.38,2619,0
2026-04-24T14:15:00+05:30,62.38,62.73,62.35,62.35,12825,0
2026-04-24T14:30:00+05:30,62.35,62.84,62.25,62.62,8778,0
2026-04-24T14:45:00+05:30,62.62,62.97,62.62,62.7,524,0
2026-04-24T15:00:00+05:30,62.7,62.97,62.7,62.74,1523,0
2026-04-24T15:15:00+05:30,62.92,63.5,62.7,63.25,7107,0
2026-04-27T09:15:00+05:30,63.15,64.82,63.08,63.47,9432,0
2026-04-27T09:30:00+05:30,63.47,63.76,63.22,63.37,5585,0
2026-04-27T09:45:00+05:30,63.37,63.54,63.2,63.2,3446,0
2026-04-27T10:00:00+05:30,63.2,63.33,63.2,63.24,8170,0
2026-04-27T10:15:00+05:30,63.24,63.58,63.24,63.36,1544,0
2026-04-27T10:30:00+05:30,63.36,63.44,63.31,63.31,438,0
2026-04-27T10:45:00+05:30,63.31,63.36,63.21,63.34,1900,0
2026-04-27T11:00:00+05:30,63.34,63.34,63.21,63.34,524,0
2026-04-27T11:15:00+05:30,63.34,63.34,63.2,63.2,3654,0
2026-04-27T11:30:00+05:30,63.2,63.2,63.2,63.2,640,0
2026-04-27T11:45:00+05:30,63.2,63.34,63.2,63.24,1286,0
2026-04-27T12:00:00+05:30,63.24,63.25,63.2,63.2,516,0
2026-04-27T12:15:00+05:30,63.2,63.39,63.2,63.21,1495,0
2026-04-27T12:30:00+05:30,63.21,63.39,63.21,63.3,1824,0
2026-04-27T12:45:00+05:30,63.3,63.3,63.22,63.24,296,0
2026-04-27T13:00:00+05:30,63.3,63.31,63.2,63.31,2630,0
2026-04-27T13:15:00+05:30,63.31,63.31,62.55,62.97,8889,0
2026-04-27T13:30:00+05:30,62.91,62.91,62.91,62.91,515,0
2026-04-27T13:45:00+05:30,62.98,63.13,62.98,63.13,876,0
2026-04-27T14:00:00+05:30,63.13,63.16,63.0,63.08,390,0
2026-04-27T14:15:00+05:30,63.06,63.15,63.0,63.08,2267,0
2026-04-27T14:30:00+05:30,63.01,63.18,63.01,63.05,1691,0
2026-04-27T14:45:00+05:30,63.05,63.23,63.0,63.09,3716,0
2026-04-27T15:00:00+05:30,63.1,63.23,63.0,63.04,3095,0
2026-04-27T15:15:00+05:30,63.01,64.75,63.0,64.7,8853,0
2026-04-28T09:15:00+05:30,63.5,64.98,63.5,63.78,1896,0
2026-04-28T09:30:00+05:30,63.8,63.8,62.82,62.82,4491,0
2026-04-28T09:45:00+05:30,63.01,63.19,62.87,63.17,485,0
2026-04-28T10:00:00+05:30,63.17,63.19,62.98,63.12,1272,0
2026-04-28T10:15:00+05:30,63.2,63.59,63.13,63.13,4403,0
2026-04-28T10:30:00+05:30,63.13,63.27,63.12,63.12,445,0
2026-04-28T10:45:00+05:30,63.1,63.25,63.08,63.08,394,0
2026-04-28T11:00:00+05:30,63.08,63.19,62.92,63.18,4295,0
2026-04-28T11:15:00+05:30,63.18,63.18,62.53,62.63,2305,0
2026-04-28T11:30:00+05:30,62.6,62.89,62.53,62.83,3572,0
2026-04-28T11:45:00+05:30,62.83,62.88,62.72,62.76,21,0
2026-04-28T12:00:00+05:30,62.75,62.75,62.6,62.65,1652,0
2026-04-28T12:15:00+05:30,62.65,62.86,62.65,62.82,1020,0
2026-04-28T12:30:00+05:30,62.82,62.82,62.6,62.71,1485,0
2026-04-28T12:45:00+05:30,62.71,62.71,62.61,62.7,1081,0
2026-04-28T13:00:00+05:30,62.7,62.72,62.61,62.71,263,0
2026-04-28T13:15:00+05:30,62.71,62.72,62.58,62.58,1151,0
2026-04-28T13:30:00+05:30,62.58,62.76,62.4,62.4,2043,0
2026-04-28T13:45:00+05:30,62.49,62.49,62.4,62.49,548,0
2026-04-28T14:00:00+05:30,62.49,62.49,62.34,62.35,714,0
2026-04-28T14:15:00+05:30,62.35,62.41,62.25,62.38,1793,0
2026-04-28T14:30:00+05:30,62.38,62.4,62.25,62.4,321,0
2026-04-28T14:45:00+05:30,62.39,62.4,62.17,62.37,1537,0
2026-04-28T15:00:00+05:30,62.37,62.5,62.2,62.2,2577,0
2026-04-28T15:15:00+05:30,62.2,62.5,62.01,62.32,10342,0
2026-04-29T09:15:00+05:30,63.0,63.15,62.5,62.88,4560,0
2026-04-29T09:30:00+05:30,62.85,62.88,62.62,62.8,1613,0
2026-04-29T09:45:00+05:30,62.79,63.5,62.79,63.2,5808,0
2026-04-29T10:00:00+05:30,63.2,63.5,63.11,63.49,5226,0
2026-04-29T10:15:00+05:30,63.49,63.5,63.23,63.4,1758,0
2026-04-29T10:30:00+05:30,63.4,63.4,63.31,63.31,241,0
2026-04-29T10:45:00+05:30,63.36,63.5,63.33,63.47,1431,0
2026-04-29T11:00:00+05:30,63.47,63.47,62.8,63.07,24844,0
2026-04-29T11:15:00+05:30,63.28,63.29,62.96,62.96,2005,0
2026-04-29T11:30:00+05:30,62.96,63.05,62.88,63.02,572,0
2026-04-29T11:45:00+05:30,63.02,63.1,62.92,63.02,444,0
2026-04-29T12:00:00+05:30,63.03,63.28,63.03,63.07,1831,0
2026-04-29T12:15:00+05:30,63.07,63.1,63.03,63.05,1142,0
2026-04-29T12:30:00+05:30,63.05,63.2,63.05,63.06,1093,0
2026-04-29T12:45:00+05:30,63.06,63.28,63.06,63.22,2298,0
2026-04-29T13:00:00+05:30,63.22,63.22,63.05,63.21,4877,0
2026-04-29T13:15:00+05:30,63.21,63.21,62.92,63.0,2199,0
2026-04-29T13:30:00+05:30,63.0,63.0,62.8,62.8,9218,0
2026-04-29T13:45:00+05:30,62.8,62.81,62.8,62.8,580,0
2026-04-29T14:00:00+05:30,62.81,62.81,62.21,62.48,10576,0
2026-04-29T14:15:00+05:30,62.48,62.58,62.3,62.41,1708,0
2026-04-29T14:30:00+05:30,62.52,62.52,62.28,62.29,420,0
2026-04-29T14:45:00+05:30,62.22,62.44,62.22,62.44,2024,0
2026-04-29T15:00:00+05:30,62.44,62.44,62.3,62.41,685,0
2026-04-29T15:15:00+05:30,62.42,63.69,62.41,63.5,8868,0
2026-04-30T09:15:00+05:30,63.18,63.18,61.53,61.75,2905,0
2026-04-30T09:30:00+05:30,61.75,61.79,61.42,61.65,1460,0
2026-04-30T09:45:00+05:30,61.65,62.03,61.65,61.92,4845,0
2026-04-30T10:00:00+05:30,61.92,61.92,61.74,61.8,3928,0
2026-04-30T10:15:00+05:30,61.8,62.28,61.8,61.86,1338,0
2026-04-30T10:30:00+05:30,61.86,62.2,61.8,62.2,596,0
2026-04-30T10:45:00+05:30,62.38,62.5,62.14,62.38,3364,0
2026-04-30T11:00:00+05:30,62.35,62.4,62.14,62.34,2202,0
2026-04-30T11:15:00+05:30,62.36,62.9,62.01,62.9,6190,0
2026-04-30T11:30:00+05:30,62.83,62.83,62.45,62.59,2691,0
2026-04-30T11:45:00+05:30,62.46,63.0,62.45,63.0,2982,0
2026-04-30T12:00:00+05:30,63.0,63.0,62.5,62.5,1756,0
2026-04-30T12:15:00+05:30,62.45,62.75,62.21,62.3,7234,0
2026-04-30T12:30:00+05:30,62.2,62.33,62.2,62.21,6055,0
2026-04-30T12:45:00+05:30,62.2,63.0,62.2,62.49,11889,0
2026-04-30T13:00:00+05:30,62.48,62.99,62.26,62.49,2661,0
2026-04-30T13:15:00+05:30,62.32,62.79,62.31,62.4,1380,0
2026-04-30T13:30:00+05:30,62.43,63.27,62.4,62.96,2021,0
2026-04-30T13:45:00+05:30,62.96,63.5,62.96,62.98,231,0
2026-04-30T14:00:00+05:30,63.05,63.24,63.0,63.24,126,0
2026-04-30T14:15:00+05:30,63.1,63.1,62.49,62.49,427,0
2026-04-30T14:30:00+05:30,62.79,63.5,62.75,63.0,17203,0
2026-04-30T14:45:00+05:30,62.93,63.4,62.83,62.97,2326,0
2026-04-30T15:00:00+05:30,62.97,65.2,62.93,64.01,16788,0
2026-04-30T15:15:00+05:30,64.11,65.01,63.1,65.0,38425,0
2026-05-04T09:15:00+05:30,64.99,65.0,64.01,64.26,8198,0
2026-05-04T09:30:00+05:30,64.34,64.45,64.03,64.36,2237,0
2026-05-04T09:45:00+05:30,64.36,64.44,64.15,64.3,2698,0
2026-05-04T10:00:00+05:30,64.17,64.39,64.11,64.3,2914,0
2026-05-04T10:15:00+05:30,64.3,64.41,64.25,64.39,1381,0
2026-05-04T10:30:00+05:30,64.39,64.57,64.29,64.56,3151,0
2026-05-04T10:45:00+05:30,64.42,64.5,64.36,64.4,467,0
2026-05-04T11:00:00+05:30,64.4,64.99,64.4,64.67,5922,0
2026-05-04T11:15:00+05:30,64.58,64.8,64.55,64.64,2210,0
2026-05-04T11:30:00+05:30,64.64,64.64,64.32,64.59,1490,0
2026-05-04T11:45:00+05:30,64.59,64.77,64.45,64.58,369,0
2026-05-04T12:00:00+05:30,64.45,64.58,64.34,64.35,1971,0
2026-05-04T12:15:00+05:30,64.35,64.45,64.33,64.33,884,0
2026-05-04T12:30:00+05:30,64.33,64.33,64.11,64.11,3062,0
2026-05-04T12:45:00+05:30,64.11,64.15,64.11,64.15,1000,0
2026-05-04T13:00:00+05:30,64.15,64.15,64.11,64.11,301,0
2026-05-04T13:15:00+05:30,64.11,64.11,63.61,63.77,5573,0
2026-05-04T13:30:00+05:30,63.77,63.83,63.54,63.71,626,0
2026-05-04T13:45:00+05:30,63.71,64.09,63.71,64.07,1328,0
2026-05-04T14:00:00+05:30,63.97,64.12,63.91,63.91,6399,0
2026-05-04T14:15:00+05:30,63.91,64.62,63.71,64.62,17685,0
2026-05-04T14:30:00+05:30,64.62,64.62,64.4,64.4,1809,0
2026-05-04T14:45:00+05:30,64.4,64.58,64.34,64.34,306,0
2026-05-04T15:00:00+05:30,64.32,64.67,64.3,64.3,1559,0
2026-05-04T15:15:00+05:30,64.3,65.9,64.0,64.9,15574,0
2026-05-05T09:15:00+05:30,64.87,64.87,63.96,64.18,7738,0
2026-05-05T09:30:00+05:30,64.18,64.32,63.64,63.7,7057,0
2026-05-05T09:45:00+05:30,63.63,64.79,63.63,64.79,5839,0
2026-05-05T10:00:00+05:30,64.77,67.21,64.77,66.63,75891,0
2026-05-05T10:15:00+05:30,66.73,67.5,66.36,66.72,14197,0
2026-05-05T10:30:00+05:30,66.72,66.72,66.12,66.42,6394,0
2026-05-05T10:45:00+05:30,66.42,66.64,66.39,66.39,1079,0
2026-05-05T11:00:00+05:30,66.39,66.39,66.0,66.13,1676,0
2026-05-05T11:15:00+05:30,66.13,66.38,66.05,66.38,312,0
2026-05-05T11:30:00+05:30,66.37,66.37,66.03,66.03,965,0
2026-05-05T11:45:00+05:30,66.03,66.4,65.95,66.0,4005,0
2026-05-05T12:00:00+05:30,65.91,65.99,65.66,65.99,1770,0
2026-05-05T12:15:00+05:30,65.76,66.4,65.76,65.77,2546,0
2026-05-05T12:30:00+05:30,65.77,66.5,65.77,66.44,1622,0
2026-05-05T12:45:00+05:30,66.44,67.45,66.16,67.0,13544,0
2026-05-05T13:00:00+05:30,67.0,67.14,66.62,66.74,831,0
2026-05-05T13:15:00+05:30,67.01,67.15,66.62,66.71,2991,0
2026-05-05T13:30:00+05:30,66.9,66.98,66.42,66.42,1279,0
2026-05-05T13:45:00+05:30,66.42,66.7,66.42,66.7,181,0
2026-05-05T14:00:00+05:30,66.82,66.82,66.31,66.31,1784,0
2026-05-05T14:15:00+05:30,66.31,66.73,66.21,66.72,932,0
2026-05-05T14:30:00+05:30,66.21,67.5,66.0,66.24,4844,0
2026-05-05T14:45:00+05:30,66.24,66.88,66.22,66.55,361,0
2026-05-05T15:00:00+05:30,66.55,66.99,65.91,65.97,3027,0
2026-05-05T15:15:00+05:30,66.3,67.44,65.99,67.09,12414,0
2026-05-06T09:15:00+05:30,66.98,67.59,65.91,67.08,10618,0
2026-05-06T09:30:00+05:30,66.96,66.96,66.24,66.26,1525,0
2026-05-06T09:45:00+05:30,66.38,68.69,65.64,68.0,43734,0
2026-05-06T10:00:00+05:30,68.0,68.02,66.72,66.95,11307,0
2026-05-06T10:15:00+05:30,66.97,67.5,66.97,67.5,2337,0
2026-05-06T10:30:00+05:30,67.5,68.5,67.17,67.38,23375,0
2026-05-06T10:45:00+05:30,67.41,67.41,67.22,67.22,498,0
2026-05-06T11:00:00+05:30,67.22,67.52,67.1,67.11,462,0
2026-05-06T11:15:00+05:30,67.11,67.11,66.65,66.83,4677,0
2026-05-06T11:30:00+05:30,66.83,67.19,66.66,67.17,3142,0
2026-05-06T11:45:00+05:30,67.17,67.24,67.16,67.16,335,0
2026-05-06T12:00:00+05:30,67.16,67.16,67.16,67.16,71,0
2026-05-06T12:15:00+05:30,67.16,67.16,67.0,67.0,995,0
2026-05-06T12:30:00+05:30,67.0,67.0,66.65,66.65,3422,0
2026-05-06T12:45:00+05:30,66.78,66.79,66.29,66.29,19397,0
2026-05-06T13:00:00+05:30,66.29,66.36,66.29,66.36,1631,0
2026-05-06T13:15:00+05:30,66.36,66.61,66.29,66.5,5127,0
2026-05-06T13:30:00+05:30,66.51,66.55,66.51,66.55,25,0
2026-05-06T13:45:00+05:30,66.67,66.67,66.5,66.51,270,0
2026-05-06T14:00:00+05:30,66.51,66.53,66.5,66.5,2233,0
2026-05-06T14:15:00+05:30,66.5,66.67,66.5,66.67,445,0
2026-05-06T14:30:00+05:30,66.67,66.75,66.55,66.75,795,0
2026-05-06T14:45:00+05:30,66.75,68.0,66.7,67.77,33325,0
2026-05-06T15:00:00+05:30,67.77,67.77,66.92,67.05,7947,0
2026-05-06T15:15:00+05:30,67.05,67.28,66.0,66.0,8290,0
2026-05-07T09:15:00+05:30,67.0,67.56,66.45,66.78,10133,0
2026-05-07T09:30:00+05:30,66.78,66.78,66.49,66.64,1347,0
2026-05-07T09:45:00+05:30,66.61,66.75,66.4,66.4,6195,0
2026-05-07T10:00:00+05:30,66.51,66.75,66.42,66.75,984,0
2026-05-07T10:15:00+05:30,66.54,66.81,66.51,66.8,3609,0
2026-05-07T10:30:00+05:30,66.8,67.0,66.64,66.99,2194,0
2026-05-07T10:45:00+05:30,66.99,67.0,66.64,66.64,5963,0
2026-05-07T11:00:00+05:30,66.64,67.0,66.64,66.85,3593,0
2026-05-07T11:15:00+05:30,66.85,68.0,66.85,67.74,30524,0
2026-05-07T11:30:00+05:30,67.74,67.74,67.22,67.22,401,0
2026-05-07T11:45:00+05:30,67.22,67.48,67.12,67.24,3540,0
2026-05-07T12:00:00+05:30,67.24,67.93,67.22,67.93,3414,0
2026-05-07T12:15:00+05:30,67.93,67.93,67.37,67.39,261,0
2026-05-07T12:30:00+05:30,67.39,67.47,67.12,67.25,437,0
2026-05-07T12:45:00+05:30,67.47,67.47,67.26,67.27,1257,0
2026-05-07T13:00:00+05:30,67.27,67.41,67.24,67.24,2478,0
2026-05-07T13:15:00+05:30,67.25,67.25,67.07,67.07,1001,0
2026-05-07T13:30:00+05:30,67.07,67.45,67.07,67.39,1039,0
2026-05-07T13:45:00+05:30,67.39,67.39,67.1,67.36,396,0
2026-05-07T14:00:00+05:30,67.36,67.36,67.35,67.35,50,0
2026-05-07T14:15:00+05:30,67.35,67.35,67.11,67.11,290,0
2026-05-07T14:30:00+05:30,67.24,67.43,67.23,67.23,3923,0
2026-05-07T14:45:00+05:30,67.23,67.67,67.14,67.54,7448,0
2026-05-07T15:00:00+05:30,67.54,68.89,67.54,67.78,28945,0
2026-05-07T15:15:00+05:30,68.31,68.31,67.76,67.9,4016,0
2026-05-08T09:15:00+05:30,68.0,68.55,67.33,68.08,10091,0
2026-05-08T09:30:00+05:30,68.07,68.07,67.0,67.05,2141,0
2026-05-08T09:45:00+05:30,67.0,67.58,67.0,67.58,103,0
2026-05-08T10:00:00+05:30,67.44,67.59,67.21,67.21,2089,0
2026-05-08T10:15:00+05:30,67.21,67.68,67.21,67.68,910,0
2026-05-08T10:30:00+05:30,67.68,68.9,67.36,68.25,14341,0
2026-05-08T10:45:00+05:30,68.25,68.54,68.0,68.54,1517,0
2026-05-08T11:00:00+05:30,68.35,68.54,68.22,68.27,937,0
2026-05-08T11:15:00+05:30,68.27,68.27,68.0,68.02,1755,0
2026-05-08T11:30:00+05:30,68.02,68.2,68.01,68.19,3615,0
2026-05-08T11:45:00+05:30,68.18,68.19,68.0,68.0,876,0
2026-05-08T12:00:00+05:30,68.0,68.18,68.0,68.01,767,0
2026-05-08T12:15:00+05:30,68.01,68.04,68.0,68.03,1813,0
2026-05-08T12:30:00+05:30,68.05,68.58,68.05,68.53,5313,0
2026-05-08T12:45:00+05:30,68.51,69.8,68.51,69.48,34915,0
2026-05-08T13:00:00+05:30,69.48,69.5,69.1,69.48,6499,0
2026-05-08T13:15:00+05:30,69.48,69.48,69.21,69.21,580,0
2026-05-08T13:30:00+05:30,69.21,69.21,69.03,69.04,1119,0
2026-05-08T13:45:00+05:30,69.04,69.04,69.01,69.02,1163,0
2026-05-08T14:00:00+05:30,69.02,69.19,69.02,69.19,209,0
2026-05-08T14:15:00+05:30,69.19,69.2,69.06,69.2,778,0
2026-05-08T14:30:00+05:30,69.2,69.29,69.15,69.15,523,0
2026-05-08T14:45:00+05:30,69.04,69.35,69.03,69.35,1808,0
2026-05-08T15:00:00+05:30,69.26,69.35,68.5,68.5,14876,0
2026-05-08T15:15:00+05:30,68.5,69.2,68.3,69.2,18150,0
2026-05-11T09:15:00+05:30,69.0,69.29,66.93,68.5,24114,0
2026-05-11T09:30:00+05:30,68.1,68.5,67.42,67.74,2246,0
2026-05-11T09:45:00+05:30,67.74,67.74,67.22,67.49,4876,0
2026-05-11T10:00:00+05:30,67.58,68.08,67.31,68.08,2939,0
2026-05-11T10:15:00+05:30,68.08,68.6,67.75,68.35,9705,0
2026-05-11T10:30:00+05:30,68.35,68.4,67.93,67.93,2768,0
2026-05-11T10:45:00+05:30,67.93,68.5,67.93,68.5,4961,0
2026-05-11T11:00:00+05:30,68.5,68.5,68.38,68.49,1633,0
2026-05-11T11:15:00+05:30,68.22,68.49,68.11,68.12,3038,0
2026-05-11T11:30:00+05:30,68.31,68.51,67.34,68.51,39068,0
2026-05-11T11:45:00+05:30,68.51,69.16,68.51,69.0,19586,0
2026-05-11T12:00:00+05:30,69.0,70.66,69.0,70.04,37947,0
2026-05-11T12:15:00+05:30,70.26,70.3,70.0,70.0,4143,0
2026-05-11T12:30:00+05:30,70.0,70.0,69.31,69.34,1611,0
2026-05-11T12:45:00+05:30,69.36,69.59,69.16,69.19,3920,0
2026-05-11T13:00:00+05:30,69.19,70.1,69.12,70.0,16484,0
2026-05-11T13:15:00+05:30,70.0,70.18,70.0,70.0,1780,0
2026-05-11T13:30:00+05:30,70.0,70.3,70.0,70.04,870,0
2026-05-11T13:45:00+05:30,70.01,70.27,70.01,70.06,304,0
2026-05-11T14:00:00+05:30,70.06,70.14,69.52,70.01,12114,0
2026-05-11T14:15:00+05:30,70.0,70.18,70.0,70.18,2027,0
2026-05-11T14:30:00+05:30,70.01,70.23,69.83,70.2,4544,0
2026-05-11T14:45:00+05:30,70.17,70.5,69.78,70.4,23208,0
2026-05-11T15:00:00+05:30,70.25,70.6,69.24,70.5,20553,0
2026-05-11T15:15:00+05:30,69.53,70.5,68.8,70.5,13331,0
2026-05-12T09:15:00+05:30,69.82,69.82,67.73,67.8,4087,0
2026-05-12T09:30:00+05:30,67.98,68.79,67.41,68.7,13444,0
2026-05-12T09:45:00+05:30,68.86,68.98,68.52,68.66,1676,0
2026-05-12T10:00:00+05:30,68.8,69.19,68.47,69.18,6667,0
2026-05-12T10:15:00+05:30,69.18,69.35,68.9,69.35,3464,0
2026-05-12T10:30:00+05:30,69.35,69.72,68.71,69.72,10129,0
2026-05-12T10:45:00+05:30,69.22,70.0,69.22,69.98,11988,0
2026-05-12T11:00:00+05:30,69.98,69.98,69.5,69.5,2777,0
2026-05-12T11:15:00+05:30,69.5,70.89,69.5,70.03,12877,0
2026-05-12T11:30:00+05:30,70.03,70.79,69.81,69.82,5865,0
2026-05-12T11:45:00+05:30,69.84,70.16,69.82,69.82,773,0
2026-05-12T12:00:00+05:30,69.82,69.86,68.51,69.57,46907,0
2026-05-12T12:15:00+05:30,69.57,69.74,69.15,69.5,19363,0
2026-05-12T12:30:00+05:30,69.5,69.69,68.84,69.13,22741,0
2026-05-12T12:45:00+05:30,69.13,69.86,69.13,69.22,4546,0
2026-05-12T13:00:00+05:30,69.22,69.22,68.82,68.95,3082,0
2026-05-12T13:15:00+05:30,68.95,68.95,68.63,68.89,650,0
2026-05-12T13:30:00+05:30,68.89,69.47,68.74,68.76,11382,0
2026-05-12T13:45:00+05:30,68.77,69.49,68.77,69.49,2344,0
2026-05-12T14:00:00+05:30,69.27,69.27,68.44,68.49,18337,0
2026-05-12T14:15:00+05:30,68.49,68.98,68.34,68.9,987,0
2026-05-12T14:30:00+05:30,68.9,68.9,68.38,68.47,763,0
2026-05-12T14:45:00+05:30,68.47,69.28,68.0,69.28,16021,0
2026-05-12T15:00:00+05:30,68.42,69.69,68.23,68.69,15076,0
2026-05-12T15:15:00+05:30,68.58,68.97,68.3,68.3,11144,0
2026-05-13T09:15:00+05:30,69.75,69.93,68.42,68.84,17517,0
2026-05-13T09:30:00+05:30,68.73,68.73,67.21,67.69,26243,0
2026-05-13T09:45:00+05:30,67.42,68.2,67.42,67.88,2131,0
2026-05-13T10:00:00+05:30,68.13,68.13,67.85,68.11,563,0
2026-05-13T10:15:00+05:30,68.11,68.11,67.71,67.71,3404,0
2026-05-13T10:30:00+05:30,67.71,67.94,67.55,67.58,3289,0
2026-05-13T10:45:00+05:30,67.58,67.98,67.51,67.78,3720,0
2026-05-13T11:00:00+05:30,67.78,67.78,67.56,67.56,253,0
2026-05-13T11:15:00+05:30,67.72,68.69,67.56,68.69,18123,0
2026-05-13T11:30:00+05:30,68.9,69.5,68.9,69.15,13327,0
2026-05-13T11:45:00+05:30,69.32,69.5,69.01,69.17,6174,0
2026-05-13T12:00:00+05:30,69.16,69.75,69.03,69.23,25929,0
2026-05-13T12:15:00+05:30,69.23,69.23,68.73,68.92,1155,0
2026-05-13T12:30:00+05:30,68.92,69.76,68.92,69.38,13015,0
2026-05-13T12:45:00+05:30,69.05,69.48,68.86,69.01,9056,0
2026-05-13T13:00:00+05:30,69.09,69.14,68.85,69.0,389,0
2026-05-13T13:15:00+05:30,69.0,69.04,68.64,69.04,2583,0
2026-05-13T13:30:00+05:30,69.04,69.04,68.87,68.87,2,0
2026-05-13T13:45:00+05:30,68.87,69.2,68.7,68.95,3718,0
2026-05-13T14:00:00+05:30,68.95,69.01,68.88,69.0,1768,0
2026-05-13T14:15:00+05:30,69.0,69.0,66.91,67.52,28624,0
2026-05-13T14:30:00+05:30,67.66,67.9,67.5,67.64,2914,0
2026-05-13T14:45:00+05:30,67.64,67.93,67.24,67.24,11788,0
2026-05-13T15:00:00+05:30,67.24,67.57,65.65,66.74,42680,0
2026-05-13T15:15:00+05:30,66.76,67.47,66.0,66.01,19172,0
2026-05-14T09:15:00+05:30,67.13,67.5,66.72,67.01,7583,0
2026-05-14T09:30:00+05:30,67.01,67.31,66.12,66.15,8088,0
2026-05-14T09:45:00+05:30,66.15,66.3,65.12,65.12,12217,0
2026-05-14T10:00:00+05:30,65.15,65.73,64.91,65.66,10301,0
2026-05-14T10:15:00+05:30,65.66,65.99,65.45,65.61,2388,0
2026-05-14T10:30:00+05:30,65.61,65.89,65.54,65.65,2010,0
2026-05-14T10:45:00+05:30,65.65,65.88,65.56,65.56,1486,0
2026-05-14T11:00:00+05:30,65.62,65.85,64.93,65.85,34995,0
2026-05-14T11:15:00+05:30,65.85,65.85,65.63,65.63,2846,0
2026-05-14T11:30:00+05:30,65.63,65.97,65.59,65.97,3638,0
2026-05-14T11:45:00+05:30,65.97,65.97,65.64,65.96,3407,0
2026-05-14T12:00:00+05:30,65.96,65.96,65.67,65.68,222,0
2026-05-14T12:15:00+05:30,65.68,67.19,65.68,66.58,28827,0
2026-05-14T12:30:00+05:30,66.58,67.3,66.41,67.03,9625,0
2026-05-14T12:45:00+05:30,67.07,67.07,66.49,66.49,3179,0
2026-05-14T13:00:00+05:30,66.49,67.1,66.31,66.97,5082,0
2026-05-14T13:15:00+05:30,66.97,66.97,66.32,66.32,583,0
2026-05-14T13:30:00+05:30,66.32,66.78,66.32,66.5,2253,0
2026-05-14T13:45:00+05:30,66.5,67.04,66.34,67.04,4313,0
2026-05-14T14:00:00+05:30,67.04,67.04,66.37,66.41,280,0
2026-05-14T14:15:00+05:30,66.41,66.69,66.35,66.35,4814,0
2026-05-14T14:30:00+05:30,66.43,67.47,66.43,67.47,7261,0
2026-05-14T14:45:00+05:30,66.84,66.84,66.35,66.35,4193,0
2026-05-14T15:00:00+05:30,66.35,66.69,66.02,66.1,8466,0
2026-05-14T15:15:00+05:30,66.34,66.67,66.1,66.1,6606,0
2026-05-15T09:15:00+05:30,66.61,66.61,65.6,65.6,11329,0
2026-05-15T09:30:00+05:30,65.88,66.27,65.62,66.27,2031,0
2026-05-15T09:45:00+05:30,66.27,66.39,66.02,66.02,899,0
2026-05-15T10:00:00+05:30,66.27,66.87,66.01,66.85,8739,0
2026-05-15T10:15:00+05:30,66.85,66.85,66.26,66.28,3126,0
2026-05-15T10:30:00+05:30,66.28,66.28,66.0,66.02,328,0
2026-05-15T10:45:00+05:30,66.02,66.46,66.02,66.15,1090,0
2026-05-15T11:00:00+05:30,66.15,66.48,66.15,66.46,275,0
2026-05-15T11:15:00+05:30,66.46,66.62,66.31,66.62,505,0
2026-05-15T11:30:00+05:30,66.62,67.0,66.12,66.5,10036,0
2026-05-15T11:45:00+05:30,66.5,66.84,66.5,66.84,1065,0
2026-05-15T12:00:00+05:30,66.75,66.85,66.62,66.76,1807,0
2026-05-15T12:15:00+05:30,66.77,66.85,66.51,66.77,2173,0
2026-05-15T12:30:00+05:30,66.77,67.49,66.55,67.48,9125,0
2026-05-15T12:45:00+05:30,67.48,67.5,67.16,67.35,1479,0
2026-05-15T13:00:00+05:30,67.35,67.42,67.12,67.39,905,0
2026-05-15T13:15:00+05:30,67.43,67.49,67.21,67.29,588,0
2026-05-15T13:30:00+05:30,67.29,68.0,67.11,67.12,12340,0
2026-05-15T13:45:00+05:30,67.49,67.98,67.13,67.52,3779,0
2026-05-15T14:00:00+05:30,67.52,67.99,67.47,67.62,6327,0
2026-05-15T14:15:00+05:30,67.62,68.5,67.42,68.11,18880,0
2026-05-15T14:30:00+05:30,68.11,68.65,67.55,67.55,20702,0
2026-05-15T14:45:00+05:30,67.56,68.2,67.55,68.03,28626,0
2026-05-15T15:00:00+05:30,68.03,68.2,67.53,67.56,9936,0
2026-05-15T15:15:00+05:30,67.56,68.4,67.5,68.0,19786,0
2026-05-18T09:15:00+05:30,66.9,67.99,66.49,66.49,9861,0
2026-05-18T09:30:00+05:30,66.48,66.48,65.81,66.26,1973,0
2026-05-18T09:45:00+05:30,66.26,66.26,65.3,65.34,2734,0
2026-05-18T10:00:00+05:30,65.34,66.3,65.34,65.67,5649,0
2026-05-18T10:15:00+05:30,65.67,66.69,65.62,66.69,1494,0
2026-05-18T10:30:00+05:30,66.47,66.9,66.45,66.9,9127,0
2026-05-18T10:45:00+05:30,66.96,67.2,66.62,66.8,2212,0
2026-05-18T11:00:00+05:30,66.8,66.97,66.62,66.66,1811,0
2026-05-18T11:15:00+05:30,66.66,66.88,66.66,66.75,77,0
2026-05-18T11:30:00+05:30,66.89,66.89,66.76,66.78,285,0
2026-05-18T11:45:00+05:30,66.78,66.78,66.75,66.75,3532,0
2026-05-18T12:00:00+05:30,66.75,67.28,66.7,67.28,3899,0
2026-05-18T12:15:00+05:30,67.28,67.32,67.07,67.15,1900,0
2026-05-18T12:30:00+05:30,67.15,67.15,67.08,67.1,892,0
2026-05-18T12:45:00+05:30,67.1,67.3,67.1,67.14,276,0
2026-05-18T13:00:00+05:30,67.14,67.25,67.07,67.25,576,0
2026-05-18T13:15:00+05:30,67.25,68.9,67.25,68.8,31316,0
2026-05-18T13:30:00+05:30,68.8,68.8,68.42,68.5,1263,0
2026-05-18T13:45:00+05:30,68.5,70.0,68.5,69.88,8024,0
2026-05-18T14:00:00+05:30,69.52,70.3,69.07,69.72,33224,0
2026-05-18T14:15:00+05:30,69.72,70.25,69.25,70.18,36718,0
2026-05-18T14:30:00+05:30,70.18,70.5,70.0,70.4,18147,0
2026-05-18T14:45:00+05:30,70.31,70.6,70.12,70.4,21293,0
2026-05-18T15:00:00+05:30,70.28,70.28,69.18,69.25,19792,0
2026-05-18T15:15:00+05:30,69.25,69.8,68.1,68.1,47027,0
2026-05-19T09:15:00+05:30,69.99,69.99,68.5,68.5,6199,0
2026-05-19T09:30:00+05:30,68.66,69.41,67.21,68.69,16278,0
2026-05-19T09:45:00+05:30,68.4,69.26,68.4,68.93,1214,0
2026-05-19T10:00:00+05:30,68.62,68.67,68.0,68.2,5165,0
2026-05-19T10:15:00+05:30,68.2,69.36,68.19,68.67,18341,0
2026-05-19T10:30:00+05:30,68.8,68.95,68.3,68.3,5272,0
2026-05-19T10:45:00+05:30,68.3,68.39,68.21,68.33,768,0
2026-05-19T11:00:00+05:30,68.33,69.2,68.33,69.0,14636,0
2026-05-19T11:15:00+05:30,69.0,69.5,68.7,69.07,2881,0
2026-05-19T11:30:00+05:30,68.74,68.98,68.74,68.97,462,0
2026-05-19T11:45:00+05:30,68.97,69.25,68.55,69.1,15065,0
2026-05-19T12:00:00+05:30,69.1,69.1,68.58,68.58,563,0
2026-05-19T12:15:00+05:30,68.58,69.13,68.58,69.0,5756,0
2026-05-19T12:30:00+05:30,69.0,69.08,69.0,69.0,5167,0
2026-05-19T12:45:00+05:30,69.0,69.04,68.84,68.84,356,0
2026-05-19T13:00:00+05:30,68.84,69.35,68.5,68.92,3566,0
2026-05-19T13:15:00+05:30,68.61,69.49,68.5,69.49,2189,0
2026-05-19T13:30:00+05:30,69.05,70.29,68.74,69.5,45010,0
2026-05-19T13:45:00+05:30,69.5,69.5,69.06,69.06,2485,0
2026-05-19T14:00:00+05:30,69.06,69.63,68.7,68.7,358,0
2026-05-19T14:15:00+05:30,68.7,68.81,68.5,68.5,7926,0
2026-05-19T14:30:00+05:30,68.5,70.01,68.5,68.62,31296,0
2026-05-19T14:45:00+05:30,68.62,68.87,68.62,68.78,91,0
2026-05-19T15:00:00+05:30,68.78,70.24,68.36,70.1,28887,0
2026-05-19T15:15:00+05:30,70.1,70.28,69.74,70.28,26151,0
2026-05-20T09:15:00+05:30,71.0,73.8,70.55,71.51,167481,0
2026-05-20T09:30:00+05:30,71.51,71.74,70.0,70.18,38191,0
2026-05-20T09:45:00+05:30,70.14,72.5,70.14,72.5,76252,0
2026-05-20T10:00:00+05:30,72.29,73.6,72.11,73.17,149821,0
2026-05-20T10:15:00+05:30,73.44,73.65,72.38,73.01,36125,0
2026-05-20T10:30:00+05:30,73.01,73.28,72.71,72.9,15091,0
2026-05-20T10:45:00+05:30,72.9,73.6,72.6,72.98,29983,0
2026-05-20T11:00:00+05:30,72.96,73.8,72.7,73.37,37524,0
2026-05-20T11:15:00+05:30,73.37,73.53,73.0,73.2,20954,0
2026-05-20T11:30:00+05:30,73.2,75.11,73.2,73.64,148062,0
2026-05-20T11:45:00+05:30,73.67,74.0,73.64,73.7,10525,0
2026-05-20T12:00:00+05:30,73.71,73.89,73.5,73.56,5059,0
2026-05-20T12:15:00+05:30,73.57,73.74,73.0,73.32,16885,0
2026-05-20T12:30:00+05:30,73.25,73.48,73.25,73.43,9229,0
2026-05-20T12:45:00+05:30,73.5,73.5,73.03,73.46,3799,0
2026-05-20T13:00:00+05:30,73.3,73.45,73.0,73.25,7029,0
2026-05-20T13:15:00+05:30,73.25,73.5,73.0,73.29,4744,0
2026-05-20T13:30:00+05:30,73.24,74.24,73.1,74.18,11933,0
2026-05-20T13:45:00+05:30,73.82,74.5,73.75,74.01,30452,0
2026-05-20T14:00:00+05:30,74.01,74.38,73.66,74.08,9769,0
2026-05-20T14:15:00+05:30,73.91,74.79,73.52,74.22,23426,0
2026-05-20T14:30:00+05:30,74.43,75.5,74.4,74.5,91947,0
2026-05-20T14:45:00+05:30,74.54,74.8,73.81,74.14,37289,0
2026-05-20T15:00:00+05:30,74.14,74.14,73.0,73.32,39670,0
2026-05-20T15:15:00+05:30,73.48,74.21,73.15,73.7,55262,0
2026-05-21T09:15:00+05:30,74.49,75.0,73.36,74.38,64288,0
2026-05-21T09:30:00+05:30,74.36,74.36,73.31,73.47,14069,0
2026-05-21T09:45:00+05:30,73.45,73.5,73.0,73.12,8846,0
2026-05-21T10:00:00+05:30,73.2,73.5,73.17,73.43,13224,0
2026-05-21T10:15:00+05:30,73.43,73.67,73.21,73.21,6124,0
2026-05-21T10:30:00+05:30,73.21,73.85,73.01,73.71,14815,0
2026-05-21T10:45:00+05:30,73.6,73.76,73.22,73.48,5807,0
2026-05-21T11:00:00+05:30,73.48,73.48,73.22,73.22,3382,0
2026-05-21T11:15:00+05:30,73.23,73.29,72.63,72.88,32191,0
2026-05-21T11:30:00+05:30,72.88,72.88,71.33,71.79,22491,0
2026-05-21T11:45:00+05:30,71.58,71.79,71.35,71.57,7607,0
2026-05-21T12:00:00+05:30,71.57,71.62,71.42,71.5,2688,0
2026-05-21T12:15:00+05:30,71.5,71.86,71.49,71.7,22746,0
2026-05-21T12:30:00+05:30,71.7,71.78,71.44,71.44,3720,0
2026-05-21T12:45:00+05:30,71.62,71.62,71.5,71.5,20924,0
2026-05-21T13:00:00+05:30,71.5,71.6,71.3,71.53,5372,0
2026-05-21T13:15:00+05:30,71.52,71.54,71.42,71.53,6275,0
2026-05-21T13:30:00+05:30,71.53,71.6,71.46,71.6,5017,0
2026-05-21T13:45:00+05:30,71.6,71.7,70.8,70.98,19057,0
2026-05-21T14:00:00+05:30,70.81,71.14,70.7,70.95,7857,0
2026-05-21T14:15:00+05:30,70.93,71.11,70.9,70.9,1607,0
2026-05-21T14:30:00+05:30,70.9,70.93,70.8,70.85,3512,0
2026-05-21T14:45:00+05:30,70.8,70.97,70.8,70.8,5688,0
2026-05-21T15:00:00+05:30,70.8,70.8,69.0,69.12,42270,0
2026-05-21T15:15:00+05:30,69.12,70.48,69.1,70.27,52752,0
2026-05-22T09:15:00+05:30,69.63,70.01,69.2,69.21,16378,0
2026-05-22T09:30:00+05:30,69.37,69.51,68.42,68.74,10681,0
2026-05-22T09:45:00+05:30,68.74,68.88,68.43,68.69,3724,0
2026-05-22T10:00:00+05:30,68.69,68.7,68.45,68.64,2218,0
2026-05-22T10:15:00+05:30,68.64,68.64,68.2,68.54,3635,0
2026-05-22T10:30:00+05:30,68.54,68.55,67.82,68.12,10552,0
2026-05-22T10:45:00+05:30,68.16,68.48,67.99,68.39,15692,0
2026-05-22T11:00:00+05:30,68.39,68.59,68.26,68.31,974,0
2026-05-22T11:15:00+05:30,68.31,68.46,68.28,68.41,357,0
2026-05-22T11:30:00+05:30,68.41,68.41,68.01,68.19,17215,0
2026-05-22T11:45:00+05:30,68.19,68.29,68.16,68.29,363,0
2026-05-22T12:00:00+05:30,68.29,68.3,68.21,68.29,3931,0
2026-05-22T12:15:00+05:30,68.29,68.3,67.67,67.88,10315,0
2026-05-22T12:30:00+05:30,67.66,67.99,67.61,67.99,1612,0
2026-05-22T12:45:00+05:30,67.99,68.1,67.81,67.98,643,0
2026-05-22T13:00:00+05:30,67.81,67.98,67.71,67.92,1882,0
2026-05-22T13:15:00+05:30,67.92,68.09,67.65,67.69,3809,0
2026-05-22T13:30:00+05:30,67.7,67.96,67.6,67.62,1493,0
2026-05-22T13:45:00+05:30,67.82,67.89,67.58,67.64,2321,0
2026-05-22T14:00:00+05:30,67.88,67.88,67.32,67.58,9063,0
2026-05-22T14:15:00+05:30,67.57,67.58,67.21,67.35,1822,0
2026-05-22T14:30:00+05:30,67.35,67.4,66.67,66.87,5924,0
2026-05-22T14:45:00+05:30,66.88,67.39,66.88,66.96,8119,0
2026-05-22T15:00:00+05:30,67.0,67.34,66.86,66.95,3654,0
2026-05-22T15:15:00+05:30,67.0,67.66,67.0,67.1,16146,0
2026-05-25T09:15:00+05:30,67.32,67.62,66.86,67.36,11572,0
2026-05-25T09:30:00+05:30,67.36,67.86,67.14,67.44,5052,0
2026-05-25T09:45:00+05:30,67.44,67.57,67.28,67.28,6676,0
2026-05-25T10:00:00+05:30,67.15,67.29,66.71,67.02,14573,0
2026-05-25T10:15:00+05:30,67.03,67.3,66.91,67.3,2069,0
2026-05-25T10:30:00+05:30,67.3,67.35,67.02,67.19,2083,0
2026-05-25T10:45:00+05:30,67.23,67.33,66.46,66.5,13452,0
2026-05-25T11:00:00+05:30,66.5,67.07,66.16,66.84,8583,0
2026-05-25T11:15:00+05:30,66.84,66.84,66.2,66.42,2506,0
2026-05-25T11:30:00+05:30,66.42,66.75,66.2,66.57,3717,0
2026-05-25T11:45:00+05:30,66.51,66.78,66.4,66.69,8103,0
2026-05-25T12:00:00+05:30,66.65,66.88,66.31,66.69,2071,0
2026-05-25T12:15:00+05:30,66.69,66.7,66.64,66.7,2156,0
2026-05-25T12:30:00+05:30,66.76,66.99,66.66,66.99,4187,0
2026-05-25T12:45:00+05:30,66.99,67.0,66.55,66.6,6626,0
2026-05-25T13:00:00+05:30,66.6,66.88,66.6,66.75,515,0
2026-05-25T13:15:00+05:30,66.98,67.0,66.95,66.95,729,0
2026-05-25T13:30:00+05:30,66.96,67.28,66.86,67.14,2702,0
2026-05-25T13:45:00+05:30,67.14,67.39,66.98,67.0,912,0
2026-05-25T14:00:00+05:30,67.01,68.75,67.0,68.75,23455,0
2026-05-25T14:15:00+05:30,68.75,68.98,67.94,68.5,24188,0
2026-05-25T14:30:00+05:30,68.41,68.5,68.13,68.37,548,0
2026-05-25T14:45:00+05:30,68.37,68.37,68.03,68.03,1114,0
2026-05-25T15:00:00+05:30,68.24,68.31,68.08,68.23,3510,0
2026-05-25T15:15:00+05:30,68.4,70.0,67.1,67.5,51248,0
2026-05-26T09:15:00+05:30,68.64,68.64,68.0,68.41,1453,0
2026-05-26T09:30:00+05:30,68.39,68.9,68.32,68.56,3324,0
2026-05-26T09:45:00+05:30,68.65,68.65,67.93,67.97,9148,0
2026-05-26T10:00:00+05:30,67.97,68.28,67.97,67.99,1559,0
2026-05-26T10:15:00+05:30,68.0,68.41,67.02,68.41,14000,0
2026-05-26T10:30:00+05:30,68.41,68.41,67.66,67.92,1137,0
2026-05-26T10:45:00+05:30,67.92,68.13,67.64,67.89,2322,0
2026-05-26T11:00:00+05:30,67.92,68.36,67.65,67.65,3868,0
2026-05-26T11:15:00+05:30,67.65,68.09,67.65,67.97,2221,0
2026-05-26T11:30:00+05:30,67.97,67.97,67.72,67.73,21,0
2026-05-26T11:45:00+05:30,67.9,67.9,67.9,67.9,3,0
2026-05-26T12:00:00+05:30,67.75,67.84,67.71,67.84,440,0
2026-05-26T12:15:00+05:30,67.84,67.88,67.8,67.88,333,0
2026-05-26T12:30:00+05:30,67.88,67.89,67.72,67.74,275,0
2026-05-26T12:45:00+05:30,67.74,67.76,67.4,67.4,2184,0
2026-05-26T13:00:00+05:30,67.4,67.4,67.35,67.35,50,0
2026-05-26T13:15:00+05:30,67.35,68.01,67.35,67.64,5093,0
2026-05-26T13:30:00+05:30,67.5,67.73,67.44,67.73,3134,0
2026-05-26T13:45:00+05:30,67.73,67.73,67.52,67.52,389,0
2026-05-26T14:00:00+05:30,67.55,67.55,67.45,67.45,401,0
2026-05-26T14:15:00+05:30,67.48,68.08,67.45,68.08,2388,0
2026-05-26T14:30:00+05:30,67.74,68.18,67.64,67.67,1811,0
2026-05-26T14:45:00+05:30,67.67,67.99,67.58,67.58,2190,0
2026-05-26T15:00:00+05:30,67.65,68.8,67.55,68.34,5342,0
2026-05-26T15:15:00+05:30,67.75,68.8,67.3,67.3,2953,0
2026-05-27T09:15:00+05:30,68.4,68.5,67.11,67.86,14071,0
2026-05-27T09:30:00+05:30,67.84,67.99,67.3,67.95,10867,0
2026-05-27T09:45:00+05:30,67.95,68.4,67.72,67.97,4869,0
2026-05-27T10:00:00+05:30,67.8,67.81,67.3,67.37,5236,0
2026-05-27T10:15:00+05:30,67.37,67.78,67.37,67.5,38,0
2026-05-27T10:30:00+05:30,67.5,67.79,67.5,67.73,759,0
2026-05-27T10:45:00+05:30,67.73,67.98,67.73,67.98,267,0
2026-05-27T11:00:00+05:30,67.96,67.96,67.54,67.78,980,0
2026-05-27T11:15:00+05:30,67.78,67.95,67.3,67.3,8102,0
2026-05-27T11:30:00+05:30,67.67,67.67,67.3,67.3,1481,0
2026-05-27T11:45:00+05:30,67.3,67.67,67.3,67.55,155,0
2026-05-27T12:00:00+05:30,67.34,67.62,67.34,67.62,820,0
2026-05-27T12:15:00+05:30,67.51,67.88,67.34,67.36,1668,0
2026-05-27T12:30:00+05:30,67.36,68.7,67.36,68.09,22268,0
2026-05-27T12:45:00+05:30,68.09,68.47,68.09,68.47,2944,0
2026-05-27T13:00:00+05:30,68.47,68.88,68.26,68.88,8465,0
2026-05-27T13:15:00+05:30,68.88,69.0,68.53,68.61,6483,0
2026-05-27T13:30:00+05:30,68.61,68.89,68.52,68.52,459,0
2026-05-27T13:45:00+05:30,68.52,68.66,68.33,68.33,568,0
2026-05-27T14:00:00+05:30,68.33,68.5,68.33,68.5,1,0
2026-05-27T14:15:00+05:30,68.5,68.66,68.18,68.18,431,0
2026-05-27T14:30:00+05:30,68.34,69.0,68.24,68.34,11248,0
2026-05-27T14:45:00+05:30,68.34,68.88,68.1,68.88,5810,0
2026-05-27T15:00:00+05:30,68.88,69.0,68.45,68.57,5941,0
2026-05-27T15:15:00+05:30,68.78,68.8,68.45,68.45,13095,0
2026-05-29T09:15:00+05:30,72.72,74.0,70.0,73.28,85680,0
2026-05-29T09:30:00+05:30,73.28,74.75,72.62,73.47,78248,0
2026-05-29T09:45:00+05:30,73.49,73.5,72.25,72.35,23136,0
2026-05-29T10:00:00+05:30,72.35,72.5,71.71,71.71,14991,0
2026-05-29T10:15:00+05:30,71.71,72.26,71.5,72.26,9012,0
2026-05-29T10:30:00+05:30,72.34,74.7,72.16,74.02,47657,0
2026-05-29T10:45:00+05:30,74.19,74.5,72.62,73.28,92983,0
2026-05-29T11:00:00+05:30,73.51,76.16,73.0,74.9,173884,0
2026-05-29T11:15:00+05:30,74.98,74.98,73.86,74.17,22428,0
2026-05-29T11:30:00+05:30,74.1,75.4,73.9,75.4,26212,0
2026-05-29T11:45:00+05:30,75.44,76.16,75.0,75.0,49472,0
2026-05-29T12:00:00+05:30,75.19,77.17,75.06,76.52,140420,0
2026-05-29T12:15:00+05:30,76.41,77.5,76.22,77.05,82528,0
2026-05-29T12:30:00+05:30,77.17,77.9,77.0,77.3,55138,0
2026-05-29T12:45:00+05:30,77.29,77.44,76.64,76.69,24817,0
2026-05-29T13:00:00+05:30,76.79,79.0,76.0,77.9,191793,0
2026-05-29T13:15:00+05:30,77.89,79.0,77.35,78.68,57126,0
2026-05-29T13:30:00+05:30,78.75,80.0,77.75,79.47,115529,0
2026-05-29T13:45:00+05:30,79.36,79.37,78.38,78.8,91606,0
2026-05-29T14:00:00+05:30,78.76,80.0,78.6,79.2,117968,0
2026-05-29T14:15:00+05:30,79.2,79.31,77.5,78.32,133218,0
2026-05-29T14:30:00+05:30,78.28,80.97,78.03,80.22,345209,0
2026-05-29T14:45:00+05:30,80.16,80.49,79.49,80.2,142654,0
2026-05-29T15:00:00+05:30,80.26,80.35,78.33,79.14,158369,0
2026-05-29T15:15:00+05:30,79.13,79.99,77.5,78.0,221748,0
2026-06-01T09:15:00+05:30,78.0,78.69,76.01,77.09,66330,0
2026-06-01T09:30:00+05:30,77.33,78.78,77.33,77.68,25185,0
2026-06-01T09:45:00+05:30,77.55,77.81,77.13,77.53,11053,0
2026-06-01T10:00:00+05:30,77.33,77.55,76.89,77.2,19537,0
2026-06-01T10:15:00+05:30,77.36,79.5,77.36,79.02,47587,0
2026-06-01T10:30:00+05:30,79.04,79.45,78.75,78.95,24490,0
2026-06-01T10:45:00+05:30,79.09,81.15,79.01,79.82,104112,0
2026-06-01T11:00:00+05:30,80.02,80.35,79.8,80.02,10010,0
2026-06-01T11:15:00+05:30,79.97,80.1,79.03,79.28,25564,0
2026-06-01T11:30:00+05:30,79.44,79.8,79.31,79.57,3356,0
2026-06-01T11:45:00+05:30,79.58,79.87,79.32,79.32,3493,0
2026-06-01T12:00:00+05:30,79.35,79.69,79.32,79.47,5149,0
2026-06-01T12:15:00+05:30,79.44,80.4,79.2,79.3,22810,0
2026-06-01T12:30:00+05:30,79.53,80.28,79.46,79.54,8649,0
2026-06-01T12:45:00+05:30,79.64,79.64,78.75,79.26,18007,0
2026-06-01T13:00:00+05:30,79.26,81.38,79.26,79.94,64975,0
2026-06-01T13:15:00+05:30,79.94,80.57,79.94,80.31,7391,0
2026-06-01T13:30:00+05:30,80.31,81.05,79.5,80.71,37443,0
2026-06-01T13:45:00+05:30,80.71,80.71,79.33,79.65,8895,0
2026-06-01T14:00:00+05:30,79.65,79.99,79.49,79.76,4456,0
2026-06-01T14:15:00+05:30,79.7,79.97,79.55,79.62,5744,0
2026-06-01T14:30:00+05:30,79.62,81.5,79.62,81.4,61366,0
2026-06-01T14:45:00+05:30,81.5,83.49,81.25,83.03,176917,0
2026-06-01T15:00:00+05:30,82.91,82.91,81.5,82.28,74673,0
2026-06-01T15:15:00+05:30,82.11,82.2,81.1,81.15,56165,0
2026-06-02T09:15:00+05:30,81.85,84.9,79.29,84.3,205006,0
2026-06-02T09:30:00+05:30,84.5,84.7,82.55,83.0,84679,0
2026-06-02T09:45:00+05:30,83.18,83.35,82.1,82.1,25335,0
2026-06-02T10:00:00+05:30,82.1,82.79,81.92,82.41,32499,0
2026-06-02T10:15:00+05:30,82.12,82.42,80.96,81.79,28094,0
2026-06-02T10:30:00+05:30,81.69,81.69,80.8,81.16,14375,0
2026-06-02T10:45:00+05:30,81.13,81.28,80.44,81.0,16405,0
2026-06-02T11:00:00+05:30,81.0,81.26,81.0,81.07,4428,0
2026-06-02T11:15:00+05:30,81.07,81.58,80.87,81.58,10270,0
2026-06-02T11:30:00+05:30,81.58,81.99,80.85,80.99,22153,0
2026-06-02T11:45:00+05:30,80.93,81.78,80.93,81.6,6182,0
2026-06-02T12:00:00+05:30,81.6,81.78,81.6,81.6,2076,0
2026-06-02T12:15:00+05:30,81.6,81.6,81.5,81.54,6019,0
2026-06-02T12:30:00+05:30,81.5,81.53,81.02,81.07,5221,0
2026-06-02T12:45:00+05:30,81.08,81.45,80.61,80.72,11503,0
2026-06-02T13:00:00+05:30,80.72,81.99,80.31,81.82,11384,0
2026-06-02T13:15:00+05:30,81.82,83.31,81.82,82.52,62351,0
2026-06-02T13:30:00+05:30,82.62,83.7,82.03,83.0,58986,0
2026-06-02T13:45:00+05:30,83.0,83.2,82.82,82.98,1360,0
2026-06-02T14:00:00+05:30,82.98,82.98,82.25,82.45,4770,0
2026-06-02T14:15:00+05:30,82.45,83.21,82.37,82.6,8302,0
2026-06-02T14:30:00+05:30,82.39,83.0,82.31,82.31,7088,0
2026-06-02T14:45:00+05:30,82.44,82.5,81.51,82.3,18847,0
2026-06-02T15:00:00+05:30,82.25,83.0,82.05,82.5,22073,0
2026-06-02T15:15:00+05:30,82.5,83.0,82.25,83.0,24165,0
2026-06-03T09:15:00+05:30,82.6,82.6,79.21,80.27,37508,0
2026-06-03T09:30:00+05:30,80.25,80.3,79.61,80.04,17548,0
2026-06-03T09:45:00+05:30,80.26,80.5,79.85,80.09,13155,0
2026-06-03T10:00:00+05:30,80.09,80.1,79.85,79.85,2685,0
2026-06-03T10:15:00+05:30,79.85,80.49,79.85,80.3,11332,0
2026-06-03T10:30:00+05:30,80.35,80.51,79.58,79.75,11584,0
2026-06-03T10:45:00+05:30,79.75,79.85,79.11,79.37,12519,0
2026-06-03T11:00:00+05:30,79.2,79.5,79.0,79.5,14925,0
2026-06-03T11:15:00+05:30,79.37,79.59,79.3,79.57,3189,0
2026-06-03T11:30:00+05:30,79.55,79.55,78.82,79.52,10713,0
2026-06-03T11:45:00+05:30,79.23,79.33,78.51,78.54,8192,0
2026-06-03T12:00:00+05:30,78.54,78.77,78.0,78.2,8943,0
2026-06-03T12:15:00+05:30,78.0,78.19,77.91,78.01,1629,0
2026-06-03T12:30:00+05:30,78.01,79.0,78.01,78.82,10351,0
2026-06-03T12:45:00+05:30,78.84,79.0,78.21,78.21,2620,0
2026-06-03T13:00:00+05:30,78.68,78.79,78.55,78.7,1883,0
2026-06-03T13:15:00+05:30,78.74,78.84,78.59,78.71,1318,0
2026-06-03T13:30:00+05:30,78.82,78.9,78.61,78.75,2715,0
2026-06-03T13:45:00+05:30,78.75,79.25,78.75,78.83,6663,0
2026-06-03T14:00:00+05:30,78.83,78.95,78.12,78.61,6065,0
2026-06-03T14:15:00+05:30,78.78,78.88,78.7,78.87,909,0
2026-06-03T14:30:00+05:30,78.87,79.5,78.85,79.25,32759,0
2026-06-03T14:45:00+05:30,79.29,79.69,79.0,79.22,15653,0
2026-06-03T15:00:00+05:30,79.02,79.2,78.42,78.55,70169,0
2026-06-03T15:15:00+05:30,78.45,78.75,78.13,78.4,29609,0
2026-06-04T09:15:00+05:30,78.05,81.27,77.35,80.78,20048,0
2026-06-04T09:30:00+05:30,80.72,81.18,80.02,81.18,17002,0
2026-06-04T09:45:00+05:30,81.16,83.5,80.83,83.35,53714,0
2026-06-04T10:00:00+05:30,83.35,83.5,83.0,83.19,34886,0
2026-06-04T10:15:00+05:30,83.17,83.61,82.6,83.29,36013,0
2026-06-04T10:30:00+05:30,83.05,83.21,81.71,81.95,39038,0
2026-06-04T10:45:00+05:30,82.14,82.45,81.64,81.86,4245,0
2026-06-04T11:00:00+05:30,81.86,81.99,81.64,81.66,5236,0
2026-06-04T11:15:00+05:30,81.66,81.99,81.5,81.62,4697,0
2026-06-04T11:30:00+05:30,81.62,81.93,81.56,81.6,8182,0
2026-06-04T11:45:00+05:30,81.6,82.39,81.6,81.81,5420,0
2026-06-04T12:00:00+05:30,81.81,82.0,81.61,81.62,3171,0
2026-06-04T12:15:00+05:30,81.67,82.0,81.0,81.91,24093,0
2026-06-04T12:30:00+05:30,81.9,82.2,81.43,82.03,9498,0
2026-06-04T12:45:00+05:30,81.85,82.52,81.72,82.21,10931,0
2026-06-04T13:00:00+05:30,82.23,83.0,82.2,82.2,20158,0
2026-06-04T13:15:00+05:30,82.2,82.44,81.81,82.44,4553,0
2026-06-04T13:30:00+05:30,82.26,82.44,82.09,82.18,1895,0
2026-06-04T13:45:00+05:30,82.37,84.5,82.37,83.83,74760,0
2026-06-04T14:00:00+05:30,83.65,83.75,83.22,83.34,8070,0
2026-06-04T14:15:00+05:30,83.35,83.75,83.22,83.5,9374,0
2026-06-04T14:30:00+05:30,83.33,84.5,83.17,84.14,27298,0
2026-06-04T14:45:00+05:30,84.13,84.37,83.35,83.98,16931,0
2026-06-04T15:00:00+05:30,83.98,84.33,83.7,84.0,14644,0
2026-06-04T15:15:00+05:30,83.71,84.3,83.5,84.0,19721,0
2026-06-05T09:15:00+05:30,83.8,84.69,82.51,84.2,24664,0
2026-06-05T09:30:00+05:30,84.21,85.34,83.52,84.62,60205,0
2026-06-05T09:45:00+05:30,84.8,88.69,84.8,88.11,156120,0
2026-06-05T10:00:00+05:30,88.16,88.45,84.62,85.0,174491,0
2026-06-05T10:15:00+05:30,85.0,85.75,84.9,84.97,41734,0
2026-06-05T10:30:00+05:30,84.97,85.0,83.64,83.84,30906,0
2026-06-05T10:45:00+05:30,83.84,84.6,83.84,84.47,8024,0
2026-06-05T11:00:00+05:30,84.47,85.76,84.44,84.44,17867,0
2026-06-05T11:15:00+05:30,84.44,84.49,84.0,84.49,2496,0
2026-06-05T11:30:00+05:30,84.49,84.49,84.11,84.38,2175,0
2026-06-05T11:45:00+05:30,84.38,84.39,83.25,83.97,11226,0
2026-06-05T12:00:00+05:30,83.97,84.11,83.33,83.61,8646,0
2026-06-05T12:15:00+05:30,83.61,85.31,83.4,85.04,44202,0
2026-06-05T12:30:00+05:30,85.22,85.83,85.0,85.21,33798,0
2026-06-05T12:45:00+05:30,85.22,85.39,84.64,85.39,11008,0
2026-06-05T13:00:00+05:30,85.39,93.0,84.51,89.45,643561,0
2026-06-05T13:15:00+05:30,89.39,98.3,89.13,96.02,3627520,0
2026-06-05T13:30:00+05:30,96.01,96.29,92.04,93.21,1151009,0
2026-06-05T13:45:00+05:30,93.29,94.4,91.0,93.2,614758,0
2026-06-05T14:00:00+05:30,93.2,94.9,92.13,92.95,265189,0
2026-06-05T14:15:00+05:30,92.98,93.59,90.2,93.17,308656,0
2026-06-05T14:30:00+05:30,93.06,93.9,91.81,93.59,165267,0
2026-06-05T14:45:00+05:30,93.3,93.65,91.8,92.94,179555,0
2026-06-05T15:00:00+05:30,93.01,94.8,92.5,93.73,342499,0
2026-06-05T15:15:00+05:30,93.51,93.99,92.3,92.85,424631,0
2026-06-08T09:15:00+05:30,91.0,93.2,90.23,91.71,418188,0
2026-06-08T09:30:00+05:30,91.6,92.47,90.7,92.47,84418,0
2026-06-08T09:45:00+05:30,92.36,93.0,91.8,92.62,105739,0
2026-06-08T10:00:00+05:30,92.77,93.27,90.57,90.71,98915,0
2026-06-08T10:15:00+05:30,90.96,92.92,90.1,92.15,159095,0
2026-06-08T10:30:00+05:30,92.01,92.16,91.48,91.76,8279,0
2026-06-08T10:45:00+05:30,91.65,91.65,89.64,90.67,115661,0
2026-06-08T11:00:00+05:30,90.78,91.18,90.51,90.66,11161,0
2026-06-08T11:15:00+05:30,90.62,91.26,90.32,91.05,34109,0
2026-06-08T11:30:00+05:30,90.91,91.95,90.91,91.11,11724,0
2026-06-08T11:45:00+05:30,91.32,91.34,90.71,90.75,8758,0
2026-06-08T12:00:00+05:30,90.87,92.5,90.87,91.95,40389,0
2026-06-08T12:15:00+05:30,91.95,91.95,91.5,91.51,4217,0
2026-06-08T12:30:00+05:30,91.51,92.45,91.5,92.24,11878,0
2026-06-08T12:45:00+05:30,92.15,92.49,92.0,92.18,9332,0
2026-06-08T13:00:00+05:30,92.2,92.25,91.1,91.42,28757,0
2026-06-08T13:15:00+05:30,91.28,92.0,91.0,91.0,28341,0
2026-06-08T13:30:00+05:30,91.08,91.23,90.25,90.25,28049,0
2026-06-08T13:45:00+05:30,90.25,90.51,90.0,90.3,12216,0
2026-06-08T14:00:00+05:30,90.3,92.12,90.22,91.5,35018,0
2026-06-08T14:15:00+05:30,91.23,92.0,90.6,90.9,43353,0
2026-06-08T14:30:00+05:30,90.8,91.55,90.6,91.5,31088,0
2026-06-08T14:45:00+05:30,91.53,92.03,91.06,91.3,44551,0
2026-06-08T15:00:00+05:30,91.3,91.56,90.7,91.21,47831,0
2026-06-08T15:15:00+05:30,91.21,91.99,90.15,90.35,60847,0
2026-06-09T09:15:00+05:30,92.01,92.95,91.45,91.45,102395,0
2026-06-09T09:30:00+05:30,91.15,93.0,91.15,91.72,39663,0
2026-06-09T09:45:00+05:30,91.96,92.5,91.2,91.2,11847,0
2026-06-09T10:00:00+05:30,91.36,91.37,89.11,90.46,31204,0
2026-06-09T10:15:00+05:30,90.32,90.7,89.75,90.41,33421,0
2026-06-09T10:30:00+05:30,90.2,90.64,89.92,90.44,8880,0
2026-06-09T10:45:00+05:30,90.41,90.64,90.14,90.43,2602,0
2026-06-09T11:00:00+05:30,90.43,90.48,90.25,90.27,2735,0
2026-06-09T11:15:00+05:30,90.27,90.5,89.96,90.0,21274,0
2026-06-09T11:30:00+05:30,90.0,90.36,89.75,89.92,9190,0
2026-06-09T11:45:00+05:30,90.12,90.24,89.75,89.75,12903,0
2026-06-09T12:00:00+05:30,89.76,89.9,89.75,89.77,4231,0
2026-06-09T12:15:00+05:30,89.85,90.01,89.76,89.94,1602,0
2026-06-09T12:30:00+05:30,89.96,90.03,89.75,89.75,10445,0
2026-06-09T12:45:00+05:30,89.75,90.01,89.75,89.94,32182,0
2026-06-09T13:00:00+05:30,89.94,89.97,89.1,89.1,21220,0
2026-06-09T13:15:00+05:30,89.1,89.44,87.8,87.87,38809,0
2026-06-09T13:30:00+05:30,88.09,88.23,87.11,87.68,17229,0
2026-06-09T13:45:00+05:30,87.68,87.79,86.2,86.6,35921,0
2026-06-09T14:00:00+05:30,86.75,88.76,86.63,88.42,23196,0
2026-06-09T14:15:00+05:30,88.43,89.7,88.4,89.7,29661,0
2026-06-09T14:30:00+05:30,89.33,89.85,88.88,89.44,11573,0
2026-06-09T14:45:00+05:30,89.65,90.7,89.25,90.65,18786,0
2026-06-09T15:00:00+05:30,90.65,90.7,90.12,90.49,8887,0
2026-06-09T15:15:00+05:30,90.3,90.7,89.11,89.3,26742,0
2026-06-10T09:15:00+05:30,89.9,91.0,89.34,90.59,20747,0
2026-06-10T09:30:00+05:30,90.43,90.73,89.93,90.02,8599,0
2026-06-10T09:45:00+05:30,90.01,90.55,87.77,88.18,14225,0
2026-06-10T10:00:00+05:30,87.72,88.01,86.2,87.57,26969,0
2026-06-10T10:15:00+05:30,87.57,88.0,86.81,87.64,21278,0
2026-06-10T10:30:00+05:30,87.53,88.3,87.3,87.31,9600,0
2026-06-10T10:45:00+05:30,87.63,88.08,87.06,87.5,4685,0
2026-06-10T11:00:00+05:30,87.43,88.0,87.0,87.5,2762,0
2026-06-10T11:15:00+05:30,87.82,87.82,87.0,87.25,3191,0
2026-06-10T11:30:00+05:30,87.23,87.98,87.2,87.2,1521,0
2026-06-10T11:45:00+05:30,87.2,87.3,86.81,87.3,1245,0
2026-06-10T12:00:00+05:30,87.3,87.49,87.1,87.13,3360,0
2026-06-10T12:15:00+05:30,87.48,87.65,87.11,87.11,4190,0
2026-06-10T12:30:00+05:30,87.11,87.37,86.5,86.5,9184,0
2026-06-10T12:45:00+05:30,87.08,87.11,86.5,87.0,1582,0
2026-06-10T13:00:00+05:30,87.0,87.0,86.25,87.0,7401,0
2026-06-10T13:15:00+05:30,86.95,87.18,86.85,86.85,961,0
2026-06-10T13:30:00+05:30,86.85,87.1,86.7,86.7,6641,0
2026-06-10T13:45:00+05:30,86.7,87.0,86.7,86.75,6917,0
2026-06-10T14:00:00+05:30,86.76,86.85,86.68,86.68,3104,0
2026-06-10T14:15:00+05:30,86.68,86.78,86.3,86.73,6219,0
2026-06-10T14:30:00+05:30,86.73,86.85,86.25,86.85,3828,0
2026-06-10T14:45:00+05:30,86.66,86.8,86.0,86.09,13560,0
2026-06-10T15:00:00+05:30,86.0,86.1,85.99,86.08,15870,0
2026-06-10T15:15:00+05:30,86.08,86.29,86.08,86.08,25261,0
2026-06-11T09:15:00+05:30,85.22,86.09,85.0,85.53,11885,0
2026-06-11T09:30:00+05:30,85.59,85.59,85.0,85.38,10494,0
2026-06-11T09:45:00+05:30,85.25,90.8,85.25,89.21,86651,0
2026-06-11T10:00:00+05:30,89.2,89.2,88.01,88.52,25469,0
2026-06-11T10:15:00+05:30,88.58,88.9,87.5,87.86,9832,0
2026-06-11T10:30:00+05:30,87.86,88.66,87.86,88.02,1686,0
2026-06-11T10:45:00+05:30,88.09,88.09,86.34,86.93,7100,0
2026-06-11T11:00:00+05:30,86.92,87.91,86.92,87.05,4857,0
2026-06-11T11:15:00+05:30,87.05,87.68,87.05,87.11,2463,0
2026-06-11T11:30:00+05:30,87.11,87.79,87.11,87.49,1044,0
2026-06-11T11:45:00+05:30,87.12,87.86,87.0,87.0,4758,0
2026-06-11T12:00:00+05:30,87.0,87.4,87.0,87.01,464,0
2026-06-11T12:15:00+05:30,87.01,87.35,86.51,86.51,1723,0
2026-06-11T12:30:00+05:30,86.51,87.27,86.5,87.27,1230,0
2026-06-11T12:45:00+05:30,87.26,87.26,86.01,86.89,2225,0
2026-06-11T13:00:00+05:30,86.89,86.89,86.0,86.0,2904,0
2026-06-11T13:15:00+05:30,86.12,86.12,85.5,85.88,7808,0
2026-06-11T13:30:00+05:30,85.89,86.08,85.5,85.5,2650,0
2026-06-11T13:45:00+05:30,85.98,85.98,85.0,85.44,11046,0
2026-06-11T14:00:00+05:30,85.44,85.45,85.17,85.2,881,0
2026-06-11T14:15:00+05:30,85.2,86.29,84.51,85.69,8739,0
2026-06-11T14:30:00+05:30,85.68,86.18,84.21,85.12,19632,0
2026-06-11T14:45:00+05:30,85.11,85.38,84.1,84.4,14194,0
2026-06-11T15:00:00+05:30,84.4,84.4,83.5,83.88,39083,0
2026-06-11T15:15:00+05:30,83.54,84.48,83.01,83.8,34554,0
2026-06-12T09:15:00+05:30,85.0,87.49,85.0,85.5,19425,0
2026-06-12T09:30:00+05:30,85.5,85.88,85.05,85.88,6234,0
2026-06-12T09:45:00+05:30,85.9,85.94,85.34,85.41,3373,0
2026-06-12T10:00:00+05:30,85.47,85.79,85.37,85.75,3893,0
2026-06-12T10:15:00+05:30,85.57,85.68,85.06,85.55,32510,0
2026-06-12T10:30:00+05:30,85.55,88.68,85.46,87.99,30981,0
2026-06-12T10:45:00+05:30,87.87,88.56,87.05,87.22,14831,0
2026-06-12T11:00:00+05:30,87.22,88.41,87.06,88.0,5720,0
2026-06-12T11:15:00+05:30,87.65,88.1,87.65,87.78,4167,0
2026-06-12T11:30:00+05:30,87.78,87.78,87.09,87.1,3233,0
2026-06-12T11:45:00+05:30,87.72,92.48,87.42,92.0,229680,0
2026-06-12T12:00:00+05:30,91.68,92.8,88.0,89.3,121514,0
2026-06-12T12:15:00+05:30,89.48,90.99,88.42,89.95,25926,0
2026-06-12T12:30:00+05:30,89.78,89.99,89.0,89.25,20956,0
2026-06-12T12:45:00+05:30,89.58,89.74,88.04,88.58,22094,0
2026-06-12T13:00:00+05:30,88.78,88.83,88.0,88.61,10612,0
2026-06-12T13:15:00+05:30,88.61,88.78,88.16,88.48,3157,0
2026-06-12T13:30:00+05:30,88.28,89.15,88.2,88.77,4112,0
2026-06-12T13:45:00+05:30,88.97,89.17,88.8,88.99,3304,0
2026-06-12T14:00:00+05:30,89.16,89.19,88.5,88.78,4256,0
2026-06-12T14:15:00+05:30,88.78,88.95,88.5,88.71,2772,0
2026-06-12T14:30:00+05:30,88.86,89.2,86.5,87.61,39179,0
2026-06-12T14:45:00+05:30,87.63,88.63,87.62,88.28,10577,0
2026-06-12T15:00:00+05:30,88.28,89.17,88.1,88.53,18215,0
2026-06-12T15:15:00+05:30,88.87,88.88,88.11,88.11,28421,0
2026-06-15T09:15:00+05:30,90.5,92.4,90.0,90.34,39770,0
2026-06-15T09:30:00+05:30,90.47,90.98,90.09,90.45,14719,0
2026-06-15T09:45:00+05:30,90.4,90.85,90.0,90.0,20809,0
2026-06-15T10:00:00+05:30,89.96,90.35,89.0,89.7,17560,0
2026-06-15T10:15:00+05:30,89.66,90.37,89.51,90.17,12502,0
2026-06-15T10:30:00+05:30,90.17,90.19,89.4,89.72,6140,0
2026-06-15T10:45:00+05:30,89.8,90.99,89.59,90.47,16294,0
2026-06-15T11:00:00+05:30,90.4,90.47,89.77,90.0,6733,0
2026-06-15T11:15:00+05:30,90.0,90.29,89.86,90.0,1768,0
2026-06-15T11:30:00+05:30,90.0,90.01,89.77,89.78,11448,0
2026-06-15T11:45:00+05:30,89.8,90.18,89.8,89.86,404,0
2026-06-15T12:00:00+05:30,89.86,90.08,89.81,89.99,1875,0
2026-06-15T12:15:00+05:30,90.12,92.35,90.12,91.85,68803,0
2026-06-15T12:30:00+05:30,91.61,91.61,90.9,90.95,10576,0
2026-06-15T12:45:00+05:30,91.05,91.1,90.05,90.74,6612,0
2026-06-15T13:00:00+05:30,90.74,90.74,90.02,90.11,4864,0
2026-06-15T13:15:00+05:30,90.56,90.73,90.39,90.5,1461,0
2026-06-15T13:30:00+05:30,90.5,90.71,90.11,90.38,4815,0
2026-06-15T13:45:00+05:30,90.38,90.71,90.15,90.28,2017,0
2026-06-15T14:00:00+05:30,90.57,92.0,90.25,92.0,23491,0
2026-06-15T14:15:00+05:30,91.93,92.5,91.5,92.0,46547,0
2026-06-15T14:30:00+05:30,92.0,92.5,90.8,92.5,43987,0
2026-06-15T14:45:00+05:30,92.5,92.6,91.88,92.2,33717,0
2026-06-15T15:00:00+05:30,92.19,93.4,92.08,92.5,106371,0
2026-06-15T15:15:00+05:30,92.67,93.0,92.24,93.0,62515,0
2026-06-16T09:15:00+05:30,93.0,93.0,92.25,92.94,166912,0
2026-06-16T09:30:00+05:30,92.94,93.0,92.65,92.7,52910,0
2026-06-16T09:45:00+05:30,92.71,93.0,92.7,92.9,25002,0
2026-06-16T10:00:00+05:30,92.8,92.9,92.65,92.71,25420,0
2026-06-16T10:15:00+05:30,92.72,92.87,92.65,92.87,15638,0
2026-06-16T10:30:00+05:30,92.87,92.87,92.72,92.72,7377,0
2026-06-16T10:45:00+05:30,92.72,93.0,92.72,92.86,11989,0
2026-06-16T11:00:00+05:30,92.86,93.0,92.7,92.82,19879,0
2026-06-16T11:15:00+05:30,92.82,92.82,92.71,92.79,6777,0
2026-06-16T11:30:00+05:30,92.72,92.78,91.07,91.44,32853,0
2026-06-16T11:45:00+05:30,91.63,92.0,91.5,91.54,7527,0
2026-06-16T12:00:00+05:30,91.54,91.78,91.15,91.29,6420,0
2026-06-16T12:15:00+05:30,91.29,91.64,91.22,91.22,3167,0
2026-06-16T12:30:00+05:30,91.2,93.11,90.53,92.39,124675,0
2026-06-16T12:45:00+05:30,92.75,92.78,91.94,92.0,4130,0
2026-06-16T13:00:00+05:30,92.01,92.01,91.49,91.65,2391,0
2026-06-16T13:15:00+05:30,91.65,91.65,91.15,91.18,620,0
2026-06-16T13:30:00+05:30,91.18,91.78,91.05,91.07,5000,0
2026-06-16T13:45:00+05:30,91.07,91.44,90.78,90.82,7347,0
2026-06-16T14:00:00+05:30,91.09,91.19,90.82,90.82,1426,0
2026-06-16T14:15:00+05:30,91.0,91.15,90.85,90.85,2401,0
2026-06-16T14:30:00+05:30,90.85,92.4,90.85,92.0,51111,0
2026-06-16T14:45:00+05:30,92.0,92.21,91.36,91.6,5294,0
2026-06-16T15:00:00+05:30,91.6,92.2,91.6,92.0,11595,0
2026-06-16T15:15:00+05:30,92.0,92.36,90.85,92.2,27350,0
2026-06-17T09:15:00+05:30,92.49,99.4,92.49,99.4,494383,0
2026-06-17T09:30:00+05:30,99.3,104.0,98.25,103.22,1383204,0
2026-06-17T09:45:00+05:30,103.35,104.49,100.5,100.8,1249351,0
2026-06-17T10:00:00+05:30,101.0,102.29,99.6,101.97,928015,0
2026-06-17T10:15:00+05:30,101.98,102.4,100.41,100.8,571158,0
2026-06-17T10:30:00+05:30,100.8,101.3,99.52,99.94,406639,0
2026-06-17T10:45:00+05:30,100.0,100.9,99.6,100.5,157525,0
2026-06-17T11:00:00+05:30,100.51,100.91,100.04,100.5,147484,0
2026-06-17T11:15:00+05:30,100.5,100.91,100.23,100.66,132191,0
2026-06-17T11:30:00+05:30,100.79,107.0,100.68,106.5,1909649,0
2026-06-17T11:45:00+05:30,106.49,106.62,105.02,105.36,485755,0
2026-06-17T12:00:00+05:30,105.36,106.5,105.1,106.17,304609,0
2026-06-17T12:15:00+05:30,106.14,106.5,105.0,105.51,302816,0
2026-06-17T12:30:00+05:30,105.51,105.87,103.91,104.93,196501,0
2026-06-17T12:45:00+05:30,104.94,105.79,104.34,105.38,152506,0
2026-06-17T13:00:00+05:30,105.38,105.5,103.26,103.81,206858,0
2026-06-17T13:15:00+05:30,103.95,104.75,103.61,104.71,91955,0
2026-06-17T13:30:00+05:30,104.65,106.25,104.25,105.98,146982,0
2026-06-17T13:45:00+05:30,105.86,106.48,105.57,105.8,196675,0
2026-06-17T14:00:00+05:30,105.8,108.73,105.5,107.54,688505,0
2026-06-17T14:15:00+05:30,107.46,108.49,107.4,108.49,300925,0
2026-06-17T14:30:00+05:30,108.45,110.18,108.45,110.18,600322,0
2026-06-17T14:45:00+05:30,110.18,110.18,108.01,110.18,562074,0
2026-06-17T15:00:00+05:30,110.18,110.18,106.4,107.83,356448,0
2026-06-17T15:15:00+05:30,107.69,110.18,107.61,110.18,198328,0
2026-06-18T09:15:00+05:30,111.89,119.5,111.54,117.72,2091571,0
2026-06-18T09:30:00+05:30,117.56,118.69,114.71,116.35,552128,0
2026-06-18T09:45:00+05:30,116.23,116.69,113.02,113.32,424131,0
2026-06-18T10:00:00+05:30,113.36,115.94,113.32,114.91,159590,0
2026-06-18T10:15:00+05:30,114.97,116.15,113.96,115.33,146377,0
2026-06-18T10:30:00+05:30,115.3,115.74,114.26,115.16,52151,0
2026-06-18T10:45:00+05:30,114.85,115.17,114.02,114.79,39114,0
2026-06-18T11:00:00+05:30,114.74,114.77,113.3,114.29,60430,0
2026-06-18T11:15:00+05:30,114.15,114.49,113.5,114.07,38113,0
2026-06-18T11:30:00+05:30,114.06,114.29,113.45,113.68,85007,0
2026-06-18T11:45:00+05:30,113.68,115.39,113.57,115.19,36571,0
2026-06-18T12:00:00+05:30,115.07,115.4,113.56,115.0,50105,0
2026-06-18T12:15:00+05:30,115.0,115.69,114.5,115.32,32751,0
2026-06-18T12:30:00+05:30,115.55,118.48,115.24,118.2,229577,0
2026-06-18T12:45:00+05:30,118.2,118.29,114.84,115.25,135184,0
2026-06-18T13:00:00+05:30,115.22,115.31,114.34,115.04,70385,0
2026-06-18T13:15:00+05:30,115.04,115.48,114.25,115.15,60360,0
2026-06-18T13:30:00+05:30,115.03,116.4,115.02,115.82,40602,0
2026-06-18T13:45:00+05:30,115.92,116.1,115.23,116.0,12738,0
2026-06-18T14:00:00+05:30,115.86,116.09,115.61,115.8,18727,0
2026-06-18T14:15:00+05:30,115.72,115.78,114.12,114.58,51518,0
2026-06-18T14:30:00+05:30,114.75,115.0,114.01,114.2,41643,0
2026-06-18T14:45:00+05:30,114.2,115.0,113.8,114.42,73089,0
2026-06-18T15:00:00+05:30,114.42,115.53,114.0,114.96,101148,0
2026-06-18T15:15:00+05:30,115.0,115.5,111.5,114.0,195865,0
2026-06-19T09:15:00+05:30,114.0,114.0,107.61,109.29,296446,0
2026-06-19T09:30:00+05:30,109.19,109.8,107.66,107.69,93669,0
2026-06-19T09:45:00+05:30,107.81,109.71,106.25,107.75,189236,0
2026-06-19T10:00:00+05:30,107.74,108.9,107.32,108.27,24492,0
2026-06-19T10:15:00+05:30,108.34,108.99,108.21,108.27,12838,0
2026-06-19T10:30:00+05:30,108.27,108.5,107.31,107.61,29018,0
2026-06-19T10:45:00+05:30,107.5,107.65,106.65,107.24,30240,0
2026-06-19T11:00:00+05:30,107.36,107.36,106.51,106.96,28968,0
2026-06-19T11:15:00+05:30,106.96,107.74,106.75,107.5,7161,0
2026-06-19T11:30:00+05:30,107.6,108.32,107.31,107.31,9482,0
2026-06-19T11:45:00+05:30,107.34,108.3,107.31,108.14,4484,0
2026-06-19T12:00:00+05:30,108.05,108.26,108.0,108.01,5866,0
2026-06-19T12:15:00+05:30,108.0,108.15,107.53,107.63,6358,0
2026-06-19T12:30:00+05:30,107.63,107.99,106.78,106.78,19729,0
2026-06-19T12:45:00+05:30,106.94,107.39,106.81,107.07,11252,0
2026-06-19T13:00:00+05:30,107.07,107.19,106.05,106.14,21517,0
2026-06-19T13:15:00+05:30,106.25,106.36,105.14,105.99,32242,0
2026-06-19T13:30:00+05:30,105.7,106.5,105.65,106.47,13291,0
2026-06-19T13:45:00+05:30,106.49,106.8,105.91,106.59,17842,0
2026-06-19T14:00:00+05:30,106.43,106.98,106.11,106.39,17766,0
2026-06-19T14:15:00+05:30,106.26,106.89,106.26,106.63,16985,0
2026-06-19T14:30:00+05:30,106.63,109.0,106.63,108.14,35816,0
2026-06-19T14:45:00+05:30,108.17,109.53,108.17,108.46,40631,0
2026-06-19T15:00:00+05:30,108.46,109.28,108.09,108.26,37534,0
2026-06-19T15:15:00+05:30,108.32,109.0,107.39,108.99,74116,0
2026-06-22T09:15:00+05:30,108.39,117.27,108.39,114.55,248577,0
2026-06-22T09:30:00+05:30,114.54,114.97,112.14,112.75,115647,0
2026-06-22T09:45:00+05:30,112.75,113.0,111.5,112.67,48145,0
2026-06-22T10:00:00+05:30,112.69,113.0,111.58,112.21,34511,0
2026-06-22T10:15:00+05:30,112.13,112.24,110.88,112.01,41578,0
2026-06-22T10:30:00+05:30,111.86,111.86,111.15,111.35,11496,0
2026-06-22T10:45:00+05:30,111.39,112.77,111.38,112.06,28212,0
2026-06-22T11:00:00+05:30,111.9,111.96,111.15,111.3,19508,0
2026-06-22T11:15:00+05:30,111.31,111.89,111.2,111.41,13206,0
2026-06-22T11:30:00+05:30,111.49,111.54,110.44,111.27,31303,0
2026-06-22T11:45:00+05:30,111.3,111.87,111.12,111.27,24144,0
2026-06-22T12:00:00+05:30,111.43,111.84,110.97,111.24,16503,0
2026-06-22T12:15:00+05:30,111.25,111.79,111.16,111.38,5039,0
2026-06-22T12:30:00+05:30,111.38,111.58,111.25,111.33,1694,0
2026-06-22T12:45:00+05:30,111.36,111.75,110.7,110.7,17801,0
2026-06-22T13:00:00+05:30,110.75,111.36,110.26,110.41,16295,0
2026-06-22T13:15:00+05:30,110.26,110.99,110.21,110.75,15195,0
2026-06-22T13:30:00+05:30,110.75,110.82,110.32,110.42,6496,0
2026-06-22T13:45:00+05:30,110.44,111.02,110.44,110.57,4410,0
2026-06-22T14:00:00+05:30,110.74,110.85,110.1,110.24,22717,0
2026-06-22T14:15:00+05:30,110.26,110.39,110.1,110.2,4992,0
2026-06-22T14:30:00+05:30,110.3,111.0,110.3,110.62,12280,0
2026-06-22T14:45:00+05:30,110.75,110.83,110.15,110.29,16657,0
2026-06-22T15:00:00+05:30,110.28,110.28,105.26,108.0,218274,0
2026-06-22T15:15:00+05:30,108.0,113.4,106.55,110.17,135761,0
2026-06-23T09:15:00+05:30,108.03,113.9,106.6,107.07,46954,0
2026-06-23T09:30:00+05:30,107.23,107.76,106.1,106.24,24299,0
2026-06-23T09:45:00+05:30,106.45,108.46,106.22,106.92,41272,0
2026-06-23T10:00:00+05:30,107.0,107.89,106.51,107.15,15096,0
2026-06-23T10:15:00+05:30,107.15,107.27,106.5,107.22,24265,0
2026-06-23T10:30:00+05:30,107.22,107.69,107.21,107.59,3960,0
2026-06-23T10:45:00+05:30,107.48,108.0,107.2,107.54,15575,0
2026-06-23T11:00:00+05:30,107.54,108.49,107.54,108.49,10148,0
2026-06-23T11:15:00+05:30,108.49,108.49,108.02,108.1,6583,0
2026-06-23T11:30:00+05:30,108.09,108.46,107.8,108.0,4570,0
2026-06-23T11:45:00+05:30,107.9,108.33,107.4,107.99,11534,0
2026-06-23T12:00:00+05:30,107.88,108.16,107.31,107.31,11966,0
2026-06-23T12:15:00+05:30,107.31,108.09,107.31,107.85,8400,0
2026-06-23T12:30:00+05:30,108.0,108.9,107.81,108.61,18368,0
2026-06-23T12:45:00+05:30,108.62,108.69,108.31,108.58,5315,0
2026-06-23T13:00:00+05:30,108.5,110.14,108.08,109.4,8505,0
2026-06-23T13:15:00+05:30,109.14,109.35,108.0,108.41,32145,0
2026-06-23T13:30:00+05:30,108.16,108.36,107.69,108.27,8781,0
2026-06-23T13:45:00+05:30,108.27,108.4,107.9,108.14,3588,0
2026-06-23T14:00:00+05:30,108.19,108.75,108.0,108.41,8821,0
2026-06-23T14:15:00+05:30,108.47,108.88,108.11,108.88,5103,0
2026-06-23T14:30:00+05:30,108.88,109.0,108.62,108.95,10560,0
2026-06-23T14:45:00+05:30,109.04,109.85,108.89,109.57,8770,0
2026-06-23T15:00:00+05:30,109.59,110.0,108.71,109.49,16605,0
2026-06-23T15:15:00+05:30,109.79,110.0,107.99,108.1,28486,0
2026-06-24T09:15:00+05:30,108.1,109.94,106.61,107.27,30355,0
2026-06-24T09:30:00+05:30,107.24,108.07,106.8,107.86,31311,0
2026-06-24T09:45:00+05:30,107.81,108.0,107.35,107.93,5290,0
2026-06-24T10:00:00+05:30,107.92,107.93,107.37,107.37,4436,0
2026-06-24T10:15:00+05:30,107.56,107.58,107.35,107.35,8477,0
2026-06-24T10:30:00+05:30,107.35,108.57,106.0,108.57,54740,0
2026-06-24T10:45:00+05:30,108.14,111.7,108.14,110.01,59942,0
2026-06-24T11:00:00+05:30,110.06,113.97,110.01,112.75,191507,0
2026-06-24T11:15:00+05:30,112.78,113.99,112.0,113.57,78810,0
2026-06-24T11:30:00+05:30,113.52,114.0,111.51,112.13,64687,0
2026-06-24T11:45:00+05:30,112.24,112.89,111.11,112.26,30138,0
2026-06-24T12:00:00+05:30,112.11,112.82,111.62,112.16,17868,0
2026-06-24T12:15:00+05:30,112.26,113.22,112.11,112.31,30714,0
2026-06-24T12:30:00+05:30,112.3,112.49,111.37,112.22,17496,0
2026-06-24T12:45:00+05:30,112.41,112.89,112.41,112.48,8374,0
2026-06-24T13:00:00+05:30,112.57,113.25,112.41,113.04,34402,0
2026-06-24T13:15:00+05:30,113.04,113.95,112.81,113.95,45313,0
2026-06-24T13:30:00+05:30,113.77,115.86,113.38,115.34,119739,0
2026-06-24T13:45:00+05:30,115.31,115.9,114.5,115.02,66565,0
2026-06-24T14:00:00+05:30,115.23,115.59,112.42,113.78,59833,0
2026-06-24T14:15:00+05:30,113.78,114.75,113.76,114.47,35157,0
2026-06-24T14:30:00+05:30,114.47,115.88,114.41,115.15,53810,0
2026-06-24T14:45:00+05:30,115.15,115.5,114.02,114.34,27260,0
2026-06-24T15:00:00+05:30,114.25,114.95,112.15,112.99,51235,0
2026-06-24T15:15:00+05:30,112.93,114.8,112.92,113.4,66697,0
2026-06-25T09:15:00+05:30,114.0,114.68,111.11,112.05,59601,0
2026-06-25T09:30:00+05:30,111.89,112.3,111.5,112.1,14022,0
2026-06-25T09:45:00+05:30,112.03,112.82,111.15,111.25,32084,0
2026-06-25T10:00:00+05:30,111.25,111.83,111.1,111.38,28162,0
2026-06-25T10:15:00+05:30,111.38,111.59,110.1,110.47,25987,0
2026-06-25T10:30:00+05:30,110.46,110.75,110.4,110.45,8901,0
2026-06-25T10:45:00+05:30,110.45,110.74,109.54,109.98,20888,0
2026-06-25T11:00:00+05:30,109.98,110.46,109.98,110.24,3124,0
2026-06-25T11:15:00+05:30,110.26,110.26,109.81,109.84,4579,0
2026-06-25T11:30:00+05:30,109.97,110.4,109.97,110.4,3406,0
2026-06-25T11:45:00+05:30,110.4,110.61,110.11,110.42,4515,0
2026-06-25T12:00:00+05:30,110.42,110.42,110.1,110.1,7715,0
2026-06-25T12:15:00+05:30,110.13,110.22,109.7,109.78,9595,0
2026-06-25T12:30:00+05:30,109.7,109.86,109.05,109.21,13320,0
2026-06-25T12:45:00+05:30,109.05,109.35,108.05,108.69,26122,0
2026-06-25T13:00:00+05:30,108.24,109.39,108.24,108.55,12025,0
2026-06-25T13:15:00+05:30,108.55,109.74,108.41,108.95,9668,0
2026-06-25T13:30:00+05:30,108.95,109.3,108.44,109.03,7876,0
2026-06-25T13:45:00+05:30,109.03,109.2,109.01,109.03,748,0
2026-06-25T14:00:00+05:30,109.05,109.58,108.0,108.72,14306,0
2026-06-25T14:15:00+05:30,108.59,108.76,108.0,108.08,9172,0
2026-06-25T14:30:00+05:30,108.33,108.5,108.2,108.48,963,0
2026-06-25T14:45:00+05:30,108.48,108.86,108.33,108.77,4467,0
2026-06-25T15:00:00+05:30,108.77,108.9,107.25,107.87,30340,0
2026-06-25T15:15:00+05:30,107.85,108.5,107.5,107.75,37746,0
2026-06-29T09:15:00+05:30,112.0,117.8,112.0,115.65,284483,0
2026-06-29T09:30:00+05:30,115.82,116.39,113.02,113.82,99025,0
2026-06-29T09:45:00+05:30,113.8,113.81,111.04,111.72,55246,0
2026-06-29T10:00:00+05:30,111.99,112.8,111.6,111.96,37530,0
2026-06-29T10:15:00+05:30,111.94,112.69,111.37,111.66,12669,0
2026-06-29T10:30:00+05:30,111.66,111.96,111.0,111.38,17524,0
2026-06-29T10:45:00+05:30,111.3,111.56,110.32,111.56,13697,0
2026-06-29T11:00:00+05:30,111.58,111.85,110.6,111.71,13523,0
2026-06-29T11:15:00+05:30,111.67,112.03,111.55,111.62,7575,0
2026-06-29T11:30:00+05:30,111.62,111.63,111.01,111.42,10201,0
2026-06-29T11:45:00+05:30,111.42,112.31,111.42,112.13,15312,0
2026-06-29T12:00:00+05:30,112.13,112.13,111.22,111.29,12441,0
2026-06-29T12:15:00+05:30,111.29,111.57,110.8,110.93,17022,0
2026-06-29T12:30:00+05:30,110.93,111.32,110.9,110.98,2089,0
2026-06-29T12:45:00+05:30,111.14,111.98,110.98,111.74,7176,0
2026-06-29T13:00:00+05:30,111.58,112.15,111.45,112.1,16339,0
2026-06-29T13:15:00+05:30,112.12,112.19,111.7,111.94,4549,0
2026-06-29T13:30:00+05:30,111.77,111.83,110.8,111.56,17241,0
2026-06-29T13:45:00+05:30,111.56,112.34,111.5,111.83,6088,0
2026-06-29T14:00:00+05:30,111.88,111.88,111.42,111.44,5674,0
2026-06-29T14:15:00+05:30,111.52,111.55,110.91,110.93,5834,0
2026-06-29T14:30:00+05:30,111.0,111.5,110.94,111.5,5505,0
2026-06-29T14:45:00+05:30,111.3,111.5,111.14,111.14,2425,0
2026-06-29T15:00:00+05:30,111.4,111.53,110.5,111.35,38856,0
2026-06-29T15:15:00+05:30,111.06,111.79,110.0,110.88,54163,0
2026-06-30T09:15:00+05:30,110.87,111.68,109.03,109.64,18463,0
2026-06-30T09:30:00+05:30,109.51,109.54,107.1,107.35,30325,0
2026-06-30T09:45:00+05:30,107.21,109.34,107.21,108.67,25287,0
2026-06-30T10:00:00+05:30,108.64,109.39,108.57,109.1,5481,0
2026-06-30T10:15:00+05:30,108.75,109.07,108.31,108.35,5837,0
2026-06-30T10:30:00+05:30,108.31,108.99,107.68,108.63,14742,0
2026-06-30T10:45:00+05:30,108.64,109.14,108.0,108.27,6936,0
2026-06-30T11:00:00+05:30,108.27,108.91,108.27,108.41,10221,0
2026-06-30T11:15:00+05:30,108.54,108.65,108.4,108.4,2669,0
2026-06-30T11:30:00+05:30,108.4,108.41,107.25,108.05,17115,0
2026-06-30T11:45:00+05:30,108.05,108.38,108.01,108.38,5113,0
2026-06-30T12:00:00+05:30,108.35,108.38,108.04,108.34,675,0
2026-06-30T12:15:00+05:30,108.34,108.4,108.0,108.0,1884,0
2026-06-30T12:30:00+05:30,108.0,108.69,108.0,108.32,3318,0
2026-06-30T12:45:00+05:30,108.32,108.53,108.12,108.5,657,0
2026-06-30T13:00:00+05:30,108.34,108.5,108.1,108.1,5728,0
2026-06-30T13:15:00+05:30,108.1,108.38,108.0,108.0,3989,0
2026-06-30T13:30:00+05:30,108.01,108.23,107.75,108.02,6643,0
2026-06-30T13:45:00+05:30,108.02,108.29,107.71,107.91,7974,0
2026-06-30T14:00:00+05:30,107.91,107.92,107.21,107.49,17322,0
2026-06-30T14:15:00+05:30,107.22,107.87,107.21,107.65,6411,0
2026-06-30T14:30:00+05:30,107.66,108.41,107.45,108.21,8595,0
2026-06-30T14:45:00+05:30,108.21,109.81,108.21,109.46,12565,0
2026-06-30T15:00:00+05:30,109.46,112.38,109.01,111.61,57018,0
2026-06-30T15:15:00+05:30,111.65,112.0,109.25,109.5,36662,0
2026-07-01T09:15:00+05:30,111.02,112.29,110.3,111.1,32108,0
2026-07-01T09:30:00+05:30,111.1,111.39,109.91,110.12,13406,0
2026-07-01T09:45:00+05:30,110.14,110.14,108.05,108.61,33213,0
2026-07-01T10:00:00+05:30,108.6,109.09,108.2,108.71,12125,0
2026-07-01T10:15:00+05:30,108.67,108.99,108.6,108.62,3116,0
2026-07-01T10:30:00+05:30,108.62,109.21,108.5,109.03,14736,0
2026-07-01T10:45:00+05:30,109.1,109.11,108.76,109.0,2481,0
2026-07-01T11:00:00+05:30,109.0,109.0,108.5,108.75,4273,0
2026-07-01T11:15:00+05:30,108.75,108.99,108.53,108.84,2071,0
2026-07-01T11:30:00+05:30,108.84,109.21,108.5,109.21,12765,0
2026-07-01T11:45:00+05:30,109.21,109.21,108.86,108.99,1351,0
2026-07-01T12:00:00+05:30,108.86,108.99,108.0,108.31,14403,0
2026-07-01T12:15:00+05:30,108.43,110.0,107.41,109.63,60491,0
2026-07-01T12:30:00+05:30,109.84,114.0,109.58,113.0,76633,0
2026-07-01T12:45:00+05:30,113.23,113.4,111.31,111.98,30234,0
2026-07-01T13:00:00+05:30,111.83,112.94,109.4,110.01,58512,0
2026-07-01T13:15:00+05:30,109.89,110.5,109.4,110.39,10547,0
2026-07-01T13:30:00+05:30,110.39,111.39,110.39,111.25,12654,0
2026-07-01T13:45:00+05:30,110.97,111.18,110.71,111.16,2094,0
2026-07-01T14:00:00+05:30,111.06,111.69,111.06,111.69,4728,0
2026-07-01T14:15:00+05:30,111.69,111.75,111.01,111.01,5561,0
2026-07-01T14:30:00+05:30,111.12,111.33,110.0,110.79,13051,0
2026-07-01T14:45:00+05:30,110.92,111.0,109.1,109.44,23746,0
2026-07-01T15:00:00+05:30,109.44,109.82,109.2,109.4,3644,0
2026-07-01T15:15:00+05:30,109.4,111.0,109.1,110.7,25919,0
2026-07-02T09:15:00+05:30,111.26,116.6,111.0,116.3,330926,0
2026-07-02T09:30:00+05:30,116.27,116.57,114.83,115.55,164336,0
2026-07-02T09:45:00+05:30,115.68,118.76,115.0,118.0,279879,0
2026-07-02T10:00:00+05:30,118.07,118.5,116.51,116.81,154145,0
2026-07-02T10:15:00+05:30,117.01,118.6,116.8,117.83,59316,0
2026-07-02T10:30:00+05:30,117.84,118.23,114.4,115.28,156705,0
2026-07-02T10:45:00+05:30,115.31,115.78,113.08,114.29,97625,0
2026-07-02T11:00:00+05:30,114.29,114.3,111.61,112.9,72616,0
2026-07-02T11:15:00+05:30,112.82,113.37,112.55,113.04,28035,0
2026-07-02T11:30:00+05:30,113.08,113.5,113.0,113.07,15633,0
2026-07-02T11:45:00+05:30,113.07,113.45,112.23,112.57,31710,0
2026-07-02T12:00:00+05:30,112.77,113.23,112.57,112.88,17395,0
2026-07-02T12:15:00+05:30,112.88,113.49,112.74,112.84,6043,0
2026-07-02T12:30:00+05:30,112.84,113.19,112.74,113.03,6186,0
2026-07-02T12:45:00+05:30,113.03,113.17,112.5,112.71,21133,0
2026-07-02T13:00:00+05:30,112.71,112.84,112.5,112.5,4386,0
2026-07-02T13:15:00+05:30,112.5,113.4,112.5,113.25,21915,0
2026-07-02T13:30:00+05:30,113.32,114.39,113.01,114.11,45281,0
2026-07-02T13:45:00+05:30,114.13,115.0,113.91,114.33,32679,0
2026-07-02T14:00:00+05:30,114.33,114.67,113.52,114.23,13586,0
2026-07-02T14:15:00+05:30,114.23,114.3,112.81,113.13,24146,0
2026-07-02T14:30:00+05:30,113.13,113.4,112.1,112.89,22627,0
2026-07-02T14:45:00+05:30,112.89,116.95,112.8,116.5,137928,0
2026-07-02T15:00:00+05:30,116.5,121.23,116.5,121.23,438379,0
2026-07-02T15:15:00+05:30,121.23,121.23,121.23,121.23,27970,0
2026-07-03T09:15:00+05:30,122.99,126.4,120.21,125.35,709772,0
2026-07-03T09:30:00+05:30,125.24,131.82,125.04,126.5,2225140,0
2026-07-03T09:45:00+05:30,126.5,128.7,124.5,125.5,504926,0
2026-07-03T10:00:00+05:30,125.54,127.0,124.01,126.02,179127,0
2026-07-03T10:15:00+05:30,126.02,126.99,125.09,125.51,82887,0
2026-07-03T10:30:00+05:30,125.51,126.12,125.12,125.18,70741,0
2026-07-03T10:45:00+05:30,125.21,127.55,125.11,126.31,80625,0
2026-07-03T11:00:00+05:30,126.31,127.85,126.31,126.61,57353,0
2026-07-03T11:15:00+05:30,126.9,127.38,126.14,126.19,24007,0
2026-07-03T11:30:00+05:30,126.19,127.14,126.19,126.65,21135,0
2026-07-03T11:45:00+05:30,126.4,127.47,126.0,126.27,34147,0
2026-07-03T12:00:00+05:30,126.29,126.86,126.0,126.06,17099,0
2026-07-03T12:15:00+05:30,126.06,126.37,125.31,125.74,32701,0
2026-07-03T12:30:00+05:30,125.74,126.69,125.62,126.27,37492,0
2026-07-03T12:45:00+05:30,126.47,127.0,125.01,125.44,47053,0
2026-07-03T13:00:00+05:30,125.64,125.83,124.68,124.71,23913,0
2026-07-03T13:15:00+05:30,124.71,125.4,124.59,124.85,18242,0
2026-07-03T13:30:00+05:30,124.85,125.0,123.11,123.5,92503,0
2026-07-03T13:45:00+05:30,123.51,123.9,122.11,123.14,123276,0
2026-07-03T14:00:00+05:30,123.18,125.0,122.71,124.99,62665,0
2026-07-03T14:15:00+05:30,124.63,125.0,124.01,124.31,24565,0
2026-07-03T14:30:00+05:30,124.25,124.63,124.15,124.29,15847,0
2026-07-03T14:45:00+05:30,124.56,126.4,124.29,126.26,98960,0
2026-07-03T15:00:00+05:30,126.26,126.72,122.12,123.0,169695,0
2026-07-03T15:15:00+05:30,123.0,124.5,122.81,124.5,155781,0
2026-07-06T09:15:00+05:30,125.0,126.8,122.55,124.85,254437,0
2026-07-06T09:30:00+05:30,124.85,124.86,123.51,124.0,41237,0
2026-07-06T09:45:00+05:30,124.03,124.19,122.1,122.51,42012,0
2026-07-06T10:00:00+05:30,122.5,123.67,122.5,122.5,55065,0
2026-07-06T10:15:00+05:30,122.62,122.89,121.3,121.48,42705,0
2026-07-06T10:30:00+05:30,121.47,121.6,117.6,119.09,169531,0
2026-07-06T10:45:00+05:30,118.98,119.08,115.44,116.64,121536,0
2026-07-06T11:00:00+05:30,116.41,122.4,116.2,119.51,697930,0
2026-07-06T11:15:00+05:30,119.28,120.58,118.5,120.18,73596,0
2026-07-06T11:30:00+05:30,120.18,120.8,119.24,120.63,47312,0
2026-07-06T11:45:00+05:30,120.7,121.4,119.91,120.11,43747,0
2026-07-06T12:00:00+05:30,120.25,120.52,119.36,120.27,30531,0
2026-07-06T12:15:00+05:30,120.28,120.28,118.62,118.73,26763,0
2026-07-06T12:30:00+05:30,118.73,119.04,118.6,118.91,20590,0
2026-07-06T12:45:00+05:30,118.91,119.49,118.7,118.79,13923,0
2026-07-06T13:00:00+05:30,118.79,119.28,118.7,118.85,7926,0
2026-07-06T13:15:00+05:30,118.85,119.37,118.74,118.94,14063,0
2026-07-06T13:30:00+05:30,118.94,119.52,118.5,119.02,21198,0
2026-07-06T13:45:00+05:30,119.09,119.29,118.11,118.31,20608,0
2026-07-06T14:00:00+05:30,118.38,118.69,118.12,118.21,10454,0
2026-07-06T14:15:00+05:30,118.21,119.8,118.21,118.63,39073,0
2026-07-06T14:30:00+05:30,118.47,119.8,118.47,119.06,24242,0
2026-07-06T14:45:00+05:30,119.06,120.25,119.01,119.98,30758,0
2026-07-06T15:00:00+05:30,120.11,120.23,117.0,117.75,90248,0
2026-07-06T15:15:00+05:30,117.75,118.24,117.0,117.35,116766,0
2026-07-07T09:15:00+05:30,117.9,119.89,112.55,113.6,190566,0
2026-07-07T09:30:00+05:30,113.68,114.79,112.6,112.93,83162,0
2026-07-07T09:45:00+05:30,112.73,113.6,112.0,112.09,51878,0
2026-07-07T10:00:00+05:30,112.08,112.76,110.05,110.24,151150,0
2026-07-07T10:15:00+05:30,110.25,110.39,108.79,109.8,82165,0
2026-07-07T10:30:00+05:30,109.8,109.89,107.93,108.3,125194,0
2026-07-07T10:45:00+05:30,108.31,109.48,107.04,108.0,95029,0
2026-07-07T11:00:00+05:30,108.04,109.3,107.96,109.26,22781,0
2026-07-07T11:15:00+05:30,109.11,109.3,108.5,109.04,14026,0
2026-07-07T11:30:00+05:30,108.88,109.18,108.0,108.03,33197,0
2026-07-07T11:45:00+05:30,108.03,108.49,108.03,108.47,9018,0
2026-07-07T12:00:00+05:30,108.44,108.63,108.16,108.21,15514,0
2026-07-07T12:15:00+05:30,108.35,109.44,108.14,108.92,27283,0
2026-07-07T12:30:00+05:30,108.8,109.2,108.56,108.77,11712,0
2026-07-07T12:45:00+05:30,108.77,108.97,108.4,108.97,5616,0
2026-07-07T13:00:00+05:30,108.97,109.31,108.18,108.47,11830,0
2026-07-07T13:15:00+05:30,108.27,108.81,107.14,108.06,32108,0
2026-07-07T13:30:00+05:30,108.0,108.05,106.5,107.32,62054,0
2026-07-07T13:45:00+05:30,107.32,107.45,106.86,107.1,14845,0
2026-07-07T14:00:00+05:30,107.12,107.91,107.11,107.91,7437,0
2026-07-07T14:15:00+05:30,107.78,108.68,107.6,108.57,51519,0
2026-07-07T14:30:00+05:30,108.6,108.9,108.04,108.67,9670,0
2026-07-07T14:45:00+05:30,108.72,109.0,108.2,108.22,25704,0
2026-07-07T15:00:00+05:30,108.25,108.56,107.25,107.59,30278,0
2026-07-07T15:15:00+05:30,107.36,108.0,106.11,106.11,109323,0
2026-07-08T09:15:00+05:30,108.0,112.39,106.15,110.91,245728,0
2026-07-08T09:30:00+05:30,110.9,112.5,110.5,111.74,121899,0
2026-07-08T09:45:00+05:30,111.75,111.99,107.77,108.93,148728,0
2026-07-08T10:00:00+05:30,108.93,110.37,108.32,109.9,35598,0
2026-07-08T10:15:00+05:30,109.7,111.0,109.2,109.59,55428,0
2026-07-08T10:30:00+05:30,109.59,109.63,108.11,108.68,31511,0
2026-07-08T10:45:00+05:30,108.74,109.61,108.61,108.72,19378,0
2026-07-08T11:00:00+05:30,108.74,109.58,108.12,108.87,27975,0
2026-07-08T11:15:00+05:30,108.87,109.52,108.6,109.08,4110,0
2026-07-08T11:30:00+05:30,109.26,109.26,108.62,108.9,7053,0
2026-07-08T11:45:00+05:30,108.9,109.0,108.62,109.0,6643,0
2026-07-08T12:00:00+05:30,109.0,109.37,108.91,109.12,4766,0
2026-07-08T12:15:00+05:30,109.2,109.89,109.11,109.83,13553,0
2026-07-08T12:30:00+05:30,109.83,109.89,108.85,109.49,13271,0
2026-07-08T12:45:00+05:30,109.38,109.94,109.05,109.94,14511,0
2026-07-08T13:00:00+05:30,109.94,110.15,109.45,109.48,7905,0
2026-07-08T13:15:00+05:30,109.48,109.99,109.44,109.99,4777,0
2026-07-08T13:30:00+05:30,109.81,110.28,109.62,110.25,4945,0
2026-07-08T13:45:00+05:30,110.13,110.31,107.82,107.82,40301,0
2026-07-08T14:00:00+05:30,107.82,107.82,105.0,105.14,70243,0
2026-07-08T14:15:00+05:30,105.14,106.19,103.7,105.5,67865,0
2026-07-08T14:30:00+05:30,105.64,105.87,105.0,105.08,18053,0
2026-07-08T14:45:00+05:30,105.08,105.45,103.31,104.66,88684,0
2026-07-08T15:00:00+05:30,104.86,106.18,104.21,105.32,82611,0
2026-07-08T15:15:00+05:30,105.32,109.02,104.64,105.9,107304,0
2026-07-09T09:15:00+05:30,107.0,110.4,107.0,109.0,98618,0
2026-07-09T09:30:00+05:30,108.87,109.55,107.35,108.8,52855,0
2026-07-09T09:45:00+05:30,108.68,110.0,108.08,109.3,46756,0
2026-07-09T10:00:00+05:30,109.28,111.0,108.36,109.07,85567,0
2026-07-09T10:15:00+05:30,109.12,109.38,106.0,107.19,127251,0
2026-07-09T10:30:00+05:30,107.06,108.06,107.03,108.06,19870,0
2026-07-09T10:45:00+05:30,108.06,108.49,107.52,107.99,7555,0
2026-07-09T11:00:00+05:30,107.99,108.17,107.52,107.77,5102,0
2026-07-09T11:15:00+05:30,107.77,107.88,106.8,107.0,17462,0
2026-07-09T11:30:00+05:30,106.8,107.28,106.8,106.95,6519,0
2026-07-09T11:45:00+05:30,106.95,107.59,106.95,107.39,3903,0
2026-07-09T12:00:00+05:30,107.39,107.54,107.13,107.13,9471,0
2026-07-09T12:15:00+05:30,107.13,107.17,106.88,107.0,4020,0
2026-07-09T12:30:00+05:30,107.07,107.39,106.85,106.9,8324,0
2026-07-09T12:45:00+05:30,106.9,107.35,106.9,107.19,1419,0
2026-07-09T13:00:00+05:30,107.19,107.43,107.15,107.23,4268,0
2026-07-09T13:15:00+05:30,107.23,107.5,107.04,107.2,8457,0
2026-07-09T13:30:00+05:30,107.2,107.63,107.2,107.33,14719,0
2026-07-09T13:45:00+05:30,107.21,107.35,107.14,107.14,782,0
2026-07-09T14:00:00+05:30,107.17,107.42,107.03,107.25,2912,0
2026-07-09T14:15:00+05:30,107.25,107.59,107.01,107.12,9080,0
2026-07-09T14:30:00+05:30,107.13,107.27,106.79,106.84,6161,0
2026-07-09T14:45:00+05:30,106.85,107.0,106.6,106.63,8731,0
2026-07-09T15:00:00+05:30,106.63,106.98,105.51,105.93,54564,0
2026-07-09T15:15:00+05:30,105.93,108.92,105.84,107.9,72887,0
2026-07-10T09:15:00+05:30,111.0,111.9,108.21,109.8,104390,0
2026-07-10T09:30:00+05:30,109.75,110.73,108.71,109.39,54721,0
2026-07-10T09:45:00+05:30,109.11,109.11,108.12,108.6,28095,0
2026-07-10T10:00:00+05:30,108.72,108.99,107.55,107.94,37035,0
2026-07-10T10:15:00+05:30,108.09,110.25,107.63,110.13,49305,0
2026-07-10T10:30:00+05:30,109.87,111.0,109.71,110.45,82333,0
2026-07-10T10:45:00+05:30,110.45,114.49,110.45,112.19,202038,0
2026-07-10T11:00:00+05:30,112.03,112.03,110.0,110.0,92064,0
2026-07-10T11:15:00+05:30,110.02,110.9,109.38,110.56,27200,0
2026-07-10T11:30:00+05:30,110.67,110.87,110.31,110.33,17651,0
2026-07-10T11:45:00+05:30,110.33,111.74,110.0,110.7,26419,0
2026-07-10T12:00:00+05:30,110.71,110.99,110.49,110.9,4734,0
2026-07-10T12:15:00+05:30,110.9,111.3,110.72,110.93,13989,0
2026-07-10T12:30:00+05:30,110.93,111.16,110.57,110.98,6693,0
2026-07-10T12:45:00+05:30,110.97,111.05,110.6,110.85,3484,0
2026-07-10T13:00:00+05:30,110.87,112.95,110.84,112.54,26152,0
2026-07-10T13:15:00+05:30,112.52,113.5,112.21,112.7,25389,0
2026-07-10T13:30:00+05:30,112.7,113.17,112.31,112.44,12237,0
2026-07-10T13:45:00+05:30,112.52,113.28,112.51,112.81,17150,0
2026-07-10T14:00:00+05:30,112.96,113.8,112.61,113.36,25127,0
2026-07-10T14:15:00+05:30,113.34,113.94,112.91,113.58,19442,0
2026-07-10T14:30:00+05:30,113.61,114.29,113.01,113.8,22027,0
2026-07-10T14:45:00+05:30,113.97,114.0,111.86,112.34,25200,0
2026-07-10T15:00:00+05:30,112.51,113.0,111.6,112.45,40139,0
2026-07-10T15:15:00+05:30,112.42,114.45,111.88,113.65,103666,0
2026-07-13T09:15:00+05:30,112.1,112.1,109.51,111.0,54482,0
2026-07-13T09:30:00+05:30,111.0,112.29,110.63,111.2,20777,0
2026-07-13T09:45:00+05:30,111.2,111.85,110.9,111.58,23114,0
2026-07-13T10:00:00+05:30,111.73,111.78,111.35,111.58,2991,0
2026-07-13T10:15:00+05:30,111.5,111.68,110.41,111.34,17993,0
2026-07-13T10:30:00+05:30,111.13,111.46,109.98,110.76,16480,0
2026-07-13T10:45:00+05:30,110.81,111.23,110.5,110.66,18536,0
2026-07-13T11:00:00+05:30,110.66,110.89,110.51,110.77,2908,0
2026-07-13T11:15:00+05:30,110.73,111.49,110.52,111.32,15833,0
2026-07-13T11:30:00+05:30,111.32,111.32,111.06,111.26,2558,0
2026-07-13T11:45:00+05:30,111.11,112.09,111.06,111.48,17097,0
2026-07-13T12:00:00+05:30,111.29,112.0,111.08,111.88,10063,0
2026-07-13T12:15:00+05:30,111.88,113.48,111.88,113.08,19678,0
2026-07-13T12:30:00+05:30,113.14,113.2,112.11,112.8,8788,0
2026-07-13T12:45:00+05:30,112.73,115.8,112.72,115.0,37662,0
2026-07-13T13:00:00+05:30,114.97,115.63,114.85,115.36,19008,0
2026-07-13T13:15:00+05:30,115.17,115.26,114.4,114.87,9882,0
2026-07-13T13:30:00+05:30,115.0,116.0,114.82,115.96,20067,0
2026-07-13T13:45:00+05:30,115.96,117.4,114.95,115.72,43367,0
2026-07-13T14:00:00+05:30,115.71,117.06,115.57,116.72,22824,0
2026-07-13T14:15:00+05:30,116.69,117.09,116.01,116.61,24975,0
2026-07-13T14:30:00+05:30,116.62,116.8,116.11,116.33,10204,0
2026-07-13T14:45:00+05:30,116.33,116.54,115.51,115.7,19182,0
2026-07-13T15:00:00+05:30,115.93,116.0,115.0,115.0,23169,0
2026-07-13T15:15:00+05:30,115.0,119.9,114.81,117.99,75672,0
2026-07-14T09:15:00+05:30,116.01,118.22,114.91,117.62,95917,0
2026-07-14T09:30:00+05:30,117.86,118.68,116.35,116.53,73395,0
2026-07-14T09:45:00+05:30,116.34,116.79,114.48,114.77,54027,0
2026-07-14T10:00:00+05:30,114.67,115.31,114.31,115.0,33671,0
2026-07-14T10:15:00+05:30,114.87,115.05,114.1,114.1,8987,0
2026-07-14T10:30:00+05:30,114.29,114.59,114.05,114.55,10428,0
2026-07-14T10:45:00+05:30,114.56,114.99,114.42,114.99,2442,0
2026-07-14T11:00:00+05:30,114.97,114.98,114.69,114.79,2227,0
2026-07-14T11:15:00+05:30,114.79,114.95,114.25,114.25,13491,0
2026-07-14T11:30:00+05:30,114.34,114.5,113.51,113.65,11188,0
2026-07-14T11:45:00+05:30,113.65,114.31,112.04,112.83,29299,0
2026-07-14T12:00:00+05:30,112.96,113.69,112.96,113.18,6504,0
2026-07-14T12:15:00+05:30,113.35,113.37,112.83,112.83,6398,0
2026-07-14T12:30:00+05:30,112.83,112.94,112.5,112.94,5319,0
2026-07-14T12:45:00+05:30,113.01,113.6,113.0,113.4,4192,0
2026-07-14T13:00:00+05:30,113.4,113.45,113.2,113.43,1238,0
2026-07-14T13:15:00+05:30,113.43,113.6,113.11,113.18,5191,0
2026-07-14T13:30:00+05:30,113.18,113.6,113.16,113.28,7904,0
2026-07-14T13:45:00+05:30,113.28,113.39,112.5,113.36,6385,0
2026-07-14T14:00:00+05:30,113.36,113.48,113.21,113.27,1455,0
2026-07-14T14:15:00+05:30,113.48,113.97,113.0,113.42,7623,0
2026-07-14T14:30:00+05:30,113.3,113.5,113.26,113.26,2739,0
2026-07-14T14:45:00+05:30,113.26,113.45,113.25,113.35,1410,0
2026-07-14T15:00:00+05:30,113.35,114.7,113.01,113.43,27545,0
2026-07-14T15:15:00+05:30,113.26,113.4,112.1,112.1,48074,0
2026-07-15T09:15:00+05:30,116.0,116.0,112.05,113.09,28172,0
2026-07-15T09:30:00+05:30,113.14,114.11,112.55,113.91,25374,0
2026-07-15T09:45:00+05:30,113.63,113.85,113.0,113.75,15876,0
2026-07-15T10:00:00+05:30,113.75,114.7,113.74,114.07,17466,0
2026-07-15T10:15:00+05:30,114.26,115.49,113.24,115.41,35399,0
2026-07-15T10:30:00+05:30,115.24,117.89,114.96,116.75,132567,0
2026-07-15T10:45:00+05:30,116.56,118.45,115.81,118.31,113637,0
2026-07-15T11:00:00+05:30,118.44,119.0,116.26,117.41,98422,0
2026-07-15T11:15:00+05:30,117.5,118.8,117.25,117.52,38592,0
2026-07-15T11:30:00+05:30,117.55,118.29,117.47,117.77,20798,0
2026-07-15T11:45:00+05:30,117.73,117.82,116.99,117.49,18833,0
2026-07-15T12:00:00+05:30,117.46,117.49,116.51,116.84,23749,0
2026-07-15T12:15:00+05:30,116.83,117.0,116.51,116.88,8181,0
2026-07-15T12:30:00+05:30,117.0,117.5,116.58,117.25,8696,0
2026-07-15T12:45:00+05:30,117.21,117.29,116.6,116.73,9635,0
2026-07-15T13:00:00+05:30,116.73,117.16,116.5,116.61,8269,0
2026-07-15T13:15:00+05:30,116.6,116.95,116.5,116.75,6071,0
2026-07-15T13:30:00+05:30,116.72,117.41,116.62,116.7,10910,0
2026-07-15T13:45:00+05:30,116.71,117.8,116.71,117.55,4399,0
2026-07-15T14:00:00+05:30,117.51,118.0,117.01,117.35,15293,0
2026-07-15T14:15:00+05:30,117.09,117.5,117.06,117.22,4287,0
2026-07-15T14:30:00+05:30,117.22,117.55,117.22,117.48,4862,0
2026-07-15T14:45:00+05:30,117.48,117.59,116.66,116.95,11318,0
2026-07-15T15:00:00+05:30,117.01,117.22,116.51,116.54,9996,0
2026-07-15T15:15:00+05:30,116.54,117.5,116.1,116.25,43826,0
2026-07-16T09:15:00+05:30,119.0,122.9,116.3,116.4,277341,0
2026-07-16T09:30:00+05:30,116.39,117.38,115.35,116.47,64933,0
2026-07-16T09:45:00+05:30,116.5,116.64,116.11,116.4,10923,0
2026-07-16T10:00:00+05:30,116.21,117.48,116.11,116.63,11873,0
2026-07-16T10:15:00+05:30,116.64,118.44,116.64,117.78,32641,0
2026-07-16T10:30:00+05:30,117.98,118.47,117.75,118.38,14442,0
2026-07-16T10:45:00+05:30,118.19,118.39,116.5,117.0,36942,0
2026-07-16T11:00:00+05:30,117.0,117.37,117.0,117.07,1700,0
2026-07-16T11:15:00+05:30,117.19,117.49,117.0,117.1,3540,0
2026-07-16T11:30:00+05:30,117.1,117.7,117.1,117.7,6850,0
2026-07-16T11:45:00+05:30,117.7,117.7,116.3,116.84,6063,0
2026-07-16T12:00:00+05:30,116.83,116.98,116.78,116.94,1282,0
2026-07-16T12:15:00+05:30,116.92,117.25,116.83,117.2,4835,0
2026-07-16T12:30:00+05:30,117.25,117.6,117.13,117.4,3668,0
2026-07-16T12:45:00+05:30,117.39,117.75,117.01,117.2,11320,0
2026-07-16T13:00:00+05:30,117.14,117.14,116.19,116.49,8300,0
2026-07-16T13:15:00+05:30,116.49,116.69,115.61,115.71,13191,0
2026-07-16T13:30:00+05:30,115.87,115.9,115.21,115.23,8270,0
2026-07-16T13:45:00+05:30,115.42,115.6,115.2,115.59,5758,0
2026-07-16T14:00:00+05:30,115.73,116.07,115.3,116.06,4205,0
2026-07-16T14:15:00+05:30,115.85,115.85,115.25,115.25,6850,0
2026-07-16T14:30:00+05:30,115.38,115.79,115.25,115.62,5516,0
2026-07-16T14:45:00+05:30,115.47,116.66,115.42,115.46,17810,0
2026-07-16T15:00:00+05:30,115.62,117.78,115.35,117.78,38410,0
2026-07-16T15:15:00+05:30,117.81,119.75,117.61,117.61,72575,0
2026-07-17T09:15:00+05:30,117.4,117.49,114.33,114.81,41869,0
2026-07-17T09:30:00+05:30,114.99,115.5,114.01,114.8,23078,0
2026-07-17T09:45:00+05:30,114.73,115.0,114.02,114.2,17474,0
2026-07-17T10:00:00+05:30,114.2,114.38,112.95,114.14,17081,0
2026-07-17T10:15:00+05:30,114.17,114.9,113.53,114.86,9079,0
2026-07-17T10:30:00+05:30,114.86,114.89,113.47,114.44,23858,0
2026-07-17T10:45:00+05:30,114.22,114.32,113.62,114.0,3169,0
2026-07-17T11:00:00+05:30,114.0,114.39,113.45,113.5,5441,0
2026-07-17T11:15:00+05:30,113.5,113.5,112.61,112.66,9974,0
2026-07-17T11:30:00+05:30,112.8,113.3,112.8,113.0,4202,0
2026-07-17T11:45:00+05:30,113.0,113.1,112.6,113.1,6659,0
2026-07-17T12:00:00+05:30,113.1,113.1,110.11,110.88,66607,0
2026-07-17T12:15:00+05:30,111.0,111.66,110.88,111.0,12844,0
2026-07-17T12:30:00+05:30,110.99,111.0,109.54,110.21,51232,0
2026-07-17T12:45:00+05:30,110.4,111.0,110.26,110.79,14128,0
2026-07-17T13:00:00+05:30,110.64,110.97,110.6,110.96,6919,0
2026-07-17T13:15:00+05:30,110.95,111.0,110.79,110.99,13831,0
2026-07-17T13:30:00+05:30,110.84,111.5,110.74,111.19,14200,0
2026-07-17T13:45:00+05:30,110.98,111.28,110.7,111.0,4910,0
2026-07-17T14:00:00+05:30,111.0,111.3,110.7,111.17,7946,0
2026-07-17T14:15:00+05:30,111.1,112.3,111.0,111.59,21263,0
2026-07-17T14:30:00+05:30,111.45,111.75,111.25,111.56,5253,0
2026-07-17T14:45:00+05:30,111.78,112.34,111.71,112.13,11229,0
2026-07-17T15:00:00+05:30,112.27,112.39,111.31,111.57,15545,0
2026-07-17T15:15:00+05:30,111.57,112.18,110.15,110.2,74866,0
2026-07-20T09:15:00+05:30,111.0,112.49,109.4,110.0,57108,0
2026-07-20T09:30:00+05:30,110.0,110.0,109.22,109.6,24179,0
2026-07-20T09:45:00+05:30,109.71,109.97,108.71,108.98,13551,0
2026-07-20T10:00:00+05:30,108.98,109.2,108.42,108.91,33667,0
2026-07-20T10:15:00+05:30,109.16,109.48,108.5,109.15,15316,0
2026-07-20T10:30:00+05:30,108.9,109.9,108.84,109.75,17659,0
2026-07-20T10:45:00+05:30,109.55,109.6,108.0,108.45,27524,0
2026-07-20T11:00:00+05:30,108.24,109.9,108.0,108.09,52898,0
2026-07-20T11:15:00+05:30,108.09,111.3,108.09,110.93,121165,0
2026-07-20T11:30:00+05:30,110.91,110.99,109.61,110.06,31387,0
2026-07-20T11:45:00+05:30,110.06,110.5,109.95,110.3,11485,0
2026-07-20T12:00:00+05:30,110.25,111.16,109.8,110.97,26062,0
2026-07-20T12:15:00+05:30,110.97,110.97,110.35,110.53,3527,0
2026-07-20T12:30:00+05:30,110.53,110.89,110.02,110.54,3102,0
2026-07-20T12:45:00+05:30,110.54,110.6,110.13,110.24,1048,0
2026-07-20T13:00:00+05:30,110.24,110.87,110.24,110.62,7116,0
2026-07-20T13:15:00+05:30,110.78,111.48,110.09,111.39,44244,0
2026-07-20T13:30:00+05:30,111.3,114.84,111.3,112.81,86286,0
2026-07-20T13:45:00+05:30,112.71,112.93,112.28,112.28,15098,0
2026-07-20T14:00:00+05:30,112.33,112.5,111.44,111.55,8787,0
2026-07-20T14:15:00+05:30,111.54,111.54,110.76,111.21,17298,0
2026-07-20T14:30:00+05:30,111.19,111.29,110.61,110.8,6366,0
2026-07-20T14:45:00+05:30,110.81,111.06,110.55,110.55,6477,0
2026-07-20T15:00:00+05:30,110.55,111.07,110.1,110.14,6368,0
2026-07-20T15:15:00+05:30,110.29,110.38,109.0,109.0,42687,0
2026-07-21T09:15:00+05:30,109.2,110.46,108.87,109.52,17405,0
2026-07-21T09:30:00+05:30,109.79,109.88,109.02,109.61,8124,0
2026-07-21T09:45:00+05:30,109.32,109.66,109.03,109.26,5859,0
2026-07-21T10:00:00+05:30,109.26,109.57,109.03,109.33,3692,0
2026-07-21T10:15:00+05:30,109.33,110.09,108.85,108.85,26212,0
2026-07-21T10:30:00+05:30,108.85,108.91,108.1,108.43,11809,0
2026-07-21T10:45:00+05:30,108.31,108.7,108.25,108.41,9676,0
2026-07-21T11:00:00+05:30,108.41,108.62,108.3,108.44,5169,0
2026-07-21T11:15:00+05:30,108.44,108.77,108.3,108.77,10404,0
2026-07-21T11:30:00+05:30,108.57,109.47,108.54,108.84,8772,0
2026-07-21T11:45:00+05:30,108.84,109.04,108.84,109.0,1401,0
2026-07-21T12:00:00+05:30,109.0,109.0,107.13,107.65,40452,0
2026-07-21T12:15:00+05:30,107.65,108.01,107.51,107.58,5620,0
2026-07-21T12:30:00+05:30,107.58,107.95,107.51,107.75,3308,0
2026-07-21T12:45:00+05:30,107.75,107.99,107.5,107.72,3538,0
2026-07-21T13:00:00+05:30,107.72,108.38,107.71,108.38,5252,0
2026-07-21T13:15:00+05:30,108.38,108.39,107.91,107.95,7178,0
2026-07-21T13:30:00+05:30,108.18,108.38,108.07,108.07,2129,0
2026-07-21T13:45:00+05:30,108.15,108.39,108.15,108.2,562,0
2026-07-21T14:00:00+05:30,108.2,108.28,107.7,107.7,5872,0
2026-07-21T14:15:00+05:30,107.53,107.76,107.37,107.71,8106,0
2026-07-21T14:30:00+05:30,107.71,107.83,107.51,107.69,5076,0
2026-07-21T14:45:00+05:30,107.61,107.88,107.5,107.71,5251,0
2026-07-21T15:00:00+05:30,107.71,108.0,107.5,107.97,8509,0
2026-07-21T15:15:00+05:30,107.72,109.44,106.92,109.14,53362,0
2026-07-22T09:15:00+05:30,108.0,108.58,107.51,107.54,12978,0
2026-07-22T09:30:00+05:30,108.0,109.98,107.1,109.29,31153,0
2026-07-22T09:45:00+05:30,109.62,109.99,108.0,109.49,20278,0
2026-07-22T10:00:00+05:30,109.48,110.81,109.03,110.38,15053,0
2026-07-22T10:15:00+05:30,110.35,110.5,109.3,109.3,11648,0
2026-07-22T10:30:00+05:30,109.3,109.35,108.5,108.85,5854,0
2026-07-22T10:45:00+05:30,108.89,110.0,108.71,109.41,4624,0
2026-07-22T11:00:00+05:30,109.53,110.5,109.52,110.1,10292,0
2026-07-22T11:15:00+05:30,110.39,111.0,109.67,109.67,17751,0
2026-07-22T11:30:00+05:30,109.66,110.5,109.63,109.73,3564,0
2026-07-22T11:45:00+05:30,109.73,110.08,109.37,109.37,4992,0
2026-07-22T12:00:00+05:30,109.13,109.16,108.65,108.82,11673,0
2026-07-22T12:15:00+05:30,108.82,108.95,108.57,108.94,9349,0
2026-07-22T12:30:00+05:30,108.94,108.94,108.5,108.5,4540,0
2026-07-22T12:45:00+05:30,108.5,109.22,108.5,109.17,2285,0
2026-07-22T13:00:00+05:30,109.0,109.0,108.68,108.68,597,0
2026-07-22T13:15:00+05:30,108.68,108.92,108.54,108.56,1911,0
2026-07-22T13:30:00+05:30,108.73,108.87,108.51,108.74,650,0
2026-07-22T13:45:00+05:30,108.74,108.75,108.49,108.49,1716,0
2026-07-22T14:00:00+05:30,108.4,108.46,107.71,108.0,8195,0
2026-07-22T14:15:00+05:30,107.97,108.5,106.91,107.41,19400,0
2026-07-22T14:30:00+05:30,107.41,108.09,107.32,107.67,2353,0
2026-07-22T14:45:00+05:30,107.67,107.99,107.67,107.99,3777,0
2026-07-22T15:00:00+05:30,107.99,108.45,107.76,108.44,7421,0
2026-07-22T15:15:00+05:30,108.44,109.0,107.55,107.55,15971,0
2026-07-23T09:15:00+05:30,107.0,108.99,106.5,108.51,23500,0
2026-07-23T09:30:00+05:30,108.51,108.63,107.64,108.49,7908,0
2026-07-23T09:45:00+05:30,108.45,108.7,108.21,108.7,3668,0
2026-07-23T10:00:00+05:30,108.7,109.74,108.7,108.91,6149,0
2026-07-23T10:15:00+05:30,108.89,109.0,108.41,108.73,3219,0
2026-07-23T10:30:00+05:30,108.66,108.79,108.32,108.64,1814,0
2026-07-23T10:45:00+05:30,108.64,108.8,108.5,108.6,1239,0
2026-07-23T11:00:00+05:30,108.6,108.82,108.5,108.62,1737,0
2026-07-23T11:15:00+05:30,108.66,108.66,108.2,108.2,2084,0
2026-07-23T11:30:00+05:30,108.23,108.23,107.71,107.81,2076,0
2026-07-23T11:45:00+05:30,107.92,107.92,107.8,107.83,936,0
2026-07-23T12:00:00+05:30,107.98,108.57,107.87,108.38,7833,0
2026-07-23T12:15:00+05:30,108.38,108.56,107.85,108.27,2555,0
2026-07-23T12:30:00+05:30,108.13,108.13,107.5,107.5,11769,0
2026-07-23T12:45:00+05:30,107.46,107.46,106.0,106.81,19100,0
2026-07-23T13:00:00+05:30,106.81,107.07,105.9,106.49,23371,0
2026-07-23T13:15:00+05:30,106.49,106.49,105.35,105.97,7084,0
2026-07-23T13:30:00+05:30,105.97,105.97,105.5,105.89,3228,0
2026-07-23T13:45:00+05:30,105.8,106.38,105.45,105.45,9355,0
2026-07-23T14:00:00+05:30,105.45,105.58,105.15,105.2,3256,0
2026-07-23T14:15:00+05:30,105.2,105.58,105.2,105.3,2005,0
2026-07-23T14:30:00+05:30,105.3,105.47,105.1,105.24,2394,0
2026-07-23T14:45:00+05:30,105.24,105.38,104.0,104.94,22454,0
2026-07-23T15:00:00+05:30,104.98,104.98,104.0,104.46,15690,0
2026-07-23T15:15:00+05:30,104.37,107.0,104.0,104.1,28764,0
2026-07-24T09:15:00+05:30,104.0,104.0,100.9,103.52,59488,0
2026-07-24T09:30:00+05:30,103.82,104.28,103.09,103.95,10202,0
2026-07-24T09:45:00+05:30,103.96,104.0,102.34,102.81,18291,0
2026-07-24T10:00:00+05:30,102.8,103.68,102.0,102.26,15574,0
2026-07-24T10:15:00+05:30,102.26,102.56,101.91,102.32,3326,0
2026-07-24T10:30:00+05:30,102.09,103.07,102.08,102.94,9173,0
2026-07-24T10:45:00+05:30,102.85,103.08,102.3,102.39,4862,0
2026-07-24T11:00:00+05:30,102.16,102.16,101.61,101.98,12311,0
2026-07-24T11:15:00+05:30,101.98,102.6,101.76,102.27,2273,0
2026-07-24T11:30:00+05:30,102.27,102.9,102.0,102.89,6762,0
2026-07-24T11:45:00+05:30,102.88,103.4,102.88,103.07,7775,0
2026-07-24T12:00:00+05:30,103.18,103.68,102.93,103.17,2555,0
2026-07-24T12:15:00+05:30,103.5,105.89,103.42,105.69,15079,0
2026-07-24T12:30:00+05:30,105.69,105.99,105.15,105.53,4455,0
2026-07-24T12:45:00+05:30,105.6,105.69,105.4,105.51,2513,0
2026-07-24T13:00:00+05:30,105.51,105.75,105.11,105.21,4172,0
2026-07-24T13:15:00+05:30,105.36,105.5,104.82,105.08,3555,0
2026-07-24T13:30:00+05:30,105.01,105.44,105.0,105.0,2596,0
2026-07-24T13:45:00+05:30,105.05,105.55,105.04,105.55,3233,0
2026-07-24T14:00:00+05:30,105.41,105.99,105.11,105.49,4381,0
2026-07-24T14:15:00+05:30,105.49,105.5,104.72,104.72,2069,0
2026-07-24T14:30:00+05:30,104.6,107.65,104.21,107.0,49260,0
2026-07-24T14:45:00+05:30,107.0,107.9,106.62,107.63,16378,0
2026-07-24T15:00:00+05:30,107.63,109.0,107.05,108.66,31868,0
2026-07-24T15:15:00+05:30,108.66,109.0,107.82,107.87,26877,0
2026-07-27T09:15:00+05:30,110.44,111.49,109.4,109.73,28755,0
2026-07-27T09:30:00+05:30,109.86,110.85,109.86,110.65,13744,0
2026-07-27T09:45:00+05:30,110.65,110.65,110.0,110.02,4199,0
2026-07-27T10:00:00+05:30,110.02,110.31,109.22,109.63,11303,0
2026-07-27T10:15:00+05:30,109.69,110.04,109.6,109.62,2926,0
2026-07-27T10:30:00+05:30,109.57,109.68,109.1,109.25,3325,0
2026-07-27T10:45:00+05:30,109.44,109.57,109.17,109.2,3969,0
2026-07-27T11:00:00+05:30,109.2,109.89,109.2,109.89,2202,0
2026-07-27T11:15:00+05:30,109.89,109.89,109.16,109.16,1262,0
2026-07-27T11:30:00+05:30,109.16,109.46,109.11,109.22,2290,0
2026-07-27T11:45:00+05:30,109.42,109.61,109.25,109.32,1471,0
2026-07-27T12:00:00+05:30,109.34,109.45,109.34,109.45,215,0
2026-07-27T12:15:00+05:30,109.33,109.39,109.0,109.39,3823,0
2026-07-27T12:30:00+05:30,109.15,109.23,109.0,109.0,1882,0
2026-07-27T12:45:00+05:30,108.8,109.0,108.75,108.85,1007,0
2026-07-27T13:00:00+05:30,108.85,109.08,108.85,109.08,144,0
2026-07-27T13:15:00+05:30,109.05,109.19,108.95,108.95,1142,0
2026-07-27T13:30:00+05:30,108.95,108.98,108.5,108.97,3115,0
2026-07-27T13:45:00+05:30,108.97,108.97,108.61,108.61,2112,0
2026-07-27T14:00:00+05:30,108.61,109.37,108.61,109.37,1358,0
2026-07-27T14:15:00+05:30,109.37,109.69,109.0,109.0,6539,0
2026-07-27T14:30:00+05:30,109.0,110.0,109.0,109.49,8577,0
2026-07-27T14:45:00+05:30,109.57,110.03,109.41,109.74,4393,0
2026-07-27T15:00:00+05:30,109.74,109.83,109.36,109.36,3877,0
2026-07-27T15:15:00+05:30,109.53,109.66,108.6,109.6,7218,0
2026-07-28T09:15:00+05:30,109.94,109.96,107.31,108.0,18110,0
2026-07-28T09:30:00+05:30,107.99,108.01,106.7,107.43,29805,0
2026-07-28T09:45:00+05:30,107.16,108.01,106.82,107.55,16087,0
2026-07-28T10:00:00+05:30,107.56,107.56,106.4,106.81,15562,0
2026-07-28T10:15:00+05:30,106.79,106.8,106.01,106.21,4160,0
2026-07-28T10:30:00+05:30,106.25,106.5,106.25,106.31,1960,0
2026-07-28T10:45:00+05:30,106.35,106.45,105.68,105.8,16873,0
2026-07-28T11:00:00+05:30,105.96,106.0,105.48,105.72,17301,0
2026-07-28T11:15:00+05:30,105.73,106.0,105.57,105.94,2797,0
2026-07-28T11:30:00+05:30,105.89,106.81,105.63,105.77,63961,0
2026-07-28T11:45:00+05:30,105.77,107.23,105.77,106.78,6576,0
2026-07-28T12:00:00+05:30,106.78,106.78,106.27,106.28,454,0
2026-07-28T12:15:00+05:30,106.28,106.97,106.0,106.36,7235,0
2026-07-28T12:30:00+05:30,106.62,107.5,106.1,106.61,12535,0
2026-07-28T12:45:00+05:30,106.43,106.84,106.4,106.4,7948,0
2026-07-28T13:00:00+05:30,106.4,106.41,106.2,106.2,1947,0
2026-07-28T13:15:00+05:30,106.2,106.5,106.01,106.5,5278,0
2026-07-28T13:30:00+05:30,106.47,106.99,106.1,106.82,12893,0
2026-07-28T13:45:00+05:30,106.53,107.78,106.42,107.3,13626,0
2026-07-28T14:00:00+05:30,107.11,107.5,106.95,107.11,7081,0
2026-07-28T14:15:00+05:30,107.11,107.11,106.76,106.79,226,0
2026-07-28T14:30:00+05:30,106.97,107.29,106.81,106.84,2383,0
2026-07-28T14:45:00+05:30,106.86,106.86,106.5,106.73,1898,0
2026-07-28T15:00:00+05:30,106.73,107.0,106.57,106.8,7433,0
2026-07-28T15:15:00+05:30,106.8,110.0,106.79,106.97,17970,0
2026-07-29T09:15:00+05:30,108.0,109.36,106.52,107.17,29447,0
2026-07-29T09:30:00+05:30,107.17,107.17,105.42,106.75,25116,0
2026-07-29T09:45:00+05:30,106.75,106.78,106.2,106.2,4538,0
2026-07-29T10:00:00+05:30,106.0,106.58,105.86,106.49,5527,0
2026-07-29T10:15:00+05:30,106.68,107.54,106.57,106.61,4187,0
2026-07-29T10:30:00+05:30,106.62,106.7,106.49,106.59,2940,0
2026-07-29T10:45:00+05:30,106.59,106.67,106.33,106.33,2334,0
2026-07-29T11:00:00+05:30,106.32,106.59,105.94,106.02,10088,0
2026-07-29T11:15:00+05:30,106.07,106.07,105.3,105.99,8319,0
2026-07-29T11:30:00+05:30,105.79,106.19,105.59,105.94,915,0
2026-07-29T11:45:00+05:30,106.12,106.12,105.63,106.11,3000,0
2026-07-29T12:00:00+05:30,106.11,106.31,105.63,105.84,1479,0
2026-07-29T12:15:00+05:30,105.95,106.09,105.81,105.81,2920,0
2026-07-29T12:30:00+05:30,105.81,105.96,105.6,105.6,3458,0
2026-07-29T12:45:00+05:30,105.6,105.6,105.34,105.47,5451,0
2026-07-29T13:00:00+05:30,105.34,105.84,104.93,105.33,10720,0
2026-07-29T13:15:00+05:30,105.34,105.89,105.1,105.75,2229,0
2026-07-29T13:30:00+05:30,105.64,105.75,105.25,105.63,1362,0
2026-07-29T13:45:00+05:30,105.44,106.5,105.24,105.94,14688,0
2026-07-29T14:00:00+05:30,105.94,107.0,105.75,106.62,6967,0
2026-07-29T14:15:00+05:30,106.62,107.33,106.5,106.91,6175,0
2026-07-29T14:30:00+05:30,106.91,107.85,106.73,107.2,8922,0
2026-07-29T14:45:00+05:30,107.2,109.54,107.07,109.14,32589,0
2026-07-29T15:00:00+05:30,109.3,117.78,109.3,115.02,267355,0
2026-07-29T15:15:00+05:30,115.59,115.59,111.7,112.28,158328,0
2026-07-30T09:15:00+05:30,113.78,113.78,110.27,110.61,31819,0
2026-07-30T09:30:00+05:30,110.65,111.39,110.55,111.11,11687,0
2026-07-30T09:45:00+05:30,111.06,112.5,110.71,112.34,32698,0
2026-07-30T10:00:00+05:30,112.48,113.75,112.48,112.64,27214,0
2026-07-30T10:15:00+05:30,112.45,112.45,111.61,112.18,10516,0
2026-07-30T10:30:00+05:30,112.08,112.3,111.62,112.12,11075,0
2026-07-30T10:45:00+05:30,112.12,112.69,112.11,112.22,7909,0
2026-07-30T11:00:00+05:30,112.37,113.15,112.36,112.95,7403,0
2026-07-30T11:15:00+05:30,112.95,112.95,112.49,112.5,4036,0
2026-07-30T11:30:00+05:30,112.5,112.76,112.41,112.5,3317,0
2026-07-30T11:45:00+05:30,112.51,112.51,112.08,112.08,1714,0
2026-07-30T12:00:00+05:30,112.08,112.19,112.08,112.08,744,0
2026-07-30T12:15:00+05:30,112.08,113.23,112.08,112.95,17819,0
2026-07-30T12:30:00+05:30,112.95,114.0,112.86,113.56,8922,0
2026-07-30T12:45:00+05:30,113.61,113.61,112.92,113.17,8130,0
2026-07-30T13:00:00+05:30,113.17,113.49,112.1,112.1,5023,0
2026-07-30T13:15:00+05:30,112.17,112.72,111.8,112.61,23684,0
2026-07-30T13:30:00+05:30,112.61,112.78,112.41,112.41,1786,0
2026-07-30T13:45:00+05:30,112.41,112.69,112.32,112.59,969,0
2026-07-30T14:00:00+05:30,112.55,112.55,112.23,112.34,3305,0
2026-07-30T14:15:00+05:30,112.5,113.9,112.4,113.35,51054,0
2026-07-30T14:30:00+05:30,113.25,113.49,113.04,113.44,2148,0
2026-07-30T14:45:00+05:30,113.44,114.4,113.01,114.15,22832,0
2026-07-30T15:00:00+05:30,114.01,114.34,112.3,112.58,17543,0
2026-07-30T15:15:00+05:30,112.67,116.2,112.0,112.0,90982,0
2026-07-31T09:15:00+05:30,112.2,117.0,112.2,115.84,39128,0
2026-07-31T09:30:00+05:30,116.0,117.0,115.81,116.85,23111,0
2026-07-31T09:45:00+05:30,116.86,116.96,116.01,116.58,23027,0
2026-07-31T10:00:00+05:30,116.33,116.45,115.5,115.78,14011,0
2026-07-31T10:15:00+05:30,115.78,115.78,114.66,114.78,21985,0
2026-07-31T10:30:00+05:30,114.85,115.44,114.7,114.7,7880,0
2026-07-31T10:45:00+05:30,114.73,115.01,114.05,114.89,6252,0
2026-07-31T11:00:00+05:30,114.89,115.0,114.22,114.3,11392,0
2026-07-31T11:15:00+05:30,114.3,114.54,114.22,114.22,3704,0
2026-07-31T11:30:00+05:30,114.06,114.44,113.5,113.87,9927,0
2026-07-31T11:45:00+05:30,114.0,114.4,113.99,114.13,17195,0
2026-07-31T12:00:00+05:30,114.15,116.0,114.11,115.42,12241,0
2026-07-31T12:15:00+05:30,115.41,115.41,114.0,114.48,26340,0
2026-07-31T12:30:00+05:30,114.48,114.48,114.21,114.38,962,0
2026-07-31T12:45:00+05:30,114.23,114.64,114.0,114.18,11306,0
2026-07-31T13:00:00+05:30,114.18,114.47,114.0,114.34,3614,0
2026-07-31T13:15:00+05:30,114.33,114.35,114.0,114.26,12147,0
2026-07-31T13:30:00+05:30,114.11,114.31,114.05,114.2,2737,0
2026-07-31T13:45:00+05:30,114.32,114.38,114.2,114.23,1116,0
2026-07-31T14:00:00+05:30,114.23,114.78,114.05,114.35,9286,0
2026-07-31T14:15:00+05:30,114.35,114.94,114.24,114.55,7786,0
2026-07-31T14:30:00+05:30,114.55,114.74,114.1,114.4,2934,0
2026-07-31T14:45:00+05:30,114.45,114.98,114.0,114.48,15906,0
2026-07-31T15:00:00+05:30,114.41,115.98,114.26,115.61,39650,0
2026-07-31T15:15:00+05:30,115.62,116.7,113.4,115.0,115969,0
2026-08-03T09:15:00+05:30,115.85,116.72,112.05,115.8,121427,0
2026-08-03T09:30:00+05:30,115.84,120.99,115.23,120.2,123960,0
2026-08-03T09:45:00+05:30,120.6,120.6,119.12,119.83,104161,0
2026-08-03T10:00:00+05:30,119.9,119.98,119.1,119.3,31421,0
2026-08-03T10:15:00+05:30,119.3,119.3,117.5,117.7,49868,0
2026-08-03T10:30:00+05:30,117.73,118.0,117.52,117.59,9509,0
2026-08-03T10:45:00+05:30,117.75,118.0,117.75,117.86,3004,0
2026-08-03T11:00:00+05:30,117.99,118.01,117.75,117.76,21620,0
2026-08-03T11:15:00+05:30,117.76,117.76,117.1,117.3,11859,0
2026-08-03T11:30:00+05:30,117.11,117.28,116.0,116.27,20140,0
2026-08-03T11:45:00+05:30,116.27,116.38,115.79,115.85,8047,0
2026-08-03T12:00:00+05:30,115.9,116.2,115.5,116.2,14477,0
2026-08-03T12:15:00+05:30,116.33,116.33,115.66,115.66,3187,0
2026-08-03T12:30:00+05:30,115.42,115.7,115.2,115.64,8471,0
2026-08-03T12:45:00+05:30,115.64,115.9,115.33,115.5,5406,0
2026-08-03T13:00:00+05:30,115.44,115.6,115.29,115.59,4404,0
2026-08-03T13:15:00+05:30,115.69,115.69,115.32,115.69,1393,0
2026-08-03T13:30:00+05:30,115.51,115.9,115.51,115.73,1254,0
2026-08-03T13:45:00+05:30,115.73,115.88,115.65,115.65,2468,0
2026-08-03T14:00:00+05:30,115.83,115.83,115.5,115.59,4410,0
2026-08-03T14:15:00+05:30,115.59,116.28,115.51,116.27,13294,0
2026-08-03T14:30:00+05:30,116.18,116.39,116.0,116.16,5021,0
2026-08-03T14:45:00+05:30,116.17,116.4,116.05,116.33,3689,0
2026-08-03T15:00:00+05:30,116.2,116.32,114.2,114.59,34887,0
2026-08-03T15:15:00+05:30,114.34,115.01,114.1,114.2,34743,0
2026-08-04T09:15:00+05:30,115.73,115.73,113.25,113.73,16249,0
2026-08-04T09:30:00+05:30,113.72,114.49,113.72,114.43,20752,0
2026-08-04T09:45:00+05:30,114.43,114.74,114.0,114.0,12037,0
2026-08-04T10:00:00+05:30,114.0,114.29,113.71,113.98,7078,0
2026-08-04T10:15:00+05:30,113.79,114.28,113.75,114.1,4574,0
2026-08-04T10:30:00+05:30,114.04,114.04,113.17,113.59,13270,0
2026-08-04T10:45:00+05:30,113.42,113.65,113.32,113.32,6435,0
2026-08-04T11:00:00+05:30,113.32,113.59,113.32,113.59,1165,0
2026-08-04T11:15:00+05:30,113.59,113.65,113.33,113.35,1059,0
2026-08-04T11:30:00+05:30,113.35,113.49,113.05,113.12,6119,0
2026-08-04T11:45:00+05:30,113.12,113.32,112.38,112.53,10347,0
2026-08-04T12:00:00+05:30,112.71,112.75,112.39,112.64,5029,0
2026-08-04T12:15:00+05:30,112.64,112.64,112.39,112.41,2092,0
2026-08-04T12:30:00+05:30,112.41,112.65,112.35,112.53,1206,0
2026-08-04T12:45:00+05:30,112.53,112.57,112.2,112.2,2387,0
2026-08-04T13:00:00+05:30,112.23,112.54,112.1,112.1,6730,0
2026-08-04T13:15:00+05:30,112.1,112.31,111.2,111.8,12156,0
2026-08-04T13:30:00+05:30,111.97,112.65,111.97,112.35,9276,0
2026-08-04T13:45:00+05:30,112.35,112.86,112.35,112.49,2041,0
2026-08-04T14:00:00+05:30,112.49,112.49,112.0,112.01,2725,0
2026-08-04T14:15:00+05:30,112.01,112.25,112.01,112.19,1327,0
2026-08-04T14:30:00+05:30,112.19,112.59,112.19,112.23,1810,0
2026-08-04T14:45:00+05:30,112.23,112.41,112.02,112.28,4113,0
2026-08-04T15:00:00+05:30,112.11,112.81,111.2,111.5,13033,0
2026-08-04T15:15:00+05:30,115.73,115.73,110.22,111.15,732863,0
2026-08-05T09:15:00+05:30,112.68,113.49,111.69,112.71,12298,0
2026-08-05T09:30:00+05:30,112.93,113.99,112.7,113.53,15915,0
2026-08-05T09:45:00+05:30,113.96,114.5,113.51,114.3,12588,0
2026-08-05T10:00:00+05:30,114.3,114.99,114.28,114.99,16029,0
2026-08-05T10:15:00+05:30,114.98,114.99,114.38,114.38,9995,0
2026-08-05T10:30:00+05:30,114.33,115.55,113.92,115.5,36336,0
2026-08-05T10:45:00+05:30,115.44,115.44,115.01,115.15,4376,0
2026-08-05T11:00:00+05:30,115.15,115.25,114.4,114.52,2327,0
2026-08-05T11:15:00+05:30,114.61,114.84,114.31,114.47,5603,0
2026-08-05T11:30:00+05:30,114.47,114.67,114.47,114.47,479,0
2026-08-05T11:45:00+05:30,114.47,114.5,114.3,114.32,1427,0
2026-08-05T12:00:00+05:30,114.49,114.71,114.3,114.39,2947,0
2026-08-05T12:15:00+05:30,114.35,114.55,114.29,114.55,4667,0
2026-08-05T12:30:00+05:30,114.55,114.64,114.31,114.38,1465,0
2026-08-05T12:45:00+05:30,114.38,114.75,114.29,114.29,4480,0
2026-08-05T13:00:00+05:30,114.29,114.33,114.29,114.29,284,0
2026-08-05T13:15:00+05:30,114.29,114.52,114.27,114.27,7863,0
2026-08-05T13:30:00+05:30,114.27,114.29,113.66,113.66,704,0
2026-08-05T13:45:00+05:30,113.66,114.2,113.6,113.87,4131,0
2026-08-05T14:00:00+05:30,113.87,114.18,113.78,113.78,2122,0
2026-08-05T14:15:00+05:30,113.78,114.04,113.78,113.97,644,0
2026-08-05T14:30:00+05:30,113.97,113.97,113.81,113.84,720,0
2026-08-05T14:45:00+05:30,113.89,114.4,113.85,114.1,7803,0
2026-08-05T15:00:00+05:30,114.11,118.44,113.86,116.82,62272,0
2026-08-05T15:15:00+05:30,116.98,117.0,115.5,115.5,29347,0
2026-08-06T09:15:00+05:30,116.24,118.0,114.41,114.51,32358,0
2026-08-06T09:30:00+05:30,115.18,115.29,114.3,115.11,7084,0
2026-08-06T09:45:00+05:30,115.01,115.01,113.94,114.36,14627,0
2026-08-06T10:00:00+05:30,114.36,114.57,114.0,114.0,9900,0
2026-08-06T10:15:00+05:30,114.01,114.67,114.01,114.54,5182,0
2026-08-06T10:30:00+05:30,114.68,114.79,114.0,114.79,6935,0
2026-08-06T10:45:00+05:30,114.32,114.59,114.12,114.12,4926,0
2026-08-06T11:00:00+05:30,114.12,114.56,114.12,114.56,1111,0
2026-08-06T11:15:00+05:30,114.55,114.59,114.05,114.38,7282,0
2026-08-06T11:30:00+05:30,114.38,114.58,114.11,114.11,3057,0
2026-08-06T11:45:00+05:30,114.12,114.12,112.61,113.39,37808,0
2026-08-06T12:00:00+05:30,113.58,113.59,112.91,113.3,3121,0
2026-08-06T12:15:00+05:30,113.3,113.3,113.2,113.29,3110,0
2026-08-06T12:30:00+05:30,113.2,113.58,113.2,113.33,2255,0
2026-08-06T12:45:00+05:30,113.33,114.19,113.33,114.17,11089,0
2026-08-06T13:00:00+05:30,114.1,114.42,114.09,114.41,424,0
2026-08-06T13:15:00+05:30,114.41,114.41,114.05,114.25,6124,0
2026-08-06T13:30:00+05:30,114.11,114.25,114.05,114.06,892,0
2026-08-06T13:45:00+05:30,114.06,115.3,114.06,115.0,25208,0
2026-08-06T14:00:00+05:30,115.0,115.2,114.84,115.15,4513,0
2026-08-06T14:15:00+05:30,115.15,115.25,114.9,115.25,3091,0
2026-08-06T14:30:00+05:30,115.25,115.45,115.17,115.2,2173,0
2026-08-06T14:45:00+05:30,115.34,116.43,115.21,116.14,13346,0
2026-08-06T15:00:00+05:30,116.14,116.14,115.17,115.17,7882,0
2026-08-06T15:15:00+05:30,115.17,116.03,114.9,115.47,21709,0
2026-08-07T09:15:00+05:30,116.46,121.0,116.46,118.24,127856,0
2026-08-07T09:30:00+05:30,118.19,118.99,118.05,118.33,19936,0
2026-08-07T09:45:00+05:30,118.33,118.48,118.0,118.1,10549,0
2026-08-07T10:00:00+05:30,118.29,118.29,117.19,117.19,16909,0
2026-08-07T10:15:00+05:30,117.05,117.4,117.0,117.06,6572,0
2026-08-07T10:30:00+05:30,117.06,117.06,115.23,116.45,24221,0
2026-08-07T10:45:00+05:30,116.48,117.0,116.0,116.8,9081,0
2026-08-07T11:00:00+05:30,116.7,116.99,116.7,116.7,4031,0
2026-08-07T11:15:00+05:30,116.7,117.8,116.7,117.79,7775,0
2026-08-07T11:30:00+05:30,117.56,117.56,116.71,116.73,12989,0
2026-08-07T11:45:00+05:30,117.22,117.22,116.73,117.13,2085,0
2026-08-07T12:00:00+05:30,116.91,117.08,116.6,116.68,2706,0
2026-08-07T12:15:00+05:30,116.68,116.89,116.6,116.86,4277,0
2026-08-07T12:30:00+05:30,116.86,116.86,115.5,116.0,15029,0
2026-08-07T12:45:00+05:30,116.0,116.0,115.71,115.81,2443,0
2026-08-07T13:00:00+05:30,115.82,116.25,115.81,116.25,5236,0
2026-08-07T13:15:00+05:30,116.25,116.25,116.0,116.0,1735,0
2026-08-07T13:30:00+05:30,116.0,116.0,115.81,115.99,758,0
2026-08-07T13:45:00+05:30,115.8,115.8,115.23,115.75,3804,0
2026-08-07T14:00:00+05:30,115.61,115.61,112.11,113.85,42158,0
2026-08-07T14:15:00+05:30,113.84,113.99,113.5,113.7,7052,0
2026-08-07T14:30:00+05:30,113.51,113.9,112.6,112.6,17423,0
2026-08-07T14:45:00+05:30,112.68,113.0,112.47,113.0,14000,0
2026-08-07T15:00:00+05:30,112.79,113.55,112.6,112.61,13095,0
2026-08-07T15:15:00+05:30,113.17,113.17,111.0,111.4,43235,0
2026-08-10T09:15:00+05:30,112.48,115.4,112.4,114.16,24787,0
2026-08-10T09:30:00+05:30,113.96,114.17,113.74,113.9,3726,0
2026-08-10T09:45:00+05:30,113.75,114.19,113.35,113.53,22264,0
2026-08-10T10:00:00+05:30,113.53,113.8,113.06,113.5,4072,0
2026-08-10T10:15:00+05:30,113.21,113.21,112.63,113.0,15073,0
2026-08-10T10:30:00+05:30,112.99,113.33,112.81,112.99,7003,0
2026-08-10T10:45:00+05:30,112.99,113.0,112.63,112.63,1610,0
2026-08-10T11:00:00+05:30,112.65,112.87,111.97,112.35,13838,0
2026-08-10T11:15:00+05:30,112.01,112.39,111.81,112.25,6040,0
2026-08-10T11:30:00+05:30,112.28,112.35,112.03,112.06,3348,0
2026-08-10T11:45:00+05:30,112.1,112.89,112.1,112.32,4876,0
2026-08-10T12:00:00+05:30,112.32,112.79,112.32,112.79,2993,0
2026-08-10T12:15:00+05:30,112.79,113.01,112.61,112.89,10370,0
2026-08-10T12:30:00+05:30,112.89,113.29,112.82,113.21,4648,0
2026-08-10T12:45:00+05:30,113.21,113.21,112.83,113.1,1225,0
2026-08-10T13:00:00+05:30,113.11,113.15,112.91,113.15,303,0
2026-08-10T13:15:00+05:30,113.15,113.3,113.03,113.18,681,0
2026-08-10T13:30:00+05:30,113.18,113.42,113.01,113.01,777,0
2026-08-10T13:45:00+05:30,113.12,113.18,113.0,113.1,522,0
2026-08-10T14:00:00+05:30,113.1,113.18,113.01,113.01,193,0
2026-08-10T14:15:00+05:30,113.0,113.02,112.58,112.58,2459,0
2026-08-10T14:30:00+05:30,112.85,112.89,112.58,112.79,3724,0
2026-08-10T14:45:00+05:30,112.79,112.79,112.05,112.75,5393,0
2026-08-10T15:00:00+05:30,112.75,112.75,112.5,112.7,5285,0
2026-08-10T15:15:00+05:30,112.69,112.69,112.03,112.49,14845,0
2026-08-11T09:15:00+05:30,114.78,114.78,112.65,113.16,8429,0
2026-08-11T09:30:00+05:30,113.3,113.3,112.9,112.92,2939,0
2026-08-11T09:45:00+05:30,112.92,113.31,112.92,113.31,2694,0
2026-08-11T10:00:00+05:30,113.31,113.79,113.23,113.79,3721,0
2026-08-11T10:15:00+05:30,113.43,113.69,113.37,113.69,4790,0
2026-08-11T10:30:00+05:30,113.39,113.56,113.34,113.35,1203,0
2026-08-11T10:45:00+05:30,113.35,113.67,113.27,113.47,2927,0
2026-08-11T11:00:00+05:30,113.68,113.69,113.3,113.31,2935,0
2026-08-11T11:15:00+05:30,113.31,115.42,113.31,114.51,22962,0
2026-08-11T11:30:00+05:30,114.51,115.03,114.11,114.41,5275,0
2026-08-11T11:45:00+05:30,114.14,114.22,114.11,114.19,3229,0
2026-08-11T12:00:00+05:30,114.19,114.19,114.0,114.0,6876,0
2026-08-11T12:15:00+05:30,114.0,114.2,113.31,113.39,2888,0
2026-08-11T12:30:00+05:30,113.39,113.89,113.39,113.89,1344,0
2026-08-11T12:45:00+05:30,113.89,113.89,113.53,113.59,1372,0
2026-08-11T13:00:00+05:30,113.87,113.89,113.5,113.5,2753,0
2026-08-11T13:15:00+05:30,113.5,113.86,113.5,113.52,2138,0
2026-08-11T13:30:00+05:30,113.88,114.3,113.88,114.3,2742,0
2026-08-11T13:45:00+05:30,114.3,117.04,114.3,116.4,53954,0
2026-08-11T14:00:00+05:30,116.4,118.0,116.2,118.0,26697,0
2026-08-11T14:15:00+05:30,117.59,117.9,116.61,116.61,7010,0
2026-08-11T14:30:00+05:30,116.7,117.38,116.7,116.74,10428,0
2026-08-11T14:45:00+05:30,116.74,118.85,116.3,118.6,39758,0
2026-08-11T15:00:00+05:30,118.75,119.0,117.92,118.75,64476,0
2026-08-11T15:15:00+05:30,119.0,119.0,115.11,117.0,64776,0
2026-08-12T09:15:00+05:30,117.99,124.0,117.99,123.52,306335,0
2026-08-12T09:30:00+05:30,123.0,124.0,122.7,122.73,102601,0
2026-08-12T09:45:00+05:30,122.52,122.7,121.67,122.23,73391,0
2026-08-12T10:00:00+05:30,121.9,123.25,121.8,122.78,42115,0
2026-08-12T10:15:00+05:30,122.62,122.98,122.42,122.84,28578,0
2026-08-12T10:30:00+05:30,122.83,123.95,122.4,122.45,68600,0
2026-08-12T10:45:00+05:30,122.41,123.0,122.0,122.99,18775,0
2026-08-12T11:00:00+05:30,122.71,122.8,122.01,122.53,13891,0
2026-08-12T11:15:00+05:30,122.53,122.98,121.8,121.87,21893,0
2026-08-12T11:30:00+05:30,122.18,122.19,121.1,122.19,19056,0
2026-08-12T11:45:00+05:30,122.19,122.19,120.5,120.77,23667,0
2026-08-12T12:00:00+05:30,120.77,120.8,119.82,120.56,34678,0
2026-08-12T12:15:00+05:30,120.14,120.99,120.0,120.95,7891,0
2026-08-12T12:30:00+05:30,120.58,121.47,120.58,121.14,4411,0
2026-08-12T12:45:00+05:30,121.67,121.99,121.26,121.56,9999,0
2026-08-12T13:00:00+05:30,121.6,121.79,121.34,121.41,2606,0
2026-08-12T13:15:00+05:30,121.68,121.68,121.1,121.37,2945,0
2026-08-12T13:30:00+05:30,121.38,121.64,121.0,121.31,4758,0
2026-08-12T13:45:00+05:30,121.31,121.7,121.15,121.5,7542,0
2026-08-12T14:00:00+05:30,121.7,121.7,121.19,121.63,6188,0
2026-08-12T14:15:00+05:30,121.6,121.65,121.2,121.46,3721,0
2026-08-12T14:30:00+05:30,121.17,121.45,121.0,121.22,15873,0
2026-08-12T14:45:00+05:30,121.22,121.35,121.09,121.35,9269,0
2026-08-12T15:00:00+05:30,121.65,122.48,121.31,122.09,28068,0
2026-08-12T15:15:00+05:30,121.8,121.8,120.5,121.05,48956,0
2026-08-13T09:15:00+05:30,122.5,124.74,122.5,123.42,79480,0
2026-08-13T09:30:00+05:30,123.5,123.56,118.91,120.53,84379,0
2026-08-13T09:45:00+05:30,120.75,120.78,119.72,119.85,8239,0
2026-08-13T10:00:00+05:30,119.85,119.85,118.24,119.0,29664,0
2026-08-13T10:15:00+05:30,118.91,119.49,114.2,115.33,60012,0
2026-08-13T10:30:00+05:30,115.5,116.32,114.0,115.25,113950,0
2026-08-13T10:45:00+05:30,115.07,116.39,114.65,115.51,23512,0
2026-08-13T11:00:00+05:30,115.82,116.3,115.0,115.24,12239,0
2026-08-13T11:15:00+05:30,115.42,115.49,115.01,115.2,4039,0
2026-08-13T11:30:00+05:30,115.2,115.49,115.0,115.48,10147,0
2026-08-13T11:45:00+05:30,115.41,115.5,114.5,115.22,14075,0
2026-08-13T12:00:00+05:30,115.13,115.5,115.02,115.32,8167,0
2026-08-13T12:15:00+05:30,115.34,116.49,115.13,115.7,28136,0
2026-08-13T12:30:00+05:30,115.68,115.74,115.31,115.36,10712,0
2026-08-13T12:45:00+05:30,115.54,115.59,115.1,115.3,3333,0
2026-08-13T13:00:00+05:30,115.3,116.02,115.2,116.02,4832,0
2026-08-13T13:15:00+05:30,116.0,116.5,114.95,115.06,28635,0
2026-08-13T13:30:00+05:30,115.06,115.55,115.06,115.31,4341,0
2026-08-13T13:45:00+05:30,115.31,115.44,115.1,115.36,3514,0
2026-08-13T14:00:00+05:30,115.17,115.5,115.17,115.22,4481,0
2026-08-13T14:15:00+05:30,115.22,116.35,115.12,116.22,9359,0
2026-08-13T14:30:00+05:30,116.34,117.37,115.32,115.53,24117,0
2026-08-13T14:45:00+05:30,115.41,115.79,115.33,115.73,5881,0
2026-08-13T15:00:00+05:30,115.72,116.0,115.55,115.74,16306,0
2026-08-13T15:15:00+05:30,115.74,115.98,114.3,115.0,30571,0
2026-08-14T09:15:00+05:30,116.45,116.45,107.44,112.44,162804,0
2026-08-14T09:30:00+05:30,112.44,112.65,109.5,109.5,133420,0
2026-08-14T09:45:00+05:30,109.55,110.68,109.51,110.0,31861,0
2026-08-14T10:00:00+05:30,110.0,111.4,110.0,110.21,40675,0
2026-08-14T10:15:00+05:30,110.57,111.08,110.0,110.11,24193,0
2026-08-14T10:30:00+05:30,110.37,110.39,107.6,109.0,131795,0
2026-08-14T10:45:00+05:30,108.98,109.7,108.71,109.19,19604,0
2026-08-14T11:00:00+05:30,109.27,109.38,108.76,108.92,15019,0
2026-08-14T11:15:00+05:30,108.83,109.69,108.8,109.16,10122,0
2026-08-14T11:30:00+05:30,109.04,109.21,108.9,109.21,13197,0
2026-08-14T11:45:00+05:30,109.21,109.5,108.95,109.35,9522,0
2026-08-14T12:00:00+05:30,109.35,109.5,109.35,109.5,2564,0
2026-08-14T12:15:00+05:30,109.59,109.65,109.32,109.55,1925,0
2026-08-14T12:30:00+05:30,109.55,109.95,109.55,109.87,4534,0
2026-08-14T12:45:00+05:30,109.86,109.95,109.66,109.78,4116,0
2026-08-14T13:00:00+05:30,109.9,109.95,109.67,109.8,6096,0
2026-08-14T13:15:00+05:30,109.8,109.95,109.66,109.92,4526,0
2026-08-14T13:30:00+05:30,109.92,109.95,109.71,109.8,2523,0
2026-08-14T13:45:00+05:30,109.72,109.9,109.71,109.9,1044,0
2026-08-14T14:00:00+05:30,109.9,109.97,109.66,109.9,8726,0
2026-08-14T14:15:00+05:30,109.88,111.09,109.66,110.28,15689,0
2026-08-14T14:30:00+05:30,110.28,111.26,110.28,110.97,25216,0
2026-08-14T14:45:00+05:30,110.92,111.0,110.31,110.6,11018,0
2026-08-14T15:00:00+05:30,110.61,111.66,110.2,110.73,47117,0
2026-08-14T15:15:00+05:30,110.62,111.35,110.33,111.35,43394,0
2026-08-17T09:15:00+05:30,111.07,111.07,109.12,109.31,26830,0
2026-08-17T09:30:00+05:30,109.15,110.36,109.0,110.36,18489,0
2026-08-17T09:45:00+05:30,110.13,110.18,109.51,109.6,7740,0
2026-08-17T10:00:00+05:30,109.65,109.97,109.5,109.85,5693,0
2026-08-17T10:15:00+05:30,109.5,109.89,109.5,109.52,4285,0
2026-08-17T10:30:00+05:30,109.52,109.95,109.5,109.5,10007,0
2026-08-17T10:45:00+05:30,109.5,109.76,109.49,109.5,3625,0
2026-08-17T11:00:00+05:30,109.5,109.7,109.5,109.54,8047,0
2026-08-17T11:15:00+05:30,109.53,109.7,109.5,109.7,2738,0
2026-08-17T11:30:00+05:30,109.5,109.96,109.5,109.66,2937,0
2026-08-17T11:45:00+05:30,109.66,110.08,109.51,109.89,4522,0
2026-08-17T12:00:00+05:30,109.69,109.86,109.5,109.5,2660,0
2026-08-17T12:15:00+05:30,109.5,109.76,109.5,109.76,5741,0
2026-08-17T12:30:00+05:30,109.57,109.79,109.49,109.49,3585,0
2026-08-17T12:45:00+05:30,109.49,109.79,109.25,109.25,3361,0
2026-08-17T13:00:00+05:30,109.25,109.62,109.2,109.32,4425,0
2026-08-17T13:15:00+05:30,109.32,109.65,109.32,109.35,4888,0
2026-08-17T13:30:00+05:30,109.35,109.67,109.21,109.21,4065,0
2026-08-17T13:45:00+05:30,109.21,109.53,109.2,109.2,3257,0
2026-08-17T14:00:00+05:30,109.2,109.47,109.0,109.0,3954,0
2026-08-17T14:15:00+05:30,109.0,109.29,108.4,108.45,18163,0
2026-08-17T14:30:00+05:30,108.5,108.76,108.2,108.22,6056,0
2026-08-17T14:45:00+05:30,108.67,109.0,108.37,108.47,14901,0
2026-08-17T15:00:00+05:30,108.8,108.8,108.2,108.21,10719,0
2026-08-17T15:15:00+05:30,108.44,110.47,108.26,109.55,27966,0
2026-08-18T09:15:00+05:30,109.0,110.19,108.11,109.43,18234,0
2026-08-18T09:30:00+05:30,109.5,109.78,109.02,109.07,4898,0
2026-08-18T09:45:00+05:30,109.07,109.35,108.81,108.81,8617,0
2026-08-18T10:00:00+05:30,108.83,109.14,108.56,108.83,3465,0
2026-08-18T10:15:00+05:30,108.66,108.85,108.22,108.85,9239,0
2026-08-18T10:30:00+05:30,108.85,108.88,108.52,108.85,1991,0
2026-08-18T10:45:00+05:30,108.85,108.85,108.5,108.63,1043,0
2026-08-18T11:00:00+05:30,108.61,108.76,108.26,108.35,2621,0
2026-08-18T11:15:00+05:30,108.65,108.77,108.02,108.02,5919,0
2026-08-18T11:30:00+05:30,108.31,108.44,108.0,108.29,15286,0
2026-08-18T11:45:00+05:30,108.3,108.36,108.0,108.02,4641,0
2026-08-18T12:00:00+05:30,108.06,108.21,108.0,108.04,1764,0
2026-08-18T12:15:00+05:30,108.04,108.29,108.03,108.19,6498,0
2026-08-18T12:30:00+05:30,108.2,108.86,108.0,108.01,5428,0
2026-08-18T12:45:00+05:30,108.02,110.32,108.01,109.58,24317,0
2026-08-18T13:00:00+05:30,109.86,109.86,108.28,108.55,13380,0
2026-08-18T13:15:00+05:30,108.5,108.71,107.9,107.9,9036,0
2026-08-18T13:30:00+05:30,107.9,107.9,107.26,107.53,9574,0
2026-08-18T13:45:00+05:30,107.55,108.88,107.55,107.73,22238,0
2026-08-18T14:00:00+05:30,107.63,108.09,107.63,107.72,5722,0
2026-08-18T14:15:00+05:30,107.75,108.6,107.75,108.01,9658,0
2026-08-18T14:30:00+05:30,108.01,110.0,108.01,109.52,20530,0
2026-08-18T14:45:00+05:30,109.54,109.79,108.41,108.94,22374,0
2026-08-18T15:00:00+05:30,109.09,111.82,109.08,111.6,62966,0
2026-08-18T15:15:00+05:30,111.59,112.0,110.73,111.85,39310,0
2026-08-19T09:15:00+05:30,111.25,113.13,110.0,111.9,24406,0
2026-08-19T09:30:00+05:30,112.0,112.89,111.96,112.6,10847,0
2026-08-19T09:45:00+05:30,112.6,113.47,112.6,113.47,12422,0
2026-08-19T10:00:00+05:30,113.47,114.64,113.16,114.12,24909,0
2026-08-19T10:15:00+05:30,114.09,114.35,112.84,113.5,29619,0
2026-08-19T10:30:00+05:30,113.5,114.35,113.5,113.53,12533,0
2026-08-19T10:45:00+05:30,113.6,114.24,113.5,114.1,19215,0
2026-08-19T11:00:00+05:30,114.01,114.01,113.2,113.35,11432,0
2026-08-19T11:15:00+05:30,113.35,114.46,113.2,114.25,21850,0
2026-08-19T11:30:00+05:30,114.43,114.49,114.06,114.43,8021,0
2026-08-19T11:45:00+05:30,114.15,117.0,114.0,116.63,72113,0
2026-08-19T12:00:00+05:30,116.77,117.97,116.77,117.95,69684,0
2026-08-19T12:15:00+05:30,117.96,118.49,117.5,118.24,53226,0
2026-08-19T12:30:00+05:30,118.1,118.24,117.51,117.55,15991,0
2026-08-19T12:45:00+05:30,117.58,119.0,117.57,118.7,64910,0
2026-08-19T13:00:00+05:30,118.72,118.81,118.01,118.32,27885,0
2026-08-19T13:15:00+05:30,118.44,118.75,118.15,118.51,18513,0
2026-08-19T13:30:00+05:30,118.33,118.49,118.24,118.35,5625,0
2026-08-19T13:45:00+05:30,118.31,118.49,118.13,118.15,55917,0
2026-08-19T14:00:00+05:30,118.14,118.39,118.13,118.3,24199,0
2026-08-19T14:15:00+05:30,118.29,120.0,118.15,119.6,95351,0
2026-08-19T14:30:00+05:30,119.6,119.77,119.01,119.45,36532,0
2026-08-19T14:45:00+05:30,119.45,120.76,119.4,120.01,57537,0
2026-08-19T15:00:00+05:30,120.01,120.43,119.55,120.08,39532,0
2026-08-19T15:15:00+05:30,120.06,120.2,118.52,118.55,60386,0
2026-08-20T09:15:00+05:30,118.07,121.89,118.07,120.42,77113,0
2026-08-20T09:30:00+05:30,120.42,120.5,119.23,119.84,38312,0
2026-08-20T09:45:00+05:30,119.79,120.39,119.2,119.38,32700,0
2026-08-20T10:00:00+05:30,119.38,119.42,118.56,119.21,13135,0
2026-08-20T10:15:00+05:30,119.02,119.71,118.73,119.65,11536,0
2026-08-20T10:30:00+05:30,119.56,119.56,118.69,118.78,4843,0
2026-08-20T10:45:00+05:30,118.67,119.13,118.67,118.83,2845,0
2026-08-20T11:00:00+05:30,118.82,119.39,118.73,119.37,8879,0
2026-08-20T11:15:00+05:30,119.12,119.22,118.92,118.99,751,0
2026-08-20T11:30:00+05:30,118.99,119.23,118.75,119.09,3208,0
2026-08-20T11:45:00+05:30,119.09,120.05,119.09,120.05,9028,0
2026-08-20T12:00:00+05:30,120.14,120.89,120.0,120.11,12574,0
2026-08-20T12:15:00+05:30,120.15,121.44,120.15,120.41,14033,0
2026-08-20T12:30:00+05:30,120.68,120.68,120.0,120.26,8696,0
2026-08-20T12:45:00+05:30,120.26,120.36,120.0,120.02,6169,0
2026-08-20T13:00:00+05:30,120.02,120.02,119.5,119.61,2865,0
2026-08-20T13:15:00+05:30,119.84,119.93,119.65,119.65,1352,0
2026-08-20T13:30:00+05:30,119.65,119.71,119.27,119.27,1354,0
2026-08-20T13:45:00+05:30,119.39,119.49,119.0,119.26,4071,0
2026-08-20T14:00:00+05:30,119.26,119.38,119.0,119.38,4057,0
2026-08-20T14:15:00+05:30,119.38,119.38,119.05,119.07,2291,0
2026-08-20T14:30:00+05:30,119.24,119.24,118.51,118.64,8113,0
2026-08-20T14:45:00+05:30,118.5,119.0,117.1,117.83,10334,0
2026-08-20T15:00:00+05:30,118.11,119.79,116.89,119.06,13392,0
2026-08-20T15:15:00+05:30,118.68,118.68,117.48,117.6,23671,0
2026-08-21T09:15:00+05:30,118.0,120.19,117.72,120.06,41064,0
2026-08-21T09:30:00+05:30,120.39,125.9,120.06,122.4,155757,0
2026-08-21T09:45:00+05:30,122.45,123.4,122.4,122.7,29574,0
2026-08-21T10:00:00+05:30,122.51,125.0,122.3,123.94,64218,0
2026-08-21T10:15:00+05:30,123.94,127.0,123.3,127.0,194272,0
2026-08-21T10:30:00+05:30,126.95,129.75,126.95,129.75,604175,0
2026-08-21T10:45:00+05:30,129.75,129.75,127.15,127.97,154320,0
2026-08-21T11:00:00+05:30,127.81,128.18,126.12,126.4,94611,0
2026-08-21T11:15:00+05:30,126.21,127.54,126.1,127.1,50180,0
2026-08-21T11:30:00+05:30,127.21,127.21,126.5,126.93,23798,0
2026-08-21T11:45:00+05:30,126.93,127.49,126.7,127.41,23368,0
2026-08-21T12:00:00+05:30,127.4,127.5,126.7,127.04,34240,0
2026-08-21T12:15:00+05:30,127.08,127.5,126.91,127.27,19426,0
2026-08-21T12:30:00+05:30,127.27,127.5,126.8,126.86,19778,0
2026-08-21T12:45:00+05:30,126.86,127.5,126.7,127.5,14552,0
2026-08-21T13:00:00+05:30,127.5,127.5,127.05,127.14,10385,0
2026-08-21T13:15:00+05:30,127.14,127.28,127.0,127.26,10520,0
2026-08-21T13:30:00+05:30,127.11,127.11,125.25,126.18,44819,0
2026-08-21T13:45:00+05:30,126.2,127.5,125.64,126.42,40979,0
2026-08-21T14:00:00+05:30,126.42,126.48,126.27,126.45,5326,0
2026-08-21T14:15:00+05:30,126.48,127.54,126.45,126.91,26860,0
2026-08-21T14:30:00+05:30,127.15,129.75,126.91,128.96,494538,0
2026-08-21T14:45:00+05:30,128.8,129.09,127.5,127.66,41035,0
2026-08-21T15:00:00+05:30,127.66,128.36,127.5,128.0,82754,0
2026-08-21T15:15:00+05:30,128.0,129.75,127.53,129.75,268746,0
2026-08-24T09:15:00+05:30,130.9,134.7,130.0,133.0,600792,0
2026-08-24T09:30:00+05:30,132.9,136.35,132.72,134.51,314475,0
2026-08-24T09:45:00+05:30,134.35,134.99,133.02,133.53,99860,0
2026-08-24T10:00:00+05:30,133.59,133.78,132.5,133.36,54832,0
2026-08-24T10:15:00+05:30,133.18,133.67,131.05,131.88,81633,0
2026-08-24T10:30:00+05:30,131.88,133.98,131.5,133.92,41902,0
2026-08-24T10:45:00+05:30,133.92,135.75,133.41,135.25,102250,0
2026-08-24T11:00:00+05:30,135.33,136.67,134.75,135.9,135369,0
2026-08-24T11:15:00+05:30,135.88,136.0,134.63,135.13,65412,0
2026-08-24T11:30:00+05:30,135.14,135.14,134.41,134.42,28195,0
2026-08-24T11:45:00+05:30,134.42,134.68,132.75,132.91,35544,0
2026-08-24T12:00:00+05:30,132.91,133.55,132.52,133.11,10031,0
2026-08-24T12:15:00+05:30,133.28,133.95,133.01,133.8,12989,0
2026-08-24T12:30:00+05:30,133.67,135.3,133.61,135.18,36781,0
2026-08-24T12:45:00+05:30,134.92,135.0,134.17,134.47,20096,0
2026-08-24T13:00:00+05:30,134.47,134.94,134.02,134.18,14126,0
2026-08-24T13:15:00+05:30,134.0,134.7,133.02,133.91,26836,0
2026-08-24T13:30:00+05:30,133.93,134.16,133.22,133.28,15168,0
2026-08-24T13:45:00+05:30,133.47,133.58,132.8,132.8,20382,0
2026-08-24T14:00:00+05:30,132.81,133.48,132.8,133.45,7193,0
2026-08-24T14:15:00+05:30,133.41,133.49,131.8,132.57,36929,0
2026-08-24T14:30:00+05:30,132.57,133.74,132.51,132.76,18291,0
2026-08-24T14:45:00+05:30,132.93,133.0,132.5,132.59,8873,0
2026-08-24T15:00:00+05:30,132.98,134.48,132.51,132.8,52988,0
2026-08-24T15:15:00+05:30,132.8,133.76,131.5,132.39,87217,0
2026-08-25T09:15:00+05:30,133.67,134.79,125.91,128.3,146869,0
2026-08-25T09:30:00+05:30,128.29,128.3,126.53,127.42,33201,0
2026-08-25T09:45:00+05:30,127.49,127.5,122.51,123.49,139525,0
2026-08-25T10:00:00+05:30,123.62,124.19,122.58,123.93,61366,0
2026-08-25T10:15:00+05:30,124.02,124.8,123.61,124.72,31582,0
2026-08-25T10:30:00+05:30,124.65,124.8,124.13,124.26,10111,0
2026-08-25T10:45:00+05:30,124.44,124.5,123.5,123.85,20542,0
2026-08-25T11:00:00+05:30,123.77,124.5,123.61,124.5,8629,0
2026-08-25T11:15:00+05:30,124.45,126.29,124.44,126.0,33508,0
2026-08-25T11:30:00+05:30,126.0,126.78,125.51,126.13,16245,0
2026-08-25T11:45:00+05:30,126.13,127.17,126.0,127.0,19342,0
2026-08-25T12:00:00+05:30,127.09,128.29,127.01,127.97,24978,0
2026-08-25T12:15:00+05:30,127.95,128.18,127.51,127.78,10502,0
2026-08-25T12:30:00+05:30,127.78,128.77,127.51,128.73,19997,0
2026-08-25T12:45:00+05:30,128.58,128.75,128.27,128.6,15562,0
2026-08-25T13:00:00+05:30,128.65,128.7,127.5,127.71,13848,0
2026-08-25T13:15:00+05:30,127.86,128.71,127.86,128.35,11460,0
2026-08-25T13:30:00+05:30,128.35,129.39,127.81,129.0,21720,0
2026-08-25T13:45:00+05:30,128.92,128.99,128.53,128.88,3636,0
2026-08-25T14:00:00+05:30,128.74,129.13,128.53,129.13,6750,0
2026-08-25T14:15:00+05:30,129.19,129.6,128.96,129.2,20858,0
2026-08-25T14:30:00+05:30,129.18,129.85,128.39,129.23,24851,0
2026-08-25T14:45:00+05:30,129.08,129.5,128.19,128.4,24664,0
2026-08-25T15:00:00+05:30,128.2,128.2,126.0,126.21,32384,0
2026-08-25T15:15:00+05:30,126.08,129.06,125.91,127.4,65561,0
2026-08-26T09:15:00+05:30,127.0,129.58,126.89,127.01,21557,0
2026-08-26T09:30:00+05:30,127.19,127.49,126.41,127.12,17332,0
2026-08-26T09:45:00+05:30,127.12,128.59,127.12,128.04,13133,0
2026-08-26T10:00:00+05:30,128.07,128.3,127.41,128.24,10002,0
2026-08-26T10:15:00+05:30,128.01,131.15,127.92,130.99,64205,0
2026-08-26T10:30:00+05:30,130.99,132.0,130.41,131.01,26781,0
2026-08-26T10:45:00+05:30,131.01,131.09,130.05,130.3,5830,0
2026-08-26T11:00:00+05:30,130.32,130.39,128.0,128.69,40728,0
2026-08-26T11:15:00+05:30,128.69,128.98,128.11,128.31,8240,0
2026-08-26T11:30:00+05:30,128.51,128.74,127.8,128.0,5517,0
2026-08-26T11:45:00+05:30,127.92,128.2,127.52,127.74,6531,0
2026-08-26T12:00:00+05:30,127.74,128.99,127.74,128.8,9421,0
2026-08-26T12:15:00+05:30,128.49,128.99,128.41,128.99,3065,0
2026-08-26T12:30:00+05:30,128.79,128.99,128.42,128.56,1371,0
2026-08-26T12:45:00+05:30,128.56,129.4,128.51,129.17,2853,0
2026-08-26T13:00:00+05:30,129.16,129.2,128.51,128.73,7329,0
2026-08-26T13:15:00+05:30,128.42,128.89,128.37,128.89,1706,0
2026-08-26T13:30:00+05:30,128.81,128.91,128.55,128.88,2902,0
2026-08-26T13:45:00+05:30,128.88,129.49,128.88,129.11,6087,0
2026-08-26T14:00:00+05:30,129.11,129.23,128.71,128.71,3066,0
2026-08-26T14:15:00+05:30,128.58,128.7,127.91,128.29,7012,0
2026-08-26T14:30:00+05:30,128.02,128.29,127.71,128.29,3405,0
2026-08-26T14:45:00+05:30,128.16,128.74,128.0,128.06,5892,0
2026-08-26T15:00:00+05:30,128.18,128.39,126.64,127.35,24990,0
2026-08-26T15:15:00+05:30,127.33,129.48,127.33,127.5,25426,0
2026-08-27T09:15:00+05:30,128.9,129.9,127.41,128.41,21218,0
2026-08-27T09:30:00+05:30,128.52,128.95,128.2,128.22,7881,0
2026-08-27T09:45:00+05:30,128.25,128.37,127.12,127.41,25099,0
2026-08-27T10:00:00+05:30,127.33,127.99,127.22,127.94,8958,0
2026-08-27T10:15:00+05:30,127.94,127.99,127.18,127.3,4528,0
2026-08-27T10:30:00+05:30,127.24,127.57,127.22,127.22,730,0
2026-08-27T10:45:00+05:30,127.22,127.25,125.02,126.28,23434,0
2026-08-27T11:00:00+05:30,126.27,126.47,125.37,125.85,5389,0
2026-08-27T11:15:00+05:30,125.85,125.99,125.4,125.4,5401,0
2026-08-27T11:30:00+05:30,125.4,126.48,125.23,126.05,6269,0
2026-08-27T11:45:00+05:30,126.06,126.39,126.0,126.39,4063,0
2026-08-27T12:00:00+05:30,126.39,126.39,126.0,126.0,2552,0
2026-08-27T12:15:00+05:30,126.0,126.27,126.0,126.0,1154,0
2026-08-27T12:30:00+05:30,126.0,126.28,126.0,126.02,2873,0
2026-08-27T12:45:00+05:30,126.02,126.33,126.02,126.33,1278,0
2026-08-27T13:00:00+05:30,126.33,126.48,126.25,126.26,870,0
2026-08-27T13:15:00+05:30,126.26,127.0,126.25,127.0,6087,0
2026-08-27T13:30:00+05:30,127.01,127.24,127.0,127.0,1623,0
2026-08-27T13:45:00+05:30,127.0,127.15,127.0,127.0,3880,0
2026-08-27T14:00:00+05:30,127.05,128.34,127.05,128.34,9614,0
2026-08-27T14:15:00+05:30,128.34,128.47,127.51,127.52,2138,0
2026-08-27T14:30:00+05:30,127.52,128.03,127.21,127.27,5571,0
2026-08-27T14:45:00+05:30,127.27,128.29,127.2,128.01,6173,0
2026-08-27T15:00:00+05:30,128.34,133.88,128.01,131.95,121170,0
2026-08-27T15:15:00+05:30,131.95,133.55,129.31,132.4,74542,0
2026-08-28T09:15:00+05:30,132.0,133.09,130.41,132.54,33933,0
2026-08-28T09:30:00+05:30,132.71,134.89,132.12,134.76,42127,0
2026-08-28T09:45:00+05:30,134.73,135.0,133.37,134.12,39822,0
2026-08-28T10:00:00+05:30,134.0,134.0,130.0,131.02,55577,0
2026-08-28T10:15:00+05:30,130.77,130.97,128.2,129.48,42677,0
2026-08-28T10:30:00+05:30,129.37,129.39,127.5,127.8,39533,0
2026-08-28T10:45:00+05:30,127.8,128.21,127.1,128.0,27398,0
2026-08-28T11:00:00+05:30,128.34,128.77,128.17,128.47,8265,0
2026-08-28T11:15:00+05:30,128.52,128.72,128.0,128.16,5904,0
2026-08-28T11:30:00+05:30,128.18,128.69,128.04,128.17,5663,0
2026-08-28T11:45:00+05:30,128.48,128.79,128.48,128.65,12346,0
2026-08-28T12:00:00+05:30,128.5,128.75,128.02,128.69,6430,0
2026-08-28T12:15:00+05:30,128.66,128.89,128.56,128.6,1106,0
2026-08-28T12:30:00+05:30,128.6,128.88,127.5,127.82,15398,0
2026-08-28T12:45:00+05:30,127.82,128.0,127.5,127.6,4080,0
2026-08-28T13:00:00+05:30,127.61,127.61,127.0,127.61,18901,0
2026-08-28T13:15:00+05:30,127.65,128.25,127.15,127.88,5122,0
2026-08-28T13:30:00+05:30,127.9,128.0,127.01,127.57,5364,0
2026-08-28T13:45:00+05:30,127.44,127.69,127.32,127.54,2275,0
2026-08-28T14:00:00+05:30,127.64,128.28,127.64,127.85,5623,0
2026-08-28T14:15:00+05:30,127.85,128.29,127.5,127.65,8362,0
2026-08-28T14:30:00+05:30,127.65,128.09,127.41,127.86,4065,0
2026-08-28T14:45:00+05:30,127.83,127.87,127.4,127.62,4286,0
2026-08-28T15:00:00+05:30,127.77,127.78,127.05,127.74,8705,0
2026-08-28T15:15:00+05:30,127.5,128.5,127.01,128.0,26402,0
2026-08-31T09:15:00+05:30,129.4,131.79,125.76,131.31,53753,0
2026-08-31T09:30:00+05:30,131.57,131.63,129.0,129.33,22917,0
2026-08-31T09:45:00+05:30,129.34,129.48,128.0,129.45,12872,0
2026-08-31T10:00:00+05:30,129.45,129.7,128.42,128.67,4588,0
2026-08-31T10:15:00+05:30,128.51,128.94,128.12,128.33,6686,0
2026-08-31T10:30:00+05:30,128.61,128.63,128.01,128.01,2585,0
2026-08-31T10:45:00+05:30,128.28,128.88,128.14,128.22,1841,0
2026-08-31T11:00:00+05:30,128.41,128.44,128.01,128.02,2133,0
2026-08-31T11:15:00+05:30,128.12,128.35,127.05,127.61,12665,0
2026-08-31T11:30:00+05:30,128.05,128.88,127.62,128.53,3780,0
2026-08-31T11:45:00+05:30,128.53,128.75,126.0,126.88,42987,0
2026-08-31T12:00:00+05:30,127.23,127.59,126.52,127.59,6767,0
2026-08-31T12:15:00+05:30,127.39,127.5,127.11,127.5,2099,0
2026-08-31T12:30:00+05:30,127.5,127.77,127.25,127.44,2953,0
2026-08-31T12:45:00+05:30,127.5,127.5,127.05,127.05,1385,0
2026-08-31T13:00:00+05:30,127.05,127.11,126.64,126.99,5940,0
2026-08-31T13:15:00+05:30,126.81,126.82,126.37,126.5,2727,0
2026-08-31T13:30:00+05:30,126.5,126.51,126.12,126.12,2589,0
2026-08-31T13:45:00+05:30,126.12,126.44,125.62,125.96,10363,0
2026-08-31T14:00:00+05:30,125.97,126.25,125.91,126.11,637,0
2026-08-31T14:15:00+05:30,126.18,126.79,126.0,126.11,8185,0
2026-08-31T14:30:00+05:30,126.19,126.59,126.06,126.59,1031,0
2026-08-31T14:45:00+05:30,126.59,126.65,126.1,126.19,3926,0
2026-08-31T15:00:00+05:30,126.6,126.78,126.1,126.4,7604,0
2026-08-31T15:15:00+05:30,126.37,126.7,126.15,126.7,15043,0
2026-09-01T09:15:00+05:30,127.35,128.93,125.28,126.03,20388,0
2026-09-01T09:30:00+05:30,126.05,126.69,125.94,125.95,7776,0
2026-09-01T09:45:00+05:30,125.95,126.0,124.42,125.26,11594,0
2026-09-01T10:00:00+05:30,125.21,125.79,125.01,125.25,3050,0
2026-09-01T10:15:00+05:30,125.25,125.49,124.01,124.68,22944,0
2026-09-01T10:30:00+05:30,124.5,125.0,124.25,124.59,8187,0
2026-09-01T10:45:00+05:30,124.74,124.74,124.26,124.3,1781,0
2026-09-01T11:00:00+05:30,124.3,124.67,124.0,124.21,13285,0
2026-09-01T11:15:00+05:30,124.4,125.58,124.4,125.18,9281,0
2026-09-01T11:30:00+05:30,125.15,125.86,124.88,125.6,9553,0
2026-09-01T11:45:00+05:30,125.75,125.96,125.5,125.54,4117,0
2026-09-01T12:00:00+05:30,125.54,125.96,125.5,125.66,6640,0
2026-09-01T12:15:00+05:30,125.58,125.79,124.62,125.07,12202,0
2026-09-01T12:30:00+05:30,125.1,125.2,124.61,125.0,6641,0
2026-09-01T12:45:00+05:30,125.2,125.39,124.95,125.17,952,0
2026-09-01T13:00:00+05:30,125.17,126.35,125.17,126.25,12186,0
2026-09-01T13:15:00+05:30,126.17,126.99,125.13,125.13,4114,0
2026-09-01T13:30:00+05:30,125.13,125.13,124.22,124.22,5067,0
2026-09-01T13:45:00+05:30,124.25,124.47,123.19,123.19,5529,0
2026-09-01T14:00:00+05:30,123.21,123.67,122.12,122.12,34521,0
2026-09-01T14:15:00+05:30,122.13,122.13,120.52,121.65,28117,0
2026-09-01T14:30:00+05:30,121.65,121.81,121.5,121.81,32478,0
2026-09-01T14:45:00+05:30,121.81,121.9,121.5,121.5,5599,0
2026-09-01T15:00:00+05:30,121.6,121.75,121.0,121.0,10463,0
2026-09-01T15:15:00+05:30,121.28,122.0,121.0,121.11,20472,0
2026-09-02T09:15:00+05:30,121.88,123.08,120.71,122.49,22996,0
2026-09-02T09:30:00+05:30,122.54,123.65,122.2,123.35,6833,0
2026-09-02T09:45:00+05:30,123.35,123.37,122.05,122.69,8416,0
2026-09-02T10:00:00+05:30,122.62,123.17,122.61,123.1,8396,0
2026-09-02T10:15:00+05:30,123.1,123.65,123.0,123.0,7425,0
2026-09-02T10:30:00+05:30,123.06,125.79,122.62,125.79,19286,0
2026-09-02T10:45:00+05:30,125.88,126.99,124.32,125.78,81641,0
2026-09-02T11:00:00+05:30,125.98,128.49,125.62,127.53,30863,0
2026-09-02T11:15:00+05:30,127.81,130.11,126.02,130.07,47198,0
2026-09-02T11:30:00+05:30,130.06,132.0,128.0,130.66,176096,0
2026-09-02T11:45:00+05:30,130.62,130.98,127.71,128.31,69001,0
2026-09-02T12:00:00+05:30,128.29,128.69,126.4,127.39,26210,0
2026-09-02T12:15:00+05:30,127.13,127.15,124.62,125.74,44179,0
2026-09-02T12:30:00+05:30,125.81,126.0,125.1,125.1,14917,0
2026-09-02T12:45:00+05:30,125.1,125.76,125.1,125.57,5075,0
2026-09-02T13:00:00+05:30,125.58,125.97,124.22,125.11,11087,0
2026-09-02T13:15:00+05:30,125.2,125.86,124.37,125.01,13812,0
2026-09-02T13:30:00+05:30,125.1,125.58,125.0,125.13,1182,0
2026-09-02T13:45:00+05:30,125.13,125.49,125.0,125.38,1895,0
2026-09-02T14:00:00+05:30,125.36,125.54,125.0,125.29,3715,0
2026-09-02T14:15:00+05:30,125.37,127.66,125.31,127.66,22581,0
2026-09-02T14:30:00+05:30,127.71,128.68,126.35,127.59,17991,0
2026-09-02T14:45:00+05:30,128.18,131.4,127.94,131.02,113358,0
2026-09-02T15:00:00+05:30,131.05,132.5,129.76,131.08,83642,0
2026-09-02T15:15:00+05:30,131.33,133.61,131.12,133.6,204119,0
2026-09-03T09:15:00+05:30,135.9,136.64,132.12,132.83,71042,0
2026-09-03T09:30:00+05:30,132.88,133.89,129.2,130.5,83229,0
2026-09-03T09:45:00+05:30,130.75,131.95,130.36,131.08,28534,0
2026-09-03T10:00:00+05:30,131.08,131.49,130.65,131.01,11808,0
2026-09-03T10:15:00+05:30,131.01,134.73,130.77,134.59,67256,0
2026-09-03T10:30:00+05:30,134.94,135.0,134.14,134.5,41442,0
2026-09-03T10:45:00+05:30,134.73,134.73,133.21,133.4,29855,0
2026-09-03T11:00:00+05:30,133.4,133.68,132.62,133.54,22262,0
2026-09-03T11:15:00+05:30,133.3,134.0,133.22,134.0,10822,0
2026-09-03T11:30:00+05:30,134.07,135.2,134.0,134.84,34627,0
2026-09-03T11:45:00+05:30,134.7,135.45,134.0,134.47,31119,0
2026-09-03T12:00:00+05:30,134.34,134.78,134.0,134.29,6765,0
2026-09-03T12:15:00+05:30,134.1,134.43,132.0,132.0,28744,0
2026-09-03T12:30:00+05:30,132.01,132.83,131.71,132.29,14314,0
2026-09-03T12:45:00+05:30,132.51,133.32,132.5,133.32,4525,0
2026-09-03T13:00:00+05:30,132.98,133.2,132.61,133.2,6149,0
2026-09-03T13:15:00+05:30,133.3,134.37,132.35,132.73,32072,0
2026-09-03T13:30:00+05:30,132.93,132.99,132.42,132.5,5638,0
2026-09-03T13:45:00+05:30,132.5,132.5,132.0,132.13,6637,0
2026-09-03T14:00:00+05:30,132.34,135.0,132.29,135.0,35707,0
2026-09-03T14:15:00+05:30,135.0,135.0,134.0,134.0,18018,0
2026-09-03T14:30:00+05:30,134.0,134.24,133.53,133.83,2306,0
2026-09-03T14:45:00+05:30,133.64,134.55,133.64,134.22,10615,0
2026-09-03T15:00:00+05:30,134.22,135.0,133.5,133.91,27156,0
2026-09-03T15:15:00+05:30,133.91,135.0,132.5,134.4,43048,0
2026-09-04T09:15:00+05:30,135.4,139.75,134.25,135.36,44476,0
2026-09-04T09:30:00+05:30,135.68,136.0,133.9,133.97,30944,0
2026-09-04T09:45:00+05:30,134.01,134.79,133.22,133.3,13022,0
2026-09-04T10:00:00+05:30,133.3,133.39,132.02,132.05,14305,0
2026-09-04T10:15:00+05:30,132.05,134.19,132.0,134.0,16154,0
2026-09-04T10:30:00+05:30,133.9,136.92,133.71,135.44,28770,0
2026-09-04T10:45:00+05:30,135.41,135.95,134.71,134.93,12510,0
2026-09-04T11:00:00+05:30,135.01,135.95,134.55,134.84,13466,0
2026-09-04T11:15:00+05:30,135.01,135.01,134.6,134.77,2819,0
2026-09-04T11:30:00+05:30,134.77,134.88,134.17,134.23,6759,0
2026-09-04T11:45:00+05:30,134.3,137.3,134.14,136.62,52691,0
2026-09-04T12:00:00+05:30,136.7,137.44,136.4,137.1,21044,0
2026-09-04T12:15:00+05:30,137.16,139.67,137.16,138.25,92043,0
2026-09-04T12:30:00+05:30,138.25,139.5,137.54,138.68,29889,0
2026-09-04T12:45:00+05:30,138.83,139.0,138.38,139.0,14687,0
2026-09-04T13:00:00+05:30,138.76,139.0,138.01,138.58,20309,0
2026-09-04T13:15:00+05:30,138.58,138.96,137.26,137.31,14997,0
2026-09-04T13:30:00+05:30,137.32,137.44,137.0,137.39,10314,0
2026-09-04T13:45:00+05:30,137.09,138.34,137.0,138.34,9517,0
2026-09-04T14:00:00+05:30,137.52,138.51,137.52,138.05,7513,0
2026-09-04T14:15:00+05:30,138.02,139.8,138.02,138.83,37588,0
2026-09-04T14:30:00+05:30,138.33,139.0,138.2,138.78,8490,0
2026-09-04T14:45:00+05:30,138.49,139.5,138.49,139.44,24399,0
2026-09-04T15:00:00+05:30,139.14,139.45,138.04,138.8,32975,0
2026-09-04T15:15:00+05:30,138.77,139.5,137.2,137.2,45076,0
