timestamp,open,high,low,close,volume,oi
2026-02-26T09:15:00+05:30,354.9,356.6,349.8,350.95,20886,0
2026-02-26T09:30:00+05:30,351.45,355.3,351.2,355.15,12457,0
2026-02-26T09:45:00+05:30,355.1,356.3,353.75,353.75,2065,0
2026-02-26T10:00:00+05:30,353.75,354.6,353.0,354.0,2292,0
2026-02-26T10:15:00+05:30,353.95,354.7,353.0,354.5,4465,0
2026-02-26T10:30:00+05:30,354.05,354.05,352.65,353.0,2201,0
2026-02-26T10:45:00+05:30,353.05,353.4,351.6,352.0,1797,0
2026-02-26T11:00:00+05:30,352.25,352.7,351.9,352.7,887,0
2026-02-26T11:15:00+05:30,352.7,352.7,351.85,352.0,378,0
2026-02-26T11:30:00+05:30,352.0,352.65,349.1,349.1,4331,0
2026-02-26T11:45:00+05:30,349.55,351.2,349.1,351.2,4188,0
2026-02-26T12:00:00+05:30,351.55,362.05,351.1,356.45,214443,0
2026-02-26T12:15:00+05:30,355.65,358.05,355.55,358.05,12694,0
2026-02-26T12:30:00+05:30,358.15,359.95,356.95,358.75,5256,0
2026-02-26T12:45:00+05:30,358.7,358.95,358.0,358.0,5698,0
2026-02-26T13:00:00+05:30,358.0,358.0,356.0,357.3,25776,0
2026-02-26T13:15:00+05:30,357.3,357.9,356.75,357.9,995,0
2026-02-26T13:30:00+05:30,357.9,357.9,357.15,357.15,1955,0
2026-02-26T13:45:00+05:30,357.25,357.7,357.15,357.3,201,0
2026-02-26T14:00:00+05:30,357.3,357.3,354.2,354.8,5280,0
2026-02-26T14:15:00+05:30,354.9,354.9,354.0,354.15,311,0
2026-02-26T14:30:00+05:30,354.2,356.15,354.15,355.0,15863,0
2026-02-26T14:45:00+05:30,355.45,355.7,354.75,355.45,755,0
2026-02-26T15:00:00+05:30,355.45,356.65,354.65,354.85,2833,0
2026-02-26T15:15:00+05:30,354.6,357.6,353.8,357.6,9102,0
2026-02-27T09:15:00+05:30,354.0,362.0,351.55,353.95,9643,0
2026-02-27T09:30:00+05:30,353.75,355.05,352.35,354.9,4007,0
2026-02-27T09:45:00+05:30,354.35,355.15,353.65,354.2,1336,0
2026-02-27T10:00:00+05:30,353.9,354.55,353.05,353.4,2737,0
2026-02-27T10:15:00+05:30,353.4,353.4,350.0,351.75,16440,0
2026-02-27T10:30:00+05:30,351.75,352.35,349.9,350.45,5781,0
2026-02-27T10:45:00+05:30,350.35,350.65,349.1,349.5,1263,0
2026-02-27T11:00:00+05:30,349.55,350.55,349.55,350.5,2141,0
2026-02-27T11:15:00+05:30,350.5,350.6,349.6,350.0,845,0
2026-02-27T11:30:00+05:30,349.95,350.0,349.0,349.35,2465,0
2026-02-27T11:45:00+05:30,349.6,350.15,349.6,350.0,903,0
2026-02-27T12:00:00+05:30,350.0,350.6,350.0,350.55,139,0
2026-02-27T12:15:00+05:30,350.05,350.4,349.5,349.5,2223,0
2026-02-27T12:30:00+05:30,349.5,352.45,349.25,351.5,7626,0
2026-02-27T12:45:00+05:30,350.85,351.5,349.1,349.55,1776,0
2026-02-27T13:00:00+05:30,349.8,350.55,349.8,350.55,782,0
2026-02-27T13:15:00+05:30,349.7,350.7,349.4,349.7,1393,0
2026-02-27T13:30:00+05:30,349.7,351.05,349.7,349.95,814,0
2026-02-27T13:45:00+05:30,350.6,351.0,348.9,350.35,5476,0
2026-02-27T14:00:00+05:30,350.85,352.8,350.5,350.95,3281,0
2026-02-27T14:15:00+05:30,350.95,351.0,349.0,349.75,3981,0
2026-02-27T14:30:00+05:30,349.75,350.15,348.0,348.7,4194,0
2026-02-27T14:45:00+05:30,348.8,349.9,348.5,349.05,2287,0
2026-02-27T15:00:00+05:30,349.05,349.3,346.4,346.85,4498,0
2026-02-27T15:15:00+05:30,347.0,348.3,345.1,348.05,10534,0
2026-03-02T09:15:00+05:30,345.0,363.55,341.65,361.5,72989,0
2026-03-02T09:30:00+05:30,361.5,366.0,353.55,354.75,46540,0
2026-03-02T09:45:00+05:30,354.4,364.85,352.35,361.0,28800,0
2026-03-02T10:00:00+05:30,361.6,363.15,357.15,357.3,12210,0
2026-03-02T10:15:00+05:30,357.15,360.2,354.65,360.2,23380,0
2026-03-02T10:30:00+05:30,360.2,370.0,359.8,367.1,68829,0
2026-03-02T10:45:00+05:30,367.3,372.9,365.25,367.0,90763,0
2026-03-02T11:00:00+05:30,367.1,369.0,365.5,365.7,26317,0
2026-03-02T11:15:00+05:30,365.75,366.95,363.0,364.4,18928,0
2026-03-02T11:30:00+05:30,364.4,365.95,363.2,364.8,14698,0
2026-03-02T11:45:00+05:30,365.0,365.0,360.8,360.95,19072,0
2026-03-02T12:00:00+05:30,361.5,362.95,358.0,360.45,29554,0
2026-03-02T12:15:00+05:30,360.4,365.0,358.25,362.8,30321,0
2026-03-02T12:30:00+05:30,362.8,364.0,361.0,361.75,10695,0
2026-03-02T12:45:00+05:30,361.6,364.95,360.1,364.65,12299,0
2026-03-02T13:00:00+05:30,364.0,364.85,362.05,362.05,6676,0
2026-03-02T13:15:00+05:30,362.85,367.95,362.85,366.25,19602,0
2026-03-02T13:30:00+05:30,365.7,366.0,362.6,363.0,15261,0
2026-03-02T13:45:00+05:30,363.0,364.55,360.0,361.8,9701,0
2026-03-02T14:00:00+05:30,361.8,367.7,360.6,365.6,18316,0
2026-03-02T14:15:00+05:30,366.15,366.2,364.0,366.0,12324,0
2026-03-02T14:30:00+05:30,366.0,366.75,363.0,366.75,30490,0
2026-03-02T14:45:00+05:30,367.0,372.9,366.5,369.0,58499,0
2026-03-02T15:00:00+05:30,368.6,368.85,365.0,366.95,26694,0
2026-03-02T15:15:00+05:30,366.9,369.45,364.55,366.6,41656,0
2026-03-04T09:15:00+05:30,368.1,377.45,360.05,361.7,127707,0
2026-03-04T09:30:00+05:30,361.25,373.5,357.1,370.95,106521,0
2026-03-04T09:45:00+05:30,370.95,373.5,362.6,364.0,55736,0
2026-03-04T10:00:00+05:30,364.6,369.0,364.2,367.95,41558,0
2026-03-04T10:15:00+05:30,368.35,368.35,364.55,365.7,15329,0
2026-03-04T10:30:00+05:30,365.7,366.05,363.2,363.2,9002,0
2026-03-04T10:45:00+05:30,363.55,364.7,361.35,362.2,7533,0
2026-03-04T11:00:00+05:30,362.2,366.0,362.2,365.0,7749,0
2026-03-04T11:15:00+05:30,365.0,365.15,362.65,363.1,3333,0
2026-03-04T11:30:00+05:30,363.1,363.5,361.0,362.05,7414,0
2026-03-04T11:45:00+05:30,362.45,363.7,361.5,362.9,3069,0
2026-03-04T12:00:00+05:30,362.85,363.4,361.2,361.2,4396,0
2026-03-04T12:15:00+05:30,361.2,361.35,358.95,359.7,9895,0
2026-03-04T12:30:00+05:30,359.75,360.0,357.3,358.15,9026,0
2026-03-04T12:45:00+05:30,358.2,359.5,357.4,358.1,3971,0
2026-03-04T13:00:00+05:30,358.1,359.6,358.1,358.8,2552,0
2026-03-04T13:15:00+05:30,358.95,360.0,358.05,359.5,5446,0
2026-03-04T13:30:00+05:30,359.5,360.05,357.2,358.45,8699,0
2026-03-04T13:45:00+05:30,358.45,358.45,356.6,357.45,3256,0
2026-03-04T14:00:00+05:30,357.5,358.75,356.1,358.7,4953,0
2026-03-04T14:15:00+05:30,358.9,359.7,356.1,357.4,4540,0
2026-03-04T14:30:00+05:30,357.15,358.7,356.0,357.85,5076,0
2026-03-04T14:45:00+05:30,357.85,357.9,356.05,357.05,6564,0
2026-03-04T15:00:00+05:30,356.95,357.25,351.85,353.75,22095,0
2026-03-04T15:15:00+05:30,353.45,361.3,352.05,354.6,35881,0
2026-03-05T09:15:00+05:30,360.95,366.95,357.1,363.0,36641,0
2026-03-05T09:30:00+05:30,362.55,364.0,360.0,360.25,9210,0
2026-03-05T09:45:00+05:30,360.25,362.85,360.0,361.0,5419,0
2026-03-05T10:00:00+05:30,361.0,361.65,356.3,357.0,10784,0
2026-03-05T10:15:00+05:30,356.8,358.5,355.4,355.85,5831,0
2026-03-05T10:30:00+05:30,355.45,356.2,355.35,355.7,2268,0
2026-03-05T10:45:00+05:30,355.7,356.55,355.65,356.1,3984,0
2026-03-05T11:00:00+05:30,356.1,356.95,355.75,356.3,2596,0
2026-03-05T11:15:00+05:30,355.6,356.2,355.05,355.1,2262,0
2026-03-05T11:30:00+05:30,355.1,355.4,352.3,353.95,5381,0
2026-03-05T11:45:00+05:30,353.5,353.5,349.3,350.0,15807,0
2026-03-05T12:00:00+05:30,350.0,351.15,350.0,350.75,1409,0
2026-03-05T12:15:00+05:30,350.8,352.55,350.8,351.9,1774,0
2026-03-05T12:30:00+05:30,351.9,351.9,350.35,350.4,866,0
2026-03-05T12:45:00+05:30,350.25,351.0,350.15,350.9,1083,0
2026-03-05T13:00:00+05:30,350.9,350.9,350.1,350.1,856,0
2026-03-05T13:15:00+05:30,350.0,350.25,349.2,350.1,2129,0
2026-03-05T13:30:00+05:30,350.1,350.1,347.3,347.5,4720,0
2026-03-05T13:45:00+05:30,347.4,348.95,347.0,347.8,6919,0
2026-03-05T14:00:00+05:30,347.8,347.8,345.4,345.6,4125,0
2026-03-05T14:15:00+05:30,345.6,348.0,344.65,347.15,5896,0
2026-03-05T14:30:00+05:30,347.65,351.1,344.0,351.1,17970,0
2026-03-05T14:45:00+05:30,351.05,356.2,351.0,354.75,11586,0
2026-03-05T15:00:00+05:30,354.45,355.85,349.95,352.1,40680,0
2026-03-05T15:15:00+05:30,351.6,355.3,348.1,349.5,16170,0
2026-03-06T09:15:00+05:30,351.7,351.7,344.2,344.9,30100,0
2026-03-06T09:30:00+05:30,345.4,345.4,341.0,342.05,20370,0
2026-03-06T09:45:00+05:30,342.5,342.5,339.15,339.55,14315,0
2026-03-06T10:00:00+05:30,339.55,344.2,338.85,344.0,21675,0
2026-03-06T10:15:00+05:30,343.9,345.8,343.9,344.6,23973,0
2026-03-06T10:30:00+05:30,345.1,346.1,343.0,345.5,32633,0
2026-03-06T10:45:00+05:30,345.2,346.0,342.2,343.2,45767,0
2026-03-06T11:00:00+05:30,343.15,343.55,339.6,340.0,11863,0
2026-03-06T11:15:00+05:30,340.2,340.5,339.3,340.25,3046,0
2026-03-06T11:30:00+05:30,339.6,341.05,337.2,340.3,13849,0
2026-03-06T11:45:00+05:30,340.0,340.95,340.0,340.75,2499,0
2026-03-06T12:00:00+05:30,340.75,340.75,339.35,339.95,4922,0
2026-03-06T12:15:00+05:30,339.75,339.8,337.6,337.6,10545,0
2026-03-06T12:30:00+05:30,337.55,338.9,337.15,338.7,5573,0
2026-03-06T12:45:00+05:30,338.5,338.7,337.0,338.0,5532,0
2026-03-06T13:00:00+05:30,337.25,338.5,337.25,338.05,2469,0
2026-03-06T13:15:00+05:30,337.85,339.5,337.85,339.35,2690,0
2026-03-06T13:30:00+05:30,339.35,339.5,338.05,339.5,5767,0
2026-03-06T13:45:00+05:30,339.0,340.05,339.0,339.55,2823,0
2026-03-06T14:00:00+05:30,339.55,339.9,339.0,339.45,934,0
2026-03-06T14:15:00+05:30,339.45,340.0,339.05,339.95,1547,0
2026-03-06T14:30:00+05:30,339.95,339.95,338.0,338.4,5893,0
2026-03-06T14:45:00+05:30,338.0,338.55,337.45,337.6,10751,0
2026-03-06T15:00:00+05:30,338.0,338.9,337.0,338.9,15529,0
2026-03-06T15:15:00+05:30,337.9,338.8,337.0,338.5,22070,0
2026-03-09T09:15:00+05:30,340.0,355.55,339.0,348.35,194034,0
2026-03-09T09:30:00+05:30,348.3,364.0,348.0,360.5,209813,0
2026-03-09T09:45:00+05:30,360.45,365.0,351.8,352.5,172289,0
2026-03-09T10:00:00+05:30,352.5,358.7,349.2,353.55,82512,0
2026-03-09T10:15:00+05:30,354.0,354.6,350.1,352.5,30338,0
2026-03-09T10:30:00+05:30,353.0,355.0,351.0,355.0,19609,0
2026-03-09T10:45:00+05:30,354.5,355.0,351.05,353.15,17263,0
2026-03-09T11:00:00+05:30,352.65,352.75,348.65,349.9,25274,0
2026-03-09T11:15:00+05:30,349.85,350.5,347.55,350.15,14458,0
2026-03-09T11:30:00+05:30,350.1,351.0,348.0,348.0,7525,0
2026-03-09T11:45:00+05:30,348.0,348.45,346.55,347.15,10515,0
2026-03-09T12:00:00+05:30,346.95,347.0,340.3,341.35,42694,0
2026-03-09T12:15:00+05:30,341.35,345.1,341.35,343.2,26765,0
2026-03-09T12:30:00+05:30,343.2,346.4,342.25,344.7,18602,0
2026-03-09T12:45:00+05:30,344.7,349.3,343.7,348.0,15774,0
2026-03-09T13:00:00+05:30,347.5,348.0,343.3,344.4,7198,0
2026-03-09T13:15:00+05:30,344.4,345.5,344.1,345.1,8133,0
2026-03-09T13:30:00+05:30,345.1,345.1,343.2,344.45,7029,0
2026-03-09T13:45:00+05:30,344.95,347.0,344.05,345.5,13975,0
2026-03-09T14:00:00+05:30,345.6,347.0,344.3,345.45,8233,0
2026-03-09T14:15:00+05:30,344.95,349.7,344.15,348.6,18111,0
2026-03-09T14:30:00+05:30,348.95,350.0,346.1,346.55,22323,0
2026-03-09T14:45:00+05:30,346.45,349.0,345.45,346.95,11835,0
2026-03-09T15:00:00+05:30,346.65,348.6,345.05,348.2,36820,0
2026-03-09T15:15:00+05:30,348.35,350.0,346.4,346.6,78210,0
2026-03-10T09:15:00+05:30,354.0,354.0,344.05,345.25,33233,0
2026-03-10T09:30:00+05:30,345.35,345.35,343.1,344.85,5002,0
2026-03-10T09:45:00+05:30,344.6,344.9,342.15,342.8,7074,0
2026-03-10T10:00:00+05:30,342.8,345.5,342.8,345.0,7412,0
2026-03-10T10:15:00+05:30,344.6,345.7,343.85,345.1,6477,0
2026-03-10T10:30:00+05:30,344.95,345.8,344.1,344.4,2305,0
2026-03-10T10:45:00+05:30,344.6,344.8,342.0,342.8,3613,0
2026-03-10T11:00:00+05:30,342.75,343.3,342.1,342.35,3310,0
2026-03-10T11:15:00+05:30,342.05,343.0,342.0,342.0,3172,0
2026-03-10T11:30:00+05:30,342.4,343.55,342.4,342.7,1900,0
2026-03-10T11:45:00+05:30,342.55,343.15,342.0,342.2,2655,0
2026-03-10T12:00:00+05:30,342.2,345.2,342.1,344.4,8043,0
2026-03-10T12:15:00+05:30,344.0,344.6,343.2,343.6,1666,0
2026-03-10T12:30:00+05:30,343.75,345.6,342.9,344.75,3951,0
2026-03-10T12:45:00+05:30,344.75,346.6,344.75,345.7,5138,0
2026-03-10T13:00:00+05:30,345.8,350.35,345.0,345.95,20805,0
2026-03-10T13:15:00+05:30,345.95,345.95,344.65,345.05,3507,0
2026-03-10T13:30:00+05:30,345.45,348.0,345.0,347.9,7205,0
2026-03-10T13:45:00+05:30,347.9,347.9,346.1,346.1,2000,0
2026-03-10T14:00:00+05:30,346.1,347.1,345.2,346.15,7827,0
2026-03-10T14:15:00+05:30,346.5,346.5,345.6,346.1,5161,0
2026-03-10T14:30:00+05:30,346.1,346.6,345.1,346.5,5442,0
2026-03-10T14:45:00+05:30,346.5,347.4,346.1,346.7,4807,0
2026-03-10T15:00:00+05:30,346.55,347.8,345.65,346.15,8170,0
2026-03-10T15:15:00+05:30,346.25,348.55,346.0,347.9,14284,0
2026-03-11T09:15:00+05:30,345.5,353.5,345.45,351.8,11241,0
2026-03-11T09:30:00+05:30,351.9,351.9,349.55,350.1,7749,0
2026-03-11T09:45:00+05:30,350.4,352.0,349.55,350.0,3875,0
2026-03-11T10:00:00+05:30,350.0,350.3,348.3,349.65,3898,0
2026-03-11T10:15:00+05:30,349.65,349.7,348.3,348.3,4239,0
2026-03-11T10:30:00+05:30,348.8,348.85,346.2,346.5,5229,0
2026-03-11T10:45:00+05:30,346.2,347.0,346.0,347.0,4336,0
2026-03-11T11:00:00+05:30,347.0,348.9,346.8,346.8,1535,0
2026-03-11T11:15:00+05:30,346.85,347.2,346.0,347.2,21748,0
2026-03-11T11:30:00+05:30,347.15,347.55,346.0,347.05,1142,0
2026-03-11T11:45:00+05:30,347.05,348.9,346.6,348.65,3315,0
2026-03-11T12:00:00+05:30,348.6,352.1,348.2,351.85,11199,0
2026-03-11T12:15:00+05:30,351.45,353.6,350.9,352.8,9701,0
2026-03-11T12:30:00+05:30,352.25,353.6,350.6,351.0,4787,0
2026-03-11T12:45:00+05:30,351.0,351.6,350.55,351.0,966,0
2026-03-11T13:00:00+05:30,351.0,351.0,350.0,350.0,1926,0
2026-03-11T13:15:00+05:30,349.1,350.85,348.25,350.8,7449,0
2026-03-11T13:30:00+05:30,350.5,351.1,349.2,349.4,1014,0
2026-03-11T13:45:00+05:30,349.1,349.6,348.6,349.2,1529,0
2026-03-11T14:00:00+05:30,349.0,349.85,348.95,349.15,1018,0
2026-03-11T14:15:00+05:30,349.15,350.4,348.55,350.4,3013,0
2026-03-11T14:30:00+05:30,350.4,350.6,348.8,349.6,4738,0
2026-03-11T14:45:00+05:30,349.7,349.75,346.2,346.2,7636,0
2026-03-11T15:00:00+05:30,346.65,346.65,345.05,345.1,5470,0
2026-03-11T15:15:00+05:30,345.15,346.0,339.55,342.0,24777,0
2026-03-12T09:15:00+05:30,341.8,341.8,335.55,340.5,22899,0
2026-03-12T09:30:00+05:30,340.5,340.95,338.0,339.75,15121,0
2026-03-12T09:45:00+05:30,339.45,341.8,339.15,341.8,3396,0
2026-03-12T10:00:00+05:30,341.4,342.6,339.05,339.4,9803,0
2026-03-12T10:15:00+05:30,339.4,340.25,338.6,339.4,4891,0
2026-03-12T10:30:00+05:30,340.2,340.2,338.5,338.5,7192,0
2026-03-12T10:45:00+05:30,338.5,340.5,338.25,340.4,21081,0
2026-03-12T11:00:00+05:30,340.4,344.1,340.05,343.85,19665,0
2026-03-12T11:15:00+05:30,344.0,346.0,343.4,343.9,10792,0
2026-03-12T11:30:00+05:30,343.9,346.3,343.65,346.3,4188,0
2026-03-12T11:45:00+05:30,346.3,348.9,346.0,348.65,8595,0
2026-03-12T12:00:00+05:30,348.65,350.8,348.0,349.95,8683,0
2026-03-12T12:15:00+05:30,349.7,350.8,349.0,349.5,2632,0
2026-03-12T12:30:00+05:30,349.5,350.0,348.0,348.0,1205,0
2026-03-12T12:45:00+05:30,348.4,348.45,347.1,348.1,1516,0
2026-03-12T13:00:00+05:30,348.1,348.1,344.9,346.95,6214,0
2026-03-12T13:15:00+05:30,347.1,347.5,346.5,347.3,1082,0
2026-03-12T13:30:00+05:30,347.5,348.0,346.5,346.8,547,0
2026-03-12T13:45:00+05:30,346.8,347.55,346.8,347.5,820,0
2026-03-12T14:00:00+05:30,347.5,348.85,346.4,346.6,3311,0
2026-03-12T14:15:00+05:30,346.55,347.4,346.3,346.3,614,0
2026-03-12T14:30:00+05:30,346.6,347.4,345.7,345.7,586,0
2026-03-12T14:45:00+05:30,345.6,346.65,342.6,344.75,9781,0
2026-03-12T15:00:00+05:30,344.4,344.5,340.65,341.7,8690,0
2026-03-12T15:15:00+05:30,341.85,342.3,339.1,341.2,18495,0
2026-03-13T09:15:00+05:30,342.95,343.65,338.0,339.6,18771,0
2026-03-13T09:30:00+05:30,339.9,340.3,336.5,336.55,12394,0
2026-03-13T09:45:00+05:30,336.55,336.55,333.15,333.85,9712,0
2026-03-13T10:00:00+05:30,333.3,333.65,331.6,332.05,13639,0
2026-03-13T10:15:00+05:30,331.75,336.95,331.7,336.95,18310,0
2026-03-13T10:30:00+05:30,336.3,336.85,335.0,335.9,12287,0
2026-03-13T10:45:00+05:30,335.3,336.0,333.45,334.1,3780,0
2026-03-13T11:00:00+05:30,333.85,334.4,332.0,332.55,7497,0
2026-03-13T11:15:00+05:30,332.55,336.6,332.3,336.6,8163,0
2026-03-13T11:30:00+05:30,336.55,336.9,335.75,335.95,3597,0
2026-03-13T11:45:00+05:30,335.85,338.0,335.0,335.4,87268,0
2026-03-13T12:00:00+05:30,335.4,336.1,335.15,336.1,733,0
2026-03-13T12:15:00+05:30,336.1,337.1,334.1,334.1,2709,0
2026-03-13T12:30:00+05:30,334.3,334.35,332.2,333.5,2446,0
2026-03-13T12:45:00+05:30,333.4,334.35,332.85,333.8,1883,0
2026-03-13T13:00:00+05:30,333.8,333.9,332.95,333.3,839,0
2026-03-13T13:15:00+05:30,333.35,333.85,332.55,333.25,1061,0
2026-03-13T13:30:00+05:30,333.25,333.25,332.0,332.8,5198,0
2026-03-13T13:45:00+05:30,332.75,332.9,331.05,331.05,2041,0
2026-03-13T14:00:00+05:30,331.1,333.65,331.1,333.05,2646,0
2026-03-13T14:15:00+05:30,333.8,334.5,332.2,332.8,2780,0
2026-03-13T14:30:00+05:30,333.05,333.8,332.45,333.0,2137,0
2026-03-13T14:45:00+05:30,333.15,334.1,332.4,332.9,4658,0
2026-03-13T15:00:00+05:30,333.05,333.65,331.2,332.8,9857,0
2026-03-13T15:15:00+05:30,333.25,334.0,330.0,333.0,32003,0
2026-03-16T09:15:00+05:30,334.55,344.8,331.45,341.4,39853,0
2026-03-16T09:30:00+05:30,341.4,351.8,340.55,349.6,41636,0
2026-03-16T09:45:00+05:30,349.65,358.75,347.95,356.1,76356,0
2026-03-16T10:00:00+05:30,356.15,358.0,350.25,351.8,56770,0
2026-03-16T10:15:00+05:30,352.15,353.95,346.35,346.4,41243,0
2026-03-16T10:30:00+05:30,346.75,348.5,340.55,342.8,40776,0
2026-03-16T10:45:00+05:30,342.5,346.05,341.15,345.4,9739,0
2026-03-16T11:00:00+05:30,345.0,345.1,342.05,342.05,7387,0
2026-03-16T11:15:00+05:30,342.7,347.2,342.7,345.85,8114,0
2026-03-16T11:30:00+05:30,345.4,347.6,343.9,344.35,5765,0
2026-03-16T11:45:00+05:30,344.35,346.45,343.95,345.25,5737,0
2026-03-16T12:00:00+05:30,345.2,346.95,343.75,345.1,6634,0
2026-03-16T12:15:00+05:30,344.8,345.6,342.95,343.1,7051,0
2026-03-16T12:30:00+05:30,343.45,343.45,340.0,341.4,8098,0
2026-03-16T12:45:00+05:30,341.1,342.25,340.15,340.65,1721,0
2026-03-16T13:00:00+05:30,340.55,343.55,339.65,341.1,23397,0
2026-03-16T13:15:00+05:30,340.85,341.65,339.05,339.05,5641,0
2026-03-16T13:30:00+05:30,339.7,340.35,337.7,338.4,10027,0
2026-03-16T13:45:00+05:30,338.25,338.85,337.0,337.35,2303,0
2026-03-16T14:00:00+05:30,337.25,339.2,335.35,338.5,12836,0
2026-03-16T14:15:00+05:30,338.5,347.7,338.2,347.65,19713,0
2026-03-16T14:30:00+05:30,346.95,351.0,345.15,350.35,11688,0
2026-03-16T14:45:00+05:30,350.0,354.0,349.2,350.6,31727,0
2026-03-16T15:00:00+05:30,350.5,351.0,348.0,349.35,20512,0
2026-03-16T15:15:00+05:30,349.4,350.95,346.0,348.35,42539,0
2026-03-17T09:15:00+05:30,351.8,351.8,346.05,347.4,10936,0
2026-03-17T09:30:00+05:30,347.6,349.2,346.7,348.7,12709,0
2026-03-17T09:45:00+05:30,348.65,350.75,348.05,348.75,6056,0
2026-03-17T10:00:00+05:30,348.75,348.75,347.1,347.1,7455,0
2026-03-17T10:15:00+05:30,347.1,349.7,347.1,347.3,5445,0
2026-03-17T10:30:00+05:30,347.3,348.25,343.1,344.85,8583,0
2026-03-17T10:45:00+05:30,344.8,350.0,343.9,348.85,13939,0
2026-03-17T11:00:00+05:30,349.2,349.2,347.55,348.4,4543,0
2026-03-17T11:15:00+05:30,348.4,352.95,347.7,348.05,8937,0
2026-03-17T11:30:00+05:30,348.05,349.45,347.2,348.45,3291,0
2026-03-17T11:45:00+05:30,348.45,350.6,348.45,348.7,3194,0
2026-03-17T12:00:00+05:30,348.7,349.55,346.6,346.9,3976,0
2026-03-17T12:15:00+05:30,346.75,348.65,344.0,346.0,15784,0
2026-03-17T12:30:00+05:30,346.0,346.0,342.1,345.25,10897,0
2026-03-17T12:45:00+05:30,345.8,346.55,345.15,346.0,1375,0
2026-03-17T13:00:00+05:30,345.75,346.15,343.6,344.55,4167,0
2026-03-17T13:15:00+05:30,344.7,344.8,342.6,343.2,5848,0
2026-03-17T13:30:00+05:30,343.35,344.45,342.25,342.4,5109,0
2026-03-17T13:45:00+05:30,342.45,344.45,342.25,343.85,5185,0
2026-03-17T14:00:00+05:30,343.75,349.05,343.75,348.35,22516,0
2026-03-17T14:15:00+05:30,348.45,351.2,347.1,348.75,7150,0
2026-03-17T14:30:00+05:30,348.5,350.0,348.3,349.35,2112,0
2026-03-17T14:45:00+05:30,349.25,351.0,349.2,350.05,10258,0
2026-03-17T15:00:00+05:30,350.0,356.75,350.0,353.55,30728,0
2026-03-17T15:15:00+05:30,353.75,354.3,351.25,352.0,18216,0
2026-03-18T09:15:00+05:30,353.1,364.95,352.5,364.15,40318,0
2026-03-18T09:30:00+05:30,364.2,364.7,354.95,356.45,36405,0
2026-03-18T09:45:00+05:30,356.35,356.75,353.6,354.95,8156,0
2026-03-18T10:00:00+05:30,355.1,355.7,352.7,353.75,7643,0
2026-03-18T10:15:00+05:30,353.75,357.2,353.05,355.3,6005,0
2026-03-18T10:30:00+05:30,355.25,359.7,355.25,358.5,11001,0
2026-03-18T10:45:00+05:30,358.5,359.4,357.35,358.15,4190,0
2026-03-18T11:00:00+05:30,357.65,361.35,357.0,360.75,6798,0
2026-03-18T11:15:00+05:30,361.15,362.85,361.05,361.8,4421,0
2026-03-18T11:30:00+05:30,361.8,363.65,361.65,363.05,7905,0
2026-03-18T11:45:00+05:30,362.5,364.0,362.2,362.2,6421,0
2026-03-18T12:00:00+05:30,362.25,363.05,360.6,360.85,2489,0
2026-03-18T12:15:00+05:30,360.85,362.45,360.85,361.05,3279,0
2026-03-18T12:30:00+05:30,361.05,362.5,361.05,362.0,514,0
2026-03-18T12:45:00+05:30,362.0,363.0,361.6,362.85,1069,0
2026-03-18T13:00:00+05:30,362.8,363.95,362.8,363.55,5951,0
2026-03-18T13:15:00+05:30,363.75,374.15,363.55,373.4,40447,0
2026-03-18T13:30:00+05:30,373.4,375.1,372.0,372.0,22442,0
2026-03-18T13:45:00+05:30,372.0,373.0,371.0,371.5,8281,0
2026-03-18T14:00:00+05:30,371.55,375.1,370.1,374.5,27501,0
2026-03-18T14:15:00+05:30,374.95,375.0,373.9,374.1,5151,0
2026-03-18T14:30:00+05:30,374.5,374.5,372.3,372.85,21186,0
2026-03-18T14:45:00+05:30,372.8,373.7,369.0,369.45,13894,0
2026-03-18T15:00:00+05:30,369.55,370.6,367.65,368.75,14439,0
2026-03-18T15:15:00+05:30,368.55,369.5,365.1,367.0,30152,0
2026-03-19T09:15:00+05:30,367.55,367.55,359.0,363.9,45182,0
2026-03-19T09:30:00+05:30,363.95,363.95,359.75,360.0,7162,0
2026-03-19T09:45:00+05:30,360.0,360.0,358.3,359.5,2990,0
2026-03-19T10:00:00+05:30,359.0,361.45,358.8,361.1,2122,0
2026-03-19T10:15:00+05:30,360.75,361.1,359.5,360.9,2528,0
2026-03-19T10:30:00+05:30,360.8,361.3,360.05,361.0,1561,0
2026-03-19T10:45:00+05:30,361.3,362.45,360.95,361.6,5208,0
2026-03-19T11:00:00+05:30,361.0,361.0,359.3,360.2,2755,0
2026-03-19T11:15:00+05:30,359.65,361.9,358.55,359.45,8297,0
2026-03-19T11:30:00+05:30,359.45,361.15,359.45,360.6,771,0
2026-03-19T11:45:00+05:30,360.95,362.0,360.0,360.9,1532,0
2026-03-19T12:00:00+05:30,360.9,360.9,358.35,359.3,5007,0
2026-03-19T12:15:00+05:30,359.3,360.5,359.0,359.6,1896,0
2026-03-19T12:30:00+05:30,359.6,360.65,358.2,359.05,3007,0
2026-03-19T12:45:00+05:30,359.05,363.15,359.05,362.05,6768,0
2026-03-19T13:00:00+05:30,362.45,364.7,361.15,364.4,17638,0
2026-03-19T13:15:00+05:30,364.25,364.8,362.4,362.85,5109,0
2026-03-19T13:30:00+05:30,362.2,362.5,360.05,362.5,4885,0
2026-03-19T13:45:00+05:30,362.5,363.6,362.0,362.0,993,0
2026-03-19T14:00:00+05:30,362.0,365.95,361.55,365.95,7260,0
2026-03-19T14:15:00+05:30,365.4,368.6,364.85,365.95,9280,0
2026-03-19T14:30:00+05:30,366.15,370.0,363.75,369.2,28983,0
2026-03-19T14:45:00+05:30,369.3,369.65,365.1,365.4,6343,0
2026-03-19T15:00:00+05:30,365.35,367.8,365.0,367.1,4446,0
2026-03-19T15:15:00+05:30,367.15,367.35,363.3,366.6,19660,0
2026-03-20T09:15:00+05:30,362.95,388.35,362.95,385.0,148384,0
2026-03-20T09:30:00+05:30,385.45,394.9,385.0,394.9,102559,0
2026-03-20T09:45:00+05:30,394.8,398.9,386.65,397.3,123418,0
2026-03-20T10:00:00+05:30,397.8,399.35,393.35,394.0,105788,0
2026-03-20T10:15:00+05:30,394.55,394.55,388.35,389.6,43019,0
2026-03-20T10:30:00+05:30,389.6,398.5,386.95,395.25,75367,0
2026-03-20T10:45:00+05:30,394.35,398.0,392.7,394.25,36063,0
2026-03-20T11:00:00+05:30,394.95,396.0,391.5,395.95,23107,0
2026-03-20T11:15:00+05:30,395.35,403.5,395.35,397.0,124933,0
2026-03-20T11:30:00+05:30,397.75,401.6,396.05,396.1,80561,0
2026-03-20T11:45:00+05:30,396.95,397.4,392.65,394.35,24703,0
2026-03-20T12:00:00+05:30,394.8,395.75,392.55,393.6,14903,0
2026-03-20T12:15:00+05:30,393.6,396.9,392.4,395.3,19443,0
2026-03-20T12:30:00+05:30,395.25,399.7,394.15,397.15,42720,0
2026-03-20T12:45:00+05:30,397.05,402.0,396.65,399.9,132101,0
2026-03-20T13:00:00+05:30,400.5,412.7,399.0,410.95,470244,0
2026-03-20T13:15:00+05:30,410.85,420.25,410.35,411.2,1276396,0
2026-03-20T13:30:00+05:30,411.0,422.9,405.0,422.15,1859859,0
2026-03-20T13:45:00+05:30,422.75,427.2,415.0,422.5,1507033,0
2026-03-20T14:00:00+05:30,422.5,435.0,420.3,429.7,1821067,0
2026-03-20T14:15:00+05:30,429.7,433.95,424.05,429.45,625099,0
2026-03-20T14:30:00+05:30,429.45,433.0,410.05,412.05,770450,0
2026-03-20T14:45:00+05:30,412.6,416.75,407.1,411.25,511928,0
2026-03-20T15:00:00+05:30,411.25,419.85,404.05,408.25,546059,0
2026-03-20T15:15:00+05:30,408.25,414.95,400.0,400.05,380275,0
2026-03-23T09:15:00+05:30,397.15,403.0,377.5,383.9,284012,0
2026-03-23T09:30:00+05:30,383.95,385.25,380.25,381.9,79397,0
2026-03-23T09:45:00+05:30,381.6,381.6,376.25,378.95,80998,0
2026-03-23T10:00:00+05:30,378.85,383.0,376.1,377.9,62144,0
2026-03-23T10:15:00+05:30,377.55,381.6,376.45,380.45,39288,0
2026-03-23T10:30:00+05:30,380.45,385.9,378.6,384.0,41611,0
2026-03-23T10:45:00+05:30,383.3,386.0,382.3,384.3,46329,0
2026-03-23T11:00:00+05:30,384.9,385.95,382.55,383.0,13193,0
2026-03-23T11:15:00+05:30,383.2,384.9,381.0,384.35,17716,0
2026-03-23T11:30:00+05:30,384.5,386.0,383.1,383.8,17141,0
2026-03-23T11:45:00+05:30,383.4,388.0,383.05,387.0,19857,0
2026-03-23T12:00:00+05:30,387.1,389.7,386.15,388.25,47374,0
2026-03-23T12:15:00+05:30,388.5,392.95,386.15,390.7,67939,0
2026-03-23T12:30:00+05:30,390.15,394.25,388.8,390.45,65524,0
2026-03-23T12:45:00+05:30,390.6,391.05,388.05,388.05,16984,0
2026-03-23T13:00:00+05:30,388.65,388.65,384.35,387.15,46021,0
2026-03-23T13:15:00+05:30,387.15,389.5,387.15,389.2,10630,0
2026-03-23T13:30:00+05:30,389.25,391.2,387.3,390.35,18708,0
2026-03-23T13:45:00+05:30,390.75,392.2,389.95,390.1,15708,0
2026-03-23T14:00:00+05:30,390.35,391.55,389.05,389.5,23182,0
2026-03-23T14:15:00+05:30,390.0,391.9,389.6,390.55,15906,0
2026-03-23T14:30:00+05:30,390.8,391.45,387.0,391.45,27532,0
2026-03-23T14:45:00+05:30,391.45,396.0,391.0,395.25,50796,0
2026-03-23T15:00:00+05:30,394.5,398.0,394.1,395.6,41603,0
2026-03-23T15:15:00+05:30,395.6,397.25,391.9,391.9,49204,0
2026-03-24T09:15:00+05:30,396.0,400.7,391.9,391.9,83665,0
2026-03-24T09:30:00+05:30,391.9,391.9,386.0,387.05,49401,0
2026-03-24T09:45:00+05:30,387.05,393.0,385.1,393.0,46194,0
2026-03-24T10:00:00+05:30,392.7,394.9,389.2,390.05,21751,0
2026-03-24T10:15:00+05:30,389.4,391.2,387.65,387.8,6434,0
2026-03-24T10:30:00+05:30,387.95,388.15,385.2,387.7,13787,0
2026-03-24T10:45:00+05:30,387.2,388.45,385.1,386.55,9537,0
2026-03-24T11:00:00+05:30,387.0,389.4,387.0,389.4,8754,0
2026-03-24T11:15:00+05:30,388.65,390.55,387.05,390.55,10589,0
2026-03-24T11:30:00+05:30,390.55,396.0,389.75,393.45,19627,0
2026-03-24T11:45:00+05:30,393.9,394.6,390.55,391.6,8468,0
2026-03-24T12:00:00+05:30,392.35,397.55,391.4,397.55,13469,0
2026-03-24T12:15:00+05:30,397.5,404.3,395.95,403.45,55213,0
2026-03-24T12:30:00+05:30,403.0,405.5,402.95,403.6,20531,0
2026-03-24T12:45:00+05:30,403.45,405.9,401.9,403.15,16385,0
2026-03-24T13:00:00+05:30,403.05,408.0,402.75,407.45,17956,0
2026-03-24T13:15:00+05:30,407.8,408.0,405.55,406.9,11862,0
2026-03-24T13:30:00+05:30,406.9,407.45,404.4,406.85,9991,0
2026-03-24T13:45:00+05:30,406.55,406.8,404.6,405.0,12623,0
2026-03-24T14:00:00+05:30,404.95,406.15,404.1,404.95,7972,0
2026-03-24T14:15:00+05:30,405.5,405.6,404.05,404.45,4509,0
2026-03-24T14:30:00+05:30,404.5,407.6,404.0,407.4,26003,0
2026-03-24T14:45:00+05:30,406.9,407.1,405.2,405.65,6865,0
2026-03-24T15:00:00+05:30,405.6,405.95,402.95,404.55,12672,0
2026-03-24T15:15:00+05:30,404.0,405.0,401.25,404.65,34981,0
2026-03-25T09:15:00+05:30,398.0,411.4,398.0,407.3,62851,0
2026-03-25T09:30:00+05:30,407.5,421.0,407.0,417.1,94564,0
2026-03-25T09:45:00+05:30,417.1,419.05,413.05,414.0,26565,0
2026-03-25T10:00:00+05:30,414.0,419.8,413.0,417.4,21981,0
2026-03-25T10:15:00+05:30,417.7,423.85,416.0,421.0,45421,0
2026-03-25T10:30:00+05:30,420.65,425.0,420.6,423.7,47033,0
2026-03-25T10:45:00+05:30,423.8,424.85,418.25,418.4,18494,0
2026-03-25T11:00:00+05:30,418.4,419.05,416.5,417.25,9493,0
2026-03-25T11:15:00+05:30,417.2,418.25,415.05,415.85,8267,0
2026-03-25T11:30:00+05:30,415.8,416.2,412.35,413.55,16825,0
2026-03-25T11:45:00+05:30,413.0,416.0,412.9,413.9,15843,0
2026-03-25T12:00:00+05:30,414.0,416.35,413.45,416.35,7013,0
2026-03-25T12:15:00+05:30,415.8,417.75,415.65,417.0,5340,0
2026-03-25T12:30:00+05:30,417.0,418.2,413.6,417.95,13879,0
2026-03-25T12:45:00+05:30,417.95,420.1,415.05,416.45,17069,0
2026-03-25T13:00:00+05:30,415.45,423.75,415.1,422.45,26056,0
2026-03-25T13:15:00+05:30,422.45,428.4,420.65,427.0,76237,0
2026-03-25T13:30:00+05:30,426.5,434.5,426.5,434.0,113691,0
2026-03-25T13:45:00+05:30,434.55,438.0,427.0,433.9,171883,0
2026-03-25T14:00:00+05:30,433.0,434.15,430.05,431.95,39337,0
2026-03-25T14:15:00+05:30,431.3,434.45,429.05,432.15,92901,0
2026-03-25T14:30:00+05:30,432.8,433.2,430.8,431.9,11089,0
2026-03-25T14:45:00+05:30,431.8,432.8,427.15,428.3,34691,0
2026-03-25T15:00:00+05:30,428.3,429.1,424.8,426.4,45261,0
2026-03-25T15:15:00+05:30,425.65,428.8,424.6,426.1,49217,0
2026-03-27T09:15:00+05:30,426.1,430.2,417.75,424.0,70225,0
2026-03-27T09:30:00+05:30,424.0,437.85,423.55,431.8,87811,0
2026-03-27T09:45:00+05:30,432.3,434.5,426.65,427.25,39684,0
2026-03-27T10:00:00+05:30,427.5,429.0,424.35,425.45,27823,0
2026-03-27T10:15:00+05:30,425.3,425.6,420.1,424.3,28389,0
2026-03-27T10:30:00+05:30,424.85,426.55,420.3,422.3,11444,0
2026-03-27T10:45:00+05:30,422.45,429.9,422.45,427.0,52364,0
2026-03-27T11:00:00+05:30,426.55,431.7,423.85,428.55,34242,0
2026-03-27T11:15:00+05:30,429.0,429.5,425.4,426.8,12618,0
2026-03-27T11:30:00+05:30,426.8,428.7,423.1,424.0,13965,0
2026-03-27T11:45:00+05:30,424.0,425.25,423.15,425.15,11973,0
2026-03-27T12:00:00+05:30,425.05,426.2,424.1,425.05,4826,0
2026-03-27T12:15:00+05:30,425.55,426.55,424.0,426.5,7223,0
2026-03-27T12:30:00+05:30,426.1,430.2,425.1,428.7,19531,0
2026-03-27T12:45:00+05:30,428.2,432.0,426.2,430.8,23381,0
2026-03-27T13:00:00+05:30,430.9,432.8,430.05,432.8,22097,0
2026-03-27T13:15:00+05:30,432.85,437.0,430.8,435.0,59630,0
2026-03-27T13:30:00+05:30,435.0,444.0,434.45,440.7,122265,0
2026-03-27T13:45:00+05:30,440.8,442.45,435.45,438.0,32312,0
2026-03-27T14:00:00+05:30,437.95,439.45,434.0,434.45,31239,0
2026-03-27T14:15:00+05:30,434.45,437.65,430.6,434.65,50011,0
2026-03-27T14:30:00+05:30,434.4,435.15,432.35,434.0,16115,0
2026-03-27T14:45:00+05:30,433.5,435.2,431.05,434.15,34056,0
2026-03-27T15:00:00+05:30,433.8,434.75,432.0,432.15,21326,0
2026-03-27T15:15:00+05:30,432.4,436.0,430.2,431.0,73179,0
2026-03-30T09:15:00+05:30,432.95,444.0,427.4,439.2,110262,0
2026-03-30T09:30:00+05:30,439.25,441.55,434.35,434.35,30664,0
2026-03-30T09:45:00+05:30,434.9,442.95,433.55,435.2,45617,0
2026-03-30T10:00:00+05:30,436.0,438.35,428.75,431.45,60734,0
2026-03-30T10:15:00+05:30,431.8,435.85,431.0,435.85,22151,0
2026-03-30T10:30:00+05:30,435.5,437.35,433.45,433.55,15532,0
2026-03-30T10:45:00+05:30,433.65,435.65,432.0,432.75,9663,0
2026-03-30T11:00:00+05:30,432.15,435.4,432.1,435.25,5630,0
2026-03-30T11:15:00+05:30,435.4,436.5,429.6,432.0,16127,0
2026-03-30T11:30:00+05:30,432.0,436.8,432.0,432.5,6965,0
2026-03-30T11:45:00+05:30,432.45,435.55,430.85,434.0,7950,0
2026-03-30T12:00:00+05:30,433.9,439.0,433.7,436.1,14970,0
2026-03-30T12:15:00+05:30,436.8,439.55,436.15,437.7,11240,0
2026-03-30T12:30:00+05:30,438.0,441.8,436.4,440.0,18812,0
2026-03-30T12:45:00+05:30,439.95,440.0,435.0,435.3,6244,0
2026-03-30T13:00:00+05:30,436.0,437.15,434.15,434.7,4234,0
2026-03-30T13:15:00+05:30,435.25,436.35,428.0,428.5,18070,0
2026-03-30T13:30:00+05:30,428.9,440.75,426.7,438.45,53090,0
2026-03-30T13:45:00+05:30,438.45,438.45,434.8,434.8,8182,0
2026-03-30T14:00:00+05:30,434.95,437.8,434.7,435.1,8030,0
2026-03-30T14:15:00+05:30,435.8,436.55,432.15,433.0,13974,0
2026-03-30T14:30:00+05:30,432.8,435.1,432.0,432.3,23866,0
2026-03-30T14:45:00+05:30,432.5,433.65,430.0,432.85,10912,0
2026-03-30T15:00:00+05:30,432.55,433.0,428.95,432.2,24463,0
2026-03-30T15:15:00+05:30,432.15,434.5,425.5,430.0,41524,0
2026-04-01T09:15:00+05:30,433.75,461.55,433.75,449.9,170715,0
2026-04-01T09:30:00+05:30,449.55,449.55,439.6,444.15,39922,0
2026-04-01T09:45:00+05:30,444.1,454.9,443.65,454.85,52815,0
2026-04-01T10:00:00+05:30,454.85,458.75,452.15,452.15,25495,0
2026-04-01T10:15:00+05:30,452.15,454.15,448.55,449.9,24439,0
2026-04-01T10:30:00+05:30,450.8,456.15,449.1,454.8,19482,0
2026-04-01T10:45:00+05:30,454.65,455.15,453.05,453.45,5599,0
2026-04-01T11:00:00+05:30,453.15,455.5,452.1,453.0,8714,0
2026-04-01T11:15:00+05:30,452.45,455.6,451.0,454.6,11069,0
2026-04-01T11:30:00+05:30,454.6,459.9,454.3,456.3,32325,0
2026-04-01T11:45:00+05:30,456.05,459.9,454.75,459.3,20168,0
2026-04-01T12:00:00+05:30,458.3,459.95,457.15,458.55,16501,0
2026-04-01T12:15:00+05:30,458.55,458.55,455.0,456.5,6803,0
2026-04-01T12:30:00+05:30,456.7,457.3,452.8,453.0,10391,0
2026-04-01T12:45:00+05:30,452.45,453.0,451.0,451.8,17355,0
2026-04-01T13:00:00+05:30,452.2,452.7,447.85,448.0,23042,0
2026-04-01T13:15:00+05:30,448.75,449.5,444.0,446.55,16728,0
2026-04-01T13:30:00+05:30,446.7,447.2,442.5,443.25,20479,0
2026-04-01T13:45:00+05:30,444.2,446.4,444.1,445.0,3205,0
2026-04-01T14:00:00+05:30,444.5,446.95,443.6,445.85,5777,0
2026-04-01T14:15:00+05:30,445.85,447.85,444.95,447.2,5500,0
2026-04-01T14:30:00+05:30,447.7,449.0,446.0,446.75,18951,0
2026-04-01T14:45:00+05:30,446.3,447.25,444.0,446.0,11479,0
2026-04-01T15:00:00+05:30,446.0,449.5,446.0,447.15,10689,0
2026-04-01T15:15:00+05:30,447.15,450.0,445.4,450.0,36349,0
2026-04-02T09:15:00+05:30,448.65,448.65,434.0,436.9,43421,0
2026-04-02T09:30:00+05:30,436.6,439.6,435.95,439.15,17808,0
2026-04-02T09:45:00+05:30,439.6,439.6,436.25,437.3,14441,0
2026-04-02T10:00:00+05:30,437.3,437.35,435.3,437.25,6605,0
2026-04-02T10:15:00+05:30,437.45,437.45,432.45,434.2,11760,0
2026-04-02T10:30:00+05:30,434.15,435.25,432.0,434.0,6149,0
2026-04-02T10:45:00+05:30,434.3,435.0,432.5,435.0,3427,0
2026-04-02T11:00:00+05:30,434.55,437.45,434.55,436.65,2931,0
2026-04-02T11:15:00+05:30,436.65,437.9,436.0,436.75,1271,0
2026-04-02T11:30:00+05:30,436.85,439.45,436.8,438.5,2481,0
2026-04-02T11:45:00+05:30,438.5,439.0,437.35,437.55,4685,0
2026-04-02T12:00:00+05:30,436.45,437.5,435.65,437.05,3832,0
2026-04-02T12:15:00+05:30,437.2,437.9,434.75,436.0,4251,0
2026-04-02T12:30:00+05:30,435.75,437.1,434.0,434.8,6082,0
2026-04-02T12:45:00+05:30,434.3,436.95,434.0,436.25,5186,0
2026-04-02T13:00:00+05:30,436.25,437.45,435.05,436.0,5987,0
2026-04-02T13:15:00+05:30,436.0,437.95,436.0,437.05,4923,0
2026-04-02T13:30:00+05:30,437.05,438.0,436.15,437.65,6330,0
2026-04-02T13:45:00+05:30,437.65,440.8,437.65,440.05,9296,0
2026-04-02T14:00:00+05:30,440.2,440.9,436.95,438.0,8769,0
2026-04-02T14:15:00+05:30,438.0,438.55,437.3,437.35,2362,0
2026-04-02T14:30:00+05:30,437.95,438.15,433.15,433.55,13768,0
2026-04-02T14:45:00+05:30,433.95,435.6,433.4,434.0,6233,0
2026-04-02T15:00:00+05:30,434.55,442.0,434.0,442.0,25080,0
2026-04-02T15:15:00+05:30,441.6,441.95,434.0,439.0,21129,0
2026-04-06T09:15:00+05:30,444.95,447.25,434.0,435.3,45131,0
2026-04-06T09:30:00+05:30,434.8,445.95,434.1,443.7,27280,0
2026-04-06T09:45:00+05:30,444.0,445.0,438.2,439.8,8841,0
2026-04-06T10:00:00+05:30,439.5,444.0,438.05,443.4,10266,0
2026-04-06T10:15:00+05:30,443.0,453.8,443.0,452.0,32252,0
2026-04-06T10:30:00+05:30,451.3,452.65,448.45,450.2,31049,0
2026-04-06T10:45:00+05:30,450.6,451.75,449.15,450.0,5982,0
2026-04-06T11:00:00+05:30,450.0,450.0,443.45,444.0,5235,0
2026-04-06T11:15:00+05:30,443.65,448.0,443.65,447.6,3935,0
2026-04-06T11:30:00+05:30,447.15,449.95,447.0,449.6,1204,0
2026-04-06T11:45:00+05:30,449.6,454.5,448.0,453.25,19025,0
2026-04-06T12:00:00+05:30,453.9,454.0,451.05,452.0,6555,0
2026-04-06T12:15:00+05:30,452.0,452.85,450.45,452.0,4514,0
2026-04-06T12:30:00+05:30,451.4,452.05,449.0,449.5,1946,0
2026-04-06T12:45:00+05:30,450.4,452.4,449.0,450.8,4982,0
2026-04-06T13:00:00+05:30,450.75,451.15,449.8,450.0,1435,0
2026-04-06T13:15:00+05:30,450.05,452.85,449.8,450.4,7549,0
2026-04-06T13:30:00+05:30,450.6,451.1,448.0,449.8,16597,0
2026-04-06T13:45:00+05:30,449.75,449.95,449.1,449.2,1738,0
2026-04-06T14:00:00+05:30,449.2,452.0,448.0,451.05,10545,0
2026-04-06T14:15:00+05:30,451.65,452.75,449.0,449.4,7777,0
2026-04-06T14:30:00+05:30,449.75,452.2,444.5,444.5,14532,0
2026-04-06T14:45:00+05:30,444.4,446.45,443.1,445.0,14637,0
2026-04-06T15:00:00+05:30,444.45,447.6,444.05,446.45,6632,0
2026-04-06T15:15:00+05:30,446.4,446.7,442.1,445.0,12043,0
2026-04-07T09:15:00+05:30,450.2,455.0,442.0,452.0,74649,0
2026-04-07T09:30:00+05:30,451.7,463.75,447.2,453.4,137205,0
2026-04-07T09:45:00+05:30,454.0,465.0,453.5,464.8,84024,0
2026-04-07T10:00:00+05:30,464.1,470.0,463.8,468.35,112076,0
2026-04-07T10:15:00+05:30,468.3,480.0,464.8,479.25,209961,0
2026-04-07T10:30:00+05:30,479.15,484.0,473.85,477.7,220290,0
2026-04-07T10:45:00+05:30,477.7,478.45,469.0,471.35,80042,0
2026-04-07T11:00:00+05:30,471.6,475.5,470.0,475.2,42437,0
2026-04-07T11:15:00+05:30,475.0,478.0,474.5,477.95,51304,0
2026-04-07T11:30:00+05:30,477.25,482.0,474.1,474.8,81587,0
2026-04-07T11:45:00+05:30,474.8,479.7,473.0,477.95,30118,0
2026-04-07T12:00:00+05:30,478.05,486.0,475.3,483.95,129231,0
2026-04-07T12:15:00+05:30,483.9,485.0,477.7,481.7,74844,0
2026-04-07T12:30:00+05:30,481.6,483.0,477.2,479.05,36534,0
2026-04-07T12:45:00+05:30,479.7,486.0,478.5,482.0,96457,0
2026-04-07T13:00:00+05:30,482.0,487.5,481.4,484.7,59457,0
2026-04-07T13:15:00+05:30,484.6,487.8,478.0,483.1,110450,0
2026-04-07T13:30:00+05:30,484.1,485.0,481.1,482.9,23945,0
2026-04-07T13:45:00+05:30,481.9,482.75,479.5,480.85,42583,0
2026-04-07T14:00:00+05:30,480.3,482.15,477.4,478.2,43484,0
2026-04-07T14:15:00+05:30,478.8,481.0,476.85,478.1,27154,0
2026-04-07T14:30:00+05:30,478.1,479.4,476.05,476.7,32734,0
2026-04-07T14:45:00+05:30,477.0,480.0,476.05,477.85,31112,0
2026-04-07T15:00:00+05:30,477.3,480.5,473.2,475.75,98351,0
2026-04-07T15:15:00+05:30,475.05,476.9,471.4,474.0,80773,0
2026-04-08T09:15:00+05:30,478.05,482.8,445.05,457.4,331714,0
2026-04-08T09:30:00+05:30,456.85,461.0,456.25,458.15,40190,0
2026-04-08T09:45:00+05:30,458.15,458.95,451.4,451.4,41009,0
2026-04-08T10:00:00+05:30,451.4,456.6,451.4,455.6,31991,0
2026-04-08T10:15:00+05:30,455.6,458.6,454.25,458.6,19334,0
2026-04-08T10:30:00+05:30,458.7,461.25,458.6,461.0,13932,0
2026-04-08T10:45:00+05:30,460.2,460.2,455.15,456.6,22714,0
2026-04-08T11:00:00+05:30,456.6,457.0,455.6,456.5,8735,0
2026-04-08T11:15:00+05:30,456.0,460.0,456.0,457.35,11421,0
2026-04-08T11:30:00+05:30,457.35,458.8,450.95,450.95,63464,0
2026-04-08T11:45:00+05:30,450.95,452.2,447.35,448.8,43122,0
2026-04-08T12:00:00+05:30,448.4,453.4,448.0,451.45,13426,0
2026-04-08T12:15:00+05:30,451.55,452.9,450.5,451.45,5094,0
2026-04-08T12:30:00+05:30,451.5,454.4,450.6,453.0,8437,0
2026-04-08T12:45:00+05:30,453.7,453.7,449.25,449.25,16433,0
2026-04-08T13:00:00+05:30,450.1,453.2,449.1,452.3,23275,0
2026-04-08T13:15:00+05:30,452.2,452.95,451.55,451.6,7030,0
2026-04-08T13:30:00+05:30,451.6,452.45,450.95,452.35,8315,0
2026-04-08T13:45:00+05:30,452.35,452.7,450.4,452.0,4024,0
2026-04-08T14:00:00+05:30,451.6,451.95,450.2,450.8,3572,0
2026-04-08T14:15:00+05:30,450.15,452.0,448.9,450.6,27887,0
2026-04-08T14:30:00+05:30,450.55,451.6,449.0,450.6,9065,0
2026-04-08T14:45:00+05:30,450.5,450.5,448.6,449.0,14950,0
2026-04-08T15:00:00+05:30,449.3,453.7,448.75,450.5,41897,0
2026-04-08T15:15:00+05:30,450.5,450.5,445.1,449.0,65473,0
2026-04-09T09:15:00+05:30,446.75,456.4,424.0,447.8,90756,0
2026-04-09T09:30:00+05:30,447.15,448.55,441.65,444.7,34317,0
2026-04-09T09:45:00+05:30,444.7,447.6,444.5,445.3,19215,0
2026-04-09T10:00:00+05:30,445.3,452.3,444.1,449.4,20449,0
2026-04-09T10:15:00+05:30,449.45,451.45,446.05,447.3,37457,0
2026-04-09T10:30:00+05:30,448.0,450.0,447.5,448.65,7401,0
2026-04-09T10:45:00+05:30,448.65,450.9,448.65,448.75,2678,0
2026-04-09T11:00:00+05:30,448.95,453.15,448.8,451.85,15290,0
2026-04-09T11:15:00+05:30,452.0,452.0,448.65,449.7,10906,0
2026-04-09T11:30:00+05:30,449.9,451.75,449.9,450.7,5639,0
2026-04-09T11:45:00+05:30,450.7,450.8,448.45,449.6,3392,0
2026-04-09T12:00:00+05:30,449.75,450.05,448.45,448.85,4370,0
2026-04-09T12:15:00+05:30,449.15,449.6,448.7,449.55,960,0
2026-04-09T12:30:00+05:30,449.55,450.0,447.55,448.5,5381,0
2026-04-09T12:45:00+05:30,448.5,449.0,445.0,446.2,10891,0
2026-04-09T13:00:00+05:30,446.35,447.0,445.0,445.1,3699,0
2026-04-09T13:15:00+05:30,445.1,445.8,444.0,444.0,5654,0
2026-04-09T13:30:00+05:30,444.25,444.25,442.05,442.8,11463,0
2026-04-09T13:45:00+05:30,442.15,443.8,441.3,443.0,3560,0
2026-04-09T14:00:00+05:30,443.3,444.0,442.25,443.6,4855,0
2026-04-09T14:15:00+05:30,443.6,444.0,441.6,442.3,4080,0
2026-04-09T14:30:00+05:30,442.3,442.4,441.3,442.2,1728,0
2026-04-09T14:45:00+05:30,442.2,445.0,442.0,442.25,8317,0
2026-04-09T15:00:00+05:30,442.0,443.15,440.05,441.55,12542,0
2026-04-09T15:15:00+05:30,441.15,442.9,439.0,441.0,26771,0
2026-04-10T09:15:00+05:30,446.0,446.0,436.05,436.8,67227,0
2026-04-10T09:30:00+05:30,436.9,439.9,435.5,437.15,39451,0
2026-04-10T09:45:00+05:30,437.0,441.95,436.1,436.5,20919,0
2026-04-10T10:00:00+05:30,436.5,438.0,430.1,435.0,56116,0
2026-04-10T10:15:00+05:30,434.55,436.5,433.3,434.05,13787,0
2026-04-10T10:30:00+05:30,433.95,440.3,433.95,437.5,36152,0
2026-04-10T10:45:00+05:30,437.5,438.0,436.15,436.45,8606,0
2026-04-10T11:00:00+05:30,436.45,438.4,436.1,437.15,7989,0
2026-04-10T11:15:00+05:30,436.9,437.35,435.05,436.1,8434,0
2026-04-10T11:30:00+05:30,436.1,436.65,432.75,434.55,18279,0
2026-04-10T11:45:00+05:30,434.55,436.1,434.5,435.4,5674,0
2026-04-10T12:00:00+05:30,435.85,450.15,435.85,445.8,83344,0
2026-04-10T12:15:00+05:30,445.2,456.0,443.1,452.3,98886,0
2026-04-10T12:30:00+05:30,453.05,457.8,451.5,455.4,48715,0
2026-04-10T12:45:00+05:30,455.45,458.4,454.05,457.2,25856,0
2026-04-10T13:00:00+05:30,457.5,457.5,454.0,456.65,14912,0
2026-04-10T13:15:00+05:30,456.65,457.15,454.8,455.75,10989,0
2026-04-10T13:30:00+05:30,455.75,455.95,454.1,455.95,13549,0
2026-04-10T13:45:00+05:30,455.95,457.2,452.0,456.25,22581,0
2026-04-10T14:00:00+05:30,456.8,457.85,455.55,456.3,8298,0
2026-04-10T14:15:00+05:30,455.85,456.9,454.75,455.25,12706,0
2026-04-10T14:30:00+05:30,455.45,456.6,454.5,455.65,17670,0
2026-04-10T14:45:00+05:30,455.95,456.4,455.0,455.0,4668,0
2026-04-10T15:00:00+05:30,455.45,458.0,455.4,457.2,14617,0
2026-04-10T15:15:00+05:30,457.55,458.4,455.5,457.0,38056,0
2026-04-13T09:15:00+05:30,458.2,484.95,452.0,466.95,393123,0
2026-04-13T09:30:00+05:30,466.9,469.55,461.35,463.75,61852,0
2026-04-13T09:45:00+05:30,464.0,467.8,463.05,466.5,28150,0
2026-04-13T10:00:00+05:30,466.0,466.5,464.0,464.05,13373,0
2026-04-13T10:15:00+05:30,464.1,466.3,462.05,465.75,13933,0
2026-04-13T10:30:00+05:30,465.75,466.0,463.25,465.35,12000,0
2026-04-13T10:45:00+05:30,465.6,468.0,465.35,466.45,11104,0
2026-04-13T11:00:00+05:30,466.9,467.0,465.3,465.5,5207,0
2026-04-13T11:15:00+05:30,465.4,466.0,462.7,463.0,12396,0
2026-04-13T11:30:00+05:30,462.6,464.3,462.0,462.4,8472,0
2026-04-13T11:45:00+05:30,462.4,463.45,461.2,461.6,6303,0
2026-04-13T12:00:00+05:30,461.85,463.5,461.2,461.2,6997,0
2026-04-13T12:15:00+05:30,461.5,461.9,460.6,461.4,5199,0
2026-04-13T12:30:00+05:30,461.05,462.95,458.3,461.75,13334,0
2026-04-13T12:45:00+05:30,462.1,462.1,458.25,459.65,3553,0
2026-04-13T13:00:00+05:30,459.65,459.95,458.3,459.85,6777,0
2026-04-13T13:15:00+05:30,460.0,461.2,459.35,460.0,2519,0
2026-04-13T13:30:00+05:30,460.0,462.0,460.0,461.4,5718,0
2026-04-13T13:45:00+05:30,461.25,461.35,460.05,460.3,6465,0
2026-04-13T14:00:00+05:30,460.3,460.7,459.1,460.7,3646,0
2026-04-13T14:15:00+05:30,460.7,463.2,460.7,461.85,8919,0
2026-04-13T14:30:00+05:30,461.85,464.7,461.5,461.5,28279,0
2026-04-13T14:45:00+05:30,461.5,462.0,459.0,461.7,9709,0
2026-04-13T15:00:00+05:30,461.4,461.5,458.0,458.15,16047,0
2026-04-13T15:15:00+05:30,458.35,467.0,456.25,464.5,66414,0
2026-04-15T09:15:00+05:30,464.2,472.5,464.0,469.0,45693,0
2026-04-15T09:30:00+05:30,469.45,471.25,466.0,468.7,20059,0
2026-04-15T09:45:00+05:30,468.55,474.8,468.55,474.0,30329,0
2026-04-15T10:00:00+05:30,474.1,474.45,471.55,473.4,6955,0
2026-04-15T10:15:00+05:30,473.4,478.0,472.55,476.9,26181,0
2026-04-15T10:30:00+05:30,477.1,481.5,472.0,481.5,53956,0
2026-04-15T10:45:00+05:30,481.5,485.0,481.25,483.0,43024,0
2026-04-15T11:00:00+05:30,482.6,487.0,481.9,483.65,53918,0
2026-04-15T11:15:00+05:30,484.0,493.0,483.5,492.55,76152,0
2026-04-15T11:30:00+05:30,493.0,495.0,486.95,488.0,91443,0
2026-04-15T11:45:00+05:30,487.4,487.7,483.0,483.9,11639,0
2026-04-15T12:00:00+05:30,484.05,492.0,483.9,490.0,29902,0
2026-04-15T12:15:00+05:30,490.4,492.5,488.3,488.3,16946,0
2026-04-15T12:30:00+05:30,489.25,489.45,486.45,487.0,9543,0
2026-04-15T12:45:00+05:30,487.0,487.0,484.45,484.95,7137,0
2026-04-15T13:00:00+05:30,484.5,486.4,484.0,485.0,3844,0
2026-04-15T13:15:00+05:30,485.45,491.0,485.45,489.6,92452,0
2026-04-15T13:30:00+05:30,489.55,490.05,487.85,489.1,6700,0
2026-04-15T13:45:00+05:30,489.15,489.7,484.85,485.85,17804,0
2026-04-15T14:00:00+05:30,485.5,487.1,485.0,486.25,3790,0
2026-04-15T14:15:00+05:30,486.2,486.75,485.0,485.0,4257,0
2026-04-15T14:30:00+05:30,485.75,486.55,485.1,486.35,4355,0
2026-04-15T14:45:00+05:30,486.9,491.0,486.9,489.6,27017,0
2026-04-15T15:00:00+05:30,490.0,491.9,488.4,490.55,32869,0
2026-04-15T15:15:00+05:30,490.55,491.9,488.05,491.0,40463,0
2026-04-16T09:15:00+05:30,482.0,496.0,482.0,487.4,37413,0
2026-04-16T09:30:00+05:30,487.4,491.35,483.0,483.4,23659,0
2026-04-16T09:45:00+05:30,483.4,484.0,479.15,481.85,32565,0
2026-04-16T10:00:00+05:30,481.75,483.3,481.1,482.95,4919,0
2026-04-16T10:15:00+05:30,482.95,484.4,482.95,483.5,3057,0
2026-04-16T10:30:00+05:30,483.85,485.75,483.05,484.25,5403,0
2026-04-16T10:45:00+05:30,483.95,484.1,482.5,483.0,2832,0
2026-04-16T11:00:00+05:30,483.0,483.9,482.15,482.15,1452,0
2026-04-16T11:15:00+05:30,482.25,494.0,482.15,485.05,49795,0
2026-04-16T11:30:00+05:30,485.45,487.4,484.2,484.35,9153,0
2026-04-16T11:45:00+05:30,484.4,485.3,484.0,484.1,1734,0
2026-04-16T12:00:00+05:30,484.1,485.0,483.45,484.35,2684,0
2026-04-16T12:15:00+05:30,484.35,485.4,484.35,485.0,816,0
2026-04-16T12:30:00+05:30,485.0,488.95,485.0,488.0,13051,0
2026-04-16T12:45:00+05:30,488.5,489.65,477.85,481.6,40374,0
2026-04-16T13:00:00+05:30,481.6,482.4,480.55,482.0,5614,0
2026-04-16T13:15:00+05:30,482.0,482.15,481.0,482.05,3869,0
2026-04-16T13:30:00+05:30,482.65,484.35,482.5,484.35,2367,0
2026-04-16T13:45:00+05:30,484.2,485.75,484.2,485.65,1732,0
2026-04-16T14:00:00+05:30,485.65,485.65,484.5,484.8,1030,0
2026-04-16T14:15:00+05:30,485.0,485.0,482.05,483.25,4877,0
2026-04-16T14:30:00+05:30,483.0,484.25,482.9,483.5,2089,0
2026-04-16T14:45:00+05:30,483.6,484.75,483.0,483.5,7672,0
2026-04-16T15:00:00+05:30,483.45,484.2,482.0,482.2,3840,0
2026-04-16T15:15:00+05:30,482.3,483.15,480.15,480.8,20886,0
2026-04-17T09:15:00+05:30,485.6,490.0,479.05,479.8,38639,0
2026-04-17T09:30:00+05:30,480.05,484.0,478.0,481.95,11221,0
2026-04-17T09:45:00+05:30,482.1,482.1,479.55,480.5,12677,0
2026-04-17T10:00:00+05:30,480.85,482.4,479.3,482.35,5532,0
2026-04-17T10:15:00+05:30,482.35,482.35,480.05,481.5,3755,0
2026-04-17T10:30:00+05:30,481.5,482.0,480.05,481.5,5982,0
2026-04-17T10:45:00+05:30,481.35,481.5,480.0,480.0,1564,0
2026-04-17T11:00:00+05:30,479.8,481.5,479.8,480.5,7055,0
2026-04-17T11:15:00+05:30,480.65,480.65,479.0,479.0,912,0
2026-04-17T11:30:00+05:30,479.0,480.4,479.0,479.95,1574,0
2026-04-17T11:45:00+05:30,479.65,479.65,475.0,476.8,25554,0
2026-04-17T12:00:00+05:30,476.8,477.25,475.65,477.0,2740,0
2026-04-17T12:15:00+05:30,477.0,477.55,476.65,477.15,2792,0
2026-04-17T12:30:00+05:30,476.65,476.85,475.55,476.3,2065,0
2026-04-17T12:45:00+05:30,476.85,476.9,476.0,476.85,1356,0
2026-04-17T13:00:00+05:30,477.0,477.15,475.5,475.5,1141,0
2026-04-17T13:15:00+05:30,475.6,476.4,475.5,476.4,1019,0
2026-04-17T13:30:00+05:30,476.05,476.65,475.0,476.1,2120,0
2026-04-17T13:45:00+05:30,476.5,476.75,473.0,474.6,16220,0
2026-04-17T14:00:00+05:30,474.65,474.9,473.5,474.4,1668,0
2026-04-17T14:15:00+05:30,474.4,483.55,472.75,480.0,47304,0
2026-04-17T14:30:00+05:30,480.0,481.8,477.1,478.7,18249,0
2026-04-17T14:45:00+05:30,478.7,481.05,478.05,478.55,8778,0
2026-04-17T15:00:00+05:30,478.05,478.3,477.0,478.2,8346,0
2026-04-17T15:15:00+05:30,477.75,478.45,475.05,476.75,25538,0
2026-04-20T09:15:00+05:30,481.75,486.7,471.55,482.75,63216,0
2026-04-20T09:30:00+05:30,482.9,487.2,477.9,480.0,40676,0
2026-04-20T09:45:00+05:30,480.2,491.7,479.0,487.95,44339,0
2026-04-20T10:00:00+05:30,487.95,490.0,486.7,487.45,11157,0
2026-04-20T10:15:00+05:30,487.0,487.0,484.95,485.3,1703,0
2026-04-20T10:30:00+05:30,486.0,489.0,484.85,488.5,10250,0
2026-04-20T10:45:00+05:30,488.5,488.75,487.45,488.65,5806,0
2026-04-20T11:00:00+05:30,488.9,489.0,485.95,487.6,13652,0
2026-04-20T11:15:00+05:30,487.55,492.25,487.25,489.5,11995,0
2026-04-20T11:30:00+05:30,489.5,489.5,485.9,486.0,4663,0
2026-04-20T11:45:00+05:30,486.0,487.25,485.5,487.25,4602,0
2026-04-20T12:00:00+05:30,487.25,487.35,485.2,485.2,3110,0
2026-04-20T12:15:00+05:30,485.2,485.65,483.25,484.1,4586,0
2026-04-20T12:30:00+05:30,484.1,484.1,482.05,483.35,5388,0
2026-04-20T12:45:00+05:30,483.65,484.0,483.0,483.0,652,0
2026-04-20T13:00:00+05:30,483.5,483.5,481.25,481.3,1895,0
2026-04-20T13:15:00+05:30,481.75,481.75,475.0,477.1,12284,0
2026-04-20T13:30:00+05:30,477.1,477.9,476.25,477.0,3098,0
2026-04-20T13:45:00+05:30,477.0,477.9,476.5,477.3,2586,0
2026-04-20T14:00:00+05:30,477.05,477.95,476.1,477.25,1783,0
2026-04-20T14:15:00+05:30,477.15,478.0,477.15,477.95,1422,0
2026-04-20T14:30:00+05:30,477.95,478.4,477.05,477.55,3927,0
2026-04-20T14:45:00+05:30,477.55,477.55,474.95,476.45,3282,0
2026-04-20T15:00:00+05:30,476.05,477.75,474.0,476.15,14264,0
2026-04-20T15:15:00+05:30,475.25,479.05,475.0,478.8,21445,0
2026-04-21T09:15:00+05:30,474.0,482.0,474.0,475.75,12300,0
2026-04-21T09:30:00+05:30,475.6,477.95,474.95,477.65,12137,0
2026-04-21T09:45:00+05:30,477.65,480.15,477.45,478.45,9885,0
2026-04-21T10:00:00+05:30,478.05,479.75,477.65,479.45,1002,0
2026-04-21T10:15:00+05:30,479.4,479.6,476.2,477.9,6122,0
2026-04-21T10:30:00+05:30,477.9,487.0,477.9,486.55,27488,0
2026-04-21T10:45:00+05:30,486.25,486.25,484.05,485.0,10998,0
2026-04-21T11:00:00+05:30,484.4,485.9,483.2,484.9,6595,0
2026-04-21T11:15:00+05:30,484.85,484.85,481.65,481.65,2962,0
2026-04-21T11:30:00+05:30,481.65,481.65,478.55,479.85,8831,0
2026-04-21T11:45:00+05:30,479.85,480.45,479.0,480.45,1590,0
2026-04-21T12:00:00+05:30,480.4,480.45,478.4,479.25,5516,0
2026-04-21T12:15:00+05:30,479.9,482.0,479.7,480.5,5902,0
2026-04-21T12:30:00+05:30,480.5,481.25,480.3,480.3,764,0
2026-04-21T12:45:00+05:30,480.3,480.6,479.0,479.45,561,0
2026-04-21T13:00:00+05:30,479.45,479.75,478.3,478.55,1123,0
2026-04-21T13:15:00+05:30,479.2,479.2,478.65,479.2,168,0
2026-04-21T13:30:00+05:30,479.4,481.6,478.9,479.35,9560,0
2026-04-21T13:45:00+05:30,479.35,479.35,465.7,472.35,58170,0
2026-04-21T14:00:00+05:30,472.9,472.9,471.6,471.6,1001,0
2026-04-21T14:15:00+05:30,471.95,472.15,468.0,469.7,5220,0
2026-04-21T14:30:00+05:30,470.4,470.65,466.55,468.0,17117,0
2026-04-21T14:45:00+05:30,468.0,469.5,467.35,468.0,5687,0
2026-04-21T15:00:00+05:30,468.25,475.0,466.9,474.5,42303,0
2026-04-21T15:15:00+05:30,474.25,482.15,472.1,473.15,31684,0
2026-04-22T09:15:00+05:30,477.65,481.6,475.0,478.0,11848,0
2026-04-22T09:30:00+05:30,478.0,485.75,478.0,485.75,13248,0
2026-04-22T09:45:00+05:30,485.45,489.0,483.65,485.1,14211,0
2026-04-22T10:00:00+05:30,485.95,485.95,481.05,484.45,12226,0
2026-04-22T10:15:00+05:30,484.6,485.0,483.75,484.05,1485,0
2026-04-22T10:30:00+05:30,484.05,484.05,483.05,483.15,2552,0
2026-04-22T10:45:00+05:30,483.15,483.5,482.5,482.55,507,0
2026-04-22T11:00:00+05:30,482.55,483.1,480.6,481.6,3628,0
2026-04-22T11:15:00+05:30,481.0,481.15,480.05,480.2,2237,0
2026-04-22T11:30:00+05:30,480.3,480.65,479.55,480.65,2962,0
2026-04-22T11:45:00+05:30,480.65,480.7,479.4,480.1,961,0
2026-04-22T12:00:00+05:30,479.65,480.5,479.0,479.5,2672,0
2026-04-22T12:15:00+05:30,479.5,480.0,476.6,477.85,9702,0
2026-04-22T12:30:00+05:30,478.15,480.5,477.85,479.55,3849,0
2026-04-22T12:45:00+05:30,480.05,480.2,477.0,480.1,1502,0
2026-04-22T13:00:00+05:30,480.1,480.75,478.45,479.85,1914,0
2026-04-22T13:15:00+05:30,479.85,479.95,478.2,478.85,1095,0
2026-04-22T13:30:00+05:30,478.85,480.4,478.8,480.25,470,0
2026-04-22T13:45:00+05:30,480.2,480.2,478.2,479.15,1589,0
2026-04-22T14:00:00+05:30,478.1,478.8,477.6,478.6,359,0
2026-04-22T14:15:00+05:30,478.6,478.6,477.3,478.0,2067,0
2026-04-22T14:30:00+05:30,478.1,479.35,478.0,479.0,225,0
2026-04-22T14:45:00+05:30,478.15,479.3,478.1,478.6,832,0
2026-04-22T15:00:00+05:30,479.0,481.7,476.1,478.8,19625,0
2026-04-22T15:15:00+05:30,478.9,480.6,477.6,477.6,19474,0
2026-04-23T09:15:00+05:30,482.5,484.6,476.0,479.7,24070,0
2026-04-23T09:30:00+05:30,480.0,487.0,478.8,483.9,22527,0
2026-04-23T09:45:00+05:30,483.85,494.0,483.8,493.0,50430,0
2026-04-23T10:00:00+05:30,493.0,495.0,490.5,491.55,38620,0
2026-04-23T10:15:00+05:30,492.3,492.8,489.0,490.5,12134,0
2026-04-23T10:30:00+05:30,489.55,492.85,487.6,491.0,16713,0
2026-04-23T10:45:00+05:30,490.0,491.55,489.0,489.85,5232,0
2026-04-23T11:00:00+05:30,490.45,491.75,489.65,489.65,4314,0
2026-04-23T11:15:00+05:30,489.65,489.75,488.0,488.4,2926,0
2026-04-23T11:30:00+05:30,488.6,490.0,487.3,487.8,6902,0
2026-04-23T11:45:00+05:30,487.9,494.0,487.8,491.45,12114,0
2026-04-23T12:00:00+05:30,492.8,493.55,491.0,493.55,5083,0
2026-04-23T12:15:00+05:30,493.15,494.5,492.0,492.3,13879,0
2026-04-23T12:30:00+05:30,492.55,492.75,491.0,491.45,3390,0
2026-04-23T12:45:00+05:30,491.45,492.65,491.05,492.5,3596,0
2026-04-23T13:00:00+05:30,492.5,493.95,492.5,493.0,6948,0
2026-04-23T13:15:00+05:30,493.1,493.95,493.0,493.95,2390,0
2026-04-23T13:30:00+05:30,493.9,493.9,491.1,491.25,4043,0
2026-04-23T13:45:00+05:30,491.9,493.3,491.25,492.2,883,0
2026-04-23T14:00:00+05:30,492.05,494.5,491.15,491.25,8037,0
2026-04-23T14:15:00+05:30,491.25,491.9,491.25,491.4,3008,0
2026-04-23T14:30:00+05:30,491.75,493.7,485.5,489.65,26858,0
2026-04-23T14:45:00+05:30,489.65,490.45,485.25,489.05,19907,0
2026-04-23T15:00:00+05:30,489.2,490.9,487.8,488.7,8334,0
2026-04-23T15:15:00+05:30,488.35,489.45,485.05,486.0,19884,0
2026-04-24T09:15:00+05:30,492.0,494.5,486.1,490.65,34828,0
2026-04-24T09:30:00+05:30,490.95,501.7,490.05,491.95,87782,0
2026-04-24T09:45:00+05:30,491.65,492.7,487.15,489.6,29241,0
2026-04-24T10:00:00+05:30,489.45,497.0,488.0,494.4,45126,0
2026-04-24T10:15:00+05:30,494.4,494.4,489.35,489.35,5819,0
2026-04-24T10:30:00+05:30,489.6,489.7,488.0,488.0,5277,0
2026-04-24T10:45:00+05:30,487.6,488.1,486.0,486.0,10385,0
2026-04-24T11:00:00+05:30,486.4,488.5,486.0,486.2,3498,0
2026-04-24T11:15:00+05:30,486.2,486.8,486.15,486.25,1566,0
2026-04-24T11:30:00+05:30,486.25,488.25,486.25,487.5,4514,0
2026-04-24T11:45:00+05:30,487.5,494.0,480.9,491.95,45499,0
2026-04-24T12:00:00+05:30,491.0,504.0,491.0,501.3,64595,0
2026-04-24T12:15:00+05:30,501.05,505.6,497.6,499.0,88336,0
2026-04-24T12:30:00+05:30,499.3,511.5,499.0,506.5,249694,0
2026-04-24T12:45:00+05:30,506.5,508.95,502.0,505.9,52164,0
2026-04-24T13:00:00+05:30,505.4,506.0,501.55,503.45,18841,0
2026-04-24T13:15:00+05:30,502.6,503.35,499.65,500.25,16659,0
2026-04-24T13:30:00+05:30,500.65,501.0,495.85,497.25,16178,0
2026-04-24T13:45:00+05:30,497.7,500.0,496.8,499.15,12515,0
2026-04-24T14:00:00+05:30,499.4,499.7,493.2,496.1,17246,0
2026-04-24T14:15:00+05:30,496.1,498.0,496.1,497.35,5703,0
2026-04-24T14:30:00+05:30,497.35,498.55,493.1,494.65,12403,0
2026-04-24T14:45:00+05:30,494.95,497.0,493.85,496.35,4577,0
2026-04-24T15:00:00+05:30,496.5,496.65,493.9,494.65,14068,0
2026-04-24T15:15:00+05:30,494.45,505.0,493.0,498.0,44890,0
2026-04-27T09:15:00+05:30,503.1,503.1,491.0,492.2,31195,0
2026-04-27T09:30:00+05:30,492.2,495.0,490.6,493.6,9361,0
2026-04-27T09:45:00+05:30,494.1,497.5,493.55,493.65,20662,0
2026-04-27T10:00:00+05:30,493.45,494.4,490.5,491.3,16741,0
2026-04-27T10:15:00+05:30,491.1,492.45,490.15,490.3,10607,0
2026-04-27T10:30:00+05:30,490.5,491.25,488.0,490.95,17601,0
2026-04-27T10:45:00+05:30,490.95,490.95,489.0,489.3,5623,0
2026-04-27T11:00:00+05:30,489.0,491.1,489.0,489.4,9267,0
2026-04-27T11:15:00+05:30,490.1,490.45,489.0,489.3,4036,0
2026-04-27T11:30:00+05:30,489.3,491.25,489.0,489.0,4756,0
2026-04-27T11:45:00+05:30,489.0,490.0,489.0,489.55,2185,0
2026-04-27T12:00:00+05:30,490.0,491.75,489.0,489.0,5293,0
2026-04-27T12:15:00+05:30,489.3,489.55,486.4,486.8,5771,0
2026-04-27T12:30:00+05:30,486.95,487.85,486.0,486.0,2780,0
2026-04-27T12:45:00+05:30,486.0,489.55,485.65,489.5,8231,0
2026-04-27T13:00:00+05:30,488.95,492.1,488.95,490.3,6746,0
2026-04-27T13:15:00+05:30,490.95,490.95,489.3,490.4,1487,0
2026-04-27T13:30:00+05:30,490.0,490.5,487.6,487.9,7352,0
2026-04-27T13:45:00+05:30,487.8,493.7,487.0,490.4,17698,0
2026-04-27T14:00:00+05:30,490.6,491.0,489.2,489.85,3980,0
2026-04-27T14:15:00+05:30,489.85,489.85,488.0,488.45,2323,0
2026-04-27T14:30:00+05:30,488.0,489.0,488.0,489.0,1849,0
2026-04-27T14:45:00+05:30,488.65,489.3,488.0,489.0,3344,0
2026-04-27T15:00:00+05:30,489.5,490.0,486.9,487.15,13874,0
2026-04-27T15:15:00+05:30,487.0,488.25,487.0,487.3,10045,0
2026-04-28T09:15:00+05:30,485.1,490.5,485.1,489.55,10009,0
2026-04-28T09:30:00+05:30,489.45,489.9,486.4,489.9,2936,0
2026-04-28T09:45:00+05:30,489.9,489.9,486.0,487.25,4458,0
2026-04-28T10:00:00+05:30,487.0,488.55,486.65,487.0,2477,0
2026-04-28T10:15:00+05:30,486.45,486.45,483.1,484.5,11044,0
2026-04-28T10:30:00+05:30,484.5,487.35,481.0,483.55,12893,0
2026-04-28T10:45:00+05:30,484.5,491.75,484.5,488.85,37868,0
2026-04-28T11:00:00+05:30,488.15,490.5,487.4,489.05,9156,0
2026-04-28T11:15:00+05:30,488.9,491.45,486.0,486.35,6651,0
2026-04-28T11:30:00+05:30,486.7,488.15,486.05,486.55,3603,0
2026-04-28T11:45:00+05:30,486.55,487.55,486.55,487.25,783,0
2026-04-28T12:00:00+05:30,487.25,487.45,486.35,487.0,1162,0
2026-04-28T12:15:00+05:30,487.45,487.45,485.3,485.7,3019,0
2026-04-28T12:30:00+05:30,485.85,490.55,485.3,488.25,16359,0
2026-04-28T12:45:00+05:30,488.7,489.25,488.25,488.5,992,0
2026-04-28T13:00:00+05:30,488.75,489.0,488.6,488.6,328,0
2026-04-28T13:15:00+05:30,488.55,490.0,488.55,490.0,712,0
2026-04-28T13:30:00+05:30,490.0,490.0,480.0,487.4,34597,0
2026-04-28T13:45:00+05:30,486.9,487.4,484.1,484.95,10204,0
2026-04-28T14:00:00+05:30,484.9,490.0,481.85,487.3,28362,0
2026-04-28T14:15:00+05:30,487.0,490.15,486.9,488.75,7047,0
2026-04-28T14:30:00+05:30,489.5,490.0,486.35,487.4,12571,0
2026-04-28T14:45:00+05:30,487.4,488.2,486.0,486.95,2161,0
2026-04-28T15:00:00+05:30,486.95,487.5,484.85,485.8,4788,0
2026-04-28T15:15:00+05:30,485.35,492.0,484.8,487.15,12562,0
2026-04-29T09:15:00+05:30,489.95,494.2,486.0,489.05,13252,0
2026-04-29T09:30:00+05:30,488.9,492.1,487.75,489.85,16617,0
2026-04-29T09:45:00+05:30,489.4,489.4,486.05,488.8,5428,0
2026-04-29T10:00:00+05:30,488.5,490.5,487.95,488.0,3061,0
2026-04-29T10:15:00+05:30,488.0,494.15,487.05,488.55,22205,0
2026-04-29T10:30:00+05:30,488.1,490.4,487.6,489.3,4092,0
2026-04-29T10:45:00+05:30,489.3,490.2,488.2,488.7,927,0
2026-04-29T11:00:00+05:30,488.7,489.75,487.1,489.4,23610,0
2026-04-29T11:15:00+05:30,489.4,489.4,486.7,486.7,2104,0
2026-04-29T11:30:00+05:30,486.7,487.1,485.5,486.05,2345,0
2026-04-29T11:45:00+05:30,486.05,486.25,485.2,486.15,2631,0
2026-04-29T12:00:00+05:30,485.6,486.25,485.2,485.7,1197,0
2026-04-29T12:15:00+05:30,485.7,486.0,485.2,485.3,437,0
2026-04-29T12:30:00+05:30,485.3,485.4,483.6,483.95,3854,0
2026-04-29T12:45:00+05:30,483.95,485.7,483.95,485.4,1287,0
2026-04-29T13:00:00+05:30,485.4,485.4,483.8,484.95,2233,0
2026-04-29T13:15:00+05:30,484.95,484.95,483.0,483.7,2072,0
2026-04-29T13:30:00+05:30,483.9,484.1,482.0,482.65,3793,0
2026-04-29T13:45:00+05:30,482.65,483.65,480.9,480.9,2153,0
2026-04-29T14:00:00+05:30,480.8,481.5,480.0,480.2,2048,0
2026-04-29T14:15:00+05:30,480.7,480.95,479.9,479.95,3554,0
2026-04-29T14:30:00+05:30,480.45,481.0,478.0,480.65,6225,0
2026-04-29T14:45:00+05:30,479.85,481.15,479.0,480.3,6992,0
2026-04-29T15:00:00+05:30,480.8,481.65,479.0,481.35,12834,0
2026-04-29T15:15:00+05:30,481.5,489.35,481.0,485.0,22988,0
2026-04-30T09:15:00+05:30,488.0,498.9,485.0,491.15,65937,0
2026-04-30T09:30:00+05:30,491.15,494.2,489.05,494.2,41094,0
2026-04-30T09:45:00+05:30,494.2,495.05,486.6,487.15,12608,0
2026-04-30T10:00:00+05:30,486.6,487.4,482.6,483.55,10485,0
2026-04-30T10:15:00+05:30,483.0,483.7,480.0,481.65,15373,0
2026-04-30T10:30:00+05:30,481.85,482.2,479.05,481.0,6598,0
2026-04-30T10:45:00+05:30,481.0,481.65,479.5,480.8,5650,0
2026-04-30T11:00:00+05:30,480.85,484.5,480.85,482.95,4362,0
2026-04-30T11:15:00+05:30,483.0,486.1,483.0,485.95,3704,0
2026-04-30T11:30:00+05:30,486.6,488.6,484.5,484.5,3474,0
2026-04-30T11:45:00+05:30,485.05,486.85,485.0,486.75,4271,0
2026-04-30T12:00:00+05:30,486.75,486.9,486.0,486.9,518,0
2026-04-30T12:15:00+05:30,486.9,487.0,484.9,486.2,1323,0
2026-04-30T12:30:00+05:30,486.2,486.95,485.6,486.95,1343,0
2026-04-30T12:45:00+05:30,486.95,487.45,485.8,486.3,3919,0
2026-04-30T13:00:00+05:30,486.3,487.35,485.5,486.5,6798,0
2026-04-30T13:15:00+05:30,486.5,486.95,483.8,485.95,7345,0
2026-04-30T13:30:00+05:30,486.35,486.95,484.0,485.55,2757,0
2026-04-30T13:45:00+05:30,485.55,486.95,485.55,486.9,2365,0
2026-04-30T14:00:00+05:30,486.9,487.4,484.8,485.45,1896,0
2026-04-30T14:15:00+05:30,485.95,486.6,484.2,485.2,1460,0
2026-04-30T14:30:00+05:30,485.0,487.35,484.3,487.35,7061,0
2026-04-30T14:45:00+05:30,487.05,488.45,481.85,485.6,25112,0
2026-04-30T15:00:00+05:30,484.95,486.95,482.2,486.2,19856,0
2026-04-30T15:15:00+05:30,486.35,488.3,483.1,487.85,24227,0
2026-05-04T09:15:00+05:30,483.15,489.4,483.15,485.05,35746,0
2026-05-04T09:30:00+05:30,485.85,489.9,485.85,487.9,8606,0
2026-05-04T09:45:00+05:30,487.95,489.0,485.6,487.0,4006,0
2026-05-04T10:00:00+05:30,486.4,487.1,482.6,482.75,5324,0
2026-05-04T10:15:00+05:30,482.25,482.75,480.2,481.85,1762,0
2026-05-04T10:30:00+05:30,482.25,483.1,474.55,475.9,16280,0
2026-05-04T10:45:00+05:30,475.9,477.95,474.1,476.65,9739,0
2026-05-04T11:00:00+05:30,476.55,480.25,476.55,479.8,4040,0
2026-05-04T11:15:00+05:30,479.25,479.85,477.7,478.55,2303,0
2026-05-04T11:30:00+05:30,478.5,478.9,477.85,478.85,1488,0
2026-05-04T11:45:00+05:30,479.0,479.9,478.0,478.0,3011,0
2026-05-04T12:00:00+05:30,478.3,478.9,476.4,478.1,3092,0
2026-05-04T12:15:00+05:30,478.1,479.35,476.55,479.35,3125,0
2026-05-04T12:30:00+05:30,479.3,479.3,475.3,476.8,10452,0
2026-05-04T12:45:00+05:30,476.7,477.85,475.1,476.25,2852,0
2026-05-04T13:00:00+05:30,476.25,478.05,475.9,476.15,3998,0
2026-05-04T13:15:00+05:30,476.15,476.2,474.0,474.1,7482,0
2026-05-04T13:30:00+05:30,474.9,485.65,473.6,481.45,34818,0
2026-05-04T13:45:00+05:30,481.45,482.8,480.0,481.35,3278,0
2026-05-04T14:00:00+05:30,481.7,481.85,480.8,481.0,1411,0
2026-05-04T14:15:00+05:30,481.0,481.7,480.8,481.4,1437,0
2026-05-04T14:30:00+05:30,481.3,481.3,477.3,478.15,4030,0
2026-05-04T14:45:00+05:30,478.15,480.0,477.9,479.05,5039,0
2026-05-04T15:00:00+05:30,479.5,481.2,479.1,479.4,8100,0
2026-05-04T15:15:00+05:30,479.95,488.0,479.95,488.0,47998,0
2026-05-05T09:15:00+05:30,483.55,490.9,482.6,485.8,8696,0
2026-05-05T09:30:00+05:30,485.6,487.0,484.0,484.45,7581,0
2026-05-05T09:45:00+05:30,484.2,485.8,483.3,484.5,4476,0
2026-05-05T10:00:00+05:30,484.05,485.45,482.35,482.35,5713,0
2026-05-05T10:15:00+05:30,482.5,482.85,481.6,481.9,556,0
2026-05-05T10:30:00+05:30,481.95,483.15,481.05,481.65,3603,0
2026-05-05T10:45:00+05:30,481.5,482.65,481.05,481.95,2243,0
2026-05-05T11:00:00+05:30,482.05,482.2,480.55,480.55,4755,0
2026-05-05T11:15:00+05:30,481.35,481.9,480.55,481.6,1060,0
2026-05-05T11:30:00+05:30,481.55,481.55,480.25,480.25,1492,0
2026-05-05T11:45:00+05:30,480.2,480.2,478.0,478.6,3034,0
2026-05-05T12:00:00+05:30,478.6,480.5,478.05,480.3,3356,0
2026-05-05T12:15:00+05:30,480.6,481.4,479.45,479.9,791,0
2026-05-05T12:30:00+05:30,479.6,481.1,479.45,480.05,864,0
2026-05-05T12:45:00+05:30,480.05,480.75,479.35,479.9,537,0
2026-05-05T13:00:00+05:30,479.9,481.95,479.4,481.8,2275,0
2026-05-05T13:15:00+05:30,481.8,481.8,480.0,480.4,1171,0
2026-05-05T13:30:00+05:30,480.4,481.15,480.05,480.3,491,0
2026-05-05T13:45:00+05:30,480.35,481.95,480.2,480.6,1805,0
2026-05-05T14:00:00+05:30,480.6,483.7,480.5,483.0,5744,0
2026-05-05T14:15:00+05:30,482.0,482.8,480.3,481.8,4591,0
2026-05-05T14:30:00+05:30,481.8,482.2,480.45,482.0,1134,0
2026-05-05T14:45:00+05:30,481.3,482.6,479.05,480.0,24754,0
2026-05-05T15:00:00+05:30,479.8,482.15,479.1,479.35,7300,0
2026-05-05T15:15:00+05:30,479.15,480.0,478.05,480.0,6793,0
2026-05-06T09:15:00+05:30,480.2,481.9,474.0,476.5,16438,0
2026-05-06T09:30:00+05:30,476.45,477.6,473.45,474.1,10911,0
2026-05-06T09:45:00+05:30,473.7,475.0,471.5,471.5,13185,0
2026-05-06T10:00:00+05:30,471.95,471.95,467.2,468.25,21084,0
2026-05-06T10:15:00+05:30,468.25,468.25,462.1,462.75,31188,0
2026-05-06T10:30:00+05:30,462.5,463.5,456.8,458.0,27982,0
2026-05-06T10:45:00+05:30,458.0,461.4,452.0,461.4,69859,0
2026-05-06T11:00:00+05:30,461.0,465.65,459.6,461.75,19434,0
2026-05-06T11:15:00+05:30,461.75,462.7,461.0,462.7,3950,0
2026-05-06T11:30:00+05:30,462.1,462.15,460.5,461.2,2154,0
2026-05-06T11:45:00+05:30,461.2,462.5,460.8,461.6,1347,0
2026-05-06T12:00:00+05:30,461.6,462.45,460.15,461.55,3253,0
2026-05-06T12:15:00+05:30,461.55,461.55,458.85,461.15,4849,0
2026-05-06T12:30:00+05:30,461.15,461.15,455.5,456.4,18767,0
2026-05-06T12:45:00+05:30,456.3,456.7,446.55,453.0,59120,0
2026-05-06T13:00:00+05:30,452.75,453.6,447.45,452.9,26774,0
2026-05-06T13:15:00+05:30,453.1,454.0,450.6,454.0,16701,0
2026-05-06T13:30:00+05:30,454.0,455.1,452.65,455.0,8987,0
2026-05-06T13:45:00+05:30,454.9,456.0,454.75,455.85,5706,0
2026-05-06T14:00:00+05:30,455.85,455.85,454.7,455.0,4463,0
2026-05-06T14:15:00+05:30,455.0,458.95,454.2,458.55,8807,0
2026-05-06T14:30:00+05:30,458.0,458.0,453.9,457.75,10486,0
2026-05-06T14:45:00+05:30,457.65,458.65,456.15,457.2,10665,0
2026-05-06T15:00:00+05:30,456.75,458.2,456.4,456.95,9771,0
2026-05-06T15:15:00+05:30,457.0,460.05,454.5,458.0,34263,0
2026-05-07T09:15:00+05:30,455.5,467.6,455.5,458.6,15267,0
2026-05-07T09:30:00+05:30,458.45,459.5,455.05,459.15,19521,0
2026-05-07T09:45:00+05:30,459.3,463.0,459.25,462.05,11907,0
2026-05-07T10:00:00+05:30,462.3,464.6,461.6,461.8,5087,0
2026-05-07T10:15:00+05:30,462.0,467.0,461.65,465.2,10341,0
2026-05-07T10:30:00+05:30,465.5,466.45,464.6,466.45,4109,0
2026-05-07T10:45:00+05:30,466.45,466.95,465.7,466.1,3013,0
2026-05-07T11:00:00+05:30,466.05,466.15,462.55,463.45,2259,0
2026-05-07T11:15:00+05:30,464.0,466.05,463.7,465.5,2569,0
2026-05-07T11:30:00+05:30,465.9,467.55,465.55,465.55,8162,0
2026-05-07T11:45:00+05:30,465.45,467.35,464.95,466.0,4390,0
2026-05-07T12:00:00+05:30,466.0,466.7,466.0,466.2,650,0
2026-05-07T12:15:00+05:30,466.45,468.9,466.0,468.0,6957,0
2026-05-07T12:30:00+05:30,467.8,468.8,463.3,465.6,16367,0
2026-05-07T12:45:00+05:30,465.75,465.75,464.25,464.35,1705,0
2026-05-07T13:00:00+05:30,464.6,466.45,464.0,465.9,1381,0
2026-05-07T13:15:00+05:30,465.35,465.9,463.7,464.9,4057,0
2026-05-07T13:30:00+05:30,465.5,465.65,463.8,465.0,1268,0
2026-05-07T13:45:00+05:30,464.95,468.45,464.15,466.95,19217,0
2026-05-07T14:00:00+05:30,466.95,467.95,465.15,467.2,6611,0
2026-05-07T14:15:00+05:30,467.8,467.8,466.0,466.45,1153,0
2026-05-07T14:30:00+05:30,466.45,466.45,464.6,464.75,3388,0
2026-05-07T14:45:00+05:30,464.25,465.8,463.8,465.45,3184,0
2026-05-07T15:00:00+05:30,465.45,465.95,464.25,465.25,5870,0
2026-05-07T15:15:00+05:30,464.6,466.4,464.45,466.35,7220,0
2026-05-08T09:15:00+05:30,468.15,471.25,462.8,470.5,19459,0
2026-05-08T09:30:00+05:30,470.5,470.85,465.2,467.0,29127,0
2026-05-08T09:45:00+05:30,466.3,468.95,465.5,468.45,3519,0
2026-05-08T10:00:00+05:30,468.45,468.95,468.2,468.4,1512,0
2026-05-08T10:15:00+05:30,468.35,469.0,465.3,465.3,8683,0
2026-05-08T10:30:00+05:30,466.35,466.8,465.0,466.0,3641,0
2026-05-08T10:45:00+05:30,466.0,466.95,465.8,466.2,2410,0
2026-05-08T11:00:00+05:30,466.2,466.85,465.35,465.7,2810,0
2026-05-08T11:15:00+05:30,465.7,466.9,465.7,466.0,760,0
2026-05-08T11:30:00+05:30,466.65,467.3,463.95,464.9,7988,0
2026-05-08T11:45:00+05:30,464.9,465.05,463.5,464.9,1638,0
2026-05-08T12:00:00+05:30,465.05,465.3,463.65,464.5,2453,0
2026-05-08T12:15:00+05:30,464.5,464.55,463.0,464.15,4440,0
2026-05-08T12:30:00+05:30,464.15,464.55,462.5,462.5,3993,0
2026-05-08T12:45:00+05:30,462.0,463.15,461.25,463.1,2493,0
2026-05-08T13:00:00+05:30,462.95,464.0,462.45,463.35,571,0
2026-05-08T13:15:00+05:30,464.0,464.0,462.85,463.55,2361,0
2026-05-08T13:30:00+05:30,463.9,464.0,461.5,461.5,3952,0
2026-05-08T13:45:00+05:30,461.5,461.65,459.7,460.0,5059,0
2026-05-08T14:00:00+05:30,460.0,461.5,458.45,459.3,10054,0
2026-05-08T14:15:00+05:30,459.3,460.3,459.3,459.8,599,0
2026-05-08T14:30:00+05:30,459.8,461.4,459.8,460.0,2922,0
2026-05-08T14:45:00+05:30,460.0,461.15,459.0,460.15,3213,0
2026-05-08T15:00:00+05:30,460.0,460.0,458.3,459.25,3146,0
2026-05-08T15:15:00+05:30,459.0,459.6,451.35,459.0,49978,0
2026-05-11T09:15:00+05:30,456.0,463.95,452.6,462.0,57926,0
2026-05-11T09:30:00+05:30,462.15,469.3,456.3,457.7,59439,0
2026-05-11T09:45:00+05:30,458.2,462.95,453.65,460.2,30567,0
2026-05-11T10:00:00+05:30,459.45,463.45,459.45,462.75,7785,0
2026-05-11T10:15:00+05:30,462.75,463.0,460.0,460.6,4752,0
2026-05-11T10:30:00+05:30,460.6,461.35,458.65,458.65,3163,0
2026-05-11T10:45:00+05:30,458.65,459.5,457.0,457.0,12769,0
2026-05-11T11:00:00+05:30,457.15,458.6,455.0,458.4,13284,0
2026-05-11T11:15:00+05:30,458.35,459.25,457.4,459.25,3960,0
2026-05-11T11:30:00+05:30,460.0,461.0,458.5,461.0,1943,0
2026-05-11T11:45:00+05:30,460.5,461.0,458.0,459.0,5853,0
2026-05-11T12:00:00+05:30,459.0,459.0,457.9,458.45,1220,0
2026-05-11T12:15:00+05:30,458.45,461.45,458.4,460.8,2215,0
2026-05-11T12:30:00+05:30,460.8,460.8,458.75,460.8,6685,0
2026-05-11T12:45:00+05:30,460.05,461.0,459.85,460.2,2510,0
2026-05-11T13:00:00+05:30,460.9,461.4,459.35,460.7,7583,0
2026-05-11T13:15:00+05:30,461.1,461.4,459.3,459.3,2509,0
2026-05-11T13:30:00+05:30,459.5,460.9,459.1,459.1,2282,0
2026-05-11T13:45:00+05:30,459.1,460.55,458.5,458.55,1431,0
2026-05-11T14:00:00+05:30,458.1,459.95,457.8,458.5,9560,0
2026-05-11T14:15:00+05:30,458.5,459.8,457.6,457.9,2166,0
2026-05-11T14:30:00+05:30,457.9,458.9,457.2,457.2,1496,0
2026-05-11T14:45:00+05:30,457.2,458.0,455.3,455.8,7862,0
2026-05-11T15:00:00+05:30,456.2,456.95,453.2,454.55,10995,0
2026-05-11T15:15:00+05:30,454.55,456.25,451.9,454.0,18909,0
2026-05-12T09:15:00+05:30,457.95,470.4,453.9,466.35,64525,0
2026-05-12T09:30:00+05:30,466.0,479.7,465.55,479.0,109015,0
2026-05-12T09:45:00+05:30,478.25,478.9,471.0,474.0,37800,0
2026-05-12T10:00:00+05:30,473.45,474.0,470.25,471.2,12922,0
2026-05-12T10:15:00+05:30,471.2,473.15,470.65,470.65,6987,0
2026-05-12T10:30:00+05:30,470.65,475.9,468.45,475.0,17658,0
2026-05-12T10:45:00+05:30,474.5,474.7,470.05,472.7,5249,0
2026-05-12T11:00:00+05:30,472.7,475.0,471.1,475.0,15564,0
2026-05-12T11:15:00+05:30,475.0,482.8,474.85,480.0,96935,0
2026-05-12T11:30:00+05:30,480.0,484.2,477.8,480.6,97403,0
2026-05-12T11:45:00+05:30,480.6,481.5,476.9,477.65,33405,0
2026-05-12T12:00:00+05:30,477.55,478.1,474.5,474.95,15944,0
2026-05-12T12:15:00+05:30,474.65,476.6,474.0,474.1,14230,0
2026-05-12T12:30:00+05:30,474.25,474.8,469.5,474.8,32531,0
2026-05-12T12:45:00+05:30,474.75,475.0,470.6,470.85,8859,0
2026-05-12T13:00:00+05:30,471.0,471.35,469.0,471.0,7753,0
2026-05-12T13:15:00+05:30,470.45,471.55,466.55,466.75,10587,0
2026-05-12T13:30:00+05:30,466.85,468.95,466.5,467.15,11142,0
2026-05-12T13:45:00+05:30,467.15,468.9,466.6,468.05,3134,0
2026-05-12T14:00:00+05:30,468.1,468.2,462.1,463.3,31644,0
2026-05-12T14:15:00+05:30,463.3,465.4,462.6,463.2,9071,0
2026-05-12T14:30:00+05:30,462.5,462.55,455.95,461.9,37459,0
2026-05-12T14:45:00+05:30,461.9,462.8,459.2,459.65,13284,0
2026-05-12T15:00:00+05:30,459.65,459.65,455.75,458.3,12682,0
2026-05-12T15:15:00+05:30,458.2,464.9,456.6,459.0,40212,0
2026-05-13T09:15:00+05:30,463.0,467.7,454.95,467.7,65916,0
2026-05-13T09:30:00+05:30,467.7,474.2,466.25,472.55,37964,0
2026-05-13T09:45:00+05:30,472.95,472.95,467.6,470.45,22779,0
2026-05-13T10:00:00+05:30,470.5,479.9,470.05,478.0,54437,0
2026-05-13T10:15:00+05:30,478.25,482.4,472.25,476.8,61033,0
2026-05-13T10:30:00+05:30,476.75,476.8,464.2,465.7,34854,0
2026-05-13T10:45:00+05:30,466.0,468.0,462.35,465.1,21722,0
2026-05-13T11:00:00+05:30,465.05,467.0,463.25,463.8,9912,0
2026-05-13T11:15:00+05:30,464.0,467.1,464.0,465.4,3643,0
2026-05-13T11:30:00+05:30,465.85,468.0,465.8,468.0,4259,0
2026-05-13T11:45:00+05:30,468.0,468.5,466.5,467.75,6172,0
2026-05-13T12:00:00+05:30,467.1,472.0,467.05,471.85,13298,0
2026-05-13T12:15:00+05:30,472.0,472.0,470.0,471.0,3118,0
2026-05-13T12:30:00+05:30,471.0,471.45,466.3,468.7,7296,0
2026-05-13T12:45:00+05:30,468.7,470.6,467.15,470.0,5707,0
2026-05-13T13:00:00+05:30,470.3,470.6,468.55,469.55,4032,0
2026-05-13T13:15:00+05:30,469.75,473.0,469.75,471.05,7838,0
2026-05-13T13:30:00+05:30,471.55,472.0,470.05,471.1,6685,0
2026-05-13T13:45:00+05:30,471.35,471.35,467.0,468.5,16764,0
2026-05-13T14:00:00+05:30,467.7,469.55,467.55,469.5,2044,0
2026-05-13T14:15:00+05:30,469.55,469.55,467.55,469.55,6714,0
2026-05-13T14:30:00+05:30,469.5,469.85,468.0,468.6,3489,0
2026-05-13T14:45:00+05:30,468.6,469.0,467.0,468.9,4259,0
2026-05-13T15:00:00+05:30,469.0,472.0,466.0,471.55,19514,0
2026-05-13T15:15:00+05:30,470.9,473.05,469.0,470.0,43920,0
2026-05-14T09:15:00+05:30,475.0,475.5,462.1,463.35,46841,0
2026-05-14T09:30:00+05:30,464.5,464.95,458.2,458.9,17870,0
2026-05-14T09:45:00+05:30,458.75,459.95,456.55,458.3,24343,0
2026-05-14T10:00:00+05:30,458.2,462.95,457.55,459.15,7723,0
2026-05-14T10:15:00+05:30,459.5,459.9,458.0,458.45,5516,0
2026-05-14T10:30:00+05:30,458.7,460.75,458.0,458.0,7879,0
2026-05-14T10:45:00+05:30,458.15,459.95,456.9,456.9,6190,0
2026-05-14T11:00:00+05:30,456.55,458.8,455.8,457.85,14653,0
2026-05-14T11:15:00+05:30,457.15,458.9,457.1,457.5,4544,0
2026-05-14T11:30:00+05:30,458.55,458.55,456.15,457.25,3124,0
2026-05-14T11:45:00+05:30,457.35,458.85,456.5,458.0,9169,0
2026-05-14T12:00:00+05:30,458.0,459.95,457.65,459.2,8341,0
2026-05-14T12:15:00+05:30,459.2,460.9,458.1,459.0,6797,0
2026-05-14T12:30:00+05:30,459.05,464.45,458.55,462.5,15926,0
2026-05-14T12:45:00+05:30,462.8,463.0,460.2,460.95,2029,0
2026-05-14T13:00:00+05:30,460.95,462.2,460.15,460.9,2342,0
2026-05-14T13:15:00+05:30,460.9,462.2,459.85,461.45,5008,0
2026-05-14T13:30:00+05:30,461.35,461.45,459.7,460.35,3130,0
2026-05-14T13:45:00+05:30,460.4,460.6,459.1,459.75,4062,0
2026-05-14T14:00:00+05:30,459.85,460.0,458.0,458.9,9342,0
2026-05-14T14:15:00+05:30,459.0,459.0,457.0,458.8,9612,0
2026-05-14T14:30:00+05:30,458.2,459.0,457.35,458.0,8063,0
2026-05-14T14:45:00+05:30,458.0,459.9,457.45,458.3,4583,0
2026-05-14T15:00:00+05:30,458.7,462.2,457.6,459.35,21941,0
2026-05-14T15:15:00+05:30,459.5,461.35,454.9,455.0,55320,0
2026-05-15T09:15:00+05:30,453.1,484.0,447.3,472.1,268765,0
2026-05-15T09:30:00+05:30,471.6,485.0,470.3,477.3,133262,0
2026-05-15T09:45:00+05:30,477.9,481.9,475.0,475.2,37372,0
2026-05-15T10:00:00+05:30,475.2,480.95,472.0,479.1,43626,0
2026-05-15T10:15:00+05:30,478.55,479.0,475.0,475.6,15541,0
2026-05-15T10:30:00+05:30,475.05,476.95,473.4,475.0,17680,0
2026-05-15T10:45:00+05:30,475.0,475.9,472.35,474.2,12842,0
2026-05-15T11:00:00+05:30,474.15,474.25,464.6,466.45,36123,0
2026-05-15T11:15:00+05:30,466.45,466.8,463.1,463.1,13946,0
2026-05-15T11:30:00+05:30,463.4,463.8,460.05,461.85,15633,0
2026-05-15T11:45:00+05:30,461.7,462.45,456.7,457.6,15204,0
2026-05-15T12:00:00+05:30,457.5,458.95,455.35,455.9,8722,0
2026-05-15T12:15:00+05:30,455.4,458.6,454.1,458.1,11918,0
2026-05-15T12:30:00+05:30,458.6,461.6,457.0,459.65,13415,0
2026-05-15T12:45:00+05:30,460.05,460.05,458.05,458.9,2900,0
2026-05-15T13:00:00+05:30,458.1,458.1,456.55,458.0,1557,0
2026-05-15T13:15:00+05:30,457.8,459.6,456.5,459.25,6192,0
2026-05-15T13:30:00+05:30,459.35,461.55,457.1,457.3,9536,0
2026-05-15T13:45:00+05:30,457.3,457.55,452.0,452.6,16580,0
2026-05-15T14:00:00+05:30,452.15,455.15,451.65,454.1,10593,0
2026-05-15T14:15:00+05:30,454.8,455.2,453.55,453.75,3085,0
2026-05-15T14:30:00+05:30,454.2,454.95,444.5,448.55,43851,0
2026-05-15T14:45:00+05:30,449.55,449.8,444.35,447.0,17432,0
2026-05-15T15:00:00+05:30,446.7,447.65,445.05,446.05,96611,0
2026-05-15T15:15:00+05:30,445.8,447.0,441.15,443.8,59260,0
2026-05-18T09:15:00+05:30,445.65,445.7,432.0,435.25,51706,0
2026-05-18T09:30:00+05:30,435.7,446.15,434.75,444.35,46539,0
2026-05-18T09:45:00+05:30,443.85,451.9,438.4,441.2,79049,0
2026-05-18T10:00:00+05:30,441.2,444.85,439.5,440.7,13843,0
2026-05-18T10:15:00+05:30,440.25,445.6,440.15,443.4,14606,0
2026-05-18T10:30:00+05:30,443.9,450.0,443.9,448.6,25596,0
2026-05-18T10:45:00+05:30,448.5,450.0,446.8,449.3,7653,0
2026-05-18T11:00:00+05:30,449.3,449.3,445.65,446.6,5699,0
2026-05-18T11:15:00+05:30,446.6,451.45,445.35,451.45,13088,0
2026-05-18T11:30:00+05:30,450.85,457.0,450.85,455.65,26254,0
2026-05-18T11:45:00+05:30,455.95,457.8,452.8,457.1,18869,0
2026-05-18T12:00:00+05:30,457.75,458.0,453.65,454.5,11324,0
2026-05-18T12:15:00+05:30,454.2,454.5,451.6,452.15,4942,0
2026-05-18T12:30:00+05:30,452.15,453.45,451.45,452.4,2967,0
2026-05-18T12:45:00+05:30,451.8,453.0,451.55,451.85,3543,0
2026-05-18T13:00:00+05:30,452.3,453.0,449.35,449.35,12781,0
2026-05-18T13:15:00+05:30,450.15,451.5,449.3,450.65,4247,0
2026-05-18T13:30:00+05:30,450.5,451.8,450.4,451.2,1707,0
2026-05-18T13:45:00+05:30,450.8,452.3,450.6,451.4,2133,0
2026-05-18T14:00:00+05:30,451.8,452.55,450.0,450.9,4232,0
2026-05-18T14:15:00+05:30,450.35,450.45,448.3,448.6,2547,0
2026-05-18T14:30:00+05:30,448.25,448.5,445.5,446.55,4699,0
2026-05-18T14:45:00+05:30,446.75,447.1,445.75,446.95,4892,0
2026-05-18T15:00:00+05:30,446.7,450.0,446.45,447.15,16513,0
2026-05-18T15:15:00+05:30,446.6,450.0,444.0,444.0,46719,0
2026-05-19T09:15:00+05:30,447.0,465.95,445.5,459.9,66445,0
2026-05-19T09:30:00+05:30,459.65,461.6,456.55,458.95,13145,0
2026-05-19T09:45:00+05:30,458.9,464.2,455.6,463.65,21270,0
2026-05-19T10:00:00+05:30,463.9,471.0,462.9,469.9,39171,0
2026-05-19T10:15:00+05:30,469.9,476.75,469.0,475.5,76032,0
2026-05-19T10:30:00+05:30,475.7,482.9,474.95,479.1,99438,0
2026-05-19T10:45:00+05:30,479.9,480.2,475.15,478.1,21724,0
2026-05-19T11:00:00+05:30,477.9,481.95,476.2,476.9,21133,0
2026-05-19T11:15:00+05:30,477.4,477.5,473.6,475.2,13848,0
2026-05-19T11:30:00+05:30,475.45,476.6,474.3,475.1,5532,0
2026-05-19T11:45:00+05:30,475.1,484.0,475.1,484.0,53475,0
2026-05-19T12:00:00+05:30,483.25,483.95,481.0,482.05,17391,0
2026-05-19T12:15:00+05:30,482.05,483.75,478.35,481.65,25221,0
2026-05-19T12:30:00+05:30,481.3,482.55,477.8,479.0,18005,0
2026-05-19T12:45:00+05:30,479.0,479.55,475.0,476.65,17419,0
2026-05-19T13:00:00+05:30,476.1,477.6,475.05,475.8,6002,0
2026-05-19T13:15:00+05:30,475.5,475.9,473.85,474.5,6993,0
2026-05-19T13:30:00+05:30,475.1,475.25,472.0,472.65,7201,0
2026-05-19T13:45:00+05:30,472.4,473.75,470.55,471.35,9867,0
2026-05-19T14:00:00+05:30,471.3,472.7,470.7,471.05,3996,0
2026-05-19T14:15:00+05:30,471.65,472.9,471.05,472.45,2956,0
2026-05-19T14:30:00+05:30,471.7,478.2,470.25,477.25,30682,0
2026-05-19T14:45:00+05:30,477.9,477.95,471.95,474.2,28324,0
2026-05-19T15:00:00+05:30,474.2,475.3,472.35,474.2,23046,0
2026-05-19T15:15:00+05:30,474.3,476.0,472.2,474.5,29336,0
2026-05-20T09:15:00+05:30,472.15,479.7,465.0,478.05,43764,0
2026-05-20T09:30:00+05:30,478.0,482.95,474.95,478.4,51578,0
2026-05-20T09:45:00+05:30,478.35,478.5,475.95,477.3,4573,0
2026-05-20T10:00:00+05:30,477.35,481.7,475.0,480.3,21725,0
2026-05-20T10:15:00+05:30,481.0,481.9,476.7,478.15,9292,0
2026-05-20T10:30:00+05:30,478.0,479.0,477.5,477.5,2730,0
2026-05-20T10:45:00+05:30,477.5,477.95,476.6,477.0,3970,0
2026-05-20T11:00:00+05:30,476.8,477.2,475.0,476.75,4837,0
2026-05-20T11:15:00+05:30,476.35,476.75,474.0,474.25,6069,0
2026-05-20T11:30:00+05:30,474.8,476.35,473.75,475.55,3620,0
2026-05-20T11:45:00+05:30,475.55,475.8,474.55,474.65,1396,0
2026-05-20T12:00:00+05:30,474.5,475.35,474.35,474.45,3536,0
2026-05-20T12:15:00+05:30,474.05,475.0,473.55,474.25,2739,0
2026-05-20T12:30:00+05:30,474.35,474.35,471.55,473.0,8022,0
2026-05-20T12:45:00+05:30,473.0,473.0,471.9,471.95,2770,0
2026-05-20T13:00:00+05:30,471.95,472.65,470.2,470.5,4164,0
2026-05-20T13:15:00+05:30,470.5,470.85,469.2,469.45,2525,0
2026-05-20T13:30:00+05:30,469.6,471.55,469.6,471.4,1435,0
2026-05-20T13:45:00+05:30,471.35,472.4,470.2,472.0,4248,0
2026-05-20T14:00:00+05:30,472.45,472.45,470.6,471.0,625,0
2026-05-20T14:15:00+05:30,471.0,472.4,470.95,472.4,1525,0
2026-05-20T14:30:00+05:30,472.85,472.85,470.3,471.55,4111,0
2026-05-20T14:45:00+05:30,471.55,471.8,470.5,471.3,3347,0
2026-05-20T15:00:00+05:30,471.3,472.2,470.2,472.0,6930,0
2026-05-20T15:15:00+05:30,471.95,472.7,467.0,467.0,23698,0
2026-05-21T09:15:00+05:30,475.0,479.0,471.3,471.35,42247,0
2026-05-21T09:30:00+05:30,471.65,475.35,470.4,475.2,9465,0
2026-05-21T09:45:00+05:30,475.9,485.0,474.5,477.0,46300,0
2026-05-21T10:00:00+05:30,477.0,477.5,472.6,475.9,13337,0
2026-05-21T10:15:00+05:30,475.85,479.1,475.3,476.2,16279,0
2026-05-21T10:30:00+05:30,476.2,476.8,471.2,473.6,11040,0
2026-05-21T10:45:00+05:30,473.6,473.9,472.4,473.05,2791,0
2026-05-21T11:00:00+05:30,473.05,473.2,471.7,471.75,3545,0
2026-05-21T11:15:00+05:30,471.75,471.75,469.25,471.5,9189,0
2026-05-21T11:30:00+05:30,471.5,471.6,470.25,471.0,1419,0
2026-05-21T11:45:00+05:30,470.7,471.05,470.15,470.4,1374,0
2026-05-21T12:00:00+05:30,471.0,471.25,470.25,470.25,1349,0
2026-05-21T12:15:00+05:30,470.25,471.25,468.55,468.8,3878,0
2026-05-21T12:30:00+05:30,469.0,469.0,468.2,468.6,1290,0
2026-05-21T12:45:00+05:30,468.7,469.0,466.0,466.6,5456,0
2026-05-21T13:00:00+05:30,466.6,467.3,466.0,466.15,804,0
2026-05-21T13:15:00+05:30,467.0,467.95,466.4,467.0,1422,0
2026-05-21T13:30:00+05:30,467.0,468.65,466.95,468.25,2809,0
2026-05-21T13:45:00+05:30,468.1,468.1,465.05,465.05,17014,0
2026-05-21T14:00:00+05:30,465.6,466.2,465.05,465.7,3042,0
2026-05-21T14:15:00+05:30,465.7,469.65,465.65,467.75,5926,0
2026-05-21T14:30:00+05:30,467.55,471.45,467.55,470.65,11320,0
2026-05-21T14:45:00+05:30,470.25,472.35,470.0,471.1,2935,0
2026-05-21T15:00:00+05:30,471.35,471.8,469.5,470.5,4075,0
2026-05-21T15:15:00+05:30,470.05,471.75,466.0,468.6,22921,0
2026-05-22T09:15:00+05:30,471.5,471.5,462.7,463.0,18811,0
2026-05-22T09:30:00+05:30,463.0,464.6,460.7,463.8,11139,0
2026-05-22T09:45:00+05:30,463.3,463.9,461.85,462.0,4821,0
2026-05-22T10:00:00+05:30,462.0,462.25,460.15,462.15,4515,0
2026-05-22T10:15:00+05:30,462.25,463.25,461.2,463.2,2680,0
2026-05-22T10:30:00+05:30,462.85,463.2,461.8,463.15,3288,0
2026-05-22T10:45:00+05:30,463.15,464.15,462.65,464.05,2067,0
2026-05-22T11:00:00+05:30,464.2,466.15,464.05,465.3,4404,0
2026-05-22T11:15:00+05:30,465.75,474.9,465.35,471.5,22701,0
2026-05-22T11:30:00+05:30,471.3,475.9,471.0,473.25,21776,0
2026-05-22T11:45:00+05:30,473.65,474.4,472.8,473.0,7365,0
2026-05-22T12:00:00+05:30,473.0,476.25,473.0,473.7,5015,0
2026-05-22T12:15:00+05:30,473.7,474.35,469.4,469.4,4475,0
2026-05-22T12:30:00+05:30,469.4,471.0,469.4,471.0,804,0
2026-05-22T12:45:00+05:30,470.8,471.0,469.5,469.5,1687,0
2026-05-22T13:00:00+05:30,469.85,470.0,468.5,469.4,3058,0
2026-05-22T13:15:00+05:30,469.35,469.8,468.3,468.35,674,0
2026-05-22T13:30:00+05:30,468.35,469.0,467.9,467.9,399,0
2026-05-22T13:45:00+05:30,467.85,468.4,467.6,467.65,1775,0
2026-05-22T14:00:00+05:30,467.6,468.3,467.05,467.05,1923,0
2026-05-22T14:15:00+05:30,467.05,469.5,467.05,468.15,7407,0
2026-05-22T14:30:00+05:30,468.05,468.8,467.15,467.55,10069,0
2026-05-22T14:45:00+05:30,467.55,469.9,466.8,468.9,38500,0
2026-05-22T15:00:00+05:30,468.9,469.85,468.8,469.25,10058,0
2026-05-22T15:15:00+05:30,469.2,469.4,467.1,469.0,15006,0
2026-05-25T09:15:00+05:30,469.1,474.6,469.1,472.0,31630,0
2026-05-25T09:30:00+05:30,472.75,473.4,467.65,467.7,29383,0
2026-05-25T09:45:00+05:30,468.25,471.75,468.0,469.65,6479,0
2026-05-25T10:00:00+05:30,469.65,471.7,468.2,469.9,14098,0
2026-05-25T10:15:00+05:30,470.0,476.2,469.7,474.25,13763,0
2026-05-25T10:30:00+05:30,474.65,484.0,474.65,478.75,42381,0
2026-05-25T10:45:00+05:30,479.2,479.35,472.0,472.5,43364,0
2026-05-25T11:00:00+05:30,472.65,473.15,471.1,471.85,2222,0
2026-05-25T11:15:00+05:30,472.55,473.2,471.45,472.3,5750,0
2026-05-25T11:30:00+05:30,473.0,473.35,469.85,470.0,9365,0
2026-05-25T11:45:00+05:30,469.9,475.0,469.8,473.45,12705,0
2026-05-25T12:00:00+05:30,473.45,474.4,472.95,474.1,2796,0
2026-05-25T12:15:00+05:30,473.75,477.7,472.95,476.75,4338,0
2026-05-25T12:30:00+05:30,477.7,477.7,474.95,475.95,13737,0
2026-05-25T12:45:00+05:30,475.3,476.7,475.05,476.7,1338,0
2026-05-25T13:00:00+05:30,476.65,476.75,475.0,475.85,1341,0
2026-05-25T13:15:00+05:30,475.85,476.9,475.2,475.35,4542,0
2026-05-25T13:30:00+05:30,475.9,476.05,474.95,476.0,2045,0
2026-05-25T13:45:00+05:30,476.0,476.0,475.0,475.0,1666,0
2026-05-25T14:00:00+05:30,475.45,475.5,473.6,473.6,8425,0
2026-05-25T14:15:00+05:30,473.45,474.0,472.0,473.85,1643,0
2026-05-25T14:30:00+05:30,473.1,474.8,473.1,474.8,2023,0
2026-05-25T14:45:00+05:30,474.9,474.9,474.25,474.75,407,0
2026-05-25T15:00:00+05:30,474.45,474.7,472.1,472.85,10459,0
2026-05-25T15:15:00+05:30,472.55,472.55,469.1,469.1,25816,0
2026-05-26T09:15:00+05:30,471.9,472.75,468.05,470.2,10555,0
2026-05-26T09:30:00+05:30,470.75,472.0,469.25,470.95,5691,0
2026-05-26T09:45:00+05:30,470.25,471.0,469.0,469.55,5919,0
2026-05-26T10:00:00+05:30,469.55,471.7,466.35,468.3,19352,0
2026-05-26T10:15:00+05:30,468.3,470.95,468.3,468.55,2646,0
2026-05-26T10:30:00+05:30,469.3,471.8,468.55,471.05,4956,0
2026-05-26T10:45:00+05:30,471.7,471.8,470.4,470.55,2134,0
2026-05-26T11:00:00+05:30,471.15,471.15,466.6,469.1,20672,0
2026-05-26T11:15:00+05:30,469.6,469.6,467.0,467.0,2508,0
2026-05-26T11:30:00+05:30,467.0,467.6,465.25,466.4,4389,0
2026-05-26T11:45:00+05:30,466.4,466.7,464.9,466.6,8251,0
2026-05-26T12:00:00+05:30,466.0,466.0,462.8,465.0,7147,0
2026-05-26T12:15:00+05:30,465.0,465.75,463.5,463.95,3190,0
2026-05-26T12:30:00+05:30,463.95,465.15,457.0,457.15,63022,0
2026-05-26T12:45:00+05:30,457.75,462.0,452.05,460.0,86160,0
2026-05-26T13:00:00+05:30,459.3,460.95,458.25,460.05,3634,0
2026-05-26T13:15:00+05:30,460.35,460.4,459.25,459.75,2185,0
2026-05-26T13:30:00+05:30,460.7,460.85,458.85,458.85,3981,0
2026-05-26T13:45:00+05:30,458.75,462.7,458.35,462.65,16120,0
2026-05-26T14:00:00+05:30,462.1,462.65,460.05,460.15,4020,0
2026-05-26T14:15:00+05:30,460.45,461.65,460.0,460.95,2542,0
2026-05-26T14:30:00+05:30,461.05,461.75,459.65,459.65,5814,0
2026-05-26T14:45:00+05:30,459.65,460.45,459.0,459.8,2699,0
2026-05-26T15:00:00+05:30,459.75,460.5,458.8,459.15,7134,0
2026-05-26T15:15:00+05:30,459.2,461.85,458.65,460.0,18522,0
2026-05-27T09:15:00+05:30,463.55,463.55,458.65,459.15,10494,0
2026-05-27T09:30:00+05:30,459.8,460.95,457.0,460.1,6400,0
2026-05-27T09:45:00+05:30,459.4,460.0,456.7,457.4,6616,0
2026-05-27T10:00:00+05:30,456.65,464.05,455.1,463.25,26881,0
2026-05-27T10:15:00+05:30,462.5,469.0,462.5,468.35,16143,0
2026-05-27T10:30:00+05:30,468.4,474.8,467.0,469.7,32873,0
2026-05-27T10:45:00+05:30,470.15,473.6,469.85,471.95,7140,0
2026-05-27T11:00:00+05:30,472.55,474.7,470.65,471.8,23304,0
2026-05-27T11:15:00+05:30,472.0,472.65,470.1,472.0,12077,0
2026-05-27T11:30:00+05:30,472.05,472.55,471.35,472.5,7988,0
2026-05-27T11:45:00+05:30,472.5,472.7,467.1,467.45,13508,0
2026-05-27T12:00:00+05:30,467.6,468.15,467.0,467.45,5454,0
2026-05-27T12:15:00+05:30,467.45,469.2,466.95,466.95,1892,0
2026-05-27T12:30:00+05:30,466.8,468.1,464.65,465.5,6499,0
2026-05-27T12:45:00+05:30,465.6,466.25,465.2,465.2,1238,0
2026-05-27T13:00:00+05:30,465.2,465.9,462.0,462.45,12703,0
2026-05-27T13:15:00+05:30,462.0,463.15,462.0,462.1,2834,0
2026-05-27T13:30:00+05:30,462.85,466.5,462.7,465.0,41419,0
2026-05-27T13:45:00+05:30,465.65,466.0,465.1,465.3,1739,0
2026-05-27T14:00:00+05:30,465.3,471.0,464.7,470.05,5909,0
2026-05-27T14:15:00+05:30,470.05,482.5,469.0,482.45,108362,0
2026-05-27T14:30:00+05:30,482.0,487.45,480.5,482.15,215872,0
2026-05-27T14:45:00+05:30,482.0,488.8,482.0,487.95,82086,0
2026-05-27T15:00:00+05:30,487.8,488.2,485.05,486.95,64351,0
2026-05-27T15:15:00+05:30,487.05,490.0,485.05,487.0,61625,0
2026-05-29T09:15:00+05:30,490.0,495.2,487.15,488.65,62402,0
2026-05-29T09:30:00+05:30,488.7,492.95,485.3,489.65,46208,0
2026-05-29T09:45:00+05:30,488.0,491.45,483.65,486.65,13014,0
2026-05-29T10:00:00+05:30,486.65,487.45,484.4,485.1,3953,0
2026-05-29T10:15:00+05:30,485.9,488.55,485.05,487.65,8913,0
2026-05-29T10:30:00+05:30,487.65,488.25,486.2,487.5,4495,0
2026-05-29T10:45:00+05:30,487.5,489.65,486.65,489.6,8546,0
2026-05-29T11:00:00+05:30,489.6,489.85,487.8,488.45,1503,0
2026-05-29T11:15:00+05:30,488.0,488.9,487.1,487.35,2509,0
2026-05-29T11:30:00+05:30,487.2,487.5,487.2,487.2,969,0
2026-05-29T11:45:00+05:30,487.3,489.05,487.2,487.2,4564,0
2026-05-29T12:00:00+05:30,487.2,487.2,486.0,486.0,3063,0
2026-05-29T12:15:00+05:30,486.0,486.45,485.05,485.5,2356,0
2026-05-29T12:30:00+05:30,485.5,486.0,476.55,482.05,44197,0
2026-05-29T12:45:00+05:30,482.0,482.5,480.05,481.55,5566,0
2026-05-29T13:00:00+05:30,481.95,482.0,481.1,481.3,2593,0
2026-05-29T13:15:00+05:30,481.1,481.95,480.05,480.5,4446,0
2026-05-29T13:30:00+05:30,480.95,481.6,480.3,480.3,1349,0
2026-05-29T13:45:00+05:30,480.2,481.6,480.05,480.55,2195,0
2026-05-29T14:00:00+05:30,480.65,482.6,480.05,481.55,10840,0
2026-05-29T14:15:00+05:30,481.55,484.0,481.0,481.55,6950,0
2026-05-29T14:30:00+05:30,481.55,483.6,480.05,481.95,23484,0
2026-05-29T14:45:00+05:30,482.1,482.2,480.05,480.2,6654,0
2026-05-29T15:00:00+05:30,480.45,480.6,475.0,477.05,36977,0
2026-05-29T15:15:00+05:30,477.05,478.4,473.0,476.0,29395,0
2026-06-01T09:15:00+05:30,482.0,492.0,479.6,483.5,30819,0
2026-06-01T09:30:00+05:30,483.3,490.0,480.35,489.25,20997,0
2026-06-01T09:45:00+05:30,488.85,494.7,488.1,489.0,32361,0
2026-06-01T10:00:00+05:30,489.0,490.0,486.85,489.15,8850,0
2026-06-01T10:15:00+05:30,489.55,493.7,489.1,491.0,19604,0
2026-06-01T10:30:00+05:30,490.8,491.95,488.85,491.9,7089,0
2026-06-01T10:45:00+05:30,491.85,501.4,491.5,501.4,77637,0
2026-06-01T11:00:00+05:30,501.55,504.6,498.0,500.35,95973,0
2026-06-01T11:15:00+05:30,500.3,501.5,494.0,494.0,24881,0
2026-06-01T11:30:00+05:30,494.0,499.5,493.0,498.2,11091,0
2026-06-01T11:45:00+05:30,497.25,504.8,496.0,503.15,64095,0
2026-06-01T12:00:00+05:30,503.15,507.3,498.05,500.25,64620,0
2026-06-01T12:15:00+05:30,500.0,501.35,495.0,501.3,34217,0
2026-06-01T12:30:00+05:30,500.85,500.85,498.05,499.95,7541,0
2026-06-01T12:45:00+05:30,499.85,501.45,498.95,500.0,5412,0
2026-06-01T13:00:00+05:30,499.55,500.15,496.1,496.95,6754,0
2026-06-01T13:15:00+05:30,497.7,499.2,496.6,498.35,5194,0
2026-06-01T13:30:00+05:30,498.35,499.45,497.5,497.5,2930,0
2026-06-01T13:45:00+05:30,497.05,497.65,494.5,496.9,12063,0
2026-06-01T14:00:00+05:30,497.1,497.7,492.8,493.4,28694,0
2026-06-01T14:15:00+05:30,493.4,495.85,492.0,492.5,10580,0
2026-06-01T14:30:00+05:30,492.5,502.1,492.5,501.35,174752,0
2026-06-01T14:45:00+05:30,501.8,508.9,501.3,506.95,115281,0
2026-06-01T15:00:00+05:30,506.45,506.45,501.15,505.0,52226,0
2026-06-01T15:15:00+05:30,505.0,506.9,500.05,502.0,68355,0
2026-06-02T09:15:00+05:30,502.8,519.0,496.1,517.1,211850,0
2026-06-02T09:30:00+05:30,517.6,524.75,515.95,519.5,164957,0
2026-06-02T09:45:00+05:30,519.85,529.8,519.05,528.5,138355,0
2026-06-02T10:00:00+05:30,528.45,538.5,526.7,536.5,230580,0
2026-06-02T10:15:00+05:30,535.85,536.55,527.6,530.55,151942,0
2026-06-02T10:30:00+05:30,530.6,535.15,530.5,533.2,36327,0
2026-06-02T10:45:00+05:30,533.9,534.0,528.35,532.0,29725,0
2026-06-02T11:00:00+05:30,532.0,532.7,529.2,531.15,13579,0
2026-06-02T11:15:00+05:30,531.0,531.85,527.0,530.95,17295,0
2026-06-02T11:30:00+05:30,531.0,531.0,528.0,529.45,13218,0
2026-06-02T11:45:00+05:30,529.0,529.55,528.2,528.95,6701,0
2026-06-02T12:00:00+05:30,528.5,530.0,524.0,525.35,21597,0
2026-06-02T12:15:00+05:30,525.45,526.15,520.55,522.05,24012,0
2026-06-02T12:30:00+05:30,522.0,524.15,520.2,524.15,13601,0
2026-06-02T12:45:00+05:30,523.3,524.95,522.0,523.9,13995,0
2026-06-02T13:00:00+05:30,523.85,524.25,522.5,522.5,2999,0
2026-06-02T13:15:00+05:30,523.0,524.0,520.05,524.0,10038,0
2026-06-02T13:30:00+05:30,523.6,524.65,520.6,522.65,8764,0
2026-06-02T13:45:00+05:30,522.9,524.35,522.4,523.95,6313,0
2026-06-02T14:00:00+05:30,524.0,524.95,522.8,523.85,9875,0
2026-06-02T14:15:00+05:30,523.5,526.45,522.35,524.55,18684,0
2026-06-02T14:30:00+05:30,525.45,529.95,520.75,520.75,58401,0
2026-06-02T14:45:00+05:30,520.75,521.55,518.0,519.6,26540,0
2026-06-02T15:00:00+05:30,519.2,520.45,517.05,518.4,37565,0
2026-06-02T15:15:00+05:30,518.05,520.15,515.5,518.05,48372,0
2026-06-03T09:15:00+05:30,522.9,526.0,502.95,504.25,91829,0
2026-06-03T09:30:00+05:30,504.0,505.05,501.25,503.0,52358,0
2026-06-03T09:45:00+05:30,502.2,509.25,501.5,503.6,37931,0
2026-06-03T10:00:00+05:30,503.3,509.25,502.7,507.85,44951,0
2026-06-03T10:15:00+05:30,508.05,509.75,505.1,509.05,15423,0
2026-06-03T10:30:00+05:30,509.6,513.0,508.25,511.95,20268,0
2026-06-03T10:45:00+05:30,512.0,517.05,511.0,511.2,30650,0
2026-06-03T11:00:00+05:30,511.25,511.65,507.65,508.45,6741,0
2026-06-03T11:15:00+05:30,508.0,509.95,506.55,508.65,9772,0
2026-06-03T11:30:00+05:30,508.65,508.8,506.75,506.8,3195,0
2026-06-03T11:45:00+05:30,507.25,507.3,505.05,505.7,3298,0
2026-06-03T12:00:00+05:30,505.65,507.25,503.6,506.6,10361,0
2026-06-03T12:15:00+05:30,506.65,508.5,506.0,508.5,3252,0
2026-06-03T12:30:00+05:30,508.5,509.7,506.95,509.6,6278,0
2026-06-03T12:45:00+05:30,509.5,511.0,508.5,510.0,4147,0
2026-06-03T13:00:00+05:30,509.7,510.6,509.2,509.55,1560,0
2026-06-03T13:15:00+05:30,509.65,510.25,508.5,509.2,2886,0
2026-06-03T13:30:00+05:30,509.2,509.8,508.75,509.1,1423,0
2026-06-03T13:45:00+05:30,509.1,512.25,507.95,509.55,14868,0
2026-06-03T14:00:00+05:30,508.75,510.0,508.0,509.5,6196,0
2026-06-03T14:15:00+05:30,509.85,511.6,508.35,510.25,4333,0
2026-06-03T14:30:00+05:30,510.15,512.5,510.0,511.05,3480,0
2026-06-03T14:45:00+05:30,511.05,512.65,510.25,511.0,12155,0
2026-06-03T15:00:00+05:30,511.0,515.0,510.55,513.45,31647,0
2026-06-03T15:15:00+05:30,513.1,513.45,510.0,510.75,36447,0
2026-06-04T09:15:00+05:30,515.0,515.45,505.65,510.45,25188,0
2026-06-04T09:30:00+05:30,511.3,516.3,511.25,514.75,7131,0
2026-06-04T09:45:00+05:30,515.1,515.6,512.45,513.95,6385,0
2026-06-04T10:00:00+05:30,513.95,517.4,513.25,515.25,8053,0
2026-06-04T10:15:00+05:30,515.25,518.0,514.5,516.7,11242,0
2026-06-04T10:30:00+05:30,516.35,518.85,513.75,518.1,7358,0
2026-06-04T10:45:00+05:30,517.95,523.45,517.5,521.25,21516,0
2026-06-04T11:00:00+05:30,521.55,532.1,521.25,532.0,61137,0
2026-06-04T11:15:00+05:30,532.15,533.6,530.65,532.7,33215,0
2026-06-04T11:30:00+05:30,533.3,533.35,527.3,528.0,42660,0
2026-06-04T11:45:00+05:30,528.4,531.3,527.05,529.7,6595,0
2026-06-04T12:00:00+05:30,529.5,529.65,527.75,527.75,3921,0
2026-06-04T12:15:00+05:30,527.75,528.75,525.35,526.75,2405,0
2026-06-04T12:30:00+05:30,526.65,528.55,525.0,527.5,12165,0
2026-06-04T12:45:00+05:30,527.5,527.5,525.55,527.0,3633,0
2026-06-04T13:00:00+05:30,527.0,527.0,522.35,523.05,11155,0
2026-06-04T13:15:00+05:30,523.05,525.8,521.85,525.05,7390,0
2026-06-04T13:30:00+05:30,525.05,526.05,524.0,524.65,3024,0
2026-06-04T13:45:00+05:30,524.65,528.0,524.0,524.6,16873,0
2026-06-04T14:00:00+05:30,524.6,525.7,523.8,523.8,2324,0
2026-06-04T14:15:00+05:30,523.8,525.2,523.7,524.0,3361,0
2026-06-04T14:30:00+05:30,524.05,526.7,524.05,524.6,1679,0
2026-06-04T14:45:00+05:30,524.1,525.9,523.7,524.1,5761,0
2026-06-04T15:00:00+05:30,524.35,526.0,522.05,524.45,11403,0
2026-06-04T15:15:00+05:30,524.55,527.0,523.85,526.0,42625,0
2026-06-05T09:15:00+05:30,530.75,530.75,517.0,520.6,25045,0
2026-06-05T09:30:00+05:30,520.65,521.9,518.5,520.3,11788,0
2026-06-05T09:45:00+05:30,520.25,520.9,515.0,515.5,5497,0
2026-06-05T10:00:00+05:30,515.15,522.85,513.5,520.75,12593,0
2026-06-05T10:15:00+05:30,520.65,521.05,516.1,518.05,12331,0
2026-06-05T10:30:00+05:30,518.4,520.9,516.0,516.2,9234,0
2026-06-05T10:45:00+05:30,516.15,518.3,515.5,518.0,2242,0
2026-06-05T11:00:00+05:30,518.0,520.15,517.5,518.05,3278,0
2026-06-05T11:15:00+05:30,518.25,529.6,517.0,529.0,34129,0
2026-06-05T11:30:00+05:30,528.55,533.75,520.75,521.9,74103,0
2026-06-05T11:45:00+05:30,521.7,523.95,521.3,521.4,9279,0
2026-06-05T12:00:00+05:30,521.4,521.4,518.55,520.65,7912,0
2026-06-05T12:15:00+05:30,520.65,522.25,519.85,520.45,4589,0
2026-06-05T12:30:00+05:30,520.75,529.45,520.0,523.65,43102,0
2026-06-05T12:45:00+05:30,524.1,525.3,518.3,518.9,12357,0
2026-06-05T13:00:00+05:30,518.35,521.0,517.25,519.15,10379,0
2026-06-05T13:15:00+05:30,518.0,522.0,518.0,518.6,9904,0
2026-06-05T13:30:00+05:30,518.65,521.15,518.1,519.0,9465,0
2026-06-05T13:45:00+05:30,519.1,520.85,518.8,520.05,2484,0
2026-06-05T14:00:00+05:30,520.2,520.85,519.55,519.7,1772,0
2026-06-05T14:15:00+05:30,519.7,523.95,519.0,523.1,5087,0
2026-06-05T14:30:00+05:30,523.1,523.65,520.0,522.65,12260,0
2026-06-05T14:45:00+05:30,522.0,525.75,521.8,523.3,8354,0
2026-06-05T15:00:00+05:30,523.7,523.95,521.6,523.3,8595,0
2026-06-05T15:15:00+05:30,523.3,539.0,523.3,534.8,97151,0
2026-06-08T09:15:00+05:30,532.3,539.9,523.2,534.6,91595,0
2026-06-08T09:30:00+05:30,534.6,536.0,531.0,535.15,39151,0
2026-06-08T09:45:00+05:30,535.35,538.65,532.0,538.1,29669,0
2026-06-08T10:00:00+05:30,537.6,540.0,533.65,538.0,31218,0
2026-06-08T10:15:00+05:30,538.25,539.5,537.0,538.8,8279,0
2026-06-08T10:30:00+05:30,538.4,543.4,535.8,537.0,44249,0
2026-06-08T10:45:00+05:30,537.05,538.0,534.0,535.35,11252,0
2026-06-08T11:00:00+05:30,535.5,535.5,531.75,531.75,12694,0
2026-06-08T11:15:00+05:30,531.75,532.5,531.15,532.2,5737,0
2026-06-08T11:30:00+05:30,532.15,532.7,530.1,531.0,5760,0
2026-06-08T11:45:00+05:30,531.0,532.4,530.05,530.25,5151,0
2026-06-08T12:00:00+05:30,530.45,531.0,528.4,530.55,6505,0
2026-06-08T12:15:00+05:30,530.55,532.35,530.55,532.0,4680,0
2026-06-08T12:30:00+05:30,531.3,531.35,529.2,530.95,2227,0
2026-06-08T12:45:00+05:30,530.95,532.05,530.05,530.8,2128,0
2026-06-08T13:00:00+05:30,530.8,531.0,528.05,528.7,5099,0
2026-06-08T13:15:00+05:30,528.7,528.85,525.0,525.0,10087,0
2026-06-08T13:30:00+05:30,525.5,526.4,523.5,523.5,3613,0
2026-06-08T13:45:00+05:30,523.9,524.05,520.2,520.9,22857,0
2026-06-08T14:00:00+05:30,520.6,522.8,520.1,521.85,9762,0
2026-06-08T14:15:00+05:30,521.85,523.75,520.1,521.25,10781,0
2026-06-08T14:30:00+05:30,521.25,522.25,520.25,521.65,4260,0
2026-06-08T14:45:00+05:30,521.7,522.45,517.0,518.45,15746,0
2026-06-08T15:00:00+05:30,518.0,518.0,509.15,512.35,80693,0
2026-06-08T15:15:00+05:30,512.15,513.95,506.55,511.0,34164,0
2026-06-09T09:15:00+05:30,513.8,520.3,512.85,516.9,21931,0
2026-06-09T09:30:00+05:30,516.9,522.25,516.05,518.95,10852,0
2026-06-09T09:45:00+05:30,518.0,518.9,512.55,514.1,7608,0
2026-06-09T10:00:00+05:30,514.3,515.35,511.05,512.0,6114,0
2026-06-09T10:15:00+05:30,512.1,512.9,510.4,512.55,6600,0
2026-06-09T10:30:00+05:30,512.55,512.65,510.4,510.55,3403,0
2026-06-09T10:45:00+05:30,510.55,512.55,510.45,512.25,7176,0
2026-06-09T11:00:00+05:30,512.05,514.45,511.55,512.95,928,0
2026-06-09T11:15:00+05:30,512.95,513.7,508.55,510.45,1950,0
2026-06-09T11:30:00+05:30,510.45,513.7,510.0,512.45,4064,0
2026-06-09T11:45:00+05:30,512.7,520.0,511.95,518.35,12594,0
2026-06-09T12:00:00+05:30,518.1,518.1,514.2,515.55,6631,0
2026-06-09T12:15:00+05:30,515.55,519.25,513.0,518.0,5463,0
2026-06-09T12:30:00+05:30,518.0,519.0,516.5,517.15,3031,0
2026-06-09T12:45:00+05:30,516.85,517.25,516.0,516.25,488,0
2026-06-09T13:00:00+05:30,516.25,516.5,515.05,516.1,1072,0
2026-06-09T13:15:00+05:30,516.1,517.15,514.3,514.3,1583,0
2026-06-09T13:30:00+05:30,514.3,518.95,514.3,515.85,2965,0
2026-06-09T13:45:00+05:30,516.0,517.1,514.8,515.45,6388,0
2026-06-09T14:00:00+05:30,516.15,517.2,515.5,517.2,552,0
2026-06-09T14:15:00+05:30,517.2,517.9,515.95,517.5,5998,0
2026-06-09T14:30:00+05:30,517.55,518.7,511.85,516.5,33223,0
2026-06-09T14:45:00+05:30,516.4,518.5,516.2,517.6,5273,0
2026-06-09T15:00:00+05:30,517.7,518.0,516.0,517.45,3867,0
2026-06-09T15:15:00+05:30,517.5,521.0,517.5,519.0,24683,0
2026-06-10T09:15:00+05:30,524.45,524.45,507.85,509.6,21924,0
2026-06-10T09:30:00+05:30,510.35,512.25,508.25,511.7,9521,0
2026-06-10T09:45:00+05:30,512.05,515.8,512.0,512.9,4940,0
2026-06-10T10:00:00+05:30,513.1,513.7,510.25,511.55,3515,0
2026-06-10T10:15:00+05:30,511.0,513.7,511.0,512.25,3485,0
2026-06-10T10:30:00+05:30,512.25,514.45,510.15,510.95,9259,0
2026-06-10T10:45:00+05:30,511.25,512.35,509.05,510.0,4258,0
2026-06-10T11:00:00+05:30,509.9,511.05,508.25,509.1,9308,0
2026-06-10T11:15:00+05:30,508.9,509.2,505.0,506.3,15352,0
2026-06-10T11:30:00+05:30,506.3,507.0,502.1,502.5,19493,0
2026-06-10T11:45:00+05:30,502.5,503.0,500.1,503.0,17611,0
2026-06-10T12:00:00+05:30,503.6,504.0,501.5,501.95,10085,0
2026-06-10T12:15:00+05:30,501.95,502.95,500.55,501.0,4907,0
2026-06-10T12:30:00+05:30,501.0,501.4,500.25,501.0,2196,0
2026-06-10T12:45:00+05:30,500.4,503.05,499.0,502.0,15445,0
2026-06-10T13:00:00+05:30,502.0,503.75,502.0,503.2,3427,0
2026-06-10T13:15:00+05:30,503.2,504.2,502.15,504.0,1772,0
2026-06-10T13:30:00+05:30,504.0,504.2,502.5,503.45,2779,0
2026-06-10T13:45:00+05:30,503.2,503.4,502.05,502.5,2322,0
2026-06-10T14:00:00+05:30,502.25,503.3,501.0,502.45,2467,0
2026-06-10T14:15:00+05:30,502.1,502.5,499.0,501.05,6370,0
2026-06-10T14:30:00+05:30,500.5,501.2,499.1,499.4,3221,0
2026-06-10T14:45:00+05:30,499.4,500.65,497.8,498.6,6679,0
2026-06-10T15:00:00+05:30,498.7,501.65,496.0,496.0,19262,0
2026-06-10T15:15:00+05:30,496.05,498.7,494.5,498.0,20864,0
2026-06-11T09:15:00+05:30,498.0,509.0,492.35,506.3,22827,0
2026-06-11T09:30:00+05:30,506.2,507.75,502.25,505.15,9448,0
2026-06-11T09:45:00+05:30,505.3,505.3,500.0,500.95,6040,0
2026-06-11T10:00:00+05:30,501.0,503.5,498.3,501.65,11399,0
2026-06-11T10:15:00+05:30,501.05,503.5,499.2,501.0,6675,0
2026-06-11T10:30:00+05:30,500.9,505.1,500.7,501.45,9180,0
2026-06-11T10:45:00+05:30,501.45,501.95,495.7,498.95,10258,0
2026-06-11T11:00:00+05:30,498.85,500.1,497.45,499.8,2117,0
2026-06-11T11:15:00+05:30,499.95,502.7,499.5,501.2,1385,0
2026-06-11T11:30:00+05:30,501.1,502.35,498.9,499.65,4185,0
2026-06-11T11:45:00+05:30,499.65,502.05,499.4,500.5,2848,0
2026-06-11T12:00:00+05:30,500.65,500.65,498.0,498.9,2044,0
2026-06-11T12:15:00+05:30,499.4,500.2,498.05,498.05,1108,0
2026-06-11T12:30:00+05:30,498.0,499.75,498.0,498.1,897,0
2026-06-11T12:45:00+05:30,498.15,505.5,498.15,504.2,16602,0
2026-06-11T13:00:00+05:30,504.3,507.0,503.5,505.4,5799,0
2026-06-11T13:15:00+05:30,505.05,505.05,501.55,501.55,4657,0
2026-06-11T13:30:00+05:30,501.95,502.85,501.4,501.4,791,0
2026-06-11T13:45:00+05:30,501.3,502.2,498.6,501.65,8507,0
2026-06-11T14:00:00+05:30,501.65,502.0,499.6,500.8,1685,0
2026-06-11T14:15:00+05:30,500.25,503.3,499.8,503.3,1301,0
2026-06-11T14:30:00+05:30,503.3,504.6,501.65,501.85,2018,0
2026-06-11T14:45:00+05:30,502.4,505.2,501.05,504.3,11996,0
2026-06-11T15:00:00+05:30,504.15,504.55,502.0,503.0,10254,0
2026-06-11T15:15:00+05:30,502.4,505.5,502.0,504.0,11847,0
2026-06-12T09:15:00+05:30,505.3,512.0,502.0,503.25,21184,0
2026-06-12T09:30:00+05:30,502.7,503.6,496.55,497.8,22029,0
2026-06-12T09:45:00+05:30,497.4,497.4,495.2,496.6,8557,0
2026-06-12T10:00:00+05:30,496.6,496.6,493.0,493.85,10219,0
2026-06-12T10:15:00+05:30,493.85,495.6,492.3,495.35,4623,0
2026-06-12T10:30:00+05:30,495.35,495.95,490.6,490.7,12663,0
2026-06-12T10:45:00+05:30,490.8,491.1,487.45,490.95,12745,0
2026-06-12T11:00:00+05:30,490.65,490.75,487.6,488.85,13658,0
2026-06-12T11:15:00+05:30,488.8,489.95,488.75,489.65,1208,0
2026-06-12T11:30:00+05:30,489.2,489.75,488.05,488.7,3008,0
2026-06-12T11:45:00+05:30,488.7,489.2,488.2,488.8,1176,0
2026-06-12T12:00:00+05:30,488.75,489.35,486.5,487.35,7300,0
2026-06-12T12:15:00+05:30,487.05,487.65,486.4,487.0,2456,0
2026-06-12T12:30:00+05:30,487.15,490.25,486.75,488.65,6576,0
2026-06-12T12:45:00+05:30,488.0,488.55,487.5,488.5,1224,0
2026-06-12T13:00:00+05:30,488.0,489.55,488.0,489.0,773,0
2026-06-12T13:15:00+05:30,489.0,492.9,488.5,491.95,4447,0
2026-06-12T13:30:00+05:30,491.45,494.0,491.15,493.45,6055,0
2026-06-12T13:45:00+05:30,493.65,494.15,492.8,493.5,3489,0
2026-06-12T14:00:00+05:30,493.5,494.45,491.75,492.0,5370,0
2026-06-12T14:15:00+05:30,492.5,494.0,490.7,493.0,13100,0
2026-06-12T14:30:00+05:30,493.0,495.0,491.05,493.8,10939,0
2026-06-12T14:45:00+05:30,493.8,496.0,491.55,496.0,10258,0
2026-06-12T15:00:00+05:30,494.9,496.3,493.05,495.5,9931,0
2026-06-12T15:15:00+05:30,495.0,496.6,493.5,493.7,20718,0
2026-06-15T09:15:00+05:30,500.2,500.5,485.65,488.45,33330,0
2026-06-15T09:30:00+05:30,489.45,497.55,489.0,494.8,22499,0
2026-06-15T09:45:00+05:30,495.1,496.9,493.45,493.7,9802,0
2026-06-15T10:00:00+05:30,493.75,495.7,492.05,492.05,7529,0
2026-06-15T10:15:00+05:30,492.65,497.75,491.6,496.75,8842,0
2026-06-15T10:30:00+05:30,496.75,501.0,496.75,500.5,16040,0
2026-06-15T10:45:00+05:30,500.5,504.15,500.1,502.5,14979,0
2026-06-15T11:00:00+05:30,503.0,505.2,502.0,504.0,8010,0
2026-06-15T11:15:00+05:30,503.85,506.6,503.0,504.05,9366,0
2026-06-15T11:30:00+05:30,504.75,505.0,502.5,504.2,11274,0
2026-06-15T11:45:00+05:30,503.65,504.8,502.55,503.45,2390,0
2026-06-15T12:00:00+05:30,503.45,503.95,501.3,502.75,7409,0
2026-06-15T12:15:00+05:30,502.4,503.5,501.0,502.35,6384,0
2026-06-15T12:30:00+05:30,502.9,503.2,501.65,503.0,1905,0
2026-06-15T12:45:00+05:30,503.0,503.6,502.4,502.7,1039,0
2026-06-15T13:00:00+05:30,502.7,503.1,499.65,499.65,6324,0
2026-06-15T13:15:00+05:30,500.0,502.0,499.6,502.0,2725,0
2026-06-15T13:30:00+05:30,502.0,502.0,499.8,500.1,1609,0
2026-06-15T13:45:00+05:30,500.65,501.15,499.8,501.15,2626,0
2026-06-15T14:00:00+05:30,501.4,505.1,500.1,503.3,8448,0
2026-06-15T14:15:00+05:30,503.3,504.1,502.45,502.85,5780,0
2026-06-15T14:30:00+05:30,502.85,509.0,502.05,506.45,14205,0
2026-06-15T14:45:00+05:30,506.0,506.55,504.3,505.55,7031,0
2026-06-15T15:00:00+05:30,504.9,506.25,501.35,501.8,10981,0
2026-06-15T15:15:00+05:30,501.75,509.8,501.75,506.6,24664,0
2026-06-16T09:15:00+05:30,508.4,508.4,500.0,500.9,25826,0
2026-06-16T09:30:00+05:30,501.4,502.1,494.6,494.9,9607,0
2026-06-16T09:45:00+05:30,495.0,497.7,492.0,492.25,16284,0
2026-06-16T10:00:00+05:30,492.0,493.7,488.35,489.2,8472,0
2026-06-16T10:15:00+05:30,489.7,491.5,488.3,489.9,21028,0
2026-06-16T10:30:00+05:30,489.7,492.5,488.05,491.25,13507,0
2026-06-16T10:45:00+05:30,490.6,493.45,490.0,490.2,11558,0
2026-06-16T11:00:00+05:30,490.6,491.05,489.15,490.6,3867,0
2026-06-16T11:15:00+05:30,490.2,493.5,490.2,493.0,4422,0
2026-06-16T11:30:00+05:30,492.7,494.05,491.3,491.6,8673,0
2026-06-16T11:45:00+05:30,491.5,493.7,490.9,493.0,4423,0
2026-06-16T12:00:00+05:30,493.0,493.35,492.05,493.0,1048,0
2026-06-16T12:15:00+05:30,493.0,493.0,490.45,492.6,2005,0
2026-06-16T12:30:00+05:30,492.05,492.8,490.9,491.75,1641,0
2026-06-16T12:45:00+05:30,491.75,492.0,490.65,492.0,766,0
2026-06-16T13:00:00+05:30,492.0,496.75,490.9,495.9,6431,0
2026-06-16T13:15:00+05:30,496.15,497.6,496.0,496.8,3788,0
2026-06-16T13:30:00+05:30,497.3,497.4,495.3,496.0,3356,0
2026-06-16T13:45:00+05:30,496.05,496.05,494.75,495.0,776,0
2026-06-16T14:00:00+05:30,495.55,496.1,495.0,496.1,1010,0
2026-06-16T14:15:00+05:30,496.1,496.6,495.0,496.3,5991,0
2026-06-16T14:30:00+05:30,496.55,497.0,495.1,495.6,4048,0
2026-06-16T14:45:00+05:30,495.45,497.0,495.45,496.6,7999,0
2026-06-16T15:00:00+05:30,496.1,496.95,494.0,494.05,15367,0
2026-06-16T15:15:00+05:30,494.15,496.8,493.0,493.0,15277,0
2026-06-17T09:15:00+05:30,497.9,497.9,491.65,494.25,6045,0
2026-06-17T09:30:00+05:30,495.05,496.2,493.95,495.7,3507,0
2026-06-17T09:45:00+05:30,495.65,495.65,494.0,494.0,7474,0
2026-06-17T10:00:00+05:30,494.35,495.1,492.05,493.5,2006,0
2026-06-17T10:15:00+05:30,493.5,494.0,493.0,493.0,1405,0
2026-06-17T10:30:00+05:30,493.0,493.35,492.0,492.0,1080,0
2026-06-17T10:45:00+05:30,492.0,492.65,490.35,490.35,1415,0
2026-06-17T11:00:00+05:30,490.35,492.05,490.2,491.9,3515,0
2026-06-17T11:15:00+05:30,491.85,493.0,491.85,493.0,2996,0
2026-06-17T11:30:00+05:30,492.5,494.0,492.4,493.0,3229,0
2026-06-17T11:45:00+05:30,492.7,493.0,491.5,491.5,2088,0
2026-06-17T12:00:00+05:30,491.5,492.2,490.2,490.4,4143,0
2026-06-17T12:15:00+05:30,490.45,491.45,490.0,490.95,2633,0
2026-06-17T12:30:00+05:30,490.8,490.8,488.6,489.2,5384,0
2026-06-17T12:45:00+05:30,489.0,491.2,489.0,490.0,1179,0
2026-06-17T13:00:00+05:30,490.0,490.9,489.3,490.15,1100,0
2026-06-17T13:15:00+05:30,490.25,492.0,489.4,489.8,2985,0
2026-06-17T13:30:00+05:30,490.15,490.85,489.65,490.55,737,0
2026-06-17T13:45:00+05:30,490.55,490.55,488.55,488.65,5316,0
2026-06-17T14:00:00+05:30,488.65,490.45,487.25,490.45,5359,0
2026-06-17T14:15:00+05:30,490.45,492.6,489.3,492.0,6759,0
2026-06-17T14:30:00+05:30,492.0,492.15,490.2,490.9,5963,0
2026-06-17T14:45:00+05:30,490.9,491.85,490.55,491.45,1977,0
2026-06-17T15:00:00+05:30,491.5,492.7,489.5,490.0,8289,0
2026-06-17T15:15:00+05:30,490.0,497.0,489.3,496.2,38824,0
2026-06-18T09:15:00+05:30,496.0,504.9,493.1,502.0,21661,0
2026-06-18T09:30:00+05:30,501.9,502.45,498.1,501.95,4323,0
2026-06-18T09:45:00+05:30,501.9,501.95,498.3,500.1,6555,0
2026-06-18T10:00:00+05:30,499.75,501.0,498.0,499.85,7783,0
2026-06-18T10:15:00+05:30,499.85,503.3,498.25,501.95,7293,0
2026-06-18T10:30:00+05:30,501.8,502.4,498.8,500.0,12223,0
2026-06-18T10:45:00+05:30,500.0,500.0,498.5,498.5,2799,0
2026-06-18T11:00:00+05:30,498.25,498.35,495.3,495.8,5530,0
2026-06-18T11:15:00+05:30,495.45,496.55,495.05,496.35,2785,0
2026-06-18T11:30:00+05:30,496.3,496.4,495.05,495.2,2249,0
2026-06-18T11:45:00+05:30,495.05,496.0,493.7,496.0,3995,0
2026-06-18T12:00:00+05:30,496.0,496.0,494.1,494.1,3457,0
2026-06-18T12:15:00+05:30,494.1,494.55,493.1,493.5,2187,0
2026-06-18T12:30:00+05:30,493.5,495.0,493.05,493.65,1007,0
2026-06-18T12:45:00+05:30,493.65,494.7,493.05,494.45,1845,0
2026-06-18T13:00:00+05:30,494.45,494.45,494.0,494.0,1377,0
2026-06-18T13:15:00+05:30,494.0,494.15,493.6,493.75,850,0
2026-06-18T13:30:00+05:30,493.95,495.0,491.55,492.9,7507,0
2026-06-18T13:45:00+05:30,492.9,492.9,491.95,492.0,1382,0
2026-06-18T14:00:00+05:30,492.0,492.4,491.1,491.4,2103,0
2026-06-18T14:15:00+05:30,491.75,495.15,491.5,494.3,9188,0
2026-06-18T14:30:00+05:30,494.6,495.7,494.0,495.0,2655,0
2026-06-18T14:45:00+05:30,495.0,496.0,495.0,495.25,11238,0
2026-06-18T15:00:00+05:30,495.0,496.0,491.45,492.9,9976,0
2026-06-18T15:15:00+05:30,492.65,492.9,490.2,492.0,14920,0
2026-06-19T09:15:00+05:30,492.0,492.4,488.6,488.6,6546,0
2026-06-19T09:30:00+05:30,488.85,492.25,488.15,489.95,8133,0
2026-06-19T09:45:00+05:30,489.35,492.85,488.65,490.05,7450,0
2026-06-19T10:00:00+05:30,490.1,490.95,489.3,489.5,3007,0
2026-06-19T10:15:00+05:30,489.55,490.45,488.0,488.4,5356,0
2026-06-19T10:30:00+05:30,488.4,489.15,488.0,488.7,1698,0
2026-06-19T10:45:00+05:30,488.65,490.4,488.4,489.1,2849,0
2026-06-19T11:00:00+05:30,489.1,489.25,488.0,488.65,2501,0
2026-06-19T11:15:00+05:30,488.65,492.0,487.2,492.0,13268,0
2026-06-19T11:30:00+05:30,492.1,496.0,491.55,495.0,10451,0
2026-06-19T11:45:00+05:30,494.7,495.25,491.8,492.05,2914,0
2026-06-19T12:00:00+05:30,492.05,492.9,491.75,492.85,1096,0
2026-06-19T12:15:00+05:30,492.85,493.35,492.7,493.35,290,0
2026-06-19T12:30:00+05:30,493.35,493.35,492.0,492.25,3612,0
2026-06-19T12:45:00+05:30,492.25,494.2,489.65,492.7,11588,0
2026-06-19T13:00:00+05:30,491.45,492.0,487.0,488.95,8150,0
2026-06-19T13:15:00+05:30,489.4,489.4,488.0,488.0,1813,0
2026-06-19T13:30:00+05:30,488.0,489.95,488.0,488.6,1477,0
2026-06-19T13:45:00+05:30,488.6,489.8,488.6,489.55,371,0
2026-06-19T14:00:00+05:30,489.55,489.55,488.8,488.85,907,0
2026-06-19T14:15:00+05:30,488.95,488.95,484.15,485.3,18852,0
2026-06-19T14:30:00+05:30,485.0,488.2,484.1,485.7,9270,0
2026-06-19T14:45:00+05:30,486.05,487.25,483.3,484.3,16081,0
2026-06-19T15:00:00+05:30,484.5,488.0,484.0,486.9,11208,0
2026-06-19T15:15:00+05:30,486.0,488.9,485.3,487.0,20471,0
2026-06-22T09:15:00+05:30,493.0,503.65,490.2,496.0,72688,0
2026-06-22T09:30:00+05:30,495.3,497.0,491.5,491.55,6249,0
2026-06-22T09:45:00+05:30,492.1,494.5,490.5,493.8,11771,0
2026-06-22T10:00:00+05:30,493.9,494.2,492.0,493.9,7826,0
2026-06-22T10:15:00+05:30,493.4,493.9,490.0,490.8,15968,0
2026-06-22T10:30:00+05:30,491.05,492.0,489.1,492.0,8280,0
2026-06-22T10:45:00+05:30,492.0,492.95,491.3,492.5,3506,0
2026-06-22T11:00:00+05:30,492.4,492.45,491.0,491.65,1811,0
2026-06-22T11:15:00+05:30,492.25,492.5,490.15,491.65,5824,0
2026-06-22T11:30:00+05:30,491.55,491.55,490.5,491.0,800,0
2026-06-22T11:45:00+05:30,491.0,491.15,489.65,489.95,4636,0
2026-06-22T12:00:00+05:30,489.95,491.0,489.8,490.9,2631,0
2026-06-22T12:15:00+05:30,490.9,491.05,490.3,490.45,1028,0
2026-06-22T12:30:00+05:30,490.45,491.05,490.15,490.9,2624,0
2026-06-22T12:45:00+05:30,490.9,492.0,490.85,491.05,1495,0
2026-06-22T13:00:00+05:30,491.05,491.5,490.35,490.65,2254,0
2026-06-22T13:15:00+05:30,490.65,491.65,490.5,491.5,1239,0
2026-06-22T13:30:00+05:30,491.0,491.3,490.8,491.2,2568,0
2026-06-22T13:45:00+05:30,491.2,493.95,490.55,492.0,11806,0
2026-06-22T14:00:00+05:30,492.25,494.7,491.8,492.2,6324,0
2026-06-22T14:15:00+05:30,492.05,492.05,490.6,491.35,2178,0
2026-06-22T14:30:00+05:30,490.85,491.35,490.05,491.0,4446,0
2026-06-22T14:45:00+05:30,491.0,494.65,490.45,491.2,9846,0
2026-06-22T15:00:00+05:30,491.55,491.55,490.1,490.7,4727,0
2026-06-22T15:15:00+05:30,491.1,491.5,490.5,490.7,13352,0
2026-06-23T09:15:00+05:30,495.1,495.1,485.55,487.85,21229,0
2026-06-23T09:30:00+05:30,487.65,489.0,487.0,488.95,4300,0
2026-06-23T09:45:00+05:30,488.5,489.0,487.3,487.7,2366,0
2026-06-23T10:00:00+05:30,487.7,487.85,486.8,487.3,1347,0
2026-06-23T10:15:00+05:30,487.25,487.3,485.3,486.45,4371,0
2026-06-23T10:30:00+05:30,485.9,486.15,485.3,485.55,2321,0
2026-06-23T10:45:00+05:30,486.05,486.65,485.4,486.1,3271,0
2026-06-23T11:00:00+05:30,486.05,486.7,485.5,485.95,522,0
2026-06-23T11:15:00+05:30,485.8,486.35,481.95,482.0,19959,0
2026-06-23T11:30:00+05:30,482.0,483.05,480.0,480.25,7967,0
2026-06-23T11:45:00+05:30,480.6,480.6,478.1,479.05,8255,0
2026-06-23T12:00:00+05:30,478.9,479.85,477.0,478.7,6454,0
2026-06-23T12:15:00+05:30,478.7,478.75,477.0,478.5,2594,0
2026-06-23T12:30:00+05:30,478.5,481.8,477.0,481.75,8587,0
2026-06-23T12:45:00+05:30,481.75,482.4,480.0,482.2,7281,0
2026-06-23T13:00:00+05:30,482.2,482.2,481.0,481.2,4014,0
2026-06-23T13:15:00+05:30,481.1,481.2,479.2,479.35,2371,0
2026-06-23T13:30:00+05:30,479.35,480.2,479.0,479.5,6972,0
2026-06-23T13:45:00+05:30,479.5,481.65,479.3,480.3,18227,0
2026-06-23T14:00:00+05:30,480.3,485.0,480.3,484.0,9459,0
2026-06-23T14:15:00+05:30,484.0,485.2,484.0,484.5,3221,0
2026-06-23T14:30:00+05:30,484.5,485.0,483.0,484.4,3287,0
2026-06-23T14:45:00+05:30,484.4,485.35,484.15,484.15,2338,0
2026-06-23T15:00:00+05:30,484.15,484.15,482.45,483.2,2105,0
2026-06-23T15:15:00+05:30,483.25,484.8,478.65,479.9,16064,0
2026-06-24T09:15:00+05:30,480.5,484.95,480.5,481.5,9085,0
2026-06-24T09:30:00+05:30,481.45,481.45,479.85,480.55,4116,0
2026-06-24T09:45:00+05:30,480.55,481.55,476.3,481.55,11756,0
2026-06-24T10:00:00+05:30,481.85,488.0,481.6,485.4,11675,0
2026-06-24T10:15:00+05:30,485.4,486.5,481.3,482.1,5074,0
2026-06-24T10:30:00+05:30,482.6,483.35,482.2,482.6,1505,0
2026-06-24T10:45:00+05:30,482.6,483.35,482.3,482.75,1178,0
2026-06-24T11:00:00+05:30,482.8,484.45,482.15,483.65,1618,0
2026-06-24T11:15:00+05:30,483.65,483.65,481.95,482.45,1815,0
2026-06-24T11:30:00+05:30,482.5,482.95,481.3,481.3,787,0
2026-06-24T11:45:00+05:30,482.15,482.45,481.0,482.45,2629,0
2026-06-24T12:00:00+05:30,482.1,482.1,480.65,481.55,968,0
2026-06-24T12:15:00+05:30,481.55,481.55,480.05,481.25,836,0
2026-06-24T12:30:00+05:30,480.5,481.15,479.4,479.65,2313,0
2026-06-24T12:45:00+05:30,480.25,481.4,480.25,481.1,756,0
2026-06-24T13:00:00+05:30,481.1,481.2,480.3,480.3,560,0
2026-06-24T13:15:00+05:30,480.3,482.45,480.3,482.2,2262,0
2026-06-24T13:30:00+05:30,482.0,482.0,481.3,481.35,247,0
2026-06-24T13:45:00+05:30,481.35,481.9,480.55,481.2,1173,0
2026-06-24T14:00:00+05:30,481.5,481.9,480.6,481.1,1528,0
2026-06-24T14:15:00+05:30,481.45,483.5,480.9,483.1,2975,0
2026-06-24T14:30:00+05:30,483.15,485.1,481.25,484.9,5202,0
2026-06-24T14:45:00+05:30,485.6,485.7,484.6,484.6,1671,0
2026-06-24T15:00:00+05:30,485.05,485.2,482.5,484.15,10242,0
2026-06-24T15:15:00+05:30,484.2,487.9,484.2,486.0,11768,0
2026-06-25T09:15:00+05:30,485.1,488.0,480.95,481.8,6612,0
2026-06-25T09:30:00+05:30,482.25,483.6,480.35,481.9,5362,0
2026-06-25T09:45:00+05:30,481.9,483.05,480.8,480.8,3107,0
2026-06-25T10:00:00+05:30,480.8,481.5,480.0,480.55,2299,0
2026-06-25T10:15:00+05:30,480.05,480.55,478.15,479.05,3146,0
2026-06-25T10:30:00+05:30,479.55,480.45,478.85,480.0,1078,0
2026-06-25T10:45:00+05:30,479.55,480.2,478.65,479.0,1724,0
2026-06-25T11:00:00+05:30,479.0,479.7,476.0,476.4,6161,0
2026-06-25T11:15:00+05:30,476.35,479.05,476.05,478.0,6573,0
2026-06-25T11:30:00+05:30,479.0,479.2,477.35,478.9,1967,0
2026-06-25T11:45:00+05:30,478.85,479.15,477.9,479.15,1606,0
2026-06-25T12:00:00+05:30,478.45,479.0,478.0,478.05,1085,0
2026-06-25T12:15:00+05:30,478.0,478.0,475.8,476.0,7508,0
2026-06-25T12:30:00+05:30,476.0,476.6,475.2,475.7,3628,0
2026-06-25T12:45:00+05:30,476.2,476.9,475.6,475.6,2106,0
2026-06-25T13:00:00+05:30,475.6,475.6,473.4,473.5,6792,0
2026-06-25T13:15:00+05:30,473.5,474.7,473.4,474.7,1987,0
2026-06-25T13:30:00+05:30,474.7,474.7,473.95,474.5,1501,0
2026-06-25T13:45:00+05:30,474.8,477.45,473.85,473.85,10928,0
2026-06-25T14:00:00+05:30,474.45,474.5,473.5,473.5,2632,0
2026-06-25T14:15:00+05:30,473.5,473.85,472.6,473.3,2632,0
2026-06-25T14:30:00+05:30,473.3,475.7,473.2,473.65,3594,0
2026-06-25T14:45:00+05:30,473.75,475.6,473.25,473.5,2210,0
2026-06-25T15:00:00+05:30,474.3,480.55,473.2,474.0,17569,0
2026-06-25T15:15:00+05:30,474.05,475.1,471.0,471.25,16865,0
2026-06-29T09:15:00+05:30,474.4,477.6,470.0,472.5,10092,0
2026-06-29T09:30:00+05:30,472.75,473.95,471.8,473.0,1378,0
2026-06-29T09:45:00+05:30,473.0,473.0,467.65,468.4,11269,0
2026-06-29T10:00:00+05:30,467.6,468.6,467.35,468.5,3296,0
2026-06-29T10:15:00+05:30,468.35,468.9,467.4,468.15,1481,0
2026-06-29T10:30:00+05:30,468.2,469.05,467.45,467.45,2219,0
2026-06-29T10:45:00+05:30,467.45,467.7,465.0,466.7,9045,0
2026-06-29T11:00:00+05:30,466.7,466.8,465.3,465.45,943,0
2026-06-29T11:15:00+05:30,465.8,465.85,464.2,464.4,2984,0
2026-06-29T11:30:00+05:30,464.4,465.2,464.4,464.55,1458,0
2026-06-29T11:45:00+05:30,464.55,464.6,462.0,462.0,4822,0
2026-06-29T12:00:00+05:30,462.0,462.3,460.5,461.7,3951,0
2026-06-29T12:15:00+05:30,461.2,461.9,460.3,460.6,5746,0
2026-06-29T12:30:00+05:30,460.7,460.7,458.5,458.85,8904,0
2026-06-29T12:45:00+05:30,458.9,460.0,458.85,459.1,3470,0
2026-06-29T13:00:00+05:30,459.15,461.5,458.95,460.2,3843,0
2026-06-29T13:15:00+05:30,460.3,460.3,458.8,459.2,2638,0
2026-06-29T13:30:00+05:30,459.1,461.6,458.65,461.0,2391,0
2026-06-29T13:45:00+05:30,461.0,462.3,459.35,460.7,2336,0
2026-06-29T14:00:00+05:30,460.7,462.5,460.7,462.45,2652,0
2026-06-29T14:15:00+05:30,462.4,462.75,461.15,461.25,1701,0
2026-06-29T14:30:00+05:30,461.95,464.0,461.95,463.75,3586,0
2026-06-29T14:45:00+05:30,463.8,464.0,461.3,461.3,3773,0
2026-06-29T15:00:00+05:30,461.9,464.0,461.15,461.45,4780,0
2026-06-29T15:15:00+05:30,461.35,464.0,460.7,464.0,10486,0
2026-06-30T09:15:00+05:30,465.0,465.8,459.6,461.05,6127,0
2026-06-30T09:30:00+05:30,461.55,461.55,457.0,457.3,10120,0
2026-06-30T09:45:00+05:30,457.35,459.0,456.5,458.7,3334,0
2026-06-30T10:00:00+05:30,458.7,459.85,456.5,456.9,6399,0
2026-06-30T10:15:00+05:30,456.9,458.0,456.5,456.8,2570,0
2026-06-30T10:30:00+05:30,457.85,457.95,456.85,457.1,1955,0
2026-06-30T10:45:00+05:30,457.45,457.85,456.7,456.7,1395,0
2026-06-30T11:00:00+05:30,456.8,458.3,456.8,458.1,1811,0
2026-06-30T11:15:00+05:30,457.35,459.8,457.15,457.8,2827,0
2026-06-30T11:30:00+05:30,457.8,458.3,457.25,457.75,351,0
2026-06-30T11:45:00+05:30,457.75,457.8,457.15,457.75,326,0
2026-06-30T12:00:00+05:30,457.2,458.7,457.2,458.7,2925,0
2026-06-30T12:15:00+05:30,458.55,459.95,458.0,459.95,2343,0
2026-06-30T12:30:00+05:30,459.95,459.95,456.55,457.15,3738,0
2026-06-30T12:45:00+05:30,457.15,457.55,456.25,456.35,4691,0
2026-06-30T13:00:00+05:30,456.95,457.0,455.4,455.75,1678,0
2026-06-30T13:15:00+05:30,455.4,457.2,455.4,456.35,25229,0
2026-06-30T13:30:00+05:30,456.35,457.7,456.35,457.0,2336,0
2026-06-30T13:45:00+05:30,457.0,457.35,455.85,457.35,6074,0
2026-06-30T14:00:00+05:30,457.25,457.25,456.25,456.25,473,0
2026-06-30T14:15:00+05:30,456.8,456.95,455.4,455.95,6486,0
2026-06-30T14:30:00+05:30,455.95,456.0,455.4,455.95,5559,0
2026-06-30T14:45:00+05:30,455.75,456.5,455.45,455.8,8502,0
2026-06-30T15:00:00+05:30,455.75,455.75,454.0,454.75,9813,0
2026-06-30T15:15:00+05:30,454.2,455.0,453.0,454.5,8196,0
2026-07-01T09:15:00+05:30,454.5,463.5,454.5,461.05,17537,0
2026-07-01T09:30:00+05:30,460.8,461.45,458.65,458.95,3005,0
2026-07-01T09:45:00+05:30,458.65,459.6,458.0,459.3,3097,0
2026-07-01T10:00:00+05:30,459.15,459.4,457.4,457.4,3207,0
2026-07-01T10:15:00+05:30,458.55,459.1,457.0,457.6,2789,0
2026-07-01T10:30:00+05:30,457.65,458.6,456.35,457.4,1548,0
2026-07-01T10:45:00+05:30,457.4,459.0,456.9,458.35,3269,0
2026-07-01T11:00:00+05:30,458.35,459.0,457.95,458.4,472,0
2026-07-01T11:15:00+05:30,458.35,459.3,458.0,458.5,311,0
2026-07-01T11:30:00+05:30,458.5,459.45,458.3,459.0,1248,0
2026-07-01T11:45:00+05:30,459.0,459.0,457.3,458.05,1024,0
2026-07-01T12:00:00+05:30,458.0,458.5,455.9,455.9,2124,0
2026-07-01T12:15:00+05:30,455.9,455.95,453.8,453.8,8038,0
2026-07-01T12:30:00+05:30,453.8,455.3,453.8,455.0,1259,0
2026-07-01T12:45:00+05:30,455.0,455.9,454.0,455.45,4543,0
2026-07-01T13:00:00+05:30,455.3,455.3,453.95,454.0,7763,0
2026-07-01T13:15:00+05:30,454.0,455.2,454.0,454.85,1174,0
2026-07-01T13:30:00+05:30,454.25,454.85,454.15,454.85,123,0
2026-07-01T13:45:00+05:30,454.5,454.95,453.6,454.95,3798,0
2026-07-01T14:00:00+05:30,454.95,456.7,454.85,456.7,1276,0
2026-07-01T14:15:00+05:30,456.55,456.95,455.35,455.8,1235,0
2026-07-01T14:30:00+05:30,455.8,456.65,455.15,455.5,5853,0
2026-07-01T14:45:00+05:30,456.05,456.6,455.4,456.45,1290,0
2026-07-01T15:00:00+05:30,456.45,456.8,455.5,455.55,4624,0
2026-07-01T15:15:00+05:30,456.15,456.15,453.0,454.65,8588,0
2026-07-02T09:15:00+05:30,454.0,457.7,449.95,450.25,16367,0
2026-07-02T09:30:00+05:30,450.85,453.95,450.85,451.8,7211,0
2026-07-02T09:45:00+05:30,452.4,453.6,451.55,452.1,3256,0
2026-07-02T10:00:00+05:30,452.1,453.95,451.05,453.3,5576,0
2026-07-02T10:15:00+05:30,453.05,455.6,451.0,452.9,11872,0
2026-07-02T10:30:00+05:30,452.9,454.45,452.8,452.8,2021,0
2026-07-02T10:45:00+05:30,453.7,453.7,452.55,453.4,703,0
2026-07-02T11:00:00+05:30,453.4,454.65,452.0,452.25,3992,0
2026-07-02T11:15:00+05:30,452.25,452.5,450.05,450.8,4811,0
2026-07-02T11:30:00+05:30,451.0,451.05,448.2,449.5,7546,0
2026-07-02T11:45:00+05:30,449.5,452.95,449.5,452.95,3391,0
2026-07-02T12:00:00+05:30,452.05,452.5,451.85,452.4,71,0
2026-07-02T12:15:00+05:30,452.4,452.75,451.7,452.75,763,0
2026-07-02T12:30:00+05:30,452.75,452.75,451.7,452.65,395,0
2026-07-02T12:45:00+05:30,452.65,453.15,451.7,451.7,1520,0
2026-07-02T13:00:00+05:30,451.7,451.95,450.4,450.4,3371,0
2026-07-02T13:15:00+05:30,450.4,452.8,450.0,452.4,6553,0
2026-07-02T13:30:00+05:30,452.0,452.95,451.35,452.45,256,0
2026-07-02T13:45:00+05:30,452.45,453.0,451.65,452.0,2403,0
2026-07-02T14:00:00+05:30,452.0,452.65,451.5,452.0,2290,0
2026-07-02T14:15:00+05:30,452.0,452.75,451.65,451.65,1681,0
2026-07-02T14:30:00+05:30,452.0,452.7,451.4,451.75,1188,0
2026-07-02T14:45:00+05:30,451.5,454.9,451.0,454.0,7142,0
2026-07-02T15:00:00+05:30,454.0,454.95,451.0,453.0,21166,0
2026-07-02T15:15:00+05:30,453.0,461.25,450.95,460.0,24528,0
2026-07-03T09:15:00+05:30,455.0,463.0,453.55,454.4,24247,0
2026-07-03T09:30:00+05:30,454.4,455.0,452.5,452.6,9413,0
2026-07-03T09:45:00+05:30,452.5,453.2,451.5,452.45,5997,0
2026-07-03T10:00:00+05:30,452.05,459.3,452.0,458.5,8394,0
2026-07-03T10:15:00+05:30,458.2,458.65,457.8,458.0,596,0
2026-07-03T10:30:00+05:30,458.0,459.05,457.5,458.6,1661,0
2026-07-03T10:45:00+05:30,458.6,460.85,458.4,459.0,6858,0
2026-07-03T11:00:00+05:30,459.4,460.5,458.75,458.75,3016,0
2026-07-03T11:15:00+05:30,458.7,461.25,457.35,460.3,6299,0
2026-07-03T11:30:00+05:30,460.4,461.25,459.2,459.25,5861,0
2026-07-03T11:45:00+05:30,458.8,459.95,457.8,459.7,2187,0
2026-07-03T12:00:00+05:30,459.7,460.25,456.55,457.0,4800,0
2026-07-03T12:15:00+05:30,456.7,457.0,455.0,455.55,2642,0
2026-07-03T12:30:00+05:30,455.6,455.75,453.85,453.85,1755,0
2026-07-03T12:45:00+05:30,454.45,455.6,454.45,455.05,190,0
2026-07-03T13:00:00+05:30,455.05,455.45,453.85,454.75,723,0
2026-07-03T13:15:00+05:30,454.5,455.05,454.1,454.55,930,0
2026-07-03T13:30:00+05:30,454.85,455.1,453.8,454.05,1193,0
2026-07-03T13:45:00+05:30,454.05,455.2,454.05,455.2,385,0
2026-07-03T14:00:00+05:30,455.2,456.35,454.0,454.0,4197,0
2026-07-03T14:15:00+05:30,454.4,458.05,454.4,456.55,7276,0
2026-07-03T14:30:00+05:30,456.4,461.45,455.8,461.0,16749,0
2026-07-03T14:45:00+05:30,461.0,464.9,460.2,460.7,14239,0
2026-07-03T15:00:00+05:30,461.0,463.5,461.0,461.85,4298,0
2026-07-03T15:15:00+05:30,461.8,464.9,461.5,464.0,26512,0
2026-07-06T09:15:00+05:30,465.25,469.2,462.05,465.05,17663,0
2026-07-06T09:30:00+05:30,464.45,467.0,464.45,466.1,8913,0
2026-07-06T09:45:00+05:30,466.8,467.15,463.65,464.85,8087,0
2026-07-06T10:00:00+05:30,464.85,464.95,462.85,462.85,3520,0
2026-07-06T10:15:00+05:30,462.5,465.2,461.2,461.8,13156,0
2026-07-06T10:30:00+05:30,462.7,463.95,461.95,461.95,4330,0
2026-07-06T10:45:00+05:30,461.95,463.05,461.3,461.6,3833,0
2026-07-06T11:00:00+05:30,461.6,462.7,461.3,461.3,1100,0
2026-07-06T11:15:00+05:30,462.2,462.25,456.65,459.0,16000,0
2026-07-06T11:30:00+05:30,459.0,459.7,457.1,457.7,2303,0
2026-07-06T11:45:00+05:30,457.85,460.7,457.55,460.5,2691,0
2026-07-06T12:00:00+05:30,460.2,461.2,459.55,460.6,2893,0
2026-07-06T12:15:00+05:30,460.6,461.95,460.6,461.8,1514,0
2026-07-06T12:30:00+05:30,461.85,463.5,461.85,462.3,1417,0
2026-07-06T12:45:00+05:30,462.25,462.65,461.5,462.05,2132,0
2026-07-06T13:00:00+05:30,462.05,462.9,462.05,462.6,123,0
2026-07-06T13:15:00+05:30,462.6,463.0,462.6,463.0,77,0
2026-07-06T13:30:00+05:30,463.0,463.75,462.0,462.05,951,0
2026-07-06T13:45:00+05:30,462.05,462.05,457.6,458.45,5431,0
2026-07-06T14:00:00+05:30,458.5,459.15,457.6,459.15,827,0
2026-07-06T14:15:00+05:30,459.15,459.2,458.1,458.95,427,0
2026-07-06T14:30:00+05:30,458.8,458.95,457.05,457.8,2202,0
2026-07-06T14:45:00+05:30,457.8,458.7,456.5,457.5,5313,0
2026-07-06T15:00:00+05:30,457.5,457.8,455.6,456.1,4265,0
2026-07-06T15:15:00+05:30,456.3,457.05,455.05,455.25,10857,0
2026-07-07T09:15:00+05:30,459.05,459.05,451.5,452.4,11368,0
2026-07-07T09:30:00+05:30,452.25,453.5,449.8,451.1,7686,0
2026-07-07T09:45:00+05:30,451.1,451.2,448.9,448.9,6981,0
2026-07-07T10:00:00+05:30,448.9,448.9,447.05,447.8,5192,0
2026-07-07T10:15:00+05:30,447.8,447.9,446.3,446.8,4175,0
2026-07-07T10:30:00+05:30,446.55,446.55,440.45,445.75,21043,0
2026-07-07T10:45:00+05:30,445.3,445.35,440.0,441.0,7358,0
2026-07-07T11:00:00+05:30,441.05,441.7,437.05,439.6,23815,0
2026-07-07T11:15:00+05:30,439.85,442.95,434.1,442.4,60779,0
2026-07-07T11:30:00+05:30,442.25,453.1,442.1,446.7,45646,0
2026-07-07T11:45:00+05:30,446.65,448.05,444.8,447.2,5701,0
2026-07-07T12:00:00+05:30,447.2,447.2,445.3,445.7,2905,0
2026-07-07T12:15:00+05:30,445.35,446.7,444.8,445.05,1518,0
2026-07-07T12:30:00+05:30,445.05,445.25,443.8,444.7,4255,0
2026-07-07T12:45:00+05:30,445.25,446.75,444.75,445.3,4802,0
2026-07-07T13:00:00+05:30,445.2,445.7,444.05,444.15,1195,0
2026-07-07T13:15:00+05:30,444.15,445.65,444.1,445.65,4550,0
2026-07-07T13:30:00+05:30,445.25,446.45,445.2,446.1,1072,0
2026-07-07T13:45:00+05:30,446.1,446.6,444.1,445.55,8719,0
2026-07-07T14:00:00+05:30,445.85,446.05,442.3,443.0,8694,0
2026-07-07T14:15:00+05:30,442.6,444.9,442.6,444.75,4211,0
2026-07-07T14:30:00+05:30,444.7,444.9,443.1,444.9,1151,0
2026-07-07T14:45:00+05:30,444.9,445.2,444.05,444.9,1044,0
2026-07-07T15:00:00+05:30,444.9,447.0,443.4,446.65,12046,0
2026-07-07T15:15:00+05:30,446.65,449.0,444.0,445.1,12482,0
2026-07-08T09:15:00+05:30,448.0,464.8,446.0,456.6,72372,0
2026-07-08T09:30:00+05:30,457.0,457.2,453.7,454.45,7853,0
2026-07-08T09:45:00+05:30,454.3,455.9,451.7,455.2,9078,0
2026-07-08T10:00:00+05:30,455.25,455.65,451.85,453.45,6594,0
2026-07-08T10:15:00+05:30,453.45,454.2,451.6,451.7,1343,0
2026-07-08T10:30:00+05:30,452.1,452.4,450.05,450.7,3414,0
2026-07-08T10:45:00+05:30,451.0,452.0,450.8,451.4,1126,0
2026-07-08T11:00:00+05:30,451.1,453.5,450.75,451.6,3279,0
2026-07-08T11:15:00+05:30,452.2,459.0,452.0,458.2,9904,0
2026-07-08T11:30:00+05:30,457.8,459.0,454.15,454.85,4015,0
2026-07-08T11:45:00+05:30,454.85,455.0,453.95,454.5,1000,0
2026-07-08T12:00:00+05:30,454.5,454.9,453.25,454.65,2926,0
2026-07-08T12:15:00+05:30,454.65,454.8,453.35,453.9,891,0
2026-07-08T12:30:00+05:30,453.9,454.15,452.05,452.35,1668,0
2026-07-08T12:45:00+05:30,452.55,454.0,452.55,453.75,365,0
2026-07-08T13:00:00+05:30,453.75,454.15,453.0,453.5,2219,0
2026-07-08T13:15:00+05:30,453.5,454.2,453.5,453.5,299,0
2026-07-08T13:30:00+05:30,453.5,455.0,453.5,454.0,2112,0
2026-07-08T13:45:00+05:30,454.0,454.1,449.0,449.0,6055,0
2026-07-08T14:00:00+05:30,448.85,450.65,446.05,448.6,12228,0
2026-07-08T14:15:00+05:30,448.6,451.0,448.05,449.6,3099,0
2026-07-08T14:30:00+05:30,450.05,452.0,449.05,450.0,20200,0
2026-07-08T14:45:00+05:30,449.75,449.75,446.45,448.45,13285,0
2026-07-08T15:00:00+05:30,448.15,450.7,448.05,449.9,7432,0
2026-07-08T15:15:00+05:30,449.85,452.5,448.3,452.5,16330,0
2026-07-09T09:15:00+05:30,450.15,456.45,450.15,453.95,7057,0
2026-07-09T09:30:00+05:30,453.4,457.3,453.05,457.3,2799,0
2026-07-09T09:45:00+05:30,456.55,460.0,455.65,458.7,8755,0
2026-07-09T10:00:00+05:30,458.35,458.6,455.35,458.55,8897,0
2026-07-09T10:15:00+05:30,458.45,459.95,456.1,456.1,2489,0
2026-07-09T10:30:00+05:30,457.1,459.45,456.3,457.85,8225,0
2026-07-09T10:45:00+05:30,458.25,458.25,455.55,457.0,4156,0
2026-07-09T11:00:00+05:30,456.25,459.95,456.0,458.5,9040,0
2026-07-09T11:15:00+05:30,458.3,460.45,457.0,460.0,9479,0
2026-07-09T11:30:00+05:30,460.65,462.5,459.6,460.5,7489,0
2026-07-09T11:45:00+05:30,460.85,461.65,460.05,461.65,1922,0
2026-07-09T12:00:00+05:30,461.65,464.95,460.5,463.0,26191,0
2026-07-09T12:15:00+05:30,463.0,468.8,463.0,466.25,21081,0
2026-07-09T12:30:00+05:30,466.75,467.3,462.95,463.75,44320,0
2026-07-09T12:45:00+05:30,463.75,463.95,462.2,463.0,3468,0
2026-07-09T13:00:00+05:30,463.0,463.0,462.25,462.55,1759,0
2026-07-09T13:15:00+05:30,462.55,463.15,462.0,463.15,2443,0
2026-07-09T13:30:00+05:30,463.15,463.35,460.5,460.5,3188,0
2026-07-09T13:45:00+05:30,460.5,460.75,458.0,458.45,4777,0
2026-07-09T14:00:00+05:30,459.0,459.5,457.1,458.1,2655,0
2026-07-09T14:15:00+05:30,458.45,458.45,456.5,456.5,1164,0
2026-07-09T14:30:00+05:30,456.5,456.7,454.45,454.65,5368,0
2026-07-09T14:45:00+05:30,454.65,456.1,454.35,456.1,3503,0
2026-07-09T15:00:00+05:30,455.75,455.75,453.0,454.1,9432,0
2026-07-09T15:15:00+05:30,454.1,455.0,452.75,453.45,10345,0
2026-07-10T09:15:00+05:30,464.95,464.95,456.0,459.55,9542,0
2026-07-10T09:30:00+05:30,459.3,459.55,457.0,457.1,3190,0
2026-07-10T09:45:00+05:30,457.95,458.65,456.5,458.65,4594,0
2026-07-10T10:00:00+05:30,457.9,461.65,457.9,460.9,3804,0
2026-07-10T10:15:00+05:30,461.4,464.45,461.4,462.0,9030,0
2026-07-10T10:30:00+05:30,462.0,462.95,460.25,460.25,3549,0
2026-07-10T10:45:00+05:30,460.25,461.0,459.2,459.2,1621,0
2026-07-10T11:00:00+05:30,459.2,460.0,459.15,459.9,784,0
2026-07-10T11:15:00+05:30,459.75,467.5,459.2,467.35,13306,0
2026-07-10T11:30:00+05:30,466.85,467.6,462.9,463.95,16216,0
2026-07-10T11:45:00+05:30,464.7,465.95,462.15,464.3,4167,0
2026-07-10T12:00:00+05:30,464.3,464.3,462.45,463.45,1145,0
2026-07-10T12:15:00+05:30,464.05,465.25,462.55,463.0,6235,0
2026-07-10T12:30:00+05:30,463.0,466.95,462.55,464.85,6025,0
2026-07-10T12:45:00+05:30,465.65,466.7,464.0,465.2,2219,0
2026-07-10T13:00:00+05:30,465.2,465.3,462.75,463.1,3782,0
2026-07-10T13:15:00+05:30,463.1,463.6,462.55,462.9,686,0
2026-07-10T13:30:00+05:30,462.9,463.8,462.9,463.35,784,0
2026-07-10T13:45:00+05:30,463.35,464.65,462.95,464.15,1981,0
2026-07-10T14:00:00+05:30,464.3,466.0,463.9,466.0,1629,0
2026-07-10T14:15:00+05:30,466.0,466.9,465.0,465.55,2704,0
2026-07-10T14:30:00+05:30,465.55,467.95,464.8,467.55,7452,0
2026-07-10T14:45:00+05:30,467.65,469.0,465.1,465.55,5976,0
2026-07-10T15:00:00+05:30,465.75,467.0,465.35,465.7,4162,0
2026-07-10T15:15:00+05:30,465.7,467.0,463.9,463.9,11020,0
2026-07-13T09:15:00+05:30,469.0,476.0,464.65,473.15,43005,0
2026-07-13T09:30:00+05:30,473.35,478.4,472.5,473.8,15323,0
2026-07-13T09:45:00+05:30,473.7,476.95,472.9,475.5,7735,0
2026-07-13T10:00:00+05:30,475.5,476.15,468.35,468.5,15858,0
2026-07-13T10:15:00+05:30,468.5,469.65,468.0,468.3,3573,0
2026-07-13T10:30:00+05:30,468.55,468.9,466.8,467.6,3716,0
2026-07-13T10:45:00+05:30,467.6,468.2,466.65,467.5,2039,0
2026-07-13T11:00:00+05:30,467.5,468.15,466.8,467.0,1451,0
2026-07-13T11:15:00+05:30,467.0,467.0,464.2,464.2,2813,0
2026-07-13T11:30:00+05:30,464.2,464.5,462.0,463.95,5106,0
2026-07-13T11:45:00+05:30,463.95,464.7,462.65,463.05,1779,0
2026-07-13T12:00:00+05:30,463.0,463.8,461.35,463.0,3875,0
2026-07-13T12:15:00+05:30,463.0,463.7,462.45,463.7,831,0
2026-07-13T12:30:00+05:30,462.8,464.95,460.8,464.15,5597,0
2026-07-13T12:45:00+05:30,464.15,465.9,463.85,465.85,1014,0
2026-07-13T13:00:00+05:30,465.8,465.8,463.3,464.2,11198,0
2026-07-13T13:15:00+05:30,464.2,464.2,462.95,463.75,560,0
2026-07-13T13:30:00+05:30,463.15,463.85,462.65,463.85,767,0
2026-07-13T13:45:00+05:30,463.85,464.0,462.3,463.9,1066,0
2026-07-13T14:00:00+05:30,463.9,464.65,461.7,461.8,3146,0
2026-07-13T14:15:00+05:30,461.8,463.4,461.8,462.7,1187,0
2026-07-13T14:30:00+05:30,463.0,464.65,463.0,463.3,730,0
2026-07-13T14:45:00+05:30,463.3,465.0,460.2,463.85,5949,0
2026-07-13T15:00:00+05:30,463.45,464.6,462.4,464.0,11542,0
2026-07-13T15:15:00+05:30,464.0,464.1,460.15,463.0,12541,0
2026-07-14T09:15:00+05:30,467.2,471.9,463.4,465.95,24843,0
2026-07-14T09:30:00+05:30,464.75,465.95,459.05,463.85,27011,0
2026-07-14T09:45:00+05:30,463.35,465.9,460.45,464.05,8066,0
2026-07-14T10:00:00+05:30,463.65,465.1,462.8,462.8,4181,0
2026-07-14T10:15:00+05:30,462.55,466.9,462.45,466.6,5267,0
2026-07-14T10:30:00+05:30,466.6,466.6,464.0,465.75,4889,0
2026-07-14T10:45:00+05:30,465.75,467.25,465.55,466.4,1436,0
2026-07-14T11:00:00+05:30,466.0,468.0,465.35,467.9,4030,0
2026-07-14T11:15:00+05:30,467.95,468.9,466.75,466.75,1018,0
2026-07-14T11:30:00+05:30,466.65,467.2,465.75,466.25,2344,0
2026-07-14T11:45:00+05:30,466.65,466.8,465.35,465.4,1826,0
2026-07-14T12:00:00+05:30,465.4,467.4,465.4,465.5,1327,0
2026-07-14T12:15:00+05:30,466.1,466.3,465.35,465.35,889,0
2026-07-14T12:30:00+05:30,465.75,466.8,465.5,466.8,1229,0
2026-07-14T12:45:00+05:30,466.75,467.0,465.0,466.95,2062,0
2026-07-14T13:00:00+05:30,466.95,466.95,466.3,466.8,343,0
2026-07-14T13:15:00+05:30,466.8,471.95,466.8,471.25,14600,0
2026-07-14T13:30:00+05:30,471.85,473.65,469.55,470.5,10038,0
2026-07-14T13:45:00+05:30,470.55,472.0,470.15,471.45,2978,0
2026-07-14T14:00:00+05:30,471.2,472.1,468.7,469.15,4471,0
2026-07-14T14:15:00+05:30,469.95,470.0,468.95,469.35,1890,0
2026-07-14T14:30:00+05:30,469.4,469.85,467.7,467.8,1816,0
2026-07-14T14:45:00+05:30,467.7,467.7,465.65,466.9,1173,0
2026-07-14T15:00:00+05:30,466.45,466.9,465.7,466.55,2080,0
2026-07-14T15:15:00+05:30,466.55,466.9,464.0,465.0,18776,0
2026-07-15T09:15:00+05:30,470.0,470.0,464.0,465.2,3843,0
2026-07-15T09:30:00+05:30,465.2,465.85,464.25,465.4,1630,0
2026-07-15T09:45:00+05:30,465.4,465.9,463.8,463.8,5225,0
2026-07-15T10:00:00+05:30,464.25,464.25,462.85,464.05,1265,0
2026-07-15T10:15:00+05:30,464.25,465.15,463.55,464.95,3988,0
2026-07-15T10:30:00+05:30,464.55,464.65,462.6,463.85,1646,0
2026-07-15T10:45:00+05:30,463.2,463.4,462.3,463.4,670,0
2026-07-15T11:00:00+05:30,462.85,463.4,461.4,461.55,549,0
2026-07-15T11:15:00+05:30,461.6,461.8,461.05,461.8,1477,0
2026-07-15T11:30:00+05:30,461.8,461.85,458.9,459.5,3560,0
2026-07-15T11:45:00+05:30,459.5,460.05,459.0,459.85,2827,0
2026-07-15T12:00:00+05:30,459.8,459.9,458.0,458.9,2484,0
2026-07-15T12:15:00+05:30,458.9,458.9,457.5,458.0,2733,0
2026-07-15T12:30:00+05:30,458.0,458.85,457.6,458.85,380,0
2026-07-15T12:45:00+05:30,458.85,458.9,456.45,456.45,1440,0
2026-07-15T13:00:00+05:30,457.3,457.8,456.5,456.65,345,0
2026-07-15T13:15:00+05:30,457.4,458.3,456.85,458.2,538,0
2026-07-15T13:30:00+05:30,458.2,459.45,456.3,457.9,3298,0
2026-07-15T13:45:00+05:30,457.1,460.4,456.35,460.0,7475,0
2026-07-15T14:00:00+05:30,460.05,460.95,458.2,459.1,2172,0
2026-07-15T14:15:00+05:30,459.2,460.0,458.0,458.05,1877,0
2026-07-15T14:30:00+05:30,458.05,459.15,457.8,458.5,1121,0
2026-07-15T14:45:00+05:30,459.35,459.35,457.0,458.2,2180,0
2026-07-15T15:00:00+05:30,458.2,460.0,457.35,458.6,2595,0
2026-07-15T15:15:00+05:30,458.7,460.0,457.5,460.0,9981,0
2026-07-16T09:15:00+05:30,458.8,464.0,458.8,461.2,5532,0
2026-07-16T09:30:00+05:30,461.2,466.8,461.1,465.0,7339,0
2026-07-16T09:45:00+05:30,465.0,465.95,464.6,465.45,2835,0
2026-07-16T10:00:00+05:30,464.9,465.5,462.95,463.6,1660,0
2026-07-16T10:15:00+05:30,463.6,464.05,463.1,463.15,113,0
2026-07-16T10:30:00+05:30,463.7,463.9,461.6,463.9,2658,0
2026-07-16T10:45:00+05:30,463.9,464.05,462.55,462.55,289,0
2026-07-16T11:00:00+05:30,462.55,464.0,462.55,463.7,866,0
2026-07-16T11:15:00+05:30,463.7,464.55,462.6,463.65,3543,0
2026-07-16T11:30:00+05:30,463.85,464.95,463.85,464.1,659,0
2026-07-16T11:45:00+05:30,464.1,464.6,463.45,464.3,235,0
2026-07-16T12:00:00+05:30,464.3,464.3,463.15,463.15,504,0
2026-07-16T12:15:00+05:30,463.15,464.2,462.85,463.8,2548,0
2026-07-16T12:30:00+05:30,463.8,465.25,462.85,465.0,484,0
2026-07-16T12:45:00+05:30,465.0,465.25,463.8,463.85,3156,0
2026-07-16T13:00:00+05:30,463.85,464.9,463.8,464.9,331,0
2026-07-16T13:15:00+05:30,464.9,464.9,464.3,464.3,89,0
2026-07-16T13:30:00+05:30,464.15,464.15,461.4,463.65,3769,0
2026-07-16T13:45:00+05:30,463.1,466.25,463.1,466.25,2354,0
2026-07-16T14:00:00+05:30,466.25,478.9,466.25,475.0,118198,0
2026-07-16T14:15:00+05:30,475.25,476.35,469.1,471.0,21352,0
2026-07-16T14:30:00+05:30,471.0,471.25,469.1,469.95,13889,0
2026-07-16T14:45:00+05:30,469.95,476.95,469.75,476.95,16900,0
2026-07-16T15:00:00+05:30,476.4,476.9,475.4,475.6,4936,0
2026-07-16T15:15:00+05:30,475.6,475.8,472.6,475.0,97335,0
2026-07-17T09:15:00+05:30,472.25,474.6,468.55,469.95,11078,0
2026-07-17T09:30:00+05:30,469.1,470.55,465.0,466.6,6824,0
2026-07-17T09:45:00+05:30,466.6,467.5,463.25,463.3,6059,0
2026-07-17T10:00:00+05:30,463.3,464.7,461.65,464.6,4030,0
2026-07-17T10:15:00+05:30,464.05,466.45,463.3,463.4,1492,0
2026-07-17T10:30:00+05:30,464.1,465.7,463.6,464.75,2151,0
2026-07-17T10:45:00+05:30,464.0,465.65,464.0,465.0,793,0
2026-07-17T11:00:00+05:30,464.6,466.35,464.4,464.85,1225,0
2026-07-17T11:15:00+05:30,464.3,464.3,461.35,461.55,5043,0
2026-07-17T11:30:00+05:30,462.1,463.5,461.5,461.5,3548,0
2026-07-17T11:45:00+05:30,461.35,462.4,460.15,460.35,2690,0
2026-07-17T12:00:00+05:30,461.05,462.0,460.4,461.35,2653,0
2026-07-17T12:15:00+05:30,461.35,463.0,461.0,462.5,3092,0
2026-07-17T12:30:00+05:30,462.5,464.0,461.0,461.25,2204,0
2026-07-17T12:45:00+05:30,461.25,462.55,461.25,461.45,188,0
2026-07-17T13:00:00+05:30,461.4,461.7,460.45,461.7,997,0
2026-07-17T13:15:00+05:30,461.75,462.0,461.05,461.6,1319,0
2026-07-17T13:30:00+05:30,461.6,463.15,461.6,462.45,648,0
2026-07-17T13:45:00+05:30,462.45,481.45,462.45,480.9,62600,0
2026-07-17T14:00:00+05:30,480.25,480.95,472.65,476.35,41861,0
2026-07-17T14:15:00+05:30,476.45,485.0,475.0,483.0,49605,0
2026-07-17T14:30:00+05:30,483.5,483.95,477.0,477.45,15538,0
2026-07-17T14:45:00+05:30,477.7,479.1,475.35,478.1,7837,0
2026-07-17T15:00:00+05:30,477.85,479.0,476.0,476.85,10304,0
2026-07-17T15:15:00+05:30,476.9,479.95,472.3,479.95,29366,0
2026-07-20T09:15:00+05:30,474.4,487.0,473.65,480.5,27468,0
2026-07-20T09:30:00+05:30,481.6,481.6,478.3,479.8,12724,0
2026-07-20T09:45:00+05:30,479.8,481.75,478.3,480.0,4235,0
2026-07-20T10:00:00+05:30,479.5,481.6,477.5,479.5,11353,0
2026-07-20T10:15:00+05:30,479.65,480.0,478.35,478.35,3316,0
2026-07-20T10:30:00+05:30,478.65,481.95,478.45,478.6,3445,0
2026-07-20T10:45:00+05:30,478.6,478.6,477.0,477.0,1269,0
2026-07-20T11:00:00+05:30,477.5,477.5,476.15,476.15,512,0
2026-07-20T11:15:00+05:30,476.15,477.0,474.65,475.4,2709,0
2026-07-20T11:30:00+05:30,475.4,475.5,472.7,472.7,1384,0
2026-07-20T11:45:00+05:30,473.1,473.95,471.1,471.8,2127,0
2026-07-20T12:00:00+05:30,472.2,472.5,471.5,472.5,1081,0
2026-07-20T12:15:00+05:30,472.95,473.7,471.65,472.5,1109,0
2026-07-20T12:30:00+05:30,472.5,472.5,471.55,472.4,1046,0
2026-07-20T12:45:00+05:30,472.6,476.0,472.6,476.0,2120,0
2026-07-20T13:00:00+05:30,476.0,478.65,473.25,477.9,5930,0
2026-07-20T13:15:00+05:30,478.25,480.25,477.45,477.8,2716,0
2026-07-20T13:30:00+05:30,477.8,479.0,477.0,479.0,2354,0
2026-07-20T13:45:00+05:30,479.0,480.65,477.0,478.5,5053,0
2026-07-20T14:00:00+05:30,478.5,481.35,477.15,478.05,3988,0
2026-07-20T14:15:00+05:30,478.05,478.7,477.4,477.55,1997,0
2026-07-20T14:30:00+05:30,478.05,479.1,477.55,477.8,885,0
2026-07-20T14:45:00+05:30,477.8,478.85,477.0,477.4,3802,0
2026-07-20T15:00:00+05:30,477.8,478.1,476.3,476.3,1672,0
2026-07-20T15:15:00+05:30,476.75,477.05,474.1,474.8,8419,0
2026-07-21T09:15:00+05:30,478.35,481.0,475.65,476.95,6907,0
2026-07-21T09:30:00+05:30,477.0,477.5,475.65,475.65,2140,0
2026-07-21T09:45:00+05:30,475.15,476.5,471.8,473.85,4845,0
2026-07-21T10:00:00+05:30,473.85,473.9,471.8,473.2,3342,0
2026-07-21T10:15:00+05:30,473.25,474.45,472.9,473.5,1567,0
2026-07-21T10:30:00+05:30,473.5,474.7,472.7,472.7,1833,0
2026-07-21T10:45:00+05:30,472.7,473.1,472.3,472.95,4501,0
2026-07-21T11:00:00+05:30,473.1,473.45,472.0,472.0,327,0
2026-07-21T11:15:00+05:30,472.0,473.05,471.0,472.65,2693,0
2026-07-21T11:30:00+05:30,472.65,472.9,471.15,472.35,804,0
2026-07-21T11:45:00+05:30,472.6,473.45,472.55,473.45,466,0
2026-07-21T12:00:00+05:30,473.45,473.45,472.45,473.1,81,0
2026-07-21T12:15:00+05:30,472.45,472.85,471.95,471.95,559,0
2026-07-21T12:30:00+05:30,472.45,473.1,471.4,472.75,599,0
2026-07-21T12:45:00+05:30,472.75,473.5,472.5,473.0,1813,0
2026-07-21T13:00:00+05:30,473.6,475.1,473.6,475.1,2545,0
2026-07-21T13:15:00+05:30,475.1,475.3,474.25,475.3,923,0
2026-07-21T13:30:00+05:30,475.3,475.65,474.3,475.3,729,0
2026-07-21T13:45:00+05:30,475.3,475.65,474.6,475.3,823,0
2026-07-21T14:00:00+05:30,475.35,476.55,474.9,475.55,573,0
2026-07-21T14:15:00+05:30,475.55,475.65,473.25,473.3,1411,0
2026-07-21T14:30:00+05:30,474.05,474.05,471.4,471.4,1326,0
2026-07-21T14:45:00+05:30,471.85,472.6,471.2,472.35,3399,0
2026-07-21T15:00:00+05:30,472.35,472.6,470.55,470.6,2699,0
2026-07-21T15:15:00+05:30,471.1,471.75,469.05,469.75,8611,0
2026-07-22T09:15:00+05:30,475.5,475.65,469.0,469.0,8302,0
2026-07-22T09:30:00+05:30,469.95,471.1,468.15,469.0,3975,0
2026-07-22T09:45:00+05:30,469.0,470.5,469.0,469.25,3473,0
2026-07-22T10:00:00+05:30,469.25,470.6,469.0,469.2,1909,0
2026-07-22T10:15:00+05:30,469.05,469.05,465.55,466.85,3089,0
2026-07-22T10:30:00+05:30,467.8,471.9,467.05,471.9,4376,0
2026-07-22T10:45:00+05:30,471.8,472.4,469.7,470.95,1944,0
2026-07-22T11:00:00+05:30,470.75,472.75,470.15,471.3,860,0
2026-07-22T11:15:00+05:30,471.3,472.15,471.3,472.15,254,0
2026-07-22T11:30:00+05:30,472.15,474.0,471.1,474.0,772,0
2026-07-22T11:45:00+05:30,474.35,476.95,472.2,472.2,5939,0
2026-07-22T12:00:00+05:30,472.5,479.0,472.05,477.9,9672,0
2026-07-22T12:15:00+05:30,478.5,481.0,464.0,473.2,55316,0
2026-07-22T12:30:00+05:30,473.15,475.55,459.8,468.9,79736,0
2026-07-22T12:45:00+05:30,468.35,470.75,467.75,469.0,8617,0
2026-07-22T13:00:00+05:30,469.25,469.5,466.7,468.85,4955,0
2026-07-22T13:15:00+05:30,468.85,469.3,467.05,467.05,4366,0
2026-07-22T13:30:00+05:30,467.05,471.8,467.05,470.1,3599,0
2026-07-22T13:45:00+05:30,470.15,471.85,469.4,470.55,3678,0
2026-07-22T14:00:00+05:30,471.05,471.85,468.0,468.8,3459,0
2026-07-22T14:15:00+05:30,468.8,471.6,468.8,470.05,3958,0
2026-07-22T14:30:00+05:30,470.05,470.05,468.5,469.75,316,0
2026-07-22T14:45:00+05:30,468.65,473.2,467.0,471.95,7618,0
2026-07-22T15:00:00+05:30,471.55,471.9,469.05,469.65,4531,0
2026-07-22T15:15:00+05:30,469.8,472.0,468.0,472.0,16678,0
2026-07-23T09:15:00+05:30,470.5,475.45,467.85,472.55,7761,0
2026-07-23T09:30:00+05:30,472.55,472.55,468.85,471.0,2713,0
2026-07-23T09:45:00+05:30,471.0,471.7,469.25,471.0,2196,0
2026-07-23T10:00:00+05:30,471.35,473.45,471.0,472.0,3425,0
2026-07-23T10:15:00+05:30,471.6,472.9,471.05,471.75,1725,0
2026-07-23T10:30:00+05:30,471.8,472.15,471.2,471.35,403,0
2026-07-23T10:45:00+05:30,471.35,472.85,471.3,472.85,291,0
2026-07-23T11:00:00+05:30,472.9,473.1,469.0,469.95,4582,0
2026-07-23T11:15:00+05:30,469.5,470.15,467.0,467.45,2567,0
2026-07-23T11:30:00+05:30,467.0,467.5,466.5,467.05,2651,0
2026-07-23T11:45:00+05:30,467.05,467.45,465.75,467.45,4506,0
2026-07-23T12:00:00+05:30,467.5,467.85,464.0,464.65,7226,0
2026-07-23T12:15:00+05:30,464.65,464.8,463.3,464.7,1225,0
2026-07-23T12:30:00+05:30,464.7,464.7,462.85,463.2,3667,0
2026-07-23T12:45:00+05:30,463.55,464.65,462.0,463.15,3892,0
2026-07-23T13:00:00+05:30,463.5,463.65,461.45,462.0,2604,0
2026-07-23T13:15:00+05:30,462.0,462.45,457.8,459.7,4241,0
2026-07-23T13:30:00+05:30,459.65,460.25,457.1,457.25,8895,0
2026-07-23T13:45:00+05:30,457.0,458.6,455.8,458.15,7552,0
2026-07-23T14:00:00+05:30,458.15,458.65,455.0,456.7,10475,0
2026-07-23T14:15:00+05:30,456.75,458.3,455.95,457.65,2084,0
2026-07-23T14:30:00+05:30,457.65,458.4,456.1,456.45,1422,0
2026-07-23T14:45:00+05:30,456.1,459.6,454.35,458.35,9238,0
2026-07-23T15:00:00+05:30,458.75,461.6,458.2,459.1,4489,0
2026-07-23T15:15:00+05:30,458.75,461.05,458.1,461.0,12704,0
2026-07-24T09:15:00+05:30,460.0,463.35,454.05,455.5,17389,0
2026-07-24T09:30:00+05:30,456.0,463.6,453.6,461.25,39091,0
2026-07-24T09:45:00+05:30,461.3,461.3,458.05,458.85,4041,0
2026-07-24T10:00:00+05:30,459.05,460.15,458.0,459.25,3379,0
2026-07-24T10:15:00+05:30,459.2,461.6,458.7,459.65,7777,0
2026-07-24T10:30:00+05:30,459.65,460.45,456.25,459.8,7062,0
2026-07-24T10:45:00+05:30,459.1,462.15,457.85,461.95,4925,0
2026-07-24T11:00:00+05:30,461.9,461.9,460.3,460.55,2334,0
2026-07-24T11:15:00+05:30,460.9,465.0,459.65,462.85,8605,0
2026-07-24T11:30:00+05:30,462.85,465.0,460.3,465.0,5933,0
2026-07-24T11:45:00+05:30,465.0,466.65,463.8,464.05,2114,0
2026-07-24T12:00:00+05:30,464.05,465.0,462.4,462.4,1525,0
2026-07-24T12:15:00+05:30,462.8,471.2,462.8,469.6,17186,0
2026-07-24T12:30:00+05:30,470.0,472.0,468.95,471.0,16815,0
2026-07-24T12:45:00+05:30,470.95,471.2,469.0,471.0,5525,0
2026-07-24T13:00:00+05:30,470.7,475.15,469.95,475.05,8602,0
2026-07-24T13:15:00+05:30,475.1,483.0,474.75,481.0,23430,0
2026-07-24T13:30:00+05:30,480.95,483.0,478.0,480.1,20297,0
2026-07-24T13:45:00+05:30,480.6,483.0,479.3,483.0,15004,0
2026-07-24T14:00:00+05:30,483.0,484.0,481.85,483.5,11390,0
2026-07-24T14:15:00+05:30,483.5,484.25,477.15,480.7,46813,0
2026-07-24T14:30:00+05:30,481.0,482.6,478.5,479.7,5948,0
2026-07-24T14:45:00+05:30,479.65,484.4,479.4,479.85,15451,0
2026-07-24T15:00:00+05:30,480.0,482.35,478.65,479.0,20302,0
2026-07-24T15:15:00+05:30,478.75,481.0,477.1,481.0,28221,0
2026-07-27T09:15:00+05:30,479.6,496.0,479.6,490.65,66739,0
2026-07-27T09:30:00+05:30,490.75,506.0,490.25,500.3,101881,0
2026-07-27T09:45:00+05:30,500.2,502.9,498.55,500.3,19639,0
2026-07-27T10:00:00+05:30,500.3,503.0,499.45,502.6,12134,0
2026-07-27T10:15:00+05:30,502.6,503.35,499.0,499.4,11509,0
2026-07-27T10:30:00+05:30,499.0,499.0,495.0,496.8,12164,0
2026-07-27T10:45:00+05:30,497.3,501.4,496.8,500.05,4418,0
2026-07-27T11:00:00+05:30,500.2,523.55,500.0,518.75,259239,0
2026-07-27T11:15:00+05:30,518.8,529.45,516.85,521.9,263365,0
2026-07-27T11:30:00+05:30,521.75,529.0,520.15,527.85,217948,0
2026-07-27T11:45:00+05:30,527.8,529.0,521.1,524.5,119392,0
2026-07-27T12:00:00+05:30,524.7,525.0,511.1,514.7,174867,0
2026-07-27T12:15:00+05:30,514.9,519.8,514.0,514.5,60587,0
2026-07-27T12:30:00+05:30,514.5,515.0,512.5,513.15,35073,0
2026-07-27T12:45:00+05:30,513.15,514.85,512.5,513.9,14216,0
2026-07-27T13:00:00+05:30,514.2,517.6,513.55,514.3,21128,0
2026-07-27T13:15:00+05:30,514.3,522.5,513.05,522.25,46300,0
2026-07-27T13:30:00+05:30,522.15,523.3,515.4,518.25,34302,0
2026-07-27T13:45:00+05:30,517.75,517.9,515.05,517.0,10600,0
2026-07-27T14:00:00+05:30,516.95,517.75,515.0,516.75,11559,0
2026-07-27T14:15:00+05:30,516.45,520.0,513.75,517.1,26113,0
2026-07-27T14:30:00+05:30,517.05,517.35,515.1,517.1,12660,0
2026-07-27T14:45:00+05:30,516.85,517.15,514.9,515.65,15634,0
2026-07-27T15:00:00+05:30,515.15,517.85,514.7,517.35,27494,0
2026-07-27T15:15:00+05:30,517.35,517.9,515.1,516.8,52803,0
2026-07-28T09:15:00+05:30,521.0,523.7,511.25,523.0,73968,0
2026-07-28T09:30:00+05:30,522.7,541.0,519.0,535.6,277035,0
2026-07-28T09:45:00+05:30,535.6,536.0,527.0,527.95,60174,0
2026-07-28T10:00:00+05:30,527.9,528.0,523.25,526.8,31500,0
2026-07-28T10:15:00+05:30,526.3,530.0,525.4,526.95,17879,0
2026-07-28T10:30:00+05:30,526.95,528.85,523.5,525.5,25589,0
2026-07-28T10:45:00+05:30,525.35,527.2,521.8,525.5,14327,0
2026-07-28T11:00:00+05:30,525.4,527.4,524.9,527.0,7906,0
2026-07-28T11:15:00+05:30,526.8,530.0,526.75,527.75,13050,0
2026-07-28T11:30:00+05:30,527.15,528.85,523.95,526.75,20934,0
2026-07-28T11:45:00+05:30,527.3,528.1,525.5,525.7,6023,0
2026-07-28T12:00:00+05:30,525.7,527.45,525.55,526.8,6728,0
2026-07-28T12:15:00+05:30,526.55,527.9,524.0,527.1,16270,0
2026-07-28T12:30:00+05:30,527.0,529.0,527.0,527.7,9912,0
2026-07-28T12:45:00+05:30,528.1,528.6,525.5,526.8,4633,0
2026-07-28T13:00:00+05:30,526.9,528.0,523.0,526.0,13452,0
2026-07-28T13:15:00+05:30,526.25,527.9,525.85,526.75,3270,0
2026-07-28T13:30:00+05:30,527.6,540.0,506.8,517.8,630595,0
2026-07-28T13:45:00+05:30,517.25,519.3,508.0,517.1,196816,0
2026-07-28T14:00:00+05:30,517.15,522.0,512.95,516.8,85062,0
2026-07-28T14:15:00+05:30,516.7,516.8,508.1,509.2,58613,0
2026-07-28T14:30:00+05:30,509.15,514.0,508.65,511.95,24253,0
2026-07-28T14:45:00+05:30,511.8,511.95,504.2,510.05,52777,0
2026-07-28T15:00:00+05:30,509.35,512.0,506.8,507.75,33648,0
2026-07-28T15:15:00+05:30,507.85,509.4,501.6,507.25,84893,0
2026-07-29T09:15:00+05:30,512.7,527.3,512.7,517.35,118356,0
2026-07-29T09:30:00+05:30,517.9,530.9,515.4,530.7,104066,0
2026-07-29T09:45:00+05:30,530.7,543.5,527.6,542.05,217559,0
2026-07-29T10:00:00+05:30,541.95,550.0,538.0,548.7,218162,0
2026-07-29T10:15:00+05:30,548.7,558.75,543.0,556.2,302813,0
2026-07-29T10:30:00+05:30,556.5,559.0,545.05,547.2,337732,0
2026-07-29T10:45:00+05:30,547.2,549.2,535.75,538.2,265150,0
2026-07-29T11:00:00+05:30,538.15,543.0,535.4,541.7,110146,0
2026-07-29T11:15:00+05:30,541.5,546.55,540.05,543.6,77780,0
2026-07-29T11:30:00+05:30,543.45,544.7,542.45,544.3,27666,0
2026-07-29T11:45:00+05:30,544.05,550.0,541.6,549.45,88643,0
2026-07-29T12:00:00+05:30,549.45,557.0,548.8,556.5,192236,0
2026-07-29T12:15:00+05:30,556.1,557.9,545.0,547.6,168439,0
2026-07-29T12:30:00+05:30,547.6,549.9,546.7,549.75,48654,0
2026-07-29T12:45:00+05:30,549.75,549.85,547.2,548.65,30968,0
2026-07-29T13:00:00+05:30,548.65,549.4,545.2,548.9,32750,0
2026-07-29T13:15:00+05:30,548.15,550.0,548.05,549.95,60417,0
2026-07-29T13:30:00+05:30,549.8,549.9,548.0,548.0,19336,0
2026-07-29T13:45:00+05:30,548.3,550.0,548.0,549.55,24503,0
2026-07-29T14:00:00+05:30,549.05,549.95,548.1,548.95,13185,0
2026-07-29T14:15:00+05:30,548.9,549.5,545.5,546.05,44755,0
2026-07-29T14:30:00+05:30,546.65,548.95,546.1,548.0,32890,0
2026-07-29T14:45:00+05:30,548.2,549.0,546.9,547.8,25706,0
2026-07-29T15:00:00+05:30,547.8,548.0,542.0,543.5,83487,0
2026-07-29T15:15:00+05:30,543.5,544.9,538.2,540.55,204348,0
2026-07-30T09:15:00+05:30,545.0,574.75,540.55,570.95,467664,0
2026-07-30T09:30:00+05:30,570.4,576.0,570.0,571.5,259409,0
2026-07-30T09:45:00+05:30,571.5,572.0,565.0,567.3,142740,0
2026-07-30T10:00:00+05:30,567.3,568.9,565.5,566.0,36629,0
2026-07-30T10:15:00+05:30,566.0,568.75,565.5,567.0,41666,0
2026-07-30T10:30:00+05:30,567.0,568.0,555.9,560.05,104576,0
2026-07-30T10:45:00+05:30,559.1,561.0,558.0,558.5,23144,0
2026-07-30T11:00:00+05:30,558.95,561.4,556.55,559.5,14309,0
2026-07-30T11:15:00+05:30,559.75,560.75,557.0,559.4,24753,0
2026-07-30T11:30:00+05:30,558.85,561.95,556.5,560.85,40273,0
2026-07-30T11:45:00+05:30,560.2,560.2,555.1,556.15,17320,0
2026-07-30T12:00:00+05:30,556.45,557.0,553.5,554.95,25725,0
2026-07-30T12:15:00+05:30,554.7,555.8,554.0,554.1,5407,0
2026-07-30T12:30:00+05:30,554.55,556.0,552.8,554.85,9046,0
2026-07-30T12:45:00+05:30,554.8,556.65,549.0,553.5,109080,0
2026-07-30T13:00:00+05:30,553.45,555.0,547.45,549.1,30233,0
2026-07-30T13:15:00+05:30,549.05,552.4,549.05,550.85,10340,0
2026-07-30T13:30:00+05:30,550.8,551.6,547.1,548.65,13606,0
2026-07-30T13:45:00+05:30,548.4,549.9,548.0,548.0,6446,0
2026-07-30T14:00:00+05:30,548.35,549.3,547.0,547.1,6694,0
2026-07-30T14:15:00+05:30,547.1,547.7,544.0,545.85,12466,0
2026-07-30T14:30:00+05:30,545.35,549.0,544.9,547.25,8216,0
2026-07-30T14:45:00+05:30,546.75,550.15,546.35,549.55,12134,0
2026-07-30T15:00:00+05:30,549.2,549.3,545.3,548.3,25116,0
2026-07-30T15:15:00+05:30,548.3,551.7,547.0,551.7,56063,0
2026-07-31T09:15:00+05:30,553.2,579.6,552.75,579.55,422091,0
2026-07-31T09:30:00+05:30,579.6,584.8,572.05,574.45,209651,0
2026-07-31T09:45:00+05:30,574.55,574.9,566.65,571.0,113844,0
2026-07-31T10:00:00+05:30,570.7,577.8,569.5,577.05,40131,0
2026-07-31T10:15:00+05:30,577.05,578.0,574.85,577.4,33362,0
2026-07-31T10:30:00+05:30,577.0,580.0,576.7,579.5,93838,0
2026-07-31T10:45:00+05:30,579.5,583.0,578.0,579.5,95671,0
2026-07-31T11:00:00+05:30,579.0,582.0,578.65,580.95,53676,0
2026-07-31T11:15:00+05:30,580.8,581.8,579.0,580.5,20096,0
2026-07-31T11:30:00+05:30,580.95,584.45,580.5,581.6,42355,0
2026-07-31T11:45:00+05:30,581.4,581.45,573.75,574.45,44630,0
2026-07-31T12:00:00+05:30,574.4,576.3,573.15,575.85,19430,0
2026-07-31T12:15:00+05:30,575.85,577.9,575.15,577.15,10363,0
2026-07-31T12:30:00+05:30,577.15,577.75,574.0,576.0,19303,0
2026-07-31T12:45:00+05:30,575.8,581.0,574.65,578.95,65099,0
2026-07-31T13:00:00+05:30,578.95,581.0,578.0,579.95,29917,0
2026-07-31T13:15:00+05:30,580.0,580.35,578.55,579.7,12586,0
2026-07-31T13:30:00+05:30,579.15,580.0,578.5,579.9,10464,0
2026-07-31T13:45:00+05:30,580.0,580.3,579.0,579.65,19877,0
2026-07-31T14:00:00+05:30,579.7,584.8,578.85,584.0,78831,0
2026-07-31T14:15:00+05:30,584.0,585.0,583.25,583.9,40072,0
2026-07-31T14:30:00+05:30,583.9,589.0,581.0,589.0,126151,0
2026-07-31T14:45:00+05:30,589.0,594.0,587.6,594.0,151128,0
2026-07-31T15:00:00+05:30,594.0,597.35,592.75,594.7,182324,0
2026-07-31T15:15:00+05:30,594.5,599.9,594.0,598.0,308118,0
2026-08-03T09:15:00+05:30,613.0,639.8,608.9,638.3,873658,0
2026-08-03T09:30:00+05:30,638.95,642.7,627.2,634.8,431789,0
2026-08-03T09:45:00+05:30,635.0,637.45,631.3,632.3,121087,0
2026-08-03T10:00:00+05:30,632.5,644.0,631.4,640.4,209244,0
2026-08-03T10:15:00+05:30,640.5,647.5,636.75,638.0,291955,0
2026-08-03T10:30:00+05:30,637.45,638.55,631.05,632.1,134449,0
2026-08-03T10:45:00+05:30,631.75,635.0,631.1,632.8,44999,0
2026-08-03T11:00:00+05:30,633.0,638.0,631.0,636.7,76332,0
2026-08-03T11:15:00+05:30,637.0,639.8,633.0,633.35,73588,0
2026-08-03T11:30:00+05:30,633.75,634.9,631.5,632.15,18633,0
2026-08-03T11:45:00+05:30,632.9,633.95,631.55,631.55,17784,0
2026-08-03T12:00:00+05:30,632.0,632.0,625.8,627.5,74875,0
2026-08-03T12:15:00+05:30,627.05,628.4,625.1,626.0,44491,0
2026-08-03T12:30:00+05:30,626.0,628.85,626.0,628.65,28695,0
2026-08-03T12:45:00+05:30,627.95,632.35,627.7,631.1,23251,0
2026-08-03T13:00:00+05:30,631.75,634.1,630.35,633.6,26841,0
2026-08-03T13:15:00+05:30,633.5,647.0,633.0,642.0,180495,0
2026-08-03T13:30:00+05:30,641.85,645.0,641.4,644.0,60911,0
2026-08-03T13:45:00+05:30,644.1,646.95,643.25,646.5,95299,0
2026-08-03T14:00:00+05:30,646.5,649.0,644.2,645.15,122254,0
2026-08-03T14:15:00+05:30,646.35,646.5,642.65,644.0,60948,0
2026-08-03T14:30:00+05:30,643.9,648.9,640.5,647.6,111209,0
2026-08-03T14:45:00+05:30,647.6,650.0,644.55,646.9,117876,0
2026-08-03T15:00:00+05:30,649.5,649.95,643.6,646.3,128305,0
2026-08-03T15:15:00+05:30,646.1,655.0,643.15,644.0,230072,0
2026-08-04T09:15:00+05:30,643.25,643.9,634.75,639.45,126269,0
2026-08-04T09:30:00+05:30,639.1,644.35,637.7,641.9,58527,0
2026-08-04T09:45:00+05:30,641.55,650.0,641.55,643.95,84583,0
2026-08-04T10:00:00+05:30,644.0,646.8,641.8,645.75,18600,0
2026-08-04T10:15:00+05:30,646.35,647.0,645.75,645.95,23245,0
2026-08-04T10:30:00+05:30,646.25,647.3,645.0,646.95,17803,0
2026-08-04T10:45:00+05:30,646.9,659.0,645.65,656.35,124210,0
2026-08-04T11:00:00+05:30,656.9,659.0,655.2,656.7,70870,0
2026-08-04T11:15:00+05:30,656.05,656.05,651.45,652.75,48778,0
2026-08-04T11:30:00+05:30,652.7,653.9,649.0,652.25,31817,0
2026-08-04T11:45:00+05:30,652.25,653.9,646.35,648.85,42929,0
2026-08-04T12:00:00+05:30,649.0,654.0,648.75,652.0,32374,0
2026-08-04T12:15:00+05:30,651.4,658.8,650.8,657.1,44878,0
2026-08-04T12:30:00+05:30,657.1,657.95,655.2,655.95,15762,0
2026-08-04T12:45:00+05:30,655.95,661.75,653.9,657.35,46042,0
2026-08-04T13:00:00+05:30,657.3,660.0,656.25,657.4,21791,0
2026-08-04T13:15:00+05:30,657.4,659.0,654.1,655.0,22589,0
2026-08-04T13:30:00+05:30,655.0,656.75,652.15,654.65,32709,0
2026-08-04T13:45:00+05:30,654.65,660.0,654.15,659.15,65950,0
2026-08-04T14:00:00+05:30,659.1,659.95,656.0,657.9,36424,0
2026-08-04T14:15:00+05:30,658.65,658.65,652.0,652.7,39706,0
2026-08-04T14:30:00+05:30,652.7,654.95,651.0,651.0,25812,0
2026-08-04T14:45:00+05:30,651.0,655.8,650.95,655.45,37836,0
2026-08-04T15:00:00+05:30,655.45,655.95,651.85,652.35,51529,0
2026-08-04T15:15:00+05:30,643.25,656.5,643.25,650.1,4619051,0
2026-08-05T09:15:00+05:30,653.35,654.1,645.55,647.85,80262,0
2026-08-05T09:30:00+05:30,647.25,650.0,639.0,643.8,100570,0
2026-08-05T09:45:00+05:30,643.05,647.85,639.65,647.7,49720,0
2026-08-05T10:00:00+05:30,647.65,647.9,644.0,646.85,27430,0
2026-08-05T10:15:00+05:30,646.0,646.95,642.45,643.05,13776,0
2026-08-05T10:30:00+05:30,643.0,644.3,642.0,642.1,12967,0
2026-08-05T10:45:00+05:30,642.75,646.45,642.0,645.0,17769,0
2026-08-05T11:00:00+05:30,644.8,646.05,643.1,645.9,9290,0
2026-08-05T11:15:00+05:30,646.0,646.35,643.6,645.6,7177,0
2026-08-05T11:30:00+05:30,644.95,646.2,644.2,645.5,6123,0
2026-08-05T11:45:00+05:30,645.5,646.9,644.55,646.1,11538,0
2026-08-05T12:00:00+05:30,646.1,647.9,645.85,647.6,21358,0
2026-08-05T12:15:00+05:30,646.75,647.55,645.0,647.45,5142,0
2026-08-05T12:30:00+05:30,646.6,646.6,644.2,645.2,7046,0
2026-08-05T12:45:00+05:30,645.2,645.85,643.3,644.0,10401,0
2026-08-05T13:00:00+05:30,644.35,646.9,643.6,645.95,6674,0
2026-08-05T13:15:00+05:30,646.0,647.0,645.0,645.0,7904,0
2026-08-05T13:30:00+05:30,645.05,646.4,643.0,643.0,7570,0
2026-08-05T13:45:00+05:30,643.4,644.5,642.45,643.65,4367,0
2026-08-05T14:00:00+05:30,644.2,645.35,643.65,644.0,5664,0
2026-08-05T14:15:00+05:30,644.3,644.3,641.8,643.3,4009,0
2026-08-05T14:30:00+05:30,643.8,644.35,640.0,642.0,26458,0
2026-08-05T14:45:00+05:30,642.0,643.0,640.45,641.2,14584,0
2026-08-05T15:00:00+05:30,641.4,646.85,640.55,644.45,46992,0
2026-08-05T15:15:00+05:30,644.45,647.9,640.1,641.95,33600,0
2026-08-06T09:15:00+05:30,639.1,642.8,625.15,629.0,77582,0
2026-08-06T09:30:00+05:30,629.0,633.2,613.05,626.6,144933,0
2026-08-06T09:45:00+05:30,625.55,633.5,625.55,628.75,43028,0
2026-08-06T10:00:00+05:30,628.75,634.65,627.7,632.0,19923,0
2026-08-06T10:15:00+05:30,631.95,632.15,626.55,627.5,13490,0
2026-08-06T10:30:00+05:30,628.05,629.5,626.5,627.75,9092,0
2026-08-06T10:45:00+05:30,627.9,628.75,625.0,627.6,11804,0
2026-08-06T11:00:00+05:30,627.85,629.0,625.0,627.35,8992,0
2026-08-06T11:15:00+05:30,627.35,628.0,619.25,622.0,22068,0
2026-08-06T11:30:00+05:30,622.0,624.0,621.0,622.5,7053,0
2026-08-06T11:45:00+05:30,622.9,624.2,622.5,623.4,5986,0
2026-08-06T12:00:00+05:30,623.7,624.3,622.5,624.25,4135,0
2026-08-06T12:15:00+05:30,623.5,624.3,619.2,620.5,9435,0
2026-08-06T12:30:00+05:30,619.85,622.0,619.8,620.25,8165,0
2026-08-06T12:45:00+05:30,620.9,624.4,619.8,623.85,21208,0
2026-08-06T13:00:00+05:30,624.5,625.3,621.95,624.0,5964,0
2026-08-06T13:15:00+05:30,623.8,625.0,622.3,623.5,5220,0
2026-08-06T13:30:00+05:30,624.05,625.75,622.05,625.35,7358,0
2026-08-06T13:45:00+05:30,625.75,632.6,624.95,631.75,23484,0
2026-08-06T14:00:00+05:30,631.8,632.0,627.5,628.35,8015,0
2026-08-06T14:15:00+05:30,628.3,629.3,627.0,627.95,8324,0
2026-08-06T14:30:00+05:30,627.8,630.55,626.25,627.85,5626,0
2026-08-06T14:45:00+05:30,628.5,629.05,626.1,626.9,7789,0
2026-08-06T15:00:00+05:30,627.2,631.55,625.0,629.55,22413,0
2026-08-06T15:15:00+05:30,628.95,631.0,622.0,622.0,25243,0
2026-08-07T09:15:00+05:30,631.95,658.0,631.95,650.95,212179,0
2026-08-07T09:30:00+05:30,650.8,657.75,641.0,642.7,94381,0
2026-08-07T09:45:00+05:30,638.55,644.0,632.85,644.0,52016,0
2026-08-07T10:00:00+05:30,644.55,645.0,634.6,636.5,20649,0
2026-08-07T10:15:00+05:30,636.9,639.8,634.0,638.6,10647,0
2026-08-07T10:30:00+05:30,639.1,643.95,639.1,643.1,13028,0
2026-08-07T10:45:00+05:30,643.25,643.25,638.7,638.8,6317,0
2026-08-07T11:00:00+05:30,638.8,639.75,637.0,638.0,6563,0
2026-08-07T11:15:00+05:30,637.1,639.2,636.55,637.25,4346,0
2026-08-07T11:30:00+05:30,638.4,639.45,636.95,639.45,4340,0
2026-08-07T11:45:00+05:30,638.7,638.7,635.0,635.05,3779,0
2026-08-07T12:00:00+05:30,633.9,636.05,633.9,635.85,6475,0
2026-08-07T12:15:00+05:30,635.9,638.65,631.0,638.0,13498,0
2026-08-07T12:30:00+05:30,638.0,641.8,636.25,639.15,8931,0
2026-08-07T12:45:00+05:30,639.8,644.0,638.45,644.0,13904,0
2026-08-07T13:00:00+05:30,644.7,644.7,639.6,640.0,7691,0
2026-08-07T13:15:00+05:30,639.75,642.85,638.0,642.75,7045,0
2026-08-07T13:30:00+05:30,642.75,642.75,640.2,642.7,5796,0
2026-08-07T13:45:00+05:30,642.7,647.9,642.4,642.7,26209,0
2026-08-07T14:00:00+05:30,643.95,643.95,641.25,643.25,6375,0
2026-08-07T14:15:00+05:30,642.75,644.0,641.1,642.3,2759,0
2026-08-07T14:30:00+05:30,643.45,644.75,641.1,641.15,4176,0
2026-08-07T14:45:00+05:30,642.15,642.15,636.0,637.45,16865,0
2026-08-07T15:00:00+05:30,638.9,641.5,637.1,639.55,36458,0
2026-08-07T15:15:00+05:30,639.7,639.7,636.25,637.0,16767,0
2026-08-10T09:15:00+05:30,642.3,658.0,632.55,639.0,46187,0
2026-08-10T09:30:00+05:30,639.75,645.5,637.9,639.35,12174,0
2026-08-10T09:45:00+05:30,639.1,647.45,639.1,645.45,10871,0
2026-08-10T10:00:00+05:30,645.9,646.9,640.55,641.75,10926,0
2026-08-10T10:15:00+05:30,642.9,644.0,642.0,643.1,1186,0
2026-08-10T10:30:00+05:30,642.95,642.95,636.1,637.35,9581,0
2026-08-10T10:45:00+05:30,637.35,643.0,636.65,637.7,4342,0
2026-08-10T11:00:00+05:30,637.7,647.05,637.25,644.5,16789,0
2026-08-10T11:15:00+05:30,644.5,646.8,640.9,646.0,11500,0
2026-08-10T11:30:00+05:30,646.05,646.5,642.25,642.4,3398,0
2026-08-10T11:45:00+05:30,642.4,647.5,640.8,642.95,10667,0
2026-08-10T12:00:00+05:30,642.5,645.05,640.9,641.6,1967,0
2026-08-10T12:15:00+05:30,641.2,646.8,641.05,643.05,8765,0
2026-08-10T12:30:00+05:30,644.05,647.55,642.45,646.25,3105,0
2026-08-10T12:45:00+05:30,646.75,647.2,645.0,647.0,3568,0
2026-08-10T13:00:00+05:30,646.2,648.0,645.0,645.0,7678,0
2026-08-10T13:15:00+05:30,644.0,648.0,642.75,647.1,10777,0
2026-08-10T13:30:00+05:30,647.1,648.1,645.8,647.25,1476,0
2026-08-10T13:45:00+05:30,646.8,647.35,646.0,646.9,1227,0
2026-08-10T14:00:00+05:30,646.1,646.85,644.5,645.7,3856,0
2026-08-10T14:15:00+05:30,645.7,647.95,645.0,645.5,10075,0
2026-08-10T14:30:00+05:30,646.65,647.95,645.0,647.4,5124,0
2026-08-10T14:45:00+05:30,647.7,648.0,646.55,647.6,4969,0
2026-08-10T15:00:00+05:30,647.85,649.5,646.5,647.25,16220,0
2026-08-10T15:15:00+05:30,647.45,650.0,645.15,649.1,31653,0
2026-08-11T09:15:00+05:30,651.0,674.0,646.0,663.85,159613,0
2026-08-11T09:30:00+05:30,663.6,677.0,661.15,673.45,103149,0
2026-08-11T09:45:00+05:30,673.5,673.9,664.3,665.65,46863,0
2026-08-11T10:00:00+05:30,665.1,676.5,664.1,676.5,54812,0
2026-08-11T10:15:00+05:30,676.75,680.0,668.45,672.0,74612,0
2026-08-11T10:30:00+05:30,671.2,673.0,668.0,669.6,39480,0
2026-08-11T10:45:00+05:30,669.45,673.4,663.25,670.8,37840,0
2026-08-11T11:00:00+05:30,670.85,671.0,666.4,667.95,7749,0
2026-08-11T11:15:00+05:30,667.5,674.0,665.0,673.2,23931,0
2026-08-11T11:30:00+05:30,673.8,674.5,671.0,674.5,14882,0
2026-08-11T11:45:00+05:30,674.0,675.0,670.0,671.8,12755,0
2026-08-11T12:00:00+05:30,671.4,673.15,665.0,668.15,19390,0
2026-08-11T12:15:00+05:30,667.8,669.05,666.5,668.6,3980,0
2026-08-11T12:30:00+05:30,667.85,672.0,667.6,670.4,5250,0
2026-08-11T12:45:00+05:30,670.85,671.35,668.0,668.25,5654,0
2026-08-11T13:00:00+05:30,668.25,671.8,668.0,669.45,6661,0
2026-08-11T13:15:00+05:30,670.15,670.5,668.0,668.05,3626,0
2026-08-11T13:30:00+05:30,668.05,669.0,667.0,667.0,5421,0
2026-08-11T13:45:00+05:30,667.0,667.0,663.6,663.6,11910,0
2026-08-11T14:00:00+05:30,663.6,665.9,656.05,657.15,24064,0
2026-08-11T14:15:00+05:30,656.25,663.5,655.1,662.2,18910,0
2026-08-11T14:30:00+05:30,662.2,666.35,658.0,665.55,24980,0
2026-08-11T14:45:00+05:30,666.15,668.5,665.55,667.5,16619,0
2026-08-11T15:00:00+05:30,667.5,669.2,663.0,666.7,24854,0
2026-08-11T15:15:00+05:30,667.2,677.0,666.2,674.35,56820,0
2026-08-12T09:15:00+05:30,675.0,678.15,650.0,654.0,65146,0
2026-08-12T09:30:00+05:30,650.45,660.75,650.45,658.1,34414,0
2026-08-12T09:45:00+05:30,657.3,665.3,656.2,664.5,24162,0
2026-08-12T10:00:00+05:30,664.5,666.0,661.65,665.0,15730,0
2026-08-12T10:15:00+05:30,665.0,681.0,664.8,676.45,56991,0
2026-08-12T10:30:00+05:30,676.45,678.95,670.0,670.95,34457,0
2026-08-12T10:45:00+05:30,670.95,671.85,667.0,670.5,12928,0
2026-08-12T11:00:00+05:30,670.55,683.0,667.6,681.0,41540,0
2026-08-12T11:15:00+05:30,680.95,683.55,675.0,676.35,25335,0
2026-08-12T11:30:00+05:30,676.2,676.9,673.75,676.55,11190,0
2026-08-12T11:45:00+05:30,676.35,682.5,676.0,681.3,29725,0
2026-08-12T12:00:00+05:30,680.0,687.0,680.0,681.75,52752,0
2026-08-12T12:15:00+05:30,682.3,683.5,681.0,682.4,7838,0
2026-08-12T12:30:00+05:30,681.7,683.45,681.6,682.0,7780,0
2026-08-12T12:45:00+05:30,682.0,684.0,681.0,682.15,19531,0
2026-08-12T13:00:00+05:30,681.5,682.0,678.35,680.85,5700,0
2026-08-12T13:15:00+05:30,680.9,685.5,678.05,682.45,24761,0
2026-08-12T13:30:00+05:30,682.0,687.5,680.85,684.95,24264,0
2026-08-12T13:45:00+05:30,685.65,688.8,682.55,687.45,24948,0
2026-08-12T14:00:00+05:30,687.2,690.5,685.2,689.6,34547,0
2026-08-12T14:15:00+05:30,688.75,689.8,686.4,688.65,19265,0
2026-08-12T14:30:00+05:30,688.6,692.1,688.25,691.0,29600,0
2026-08-12T14:45:00+05:30,690.65,694.9,690.6,691.25,40235,0
2026-08-12T15:00:00+05:30,691.0,697.7,689.0,697.15,75454,0
2026-08-12T15:15:00+05:30,697.1,699.0,693.3,693.3,64065,0
2026-08-13T09:15:00+05:30,696.1,698.45,685.1,694.15,49402,0
2026-08-13T09:30:00+05:30,694.15,695.0,685.1,685.1,23703,0
2026-08-13T09:45:00+05:30,685.65,692.65,685.5,692.5,12494,0
2026-08-13T10:00:00+05:30,691.6,692.45,674.3,678.05,29840,0
2026-08-13T10:15:00+05:30,678.1,679.4,674.35,678.45,24406,0
2026-08-13T10:30:00+05:30,678.4,680.4,666.0,669.85,43762,0
2026-08-13T10:45:00+05:30,669.0,673.0,661.1,669.7,55286,0
2026-08-13T11:00:00+05:30,669.5,671.0,661.55,666.75,22577,0
2026-08-13T11:15:00+05:30,666.35,672.0,665.1,670.4,13986,0
2026-08-13T11:30:00+05:30,670.4,674.7,669.6,670.7,9026,0
2026-08-13T11:45:00+05:30,670.75,671.25,667.75,668.5,5893,0
2026-08-13T12:00:00+05:30,668.55,672.75,668.1,668.5,4549,0
2026-08-13T12:15:00+05:30,668.4,672.1,667.8,672.1,4840,0
2026-08-13T12:30:00+05:30,672.1,674.5,670.0,670.3,5297,0
2026-08-13T12:45:00+05:30,670.35,671.0,668.0,668.85,6202,0
2026-08-13T13:00:00+05:30,668.95,669.35,664.55,665.95,6976,0
2026-08-13T13:15:00+05:30,665.6,665.95,662.85,663.9,5837,0
2026-08-13T13:30:00+05:30,664.65,666.45,663.65,665.05,2200,0
2026-08-13T13:45:00+05:30,665.4,665.85,663.0,664.7,2247,0
2026-08-13T14:00:00+05:30,664.7,664.8,663.0,663.25,2764,0
2026-08-13T14:15:00+05:30,663.25,666.3,663.0,664.4,6754,0
2026-08-13T14:30:00+05:30,664.45,669.95,656.2,669.95,31596,0
2026-08-13T14:45:00+05:30,668.4,668.75,665.75,666.4,8195,0
2026-08-13T15:00:00+05:30,666.4,671.0,665.05,668.95,20854,0
2026-08-13T15:15:00+05:30,668.9,669.0,660.3,664.0,27655,0
2026-08-14T09:15:00+05:30,670.0,681.3,662.25,673.5,38124,0
2026-08-14T09:30:00+05:30,673.5,676.65,661.25,665.25,19825,0
2026-08-14T09:45:00+05:30,665.25,668.4,664.2,665.45,6906,0
2026-08-14T10:00:00+05:30,666.15,667.0,663.05,664.4,4166,0
2026-08-14T10:15:00+05:30,664.5,664.8,661.8,663.4,10137,0
2026-08-14T10:30:00+05:30,663.8,665.85,663.05,665.85,4572,0
2026-08-14T10:45:00+05:30,665.85,667.75,665.0,665.15,4325,0
2026-08-14T11:00:00+05:30,665.2,667.15,664.05,666.25,6473,0
2026-08-14T11:15:00+05:30,666.25,669.9,665.4,668.45,6529,0
2026-08-14T11:30:00+05:30,668.15,670.0,664.95,670.0,5961,0
2026-08-14T11:45:00+05:30,669.65,673.65,668.0,671.55,9288,0
2026-08-14T12:00:00+05:30,670.8,672.45,670.2,671.55,5413,0
2026-08-14T12:15:00+05:30,670.95,671.45,668.85,669.35,725,0
2026-08-14T12:30:00+05:30,670.2,670.25,666.8,668.0,4157,0
2026-08-14T12:45:00+05:30,668.0,668.45,666.8,667.3,963,0
2026-08-14T13:00:00+05:30,667.3,668.15,666.2,668.0,616,0
2026-08-14T13:15:00+05:30,668.0,668.25,666.0,667.15,1563,0
2026-08-14T13:30:00+05:30,667.15,669.85,665.45,667.6,4888,0
2026-08-14T13:45:00+05:30,668.35,672.2,668.2,669.95,10180,0
2026-08-14T14:00:00+05:30,670.95,673.8,670.0,671.3,6589,0
2026-08-14T14:15:00+05:30,671.3,672.0,670.5,670.6,1872,0
2026-08-14T14:30:00+05:30,671.35,671.4,670.0,670.0,1378,0
2026-08-14T14:45:00+05:30,670.35,670.8,667.4,668.0,4549,0
2026-08-14T15:00:00+05:30,668.05,671.35,667.25,670.0,7659,0
2026-08-14T15:15:00+05:30,669.75,671.0,665.5,671.0,14045,0
2026-08-17T09:15:00+05:30,672.05,683.8,664.0,677.75,47743,0
2026-08-17T09:30:00+05:30,677.75,687.05,677.0,681.05,43774,0
2026-08-17T09:45:00+05:30,681.95,682.75,676.05,681.35,12199,0
2026-08-17T10:00:00+05:30,680.55,688.25,676.0,682.0,28162,0
2026-08-17T10:15:00+05:30,681.9,685.0,679.35,681.3,5466,0
2026-08-17T10:30:00+05:30,680.2,683.0,680.0,681.0,2898,0
2026-08-17T10:45:00+05:30,680.7,682.8,679.15,679.9,4544,0
2026-08-17T11:00:00+05:30,680.7,680.85,678.05,679.2,2925,0
2026-08-17T11:15:00+05:30,679.15,683.0,679.15,682.8,5890,0
2026-08-17T11:30:00+05:30,684.15,684.15,681.2,682.65,7564,0
2026-08-17T11:45:00+05:30,683.5,683.75,679.15,681.3,3897,0
2026-08-17T12:00:00+05:30,682.0,682.4,680.0,681.7,4091,0
2026-08-17T12:15:00+05:30,682.45,683.85,682.45,683.4,3827,0
2026-08-17T12:30:00+05:30,682.65,685.0,682.5,684.3,2580,0
2026-08-17T12:45:00+05:30,684.3,686.9,680.05,680.85,13825,0
2026-08-17T13:00:00+05:30,681.0,682.95,681.0,682.05,14807,0
2026-08-17T13:15:00+05:30,682.85,682.9,681.0,682.05,2047,0
2026-08-17T13:30:00+05:30,682.05,682.35,680.0,680.0,1975,0
2026-08-17T13:45:00+05:30,680.9,681.85,678.6,680.85,3570,0
2026-08-17T14:00:00+05:30,680.4,682.15,680.0,680.0,3002,0
2026-08-17T14:15:00+05:30,680.0,681.1,677.3,678.5,5789,0
2026-08-17T14:30:00+05:30,679.2,679.8,678.5,678.55,4075,0
2026-08-17T14:45:00+05:30,678.55,680.0,678.5,679.85,4287,0
2026-08-17T15:00:00+05:30,679.85,681.85,676.2,680.05,22085,0
2026-08-17T15:15:00+05:30,680.8,684.05,678.05,679.2,29283,0
2026-08-18T09:15:00+05:30,683.45,690.75,677.9,683.85,27252,0
2026-08-18T09:30:00+05:30,683.3,686.25,680.4,680.4,16767,0
2026-08-18T09:45:00+05:30,681.2,683.2,679.45,681.1,7550,0
2026-08-18T10:00:00+05:30,680.05,683.85,679.0,682.1,7069,0
2026-08-18T10:15:00+05:30,682.7,691.0,681.35,690.0,28167,0
2026-08-18T10:30:00+05:30,690.0,692.0,685.0,687.0,25228,0
2026-08-18T10:45:00+05:30,686.75,694.4,683.85,694.4,29681,0
2026-08-18T11:00:00+05:30,694.4,698.0,691.7,698.0,34507,0
2026-08-18T11:15:00+05:30,697.6,698.8,693.05,697.45,22288,0
2026-08-18T11:30:00+05:30,697.05,711.5,695.0,711.4,94436,0
2026-08-18T11:45:00+05:30,710.95,714.5,708.1,713.1,70076,0
2026-08-18T12:00:00+05:30,713.1,718.0,709.0,714.15,55188,0
2026-08-18T12:15:00+05:30,714.6,715.5,708.8,712.45,33316,0
2026-08-18T12:30:00+05:30,712.5,712.5,709.95,710.65,13597,0
2026-08-18T12:45:00+05:30,710.65,711.9,705.3,707.15,17401,0
2026-08-18T13:00:00+05:30,707.2,709.4,706.0,708.05,11475,0
2026-08-18T13:15:00+05:30,708.05,711.55,707.75,711.0,9416,0
2026-08-18T13:30:00+05:30,711.0,713.35,710.0,711.0,15302,0
2026-08-18T13:45:00+05:30,711.0,712.5,710.0,712.5,9692,0
2026-08-18T14:00:00+05:30,712.5,717.0,712.0,714.0,25568,0
2026-08-18T14:15:00+05:30,713.9,715.0,712.0,714.55,24589,0
2026-08-18T14:30:00+05:30,714.9,717.8,713.05,717.55,21119,0
2026-08-18T14:45:00+05:30,716.6,718.8,713.95,718.1,35773,0
2026-08-18T15:00:00+05:30,718.0,720.0,717.0,718.0,51222,0
2026-08-18T15:15:00+05:30,717.6,719.0,713.0,715.5,34318,0
2026-08-19T09:15:00+05:30,717.95,720.0,698.05,709.2,57143,0
2026-08-19T09:30:00+05:30,708.85,709.0,696.1,698.5,48920,0
2026-08-19T09:45:00+05:30,698.5,698.5,691.0,691.0,23192,0
2026-08-19T10:00:00+05:30,691.0,697.45,689.25,694.0,27762,0
2026-08-19T10:15:00+05:30,694.05,696.5,691.7,692.0,9759,0
2026-08-19T10:30:00+05:30,692.45,695.0,691.5,694.75,8284,0
2026-08-19T10:45:00+05:30,694.75,695.0,688.5,691.35,12762,0
2026-08-19T11:00:00+05:30,691.0,693.4,689.6,692.45,4703,0
2026-08-19T11:15:00+05:30,692.45,693.45,691.0,692.95,4111,0
2026-08-19T11:30:00+05:30,692.95,694.0,692.0,693.75,7034,0
2026-08-19T11:45:00+05:30,693.7,695.5,692.75,694.35,8319,0
2026-08-19T12:00:00+05:30,693.3,698.0,693.0,698.0,8322,0
2026-08-19T12:15:00+05:30,698.0,698.0,696.0,697.9,7846,0
2026-08-19T12:30:00+05:30,697.8,697.9,693.0,694.5,6039,0
2026-08-19T12:45:00+05:30,694.5,695.8,692.1,693.6,2421,0
2026-08-19T13:00:00+05:30,693.6,696.45,692.45,695.55,3633,0
2026-08-19T13:15:00+05:30,695.4,695.75,692.15,694.45,4120,0
2026-08-19T13:30:00+05:30,694.05,695.0,692.75,694.2,2670,0
2026-08-19T13:45:00+05:30,693.3,694.15,690.6,693.9,5349,0
2026-08-19T14:00:00+05:30,693.05,694.0,690.35,691.25,4060,0
2026-08-19T14:15:00+05:30,691.1,691.9,689.0,690.2,6738,0
2026-08-19T14:30:00+05:30,690.3,694.4,689.05,689.9,13276,0
2026-08-19T14:45:00+05:30,690.0,692.4,689.05,691.7,17115,0
2026-08-19T15:00:00+05:30,691.7,693.0,662.1,668.0,131295,0
2026-08-19T15:15:00+05:30,667.5,669.7,656.7,658.0,198043,0
2026-08-20T09:15:00+05:30,661.55,663.1,642.05,649.05,112523,0
2026-08-20T09:30:00+05:30,649.2,660.1,648.4,659.15,35263,0
2026-08-20T09:45:00+05:30,659.15,671.65,657.0,657.0,52059,0
2026-08-20T10:00:00+05:30,657.0,663.0,655.55,655.55,22837,0
2026-08-20T10:15:00+05:30,656.15,656.9,652.5,656.05,10833,0
2026-08-20T10:30:00+05:30,656.6,663.05,656.1,661.55,21433,0
2026-08-20T10:45:00+05:30,661.25,662.5,660.0,661.7,4181,0
2026-08-20T11:00:00+05:30,661.7,665.0,660.0,662.5,10400,0
2026-08-20T11:15:00+05:30,661.6,662.65,658.8,661.45,4573,0
2026-08-20T11:30:00+05:30,661.7,667.0,660.85,666.1,19601,0
2026-08-20T11:45:00+05:30,666.6,677.6,666.6,676.0,46474,0
2026-08-20T12:00:00+05:30,677.0,679.8,672.1,673.0,24489,0
2026-08-20T12:15:00+05:30,673.05,680.0,672.0,672.75,17343,0
2026-08-20T12:30:00+05:30,672.65,674.95,672.3,672.35,8048,0
2026-08-20T12:45:00+05:30,672.35,673.2,671.0,672.5,8427,0
2026-08-20T13:00:00+05:30,672.5,675.4,671.25,673.5,9923,0
2026-08-20T13:15:00+05:30,673.0,673.0,667.1,669.3,14221,0
2026-08-20T13:30:00+05:30,669.25,669.25,665.0,666.0,4260,0
2026-08-20T13:45:00+05:30,666.0,667.0,665.5,666.6,1911,0
2026-08-20T14:00:00+05:30,666.2,666.2,663.45,664.0,6266,0
2026-08-20T14:15:00+05:30,664.0,664.55,656.15,657.7,25310,0
2026-08-20T14:30:00+05:30,658.2,659.0,656.0,657.85,8112,0
2026-08-20T14:45:00+05:30,657.85,662.95,657.85,661.55,9365,0
2026-08-20T15:00:00+05:30,662.3,662.85,658.0,661.5,15654,0
2026-08-20T15:15:00+05:30,661.35,662.05,655.2,659.95,19093,0
2026-08-21T09:15:00+05:30,654.95,670.0,652.35,665.25,31636,0
2026-08-21T09:30:00+05:30,665.25,674.0,664.0,671.65,27989,0
2026-08-21T09:45:00+05:30,672.4,677.15,669.45,674.55,31316,0
2026-08-21T10:00:00+05:30,674.5,677.65,672.95,675.75,13194,0
2026-08-21T10:15:00+05:30,676.0,679.8,673.25,673.25,30527,0
2026-08-21T10:30:00+05:30,674.0,675.0,673.2,674.35,9138,0
2026-08-21T10:45:00+05:30,674.35,681.5,673.0,680.5,18529,0
2026-08-21T11:00:00+05:30,680.45,682.95,680.0,680.2,11230,0
2026-08-21T11:15:00+05:30,680.5,683.0,680.0,681.05,9626,0
2026-08-21T11:30:00+05:30,681.0,681.9,678.2,679.75,4022,0
2026-08-21T11:45:00+05:30,679.15,688.85,678.8,688.85,69693,0
2026-08-21T12:00:00+05:30,688.3,691.05,685.65,690.55,36576,0
2026-08-21T12:15:00+05:30,691.0,704.35,691.0,701.35,93683,0
2026-08-21T12:30:00+05:30,701.35,702.0,695.5,696.6,58462,0
2026-08-21T12:45:00+05:30,696.7,698.0,694.2,697.75,17309,0
2026-08-21T13:00:00+05:30,697.0,697.8,692.0,695.1,20858,0
2026-08-21T13:15:00+05:30,695.1,697.8,692.75,694.85,7890,0
2026-08-21T13:30:00+05:30,695.0,696.0,693.65,694.0,6099,0
2026-08-21T13:45:00+05:30,694.0,695.95,693.0,694.5,6473,0
2026-08-21T14:00:00+05:30,695.2,695.8,690.65,692.3,12163,0
2026-08-21T14:15:00+05:30,692.85,695.0,692.85,693.5,5778,0
2026-08-21T14:30:00+05:30,693.5,694.4,688.0,689.95,14432,0
2026-08-21T14:45:00+05:30,689.95,691.0,687.85,689.95,7629,0
2026-08-21T15:00:00+05:30,689.35,691.0,686.55,688.45,17764,0
2026-08-21T15:15:00+05:30,688.5,695.5,685.1,690.0,19815,0
2026-08-24T09:15:00+05:30,693.7,694.6,677.55,684.75,29902,0
2026-08-24T09:30:00+05:30,684.7,685.5,677.45,683.1,15662,0
2026-08-24T09:45:00+05:30,683.0,685.45,681.5,683.8,6074,0
2026-08-24T10:00:00+05:30,683.4,685.6,681.9,685.6,2275,0
2026-08-24T10:15:00+05:30,685.6,685.6,681.8,682.35,3219,0
2026-08-24T10:30:00+05:30,682.35,684.9,682.35,684.0,1727,0
2026-08-24T10:45:00+05:30,684.0,684.0,681.55,681.6,3251,0
2026-08-24T11:00:00+05:30,681.6,683.45,681.5,683.3,2766,0
2026-08-24T11:15:00+05:30,683.1,686.0,683.1,686.0,5285,0
2026-08-24T11:30:00+05:30,685.9,686.4,683.25,683.25,5071,0
2026-08-24T11:45:00+05:30,683.7,691.35,681.75,687.7,9143,0
2026-08-24T12:00:00+05:30,686.7,686.7,684.55,685.25,1556,0
2026-08-24T12:15:00+05:30,685.25,685.7,682.45,683.0,478,0
2026-08-24T12:30:00+05:30,683.0,684.1,681.8,683.4,2191,0
2026-08-24T12:45:00+05:30,682.6,685.5,682.5,683.95,2088,0
2026-08-24T13:00:00+05:30,684.85,685.4,682.65,684.05,693,0
2026-08-24T13:15:00+05:30,684.1,684.1,681.9,682.6,2098,0
2026-08-24T13:30:00+05:30,682.6,684.55,681.15,681.2,1576,0
2026-08-24T13:45:00+05:30,681.55,686.8,680.0,686.35,3123,0
2026-08-24T14:00:00+05:30,685.7,687.15,680.0,680.6,5824,0
2026-08-24T14:15:00+05:30,681.05,682.35,675.2,678.6,8071,0
2026-08-24T14:30:00+05:30,678.6,679.95,676.2,679.0,2188,0
2026-08-24T14:45:00+05:30,679.45,680.0,676.25,678.0,2425,0
2026-08-24T15:00:00+05:30,677.3,682.3,675.25,679.45,14979,0
2026-08-24T15:15:00+05:30,679.75,681.0,672.3,672.3,16077,0
2026-08-25T09:15:00+05:30,675.45,678.35,670.0,671.1,11628,0
2026-08-25T09:30:00+05:30,670.8,671.55,661.2,661.2,18188,0
2026-08-25T09:45:00+05:30,661.2,664.95,660.0,663.3,19835,0
2026-08-25T10:00:00+05:30,663.15,663.15,658.55,662.2,12070,0
2026-08-25T10:15:00+05:30,662.15,662.35,658.05,658.45,9994,0
2026-08-25T10:30:00+05:30,658.45,660.05,657.0,658.25,5459,0
2026-08-25T10:45:00+05:30,658.25,659.2,657.0,657.9,4084,0
2026-08-25T11:00:00+05:30,657.9,661.4,657.0,661.1,3408,0
2026-08-25T11:15:00+05:30,661.2,661.25,659.7,660.4,1661,0
2026-08-25T11:30:00+05:30,660.95,662.6,657.65,658.0,2768,0
2026-08-25T11:45:00+05:30,658.0,658.95,656.05,658.05,6231,0
2026-08-25T12:00:00+05:30,658.05,659.45,655.1,656.4,6815,0
2026-08-25T12:15:00+05:30,656.4,657.25,654.6,654.6,7415,0
2026-08-25T12:30:00+05:30,654.6,655.2,651.0,652.15,16697,0
2026-08-25T12:45:00+05:30,652.2,653.5,651.0,653.0,7330,0
2026-08-25T13:00:00+05:30,653.0,653.6,651.6,653.2,2599,0
2026-08-25T13:15:00+05:30,653.2,654.05,651.0,653.4,5655,0
2026-08-25T13:30:00+05:30,652.85,652.9,651.2,652.25,1819,0
2026-08-25T13:45:00+05:30,652.25,653.0,651.1,651.95,1110,0
2026-08-25T14:00:00+05:30,652.25,652.6,647.35,648.6,9478,0
2026-08-25T14:15:00+05:30,648.55,652.0,648.55,651.55,4314,0
2026-08-25T14:30:00+05:30,650.75,652.5,650.65,651.25,1594,0
2026-08-25T14:45:00+05:30,650.95,653.0,650.95,651.95,3336,0
2026-08-25T15:00:00+05:30,651.95,655.0,650.5,650.5,15663,0
2026-08-25T15:15:00+05:30,650.55,651.0,645.15,647.0,26691,0
2026-08-26T09:15:00+05:30,650.05,651.95,626.05,638.45,90837,0
2026-08-26T09:30:00+05:30,637.95,647.2,636.45,643.9,26712,0
2026-08-26T09:45:00+05:30,643.3,648.85,643.05,645.15,12990,0
2026-08-26T10:00:00+05:30,645.9,656.55,645.15,654.45,27609,0
2026-08-26T10:15:00+05:30,654.45,665.05,652.25,662.5,27693,0
2026-08-26T10:30:00+05:30,662.95,668.7,659.35,665.35,24458,0
2026-08-26T10:45:00+05:30,666.0,668.7,662.0,664.0,12153,0
2026-08-26T11:00:00+05:30,664.0,665.5,661.45,663.65,7473,0
2026-08-26T11:15:00+05:30,663.9,664.75,662.35,664.25,2971,0
2026-08-26T11:30:00+05:30,664.0,664.25,661.45,662.45,2452,0
2026-08-26T11:45:00+05:30,662.2,667.4,661.5,665.0,17435,0
2026-08-26T12:00:00+05:30,665.1,668.7,664.3,668.0,4083,0
2026-08-26T12:15:00+05:30,668.1,669.9,665.55,666.2,6719,0
2026-08-26T12:30:00+05:30,666.2,666.2,660.65,664.7,7440,0
2026-08-26T12:45:00+05:30,664.9,664.9,657.5,663.25,21919,0
2026-08-26T13:00:00+05:30,662.65,671.9,660.95,667.3,13744,0
2026-08-26T13:15:00+05:30,667.3,669.35,663.05,665.85,6138,0
2026-08-26T13:30:00+05:30,665.25,665.85,662.5,664.2,3330,0
2026-08-26T13:45:00+05:30,664.2,664.95,663.25,664.95,1134,0
2026-08-26T14:00:00+05:30,664.3,664.95,663.65,664.3,691,0
2026-08-26T14:15:00+05:30,664.3,665.45,663.45,664.65,1093,0
2026-08-26T14:30:00+05:30,664.65,664.75,661.75,662.05,3581,0
2026-08-26T14:45:00+05:30,662.6,664.75,660.15,663.95,5031,0
2026-08-26T15:00:00+05:30,663.45,666.95,660.0,666.15,23987,0
2026-08-26T15:15:00+05:30,666.4,669.75,660.0,665.9,30530,0
2026-08-27T09:15:00+05:30,667.0,669.65,658.55,663.55,15419,0
2026-08-27T09:30:00+05:30,663.05,666.75,658.7,664.6,14089,0
2026-08-27T09:45:00+05:30,664.55,664.6,656.15,658.45,9193,0
2026-08-27T10:00:00+05:30,658.4,659.6,657.35,659.4,2671,0
2026-08-27T10:15:00+05:30,659.05,661.95,658.1,661.95,4500,0
2026-08-27T10:30:00+05:30,661.0,671.4,661.0,667.4,14941,0
2026-08-27T10:45:00+05:30,667.0,671.45,664.05,671.4,8802,0
2026-08-27T11:00:00+05:30,670.9,675.0,670.15,671.15,13393,0
2026-08-27T11:15:00+05:30,671.5,675.0,671.0,673.0,11928,0
2026-08-27T11:30:00+05:30,673.05,674.0,667.3,668.05,6908,0
2026-08-27T11:45:00+05:30,668.05,672.4,667.3,671.0,6455,0
2026-08-27T12:00:00+05:30,670.3,672.45,668.05,671.55,1750,0
2026-08-27T12:15:00+05:30,671.85,672.3,670.25,670.25,626,0
2026-08-27T12:30:00+05:30,670.15,671.65,667.55,670.15,6046,0
2026-08-27T12:45:00+05:30,670.15,671.25,669.35,669.35,300,0
2026-08-27T13:00:00+05:30,669.35,670.8,669.25,669.25,952,0
2026-08-27T13:15:00+05:30,669.8,672.0,667.95,668.6,3421,0
2026-08-27T13:30:00+05:30,668.8,670.45,668.1,668.1,5104,0
2026-08-27T13:45:00+05:30,668.2,669.4,666.0,667.35,5544,0
2026-08-27T14:00:00+05:30,667.15,667.55,665.2,667.0,2913,0
2026-08-27T14:15:00+05:30,667.0,667.95,662.25,662.9,13411,0
2026-08-27T14:30:00+05:30,662.55,665.0,661.75,663.4,13201,0
2026-08-27T14:45:00+05:30,663.45,666.0,663.0,664.9,5528,0
2026-08-27T15:00:00+05:30,664.25,669.15,662.0,667.25,12047,0
2026-08-27T15:15:00+05:30,667.2,672.0,665.0,665.0,15628,0
2026-08-28T09:15:00+05:30,666.0,685.0,666.0,683.0,46077,0
2026-08-28T09:30:00+05:30,683.2,685.25,678.2,679.45,22983,0
2026-08-28T09:45:00+05:30,678.5,679.35,676.4,677.2,8031,0
2026-08-28T10:00:00+05:30,677.05,678.95,672.75,677.25,9755,0
2026-08-28T10:15:00+05:30,677.0,677.85,674.1,674.2,3107,0
2026-08-28T10:30:00+05:30,675.25,680.65,674.2,676.55,5422,0
2026-08-28T10:45:00+05:30,677.0,679.35,676.4,679.3,2293,0
2026-08-28T11:00:00+05:30,678.15,679.7,674.3,679.45,7176,0
2026-08-28T11:15:00+05:30,679.5,685.0,678.8,680.05,14335,0
2026-08-28T11:30:00+05:30,680.6,681.6,677.65,678.0,4638,0
2026-08-28T11:45:00+05:30,678.5,678.8,675.05,675.05,3100,0
2026-08-28T12:00:00+05:30,676.15,677.7,674.9,677.55,1833,0
2026-08-28T12:15:00+05:30,677.55,679.35,676.05,677.8,4212,0
2026-08-28T12:30:00+05:30,677.8,679.55,676.6,678.3,1606,0
2026-08-28T12:45:00+05:30,678.3,679.95,677.25,677.3,1835,0
2026-08-28T13:00:00+05:30,678.1,678.5,676.15,676.6,2959,0
2026-08-28T13:15:00+05:30,676.45,677.55,675.2,675.65,1442,0
2026-08-28T13:30:00+05:30,675.9,678.45,675.45,677.05,922,0
2026-08-28T13:45:00+05:30,677.0,678.7,675.55,677.0,1156,0
2026-08-28T14:00:00+05:30,677.0,677.0,670.9,674.85,4633,0
2026-08-28T14:15:00+05:30,675.0,676.65,674.2,674.3,948,0
2026-08-28T14:30:00+05:30,673.6,677.55,673.25,675.4,3535,0
2026-08-28T14:45:00+05:30,675.4,675.4,673.9,675.0,3008,0
2026-08-28T15:00:00+05:30,675.25,678.45,673.2,673.95,12095,0
2026-08-28T15:15:00+05:30,675.25,675.9,671.35,672.0,17129,0
2026-08-31T09:15:00+05:30,676.6,676.6,665.0,666.0,22139,0
2026-08-31T09:30:00+05:30,666.4,674.0,665.0,666.25,24234,0
2026-08-31T09:45:00+05:30,666.35,667.15,660.0,665.2,22558,0
2026-08-31T10:00:00+05:30,665.15,671.9,660.0,670.75,18262,0
2026-08-31T10:15:00+05:30,670.3,674.1,668.45,672.85,5631,0
2026-08-31T10:30:00+05:30,673.35,674.85,671.35,673.1,3577,0
2026-08-31T10:45:00+05:30,672.3,672.7,666.0,668.95,5726,0
2026-08-31T11:00:00+05:30,668.95,671.7,668.0,669.0,1206,0
2026-08-31T11:15:00+05:30,668.8,674.0,668.0,671.75,5532,0
2026-08-31T11:30:00+05:30,671.8,682.3,671.4,678.15,14107,0
2026-08-31T11:45:00+05:30,678.75,678.75,676.0,676.25,1762,0
2026-08-31T12:00:00+05:30,676.95,683.05,676.55,681.65,11823,0
2026-08-31T12:15:00+05:30,681.65,682.5,679.5,681.55,10819,0
2026-08-31T12:30:00+05:30,681.15,681.15,675.0,679.8,17744,0
2026-08-31T12:45:00+05:30,680.75,682.5,680.05,682.5,3463,0
2026-08-31T13:00:00+05:30,682.5,685.0,681.4,683.7,9051,0
2026-08-31T13:15:00+05:30,683.15,684.9,681.4,683.5,11470,0
2026-08-31T13:30:00+05:30,683.25,684.05,680.0,680.0,2487,0
2026-08-31T13:45:00+05:30,680.0,681.75,679.25,680.5,17377,0
2026-08-31T14:00:00+05:30,680.5,682.0,679.25,682.0,5286,0
2026-08-31T14:15:00+05:30,681.65,683.2,681.05,682.85,3941,0
2026-08-31T14:30:00+05:30,682.9,691.0,680.75,689.55,34183,0
2026-08-31T14:45:00+05:30,689.8,694.5,686.4,692.55,23791,0
2026-08-31T15:00:00+05:30,692.55,693.8,688.2,691.0,13872,0
2026-08-31T15:15:00+05:30,690.9,692.25,683.35,687.7,17418,0
2026-09-01T09:15:00+05:30,703.7,704.95,690.05,690.65,59717,0
2026-09-01T09:30:00+05:30,690.65,695.0,684.0,686.65,24299,0
2026-09-01T09:45:00+05:30,686.85,694.0,684.7,691.9,16231,0
2026-09-01T10:00:00+05:30,691.9,694.9,684.95,685.0,13316,0
2026-09-01T10:15:00+05:30,685.0,685.0,669.95,681.5,31936,0
2026-09-01T10:30:00+05:30,681.55,682.3,671.35,674.2,16258,0
2026-09-01T10:45:00+05:30,673.95,680.7,673.0,674.3,25889,0
2026-09-01T11:00:00+05:30,674.35,674.85,671.85,674.1,4713,0
2026-09-01T11:15:00+05:30,673.3,675.25,672.8,673.35,2311,0
2026-09-01T11:30:00+05:30,674.15,674.95,670.5,671.75,8123,0
2026-09-01T11:45:00+05:30,672.45,672.8,671.0,671.25,4912,0
2026-09-01T12:00:00+05:30,671.25,672.25,670.0,671.0,6757,0
2026-09-01T12:15:00+05:30,671.0,671.0,667.6,668.25,8243,0
2026-09-01T12:30:00+05:30,668.25,669.55,666.0,669.35,7368,0
2026-09-01T12:45:00+05:30,669.25,670.0,665.0,668.45,6253,0
2026-09-01T13:00:00+05:30,667.4,671.0,665.3,666.8,5127,0
2026-09-01T13:15:00+05:30,666.85,667.75,666.0,666.65,2431,0
2026-09-01T13:30:00+05:30,667.25,668.5,665.0,666.25,5025,0
2026-09-01T13:45:00+05:30,666.25,667.15,665.0,665.55,8158,0
2026-09-01T14:00:00+05:30,665.0,667.5,660.0,665.65,16885,0
2026-09-01T14:15:00+05:30,666.0,667.5,664.6,665.65,2251,0
2026-09-01T14:30:00+05:30,666.0,666.0,663.1,664.65,2736,0
2026-09-01T14:45:00+05:30,665.5,666.0,662.5,666.0,4295,0
2026-09-01T15:00:00+05:30,666.0,666.55,663.0,664.75,37757,0
2026-09-01T15:15:00+05:30,664.05,665.95,661.05,664.0,12166,0
2026-09-02T09:15:00+05:30,666.85,677.85,660.55,663.65,35475,0
2026-09-02T09:30:00+05:30,663.75,674.0,662.7,666.8,12112,0
2026-09-02T09:45:00+05:30,666.05,667.5,664.8,667.5,6782,0
2026-09-02T10:00:00+05:30,667.5,673.25,666.0,672.75,12697,0
2026-09-02T10:15:00+05:30,672.4,675.0,669.8,670.0,12743,0
2026-09-02T10:30:00+05:30,670.75,679.0,670.75,679.0,7326,0
2026-09-02T10:45:00+05:30,678.3,681.9,675.0,681.35,23594,0
2026-09-02T11:00:00+05:30,681.2,681.35,674.0,675.0,6895,0
2026-09-02T11:15:00+05:30,676.15,676.9,674.0,675.0,2612,0
2026-09-02T11:30:00+05:30,674.65,676.5,664.0,665.6,14283,0
2026-09-02T11:45:00+05:30,666.25,669.2,664.0,667.4,6705,0
2026-09-02T12:00:00+05:30,667.2,667.25,664.7,666.9,3291,0
2026-09-02T12:15:00+05:30,666.75,669.95,665.6,668.1,3630,0
2026-09-02T12:30:00+05:30,668.65,669.3,655.0,660.0,30505,0
2026-09-02T12:45:00+05:30,660.0,669.9,658.0,669.65,12134,0
2026-09-02T13:00:00+05:30,669.75,680.0,668.95,680.0,17366,0
2026-09-02T13:15:00+05:30,679.9,680.15,675.85,678.4,10169,0
2026-09-02T13:30:00+05:30,678.4,679.45,672.65,677.65,8367,0
2026-09-02T13:45:00+05:30,676.95,677.65,673.55,674.65,5790,0
2026-09-02T14:00:00+05:30,674.4,675.0,673.0,673.95,4244,0
2026-09-02T14:15:00+05:30,674.4,679.7,673.2,676.75,14437,0
2026-09-02T14:30:00+05:30,677.2,679.45,676.0,679.45,7570,0
2026-09-02T14:45:00+05:30,679.45,679.7,678.6,679.7,7746,0
2026-09-02T15:00:00+05:30,679.5,687.5,676.0,686.35,40322,0
2026-09-02T15:15:00+05:30,686.65,704.5,684.7,697.05,143457,0
2026-09-03T09:15:00+05:30,712.0,719.8,704.1,710.15,114699,0
2026-09-03T09:30:00+05:30,711.0,729.8,710.2,720.2,253370,0
2026-09-03T09:45:00+05:30,720.65,729.5,716.55,726.5,71054,0
2026-09-03T10:00:00+05:30,726.0,732.6,723.9,729.7,88958,0
2026-09-03T10:15:00+05:30,729.7,737.4,726.4,732.35,115094,0
2026-09-03T10:30:00+05:30,731.9,738.7,731.5,738.7,83534,0
2026-09-03T10:45:00+05:30,738.7,739.0,733.2,737.35,47969,0
2026-09-03T11:00:00+05:30,737.25,738.6,733.35,734.8,22602,0
2026-09-03T11:15:00+05:30,735.0,737.5,733.45,734.4,44852,0
2026-09-03T11:30:00+05:30,734.35,736.0,726.65,729.4,94176,0
2026-09-03T11:45:00+05:30,727.85,732.05,727.3,727.8,17321,0
2026-09-03T12:00:00+05:30,727.6,734.05,727.6,732.0,16464,0
2026-09-03T12:15:00+05:30,730.5,736.5,728.0,736.0,71754,0
2026-09-03T12:30:00+05:30,735.95,739.85,735.0,736.1,61510,0
2026-09-03T12:45:00+05:30,737.0,738.25,734.35,736.7,23867,0
2026-09-03T13:00:00+05:30,737.0,738.0,734.0,735.35,20976,0
2026-09-03T13:15:00+05:30,735.4,738.0,730.85,735.2,27083,0
2026-09-03T13:30:00+05:30,735.25,737.7,735.0,735.95,16461,0
2026-09-03T13:45:00+05:30,735.95,737.7,735.95,737.3,9502,0
2026-09-03T14:00:00+05:30,737.5,737.55,735.0,736.4,28914,0
2026-09-03T14:15:00+05:30,736.4,744.7,736.05,738.05,70695,0
2026-09-03T14:30:00+05:30,738.7,741.15,737.95,739.0,20959,0
2026-09-03T14:45:00+05:30,739.0,742.8,738.1,741.0,33009,0
2026-09-03T15:00:00+05:30,741.0,748.1,738.0,745.2,96330,0
2026-09-03T15:15:00+05:30,745.45,749.0,742.2,748.05,126456,0
