timestamp,open,high,low,close,volume,oi
2026-02-26T09:15:00+05:30,233.35,233.65,230.25,231.0,30964,0
2026-02-26T09:30:00+05:30,231.2,231.6,226.45,227.85,42144,0
2026-02-26T09:45:00+05:30,227.8,228.35,222.6,225.5,106778,0
2026-02-26T10:00:00+05:30,225.5,225.7,223.85,224.6,10121,0
2026-02-26T10:15:00+05:30,224.6,224.7,220.2,220.5,79761,0
2026-02-26T10:30:00+05:30,220.65,221.95,220.0,221.4,29967,0
2026-02-26T10:45:00+05:30,221.4,226.65,220.05,225.2,69731,0
2026-02-26T11:00:00+05:30,225.4,226.05,222.25,223.1,24658,0
2026-02-26T11:15:00+05:30,223.05,225.2,221.7,225.2,36097,0
2026-02-26T11:30:00+05:30,225.05,225.15,223.5,223.5,10716,0
2026-02-26T11:45:00+05:30,223.5,223.95,222.75,222.8,3520,0
2026-02-26T12:00:00+05:30,223.0,224.6,223.0,223.05,23326,0
2026-02-26T12:15:00+05:30,223.05,223.15,221.4,222.05,9144,0
2026-02-26T12:30:00+05:30,222.05,222.8,221.0,222.8,4597,0
2026-02-26T12:45:00+05:30,222.85,228.1,221.7,223.85,51269,0
2026-02-26T13:00:00+05:30,224.4,225.3,223.9,224.1,7697,0
2026-02-26T13:15:00+05:30,224.1,224.1,222.55,223.25,7910,0
2026-02-26T13:30:00+05:30,223.25,223.35,221.85,223.35,8020,0
2026-02-26T13:45:00+05:30,223.4,223.5,221.9,222.65,10119,0
2026-02-26T14:00:00+05:30,222.4,223.65,219.6,223.05,66285,0
2026-02-26T14:15:00+05:30,223.2,223.9,222.6,223.75,6354,0
2026-02-26T14:30:00+05:30,223.95,224.9,223.8,224.8,12978,0
2026-02-26T14:45:00+05:30,224.7,225.05,223.95,224.75,52670,0
2026-02-26T15:00:00+05:30,224.75,226.2,224.0,225.25,27937,0
2026-02-26T15:15:00+05:30,225.0,227.0,223.9,226.0,37645,0
2026-02-27T09:15:00+05:30,227.15,227.15,223.0,225.05,14204,0
2026-02-27T09:30:00+05:30,225.35,227.7,224.55,226.3,7247,0
2026-02-27T09:45:00+05:30,226.0,226.95,225.35,226.35,5331,0
2026-02-27T10:00:00+05:30,226.5,226.5,225.8,225.8,855,0
2026-02-27T10:15:00+05:30,225.8,226.15,225.55,225.9,836,0
2026-02-27T10:30:00+05:30,225.9,225.9,221.95,222.3,14105,0
2026-02-27T10:45:00+05:30,222.7,222.95,220.0,221.05,41034,0
2026-02-27T11:00:00+05:30,221.35,222.4,221.1,222.0,5481,0
2026-02-27T11:15:00+05:30,222.0,222.25,221.4,221.55,2735,0
2026-02-27T11:30:00+05:30,221.35,221.35,220.1,220.75,6087,0
2026-02-27T11:45:00+05:30,221.05,221.05,220.05,220.05,3013,0
2026-02-27T12:00:00+05:30,220.5,220.75,219.5,220.05,8622,0
2026-02-27T12:15:00+05:30,220.0,220.85,219.0,219.6,8406,0
2026-02-27T12:30:00+05:30,219.4,221.4,218.3,220.4,15124,0
2026-02-27T12:45:00+05:30,220.4,221.15,219.35,219.4,5795,0
2026-02-27T13:00:00+05:30,219.4,219.75,216.2,218.0,12324,0
2026-02-27T13:15:00+05:30,218.4,222.35,217.8,221.5,13074,0
2026-02-27T13:30:00+05:30,221.55,222.05,221.05,221.45,2207,0
2026-02-27T13:45:00+05:30,221.4,222.1,220.9,222.05,4939,0
2026-02-27T14:00:00+05:30,222.25,222.5,220.55,221.85,16644,0
2026-02-27T14:15:00+05:30,222.2,223.95,222.1,223.5,18413,0
2026-02-27T14:30:00+05:30,223.5,226.4,222.95,225.0,25746,0
2026-02-27T14:45:00+05:30,225.0,225.8,225.0,225.45,2055,0
2026-02-27T15:00:00+05:30,225.25,225.25,222.0,222.45,45511,0
2026-02-27T15:15:00+05:30,222.95,225.9,222.0,223.5,91228,0
2026-03-02T09:15:00+05:30,213.25,222.6,213.0,222.3,54128,0
2026-03-02T09:30:00+05:30,221.96,223.8,221.81,222.1,10529,0
2026-03-02T09:45:00+05:30,222.09,223.44,221.93,222.64,2723,0
2026-03-02T10:00:00+05:30,222.89,223.11,220.88,222.07,10188,0
2026-03-02T10:15:00+05:30,221.9,223.09,221.9,222.18,9656,0
2026-03-02T10:30:00+05:30,222.23,222.92,220.88,221.54,5264,0
2026-03-02T10:45:00+05:30,221.28,221.84,220.1,221.61,16356,0
2026-03-02T11:00:00+05:30,221.92,221.94,221.12,221.41,818,0
2026-03-02T11:15:00+05:30,221.58,221.58,220.1,220.46,7327,0
2026-03-02T11:30:00+05:30,220.32,220.45,218.1,219.11,19779,0
2026-03-02T11:45:00+05:30,219.6,219.6,218.1,218.5,4985,0
2026-03-02T12:00:00+05:30,218.47,218.7,218.1,218.32,1490,0
2026-03-02T12:15:00+05:30,218.33,218.33,217.1,217.95,8597,0
2026-03-02T12:30:00+05:30,217.92,217.95,217.22,217.79,2315,0
2026-03-02T12:45:00+05:30,217.79,218.45,217.1,217.43,4953,0
2026-03-02T13:00:00+05:30,217.43,222.0,217.11,221.53,40518,0
2026-03-02T13:15:00+05:30,221.65,227.98,221.01,227.56,27538,0
2026-03-02T13:30:00+05:30,227.43,229.0,225.18,226.58,56332,0
2026-03-02T13:45:00+05:30,226.77,227.68,226.0,226.3,10259,0
2026-03-02T14:00:00+05:30,226.21,229.87,226.0,229.87,13404,0
2026-03-02T14:15:00+05:30,229.94,229.99,227.77,227.79,10060,0
2026-03-02T14:30:00+05:30,227.51,228.8,227.0,227.62,3219,0
2026-03-02T14:45:00+05:30,227.74,230.5,227.0,229.48,24572,0
2026-03-02T15:00:00+05:30,229.07,229.24,227.06,228.16,21279,0
2026-03-02T15:15:00+05:30,227.8,229.5,226.87,227.5,81052,0
2026-03-04T09:15:00+05:30,221.2,226.58,220.48,226.24,19320,0
2026-03-04T09:30:00+05:30,226.24,228.17,225.53,227.63,9475,0
2026-03-04T09:45:00+05:30,227.63,229.45,227.18,228.96,14425,0
2026-03-04T10:00:00+05:30,228.96,229.32,228.16,229.3,18456,0
2026-03-04T10:15:00+05:30,229.3,230.7,229.0,230.7,6520,0
2026-03-04T10:30:00+05:30,230.63,231.14,230.0,230.15,10000,0
2026-03-04T10:45:00+05:30,230.15,231.01,228.63,229.61,14564,0
2026-03-04T11:00:00+05:30,229.01,231.59,228.88,230.89,6817,0
2026-03-04T11:15:00+05:30,230.89,231.07,230.0,230.5,9493,0
2026-03-04T11:30:00+05:30,230.73,232.95,230.5,231.0,38853,0
2026-03-04T11:45:00+05:30,230.93,230.93,229.0,229.0,5569,0
2026-03-04T12:00:00+05:30,229.01,229.45,228.0,228.39,10049,0
2026-03-04T12:15:00+05:30,228.51,230.11,227.5,229.41,54288,0
2026-03-04T12:30:00+05:30,229.41,230.9,228.68,229.87,3228,0
2026-03-04T12:45:00+05:30,229.87,230.5,229.0,229.36,3262,0
2026-03-04T13:00:00+05:30,229.36,230.89,229.36,230.87,3968,0
2026-03-04T13:15:00+05:30,230.84,230.94,230.08,230.7,1603,0
2026-03-04T13:30:00+05:30,230.36,230.74,230.0,230.0,1526,0
2026-03-04T13:45:00+05:30,230.1,230.43,229.16,230.39,5687,0
2026-03-04T14:00:00+05:30,230.39,230.95,230.23,230.89,1230,0
2026-03-04T14:15:00+05:30,230.91,231.0,227.37,228.54,37592,0
2026-03-04T14:30:00+05:30,228.49,231.36,228.18,230.67,52807,0
2026-03-04T14:45:00+05:30,230.54,230.85,229.18,230.44,8602,0
2026-03-04T15:00:00+05:30,229.9,229.9,228.0,228.26,6012,0
2026-03-04T15:15:00+05:30,228.38,229.7,228.0,228.51,27063,0
2026-03-05T09:15:00+05:30,232.89,232.98,228.0,228.0,14231,0
2026-03-05T09:30:00+05:30,228.5,229.09,226.64,228.94,27533,0
2026-03-05T09:45:00+05:30,228.41,230.63,228.3,230.46,70550,0
2026-03-05T10:00:00+05:30,230.45,230.45,228.04,228.54,18179,0
2026-03-05T10:15:00+05:30,228.5,231.23,228.5,229.85,96333,0
2026-03-05T10:30:00+05:30,229.96,231.3,229.68,231.3,9483,0
2026-03-05T10:45:00+05:30,231.25,231.9,231.12,231.9,1420,0
2026-03-05T11:00:00+05:30,232.2,232.98,231.68,232.0,5928,0
2026-03-05T11:15:00+05:30,232.5,232.5,230.6,230.85,4156,0
2026-03-05T11:30:00+05:30,230.86,230.86,230.0,230.55,9956,0
2026-03-05T11:45:00+05:30,230.53,234.81,230.53,234.81,35503,0
2026-03-05T12:00:00+05:30,235.01,235.5,233.13,233.7,18713,0
2026-03-05T12:15:00+05:30,233.68,234.5,233.32,234.5,4556,0
2026-03-05T12:30:00+05:30,234.01,236.65,234.0,235.13,370906,0
2026-03-05T12:45:00+05:30,235.25,238.0,235.04,236.99,27324,0
2026-03-05T13:00:00+05:30,237.0,237.6,236.18,237.34,11272,0
2026-03-05T13:15:00+05:30,237.28,238.75,235.0,236.25,45312,0
2026-03-05T13:30:00+05:30,236.2,236.68,235.69,236.19,10840,0
2026-03-05T13:45:00+05:30,236.17,236.33,235.0,235.4,4894,0
2026-03-05T14:00:00+05:30,235.14,236.38,234.0,234.0,28695,0
2026-03-05T14:15:00+05:30,234.29,238.0,234.1,237.44,1442651,0
2026-03-05T14:30:00+05:30,236.92,238.64,235.33,238.64,13714,0
2026-03-05T14:45:00+05:30,239.32,239.32,237.61,238.95,9115,0
2026-03-05T15:00:00+05:30,238.61,238.83,235.5,235.5,8626,0
2026-03-05T15:15:00+05:30,235.48,236.99,234.25,234.3,52332,0
2026-03-06T09:15:00+05:30,234.7,239.35,234.05,237.41,19849,0
2026-03-06T09:30:00+05:30,237.1,237.21,236.53,236.8,3184,0
2026-03-06T09:45:00+05:30,236.8,236.8,236.0,236.19,2851,0
2026-03-06T10:00:00+05:30,236.45,236.93,236.01,236.06,1441,0
2026-03-06T10:15:00+05:30,236.35,236.85,235.55,235.55,7220,0
2026-03-06T10:30:00+05:30,235.5,236.0,235.05,235.68,4550,0
2026-03-06T10:45:00+05:30,235.95,235.99,235.2,235.46,8681,0
2026-03-06T11:00:00+05:30,235.75,236.0,235.2,235.74,4005,0
2026-03-06T11:15:00+05:30,235.74,235.74,235.24,235.35,872,0
2026-03-06T11:30:00+05:30,235.13,235.69,235.13,235.34,1151,0
2026-03-06T11:45:00+05:30,235.66,235.77,235.1,235.45,1759,0
2026-03-06T12:00:00+05:30,235.14,236.0,235.14,235.69,757,0
2026-03-06T12:15:00+05:30,235.9,235.9,235.1,235.1,1415,0
2026-03-06T12:30:00+05:30,235.45,236.05,235.08,236.05,570,0
2026-03-06T12:45:00+05:30,235.66,236.0,235.33,235.94,984,0
2026-03-06T13:00:00+05:30,236.08,236.13,235.3,235.41,988,0
2026-03-06T13:15:00+05:30,235.79,236.0,235.31,235.92,4713,0
2026-03-06T13:30:00+05:30,235.91,235.91,235.05,235.58,3705,0
2026-03-06T13:45:00+05:30,235.05,235.72,235.0,235.42,18195,0
2026-03-06T14:00:00+05:30,235.38,236.5,235.02,236.05,54450,0
2026-03-06T14:15:00+05:30,236.05,236.05,235.61,235.9,2379,0
2026-03-06T14:30:00+05:30,235.76,235.83,235.0,235.0,3701,0
2026-03-06T14:45:00+05:30,235.11,235.11,233.0,233.33,14006,0
2026-03-06T15:00:00+05:30,233.16,234.99,232.17,232.17,64447,0
2026-03-06T15:15:00+05:30,232.41,235.0,232.0,232.75,13132,0
2026-03-09T09:15:00+05:30,220.0,228.78,215.0,225.74,34534,0
2026-03-09T09:30:00+05:30,225.74,225.95,224.45,225.0,20439,0
2026-03-09T09:45:00+05:30,225.0,229.39,224.7,229.0,87723,0
2026-03-09T10:00:00+05:30,229.06,229.5,227.05,227.05,34610,0
2026-03-09T10:15:00+05:30,228.0,228.0,226.85,227.33,12648,0
2026-03-09T10:30:00+05:30,227.27,227.66,225.35,225.58,17036,0
2026-03-09T10:45:00+05:30,225.58,225.98,225.0,225.68,2525,0
2026-03-09T11:00:00+05:30,225.68,225.68,225.0,225.01,2137,0
2026-03-09T11:15:00+05:30,225.01,225.79,225.01,225.38,473,0
2026-03-09T11:30:00+05:30,225.75,225.96,225.58,225.68,1081,0
2026-03-09T11:45:00+05:30,225.88,226.0,225.6,225.76,1511,0
2026-03-09T12:00:00+05:30,225.6,225.6,224.0,224.52,6993,0
2026-03-09T12:15:00+05:30,224.53,224.64,224.15,224.64,373,0
2026-03-09T12:30:00+05:30,224.64,224.98,224.64,224.73,79,0
2026-03-09T12:45:00+05:30,224.73,224.99,224.73,224.99,51,0
2026-03-09T13:00:00+05:30,224.99,225.33,224.0,224.0,10869,0
2026-03-09T13:15:00+05:30,224.02,224.02,223.01,223.46,1602,0
2026-03-09T13:30:00+05:30,223.32,224.91,223.2,224.15,3161,0
2026-03-09T13:45:00+05:30,224.16,224.18,223.4,223.59,1749,0
2026-03-09T14:00:00+05:30,223.59,223.85,223.13,223.42,945,0
2026-03-09T14:15:00+05:30,223.15,223.99,223.02,223.12,1687,0
2026-03-09T14:30:00+05:30,223.44,223.79,223.0,223.3,52377,0
2026-03-09T14:45:00+05:30,223.73,225.47,223.34,224.81,2343,0
2026-03-09T15:00:00+05:30,224.83,225.5,223.66,223.99,16230,0
2026-03-09T15:15:00+05:30,224.0,226.0,224.0,224.2,18162,0
2026-03-10T09:15:00+05:30,229.03,229.03,224.17,225.86,17344,0
2026-03-10T09:30:00+05:30,225.71,225.99,224.5,225.37,22172,0
2026-03-10T09:45:00+05:30,225.35,228.46,225.35,226.0,43505,0
2026-03-10T10:00:00+05:30,226.5,227.51,225.45,225.86,8972,0
2026-03-10T10:15:00+05:30,225.52,226.42,225.0,225.88,10485,0
2026-03-10T10:30:00+05:30,225.86,226.5,225.07,225.38,2275,0
2026-03-10T10:45:00+05:30,225.51,225.6,221.73,222.31,54400,0
2026-03-10T11:00:00+05:30,222.36,222.84,221.89,222.5,7818,0
2026-03-10T11:15:00+05:30,222.5,222.76,222.25,222.7,2231,0
2026-03-10T11:30:00+05:30,222.66,223.0,221.0,222.92,51918,0
2026-03-10T11:45:00+05:30,222.82,223.0,221.59,222.15,18660,0
2026-03-10T12:00:00+05:30,222.16,223.0,222.16,222.44,11570,0
2026-03-10T12:15:00+05:30,222.41,222.41,220.1,222.3,11822,0
2026-03-10T12:30:00+05:30,222.28,222.69,221.76,222.58,1121,0
2026-03-10T12:45:00+05:30,222.56,222.69,222.39,222.6,239,0
2026-03-10T13:00:00+05:30,222.6,222.6,221.2,222.55,3649,0
2026-03-10T13:15:00+05:30,222.55,222.6,221.86,222.3,1098,0
2026-03-10T13:30:00+05:30,222.3,222.6,222.0,222.59,1138,0
2026-03-10T13:45:00+05:30,222.58,222.6,222.26,222.49,377,0
2026-03-10T14:00:00+05:30,222.03,222.82,222.0,222.82,1346,0
2026-03-10T14:15:00+05:30,222.82,222.82,222.4,222.5,727,0
2026-03-10T14:30:00+05:30,222.48,222.5,221.05,221.31,11991,0
2026-03-10T14:45:00+05:30,221.86,225.1,221.05,223.1,35734,0
2026-03-10T15:00:00+05:30,223.03,224.0,221.33,221.65,14716,0
2026-03-10T15:15:00+05:30,221.71,221.81,220.12,221.0,28782,0
2026-03-11T09:15:00+05:30,222.0,230.01,222.0,230.0,25485,0
2026-03-11T09:30:00+05:30,230.01,233.63,227.0,233.25,48705,0
2026-03-11T09:45:00+05:30,233.37,234.99,233.37,234.75,20482,0
2026-03-11T10:00:00+05:30,234.3,235.6,233.89,234.39,16912,0
2026-03-11T10:15:00+05:30,234.36,235.49,234.0,235.32,6868,0
2026-03-11T10:30:00+05:30,235.29,235.3,232.96,233.0,8545,0
2026-03-11T10:45:00+05:30,232.92,233.0,230.23,231.95,5937,0
2026-03-11T11:00:00+05:30,231.94,232.05,230.66,231.1,4893,0
2026-03-11T11:15:00+05:30,231.1,231.1,229.59,229.82,2285,0
2026-03-11T11:30:00+05:30,230.43,230.95,229.39,230.01,3083,0
2026-03-11T11:45:00+05:30,230.22,230.87,230.05,230.42,1019,0
2026-03-11T12:00:00+05:30,230.54,231.64,230.34,231.2,2555,0
2026-03-11T12:15:00+05:30,231.2,231.2,230.76,230.76,288,0
2026-03-11T12:30:00+05:30,230.7,230.7,229.53,230.0,3839,0
2026-03-11T12:45:00+05:30,230.59,230.67,229.63,230.31,921,0
2026-03-11T13:00:00+05:30,230.31,230.31,229.21,229.68,849,0
2026-03-11T13:15:00+05:30,229.23,229.23,214.58,216.79,295385,0
2026-03-11T13:30:00+05:30,216.05,220.0,216.05,218.03,46237,0
2026-03-11T13:45:00+05:30,218.09,218.97,217.55,218.1,15020,0
2026-03-11T14:00:00+05:30,218.1,218.44,217.23,218.11,7112,0
2026-03-11T14:15:00+05:30,218.11,218.59,217.31,218.24,29712,0
2026-03-11T14:30:00+05:30,218.48,218.64,217.51,217.51,6831,0
2026-03-11T14:45:00+05:30,217.51,218.13,216.5,216.56,6163,0
2026-03-11T15:00:00+05:30,216.57,218.39,216.01,216.91,23561,0
2026-03-11T15:15:00+05:30,217.03,217.5,215.2,217.0,38292,0
2026-03-12T09:15:00+05:30,217.0,217.0,212.44,215.55,22327,0
2026-03-12T09:30:00+05:30,215.38,216.78,214.43,215.81,15285,0
2026-03-12T09:45:00+05:30,215.81,217.76,215.59,217.43,7777,0
2026-03-12T10:00:00+05:30,217.02,217.31,215.52,215.76,3560,0
2026-03-12T10:15:00+05:30,215.77,217.34,215.52,217.34,6511,0
2026-03-12T10:30:00+05:30,217.04,217.43,216.93,217.2,10283,0
2026-03-12T10:45:00+05:30,217.2,217.43,216.35,217.33,2378,0
2026-03-12T11:00:00+05:30,217.33,218.45,216.99,217.0,30771,0
2026-03-12T11:15:00+05:30,217.0,217.39,216.92,217.28,5223,0
2026-03-12T11:30:00+05:30,217.25,219.79,216.89,219.6,11284,0
2026-03-12T11:45:00+05:30,219.68,220.49,219.42,220.4,5168,0
2026-03-12T12:00:00+05:30,220.4,220.48,220.09,220.4,1921,0
2026-03-12T12:15:00+05:30,220.4,220.72,220.08,220.63,2400,0
2026-03-12T12:30:00+05:30,220.63,220.89,217.59,218.04,16173,0
2026-03-12T12:45:00+05:30,218.01,218.9,217.71,218.69,4450,0
2026-03-12T13:00:00+05:30,218.69,219.07,217.55,218.86,8410,0
2026-03-12T13:15:00+05:30,218.53,219.1,218.32,219.1,22073,0
2026-03-12T13:30:00+05:30,219.1,219.1,218.51,218.87,2075,0
2026-03-12T13:45:00+05:30,218.85,219.07,218.04,218.47,982,0
2026-03-12T14:00:00+05:30,218.32,218.73,217.59,218.0,1583,0
2026-03-12T14:15:00+05:30,217.98,218.68,217.82,218.23,4257,0
2026-03-12T14:30:00+05:30,218.21,219.0,217.79,218.7,6185,0
2026-03-12T14:45:00+05:30,218.33,218.47,217.62,218.3,11080,0
2026-03-12T15:00:00+05:30,218.2,218.3,217.0,217.0,24682,0
2026-03-12T15:15:00+05:30,217.42,221.03,217.25,217.75,37533,0
2026-03-13T09:15:00+05:30,218.84,219.79,216.58,218.09,20034,0
2026-03-13T09:30:00+05:30,217.99,218.16,215.64,215.92,5334,0
2026-03-13T09:45:00+05:30,215.64,215.9,213.92,214.25,8613,0
2026-03-13T10:00:00+05:30,214.25,214.25,211.61,211.63,8668,0
2026-03-13T10:15:00+05:30,211.86,212.0,208.8,209.73,37050,0
2026-03-13T10:30:00+05:30,209.64,209.98,206.59,206.59,13624,0
2026-03-13T10:45:00+05:30,207.07,208.5,207.0,207.5,12405,0
2026-03-13T11:00:00+05:30,208.0,208.1,206.65,207.3,9247,0
2026-03-13T11:15:00+05:30,207.13,208.14,206.73,208.0,5952,0
2026-03-13T11:30:00+05:30,207.87,209.68,207.81,209.06,7554,0
2026-03-13T11:45:00+05:30,209.31,209.46,208.57,208.92,1747,0
2026-03-13T12:00:00+05:30,208.8,208.92,205.1,206.42,25765,0
2026-03-13T12:15:00+05:30,206.43,206.93,204.38,205.0,8706,0
2026-03-13T12:30:00+05:30,205.0,205.39,204.51,204.79,5845,0
2026-03-13T12:45:00+05:30,204.59,204.98,203.17,204.13,5635,0
2026-03-13T13:00:00+05:30,204.13,204.88,203.81,204.22,6818,0
2026-03-13T13:15:00+05:30,204.02,204.6,201.9,203.0,13537,0
2026-03-13T13:30:00+05:30,202.76,203.0,201.55,202.49,5799,0
2026-03-13T13:45:00+05:30,202.41,202.49,201.3,201.3,8786,0
2026-03-13T14:00:00+05:30,201.56,202.0,200.7,202.0,5746,0
2026-03-13T14:15:00+05:30,202.0,202.0,201.09,201.45,7105,0
2026-03-13T14:30:00+05:30,201.44,202.05,201.01,201.49,15421,0
2026-03-13T14:45:00+05:30,201.26,206.48,201.13,206.46,98738,0
2026-03-13T15:00:00+05:30,206.45,207.0,206.01,206.45,26089,0
2026-03-13T15:15:00+05:30,206.39,208.75,206.1,208.0,109812,0
2026-03-16T09:15:00+05:30,205.14,205.14,197.5,199.13,100308,0
2026-03-16T09:30:00+05:30,199.2,199.99,197.46,198.13,24787,0
2026-03-16T09:45:00+05:30,198.13,198.36,195.97,196.52,39564,0
2026-03-16T10:00:00+05:30,196.84,197.02,195.07,195.07,21699,0
2026-03-16T10:15:00+05:30,195.06,199.4,194.55,196.41,97459,0
2026-03-16T10:30:00+05:30,196.41,197.44,196.05,196.74,13605,0
2026-03-16T10:45:00+05:30,196.52,196.79,194.07,196.7,32513,0
2026-03-16T11:00:00+05:30,196.79,197.94,196.15,197.43,17284,0
2026-03-16T11:15:00+05:30,197.43,198.73,196.38,197.43,36733,0
2026-03-16T11:30:00+05:30,197.43,197.86,194.93,195.03,16434,0
2026-03-16T11:45:00+05:30,195.2,196.84,194.0,196.25,65101,0
2026-03-16T12:00:00+05:30,196.26,199.04,196.0,197.27,40683,0
2026-03-16T12:15:00+05:30,197.29,197.79,195.05,196.83,34501,0
2026-03-16T12:30:00+05:30,196.83,196.83,195.54,196.07,3125,0
2026-03-16T12:45:00+05:30,196.07,196.48,194.83,195.77,26645,0
2026-03-16T13:00:00+05:30,195.77,197.26,194.36,196.0,22060,0
2026-03-16T13:15:00+05:30,196.0,196.11,195.05,195.99,21440,0
2026-03-16T13:30:00+05:30,195.99,196.0,195.05,195.74,12934,0
2026-03-16T13:45:00+05:30,195.79,196.5,195.05,196.24,11773,0
2026-03-16T14:00:00+05:30,196.24,196.5,195.05,196.27,10579,0
2026-03-16T14:15:00+05:30,196.27,200.66,195.67,200.56,40953,0
2026-03-16T14:30:00+05:30,200.56,201.89,200.23,201.89,221242,0
2026-03-16T14:45:00+05:30,201.88,202.3,201.0,201.96,27766,0
2026-03-16T15:00:00+05:30,201.78,201.78,200.05,200.28,23568,0
2026-03-16T15:15:00+05:30,200.35,200.98,196.3,200.2,104813,0
2026-03-17T09:15:00+05:30,201.0,201.56,198.28,199.69,7517,0
2026-03-17T09:30:00+05:30,199.41,201.0,199.21,199.61,7867,0
2026-03-17T09:45:00+05:30,199.61,200.38,198.85,199.0,6194,0
2026-03-17T10:00:00+05:30,198.97,200.36,198.97,199.9,1259,0
2026-03-17T10:15:00+05:30,199.9,201.58,199.9,200.0,7231,0
2026-03-17T10:30:00+05:30,200.0,200.01,198.05,199.17,18577,0
2026-03-17T10:45:00+05:30,199.17,199.69,198.87,199.27,1557,0
2026-03-17T11:00:00+05:30,199.2,199.28,198.75,198.87,730,0
2026-03-17T11:15:00+05:30,198.87,198.87,196.5,197.45,24683,0
2026-03-17T11:30:00+05:30,197.72,197.88,197.12,197.85,3980,0
2026-03-17T11:45:00+05:30,197.85,198.8,197.45,198.38,15541,0
2026-03-17T12:00:00+05:30,198.15,198.39,197.61,198.09,5190,0
2026-03-17T12:15:00+05:30,198.4,198.59,197.38,197.83,10483,0
2026-03-17T12:30:00+05:30,198.11,198.29,197.17,198.23,3680,0
2026-03-17T12:45:00+05:30,198.43,198.9,198.26,198.47,2272,0
2026-03-17T13:00:00+05:30,198.47,201.16,198.14,200.81,338766,0
2026-03-17T13:15:00+05:30,200.51,200.68,199.76,199.76,789,0
2026-03-17T13:30:00+05:30,199.76,201.1,199.56,201.0,11447,0
2026-03-17T13:45:00+05:30,200.99,201.0,199.86,200.01,4548,0
2026-03-17T14:00:00+05:30,200.0,200.0,199.23,199.44,191,0
2026-03-17T14:15:00+05:30,199.44,199.44,198.39,198.77,5678,0
2026-03-17T14:30:00+05:30,198.77,198.87,198.36,198.87,849,0
2026-03-17T14:45:00+05:30,198.57,199.45,198.45,199.38,1967,0
2026-03-17T15:00:00+05:30,199.38,199.38,196.9,196.9,8505,0
2026-03-17T15:15:00+05:30,196.99,197.16,191.48,193.93,80594,0
2026-03-18T09:15:00+05:30,195.59,203.5,195.59,201.3,34040,0
2026-03-18T09:30:00+05:30,201.29,202.49,201.24,201.89,12959,0
2026-03-18T09:45:00+05:30,201.89,202.5,201.07,201.11,10842,0
2026-03-18T10:00:00+05:30,201.11,201.59,200.05,200.05,4458,0
2026-03-18T10:15:00+05:30,200.05,201.64,199.75,200.2,35760,0
2026-03-18T10:30:00+05:30,200.18,201.0,199.4,200.0,44819,0
2026-03-18T10:45:00+05:30,200.0,202.79,199.98,202.28,57376,0
2026-03-18T11:00:00+05:30,202.01,202.71,201.61,202.0,54400,0
2026-03-18T11:15:00+05:30,202.2,205.59,201.84,205.59,20363,0
2026-03-18T11:30:00+05:30,205.63,208.42,205.18,207.0,39421,0
2026-03-18T11:45:00+05:30,206.8,207.04,206.0,206.78,3688,0
2026-03-18T12:00:00+05:30,206.78,208.5,206.41,207.97,13006,0
2026-03-18T12:15:00+05:30,207.96,208.0,207.0,207.28,5788,0
2026-03-18T12:30:00+05:30,207.28,207.99,206.59,206.99,10220,0
2026-03-18T12:45:00+05:30,206.99,208.35,206.74,208.06,12812,0
2026-03-18T13:00:00+05:30,208.06,208.23,206.74,207.68,4763,0
2026-03-18T13:15:00+05:30,207.7,207.7,207.02,207.44,5762,0
2026-03-18T13:30:00+05:30,207.44,207.9,207.15,207.83,7674,0
2026-03-18T13:45:00+05:30,207.86,207.9,207.0,207.46,9751,0
2026-03-18T14:00:00+05:30,207.76,207.95,207.14,207.5,12403,0
2026-03-18T14:15:00+05:30,207.51,208.35,207.03,207.92,40816,0
2026-03-18T14:30:00+05:30,207.92,207.92,205.47,206.06,5459,0
2026-03-18T14:45:00+05:30,206.12,206.53,204.61,204.94,6632,0
2026-03-18T15:00:00+05:30,204.66,205.52,203.78,203.95,15814,0
2026-03-18T15:15:00+05:30,204.16,204.89,203.1,203.1,21785,0
2026-03-19T09:15:00+05:30,203.0,203.0,198.47,201.68,31133,0
2026-03-19T09:30:00+05:30,201.32,202.0,200.01,200.62,9452,0
2026-03-19T09:45:00+05:30,200.85,201.94,200.39,201.61,2671,0
2026-03-19T10:00:00+05:30,201.13,201.42,200.91,201.33,680,0
2026-03-19T10:15:00+05:30,201.33,201.79,200.84,201.79,359,0
2026-03-19T10:30:00+05:30,201.71,201.78,201.0,201.21,2529,0
2026-03-19T10:45:00+05:30,201.0,201.25,198.83,198.83,41333,0
2026-03-19T11:00:00+05:30,198.93,200.72,198.5,199.09,15262,0
2026-03-19T11:15:00+05:30,199.3,199.66,199.05,199.05,1314,0
2026-03-19T11:30:00+05:30,199.05,199.85,199.0,199.64,20279,0
2026-03-19T11:45:00+05:30,199.59,199.88,199.57,199.74,77,0
2026-03-19T12:00:00+05:30,199.74,199.74,199.0,199.4,3299,0
2026-03-19T12:15:00+05:30,199.44,199.88,199.0,199.49,8090,0
2026-03-19T12:30:00+05:30,199.49,199.88,199.12,199.74,965,0
2026-03-19T12:45:00+05:30,199.74,200.34,199.74,200.05,608,0
2026-03-19T13:00:00+05:30,200.11,200.5,199.84,200.18,795,0
2026-03-19T13:15:00+05:30,200.17,200.21,199.0,199.26,2291,0
2026-03-19T13:30:00+05:30,199.17,199.36,198.23,199.2,7059,0
2026-03-19T13:45:00+05:30,199.23,199.94,198.75,198.75,9604,0
2026-03-19T14:00:00+05:30,198.75,199.47,198.23,198.23,78351,0
2026-03-19T14:15:00+05:30,198.53,199.14,198.28,198.52,1882,0
2026-03-19T14:30:00+05:30,198.52,198.66,197.5,198.13,8050,0
2026-03-19T14:45:00+05:30,198.45,198.58,196.53,196.8,2525,0
2026-03-19T15:00:00+05:30,196.83,197.55,196.5,196.55,6750,0
2026-03-19T15:15:00+05:30,196.7,197.6,195.63,197.6,27299,0
2026-03-20T09:15:00+05:30,197.25,202.7,197.25,201.99,21242,0
2026-03-20T09:30:00+05:30,201.76,202.0,200.31,200.63,7130,0
2026-03-20T09:45:00+05:30,200.43,201.04,199.83,200.24,4682,0
2026-03-20T10:00:00+05:30,200.6,200.92,200.15,200.26,11731,0
2026-03-20T10:15:00+05:30,200.26,200.26,198.26,199.12,1582,0
2026-03-20T10:30:00+05:30,199.5,200.32,199.43,199.86,2971,0
2026-03-20T10:45:00+05:30,200.2,200.41,199.7,199.71,2846,0
2026-03-20T11:00:00+05:30,200.11,200.37,199.71,199.91,5815,0
2026-03-20T11:15:00+05:30,199.9,201.65,199.51,199.95,11075,0
2026-03-20T11:30:00+05:30,199.93,200.99,199.74,200.0,13445,0
2026-03-20T11:45:00+05:30,200.0,202.0,199.36,199.6,8222,0
2026-03-20T12:00:00+05:30,199.67,199.98,199.0,199.48,1916,0
2026-03-20T12:15:00+05:30,199.37,199.37,197.91,198.43,2798,0
2026-03-20T12:30:00+05:30,198.38,199.34,197.84,198.95,2666,0
2026-03-20T12:45:00+05:30,198.95,199.36,198.6,198.89,879,0
2026-03-20T13:00:00+05:30,198.63,198.98,198.21,198.6,1268,0
2026-03-20T13:15:00+05:30,198.61,198.97,198.08,198.73,2188,0
2026-03-20T13:30:00+05:30,198.48,198.49,198.1,198.1,806,0
2026-03-20T13:45:00+05:30,198.24,198.44,197.55,198.2,4019,0
2026-03-20T14:00:00+05:30,198.2,198.37,197.22,197.6,3145,0
2026-03-20T14:15:00+05:30,197.31,198.0,196.73,196.84,5526,0
2026-03-20T14:30:00+05:30,196.99,197.8,195.4,195.4,9780,0
2026-03-20T14:45:00+05:30,195.47,197.0,195.46,196.86,7435,0
2026-03-20T15:00:00+05:30,196.51,197.28,195.81,195.87,7639,0
2026-03-20T15:15:00+05:30,195.85,196.39,195.0,195.02,14707,0
2026-03-23T09:15:00+05:30,192.91,194.38,188.8,189.89,23502,0
2026-03-23T09:30:00+05:30,189.8,191.5,189.32,191.5,16203,0
2026-03-23T09:45:00+05:30,191.5,191.5,189.5,189.5,10885,0
2026-03-23T10:00:00+05:30,189.69,189.7,186.68,186.68,17735,0
2026-03-23T10:15:00+05:30,186.93,188.0,186.75,187.38,18536,0
2026-03-23T10:30:00+05:30,187.02,188.49,187.01,188.0,7817,0
2026-03-23T10:45:00+05:30,187.5,187.72,186.75,187.01,11603,0
2026-03-23T11:00:00+05:30,187.14,188.0,186.69,187.32,20272,0
2026-03-23T11:15:00+05:30,187.3,188.0,187.0,187.4,8753,0
2026-03-23T11:30:00+05:30,187.4,187.74,186.8,186.94,5557,0
2026-03-23T11:45:00+05:30,187.09,187.56,186.9,187.28,1340,0
2026-03-23T12:00:00+05:30,187.25,188.0,186.0,186.5,9757,0
2026-03-23T12:15:00+05:30,186.86,187.0,185.51,186.94,6430,0
2026-03-23T12:30:00+05:30,186.9,186.93,185.0,185.32,9631,0
2026-03-23T12:45:00+05:30,185.55,185.81,185.0,185.15,4247,0
2026-03-23T13:00:00+05:30,185.44,185.7,184.62,184.62,7227,0
2026-03-23T13:15:00+05:30,184.5,184.5,181.98,183.19,89213,0
2026-03-23T13:30:00+05:30,183.8,186.07,183.67,186.06,25108,0
2026-03-23T13:45:00+05:30,186.25,187.23,186.19,186.77,7526,0
2026-03-23T14:00:00+05:30,186.77,187.33,186.49,186.5,7005,0
2026-03-23T14:15:00+05:30,186.79,187.08,184.87,185.31,16105,0
2026-03-23T14:30:00+05:30,185.38,185.53,182.96,184.42,4746,0
2026-03-23T14:45:00+05:30,184.41,185.15,183.6,184.44,4835,0
2026-03-23T15:00:00+05:30,184.4,184.41,182.88,182.88,194429,0
2026-03-23T15:15:00+05:30,182.99,184.05,182.25,182.25,56130,0
2026-03-24T09:15:00+05:30,189.99,193.95,186.0,193.65,53363,0
2026-03-24T09:30:00+05:30,193.24,196.0,193.1,193.6,42060,0
2026-03-24T09:45:00+05:30,193.49,194.3,193.01,194.26,4320,0
2026-03-24T10:00:00+05:30,194.26,194.28,189.9,190.73,18473,0
2026-03-24T10:15:00+05:30,190.73,191.5,189.5,190.05,8022,0
2026-03-24T10:30:00+05:30,190.01,190.39,188.97,189.7,5592,0
2026-03-24T10:45:00+05:30,189.66,190.28,185.72,185.72,29854,0
2026-03-24T11:00:00+05:30,185.72,186.73,183.41,185.49,59248,0
2026-03-24T11:15:00+05:30,185.44,186.22,184.19,184.5,20927,0
2026-03-24T11:30:00+05:30,184.46,185.76,184.1,185.15,3718,0
2026-03-24T11:45:00+05:30,185.11,186.36,184.92,186.0,14615,0
2026-03-24T12:00:00+05:30,186.37,187.0,185.46,186.64,14682,0
2026-03-24T12:15:00+05:30,186.94,189.0,186.61,186.86,21483,0
2026-03-24T12:30:00+05:30,186.88,188.9,186.88,188.76,7332,0
2026-03-24T12:45:00+05:30,188.8,190.49,188.8,190.21,80072,0
2026-03-24T13:00:00+05:30,190.44,190.73,189.71,190.73,12391,0
2026-03-24T13:15:00+05:30,190.89,190.98,190.19,190.94,11803,0
2026-03-24T13:30:00+05:30,190.95,190.95,190.26,190.47,12049,0
2026-03-24T13:45:00+05:30,190.47,190.47,189.63,190.04,733,0
2026-03-24T14:00:00+05:30,189.73,189.86,188.91,189.35,4758,0
2026-03-24T14:15:00+05:30,189.5,190.46,188.47,189.03,8114,0
2026-03-24T14:30:00+05:30,189.03,189.5,188.5,188.87,14578,0
2026-03-24T14:45:00+05:30,188.87,189.16,188.02,188.86,6071,0
2026-03-24T15:00:00+05:30,188.86,188.86,185.72,187.18,38993,0
2026-03-24T15:15:00+05:30,187.18,188.99,185.05,185.05,81077,0
2026-03-25T09:15:00+05:30,190.0,194.0,189.99,193.59,24581,0
2026-03-25T09:30:00+05:30,193.74,194.23,192.51,193.27,6474,0
2026-03-25T09:45:00+05:30,193.37,193.86,192.96,193.09,8629,0
2026-03-25T10:00:00+05:30,193.02,193.02,190.0,190.4,23335,0
2026-03-25T10:15:00+05:30,190.65,191.55,190.39,191.31,3184,0
2026-03-25T10:30:00+05:30,191.44,191.99,190.64,191.37,6791,0
2026-03-25T10:45:00+05:30,191.69,191.77,190.56,191.0,9396,0
2026-03-25T11:00:00+05:30,191.0,191.22,189.32,190.25,17361,0
2026-03-25T11:15:00+05:30,190.5,190.75,190.01,190.43,9815,0
2026-03-25T11:30:00+05:30,190.43,190.7,189.1,189.62,8503,0
2026-03-25T11:45:00+05:30,189.66,190.34,189.45,189.92,10919,0
2026-03-25T12:00:00+05:30,189.92,190.22,189.65,189.88,3565,0
2026-03-25T12:15:00+05:30,189.88,192.86,189.88,192.86,14519,0
2026-03-25T12:30:00+05:30,192.89,194.16,192.34,192.99,9996,0
2026-03-25T12:45:00+05:30,192.99,193.15,191.0,192.04,15360,0
2026-03-25T13:00:00+05:30,192.04,192.7,191.43,192.39,5652,0
2026-03-25T13:15:00+05:30,192.4,192.62,191.0,192.12,20303,0
2026-03-25T13:30:00+05:30,192.06,193.0,191.34,193.0,5948,0
2026-03-25T13:45:00+05:30,193.45,193.65,192.06,193.39,17184,0
2026-03-25T14:00:00+05:30,193.39,193.43,191.99,192.24,4672,0
2026-03-25T14:15:00+05:30,192.3,192.67,191.9,192.59,3455,0
2026-03-25T14:30:00+05:30,192.61,192.93,191.42,192.3,6422,0
2026-03-25T14:45:00+05:30,192.3,193.11,191.59,192.34,24636,0
2026-03-25T15:00:00+05:30,192.34,192.97,191.76,192.29,6308,0
2026-03-25T15:15:00+05:30,192.59,193.0,191.0,191.01,28458,0
2026-03-27T09:15:00+05:30,191.8,191.8,184.81,187.0,105677,0
2026-03-27T09:30:00+05:30,187.02,187.42,183.76,185.01,20925,0
2026-03-27T09:45:00+05:30,184.79,186.19,183.05,184.95,42658,0
2026-03-27T10:00:00+05:30,185.0,185.48,183.22,183.92,14929,0
2026-03-27T10:15:00+05:30,183.81,184.16,182.95,183.4,11427,0
2026-03-27T10:30:00+05:30,183.46,184.33,181.67,182.31,42137,0
2026-03-27T10:45:00+05:30,182.32,182.5,180.66,181.29,23942,0
2026-03-27T11:00:00+05:30,181.13,184.95,181.1,184.95,33900,0
2026-03-27T11:15:00+05:30,184.87,184.95,184.0,184.06,30673,0
2026-03-27T11:30:00+05:30,184.35,185.24,183.05,183.29,22514,0
2026-03-27T11:45:00+05:30,183.29,184.49,183.23,184.03,2624,0
2026-03-27T12:00:00+05:30,183.92,183.92,183.11,183.6,14283,0
2026-03-27T12:15:00+05:30,183.6,183.81,183.11,183.63,1662,0
2026-03-27T12:30:00+05:30,183.91,183.91,179.66,180.12,59103,0
2026-03-27T12:45:00+05:30,180.57,181.99,179.29,180.56,38444,0
2026-03-27T13:00:00+05:30,180.67,184.43,179.86,184.0,77509,0
2026-03-27T13:15:00+05:30,183.83,184.5,183.07,184.02,7400,0
2026-03-27T13:30:00+05:30,184.02,184.02,183.05,183.5,5218,0
2026-03-27T13:45:00+05:30,183.49,183.77,182.05,182.86,22911,0
2026-03-27T14:00:00+05:30,182.97,184.79,182.06,184.69,754021,0
2026-03-27T14:15:00+05:30,184.69,186.02,183.23,183.97,42692,0
2026-03-27T14:30:00+05:30,183.99,184.36,183.05,183.91,21717,0
2026-03-27T14:45:00+05:30,183.93,184.63,183.5,184.01,17100,0
2026-03-27T15:00:00+05:30,184.01,184.05,183.07,183.49,26900,0
2026-03-27T15:15:00+05:30,183.11,184.0,180.0,180.96,210597,0
2026-03-30T09:15:00+05:30,182.8,184.01,176.74,178.6,68818,0
2026-03-30T09:30:00+05:30,178.6,179.85,177.71,177.71,16948,0
2026-03-30T09:45:00+05:30,177.86,182.8,177.86,181.19,65694,0
2026-03-30T10:00:00+05:30,181.19,181.42,179.45,180.65,38989,0
2026-03-30T10:15:00+05:30,180.67,181.46,179.77,181.1,38279,0
2026-03-30T10:30:00+05:30,181.1,182.36,180.41,181.15,4683,0
2026-03-30T10:45:00+05:30,181.01,181.99,180.54,180.83,6185,0
2026-03-30T11:00:00+05:30,180.65,181.5,180.05,181.32,25028,0
2026-03-30T11:15:00+05:30,181.32,181.39,180.5,180.66,5570,0
2026-03-30T11:30:00+05:30,180.82,182.89,180.65,182.04,20850,0
2026-03-30T11:45:00+05:30,182.04,182.12,181.18,181.39,21177,0
2026-03-30T12:00:00+05:30,181.4,182.57,180.23,182.24,42479,0
2026-03-30T12:15:00+05:30,182.24,182.39,181.61,181.8,20277,0
2026-03-30T12:30:00+05:30,182.05,185.0,181.64,184.71,46103,0
2026-03-30T12:45:00+05:30,184.48,184.78,181.81,182.47,10755,0
2026-03-30T13:00:00+05:30,182.51,182.79,181.42,181.68,9753,0
2026-03-30T13:15:00+05:30,181.68,182.36,181.38,181.88,14145,0
2026-03-30T13:30:00+05:30,182.1,182.14,180.99,181.81,10003,0
2026-03-30T13:45:00+05:30,181.6,181.81,180.24,181.3,25127,0
2026-03-30T14:00:00+05:30,181.1,182.0,181.0,181.44,16702,0
2026-03-30T14:15:00+05:30,181.68,182.0,181.15,181.5,3408,0
2026-03-30T14:30:00+05:30,181.53,181.7,180.83,181.5,50736,0
2026-03-30T14:45:00+05:30,181.51,181.69,178.21,178.62,67226,0
2026-03-30T15:00:00+05:30,178.67,178.93,176.59,177.44,21287,0
2026-03-30T15:15:00+05:30,177.78,180.0,177.28,178.0,113053,0
2026-04-01T09:15:00+05:30,183.37,191.99,183.37,191.96,47526,0
2026-04-01T09:30:00+05:30,191.99,191.99,189.0,190.42,11354,0
2026-04-01T09:45:00+05:30,190.42,194.0,190.0,190.22,26795,0
2026-04-01T10:00:00+05:30,190.48,192.0,190.25,191.65,10979,0
2026-04-01T10:15:00+05:30,191.44,191.86,190.5,190.7,4727,0
2026-04-01T10:30:00+05:30,190.64,192.01,189.74,191.25,6887,0
2026-04-01T10:45:00+05:30,191.45,191.7,190.0,190.36,5184,0
2026-04-01T11:00:00+05:30,190.59,191.0,190.33,190.87,6154,0
2026-04-01T11:15:00+05:30,190.85,191.0,190.06,191.0,16388,0
2026-04-01T11:30:00+05:30,191.0,192.0,190.81,191.58,23463,0
2026-04-01T11:45:00+05:30,191.58,191.67,190.29,191.21,2205,0
2026-04-01T12:00:00+05:30,191.21,191.84,190.72,191.48,880,0
2026-04-01T12:15:00+05:30,191.24,191.44,190.83,191.29,639,0
2026-04-01T12:30:00+05:30,191.29,191.63,190.55,190.95,793,0
2026-04-01T12:45:00+05:30,190.98,191.75,190.97,191.57,354,0
2026-04-01T13:00:00+05:30,191.57,191.57,190.0,190.49,2630,0
2026-04-01T13:15:00+05:30,190.76,190.83,190.01,190.37,1050,0
2026-04-01T13:30:00+05:30,190.33,190.33,186.12,188.21,11528,0
2026-04-01T13:45:00+05:30,188.21,189.31,188.21,188.94,924,0
2026-04-01T14:00:00+05:30,188.92,189.44,188.72,189.0,4737,0
2026-04-01T14:15:00+05:30,189.0,190.08,188.71,189.33,30267,0
2026-04-01T14:30:00+05:30,189.48,191.2,189.07,189.5,3998,0
2026-04-01T14:45:00+05:30,189.03,189.46,188.75,189.45,313,0
2026-04-01T15:00:00+05:30,189.45,190.87,189.45,189.8,8942,0
2026-04-01T15:15:00+05:30,189.8,190.96,188.15,190.0,21302,0
2026-04-02T09:15:00+05:30,183.74,187.71,183.0,185.97,20418,0
2026-04-02T09:30:00+05:30,186.19,187.04,185.97,186.8,4992,0
2026-04-02T09:45:00+05:30,187.4,187.48,186.18,186.3,1956,0
2026-04-02T10:00:00+05:30,186.2,186.2,184.2,184.54,13370,0
2026-04-02T10:15:00+05:30,184.45,184.45,183.31,183.54,6893,0
2026-04-02T10:30:00+05:30,183.53,184.72,183.52,184.72,873,0
2026-04-02T10:45:00+05:30,184.78,185.78,184.78,185.62,16826,0
2026-04-02T11:00:00+05:30,185.62,186.0,185.37,185.61,2334,0
2026-04-02T11:15:00+05:30,185.61,186.39,185.61,186.39,4790,0
2026-04-02T11:30:00+05:30,186.4,186.92,186.4,186.82,617,0
2026-04-02T11:45:00+05:30,186.85,187.5,186.61,187.5,5790,0
2026-04-02T12:00:00+05:30,187.5,187.9,187.12,187.9,5784,0
2026-04-02T12:15:00+05:30,187.9,188.34,186.0,186.0,5881,0
2026-04-02T12:30:00+05:30,185.92,185.95,184.51,185.07,9965,0
2026-04-02T12:45:00+05:30,185.07,185.62,184.78,185.0,4128,0
2026-04-02T13:00:00+05:30,185.2,185.9,184.97,185.9,2300,0
2026-04-02T13:15:00+05:30,185.9,188.28,185.85,188.0,9471,0
2026-04-02T13:30:00+05:30,187.62,188.28,187.45,188.14,966,0
2026-04-02T13:45:00+05:30,188.11,188.3,186.84,188.13,3404,0
2026-04-02T14:00:00+05:30,188.0,189.53,187.55,188.03,10920,0
2026-04-02T14:15:00+05:30,188.42,188.56,187.76,188.0,7516,0
2026-04-02T14:30:00+05:30,188.0,188.44,186.6,186.69,2637,0
2026-04-02T14:45:00+05:30,186.0,187.0,185.6,186.65,6392,0
2026-04-02T15:00:00+05:30,186.9,190.54,186.47,190.5,17281,0
2026-04-02T15:15:00+05:30,189.93,190.24,187.67,189.8,29195,0
2026-04-06T09:15:00+05:30,187.51,191.75,186.0,187.55,16889,0
2026-04-06T09:30:00+05:30,187.32,189.64,187.25,188.17,2990,0
2026-04-06T09:45:00+05:30,189.0,189.09,186.36,186.99,5337,0
2026-04-06T10:00:00+05:30,187.11,187.52,186.13,187.22,1412,0
2026-04-06T10:15:00+05:30,187.7,189.09,187.46,188.83,2065,0
2026-04-06T10:30:00+05:30,188.55,189.14,188.21,189.0,2001,0
2026-04-06T10:45:00+05:30,189.0,190.0,187.01,189.2,22671,0
2026-04-06T11:00:00+05:30,189.19,189.38,187.64,188.04,8069,0
2026-04-06T11:15:00+05:30,188.35,189.0,188.23,189.0,1004,0
2026-04-06T11:30:00+05:30,189.0,189.36,188.66,188.66,3834,0
2026-04-06T11:45:00+05:30,188.66,190.01,188.61,190.0,6638,0
2026-04-06T12:00:00+05:30,190.0,190.16,189.57,189.78,1408,0
2026-04-06T12:15:00+05:30,190.0,190.0,189.68,190.0,938,0
2026-04-06T12:30:00+05:30,189.97,190.0,188.61,189.94,3590,0
2026-04-06T12:45:00+05:30,189.73,190.05,189.52,189.91,2536,0
2026-04-06T13:00:00+05:30,189.91,190.58,189.24,190.0,7293,0
2026-04-06T13:15:00+05:30,190.0,191.69,189.98,191.63,7500,0
2026-04-06T13:30:00+05:30,191.58,192.88,191.23,192.0,3883,0
2026-04-06T13:45:00+05:30,192.09,192.48,191.14,192.4,1710,0
2026-04-06T14:00:00+05:30,192.4,192.98,192.17,192.23,1163,0
2026-04-06T14:15:00+05:30,192.04,195.0,191.77,193.85,14275,0
2026-04-06T14:30:00+05:30,193.85,194.0,193.5,193.51,1754,0
2026-04-06T14:45:00+05:30,193.5,193.5,192.25,193.22,3101,0
2026-04-06T15:00:00+05:30,192.99,196.0,192.97,195.2,14180,0
2026-04-06T15:15:00+05:30,195.28,195.28,191.06,191.52,31401,0
2026-04-07T09:15:00+05:30,192.01,194.58,190.08,194.05,11619,0
2026-04-07T09:30:00+05:30,193.81,194.05,191.9,191.9,7141,0
2026-04-07T09:45:00+05:30,191.8,194.38,191.8,193.73,2996,0
2026-04-07T10:00:00+05:30,194.0,198.68,194.0,195.64,32691,0
2026-04-07T10:15:00+05:30,195.64,195.92,194.68,195.57,8788,0
2026-04-07T10:30:00+05:30,195.51,195.78,194.5,195.74,3180,0
2026-04-07T10:45:00+05:30,195.74,195.98,194.33,194.36,6606,0
2026-04-07T11:00:00+05:30,194.33,194.46,193.35,193.35,1753,0
2026-04-07T11:15:00+05:30,193.35,193.61,193.01,193.61,757,0
2026-04-07T11:30:00+05:30,193.61,194.38,193.61,194.1,1686,0
2026-04-07T11:45:00+05:30,194.1,194.97,193.8,194.88,281,0
2026-04-07T12:00:00+05:30,194.88,194.88,194.11,194.5,507,0
2026-04-07T12:15:00+05:30,194.5,194.5,193.98,194.45,1348,0
2026-04-07T12:30:00+05:30,194.45,194.5,194.0,194.5,1395,0
2026-04-07T12:45:00+05:30,194.48,194.48,193.95,194.16,1063,0
2026-04-07T13:00:00+05:30,194.16,194.43,192.22,193.59,6113,0
2026-04-07T13:15:00+05:30,193.59,193.92,192.65,193.7,1711,0
2026-04-07T13:30:00+05:30,193.7,194.74,193.7,194.16,1498,0
2026-04-07T13:45:00+05:30,194.6,194.65,193.01,194.01,7053,0
2026-04-07T14:00:00+05:30,194.51,194.52,193.5,193.88,1180,0
2026-04-07T14:15:00+05:30,193.88,194.03,193.51,193.93,1815,0
2026-04-07T14:30:00+05:30,193.93,194.01,193.0,193.29,1893,0
2026-04-07T14:45:00+05:30,193.3,194.59,193.01,194.0,13810,0
2026-04-07T15:00:00+05:30,194.0,194.54,193.1,193.7,5570,0
2026-04-07T15:15:00+05:30,193.7,193.7,191.2,193.69,19546,0
2026-04-08T09:15:00+05:30,202.16,202.94,198.8,199.51,50736,0
2026-04-08T09:30:00+05:30,199.93,203.0,199.25,202.25,23352,0
2026-04-08T09:45:00+05:30,202.91,205.38,202.25,202.74,16264,0
2026-04-08T10:00:00+05:30,203.16,205.2,199.6,199.77,43486,0
2026-04-08T10:15:00+05:30,200.0,200.98,200.0,200.69,3362,0
2026-04-08T10:30:00+05:30,200.69,201.0,200.55,201.0,6458,0
2026-04-08T10:45:00+05:30,201.0,201.5,200.75,201.49,36242,0
2026-04-08T11:00:00+05:30,201.5,201.5,200.96,201.35,1525,0
2026-04-08T11:15:00+05:30,201.34,201.5,200.71,201.5,3894,0
2026-04-08T11:30:00+05:30,201.21,201.5,200.0,200.52,6763,0
2026-04-08T11:45:00+05:30,200.52,201.5,200.26,200.54,6011,0
2026-04-08T12:00:00+05:30,200.48,201.5,200.21,200.5,10747,0
2026-04-08T12:15:00+05:30,201.05,201.5,200.0,200.3,13207,0
2026-04-08T12:30:00+05:30,200.1,200.1,199.01,199.64,10430,0
2026-04-08T12:45:00+05:30,199.65,199.97,199.5,199.58,5303,0
2026-04-08T13:00:00+05:30,199.86,199.86,199.32,199.63,552,0
2026-04-08T13:15:00+05:30,199.63,199.81,199.25,199.81,2286,0
2026-04-08T13:30:00+05:30,199.81,200.12,199.26,199.92,4234,0
2026-04-08T13:45:00+05:30,199.92,199.96,199.21,199.4,1518,0
2026-04-08T14:00:00+05:30,199.4,200.0,199.21,199.97,2077,0
2026-04-08T14:15:00+05:30,199.97,199.97,197.84,199.44,10941,0
2026-04-08T14:30:00+05:30,199.44,199.86,198.0,199.09,13223,0
2026-04-08T14:45:00+05:30,199.49,199.49,198.9,199.32,1844,0
2026-04-08T15:00:00+05:30,199.06,200.5,198.41,199.3,9599,0
2026-04-08T15:15:00+05:30,198.98,199.9,197.82,199.9,38174,0
2026-04-09T09:15:00+05:30,200.7,203.01,197.69,200.5,15449,0
2026-04-09T09:30:00+05:30,200.75,200.85,197.0,197.0,10229,0
2026-04-09T09:45:00+05:30,197.0,197.59,195.62,195.92,7250,0
2026-04-09T10:00:00+05:30,195.91,198.34,195.75,197.82,4159,0
2026-04-09T10:15:00+05:30,197.7,199.7,197.31,199.7,7013,0
2026-04-09T10:30:00+05:30,199.7,200.7,199.65,200.45,27218,0
2026-04-09T10:45:00+05:30,200.45,200.65,199.08,199.43,6472,0
2026-04-09T11:00:00+05:30,199.43,199.9,199.22,199.22,935,0
2026-04-09T11:15:00+05:30,199.5,199.99,199.0,199.77,1444,0
2026-04-09T11:30:00+05:30,199.73,199.82,199.4,199.76,152,0
2026-04-09T11:45:00+05:30,199.76,199.86,199.37,199.42,742,0
2026-04-09T12:00:00+05:30,199.42,200.0,198.8,199.62,5348,0
2026-04-09T12:15:00+05:30,199.8,199.8,199.1,199.5,12729,0
2026-04-09T12:30:00+05:30,199.48,199.59,199.02,199.11,1918,0
2026-04-09T12:45:00+05:30,199.43,199.46,198.75,198.81,579,0
2026-04-09T13:00:00+05:30,198.81,199.7,198.81,199.7,6272,0
2026-04-09T13:15:00+05:30,199.7,199.7,198.5,198.5,22658,0
2026-04-09T13:30:00+05:30,198.5,198.5,197.97,197.97,1167,0
2026-04-09T13:45:00+05:30,197.93,198.65,197.0,198.0,7240,0
2026-04-09T14:00:00+05:30,198.0,198.61,197.84,197.9,785,0
2026-04-09T14:15:00+05:30,198.18,198.7,197.55,197.73,6583,0
2026-04-09T14:30:00+05:30,197.68,198.7,196.62,198.43,20562,0
2026-04-09T14:45:00+05:30,197.89,198.0,197.05,197.74,47025,0
2026-04-09T15:00:00+05:30,197.75,198.7,197.75,198.49,9677,0
2026-04-09T15:15:00+05:30,198.13,198.7,197.96,198.69,18338,0
2026-04-10T09:15:00+05:30,201.35,201.39,199.25,199.69,43701,0
2026-04-10T09:30:00+05:30,199.69,200.4,197.73,198.84,22254,0
2026-04-10T09:45:00+05:30,198.84,199.94,198.47,198.82,15858,0
2026-04-10T10:00:00+05:30,199.21,199.36,198.49,198.78,8933,0
2026-04-10T10:15:00+05:30,198.96,200.9,198.96,200.43,67946,0
2026-04-10T10:30:00+05:30,200.43,201.13,199.41,199.47,16209,0
2026-04-10T10:45:00+05:30,199.47,200.0,198.78,199.9,7237,0
2026-04-10T11:00:00+05:30,199.9,199.9,199.08,199.9,21499,0
2026-04-10T11:15:00+05:30,199.9,200.19,199.14,199.5,4077,0
2026-04-10T11:30:00+05:30,199.5,199.5,199.22,199.47,453,0
2026-04-10T11:45:00+05:30,199.5,199.77,198.6,199.5,5718,0
2026-04-10T12:00:00+05:30,199.5,201.32,198.93,201.32,6624,0
2026-04-10T12:15:00+05:30,201.32,201.4,200.41,201.37,7985,0
2026-04-10T12:30:00+05:30,201.4,202.14,200.49,201.06,36406,0
2026-04-10T12:45:00+05:30,201.06,202.05,200.22,201.93,17640,0
2026-04-10T13:00:00+05:30,201.58,202.7,201.0,201.0,69181,0
2026-04-10T13:15:00+05:30,201.06,201.06,200.14,200.14,4475,0
2026-04-10T13:30:00+05:30,200.14,200.59,200.0,200.0,2771,0
2026-04-10T13:45:00+05:30,200.0,200.46,199.51,199.51,9819,0
2026-04-10T14:00:00+05:30,199.7,199.73,199.36,199.36,8247,0
2026-04-10T14:15:00+05:30,199.3,199.91,198.61,199.56,143394,0
2026-04-10T14:30:00+05:30,199.56,199.77,198.71,199.2,3141,0
2026-04-10T14:45:00+05:30,199.2,199.44,198.7,199.32,2838,0
2026-04-10T15:00:00+05:30,199.32,199.4,198.26,198.75,14141,0
2026-04-10T15:15:00+05:30,198.84,201.02,198.66,199.0,17489,0
2026-04-13T09:15:00+05:30,195.0,197.95,190.63,193.23,36676,0
2026-04-13T09:30:00+05:30,193.03,193.48,191.11,191.74,20091,0
2026-04-13T09:45:00+05:30,191.85,192.77,191.3,192.08,8912,0
2026-04-13T10:00:00+05:30,192.41,192.41,190.74,191.18,12547,0
2026-04-13T10:15:00+05:30,190.81,192.55,190.5,192.38,8206,0
2026-04-13T10:30:00+05:30,192.38,192.75,191.2,192.01,13094,0
2026-04-13T10:45:00+05:30,191.6,193.06,191.49,192.28,9556,0
2026-04-13T11:00:00+05:30,192.28,192.72,191.6,191.75,6799,0
2026-04-13T11:15:00+05:30,191.76,192.5,191.6,191.99,5673,0
2026-04-13T11:30:00+05:30,191.99,192.57,191.45,191.52,7495,0
2026-04-13T11:45:00+05:30,191.52,193.07,191.2,192.49,12959,0
2026-04-13T12:00:00+05:30,192.55,192.66,191.65,191.65,7178,0
2026-04-13T12:15:00+05:30,191.66,192.77,191.65,192.31,8014,0
2026-04-13T12:30:00+05:30,192.31,192.73,192.15,192.22,6703,0
2026-04-13T12:45:00+05:30,192.22,192.77,191.43,191.47,10028,0
2026-04-13T13:00:00+05:30,191.48,191.97,190.77,191.57,8767,0
2026-04-13T13:15:00+05:30,191.31,191.92,191.05,191.12,8449,0
2026-04-13T13:30:00+05:30,191.12,192.57,191.06,191.99,8137,0
2026-04-13T13:45:00+05:30,191.99,192.14,190.54,191.04,24173,0
2026-04-13T14:00:00+05:30,191.05,191.72,190.5,191.37,12511,0
2026-04-13T14:15:00+05:30,191.02,194.39,190.68,193.8,26142,0
2026-04-13T14:30:00+05:30,193.8,194.41,193.12,193.86,8523,0
2026-04-13T14:45:00+05:30,193.49,193.86,193.31,193.34,6600,0
2026-04-13T15:00:00+05:30,193.34,193.61,193.0,193.3,21787,0
2026-04-13T15:15:00+05:30,193.3,193.59,192.0,192.5,21863,0
2026-04-15T09:15:00+05:30,196.0,203.0,196.0,199.42,65524,0
2026-04-15T09:30:00+05:30,199.42,201.52,199.29,201.13,29071,0
2026-04-15T09:45:00+05:30,200.67,201.01,198.75,200.02,49015,0
2026-04-15T10:00:00+05:30,199.96,201.99,198.89,201.1,16135,0
2026-04-15T10:15:00+05:30,201.0,202.0,199.1,199.1,29439,0
2026-04-15T10:30:00+05:30,199.11,200.0,198.42,199.5,22741,0
2026-04-15T10:45:00+05:30,199.5,199.55,198.8,198.8,2424,0
2026-04-15T11:00:00+05:30,198.8,199.99,198.8,199.14,6932,0
2026-04-15T11:15:00+05:30,199.14,199.54,198.8,199.05,1961,0
2026-04-15T11:30:00+05:30,199.05,199.05,198.9,198.9,1250,0
2026-04-15T11:45:00+05:30,198.9,199.5,198.9,199.5,1463,0
2026-04-15T12:00:00+05:30,199.5,199.9,199.03,199.9,3381,0
2026-04-15T12:15:00+05:30,199.9,200.0,199.0,200.0,11948,0
2026-04-15T12:30:00+05:30,200.0,200.0,199.0,199.54,10618,0
2026-04-15T12:45:00+05:30,199.26,200.0,199.26,199.79,16790,0
2026-04-15T13:00:00+05:30,199.78,200.3,199.34,200.0,18027,0
2026-04-15T13:15:00+05:30,200.0,200.3,199.63,200.0,19999,0
2026-04-15T13:30:00+05:30,199.85,199.85,196.08,199.23,53316,0
2026-04-15T13:45:00+05:30,199.22,200.0,199.09,199.48,6816,0
2026-04-15T14:00:00+05:30,199.48,199.99,199.25,199.6,10502,0
2026-04-15T14:15:00+05:30,199.31,199.61,199.16,199.25,4098,0
2026-04-15T14:30:00+05:30,199.25,199.78,199.12,199.15,4250,0
2026-04-15T14:45:00+05:30,199.39,199.85,199.19,199.85,4651,0
2026-04-15T15:00:00+05:30,199.32,199.88,198.83,199.0,21844,0
2026-04-15T15:15:00+05:30,198.81,199.2,197.0,198.61,38216,0
2026-04-16T09:15:00+05:30,203.4,203.4,200.05,202.32,25641,0
2026-04-16T09:30:00+05:30,202.1,202.5,200.48,201.3,26063,0
2026-04-16T09:45:00+05:30,201.15,201.15,197.0,197.56,17944,0
2026-04-16T10:00:00+05:30,197.56,199.5,197.0,199.49,13879,0
2026-04-16T10:15:00+05:30,199.47,199.7,199.22,199.27,20457,0
2026-04-16T10:30:00+05:30,199.46,202.3,199.4,201.0,142656,0
2026-04-16T10:45:00+05:30,201.05,201.24,200.0,200.27,23497,0
2026-04-16T11:00:00+05:30,200.27,200.7,199.21,200.48,98703,0
2026-04-16T11:15:00+05:30,200.55,200.7,198.5,199.35,10693,0
2026-04-16T11:30:00+05:30,199.34,199.34,197.62,198.05,8259,0
2026-04-16T11:45:00+05:30,197.72,197.95,197.01,197.54,10467,0
2026-04-16T12:00:00+05:30,197.3,197.97,196.71,197.5,11791,0
2026-04-16T12:15:00+05:30,197.43,197.98,197.04,197.5,2056,0
2026-04-16T12:30:00+05:30,197.5,198.29,197.49,197.59,11091,0
2026-04-16T12:45:00+05:30,197.59,198.12,194.84,197.62,33932,0
2026-04-16T13:00:00+05:30,197.63,198.24,197.06,198.24,4934,0
2026-04-16T13:15:00+05:30,198.24,198.48,197.96,198.15,3984,0
2026-04-16T13:30:00+05:30,198.15,199.07,198.15,198.76,2332,0
2026-04-16T13:45:00+05:30,198.88,199.59,198.52,198.8,14123,0
2026-04-16T14:00:00+05:30,198.81,200.0,198.49,199.47,30781,0
2026-04-16T14:15:00+05:30,199.47,201.31,199.13,201.1,28704,0
2026-04-16T14:30:00+05:30,201.0,201.5,200.82,201.11,10376,0
2026-04-16T14:45:00+05:30,201.12,201.33,200.78,201.0,6903,0
2026-04-16T15:00:00+05:30,201.0,201.0,200.7,200.9,7345,0
2026-04-16T15:15:00+05:30,200.87,201.7,199.5,201.7,45514,0
2026-04-17T09:15:00+05:30,202.2,203.49,201.5,201.78,12195,0
2026-04-17T09:30:00+05:30,201.6,201.6,198.83,199.31,18154,0
2026-04-17T09:45:00+05:30,199.31,201.0,199.24,200.5,26488,0
2026-04-17T10:00:00+05:30,200.5,201.71,200.2,201.51,24019,0
2026-04-17T10:15:00+05:30,201.54,201.55,200.5,201.25,13128,0
2026-04-17T10:30:00+05:30,201.23,201.25,199.0,199.2,16400,0
2026-04-17T10:45:00+05:30,199.2,199.9,199.2,199.75,14708,0
2026-04-17T11:00:00+05:30,199.51,199.9,199.35,199.55,18051,0
2026-04-17T11:15:00+05:30,199.55,199.7,199.3,199.62,1010,0
2026-04-17T11:30:00+05:30,199.65,199.9,199.33,199.7,3638,0
2026-04-17T11:45:00+05:30,199.9,207.4,199.3,203.42,192096,0
2026-04-17T12:00:00+05:30,203.12,203.12,201.0,202.0,51060,0
2026-04-17T12:15:00+05:30,202.0,202.3,201.0,202.3,48633,0
2026-04-17T12:30:00+05:30,202.11,202.63,201.0,201.52,15321,0
2026-04-17T12:45:00+05:30,201.56,201.73,200.0,200.53,19277,0
2026-04-17T13:00:00+05:30,200.56,202.0,199.91,200.0,73307,0
2026-04-17T13:15:00+05:30,200.0,201.56,200.0,201.56,14081,0
2026-04-17T13:30:00+05:30,201.54,201.65,200.75,200.99,10671,0
2026-04-17T13:45:00+05:30,201.0,201.1,200.7,201.0,10202,0
2026-04-17T14:00:00+05:30,200.99,201.12,200.3,200.37,39170,0
2026-04-17T14:15:00+05:30,200.36,201.7,200.3,201.45,24209,0
2026-04-17T14:30:00+05:30,201.45,201.7,201.0,201.12,1946,0
2026-04-17T14:45:00+05:30,201.15,201.48,200.46,200.49,14134,0
2026-04-17T15:00:00+05:30,200.77,201.4,200.48,201.07,23087,0
2026-04-17T15:15:00+05:30,201.37,201.7,200.2,201.68,77022,0
2026-04-20T09:15:00+05:30,203.6,203.6,198.0,201.0,57071,0
2026-04-20T09:30:00+05:30,201.02,201.02,199.14,200.01,18420,0
2026-04-20T09:45:00+05:30,199.97,201.0,199.12,200.5,12547,0
2026-04-20T10:00:00+05:30,200.5,201.79,199.9,201.0,21150,0
2026-04-20T10:15:00+05:30,201.45,202.0,200.95,201.0,20777,0
2026-04-20T10:30:00+05:30,201.0,201.99,200.94,200.94,11789,0
2026-04-20T10:45:00+05:30,200.94,201.87,200.94,201.87,2741,0
2026-04-20T11:00:00+05:30,201.9,202.0,201.31,201.64,6810,0
2026-04-20T11:15:00+05:30,201.71,202.29,201.31,201.81,11341,0
2026-04-20T11:30:00+05:30,201.81,201.92,201.31,201.92,963,0
2026-04-20T11:45:00+05:30,201.92,201.92,201.75,201.87,405,0
2026-04-20T12:00:00+05:30,201.87,201.87,200.8,200.99,10020,0
2026-04-20T12:15:00+05:30,200.99,200.99,200.34,200.96,1579,0
2026-04-20T12:30:00+05:30,200.96,201.09,200.64,200.93,860,0
2026-04-20T12:45:00+05:30,200.93,201.6,200.93,201.59,1285,0
2026-04-20T13:00:00+05:30,201.11,201.13,199.88,200.03,11475,0
2026-04-20T13:15:00+05:30,199.7,199.99,198.43,199.13,17313,0
2026-04-20T13:30:00+05:30,199.13,199.29,198.6,199.01,2344,0
2026-04-20T13:45:00+05:30,198.6,199.01,197.71,198.0,13907,0
2026-04-20T14:00:00+05:30,197.71,198.25,197.6,197.97,822,0
2026-04-20T14:15:00+05:30,197.95,197.99,197.3,197.45,11852,0
2026-04-20T14:30:00+05:30,197.59,199.68,197.35,197.35,21827,0
2026-04-20T14:45:00+05:30,197.68,198.52,197.62,198.52,1904,0
2026-04-20T15:00:00+05:30,198.52,198.52,197.5,197.54,5037,0
2026-04-20T15:15:00+05:30,197.59,197.83,196.09,197.4,34425,0
2026-04-21T09:15:00+05:30,197.0,198.51,197.0,197.87,9538,0
2026-04-21T09:30:00+05:30,197.84,199.29,197.0,198.98,13537,0
2026-04-21T09:45:00+05:30,199.01,199.04,198.18,198.4,6468,0
2026-04-21T10:00:00+05:30,198.48,198.93,198.13,198.6,4180,0
2026-04-21T10:15:00+05:30,198.86,199.19,198.5,198.5,2197,0
2026-04-21T10:30:00+05:30,198.33,199.43,198.33,199.09,7295,0
2026-04-21T10:45:00+05:30,198.65,199.0,198.59,198.96,4907,0
2026-04-21T11:00:00+05:30,198.73,199.5,198.5,199.05,8536,0
2026-04-21T11:15:00+05:30,199.05,199.28,198.5,198.8,8094,0
2026-04-21T11:30:00+05:30,198.8,199.19,198.76,198.82,659,0
2026-04-21T11:45:00+05:30,199.0,199.0,198.82,199.0,1033,0
2026-04-21T12:00:00+05:30,199.0,199.1,198.71,199.0,7912,0
2026-04-21T12:15:00+05:30,199.0,199.0,198.81,199.0,279,0
2026-04-21T12:30:00+05:30,199.0,200.7,198.87,199.01,44153,0
2026-04-21T12:45:00+05:30,199.0,200.18,198.87,200.02,36022,0
2026-04-21T13:00:00+05:30,200.29,200.3,199.75,199.77,10865,0
2026-04-21T13:15:00+05:30,199.5,199.9,199.13,199.9,1318,0
2026-04-21T13:30:00+05:30,199.9,199.9,199.5,199.58,2179,0
2026-04-21T13:45:00+05:30,199.88,199.9,199.09,199.09,3039,0
2026-04-21T14:00:00+05:30,199.15,199.72,199.0,199.25,3158,0
2026-04-21T14:15:00+05:30,199.25,199.79,199.22,199.74,3664,0
2026-04-21T14:30:00+05:30,199.37,199.7,198.53,198.53,5407,0
2026-04-21T14:45:00+05:30,198.55,199.25,198.55,199.1,5272,0
2026-04-21T15:00:00+05:30,199.1,199.9,198.46,198.59,13495,0
2026-04-21T15:15:00+05:30,198.48,199.9,198.13,199.1,38385,0
2026-04-22T09:15:00+05:30,198.75,200.75,193.0,198.05,21946,0
2026-04-22T09:30:00+05:30,198.34,198.95,197.37,198.57,15773,0
2026-04-22T09:45:00+05:30,198.57,198.86,197.41,197.76,3969,0
2026-04-22T10:00:00+05:30,197.63,197.9,197.0,197.65,6521,0
2026-04-22T10:15:00+05:30,197.65,198.17,197.0,197.0,10119,0
2026-04-22T10:30:00+05:30,197.0,197.78,197.0,197.74,1583,0
2026-04-22T10:45:00+05:30,197.74,198.38,196.85,198.36,3714,0
2026-04-22T11:00:00+05:30,198.36,198.36,197.5,197.76,2238,0
2026-04-22T11:15:00+05:30,197.76,197.78,197.02,197.4,7841,0
2026-04-22T11:30:00+05:30,197.4,197.4,196.95,197.24,5885,0
2026-04-22T11:45:00+05:30,197.18,197.34,196.51,197.15,2752,0
2026-04-22T12:00:00+05:30,197.15,197.36,196.31,196.78,3850,0
2026-04-22T12:15:00+05:30,196.73,196.92,196.1,196.65,5602,0
2026-04-22T12:30:00+05:30,196.64,197.0,196.4,197.0,1221,0
2026-04-22T12:45:00+05:30,197.0,197.6,196.84,197.45,4437,0
2026-04-22T13:00:00+05:30,197.45,197.9,197.0,197.9,6431,0
2026-04-22T13:15:00+05:30,197.9,197.9,197.53,197.73,992,0
2026-04-22T13:30:00+05:30,197.73,198.0,197.36,197.65,4301,0
2026-04-22T13:45:00+05:30,197.65,198.0,196.11,197.59,25277,0
2026-04-22T14:00:00+05:30,197.59,198.0,197.24,197.58,4905,0
2026-04-22T14:15:00+05:30,197.58,197.58,196.72,197.21,2440,0
2026-04-22T14:30:00+05:30,197.21,197.4,197.0,197.2,1613,0
2026-04-22T14:45:00+05:30,197.2,200.2,196.73,199.85,45600,0
2026-04-22T15:00:00+05:30,199.64,199.73,198.4,198.79,5805,0
2026-04-22T15:15:00+05:30,198.43,199.89,198.0,199.85,42470,0
2026-04-23T09:15:00+05:30,198.87,200.62,197.81,198.68,20612,0
2026-04-23T09:30:00+05:30,198.31,199.5,198.2,199.5,16223,0
2026-04-23T09:45:00+05:30,199.55,201.02,199.17,201.02,37554,0
2026-04-23T10:00:00+05:30,201.5,213.01,201.5,212.92,130571,0
2026-04-23T10:15:00+05:30,212.51,217.62,211.86,216.84,160590,0
2026-04-23T10:30:00+05:30,216.77,217.0,211.96,214.41,90122,0
2026-04-23T10:45:00+05:30,214.92,215.9,213.58,215.89,24525,0
2026-04-23T11:00:00+05:30,215.89,216.0,214.7,215.85,12754,0
2026-04-23T11:15:00+05:30,215.6,216.0,214.7,215.49,11883,0
2026-04-23T11:30:00+05:30,215.46,217.9,215.05,216.02,41068,0
2026-04-23T11:45:00+05:30,216.01,216.35,211.35,212.38,102363,0
2026-04-23T12:00:00+05:30,212.48,212.49,209.16,211.06,82889,0
2026-04-23T12:15:00+05:30,211.0,211.98,210.32,211.55,7980,0
2026-04-23T12:30:00+05:30,211.51,211.54,210.0,210.85,30053,0
2026-04-23T12:45:00+05:30,211.0,211.85,210.01,210.76,20455,0
2026-04-23T13:00:00+05:30,210.5,210.84,210.0,210.8,7469,0
2026-04-23T13:15:00+05:30,210.8,210.99,206.65,210.09,39523,0
2026-04-23T13:30:00+05:30,209.76,210.0,208.12,209.36,19777,0
2026-04-23T13:45:00+05:30,209.0,209.59,208.55,208.9,4104,0
2026-04-23T14:00:00+05:30,208.7,209.06,207.44,207.54,16417,0
2026-04-23T14:15:00+05:30,207.81,207.99,207.01,207.1,13443,0
2026-04-23T14:30:00+05:30,207.1,207.49,206.2,206.23,6849,0
2026-04-23T14:45:00+05:30,206.45,208.0,206.02,206.41,16365,0
2026-04-23T15:00:00+05:30,206.73,206.89,205.25,206.88,29798,0
2026-04-23T15:15:00+05:30,206.84,207.36,205.9,206.0,34595,0
2026-04-24T09:15:00+05:30,206.22,208.27,203.66,203.8,21893,0
2026-04-24T09:30:00+05:30,204.03,204.62,202.25,203.0,16264,0
2026-04-24T09:45:00+05:30,202.96,203.1,201.5,202.53,34607,0
2026-04-24T10:00:00+05:30,202.66,205.38,202.66,204.19,14064,0
2026-04-24T10:15:00+05:30,204.19,204.19,202.38,202.68,4278,0
2026-04-24T10:30:00+05:30,202.41,202.95,202.0,202.35,11231,0
2026-04-24T10:45:00+05:30,202.52,202.52,202.21,202.21,15674,0
2026-04-24T11:00:00+05:30,202.05,202.54,202.01,202.3,16326,0
2026-04-24T11:15:00+05:30,202.07,206.22,201.5,205.54,17466,0
2026-04-24T11:30:00+05:30,205.2,205.92,205.12,205.31,3105,0
2026-04-24T11:45:00+05:30,205.54,205.55,204.8,204.8,4372,0
2026-04-24T12:00:00+05:30,204.81,204.96,202.5,203.3,7493,0
2026-04-24T12:15:00+05:30,203.94,203.97,202.45,202.77,1223,0
2026-04-24T12:30:00+05:30,202.77,203.68,202.25,203.01,5917,0
2026-04-24T12:45:00+05:30,203.08,203.25,202.79,203.02,2016,0
2026-04-24T13:00:00+05:30,203.25,203.34,201.31,202.14,10902,0
2026-04-24T13:15:00+05:30,202.15,203.68,201.57,203.68,15797,0
2026-04-24T13:30:00+05:30,202.98,202.98,202.05,202.05,3094,0
2026-04-24T13:45:00+05:30,202.01,202.35,202.0,202.0,4268,0
2026-04-24T14:00:00+05:30,202.21,203.54,202.0,203.3,10176,0
2026-04-24T14:15:00+05:30,203.3,203.4,202.81,203.4,3832,0
2026-04-24T14:30:00+05:30,203.4,204.5,203.28,204.2,17962,0
2026-04-24T14:45:00+05:30,204.18,204.52,203.85,204.15,13678,0
2026-04-24T15:00:00+05:30,203.9,204.12,203.1,203.27,4519,0
2026-04-24T15:15:00+05:30,203.49,205.0,203.0,203.56,29045,0
2026-04-27T09:15:00+05:30,206.5,208.98,205.66,208.35,41711,0
2026-04-27T09:30:00+05:30,208.02,208.7,207.34,208.26,10613,0
2026-04-27T09:45:00+05:30,208.63,208.8,207.1,207.44,11159,0
2026-04-27T10:00:00+05:30,207.44,207.44,206.5,206.71,7624,0
2026-04-27T10:15:00+05:30,206.71,207.37,206.5,206.5,2272,0
2026-04-27T10:30:00+05:30,206.7,207.44,206.7,207.37,2489,0
2026-04-27T10:45:00+05:30,207.73,208.46,207.55,207.59,5906,0
2026-04-27T11:00:00+05:30,207.95,208.02,207.16,207.96,2640,0
2026-04-27T11:15:00+05:30,207.7,208.2,207.44,207.44,1730,0
2026-04-27T11:30:00+05:30,207.56,207.56,207.16,207.55,404,0
2026-04-27T11:45:00+05:30,207.25,208.95,207.14,208.53,24813,0
2026-04-27T12:00:00+05:30,208.52,208.78,208.09,208.2,4044,0
2026-04-27T12:15:00+05:30,208.44,208.72,208.07,208.63,10149,0
2026-04-27T12:30:00+05:30,208.64,209.38,207.46,208.17,9449,0
2026-04-27T12:45:00+05:30,208.17,208.2,207.42,207.76,1241,0
2026-04-27T13:00:00+05:30,207.76,208.15,207.76,208.0,279,0
2026-04-27T13:15:00+05:30,208.03,208.17,208.0,208.17,222,0
2026-04-27T13:30:00+05:30,208.17,208.17,207.68,207.78,3480,0
2026-04-27T13:45:00+05:30,207.78,208.14,207.0,207.37,10710,0
2026-04-27T14:00:00+05:30,207.37,207.7,206.9,206.98,8248,0
2026-04-27T14:15:00+05:30,206.98,207.07,205.8,205.81,12546,0
2026-04-27T14:30:00+05:30,205.81,206.1,205.7,206.01,6192,0
2026-04-27T14:45:00+05:30,206.01,206.2,205.75,206.0,2796,0
2026-04-27T15:00:00+05:30,206.16,206.23,204.1,204.42,25887,0
2026-04-27T15:15:00+05:30,204.25,205.0,202.25,204.02,61561,0
2026-04-28T09:15:00+05:30,205.45,206.24,204.61,204.78,13092,0
2026-04-28T09:30:00+05:30,204.5,205.05,203.08,204.78,23174,0
2026-04-28T09:45:00+05:30,204.78,205.06,204.28,204.68,8498,0
2026-04-28T10:00:00+05:30,204.68,204.68,203.26,204.0,2933,0
2026-04-28T10:15:00+05:30,204.0,205.0,204.0,204.59,4690,0
2026-04-28T10:30:00+05:30,204.59,204.7,203.31,203.72,9410,0
2026-04-28T10:45:00+05:30,203.48,204.01,202.5,204.01,18937,0
2026-04-28T11:00:00+05:30,204.43,204.43,203.4,203.46,2491,0
2026-04-28T11:15:00+05:30,203.47,203.78,201.5,201.68,9143,0
2026-04-28T11:30:00+05:30,201.63,202.47,201.0,201.7,6720,0
2026-04-28T11:45:00+05:30,201.79,203.01,201.79,202.38,9750,0
2026-04-28T12:00:00+05:30,202.25,202.63,202.0,202.0,2439,0
2026-04-28T12:15:00+05:30,202.34,202.6,201.87,202.0,4937,0
2026-04-28T12:30:00+05:30,202.21,202.23,201.32,201.71,5961,0
2026-04-28T12:45:00+05:30,201.71,201.74,199.9,200.52,25196,0
2026-04-28T13:00:00+05:30,200.49,200.51,199.8,200.33,5323,0
2026-04-28T13:15:00+05:30,200.32,200.95,200.29,200.94,1880,0
2026-04-28T13:30:00+05:30,200.94,200.94,200.05,200.33,1670,0
2026-04-28T13:45:00+05:30,200.34,200.39,199.61,199.99,2647,0
2026-04-28T14:00:00+05:30,199.99,201.03,199.92,201.03,8480,0
2026-04-28T14:15:00+05:30,200.28,200.74,200.17,200.74,859,0
2026-04-28T14:30:00+05:30,200.64,201.12,200.22,200.73,1520,0
2026-04-28T14:45:00+05:30,200.73,201.59,200.66,200.99,2027,0
2026-04-28T15:00:00+05:30,200.99,200.99,200.05,200.42,5011,0
2026-04-28T15:15:00+05:30,200.06,200.79,199.0,200.79,23419,0
2026-04-29T09:15:00+05:30,200.79,201.54,199.93,200.74,20280,0
2026-04-29T09:30:00+05:30,200.7,201.98,198.3,198.43,22384,0
2026-04-29T09:45:00+05:30,198.52,198.53,195.37,195.99,42014,0
2026-04-29T10:00:00+05:30,196.0,196.62,195.3,195.8,14611,0
2026-04-29T10:15:00+05:30,195.8,195.99,195.11,195.52,21618,0
2026-04-29T10:30:00+05:30,195.84,195.9,194.31,195.57,26444,0
2026-04-29T10:45:00+05:30,195.27,195.64,194.6,195.34,22469,0
2026-04-29T11:00:00+05:30,195.34,195.57,192.81,193.72,37585,0
2026-04-29T11:15:00+05:30,193.72,194.6,193.21,193.92,10712,0
2026-04-29T11:30:00+05:30,193.9,193.9,193.3,193.58,2338,0
2026-04-29T11:45:00+05:30,193.58,194.08,193.27,194.05,7446,0
2026-04-29T12:00:00+05:30,194.05,194.59,193.65,194.59,2913,0
2026-04-29T12:15:00+05:30,194.62,195.15,194.05,194.61,5850,0
2026-04-29T12:30:00+05:30,194.83,194.85,194.17,194.57,3707,0
2026-04-29T12:45:00+05:30,194.56,195.58,194.3,194.87,8997,0
2026-04-29T13:00:00+05:30,194.72,194.9,194.3,194.58,3823,0
2026-04-29T13:15:00+05:30,194.58,194.88,193.65,194.18,9401,0
2026-04-29T13:30:00+05:30,193.92,194.48,191.6,192.45,32949,0
2026-04-29T13:45:00+05:30,192.58,192.63,191.06,191.78,17014,0
2026-04-29T14:00:00+05:30,191.7,191.99,190.12,191.99,24145,0
2026-04-29T14:15:00+05:30,191.99,192.66,191.52,192.15,4565,0
2026-04-29T14:30:00+05:30,192.14,192.51,192.0,192.47,4990,0
2026-04-29T14:45:00+05:30,192.41,192.47,191.27,191.5,10940,0
2026-04-29T15:00:00+05:30,191.5,192.41,190.0,191.0,32632,0
2026-04-29T15:15:00+05:30,190.54,191.9,189.67,190.97,49857,0
2026-04-30T09:15:00+05:30,190.0,191.25,188.1,191.25,25417,0
2026-04-30T09:30:00+05:30,191.25,193.59,190.19,192.43,11123,0
2026-04-30T09:45:00+05:30,193.0,193.29,191.2,191.6,7154,0
2026-04-30T10:00:00+05:30,191.74,193.0,191.0,191.85,24626,0
2026-04-30T10:15:00+05:30,191.85,191.98,191.3,191.9,3037,0
2026-04-30T10:30:00+05:30,191.7,192.99,191.3,192.6,4588,0
2026-04-30T10:45:00+05:30,192.56,192.94,191.91,191.91,6792,0
2026-04-30T11:00:00+05:30,192.0,194.45,191.62,194.01,10828,0
2026-04-30T11:15:00+05:30,193.82,197.4,193.32,196.4,31105,0
2026-04-30T11:30:00+05:30,196.2,196.49,194.83,196.0,13457,0
2026-04-30T11:45:00+05:30,196.0,196.43,195.01,195.21,4445,0
2026-04-30T12:00:00+05:30,195.27,198.27,195.19,197.57,23862,0
2026-04-30T12:15:00+05:30,197.58,198.97,196.97,197.34,12159,0
2026-04-30T12:30:00+05:30,197.34,197.89,196.27,196.98,7303,0
2026-04-30T12:45:00+05:30,196.98,197.99,195.56,195.82,5688,0
2026-04-30T13:00:00+05:30,196.0,196.82,195.32,196.0,3800,0
2026-04-30T13:15:00+05:30,196.0,196.0,195.73,195.98,124,0
2026-04-30T13:30:00+05:30,195.98,195.98,195.42,195.58,2061,0
2026-04-30T13:45:00+05:30,195.91,196.17,195.24,195.62,3099,0
2026-04-30T14:00:00+05:30,195.62,196.52,195.22,195.25,6648,0
2026-04-30T14:15:00+05:30,195.25,195.54,195.0,195.32,6989,0
2026-04-30T14:30:00+05:30,195.57,196.0,195.3,195.95,1197,0
2026-04-30T14:45:00+05:30,195.95,196.5,195.0,195.71,8861,0
2026-04-30T15:00:00+05:30,195.9,196.0,194.53,196.0,31749,0
2026-04-30T15:15:00+05:30,195.97,196.44,194.33,195.0,36379,0
2026-05-04T09:15:00+05:30,195.5,196.99,188.62,189.0,60807,0
2026-05-04T09:30:00+05:30,189.0,189.63,184.5,184.5,64679,0
2026-05-04T09:45:00+05:30,184.5,187.0,184.01,187.0,62514,0
2026-05-04T10:00:00+05:30,187.0,188.28,185.51,186.0,26214,0
2026-05-04T10:15:00+05:30,186.0,186.82,185.8,186.82,18036,0
2026-05-04T10:30:00+05:30,187.32,187.78,185.49,186.57,22761,0
2026-05-04T10:45:00+05:30,186.56,186.58,184.25,185.0,33352,0
2026-05-04T11:00:00+05:30,185.17,185.3,184.14,185.2,10902,0
2026-05-04T11:15:00+05:30,185.2,185.6,184.3,184.71,10511,0
2026-05-04T11:30:00+05:30,184.71,185.41,183.65,184.51,21122,0
2026-05-04T11:45:00+05:30,184.51,185.07,182.0,183.0,40373,0
2026-05-04T12:00:00+05:30,182.97,186.39,181.0,184.53,78862,0
2026-05-04T12:15:00+05:30,184.91,185.73,184.22,185.22,8912,0
2026-05-04T12:30:00+05:30,185.22,185.57,184.55,184.55,14847,0
2026-05-04T12:45:00+05:30,184.55,185.45,184.55,185.04,4842,0
2026-05-04T13:00:00+05:30,185.04,185.2,184.5,184.5,13846,0
2026-05-04T13:15:00+05:30,184.5,185.09,183.1,184.38,85435,0
2026-05-04T13:30:00+05:30,184.38,184.9,183.6,184.9,56813,0
2026-05-04T13:45:00+05:30,184.9,185.0,184.0,184.3,7967,0
2026-05-04T14:00:00+05:30,184.31,184.79,183.5,183.5,22477,0
2026-05-04T14:15:00+05:30,183.5,184.94,183.0,184.83,29384,0
2026-05-04T14:30:00+05:30,184.84,184.93,184.0,184.45,22667,0
2026-05-04T14:45:00+05:30,184.73,184.88,184.3,184.53,2491,0
2026-05-04T15:00:00+05:30,184.53,186.11,184.3,185.28,93015,0
2026-05-04T15:15:00+05:30,185.01,186.99,185.0,186.5,92172,0
2026-05-05T09:15:00+05:30,187.5,196.48,187.5,187.79,95851,0
2026-05-05T09:30:00+05:30,187.79,188.16,186.0,186.63,36090,0
2026-05-05T09:45:00+05:30,186.39,186.95,185.19,186.25,25874,0
2026-05-05T10:00:00+05:30,186.0,186.35,185.0,186.07,20482,0
2026-05-05T10:15:00+05:30,185.81,186.66,185.75,185.78,7930,0
2026-05-05T10:30:00+05:30,186.03,186.39,185.75,186.05,7372,0
2026-05-05T10:45:00+05:30,186.05,186.31,185.75,185.75,2857,0
2026-05-05T11:00:00+05:30,185.75,186.15,185.7,186.13,962,0
2026-05-05T11:15:00+05:30,186.13,186.28,183.0,184.41,72725,0
2026-05-05T11:30:00+05:30,184.32,184.8,184.0,184.8,2490,0
2026-05-05T11:45:00+05:30,184.8,184.9,184.6,184.85,724,0
2026-05-05T12:00:00+05:30,184.85,185.0,184.5,184.92,2089,0
2026-05-05T12:15:00+05:30,184.92,185.9,184.64,185.48,13339,0
2026-05-05T12:30:00+05:30,185.48,185.96,185.26,185.9,3222,0
2026-05-05T12:45:00+05:30,185.9,186.4,185.41,185.83,6401,0
2026-05-05T13:00:00+05:30,185.91,186.5,185.26,186.5,3662,0
2026-05-05T13:15:00+05:30,186.47,186.49,185.43,186.29,2349,0
2026-05-05T13:30:00+05:30,186.29,186.78,186.04,186.72,2251,0
2026-05-05T13:45:00+05:30,186.75,186.96,186.25,186.25,8680,0
2026-05-05T14:00:00+05:30,186.61,187.05,184.5,185.11,19896,0
2026-05-05T14:15:00+05:30,185.47,185.98,185.0,185.58,23221,0
2026-05-05T14:30:00+05:30,185.7,186.49,185.0,186.49,150316,0
2026-05-05T14:45:00+05:30,186.49,186.9,186.45,186.78,1200,0
2026-05-05T15:00:00+05:30,186.78,188.67,186.05,188.18,19179,0
2026-05-05T15:15:00+05:30,187.86,189.8,187.1,187.1,25122,0
2026-05-06T09:15:00+05:30,188.0,193.69,188.0,189.23,75361,0
2026-05-06T09:30:00+05:30,189.09,191.94,188.05,191.0,56586,0
2026-05-06T09:45:00+05:30,191.0,193.96,190.67,193.02,16949,0
2026-05-06T10:00:00+05:30,193.49,193.49,191.19,191.85,11315,0
2026-05-06T10:15:00+05:30,191.95,193.49,191.4,192.01,10950,0
2026-05-06T10:30:00+05:30,192.2,193.23,191.99,193.23,16161,0
2026-05-06T10:45:00+05:30,193.3,196.71,192.81,194.91,81012,0
2026-05-06T11:00:00+05:30,194.91,194.94,194.06,194.9,6942,0
2026-05-06T11:15:00+05:30,194.97,195.79,194.97,195.35,7227,0
2026-05-06T11:30:00+05:30,195.35,196.0,194.01,194.03,15509,0
2026-05-06T11:45:00+05:30,194.1,194.72,193.48,194.35,13481,0
2026-05-06T12:00:00+05:30,194.35,194.35,192.5,193.08,20620,0
2026-05-06T12:15:00+05:30,192.81,193.03,191.24,191.47,12381,0
2026-05-06T12:30:00+05:30,191.68,191.81,190.72,191.04,11848,0
2026-05-06T12:45:00+05:30,191.18,191.23,189.06,190.38,31975,0
2026-05-06T13:00:00+05:30,190.52,190.65,189.35,190.5,23654,0
2026-05-06T13:15:00+05:30,190.18,190.54,190.0,190.49,3204,0
2026-05-06T13:30:00+05:30,190.13,190.38,189.0,189.47,15720,0
2026-05-06T13:45:00+05:30,189.47,189.99,189.0,189.99,4346,0
2026-05-06T14:00:00+05:30,189.89,190.05,189.2,190.05,18889,0
2026-05-06T14:15:00+05:30,190.0,191.7,189.7,191.5,80167,0
2026-05-06T14:30:00+05:30,191.01,193.4,190.4,191.94,197817,0
2026-05-06T14:45:00+05:30,191.46,191.84,190.5,190.93,45518,0
2026-05-06T15:00:00+05:30,190.9,191.59,189.6,190.37,61401,0
2026-05-06T15:15:00+05:30,190.01,192.7,190.0,192.0,83347,0
2026-05-07T09:15:00+05:30,199.83,199.83,190.04,191.53,75032,0
2026-05-07T09:30:00+05:30,191.1,191.66,190.11,191.66,24407,0
2026-05-07T09:45:00+05:30,191.57,192.16,190.04,190.82,8865,0
2026-05-07T10:00:00+05:30,190.59,191.0,190.26,190.54,2919,0
2026-05-07T10:15:00+05:30,190.3,190.81,190.14,190.46,12321,0
2026-05-07T10:30:00+05:30,190.24,191.57,190.24,191.16,5259,0
2026-05-07T10:45:00+05:30,191.4,191.97,191.4,191.59,4798,0
2026-05-07T11:00:00+05:30,191.59,191.77,190.85,191.4,5879,0
2026-05-07T11:15:00+05:30,191.5,191.84,191.16,191.57,5835,0
2026-05-07T11:30:00+05:30,191.68,191.75,190.0,190.72,21269,0
2026-05-07T11:45:00+05:30,190.52,190.83,189.0,190.83,30623,0
2026-05-07T12:00:00+05:30,190.8,190.84,190.15,190.54,9013,0
2026-05-07T12:15:00+05:30,190.21,190.55,190.2,190.54,881,0
2026-05-07T12:30:00+05:30,190.53,190.58,190.17,190.49,704,0
2026-05-07T12:45:00+05:30,190.21,190.45,189.1,189.24,19225,0
2026-05-07T13:00:00+05:30,189.24,189.48,189.13,189.25,1760,0
2026-05-07T13:15:00+05:30,189.25,189.41,188.22,188.22,7338,0
2026-05-07T13:30:00+05:30,188.52,191.89,188.28,191.37,28325,0
2026-05-07T13:45:00+05:30,191.37,191.72,191.02,191.72,3330,0
2026-05-07T14:00:00+05:30,191.7,191.72,191.01,191.64,2295,0
2026-05-07T14:15:00+05:30,191.64,192.38,191.64,192.05,3930,0
2026-05-07T14:30:00+05:30,192.05,199.0,191.84,195.13,437000,0
2026-05-07T14:45:00+05:30,195.36,196.39,193.0,194.4,114899,0
2026-05-07T15:00:00+05:30,194.58,194.69,193.21,193.71,63672,0
2026-05-07T15:15:00+05:30,193.66,194.14,193.41,193.8,78004,0
2026-05-08T09:15:00+05:30,194.28,195.4,191.61,191.9,57795,0
2026-05-08T09:30:00+05:30,191.9,192.0,190.5,191.08,34417,0
2026-05-08T09:45:00+05:30,190.62,192.16,190.6,192.16,12670,0
2026-05-08T10:00:00+05:30,191.86,192.1,191.27,191.54,5036,0
2026-05-08T10:15:00+05:30,191.41,191.92,191.05,191.3,8261,0
2026-05-08T10:30:00+05:30,191.51,191.59,191.04,191.3,3584,0
2026-05-08T10:45:00+05:30,191.41,191.68,191.05,191.05,3990,0
2026-05-08T11:00:00+05:30,191.05,191.51,191.0,191.27,4853,0
2026-05-08T11:15:00+05:30,191.26,191.51,190.6,190.8,25850,0
2026-05-08T11:30:00+05:30,190.76,191.94,190.55,190.62,22822,0
2026-05-08T11:45:00+05:30,190.62,191.51,190.0,190.1,23123,0
2026-05-08T12:00:00+05:30,190.35,190.9,190.07,190.34,7102,0
2026-05-08T12:15:00+05:30,190.55,190.64,190.11,190.14,4243,0
2026-05-08T12:30:00+05:30,190.45,190.79,190.1,190.1,7421,0
2026-05-08T12:45:00+05:30,190.1,191.15,190.0,190.56,23979,0
2026-05-08T13:00:00+05:30,190.56,190.99,190.0,190.13,12803,0
2026-05-08T13:15:00+05:30,190.15,190.6,190.02,190.13,5362,0
2026-05-08T13:30:00+05:30,190.18,190.6,190.13,190.2,2942,0
2026-05-08T13:45:00+05:30,190.2,190.41,190.0,190.0,21671,0
2026-05-08T14:00:00+05:30,190.0,190.1,189.5,189.68,7837,0
2026-05-08T14:15:00+05:30,189.67,190.67,189.31,190.13,37786,0
2026-05-08T14:30:00+05:30,190.13,190.99,189.8,189.99,71942,0
2026-05-08T14:45:00+05:30,190.0,190.68,189.98,190.0,67407,0
2026-05-08T15:00:00+05:30,190.0,190.38,189.5,189.69,26162,0
2026-05-08T15:15:00+05:30,189.52,190.28,188.31,188.31,237203,0
2026-05-11T09:15:00+05:30,185.77,188.39,184.02,186.51,41672,0
2026-05-11T09:30:00+05:30,186.67,187.2,186.05,186.68,32768,0
2026-05-11T09:45:00+05:30,186.69,187.15,186.05,187.08,12110,0
2026-05-11T10:00:00+05:30,186.88,187.79,186.73,187.21,6037,0
2026-05-11T10:15:00+05:30,187.57,187.79,186.31,187.32,14715,0
2026-05-11T10:30:00+05:30,187.33,187.33,186.15,186.15,6487,0
2026-05-11T10:45:00+05:30,186.15,186.8,186.05,186.78,5367,0
2026-05-11T11:00:00+05:30,186.51,187.38,185.71,186.52,33730,0
2026-05-11T11:15:00+05:30,186.52,186.7,186.0,186.35,11425,0
2026-05-11T11:30:00+05:30,186.35,186.48,186.05,186.2,1845,0
2026-05-11T11:45:00+05:30,186.39,186.5,185.5,185.58,44799,0
2026-05-11T12:00:00+05:30,185.58,187.2,185.11,187.2,29532,0
2026-05-11T12:15:00+05:30,187.2,187.98,184.88,185.49,76520,0
2026-05-11T12:30:00+05:30,185.57,185.58,184.91,185.15,16344,0
2026-05-11T12:45:00+05:30,185.35,186.58,185.17,186.33,8742,0
2026-05-11T13:00:00+05:30,186.33,186.54,186.14,186.32,1281,0
2026-05-11T13:15:00+05:30,186.32,186.55,186.03,186.25,3835,0
2026-05-11T13:30:00+05:30,186.41,186.81,186.01,186.01,1459,0
2026-05-11T13:45:00+05:30,186.01,186.74,186.01,186.74,1790,0
2026-05-11T14:00:00+05:30,186.47,186.7,186.22,186.32,1242,0
2026-05-11T14:15:00+05:30,186.32,186.48,185.12,185.81,59805,0
2026-05-11T14:30:00+05:30,185.98,186.69,185.8,186.58,6123,0
2026-05-11T14:45:00+05:30,186.57,186.8,185.82,186.8,7839,0
2026-05-11T15:00:00+05:30,186.57,186.96,186.19,186.71,7935,0
2026-05-11T15:15:00+05:30,186.41,186.94,186.0,186.55,166236,0
2026-05-12T09:15:00+05:30,187.4,187.75,185.24,185.51,13705,0
2026-05-12T09:30:00+05:30,185.03,185.25,183.11,184.84,8126,0
2026-05-12T09:45:00+05:30,184.84,184.94,184.08,184.3,1783,0
2026-05-12T10:00:00+05:30,184.39,184.8,183.0,184.5,20385,0
2026-05-12T10:15:00+05:30,184.5,184.79,184.0,184.0,23557,0
2026-05-12T10:30:00+05:30,184.0,184.29,183.5,184.08,4183,0
2026-05-12T10:45:00+05:30,184.08,184.27,183.5,183.95,9663,0
2026-05-12T11:00:00+05:30,183.95,183.95,183.16,183.65,6394,0
2026-05-12T11:15:00+05:30,183.54,184.05,183.17,184.05,12442,0
2026-05-12T11:30:00+05:30,184.12,184.12,183.4,183.81,4374,0
2026-05-12T11:45:00+05:30,183.87,183.91,183.5,183.87,515,0
2026-05-12T12:00:00+05:30,183.87,183.87,183.2,183.2,840,0
2026-05-12T12:15:00+05:30,183.2,183.5,182.6,182.81,30132,0
2026-05-12T12:30:00+05:30,182.9,182.9,180.38,181.3,16533,0
2026-05-12T12:45:00+05:30,181.34,181.54,180.31,181.1,4083,0
2026-05-12T13:00:00+05:30,181.15,181.73,179.89,180.13,7631,0
2026-05-12T13:15:00+05:30,180.17,182.55,180.17,182.54,43934,0
2026-05-12T13:30:00+05:30,182.53,182.53,181.68,182.0,2995,0
2026-05-12T13:45:00+05:30,182.17,183.0,181.61,182.0,6713,0
2026-05-12T14:00:00+05:30,181.72,182.0,181.28,181.64,1666,0
2026-05-12T14:15:00+05:30,181.38,183.69,179.89,182.42,77966,0
2026-05-12T14:30:00+05:30,182.21,182.44,181.22,181.23,6986,0
2026-05-12T14:45:00+05:30,181.23,182.0,180.56,180.97,7362,0
2026-05-12T15:00:00+05:30,180.99,181.22,179.27,180.19,220773,0
2026-05-12T15:15:00+05:30,180.2,181.0,179.3,179.8,68220,0
2026-05-13T09:15:00+05:30,180.05,190.1,178.5,179.2,118830,0
2026-05-13T09:30:00+05:30,178.93,179.3,176.1,178.37,13644,0
2026-05-13T09:45:00+05:30,178.37,178.86,176.71,176.71,7508,0
2026-05-13T10:00:00+05:30,176.99,177.5,175.5,175.97,20135,0
2026-05-13T10:15:00+05:30,175.9,175.98,175.3,175.3,5683,0
2026-05-13T10:30:00+05:30,175.32,175.76,174.27,174.48,12198,0
2026-05-13T10:45:00+05:30,174.3,174.6,171.7,174.25,86537,0
2026-05-13T11:00:00+05:30,174.25,175.0,174.11,174.87,4646,0
2026-05-13T11:15:00+05:30,174.87,175.44,174.8,175.16,4969,0
2026-05-13T11:30:00+05:30,175.2,175.78,174.72,175.7,15400,0
2026-05-13T11:45:00+05:30,175.7,175.78,174.6,175.45,10236,0
2026-05-13T12:00:00+05:30,175.14,175.45,175.0,175.3,22980,0
2026-05-13T12:15:00+05:30,175.5,176.0,175.01,175.01,17272,0
2026-05-13T12:30:00+05:30,175.04,175.68,174.2,175.55,27636,0
2026-05-13T12:45:00+05:30,175.55,176.49,175.55,176.36,4004,0
2026-05-13T13:00:00+05:30,176.37,176.49,175.04,175.5,2890,0
2026-05-13T13:15:00+05:30,175.45,175.45,174.5,174.5,32234,0
2026-05-13T13:30:00+05:30,174.75,175.52,174.42,174.8,68009,0
2026-05-13T13:45:00+05:30,174.8,175.24,174.64,175.2,28950,0
2026-05-13T14:00:00+05:30,175.21,175.21,174.55,174.73,1743,0
2026-05-13T14:15:00+05:30,174.73,174.95,172.51,174.68,448019,0
2026-05-13T14:30:00+05:30,174.68,175.7,174.12,174.84,34498,0
2026-05-13T14:45:00+05:30,174.57,175.6,174.37,175.4,31726,0
2026-05-13T15:00:00+05:30,175.4,175.4,174.35,174.5,8746,0
2026-05-13T15:15:00+05:30,174.36,174.78,174.0,174.03,37986,0
2026-05-14T09:15:00+05:30,174.99,177.16,174.41,176.9,118949,0
2026-05-14T09:30:00+05:30,177.29,177.95,176.4,177.21,47452,0
2026-05-14T09:45:00+05:30,177.2,179.0,177.2,178.47,29405,0
2026-05-14T10:00:00+05:30,178.47,179.5,178.39,178.91,20532,0
2026-05-14T10:15:00+05:30,178.91,179.0,178.0,178.47,9697,0
2026-05-14T10:30:00+05:30,178.44,178.44,177.0,177.0,19809,0
2026-05-14T10:45:00+05:30,177.0,177.0,176.19,176.7,10900,0
2026-05-14T11:00:00+05:30,176.95,178.49,176.77,177.55,11969,0
2026-05-14T11:15:00+05:30,177.71,177.99,177.34,177.53,7132,0
2026-05-14T11:30:00+05:30,177.67,177.98,177.45,177.95,3287,0
2026-05-14T11:45:00+05:30,177.94,178.76,177.5,178.7,10235,0
2026-05-14T12:00:00+05:30,178.62,178.75,177.79,177.97,7698,0
2026-05-14T12:15:00+05:30,177.97,178.1,177.79,178.0,2697,0
2026-05-14T12:30:00+05:30,178.0,178.1,177.05,177.8,15599,0
2026-05-14T12:45:00+05:30,177.89,178.1,177.05,177.24,20834,0
2026-05-14T13:00:00+05:30,177.52,177.68,176.7,176.7,10895,0
2026-05-14T13:15:00+05:30,176.7,177.92,176.32,176.49,57954,0
2026-05-14T13:30:00+05:30,176.53,177.36,176.25,176.78,80829,0
2026-05-14T13:45:00+05:30,177.0,177.55,176.25,176.5,33988,0
2026-05-14T14:00:00+05:30,176.5,176.99,176.11,176.99,24324,0
2026-05-14T14:15:00+05:30,176.98,177.2,176.11,176.5,5919,0
2026-05-14T14:30:00+05:30,176.5,176.5,176.16,176.16,610,0
2026-05-14T14:45:00+05:30,176.19,176.38,176.15,176.26,1268,0
2026-05-14T15:00:00+05:30,176.1,178.22,175.87,178.22,478499,0
2026-05-14T15:15:00+05:30,178.25,181.65,178.15,181.51,58292,0
2026-05-15T09:15:00+05:30,179.14,181.0,177.04,177.05,38604,0
2026-05-15T09:30:00+05:30,177.0,177.88,175.58,177.15,18729,0
2026-05-15T09:45:00+05:30,177.14,177.35,176.2,176.46,4478,0
2026-05-15T10:00:00+05:30,176.46,176.46,175.2,175.39,3543,0
2026-05-15T10:15:00+05:30,175.39,175.4,172.62,172.62,23452,0
2026-05-15T10:30:00+05:30,172.95,173.49,172.7,173.2,5055,0
2026-05-15T10:45:00+05:30,173.23,173.75,173.18,173.3,4953,0
2026-05-15T11:00:00+05:30,173.43,173.43,172.8,172.98,5097,0
2026-05-15T11:15:00+05:30,172.8,176.4,172.02,176.04,85058,0
2026-05-15T11:30:00+05:30,176.15,176.58,175.2,175.4,38985,0
2026-05-15T11:45:00+05:30,175.4,176.7,175.0,176.36,27722,0
2026-05-15T12:00:00+05:30,176.62,176.62,174.7,174.72,31187,0
2026-05-15T12:15:00+05:30,174.79,176.88,174.52,176.4,36941,0
2026-05-15T12:30:00+05:30,176.23,176.99,172.9,174.15,408387,0
2026-05-15T12:45:00+05:30,174.15,174.15,172.8,173.02,19107,0
2026-05-15T13:00:00+05:30,173.0,173.19,172.8,173.04,2970,0
2026-05-15T13:15:00+05:30,172.98,172.98,172.3,172.3,7792,0
2026-05-15T13:30:00+05:30,172.3,172.34,172.05,172.29,4973,0
2026-05-15T13:45:00+05:30,172.29,174.14,171.55,174.07,43640,0
2026-05-15T14:00:00+05:30,174.07,174.76,174.0,174.09,6243,0
2026-05-15T14:15:00+05:30,174.1,174.49,173.26,174.43,42368,0
2026-05-15T14:30:00+05:30,174.31,174.81,174.1,174.54,4632,0
2026-05-15T14:45:00+05:30,174.75,175.53,174.51,175.49,7762,0
2026-05-15T15:00:00+05:30,175.49,178.5,174.91,178.23,367707,0
2026-05-15T15:15:00+05:30,178.24,182.07,178.24,180.0,131121,0
2026-05-18T09:15:00+05:30,178.21,180.09,178.0,178.3,74340,0
2026-05-18T09:30:00+05:30,178.19,179.04,177.0,177.5,66554,0
2026-05-18T09:45:00+05:30,177.49,177.49,172.37,176.29,117661,0
2026-05-18T10:00:00+05:30,176.1,176.4,175.06,175.5,12164,0
2026-05-18T10:15:00+05:30,175.72,176.42,174.66,175.57,31302,0
2026-05-18T10:30:00+05:30,175.57,175.72,174.6,175.54,38597,0
2026-05-18T10:45:00+05:30,175.49,175.88,175.05,175.5,5038,0
2026-05-18T11:00:00+05:30,175.49,175.5,174.6,175.5,33078,0
2026-05-18T11:15:00+05:30,175.5,175.5,175.0,175.25,8911,0
2026-05-18T11:30:00+05:30,175.15,175.35,174.14,175.35,27083,0
2026-05-18T11:45:00+05:30,175.35,175.36,173.77,175.26,40298,0
2026-05-18T12:00:00+05:30,175.02,175.98,174.66,175.42,40278,0
2026-05-18T12:15:00+05:30,175.42,175.75,175.13,175.51,3109,0
2026-05-18T12:30:00+05:30,175.71,177.0,175.7,176.22,11951,0
2026-05-18T12:45:00+05:30,175.9,175.9,175.12,175.77,6905,0
2026-05-18T13:00:00+05:30,175.77,176.65,175.6,176.65,4722,0
2026-05-18T13:15:00+05:30,176.65,176.65,176.11,176.14,1488,0
2026-05-18T13:30:00+05:30,176.14,178.67,176.14,177.27,23479,0
2026-05-18T13:45:00+05:30,177.55,177.78,177.03,177.27,5060,0
2026-05-18T14:00:00+05:30,177.5,177.53,177.0,177.3,10548,0
2026-05-18T14:15:00+05:30,177.3,177.76,177.0,177.73,4518,0
2026-05-18T14:30:00+05:30,177.67,177.9,177.35,177.9,3925,0
2026-05-18T14:45:00+05:30,177.86,178.88,177.4,178.12,22717,0
2026-05-18T15:00:00+05:30,178.47,181.3,177.6,180.48,396441,0
2026-05-18T15:15:00+05:30,180.32,181.87,180.02,181.0,63902,0
2026-05-19T09:15:00+05:30,182.0,182.0,179.51,181.44,20177,0
2026-05-19T09:30:00+05:30,181.44,181.9,180.46,181.9,4947,0
2026-05-19T09:45:00+05:30,181.73,182.07,180.53,181.2,20708,0
2026-05-19T10:00:00+05:30,180.88,181.43,180.6,180.66,9001,0
2026-05-19T10:15:00+05:30,180.66,181.0,180.53,180.75,2783,0
2026-05-19T10:30:00+05:30,180.98,181.99,180.75,181.46,6834,0
2026-05-19T10:45:00+05:30,181.46,182.7,181.46,182.14,6291,0
2026-05-19T11:00:00+05:30,181.81,182.11,181.58,182.06,2497,0
2026-05-19T11:15:00+05:30,182.06,182.06,181.98,181.98,251,0
2026-05-19T11:30:00+05:30,181.98,181.98,181.0,181.11,4954,0
2026-05-19T11:45:00+05:30,181.11,181.29,181.0,181.08,1566,0
2026-05-19T12:00:00+05:30,181.08,181.58,180.77,180.77,2242,0
2026-05-19T12:15:00+05:30,180.99,181.72,180.74,181.46,8033,0
2026-05-19T12:30:00+05:30,181.43,181.63,181.0,181.23,1235,0
2026-05-19T12:45:00+05:30,181.01,181.24,181.0,181.05,616,0
2026-05-19T13:00:00+05:30,181.2,181.47,181.06,181.2,456,0
2026-05-19T13:15:00+05:30,181.2,181.53,181.2,181.35,224,0
2026-05-19T13:30:00+05:30,181.35,181.67,181.15,181.24,4367,0
2026-05-19T13:45:00+05:30,181.24,181.69,181.08,181.56,1976,0
2026-05-19T14:00:00+05:30,181.42,181.71,181.14,181.25,1028,0
2026-05-19T14:15:00+05:30,181.25,181.89,181.25,181.63,148,0
2026-05-19T14:30:00+05:30,181.86,181.99,181.25,181.25,7047,0
2026-05-19T14:45:00+05:30,181.42,181.71,181.0,181.0,23602,0
2026-05-19T15:00:00+05:30,181.22,181.33,180.5,181.05,12214,0
2026-05-19T15:15:00+05:30,181.05,182.0,181.0,181.9,13441,0
2026-05-20T09:15:00+05:30,179.51,181.37,178.0,181.36,50657,0
2026-05-20T09:30:00+05:30,181.63,181.64,180.01,180.8,13200,0
2026-05-20T09:45:00+05:30,180.8,181.06,180.02,180.42,3795,0
2026-05-20T10:00:00+05:30,180.6,180.65,179.37,180.38,4795,0
2026-05-20T10:15:00+05:30,180.46,181.6,180.44,181.14,3167,0
2026-05-20T10:30:00+05:30,181.14,182.0,180.75,181.17,9207,0
2026-05-20T10:45:00+05:30,181.17,181.9,180.57,181.85,4133,0
2026-05-20T11:00:00+05:30,181.6,181.88,181.25,181.88,3091,0
2026-05-20T11:15:00+05:30,181.65,182.7,181.61,182.7,28778,0
2026-05-20T11:30:00+05:30,182.62,182.7,182.45,182.64,1262,0
2026-05-20T11:45:00+05:30,182.64,182.7,182.35,182.61,1003,0
2026-05-20T12:00:00+05:30,182.61,182.7,181.96,182.58,9276,0
2026-05-20T12:15:00+05:30,182.5,183.39,182.5,183.17,8312,0
2026-05-20T12:30:00+05:30,183.17,183.68,182.82,182.98,10540,0
2026-05-20T12:45:00+05:30,183.19,183.7,183.0,183.0,13046,0
2026-05-20T13:00:00+05:30,182.97,184.56,182.92,183.85,28626,0
2026-05-20T13:15:00+05:30,183.85,183.97,183.5,183.62,1210,0
2026-05-20T13:30:00+05:30,183.62,184.2,183.51,183.71,4337,0
2026-05-20T13:45:00+05:30,183.71,184.15,183.71,184.15,1184,0
2026-05-20T14:00:00+05:30,183.97,184.26,183.81,184.2,6413,0
2026-05-20T14:15:00+05:30,184.05,187.48,184.0,186.98,47424,0
2026-05-20T14:30:00+05:30,186.82,187.9,186.63,187.41,13960,0
2026-05-20T14:45:00+05:30,187.29,188.36,187.17,187.17,17055,0
2026-05-20T15:00:00+05:30,187.39,187.48,185.64,187.11,34058,0
2026-05-20T15:15:00+05:30,187.11,189.7,185.5,188.77,47475,0
2026-05-21T09:15:00+05:30,190.61,190.61,186.81,186.81,24375,0
2026-05-21T09:30:00+05:30,186.39,188.8,186.36,188.5,9349,0
2026-05-21T09:45:00+05:30,188.36,188.58,186.99,187.0,12255,0
2026-05-21T10:00:00+05:30,186.98,186.98,185.59,185.81,10043,0
2026-05-21T10:15:00+05:30,185.81,189.73,185.81,189.5,45038,0
2026-05-21T10:30:00+05:30,189.47,189.49,188.55,188.75,13198,0
2026-05-21T10:45:00+05:30,188.97,189.0,188.2,188.28,1266,0
2026-05-21T11:00:00+05:30,188.5,189.0,188.32,188.8,7600,0
2026-05-21T11:15:00+05:30,188.48,188.77,188.15,188.49,1160,0
2026-05-21T11:30:00+05:30,188.46,188.65,188.14,188.14,934,0
2026-05-21T11:45:00+05:30,188.14,188.54,188.1,188.12,529,0
2026-05-21T12:00:00+05:30,188.26,188.52,188.0,188.0,1459,0
2026-05-21T12:15:00+05:30,188.0,189.38,188.0,189.38,17316,0
2026-05-21T12:30:00+05:30,189.04,189.55,188.26,188.26,5541,0
2026-05-21T12:45:00+05:30,188.26,188.73,188.26,188.53,2223,0
2026-05-21T13:00:00+05:30,188.53,188.6,188.23,188.25,23722,0
2026-05-21T13:15:00+05:30,188.37,188.4,188.25,188.25,1517,0
2026-05-21T13:30:00+05:30,188.25,189.54,188.25,189.28,24031,0
2026-05-21T13:45:00+05:30,189.55,190.5,189.15,190.25,85520,0
2026-05-21T14:00:00+05:30,190.49,190.7,190.27,190.44,6384,0
2026-05-21T14:15:00+05:30,190.44,190.5,190.12,190.44,1921,0
2026-05-21T14:30:00+05:30,190.16,190.44,190.15,190.23,1307,0
2026-05-21T14:45:00+05:30,190.23,191.33,190.0,190.1,52495,0
2026-05-21T15:00:00+05:30,190.0,191.15,189.74,191.15,70753,0
2026-05-21T15:15:00+05:30,191.15,191.7,191.06,191.5,50320,0
2026-05-22T09:15:00+05:30,191.0,191.06,187.87,190.23,29051,0
2026-05-22T09:30:00+05:30,190.0,191.25,189.82,190.89,18308,0
2026-05-22T09:45:00+05:30,190.84,191.0,190.4,190.71,2996,0
2026-05-22T10:00:00+05:30,190.4,190.83,190.11,190.79,2173,0
2026-05-22T10:15:00+05:30,190.57,191.0,190.56,191.0,2082,0
2026-05-22T10:30:00+05:30,191.0,191.0,190.74,190.76,2371,0
2026-05-22T10:45:00+05:30,190.99,192.3,190.42,192.3,52697,0
2026-05-22T11:00:00+05:30,192.3,193.0,192.15,192.17,22048,0
2026-05-22T11:15:00+05:30,192.0,192.5,191.81,192.2,2560,0
2026-05-22T11:30:00+05:30,192.14,192.64,191.61,192.5,11093,0
2026-05-22T11:45:00+05:30,192.6,192.83,192.16,192.21,13773,0
2026-05-22T12:00:00+05:30,192.24,192.53,191.99,192.53,9009,0
2026-05-22T12:15:00+05:30,192.29,192.29,192.0,192.0,514,0
2026-05-22T12:30:00+05:30,192.0,192.0,191.5,191.8,1623,0
2026-05-22T12:45:00+05:30,191.8,192.23,191.71,191.71,938,0
2026-05-22T13:00:00+05:30,191.63,191.63,191.13,191.13,12144,0
2026-05-22T13:15:00+05:30,191.13,191.41,191.0,191.13,7471,0
2026-05-22T13:30:00+05:30,191.42,191.71,191.13,191.36,2157,0
2026-05-22T13:45:00+05:30,191.36,191.47,191.04,191.14,1503,0
2026-05-22T14:00:00+05:30,191.21,191.5,191.1,191.5,2597,0
2026-05-22T14:15:00+05:30,191.5,191.5,191.13,191.13,272,0
2026-05-22T14:30:00+05:30,191.0,191.34,190.75,191.0,8831,0
2026-05-22T14:45:00+05:30,191.0,191.34,191.0,191.31,3541,0
2026-05-22T15:00:00+05:30,191.01,191.51,191.0,191.0,20609,0
2026-05-22T15:15:00+05:30,191.1,192.0,190.2,191.5,23862,0
2026-05-25T09:15:00+05:30,191.5,191.5,189.95,189.95,18346,0
2026-05-25T09:30:00+05:30,189.69,189.87,188.75,189.11,10396,0
2026-05-25T09:45:00+05:30,189.13,189.44,185.82,187.65,48334,0
2026-05-25T10:00:00+05:30,187.65,189.19,187.32,188.94,12721,0
2026-05-25T10:15:00+05:30,188.94,189.5,188.17,188.51,16656,0
2026-05-25T10:30:00+05:30,188.51,189.0,188.01,188.7,7319,0
2026-05-25T10:45:00+05:30,188.65,188.93,187.45,187.59,11944,0
2026-05-25T11:00:00+05:30,187.6,187.92,187.31,187.54,4347,0
2026-05-25T11:15:00+05:30,187.54,187.9,187.0,187.82,25781,0
2026-05-25T11:30:00+05:30,187.59,187.69,187.02,187.3,2802,0
2026-05-25T11:45:00+05:30,187.3,187.54,187.0,187.01,4714,0
2026-05-25T12:00:00+05:30,187.02,187.02,186.31,186.6,5169,0
2026-05-25T12:15:00+05:30,186.87,186.87,186.1,186.39,4174,0
2026-05-25T12:30:00+05:30,186.1,186.37,185.73,186.13,5376,0
2026-05-25T12:45:00+05:30,186.13,186.21,185.21,185.69,7222,0
2026-05-25T13:00:00+05:30,185.68,185.83,185.2,185.45,3639,0
2026-05-25T13:15:00+05:30,185.43,185.56,184.55,184.9,13809,0
2026-05-25T13:30:00+05:30,184.9,184.9,183.9,183.9,8171,0
2026-05-25T13:45:00+05:30,183.9,184.63,183.7,184.11,12028,0
2026-05-25T14:00:00+05:30,184.11,184.29,183.7,183.85,4943,0
2026-05-25T14:15:00+05:30,183.73,187.03,183.7,184.76,23607,0
2026-05-25T14:30:00+05:30,184.76,185.49,183.55,184.88,47528,0
2026-05-25T14:45:00+05:30,184.89,186.02,184.0,185.92,27533,0
2026-05-25T15:00:00+05:30,185.84,185.84,184.5,184.8,8436,0
2026-05-25T15:15:00+05:30,184.71,184.71,182.5,184.3,29198,0
2026-05-26T09:15:00+05:30,185.3,185.3,182.69,184.96,14058,0
2026-05-26T09:30:00+05:30,184.96,186.64,184.13,186.4,10476,0
2026-05-26T09:45:00+05:30,186.1,186.59,185.2,186.04,15499,0
2026-05-26T10:00:00+05:30,186.04,186.29,185.14,185.7,32027,0
2026-05-26T10:15:00+05:30,185.7,186.22,185.47,185.67,5469,0
2026-05-26T10:30:00+05:30,185.67,186.1,185.38,185.99,2700,0
2026-05-26T10:45:00+05:30,185.81,186.2,185.61,186.11,14182,0
2026-05-26T11:00:00+05:30,186.05,186.21,185.61,186.0,4026,0
2026-05-26T11:15:00+05:30,186.24,186.35,185.91,186.02,17796,0
2026-05-26T11:30:00+05:30,186.02,186.84,186.0,186.36,16149,0
2026-05-26T11:45:00+05:30,186.36,186.37,186.0,186.15,4520,0
2026-05-26T12:00:00+05:30,186.0,186.11,185.93,186.08,1154,0
2026-05-26T12:15:00+05:30,186.02,186.15,185.93,186.0,4873,0
2026-05-26T12:30:00+05:30,186.0,186.5,185.92,186.11,7627,0
2026-05-26T12:45:00+05:30,186.11,186.31,186.07,186.24,72,0
2026-05-26T13:00:00+05:30,186.24,186.5,186.08,186.5,4319,0
2026-05-26T13:15:00+05:30,186.5,187.38,186.48,187.35,5487,0
2026-05-26T13:30:00+05:30,187.19,187.32,186.94,187.0,1537,0
2026-05-26T13:45:00+05:30,187.0,187.2,186.81,186.86,6043,0
2026-05-26T14:00:00+05:30,186.8,186.8,185.21,185.31,12611,0
2026-05-26T14:15:00+05:30,185.31,185.31,183.5,183.52,10051,0
2026-05-26T14:30:00+05:30,183.61,184.46,183.6,184.16,10664,0
2026-05-26T14:45:00+05:30,184.14,185.25,184.1,184.79,11321,0
2026-05-26T15:00:00+05:30,184.9,184.9,184.07,184.25,7169,0
2026-05-26T15:15:00+05:30,184.08,184.39,183.01,184.0,17777,0
2026-05-27T09:15:00+05:30,179.0,181.88,175.01,178.74,52460,0
2026-05-27T09:30:00+05:30,178.7,178.9,175.41,175.97,62014,0
2026-05-27T09:45:00+05:30,175.97,179.29,175.75,179.0,48382,0
2026-05-27T10:00:00+05:30,179.0,180.22,178.65,179.95,17751,0
2026-05-27T10:15:00+05:30,179.95,181.25,179.67,180.56,56279,0
2026-05-27T10:30:00+05:30,180.56,181.43,180.21,180.21,28755,0
2026-05-27T10:45:00+05:30,180.23,180.74,179.73,180.74,4702,0
2026-05-27T11:00:00+05:30,180.74,181.0,179.83,179.83,15233,0
2026-05-27T11:15:00+05:30,180.15,180.56,179.5,179.88,5903,0
2026-05-27T11:30:00+05:30,179.88,180.68,179.0,180.68,27289,0
2026-05-27T11:45:00+05:30,180.66,180.9,180.01,180.03,6838,0
2026-05-27T12:00:00+05:30,180.25,183.52,180.11,183.52,34390,0
2026-05-27T12:15:00+05:30,183.47,184.99,182.92,183.19,17013,0
2026-05-27T12:30:00+05:30,182.94,183.91,182.64,182.81,5073,0
2026-05-27T12:45:00+05:30,182.8,185.39,182.62,185.15,22427,0
2026-05-27T13:00:00+05:30,185.35,187.9,182.95,185.45,107810,0
2026-05-27T13:15:00+05:30,185.84,187.7,185.66,187.0,46474,0
2026-05-27T13:30:00+05:30,187.17,188.7,186.75,187.01,56543,0
2026-05-27T13:45:00+05:30,187.37,189.7,186.52,189.15,75028,0
2026-05-27T14:00:00+05:30,189.03,195.0,189.0,193.09,200373,0
2026-05-27T14:15:00+05:30,193.39,193.7,191.7,192.1,66843,0
2026-05-27T14:30:00+05:30,192.1,193.14,190.1,190.18,48261,0
2026-05-27T14:45:00+05:30,190.16,190.42,189.0,189.84,89934,0
2026-05-27T15:00:00+05:30,190.14,191.88,189.58,191.12,20743,0
2026-05-27T15:15:00+05:30,191.43,192.11,190.85,191.0,65809,0
2026-05-29T09:15:00+05:30,190.2,190.7,183.69,184.63,162439,0
2026-05-29T09:30:00+05:30,184.5,185.87,184.26,184.5,27397,0
2026-05-29T09:45:00+05:30,184.43,184.43,181.14,181.98,47489,0
2026-05-29T10:00:00+05:30,182.46,182.95,181.98,182.34,17433,0
2026-05-29T10:15:00+05:30,182.17,184.0,182.17,183.2,15932,0
2026-05-29T10:30:00+05:30,183.2,183.76,182.91,183.48,10714,0
2026-05-29T10:45:00+05:30,183.46,183.87,183.01,183.26,10388,0
2026-05-29T11:00:00+05:30,183.35,186.78,183.35,186.24,27705,0
2026-05-29T11:15:00+05:30,186.24,188.0,186.0,186.85,14648,0
2026-05-29T11:30:00+05:30,186.82,187.46,186.61,186.9,8788,0
2026-05-29T11:45:00+05:30,187.13,187.15,185.42,185.97,5780,0
2026-05-29T12:00:00+05:30,185.64,185.79,184.7,184.7,4287,0
2026-05-29T12:15:00+05:30,184.7,184.94,184.03,184.9,4588,0
2026-05-29T12:30:00+05:30,184.9,184.9,183.5,184.29,9516,0
2026-05-29T12:45:00+05:30,184.04,184.2,183.54,183.85,5510,0
2026-05-29T13:00:00+05:30,183.84,183.88,183.0,183.34,6696,0
2026-05-29T13:15:00+05:30,183.38,183.5,182.61,183.35,7361,0
2026-05-29T13:30:00+05:30,183.45,183.98,183.35,183.63,4230,0
2026-05-29T13:45:00+05:30,183.5,183.67,182.94,183.04,4358,0
2026-05-29T14:00:00+05:30,183.21,183.6,182.61,183.17,4526,0
2026-05-29T14:15:00+05:30,183.17,183.6,181.5,182.22,42363,0
2026-05-29T14:30:00+05:30,182.37,182.48,180.1,181.8,40280,0
2026-05-29T14:45:00+05:30,181.88,182.23,181.66,181.85,13925,0
2026-05-29T15:00:00+05:30,182.0,182.0,180.0,180.23,35087,0
2026-05-29T15:15:00+05:30,180.2,181.9,180.0,181.9,25657,0
2026-06-01T09:15:00+05:30,184.0,189.8,184.0,185.96,81441,0
2026-06-01T09:30:00+05:30,185.97,187.67,185.09,185.2,38752,0
2026-06-01T09:45:00+05:30,185.01,185.47,183.5,184.55,43527,0
2026-06-01T10:00:00+05:30,184.55,185.84,183.55,184.7,26048,0
2026-06-01T10:15:00+05:30,184.7,184.7,183.03,183.57,7495,0
2026-06-01T10:30:00+05:30,183.7,184.24,182.74,184.11,38333,0
2026-06-01T10:45:00+05:30,183.97,184.49,183.52,184.02,4359,0
2026-06-01T11:00:00+05:30,183.83,184.31,183.82,184.28,5436,0
2026-06-01T11:15:00+05:30,184.28,184.28,182.53,182.89,20066,0
2026-06-01T11:30:00+05:30,182.74,182.79,182.02,182.26,3378,0
2026-06-01T11:45:00+05:30,182.1,182.25,181.22,181.27,7091,0
2026-06-01T12:00:00+05:30,181.38,181.89,181.25,181.89,6543,0
2026-06-01T12:15:00+05:30,181.78,181.78,179.61,179.61,14469,0
2026-06-01T12:30:00+05:30,179.81,180.0,179.62,179.84,3034,0
2026-06-01T12:45:00+05:30,179.83,180.0,179.52,179.85,3675,0
2026-06-01T13:00:00+05:30,179.85,179.86,178.66,178.83,9494,0
2026-06-01T13:15:00+05:30,178.83,179.5,178.5,179.0,33864,0
2026-06-01T13:30:00+05:30,179.0,179.9,179.0,179.45,59042,0
2026-06-01T13:45:00+05:30,179.45,179.55,178.91,179.05,7466,0
2026-06-01T14:00:00+05:30,179.05,179.22,178.4,178.47,10624,0
2026-06-01T14:15:00+05:30,178.47,178.99,178.4,178.55,3974,0
2026-06-01T14:30:00+05:30,178.51,179.75,178.51,179.65,3060,0
2026-06-01T14:45:00+05:30,179.51,179.81,178.75,178.75,5327,0
2026-06-01T15:00:00+05:30,178.56,179.25,178.27,178.75,13642,0
2026-06-01T15:15:00+05:30,178.97,180.0,178.51,179.3,27576,0
2026-06-02T09:15:00+05:30,176.51,178.28,175.99,177.54,10792,0
2026-06-02T09:30:00+05:30,177.28,178.46,176.7,178.46,10142,0
2026-06-02T09:45:00+05:30,178.1,178.99,177.92,178.49,7047,0
2026-06-02T10:00:00+05:30,178.54,178.63,177.81,178.11,5134,0
2026-06-02T10:15:00+05:30,178.11,178.89,177.81,178.89,1914,0
2026-06-02T10:30:00+05:30,178.85,179.24,178.64,179.24,5666,0
2026-06-02T10:45:00+05:30,179.23,179.23,178.01,178.01,7595,0
2026-06-02T11:00:00+05:30,178.01,178.01,177.14,177.33,8013,0
2026-06-02T11:15:00+05:30,177.14,177.95,177.0,177.47,2712,0
2026-06-02T11:30:00+05:30,177.63,177.76,176.35,176.35,6779,0
2026-06-02T11:45:00+05:30,176.35,176.62,176.11,176.32,1351,0
2026-06-02T12:00:00+05:30,176.32,176.36,175.64,175.97,4895,0
2026-06-02T12:15:00+05:30,176.0,176.56,175.8,176.06,4968,0
2026-06-02T12:30:00+05:30,176.38,176.45,176.13,176.4,348,0
2026-06-02T12:45:00+05:30,176.4,176.46,175.51,176.31,19378,0
2026-06-02T13:00:00+05:30,176.52,176.7,176.01,176.48,2281,0
2026-06-02T13:15:00+05:30,176.41,176.48,175.1,175.3,17168,0
2026-06-02T13:30:00+05:30,175.3,175.75,175.12,175.52,16829,0
2026-06-02T13:45:00+05:30,175.52,176.37,175.4,176.37,13340,0
2026-06-02T14:00:00+05:30,176.37,176.54,175.78,176.5,5075,0
2026-06-02T14:15:00+05:30,176.5,180.69,176.3,179.97,65766,0
2026-06-02T14:30:00+05:30,179.98,180.0,178.09,178.17,13519,0
2026-06-02T14:45:00+05:30,178.48,179.25,178.01,179.09,5046,0
2026-06-02T15:00:00+05:30,178.86,180.19,178.79,179.75,11399,0
2026-06-02T15:15:00+05:30,179.53,181.0,178.16,178.16,16603,0
2026-06-03T09:15:00+05:30,179.8,179.81,175.91,176.31,12511,0
2026-06-03T09:30:00+05:30,176.28,177.09,175.9,176.36,11556,0
2026-06-03T09:45:00+05:30,176.36,176.63,174.76,175.16,34435,0
2026-06-03T10:00:00+05:30,175.21,175.21,174.1,174.63,17739,0
2026-06-03T10:15:00+05:30,174.64,175.38,174.26,175.01,16440,0
2026-06-03T10:30:00+05:30,175.0,175.17,174.11,174.55,15069,0
2026-06-03T10:45:00+05:30,174.14,174.53,173.86,174.15,10421,0
2026-06-03T11:00:00+05:30,174.18,174.33,173.4,173.7,13556,0
2026-06-03T11:15:00+05:30,173.72,173.77,173.25,173.76,7330,0
2026-06-03T11:30:00+05:30,173.55,176.65,173.21,174.51,48485,0
2026-06-03T11:45:00+05:30,174.9,177.0,174.21,174.5,79724,0
2026-06-03T12:00:00+05:30,174.5,174.6,174.2,174.6,2462,0
2026-06-03T12:15:00+05:30,174.6,174.64,174.2,174.2,2097,0
2026-06-03T12:30:00+05:30,174.2,176.04,174.01,175.57,34184,0
2026-06-03T12:45:00+05:30,175.75,175.96,175.15,175.17,15833,0
2026-06-03T13:00:00+05:30,175.0,175.28,174.81,174.83,1065,0
2026-06-03T13:15:00+05:30,175.28,175.3,174.88,175.05,1138,0
2026-06-03T13:30:00+05:30,175.05,175.1,174.83,175.1,1165,0
2026-06-03T13:45:00+05:30,175.1,177.3,174.78,176.69,40008,0
2026-06-03T14:00:00+05:30,176.69,177.43,176.61,176.97,2887,0
2026-06-03T14:15:00+05:30,176.97,177.5,176.0,177.01,5561,0
2026-06-03T14:30:00+05:30,177.01,177.2,175.81,177.0,24943,0
2026-06-03T14:45:00+05:30,177.0,177.18,176.61,177.0,2210,0
2026-06-03T15:00:00+05:30,177.2,178.5,175.74,177.5,27526,0
2026-06-03T15:15:00+05:30,177.78,178.0,176.5,177.0,16119,0
2026-06-04T09:15:00+05:30,175.05,177.41,175.05,176.21,10078,0
2026-06-04T09:30:00+05:30,176.29,176.53,175.28,175.28,11227,0
2026-06-04T09:45:00+05:30,175.5,176.27,175.5,175.81,5761,0
2026-06-04T10:00:00+05:30,175.81,176.48,175.45,176.18,17942,0
2026-06-04T10:15:00+05:30,175.75,176.18,175.6,175.84,3171,0
2026-06-04T10:30:00+05:30,175.82,175.82,174.3,174.41,21277,0
2026-06-04T10:45:00+05:30,174.44,174.7,173.92,174.19,12552,0
2026-06-04T11:00:00+05:30,174.28,174.9,173.71,174.31,13786,0
2026-06-04T11:15:00+05:30,174.39,174.82,174.39,174.51,1257,0
2026-06-04T11:30:00+05:30,174.51,175.0,174.33,174.5,5025,0
2026-06-04T11:45:00+05:30,174.49,174.5,174.11,174.38,6766,0
2026-06-04T12:00:00+05:30,174.38,174.4,174.29,174.4,1765,0
2026-06-04T12:15:00+05:30,174.48,175.0,174.46,174.46,6808,0
2026-06-04T12:30:00+05:30,174.78,175.5,174.5,175.36,26046,0
2026-06-04T12:45:00+05:30,175.2,175.49,175.0,175.3,4311,0
2026-06-04T13:00:00+05:30,175.3,175.5,175.16,175.19,5178,0
2026-06-04T13:15:00+05:30,175.16,175.65,175.0,175.38,6288,0
2026-06-04T13:30:00+05:30,175.35,175.35,174.16,174.55,9354,0
2026-06-04T13:45:00+05:30,174.52,175.89,174.3,175.39,21699,0
2026-06-04T14:00:00+05:30,175.42,175.99,175.12,175.38,3832,0
2026-06-04T14:15:00+05:30,175.3,175.32,174.99,175.29,5554,0
2026-06-04T14:30:00+05:30,175.29,175.63,175.02,175.55,2474,0
2026-06-04T14:45:00+05:30,175.29,175.42,174.15,174.48,13759,0
2026-06-04T15:00:00+05:30,174.45,174.45,173.65,174.17,9240,0
2026-06-04T15:15:00+05:30,174.08,174.6,173.0,174.3,24899,0
2026-06-05T09:15:00+05:30,175.65,177.82,174.47,177.2,21409,0
2026-06-05T09:30:00+05:30,176.94,177.43,176.24,176.24,2186,0
2026-06-05T09:45:00+05:30,176.25,176.7,175.3,176.33,6800,0
2026-06-05T10:00:00+05:30,176.25,176.95,175.35,176.34,4147,0
2026-06-05T10:15:00+05:30,176.34,176.78,175.9,176.25,14144,0
2026-06-05T10:30:00+05:30,176.4,177.0,176.19,176.82,7139,0
2026-06-05T10:45:00+05:30,176.4,177.3,176.12,177.29,16338,0
2026-06-05T11:00:00+05:30,177.3,177.3,176.78,176.78,1780,0
2026-06-05T11:15:00+05:30,176.78,177.29,176.71,177.11,2045,0
2026-06-05T11:30:00+05:30,177.14,177.46,176.85,177.24,4077,0
2026-06-05T11:45:00+05:30,177.24,178.5,177.23,178.04,18501,0
2026-06-05T12:00:00+05:30,177.98,179.65,177.82,179.64,13156,0
2026-06-05T12:15:00+05:30,179.64,180.29,179.41,180.12,18014,0
2026-06-05T12:30:00+05:30,179.66,180.2,179.2,179.2,7559,0
2026-06-05T12:45:00+05:30,179.32,179.81,179.0,179.81,1504,0
2026-06-05T13:00:00+05:30,179.57,179.57,178.75,179.12,15462,0
2026-06-05T13:15:00+05:30,179.01,179.31,178.75,179.02,10513,0
2026-06-05T13:30:00+05:30,179.02,179.02,178.1,178.11,6551,0
2026-06-05T13:45:00+05:30,178.1,179.43,178.1,179.43,7973,0
2026-06-05T14:00:00+05:30,179.5,180.45,179.05,179.84,17069,0
2026-06-05T14:15:00+05:30,179.84,182.85,179.5,182.43,58263,0
2026-06-05T14:30:00+05:30,182.75,194.0,182.75,190.55,290652,0
2026-06-05T14:45:00+05:30,190.55,191.23,185.1,186.0,198462,0
2026-06-05T15:00:00+05:30,186.23,189.0,185.68,186.56,81315,0
2026-06-05T15:15:00+05:30,186.57,188.0,186.5,188.0,56154,0
2026-06-08T09:15:00+05:30,186.76,186.78,183.26,184.96,35988,0
2026-06-08T09:30:00+05:30,184.66,185.09,183.06,183.46,34649,0
2026-06-08T09:45:00+05:30,183.5,185.73,183.35,185.63,10857,0
2026-06-08T10:00:00+05:30,185.64,185.84,183.91,185.84,4984,0
2026-06-08T10:15:00+05:30,185.48,185.64,183.75,184.67,6677,0
2026-06-08T10:30:00+05:30,185.03,185.72,184.62,185.38,3661,0
2026-06-08T10:45:00+05:30,185.38,185.38,184.77,185.12,1532,0
2026-06-08T11:00:00+05:30,185.39,185.76,185.17,185.25,4787,0
2026-06-08T11:15:00+05:30,185.25,185.55,184.5,184.5,7291,0
2026-06-08T11:30:00+05:30,184.5,184.86,184.5,184.81,386,0
2026-06-08T11:45:00+05:30,184.81,184.81,184.5,184.5,472,0
2026-06-08T12:00:00+05:30,184.5,185.32,184.25,185.13,5687,0
2026-06-08T12:15:00+05:30,185.13,185.61,184.41,185.24,4451,0
2026-06-08T12:30:00+05:30,185.01,185.5,184.63,185.38,2685,0
2026-06-08T12:45:00+05:30,185.18,186.0,185.14,185.78,2965,0
2026-06-08T13:00:00+05:30,185.51,185.52,184.75,185.0,10873,0
2026-06-08T13:15:00+05:30,185.0,185.0,183.75,184.04,18431,0
2026-06-08T13:30:00+05:30,184.31,184.4,183.5,183.75,7616,0
2026-06-08T13:45:00+05:30,183.75,184.6,183.75,184.6,1306,0
2026-06-08T14:00:00+05:30,184.6,186.66,184.45,185.43,17189,0
2026-06-08T14:15:00+05:30,185.71,186.02,185.05,185.05,9438,0
2026-06-08T14:30:00+05:30,185.05,185.56,185.05,185.42,6566,0
2026-06-08T14:45:00+05:30,185.43,186.04,185.06,185.85,8012,0
2026-06-08T15:00:00+05:30,185.79,185.79,185.05,185.05,16639,0
2026-06-08T15:15:00+05:30,185.05,189.0,185.05,189.0,90340,0
2026-06-09T09:15:00+05:30,189.44,189.44,186.65,187.43,7645,0
2026-06-09T09:30:00+05:30,187.3,192.95,187.3,190.54,75524,0
2026-06-09T09:45:00+05:30,190.78,191.88,189.0,189.14,11872,0
2026-06-09T10:00:00+05:30,189.14,189.9,188.0,188.3,10315,0
2026-06-09T10:15:00+05:30,188.25,188.49,187.5,187.66,4342,0
2026-06-09T10:30:00+05:30,187.85,188.13,186.87,187.1,2021,0
2026-06-09T10:45:00+05:30,187.1,187.13,186.11,186.66,2188,0
2026-06-09T11:00:00+05:30,186.33,187.12,185.41,185.76,11078,0
2026-06-09T11:15:00+05:30,185.76,186.95,184.81,186.79,153173,0
2026-06-09T11:30:00+05:30,186.56,187.21,186.28,186.95,4534,0
2026-06-09T11:45:00+05:30,186.76,188.01,186.68,187.43,6894,0
2026-06-09T12:00:00+05:30,187.43,187.89,187.43,187.65,1131,0
2026-06-09T12:15:00+05:30,187.65,188.38,187.0,187.97,9768,0
2026-06-09T12:30:00+05:30,187.69,188.38,187.18,187.8,5049,0
2026-06-09T12:45:00+05:30,187.8,188.19,187.2,187.25,4888,0
2026-06-09T13:00:00+05:30,187.25,187.42,187.1,187.1,1512,0
2026-06-09T13:15:00+05:30,187.1,187.58,187.1,187.58,114,0
2026-06-09T13:30:00+05:30,187.58,187.58,186.0,186.41,8245,0
2026-06-09T13:45:00+05:30,186.13,186.75,186.01,186.05,3735,0
2026-06-09T14:00:00+05:30,186.05,186.2,185.87,186.0,4197,0
2026-06-09T14:15:00+05:30,186.19,186.2,186.0,186.0,6226,0
2026-06-09T14:30:00+05:30,186.0,186.7,186.0,186.03,11766,0
2026-06-09T14:45:00+05:30,186.02,186.69,186.0,186.33,3753,0
2026-06-09T15:00:00+05:30,186.33,186.64,185.95,186.19,22564,0
2026-06-09T15:15:00+05:30,186.43,186.67,185.75,186.0,221949,0
2026-06-10T09:15:00+05:30,187.91,187.91,183.85,183.95,28005,0
2026-06-10T09:30:00+05:30,185.04,189.25,184.47,188.24,21974,0
2026-06-10T09:45:00+05:30,188.18,189.88,188.16,189.14,5052,0
2026-06-10T10:00:00+05:30,189.49,191.29,189.49,189.5,20383,0
2026-06-10T10:15:00+05:30,189.5,190.0,189.03,189.48,6097,0
2026-06-10T10:30:00+05:30,189.69,189.78,189.02,189.68,3857,0
2026-06-10T10:45:00+05:30,189.68,190.02,188.9,189.89,3219,0
2026-06-10T11:00:00+05:30,189.89,190.0,189.32,189.46,1462,0
2026-06-10T11:15:00+05:30,189.46,190.39,189.34,189.82,4426,0
2026-06-10T11:30:00+05:30,189.72,189.8,186.55,187.09,54830,0
2026-06-10T11:45:00+05:30,186.84,189.7,186.6,189.7,181880,0
2026-06-10T12:00:00+05:30,189.71,192.8,189.55,190.08,105988,0
2026-06-10T12:15:00+05:30,190.6,191.03,190.5,190.88,7419,0
2026-06-10T12:30:00+05:30,190.9,190.94,190.5,190.65,912,0
2026-06-10T12:45:00+05:30,190.65,190.88,190.5,190.5,2560,0
2026-06-10T13:00:00+05:30,190.74,190.88,190.49,190.87,1467,0
2026-06-10T13:15:00+05:30,190.69,190.87,190.49,190.72,3027,0
2026-06-10T13:30:00+05:30,190.72,190.84,190.0,190.84,213188,0
2026-06-10T13:45:00+05:30,190.83,193.98,190.83,192.53,100123,0
2026-06-10T14:00:00+05:30,192.52,192.8,191.86,191.97,74081,0
2026-06-10T14:15:00+05:30,192.0,192.0,190.5,190.65,12520,0
2026-06-10T14:30:00+05:30,190.65,190.96,188.02,188.02,214450,0
2026-06-10T14:45:00+05:30,188.02,188.16,186.05,186.27,19508,0
2026-06-10T15:00:00+05:30,186.26,186.26,184.0,184.28,32053,0
2026-06-10T15:15:00+05:30,184.29,186.98,184.0,186.0,198330,0
2026-06-11T09:15:00+05:30,185.0,187.15,185.0,186.93,33387,0
2026-06-11T09:30:00+05:30,186.86,187.53,186.67,187.53,3818,0
2026-06-11T09:45:00+05:30,187.8,187.8,186.13,186.13,11790,0
2026-06-11T10:00:00+05:30,186.15,186.89,186.13,186.14,5623,0
2026-06-11T10:15:00+05:30,186.57,186.76,186.01,186.36,4360,0
2026-06-11T10:30:00+05:30,186.36,186.36,184.72,185.65,59968,0
2026-06-11T10:45:00+05:30,185.65,185.65,185.0,185.0,21317,0
2026-06-11T11:00:00+05:30,185.01,185.16,184.51,184.51,15797,0
2026-06-11T11:15:00+05:30,184.55,185.63,184.51,184.89,4459,0
2026-06-11T11:30:00+05:30,184.78,185.19,184.62,184.9,4563,0
2026-06-11T11:45:00+05:30,184.99,185.5,184.52,185.49,19402,0
2026-06-11T12:00:00+05:30,185.45,186.3,185.18,185.87,2589,0
2026-06-11T12:15:00+05:30,185.81,186.03,185.43,186.03,1485,0
2026-06-11T12:30:00+05:30,185.66,186.06,185.13,186.06,1248,0
2026-06-11T12:45:00+05:30,185.9,186.13,185.0,185.0,3059,0
2026-06-11T13:00:00+05:30,185.04,186.88,185.0,185.91,316078,0
2026-06-11T13:15:00+05:30,185.94,189.0,185.05,189.0,343616,0
2026-06-11T13:30:00+05:30,188.6,188.67,186.04,186.75,9868,0
2026-06-11T13:45:00+05:30,186.73,187.51,185.0,186.33,55106,0
2026-06-11T14:00:00+05:30,186.08,186.48,185.91,186.2,4867,0
2026-06-11T14:15:00+05:30,186.03,187.59,185.8,187.44,7480,0
2026-06-11T14:30:00+05:30,187.6,187.95,187.33,187.33,4054,0
2026-06-11T14:45:00+05:30,187.33,187.68,186.75,187.34,4683,0
2026-06-11T15:00:00+05:30,187.3,188.04,186.57,187.63,138400,0
2026-06-11T15:15:00+05:30,187.64,188.65,187.22,188.0,24634,0
2026-06-12T09:15:00+05:30,187.0,190.0,186.95,187.55,9614,0
2026-06-12T09:30:00+05:30,187.28,188.38,187.2,187.8,12055,0
2026-06-12T09:45:00+05:30,187.8,187.88,186.0,186.2,17280,0
2026-06-12T10:00:00+05:30,186.05,186.75,185.57,186.75,7310,0
2026-06-12T10:15:00+05:30,186.75,186.96,186.43,186.43,8120,0
2026-06-12T10:30:00+05:30,186.5,186.9,186.42,186.55,1550,0
2026-06-12T10:45:00+05:30,186.54,186.54,185.87,186.0,4727,0
2026-06-12T11:00:00+05:30,186.0,186.56,185.65,186.49,3918,0
2026-06-12T11:15:00+05:30,186.49,186.63,186.0,186.0,3263,0
2026-06-12T11:30:00+05:30,185.92,188.91,185.11,188.89,107151,0
2026-06-12T11:45:00+05:30,188.91,190.89,188.49,188.89,37303,0
2026-06-12T12:00:00+05:30,188.89,189.25,188.12,188.25,2110,0
2026-06-12T12:15:00+05:30,188.25,189.74,187.2,189.74,16652,0
2026-06-12T12:30:00+05:30,189.53,189.99,189.0,189.18,8008,0
2026-06-12T12:45:00+05:30,189.19,189.47,188.81,189.0,2532,0
2026-06-12T13:00:00+05:30,189.01,190.48,189.0,189.94,18416,0
2026-06-12T13:15:00+05:30,189.94,191.0,189.0,190.34,325689,0
2026-06-12T13:30:00+05:30,190.23,190.3,187.01,189.27,34666,0
2026-06-12T13:45:00+05:30,189.55,189.59,188.11,188.82,7711,0
2026-06-12T14:00:00+05:30,188.83,190.22,188.81,189.34,7236,0
2026-06-12T14:15:00+05:30,189.28,190.17,188.93,189.18,2662,0
2026-06-12T14:30:00+05:30,189.33,189.61,187.59,187.87,95640,0
2026-06-12T14:45:00+05:30,187.71,187.99,184.66,186.31,85231,0
2026-06-12T15:00:00+05:30,186.25,186.79,185.41,185.45,26341,0
2026-06-12T15:15:00+05:30,185.71,189.37,183.2,188.56,200422,0
2026-06-15T09:15:00+05:30,189.0,189.65,187.55,188.0,26125,0
2026-06-15T09:30:00+05:30,188.0,188.69,187.81,188.44,18266,0
2026-06-15T09:45:00+05:30,188.27,191.0,187.41,190.76,87553,0
2026-06-15T10:00:00+05:30,190.52,190.52,188.0,188.63,182166,0
2026-06-15T10:15:00+05:30,188.56,189.94,188.09,189.94,109908,0
2026-06-15T10:30:00+05:30,189.95,190.66,189.62,190.66,14154,0
2026-06-15T10:45:00+05:30,190.62,195.99,190.62,194.41,140857,0
2026-06-15T11:00:00+05:30,194.47,194.47,192.41,192.89,28802,0
2026-06-15T11:15:00+05:30,192.68,193.25,190.75,191.46,110972,0
2026-06-15T11:30:00+05:30,191.67,192.0,191.31,191.67,155008,0
2026-06-15T11:45:00+05:30,191.43,191.69,189.65,190.54,178966,0
2026-06-15T12:00:00+05:30,190.35,192.29,190.3,191.32,26769,0
2026-06-15T12:15:00+05:30,191.32,192.0,191.23,191.87,36570,0
2026-06-15T12:30:00+05:30,191.92,192.35,191.01,191.49,70288,0
2026-06-15T12:45:00+05:30,191.52,191.68,190.74,191.09,3292,0
2026-06-15T13:00:00+05:30,191.09,192.45,190.99,192.45,59950,0
2026-06-15T13:15:00+05:30,192.45,192.7,191.63,192.7,14394,0
2026-06-15T13:30:00+05:30,192.7,193.15,192.26,192.78,45417,0
2026-06-15T13:45:00+05:30,192.76,192.99,192.01,192.29,5266,0
2026-06-15T14:00:00+05:30,192.29,192.43,191.56,191.92,2596,0
2026-06-15T14:15:00+05:30,191.92,192.34,191.58,191.7,7073,0
2026-06-15T14:30:00+05:30,191.7,191.7,190.76,190.84,8091,0
2026-06-15T14:45:00+05:30,190.83,191.01,190.36,190.58,4536,0
2026-06-15T15:00:00+05:30,190.43,190.75,189.77,190.1,163450,0
2026-06-15T15:15:00+05:30,190.01,191.6,189.6,191.0,82322,0
2026-06-16T09:15:00+05:30,191.0,197.3,191.0,196.86,52606,0
2026-06-16T09:30:00+05:30,196.88,199.26,192.98,195.6,120985,0
2026-06-16T09:45:00+05:30,195.88,195.96,192.75,193.44,26447,0
2026-06-16T10:00:00+05:30,193.23,194.17,193.22,193.55,12376,0
2026-06-16T10:15:00+05:30,193.37,194.55,192.9,193.81,18258,0
2026-06-16T10:30:00+05:30,193.81,193.85,193.47,193.59,1765,0
2026-06-16T10:45:00+05:30,193.49,193.5,192.81,193.18,5892,0
2026-06-16T11:00:00+05:30,193.0,193.52,192.39,192.67,8108,0
2026-06-16T11:15:00+05:30,192.67,193.51,192.67,193.02,4110,0
2026-06-16T11:30:00+05:30,193.3,193.3,190.25,190.63,52742,0
2026-06-16T11:45:00+05:30,190.88,191.0,189.1,189.89,49986,0
2026-06-16T12:00:00+05:30,189.9,189.99,188.5,189.56,211470,0
2026-06-16T12:15:00+05:30,189.73,190.01,189.02,189.68,3656,0
2026-06-16T12:30:00+05:30,189.68,190.25,188.11,190.25,30671,0
2026-06-16T12:45:00+05:30,190.33,191.33,190.29,190.81,82268,0
2026-06-16T13:00:00+05:30,190.82,190.98,190.24,190.48,1124,0
2026-06-16T13:15:00+05:30,190.48,190.95,190.2,190.64,1412,0
2026-06-16T13:30:00+05:30,190.64,190.98,190.49,190.7,1612,0
2026-06-16T13:45:00+05:30,190.5,190.65,190.3,190.3,1883,0
2026-06-16T14:00:00+05:30,190.3,190.6,189.07,190.14,44510,0
2026-06-16T14:15:00+05:30,190.11,190.94,189.89,190.07,23126,0
2026-06-16T14:30:00+05:30,190.08,190.81,189.8,190.25,11395,0
2026-06-16T14:45:00+05:30,190.26,190.82,189.84,190.81,32726,0
2026-06-16T15:00:00+05:30,190.48,190.9,190.32,190.86,10709,0
2026-06-16T15:15:00+05:30,190.81,193.5,190.49,192.64,65130,0
2026-06-17T09:15:00+05:30,192.2,193.98,192.01,193.31,15142,0
2026-06-17T09:30:00+05:30,193.24,193.38,192.3,192.39,5824,0
2026-06-17T09:45:00+05:30,192.39,193.99,192.25,192.42,15129,0
2026-06-17T10:00:00+05:30,192.46,192.47,191.5,191.91,2469,0
2026-06-17T10:15:00+05:30,191.84,191.88,189.39,190.44,33799,0
2026-06-17T10:30:00+05:30,190.44,190.87,190.4,190.43,3522,0
2026-06-17T10:45:00+05:30,190.31,190.68,190.0,190.51,4780,0
2026-06-17T11:00:00+05:30,190.51,190.51,190.11,190.42,1279,0
2026-06-17T11:15:00+05:30,190.22,190.65,190.11,190.28,1807,0
2026-06-17T11:30:00+05:30,190.28,190.39,189.79,190.0,4506,0
2026-06-17T11:45:00+05:30,189.84,189.86,187.74,188.49,28818,0
2026-06-17T12:00:00+05:30,188.3,189.0,187.5,188.78,216287,0
2026-06-17T12:15:00+05:30,188.88,189.0,188.41,188.92,3744,0
2026-06-17T12:30:00+05:30,188.72,190.49,188.21,188.76,77523,0
2026-06-17T12:45:00+05:30,188.88,188.88,188.45,188.5,993,0
2026-06-17T13:00:00+05:30,188.37,188.73,188.23,188.52,3300,0
2026-06-17T13:15:00+05:30,188.37,188.37,187.76,188.03,60390,0
2026-06-17T13:30:00+05:30,188.03,188.03,187.31,187.7,8374,0
2026-06-17T13:45:00+05:30,187.62,187.75,187.19,187.45,3345,0
2026-06-17T14:00:00+05:30,187.46,187.75,187.1,187.4,4367,0
2026-06-17T14:15:00+05:30,187.17,187.58,186.0,186.09,37849,0
2026-06-17T14:30:00+05:30,186.11,187.8,186.0,186.1,90075,0
2026-06-17T14:45:00+05:30,186.1,186.38,185.56,185.79,7222,0
2026-06-17T15:00:00+05:30,185.79,187.9,185.3,187.44,69522,0
2026-06-17T15:15:00+05:30,187.5,188.0,187.0,187.0,224039,0
2026-06-18T09:15:00+05:30,187.0,188.23,186.26,186.57,17041,0
2026-06-18T09:30:00+05:30,186.57,186.65,186.17,186.2,6702,0
2026-06-18T09:45:00+05:30,186.02,189.78,185.76,188.81,29087,0
2026-06-18T10:00:00+05:30,188.81,189.59,188.61,188.82,4194,0
2026-06-18T10:15:00+05:30,188.55,188.68,187.11,187.87,7205,0
2026-06-18T10:30:00+05:30,187.53,189.54,187.39,188.99,5686,0
2026-06-18T10:45:00+05:30,188.99,190.59,188.97,190.27,28178,0
2026-06-18T11:00:00+05:30,190.2,190.8,189.66,190.8,4511,0
2026-06-18T11:15:00+05:30,190.75,191.98,190.5,190.74,21801,0
2026-06-18T11:30:00+05:30,190.74,190.74,190.11,190.49,2327,0
2026-06-18T11:45:00+05:30,190.49,190.59,189.31,190.0,9867,0
2026-06-18T12:00:00+05:30,190.0,190.12,189.25,189.51,785,0
2026-06-18T12:15:00+05:30,189.71,190.19,189.4,190.13,2090,0
2026-06-18T12:30:00+05:30,190.24,190.32,189.42,190.1,3778,0
2026-06-18T12:45:00+05:30,190.04,190.05,189.51,189.51,1133,0
2026-06-18T13:00:00+05:30,189.73,189.9,189.15,189.89,4222,0
2026-06-18T13:15:00+05:30,189.73,191.0,189.73,190.52,5963,0
2026-06-18T13:30:00+05:30,190.51,190.89,189.67,190.31,31973,0
2026-06-18T13:45:00+05:30,190.13,190.64,188.59,188.75,2149529,0
2026-06-18T14:00:00+05:30,188.82,189.59,187.05,187.06,130057,0
2026-06-18T14:15:00+05:30,187.08,187.55,186.61,187.38,10063,0
2026-06-18T14:30:00+05:30,187.38,187.5,186.5,186.93,58160,0
2026-06-18T14:45:00+05:30,186.63,186.63,183.51,184.55,76843,0
2026-06-18T15:00:00+05:30,184.27,184.78,184.02,184.19,13351,0
2026-06-18T15:15:00+05:30,184.23,184.83,181.25,181.75,75353,0
2026-06-19T09:15:00+05:30,183.5,187.36,180.3,187.2,99439,0
2026-06-19T09:30:00+05:30,187.02,188.89,187.0,188.32,65509,0
2026-06-19T09:45:00+05:30,188.28,188.28,186.15,187.0,69904,0
2026-06-19T10:00:00+05:30,187.0,187.92,186.56,187.58,14985,0
2026-06-19T10:15:00+05:30,187.64,187.67,187.0,187.0,13616,0
2026-06-19T10:30:00+05:30,187.0,187.45,187.0,187.4,1903,0
2026-06-19T10:45:00+05:30,187.4,187.4,187.0,187.32,17604,0
2026-06-19T11:00:00+05:30,187.32,187.5,187.0,187.01,2711,0
2026-06-19T11:15:00+05:30,187.01,187.33,187.0,187.33,393,0
2026-06-19T11:30:00+05:30,187.33,187.65,187.31,187.55,3442,0
2026-06-19T11:45:00+05:30,187.3,187.3,187.02,187.27,783,0
2026-06-19T12:00:00+05:30,187.2,187.4,187.01,187.35,556,0
2026-06-19T12:15:00+05:30,187.07,187.36,187.01,187.29,2045,0
2026-06-19T12:30:00+05:30,187.29,187.39,187.06,187.39,1238,0
2026-06-19T12:45:00+05:30,187.4,187.92,187.4,187.51,1213,0
2026-06-19T13:00:00+05:30,187.51,187.64,187.0,187.5,9929,0
2026-06-19T13:15:00+05:30,187.69,190.5,187.69,189.39,79644,0
2026-06-19T13:30:00+05:30,189.36,190.37,189.05,189.38,34221,0
2026-06-19T13:45:00+05:30,189.36,189.74,188.5,189.74,39151,0
2026-06-19T14:00:00+05:30,189.74,190.34,189.37,190.33,8417,0
2026-06-19T14:15:00+05:30,190.3,190.47,189.05,190.01,34613,0
2026-06-19T14:30:00+05:30,190.28,190.47,190.1,190.1,17146,0
2026-06-19T14:45:00+05:30,190.2,190.22,189.55,190.01,30053,0
2026-06-19T15:00:00+05:30,190.08,191.58,189.67,190.49,60659,0
2026-06-19T15:15:00+05:30,190.73,191.8,189.94,191.4,336681,0
2026-06-22T09:15:00+05:30,190.0,193.42,189.82,190.13,23704,0
2026-06-22T09:30:00+05:30,190.09,190.49,189.21,189.41,5405,0
2026-06-22T09:45:00+05:30,189.52,190.21,189.31,189.52,4371,0
2026-06-22T10:00:00+05:30,189.71,189.96,189.46,189.61,3917,0
2026-06-22T10:15:00+05:30,189.76,192.89,189.36,192.63,21755,0
2026-06-22T10:30:00+05:30,192.76,193.46,192.11,193.23,15631,0
2026-06-22T10:45:00+05:30,193.24,193.7,192.45,193.34,19216,0
2026-06-22T11:00:00+05:30,193.25,193.98,193.15,193.16,8836,0
2026-06-22T11:15:00+05:30,193.29,194.95,192.63,194.21,70751,0
2026-06-22T11:30:00+05:30,194.17,194.17,193.61,193.95,3061,0
2026-06-22T11:45:00+05:30,193.94,194.3,193.34,193.34,8990,0
2026-06-22T12:00:00+05:30,193.64,193.92,193.25,193.57,6335,0
2026-06-22T12:15:00+05:30,193.57,193.6,193.07,193.14,4746,0
2026-06-22T12:30:00+05:30,193.14,193.68,193.0,193.43,4535,0
2026-06-22T12:45:00+05:30,193.3,193.63,193.12,193.37,826,0
2026-06-22T13:00:00+05:30,193.36,193.73,193.0,193.18,20001,0
2026-06-22T13:15:00+05:30,193.2,193.98,193.18,193.72,4350,0
2026-06-22T13:30:00+05:30,193.55,194.24,193.5,194.18,9037,0
2026-06-22T13:45:00+05:30,194.16,194.5,194.13,194.49,4037,0
2026-06-22T14:00:00+05:30,194.49,194.5,193.85,194.21,9779,0
2026-06-22T14:15:00+05:30,194.26,194.48,194.12,194.22,3956,0
2026-06-22T14:30:00+05:30,194.27,194.45,193.5,193.68,6975,0
2026-06-22T14:45:00+05:30,193.68,193.96,193.5,193.5,7991,0
2026-06-22T15:00:00+05:30,193.55,193.97,193.25,193.57,22931,0
2026-06-22T15:15:00+05:30,193.83,194.62,193.0,194.18,104219,0
2026-06-23T09:15:00+05:30,194.9,196.79,192.84,194.96,23441,0
2026-06-23T09:30:00+05:30,194.93,195.39,194.53,194.95,6726,0
2026-06-23T09:45:00+05:30,194.95,195.39,194.57,194.57,3023,0
2026-06-23T10:00:00+05:30,194.57,194.6,193.51,193.76,4739,0
2026-06-23T10:15:00+05:30,193.77,193.84,193.17,193.33,1201,0
2026-06-23T10:30:00+05:30,193.45,193.48,192.21,192.92,6181,0
2026-06-23T10:45:00+05:30,192.93,192.93,191.72,192.36,15224,0
2026-06-23T11:00:00+05:30,192.22,192.34,191.5,192.08,3887,0
2026-06-23T11:15:00+05:30,192.02,192.07,191.1,191.38,2185,0
2026-06-23T11:30:00+05:30,191.28,191.38,190.2,190.54,8550,0
2026-06-23T11:45:00+05:30,190.53,190.55,188.9,188.9,33835,0
2026-06-23T12:00:00+05:30,188.98,189.29,188.5,189.28,7720,0
2026-06-23T12:15:00+05:30,189.15,189.2,188.58,189.01,7683,0
2026-06-23T12:30:00+05:30,188.92,189.34,188.5,189.03,7486,0
2026-06-23T12:45:00+05:30,189.07,189.11,188.65,188.99,1687,0
2026-06-23T13:00:00+05:30,188.88,188.89,187.51,187.75,12855,0
2026-06-23T13:15:00+05:30,187.77,187.99,186.51,187.4,12651,0
2026-06-23T13:30:00+05:30,187.44,187.5,186.84,187.26,3109,0
2026-06-23T13:45:00+05:30,187.33,187.49,187.02,187.27,3758,0
2026-06-23T14:00:00+05:30,187.25,187.99,187.05,187.72,4247,0
2026-06-23T14:15:00+05:30,187.75,187.92,187.5,187.73,3293,0
2026-06-23T14:30:00+05:30,187.77,187.79,187.05,187.39,4731,0
2026-06-23T14:45:00+05:30,187.33,187.62,187.21,187.31,2646,0
2026-06-23T15:00:00+05:30,187.21,187.5,186.45,186.9,22763,0
2026-06-23T15:15:00+05:30,186.94,187.75,186.02,186.3,63681,0
2026-06-24T09:15:00+05:30,187.5,187.75,185.81,187.15,13143,0
2026-06-24T09:30:00+05:30,187.15,187.52,186.31,186.31,3648,0
2026-06-24T09:45:00+05:30,186.35,186.99,185.22,185.22,19723,0
2026-06-24T10:00:00+05:30,185.22,185.79,185.2,185.5,8759,0
2026-06-24T10:15:00+05:30,185.3,185.5,185.02,185.19,15568,0
2026-06-24T10:30:00+05:30,185.24,185.5,184.83,185.26,17645,0
2026-06-24T10:45:00+05:30,185.27,188.28,185.27,187.19,77368,0
2026-06-24T11:00:00+05:30,187.18,187.5,186.51,186.98,3089,0
2026-06-24T11:15:00+05:30,186.97,187.76,186.87,187.28,1509,0
2026-06-24T11:30:00+05:30,187.31,187.31,186.92,187.14,885,0
2026-06-24T11:45:00+05:30,187.16,187.23,186.96,187.21,456,0
2026-06-24T12:00:00+05:30,187.21,187.25,187.0,187.2,207,0
2026-06-24T12:15:00+05:30,187.2,187.3,187.0,187.24,949,0
2026-06-24T12:30:00+05:30,187.24,187.25,187.03,187.2,90,0
2026-06-24T12:45:00+05:30,187.2,187.88,186.88,187.85,2365,0
2026-06-24T13:00:00+05:30,187.84,187.87,187.33,187.77,1224,0
2026-06-24T13:15:00+05:30,187.77,187.9,187.32,187.43,2229,0
2026-06-24T13:30:00+05:30,187.43,187.53,187.11,187.42,1374,0
2026-06-24T13:45:00+05:30,187.42,188.05,187.23,187.41,52453,0
2026-06-24T14:00:00+05:30,187.41,187.61,186.55,187.0,2128,0
2026-06-24T14:15:00+05:30,187.25,188.23,186.55,188.04,24238,0
2026-06-24T14:30:00+05:30,188.08,188.08,187.16,187.91,129235,0
2026-06-24T14:45:00+05:30,187.86,187.99,187.55,187.7,60148,0
2026-06-24T15:00:00+05:30,187.62,187.78,186.62,186.62,47147,0
2026-06-24T15:15:00+05:30,186.79,187.5,184.26,185.35,215558,0
2026-06-25T09:15:00+05:30,186.0,186.81,184.02,184.39,21341,0
2026-06-25T09:30:00+05:30,184.4,186.26,183.5,184.91,76518,0
2026-06-25T09:45:00+05:30,184.53,186.62,184.53,185.88,44748,0
2026-06-25T10:00:00+05:30,185.88,185.93,184.95,185.4,6124,0
2026-06-25T10:15:00+05:30,185.14,185.34,184.96,185.17,1388,0
2026-06-25T10:30:00+05:30,185.26,185.49,184.71,184.77,3266,0
2026-06-25T10:45:00+05:30,184.79,185.2,184.62,185.04,2718,0
2026-06-25T11:00:00+05:30,185.04,185.17,184.92,185.08,50,0
2026-06-25T11:15:00+05:30,185.07,185.5,184.71,185.11,7052,0
2026-06-25T11:30:00+05:30,185.13,185.24,183.2,184.33,61342,0
2026-06-25T11:45:00+05:30,184.11,185.0,183.2,184.72,127084,0
2026-06-25T12:00:00+05:30,184.72,185.64,184.31,185.38,3801,0
2026-06-25T12:15:00+05:30,185.38,185.79,185.22,185.48,2297,0
2026-06-25T12:30:00+05:30,185.45,185.45,185.0,185.33,1274,0
2026-06-25T12:45:00+05:30,185.32,185.32,185.0,185.0,6216,0
2026-06-25T13:00:00+05:30,185.15,185.15,185.0,185.14,600,0
2026-06-25T13:15:00+05:30,185.14,185.55,185.0,185.55,1952,0
2026-06-25T13:30:00+05:30,185.5,185.59,185.0,185.16,2446,0
2026-06-25T13:45:00+05:30,185.42,185.79,185.32,185.6,734,0
2026-06-25T14:00:00+05:30,185.5,185.61,185.0,185.06,9717,0
2026-06-25T14:15:00+05:30,185.26,185.4,184.6,184.74,13077,0
2026-06-25T14:30:00+05:30,184.74,185.44,184.6,185.05,1071,0
2026-06-25T14:45:00+05:30,185.05,185.81,185.0,185.57,8868,0
2026-06-25T15:00:00+05:30,185.5,186.5,184.57,185.25,290839,0
2026-06-25T15:15:00+05:30,185.25,185.58,184.5,184.7,46939,0
2026-06-29T09:15:00+05:30,186.1,186.87,183.68,184.08,12960,0
2026-06-29T09:30:00+05:30,184.08,184.63,183.21,184.12,5602,0
2026-06-29T09:45:00+05:30,184.12,185.0,184.0,184.66,18149,0
2026-06-29T10:00:00+05:30,184.58,185.11,184.58,184.67,1849,0
2026-06-29T10:15:00+05:30,184.67,184.96,184.25,184.45,3072,0
2026-06-29T10:30:00+05:30,184.45,184.52,184.22,184.48,1519,0
2026-06-29T10:45:00+05:30,184.48,184.49,184.16,184.4,1530,0
2026-06-29T11:00:00+05:30,184.4,184.41,184.0,184.0,7551,0
2026-06-29T11:15:00+05:30,184.0,184.28,183.5,183.5,12191,0
2026-06-29T11:30:00+05:30,183.5,184.14,183.02,183.1,6642,0
2026-06-29T11:45:00+05:30,183.1,183.61,182.61,183.61,47467,0
2026-06-29T12:00:00+05:30,183.4,183.74,183.16,183.29,1625,0
2026-06-29T12:15:00+05:30,183.36,183.5,183.11,183.16,869,0
2026-06-29T12:30:00+05:30,183.16,183.46,183.16,183.19,2134,0
2026-06-29T12:45:00+05:30,183.34,183.34,183.11,183.11,381,0
2026-06-29T13:00:00+05:30,183.11,183.7,183.11,183.64,534,0
2026-06-29T13:15:00+05:30,183.63,183.63,183.46,183.63,6,0
2026-06-29T13:30:00+05:30,183.63,183.77,183.47,183.75,56,0
2026-06-29T13:45:00+05:30,183.5,183.55,183.21,183.22,1150,0
2026-06-29T14:00:00+05:30,183.22,183.95,182.61,183.74,37834,0
2026-06-29T14:15:00+05:30,183.74,183.78,183.55,183.62,3678,0
2026-06-29T14:30:00+05:30,183.61,185.04,183.58,184.6,17259,0
2026-06-29T14:45:00+05:30,184.6,184.9,183.55,183.58,9339,0
2026-06-29T15:00:00+05:30,183.86,184.29,183.55,183.79,4684,0
2026-06-29T15:15:00+05:30,183.79,186.0,183.73,185.95,125390,0
2026-06-30T09:15:00+05:30,185.0,185.39,184.13,184.41,5314,0
2026-06-30T09:30:00+05:30,184.41,184.41,183.36,183.36,4303,0
2026-06-30T09:45:00+05:30,183.34,185.09,183.01,184.35,10166,0
2026-06-30T10:00:00+05:30,184.58,184.59,184.09,184.17,1149,0
2026-06-30T10:15:00+05:30,184.17,184.61,184.1,184.38,1910,0
2026-06-30T10:30:00+05:30,184.38,184.68,184.36,184.68,251,0
2026-06-30T10:45:00+05:30,184.67,185.5,184.37,185.5,4769,0
2026-06-30T11:00:00+05:30,185.67,186.09,185.5,185.79,5784,0
2026-06-30T11:15:00+05:30,185.79,186.5,185.79,186.25,1577,0
2026-06-30T11:30:00+05:30,186.25,186.25,185.57,185.98,3297,0
2026-06-30T11:45:00+05:30,185.98,186.81,185.77,186.75,6875,0
2026-06-30T12:00:00+05:30,186.95,187.3,186.5,186.92,2571,0
2026-06-30T12:15:00+05:30,186.92,187.5,186.6,187.24,5353,0
2026-06-30T12:30:00+05:30,187.24,187.32,186.54,187.32,771,0
2026-06-30T12:45:00+05:30,187.34,187.64,186.9,186.95,2273,0
2026-06-30T13:00:00+05:30,186.95,187.03,185.99,185.99,11080,0
2026-06-30T13:15:00+05:30,185.99,186.23,185.7,185.94,975,0
2026-06-30T13:30:00+05:30,186.0,186.29,186.0,186.29,433,0
2026-06-30T13:45:00+05:30,186.29,189.9,185.9,189.03,46513,0
2026-06-30T14:00:00+05:30,189.07,189.4,187.81,187.84,12699,0
2026-06-30T14:15:00+05:30,187.9,188.8,187.53,188.1,4180,0
2026-06-30T14:30:00+05:30,188.15,188.43,187.55,188.34,5465,0
2026-06-30T14:45:00+05:30,188.34,189.0,188.05,188.05,5226,0
2026-06-30T15:00:00+05:30,188.05,188.65,188.05,188.08,17451,0
2026-06-30T15:15:00+05:30,188.07,189.0,188.05,188.5,38987,0
2026-07-01T09:15:00+05:30,185.61,190.98,185.61,190.22,11138,0
2026-07-01T09:30:00+05:30,189.71,190.49,189.26,190.05,8633,0
2026-07-01T09:45:00+05:30,189.7,190.36,189.0,189.75,4701,0
2026-07-01T10:00:00+05:30,189.75,189.83,188.0,189.25,6047,0
2026-07-01T10:15:00+05:30,189.6,190.36,189.5,189.5,4023,0
2026-07-01T10:30:00+05:30,189.29,190.44,188.66,189.91,7829,0
2026-07-01T10:45:00+05:30,189.91,189.91,189.32,189.32,104,0
2026-07-01T11:00:00+05:30,189.32,190.2,188.55,189.98,31029,0
2026-07-01T11:15:00+05:30,189.98,190.98,189.9,190.64,5188,0
2026-07-01T11:30:00+05:30,190.64,192.98,190.3,192.41,31001,0
2026-07-01T11:45:00+05:30,192.41,192.41,191.9,192.05,3568,0
2026-07-01T12:00:00+05:30,192.06,193.7,190.55,190.55,36361,0
2026-07-01T12:15:00+05:30,190.55,191.89,189.9,190.44,16489,0
2026-07-01T12:30:00+05:30,190.42,192.29,190.17,191.51,21958,0
2026-07-01T12:45:00+05:30,191.51,191.51,190.81,191.2,711,0
2026-07-01T13:00:00+05:30,191.2,191.7,191.11,191.13,1558,0
2026-07-01T13:15:00+05:30,191.13,191.92,191.0,191.37,2087,0
2026-07-01T13:30:00+05:30,191.34,191.45,190.81,191.11,4666,0
2026-07-01T13:45:00+05:30,191.11,191.51,191.0,191.13,4008,0
2026-07-01T14:00:00+05:30,191.13,191.39,191.0,191.01,571,0
2026-07-01T14:15:00+05:30,191.01,191.09,189.62,189.66,14207,0
2026-07-01T14:30:00+05:30,189.6,189.69,189.01,189.39,2540,0
2026-07-01T14:45:00+05:30,189.39,190.0,188.63,189.7,9932,0
2026-07-01T15:00:00+05:30,189.42,191.5,189.3,190.53,46946,0
2026-07-01T15:15:00+05:30,190.64,191.5,190.0,191.5,22255,0
2026-07-02T09:15:00+05:30,192.28,192.28,189.54,189.96,6330,0
2026-07-02T09:30:00+05:30,189.96,192.0,189.83,191.02,33227,0
2026-07-02T09:45:00+05:30,190.99,192.8,190.05,192.78,27452,0
2026-07-02T10:00:00+05:30,192.78,192.78,192.0,192.27,4163,0
2026-07-02T10:15:00+05:30,192.27,192.27,191.42,191.8,5481,0
2026-07-02T10:30:00+05:30,191.8,191.82,191.31,191.63,1828,0
2026-07-02T10:45:00+05:30,191.53,191.63,191.11,191.12,746,0
2026-07-02T11:00:00+05:30,191.13,191.68,191.08,191.55,3880,0
2026-07-02T11:15:00+05:30,191.53,191.54,191.05,191.48,2163,0
2026-07-02T11:30:00+05:30,191.18,191.92,191.05,191.55,26431,0
2026-07-02T11:45:00+05:30,191.55,192.11,191.55,191.8,320,0
2026-07-02T12:00:00+05:30,191.8,192.34,191.25,191.61,12942,0
2026-07-02T12:15:00+05:30,191.79,192.06,191.12,191.12,10744,0
2026-07-02T12:30:00+05:30,191.12,191.44,191.12,191.44,6128,0
2026-07-02T12:45:00+05:30,191.46,191.82,190.34,190.34,17228,0
2026-07-02T13:00:00+05:30,190.34,191.0,190.05,190.73,13377,0
2026-07-02T13:15:00+05:30,190.62,191.05,189.58,189.59,25867,0
2026-07-02T13:30:00+05:30,189.59,189.77,189.1,189.2,7392,0
2026-07-02T13:45:00+05:30,189.2,189.36,189.0,189.2,9888,0
2026-07-02T14:00:00+05:30,189.2,189.23,188.76,188.76,2283,0
2026-07-02T14:15:00+05:30,188.76,188.91,188.0,188.05,11639,0
2026-07-02T14:30:00+05:30,188.23,188.47,187.9,188.08,12212,0
2026-07-02T14:45:00+05:30,188.08,193.95,188.08,193.65,60501,0
2026-07-02T15:00:00+05:30,193.67,193.67,191.58,191.58,41557,0
2026-07-02T15:15:00+05:30,191.68,193.7,190.82,192.5,88006,0
2026-07-03T09:15:00+05:30,193.0,196.09,191.91,192.41,13215,0
2026-07-03T09:30:00+05:30,192.49,192.77,191.78,192.0,11702,0
2026-07-03T09:45:00+05:30,191.99,198.0,191.99,197.0,78608,0
2026-07-03T10:00:00+05:30,197.03,197.05,195.72,196.31,14831,0
2026-07-03T10:15:00+05:30,196.01,199.9,195.81,199.07,63820,0
2026-07-03T10:30:00+05:30,199.07,199.49,197.85,198.0,30564,0
2026-07-03T10:45:00+05:30,197.88,199.65,197.5,199.0,25326,0
2026-07-03T11:00:00+05:30,198.99,198.99,197.82,198.29,38811,0
2026-07-03T11:15:00+05:30,198.21,198.4,197.52,197.8,12379,0
2026-07-03T11:30:00+05:30,197.63,201.79,196.89,201.6,115022,0
2026-07-03T11:45:00+05:30,201.49,204.19,200.81,203.1,85641,0
2026-07-03T12:00:00+05:30,203.1,204.48,202.0,204.36,55761,0
2026-07-03T12:15:00+05:30,204.13,208.59,204.0,205.93,148346,0
2026-07-03T12:30:00+05:30,206.0,209.44,204.51,205.88,154229,0
2026-07-03T12:45:00+05:30,205.88,207.59,205.1,206.27,45932,0
2026-07-03T13:00:00+05:30,206.34,206.77,205.22,206.45,25672,0
2026-07-03T13:15:00+05:30,206.45,207.45,202.16,206.25,89151,0
2026-07-03T13:30:00+05:30,206.13,206.45,204.51,205.41,47611,0
2026-07-03T13:45:00+05:30,205.4,206.31,205.4,206.06,31682,0
2026-07-03T14:00:00+05:30,205.93,206.21,205.1,205.41,5787,0
2026-07-03T14:15:00+05:30,205.4,207.1,204.44,205.2,45263,0
2026-07-03T14:30:00+05:30,205.19,206.0,205.02,205.8,18445,0
2026-07-03T14:45:00+05:30,205.71,206.0,205.0,205.13,24927,0
2026-07-03T15:00:00+05:30,205.13,205.17,202.44,203.59,49739,0
2026-07-03T15:15:00+05:30,203.5,206.99,202.5,206.0,119394,0
2026-07-06T09:15:00+05:30,205.0,206.23,201.31,202.71,28349,0
2026-07-06T09:30:00+05:30,202.7,203.39,202.16,202.8,14866,0
2026-07-06T09:45:00+05:30,202.7,202.94,201.53,201.63,5039,0
2026-07-06T10:00:00+05:30,201.63,201.97,201.32,201.35,4906,0
2026-07-06T10:15:00+05:30,201.77,201.77,200.02,200.45,7758,0
2026-07-06T10:30:00+05:30,200.47,200.51,198.53,199.0,15799,0
2026-07-06T10:45:00+05:30,199.0,199.28,198.02,198.06,4486,0
2026-07-06T11:00:00+05:30,198.06,198.55,198.01,198.04,8523,0
2026-07-06T11:15:00+05:30,198.29,198.56,197.72,197.76,7029,0
2026-07-06T11:30:00+05:30,197.98,198.53,197.03,198.53,11286,0
2026-07-06T11:45:00+05:30,198.55,198.76,197.25,197.25,6991,0
2026-07-06T12:00:00+05:30,197.39,197.45,196.5,196.57,11970,0
2026-07-06T12:15:00+05:30,196.4,196.56,196.0,196.33,4500,0
2026-07-06T12:30:00+05:30,196.33,196.6,195.51,195.65,7460,0
2026-07-06T12:45:00+05:30,195.9,196.7,195.8,196.51,6266,0
2026-07-06T13:00:00+05:30,196.5,196.54,195.2,195.91,11999,0
2026-07-06T13:15:00+05:30,195.87,196.36,195.72,195.99,2314,0
2026-07-06T13:30:00+05:30,195.7,196.1,195.52,196.0,1227,0
2026-07-06T13:45:00+05:30,196.0,196.05,194.15,194.81,12799,0
2026-07-06T14:00:00+05:30,194.81,195.02,194.29,194.72,11963,0
2026-07-06T14:15:00+05:30,194.71,194.94,194.0,194.75,15981,0
2026-07-06T14:30:00+05:30,194.75,194.9,194.01,194.2,8377,0
2026-07-06T14:45:00+05:30,194.1,196.49,193.7,196.2,16580,0
2026-07-06T15:00:00+05:30,196.2,198.31,196.2,198.0,43163,0
2026-07-06T15:15:00+05:30,198.0,198.21,194.52,194.52,48306,0
2026-07-07T09:15:00+05:30,198.69,198.7,193.31,195.43,22582,0
2026-07-07T09:30:00+05:30,195.43,195.43,194.0,194.27,11625,0
2026-07-07T09:45:00+05:30,194.27,194.7,194.05,194.1,3097,0
2026-07-07T10:00:00+05:30,194.29,194.8,193.5,194.27,3720,0
2026-07-07T10:15:00+05:30,194.21,194.21,193.52,193.52,1925,0
2026-07-07T10:30:00+05:30,193.6,194.75,193.6,194.18,7085,0
2026-07-07T10:45:00+05:30,194.16,194.57,193.5,193.95,3266,0
2026-07-07T11:00:00+05:30,193.9,193.98,193.37,193.84,922,0
2026-07-07T11:15:00+05:30,193.83,193.94,193.05,193.77,7690,0
2026-07-07T11:30:00+05:30,193.77,193.81,193.51,193.77,606,0
2026-07-07T11:45:00+05:30,193.77,194.47,193.53,194.47,4800,0
2026-07-07T12:00:00+05:30,194.77,195.51,193.76,194.01,8498,0
2026-07-07T12:15:00+05:30,193.81,194.58,193.81,194.43,3019,0
2026-07-07T12:30:00+05:30,194.43,194.55,193.59,193.62,7764,0
2026-07-07T12:45:00+05:30,193.81,193.96,193.59,193.8,988,0
2026-07-07T13:00:00+05:30,193.65,193.79,193.25,193.45,5722,0
2026-07-07T13:15:00+05:30,193.65,197.67,193.05,197.1,25824,0
2026-07-07T13:30:00+05:30,197.35,197.74,195.47,197.27,32927,0
2026-07-07T13:45:00+05:30,197.08,197.78,196.98,197.69,5633,0
2026-07-07T14:00:00+05:30,197.42,197.68,194.51,194.88,21986,0
2026-07-07T14:15:00+05:30,194.87,194.87,194.1,194.54,6570,0
2026-07-07T14:30:00+05:30,194.35,194.83,194.32,194.51,1398,0
2026-07-07T14:45:00+05:30,194.84,194.87,194.24,194.32,1141,0
2026-07-07T15:00:00+05:30,194.34,194.89,194.0,194.49,6192,0
2026-07-07T15:15:00+05:30,194.51,195.63,193.65,195.0,80472,0
2026-07-08T09:15:00+05:30,193.3,194.48,191.82,192.11,29439,0
2026-07-08T09:30:00+05:30,192.0,192.1,190.6,191.19,10885,0
2026-07-08T09:45:00+05:30,191.23,192.24,191.05,191.76,10281,0
2026-07-08T10:00:00+05:30,191.55,191.76,191.41,191.6,2919,0
2026-07-08T10:15:00+05:30,191.76,192.18,191.05,191.05,11359,0
2026-07-08T10:30:00+05:30,191.2,191.79,191.1,191.69,1325,0
2026-07-08T10:45:00+05:30,191.69,192.25,191.35,192.02,3900,0
2026-07-08T11:00:00+05:30,192.02,192.78,191.67,192.57,4653,0
2026-07-08T11:15:00+05:30,192.57,193.48,192.44,193.47,4812,0
2026-07-08T11:30:00+05:30,193.18,193.18,192.55,192.55,2535,0
2026-07-08T11:45:00+05:30,192.91,193.03,192.66,192.95,1083,0
2026-07-08T12:00:00+05:30,192.95,194.0,192.82,193.83,1042,0
2026-07-08T12:15:00+05:30,193.83,193.83,192.7,193.15,2545,0
2026-07-08T12:30:00+05:30,193.15,193.18,192.55,193.18,6938,0
2026-07-08T12:45:00+05:30,193.0,193.12,191.31,191.94,42540,0
2026-07-08T13:00:00+05:30,191.92,192.0,191.62,191.76,565,0
2026-07-08T13:15:00+05:30,191.76,191.96,191.76,191.82,546,0
2026-07-08T13:30:00+05:30,191.82,192.0,191.11,191.6,5529,0
2026-07-08T13:45:00+05:30,191.77,192.0,190.06,190.4,23483,0
2026-07-08T14:00:00+05:30,190.1,190.89,189.38,189.48,59433,0
2026-07-08T14:15:00+05:30,189.55,191.0,189.11,190.44,13182,0
2026-07-08T14:30:00+05:30,190.28,190.71,190.05,190.11,7158,0
2026-07-08T14:45:00+05:30,190.11,190.36,188.25,188.72,62340,0
2026-07-08T15:00:00+05:30,188.61,189.28,188.1,188.27,7123,0
2026-07-08T15:15:00+05:30,188.44,189.67,188.05,188.05,26384,0
2026-07-09T09:15:00+05:30,188.71,190.99,188.15,190.65,8781,0
2026-07-09T09:30:00+05:30,190.36,193.0,190.21,192.95,7849,0
2026-07-09T09:45:00+05:30,192.99,193.0,192.0,192.71,4588,0
2026-07-09T10:00:00+05:30,192.87,193.78,192.29,193.0,9624,0
2026-07-09T10:15:00+05:30,193.0,193.0,191.22,191.58,8989,0
2026-07-09T10:30:00+05:30,191.55,192.36,191.33,192.36,2346,0
2026-07-09T10:45:00+05:30,192.36,192.36,191.0,191.16,594,0
2026-07-09T11:00:00+05:30,191.11,192.41,191.11,192.2,1873,0
2026-07-09T11:15:00+05:30,192.27,192.54,192.0,192.2,1089,0
2026-07-09T11:30:00+05:30,192.41,192.5,190.0,190.21,15053,0
2026-07-09T11:45:00+05:30,190.01,192.68,190.01,192.65,10723,0
2026-07-09T12:00:00+05:30,192.65,193.14,191.5,192.56,7212,0
2026-07-09T12:15:00+05:30,192.54,194.5,192.53,194.0,11983,0
2026-07-09T12:30:00+05:30,194.2,194.2,193.2,193.83,12761,0
2026-07-09T12:45:00+05:30,193.83,194.0,193.33,193.33,1344,0
2026-07-09T13:00:00+05:30,193.62,195.93,193.37,195.17,12081,0
2026-07-09T13:15:00+05:30,195.16,195.84,194.96,195.66,5816,0
2026-07-09T13:30:00+05:30,195.35,195.42,194.99,195.21,3517,0
2026-07-09T13:45:00+05:30,195.2,195.57,195.0,195.57,2719,0
2026-07-09T14:00:00+05:30,195.27,195.27,193.16,193.35,24365,0
2026-07-09T14:15:00+05:30,193.34,194.65,193.16,194.43,5722,0
2026-07-09T14:30:00+05:30,194.36,194.39,193.46,193.63,1589,0
2026-07-09T14:45:00+05:30,193.63,194.07,193.42,193.64,1884,0
2026-07-09T15:00:00+05:30,193.59,193.69,192.38,192.6,3585,0
2026-07-09T15:15:00+05:30,192.79,195.0,192.0,193.5,19708,0
2026-07-10T09:15:00+05:30,193.05,194.67,193.05,194.43,6288,0
2026-07-10T09:30:00+05:30,194.43,194.93,193.62,194.09,6823,0
2026-07-10T09:45:00+05:30,194.33,194.38,191.67,192.89,29388,0
2026-07-10T10:00:00+05:30,192.89,193.15,192.3,193.08,1983,0
2026-07-10T10:15:00+05:30,193.08,193.08,192.73,192.87,11289,0
2026-07-10T10:30:00+05:30,193.0,193.0,192.4,192.42,1772,0
2026-07-10T10:45:00+05:30,192.6,192.95,192.13,192.53,4224,0
2026-07-10T11:00:00+05:30,192.53,192.78,192.34,192.6,2127,0
2026-07-10T11:15:00+05:30,192.6,192.6,192.05,192.25,2678,0
2026-07-10T11:30:00+05:30,192.25,192.76,192.05,192.52,9760,0
2026-07-10T11:45:00+05:30,192.52,192.86,192.15,192.47,585,0
2026-07-10T12:00:00+05:30,192.47,192.64,192.11,192.41,809,0
2026-07-10T12:15:00+05:30,192.13,192.46,192.11,192.11,402,0
2026-07-10T12:30:00+05:30,192.35,192.43,192.05,192.05,1170,0
2026-07-10T12:45:00+05:30,192.06,192.24,192.05,192.05,4424,0
2026-07-10T13:00:00+05:30,192.05,192.28,192.05,192.05,6943,0
2026-07-10T13:15:00+05:30,192.05,192.05,191.15,191.34,17557,0
2026-07-10T13:30:00+05:30,191.09,191.7,191.05,191.37,1834,0
2026-07-10T13:45:00+05:30,191.37,191.59,191.37,191.59,160,0
2026-07-10T14:00:00+05:30,191.59,191.99,191.05,191.99,23076,0
2026-07-10T14:15:00+05:30,191.99,192.0,191.41,191.91,6101,0
2026-07-10T14:30:00+05:30,191.91,192.0,191.74,191.81,1402,0
2026-07-10T14:45:00+05:30,191.8,192.0,191.51,191.59,6421,0
2026-07-10T15:00:00+05:30,191.58,192.0,191.54,191.81,28406,0
2026-07-10T15:15:00+05:30,191.81,193.0,191.8,193.0,101621,0
2026-07-13T09:15:00+05:30,192.25,194.0,191.17,193.06,15457,0
2026-07-13T09:30:00+05:30,192.75,193.0,192.4,193.0,3641,0
2026-07-13T09:45:00+05:30,193.0,193.0,192.25,192.91,4182,0
2026-07-13T10:00:00+05:30,192.91,197.0,192.51,196.47,62714,0
2026-07-13T10:15:00+05:30,196.5,196.6,194.34,195.03,9126,0
2026-07-13T10:30:00+05:30,195.03,195.93,194.25,195.61,7653,0
2026-07-13T10:45:00+05:30,195.56,195.56,195.04,195.07,655,0
2026-07-13T11:00:00+05:30,195.08,195.48,195.06,195.45,1186,0
2026-07-13T11:15:00+05:30,195.32,195.79,195.0,195.01,3004,0
2026-07-13T11:30:00+05:30,195.01,195.73,195.01,195.72,2434,0
2026-07-13T11:45:00+05:30,195.61,195.75,195.0,195.35,10180,0
2026-07-13T12:00:00+05:30,195.35,195.84,195.35,195.84,761,0
2026-07-13T12:15:00+05:30,195.84,195.85,195.35,195.62,1132,0
2026-07-13T12:30:00+05:30,195.54,195.71,194.87,195.28,8488,0
2026-07-13T12:45:00+05:30,195.28,195.58,194.85,195.16,1103,0
2026-07-13T13:00:00+05:30,195.18,195.46,194.05,194.6,22981,0
2026-07-13T13:15:00+05:30,194.6,194.75,194.24,194.24,3454,0
2026-07-13T13:30:00+05:30,194.52,194.61,194.05,194.46,3801,0
2026-07-13T13:45:00+05:30,194.49,194.5,194.11,194.48,592,0
2026-07-13T14:00:00+05:30,194.49,194.5,194.05,194.5,17530,0
2026-07-13T14:15:00+05:30,194.5,194.99,194.29,194.68,20231,0
2026-07-13T14:30:00+05:30,194.66,194.66,194.24,194.5,1470,0
2026-07-13T14:45:00+05:30,194.5,195.0,194.5,194.51,13765,0
2026-07-13T15:00:00+05:30,194.53,196.99,194.22,195.79,48864,0
2026-07-13T15:15:00+05:30,195.78,196.99,194.5,195.55,33684,0
2026-07-14T09:15:00+05:30,193.0,196.22,192.0,194.2,2723,0
2026-07-14T09:30:00+05:30,194.2,194.46,193.77,193.8,1220,0
2026-07-14T09:45:00+05:30,193.8,196.8,193.6,195.14,14728,0
2026-07-14T10:00:00+05:30,195.46,195.69,195.0,195.43,8151,0
2026-07-14T10:15:00+05:30,195.43,195.43,194.08,194.11,7023,0
2026-07-14T10:30:00+05:30,194.11,194.56,194.11,194.55,147,0
2026-07-14T10:45:00+05:30,194.55,195.58,194.55,194.93,4459,0
2026-07-14T11:00:00+05:30,195.03,195.54,194.05,195.0,18910,0
2026-07-14T11:15:00+05:30,195.0,196.7,195.0,195.95,29363,0
2026-07-14T11:30:00+05:30,195.95,195.97,195.4,195.4,1205,0
2026-07-14T11:45:00+05:30,195.4,195.4,194.27,194.27,5532,0
2026-07-14T12:00:00+05:30,194.27,195.24,194.27,195.09,312,0
2026-07-14T12:15:00+05:30,195.4,195.5,194.72,194.92,1574,0
2026-07-14T12:30:00+05:30,194.93,195.04,194.51,194.8,199,0
2026-07-14T12:45:00+05:30,194.54,194.68,194.05,194.52,8085,0
2026-07-14T13:00:00+05:30,194.52,195.6,194.2,194.84,5965,0
2026-07-14T13:15:00+05:30,194.88,194.88,194.56,194.6,405,0
2026-07-14T13:30:00+05:30,194.6,194.97,194.05,194.45,3625,0
2026-07-14T13:45:00+05:30,194.49,194.63,194.21,194.51,998,0
2026-07-14T14:00:00+05:30,194.49,195.0,194.22,195.0,2994,0
2026-07-14T14:15:00+05:30,194.99,195.14,194.53,194.75,2473,0
2026-07-14T14:30:00+05:30,194.76,194.95,194.3,194.9,1318,0
2026-07-14T14:45:00+05:30,194.92,196.95,194.21,196.29,47557,0
2026-07-14T15:00:00+05:30,196.29,197.6,196.01,196.02,12688,0
2026-07-14T15:15:00+05:30,196.04,199.0,195.88,198.5,34111,0
2026-07-15T09:15:00+05:30,198.5,203.5,197.56,202.07,48916,0
2026-07-15T09:30:00+05:30,202.16,202.5,200.76,201.0,19868,0
2026-07-15T09:45:00+05:30,201.54,201.54,199.4,199.81,12381,0
2026-07-15T10:00:00+05:30,199.81,200.21,199.51,200.2,3076,0
2026-07-15T10:15:00+05:30,200.2,200.6,199.51,199.51,5908,0
2026-07-15T10:30:00+05:30,199.51,199.52,198.02,198.02,9080,0
2026-07-15T10:45:00+05:30,198.11,198.5,198.02,198.1,6852,0
2026-07-15T11:00:00+05:30,198.1,198.39,197.53,197.53,3700,0
2026-07-15T11:15:00+05:30,197.74,197.86,197.0,197.02,2873,0
2026-07-15T11:30:00+05:30,197.09,197.5,196.02,196.33,2463,0
2026-07-15T11:45:00+05:30,196.14,196.83,196.1,196.74,9165,0
2026-07-15T12:00:00+05:30,196.37,196.77,196.16,196.77,3104,0
2026-07-15T12:15:00+05:30,196.32,196.68,196.29,196.55,137,0
2026-07-15T12:30:00+05:30,196.55,196.79,196.11,196.58,529,0
2026-07-15T12:45:00+05:30,196.58,196.58,194.61,195.15,10932,0
2026-07-15T13:00:00+05:30,195.15,195.51,194.86,195.15,6319,0
2026-07-15T13:15:00+05:30,195.15,195.15,194.71,194.72,999,0
2026-07-15T13:30:00+05:30,194.72,195.28,194.11,194.87,2669,0
2026-07-15T13:45:00+05:30,194.98,195.16,194.22,194.8,2843,0
2026-07-15T14:00:00+05:30,194.8,196.78,194.5,196.02,11185,0
2026-07-15T14:15:00+05:30,195.83,195.83,195.0,195.0,14116,0
2026-07-15T14:30:00+05:30,195.0,195.67,194.81,195.01,4795,0
2026-07-15T14:45:00+05:30,195.04,195.41,194.11,194.51,5644,0
2026-07-15T15:00:00+05:30,194.4,194.66,194.0,194.0,5340,0
2026-07-15T15:15:00+05:30,194.0,194.31,193.1,193.78,15391,0
2026-07-16T09:15:00+05:30,194.15,195.32,193.4,193.4,11889,0
2026-07-16T09:30:00+05:30,193.12,193.61,192.31,192.74,7216,0
2026-07-16T09:45:00+05:30,193.11,193.36,192.32,192.51,3578,0
2026-07-16T10:00:00+05:30,192.51,193.67,192.5,192.99,1459,0
2026-07-16T10:15:00+05:30,192.99,192.99,192.3,192.5,5712,0
2026-07-16T10:30:00+05:30,192.5,192.58,192.02,192.58,3007,0
2026-07-16T10:45:00+05:30,192.58,192.8,192.58,192.75,402,0
2026-07-16T11:00:00+05:30,193.0,193.15,192.43,192.43,1912,0
2026-07-16T11:15:00+05:30,192.43,193.0,192.3,193.0,607,0
2026-07-16T11:30:00+05:30,193.0,193.22,192.41,193.02,1326,0
2026-07-16T11:45:00+05:30,193.02,193.49,192.44,192.97,2885,0
2026-07-16T12:00:00+05:30,192.51,192.7,192.0,192.05,8534,0
2026-07-16T12:15:00+05:30,192.38,193.09,192.33,193.09,1093,0
2026-07-16T12:30:00+05:30,193.19,194.89,193.09,193.75,7592,0
2026-07-16T12:45:00+05:30,194.0,194.0,193.75,193.75,1172,0
2026-07-16T13:00:00+05:30,193.75,193.86,192.41,193.86,5130,0
2026-07-16T13:15:00+05:30,193.86,193.96,192.05,192.86,18857,0
2026-07-16T13:30:00+05:30,192.94,192.95,191.05,192.05,53197,0
2026-07-16T13:45:00+05:30,192.05,192.7,191.81,192.32,1442,0
2026-07-16T14:00:00+05:30,192.23,192.65,192.02,192.02,1489,0
2026-07-16T14:15:00+05:30,192.02,192.64,192.0,192.15,1503,0
2026-07-16T14:30:00+05:30,192.15,192.59,192.0,192.49,14123,0
2026-07-16T14:45:00+05:30,192.49,192.89,192.0,192.19,6706,0
2026-07-16T15:00:00+05:30,192.19,192.46,191.73,192.23,4124,0
2026-07-16T15:15:00+05:30,192.05,195.0,191.09,192.1,23281,0
2026-07-17T09:15:00+05:30,193.42,194.91,189.6,192.87,7253,0
2026-07-17T09:30:00+05:30,192.84,193.04,190.25,190.77,26455,0
2026-07-17T09:45:00+05:30,190.8,191.3,190.0,190.8,17521,0
2026-07-17T10:00:00+05:30,190.57,191.86,190.0,191.78,2690,0
2026-07-17T10:15:00+05:30,191.78,191.78,189.83,190.26,25090,0
2026-07-17T10:30:00+05:30,190.27,190.94,190.0,190.67,8515,0
2026-07-17T10:45:00+05:30,190.67,191.31,190.14,190.94,1468,0
2026-07-17T11:00:00+05:30,190.88,190.88,190.05,190.24,2279,0
2026-07-17T11:15:00+05:30,190.16,190.3,189.5,190.11,6768,0
2026-07-17T11:30:00+05:30,190.11,190.89,189.55,190.57,2106,0
2026-07-17T11:45:00+05:30,190.53,190.78,190.29,190.78,3351,0
2026-07-17T12:00:00+05:30,190.76,190.78,189.01,189.35,8847,0
2026-07-17T12:15:00+05:30,189.36,189.64,188.87,189.45,6318,0
2026-07-17T12:30:00+05:30,189.45,190.0,188.8,189.0,3388,0
2026-07-17T12:45:00+05:30,189.0,190.15,189.0,189.89,3511,0
2026-07-17T13:00:00+05:30,189.92,190.17,188.8,189.62,1063,0
2026-07-17T13:15:00+05:30,189.35,190.11,189.12,189.92,1405,0
2026-07-17T13:30:00+05:30,189.92,189.95,189.06,189.32,2336,0
2026-07-17T13:45:00+05:30,189.12,189.99,189.09,189.72,3323,0
2026-07-17T14:00:00+05:30,189.42,189.76,188.5,189.44,36146,0
2026-07-17T14:15:00+05:30,189.66,189.99,188.5,189.18,21601,0
2026-07-17T14:30:00+05:30,188.88,189.26,188.69,189.19,8170,0
2026-07-17T14:45:00+05:30,189.0,189.74,188.67,189.23,1861,0
2026-07-17T15:00:00+05:30,189.06,189.21,188.54,188.81,3295,0
2026-07-17T15:15:00+05:30,188.79,188.95,188.27,188.73,24813,0
2026-07-20T09:15:00+05:30,188.0,188.01,186.1,186.41,12448,0
2026-07-20T09:30:00+05:30,186.17,186.7,185.09,186.48,12517,0
2026-07-20T09:45:00+05:30,186.59,186.59,186.0,186.03,2026,0
2026-07-20T10:00:00+05:30,186.03,186.19,185.23,185.7,4793,0
2026-07-20T10:15:00+05:30,185.7,186.34,185.51,186.3,473,0
2026-07-20T10:30:00+05:30,186.04,186.48,185.82,186.0,1542,0
2026-07-20T10:45:00+05:30,186.0,186.12,185.12,185.69,3447,0
2026-07-20T11:00:00+05:30,185.94,185.94,184.77,184.89,10634,0
2026-07-20T11:15:00+05:30,184.89,185.0,184.55,184.55,2609,0
2026-07-20T11:30:00+05:30,184.55,185.13,184.2,184.2,4201,0
2026-07-20T11:45:00+05:30,184.2,188.0,184.2,186.39,41667,0
2026-07-20T12:00:00+05:30,186.38,186.46,185.45,186.0,5087,0
2026-07-20T12:15:00+05:30,186.12,186.61,185.9,186.0,57127,0
2026-07-20T12:30:00+05:30,186.0,186.27,186.0,186.18,794,0
2026-07-20T12:45:00+05:30,186.22,186.89,186.11,186.42,1961,0
2026-07-20T13:00:00+05:30,186.25,186.25,186.0,186.08,1346,0
2026-07-20T13:15:00+05:30,186.21,191.48,186.21,189.9,39653,0
2026-07-20T13:30:00+05:30,189.7,189.93,189.06,189.5,2652,0
2026-07-20T13:45:00+05:30,189.5,189.5,189.37,189.37,112,0
2026-07-20T14:00:00+05:30,189.4,191.44,189.25,191.44,7404,0
2026-07-20T14:15:00+05:30,191.43,192.38,190.38,190.38,8613,0
2026-07-20T14:30:00+05:30,190.37,191.0,190.23,190.23,1741,0
2026-07-20T14:45:00+05:30,190.24,192.08,190.2,190.3,5378,0
2026-07-20T15:00:00+05:30,190.3,190.55,190.16,190.25,5994,0
2026-07-20T15:15:00+05:30,190.39,192.4,190.39,190.55,12950,0
2026-07-21T09:15:00+05:30,190.5,191.06,189.51,189.52,5824,0
2026-07-21T09:30:00+05:30,189.55,189.92,188.9,189.1,2070,0
2026-07-21T09:45:00+05:30,188.99,189.5,188.99,189.43,2333,0
2026-07-21T10:00:00+05:30,189.43,189.45,188.81,188.81,807,0
2026-07-21T10:15:00+05:30,188.81,189.19,188.15,188.99,1196,0
2026-07-21T10:30:00+05:30,189.0,189.26,188.01,189.0,5713,0
2026-07-21T10:45:00+05:30,189.0,189.33,188.54,188.77,564,0
2026-07-21T11:00:00+05:30,188.77,188.89,188.52,188.6,810,0
2026-07-21T11:15:00+05:30,188.6,188.95,188.43,188.43,307,0
2026-07-21T11:30:00+05:30,188.43,188.49,186.71,187.29,8348,0
2026-07-21T11:45:00+05:30,187.48,187.99,187.16,187.55,1887,0
2026-07-21T12:00:00+05:30,187.55,187.67,187.1,187.67,607,0
2026-07-21T12:15:00+05:30,187.67,187.68,187.02,187.68,420,0
2026-07-21T12:30:00+05:30,187.68,187.88,187.03,187.69,1828,0
2026-07-21T12:45:00+05:30,187.69,187.69,187.12,187.59,723,0
2026-07-21T13:00:00+05:30,187.59,187.77,187.17,187.17,380,0
2026-07-21T13:15:00+05:30,187.65,187.7,187.31,187.31,69,0
2026-07-21T13:30:00+05:30,187.31,187.38,187.04,187.14,1026,0
2026-07-21T13:45:00+05:30,187.15,187.31,187.0,187.1,5350,0
2026-07-21T14:00:00+05:30,187.1,187.3,187.0,187.3,1760,0
2026-07-21T14:15:00+05:30,187.1,187.98,187.1,187.3,7341,0
2026-07-21T14:30:00+05:30,187.73,187.73,186.2,187.03,64853,0
2026-07-21T14:45:00+05:30,187.03,187.47,187.0,187.15,4126,0
2026-07-21T15:00:00+05:30,187.08,187.4,187.0,187.01,976,0
2026-07-21T15:15:00+05:30,187.02,188.0,186.38,187.5,9249,0
2026-07-22T09:15:00+05:30,187.3,189.01,185.65,185.65,8122,0
2026-07-22T09:30:00+05:30,185.8,185.82,185.0,185.38,5157,0
2026-07-22T09:45:00+05:30,185.3,187.86,183.92,187.25,29875,0
2026-07-22T10:00:00+05:30,187.08,188.0,186.64,186.72,7220,0
2026-07-22T10:15:00+05:30,186.96,187.21,186.21,186.6,1270,0
2026-07-22T10:30:00+05:30,186.6,186.75,186.01,186.01,3100,0
2026-07-22T10:45:00+05:30,186.01,187.0,186.01,186.98,553,0
2026-07-22T11:00:00+05:30,186.98,188.0,186.98,187.52,4003,0
2026-07-22T11:15:00+05:30,187.78,187.95,187.51,187.95,612,0
2026-07-22T11:30:00+05:30,187.95,188.17,187.79,188.11,1127,0
2026-07-22T11:45:00+05:30,188.15,188.5,187.0,187.51,57199,0
2026-07-22T12:00:00+05:30,187.51,187.52,187.24,187.48,95,0
2026-07-22T12:15:00+05:30,187.48,187.48,186.81,186.81,1120,0
2026-07-22T12:30:00+05:30,186.81,187.23,186.24,187.06,2921,0
2026-07-22T12:45:00+05:30,187.06,187.18,186.73,186.78,181,0
2026-07-22T13:00:00+05:30,187.02,187.1,186.53,186.53,531,0
2026-07-22T13:15:00+05:30,186.53,187.29,186.47,186.7,756,0
2026-07-22T13:30:00+05:30,186.7,186.72,186.0,186.3,18199,0
2026-07-22T13:45:00+05:30,186.3,186.3,186.1,186.12,5194,0
2026-07-22T14:00:00+05:30,186.12,188.49,186.06,188.24,27743,0
2026-07-22T14:15:00+05:30,188.25,190.59,188.23,190.49,30388,0
2026-07-22T14:30:00+05:30,190.49,191.0,188.71,190.64,28265,0
2026-07-22T14:45:00+05:30,190.64,192.0,190.2,191.42,33778,0
2026-07-22T15:00:00+05:30,191.42,192.8,191.05,191.6,49882,0
2026-07-22T15:15:00+05:30,191.61,193.9,191.05,193.5,55859,0
2026-07-23T09:15:00+05:30,193.5,193.5,188.0,190.1,6707,0
2026-07-23T09:30:00+05:30,190.1,190.68,190.05,190.06,3136,0
2026-07-23T09:45:00+05:30,190.11,191.78,190.05,191.27,6240,0
2026-07-23T10:00:00+05:30,191.3,192.26,191.3,191.43,1310,0
2026-07-23T10:15:00+05:30,191.67,192.68,191.01,192.68,3411,0
2026-07-23T10:30:00+05:30,192.38,192.67,192.11,192.26,1306,0
2026-07-23T10:45:00+05:30,192.56,193.78,192.11,193.37,3308,0
2026-07-23T11:00:00+05:30,193.29,193.44,192.41,192.93,794,0
2026-07-23T11:15:00+05:30,192.88,193.65,192.52,192.93,3743,0
2026-07-23T11:30:00+05:30,192.65,192.65,192.05,192.11,2316,0
2026-07-23T11:45:00+05:30,192.47,192.5,192.16,192.46,224,0
2026-07-23T12:00:00+05:30,192.11,192.41,192.11,192.11,219,0
2026-07-23T12:15:00+05:30,192.11,192.65,192.05,192.29,28764,0
2026-07-23T12:30:00+05:30,192.31,192.48,192.05,192.05,13896,0
2026-07-23T12:45:00+05:30,192.05,192.06,192.05,192.05,3527,0
2026-07-23T13:00:00+05:30,192.05,192.07,192.05,192.05,400,0
2026-07-23T13:15:00+05:30,192.05,192.56,192.05,192.05,834,0
2026-07-23T13:30:00+05:30,192.05,192.31,192.05,192.05,729,0
2026-07-23T13:45:00+05:30,192.05,192.67,192.05,192.21,1456,0
2026-07-23T14:00:00+05:30,192.22,195.99,192.14,194.18,16619,0
2026-07-23T14:15:00+05:30,193.92,195.59,193.61,195.19,9747,0
2026-07-23T14:30:00+05:30,195.16,195.81,195.05,195.15,29876,0
2026-07-23T14:45:00+05:30,195.15,195.19,195.05,195.1,14631,0
2026-07-23T15:00:00+05:30,195.1,196.5,195.1,196.25,35590,0
2026-07-23T15:15:00+05:30,196.25,196.5,195.9,196.25,48170,0
2026-07-24T09:15:00+05:30,193.5,195.09,192.62,193.14,11681,0
2026-07-24T09:30:00+05:30,193.13,193.78,191.27,191.74,9273,0
2026-07-24T09:45:00+05:30,191.74,191.74,190.72,190.72,3093,0
2026-07-24T10:00:00+05:30,190.81,190.96,190.0,190.51,5281,0
2026-07-24T10:15:00+05:30,190.51,192.56,190.12,192.44,7974,0
2026-07-24T10:30:00+05:30,192.06,192.74,192.05,192.38,1277,0
2026-07-24T10:45:00+05:30,192.53,192.57,192.16,192.34,575,0
2026-07-24T11:00:00+05:30,192.31,192.89,192.05,192.49,7363,0
2026-07-24T11:15:00+05:30,192.49,192.72,192.05,192.34,1818,0
2026-07-24T11:30:00+05:30,192.34,192.48,192.05,192.47,2543,0
2026-07-24T11:45:00+05:30,192.47,192.78,192.47,192.54,209,0
2026-07-24T12:00:00+05:30,192.53,193.0,192.17,192.76,1666,0
2026-07-24T12:15:00+05:30,192.76,193.5,192.76,193.5,665,0
2026-07-24T12:30:00+05:30,193.58,193.97,193.34,193.54,3003,0
2026-07-24T12:45:00+05:30,193.57,194.15,193.55,193.87,3194,0
2026-07-24T13:00:00+05:30,193.87,194.14,193.66,193.8,741,0
2026-07-24T13:15:00+05:30,193.8,194.28,193.8,194.28,365,0
2026-07-24T13:30:00+05:30,194.28,196.97,194.17,195.05,35330,0
2026-07-24T13:45:00+05:30,195.35,195.79,195.22,195.7,2003,0
2026-07-24T14:00:00+05:30,195.7,196.6,195.05,195.16,15724,0
2026-07-24T14:15:00+05:30,195.16,195.85,195.05,195.06,5853,0
2026-07-24T14:30:00+05:30,195.05,195.85,194.31,195.59,13533,0
2026-07-24T14:45:00+05:30,195.64,195.87,195.05,195.08,4999,0
2026-07-24T15:00:00+05:30,195.08,195.46,195.05,195.05,19023,0
2026-07-24T15:15:00+05:30,195.22,196.44,195.05,196.4,20120,0
2026-07-27T09:15:00+05:30,197.0,198.0,195.0,198.0,8580,0
2026-07-27T09:30:00+05:30,197.66,198.2,197.0,197.66,13079,0
2026-07-27T09:45:00+05:30,198.1,199.85,198.0,199.0,19520,0
2026-07-27T10:00:00+05:30,199.12,199.68,197.8,198.0,9959,0
2026-07-27T10:15:00+05:30,198.0,198.5,197.51,197.69,1383,0
2026-07-27T10:30:00+05:30,197.69,197.69,196.67,196.67,2351,0
2026-07-27T10:45:00+05:30,196.67,197.14,196.67,197.0,626,0
2026-07-27T11:00:00+05:30,197.0,197.0,196.51,196.51,2182,0
2026-07-27T11:15:00+05:30,196.77,197.69,196.77,197.69,3757,0
2026-07-27T11:30:00+05:30,197.69,198.5,197.35,197.99,2431,0
2026-07-27T11:45:00+05:30,197.99,198.16,197.76,198.08,339,0
2026-07-27T12:00:00+05:30,198.08,198.08,197.61,197.75,572,0
2026-07-27T12:15:00+05:30,197.75,197.99,197.6,197.89,967,0
2026-07-27T12:30:00+05:30,197.89,197.89,196.51,197.05,2750,0
2026-07-27T12:45:00+05:30,197.43,197.44,196.5,196.82,5969,0
2026-07-27T13:00:00+05:30,196.82,197.48,196.71,197.19,1335,0
2026-07-27T13:15:00+05:30,197.19,197.19,195.4,195.84,10458,0
2026-07-27T13:30:00+05:30,195.84,195.99,195.32,195.87,3296,0
2026-07-27T13:45:00+05:30,195.87,195.9,195.31,195.9,2356,0
2026-07-27T14:00:00+05:30,195.97,196.22,195.7,195.98,3172,0
2026-07-27T14:15:00+05:30,195.98,196.1,195.4,195.45,1781,0
2026-07-27T14:30:00+05:30,195.4,196.5,195.31,196.36,7037,0
2026-07-27T14:45:00+05:30,196.36,196.36,195.77,195.95,2011,0
2026-07-27T15:00:00+05:30,196.2,196.22,195.1,195.23,9466,0
2026-07-27T15:15:00+05:30,195.24,198.97,195.05,198.05,24731,0
2026-07-28T09:15:00+05:30,197.05,197.79,192.6,196.93,6629,0
2026-07-28T09:30:00+05:30,196.93,197.99,196.66,197.2,1645,0
2026-07-28T09:45:00+05:30,197.33,197.6,197.14,197.2,820,0
2026-07-28T10:00:00+05:30,197.2,199.5,197.05,198.0,12077,0
2026-07-28T10:15:00+05:30,198.0,198.46,197.88,198.45,2158,0
2026-07-28T10:30:00+05:30,198.08,198.42,197.21,198.04,3850,0
2026-07-28T10:45:00+05:30,198.04,198.98,197.78,198.72,58228,0
2026-07-28T11:00:00+05:30,198.26,198.67,198.0,198.01,5991,0
2026-07-28T11:15:00+05:30,198.01,198.3,197.3,197.45,2308,0
2026-07-28T11:30:00+05:30,197.66,197.99,197.17,197.99,2178,0
2026-07-28T11:45:00+05:30,197.98,199.5,197.45,199.09,14613,0
2026-07-28T12:00:00+05:30,199.26,199.49,199.0,199.04,3012,0
2026-07-28T12:15:00+05:30,199.04,199.26,199.0,199.26,4319,0
2026-07-28T12:30:00+05:30,199.26,199.26,197.6,197.6,12509,0
2026-07-28T12:45:00+05:30,197.6,198.0,197.05,197.88,3761,0
2026-07-28T13:00:00+05:30,197.7,197.7,197.17,197.24,1903,0
2026-07-28T13:15:00+05:30,197.22,197.5,197.14,197.19,58,0
2026-07-28T13:30:00+05:30,197.19,197.75,197.1,197.1,682,0
2026-07-28T13:45:00+05:30,197.1,197.25,196.5,196.63,22359,0
2026-07-28T14:00:00+05:30,196.63,196.93,196.27,196.28,1227,0
2026-07-28T14:15:00+05:30,196.3,196.78,196.06,196.14,1926,0
2026-07-28T14:30:00+05:30,196.14,196.47,196.07,196.17,505,0
2026-07-28T14:45:00+05:30,196.17,197.45,196.06,197.45,10846,0
2026-07-28T15:00:00+05:30,197.11,198.99,197.05,198.33,18828,0
2026-07-28T15:15:00+05:30,198.33,198.56,198.05,198.1,20094,0
2026-07-29T09:15:00+05:30,199.86,200.84,198.01,200.16,9392,0
2026-07-29T09:30:00+05:30,200.17,200.57,198.0,200.0,18195,0
2026-07-29T09:45:00+05:30,200.2,200.33,198.72,199.75,3050,0
2026-07-29T10:00:00+05:30,199.75,199.93,199.07,199.83,3213,0
2026-07-29T10:15:00+05:30,199.89,199.93,198.88,199.07,2844,0
2026-07-29T10:30:00+05:30,199.01,199.25,198.21,198.21,1342,0
2026-07-29T10:45:00+05:30,198.21,198.5,198.21,198.5,563,0
2026-07-29T11:00:00+05:30,198.49,199.76,198.49,199.32,4185,0
2026-07-29T11:15:00+05:30,199.53,199.69,198.94,199.62,755,0
2026-07-29T11:30:00+05:30,199.62,199.62,198.85,199.18,1097,0
2026-07-29T11:45:00+05:30,199.18,199.18,198.35,198.89,5593,0
2026-07-29T12:00:00+05:30,198.89,199.0,198.54,199.0,207,0
2026-07-29T12:15:00+05:30,199.0,199.23,198.5,198.9,3381,0
2026-07-29T12:30:00+05:30,198.9,199.6,198.9,199.07,1338,0
2026-07-29T12:45:00+05:30,199.08,199.22,198.0,198.78,4781,0
2026-07-29T13:00:00+05:30,198.78,198.88,198.55,198.88,99,0
2026-07-29T13:15:00+05:30,198.88,198.89,198.34,198.45,876,0
2026-07-29T13:30:00+05:30,198.45,199.12,198.0,198.43,5052,0
2026-07-29T13:45:00+05:30,198.43,198.54,198.0,198.05,1335,0
2026-07-29T14:00:00+05:30,198.08,198.65,198.0,198.25,3455,0
2026-07-29T14:15:00+05:30,198.14,199.93,198.0,199.07,7651,0
2026-07-29T14:30:00+05:30,199.07,199.88,199.03,199.25,5349,0
2026-07-29T14:45:00+05:30,199.35,202.38,199.35,202.0,35287,0
2026-07-29T15:00:00+05:30,201.88,203.0,200.02,200.27,11966,0
2026-07-29T15:15:00+05:30,200.37,202.4,200.03,200.08,18816,0
2026-07-30T09:15:00+05:30,198.01,199.01,192.0,193.09,106522,0
2026-07-30T09:30:00+05:30,192.67,193.79,189.0,191.99,78912,0
2026-07-30T09:45:00+05:30,191.96,193.4,190.05,191.97,30887,0
2026-07-30T10:00:00+05:30,191.5,192.83,190.55,192.01,28618,0
2026-07-30T10:15:00+05:30,192.0,192.25,190.5,190.5,24283,0
2026-07-30T10:30:00+05:30,190.57,191.5,189.4,190.84,67965,0
2026-07-30T10:45:00+05:30,190.78,191.01,190.05,190.06,28509,0
2026-07-30T11:00:00+05:30,190.06,190.43,188.54,189.59,22741,0
2026-07-30T11:15:00+05:30,189.6,192.2,189.0,191.6,41813,0
2026-07-30T11:30:00+05:30,191.58,191.6,189.01,189.01,34187,0
2026-07-30T11:45:00+05:30,189.21,190.09,189.07,189.17,8435,0
2026-07-30T12:00:00+05:30,189.17,192.6,189.17,192.6,25779,0
2026-07-30T12:15:00+05:30,192.59,193.16,192.2,192.41,9804,0
2026-07-30T12:30:00+05:30,192.41,193.6,192.29,192.77,9208,0
2026-07-30T12:45:00+05:30,192.76,192.99,191.59,191.71,5552,0
2026-07-30T13:00:00+05:30,191.68,192.38,191.54,191.7,1403,0
2026-07-30T13:15:00+05:30,191.7,191.7,190.89,191.11,6340,0
2026-07-30T13:30:00+05:30,191.11,191.52,191.11,191.11,1016,0
2026-07-30T13:45:00+05:30,191.11,191.3,190.67,190.67,5126,0
2026-07-30T14:00:00+05:30,190.67,191.39,190.52,191.32,1240,0
2026-07-30T14:15:00+05:30,191.11,191.12,190.05,190.52,7487,0
2026-07-30T14:30:00+05:30,190.53,190.83,190.05,190.23,11448,0
2026-07-30T14:45:00+05:30,190.66,190.97,190.23,190.37,4328,0
2026-07-30T15:00:00+05:30,190.37,190.6,190.05,190.26,78481,0
2026-07-30T15:15:00+05:30,190.26,190.49,189.01,190.1,41525,0
2026-07-31T09:15:00+05:30,192.92,192.92,189.0,191.99,14285,0
2026-07-31T09:30:00+05:30,191.95,192.01,190.71,191.23,5762,0
2026-07-31T09:45:00+05:30,191.0,191.29,190.63,190.63,4010,0
2026-07-31T10:00:00+05:30,190.82,191.0,190.53,191.0,3120,0
2026-07-31T10:15:00+05:30,191.0,191.0,190.06,190.21,4569,0
2026-07-31T10:30:00+05:30,190.22,190.61,190.05,190.2,6716,0
2026-07-31T10:45:00+05:30,190.43,190.59,190.05,190.36,1894,0
2026-07-31T11:00:00+05:30,190.38,190.5,190.05,190.5,3994,0
2026-07-31T11:15:00+05:30,190.5,190.5,190.2,190.49,1634,0
2026-07-31T11:30:00+05:30,190.49,190.5,190.25,190.32,1279,0
2026-07-31T11:45:00+05:30,190.49,190.5,189.12,190.22,42827,0
2026-07-31T12:00:00+05:30,190.5,190.56,189.18,189.18,23762,0
2026-07-31T12:15:00+05:30,189.2,192.3,189.05,191.58,33829,0
2026-07-31T12:30:00+05:30,191.57,191.72,191.0,191.0,878,0
2026-07-31T12:45:00+05:30,191.01,193.25,190.52,192.71,19918,0
2026-07-31T13:00:00+05:30,192.78,196.16,192.78,193.75,42349,0
2026-07-31T13:15:00+05:30,193.75,194.3,192.81,192.97,6310,0
2026-07-31T13:30:00+05:30,192.97,194.0,192.73,192.8,8461,0
2026-07-31T13:45:00+05:30,192.78,193.18,192.25,192.95,5002,0
2026-07-31T14:00:00+05:30,193.0,193.38,192.99,193.06,3223,0
2026-07-31T14:15:00+05:30,193.27,193.28,192.21,193.04,1681,0
2026-07-31T14:30:00+05:30,193.04,193.45,192.5,193.14,1998,0
2026-07-31T14:45:00+05:30,193.27,193.75,193.01,193.44,3049,0
2026-07-31T15:00:00+05:30,193.44,194.01,193.34,193.99,8985,0
2026-07-31T15:15:00+05:30,193.96,196.06,193.6,194.5,52118,0
2026-08-03T09:15:00+05:30,194.51,195.98,192.05,194.2,54985,0
2026-08-03T09:30:00+05:30,194.0,194.0,192.61,192.75,9379,0
2026-08-03T09:45:00+05:30,192.75,193.0,192.26,192.58,6942,0
2026-08-03T10:00:00+05:30,192.21,192.81,192.18,192.81,5050,0
2026-08-03T10:15:00+05:30,192.68,193.09,192.57,193.09,7450,0
2026-08-03T10:30:00+05:30,192.75,193.89,192.65,193.69,11633,0
2026-08-03T10:45:00+05:30,193.47,193.6,192.95,193.01,10514,0
2026-08-03T11:00:00+05:30,193.02,193.29,192.81,192.84,2938,0
2026-08-03T11:15:00+05:30,192.83,193.07,192.8,192.82,2081,0
2026-08-03T11:30:00+05:30,192.82,193.03,192.51,192.84,10312,0
2026-08-03T11:45:00+05:30,192.84,192.84,192.59,192.59,663,0
2026-08-03T12:00:00+05:30,192.59,192.94,192.59,192.94,658,0
2026-08-03T12:15:00+05:30,192.51,192.78,192.5,192.52,2795,0
2026-08-03T12:30:00+05:30,192.52,192.52,192.05,192.43,2900,0
2026-08-03T12:45:00+05:30,192.43,192.43,192.05,192.05,1492,0
2026-08-03T13:00:00+05:30,192.05,192.59,192.05,192.05,2538,0
2026-08-03T13:15:00+05:30,192.05,192.49,192.05,192.06,628,0
2026-08-03T13:30:00+05:30,192.08,192.3,192.08,192.2,883,0
2026-08-03T13:45:00+05:30,192.3,193.0,192.23,192.23,3894,0
2026-08-03T14:00:00+05:30,192.23,193.5,192.23,193.4,5108,0
2026-08-03T14:15:00+05:30,193.15,194.98,192.84,192.84,32689,0
2026-08-03T14:30:00+05:30,193.08,193.32,192.14,192.25,4341,0
2026-08-03T14:45:00+05:30,192.25,192.4,192.05,192.25,18485,0
2026-08-03T15:00:00+05:30,192.3,192.5,192.05,192.06,12053,0
2026-08-03T15:15:00+05:30,192.07,195.88,192.05,193.07,69386,0
2026-08-04T09:15:00+05:30,192.25,193.79,191.99,192.7,6634,0
2026-08-04T09:30:00+05:30,192.68,193.0,192.13,192.96,4973,0
2026-08-04T09:45:00+05:30,192.98,194.39,192.74,193.89,4497,0
2026-08-04T10:00:00+05:30,193.89,193.89,192.74,192.74,7291,0
2026-08-04T10:15:00+05:30,192.74,193.07,192.55,192.55,592,0
2026-08-04T10:30:00+05:30,192.55,193.1,192.5,193.1,10874,0
2026-08-04T10:45:00+05:30,193.2,193.59,192.94,193.58,1901,0
2026-08-04T11:00:00+05:30,193.59,193.6,193.11,193.28,2019,0
2026-08-04T11:15:00+05:30,193.04,193.96,193.01,193.4,1490,0
2026-08-04T11:30:00+05:30,193.4,193.4,193.0,193.0,447,0
2026-08-04T11:45:00+05:30,193.0,193.0,192.62,192.64,477,0
2026-08-04T12:00:00+05:30,192.64,193.79,192.64,193.45,2016,0
2026-08-04T12:15:00+05:30,193.45,193.48,192.55,192.55,3773,0
2026-08-04T12:30:00+05:30,192.55,192.99,192.5,192.98,3169,0
2026-08-04T12:45:00+05:30,192.98,192.98,191.7,191.88,22133,0
2026-08-04T13:00:00+05:30,191.71,191.71,191.11,191.11,1392,0
2026-08-04T13:15:00+05:30,191.12,192.0,191.05,191.54,3883,0
2026-08-04T13:30:00+05:30,191.54,191.99,191.0,191.56,29188,0
2026-08-04T13:45:00+05:30,191.56,192.6,191.52,191.9,1380,0
2026-08-04T14:00:00+05:30,192.0,192.4,191.54,191.95,2807,0
2026-08-04T14:15:00+05:30,191.95,192.23,191.86,192.1,896,0
2026-08-04T14:30:00+05:30,191.9,191.9,191.52,191.52,904,0
2026-08-04T14:45:00+05:30,191.69,192.1,191.0,191.35,30439,0
2026-08-04T15:00:00+05:30,191.7,191.89,191.05,191.05,4244,0
2026-08-04T15:15:00+05:30,192.25,192.25,191.05,191.9,640667,0
2026-08-05T09:15:00+05:30,194.45,194.45,191.74,192.0,10408,0
2026-08-05T09:30:00+05:30,192.0,192.0,190.82,191.1,4924,0
2026-08-05T09:45:00+05:30,191.1,191.8,191.1,191.31,3214,0
2026-08-05T10:00:00+05:30,191.31,191.77,191.22,191.77,1042,0
2026-08-05T10:15:00+05:30,191.77,191.77,190.5,190.5,5444,0
2026-08-05T10:30:00+05:30,190.5,191.88,190.5,191.68,12948,0
2026-08-05T10:45:00+05:30,191.63,191.63,191.2,191.44,1525,0
2026-08-05T11:00:00+05:30,191.44,191.97,191.05,191.05,11095,0
2026-08-05T11:15:00+05:30,191.09,191.37,190.26,190.35,16736,0
2026-08-05T11:30:00+05:30,190.35,190.6,190.1,190.1,2289,0
2026-08-05T11:45:00+05:30,190.1,190.62,190.05,190.38,4199,0
2026-08-05T12:00:00+05:30,190.38,190.95,190.05,190.45,6319,0
2026-08-05T12:15:00+05:30,190.16,190.39,189.12,190.09,30588,0
2026-08-05T12:30:00+05:30,190.09,190.64,190.05,190.38,9498,0
2026-08-05T12:45:00+05:30,190.38,190.38,188.4,188.5,29780,0
2026-08-05T13:00:00+05:30,188.5,188.88,188.4,188.6,16819,0
2026-08-05T13:15:00+05:30,188.61,189.66,188.61,189.0,99936,0
2026-08-05T13:30:00+05:30,189.0,189.0,187.56,188.0,42267,0
2026-08-05T13:45:00+05:30,187.96,189.0,187.96,188.68,14619,0
2026-08-05T14:00:00+05:30,188.5,190.38,188.05,188.92,62383,0
2026-08-05T14:15:00+05:30,188.92,191.0,188.63,190.49,25517,0
2026-08-05T14:30:00+05:30,190.49,191.17,189.0,189.48,118707,0
2026-08-05T14:45:00+05:30,189.51,191.99,188.51,190.67,141133,0
2026-08-05T15:00:00+05:30,191.0,191.52,190.05,190.25,14771,0
2026-08-05T15:15:00+05:30,190.25,190.96,189.05,189.94,36529,0
2026-08-06T09:15:00+05:30,192.2,192.2,190.75,191.08,12901,0
2026-08-06T09:30:00+05:30,191.14,192.0,191.08,191.59,11063,0
2026-08-06T09:45:00+05:30,191.5,191.51,190.51,191.0,10567,0
2026-08-06T10:00:00+05:30,191.0,191.0,190.0,190.99,9759,0
2026-08-06T10:15:00+05:30,190.63,190.63,190.43,190.43,530,0
2026-08-06T10:30:00+05:30,190.71,190.89,190.26,190.26,1137,0
2026-08-06T10:45:00+05:30,190.26,190.3,190.26,190.3,80,0
2026-08-06T11:00:00+05:30,190.3,190.4,190.25,190.4,569,0
2026-08-06T11:15:00+05:30,190.4,190.5,190.25,190.5,760,0
2026-08-06T11:30:00+05:30,190.5,190.5,190.01,190.11,5631,0
2026-08-06T11:45:00+05:30,190.49,190.73,190.0,190.0,5230,0
2026-08-06T12:00:00+05:30,190.05,190.54,189.25,189.6,13505,0
2026-08-06T12:15:00+05:30,189.6,189.99,189.31,189.38,2732,0
2026-08-06T12:30:00+05:30,189.45,190.14,189.26,190.01,3432,0
2026-08-06T12:45:00+05:30,190.01,190.13,189.75,189.75,1161,0
2026-08-06T13:00:00+05:30,189.75,189.76,189.69,189.69,644,0
2026-08-06T13:15:00+05:30,189.69,190.09,189.69,190.09,2999,0
2026-08-06T13:30:00+05:30,189.76,190.0,189.6,189.6,1426,0
2026-08-06T13:45:00+05:30,189.6,189.6,188.82,189.13,4978,0
2026-08-06T14:00:00+05:30,189.13,189.58,189.13,189.31,600,0
2026-08-06T14:15:00+05:30,189.22,189.36,188.65,188.65,5965,0
2026-08-06T14:30:00+05:30,188.6,189.0,188.05,188.21,8762,0
2026-08-06T14:45:00+05:30,188.21,188.21,185.81,186.75,45569,0
2026-08-06T15:00:00+05:30,186.75,191.0,185.12,190.05,68075,0
2026-08-06T15:15:00+05:30,189.57,190.25,189.05,190.05,13006,0
2026-08-07T09:15:00+05:30,189.48,189.49,186.2,186.74,24699,0
2026-08-07T09:30:00+05:30,187.0,187.32,186.6,186.6,6505,0
2026-08-07T09:45:00+05:30,186.6,187.0,185.21,185.99,14610,0
2026-08-07T10:00:00+05:30,185.95,186.6,185.32,186.15,13724,0
2026-08-07T10:15:00+05:30,186.15,186.5,186.05,186.21,1757,0
2026-08-07T10:30:00+05:30,186.3,186.53,185.8,186.14,3205,0
2026-08-07T10:45:00+05:30,186.39,186.67,186.3,186.62,1480,0
2026-08-07T11:00:00+05:30,186.55,186.55,184.9,185.49,58499,0
2026-08-07T11:15:00+05:30,185.49,185.86,184.9,185.69,13923,0
2026-08-07T11:30:00+05:30,185.56,185.89,185.33,185.85,2224,0
2026-08-07T11:45:00+05:30,185.98,185.98,184.0,184.39,50426,0
2026-08-07T12:00:00+05:30,184.5,184.54,182.95,183.84,75459,0
2026-08-07T12:15:00+05:30,183.83,183.83,183.0,183.39,12235,0
2026-08-07T12:30:00+05:30,183.34,184.58,183.0,184.52,20592,0
2026-08-07T12:45:00+05:30,184.52,184.75,184.48,184.73,3572,0
2026-08-07T13:00:00+05:30,184.64,184.68,184.5,184.68,1078,0
2026-08-07T13:15:00+05:30,184.68,184.68,184.35,184.35,2386,0
2026-08-07T13:30:00+05:30,184.35,184.56,184.35,184.35,2875,0
2026-08-07T13:45:00+05:30,184.35,184.46,184.15,184.45,1642,0
2026-08-07T14:00:00+05:30,184.45,185.19,184.24,184.44,16546,0
2026-08-07T14:15:00+05:30,184.44,184.63,184.15,184.19,2823,0
2026-08-07T14:30:00+05:30,184.18,185.97,184.18,185.07,116159,0
2026-08-07T14:45:00+05:30,185.07,185.69,185.05,185.17,22804,0
2026-08-07T15:00:00+05:30,185.17,186.75,185.05,186.1,14165,0
2026-08-07T15:15:00+05:30,186.1,186.5,185.21,186.0,47671,0
2026-08-10T09:15:00+05:30,184.2,188.29,184.2,187.25,12909,0
2026-08-10T09:30:00+05:30,187.25,187.78,186.84,187.24,2683,0
2026-08-10T09:45:00+05:30,187.0,188.4,186.75,188.0,12036,0
2026-08-10T10:00:00+05:30,188.78,188.89,187.45,188.02,10255,0
2026-08-10T10:15:00+05:30,188.23,189.26,187.92,188.0,8182,0
2026-08-10T10:30:00+05:30,188.0,188.65,187.58,188.21,2673,0
2026-08-10T10:45:00+05:30,188.21,188.28,187.8,187.9,1232,0
2026-08-10T11:00:00+05:30,187.9,187.9,187.25,187.79,4265,0
2026-08-10T11:15:00+05:30,187.79,187.79,184.86,185.39,21564,0
2026-08-10T11:30:00+05:30,185.25,185.39,183.5,184.88,42837,0
2026-08-10T11:45:00+05:30,184.9,185.0,184.4,184.4,8673,0
2026-08-10T12:00:00+05:30,184.4,184.79,184.11,184.68,1488,0
2026-08-10T12:15:00+05:30,184.68,184.97,184.54,184.95,854,0
2026-08-10T12:30:00+05:30,184.73,185.4,184.5,185.25,7574,0
2026-08-10T12:45:00+05:30,185.21,185.24,185.0,185.17,3691,0
2026-08-10T13:00:00+05:30,185.17,185.18,183.75,184.32,12697,0
2026-08-10T13:15:00+05:30,184.32,184.69,184.09,184.25,1699,0
2026-08-10T13:30:00+05:30,184.2,184.64,184.09,184.45,4052,0
2026-08-10T13:45:00+05:30,184.45,184.45,183.95,184.13,2920,0
2026-08-10T14:00:00+05:30,184.13,184.57,184.13,184.31,504,0
2026-08-10T14:15:00+05:30,184.31,184.51,184.14,184.2,681,0
2026-08-10T14:30:00+05:30,184.2,184.49,183.6,183.76,8992,0
2026-08-10T14:45:00+05:30,183.72,184.21,183.71,184.05,4033,0
2026-08-10T15:00:00+05:30,184.06,184.22,183.2,183.69,9354,0
2026-08-10T15:15:00+05:30,183.63,184.0,183.0,183.0,12692,0
2026-08-11T09:15:00+05:30,183.59,183.79,181.61,182.01,13415,0
2026-08-11T09:30:00+05:30,182.01,182.54,181.11,182.39,8937,0
2026-08-11T09:45:00+05:30,182.39,182.6,182.0,182.33,6585,0
2026-08-11T10:00:00+05:30,182.39,182.6,181.87,181.95,10783,0
2026-08-11T10:15:00+05:30,181.95,182.55,181.95,182.51,3583,0
2026-08-11T10:30:00+05:30,182.51,182.66,182.27,182.27,890,0
2026-08-11T10:45:00+05:30,182.65,182.7,182.0,182.2,4767,0
2026-08-11T11:00:00+05:30,182.2,182.5,182.11,182.11,703,0
2026-08-11T11:15:00+05:30,182.2,182.2,181.57,181.94,8537,0
2026-08-11T11:30:00+05:30,181.94,181.94,181.6,181.85,393,0
2026-08-11T11:45:00+05:30,181.75,182.21,181.55,181.55,6068,0
2026-08-11T12:00:00+05:30,181.55,181.87,181.55,181.87,361,0
2026-08-11T12:15:00+05:30,181.87,181.87,180.8,181.44,6492,0
2026-08-11T12:30:00+05:30,181.44,181.48,181.0,181.1,2593,0
2026-08-11T12:45:00+05:30,181.1,181.17,180.53,180.75,3607,0
2026-08-11T13:00:00+05:30,180.75,180.81,179.48,179.66,10854,0
2026-08-11T13:15:00+05:30,179.83,180.28,179.3,179.86,5887,0
2026-08-11T13:30:00+05:30,179.86,179.89,179.3,179.5,1683,0
2026-08-11T13:45:00+05:30,179.5,179.7,179.3,179.48,3741,0
2026-08-11T14:00:00+05:30,179.45,179.5,178.61,178.9,10984,0
2026-08-11T14:15:00+05:30,178.8,178.99,178.6,178.6,7280,0
2026-08-11T14:30:00+05:30,178.61,178.98,178.6,178.8,3817,0
2026-08-11T14:45:00+05:30,178.79,178.8,178.0,178.0,5578,0
2026-08-11T15:00:00+05:30,178.16,178.9,177.43,177.75,20646,0
2026-08-11T15:15:00+05:30,177.55,177.98,177.0,177.0,9712,0
2026-08-12T09:15:00+05:30,177.6,178.99,175.41,178.49,35700,0
2026-08-12T09:30:00+05:30,178.39,179.9,178.0,179.5,20607,0
2026-08-12T09:45:00+05:30,179.58,179.66,179.0,179.14,2222,0
2026-08-12T10:00:00+05:30,179.05,181.3,178.41,180.52,16439,0
2026-08-12T10:15:00+05:30,180.88,181.18,180.21,180.29,3790,0
2026-08-12T10:30:00+05:30,180.27,181.5,179.53,179.79,16637,0
2026-08-12T10:45:00+05:30,179.79,182.32,179.04,180.26,89242,0
2026-08-12T11:00:00+05:30,180.15,180.48,179.38,179.38,10539,0
2026-08-12T11:15:00+05:30,179.38,179.76,179.38,179.63,12800,0
2026-08-12T11:30:00+05:30,179.63,179.63,179.11,179.45,279,0
2026-08-12T11:45:00+05:30,179.47,179.47,179.0,179.38,8031,0
2026-08-12T12:00:00+05:30,179.63,179.63,179.16,179.16,406,0
2026-08-12T12:15:00+05:30,179.47,179.62,179.22,179.62,560,0
2026-08-12T12:30:00+05:30,179.44,179.63,179.26,179.63,510,0
2026-08-12T12:45:00+05:30,179.63,179.63,179.23,179.23,935,0
2026-08-12T13:00:00+05:30,179.23,179.63,179.2,179.63,2293,0
2026-08-12T13:15:00+05:30,179.63,179.63,179.2,179.45,2455,0
2026-08-12T13:30:00+05:30,179.21,179.45,179.21,179.44,2161,0
2026-08-12T13:45:00+05:30,179.44,179.45,179.0,179.0,2467,0
2026-08-12T14:00:00+05:30,179.0,179.38,178.07,178.29,13010,0
2026-08-12T14:15:00+05:30,178.3,178.94,178.0,178.34,13581,0
2026-08-12T14:30:00+05:30,178.57,178.8,178.28,178.6,3824,0
2026-08-12T14:45:00+05:30,178.6,179.39,178.59,179.3,3971,0
2026-08-12T15:00:00+05:30,179.37,179.45,178.93,179.36,4661,0
2026-08-12T15:15:00+05:30,179.36,179.45,177.04,179.4,182123,0
2026-08-13T09:15:00+05:30,178.02,180.45,178.0,179.71,11869,0
2026-08-13T09:30:00+05:30,179.71,180.78,179.71,180.4,3781,0
2026-08-13T09:45:00+05:30,180.59,181.5,180.32,181.5,5238,0
2026-08-13T10:00:00+05:30,181.51,181.51,180.73,180.73,650,0
2026-08-13T10:15:00+05:30,180.73,180.92,180.68,180.71,203,0
2026-08-13T10:30:00+05:30,180.71,181.18,180.65,181.18,1790,0
2026-08-13T10:45:00+05:30,181.18,181.79,181.05,181.31,3819,0
2026-08-13T11:00:00+05:30,181.31,181.44,180.65,180.65,1923,0
2026-08-13T11:15:00+05:30,180.65,181.29,180.65,181.23,812,0
2026-08-13T11:30:00+05:30,181.01,181.3,180.65,180.93,2158,0
2026-08-13T11:45:00+05:30,180.93,180.93,180.51,180.66,11512,0
2026-08-13T12:00:00+05:30,180.55,180.7,178.81,178.81,20783,0
2026-08-13T12:15:00+05:30,179.24,180.46,178.54,178.96,38206,0
2026-08-13T12:30:00+05:30,179.03,179.85,178.0,179.01,40606,0
2026-08-13T12:45:00+05:30,178.76,178.95,178.0,178.95,12817,0
2026-08-13T13:00:00+05:30,178.95,178.95,177.34,177.9,33641,0
2026-08-13T13:15:00+05:30,177.94,179.0,177.0,178.3,17240,0
2026-08-13T13:30:00+05:30,178.3,178.65,178.22,178.56,1747,0
2026-08-13T13:45:00+05:30,178.56,178.73,178.44,178.67,545,0
2026-08-13T14:00:00+05:30,178.79,178.95,178.51,178.55,1580,0
2026-08-13T14:15:00+05:30,178.51,179.11,178.5,178.82,2096,0
2026-08-13T14:30:00+05:30,178.88,178.88,178.42,178.69,830,0
2026-08-13T14:45:00+05:30,178.71,178.99,178.44,178.5,2107,0
2026-08-13T15:00:00+05:30,178.5,179.29,178.0,178.5,5584,0
2026-08-13T15:15:00+05:30,178.37,179.56,178.04,178.5,10808,0
2026-08-14T09:15:00+05:30,177.25,179.98,177.25,178.77,20061,0
2026-08-14T09:30:00+05:30,178.83,180.7,178.82,179.71,12826,0
2026-08-14T09:45:00+05:30,179.71,180.0,179.0,180.0,15232,0
2026-08-14T10:00:00+05:30,179.69,179.92,178.0,178.76,46686,0
2026-08-14T10:15:00+05:30,179.03,179.5,178.62,179.5,2892,0
2026-08-14T10:30:00+05:30,179.5,179.53,179.0,179.53,1887,0
2026-08-14T10:45:00+05:30,179.53,181.1,179.33,180.93,42466,0
2026-08-14T11:00:00+05:30,180.93,181.18,179.52,179.89,16312,0
2026-08-14T11:15:00+05:30,179.91,180.0,179.5,179.5,1559,0
2026-08-14T11:30:00+05:30,179.51,180.0,179.18,179.84,10685,0
2026-08-14T11:45:00+05:30,179.78,181.29,179.78,180.69,30621,0
2026-08-14T12:00:00+05:30,180.83,180.96,179.79,179.79,3459,0
2026-08-14T12:15:00+05:30,179.89,180.37,179.61,180.29,4041,0
2026-08-14T12:30:00+05:30,180.29,180.29,179.7,179.86,673,0
2026-08-14T12:45:00+05:30,179.86,179.96,179.86,179.96,693,0
2026-08-14T13:00:00+05:30,179.96,179.96,179.67,179.67,126,0
2026-08-14T13:15:00+05:30,179.67,179.9,179.55,179.9,2528,0
2026-08-14T13:30:00+05:30,179.9,179.9,179.33,179.33,1978,0
2026-08-14T13:45:00+05:30,179.33,179.5,179.33,179.49,1404,0
2026-08-14T14:00:00+05:30,179.49,179.49,179.23,179.29,967,0
2026-08-14T14:15:00+05:30,179.29,179.4,179.01,179.03,1282,0
2026-08-14T14:30:00+05:30,179.03,182.08,179.01,182.0,44860,0
2026-08-14T14:45:00+05:30,182.01,182.01,180.99,181.1,2994,0
2026-08-14T15:00:00+05:30,180.9,181.48,179.1,179.11,14706,0
2026-08-14T15:15:00+05:30,179.34,179.99,179.0,179.99,12235,0
2026-08-17T09:15:00+05:30,180.0,180.0,179.0,179.73,3592,0
2026-08-17T09:30:00+05:30,179.73,179.73,178.51,178.7,6848,0
2026-08-17T09:45:00+05:30,178.7,178.78,178.0,178.02,11373,0
2026-08-17T10:00:00+05:30,178.02,178.32,178.0,178.0,1210,0
2026-08-17T10:15:00+05:30,178.0,178.25,177.75,177.75,6109,0
2026-08-17T10:30:00+05:30,177.75,178.0,177.75,178.0,1772,0
2026-08-17T10:45:00+05:30,178.0,178.07,177.75,177.75,1634,0
2026-08-17T11:00:00+05:30,177.75,177.75,177.3,177.3,2161,0
2026-08-17T11:15:00+05:30,177.3,177.52,177.25,177.25,1065,0
2026-08-17T11:30:00+05:30,177.26,177.98,177.1,177.32,7235,0
2026-08-17T11:45:00+05:30,177.11,177.3,176.85,176.85,7098,0
2026-08-17T12:00:00+05:30,176.94,177.45,174.53,175.0,46830,0
2026-08-17T12:15:00+05:30,175.0,175.0,174.31,174.49,12472,0
2026-08-17T12:30:00+05:30,174.5,174.5,173.53,173.84,24964,0
2026-08-17T12:45:00+05:30,174.0,174.06,173.71,173.91,11833,0
2026-08-17T13:00:00+05:30,173.91,174.0,173.6,173.7,3834,0
2026-08-17T13:15:00+05:30,173.7,176.29,173.43,176.14,64705,0
2026-08-17T13:30:00+05:30,176.14,176.34,174.41,175.08,35948,0
2026-08-17T13:45:00+05:30,174.94,175.0,174.26,174.59,7337,0
2026-08-17T14:00:00+05:30,174.59,175.0,174.25,174.51,5454,0
2026-08-17T14:15:00+05:30,174.5,174.7,174.3,174.52,4030,0
2026-08-17T14:30:00+05:30,174.55,174.99,174.31,174.34,7154,0
2026-08-17T14:45:00+05:30,174.34,174.42,173.75,173.94,4787,0
2026-08-17T15:00:00+05:30,173.84,174.86,173.3,174.3,37168,0
2026-08-17T15:15:00+05:30,174.14,174.93,173.74,174.75,23270,0
2026-08-18T09:15:00+05:30,174.0,174.91,173.11,173.26,7564,0
2026-08-18T09:30:00+05:30,173.41,173.49,172.66,173.29,7395,0
2026-08-18T09:45:00+05:30,173.12,173.18,172.45,172.82,9180,0
2026-08-18T10:00:00+05:30,173.14,173.3,172.81,172.84,5274,0
2026-08-18T10:15:00+05:30,172.84,173.09,172.75,173.0,5345,0
2026-08-18T10:30:00+05:30,173.0,173.0,172.0,172.01,14454,0
2026-08-18T10:45:00+05:30,172.27,172.58,172.01,172.58,2660,0
2026-08-18T11:00:00+05:30,172.58,172.58,172.0,172.21,8035,0
2026-08-18T11:15:00+05:30,172.03,172.29,171.42,172.29,8922,0
2026-08-18T11:30:00+05:30,172.25,172.29,171.51,171.71,1984,0
2026-08-18T11:45:00+05:30,171.71,172.25,171.71,171.9,2645,0
2026-08-18T12:00:00+05:30,172.31,172.31,171.84,172.01,1181,0
2026-08-18T12:15:00+05:30,172.0,173.25,171.9,172.5,14789,0
2026-08-18T12:30:00+05:30,172.5,173.0,172.25,172.88,5765,0
2026-08-18T12:45:00+05:30,172.88,173.57,172.69,172.86,7858,0
2026-08-18T13:00:00+05:30,172.86,172.99,172.6,172.99,847,0
2026-08-18T13:15:00+05:30,172.99,172.99,172.85,172.85,143,0
2026-08-18T13:30:00+05:30,172.85,173.12,172.85,173.12,57,0
2026-08-18T13:45:00+05:30,173.12,173.12,172.71,172.98,1342,0
2026-08-18T14:00:00+05:30,172.71,172.97,172.63,172.63,429,0
2026-08-18T14:15:00+05:30,172.63,178.5,172.63,177.57,76145,0
2026-08-18T14:30:00+05:30,177.33,178.0,175.71,176.39,23116,0
2026-08-18T14:45:00+05:30,176.34,182.52,176.34,182.43,80141,0
2026-08-18T15:00:00+05:30,182.43,187.75,181.0,186.13,165479,0
2026-08-18T15:15:00+05:30,186.14,187.0,184.0,184.21,62733,0
2026-08-19T09:15:00+05:30,190.5,193.87,187.46,188.5,167846,0
2026-08-19T09:30:00+05:30,188.77,191.01,188.15,188.47,29265,0
2026-08-19T09:45:00+05:30,188.43,190.62,188.3,188.56,10507,0
2026-08-19T10:00:00+05:30,188.36,189.43,188.15,189.0,4625,0
2026-08-19T10:15:00+05:30,189.0,189.0,187.01,187.27,15828,0
2026-08-19T10:30:00+05:30,187.25,187.35,186.45,187.25,6199,0
2026-08-19T10:45:00+05:30,186.88,188.08,186.61,187.38,4813,0
2026-08-19T11:00:00+05:30,187.26,187.88,186.67,186.95,8529,0
2026-08-19T11:15:00+05:30,186.95,187.46,186.81,187.15,3878,0
2026-08-19T11:30:00+05:30,187.02,187.05,186.5,187.05,2035,0
2026-08-19T11:45:00+05:30,187.01,187.15,186.68,186.75,1406,0
2026-08-19T12:00:00+05:30,186.75,187.05,186.64,186.93,1034,0
2026-08-19T12:15:00+05:30,186.93,186.94,186.4,186.86,1156,0
2026-08-19T12:30:00+05:30,186.86,186.92,186.55,186.55,718,0
2026-08-19T12:45:00+05:30,186.55,187.41,186.15,186.82,8381,0
2026-08-19T13:00:00+05:30,186.88,186.88,185.15,185.53,11234,0
2026-08-19T13:15:00+05:30,185.53,185.93,185.16,185.58,3235,0
2026-08-19T13:30:00+05:30,185.58,185.99,185.15,185.85,3988,0
2026-08-19T13:45:00+05:30,185.61,185.86,185.42,185.42,3641,0
2026-08-19T14:00:00+05:30,185.65,185.99,185.25,185.89,8940,0
2026-08-19T14:15:00+05:30,185.69,186.29,185.29,185.29,4862,0
2026-08-19T14:30:00+05:30,185.29,185.79,185.0,185.0,13750,0
2026-08-19T14:45:00+05:30,185.0,186.86,184.83,186.86,42412,0
2026-08-19T15:00:00+05:30,186.9,186.99,184.0,184.6,23936,0
2026-08-19T15:15:00+05:30,184.6,185.8,183.3,184.1,28498,0
2026-08-20T09:15:00+05:30,184.8,186.59,184.0,186.21,19242,0
2026-08-20T09:30:00+05:30,186.16,186.16,185.53,185.55,467,0
2026-08-20T09:45:00+05:30,185.55,185.55,184.87,184.91,1653,0
2026-08-20T10:00:00+05:30,185.0,185.38,184.72,184.72,1137,0
2026-08-20T10:15:00+05:30,184.72,189.89,184.5,189.58,57144,0
2026-08-20T10:30:00+05:30,189.41,189.56,189.0,189.42,10125,0
2026-08-20T10:45:00+05:30,189.41,189.86,189.17,189.38,10369,0
2026-08-20T11:00:00+05:30,189.38,189.38,189.06,189.1,3196,0
2026-08-20T11:15:00+05:30,189.1,189.2,189.0,189.19,11187,0
2026-08-20T11:30:00+05:30,189.19,189.19,189.0,189.09,995,0
2026-08-20T11:45:00+05:30,189.0,189.2,189.0,189.2,2353,0
2026-08-20T12:00:00+05:30,189.1,189.1,188.76,189.02,18289,0
2026-08-20T12:15:00+05:30,189.09,189.2,189.0,189.1,8438,0
2026-08-20T12:30:00+05:30,189.1,189.28,189.0,189.0,33467,0
2026-08-20T12:45:00+05:30,189.0,189.4,189.0,189.0,7085,0
2026-08-20T13:00:00+05:30,189.0,189.4,187.88,189.4,16111,0
2026-08-20T13:15:00+05:30,189.35,189.4,189.0,189.0,7810,0
2026-08-20T13:30:00+05:30,189.0,189.1,188.93,189.0,9257,0
2026-08-20T13:45:00+05:30,189.0,189.24,189.0,189.0,22391,0
2026-08-20T14:00:00+05:30,189.24,189.3,189.0,189.09,2121,0
2026-08-20T14:15:00+05:30,189.03,189.5,189.03,189.32,10638,0
2026-08-20T14:30:00+05:30,189.32,189.49,189.21,189.22,4066,0
2026-08-20T14:45:00+05:30,189.22,190.45,189.02,190.0,9477,0
2026-08-20T15:00:00+05:30,190.01,191.0,190.0,190.41,10675,0
2026-08-20T15:15:00+05:30,190.1,191.49,189.1,189.1,31446,0
2026-08-21T09:15:00+05:30,188.4,191.84,188.4,189.75,3755,0
2026-08-21T09:30:00+05:30,189.99,190.15,189.04,189.04,4234,0
2026-08-21T09:45:00+05:30,189.04,190.55,189.0,190.24,4169,0
2026-08-21T10:00:00+05:30,190.26,190.86,190.01,190.01,3326,0
2026-08-21T10:15:00+05:30,190.01,190.01,189.13,189.13,3867,0
2026-08-21T10:30:00+05:30,189.13,189.49,188.67,188.67,470,0
2026-08-21T10:45:00+05:30,188.93,188.98,188.6,188.78,593,0
2026-08-21T11:00:00+05:30,188.78,188.98,188.56,188.56,622,0
2026-08-21T11:15:00+05:30,188.56,189.41,188.13,189.41,6540,0
2026-08-21T11:30:00+05:30,189.41,190.0,189.41,189.8,916,0
2026-08-21T11:45:00+05:30,189.8,189.8,189.32,189.32,384,0
2026-08-21T12:00:00+05:30,189.32,189.78,189.13,189.78,929,0
2026-08-21T12:15:00+05:30,189.78,192.2,189.5,191.94,21730,0
2026-08-21T12:30:00+05:30,191.8,192.3,191.31,192.1,6557,0
2026-08-21T12:45:00+05:30,192.11,192.3,191.81,192.08,5964,0
2026-08-21T13:00:00+05:30,192.1,192.1,191.49,191.75,4538,0
2026-08-21T13:15:00+05:30,191.75,191.75,191.0,191.18,1504,0
2026-08-21T13:30:00+05:30,191.18,191.18,190.81,191.17,2365,0
2026-08-21T13:45:00+05:30,191.17,191.49,190.01,191.46,10456,0
2026-08-21T14:00:00+05:30,191.46,191.46,191.17,191.41,1331,0
2026-08-21T14:15:00+05:30,191.41,191.41,191.2,191.37,1677,0
2026-08-21T14:30:00+05:30,191.09,192.3,190.57,191.15,9066,0
2026-08-21T14:45:00+05:30,191.46,191.53,191.02,191.5,3848,0
2026-08-21T15:00:00+05:30,191.48,191.74,190.8,191.49,19072,0
2026-08-21T15:15:00+05:30,191.39,192.3,190.01,192.1,22592,0
2026-08-24T09:15:00+05:30,192.61,195.3,192.0,195.14,42221,0
2026-08-24T09:30:00+05:30,195.14,200.89,195.14,199.08,180914,0
2026-08-24T09:45:00+05:30,198.98,202.9,198.48,200.43,110839,0
2026-08-24T10:00:00+05:30,200.34,200.43,198.5,199.16,34747,0
2026-08-24T10:15:00+05:30,198.93,199.16,198.08,198.08,5246,0
2026-08-24T10:30:00+05:30,198.08,200.26,198.01,200.15,14323,0
2026-08-24T10:45:00+05:30,200.11,201.22,200.01,200.35,14796,0
2026-08-24T11:00:00+05:30,200.48,205.1,200.4,204.13,123201,0
2026-08-24T11:15:00+05:30,203.99,204.0,201.18,203.79,32456,0
2026-08-24T11:30:00+05:30,204.0,206.0,203.7,205.1,56656,0
2026-08-24T11:45:00+05:30,205.1,205.39,203.08,203.53,22065,0
2026-08-24T12:00:00+05:30,203.53,204.52,198.0,201.8,431852,0
2026-08-24T12:15:00+05:30,201.94,204.52,201.52,202.03,54988,0
2026-08-24T12:30:00+05:30,202.19,202.19,200.15,201.52,14800,0
2026-08-24T12:45:00+05:30,201.31,201.69,201.0,201.15,3537,0
2026-08-24T13:00:00+05:30,201.01,203.99,201.0,202.53,44894,0
2026-08-24T13:15:00+05:30,202.48,203.67,201.0,203.55,40766,0
2026-08-24T13:30:00+05:30,203.54,206.0,202.0,202.59,108499,0
2026-08-24T13:45:00+05:30,202.64,202.94,199.92,201.04,32223,0
2026-08-24T14:00:00+05:30,201.04,202.98,199.74,202.43,11194,0
2026-08-24T14:15:00+05:30,202.43,203.0,202.0,202.89,5216,0
2026-08-24T14:30:00+05:30,202.93,203.28,202.11,202.31,9038,0
2026-08-24T14:45:00+05:30,202.59,203.4,202.39,203.07,13531,0
2026-08-24T15:00:00+05:30,203.11,203.7,201.71,201.72,26171,0
2026-08-24T15:15:00+05:30,201.55,203.0,201.55,202.25,45531,0
2026-08-25T09:15:00+05:30,203.0,203.0,197.16,200.76,18891,0
2026-08-25T09:30:00+05:30,200.76,201.45,199.12,199.5,8267,0
2026-08-25T09:45:00+05:30,199.71,199.77,196.35,198.0,26752,0
2026-08-25T10:00:00+05:30,197.8,198.18,197.33,197.66,3680,0
2026-08-25T10:15:00+05:30,197.66,198.13,197.0,197.16,8423,0
2026-08-25T10:30:00+05:30,197.16,198.78,196.72,197.83,14626,0
2026-08-25T10:45:00+05:30,197.66,198.05,196.68,198.05,11930,0
2026-08-25T11:00:00+05:30,198.0,201.0,198.0,200.5,13533,0
2026-08-25T11:15:00+05:30,200.49,200.49,200.08,200.4,2521,0
2026-08-25T11:30:00+05:30,200.33,200.47,200.0,200.28,2787,0
2026-08-25T11:45:00+05:30,200.17,200.86,200.07,200.78,10501,0
2026-08-25T12:00:00+05:30,200.69,200.81,197.79,198.36,100450,0
2026-08-25T12:15:00+05:30,198.44,198.88,197.99,198.44,2568,0
2026-08-25T12:30:00+05:30,198.33,198.49,197.8,197.8,1108,0
2026-08-25T12:45:00+05:30,197.8,197.87,197.61,197.87,244,0
2026-08-25T13:00:00+05:30,197.85,197.87,197.33,197.69,712,0
2026-08-25T13:15:00+05:30,197.69,198.41,197.65,198.25,8954,0
2026-08-25T13:30:00+05:30,198.25,198.5,198.25,198.5,1114,0
2026-08-25T13:45:00+05:30,198.5,198.5,198.0,198.0,1688,0
2026-08-25T14:00:00+05:30,198.0,199.28,198.0,199.27,5975,0
2026-08-25T14:15:00+05:30,199.27,199.35,198.58,199.12,18149,0
2026-08-25T14:30:00+05:30,199.12,199.99,197.51,198.47,35578,0
2026-08-25T14:45:00+05:30,198.47,199.71,198.47,199.47,1667,0
2026-08-25T15:00:00+05:30,199.49,202.0,199.01,200.33,17203,0
2026-08-25T15:15:00+05:30,200.22,200.99,199.02,200.0,13224,0
2026-08-26T09:15:00+05:30,202.61,202.61,198.71,199.25,4697,0
2026-08-26T09:30:00+05:30,199.14,199.15,197.5,197.5,6061,0
2026-08-26T09:45:00+05:30,197.5,199.53,197.5,199.1,6319,0
2026-08-26T10:00:00+05:30,199.1,199.78,198.89,199.39,5684,0
2026-08-26T10:15:00+05:30,199.39,200.07,199.18,199.96,3224,0
2026-08-26T10:30:00+05:30,199.96,200.52,199.95,200.21,2168,0
2026-08-26T10:45:00+05:30,200.21,200.89,200.06,200.64,4470,0
2026-08-26T11:00:00+05:30,200.5,200.96,199.42,200.96,4090,0
2026-08-26T11:15:00+05:30,201.0,202.0,200.11,200.16,6515,0
2026-08-26T11:30:00+05:30,200.54,205.5,200.54,204.03,124473,0
2026-08-26T11:45:00+05:30,203.98,205.44,203.9,204.32,97271,0
2026-08-26T12:00:00+05:30,204.39,204.96,204.06,204.7,16878,0
2026-08-26T12:15:00+05:30,204.69,205.0,204.46,204.75,16788,0
2026-08-26T12:30:00+05:30,204.79,205.1,204.46,204.82,22801,0
2026-08-26T12:45:00+05:30,204.82,204.87,203.02,204.11,18453,0
2026-08-26T13:00:00+05:30,204.21,205.0,203.94,204.41,22404,0
2026-08-26T13:15:00+05:30,204.39,206.99,204.39,205.91,35132,0
2026-08-26T13:30:00+05:30,205.81,209.0,205.01,207.36,67074,0
2026-08-26T13:45:00+05:30,207.54,208.49,205.0,205.93,47921,0
2026-08-26T14:00:00+05:30,205.94,206.88,205.0,206.58,22243,0
2026-08-26T14:15:00+05:30,206.6,207.94,205.92,206.69,33473,0
2026-08-26T14:30:00+05:30,206.79,207.0,205.81,207.0,18106,0
2026-08-26T14:45:00+05:30,206.7,206.71,205.06,205.78,22220,0
2026-08-26T15:00:00+05:30,205.94,205.95,205.0,205.95,22579,0
2026-08-26T15:15:00+05:30,205.94,207.15,205.0,206.8,45963,0
2026-08-27T09:15:00+05:30,206.1,211.5,203.28,204.33,48002,0
2026-08-27T09:30:00+05:30,204.26,204.33,203.12,203.63,9763,0
2026-08-27T09:45:00+05:30,203.62,204.73,203.2,203.73,20670,0
2026-08-27T10:00:00+05:30,203.41,203.59,202.21,202.8,8498,0
2026-08-27T10:15:00+05:30,202.82,202.94,202.1,202.41,3431,0
2026-08-27T10:30:00+05:30,202.41,202.41,201.56,201.66,4077,0
2026-08-27T10:45:00+05:30,201.68,201.73,201.2,201.42,3106,0
2026-08-27T11:00:00+05:30,201.42,202.14,201.0,201.98,13827,0
2026-08-27T11:15:00+05:30,202.11,202.18,201.26,201.85,4994,0
2026-08-27T11:30:00+05:30,201.87,202.13,201.69,201.78,1744,0
2026-08-27T11:45:00+05:30,201.78,201.93,201.25,201.75,1531,0
2026-08-27T12:00:00+05:30,201.78,201.99,201.01,201.01,6692,0
2026-08-27T12:15:00+05:30,201.09,201.3,199.37,200.38,40293,0
2026-08-27T12:30:00+05:30,200.24,201.29,200.01,200.58,4857,0
2026-08-27T12:45:00+05:30,200.58,201.33,200.42,201.0,5196,0
2026-08-27T13:00:00+05:30,201.0,201.19,200.55,200.87,397,0
2026-08-27T13:15:00+05:30,200.87,201.15,200.87,200.87,228,0
2026-08-27T13:30:00+05:30,201.03,201.14,199.04,199.73,15289,0
2026-08-27T13:45:00+05:30,199.56,200.05,198.5,198.83,11768,0
2026-08-27T14:00:00+05:30,198.68,199.22,198.37,199.1,5247,0
2026-08-27T14:15:00+05:30,199.21,199.49,198.49,198.87,9232,0
2026-08-27T14:30:00+05:30,198.86,199.5,198.56,199.21,11322,0
2026-08-27T14:45:00+05:30,199.21,199.59,198.61,199.2,5255,0
2026-08-27T15:00:00+05:30,199.26,199.74,198.56,198.78,17314,0
2026-08-27T15:15:00+05:30,198.63,199.97,198.56,199.8,21262,0
2026-08-28T09:15:00+05:30,200.31,200.31,198.52,198.98,6005,0
2026-08-28T09:30:00+05:30,198.95,199.85,198.95,199.62,4187,0
2026-08-28T09:45:00+05:30,199.38,199.79,198.99,198.99,4817,0
2026-08-28T10:00:00+05:30,198.85,199.17,198.41,198.48,654,0
2026-08-28T10:15:00+05:30,198.47,199.69,197.57,197.6,16425,0
2026-08-28T10:30:00+05:30,197.56,197.83,197.0,197.32,3513,0
2026-08-28T10:45:00+05:30,197.19,197.69,197.19,197.61,1660,0
2026-08-28T11:00:00+05:30,197.61,197.68,197.02,197.32,1431,0
2026-08-28T11:15:00+05:30,197.45,197.56,196.91,197.21,3809,0
2026-08-28T11:30:00+05:30,197.2,197.84,196.81,197.84,4729,0
2026-08-28T11:45:00+05:30,197.84,198.46,197.31,198.46,1864,0
2026-08-28T12:00:00+05:30,198.11,198.66,198.05,198.05,821,0
2026-08-28T12:15:00+05:30,198.31,198.59,197.92,198.43,3533,0
2026-08-28T12:30:00+05:30,198.44,198.88,198.16,198.57,2476,0
2026-08-28T12:45:00+05:30,198.57,199.29,198.22,199.29,3379,0
2026-08-28T13:00:00+05:30,199.35,199.62,198.47,199.48,4388,0
2026-08-28T13:15:00+05:30,199.42,199.42,198.91,199.18,1314,0
2026-08-28T13:30:00+05:30,199.0,199.85,199.0,199.36,3878,0
2026-08-28T13:45:00+05:30,199.36,200.99,199.24,199.65,6912,0
2026-08-28T14:00:00+05:30,199.65,201.43,199.65,200.92,18189,0
2026-08-28T14:15:00+05:30,200.94,202.64,200.92,201.97,14250,0
2026-08-28T14:30:00+05:30,201.97,202.69,201.43,202.12,13025,0
2026-08-28T14:45:00+05:30,202.18,202.9,201.87,202.06,10288,0
2026-08-28T15:00:00+05:30,202.2,202.82,201.87,202.12,15674,0
2026-08-28T15:15:00+05:30,202.12,202.7,201.91,202.0,15638,0
2026-08-31T09:15:00+05:30,203.0,204.18,200.09,201.0,7777,0
2026-08-31T09:30:00+05:30,201.45,202.03,197.56,197.56,38625,0
2026-08-31T09:45:00+05:30,198.24,199.44,197.4,198.01,5409,0
2026-08-31T10:00:00+05:30,198.19,200.72,197.72,200.55,2714,0
2026-08-31T10:15:00+05:30,200.26,200.7,199.0,200.19,5611,0
2026-08-31T10:30:00+05:30,200.2,200.24,199.34,200.0,4455,0
2026-08-31T10:45:00+05:30,199.9,200.69,199.9,200.63,2637,0
2026-08-31T11:00:00+05:30,200.63,200.63,199.71,200.0,597,0
2026-08-31T11:15:00+05:30,200.0,200.63,199.99,200.47,1575,0
2026-08-31T11:30:00+05:30,200.47,200.63,199.51,200.63,11085,0
2026-08-31T11:45:00+05:30,200.73,201.38,200.3,200.3,3990,0
2026-08-31T12:00:00+05:30,200.3,200.46,199.24,200.14,3360,0
2026-08-31T12:15:00+05:30,200.43,200.52,199.94,200.31,1451,0
2026-08-31T12:30:00+05:30,200.28,200.69,200.28,200.69,942,0
2026-08-31T12:45:00+05:30,200.67,201.39,200.67,200.69,1909,0
2026-08-31T13:00:00+05:30,200.69,201.22,199.79,200.27,3590,0
2026-08-31T13:15:00+05:30,200.39,200.79,200.0,200.74,1266,0
2026-08-31T13:30:00+05:30,200.67,200.74,200.0,200.05,859,0
2026-08-31T13:45:00+05:30,200.25,200.5,200.0,200.0,844,0
2026-08-31T14:00:00+05:30,200.0,200.36,199.83,199.95,3192,0
2026-08-31T14:15:00+05:30,200.01,200.01,198.0,198.68,14998,0
2026-08-31T14:30:00+05:30,198.68,199.12,198.31,198.58,767,0
2026-08-31T14:45:00+05:30,198.58,199.57,198.04,199.27,5855,0
2026-08-31T15:00:00+05:30,199.26,204.3,198.88,203.01,43639,0
2026-08-31T15:15:00+05:30,203.02,207.43,202.55,204.74,1095237,0
2026-09-01T09:15:00+05:30,208.0,208.0,202.4,203.0,10444,0
2026-09-01T09:30:00+05:30,203.12,205.51,203.0,203.6,97086,0
2026-09-01T09:45:00+05:30,203.78,205.7,203.4,203.92,17836,0
2026-09-01T10:00:00+05:30,203.88,203.88,201.61,202.69,29116,0
2026-09-01T10:15:00+05:30,202.69,202.74,202.04,202.2,2742,0
2026-09-01T10:30:00+05:30,202.2,202.9,201.77,202.4,4603,0
2026-09-01T10:45:00+05:30,202.61,202.94,202.14,202.84,2406,0
2026-09-01T11:00:00+05:30,202.53,202.84,202.11,202.2,8147,0
2026-09-01T11:15:00+05:30,202.23,203.3,202.0,202.76,12158,0
2026-09-01T11:30:00+05:30,202.75,204.05,202.67,203.78,9180,0
2026-09-01T11:45:00+05:30,203.7,205.95,202.91,205.6,15774,0
2026-09-01T12:00:00+05:30,205.22,206.19,205.0,205.72,9042,0
2026-09-01T12:15:00+05:30,205.42,206.0,202.63,205.34,159042,0
2026-09-01T12:30:00+05:30,205.34,205.89,205.34,205.7,7612,0
2026-09-01T12:45:00+05:30,205.7,205.77,203.06,203.4,21134,0
2026-09-01T13:00:00+05:30,203.4,203.79,202.86,202.99,9354,0
2026-09-01T13:15:00+05:30,203.04,203.13,202.8,203.12,1771,0
2026-09-01T13:30:00+05:30,203.08,204.07,202.01,203.55,24556,0
2026-09-01T13:45:00+05:30,203.55,203.69,202.48,203.0,3497,0
2026-09-01T14:00:00+05:30,203.0,203.18,202.0,202.69,6057,0
2026-09-01T14:15:00+05:30,202.69,202.69,201.66,202.68,3234,0
2026-09-01T14:30:00+05:30,202.68,202.68,201.96,202.0,977,0
2026-09-01T14:45:00+05:30,202.0,202.31,201.77,202.07,4364,0
2026-09-01T15:00:00+05:30,202.0,202.32,201.25,201.25,7574,0
2026-09-01T15:15:00+05:30,201.1,202.05,200.78,202.0,18823,0
2026-09-02T09:15:00+05:30,200.0,200.3,198.2,199.01,5355,0
2026-09-02T09:30:00+05:30,199.0,199.96,198.0,199.11,16429,0
2026-09-02T09:45:00+05:30,199.11,200.0,198.31,200.0,19309,0
2026-09-02T10:00:00+05:30,200.3,200.92,199.0,199.65,31229,0
2026-09-02T10:15:00+05:30,199.63,200.0,199.47,200.0,12177,0
2026-09-02T10:30:00+05:30,200.37,200.48,199.37,199.76,6020,0
2026-09-02T10:45:00+05:30,199.76,199.76,198.44,199.02,2303,0
2026-09-02T11:00:00+05:30,199.02,199.02,198.2,198.2,11170,0
2026-09-02T11:15:00+05:30,198.2,199.24,197.6,198.7,18469,0
2026-09-02T11:30:00+05:30,198.71,199.49,198.08,198.39,4200,0
2026-09-02T11:45:00+05:30,198.39,198.57,198.1,198.5,691,0
2026-09-02T12:00:00+05:30,198.5,198.99,198.21,198.94,758,0
2026-09-02T12:15:00+05:30,198.93,199.35,198.51,199.0,2492,0
2026-09-02T12:30:00+05:30,199.0,200.0,199.0,199.18,4355,0
2026-09-02T12:45:00+05:30,199.18,199.68,199.18,199.55,651,0
2026-09-02T13:00:00+05:30,199.55,199.55,198.5,199.18,2815,0
2026-09-02T13:15:00+05:30,199.16,199.42,198.6,199.37,5211,0
2026-09-02T13:30:00+05:30,199.37,199.39,198.26,199.31,6730,0
2026-09-02T13:45:00+05:30,199.31,199.31,198.11,198.95,3822,0
2026-09-02T14:00:00+05:30,198.72,199.31,198.0,199.31,7990,0
2026-09-02T14:15:00+05:30,199.3,199.9,198.98,199.29,9138,0
2026-09-02T14:30:00+05:30,199.3,199.35,198.0,198.45,4190,0
2026-09-02T14:45:00+05:30,198.41,199.08,198.41,199.0,6357,0
2026-09-02T15:00:00+05:30,198.87,199.35,198.68,198.92,6218,0
2026-09-02T15:15:00+05:30,199.02,199.51,198.25,198.97,15766,0
