timestamp,open,high,low,close,volume,oi
2026-02-26T09:15:00+05:30,755.0,755.0,743.05,744.3,320,0
2026-02-26T09:30:00+05:30,744.3,752.1,744.3,752.1,488,0
2026-02-26T09:45:00+05:30,752.0,755.5,752.0,752.6,338,0
2026-02-26T10:00:00+05:30,752.6,763.55,752.6,759.75,1135,0
2026-02-26T10:15:00+05:30,761.1,761.1,757.4,757.65,137,0
2026-02-26T10:30:00+05:30,757.65,759.95,757.65,759.75,200,0
2026-02-26T10:45:00+05:30,759.75,759.75,756.8,756.8,148,0
2026-02-26T11:00:00+05:30,756.8,756.8,756.8,756.8,0,0
2026-02-26T11:15:00+05:30,756.8,758.9,752.4,757.0,647,0
2026-02-26T11:30:00+05:30,757.0,761.8,756.55,757.05,1190,0
2026-02-26T11:45:00+05:30,757.05,757.15,753.0,757.0,904,0
2026-02-26T12:00:00+05:30,757.0,759.1,756.0,756.0,82,0
2026-02-26T12:15:00+05:30,757.0,757.5,757.0,757.5,2227,0
2026-02-26T12:30:00+05:30,757.0,759.3,757.0,759.3,184,0
2026-02-26T12:45:00+05:30,759.3,759.3,757.0,758.7,34,0
2026-02-26T13:00:00+05:30,758.7,758.7,757.0,757.0,1,0
2026-02-26T13:15:00+05:30,757.7,757.7,756.5,757.0,1107,0
2026-02-26T13:30:00+05:30,757.0,757.5,757.0,757.0,591,0
2026-02-26T13:45:00+05:30,757.0,757.0,757.0,757.0,30,0
2026-02-26T14:00:00+05:30,757.0,758.5,757.0,758.5,35,0
2026-02-26T14:15:00+05:30,758.5,759.25,758.0,759.25,570,0
2026-02-26T14:30:00+05:30,759.25,763.0,757.6,763.0,502,0
2026-02-26T14:45:00+05:30,760.2,777.95,760.2,768.25,2613,0
2026-02-26T15:00:00+05:30,768.25,770.0,763.95,769.35,404,0
2026-02-26T15:15:00+05:30,769.05,775.0,765.0,770.0,585,0
2026-02-27T09:15:00+05:30,770.0,770.0,760.65,763.55,78,0
2026-02-27T09:30:00+05:30,763.55,763.55,763.4,763.4,21,0
2026-02-27T09:45:00+05:30,763.4,764.9,757.25,757.25,364,0
2026-02-27T10:00:00+05:30,757.25,760.15,757.0,757.0,399,0
2026-02-27T10:15:00+05:30,757.55,757.55,752.0,755.05,375,0
2026-02-27T10:30:00+05:30,755.05,756.8,755.0,756.8,62,0
2026-02-27T10:45:00+05:30,756.8,756.8,753.45,754.55,474,0
2026-02-27T11:00:00+05:30,754.55,754.55,753.4,753.85,33,0
2026-02-27T11:15:00+05:30,753.85,754.35,753.1,753.1,67,0
2026-02-27T11:30:00+05:30,753.1,753.1,748.35,748.35,169,0
2026-02-27T11:45:00+05:30,748.2,755.95,748.0,755.95,282,0
2026-02-27T12:00:00+05:30,755.95,758.7,755.3,756.0,178,0
2026-02-27T12:15:00+05:30,756.0,756.0,753.65,753.65,68,0
2026-02-27T12:30:00+05:30,753.65,753.65,751.1,751.1,59,0
2026-02-27T12:45:00+05:30,751.3,753.0,750.45,752.4,167,0
2026-02-27T13:00:00+05:30,752.4,753.0,752.4,753.0,2,0
2026-02-27T13:15:00+05:30,753.0,753.0,750.0,750.0,413,0
2026-02-27T13:30:00+05:30,750.0,753.1,750.0,750.05,11,0
2026-02-27T13:45:00+05:30,750.05,754.0,750.05,753.7,240,0
2026-02-27T14:00:00+05:30,753.7,753.7,753.7,753.7,10,0
2026-02-27T14:15:00+05:30,753.7,754.0,753.7,754.0,10,0
2026-02-27T14:30:00+05:30,754.0,754.85,750.0,754.85,316,0
2026-02-27T14:45:00+05:30,754.85,754.85,750.05,750.3,70,0
2026-02-27T15:00:00+05:30,753.95,754.15,750.1,754.15,110,0
2026-02-27T15:15:00+05:30,750.8,751.9,746.25,746.6,667,0
2026-03-02T09:15:00+05:30,671.2,736.9,671.2,736.5,3090,0
2026-03-02T09:30:00+05:30,735.0,735.0,723.05,728.1,1616,0
2026-03-02T09:45:00+05:30,730.0,734.2,725.1,734.0,797,0
2026-03-02T10:00:00+05:30,733.75,738.1,727.05,729.3,1736,0
2026-03-02T10:15:00+05:30,726.85,730.65,725.25,725.25,674,0
2026-03-02T10:30:00+05:30,725.75,730.85,724.0,727.05,3060,0
2026-03-02T10:45:00+05:30,726.85,727.3,723.0,727.15,476,0
2026-03-02T11:00:00+05:30,725.4,725.75,722.55,725.15,366,0
2026-03-02T11:15:00+05:30,725.15,725.15,720.1,721.25,409,0
2026-03-02T11:30:00+05:30,722.0,724.05,720.1,720.1,204,0
2026-03-02T11:45:00+05:30,720.2,722.85,720.0,720.95,363,0
2026-03-02T12:00:00+05:30,720.95,721.1,720.95,721.1,6,0
2026-03-02T12:15:00+05:30,721.1,724.4,719.5,721.85,6967,0
2026-03-02T12:30:00+05:30,721.85,726.2,721.85,723.3,368,0
2026-03-02T12:45:00+05:30,723.3,723.55,720.75,723.2,278,0
2026-03-02T13:00:00+05:30,723.2,724.95,723.2,724.95,50,0
2026-03-02T13:15:00+05:30,724.95,724.95,723.2,723.2,156,0
2026-03-02T13:30:00+05:30,723.2,723.25,720.7,720.7,93,0
2026-03-02T13:45:00+05:30,722.95,724.3,722.7,724.0,76,0
2026-03-02T14:00:00+05:30,724.0,726.4,722.8,726.4,22,0
2026-03-02T14:15:00+05:30,726.4,726.45,723.4,725.05,66,0
2026-03-02T14:30:00+05:30,725.05,726.95,722.65,726.95,193,0
2026-03-02T14:45:00+05:30,726.95,726.95,724.4,725.0,237,0
2026-03-02T15:00:00+05:30,725.0,726.6,725.0,726.2,109,0
2026-03-02T15:15:00+05:30,725.25,729.95,719.7,729.95,920,0
2026-03-04T09:15:00+05:30,713.95,716.9,707.15,712.55,1600,0
2026-03-04T09:30:00+05:30,712.55,714.6,712.1,713.8,252,0
2026-03-04T09:45:00+05:30,713.95,716.85,712.1,712.15,308,0
2026-03-04T10:00:00+05:30,712.15,716.85,711.05,715.4,168,0
2026-03-04T10:15:00+05:30,715.4,716.0,712.1,716.0,135,0
2026-03-04T10:30:00+05:30,716.0,716.0,710.15,712.35,890,0
2026-03-04T10:45:00+05:30,712.35,715.2,710.85,715.2,224,0
2026-03-04T11:00:00+05:30,715.2,718.2,715.0,718.2,164,0
2026-03-04T11:15:00+05:30,718.2,720.15,717.35,717.4,1492,0
2026-03-04T11:30:00+05:30,717.4,717.4,712.8,712.8,157,0
2026-03-04T11:45:00+05:30,712.8,712.8,707.4,707.4,709,0
2026-03-04T12:00:00+05:30,707.4,712.85,707.1,711.35,704,0
2026-03-04T12:15:00+05:30,711.3,713.9,710.05,712.4,415,0
2026-03-04T12:30:00+05:30,712.4,715.0,711.05,712.45,92,0
2026-03-04T12:45:00+05:30,712.45,712.95,710.05,710.9,152,0
2026-03-04T13:00:00+05:30,710.9,711.55,710.9,710.9,55,0
2026-03-04T13:15:00+05:30,710.9,715.9,710.9,714.75,83,0
2026-03-04T13:30:00+05:30,714.7,714.75,712.6,712.6,57,0
2026-03-04T13:45:00+05:30,712.6,712.6,708.2,708.2,1256,0
2026-03-04T14:00:00+05:30,708.2,713.0,708.2,711.2,111,0
2026-03-04T14:15:00+05:30,711.2,718.85,710.25,717.0,1710,0
2026-03-04T14:30:00+05:30,717.0,717.9,715.05,715.8,36,0
2026-03-04T14:45:00+05:30,715.8,716.9,715.8,716.9,4,0
2026-03-04T15:00:00+05:30,716.9,716.9,714.35,716.05,1676,0
2026-03-04T15:15:00+05:30,716.0,718.0,710.05,718.0,1093,0
2026-03-05T09:15:00+05:30,711.4,738.25,711.4,718.5,408,0
2026-03-05T09:30:00+05:30,718.5,722.4,713.05,722.4,2075,0
2026-03-05T09:45:00+05:30,722.4,723.1,715.0,717.05,437,0
2026-03-05T10:00:00+05:30,717.05,721.85,717.05,720.95,628,0
2026-03-05T10:15:00+05:30,720.95,721.85,715.5,715.5,119,0
2026-03-05T10:30:00+05:30,715.15,721.6,714.95,716.5,974,0
2026-03-05T10:45:00+05:30,716.5,717.65,715.8,715.8,165,0
2026-03-05T11:00:00+05:30,715.7,718.25,714.8,715.5,184,0
2026-03-05T11:15:00+05:30,715.5,718.8,715.5,718.7,3624,0
2026-03-05T11:30:00+05:30,718.7,718.7,717.5,717.5,1,0
2026-03-05T11:45:00+05:30,717.5,718.6,714.8,714.8,383,0
2026-03-05T12:00:00+05:30,714.8,715.2,712.0,712.0,375,0
2026-03-05T12:15:00+05:30,713.5,719.95,712.0,719.95,1206,0
2026-03-05T12:30:00+05:30,719.95,719.95,717.65,719.95,248,0
2026-03-05T12:45:00+05:30,721.0,721.45,718.7,718.7,169,0
2026-03-05T13:00:00+05:30,718.7,719.55,718.55,719.55,206,0
2026-03-05T13:15:00+05:30,719.55,719.55,714.85,714.85,145,0
2026-03-05T13:30:00+05:30,714.85,714.85,712.05,712.05,497,0
2026-03-05T13:45:00+05:30,712.05,714.9,712.05,712.05,240,0
2026-03-05T14:00:00+05:30,712.05,717.85,712.05,714.4,1284,0
2026-03-05T14:15:00+05:30,714.4,714.4,712.05,713.9,468,0
2026-03-05T14:30:00+05:30,713.9,716.15,712.1,716.15,895,0
2026-03-05T14:45:00+05:30,716.35,718.75,714.05,716.1,947,0
2026-03-05T15:00:00+05:30,716.1,719.9,716.1,719.9,402,0
2026-03-05T15:15:00+05:30,719.8,719.9,707.7,715.0,1286,0
2026-03-06T09:15:00+05:30,701.0,729.85,701.0,716.55,690,0
2026-03-06T09:30:00+05:30,717.55,719.95,716.45,716.45,222,0
2026-03-06T09:45:00+05:30,716.45,716.5,716.45,716.5,275,0
2026-03-06T10:00:00+05:30,716.5,716.5,713.5,713.5,156,0
2026-03-06T10:15:00+05:30,715.9,718.2,715.9,718.2,157,0
2026-03-06T10:30:00+05:30,718.2,718.2,716.6,716.95,337,0
2026-03-06T10:45:00+05:30,716.95,716.95,710.85,713.3,637,0
2026-03-06T11:00:00+05:30,713.3,717.15,713.3,714.7,48,0
2026-03-06T11:15:00+05:30,714.7,714.7,713.6,713.6,56,0
2026-03-06T11:30:00+05:30,713.6,715.65,713.6,715.45,293,0
2026-03-06T11:45:00+05:30,715.45,715.45,714.75,714.75,5,0
2026-03-06T12:00:00+05:30,714.75,715.0,714.75,715.0,12,0
2026-03-06T12:15:00+05:30,715.0,717.15,714.05,716.0,92,0
2026-03-06T12:30:00+05:30,715.6,716.0,715.0,715.0,773,0
2026-03-06T12:45:00+05:30,715.0,716.45,715.0,715.8,53,0
2026-03-06T13:00:00+05:30,715.8,718.0,715.8,717.95,54,0
2026-03-06T13:15:00+05:30,717.95,717.95,717.0,717.0,233,0
2026-03-06T13:30:00+05:30,717.0,718.5,717.0,718.3,673,0
2026-03-06T13:45:00+05:30,718.3,718.3,717.0,717.0,1,0
2026-03-06T14:00:00+05:30,717.0,717.0,715.9,715.95,15,0
2026-03-06T14:15:00+05:30,715.95,715.95,713.1,713.1,100,0
2026-03-06T14:30:00+05:30,713.1,716.8,712.1,716.8,114,0
2026-03-06T14:45:00+05:30,716.8,716.8,713.9,716.55,121,0
2026-03-06T15:00:00+05:30,716.55,716.55,709.1,711.8,348,0
2026-03-06T15:15:00+05:30,711.8,715.0,705.0,715.0,422,0
2026-03-09T09:15:00+05:30,700.6,702.6,680.2,691.6,1450,0
2026-03-09T09:30:00+05:30,700.0,702.2,697.05,700.0,776,0
2026-03-09T09:45:00+05:30,700.0,701.8,699.0,699.0,479,0
2026-03-09T10:00:00+05:30,699.0,709.05,699.0,705.25,1323,0
2026-03-09T10:15:00+05:30,705.25,707.85,705.0,707.0,225,0
2026-03-09T10:30:00+05:30,707.5,707.5,703.4,705.9,689,0
2026-03-09T10:45:00+05:30,705.35,717.8,705.0,717.2,1878,0
2026-03-09T11:00:00+05:30,717.2,717.2,711.6,711.6,70,0
2026-03-09T11:15:00+05:30,711.6,716.95,711.6,715.5,1766,0
2026-03-09T11:30:00+05:30,715.5,717.8,713.6,716.1,370,0
2026-03-09T11:45:00+05:30,716.1,716.1,710.0,710.25,573,0
2026-03-09T12:00:00+05:30,711.25,713.55,710.8,710.8,32,0
2026-03-09T12:15:00+05:30,712.5,712.95,710.95,712.95,27,0
2026-03-09T12:30:00+05:30,712.7,713.9,710.95,712.05,91,0
2026-03-09T12:45:00+05:30,712.45,713.8,711.25,711.4,41,0
2026-03-09T13:00:00+05:30,711.4,713.55,711.4,711.95,31,0
2026-03-09T13:15:00+05:30,711.95,713.5,710.9,713.45,554,0
2026-03-09T13:30:00+05:30,713.45,714.5,710.8,713.9,107,0
2026-03-09T13:45:00+05:30,713.9,715.35,711.3,713.9,67,0
2026-03-09T14:00:00+05:30,713.1,714.9,713.0,713.15,92,0
2026-03-09T14:15:00+05:30,713.15,715.0,713.1,714.05,593,0
2026-03-09T14:30:00+05:30,714.05,721.65,707.45,711.95,2775,0
2026-03-09T14:45:00+05:30,711.0,715.0,710.65,713.0,1002,0
2026-03-09T15:00:00+05:30,713.0,713.5,709.05,711.7,1211,0
2026-03-09T15:15:00+05:30,711.1,729.9,711.1,729.9,1092,0
2026-03-10T09:15:00+05:30,725.8,725.8,720.05,720.05,278,0
2026-03-10T09:30:00+05:30,720.05,720.05,715.55,719.35,432,0
2026-03-10T09:45:00+05:30,719.35,723.0,717.3,722.1,703,0
2026-03-10T10:00:00+05:30,722.1,725.55,721.5,725.55,462,0
2026-03-10T10:15:00+05:30,725.55,729.65,725.55,728.15,298,0
2026-03-10T10:30:00+05:30,728.15,731.05,728.15,729.55,173,0
2026-03-10T10:45:00+05:30,729.55,729.65,720.0,723.0,1827,0
2026-03-10T11:00:00+05:30,723.0,727.6,722.95,724.6,626,0
2026-03-10T11:15:00+05:30,724.6,735.0,724.6,734.85,1538,0
2026-03-10T11:30:00+05:30,734.5,736.45,730.7,734.95,644,0
2026-03-10T11:45:00+05:30,734.95,734.95,730.1,732.05,890,0
2026-03-10T12:00:00+05:30,732.05,733.15,732.05,732.5,264,0
2026-03-10T12:15:00+05:30,732.5,732.5,730.0,731.5,217,0
2026-03-10T12:30:00+05:30,731.5,732.6,730.45,730.45,45,0
2026-03-10T12:45:00+05:30,730.45,731.5,730.4,731.5,57,0
2026-03-10T13:00:00+05:30,731.5,733.1,730.05,733.1,28,0
2026-03-10T13:15:00+05:30,733.1,733.1,732.0,732.0,60,0
2026-03-10T13:30:00+05:30,732.0,733.0,732.0,733.0,99,0
2026-03-10T13:45:00+05:30,733.0,734.6,733.0,734.6,50,0
2026-03-10T14:00:00+05:30,734.6,736.0,733.95,736.0,168,0
2026-03-10T14:15:00+05:30,736.0,736.2,735.9,735.9,11,0
2026-03-10T14:30:00+05:30,735.9,735.9,733.0,733.0,247,0
2026-03-10T14:45:00+05:30,734.5,734.9,733.0,734.9,432,0
2026-03-10T15:00:00+05:30,734.9,736.45,733.0,733.0,307,0
2026-03-10T15:15:00+05:30,735.15,740.0,733.0,740.0,1408,0
2026-03-11T09:15:00+05:30,740.0,745.2,734.75,745.2,515,0
2026-03-11T09:30:00+05:30,744.0,744.5,738.75,741.4,349,0
2026-03-11T09:45:00+05:30,741.4,744.15,741.4,743.05,129,0
2026-03-11T10:00:00+05:30,744.2,744.7,738.0,738.0,797,0
2026-03-11T10:15:00+05:30,738.0,742.5,738.0,742.5,104,0
2026-03-11T10:30:00+05:30,742.5,742.6,741.95,741.95,52,0
2026-03-11T10:45:00+05:30,741.95,741.95,739.8,740.85,71,0
2026-03-11T11:00:00+05:30,740.85,742.1,740.35,742.05,17,0
2026-03-11T11:15:00+05:30,742.05,742.05,738.0,738.0,96,0
2026-03-11T11:30:00+05:30,738.0,740.0,738.0,738.45,54,0
2026-03-11T11:45:00+05:30,738.45,739.7,738.45,738.6,4,0
2026-03-11T12:00:00+05:30,738.6,739.15,738.6,738.6,28,0
2026-03-11T12:15:00+05:30,738.6,739.0,738.6,739.0,38,0
2026-03-11T12:30:00+05:30,739.0,744.9,739.0,744.9,482,0
2026-03-11T12:45:00+05:30,742.2,742.2,741.45,742.2,19,0
2026-03-11T13:00:00+05:30,742.2,742.2,739.25,739.25,100,0
2026-03-11T13:15:00+05:30,740.05,740.85,740.05,740.55,25,0
2026-03-11T13:30:00+05:30,740.55,741.7,740.55,741.6,10,0
2026-03-11T13:45:00+05:30,741.6,741.9,740.4,741.75,29,0
2026-03-11T14:00:00+05:30,741.75,741.75,741.75,741.75,0,0
2026-03-11T14:15:00+05:30,741.75,741.95,739.4,741.95,212,0
2026-03-11T14:30:00+05:30,739.6,742.4,739.4,742.05,78,0
2026-03-11T14:45:00+05:30,742.05,742.05,738.0,738.0,156,0
2026-03-11T15:00:00+05:30,738.3,738.3,730.0,732.05,1548,0
2026-03-11T15:15:00+05:30,732.05,741.1,730.0,740.0,2385,0
2026-03-12T09:15:00+05:30,721.0,729.3,721.0,729.3,145,0
2026-03-12T09:30:00+05:30,729.8,730.4,725.15,729.25,202,0
2026-03-12T09:45:00+05:30,729.25,733.45,729.25,732.05,125,0
2026-03-12T10:00:00+05:30,732.2,739.15,730.0,737.0,3813,0
2026-03-12T10:15:00+05:30,737.0,737.0,733.4,733.4,125,0
2026-03-12T10:30:00+05:30,733.4,735.3,733.0,733.0,184,0
2026-03-12T10:45:00+05:30,733.0,734.8,731.1,731.1,145,0
2026-03-12T11:00:00+05:30,733.65,735.1,731.6,733.75,142,0
2026-03-12T11:15:00+05:30,733.75,733.75,730.0,732.0,49,0
2026-03-12T11:30:00+05:30,732.0,732.0,732.0,732.0,0,0
2026-03-12T11:45:00+05:30,732.0,732.0,730.7,731.85,25,0
2026-03-12T12:00:00+05:30,731.85,734.8,731.25,734.8,157,0
2026-03-12T12:15:00+05:30,734.8,736.95,734.3,735.85,103,0
2026-03-12T12:30:00+05:30,735.85,735.85,734.25,734.25,12,0
2026-03-12T12:45:00+05:30,734.25,734.25,733.35,734.25,31,0
2026-03-12T13:00:00+05:30,734.25,734.25,734.25,734.25,0,0
2026-03-12T13:15:00+05:30,734.25,734.25,733.05,733.05,39,0
2026-03-12T13:30:00+05:30,733.05,738.75,733.05,737.9,272,0
2026-03-12T13:45:00+05:30,737.9,737.9,734.8,734.8,34,0
2026-03-12T14:00:00+05:30,734.5,734.8,733.45,734.8,63,0
2026-03-12T14:15:00+05:30,734.8,734.8,734.8,734.8,0,0
2026-03-12T14:30:00+05:30,734.8,734.8,732.55,732.6,46,0
2026-03-12T14:45:00+05:30,732.6,734.95,732.6,734.8,1307,0
2026-03-12T15:00:00+05:30,734.8,744.9,734.8,740.1,1194,0
2026-03-12T15:15:00+05:30,740.1,758.0,736.0,746.0,4663,0
2026-03-13T09:15:00+05:30,743.55,744.5,739.2,741.5,291,0
2026-03-13T09:30:00+05:30,744.2,744.2,741.85,742.0,50,0
2026-03-13T09:45:00+05:30,740.65,740.65,735.0,736.6,408,0
2026-03-13T10:00:00+05:30,736.6,736.6,735.0,735.75,232,0
2026-03-13T10:15:00+05:30,735.75,737.0,735.75,735.75,106,0
2026-03-13T10:30:00+05:30,735.75,736.55,735.5,735.85,7,0
2026-03-13T10:45:00+05:30,735.85,735.85,735.0,735.0,14,0
2026-03-13T11:00:00+05:30,735.0,735.0,735.0,735.0,0,0
2026-03-13T11:15:00+05:30,735.0,735.0,733.0,733.0,79,0
2026-03-13T11:30:00+05:30,730.85,732.95,730.05,732.95,83,0
2026-03-13T11:45:00+05:30,733.0,733.0,730.0,731.5,752,0
2026-03-13T12:00:00+05:30,731.5,740.0,731.05,740.0,620,0
2026-03-13T12:15:00+05:30,740.0,740.0,737.55,737.55,48,0
2026-03-13T12:30:00+05:30,737.55,738.95,736.1,736.5,157,0
2026-03-13T12:45:00+05:30,738.85,738.9,736.0,738.65,232,0
2026-03-13T13:00:00+05:30,738.65,738.95,737.05,738.95,27,0
2026-03-13T13:15:00+05:30,738.95,742.25,738.6,742.25,1131,0
2026-03-13T13:30:00+05:30,742.25,743.35,740.15,742.5,421,0
2026-03-13T13:45:00+05:30,742.5,758.0,740.05,751.1,2983,0
2026-03-13T14:00:00+05:30,751.1,752.15,750.0,752.0,616,0
2026-03-13T14:15:00+05:30,752.0,752.0,750.85,751.95,11,0
2026-03-13T14:30:00+05:30,751.95,752.0,750.0,750.05,289,0
2026-03-13T14:45:00+05:30,750.05,751.1,750.0,750.2,453,0
2026-03-13T15:00:00+05:30,750.2,751.3,750.0,750.0,359,0
2026-03-13T15:15:00+05:30,750.0,752.0,750.0,752.0,1247,0
2026-03-16T09:15:00+05:30,752.1,752.1,740.0,744.6,498,0
2026-03-16T09:30:00+05:30,744.6,748.2,744.6,748.2,86,0
2026-03-16T09:45:00+05:30,748.2,748.6,748.2,748.2,48,0
2026-03-16T10:00:00+05:30,748.3,749.35,742.25,742.25,584,0
2026-03-16T10:15:00+05:30,742.25,748.95,740.95,746.1,619,0
2026-03-16T10:30:00+05:30,747.75,748.0,745.0,745.0,370,0
2026-03-16T10:45:00+05:30,745.0,745.2,745.0,745.0,78,0
2026-03-16T11:00:00+05:30,745.0,748.05,745.0,746.4,71,0
2026-03-16T11:15:00+05:30,746.4,748.8,745.0,745.0,178,0
2026-03-16T11:30:00+05:30,745.0,747.35,745.0,745.05,170,0
2026-03-16T11:45:00+05:30,745.05,747.95,745.0,747.6,115,0
2026-03-16T12:00:00+05:30,745.85,748.75,745.8,746.65,53,0
2026-03-16T12:15:00+05:30,746.6,746.65,745.0,746.65,318,0
2026-03-16T12:30:00+05:30,746.65,747.6,745.0,745.0,545,0
2026-03-16T12:45:00+05:30,745.0,745.0,745.0,745.0,768,0
2026-03-16T13:00:00+05:30,745.0,746.4,745.0,745.0,13,0
2026-03-16T13:15:00+05:30,745.0,745.0,745.0,745.0,250,0
2026-03-16T13:30:00+05:30,745.0,747.0,745.0,745.5,36,0
2026-03-16T13:45:00+05:30,745.5,747.0,745.0,747.0,758,0
2026-03-16T14:00:00+05:30,747.0,747.0,745.0,745.25,745,0
2026-03-16T14:15:00+05:30,745.25,747.95,745.1,745.25,90,0
2026-03-16T14:30:00+05:30,745.25,745.25,745.0,745.0,23,0
2026-03-16T14:45:00+05:30,745.0,745.8,745.0,745.55,124,0
2026-03-16T15:00:00+05:30,745.0,746.4,742.2,742.2,134,0
2026-03-16T15:15:00+05:30,742.2,746.4,742.2,743.0,352,0
2026-03-17T09:15:00+05:30,769.8,769.8,745.45,752.0,1076,0
2026-03-17T09:30:00+05:30,752.0,757.6,751.35,757.5,386,0
2026-03-17T09:45:00+05:30,757.15,757.4,743.1,745.0,895,0
2026-03-17T10:00:00+05:30,745.0,751.7,745.0,748.55,237,0
2026-03-17T10:15:00+05:30,748.55,750.7,747.95,750.7,56,0
2026-03-17T10:30:00+05:30,748.15,748.15,740.0,745.0,2608,0
2026-03-17T10:45:00+05:30,745.0,749.25,745.0,749.25,68,0
2026-03-17T11:00:00+05:30,749.25,749.25,747.65,747.65,23,0
2026-03-17T11:15:00+05:30,747.65,747.65,745.85,746.0,30,0
2026-03-17T11:30:00+05:30,746.0,746.0,746.0,746.0,0,0
2026-03-17T11:45:00+05:30,746.0,747.7,745.8,746.25,36,0
2026-03-17T12:00:00+05:30,746.25,747.75,743.1,743.1,218,0
2026-03-17T12:15:00+05:30,743.1,745.8,743.1,745.8,20,0
2026-03-17T12:30:00+05:30,745.8,745.8,745.8,745.8,0,0
2026-03-17T12:45:00+05:30,745.8,747.95,744.5,744.5,243,0
2026-03-17T13:00:00+05:30,744.5,746.15,744.5,746.15,5,0
2026-03-17T13:15:00+05:30,746.15,769.8,746.15,765.0,3940,0
2026-03-17T13:30:00+05:30,768.3,768.45,765.6,768.0,237,0
2026-03-17T13:45:00+05:30,768.0,768.0,766.95,766.95,46,0
2026-03-17T14:00:00+05:30,766.95,766.95,764.65,764.65,222,0
2026-03-17T14:15:00+05:30,764.65,764.65,762.75,763.05,119,0
2026-03-17T14:30:00+05:30,763.05,765.95,759.9,765.95,374,0
2026-03-17T14:45:00+05:30,765.95,765.95,761.0,761.45,59,0
2026-03-17T15:00:00+05:30,761.45,761.45,754.6,755.0,239,0
2026-03-17T15:15:00+05:30,756.8,765.0,756.8,764.8,1207,0
2026-03-18T09:15:00+05:30,770.95,773.85,768.65,768.7,195,0
2026-03-18T09:30:00+05:30,768.7,769.4,768.0,768.1,81,0
2026-03-18T09:45:00+05:30,770.95,772.95,767.05,768.85,237,0
2026-03-18T10:00:00+05:30,768.85,772.95,764.4,764.4,456,0
2026-03-18T10:15:00+05:30,764.4,766.95,764.4,766.95,30,0
2026-03-18T10:30:00+05:30,766.95,766.95,765.3,765.3,55,0
2026-03-18T10:45:00+05:30,765.3,765.3,765.25,765.3,43,0
2026-03-18T11:00:00+05:30,765.3,768.15,765.3,768.15,50,0
2026-03-18T11:15:00+05:30,768.15,768.15,766.05,766.05,3,0
2026-03-18T11:30:00+05:30,766.05,768.0,766.05,767.85,19,0
2026-03-18T11:45:00+05:30,767.85,767.85,767.85,767.85,0,0
2026-03-18T12:00:00+05:30,767.85,768.0,767.0,767.0,95,0
2026-03-18T12:15:00+05:30,767.0,767.0,767.0,767.0,0,0
2026-03-18T12:30:00+05:30,767.0,767.0,759.0,765.7,1211,0
2026-03-18T12:45:00+05:30,765.7,767.1,765.45,765.45,135,0
2026-03-18T13:00:00+05:30,765.45,766.7,762.0,763.9,219,0
2026-03-18T13:15:00+05:30,763.9,763.9,763.65,763.65,12,0
2026-03-18T13:30:00+05:30,763.65,763.65,760.85,762.5,11,0
2026-03-18T13:45:00+05:30,762.5,771.9,762.5,768.75,866,0
2026-03-18T14:00:00+05:30,768.75,772.95,768.75,771.9,41,0
2026-03-18T14:15:00+05:30,771.9,773.0,771.9,773.0,70,0
2026-03-18T14:30:00+05:30,773.0,784.0,772.6,782.05,1472,0
2026-03-18T14:45:00+05:30,782.05,782.05,778.05,778.05,76,0
2026-03-18T15:00:00+05:30,778.05,778.05,775.85,775.85,12,0
2026-03-18T15:15:00+05:30,776.5,778.0,765.25,778.0,2767,0
2026-03-19T09:15:00+05:30,772.0,772.0,747.0,755.35,8760,0
2026-03-19T09:30:00+05:30,755.35,757.0,752.1,757.0,196,0
2026-03-19T09:45:00+05:30,757.0,758.0,756.0,756.0,121,0
2026-03-19T10:00:00+05:30,758.65,758.7,757.95,758.0,118,0
2026-03-19T10:15:00+05:30,758.0,767.9,756.0,764.1,1511,0
2026-03-19T10:30:00+05:30,765.0,765.0,760.05,763.6,60,0
2026-03-19T10:45:00+05:30,763.6,763.6,763.5,763.5,5,0
2026-03-19T11:00:00+05:30,763.5,765.0,760.0,763.0,349,0
2026-03-19T11:15:00+05:30,763.0,763.0,763.0,763.0,0,0
2026-03-19T11:30:00+05:30,763.0,763.0,762.0,762.0,139,0
2026-03-19T11:45:00+05:30,762.0,762.0,762.0,762.0,0,0
2026-03-19T12:00:00+05:30,761.5,762.0,760.0,760.0,234,0
2026-03-19T12:15:00+05:30,760.0,760.35,760.0,760.25,71,0
2026-03-19T12:30:00+05:30,760.7,762.95,760.5,762.95,121,0
2026-03-19T12:45:00+05:30,762.95,762.95,761.0,762.0,115,0
2026-03-19T13:00:00+05:30,762.0,762.0,762.0,762.0,0,0
2026-03-19T13:15:00+05:30,762.0,762.45,761.0,761.05,32,0
2026-03-19T13:30:00+05:30,761.0,768.35,758.2,768.35,1641,0
2026-03-19T13:45:00+05:30,768.35,777.95,766.45,769.65,1335,0
2026-03-19T14:00:00+05:30,769.65,770.0,766.65,766.65,35,0
2026-03-19T14:15:00+05:30,766.65,768.95,765.0,768.25,360,0
2026-03-19T14:30:00+05:30,768.25,769.0,761.75,765.0,3305,0
2026-03-19T14:45:00+05:30,764.45,767.85,752.05,757.95,1284,0
2026-03-19T15:00:00+05:30,758.7,760.1,753.8,753.8,144,0
2026-03-19T15:15:00+05:30,753.3,769.9,752.0,752.0,1320,0
2026-03-20T09:15:00+05:30,756.5,767.6,756.45,767.0,85,0
2026-03-20T09:30:00+05:30,764.05,764.05,763.25,763.25,60,0
2026-03-20T09:45:00+05:30,763.25,775.0,763.25,772.9,1326,0
2026-03-20T10:00:00+05:30,772.2,772.2,767.4,769.15,522,0
2026-03-20T10:15:00+05:30,769.15,769.15,766.35,766.35,21,0
2026-03-20T10:30:00+05:30,766.35,766.35,764.1,766.15,26,0
2026-03-20T10:45:00+05:30,766.15,766.15,765.05,766.15,38,0
2026-03-20T11:00:00+05:30,766.15,766.15,764.95,764.95,49,0
2026-03-20T11:15:00+05:30,764.45,766.45,764.1,764.7,40,0
2026-03-20T11:30:00+05:30,764.7,764.85,760.2,762.2,398,0
2026-03-20T11:45:00+05:30,762.2,762.2,761.45,761.45,59,0
2026-03-20T12:00:00+05:30,761.45,761.45,760.6,760.6,5,0
2026-03-20T12:15:00+05:30,760.6,766.7,760.5,760.75,564,0
2026-03-20T12:30:00+05:30,760.75,762.1,760.75,762.1,2,0
2026-03-20T12:45:00+05:30,762.1,763.7,756.5,759.9,649,0
2026-03-20T13:00:00+05:30,758.6,761.0,752.1,757.0,438,0
2026-03-20T13:15:00+05:30,757.0,757.3,757.0,757.3,1,0
2026-03-20T13:30:00+05:30,757.3,758.2,757.05,757.2,65,0
2026-03-20T13:45:00+05:30,757.2,757.2,757.2,757.2,0,0
2026-03-20T14:00:00+05:30,757.2,757.2,753.45,755.95,64,0
2026-03-20T14:15:00+05:30,755.95,756.0,755.95,756.0,47,0
2026-03-20T14:30:00+05:30,756.0,759.15,756.0,759.05,448,0
2026-03-20T14:45:00+05:30,759.05,759.05,759.05,759.05,0,0
2026-03-20T15:00:00+05:30,755.0,756.0,745.0,746.05,1017,0
2026-03-20T15:15:00+05:30,746.05,755.75,746.0,746.0,419,0
2026-03-23T09:15:00+05:30,745.0,745.0,725.05,731.85,1298,0
2026-03-23T09:30:00+05:30,732.0,732.0,726.05,729.0,529,0
2026-03-23T09:45:00+05:30,729.0,729.0,722.15,725.4,495,0
2026-03-23T10:00:00+05:30,725.35,728.15,723.95,725.45,672,0
2026-03-23T10:15:00+05:30,725.45,725.45,722.05,722.05,210,0
2026-03-23T10:30:00+05:30,723.45,726.8,722.5,724.55,402,0
2026-03-23T10:45:00+05:30,724.55,724.55,722.1,723.2,212,0
2026-03-23T11:00:00+05:30,723.2,724.0,722.1,724.0,200,0
2026-03-23T11:15:00+05:30,723.75,725.9,722.1,722.85,185,0
2026-03-23T11:30:00+05:30,722.85,743.0,722.25,740.35,3306,0
2026-03-23T11:45:00+05:30,740.0,744.8,740.0,741.7,598,0
2026-03-23T12:00:00+05:30,741.7,741.7,740.0,740.0,38,0
2026-03-23T12:15:00+05:30,740.0,741.1,740.0,740.0,746,0
2026-03-23T12:30:00+05:30,740.0,742.0,740.0,742.0,708,0
2026-03-23T12:45:00+05:30,742.0,743.95,739.5,740.85,2313,0
2026-03-23T13:00:00+05:30,740.85,740.85,736.7,740.0,737,0
2026-03-23T13:15:00+05:30,740.0,740.7,740.0,740.7,101,0
2026-03-23T13:30:00+05:30,740.15,745.0,740.15,745.0,891,0
2026-03-23T13:45:00+05:30,744.15,745.25,743.05,745.25,121,0
2026-03-23T14:00:00+05:30,745.25,747.0,743.1,743.1,252,0
2026-03-23T14:15:00+05:30,743.1,745.2,743.1,744.0,32,0
2026-03-23T14:30:00+05:30,744.0,746.0,744.0,744.0,274,0
2026-03-23T14:45:00+05:30,744.0,747.3,740.0,741.1,1499,0
2026-03-23T15:00:00+05:30,741.1,741.5,740.0,740.1,976,0
2026-03-23T15:15:00+05:30,741.25,749.0,740.0,749.0,2627,0
2026-03-24T09:15:00+05:30,741.0,756.0,741.0,756.0,189,0
2026-03-24T09:30:00+05:30,756.0,756.0,748.2,748.2,302,0
2026-03-24T09:45:00+05:30,748.2,748.2,748.2,748.2,0,0
2026-03-24T10:00:00+05:30,749.45,749.45,744.0,745.2,257,0
2026-03-24T10:15:00+05:30,745.2,745.2,744.0,745.0,3,0
2026-03-24T10:30:00+05:30,744.0,744.35,742.65,742.85,194,0
2026-03-24T10:45:00+05:30,742.85,746.95,741.8,743.25,254,0
2026-03-24T11:00:00+05:30,744.1,747.35,741.55,741.55,750,0
2026-03-24T11:15:00+05:30,741.55,746.9,741.55,746.9,88,0
2026-03-24T11:30:00+05:30,746.0,746.2,741.9,743.8,51,0
2026-03-24T11:45:00+05:30,743.8,745.75,743.8,744.9,8,0
2026-03-24T12:00:00+05:30,744.9,747.9,744.2,747.9,144,0
2026-03-24T12:15:00+05:30,747.9,747.9,745.8,746.0,348,0
2026-03-24T12:30:00+05:30,746.0,747.0,745.95,747.0,883,0
2026-03-24T12:45:00+05:30,747.0,748.95,746.0,746.0,146,0
2026-03-24T13:00:00+05:30,748.85,748.9,748.85,748.9,10,0
2026-03-24T13:15:00+05:30,748.9,749.9,748.8,749.9,348,0
2026-03-24T13:30:00+05:30,752.1,753.55,750.75,751.95,236,0
2026-03-24T13:45:00+05:30,753.6,756.55,752.05,756.55,1913,0
2026-03-24T14:00:00+05:30,756.55,756.55,755.0,755.1,26,0
2026-03-24T14:15:00+05:30,755.1,755.1,752.15,752.15,276,0
2026-03-24T14:30:00+05:30,752.15,752.15,751.15,751.15,10,0
2026-03-24T14:45:00+05:30,751.15,751.6,751.0,751.0,30,0
2026-03-24T15:00:00+05:30,750.95,750.95,749.0,749.0,380,0
2026-03-24T15:15:00+05:30,748.25,765.0,747.1,765.0,3100,0
2026-03-25T09:15:00+05:30,754.3,770.0,754.3,768.9,1476,0
2026-03-25T09:30:00+05:30,768.75,769.9,765.55,765.85,1107,0
2026-03-25T09:45:00+05:30,768.0,768.6,768.0,768.45,75,0
2026-03-25T10:00:00+05:30,768.45,774.0,768.0,772.0,854,0
2026-03-25T10:15:00+05:30,772.0,772.45,768.15,769.2,599,0
2026-03-25T10:30:00+05:30,768.0,770.0,768.0,770.0,1262,0
2026-03-25T10:45:00+05:30,770.0,771.0,769.25,769.25,419,0
2026-03-25T11:00:00+05:30,769.25,769.25,768.0,768.0,299,0
2026-03-25T11:15:00+05:30,768.0,769.75,766.0,766.35,228,0
2026-03-25T11:30:00+05:30,766.35,768.05,765.0,765.0,311,0
2026-03-25T11:45:00+05:30,765.0,765.0,762.65,762.65,348,0
2026-03-25T12:00:00+05:30,762.65,764.0,760.9,764.0,75,0
2026-03-25T12:15:00+05:30,764.0,764.0,760.8,761.7,226,0
2026-03-25T12:30:00+05:30,762.6,762.6,759.9,761.1,125,0
2026-03-25T12:45:00+05:30,761.1,761.2,749.1,752.55,1298,0
2026-03-25T13:00:00+05:30,752.55,753.45,752.4,752.55,75,0
2026-03-25T13:15:00+05:30,752.55,752.55,750.4,751.15,148,0
2026-03-25T13:30:00+05:30,751.15,751.15,749.4,750.35,506,0
2026-03-25T13:45:00+05:30,750.35,750.85,750.0,750.85,284,0
2026-03-25T14:00:00+05:30,750.85,754.0,750.1,752.05,455,0
2026-03-25T14:15:00+05:30,752.05,752.05,746.3,746.3,313,0
2026-03-25T14:30:00+05:30,747.7,748.0,744.15,746.05,468,0
2026-03-25T14:45:00+05:30,747.65,747.8,747.5,747.5,25,0
2026-03-25T15:00:00+05:30,746.0,749.75,740.0,746.35,3579,0
2026-03-25T15:15:00+05:30,746.4,765.0,741.7,755.0,7111,0
2026-03-27T09:15:00+05:30,737.0,752.3,737.0,752.3,1376,0
2026-03-27T09:30:00+05:30,750.05,752.85,750.0,750.4,320,0
2026-03-27T09:45:00+05:30,750.8,760.0,750.8,753.5,1087,0
2026-03-27T10:00:00+05:30,753.5,753.5,746.45,746.45,243,0
2026-03-27T10:15:00+05:30,746.45,748.0,745.25,745.25,292,0
2026-03-27T10:30:00+05:30,745.3,747.0,745.3,745.9,124,0
2026-03-27T10:45:00+05:30,745.3,745.3,740.0,743.05,1175,0
2026-03-27T11:00:00+05:30,743.05,744.45,742.8,742.8,83,0
2026-03-27T11:15:00+05:30,740.75,744.65,740.0,742.8,1154,0
2026-03-27T11:30:00+05:30,742.8,744.0,733.75,735.0,5815,0
2026-03-27T11:45:00+05:30,735.0,744.0,730.05,740.85,7226,0
2026-03-27T12:00:00+05:30,740.85,744.0,740.45,742.75,634,0
2026-03-27T12:15:00+05:30,742.75,743.5,740.0,743.5,1188,0
2026-03-27T12:30:00+05:30,743.05,744.2,740.85,741.5,8113,0
2026-03-27T12:45:00+05:30,742.3,743.6,740.0,740.0,856,0
2026-03-27T13:00:00+05:30,740.0,741.5,740.0,740.0,520,0
2026-03-27T13:15:00+05:30,740.0,743.4,740.0,740.15,184,0
2026-03-27T13:30:00+05:30,740.15,741.0,740.0,740.0,112,0
2026-03-27T13:45:00+05:30,740.0,740.1,740.0,740.05,1139,0
2026-03-27T14:00:00+05:30,740.05,741.6,740.0,740.0,721,0
2026-03-27T14:15:00+05:30,740.0,745.0,740.0,743.0,2496,0
2026-03-27T14:30:00+05:30,743.0,743.0,734.9,735.05,1302,0
2026-03-27T14:45:00+05:30,734.9,740.0,731.4,736.6,7892,0
2026-03-27T15:00:00+05:30,736.6,743.0,733.1,740.0,3602,0
2026-03-27T15:15:00+05:30,742.3,745.0,731.1,731.2,5364,0
2026-03-30T09:15:00+05:30,728.0,734.3,719.05,722.65,1312,0
2026-03-30T09:30:00+05:30,722.65,726.0,713.45,720.8,1839,0
2026-03-30T09:45:00+05:30,719.0,723.1,717.0,717.0,952,0
2026-03-30T10:00:00+05:30,716.1,725.05,712.0,725.0,5113,0
2026-03-30T10:15:00+05:30,725.05,725.85,723.5,723.5,2345,0
2026-03-30T10:30:00+05:30,724.65,724.85,721.6,721.6,1129,0
2026-03-30T10:45:00+05:30,721.6,721.6,718.5,718.55,41,0
2026-03-30T11:00:00+05:30,718.45,721.05,718.35,721.05,217,0
2026-03-30T11:15:00+05:30,721.05,721.05,719.45,719.45,26,0
2026-03-30T11:30:00+05:30,719.45,719.45,717.3,717.45,12,0
2026-03-30T11:45:00+05:30,717.45,717.45,712.65,712.65,535,0
2026-03-30T12:00:00+05:30,714.85,717.5,714.85,715.95,366,0
2026-03-30T12:15:00+05:30,715.75,719.9,715.75,717.0,258,0
2026-03-30T12:30:00+05:30,717.0,717.0,716.4,716.7,75,0
2026-03-30T12:45:00+05:30,716.85,716.85,715.35,715.4,182,0
2026-03-30T13:00:00+05:30,715.4,717.95,715.35,715.5,261,0
2026-03-30T13:15:00+05:30,715.0,715.3,714.1,714.5,558,0
2026-03-30T13:30:00+05:30,714.5,718.9,714.5,717.35,1643,0
2026-03-30T13:45:00+05:30,717.35,717.4,710.15,713.6,1064,0
2026-03-30T14:00:00+05:30,713.6,713.95,710.0,710.0,553,0
2026-03-30T14:15:00+05:30,710.0,714.85,710.0,712.9,191,0
2026-03-30T14:30:00+05:30,712.9,713.05,702.85,703.0,876,0
2026-03-30T14:45:00+05:30,702.55,705.3,701.05,701.55,1278,0
2026-03-30T15:00:00+05:30,703.9,704.0,701.0,701.0,615,0
2026-03-30T15:15:00+05:30,702.8,707.0,700.0,706.9,2354,0
2026-04-01T09:15:00+05:30,702.45,731.5,702.45,721.05,5707,0
2026-04-01T09:30:00+05:30,718.9,718.9,708.0,711.25,3908,0
2026-04-01T09:45:00+05:30,711.25,727.95,711.25,727.9,2710,0
2026-04-01T10:00:00+05:30,725.1,733.1,723.05,726.45,1405,0
2026-04-01T10:15:00+05:30,726.45,726.45,720.5,721.0,198,0
2026-04-01T10:30:00+05:30,720.8,721.0,695.95,704.95,19634,0
2026-04-01T10:45:00+05:30,704.5,706.9,696.1,705.0,5280,0
2026-04-01T11:00:00+05:30,705.0,705.0,699.0,703.9,2070,0
2026-04-01T11:15:00+05:30,703.55,710.0,701.05,708.9,998,0
2026-04-01T11:30:00+05:30,708.9,714.25,708.0,712.8,394,0
2026-04-01T11:45:00+05:30,712.15,712.15,707.05,710.6,431,0
2026-04-01T12:00:00+05:30,709.25,712.0,709.25,710.05,326,0
2026-04-01T12:15:00+05:30,711.95,714.9,709.9,711.95,995,0
2026-04-01T12:30:00+05:30,711.95,712.0,711.0,712.0,192,0
2026-04-01T12:45:00+05:30,712.0,713.95,712.0,712.05,79,0
2026-04-01T13:00:00+05:30,713.55,714.0,709.9,714.0,795,0
2026-04-01T13:15:00+05:30,713.25,713.25,708.1,711.45,649,0
2026-04-01T13:30:00+05:30,711.45,711.45,708.4,710.45,1435,0
2026-04-01T13:45:00+05:30,713.0,713.0,710.05,710.05,18,0
2026-04-01T14:00:00+05:30,710.05,710.05,710.05,710.05,0,0
2026-04-01T14:15:00+05:30,710.05,712.15,710.0,710.05,89,0
2026-04-01T14:30:00+05:30,710.05,712.95,709.95,710.1,630,0
2026-04-01T14:45:00+05:30,710.1,711.95,710.0,711.0,629,0
2026-04-01T15:00:00+05:30,711.0,712.85,711.0,711.0,756,0
2026-04-01T15:15:00+05:30,711.05,714.0,710.0,714.0,4937,0
2026-04-02T09:15:00+05:30,709.8,709.9,702.0,705.85,970,0
2026-04-02T09:30:00+05:30,705.0,706.15,703.75,704.2,332,0
2026-04-02T09:45:00+05:30,705.95,706.95,704.0,704.0,759,0
2026-04-02T10:00:00+05:30,704.0,704.3,701.3,703.65,557,0
2026-04-02T10:15:00+05:30,703.65,703.65,696.0,697.25,996,0
2026-04-02T10:30:00+05:30,697.25,703.35,697.25,699.95,605,0
2026-04-02T10:45:00+05:30,702.95,707.0,701.3,707.0,158,0
2026-04-02T11:00:00+05:30,707.0,711.3,707.0,710.65,406,0
2026-04-02T11:15:00+05:30,708.9,717.95,708.9,716.0,1128,0
2026-04-02T11:30:00+05:30,716.0,719.85,716.0,718.0,605,0
2026-04-02T11:45:00+05:30,718.0,719.15,718.0,718.0,16,0
2026-04-02T12:00:00+05:30,718.05,726.2,718.05,725.05,834,0
2026-04-02T12:15:00+05:30,725.15,728.9,719.6,722.3,796,0
2026-04-02T12:30:00+05:30,722.3,723.95,722.3,723.35,30,0
2026-04-02T12:45:00+05:30,723.35,723.35,705.0,720.1,8099,0
2026-04-02T13:00:00+05:30,720.0,724.95,719.95,724.95,846,0
2026-04-02T13:15:00+05:30,723.4,729.5,723.4,728.7,1105,0
2026-04-02T13:30:00+05:30,728.65,730.65,726.9,730.65,393,0
2026-04-02T13:45:00+05:30,730.65,734.25,729.85,734.0,239,0
2026-04-02T14:00:00+05:30,734.0,734.0,730.95,730.95,40,0
2026-04-02T14:15:00+05:30,730.95,733.95,726.1,733.95,767,0
2026-04-02T14:30:00+05:30,733.95,733.95,726.35,727.1,247,0
2026-04-02T14:45:00+05:30,727.1,730.0,727.1,730.0,328,0
2026-04-02T15:00:00+05:30,730.0,737.5,729.75,737.1,674,0
2026-04-02T15:15:00+05:30,734.65,735.0,728.0,728.0,1465,0
2026-04-06T09:15:00+05:30,740.0,740.0,730.0,730.05,343,0
2026-04-06T09:30:00+05:30,730.05,737.05,730.05,733.85,129,0
2026-04-06T09:45:00+05:30,734.3,734.3,726.25,728.7,189,0
2026-04-06T10:00:00+05:30,728.7,730.0,725.0,730.0,483,0
2026-04-06T10:15:00+05:30,730.0,730.0,730.0,730.0,0,0
2026-04-06T10:30:00+05:30,730.0,734.0,729.0,734.0,334,0
2026-04-06T10:45:00+05:30,734.0,739.0,734.0,736.1,222,0
2026-04-06T11:00:00+05:30,736.1,736.1,734.1,734.1,39,0
2026-04-06T11:15:00+05:30,733.4,733.4,731.05,731.55,240,0
2026-04-06T11:30:00+05:30,731.55,731.55,731.55,731.55,0,0
2026-04-06T11:45:00+05:30,731.55,738.5,731.55,737.35,133,0
2026-04-06T12:00:00+05:30,737.35,739.0,737.35,739.0,115,0
2026-04-06T12:15:00+05:30,739.0,739.0,739.0,739.0,8,0
2026-04-06T12:30:00+05:30,739.0,739.0,731.6,732.45,129,0
2026-04-06T12:45:00+05:30,732.45,736.5,732.45,736.45,212,0
2026-04-06T13:00:00+05:30,739.0,744.9,739.0,741.4,323,0
2026-04-06T13:15:00+05:30,741.4,742.05,740.0,740.0,163,0
2026-04-06T13:30:00+05:30,740.0,740.0,737.7,737.7,2,0
2026-04-06T13:45:00+05:30,737.7,739.2,737.5,739.15,44,0
2026-04-06T14:00:00+05:30,739.15,740.05,739.15,740.05,83,0
2026-04-06T14:15:00+05:30,740.05,744.05,740.05,744.05,338,0
2026-04-06T14:30:00+05:30,744.05,744.05,722.65,726.9,5370,0
2026-04-06T14:45:00+05:30,723.4,726.95,723.4,725.95,402,0
2026-04-06T15:00:00+05:30,725.95,727.0,713.15,715.05,4893,0
2026-04-06T15:15:00+05:30,715.25,719.95,710.0,714.0,5309,0
2026-04-07T09:15:00+05:30,716.3,720.95,710.0,720.0,3262,0
2026-04-07T09:30:00+05:30,718.45,718.9,710.1,711.95,562,0
2026-04-07T09:45:00+05:30,712.0,713.75,710.0,712.75,2453,0
2026-04-07T10:00:00+05:30,712.75,713.4,710.0,713.4,1301,0
2026-04-07T10:15:00+05:30,714.0,718.1,712.65,716.5,440,0
2026-04-07T10:30:00+05:30,718.8,718.8,713.45,715.6,591,0
2026-04-07T10:45:00+05:30,715.6,716.75,715.0,715.5,236,0
2026-04-07T11:00:00+05:30,715.5,717.45,715.5,716.65,161,0
2026-04-07T11:15:00+05:30,716.65,718.85,716.6,718.85,51,0
2026-04-07T11:30:00+05:30,718.85,719.85,717.7,718.1,199,0
2026-04-07T11:45:00+05:30,718.1,719.0,710.0,714.1,2639,0
2026-04-07T12:00:00+05:30,715.15,716.75,715.15,716.45,117,0
2026-04-07T12:15:00+05:30,716.45,716.55,716.3,716.3,84,0
2026-04-07T12:30:00+05:30,716.3,717.2,716.0,717.2,129,0
2026-04-07T12:45:00+05:30,717.2,730.8,717.15,723.8,4276,0
2026-04-07T13:00:00+05:30,723.8,725.3,723.8,725.1,100,0
2026-04-07T13:15:00+05:30,725.1,727.2,725.1,727.2,21,0
2026-04-07T13:30:00+05:30,727.1,728.75,726.25,728.0,416,0
2026-04-07T13:45:00+05:30,728.0,728.0,725.0,727.05,176,0
2026-04-07T14:00:00+05:30,727.05,727.05,724.15,726.0,389,0
2026-04-07T14:15:00+05:30,726.0,727.0,724.9,724.9,185,0
2026-04-07T14:30:00+05:30,724.9,724.9,718.1,718.1,510,0
2026-04-07T14:45:00+05:30,718.1,723.75,718.1,723.75,64,0
2026-04-07T15:00:00+05:30,723.75,726.95,720.0,721.4,1359,0
2026-04-07T15:15:00+05:30,719.05,726.7,715.2,721.05,1720,0
2026-04-08T09:15:00+05:30,736.3,739.85,727.15,739.35,2724,0
2026-04-08T09:30:00+05:30,739.0,748.0,730.0,735.35,4265,0
2026-04-08T09:45:00+05:30,735.9,744.3,735.9,736.5,803,0
2026-04-08T10:00:00+05:30,736.5,736.5,735.15,735.3,29,0
2026-04-08T10:15:00+05:30,735.35,738.85,733.4,738.85,663,0
2026-04-08T10:30:00+05:30,738.85,743.05,737.4,740.5,464,0
2026-04-08T10:45:00+05:30,740.5,743.4,740.5,742.6,207,0
2026-04-08T11:00:00+05:30,744.15,746.95,743.15,746.85,1080,0
2026-04-08T11:15:00+05:30,747.0,747.0,743.1,745.0,1576,0
2026-04-08T11:30:00+05:30,745.0,748.0,740.0,745.05,1685,0
2026-04-08T11:45:00+05:30,745.05,745.2,744.9,745.15,535,0
2026-04-08T12:00:00+05:30,745.15,745.15,741.6,741.6,143,0
2026-04-08T12:15:00+05:30,741.6,742.35,741.55,741.6,314,0
2026-04-08T12:30:00+05:30,741.6,749.9,741.6,749.9,1000,0
2026-04-08T12:45:00+05:30,749.9,749.9,745.25,746.0,1181,0
2026-04-08T13:00:00+05:30,746.0,749.65,746.0,746.9,103,0
2026-04-08T13:15:00+05:30,746.9,749.9,746.9,749.9,421,0
2026-04-08T13:30:00+05:30,749.9,750.0,749.8,750.0,315,0
2026-04-08T13:45:00+05:30,750.0,753.0,750.0,752.9,46,0
2026-04-08T14:00:00+05:30,752.8,752.9,749.0,749.0,213,0
2026-04-08T14:15:00+05:30,749.0,749.5,734.55,742.4,2194,0
2026-04-08T14:30:00+05:30,742.4,743.35,736.0,740.85,681,0
2026-04-08T14:45:00+05:30,740.85,741.0,733.1,739.2,2194,0
2026-04-08T15:00:00+05:30,739.2,741.65,739.2,740.85,479,0
2026-04-08T15:15:00+05:30,739.75,739.75,729.0,735.9,4248,0
2026-04-09T09:15:00+05:30,725.05,739.9,725.05,737.5,828,0
2026-04-09T09:30:00+05:30,737.5,737.5,728.0,728.0,377,0
2026-04-09T09:45:00+05:30,728.0,728.35,728.0,728.05,65,0
2026-04-09T10:00:00+05:30,728.05,730.95,728.05,730.9,18,0
2026-04-09T10:15:00+05:30,730.3,732.9,730.0,732.9,368,0
2026-04-09T10:30:00+05:30,732.9,735.9,732.9,735.5,165,0
2026-04-09T10:45:00+05:30,735.5,736.3,732.9,735.3,361,0
2026-04-09T11:00:00+05:30,735.3,737.0,735.0,735.0,90,0
2026-04-09T11:15:00+05:30,735.0,736.45,735.0,736.3,514,0
2026-04-09T11:30:00+05:30,737.5,737.5,737.05,737.05,12,0
2026-04-09T11:45:00+05:30,737.05,738.0,735.2,738.0,374,0
2026-04-09T12:00:00+05:30,738.0,738.1,737.65,738.1,450,0
2026-04-09T12:15:00+05:30,738.1,738.1,737.9,737.9,5,0
2026-04-09T12:30:00+05:30,737.9,737.9,736.2,736.2,5,0
2026-04-09T12:45:00+05:30,736.2,736.2,732.0,733.95,155,0
2026-04-09T13:00:00+05:30,733.95,733.95,731.05,732.05,145,0
2026-04-09T13:15:00+05:30,732.05,732.05,730.0,730.15,255,0
2026-04-09T13:30:00+05:30,730.15,730.15,727.9,727.9,398,0
2026-04-09T13:45:00+05:30,727.9,729.3,726.0,728.6,536,0
2026-04-09T14:00:00+05:30,728.6,728.85,728.6,728.85,3,0
2026-04-09T14:15:00+05:30,728.85,730.85,727.6,727.6,326,0
2026-04-09T14:30:00+05:30,727.6,727.8,727.0,727.8,12,0
2026-04-09T14:45:00+05:30,727.8,727.8,727.35,727.35,1,0
2026-04-09T15:00:00+05:30,727.35,728.2,725.0,728.2,184,0
2026-04-09T15:15:00+05:30,727.0,728.2,720.1,727.0,878,0
2026-04-10T09:15:00+05:30,724.0,734.25,724.0,729.65,1672,0
2026-04-10T09:30:00+05:30,729.95,743.2,728.6,739.75,5114,0
2026-04-10T09:45:00+05:30,739.75,740.2,735.8,736.95,559,0
2026-04-10T10:00:00+05:30,736.95,740.5,732.1,737.0,1503,0
2026-04-10T10:15:00+05:30,738.6,739.2,737.1,739.2,286,0
2026-04-10T10:30:00+05:30,739.2,739.75,736.0,736.65,163,0
2026-04-10T10:45:00+05:30,736.65,736.65,733.05,734.35,594,0
2026-04-10T11:00:00+05:30,732.05,732.95,729.05,732.05,664,0
2026-04-10T11:15:00+05:30,732.05,735.0,732.05,734.8,189,0
2026-04-10T11:30:00+05:30,736.4,737.0,735.9,735.9,25,0
2026-04-10T11:45:00+05:30,735.9,735.9,733.7,733.7,144,0
2026-04-10T12:00:00+05:30,733.7,735.75,733.7,735.75,3,0
2026-04-10T12:15:00+05:30,735.75,737.0,735.6,737.0,523,0
2026-04-10T12:30:00+05:30,737.1,737.1,737.0,737.0,386,0
2026-04-10T12:45:00+05:30,737.0,737.0,734.4,734.8,8,0
2026-04-10T13:00:00+05:30,734.8,735.85,734.8,734.8,13,0
2026-04-10T13:15:00+05:30,734.8,734.8,734.8,734.8,0,0
2026-04-10T13:30:00+05:30,734.8,734.8,734.45,734.45,5,0
2026-04-10T13:45:00+05:30,734.45,742.45,734.45,742.45,974,0
2026-04-10T14:00:00+05:30,742.45,742.45,738.1,738.1,100,0
2026-04-10T14:15:00+05:30,738.1,738.1,734.35,734.35,503,0
2026-04-10T14:30:00+05:30,734.35,734.35,731.6,734.05,287,0
2026-04-10T14:45:00+05:30,734.05,734.05,732.45,732.45,193,0
2026-04-10T15:00:00+05:30,732.05,734.2,731.75,733.65,301,0
2026-04-10T15:15:00+05:30,734.3,743.0,732.35,739.0,1805,0
2026-04-13T09:15:00+05:30,734.0,734.0,722.2,730.9,814,0
2026-04-13T09:30:00+05:30,730.9,730.9,730.0,730.0,86,0
2026-04-13T09:45:00+05:30,730.0,733.75,728.25,733.75,189,0
2026-04-13T10:00:00+05:30,733.75,740.8,733.75,740.8,507,0
2026-04-13T10:15:00+05:30,740.8,740.8,739.7,740.35,352,0
2026-04-13T10:30:00+05:30,740.35,740.35,737.05,740.3,403,0
2026-04-13T10:45:00+05:30,740.3,755.0,740.3,750.0,1125,0
2026-04-13T11:00:00+05:30,750.0,752.95,745.0,745.0,328,0
2026-04-13T11:15:00+05:30,745.0,747.4,745.0,745.0,910,0
2026-04-13T11:30:00+05:30,745.0,745.0,745.0,745.0,0,0
2026-04-13T11:45:00+05:30,745.0,749.9,745.0,749.9,128,0
2026-04-13T12:00:00+05:30,749.9,749.9,746.0,747.1,68,0
2026-04-13T12:15:00+05:30,747.1,748.5,747.0,748.5,31,0
2026-04-13T12:30:00+05:30,748.5,751.05,748.3,751.0,214,0
2026-04-13T12:45:00+05:30,751.0,753.0,748.05,748.05,221,0
2026-04-13T13:00:00+05:30,748.05,754.9,745.0,754.9,1478,0
2026-04-13T13:15:00+05:30,754.9,764.8,747.0,762.1,3047,0
2026-04-13T13:30:00+05:30,760.6,761.6,759.05,759.1,291,0
2026-04-13T13:45:00+05:30,759.1,760.9,758.0,760.9,388,0
2026-04-13T14:00:00+05:30,762.3,762.3,753.55,755.0,190,0
2026-04-13T14:15:00+05:30,755.0,755.0,748.0,750.5,522,0
2026-04-13T14:30:00+05:30,750.5,754.0,750.5,750.9,159,0
2026-04-13T14:45:00+05:30,750.9,753.7,750.9,752.5,21,0
2026-04-13T15:00:00+05:30,752.5,753.75,750.85,752.05,707,0
2026-04-13T15:15:00+05:30,751.0,759.0,745.0,759.0,1230,0
2026-04-15T09:15:00+05:30,763.7,763.7,751.5,760.15,940,0
2026-04-15T09:30:00+05:30,758.5,770.0,758.5,770.0,1038,0
2026-04-15T09:45:00+05:30,770.0,770.0,763.2,766.45,368,0
2026-04-15T10:00:00+05:30,766.45,769.0,765.0,769.0,689,0
2026-04-15T10:15:00+05:30,769.0,772.0,768.35,772.0,374,0
2026-04-15T10:30:00+05:30,771.7,776.0,768.6,776.0,2285,0
2026-04-15T10:45:00+05:30,776.0,777.85,775.1,775.1,777,0
2026-04-15T11:00:00+05:30,775.1,775.1,773.25,773.5,231,0
2026-04-15T11:15:00+05:30,773.5,776.0,773.45,776.0,118,0
2026-04-15T11:30:00+05:30,775.85,775.85,773.25,773.25,82,0
2026-04-15T11:45:00+05:30,773.25,774.05,773.0,773.0,206,0
2026-04-15T12:00:00+05:30,772.5,775.7,771.05,773.1,189,0
2026-04-15T12:15:00+05:30,773.1,773.1,772.65,772.65,10,0
2026-04-15T12:30:00+05:30,772.65,782.0,768.7,781.95,2172,0
2026-04-15T12:45:00+05:30,781.95,781.95,781.95,781.95,5,0
2026-04-15T13:00:00+05:30,781.95,781.95,779.5,781.75,45,0
2026-04-15T13:15:00+05:30,780.9,781.75,778.55,778.55,355,0
2026-04-15T13:30:00+05:30,778.55,781.35,778.3,779.3,401,0
2026-04-15T13:45:00+05:30,779.3,779.3,778.9,778.9,6,0
2026-04-15T14:00:00+05:30,778.9,780.0,778.9,780.0,35,0
2026-04-15T14:15:00+05:30,780.0,780.45,780.0,780.15,34,0
2026-04-15T14:30:00+05:30,780.15,790.9,780.0,786.0,2709,0
2026-04-15T14:45:00+05:30,786.0,786.0,783.6,785.0,121,0
2026-04-15T15:00:00+05:30,785.0,785.0,776.0,779.0,759,0
2026-04-15T15:15:00+05:30,779.6,780.0,771.5,780.0,883,0
2026-04-16T09:15:00+05:30,793.05,793.05,782.65,788.9,1617,0
2026-04-16T09:30:00+05:30,787.45,787.45,779.0,779.0,599,0
2026-04-16T09:45:00+05:30,779.4,780.0,776.05,778.0,128,0
2026-04-16T10:00:00+05:30,777.0,787.0,776.05,785.15,1288,0
2026-04-16T10:15:00+05:30,785.15,786.15,783.25,783.35,549,0
2026-04-16T10:30:00+05:30,783.35,783.35,778.2,781.9,289,0
2026-04-16T10:45:00+05:30,781.9,782.95,780.0,781.8,206,0
2026-04-16T11:00:00+05:30,781.8,783.25,781.05,783.25,617,0
2026-04-16T11:15:00+05:30,783.25,783.25,783.25,783.25,0,0
2026-04-16T11:30:00+05:30,783.25,783.25,780.0,780.05,235,0
2026-04-16T11:45:00+05:30,780.05,780.95,776.55,780.95,247,0
2026-04-16T12:00:00+05:30,780.95,781.75,776.0,778.3,935,0
2026-04-16T12:15:00+05:30,778.3,779.85,773.0,779.8,1202,0
2026-04-16T12:30:00+05:30,779.8,780.0,776.1,778.4,92,0
2026-04-16T12:45:00+05:30,777.15,777.55,776.0,777.55,111,0
2026-04-16T13:00:00+05:30,777.55,777.9,776.85,777.9,8,0
2026-04-16T13:15:00+05:30,777.9,780.0,777.9,780.0,200,0
2026-04-16T13:30:00+05:30,780.0,782.4,777.1,782.4,308,0
2026-04-16T13:45:00+05:30,782.4,782.9,782.4,782.9,25,0
2026-04-16T14:00:00+05:30,782.9,782.9,780.1,780.1,119,0
2026-04-16T14:15:00+05:30,780.1,781.8,780.1,781.05,21,0
2026-04-16T14:30:00+05:30,781.05,781.05,781.05,781.05,0,0
2026-04-16T14:45:00+05:30,783.2,795.0,783.2,784.5,2392,0
2026-04-16T15:00:00+05:30,784.5,787.2,783.0,783.15,137,0
2026-04-16T15:15:00+05:30,783.0,793.8,775.5,793.8,1551,0
2026-04-17T09:15:00+05:30,776.05,795.95,776.05,783.7,2109,0
2026-04-17T09:30:00+05:30,783.7,787.2,775.0,775.55,1364,0
2026-04-17T09:45:00+05:30,775.55,782.05,775.55,779.5,343,0
2026-04-17T10:00:00+05:30,779.5,781.4,775.1,775.1,620,0
2026-04-17T10:15:00+05:30,778.9,784.5,778.9,781.8,199,0
2026-04-17T10:30:00+05:30,781.85,781.85,775.1,775.1,664,0
2026-04-17T10:45:00+05:30,775.1,778.8,775.1,777.05,192,0
2026-04-17T11:00:00+05:30,777.05,779.2,777.05,779.2,14,0
2026-04-17T11:15:00+05:30,779.2,779.4,777.25,777.25,51,0
2026-04-17T11:30:00+05:30,777.25,782.2,777.25,782.2,235,0
2026-04-17T11:45:00+05:30,782.2,782.4,780.0,780.9,486,0
2026-04-17T12:00:00+05:30,780.9,782.9,780.0,782.9,311,0
2026-04-17T12:15:00+05:30,783.35,792.05,782.0,786.65,2821,0
2026-04-17T12:30:00+05:30,786.65,786.7,782.0,782.0,604,0
2026-04-17T12:45:00+05:30,782.0,782.6,782.0,782.0,330,0
2026-04-17T13:00:00+05:30,782.0,786.35,782.0,786.35,124,0
2026-04-17T13:15:00+05:30,786.35,788.0,783.0,783.0,182,0
2026-04-17T13:30:00+05:30,785.25,785.5,785.25,785.4,35,0
2026-04-17T13:45:00+05:30,785.4,785.5,783.1,785.5,119,0
2026-04-17T14:00:00+05:30,785.45,788.7,782.0,785.0,668,0
2026-04-17T14:15:00+05:30,785.0,787.2,785.0,786.0,183,0
2026-04-17T14:30:00+05:30,786.0,786.6,785.95,785.95,310,0
2026-04-17T14:45:00+05:30,785.95,787.85,785.95,787.85,293,0
2026-04-17T15:00:00+05:30,787.85,792.95,786.1,792.95,1082,0
2026-04-17T15:15:00+05:30,791.5,791.95,784.1,790.0,2752,0
2026-04-20T09:15:00+05:30,794.0,794.0,776.55,784.9,902,0
2026-04-20T09:30:00+05:30,777.45,782.4,777.45,781.8,273,0
2026-04-20T09:45:00+05:30,781.0,795.95,773.05,784.15,3164,0
2026-04-20T10:00:00+05:30,784.6,788.15,782.4,786.0,242,0
2026-04-20T10:15:00+05:30,782.95,784.2,782.0,784.2,306,0
2026-04-20T10:30:00+05:30,784.35,787.35,784.35,786.5,393,0
2026-04-20T10:45:00+05:30,786.5,786.9,782.5,782.5,122,0
2026-04-20T11:00:00+05:30,782.5,782.8,782.5,782.6,14,0
2026-04-20T11:15:00+05:30,782.6,782.6,782.6,782.6,0,0
2026-04-20T11:30:00+05:30,782.6,782.6,782.6,782.6,0,0
2026-04-20T11:45:00+05:30,782.6,783.55,782.0,783.55,139,0
2026-04-20T12:00:00+05:30,783.55,783.55,783.5,783.5,13,0
2026-04-20T12:15:00+05:30,783.5,783.5,780.0,781.15,257,0
2026-04-20T12:30:00+05:30,781.15,781.15,778.3,778.3,190,0
2026-04-20T12:45:00+05:30,778.3,782.0,778.3,782.0,162,0
2026-04-20T13:00:00+05:30,782.0,782.0,777.65,778.2,131,0
2026-04-20T13:15:00+05:30,778.2,779.9,777.5,777.5,58,0
2026-04-20T13:30:00+05:30,777.5,777.55,777.5,777.55,4,0
2026-04-20T13:45:00+05:30,777.55,777.55,777.55,777.55,14,0
2026-04-20T14:00:00+05:30,777.55,778.8,775.0,776.15,129,0
2026-04-20T14:15:00+05:30,776.15,778.1,776.15,778.1,20,0
2026-04-20T14:30:00+05:30,778.1,778.1,775.85,776.35,147,0
2026-04-20T14:45:00+05:30,776.35,776.35,774.05,775.0,232,0
2026-04-20T15:00:00+05:30,775.0,781.5,765.5,768.2,2310,0
2026-04-20T15:15:00+05:30,768.2,777.9,764.0,764.0,1360,0
2026-04-21T09:15:00+05:30,777.15,780.65,769.95,769.95,504,0
2026-04-21T09:30:00+05:30,769.95,774.0,769.25,773.3,224,0
2026-04-21T09:45:00+05:30,773.3,773.3,773.3,773.3,0,0
2026-04-21T10:00:00+05:30,773.3,775.75,771.0,771.0,183,0
2026-04-21T10:15:00+05:30,771.0,772.7,768.6,769.5,572,0
2026-04-21T10:30:00+05:30,769.5,772.0,767.0,768.0,424,0
2026-04-21T10:45:00+05:30,768.65,771.0,768.65,770.8,275,0
2026-04-21T11:00:00+05:30,770.8,771.65,769.8,769.8,537,0
2026-04-21T11:15:00+05:30,770.2,770.2,769.8,769.8,35,0
2026-04-21T11:30:00+05:30,769.8,769.8,768.0,768.35,424,0
2026-04-21T11:45:00+05:30,768.35,768.95,765.45,766.8,526,0
2026-04-21T12:00:00+05:30,766.8,768.95,765.5,768.75,809,0
2026-04-21T12:15:00+05:30,768.8,768.8,766.4,766.4,33,0
2026-04-21T12:30:00+05:30,766.4,768.75,765.5,766.2,796,0
2026-04-21T12:45:00+05:30,766.2,768.05,766.2,767.0,186,0
2026-04-21T13:00:00+05:30,767.9,768.0,767.0,767.0,345,0
2026-04-21T13:15:00+05:30,767.0,768.3,767.0,767.75,24,0
2026-04-21T13:30:00+05:30,767.75,767.75,767.0,767.0,28,0
2026-04-21T13:45:00+05:30,767.0,767.0,767.0,767.0,18,0
2026-04-21T14:00:00+05:30,767.0,767.0,767.0,767.0,35,0
2026-04-21T14:15:00+05:30,767.0,768.2,767.0,768.2,37,0
2026-04-21T14:30:00+05:30,768.2,768.2,765.8,765.8,257,0
2026-04-21T14:45:00+05:30,765.8,766.6,765.5,765.6,139,0
2026-04-21T15:00:00+05:30,765.6,766.8,765.5,766.65,69,0
2026-04-21T15:15:00+05:30,766.45,768.75,765.5,765.5,985,0
2026-04-22T09:15:00+05:30,765.5,767.45,764.55,766.0,342,0
2026-04-22T09:30:00+05:30,766.0,768.9,765.6,768.0,273,0
2026-04-22T09:45:00+05:30,768.0,769.95,765.0,765.1,244,0
2026-04-22T10:00:00+05:30,765.1,768.45,760.0,765.6,1136,0
2026-04-22T10:15:00+05:30,765.6,766.95,763.85,764.65,91,0
2026-04-22T10:30:00+05:30,764.65,770.25,764.65,770.25,223,0
2026-04-22T10:45:00+05:30,770.25,772.6,770.25,772.2,42,0
2026-04-22T11:00:00+05:30,772.0,773.95,771.75,773.95,32,0
2026-04-22T11:15:00+05:30,773.95,773.95,772.2,772.2,7,0
2026-04-22T11:30:00+05:30,772.2,773.0,771.0,772.95,178,0
2026-04-22T11:45:00+05:30,771.75,773.85,771.65,771.65,44,0
2026-04-22T12:00:00+05:30,771.65,771.65,771.65,771.65,0,0
2026-04-22T12:15:00+05:30,771.65,776.0,771.65,775.2,305,0
2026-04-22T12:30:00+05:30,775.2,776.8,772.25,772.25,264,0
2026-04-22T12:45:00+05:30,772.25,772.25,772.25,772.25,0,0
2026-04-22T13:00:00+05:30,772.25,775.8,770.05,775.15,397,0
2026-04-22T13:15:00+05:30,775.15,775.9,774.55,775.9,67,0
2026-04-22T13:30:00+05:30,774.65,776.8,774.6,774.6,196,0
2026-04-22T13:45:00+05:30,774.6,776.35,774.55,775.2,60,0
2026-04-22T14:00:00+05:30,775.2,775.2,772.85,773.4,156,0
2026-04-22T14:15:00+05:30,773.4,773.95,772.0,772.8,102,0
2026-04-22T14:30:00+05:30,772.75,773.95,772.0,772.4,112,0
2026-04-22T14:45:00+05:30,772.45,775.8,772.45,775.8,221,0
2026-04-22T15:00:00+05:30,775.8,778.0,774.5,776.5,1522,0
2026-04-22T15:15:00+05:30,776.4,776.4,760.4,771.1,3212,0
2026-04-23T09:15:00+05:30,774.25,774.25,765.05,767.15,416,0
2026-04-23T09:30:00+05:30,767.2,768.6,766.2,768.6,53,0
2026-04-23T09:45:00+05:30,768.6,770.0,766.0,766.2,295,0
2026-04-23T10:00:00+05:30,766.2,767.3,766.0,766.6,1369,0
2026-04-23T10:15:00+05:30,766.6,769.9,765.5,765.5,319,0
2026-04-23T10:30:00+05:30,765.5,765.5,763.05,763.05,174,0
2026-04-23T10:45:00+05:30,763.05,763.05,762.0,762.05,31,0
2026-04-23T11:00:00+05:30,762.05,763.8,762.05,763.8,94,0
2026-04-23T11:15:00+05:30,762.3,762.8,762.0,762.8,46,0
2026-04-23T11:30:00+05:30,762.8,765.55,762.8,763.85,1179,0
2026-04-23T11:45:00+05:30,763.85,764.0,762.0,764.0,80,0
2026-04-23T12:00:00+05:30,764.0,765.6,764.0,764.45,2043,0
2026-04-23T12:15:00+05:30,764.45,765.95,764.0,764.1,171,0
2026-04-23T12:30:00+05:30,764.1,764.1,762.6,762.6,31,0
2026-04-23T12:45:00+05:30,762.6,762.6,762.6,762.6,0,0
2026-04-23T13:00:00+05:30,762.6,765.2,762.6,764.05,2209,0
2026-04-23T13:15:00+05:30,764.05,766.0,763.1,765.75,192,0
2026-04-23T13:30:00+05:30,765.75,766.15,763.9,763.95,536,0
2026-04-23T13:45:00+05:30,763.95,766.2,763.95,765.0,100,0
2026-04-23T14:00:00+05:30,765.0,765.0,764.0,764.15,133,0
2026-04-23T14:15:00+05:30,764.15,764.15,763.1,763.85,126,0
2026-04-23T14:30:00+05:30,763.85,763.85,763.0,763.0,2,0
2026-04-23T14:45:00+05:30,763.0,764.65,763.0,764.65,62,0
2026-04-23T15:00:00+05:30,763.0,766.95,763.0,763.6,219,0
2026-04-23T15:15:00+05:30,765.45,765.45,761.0,761.5,615,0
2026-04-24T09:15:00+05:30,761.6,763.15,757.0,757.05,449,0
2026-04-24T09:30:00+05:30,757.0,757.0,746.75,747.0,558,0
2026-04-24T09:45:00+05:30,746.35,746.35,741.0,744.4,391,0
2026-04-24T10:00:00+05:30,744.4,751.1,744.4,750.0,189,0
2026-04-24T10:15:00+05:30,750.0,750.0,745.75,748.25,72,0
2026-04-24T10:30:00+05:30,747.45,747.8,746.45,747.3,40,0
2026-04-24T10:45:00+05:30,747.05,747.3,744.4,745.65,365,0
2026-04-24T11:00:00+05:30,745.3,745.3,744.4,745.1,143,0
2026-04-24T11:15:00+05:30,745.1,745.1,741.0,744.35,384,0
2026-04-24T11:30:00+05:30,744.35,746.4,744.35,746.35,34,0
2026-04-24T11:45:00+05:30,746.35,746.35,742.55,742.65,23,0
2026-04-24T12:00:00+05:30,742.65,746.95,735.8,739.45,1426,0
2026-04-24T12:15:00+05:30,739.45,741.45,739.45,739.9,6,0
2026-04-24T12:30:00+05:30,739.9,742.9,738.7,739.85,253,0
2026-04-24T12:45:00+05:30,739.85,742.4,738.5,740.95,234,0
2026-04-24T13:00:00+05:30,740.95,740.95,739.8,740.0,31,0
2026-04-24T13:15:00+05:30,740.0,740.4,737.4,737.4,323,0
2026-04-24T13:30:00+05:30,738.55,739.9,738.0,738.0,46,0
2026-04-24T13:45:00+05:30,738.0,739.2,736.0,736.0,471,0
2026-04-24T14:00:00+05:30,736.0,737.5,736.0,737.5,19,0
2026-04-24T14:15:00+05:30,737.5,737.5,735.0,735.0,844,0
2026-04-24T14:30:00+05:30,735.0,738.75,735.0,736.0,768,0
2026-04-24T14:45:00+05:30,736.0,737.9,736.0,736.25,91,0
2026-04-24T15:00:00+05:30,736.0,737.45,734.0,735.65,484,0
2026-04-24T15:15:00+05:30,735.75,737.95,730.1,730.1,1551,0
2026-04-27T09:15:00+05:30,749.9,749.9,735.2,735.2,901,0
2026-04-27T09:30:00+05:30,735.0,736.9,734.6,735.0,665,0
2026-04-27T09:45:00+05:30,735.0,738.85,733.9,735.95,295,0
2026-04-27T10:00:00+05:30,736.0,736.0,733.9,735.45,522,0
2026-04-27T10:15:00+05:30,735.45,737.65,735.0,736.6,497,0
2026-04-27T10:30:00+05:30,736.6,737.0,735.0,737.0,230,0
2026-04-27T10:45:00+05:30,737.0,738.95,735.35,735.35,420,0
2026-04-27T11:00:00+05:30,735.4,735.4,728.0,730.1,1275,0
2026-04-27T11:15:00+05:30,730.05,732.35,729.05,730.7,108,0
2026-04-27T11:30:00+05:30,730.7,732.5,729.55,730.0,199,0
2026-04-27T11:45:00+05:30,730.0,732.95,730.0,730.35,82,0
2026-04-27T12:00:00+05:30,730.0,730.95,729.95,730.05,120,0
2026-04-27T12:15:00+05:30,730.65,731.4,729.15,730.0,355,0
2026-04-27T12:30:00+05:30,730.0,731.5,729.95,730.0,344,0
2026-04-27T12:45:00+05:30,730.0,731.6,729.0,729.4,132,0
2026-04-27T13:00:00+05:30,729.4,732.05,729.4,731.7,21620,0
2026-04-27T13:15:00+05:30,732.7,735.5,728.0,728.0,2757,0
2026-04-27T13:30:00+05:30,728.0,735.0,726.85,735.0,1052,0
2026-04-27T13:45:00+05:30,735.0,744.8,734.5,744.75,848,0
2026-04-27T14:00:00+05:30,746.35,753.95,746.2,752.35,1628,0
2026-04-27T14:15:00+05:30,751.45,752.0,751.0,752.0,177,0
2026-04-27T14:30:00+05:30,751.1,754.25,747.0,753.85,1046,0
2026-04-27T14:45:00+05:30,754.85,757.9,752.4,757.0,659,0
2026-04-27T15:00:00+05:30,757.0,757.0,754.35,754.35,273,0
2026-04-27T15:15:00+05:30,755.55,759.5,752.4,759.5,2203,0
2026-04-28T09:15:00+05:30,760.4,767.0,760.35,763.25,157,0
2026-04-28T09:30:00+05:30,765.65,766.2,760.75,760.75,201,0
2026-04-28T09:45:00+05:30,760.75,761.8,760.1,760.1,87,0
2026-04-28T10:00:00+05:30,760.1,761.4,758.05,760.2,429,0
2026-04-28T10:15:00+05:30,759.8,763.1,759.8,762.0,468,0
2026-04-28T10:30:00+05:30,761.75,764.65,760.85,764.65,545,0
2026-04-28T10:45:00+05:30,764.65,766.0,762.1,766.0,231,0
2026-04-28T11:00:00+05:30,765.95,772.8,765.85,767.55,1407,0
2026-04-28T11:15:00+05:30,768.4,770.0,766.55,766.55,508,0
2026-04-28T11:30:00+05:30,766.55,767.1,765.5,765.65,176,0
2026-04-28T11:45:00+05:30,765.65,767.95,763.9,763.9,179,0
2026-04-28T12:00:00+05:30,763.9,768.8,763.9,767.9,198,0
2026-04-28T12:15:00+05:30,767.9,768.1,766.05,767.2,196,0
2026-04-28T12:30:00+05:30,767.2,768.0,764.55,767.45,288,0
2026-04-28T12:45:00+05:30,767.45,767.95,766.05,767.95,22,0
2026-04-28T13:00:00+05:30,767.95,767.95,767.95,767.95,0,0
2026-04-28T13:15:00+05:30,767.95,767.95,765.1,765.1,74,0
2026-04-28T13:30:00+05:30,765.1,765.35,765.0,765.0,66,0
2026-04-28T13:45:00+05:30,765.45,769.75,738.6,745.1,16517,0
2026-04-28T14:00:00+05:30,745.1,746.85,742.0,744.15,1488,0
2026-04-28T14:15:00+05:30,744.15,744.8,742.0,744.8,156,0
2026-04-28T14:30:00+05:30,744.8,746.8,744.45,746.0,84,0
2026-04-28T14:45:00+05:30,746.0,747.0,744.8,745.0,943,0
2026-04-28T15:00:00+05:30,745.6,747.0,744.95,746.4,625,0
2026-04-28T15:15:00+05:30,746.2,746.2,740.1,743.5,2048,0
2026-04-29T09:15:00+05:30,749.85,763.3,735.55,757.6,1883,0
2026-04-29T09:30:00+05:30,757.8,763.65,756.35,756.35,1857,0
2026-04-29T09:45:00+05:30,756.35,757.75,753.9,755.35,276,0
2026-04-29T10:00:00+05:30,755.5,759.1,755.5,757.9,187,0
2026-04-29T10:15:00+05:30,759.0,759.0,754.0,756.55,522,0
2026-04-29T10:30:00+05:30,756.55,756.55,756.05,756.05,15,0
2026-04-29T10:45:00+05:30,755.0,755.0,750.05,751.5,779,0
2026-04-29T11:00:00+05:30,750.0,752.5,749.6,752.4,324,0
2026-04-29T11:15:00+05:30,752.4,752.4,752.4,752.4,0,0
2026-04-29T11:30:00+05:30,752.3,756.0,750.75,756.0,1329,0
2026-04-29T11:45:00+05:30,755.5,758.1,755.5,758.1,208,0
2026-04-29T12:00:00+05:30,758.1,758.8,753.0,754.1,165,0
2026-04-29T12:15:00+05:30,754.1,756.3,748.0,754.0,1431,0
2026-04-29T12:30:00+05:30,754.0,756.65,754.0,756.65,184,0
2026-04-29T12:45:00+05:30,756.65,756.65,756.65,756.65,0,0
2026-04-29T13:00:00+05:30,755.7,756.2,754.9,754.9,107,0
2026-04-29T13:15:00+05:30,754.9,754.9,750.5,751.85,151,0
2026-04-29T13:30:00+05:30,751.85,751.85,751.85,751.85,0,0
2026-04-29T13:45:00+05:30,751.85,751.85,751.8,751.85,4,0
2026-04-29T14:00:00+05:30,751.85,751.85,745.65,747.65,119,0
2026-04-29T14:15:00+05:30,747.65,747.65,747.65,747.65,0,0
2026-04-29T14:30:00+05:30,747.65,749.9,746.05,749.9,109,0
2026-04-29T14:45:00+05:30,749.9,749.9,746.0,746.0,114,0
2026-04-29T15:00:00+05:30,746.0,748.0,743.5,743.5,913,0
2026-04-29T15:15:00+05:30,743.5,759.1,740.0,740.0,1431,0
2026-04-30T09:15:00+05:30,750.0,750.0,741.65,746.25,819,0
2026-04-30T09:30:00+05:30,744.2,750.0,743.6,748.1,529,0
2026-04-30T09:45:00+05:30,748.1,750.45,748.0,748.0,18,0
2026-04-30T10:00:00+05:30,748.0,748.0,740.1,740.1,462,0
2026-04-30T10:15:00+05:30,740.1,746.5,740.1,743.05,220,0
2026-04-30T10:30:00+05:30,743.05,748.6,743.05,748.25,786,0
2026-04-30T10:45:00+05:30,748.25,749.5,748.25,748.25,18,0
2026-04-30T11:00:00+05:30,746.55,748.95,745.05,745.05,120,0
2026-04-30T11:15:00+05:30,745.05,748.75,730.05,732.65,4725,0
2026-04-30T11:30:00+05:30,732.65,734.95,730.1,732.0,912,0
2026-04-30T11:45:00+05:30,732.0,733.35,731.5,732.0,340,0
2026-04-30T12:00:00+05:30,732.0,733.25,732.0,732.55,14,0
2026-04-30T12:15:00+05:30,732.55,735.0,732.15,735.0,1571,0
2026-04-30T12:30:00+05:30,735.0,735.0,731.6,731.6,176,0
2026-04-30T12:45:00+05:30,731.6,735.75,731.6,735.75,4,0
2026-04-30T13:00:00+05:30,735.75,735.9,734.0,735.2,29,0
2026-04-30T13:15:00+05:30,735.2,736.85,735.15,736.85,85,0
2026-04-30T13:30:00+05:30,736.85,741.0,736.85,740.3,9126,0
2026-04-30T13:45:00+05:30,740.3,748.6,740.3,744.6,2505,0
2026-04-30T14:00:00+05:30,744.6,744.7,741.75,742.1,40,0
2026-04-30T14:15:00+05:30,742.1,743.5,741.45,741.8,45,0
2026-04-30T14:30:00+05:30,741.05,743.0,740.0,742.5,2014,0
2026-04-30T14:45:00+05:30,742.5,750.0,741.15,746.9,889,0
2026-04-30T15:00:00+05:30,746.9,748.85,740.0,741.0,1350,0
2026-04-30T15:15:00+05:30,743.6,748.0,740.0,742.0,3167,0
2026-05-04T09:15:00+05:30,750.0,753.5,744.7,745.0,774,0
2026-05-04T09:30:00+05:30,747.4,749.45,745.3,748.65,287,0
2026-05-04T09:45:00+05:30,748.65,749.65,746.9,749.65,259,0
2026-05-04T10:00:00+05:30,750.9,754.9,749.75,752.15,634,0
2026-05-04T10:15:00+05:30,752.15,760.0,750.2,760.0,1120,0
2026-05-04T10:30:00+05:30,760.0,765.0,753.4,758.95,689,0
2026-05-04T10:45:00+05:30,758.95,772.0,757.3,770.2,4234,0
2026-05-04T11:00:00+05:30,769.8,778.0,769.75,771.55,1871,0
2026-05-04T11:15:00+05:30,771.55,778.25,770.0,777.3,1927,0
2026-05-04T11:30:00+05:30,778.2,789.0,777.05,785.0,1766,0
2026-05-04T11:45:00+05:30,785.0,793.35,783.05,793.35,1951,0
2026-05-04T12:00:00+05:30,793.35,796.7,788.05,795.5,2281,0
2026-05-04T12:15:00+05:30,795.5,795.5,787.1,793.9,1525,0
2026-05-04T12:30:00+05:30,793.9,794.0,789.95,792.0,1498,0
2026-05-04T12:45:00+05:30,792.0,792.0,785.1,788.0,437,0
2026-05-04T13:00:00+05:30,788.0,788.25,785.0,788.25,728,0
2026-05-04T13:15:00+05:30,788.25,788.25,783.25,787.05,907,0
2026-05-04T13:30:00+05:30,787.0,787.0,774.4,779.9,1119,0
2026-05-04T13:45:00+05:30,779.9,780.0,776.1,780.0,383,0
2026-05-04T14:00:00+05:30,780.0,780.0,777.05,780.0,524,0
2026-05-04T14:15:00+05:30,780.0,785.95,780.0,785.95,1194,0
2026-05-04T14:30:00+05:30,786.5,788.95,782.15,785.2,839,0
2026-05-04T14:45:00+05:30,785.2,792.0,780.15,792.0,1133,0
2026-05-04T15:00:00+05:30,792.0,792.0,774.4,781.5,2372,0
2026-05-04T15:15:00+05:30,780.85,792.0,778.05,792.0,1336,0
2026-05-05T09:15:00+05:30,783.95,792.6,783.95,789.5,349,0
2026-05-05T09:30:00+05:30,789.5,790.95,785.0,790.0,913,0
2026-05-05T09:45:00+05:30,791.2,813.3,791.2,808.0,6341,0
2026-05-05T10:00:00+05:30,808.0,815.95,804.0,815.95,8045,0
2026-05-05T10:15:00+05:30,815.9,818.95,815.0,816.15,3020,0
2026-05-05T10:30:00+05:30,816.1,817.0,815.0,815.0,2015,0
2026-05-05T10:45:00+05:30,813.5,815.0,810.0,811.3,1417,0
2026-05-05T11:00:00+05:30,811.5,815.0,811.5,814.2,991,0
2026-05-05T11:15:00+05:30,813.0,818.0,813.0,815.0,1731,0
2026-05-05T11:30:00+05:30,816.1,816.5,811.8,813.25,963,0
2026-05-05T11:45:00+05:30,812.1,812.4,810.0,810.0,964,0
2026-05-05T12:00:00+05:30,810.0,812.25,810.0,812.0,513,0
2026-05-05T12:15:00+05:30,814.75,819.0,812.65,818.0,2514,0
2026-05-05T12:30:00+05:30,816.0,824.0,814.5,821.0,6769,0
2026-05-05T12:45:00+05:30,821.0,821.7,818.0,818.0,210,0
2026-05-05T13:00:00+05:30,818.9,819.6,812.4,813.5,1352,0
2026-05-05T13:15:00+05:30,813.7,816.8,810.0,813.05,1201,0
2026-05-05T13:30:00+05:30,811.6,813.9,810.0,813.7,689,0
2026-05-05T13:45:00+05:30,814.65,814.7,810.4,812.15,399,0
2026-05-05T14:00:00+05:30,812.15,813.55,808.95,812.45,3848,0
2026-05-05T14:15:00+05:30,814.35,818.9,814.1,817.25,400,0
2026-05-05T14:30:00+05:30,817.25,824.9,817.25,820.0,10150,0
2026-05-05T14:45:00+05:30,818.45,822.55,815.0,816.0,1702,0
2026-05-05T15:00:00+05:30,816.0,818.6,815.1,818.55,2003,0
2026-05-05T15:15:00+05:30,818.55,825.0,815.0,816.2,3202,0
2026-05-06T09:15:00+05:30,829.45,830.0,813.05,813.5,2750,0
2026-05-06T09:30:00+05:30,813.2,817.55,810.0,812.05,742,0
2026-05-06T09:45:00+05:30,812.05,816.1,810.0,816.0,1554,0
2026-05-06T10:00:00+05:30,816.0,816.95,812.4,816.6,475,0
2026-05-06T10:15:00+05:30,816.4,820.0,811.4,817.3,1509,0
2026-05-06T10:30:00+05:30,817.3,817.7,815.9,816.9,376,0
2026-05-06T10:45:00+05:30,816.9,816.9,813.05,813.95,136,0
2026-05-06T11:00:00+05:30,813.95,814.05,813.5,813.5,179,0
2026-05-06T11:15:00+05:30,813.5,815.3,813.5,815.3,57,0
2026-05-06T11:30:00+05:30,815.3,815.3,812.5,813.35,123,0
2026-05-06T11:45:00+05:30,813.35,815.8,811.4,815.8,612,0
2026-05-06T12:00:00+05:30,817.25,817.5,815.3,815.35,171,0
2026-05-06T12:15:00+05:30,815.35,816.5,812.45,812.45,285,0
2026-05-06T12:30:00+05:30,812.45,814.0,812.45,813.0,12,0
2026-05-06T12:45:00+05:30,813.0,813.0,813.0,813.0,0,0
2026-05-06T13:00:00+05:30,813.0,813.1,811.0,811.0,738,0
2026-05-06T13:15:00+05:30,811.0,812.0,811.0,812.0,204,0
2026-05-06T13:30:00+05:30,812.0,812.0,812.0,812.0,0,0
2026-05-06T13:45:00+05:30,812.0,812.0,810.35,811.8,117,0
2026-05-06T14:00:00+05:30,811.8,811.8,808.05,811.8,618,0
2026-05-06T14:15:00+05:30,811.8,814.6,808.25,811.9,575,0
2026-05-06T14:30:00+05:30,811.9,811.9,808.0,810.0,491,0
2026-05-06T14:45:00+05:30,810.0,810.9,810.0,810.05,208,0
2026-05-06T15:00:00+05:30,810.05,812.9,809.75,810.0,430,0
2026-05-06T15:15:00+05:30,810.0,816.95,810.0,810.0,1503,0
2026-05-07T09:15:00+05:30,811.65,823.95,810.0,813.05,891,0
2026-05-07T09:30:00+05:30,813.05,813.75,798.45,810.0,2169,0
2026-05-07T09:45:00+05:30,810.0,812.8,800.0,811.95,1620,0
2026-05-07T10:00:00+05:30,810.25,811.5,803.05,810.0,496,0
2026-05-07T10:15:00+05:30,810.0,814.1,810.0,814.0,141,0
2026-05-07T10:30:00+05:30,813.0,816.25,810.9,810.9,1160,0
2026-05-07T10:45:00+05:30,810.9,814.95,810.9,814.95,200,0
2026-05-07T11:00:00+05:30,814.95,817.75,814.55,815.65,615,0
2026-05-07T11:15:00+05:30,815.65,819.95,810.0,818.0,877,0
2026-05-07T11:30:00+05:30,818.0,824.0,811.1,815.7,975,0
2026-05-07T11:45:00+05:30,815.7,819.8,810.0,811.15,175,0
2026-05-07T12:00:00+05:30,811.15,814.75,811.0,813.9,709,0
2026-05-07T12:15:00+05:30,813.9,813.95,811.0,811.65,401,0
2026-05-07T12:30:00+05:30,811.65,813.65,811.65,811.65,8,0
2026-05-07T12:45:00+05:30,811.65,812.0,811.1,812.0,294,0
2026-05-07T13:00:00+05:30,812.0,817.95,812.0,812.55,452,0
2026-05-07T13:15:00+05:30,812.8,815.05,812.8,813.0,797,0
2026-05-07T13:30:00+05:30,813.0,813.0,813.0,813.0,4,0
2026-05-07T13:45:00+05:30,813.0,813.0,813.0,813.0,105,0
2026-05-07T14:00:00+05:30,813.0,813.05,812.75,812.75,171,0
2026-05-07T14:15:00+05:30,812.75,816.9,812.0,816.35,439,0
2026-05-07T14:30:00+05:30,816.35,817.5,815.0,815.0,88,0
2026-05-07T14:45:00+05:30,815.0,820.0,814.2,820.0,529,0
2026-05-07T15:00:00+05:30,820.0,820.0,810.5,812.05,1078,0
2026-05-07T15:15:00+05:30,812.05,819.95,809.0,811.8,1401,0
2026-05-08T09:15:00+05:30,824.9,833.7,808.35,821.5,7477,0
2026-05-08T09:30:00+05:30,821.5,821.75,812.95,814.9,1128,0
2026-05-08T09:45:00+05:30,814.85,822.0,813.55,815.85,711,0
2026-05-08T10:00:00+05:30,817.15,817.85,813.0,817.85,133,0
2026-05-08T10:15:00+05:30,821.7,821.7,814.35,817.1,379,0
2026-05-08T10:30:00+05:30,817.1,820.1,817.0,820.1,234,0
2026-05-08T10:45:00+05:30,820.95,835.0,820.95,831.15,2907,0
2026-05-08T11:00:00+05:30,832.0,872.0,832.0,860.95,17269,0
2026-05-08T11:15:00+05:30,860.3,860.3,847.65,847.65,6637,0
2026-05-08T11:30:00+05:30,847.65,848.85,840.05,846.05,2188,0
2026-05-08T11:45:00+05:30,845.4,860.0,841.65,855.15,5687,0
2026-05-08T12:00:00+05:30,855.15,860.0,850.05,859.95,1555,0
2026-05-08T12:15:00+05:30,859.8,867.0,856.85,856.85,2228,0
2026-05-08T12:30:00+05:30,856.5,871.0,851.1,862.0,10912,0
2026-05-08T12:45:00+05:30,860.35,861.0,854.5,859.95,1541,0
2026-05-08T13:00:00+05:30,858.45,867.75,852.65,865.25,2936,0
2026-05-08T13:15:00+05:30,865.25,868.0,863.35,863.35,1652,0
2026-05-08T13:30:00+05:30,863.55,864.9,860.05,860.6,664,0
2026-05-08T13:45:00+05:30,861.25,864.6,860.0,862.9,945,0
2026-05-08T14:00:00+05:30,862.75,870.0,860.65,865.95,2793,0
2026-05-08T14:15:00+05:30,865.95,868.0,860.0,860.85,1443,0
2026-05-08T14:30:00+05:30,863.9,864.95,862.2,862.45,314,0
2026-05-08T14:45:00+05:30,862.45,866.75,860.0,862.25,889,0
2026-05-08T15:00:00+05:30,863.65,866.0,860.0,863.0,2322,0
2026-05-08T15:15:00+05:30,863.7,863.75,850.0,852.0,5091,0
2026-05-11T09:15:00+05:30,861.3,883.0,834.0,880.0,11274,0
2026-05-11T09:30:00+05:30,882.8,887.95,860.0,862.4,8205,0
2026-05-11T09:45:00+05:30,865.85,869.75,862.35,866.2,1014,0
2026-05-11T10:00:00+05:30,866.25,878.0,864.5,878.0,3422,0
2026-05-11T10:15:00+05:30,879.9,883.5,865.1,883.5,3110,0
2026-05-11T10:30:00+05:30,883.35,887.0,877.05,881.35,2774,0
2026-05-11T10:45:00+05:30,881.95,882.95,874.05,882.95,1314,0
2026-05-11T11:00:00+05:30,882.95,884.85,880.0,881.3,500,0
2026-05-11T11:15:00+05:30,881.3,887.95,880.0,886.95,2243,0
2026-05-11T11:30:00+05:30,885.65,887.0,881.1,884.85,623,0
2026-05-11T11:45:00+05:30,884.85,885.3,881.9,882.2,778,0
2026-05-11T12:00:00+05:30,882.2,883.7,867.0,880.45,4061,0
2026-05-11T12:15:00+05:30,880.45,883.8,880.0,880.15,515,0
2026-05-11T12:30:00+05:30,880.15,883.0,880.0,880.1,385,0
2026-05-11T12:45:00+05:30,880.1,884.95,879.1,880.0,685,0
2026-05-11T13:00:00+05:30,880.0,880.4,875.0,880.0,1147,0
2026-05-11T13:15:00+05:30,880.0,880.15,866.05,867.1,1776,0
2026-05-11T13:30:00+05:30,867.1,867.1,860.75,864.75,1367,0
2026-05-11T13:45:00+05:30,864.0,868.3,861.1,865.25,1039,0
2026-05-11T14:00:00+05:30,865.25,866.75,863.55,863.8,61,0
2026-05-11T14:15:00+05:30,863.8,868.0,861.9,868.0,1957,0
2026-05-11T14:30:00+05:30,865.4,867.5,861.1,862.0,947,0
2026-05-11T14:45:00+05:30,861.95,862.0,855.0,856.0,1078,0
2026-05-11T15:00:00+05:30,857.9,858.9,851.65,854.1,1369,0
2026-05-11T15:15:00+05:30,852.6,859.8,849.45,850.0,3169,0
2026-05-12T09:15:00+05:30,861.95,880.0,830.05,841.25,4248,0
2026-05-12T09:30:00+05:30,838.45,840.85,829.0,840.85,1643,0
2026-05-12T09:45:00+05:30,839.05,844.2,839.05,840.05,699,0
2026-05-12T10:00:00+05:30,840.2,842.45,840.05,840.05,237,0
2026-05-12T10:15:00+05:30,841.1,845.0,841.05,841.3,379,0
2026-05-12T10:30:00+05:30,841.3,851.9,841.1,851.9,1564,0
2026-05-12T10:45:00+05:30,851.9,854.45,846.3,853.9,808,0
2026-05-12T11:00:00+05:30,853.9,853.9,848.05,851.0,250,0
2026-05-12T11:15:00+05:30,851.0,851.0,847.0,849.55,243,0
2026-05-12T11:30:00+05:30,847.1,850.9,847.0,850.9,75,0
2026-05-12T11:45:00+05:30,850.9,851.95,847.5,851.8,197,0
2026-05-12T12:00:00+05:30,851.8,851.8,847.05,849.0,212,0
2026-05-12T12:15:00+05:30,849.0,851.05,847.05,850.05,311,0
2026-05-12T12:30:00+05:30,850.05,850.05,840.15,841.05,3151,0
2026-05-12T12:45:00+05:30,841.05,841.05,841.05,841.05,0,0
2026-05-12T13:00:00+05:30,841.05,843.7,841.05,842.0,58,0
2026-05-12T13:15:00+05:30,842.0,842.75,838.55,838.55,120,0
2026-05-12T13:30:00+05:30,838.55,838.6,835.0,835.05,536,0
2026-05-12T13:45:00+05:30,835.05,838.45,835.05,835.55,69,0
2026-05-12T14:00:00+05:30,835.55,835.55,829.15,829.15,452,0
2026-05-12T14:15:00+05:30,834.2,834.95,830.6,833.5,103,0
2026-05-12T14:30:00+05:30,833.3,833.3,819.95,828.1,1503,0
2026-05-12T14:45:00+05:30,828.1,828.1,825.65,825.65,487,0
2026-05-12T15:00:00+05:30,824.45,828.9,820.0,820.5,3447,0
2026-05-12T15:15:00+05:30,820.65,825.05,808.9,816.0,4800,0
2026-05-13T09:15:00+05:30,826.25,872.95,826.25,855.15,12899,0
2026-05-13T09:30:00+05:30,857.25,857.25,839.05,845.9,3192,0
2026-05-13T09:45:00+05:30,845.9,864.8,844.95,864.0,4438,0
2026-05-13T10:00:00+05:30,858.1,863.95,853.25,859.5,1468,0
2026-05-13T10:15:00+05:30,862.35,864.8,859.0,860.1,696,0
2026-05-13T10:30:00+05:30,858.6,858.7,851.1,851.1,823,0
2026-05-13T10:45:00+05:30,851.1,851.8,846.1,848.1,477,0
2026-05-13T11:00:00+05:30,847.6,852.7,842.55,852.7,374,0
2026-05-13T11:15:00+05:30,851.1,851.1,848.0,848.45,453,0
2026-05-13T11:30:00+05:30,848.45,856.95,847.05,853.9,220,0
2026-05-13T11:45:00+05:30,853.5,854.15,849.35,851.25,635,0
2026-05-13T12:00:00+05:30,851.25,853.8,848.0,853.8,699,0
2026-05-13T12:15:00+05:30,854.45,856.25,853.0,856.25,258,0
2026-05-13T12:30:00+05:30,856.25,859.9,850.5,859.9,815,0
2026-05-13T12:45:00+05:30,859.9,860.1,855.1,859.85,684,0
2026-05-13T13:00:00+05:30,859.85,859.85,852.8,852.8,155,0
2026-05-13T13:15:00+05:30,854.75,854.75,853.55,853.6,33,0
2026-05-13T13:30:00+05:30,853.6,860.0,853.45,855.05,508,0
2026-05-13T13:45:00+05:30,855.05,859.95,854.2,854.95,434,0
2026-05-13T14:00:00+05:30,854.6,857.7,854.1,857.7,172,0
2026-05-13T14:15:00+05:30,857.7,857.7,852.05,853.0,342,0
2026-05-13T14:30:00+05:30,853.0,853.0,849.5,849.6,653,0
2026-05-13T14:45:00+05:30,849.6,854.9,848.9,854.9,2232,0
2026-05-13T15:00:00+05:30,854.9,856.0,849.6,854.3,1025,0
2026-05-13T15:15:00+05:30,853.4,870.0,849.65,860.7,3744,0
2026-05-14T09:15:00+05:30,875.0,884.0,841.0,849.9,2010,0
2026-05-14T09:30:00+05:30,850.1,854.9,845.0,846.0,636,0
2026-05-14T09:45:00+05:30,846.0,852.9,842.25,844.3,367,0
2026-05-14T10:00:00+05:30,842.3,851.0,833.2,834.05,2704,0
2026-05-14T10:15:00+05:30,840.45,846.0,837.25,841.2,1302,0
2026-05-14T10:30:00+05:30,841.8,847.0,835.25,836.0,602,0
2026-05-14T10:45:00+05:30,835.25,845.2,835.0,838.1,690,0
2026-05-14T11:00:00+05:30,838.1,841.4,837.75,839.0,102,0
2026-05-14T11:15:00+05:30,839.0,843.7,837.7,837.7,638,0
2026-05-14T11:30:00+05:30,837.7,837.75,830.0,837.0,1782,0
2026-05-14T11:45:00+05:30,837.0,846.75,836.45,846.75,2275,0
2026-05-14T12:00:00+05:30,846.75,850.0,844.0,847.8,363,0
2026-05-14T12:15:00+05:30,847.8,848.75,846.0,846.55,88,0
2026-05-14T12:30:00+05:30,846.55,850.95,838.7,844.55,1969,0
2026-05-14T12:45:00+05:30,844.55,847.1,843.0,843.6,278,0
2026-05-14T13:00:00+05:30,843.6,845.5,842.1,842.1,153,0
2026-05-14T13:15:00+05:30,842.1,846.0,842.1,846.0,32,0
2026-05-14T13:30:00+05:30,846.0,846.0,841.7,841.7,480,0
2026-05-14T13:45:00+05:30,843.35,849.7,843.35,843.55,882,0
2026-05-14T14:00:00+05:30,843.55,848.8,843.5,848.8,14,0
2026-05-14T14:15:00+05:30,848.8,848.8,843.5,846.25,92,0
2026-05-14T14:30:00+05:30,846.25,848.8,843.9,847.95,242,0
2026-05-14T14:45:00+05:30,844.7,847.95,843.3,846.05,271,0
2026-05-14T15:00:00+05:30,846.05,850.0,840.0,840.0,1868,0
2026-05-14T15:15:00+05:30,839.75,846.1,835.0,835.6,1551,0
2026-05-15T09:15:00+05:30,870.0,870.0,838.1,845.0,13126,0
2026-05-15T09:30:00+05:30,842.45,851.95,840.05,845.0,2289,0
2026-05-15T09:45:00+05:30,845.15,849.95,845.0,847.5,473,0
2026-05-15T10:00:00+05:30,847.5,847.9,840.0,842.05,1212,0
2026-05-15T10:15:00+05:30,842.05,847.0,842.05,844.75,433,0
2026-05-15T10:30:00+05:30,844.75,847.8,844.65,844.65,97,0
2026-05-15T10:45:00+05:30,844.65,859.9,844.65,859.5,4635,0
2026-05-15T11:00:00+05:30,858.0,858.0,852.65,857.25,177,0
2026-05-15T11:15:00+05:30,857.25,857.25,842.1,848.0,4371,0
2026-05-15T11:30:00+05:30,847.35,847.35,845.95,847.3,216,0
2026-05-15T11:45:00+05:30,846.9,852.8,845.95,845.95,447,0
2026-05-15T12:00:00+05:30,845.95,847.15,843.0,843.0,91,0
2026-05-15T12:15:00+05:30,844.2,855.5,842.1,855.5,2565,0
2026-05-15T12:30:00+05:30,855.5,879.9,854.7,874.0,12922,0
2026-05-15T12:45:00+05:30,872.1,876.9,861.05,866.4,1805,0
2026-05-15T13:00:00+05:30,867.3,872.55,865.65,866.65,1143,0
2026-05-15T13:15:00+05:30,865.7,867.9,860.5,860.5,1045,0
2026-05-15T13:30:00+05:30,861.0,861.8,857.65,857.65,448,0
2026-05-15T13:45:00+05:30,857.8,858.6,855.0,855.1,303,0
2026-05-15T14:00:00+05:30,857.0,859.45,855.0,856.05,535,0
2026-05-15T14:15:00+05:30,856.05,859.3,855.3,856.1,921,0
2026-05-15T14:30:00+05:30,856.1,860.75,856.1,858.05,383,0
2026-05-15T14:45:00+05:30,858.05,859.05,853.4,858.0,1396,0
2026-05-15T15:00:00+05:30,857.75,858.0,853.4,856.3,1386,0
2026-05-15T15:15:00+05:30,856.3,857.45,851.5,856.1,2096,0
2026-05-18T09:15:00+05:30,860.0,885.0,860.0,883.0,10145,0
2026-05-18T09:30:00+05:30,883.0,920.05,872.35,882.5,31821,0
2026-05-18T09:45:00+05:30,877.25,878.45,860.0,863.0,6492,0
2026-05-18T10:00:00+05:30,864.95,874.95,864.95,868.0,1639,0
2026-05-18T10:15:00+05:30,866.2,868.0,861.45,862.4,684,0
2026-05-18T10:30:00+05:30,862.4,864.7,853.6,857.0,2170,0
2026-05-18T10:45:00+05:30,858.95,860.5,854.0,858.35,812,0
2026-05-18T11:00:00+05:30,858.45,861.2,854.05,854.05,765,0
2026-05-18T11:15:00+05:30,854.05,856.0,854.0,856.0,1187,0
2026-05-18T11:30:00+05:30,860.25,865.1,848.55,848.55,4206,0
2026-05-18T11:45:00+05:30,851.3,851.95,841.5,845.5,1918,0
2026-05-18T12:00:00+05:30,845.5,848.65,838.2,845.05,2844,0
2026-05-18T12:15:00+05:30,846.1,860.0,843.25,852.0,3271,0
2026-05-18T12:30:00+05:30,852.0,853.15,847.3,850.0,620,0
2026-05-18T12:45:00+05:30,850.0,850.5,848.0,848.0,190,0
2026-05-18T13:00:00+05:30,848.0,849.35,847.25,848.5,125,0
2026-05-18T13:15:00+05:30,850.0,850.15,848.8,850.15,51,0
2026-05-18T13:30:00+05:30,850.15,850.2,846.55,847.35,181,0
2026-05-18T13:45:00+05:30,846.25,849.0,844.05,848.3,1353,0
2026-05-18T14:00:00+05:30,848.3,851.0,848.3,848.7,52,0
2026-05-18T14:15:00+05:30,848.6,849.85,847.05,848.95,205,0
2026-05-18T14:30:00+05:30,848.95,851.6,847.2,847.2,442,0
2026-05-18T14:45:00+05:30,847.2,851.75,847.2,851.75,500,0
2026-05-18T15:00:00+05:30,851.7,855.0,848.0,850.5,2432,0
2026-05-18T15:15:00+05:30,853.0,858.0,845.0,858.0,3681,0
2026-05-19T09:15:00+05:30,857.85,857.85,844.0,849.05,1544,0
2026-05-19T09:30:00+05:30,849.6,851.85,845.15,850.0,290,0
2026-05-19T09:45:00+05:30,850.1,850.1,847.0,847.8,127,0
2026-05-19T10:00:00+05:30,847.8,849.6,847.35,849.6,114,0
2026-05-19T10:15:00+05:30,849.6,849.6,847.45,847.45,60,0
2026-05-19T10:30:00+05:30,848.95,852.5,848.95,851.25,171,0
2026-05-19T10:45:00+05:30,852.55,856.15,851.25,853.9,592,0
2026-05-19T11:00:00+05:30,853.9,853.9,847.45,850.4,756,0
2026-05-19T11:15:00+05:30,850.4,851.05,848.0,850.0,154,0
2026-05-19T11:30:00+05:30,850.0,850.0,850.0,850.0,0,0
2026-05-19T11:45:00+05:30,848.35,848.35,845.0,846.95,302,0
2026-05-19T12:00:00+05:30,846.95,847.95,845.7,846.9,173,0
2026-05-19T12:15:00+05:30,846.9,848.4,843.25,843.35,380,0
2026-05-19T12:30:00+05:30,845.2,845.75,844.55,845.75,18,0
2026-05-19T12:45:00+05:30,845.75,845.75,844.95,845.25,24,0
2026-05-19T13:00:00+05:30,845.25,846.35,844.6,844.6,40,0
2026-05-19T13:15:00+05:30,846.45,846.45,844.05,844.1,53,0
2026-05-19T13:30:00+05:30,844.1,844.1,842.9,842.9,99,0
2026-05-19T13:45:00+05:30,842.55,844.1,841.2,841.2,196,0
2026-05-19T14:00:00+05:30,841.2,842.0,840.1,840.1,355,0
2026-05-19T14:15:00+05:30,840.1,841.3,840.1,840.1,13,0
2026-05-19T14:30:00+05:30,840.15,840.15,838.7,838.7,171,0
2026-05-19T14:45:00+05:30,838.7,841.8,837.05,840.8,648,0
2026-05-19T15:00:00+05:30,839.35,840.7,838.0,838.0,762,0
2026-05-19T15:15:00+05:30,838.0,842.75,835.0,835.0,2093,0
2026-05-20T09:15:00+05:30,838.15,838.15,826.85,833.0,1607,0
2026-05-20T09:30:00+05:30,832.15,835.9,829.85,835.9,739,0
2026-05-20T09:45:00+05:30,836.0,841.75,835.95,839.9,1228,0
2026-05-20T10:00:00+05:30,839.9,842.4,837.0,842.4,753,0
2026-05-20T10:15:00+05:30,842.4,844.05,838.25,839.25,129,0
2026-05-20T10:30:00+05:30,838.95,839.6,836.3,839.6,117,0
2026-05-20T10:45:00+05:30,839.6,839.6,836.1,836.1,82,0
2026-05-20T11:00:00+05:30,836.1,841.3,836.1,841.1,155,0
2026-05-20T11:15:00+05:30,841.2,841.2,836.8,838.4,88,0
2026-05-20T11:30:00+05:30,838.4,838.4,836.1,836.85,267,0
2026-05-20T11:45:00+05:30,836.85,838.75,830.8,831.65,2052,0
2026-05-20T12:00:00+05:30,831.0,833.25,831.0,832.0,414,0
2026-05-20T12:15:00+05:30,832.0,832.0,832.0,832.0,0,0
2026-05-20T12:30:00+05:30,832.0,834.55,832.0,834.55,65,0
2026-05-20T12:45:00+05:30,834.55,834.55,832.5,832.5,36,0
2026-05-20T13:00:00+05:30,832.5,834.45,832.5,834.45,14,0
2026-05-20T13:15:00+05:30,834.45,834.45,828.0,828.0,732,0
2026-05-20T13:30:00+05:30,827.75,829.65,827.75,829.65,96,0
2026-05-20T13:45:00+05:30,829.65,829.65,827.0,827.0,404,0
2026-05-20T14:00:00+05:30,827.0,828.75,826.0,827.0,465,0
2026-05-20T14:15:00+05:30,826.15,828.95,826.15,827.1,152,0
2026-05-20T14:30:00+05:30,826.7,829.75,826.15,826.15,531,0
2026-05-20T14:45:00+05:30,825.95,829.5,825.95,826.55,379,0
2026-05-20T15:00:00+05:30,826.55,829.75,826.55,829.75,122,0
2026-05-20T15:15:00+05:30,829.25,837.65,826.15,826.55,1053,0
2026-05-21T09:15:00+05:30,833.75,844.9,830.0,841.3,1075,0
2026-05-21T09:30:00+05:30,841.3,846.9,839.9,842.5,1002,0
2026-05-21T09:45:00+05:30,842.5,843.35,842.5,843.25,25,0
2026-05-21T10:00:00+05:30,843.25,845.9,838.6,839.0,521,0
2026-05-21T10:15:00+05:30,839.0,839.0,837.35,838.8,30,0
2026-05-21T10:30:00+05:30,838.8,838.8,838.8,838.8,0,0
2026-05-21T10:45:00+05:30,838.8,838.8,834.0,834.0,147,0
2026-05-21T11:00:00+05:30,834.0,841.0,831.65,841.0,955,0
2026-05-21T11:15:00+05:30,841.0,843.9,836.9,840.0,929,0
2026-05-21T11:30:00+05:30,840.0,840.0,840.0,840.0,0,0
2026-05-21T11:45:00+05:30,840.0,841.0,837.05,837.05,76,0
2026-05-21T12:00:00+05:30,837.05,841.8,835.05,841.8,419,0
2026-05-21T12:15:00+05:30,841.8,841.8,837.05,837.05,32,0
2026-05-21T12:30:00+05:30,837.05,838.45,836.0,838.45,28,0
2026-05-21T12:45:00+05:30,838.45,838.5,835.0,838.5,275,0
2026-05-21T13:00:00+05:30,838.5,838.5,838.5,838.5,100,0
2026-05-21T13:15:00+05:30,838.5,838.5,838.5,838.5,0,0
2026-05-21T13:30:00+05:30,838.5,839.0,838.5,838.95,235,0
2026-05-21T13:45:00+05:30,838.95,840.0,838.95,840.0,157,0
2026-05-21T14:00:00+05:30,840.0,840.0,834.35,834.35,347,0
2026-05-21T14:15:00+05:30,834.35,843.85,834.35,841.25,175,0
2026-05-21T14:30:00+05:30,843.3,843.3,841.8,841.8,122,0
2026-05-21T14:45:00+05:30,841.8,843.8,841.75,843.8,123,0
2026-05-21T15:00:00+05:30,843.8,853.25,842.8,847.4,1482,0
2026-05-21T15:15:00+05:30,840.95,852.0,840.75,846.0,1384,0
2026-05-22T09:15:00+05:30,842.25,859.8,842.25,847.8,301,0
2026-05-22T09:30:00+05:30,846.2,846.2,842.25,843.05,71,0
2026-05-22T09:45:00+05:30,844.5,846.65,844.35,846.35,358,0
2026-05-22T10:00:00+05:30,845.1,866.9,844.95,860.0,3251,0
2026-05-22T10:15:00+05:30,860.0,867.9,860.0,863.6,773,0
2026-05-22T10:30:00+05:30,863.6,865.9,862.05,864.95,262,0
2026-05-22T10:45:00+05:30,863.3,867.8,860.25,860.5,1369,0
2026-05-22T11:00:00+05:30,860.8,860.95,858.0,860.95,360,0
2026-05-22T11:15:00+05:30,860.55,866.9,860.0,860.0,340,0
2026-05-22T11:30:00+05:30,860.0,860.5,852.2,852.55,795,0
2026-05-22T11:45:00+05:30,852.6,857.9,850.1,856.6,1213,0
2026-05-22T12:00:00+05:30,856.6,858.6,856.45,858.6,61,0
2026-05-22T12:15:00+05:30,857.25,857.95,856.2,856.5,233,0
2026-05-22T12:30:00+05:30,856.5,862.85,856.5,858.1,558,0
2026-05-22T12:45:00+05:30,861.55,864.4,860.05,864.4,819,0
2026-05-22T13:00:00+05:30,863.5,867.0,860.05,864.0,2103,0
2026-05-22T13:15:00+05:30,862.65,862.65,859.1,860.0,4865,0
2026-05-22T13:30:00+05:30,861.5,871.45,860.05,867.05,2059,0
2026-05-22T13:45:00+05:30,865.15,866.8,860.0,863.8,2714,0
2026-05-22T14:00:00+05:30,863.8,863.8,859.35,860.0,4198,0
2026-05-22T14:15:00+05:30,860.0,863.95,858.0,863.95,1040,0
2026-05-22T14:30:00+05:30,863.95,865.1,861.95,863.65,469,0
2026-05-22T14:45:00+05:30,863.65,866.0,860.0,863.0,1599,0
2026-05-22T15:00:00+05:30,862.55,864.1,861.85,863.8,380,0
2026-05-22T15:15:00+05:30,862.05,865.2,860.0,864.3,1582,0
2026-05-25T09:15:00+05:30,875.0,880.0,856.3,857.75,1945,0
2026-05-25T09:30:00+05:30,857.75,858.55,854.0,854.0,740,0
2026-05-25T09:45:00+05:30,857.75,857.75,851.1,856.3,540,0
2026-05-25T10:00:00+05:30,854.5,860.75,852.4,857.8,1620,0
2026-05-25T10:15:00+05:30,857.8,860.0,857.8,860.0,146,0
2026-05-25T10:30:00+05:30,859.8,860.0,856.4,856.95,466,0
2026-05-25T10:45:00+05:30,856.95,857.3,855.05,855.05,57,0
2026-05-25T11:00:00+05:30,855.05,857.3,853.0,854.95,1040,0
2026-05-25T11:15:00+05:30,854.95,860.15,854.95,860.15,611,0
2026-05-25T11:30:00+05:30,860.15,860.9,857.85,860.9,930,0
2026-05-25T11:45:00+05:30,859.25,859.45,858.3,859.45,66,0
2026-05-25T12:00:00+05:30,859.45,859.45,857.25,858.5,109,0
2026-05-25T12:15:00+05:30,858.5,859.65,858.5,859.2,82,0
2026-05-25T12:30:00+05:30,859.2,859.2,852.15,854.6,897,0
2026-05-25T12:45:00+05:30,854.45,884.0,853.0,876.95,11958,0
2026-05-25T13:00:00+05:30,874.3,883.9,870.0,879.5,6588,0
2026-05-25T13:15:00+05:30,879.5,879.8,871.4,877.45,1610,0
2026-05-25T13:30:00+05:30,877.3,878.85,872.0,874.85,2281,0
2026-05-25T13:45:00+05:30,874.85,875.9,870.3,872.0,1881,0
2026-05-25T14:00:00+05:30,872.0,875.0,870.1,873.5,1679,0
2026-05-25T14:15:00+05:30,874.65,885.0,872.45,881.5,4806,0
2026-05-25T14:30:00+05:30,881.35,883.0,876.1,880.75,1612,0
2026-05-25T14:45:00+05:30,879.6,881.05,876.0,879.6,1443,0
2026-05-25T15:00:00+05:30,879.6,880.45,876.65,880.0,1550,0
2026-05-25T15:15:00+05:30,879.55,880.0,870.5,870.5,3653,0
2026-05-26T09:15:00+05:30,878.0,889.1,876.05,880.0,3525,0
2026-05-26T09:30:00+05:30,880.25,888.95,878.0,884.0,3901,0
2026-05-26T09:45:00+05:30,881.7,886.7,881.1,883.0,1188,0
2026-05-26T10:00:00+05:30,883.0,889.0,882.0,888.0,1195,0
2026-05-26T10:15:00+05:30,887.8,890.0,885.1,885.15,1486,0
2026-05-26T10:30:00+05:30,885.15,886.25,874.9,879.25,3983,0
2026-05-26T10:45:00+05:30,879.5,887.95,877.6,887.95,1179,0
2026-05-26T11:00:00+05:30,887.85,889.95,877.0,889.75,2186,0
2026-05-26T11:15:00+05:30,887.35,910.0,887.25,902.95,22429,0
2026-05-26T11:30:00+05:30,902.95,918.0,901.05,910.1,26985,0
2026-05-26T11:45:00+05:30,910.05,932.8,909.3,922.6,20413,0
2026-05-26T12:00:00+05:30,922.5,930.0,920.0,930.0,11578,0
2026-05-26T12:15:00+05:30,927.75,947.0,926.0,945.8,30381,0
2026-05-26T12:30:00+05:30,945.85,950.0,940.25,945.0,18162,0
2026-05-26T12:45:00+05:30,945.1,945.25,930.05,933.1,19229,0
2026-05-26T13:00:00+05:30,933.1,942.3,932.0,935.0,8210,0
2026-05-26T13:15:00+05:30,935.0,944.0,926.0,932.05,8828,0
2026-05-26T13:30:00+05:30,932.85,935.0,920.05,930.45,4456,0
2026-05-26T13:45:00+05:30,930.45,930.45,923.0,923.0,3524,0
2026-05-26T14:00:00+05:30,923.0,926.0,923.0,925.85,1602,0
2026-05-26T14:15:00+05:30,925.85,930.0,923.0,927.65,3676,0
2026-05-26T14:30:00+05:30,929.25,929.75,922.75,924.25,3350,0
2026-05-26T14:45:00+05:30,925.6,928.85,923.1,926.55,1496,0
2026-05-26T15:00:00+05:30,928.8,935.0,926.55,930.2,3991,0
2026-05-26T15:15:00+05:30,930.2,938.0,926.8,938.0,6858,0
2026-05-27T09:15:00+05:30,945.0,945.0,922.35,929.4,13320,0
2026-05-27T09:30:00+05:30,930.2,945.05,928.05,937.55,5263,0
2026-05-27T09:45:00+05:30,937.0,943.9,931.05,936.9,3104,0
2026-05-27T10:00:00+05:30,937.45,940.75,932.75,933.85,1019,0
2026-05-27T10:15:00+05:30,933.85,940.0,933.5,937.6,1849,0
2026-05-27T10:30:00+05:30,939.3,939.75,930.5,934.65,1348,0
2026-05-27T10:45:00+05:30,935.7,935.7,931.1,935.1,524,0
2026-05-27T11:00:00+05:30,933.9,936.0,933.05,934.35,441,0
2026-05-27T11:15:00+05:30,934.4,936.9,930.0,935.0,810,0
2026-05-27T11:30:00+05:30,935.0,945.0,934.7,943.6,7611,0
2026-05-27T11:45:00+05:30,943.5,943.7,940.3,940.3,1112,0
2026-05-27T12:00:00+05:30,940.35,943.7,939.0,940.0,1139,0
2026-05-27T12:15:00+05:30,940.0,942.75,938.75,938.75,514,0
2026-05-27T12:30:00+05:30,940.25,943.5,935.95,937.75,1219,0
2026-05-27T12:45:00+05:30,937.75,940.0,937.1,940.0,515,0
2026-05-27T13:00:00+05:30,940.0,940.0,938.65,940.0,118,0
2026-05-27T13:15:00+05:30,940.0,940.95,938.45,940.0,945,0
2026-05-27T13:30:00+05:30,940.0,940.75,938.0,938.0,374,0
2026-05-27T13:45:00+05:30,938.0,944.0,936.0,940.5,3400,0
2026-05-27T14:00:00+05:30,941.95,944.1,940.0,942.45,2718,0
2026-05-27T14:15:00+05:30,942.45,944.1,937.05,939.35,3167,0
2026-05-27T14:30:00+05:30,939.35,944.0,939.35,943.3,1003,0
2026-05-27T14:45:00+05:30,943.1,944.1,941.3,942.95,976,0
2026-05-27T15:00:00+05:30,943.9,948.0,942.5,943.3,3264,0
2026-05-27T15:15:00+05:30,943.75,946.8,938.2,938.2,3100,0
2026-05-29T09:15:00+05:30,976.6,976.6,938.5,941.8,8092,0
2026-05-29T09:30:00+05:30,941.0,951.95,938.0,945.0,3058,0
2026-05-29T09:45:00+05:30,946.0,950.2,939.85,942.8,3314,0
2026-05-29T10:00:00+05:30,942.8,942.8,934.55,935.25,2265,0
2026-05-29T10:15:00+05:30,937.05,940.0,933.0,933.05,3415,0
2026-05-29T10:30:00+05:30,934.15,938.2,934.05,936.75,512,0
2026-05-29T10:45:00+05:30,934.1,937.8,933.0,934.15,660,0
2026-05-29T11:00:00+05:30,934.15,942.75,934.15,937.3,1577,0
2026-05-29T11:15:00+05:30,937.3,939.9,935.0,939.0,609,0
2026-05-29T11:30:00+05:30,937.1,943.95,937.0,941.0,1048,0
2026-05-29T11:45:00+05:30,941.0,943.95,940.05,941.9,255,0
2026-05-29T12:00:00+05:30,941.9,941.9,935.65,936.0,517,0
2026-05-29T12:15:00+05:30,936.0,937.9,935.0,937.65,259,0
2026-05-29T12:30:00+05:30,935.85,940.85,935.85,938.2,280,0
2026-05-29T12:45:00+05:30,938.2,940.0,934.0,935.0,1007,0
2026-05-29T13:00:00+05:30,935.0,936.95,932.1,934.5,1839,0
2026-05-29T13:15:00+05:30,934.5,934.85,931.0,931.5,956,0
2026-05-29T13:30:00+05:30,931.5,933.9,930.75,932.2,395,0
2026-05-29T13:45:00+05:30,932.2,932.5,927.8,928.1,969,0
2026-05-29T14:00:00+05:30,929.9,932.1,928.15,931.0,565,0
2026-05-29T14:15:00+05:30,930.0,932.0,929.05,931.7,268,0
2026-05-29T14:30:00+05:30,931.7,936.45,930.1,932.0,1358,0
2026-05-29T14:45:00+05:30,932.0,932.95,930.0,930.1,489,0
2026-05-29T15:00:00+05:30,930.1,930.1,915.1,915.25,3240,0
2026-05-29T15:15:00+05:30,921.55,933.0,917.0,922.0,3956,0
2026-06-01T09:15:00+05:30,929.2,929.2,907.8,913.1,2321,0
2026-06-01T09:30:00+05:30,913.1,919.95,912.95,919.15,1009,0
2026-06-01T09:45:00+05:30,919.95,920.95,917.55,918.25,408,0
2026-06-01T10:00:00+05:30,918.25,920.0,917.0,917.5,354,0
2026-06-01T10:15:00+05:30,917.5,917.95,913.4,916.25,962,0
2026-06-01T10:30:00+05:30,915.3,919.9,915.2,916.95,1148,0
2026-06-01T10:45:00+05:30,916.55,928.0,916.55,926.05,1180,0
2026-06-01T11:00:00+05:30,927.75,930.9,927.65,927.8,648,0
2026-06-01T11:15:00+05:30,927.3,927.3,925.0,925.0,237,0
2026-06-01T11:30:00+05:30,923.55,923.55,918.45,918.45,116,0
2026-06-01T11:45:00+05:30,918.45,919.95,916.7,916.7,473,0
2026-06-01T12:00:00+05:30,918.25,920.9,916.9,920.9,202,0
2026-06-01T12:15:00+05:30,920.9,920.9,916.9,916.95,222,0
2026-06-01T12:30:00+05:30,916.95,917.0,906.1,910.25,1769,0
2026-06-01T12:45:00+05:30,910.25,911.6,908.6,909.8,361,0
2026-06-01T13:00:00+05:30,909.8,909.8,905.05,906.0,368,0
2026-06-01T13:15:00+05:30,906.0,906.2,905.0,905.0,316,0
2026-06-01T13:30:00+05:30,905.0,905.0,900.0,904.85,1298,0
2026-06-01T13:45:00+05:30,904.85,905.2,903.15,903.15,7,0
2026-06-01T14:00:00+05:30,903.15,903.7,895.05,897.75,1490,0
2026-06-01T14:15:00+05:30,897.25,898.6,894.35,896.55,420,0
2026-06-01T14:30:00+05:30,896.55,898.5,895.35,898.5,774,0
2026-06-01T14:45:00+05:30,898.45,899.8,896.1,898.0,256,0
2026-06-01T15:00:00+05:30,898.5,900.0,892.7,893.25,1531,0
2026-06-01T15:15:00+05:30,897.0,907.0,893.0,907.0,2760,0
2026-06-02T09:15:00+05:30,890.75,910.65,885.0,908.2,2290,0
2026-06-02T09:30:00+05:30,906.45,910.0,905.0,907.0,1286,0
2026-06-02T09:45:00+05:30,907.75,911.85,905.1,908.05,638,0
2026-06-02T10:00:00+05:30,908.05,911.95,907.05,910.75,337,0
2026-06-02T10:15:00+05:30,909.75,910.9,900.1,904.4,3617,0
2026-06-02T10:30:00+05:30,903.35,905.45,900.05,905.45,763,0
2026-06-02T10:45:00+05:30,905.45,905.95,900.35,900.35,261,0
2026-06-02T11:00:00+05:30,905.6,907.9,901.05,905.3,489,0
2026-06-02T11:15:00+05:30,905.3,906.95,903.4,905.15,498,0
2026-06-02T11:30:00+05:30,904.95,907.85,901.1,906.95,564,0
2026-06-02T11:45:00+05:30,906.9,907.0,902.15,904.4,277,0
2026-06-02T12:00:00+05:30,904.4,904.4,904.2,904.2,6,0
2026-06-02T12:15:00+05:30,904.2,904.2,899.55,899.55,342,0
2026-06-02T12:30:00+05:30,899.55,901.05,894.1,901.05,1158,0
2026-06-02T12:45:00+05:30,901.05,904.0,899.95,903.9,280,0
2026-06-02T13:00:00+05:30,903.9,903.9,897.3,898.0,72,0
2026-06-02T13:15:00+05:30,898.0,903.0,896.95,903.0,463,0
2026-06-02T13:30:00+05:30,901.85,905.0,901.85,903.0,339,0
2026-06-02T13:45:00+05:30,903.45,905.3,903.45,903.75,58,0
2026-06-02T14:00:00+05:30,903.75,905.0,903.75,903.75,19,0
2026-06-02T14:15:00+05:30,905.0,907.8,903.5,903.5,2174,0
2026-06-02T14:30:00+05:30,903.5,904.95,898.35,898.75,2140,0
2026-06-02T14:45:00+05:30,899.75,903.45,898.2,900.65,2018,0
2026-06-02T15:00:00+05:30,903.35,903.45,900.0,903.15,314,0
2026-06-02T15:15:00+05:30,903.15,910.0,901.0,910.0,1397,0
2026-06-03T09:15:00+05:30,909.1,909.1,896.25,897.45,330,0
2026-06-03T09:30:00+05:30,897.45,902.95,897.45,901.3,92,0
2026-06-03T09:45:00+05:30,903.25,903.95,895.6,897.7,265,0
2026-06-03T10:00:00+05:30,897.7,898.5,883.8,889.95,3911,0
2026-06-03T10:15:00+05:30,889.95,890.95,888.5,890.75,109,0
2026-06-03T10:30:00+05:30,892.6,892.75,886.0,886.0,696,0
2026-06-03T10:45:00+05:30,889.0,891.65,887.05,889.9,399,0
2026-06-03T11:00:00+05:30,889.9,889.9,864.2,870.0,8718,0
2026-06-03T11:15:00+05:30,869.0,870.5,866.15,868.3,2211,0
2026-06-03T11:30:00+05:30,868.3,869.95,866.15,869.2,559,0
2026-06-03T11:45:00+05:30,869.75,869.8,866.55,866.55,587,0
2026-06-03T12:00:00+05:30,867.65,867.85,859.0,862.25,1398,0
2026-06-03T12:15:00+05:30,862.25,867.9,862.25,865.75,480,0
2026-06-03T12:30:00+05:30,865.55,869.0,864.1,867.8,1269,0
2026-06-03T12:45:00+05:30,867.8,874.9,867.8,869.9,921,0
2026-06-03T13:00:00+05:30,871.8,873.55,868.7,868.7,487,0
2026-06-03T13:15:00+05:30,868.7,874.85,868.7,872.95,617,0
2026-06-03T13:30:00+05:30,874.55,878.7,872.3,875.05,1070,0
2026-06-03T13:45:00+05:30,877.3,878.15,875.05,875.05,154,0
2026-06-03T14:00:00+05:30,875.05,882.9,875.05,882.9,589,0
2026-06-03T14:15:00+05:30,882.9,882.9,875.0,875.0,1521,0
2026-06-03T14:30:00+05:30,878.5,879.85,875.15,879.4,180,0
2026-06-03T14:45:00+05:30,876.0,879.25,868.0,877.5,4050,0
2026-06-03T15:00:00+05:30,877.45,878.05,874.0,877.1,502,0
2026-06-03T15:15:00+05:30,876.45,878.7,867.0,868.0,4431,0
2026-06-04T09:15:00+05:30,868.0,882.0,868.0,882.0,708,0
2026-06-04T09:30:00+05:30,882.0,882.0,876.05,880.0,515,0
2026-06-04T09:45:00+05:30,880.0,883.6,878.05,883.6,582,0
2026-06-04T10:00:00+05:30,884.8,886.2,873.1,876.6,2407,0
2026-06-04T10:15:00+05:30,876.6,880.0,876.0,879.65,1699,0
2026-06-04T10:30:00+05:30,879.65,880.0,877.3,878.1,523,0
2026-06-04T10:45:00+05:30,878.85,880.0,878.0,880.0,210,0
2026-06-04T11:00:00+05:30,880.0,890.0,879.0,885.05,4409,0
2026-06-04T11:15:00+05:30,885.05,918.0,885.05,917.9,6438,0
2026-06-04T11:30:00+05:30,913.35,945.5,907.4,925.2,12056,0
2026-06-04T11:45:00+05:30,924.35,937.95,919.85,931.0,7881,0
2026-06-04T12:00:00+05:30,930.25,930.25,915.1,919.9,1917,0
2026-06-04T12:15:00+05:30,919.9,919.9,908.05,910.5,1783,0
2026-06-04T12:30:00+05:30,910.5,911.95,908.3,911.5,405,0
2026-06-04T12:45:00+05:30,910.05,913.85,909.0,912.6,254,0
2026-06-04T13:00:00+05:30,913.6,913.6,906.05,908.2,615,0
2026-06-04T13:15:00+05:30,908.2,910.2,906.05,909.35,235,0
2026-06-04T13:30:00+05:30,909.35,914.85,909.35,913.8,609,0
2026-06-04T13:45:00+05:30,913.8,913.9,912.75,912.75,25,0
2026-06-04T14:00:00+05:30,912.2,914.8,911.4,912.4,436,0
2026-06-04T14:15:00+05:30,913.1,913.7,911.3,912.8,89,0
2026-06-04T14:30:00+05:30,912.8,914.8,910.7,914.15,247,0
2026-06-04T14:45:00+05:30,914.35,918.95,912.05,915.45,895,0
2026-06-04T15:00:00+05:30,915.45,919.95,913.5,913.5,894,0
2026-06-04T15:15:00+05:30,914.95,921.0,911.95,914.0,2963,0
2026-06-05T09:15:00+05:30,927.25,939.9,920.9,922.3,1175,0
2026-06-05T09:30:00+05:30,922.3,926.95,915.85,921.3,1333,0
2026-06-05T09:45:00+05:30,921.05,922.85,915.15,916.75,273,0
2026-06-05T10:00:00+05:30,915.15,922.1,909.45,920.75,1225,0
2026-06-05T10:15:00+05:30,920.75,926.2,919.0,921.85,1031,0
2026-06-05T10:30:00+05:30,923.85,925.25,914.05,915.2,988,0
2026-06-05T10:45:00+05:30,914.1,914.8,911.7,914.8,246,0
2026-06-05T11:00:00+05:30,914.8,918.95,914.8,917.55,154,0
2026-06-05T11:15:00+05:30,917.55,922.6,914.85,919.65,626,0
2026-06-05T11:30:00+05:30,919.45,921.95,916.0,916.0,457,0
2026-06-05T11:45:00+05:30,916.0,916.2,905.35,908.0,2938,0
2026-06-05T12:00:00+05:30,908.0,912.3,908.0,912.3,546,0
2026-06-05T12:15:00+05:30,912.3,912.4,910.4,911.15,99,0
2026-06-05T12:30:00+05:30,911.15,912.9,909.1,909.4,371,0
2026-06-05T12:45:00+05:30,909.4,909.4,909.0,909.2,27,0
2026-06-05T13:00:00+05:30,909.0,909.0,901.9,903.6,1576,0
2026-06-05T13:15:00+05:30,903.6,907.95,903.6,903.8,223,0
2026-06-05T13:30:00+05:30,903.8,907.8,903.8,907.8,47,0
2026-06-05T13:45:00+05:30,905.3,909.0,905.0,906.35,200,0
2026-06-05T14:00:00+05:30,908.9,908.95,905.6,907.15,186,0
2026-06-05T14:15:00+05:30,907.15,909.0,905.15,909.0,16,0
2026-06-05T14:30:00+05:30,909.0,909.0,905.0,909.0,96,0
2026-06-05T14:45:00+05:30,909.0,915.45,905.5,913.95,426,0
2026-06-05T15:00:00+05:30,910.6,913.9,905.7,906.4,533,0
2026-06-05T15:15:00+05:30,907.0,919.95,906.35,907.5,928,0
2026-06-08T09:15:00+05:30,892.0,904.95,890.1,894.0,1508,0
2026-06-08T09:30:00+05:30,894.7,897.45,890.05,894.8,903,0
2026-06-08T09:45:00+05:30,895.65,898.3,892.2,892.5,734,0
2026-06-08T10:00:00+05:30,895.65,897.95,894.1,895.05,220,0
2026-06-08T10:15:00+05:30,895.6,903.95,895.6,900.95,898,0
2026-06-08T10:30:00+05:30,900.85,904.0,900.85,902.2,222,0
2026-06-08T10:45:00+05:30,902.2,902.9,897.2,897.2,707,0
2026-06-08T11:00:00+05:30,897.2,902.7,897.2,898.95,176,0
2026-06-08T11:15:00+05:30,898.95,898.95,887.4,892.05,2165,0
2026-06-08T11:30:00+05:30,892.05,893.95,889.6,889.65,145,0
2026-06-08T11:45:00+05:30,889.65,893.1,889.65,893.1,65,0
2026-06-08T12:00:00+05:30,892.55,892.95,890.25,892.3,88,0
2026-06-08T12:15:00+05:30,892.3,892.3,889.65,891.75,143,0
2026-06-08T12:30:00+05:30,891.65,893.95,890.0,890.05,397,0
2026-06-08T12:45:00+05:30,891.5,891.5,891.5,891.5,1,0
2026-06-08T13:00:00+05:30,891.7,891.7,887.0,887.0,152,0
2026-06-08T13:15:00+05:30,887.5,887.9,885.1,885.15,126,0
2026-06-08T13:30:00+05:30,887.2,887.9,880.75,881.0,560,0
2026-06-08T13:45:00+05:30,881.0,883.75,881.0,881.0,279,0
2026-06-08T14:00:00+05:30,880.45,883.0,880.45,881.95,265,0
2026-06-08T14:15:00+05:30,881.95,884.6,878.6,878.6,505,0
2026-06-08T14:30:00+05:30,877.8,879.7,877.8,877.85,66,0
2026-06-08T14:45:00+05:30,878.8,882.05,875.7,875.7,620,0
2026-06-08T15:00:00+05:30,877.5,877.8,870.05,876.2,1007,0
2026-06-08T15:15:00+05:30,876.2,879.75,870.05,879.75,1597,0
2026-06-09T09:15:00+05:30,875.25,894.9,875.25,890.0,1235,0
2026-06-09T09:30:00+05:30,890.0,901.95,889.05,898.8,1218,0
2026-06-09T09:45:00+05:30,898.8,900.0,896.15,896.15,107,0
2026-06-09T10:00:00+05:30,895.05,896.2,892.05,892.2,839,0
2026-06-09T10:15:00+05:30,892.2,895.95,892.2,894.0,258,0
2026-06-09T10:30:00+05:30,894.0,894.3,892.05,892.05,31,0
2026-06-09T10:45:00+05:30,892.05,893.35,892.05,892.35,58,0
2026-06-09T11:00:00+05:30,892.35,894.5,890.5,892.75,171,0
2026-06-09T11:15:00+05:30,892.6,894.95,890.1,891.05,258,0
2026-06-09T11:30:00+05:30,891.05,893.7,887.0,887.0,1304,0
2026-06-09T11:45:00+05:30,887.0,891.05,884.05,886.9,2143,0
2026-06-09T12:00:00+05:30,886.9,897.95,886.9,896.3,1121,0
2026-06-09T12:15:00+05:30,896.35,898.95,896.3,897.35,99,0
2026-06-09T12:30:00+05:30,897.35,898.0,896.25,896.25,620,0
2026-06-09T12:45:00+05:30,897.3,898.9,895.05,896.7,220,0
2026-06-09T13:00:00+05:30,896.7,902.85,895.1,902.85,482,0
2026-06-09T13:15:00+05:30,903.2,903.2,900.1,900.5,459,0
2026-06-09T13:30:00+05:30,900.5,902.95,899.95,900.6,365,0
2026-06-09T13:45:00+05:30,900.6,900.6,898.05,898.95,129,0
2026-06-09T14:00:00+05:30,898.95,900.3,898.0,898.0,79,0
2026-06-09T14:15:00+05:30,898.35,902.95,898.35,900.2,119,0
2026-06-09T14:30:00+05:30,900.2,902.4,898.55,900.1,257,0
2026-06-09T14:45:00+05:30,900.1,908.45,899.45,908.45,597,0
2026-06-09T15:00:00+05:30,908.45,909.1,904.5,908.05,486,0
2026-06-09T15:15:00+05:30,908.65,908.75,895.0,898.3,1523,0
2026-06-10T09:15:00+05:30,907.95,907.95,893.0,896.95,237,0
2026-06-10T09:30:00+05:30,896.95,896.95,891.3,891.3,269,0
2026-06-10T09:45:00+05:30,894.0,902.65,893.5,896.6,982,0
2026-06-10T10:00:00+05:30,896.6,898.65,893.55,895.75,403,0
2026-06-10T10:15:00+05:30,895.6,897.0,891.3,895.95,380,0
2026-06-10T10:30:00+05:30,895.95,897.35,895.95,897.0,24,0
2026-06-10T10:45:00+05:30,897.0,897.8,895.0,896.4,377,0
2026-06-10T11:00:00+05:30,896.4,899.0,896.1,896.25,125,0
2026-06-10T11:15:00+05:30,896.25,899.6,896.25,898.95,96,0
2026-06-10T11:30:00+05:30,898.95,898.95,895.0,895.0,229,0
2026-06-10T11:45:00+05:30,895.0,895.0,891.1,891.1,298,0
2026-06-10T12:00:00+05:30,891.1,893.3,891.1,893.3,2,0
2026-06-10T12:15:00+05:30,893.3,893.3,892.0,892.95,12,0
2026-06-10T12:30:00+05:30,892.95,894.7,892.0,892.0,57,0
2026-06-10T12:45:00+05:30,892.0,894.65,887.05,892.35,830,0
2026-06-10T13:00:00+05:30,892.25,892.25,891.1,891.25,48,0
2026-06-10T13:15:00+05:30,891.5,891.5,889.45,889.9,60,0
2026-06-10T13:30:00+05:30,890.6,892.55,887.05,887.05,214,0
2026-06-10T13:45:00+05:30,887.15,893.9,886.65,893.9,1237,0
2026-06-10T14:00:00+05:30,891.3,893.9,891.3,891.55,41,0
2026-06-10T14:15:00+05:30,891.75,898.95,891.4,898.35,958,0
2026-06-10T14:30:00+05:30,898.35,901.45,894.7,895.6,428,0
2026-06-10T14:45:00+05:30,895.6,895.6,889.05,890.95,507,0
2026-06-10T15:00:00+05:30,890.95,905.0,888.75,900.0,1177,0
2026-06-10T15:15:00+05:30,893.25,900.0,888.8,900.0,834,0
2026-06-11T09:15:00+05:30,894.6,904.0,890.0,898.45,1044,0
2026-06-11T09:30:00+05:30,900.8,905.15,900.0,901.3,319,0
2026-06-11T09:45:00+05:30,901.3,904.3,897.25,897.25,1181,0
2026-06-11T10:00:00+05:30,897.25,899.65,897.25,899.65,59,0
2026-06-11T10:15:00+05:30,899.65,909.9,899.65,906.55,320,0
2026-06-11T10:30:00+05:30,907.3,907.7,902.05,907.45,397,0
2026-06-11T10:45:00+05:30,907.15,921.6,907.15,912.25,2879,0
2026-06-11T11:00:00+05:30,912.25,914.6,912.0,913.65,164,0
2026-06-11T11:15:00+05:30,913.65,913.65,912.0,912.0,225,0
2026-06-11T11:30:00+05:30,912.0,932.0,912.0,930.95,3255,0
2026-06-11T11:45:00+05:30,930.5,933.95,916.05,917.5,1033,0
2026-06-11T12:00:00+05:30,919.35,925.55,917.7,917.7,783,0
2026-06-11T12:15:00+05:30,917.7,925.9,917.4,923.65,591,0
2026-06-11T12:30:00+05:30,923.65,928.8,922.15,924.1,644,0
2026-06-11T12:45:00+05:30,923.9,926.65,922.05,923.95,317,0
2026-06-11T13:00:00+05:30,924.2,925.0,919.95,919.95,594,0
2026-06-11T13:15:00+05:30,919.95,923.95,919.95,920.0,381,0
2026-06-11T13:30:00+05:30,921.65,923.95,920.0,922.0,395,0
2026-06-11T13:45:00+05:30,922.0,927.35,920.05,927.35,442,0
2026-06-11T14:00:00+05:30,926.85,929.05,924.6,929.05,1462,0
2026-06-11T14:15:00+05:30,929.05,929.05,922.25,924.7,742,0
2026-06-11T14:30:00+05:30,924.7,928.95,922.35,925.0,290,0
2026-06-11T14:45:00+05:30,924.05,925.0,915.1,919.95,1490,0
2026-06-11T15:00:00+05:30,920.1,922.0,916.05,920.0,2139,0
2026-06-11T15:15:00+05:30,920.0,924.65,915.0,922.0,4990,0
2026-06-12T09:15:00+05:30,933.0,938.85,930.05,936.6,2354,0
2026-06-12T09:30:00+05:30,935.65,935.65,927.2,929.0,1208,0
2026-06-12T09:45:00+05:30,931.15,932.95,927.05,932.75,1572,0
2026-06-12T10:00:00+05:30,932.75,934.5,929.55,932.3,377,0
2026-06-12T10:15:00+05:30,932.3,932.95,928.15,931.7,757,0
2026-06-12T10:30:00+05:30,930.95,931.9,930.95,931.9,25,0
2026-06-12T10:45:00+05:30,931.9,931.9,926.05,929.15,745,0
2026-06-12T11:00:00+05:30,929.15,930.6,928.05,930.6,175,0
2026-06-12T11:15:00+05:30,930.6,943.0,928.05,938.7,6032,0
2026-06-12T11:30:00+05:30,939.5,942.25,936.5,939.25,1130,0
2026-06-12T11:45:00+05:30,939.25,939.85,936.1,936.75,313,0
2026-06-12T12:00:00+05:30,937.0,938.05,933.05,933.05,468,0
2026-06-12T12:15:00+05:30,934.5,937.0,934.3,934.4,325,0
2026-06-12T12:30:00+05:30,933.5,937.6,929.05,931.4,1657,0
2026-06-12T12:45:00+05:30,930.75,934.1,930.75,934.1,110,0
2026-06-12T13:00:00+05:30,934.1,936.4,932.0,936.4,317,0
2026-06-12T13:15:00+05:30,936.4,937.85,935.35,935.35,48,0
2026-06-12T13:30:00+05:30,934.65,936.0,925.1,934.15,681,0
2026-06-12T13:45:00+05:30,934.15,934.15,931.0,931.0,264,0
2026-06-12T14:00:00+05:30,931.0,931.5,929.3,930.05,68,0
2026-06-12T14:15:00+05:30,930.05,930.95,925.0,927.1,2756,0
2026-06-12T14:30:00+05:30,927.1,930.2,927.1,930.0,491,0
2026-06-12T14:45:00+05:30,930.0,931.9,929.75,931.8,176,0
2026-06-12T15:00:00+05:30,928.4,930.9,927.05,929.75,525,0
2026-06-12T15:15:00+05:30,929.75,930.5,921.1,929.5,2284,0
2026-06-15T09:15:00+05:30,959.0,1048.0,956.1,1001.4,178324,0
2026-06-15T09:30:00+05:30,1000.8,1041.2,990.3,1024.55,154089,0
2026-06-15T09:45:00+05:30,1024.55,1045.0,1017.1,1040.25,101983,0
2026-06-15T10:00:00+05:30,1041.6,1050.0,1033.05,1047.75,126980,0
2026-06-15T10:15:00+05:30,1047.8,1054.0,1035.1,1040.0,127787,0
2026-06-15T10:30:00+05:30,1041.0,1055.0,1030.0,1051.0,89422,0
2026-06-15T10:45:00+05:30,1050.0,1055.0,1045.05,1045.85,115217,0
2026-06-15T11:00:00+05:30,1046.5,1063.8,1040.3,1063.1,100728,0
2026-06-15T11:15:00+05:30,1062.5,1082.9,1051.2,1070.35,205418,0
2026-06-15T11:30:00+05:30,1070.35,1072.0,1056.0,1057.45,96167,0
2026-06-15T11:45:00+05:30,1057.4,1066.15,1050.1,1062.0,38170,0
2026-06-15T12:00:00+05:30,1061.9,1064.9,1060.0,1062.1,17098,0
2026-06-15T12:15:00+05:30,1062.1,1062.9,1051.5,1056.05,23736,0
2026-06-15T12:30:00+05:30,1055.15,1066.1,1055.05,1062.15,17230,0
2026-06-15T12:45:00+05:30,1063.0,1065.65,1058.55,1060.0,17588,0
2026-06-15T13:00:00+05:30,1059.5,1060.0,1040.1,1046.5,43287,0
2026-06-15T13:15:00+05:30,1046.8,1057.0,1040.05,1054.0,25077,0
2026-06-15T13:30:00+05:30,1054.0,1066.0,1048.5,1062.7,25562,0
2026-06-15T13:45:00+05:30,1062.7,1065.0,1055.0,1063.0,14234,0
2026-06-15T14:00:00+05:30,1062.1,1063.95,1040.45,1046.05,25982,0
2026-06-15T14:15:00+05:30,1047.45,1047.7,1034.0,1039.85,23843,0
2026-06-15T14:30:00+05:30,1039.85,1054.8,1037.75,1039.8,21610,0
2026-06-15T14:45:00+05:30,1040.4,1045.5,1039.0,1044.7,12803,0
2026-06-15T15:00:00+05:30,1044.65,1045.5,1022.35,1028.0,37030,0
2026-06-15T15:15:00+05:30,1028.0,1055.0,1022.2,1044.05,79199,0
2026-06-16T09:15:00+05:30,1060.0,1080.0,1045.05,1058.45,116002,0
2026-06-16T09:30:00+05:30,1059.75,1066.85,1046.0,1056.55,27837,0
2026-06-16T09:45:00+05:30,1056.9,1074.2,1052.0,1058.0,15295,0
2026-06-16T10:00:00+05:30,1058.05,1059.7,1046.6,1046.6,9950,0
2026-06-16T10:15:00+05:30,1046.85,1055.0,1045.0,1051.45,9460,0
2026-06-16T10:30:00+05:30,1052.9,1057.0,1048.7,1052.05,4510,0
2026-06-16T10:45:00+05:30,1052.2,1054.55,1046.0,1051.4,3486,0
2026-06-16T11:00:00+05:30,1050.95,1055.15,1045.0,1050.9,3135,0
2026-06-16T11:15:00+05:30,1050.9,1053.8,1045.15,1046.45,2746,0
2026-06-16T11:30:00+05:30,1045.2,1046.35,1038.0,1040.55,4995,0
2026-06-16T11:45:00+05:30,1041.95,1046.0,1040.1,1041.4,885,0
2026-06-16T12:00:00+05:30,1041.85,1049.0,1041.25,1043.65,1314,0
2026-06-16T12:15:00+05:30,1043.8,1045.15,1030.0,1038.35,6032,0
2026-06-16T12:30:00+05:30,1037.5,1042.6,1030.0,1031.5,5593,0
2026-06-16T12:45:00+05:30,1033.05,1038.6,1025.0,1028.9,4636,0
2026-06-16T13:00:00+05:30,1026.85,1035.0,1026.0,1030.1,2735,0
2026-06-16T13:15:00+05:30,1030.1,1041.05,1028.0,1037.7,2749,0
2026-06-16T13:30:00+05:30,1037.2,1041.7,1034.85,1037.7,2468,0
2026-06-16T13:45:00+05:30,1037.7,1037.7,1030.0,1032.5,1223,0
2026-06-16T14:00:00+05:30,1032.6,1056.95,1030.0,1048.3,18254,0
2026-06-16T14:15:00+05:30,1046.0,1049.0,1040.0,1040.7,4122,0
2026-06-16T14:30:00+05:30,1042.8,1063.0,1042.8,1052.6,12940,0
2026-06-16T14:45:00+05:30,1052.85,1053.95,1043.6,1048.7,2051,0
2026-06-16T15:00:00+05:30,1048.05,1058.05,1043.95,1050.6,9149,0
2026-06-16T15:15:00+05:30,1048.75,1049.35,1031.5,1041.0,17318,0
2026-06-17T09:15:00+05:30,1041.1,1048.9,1016.05,1035.0,16029,0
2026-06-17T09:30:00+05:30,1033.55,1038.05,1008.4,1022.95,15656,0
2026-06-17T09:45:00+05:30,1021.4,1028.8,1020.1,1025.0,2683,0
2026-06-17T10:00:00+05:30,1027.2,1060.9,1025.0,1031.8,25491,0
2026-06-17T10:15:00+05:30,1032.45,1038.35,1029.0,1031.55,2242,0
2026-06-17T10:30:00+05:30,1031.0,1033.0,1029.0,1033.0,1156,0
2026-06-17T10:45:00+05:30,1034.95,1038.0,1031.05,1031.5,884,0
2026-06-17T11:00:00+05:30,1033.75,1034.7,1031.0,1034.2,654,0
2026-06-17T11:15:00+05:30,1034.2,1040.0,1032.2,1035.95,1032,0
2026-06-17T11:30:00+05:30,1035.95,1036.6,1034.6,1034.6,226,0
2026-06-17T11:45:00+05:30,1035.3,1037.55,1031.05,1036.3,1141,0
2026-06-17T12:00:00+05:30,1038.0,1042.65,1038.0,1039.0,563,0
2026-06-17T12:15:00+05:30,1039.0,1044.1,1034.1,1038.45,1044,0
2026-06-17T12:30:00+05:30,1038.45,1038.85,1033.65,1036.1,556,0
2026-06-17T12:45:00+05:30,1036.1,1037.4,1033.05,1033.75,434,0
2026-06-17T13:00:00+05:30,1033.2,1036.45,1032.6,1035.85,457,0
2026-06-17T13:15:00+05:30,1035.6,1039.0,1033.5,1034.55,618,0
2026-06-17T13:30:00+05:30,1034.05,1037.0,1020.8,1030.75,5007,0
2026-06-17T13:45:00+05:30,1029.55,1033.1,1028.0,1032.0,553,0
2026-06-17T14:00:00+05:30,1032.15,1035.7,1030.25,1032.05,915,0
2026-06-17T14:15:00+05:30,1032.7,1033.7,1030.3,1032.05,760,0
2026-06-17T14:30:00+05:30,1032.05,1034.95,1028.0,1033.05,2266,0
2026-06-17T14:45:00+05:30,1032.95,1034.2,1030.85,1031.65,449,0
2026-06-17T15:00:00+05:30,1032.35,1044.05,1031.1,1032.5,4152,0
2026-06-17T15:15:00+05:30,1031.05,1036.7,1029.0,1029.0,5329,0
2026-06-18T09:15:00+05:30,1034.1,1049.95,1034.05,1041.75,7569,0
2026-06-18T09:30:00+05:30,1042.3,1050.0,1036.75,1040.5,6261,0
2026-06-18T09:45:00+05:30,1040.25,1043.95,1036.1,1038.0,1816,0
2026-06-18T10:00:00+05:30,1037.0,1039.95,1031.45,1038.9,3896,0
2026-06-18T10:15:00+05:30,1036.6,1038.55,1035.0,1036.65,395,0
2026-06-18T10:30:00+05:30,1035.85,1044.0,1035.0,1039.95,1257,0
2026-06-18T10:45:00+05:30,1039.95,1045.8,1034.05,1039.75,2299,0
2026-06-18T11:00:00+05:30,1039.65,1040.0,1028.8,1033.45,2832,0
2026-06-18T11:15:00+05:30,1033.5,1038.05,1030.6,1032.5,883,0
2026-06-18T11:30:00+05:30,1032.75,1034.85,1031.05,1032.0,500,0
2026-06-18T11:45:00+05:30,1032.0,1034.95,1030.3,1030.65,390,0
2026-06-18T12:00:00+05:30,1032.25,1032.9,1029.0,1032.9,937,0
2026-06-18T12:15:00+05:30,1032.9,1035.7,1031.6,1031.6,164,0
2026-06-18T12:30:00+05:30,1031.6,1035.9,1031.6,1032.2,828,0
2026-06-18T12:45:00+05:30,1033.05,1035.25,1032.2,1034.95,433,0
2026-06-18T13:00:00+05:30,1033.9,1035.0,1031.9,1033.0,718,0
2026-06-18T13:15:00+05:30,1034.9,1034.9,1031.95,1032.55,1432,0
2026-06-18T13:30:00+05:30,1032.55,1033.0,1029.1,1031.2,634,0
2026-06-18T13:45:00+05:30,1031.2,1031.2,1029.0,1029.0,185,0
2026-06-18T14:00:00+05:30,1029.0,1029.0,1027.2,1027.2,1222,0
2026-06-18T14:15:00+05:30,1027.25,1027.25,1022.2,1023.5,1338,0
2026-06-18T14:30:00+05:30,1023.5,1025.0,1016.9,1019.9,1909,0
2026-06-18T14:45:00+05:30,1020.5,1022.9,1019.0,1019.05,1413,0
2026-06-18T15:00:00+05:30,1019.95,1023.75,1019.95,1023.3,496,0
2026-06-18T15:15:00+05:30,1023.65,1025.95,1019.0,1023.0,4127,0
2026-06-19T09:15:00+05:30,1026.1,1031.6,1012.0,1019.15,2208,0
2026-06-19T09:30:00+05:30,1018.95,1025.25,1016.15,1024.95,516,0
2026-06-19T09:45:00+05:30,1024.1,1032.7,1020.2,1029.9,1456,0
2026-06-19T10:00:00+05:30,1029.6,1049.9,1024.05,1049.2,8601,0
2026-06-19T10:15:00+05:30,1047.7,1065.75,1047.0,1056.2,19435,0
2026-06-19T10:30:00+05:30,1057.8,1064.5,1055.1,1058.0,3745,0
2026-06-19T10:45:00+05:30,1057.95,1060.0,1054.0,1060.0,3307,0
2026-06-19T11:00:00+05:30,1061.6,1062.75,1050.0,1054.3,3411,0
2026-06-19T11:15:00+05:30,1055.15,1056.5,1052.65,1054.05,1336,0
2026-06-19T11:30:00+05:30,1055.0,1060.3,1054.0,1054.0,1573,0
2026-06-19T11:45:00+05:30,1053.0,1057.3,1052.0,1054.9,1136,0
2026-06-19T12:00:00+05:30,1053.55,1055.0,1050.0,1050.15,1517,0
2026-06-19T12:15:00+05:30,1050.15,1058.95,1050.15,1057.35,2123,0
2026-06-19T12:30:00+05:30,1057.1,1062.0,1056.05,1057.0,1715,0
2026-06-19T12:45:00+05:30,1055.0,1059.55,1045.0,1046.65,2123,0
2026-06-19T13:00:00+05:30,1045.45,1046.6,1040.05,1043.0,1111,0
2026-06-19T13:15:00+05:30,1042.25,1049.9,1039.4,1049.9,2244,0
2026-06-19T13:30:00+05:30,1049.7,1060.0,1049.25,1059.9,3341,0
2026-06-19T13:45:00+05:30,1059.9,1060.5,1050.0,1055.35,1754,0
2026-06-19T14:00:00+05:30,1056.05,1056.05,1040.25,1041.5,2244,0
2026-06-19T14:15:00+05:30,1040.5,1045.0,1032.1,1045.0,7063,0
2026-06-19T14:30:00+05:30,1045.0,1045.0,1044.0,1044.8,1122,0
2026-06-19T14:45:00+05:30,1044.8,1045.0,1036.0,1040.0,2554,0
2026-06-19T15:00:00+05:30,1038.25,1068.4,1038.0,1062.95,12553,0
2026-06-19T15:15:00+05:30,1063.0,1070.0,1060.0,1064.0,9833,0
2026-06-22T09:15:00+05:30,1090.0,1114.2,1090.0,1107.85,35332,0
2026-06-22T09:30:00+05:30,1107.85,1154.95,1105.6,1137.9,66942,0
2026-06-22T09:45:00+05:30,1139.0,1159.0,1136.0,1155.55,24558,0
2026-06-22T10:00:00+05:30,1156.0,1159.0,1145.0,1149.95,8349,0
2026-06-22T10:15:00+05:30,1148.25,1164.0,1141.9,1162.05,21635,0
2026-06-22T10:30:00+05:30,1163.0,1198.0,1150.0,1166.8,81554,0
2026-06-22T10:45:00+05:30,1166.9,1173.0,1155.0,1165.9,17946,0
2026-06-22T11:00:00+05:30,1167.45,1176.0,1163.55,1164.15,8920,0
2026-06-22T11:15:00+05:30,1164.2,1171.0,1156.1,1170.75,6680,0
2026-06-22T11:30:00+05:30,1169.25,1176.5,1161.55,1176.0,9443,0
2026-06-22T11:45:00+05:30,1176.0,1180.0,1161.65,1167.5,12438,0
2026-06-22T12:00:00+05:30,1166.65,1167.55,1162.05,1166.65,4550,0
2026-06-22T12:15:00+05:30,1164.6,1172.95,1163.25,1166.65,4767,0
2026-06-22T12:30:00+05:30,1167.35,1167.35,1152.0,1164.7,17155,0
2026-06-22T12:45:00+05:30,1164.45,1175.0,1157.0,1175.0,6839,0
2026-06-22T13:00:00+05:30,1172.4,1173.9,1164.5,1166.0,4760,0
2026-06-22T13:15:00+05:30,1166.0,1174.0,1166.0,1171.0,5543,0
2026-06-22T13:30:00+05:30,1171.0,1171.0,1160.0,1165.55,5539,0
2026-06-22T13:45:00+05:30,1165.65,1167.35,1160.0,1164.85,3901,0
2026-06-22T14:00:00+05:30,1163.6,1199.0,1163.6,1189.25,32698,0
2026-06-22T14:15:00+05:30,1189.7,1189.9,1177.25,1187.2,15240,0
2026-06-22T14:30:00+05:30,1187.5,1189.3,1180.1,1183.45,11358,0
2026-06-22T14:45:00+05:30,1184.35,1193.6,1172.35,1179.15,21406,0
2026-06-22T15:00:00+05:30,1178.1,1185.0,1175.9,1176.85,12708,0
2026-06-22T15:15:00+05:30,1178.0,1184.0,1160.0,1167.2,36675,0
2026-06-23T09:15:00+05:30,1170.0,1173.1,1135.7,1137.15,15839,0
2026-06-23T09:30:00+05:30,1137.15,1144.25,1128.0,1134.35,8764,0
2026-06-23T09:45:00+05:30,1132.25,1134.65,1122.05,1124.0,5430,0
2026-06-23T10:00:00+05:30,1125.2,1135.0,1123.5,1133.4,4592,0
2026-06-23T10:15:00+05:30,1133.35,1135.3,1120.0,1123.75,4109,0
2026-06-23T10:30:00+05:30,1123.6,1125.85,1120.05,1121.25,3620,0
2026-06-23T10:45:00+05:30,1121.7,1123.15,1111.2,1114.45,9594,0
2026-06-23T11:00:00+05:30,1115.85,1120.0,1112.7,1114.6,2849,0
2026-06-23T11:15:00+05:30,1114.5,1116.5,1111.45,1116.05,1732,0
2026-06-23T11:30:00+05:30,1115.0,1119.2,1104.0,1107.5,6919,0
2026-06-23T11:45:00+05:30,1106.5,1110.0,1100.8,1107.0,4274,0
2026-06-23T12:00:00+05:30,1106.95,1115.75,1102.9,1108.9,4265,0
2026-06-23T12:15:00+05:30,1108.8,1115.6,1104.85,1108.85,6333,0
2026-06-23T12:30:00+05:30,1108.85,1108.9,1100.0,1104.7,3688,0
2026-06-23T12:45:00+05:30,1104.65,1106.95,1098.8,1105.25,4715,0
2026-06-23T13:00:00+05:30,1103.95,1107.8,1101.85,1106.75,1360,0
2026-06-23T13:15:00+05:30,1105.35,1108.9,1105.05,1106.65,3176,0
2026-06-23T13:30:00+05:30,1106.7,1108.9,1101.0,1108.9,1256,0
2026-06-23T13:45:00+05:30,1108.9,1109.95,1103.45,1105.9,2460,0
2026-06-23T14:00:00+05:30,1104.4,1110.0,1104.4,1108.9,877,0
2026-06-23T14:15:00+05:30,1108.9,1123.95,1108.0,1117.65,4013,0
2026-06-23T14:30:00+05:30,1117.65,1122.7,1115.0,1117.3,1282,0
2026-06-23T14:45:00+05:30,1117.5,1119.0,1113.45,1115.8,3051,0
2026-06-23T15:00:00+05:30,1114.7,1122.65,1107.75,1113.7,4229,0
2026-06-23T15:15:00+05:30,1114.45,1124.0,1101.0,1117.0,11344,0
2026-06-24T09:15:00+05:30,1128.7,1129.9,1105.05,1113.1,6768,0
2026-06-24T09:30:00+05:30,1115.0,1125.0,1112.3,1118.15,2302,0
2026-06-24T09:45:00+05:30,1119.5,1119.9,1095.6,1107.25,7046,0
2026-06-24T10:00:00+05:30,1105.7,1110.95,1105.6,1109.3,1231,0
2026-06-24T10:15:00+05:30,1108.4,1112.7,1106.0,1109.55,1440,0
2026-06-24T10:30:00+05:30,1110.6,1116.0,1110.6,1113.5,760,0
2026-06-24T10:45:00+05:30,1113.35,1118.9,1110.7,1110.75,724,0
2026-06-24T11:00:00+05:30,1110.75,1115.95,1107.3,1115.55,1344,0
2026-06-24T11:15:00+05:30,1115.55,1119.9,1111.05,1117.95,1997,0
2026-06-24T11:30:00+05:30,1117.55,1119.9,1112.05,1112.2,1229,0
2026-06-24T11:45:00+05:30,1114.45,1118.9,1110.95,1118.9,985,0
2026-06-24T12:00:00+05:30,1119.55,1125.6,1116.1,1116.1,1701,0
2026-06-24T12:15:00+05:30,1116.1,1118.15,1115.3,1115.3,354,0
2026-06-24T12:30:00+05:30,1115.3,1118.9,1113.0,1114.0,1140,0
2026-06-24T12:45:00+05:30,1114.0,1122.2,1112.0,1121.7,1601,0
2026-06-24T13:00:00+05:30,1122.95,1135.0,1122.95,1127.0,8283,0
2026-06-24T13:15:00+05:30,1126.8,1126.85,1118.05,1121.95,1097,0
2026-06-24T13:30:00+05:30,1121.0,1121.0,1115.0,1119.5,1690,0
2026-06-24T13:45:00+05:30,1119.5,1123.15,1119.2,1121.9,833,0
2026-06-24T14:00:00+05:30,1121.9,1134.95,1120.45,1131.3,4232,0
2026-06-24T14:15:00+05:30,1131.3,1138.7,1130.0,1133.45,2444,0
2026-06-24T14:30:00+05:30,1135.4,1139.5,1132.85,1138.8,2655,0
2026-06-24T14:45:00+05:30,1138.95,1139.8,1129.0,1131.6,3572,0
2026-06-24T15:00:00+05:30,1131.6,1131.65,1127.5,1131.5,2614,0
2026-06-24T15:15:00+05:30,1130.0,1150.0,1126.0,1140.9,9813,0
2026-06-25T09:15:00+05:30,1136.4,1150.4,1115.5,1116.95,5833,0
2026-06-25T09:30:00+05:30,1116.0,1119.4,1110.05,1114.95,3886,0
2026-06-25T09:45:00+05:30,1113.9,1114.9,1101.1,1107.4,2233,0
2026-06-25T10:00:00+05:30,1106.8,1109.7,1102.75,1103.8,2154,0
2026-06-25T10:15:00+05:30,1104.25,1104.8,1101.0,1104.8,1272,0
2026-06-25T10:30:00+05:30,1104.8,1107.95,1095.0,1100.0,3878,0
2026-06-25T10:45:00+05:30,1100.0,1100.0,1096.0,1098.15,1254,0
2026-06-25T11:00:00+05:30,1096.8,1096.95,1090.0,1095.0,2558,0
2026-06-25T11:15:00+05:30,1095.0,1095.9,1091.75,1091.75,1286,0
2026-06-25T11:30:00+05:30,1092.5,1093.0,1090.0,1093.0,1494,0
2026-06-25T11:45:00+05:30,1091.4,1095.9,1086.35,1088.95,2573,0
2026-06-25T12:00:00+05:30,1089.5,1089.95,1084.4,1087.35,1462,0
2026-06-25T12:15:00+05:30,1087.35,1089.15,1083.1,1083.3,807,0
2026-06-25T12:30:00+05:30,1083.8,1087.25,1083.3,1086.9,681,0
2026-06-25T12:45:00+05:30,1086.0,1088.8,1084.0,1088.25,1271,0
2026-06-25T13:00:00+05:30,1087.85,1100.2,1087.85,1090.8,5735,0
2026-06-25T13:15:00+05:30,1090.8,1093.95,1085.6,1085.6,1905,0
2026-06-25T13:30:00+05:30,1087.9,1088.2,1085.4,1087.8,431,0
2026-06-25T13:45:00+05:30,1087.8,1089.9,1084.8,1087.1,1441,0
2026-06-25T14:00:00+05:30,1086.35,1092.35,1086.0,1091.5,558,0
2026-06-25T14:15:00+05:30,1091.0,1093.15,1085.1,1088.9,945,0
2026-06-25T14:30:00+05:30,1090.05,1092.3,1089.1,1092.3,358,0
2026-06-25T14:45:00+05:30,1091.95,1092.0,1088.05,1088.25,330,0
2026-06-25T15:00:00+05:30,1090.35,1090.35,1083.75,1085.0,2183,0
2026-06-25T15:15:00+05:30,1085.0,1090.0,1080.0,1090.0,5648,0
2026-06-29T09:15:00+05:30,1080.0,1098.5,1078.4,1085.0,4703,0
2026-06-29T09:30:00+05:30,1085.0,1108.3,1080.9,1102.45,3906,0
2026-06-29T09:45:00+05:30,1101.0,1122.95,1088.7,1099.85,14870,0
2026-06-29T10:00:00+05:30,1100.7,1102.4,1078.0,1078.75,10879,0
2026-06-29T10:15:00+05:30,1079.35,1079.35,1063.5,1069.25,9560,0
2026-06-29T10:30:00+05:30,1071.9,1082.55,1067.8,1075.2,1939,0
2026-06-29T10:45:00+05:30,1075.2,1075.2,1066.05,1071.95,606,0
2026-06-29T11:00:00+05:30,1071.95,1074.95,1068.95,1072.0,755,0
2026-06-29T11:15:00+05:30,1074.45,1075.95,1071.0,1071.0,530,0
2026-06-29T11:30:00+05:30,1071.5,1076.6,1069.55,1074.2,857,0
2026-06-29T11:45:00+05:30,1072.75,1073.3,1072.0,1072.0,29,0
2026-06-29T12:00:00+05:30,1072.0,1072.0,1068.05,1068.85,287,0
2026-06-29T12:15:00+05:30,1068.85,1068.85,1063.75,1067.0,1319,0
2026-06-29T12:30:00+05:30,1067.0,1067.05,1063.0,1063.0,477,0
2026-06-29T12:45:00+05:30,1064.75,1066.15,1057.7,1062.3,3192,0
2026-06-29T13:00:00+05:30,1062.3,1066.35,1062.25,1066.25,351,0
2026-06-29T13:15:00+05:30,1066.0,1067.9,1060.0,1064.25,871,0
2026-06-29T13:30:00+05:30,1064.0,1072.4,1060.1,1070.6,5148,0
2026-06-29T13:45:00+05:30,1070.65,1075.45,1067.8,1070.0,1947,0
2026-06-29T14:00:00+05:30,1069.7,1074.0,1068.05,1073.85,724,0
2026-06-29T14:15:00+05:30,1073.85,1073.85,1066.05,1070.95,431,0
2026-06-29T14:30:00+05:30,1070.95,1078.7,1068.0,1072.0,1522,0
2026-06-29T14:45:00+05:30,1070.65,1071.4,1064.1,1066.0,1318,0
2026-06-29T15:00:00+05:30,1067.0,1072.0,1063.25,1069.55,3073,0
2026-06-29T15:15:00+05:30,1069.75,1069.95,1060.0,1068.0,7807,0
2026-06-30T09:15:00+05:30,1070.0,1110.65,1070.0,1103.15,12098,0
2026-06-30T09:30:00+05:30,1105.0,1118.0,1094.8,1109.8,10696,0
2026-06-30T09:45:00+05:30,1109.75,1117.6,1107.45,1116.65,5372,0
2026-06-30T10:00:00+05:30,1114.3,1119.7,1108.45,1111.95,3522,0
2026-06-30T10:15:00+05:30,1111.85,1136.9,1110.5,1135.0,9382,0
2026-06-30T10:30:00+05:30,1137.0,1138.8,1120.0,1132.2,6403,0
2026-06-30T10:45:00+05:30,1129.65,1139.9,1127.3,1132.0,5291,0
2026-06-30T11:00:00+05:30,1132.25,1134.95,1128.8,1129.6,1935,0
2026-06-30T11:15:00+05:30,1129.55,1130.0,1123.0,1130.0,3094,0
2026-06-30T11:30:00+05:30,1129.45,1130.0,1120.1,1122.5,1357,0
2026-06-30T11:45:00+05:30,1120.65,1129.95,1116.0,1129.05,4232,0
2026-06-30T12:00:00+05:30,1129.05,1129.05,1111.4,1115.0,2310,0
2026-06-30T12:15:00+05:30,1115.75,1117.0,1107.0,1107.0,2717,0
2026-06-30T12:30:00+05:30,1107.9,1107.9,1099.0,1103.1,4541,0
2026-06-30T12:45:00+05:30,1101.6,1101.6,1095.95,1100.0,1976,0
2026-06-30T13:00:00+05:30,1099.95,1099.95,1096.05,1097.7,687,0
2026-06-30T13:15:00+05:30,1097.7,1109.0,1097.7,1105.55,1132,0
2026-06-30T13:30:00+05:30,1105.55,1108.95,1104.6,1108.4,931,0
2026-06-30T13:45:00+05:30,1107.4,1110.0,1101.75,1102.6,1687,0
2026-06-30T14:00:00+05:30,1102.6,1103.2,1098.0,1101.85,869,0
2026-06-30T14:15:00+05:30,1101.85,1104.95,1101.2,1104.05,786,0
2026-06-30T14:30:00+05:30,1104.05,1109.2,1101.0,1106.85,2160,0
2026-06-30T14:45:00+05:30,1104.2,1106.7,1099.0,1100.0,1236,0
2026-06-30T15:00:00+05:30,1100.0,1101.85,1095.8,1099.6,2172,0
2026-06-30T15:15:00+05:30,1099.75,1132.0,1098.3,1132.0,8017,0
2026-07-01T09:15:00+05:30,1115.9,1122.2,1109.9,1109.9,2317,0
2026-07-01T09:30:00+05:30,1110.3,1112.8,1098.2,1108.3,1745,0
2026-07-01T09:45:00+05:30,1106.7,1113.9,1106.7,1111.4,2102,0
2026-07-01T10:00:00+05:30,1111.1,1112.9,1109.2,1110.0,953,0
2026-07-01T10:15:00+05:30,1110.1,1124.0,1109.3,1123.6,2479,0
2026-07-01T10:30:00+05:30,1120.9,1125.0,1118.1,1121.8,1259,0
2026-07-01T10:45:00+05:30,1121.9,1132.4,1121.8,1126.9,2393,0
2026-07-01T11:00:00+05:30,1127.7,1130.0,1126.4,1127.8,977,0
2026-07-01T11:15:00+05:30,1127.6,1128.2,1120.4,1126.0,767,0
2026-07-01T11:30:00+05:30,1126.1,1126.8,1120.0,1126.8,542,0
2026-07-01T11:45:00+05:30,1124.1,1129.8,1123.0,1126.9,946,0
2026-07-01T12:00:00+05:30,1126.9,1134.0,1126.3,1126.6,1171,0
2026-07-01T12:15:00+05:30,1126.6,1128.0,1115.1,1117.1,2194,0
2026-07-01T12:30:00+05:30,1117.1,1125.9,1116.6,1119.1,941,0
2026-07-01T12:45:00+05:30,1119.1,1125.0,1119.1,1119.5,542,0
2026-07-01T13:00:00+05:30,1120.4,1120.4,1112.1,1114.8,912,0
2026-07-01T13:15:00+05:30,1114.8,1123.4,1112.6,1115.1,1250,0
2026-07-01T13:30:00+05:30,1114.9,1117.6,1113.1,1116.9,312,0
2026-07-01T13:45:00+05:30,1118.8,1119.2,1115.0,1115.0,295,0
2026-07-01T14:00:00+05:30,1115.0,1116.8,1111.1,1111.3,614,0
2026-07-01T14:15:00+05:30,1111.3,1115.8,1109.2,1114.3,423,0
2026-07-01T14:30:00+05:30,1114.3,1115.4,1109.0,1109.0,1021,0
2026-07-01T14:45:00+05:30,1109.0,1113.9,1109.0,1113.8,878,0
2026-07-01T15:00:00+05:30,1113.6,1113.9,1110.7,1112.5,1489,0
2026-07-01T15:15:00+05:30,1112.5,1115.0,1109.2,1114.6,3026,0
2026-07-02T09:15:00+05:30,1139.7,1149.0,1105.5,1126.4,11624,0
2026-07-02T09:30:00+05:30,1123.6,1125.8,1120.1,1122.6,2026,0
2026-07-02T09:45:00+05:30,1121.9,1124.9,1116.2,1122.9,1827,0
2026-07-02T10:00:00+05:30,1124.7,1128.9,1120.1,1120.1,1087,0
2026-07-02T10:15:00+05:30,1120.0,1123.9,1116.0,1119.6,667,0
2026-07-02T10:30:00+05:30,1119.8,1123.3,1116.3,1121.0,590,0
2026-07-02T10:45:00+05:30,1121.0,1149.0,1121.0,1135.1,4734,0
2026-07-02T11:00:00+05:30,1137.5,1161.0,1137.5,1149.5,12893,0
2026-07-02T11:15:00+05:30,1149.5,1154.5,1142.2,1147.8,2018,0
2026-07-02T11:30:00+05:30,1147.5,1158.0,1144.1,1150.2,3586,0
2026-07-02T11:45:00+05:30,1150.7,1151.1,1139.1,1145.0,1742,0
2026-07-02T12:00:00+05:30,1143.1,1146.3,1143.0,1146.0,624,0
2026-07-02T12:15:00+05:30,1146.0,1146.7,1140.1,1143.4,622,0
2026-07-02T12:30:00+05:30,1143.4,1145.7,1141.7,1145.3,159,0
2026-07-02T12:45:00+05:30,1143.7,1143.7,1136.0,1138.9,984,0
2026-07-02T13:00:00+05:30,1137.9,1170.0,1136.2,1163.9,15057,0
2026-07-02T13:15:00+05:30,1165.4,1165.8,1151.1,1157.0,4449,0
2026-07-02T13:30:00+05:30,1156.9,1174.0,1153.4,1172.1,5606,0
2026-07-02T13:45:00+05:30,1171.6,1181.1,1170.0,1178.0,13956,0
2026-07-02T14:00:00+05:30,1178.5,1182.1,1160.1,1162.0,8395,0
2026-07-02T14:15:00+05:30,1162.6,1167.3,1161.0,1166.3,2845,0
2026-07-02T14:30:00+05:30,1164.9,1169.0,1163.1,1164.7,886,0
2026-07-02T14:45:00+05:30,1164.7,1169.0,1160.5,1165.1,2878,0
2026-07-02T15:00:00+05:30,1167.2,1168.1,1162.0,1162.9,1983,0
2026-07-02T15:15:00+05:30,1162.9,1189.0,1162.0,1185.0,19291,0
2026-07-03T09:15:00+05:30,1213.1,1229.4,1195.6,1196.7,24238,0
2026-07-03T09:30:00+05:30,1194.8,1202.4,1186.1,1197.7,5771,0
2026-07-03T09:45:00+05:30,1197.9,1202.5,1192.8,1201.2,3393,0
2026-07-03T10:00:00+05:30,1201.1,1215.0,1201.1,1215.0,7992,0
2026-07-03T10:15:00+05:30,1215.0,1217.8,1199.0,1199.0,1713,0
2026-07-03T10:30:00+05:30,1201.0,1203.9,1198.1,1202.6,1146,0
2026-07-03T10:45:00+05:30,1201.9,1204.0,1199.0,1201.5,640,0
2026-07-03T11:00:00+05:30,1199.7,1202.0,1190.2,1191.8,5349,0
2026-07-03T11:15:00+05:30,1190.8,1190.8,1180.0,1188.3,4284,0
2026-07-03T11:30:00+05:30,1188.3,1191.8,1164.7,1167.0,5366,0
2026-07-03T11:45:00+05:30,1167.9,1168.4,1159.1,1162.3,3420,0
2026-07-03T12:00:00+05:30,1162.0,1164.9,1159.4,1160.8,1146,0
2026-07-03T12:15:00+05:30,1160.7,1164.9,1154.2,1160.0,3423,0
2026-07-03T12:30:00+05:30,1160.0,1160.0,1154.5,1154.7,880,0
2026-07-03T12:45:00+05:30,1155.1,1162.7,1155.0,1162.7,399,0
2026-07-03T13:00:00+05:30,1162.8,1184.3,1162.8,1184.3,6496,0
2026-07-03T13:15:00+05:30,1183.4,1185.9,1175.1,1182.7,1549,0
2026-07-03T13:30:00+05:30,1182.4,1183.9,1178.1,1182.7,753,0
2026-07-03T13:45:00+05:30,1181.1,1186.0,1181.0,1183.0,430,0
2026-07-03T14:00:00+05:30,1183.0,1186.2,1180.0,1181.2,541,0
2026-07-03T14:15:00+05:30,1181.2,1181.6,1170.1,1174.6,800,0
2026-07-03T14:30:00+05:30,1174.8,1177.8,1173.2,1176.7,456,0
2026-07-03T14:45:00+05:30,1176.6,1187.2,1176.0,1183.3,1671,0
2026-07-03T15:00:00+05:30,1183.4,1187.7,1181.3,1181.3,3343,0
2026-07-03T15:15:00+05:30,1181.7,1202.0,1164.9,1200.0,6627,0
2026-07-06T09:15:00+05:30,1216.1,1260.0,1216.1,1224.5,46335,0
2026-07-06T09:30:00+05:30,1224.0,1239.0,1221.1,1235.8,10304,0
2026-07-06T09:45:00+05:30,1235.0,1248.9,1221.2,1230.0,20483,0
2026-07-06T10:00:00+05:30,1230.0,1237.3,1221.9,1226.0,5854,0
2026-07-06T10:15:00+05:30,1225.9,1233.1,1224.0,1227.7,2205,0
2026-07-06T10:30:00+05:30,1229.6,1232.9,1218.0,1218.1,6314,0
2026-07-06T10:45:00+05:30,1217.0,1218.6,1208.5,1214.8,4193,0
2026-07-06T11:00:00+05:30,1213.1,1223.7,1209.1,1221.3,3680,0
2026-07-06T11:15:00+05:30,1221.3,1231.8,1215.4,1231.0,3512,0
2026-07-06T11:30:00+05:30,1231.0,1231.9,1226.0,1228.9,1448,0
2026-07-06T11:45:00+05:30,1228.9,1230.0,1221.4,1223.8,1339,0
2026-07-06T12:00:00+05:30,1225.0,1231.5,1221.9,1222.1,1508,0
2026-07-06T12:15:00+05:30,1223.2,1225.2,1217.5,1219.8,1561,0
2026-07-06T12:30:00+05:30,1219.5,1226.3,1217.4,1221.2,643,0
2026-07-06T12:45:00+05:30,1221.2,1222.1,1206.0,1221.8,5703,0
2026-07-06T13:00:00+05:30,1221.8,1225.9,1220.0,1225.9,3358,0
2026-07-06T13:15:00+05:30,1226.0,1244.0,1226.0,1228.8,11367,0
2026-07-06T13:30:00+05:30,1228.8,1231.9,1222.1,1225.1,1859,0
2026-07-06T13:45:00+05:30,1227.0,1231.0,1226.0,1229.1,874,0
2026-07-06T14:00:00+05:30,1227.3,1228.0,1219.8,1225.3,1807,0
2026-07-06T14:15:00+05:30,1225.3,1227.0,1222.4,1225.3,799,0
2026-07-06T14:30:00+05:30,1225.3,1230.0,1223.3,1230.0,758,0
2026-07-06T14:45:00+05:30,1230.4,1237.1,1229.1,1232.5,3845,0
2026-07-06T15:00:00+05:30,1233.5,1236.8,1232.2,1233.0,6108,0
2026-07-06T15:15:00+05:30,1233.2,1239.1,1229.0,1234.0,7863,0
2026-07-07T09:15:00+05:30,1234.1,1254.2,1212.1,1215.9,7177,0
2026-07-07T09:30:00+05:30,1217.3,1217.3,1200.0,1203.4,5139,0
2026-07-07T09:45:00+05:30,1203.3,1208.0,1200.0,1201.0,2734,0
2026-07-07T10:00:00+05:30,1201.0,1207.7,1191.2,1193.5,3693,0
2026-07-07T10:15:00+05:30,1195.4,1195.8,1188.1,1188.1,1587,0
2026-07-07T10:30:00+05:30,1190.4,1198.2,1190.4,1193.3,1683,0
2026-07-07T10:45:00+05:30,1193.3,1198.7,1193.1,1196.4,811,0
2026-07-07T11:00:00+05:30,1195.9,1203.9,1195.7,1200.2,909,0
2026-07-07T11:15:00+05:30,1200.2,1203.5,1197.2,1200.0,427,0
2026-07-07T11:30:00+05:30,1200.0,1201.7,1198.0,1200.8,189,0
2026-07-07T11:45:00+05:30,1200.3,1206.0,1200.3,1204.0,985,0
2026-07-07T12:00:00+05:30,1204.0,1205.8,1200.1,1201.3,752,0
2026-07-07T12:15:00+05:30,1201.3,1203.3,1200.6,1200.8,184,0
2026-07-07T12:30:00+05:30,1200.8,1205.9,1200.8,1205.5,657,0
2026-07-07T12:45:00+05:30,1206.1,1207.9,1202.0,1202.0,1014,0
2026-07-07T13:00:00+05:30,1202.0,1202.3,1188.1,1197.0,3018,0
2026-07-07T13:15:00+05:30,1197.0,1199.0,1195.0,1199.0,309,0
2026-07-07T13:30:00+05:30,1197.1,1199.5,1196.5,1196.5,222,0
2026-07-07T13:45:00+05:30,1196.8,1205.0,1196.8,1204.7,631,0
2026-07-07T14:00:00+05:30,1204.7,1205.0,1199.3,1204.8,998,0
2026-07-07T14:15:00+05:30,1203.8,1213.5,1201.9,1205.4,1912,0
2026-07-07T14:30:00+05:30,1206.4,1209.5,1204.8,1205.9,445,0
2026-07-07T14:45:00+05:30,1205.9,1208.3,1202.0,1202.0,564,0
2026-07-07T15:00:00+05:30,1202.0,1218.8,1202.0,1211.0,3417,0
2026-07-07T15:15:00+05:30,1210.5,1214.3,1195.0,1195.0,4813,0
2026-07-08T09:15:00+05:30,1194.6,1209.9,1173.0,1201.2,2966,0
2026-07-08T09:30:00+05:30,1202.8,1222.1,1199.8,1209.6,3823,0
2026-07-08T09:45:00+05:30,1211.5,1221.9,1209.3,1211.1,1925,0
2026-07-08T10:00:00+05:30,1211.1,1212.9,1206.1,1209.1,697,0
2026-07-08T10:15:00+05:30,1209.1,1212.1,1199.5,1204.6,1403,0
2026-07-08T10:30:00+05:30,1202.4,1204.3,1196.2,1202.4,983,0
2026-07-08T10:45:00+05:30,1202.4,1202.8,1199.1,1199.9,200,0
2026-07-08T11:00:00+05:30,1202.1,1203.1,1195.5,1200.5,697,0
2026-07-08T11:15:00+05:30,1200.6,1204.5,1196.3,1204.5,455,0
2026-07-08T11:30:00+05:30,1204.5,1204.6,1197.2,1201.1,379,0
2026-07-08T11:45:00+05:30,1201.6,1201.6,1197.3,1199.9,628,0
2026-07-08T12:00:00+05:30,1199.3,1201.7,1196.7,1196.7,988,0
2026-07-08T12:15:00+05:30,1198.7,1199.3,1194.0,1194.0,918,0
2026-07-08T12:30:00+05:30,1195.2,1195.2,1192.4,1192.4,376,0
2026-07-08T12:45:00+05:30,1192.3,1193.9,1190.1,1192.9,327,0
2026-07-08T13:00:00+05:30,1194.8,1196.8,1193.7,1194.5,507,0
2026-07-08T13:15:00+05:30,1194.5,1196.0,1185.0,1191.5,811,0
2026-07-08T13:30:00+05:30,1191.5,1193.4,1189.9,1192.9,350,0
2026-07-08T13:45:00+05:30,1192.9,1192.9,1174.4,1174.9,3049,0
2026-07-08T14:00:00+05:30,1173.1,1173.1,1147.1,1151.7,6198,0
2026-07-08T14:15:00+05:30,1151.9,1156.0,1146.1,1149.9,5659,0
2026-07-08T14:30:00+05:30,1149.0,1152.3,1141.1,1145.0,4180,0
2026-07-08T14:45:00+05:30,1144.5,1147.5,1130.0,1131.9,8134,0
2026-07-08T15:00:00+05:30,1130.0,1140.4,1125.0,1138.0,8491,0
2026-07-08T15:15:00+05:30,1137.7,1153.2,1136.1,1149.0,10253,0
2026-07-09T09:15:00+05:30,1151.8,1183.9,1146.1,1180.0,10946,0
2026-07-09T09:30:00+05:30,1181.0,1191.5,1177.2,1185.9,3061,0
2026-07-09T09:45:00+05:30,1189.7,1199.0,1187.5,1190.6,3899,0
2026-07-09T10:00:00+05:30,1190.9,1214.8,1190.6,1208.1,8816,0
2026-07-09T10:15:00+05:30,1208.6,1229.9,1208.6,1213.1,8973,0
2026-07-09T10:30:00+05:30,1213.9,1220.1,1209.1,1216.6,2464,0
2026-07-09T10:45:00+05:30,1216.3,1222.1,1209.5,1212.0,3331,0
2026-07-09T11:00:00+05:30,1210.2,1210.7,1195.9,1195.9,2687,0
2026-07-09T11:15:00+05:30,1195.6,1199.6,1188.0,1193.7,1820,0
2026-07-09T11:30:00+05:30,1193.9,1196.1,1191.8,1194.1,1407,0
2026-07-09T11:45:00+05:30,1194.1,1194.6,1187.2,1192.2,2351,0
2026-07-09T12:00:00+05:30,1190.2,1193.8,1185.1,1186.2,3129,0
2026-07-09T12:15:00+05:30,1186.6,1188.9,1185.7,1187.2,460,0
2026-07-09T12:30:00+05:30,1187.6,1189.0,1187.0,1187.6,593,0
2026-07-09T12:45:00+05:30,1187.6,1189.7,1186.0,1187.8,519,0
2026-07-09T13:00:00+05:30,1187.8,1192.9,1187.0,1191.3,428,0
2026-07-09T13:15:00+05:30,1192.5,1193.2,1187.1,1191.9,354,0
2026-07-09T13:30:00+05:30,1191.2,1191.8,1188.7,1189.1,77,0
2026-07-09T13:45:00+05:30,1189.4,1202.0,1187.1,1198.0,2397,0
2026-07-09T14:00:00+05:30,1197.9,1200.6,1195.1,1197.2,849,0
2026-07-09T14:15:00+05:30,1195.5,1195.5,1190.0,1194.3,710,0
2026-07-09T14:30:00+05:30,1192.8,1196.0,1191.6,1193.2,442,0
2026-07-09T14:45:00+05:30,1193.2,1196.9,1183.0,1184.1,2013,0
2026-07-09T15:00:00+05:30,1183.0,1185.0,1173.9,1176.4,1757,0
2026-07-09T15:15:00+05:30,1176.8,1219.0,1176.7,1219.0,4445,0
2026-07-10T09:15:00+05:30,1185.9,1229.9,1185.9,1195.0,6870,0
2026-07-10T09:30:00+05:30,1194.9,1199.9,1182.6,1187.1,3204,0
2026-07-10T09:45:00+05:30,1188.1,1195.7,1187.5,1192.1,869,0
2026-07-10T10:00:00+05:30,1193.1,1198.8,1187.1,1195.2,1608,0
2026-07-10T10:15:00+05:30,1195.2,1201.9,1185.5,1189.3,2505,0
2026-07-10T10:30:00+05:30,1189.2,1195.0,1189.2,1192.1,883,0
2026-07-10T10:45:00+05:30,1192.1,1194.8,1187.7,1188.0,511,0
2026-07-10T11:00:00+05:30,1188.0,1191.9,1184.0,1186.0,863,0
2026-07-10T11:15:00+05:30,1186.1,1187.2,1184.2,1187.0,222,0
2026-07-10T11:30:00+05:30,1185.4,1188.3,1184.2,1188.3,378,0
2026-07-10T11:45:00+05:30,1188.3,1193.5,1186.9,1188.1,364,0
2026-07-10T12:00:00+05:30,1188.2,1192.1,1187.0,1190.9,198,0
2026-07-10T12:15:00+05:30,1190.6,1190.7,1187.1,1187.9,364,0
2026-07-10T12:30:00+05:30,1187.9,1189.0,1187.9,1187.9,115,0
2026-07-10T12:45:00+05:30,1187.9,1190.7,1185.0,1188.0,588,0
2026-07-10T13:00:00+05:30,1187.4,1187.9,1185.9,1185.9,345,0
2026-07-10T13:15:00+05:30,1185.9,1185.9,1184.0,1184.0,183,0
2026-07-10T13:30:00+05:30,1184.0,1188.5,1182.0,1183.5,559,0
2026-07-10T13:45:00+05:30,1183.5,1187.7,1183.5,1187.3,156,0
2026-07-10T14:00:00+05:30,1185.3,1187.1,1182.3,1184.2,284,0
2026-07-10T14:15:00+05:30,1184.2,1186.7,1184.2,1186.7,105,0
2026-07-10T14:30:00+05:30,1186.7,1186.8,1183.0,1183.1,479,0
2026-07-10T14:45:00+05:30,1183.1,1186.0,1183.1,1183.8,299,0
2026-07-10T15:00:00+05:30,1184.9,1188.7,1184.0,1185.0,1674,0
2026-07-10T15:15:00+05:30,1186.1,1195.0,1180.0,1189.0,5418,0
2026-07-13T09:15:00+05:30,1176.5,1183.7,1152.1,1155.4,6128,0
2026-07-13T09:30:00+05:30,1155.4,1162.0,1151.0,1162.0,3731,0
2026-07-13T09:45:00+05:30,1161.9,1162.9,1157.6,1159.2,1026,0
2026-07-13T10:00:00+05:30,1161.3,1162.2,1150.1,1150.2,2671,0
2026-07-13T10:15:00+05:30,1152.4,1155.6,1150.0,1150.0,2074,0
2026-07-13T10:30:00+05:30,1150.0,1155.9,1150.0,1150.2,1498,0
2026-07-13T10:45:00+05:30,1151.9,1157.3,1150.0,1150.2,3548,0
2026-07-13T11:00:00+05:30,1150.2,1154.5,1150.0,1150.1,1949,0
2026-07-13T11:15:00+05:30,1150.1,1151.6,1145.0,1145.6,1281,0
2026-07-13T11:30:00+05:30,1147.9,1151.9,1143.5,1147.9,1723,0
2026-07-13T11:45:00+05:30,1147.7,1162.0,1145.5,1161.0,2660,0
2026-07-13T12:00:00+05:30,1162.9,1173.0,1157.0,1161.4,2271,0
2026-07-13T12:15:00+05:30,1162.1,1164.7,1156.5,1156.5,798,0
2026-07-13T12:30:00+05:30,1156.6,1165.7,1155.0,1156.1,2203,0
2026-07-13T12:45:00+05:30,1155.6,1160.0,1155.0,1155.0,1006,0
2026-07-13T13:00:00+05:30,1155.0,1157.9,1155.0,1155.0,2419,0
2026-07-13T13:15:00+05:30,1155.0,1156.9,1150.0,1150.0,2367,0
2026-07-13T13:30:00+05:30,1150.0,1153.8,1148.8,1150.0,1080,0
2026-07-13T13:45:00+05:30,1150.0,1152.6,1148.9,1150.0,1038,0
2026-07-13T14:00:00+05:30,1150.0,1159.2,1149.0,1153.6,1972,0
2026-07-13T14:15:00+05:30,1154.1,1156.4,1150.1,1150.8,1419,0
2026-07-13T14:30:00+05:30,1150.8,1153.5,1148.9,1151.2,1385,0
2026-07-13T14:45:00+05:30,1151.0,1154.6,1149.2,1150.2,1507,0
2026-07-13T15:00:00+05:30,1150.2,1161.6,1149.3,1156.2,5118,0
2026-07-13T15:15:00+05:30,1156.4,1162.6,1149.1,1160.0,8515,0
2026-07-14T09:15:00+05:30,1150.0,1155.8,1141.2,1145.2,2396,0
2026-07-14T09:30:00+05:30,1146.8,1148.1,1135.1,1139.6,1604,0
2026-07-14T09:45:00+05:30,1137.3,1150.0,1137.3,1143.9,1316,0
2026-07-14T10:00:00+05:30,1141.7,1142.0,1133.1,1135.0,2679,0
2026-07-14T10:15:00+05:30,1132.9,1135.4,1130.3,1134.7,771,0
2026-07-14T10:30:00+05:30,1134.6,1135.0,1130.4,1132.5,959,0
2026-07-14T10:45:00+05:30,1132.5,1138.0,1132.5,1136.0,429,0
2026-07-14T11:00:00+05:30,1134.8,1138.3,1133.8,1138.3,335,0
2026-07-14T11:15:00+05:30,1138.3,1147.8,1138.3,1144.3,1213,0
2026-07-14T11:30:00+05:30,1144.4,1149.9,1143.3,1145.1,791,0
2026-07-14T11:45:00+05:30,1145.1,1152.9,1145.1,1148.7,787,0
2026-07-14T12:00:00+05:30,1148.7,1159.2,1148.7,1150.0,1034,0
2026-07-14T12:15:00+05:30,1150.0,1150.0,1140.0,1143.1,1247,0
2026-07-14T12:30:00+05:30,1142.9,1148.9,1140.4,1146.8,949,0
2026-07-14T12:45:00+05:30,1146.8,1152.0,1145.7,1152.0,731,0
2026-07-14T13:00:00+05:30,1151.4,1157.1,1151.4,1153.4,528,0
2026-07-14T13:15:00+05:30,1153.4,1155.1,1147.0,1147.0,350,0
2026-07-14T13:30:00+05:30,1147.0,1151.9,1145.1,1145.3,392,0
2026-07-14T13:45:00+05:30,1147.2,1151.6,1145.4,1145.4,147,0
2026-07-14T14:00:00+05:30,1145.4,1149.9,1145.1,1148.1,262,0
2026-07-14T14:15:00+05:30,1148.1,1149.3,1143.1,1146.1,543,0
2026-07-14T14:30:00+05:30,1146.1,1146.6,1141.4,1142.5,132,0
2026-07-14T14:45:00+05:30,1142.5,1144.6,1142.0,1142.1,75,0
2026-07-14T15:00:00+05:30,1142.1,1144.1,1140.9,1144.1,351,0
2026-07-14T15:15:00+05:30,1143.3,1147.0,1135.0,1147.0,2813,0
2026-07-15T09:15:00+05:30,1140.0,1150.0,1128.1,1146.5,4502,0
2026-07-15T09:30:00+05:30,1147.7,1156.0,1147.7,1156.0,1254,0
2026-07-15T09:45:00+05:30,1156.0,1207.9,1155.0,1199.7,17331,0
2026-07-15T10:00:00+05:30,1199.8,1205.0,1183.7,1189.3,14390,0
2026-07-15T10:15:00+05:30,1188.5,1195.0,1166.0,1177.4,24039,0
2026-07-15T10:30:00+05:30,1177.9,1182.0,1177.4,1181.0,1366,0
2026-07-15T10:45:00+05:30,1180.9,1182.4,1179.0,1180.5,475,0
2026-07-15T11:00:00+05:30,1180.5,1182.9,1178.4,1181.0,1007,0
2026-07-15T11:15:00+05:30,1181.0,1185.0,1179.0,1182.1,998,0
2026-07-15T11:30:00+05:30,1182.3,1183.9,1178.2,1183.0,1351,0
2026-07-15T11:45:00+05:30,1183.0,1185.9,1182.1,1182.5,1184,0
2026-07-15T12:00:00+05:30,1182.5,1184.6,1179.0,1181.0,1373,0
2026-07-15T12:15:00+05:30,1181.0,1181.0,1176.2,1177.4,248,0
2026-07-15T12:30:00+05:30,1177.4,1183.6,1176.1,1181.5,1495,0
2026-07-15T12:45:00+05:30,1181.5,1181.5,1166.0,1170.9,3098,0
2026-07-15T13:00:00+05:30,1172.6,1172.9,1169.5,1172.3,989,0
2026-07-15T13:15:00+05:30,1169.9,1171.8,1168.0,1170.7,815,0
2026-07-15T13:30:00+05:30,1170.7,1171.4,1165.0,1165.8,1242,0
2026-07-15T13:45:00+05:30,1167.0,1175.6,1167.0,1175.6,2093,0
2026-07-15T14:00:00+05:30,1175.6,1179.1,1174.6,1178.9,543,0
2026-07-15T14:15:00+05:30,1178.6,1178.7,1175.4,1176.3,1069,0
2026-07-15T14:30:00+05:30,1175.4,1178.9,1174.6,1177.4,776,0
2026-07-15T14:45:00+05:30,1177.4,1178.9,1174.6,1174.6,1590,0
2026-07-15T15:00:00+05:30,1174.6,1180.9,1172.5,1177.9,1963,0
2026-07-15T15:15:00+05:30,1176.2,1178.9,1167.4,1173.2,5735,0
2026-07-16T09:15:00+05:30,1173.0,1176.4,1160.0,1160.0,4495,0
2026-07-16T09:30:00+05:30,1160.7,1162.6,1152.0,1154.5,1280,0
2026-07-16T09:45:00+05:30,1158.0,1158.9,1154.9,1155.0,359,0
2026-07-16T10:00:00+05:30,1156.0,1159.8,1156.0,1159.0,564,0
2026-07-16T10:15:00+05:30,1159.0,1160.2,1157.6,1160.2,225,0
2026-07-16T10:30:00+05:30,1160.0,1160.0,1156.1,1157.0,256,0
2026-07-16T10:45:00+05:30,1159.9,1168.0,1159.9,1164.8,1160,0
2026-07-16T11:00:00+05:30,1164.8,1164.8,1160.4,1160.6,260,0
2026-07-16T11:15:00+05:30,1160.6,1162.3,1160.6,1162.0,249,0
2026-07-16T11:30:00+05:30,1162.0,1162.9,1159.1,1162.4,223,0
2026-07-16T11:45:00+05:30,1162.4,1164.1,1160.3,1160.5,336,0
2026-07-16T12:00:00+05:30,1160.5,1163.9,1160.4,1161.2,57,0
2026-07-16T12:15:00+05:30,1161.2,1169.5,1160.7,1166.0,1113,0
2026-07-16T12:30:00+05:30,1166.0,1175.8,1164.9,1172.1,2932,0
2026-07-16T12:45:00+05:30,1171.5,1176.0,1170.8,1176.0,749,0
2026-07-16T13:00:00+05:30,1178.2,1179.9,1172.0,1179.9,1635,0
2026-07-16T13:15:00+05:30,1179.9,1179.9,1175.0,1175.0,276,0
2026-07-16T13:30:00+05:30,1175.5,1177.9,1172.4,1177.9,465,0
2026-07-16T13:45:00+05:30,1177.9,1177.9,1170.1,1170.1,953,0
2026-07-16T14:00:00+05:30,1170.1,1180.0,1170.1,1177.0,2452,0
2026-07-16T14:15:00+05:30,1177.0,1192.9,1177.0,1188.3,3179,0
2026-07-16T14:30:00+05:30,1188.3,1188.3,1180.0,1180.0,787,0
2026-07-16T14:45:00+05:30,1180.0,1187.9,1180.0,1185.1,1103,0
2026-07-16T15:00:00+05:30,1187.2,1206.0,1187.2,1194.8,6828,0
2026-07-16T15:15:00+05:30,1192.5,1204.0,1187.6,1200.0,5005,0
2026-07-17T09:15:00+05:30,1190.0,1222.1,1190.0,1194.4,12916,0
2026-07-17T09:30:00+05:30,1192.2,1196.6,1182.1,1182.2,3418,0
2026-07-17T09:45:00+05:30,1182.6,1182.6,1173.0,1173.5,3854,0
2026-07-17T10:00:00+05:30,1173.0,1175.1,1162.9,1175.1,1811,0
2026-07-17T10:15:00+05:30,1174.1,1183.7,1173.0,1181.9,1492,0
2026-07-17T10:30:00+05:30,1181.8,1182.6,1177.2,1177.2,788,0
2026-07-17T10:45:00+05:30,1177.2,1180.6,1177.2,1180.6,97,0
2026-07-17T11:00:00+05:30,1181.3,1186.9,1178.2,1178.2,510,0
2026-07-17T11:15:00+05:30,1177.8,1178.2,1170.0,1170.9,1050,0
2026-07-17T11:30:00+05:30,1170.9,1170.9,1164.8,1165.0,448,0
2026-07-17T11:45:00+05:30,1165.0,1165.4,1154.2,1159.9,4085,0
2026-07-17T12:00:00+05:30,1158.0,1162.8,1157.4,1159.7,640,0
2026-07-17T12:15:00+05:30,1159.4,1162.2,1158.8,1159.9,344,0
2026-07-17T12:30:00+05:30,1159.9,1164.5,1159.9,1160.8,726,0
2026-07-17T12:45:00+05:30,1160.8,1165.0,1159.9,1161.4,1106,0
2026-07-17T13:00:00+05:30,1161.4,1161.4,1155.2,1160.5,817,0
2026-07-17T13:15:00+05:30,1160.5,1160.5,1155.0,1160.5,654,0
2026-07-17T13:30:00+05:30,1160.5,1161.9,1156.4,1161.9,1054,0
2026-07-17T13:45:00+05:30,1161.7,1169.2,1161.7,1169.2,1619,0
2026-07-17T14:00:00+05:30,1169.6,1170.1,1162.0,1163.9,841,0
2026-07-17T14:15:00+05:30,1163.8,1177.5,1163.8,1177.5,1769,0
2026-07-17T14:30:00+05:30,1177.2,1187.4,1174.0,1184.1,1658,0
2026-07-17T14:45:00+05:30,1184.6,1186.8,1181.1,1186.2,762,0
2026-07-17T15:00:00+05:30,1185.4,1187.2,1180.1,1182.1,2153,0
2026-07-17T15:15:00+05:30,1184.5,1187.0,1175.0,1175.0,4535,0
2026-07-20T09:15:00+05:30,1170.6,1180.9,1158.9,1158.9,2833,0
2026-07-20T09:30:00+05:30,1159.5,1172.6,1158.9,1172.6,1948,0
2026-07-20T09:45:00+05:30,1173.2,1178.8,1170.0,1172.5,439,0
2026-07-20T10:00:00+05:30,1172.2,1172.7,1169.6,1171.5,516,0
2026-07-20T10:15:00+05:30,1172.3,1180.3,1168.0,1168.0,740,0
2026-07-20T10:30:00+05:30,1166.1,1166.3,1155.0,1160.5,2249,0
2026-07-20T10:45:00+05:30,1160.5,1168.8,1159.6,1167.1,2046,0
2026-07-20T11:00:00+05:30,1167.1,1167.5,1162.2,1165.8,424,0
2026-07-20T11:15:00+05:30,1165.8,1165.8,1163.0,1164.1,147,0
2026-07-20T11:30:00+05:30,1164.1,1170.6,1164.1,1167.7,770,0
2026-07-20T11:45:00+05:30,1167.7,1167.9,1162.2,1162.2,617,0
2026-07-20T12:00:00+05:30,1164.9,1166.9,1163.1,1166.9,265,0
2026-07-20T12:15:00+05:30,1166.9,1170.6,1165.0,1167.8,328,0
2026-07-20T12:30:00+05:30,1169.9,1171.8,1168.0,1169.8,767,0
2026-07-20T12:45:00+05:30,1169.6,1175.5,1169.6,1172.0,2013,0
2026-07-20T13:00:00+05:30,1172.1,1176.7,1171.5,1176.7,1449,0
2026-07-20T13:15:00+05:30,1176.2,1179.9,1173.2,1176.0,1474,0
2026-07-20T13:30:00+05:30,1176.0,1179.7,1172.7,1175.3,1238,0
2026-07-20T13:45:00+05:30,1175.0,1185.5,1174.8,1176.7,2064,0
2026-07-20T14:00:00+05:30,1176.5,1182.3,1174.3,1179.8,1568,0
2026-07-20T14:15:00+05:30,1181.6,1184.1,1176.6,1177.1,2390,0
2026-07-20T14:30:00+05:30,1179.3,1179.9,1172.5,1174.0,1520,0
2026-07-20T14:45:00+05:30,1174.4,1188.9,1174.0,1183.4,2064,0
2026-07-20T15:00:00+05:30,1183.0,1245.9,1182.2,1221.2,26189,0
2026-07-20T15:15:00+05:30,1220.7,1221.2,1207.1,1210.0,6913,0
2026-07-21T09:15:00+05:30,1210.0,1220.1,1203.9,1212.2,8482,0
2026-07-21T09:30:00+05:30,1212.6,1213.1,1204.4,1204.4,2471,0
2026-07-21T09:45:00+05:30,1204.4,1212.3,1203.2,1203.3,1737,0
2026-07-21T10:00:00+05:30,1202.1,1207.9,1195.6,1204.1,2101,0
2026-07-21T10:15:00+05:30,1206.4,1207.9,1196.5,1202.8,1442,0
2026-07-21T10:30:00+05:30,1201.6,1202.9,1198.0,1198.0,311,0
2026-07-21T10:45:00+05:30,1198.0,1205.0,1197.6,1199.4,2175,0
2026-07-21T11:00:00+05:30,1201.5,1205.0,1201.0,1204.1,1103,0
2026-07-21T11:15:00+05:30,1204.1,1204.9,1201.2,1204.8,803,0
2026-07-21T11:30:00+05:30,1204.8,1210.0,1203.9,1206.7,1009,0
2026-07-21T11:45:00+05:30,1208.8,1208.8,1199.7,1202.6,1658,0
2026-07-21T12:00:00+05:30,1202.6,1205.8,1201.5,1205.8,306,0
2026-07-21T12:15:00+05:30,1205.8,1208.0,1204.9,1206.5,415,0
2026-07-21T12:30:00+05:30,1206.5,1206.5,1200.8,1200.9,501,0
2026-07-21T12:45:00+05:30,1200.9,1204.3,1200.9,1203.0,191,0
2026-07-21T13:00:00+05:30,1203.0,1213.1,1203.0,1213.1,1291,0
2026-07-21T13:15:00+05:30,1213.0,1213.0,1209.3,1209.3,546,0
2026-07-21T13:30:00+05:30,1209.3,1211.9,1208.6,1211.7,125,0
2026-07-21T13:45:00+05:30,1211.5,1212.0,1204.3,1204.7,852,0
2026-07-21T14:00:00+05:30,1207.5,1209.7,1207.5,1209.6,67,0
2026-07-21T14:15:00+05:30,1209.6,1209.6,1200.3,1206.4,918,0
2026-07-21T14:30:00+05:30,1206.4,1212.0,1201.4,1207.4,952,0
2026-07-21T14:45:00+05:30,1207.4,1207.4,1203.1,1206.0,270,0
2026-07-21T15:00:00+05:30,1203.2,1212.0,1203.0,1207.3,1235,0
2026-07-21T15:15:00+05:30,1208.9,1212.0,1190.1,1210.0,6363,0
2026-07-22T09:15:00+05:30,1195.5,1208.4,1175.0,1176.7,4497,0
2026-07-22T09:30:00+05:30,1175.6,1179.5,1166.2,1170.8,2729,0
2026-07-22T09:45:00+05:30,1168.9,1171.9,1163.3,1169.4,3836,0
2026-07-22T10:00:00+05:30,1169.4,1179.9,1167.2,1179.9,1714,0
2026-07-22T10:15:00+05:30,1177.1,1179.9,1165.9,1168.6,1972,0
2026-07-22T10:30:00+05:30,1168.6,1168.6,1160.0,1167.1,1571,0
2026-07-22T10:45:00+05:30,1165.8,1172.8,1161.1,1171.2,780,0
2026-07-22T11:00:00+05:30,1171.2,1175.0,1171.2,1174.9,534,0
2026-07-22T11:15:00+05:30,1174.9,1177.6,1171.4,1177.5,423,0
2026-07-22T11:30:00+05:30,1177.5,1177.5,1174.0,1176.5,180,0
2026-07-22T11:45:00+05:30,1177.3,1177.3,1171.2,1173.5,459,0
2026-07-22T12:00:00+05:30,1173.5,1173.5,1166.2,1168.0,1273,0
2026-07-22T12:15:00+05:30,1168.0,1170.5,1165.0,1168.1,567,0
2026-07-22T12:30:00+05:30,1168.1,1168.9,1166.0,1168.6,160,0
2026-07-22T12:45:00+05:30,1168.6,1171.1,1168.6,1170.0,28,0
2026-07-22T13:00:00+05:30,1170.0,1171.6,1166.1,1168.9,329,0
2026-07-22T13:15:00+05:30,1168.0,1168.9,1163.0,1164.7,194,0
2026-07-22T13:30:00+05:30,1164.5,1167.0,1164.4,1167.0,106,0
2026-07-22T13:45:00+05:30,1166.9,1167.8,1162.4,1165.7,724,0
2026-07-22T14:00:00+05:30,1167.5,1168.0,1164.1,1164.1,253,0
2026-07-22T14:15:00+05:30,1165.1,1168.0,1165.1,1168.0,224,0
2026-07-22T14:30:00+05:30,1168.0,1171.8,1166.0,1171.8,518,0
2026-07-22T14:45:00+05:30,1171.8,1173.0,1163.2,1167.0,1745,0
2026-07-22T15:00:00+05:30,1168.1,1174.0,1160.0,1171.9,2052,0
2026-07-22T15:15:00+05:30,1171.9,1172.0,1158.0,1167.0,2966,0
2026-07-23T09:15:00+05:30,1151.9,1175.0,1141.0,1154.3,7642,0
2026-07-23T09:30:00+05:30,1153.0,1155.2,1146.1,1146.9,1023,0
2026-07-23T09:45:00+05:30,1146.9,1153.7,1140.1,1150.8,2137,0
2026-07-23T10:00:00+05:30,1150.8,1165.0,1150.8,1159.7,1510,0
2026-07-23T10:15:00+05:30,1158.8,1159.1,1153.1,1157.3,297,0
2026-07-23T10:30:00+05:30,1157.3,1164.7,1154.0,1162.6,967,0
2026-07-23T10:45:00+05:30,1162.6,1174.0,1162.6,1171.1,715,0
2026-07-23T11:00:00+05:30,1171.3,1173.1,1170.3,1172.0,154,0
2026-07-23T11:15:00+05:30,1172.0,1172.0,1168.0,1168.8,1281,0
2026-07-23T11:30:00+05:30,1169.5,1170.9,1165.4,1167.7,150,0
2026-07-23T11:45:00+05:30,1167.7,1169.9,1161.7,1164.4,244,0
2026-07-23T12:00:00+05:30,1164.0,1169.6,1163.7,1163.7,792,0
2026-07-23T12:15:00+05:30,1163.7,1167.5,1163.7,1164.8,200,0
2026-07-23T12:30:00+05:30,1164.2,1164.2,1155.2,1158.9,621,0
2026-07-23T12:45:00+05:30,1158.9,1163.0,1156.3,1163.0,360,0
2026-07-23T13:00:00+05:30,1163.0,1163.7,1159.3,1159.5,235,0
2026-07-23T13:15:00+05:30,1159.5,1165.9,1157.0,1160.1,731,0
2026-07-23T13:30:00+05:30,1158.0,1165.0,1158.0,1165.0,337,0
2026-07-23T13:45:00+05:30,1165.0,1168.9,1161.7,1164.1,529,0
2026-07-23T14:00:00+05:30,1167.1,1167.1,1165.0,1165.0,82,0
2026-07-23T14:15:00+05:30,1165.0,1171.0,1165.0,1168.2,456,0
2026-07-23T14:30:00+05:30,1168.2,1170.4,1165.8,1168.1,428,0
2026-07-23T14:45:00+05:30,1168.0,1168.4,1165.0,1167.1,563,0
2026-07-23T15:00:00+05:30,1167.0,1170.0,1158.6,1159.5,1880,0
2026-07-23T15:15:00+05:30,1162.7,1165.0,1150.0,1159.0,4189,0
2026-07-24T09:15:00+05:30,1157.8,1157.8,1126.0,1142.2,3020,0
2026-07-24T09:30:00+05:30,1145.4,1149.5,1139.8,1140.1,1610,0
2026-07-24T09:45:00+05:30,1140.0,1140.5,1132.1,1133.1,2220,0
2026-07-24T10:00:00+05:30,1135.2,1136.0,1130.1,1133.1,936,0
2026-07-24T10:15:00+05:30,1133.1,1135.8,1132.6,1134.9,486,0
2026-07-24T10:30:00+05:30,1134.9,1141.4,1132.0,1140.5,478,0
2026-07-24T10:45:00+05:30,1142.8,1145.0,1134.0,1135.8,1294,0
2026-07-24T11:00:00+05:30,1136.2,1136.3,1131.1,1133.8,633,0
2026-07-24T11:15:00+05:30,1133.8,1142.9,1131.0,1139.9,2804,0
2026-07-24T11:30:00+05:30,1139.9,1142.6,1138.4,1142.6,95,0
2026-07-24T11:45:00+05:30,1142.6,1148.3,1142.6,1145.0,537,0
2026-07-24T12:00:00+05:30,1145.5,1150.9,1145.0,1149.0,272,0
2026-07-24T12:15:00+05:30,1148.3,1153.0,1148.3,1153.0,401,0
2026-07-24T12:30:00+05:30,1152.9,1155.9,1152.0,1153.7,203,0
2026-07-24T12:45:00+05:30,1153.6,1158.9,1151.5,1152.0,970,0
2026-07-24T13:00:00+05:30,1152.0,1154.5,1147.1,1147.1,319,0
2026-07-24T13:15:00+05:30,1147.3,1150.5,1147.2,1147.9,12,0
2026-07-24T13:30:00+05:30,1148.9,1150.0,1145.5,1145.5,493,0
2026-07-24T13:45:00+05:30,1145.4,1148.3,1145.1,1147.7,89,0
2026-07-24T14:00:00+05:30,1147.8,1152.9,1146.1,1146.1,324,0
2026-07-24T14:15:00+05:30,1147.9,1148.9,1143.5,1143.5,1304,0
2026-07-24T14:30:00+05:30,1143.5,1145.6,1143.2,1143.2,618,0
2026-07-24T14:45:00+05:30,1143.2,1145.8,1142.6,1145.3,447,0
2026-07-24T15:00:00+05:30,1144.8,1144.8,1140.3,1144.1,1173,0
2026-07-24T15:15:00+05:30,1144.5,1152.0,1141.9,1148.0,2216,0
2026-07-27T09:15:00+05:30,1151.9,1185.9,1151.9,1176.9,4375,0
2026-07-27T09:30:00+05:30,1177.0,1188.6,1176.9,1187.8,1831,0
2026-07-27T09:45:00+05:30,1187.2,1192.0,1177.9,1177.9,1819,0
2026-07-27T10:00:00+05:30,1177.9,1181.0,1173.1,1177.1,1057,0
2026-07-27T10:15:00+05:30,1177.1,1178.0,1172.2,1176.0,946,0
2026-07-27T10:30:00+05:30,1176.3,1176.4,1171.2,1172.8,238,0
2026-07-27T10:45:00+05:30,1174.8,1175.5,1171.6,1171.6,681,0
2026-07-27T11:00:00+05:30,1174.2,1174.2,1172.0,1172.2,35,0
2026-07-27T11:15:00+05:30,1174.5,1179.8,1173.1,1177.0,720,0
2026-07-27T11:30:00+05:30,1177.0,1180.0,1173.1,1180.0,799,0
2026-07-27T11:45:00+05:30,1181.7,1186.9,1180.1,1180.5,351,0
2026-07-27T12:00:00+05:30,1181.2,1183.7,1180.0,1183.7,113,0
2026-07-27T12:15:00+05:30,1183.7,1183.8,1178.6,1178.6,291,0
2026-07-27T12:30:00+05:30,1178.6,1181.4,1178.2,1178.2,663,0
2026-07-27T12:45:00+05:30,1180.8,1184.1,1178.2,1182.0,675,0
2026-07-27T13:00:00+05:30,1183.6,1187.1,1183.3,1184.6,704,0
2026-07-27T13:15:00+05:30,1185.0,1185.0,1181.6,1183.5,500,0
2026-07-27T13:30:00+05:30,1183.5,1185.0,1175.0,1179.2,847,0
2026-07-27T13:45:00+05:30,1179.2,1179.9,1168.1,1172.9,1952,0
2026-07-27T14:00:00+05:30,1173.4,1173.9,1153.2,1163.2,5219,0
2026-07-27T14:15:00+05:30,1163.2,1164.2,1147.2,1158.5,2971,0
2026-07-27T14:30:00+05:30,1158.6,1161.4,1158.5,1160.0,1628,0
2026-07-27T14:45:00+05:30,1160.0,1164.5,1158.6,1164.5,571,0
2026-07-27T15:00:00+05:30,1163.2,1166.7,1159.0,1164.3,1317,0
2026-07-27T15:15:00+05:30,1164.1,1170.0,1161.0,1161.0,3375,0
2026-07-28T09:15:00+05:30,1165.0,1171.5,1154.1,1154.1,1643,0
2026-07-28T09:30:00+05:30,1156.0,1158.4,1145.0,1150.0,982,0
2026-07-28T09:45:00+05:30,1149.9,1150.1,1143.1,1146.1,1327,0
2026-07-28T10:00:00+05:30,1146.1,1149.3,1140.0,1146.3,773,0
2026-07-28T10:15:00+05:30,1146.3,1152.7,1146.3,1147.8,201,0
2026-07-28T10:30:00+05:30,1147.8,1152.3,1144.6,1152.3,977,0
2026-07-28T10:45:00+05:30,1149.5,1149.5,1130.1,1135.1,3024,0
2026-07-28T11:00:00+05:30,1134.6,1137.7,1116.0,1121.0,4410,0
2026-07-28T11:15:00+05:30,1121.0,1123.1,1110.0,1120.1,4795,0
2026-07-28T11:30:00+05:30,1122.0,1130.3,1122.0,1128.9,2075,0
2026-07-28T11:45:00+05:30,1128.9,1128.9,1112.0,1119.8,1749,0
2026-07-28T12:00:00+05:30,1120.4,1134.9,1120.4,1133.9,833,0
2026-07-28T12:15:00+05:30,1133.3,1134.1,1125.0,1125.0,736,0
2026-07-28T12:30:00+05:30,1125.0,1128.8,1123.2,1125.0,433,0
2026-07-28T12:45:00+05:30,1125.5,1125.6,1124.0,1125.4,295,0
2026-07-28T13:00:00+05:30,1125.4,1125.4,1115.3,1118.9,1379,0
2026-07-28T13:15:00+05:30,1120.3,1120.8,1115.5,1115.6,907,0
2026-07-28T13:30:00+05:30,1115.6,1120.9,1115.0,1115.1,495,0
2026-07-28T13:45:00+05:30,1115.1,1120.2,1115.1,1117.8,548,0
2026-07-28T14:00:00+05:30,1117.8,1118.4,1114.2,1117.8,845,0
2026-07-28T14:15:00+05:30,1117.6,1118.6,1114.0,1114.0,687,0
2026-07-28T14:30:00+05:30,1114.8,1114.8,1112.0,1113.8,214,0
2026-07-28T14:45:00+05:30,1113.5,1113.7,1096.0,1102.6,4928,0
2026-07-28T15:00:00+05:30,1100.6,1106.0,1096.2,1104.5,2154,0
2026-07-28T15:15:00+05:30,1105.8,1106.0,1090.1,1099.1,8885,0
2026-07-29T09:15:00+05:30,1098.0,1116.9,1091.3,1095.4,6051,0
2026-07-29T09:30:00+05:30,1095.4,1112.0,1095.4,1104.1,4323,0
2026-07-29T09:45:00+05:30,1102.4,1110.0,1100.0,1109.0,3400,0
2026-07-29T10:00:00+05:30,1109.0,1118.9,1104.8,1113.3,1345,0
2026-07-29T10:15:00+05:30,1113.3,1125.0,1113.3,1121.1,1668,0
2026-07-29T10:30:00+05:30,1120.1,1121.0,1118.2,1118.2,193,0
2026-07-29T10:45:00+05:30,1119.4,1119.7,1112.2,1112.5,676,0
2026-07-29T11:00:00+05:30,1112.4,1117.8,1099.5,1103.1,4010,0
2026-07-29T11:15:00+05:30,1103.5,1103.9,1096.2,1102.9,1515,0
2026-07-29T11:30:00+05:30,1102.9,1109.9,1102.9,1109.4,837,0
2026-07-29T11:45:00+05:30,1109.0,1110.1,1100.3,1100.3,1372,0
2026-07-29T12:00:00+05:30,1103.0,1107.5,1103.0,1107.4,73,0
2026-07-29T12:15:00+05:30,1107.4,1107.4,1104.8,1106.3,104,0
2026-07-29T12:30:00+05:30,1106.3,1107.5,1104.3,1107.5,160,0
2026-07-29T12:45:00+05:30,1107.5,1107.9,1104.3,1104.8,46,0
2026-07-29T13:00:00+05:30,1105.0,1110.1,1104.8,1109.9,351,0
2026-07-29T13:15:00+05:30,1109.9,1117.2,1073.0,1090.2,28994,0
2026-07-29T13:30:00+05:30,1090.1,1093.0,1086.6,1089.3,1364,0
2026-07-29T13:45:00+05:30,1087.8,1091.8,1080.5,1088.8,1649,0
2026-07-29T14:00:00+05:30,1088.8,1088.9,1083.3,1085.9,144,0
2026-07-29T14:15:00+05:30,1085.7,1090.3,1080.0,1082.4,730,0
2026-07-29T14:30:00+05:30,1082.3,1085.2,1080.7,1084.3,192,0
2026-07-29T14:45:00+05:30,1084.3,1086.0,1080.0,1084.8,2146,0
2026-07-29T15:00:00+05:30,1084.8,1084.8,1075.4,1077.5,5968,0
2026-07-29T15:15:00+05:30,1082.4,1083.7,1065.0,1072.6,11683,0
2026-07-30T09:15:00+05:30,1074.7,1074.8,1057.2,1061.4,1897,0
2026-07-30T09:30:00+05:30,1061.4,1062.8,1050.0,1052.3,3455,0
2026-07-30T09:45:00+05:30,1050.9,1058.0,1050.6,1057.8,1078,0
2026-07-30T10:00:00+05:30,1056.0,1058.0,1050.1,1050.4,1726,0
2026-07-30T10:15:00+05:30,1052.6,1058.4,1050.4,1054.0,1184,0
2026-07-30T10:30:00+05:30,1053.5,1055.2,1052.0,1052.0,443,0
2026-07-30T10:45:00+05:30,1052.0,1057.3,1052.0,1055.9,393,0
2026-07-30T11:00:00+05:30,1056.0,1057.4,1051.3,1055.5,698,0
2026-07-30T11:15:00+05:30,1056.9,1060.9,1053.1,1060.0,643,0
2026-07-30T11:30:00+05:30,1061.5,1064.0,1058.0,1061.0,898,0
2026-07-30T11:45:00+05:30,1058.0,1058.6,1055.2,1057.5,291,0
2026-07-30T12:00:00+05:30,1057.4,1057.6,1052.0,1053.6,575,0
2026-07-30T12:15:00+05:30,1052.1,1053.7,1051.2,1053.7,111,0
2026-07-30T12:30:00+05:30,1052.1,1056.0,1052.0,1054.6,449,0
2026-07-30T12:45:00+05:30,1054.6,1057.8,1053.6,1056.0,616,0
2026-07-30T13:00:00+05:30,1055.2,1055.7,1045.3,1047.9,1274,0
2026-07-30T13:15:00+05:30,1047.7,1051.6,1047.2,1050.0,1219,0
2026-07-30T13:30:00+05:30,1050.0,1050.2,1048.5,1050.0,79,0
2026-07-30T13:45:00+05:30,1051.8,1052.9,1050.5,1052.0,474,0
2026-07-30T14:00:00+05:30,1052.0,1061.7,1051.0,1056.8,834,0
2026-07-30T14:15:00+05:30,1056.9,1058.0,1052.1,1055.9,785,0
2026-07-30T14:30:00+05:30,1055.9,1056.7,1053.6,1055.7,366,0
2026-07-30T14:45:00+05:30,1055.1,1061.9,1055.1,1061.9,751,0
2026-07-30T15:00:00+05:30,1062.4,1062.4,1051.0,1051.0,2264,0
2026-07-30T15:15:00+05:30,1052.0,1057.3,1045.0,1054.0,3595,0
2026-07-31T09:15:00+05:30,1056.0,1068.6,1042.1,1060.2,3768,0
2026-07-31T09:30:00+05:30,1062.2,1070.5,1059.1,1069.7,1515,0
2026-07-31T09:45:00+05:30,1069.9,1074.7,1065.2,1070.3,1081,0
2026-07-31T10:00:00+05:30,1070.3,1073.9,1065.1,1073.0,684,0
2026-07-31T10:15:00+05:30,1072.4,1073.9,1067.5,1070.2,550,0
2026-07-31T10:30:00+05:30,1069.9,1071.8,1065.0,1071.8,745,0
2026-07-31T10:45:00+05:30,1071.8,1072.7,1066.0,1066.0,612,0
2026-07-31T11:00:00+05:30,1066.0,1069.6,1066.0,1068.6,148,0
2026-07-31T11:15:00+05:30,1068.6,1069.4,1066.8,1066.8,136,0
2026-07-31T11:30:00+05:30,1066.8,1080.0,1066.8,1077.3,3577,0
2026-07-31T11:45:00+05:30,1077.3,1080.7,1075.0,1075.0,939,0
2026-07-31T12:00:00+05:30,1075.3,1084.3,1075.1,1083.6,1258,0
2026-07-31T12:15:00+05:30,1085.0,1090.9,1083.9,1088.7,1632,0
2026-07-31T12:30:00+05:30,1088.6,1089.0,1083.2,1084.3,263,0
2026-07-31T12:45:00+05:30,1084.4,1084.7,1081.3,1081.4,670,0
2026-07-31T13:00:00+05:30,1081.7,1086.5,1078.0,1079.4,883,0
2026-07-31T13:15:00+05:30,1079.4,1082.0,1078.6,1079.5,503,0
2026-07-31T13:30:00+05:30,1081.3,1081.8,1074.3,1076.2,467,0
2026-07-31T13:45:00+05:30,1076.2,1099.6,1075.2,1082.8,2169,0
2026-07-31T14:00:00+05:30,1085.2,1093.9,1082.8,1085.0,925,0
2026-07-31T14:15:00+05:30,1086.9,1093.9,1085.4,1088.6,3384,0
2026-07-31T14:30:00+05:30,1089.7,1095.0,1082.2,1091.7,3371,0
2026-07-31T14:45:00+05:30,1091.8,1100.0,1087.7,1097.2,1546,0
2026-07-31T15:00:00+05:30,1098.9,1100.0,1085.2,1096.6,2431,0
2026-07-31T15:15:00+05:30,1096.6,1098.9,1090.3,1092.0,3979,0
2026-08-03T09:15:00+05:30,1100.9,1120.0,1100.9,1113.5,2534,0
2026-08-03T09:30:00+05:30,1115.1,1120.6,1107.6,1109.4,1211,0
2026-08-03T09:45:00+05:30,1107.1,1114.7,1106.6,1114.7,1525,0
2026-08-03T10:00:00+05:30,1114.8,1118.0,1114.2,1115.9,898,0
2026-08-03T10:15:00+05:30,1115.7,1116.6,1112.1,1114.3,344,0
2026-08-03T10:30:00+05:30,1117.0,1117.0,1108.2,1108.2,857,0
2026-08-03T10:45:00+05:30,1110.2,1111.5,1106.2,1108.0,268,0
2026-08-03T11:00:00+05:30,1108.0,1108.0,1106.1,1107.5,99,0
2026-08-03T11:15:00+05:30,1107.5,1108.0,1106.0,1106.0,293,0
2026-08-03T11:30:00+05:30,1106.0,1106.9,1102.2,1102.2,140,0
2026-08-03T11:45:00+05:30,1102.2,1104.4,1100.1,1102.4,259,0
2026-08-03T12:00:00+05:30,1102.4,1106.7,1100.2,1102.2,831,0
2026-08-03T12:15:00+05:30,1102.2,1108.0,1102.2,1103.8,175,0
2026-08-03T12:30:00+05:30,1103.8,1106.2,1103.3,1103.4,357,0
2026-08-03T12:45:00+05:30,1103.4,1104.3,1095.6,1104.3,1253,0
2026-08-03T13:00:00+05:30,1103.6,1106.1,1098.2,1098.2,320,0
2026-08-03T13:15:00+05:30,1101.6,1106.2,1098.6,1103.4,565,0
2026-08-03T13:30:00+05:30,1103.4,1107.4,1103.1,1104.3,155,0
2026-08-03T13:45:00+05:30,1108.8,1108.8,1100.1,1100.3,748,0
2026-08-03T14:00:00+05:30,1100.3,1104.9,1100.3,1104.3,198,0
2026-08-03T14:15:00+05:30,1104.3,1110.8,1103.3,1110.6,988,0
2026-08-03T14:30:00+05:30,1110.6,1110.6,1108.4,1110.1,32,0
2026-08-03T14:45:00+05:30,1110.1,1116.0,1109.1,1116.0,353,0
2026-08-03T15:00:00+05:30,1116.0,1118.0,1108.0,1108.0,1785,0
2026-08-03T15:15:00+05:30,1106.0,1107.0,1067.6,1067.6,8440,0
2026-08-04T09:15:00+05:30,1090.0,1100.0,1081.4,1090.5,3644,0
2026-08-04T09:30:00+05:30,1091.6,1094.5,1089.5,1092.3,638,0
2026-08-04T09:45:00+05:30,1092.3,1098.6,1092.3,1094.2,585,0
2026-08-04T10:00:00+05:30,1094.2,1097.8,1093.3,1097.8,819,0
2026-08-04T10:15:00+05:30,1096.0,1098.8,1094.5,1098.4,171,0
2026-08-04T10:30:00+05:30,1096.7,1098.0,1093.2,1095.4,151,0
2026-08-04T10:45:00+05:30,1095.4,1100.0,1087.0,1088.6,1670,0
2026-08-04T11:00:00+05:30,1088.6,1089.5,1086.3,1089.5,187,0
2026-08-04T11:15:00+05:30,1089.5,1090.7,1086.1,1086.8,110,0
2026-08-04T11:30:00+05:30,1086.8,1087.2,1081.0,1087.0,1350,0
2026-08-04T11:45:00+05:30,1087.0,1092.9,1087.0,1089.1,393,0
2026-08-04T12:00:00+05:30,1092.3,1092.9,1089.1,1089.1,119,0
2026-08-04T12:15:00+05:30,1089.1,1090.6,1087.7,1090.2,216,0
2026-08-04T12:30:00+05:30,1090.2,1092.1,1087.1,1092.1,221,0
2026-08-04T12:45:00+05:30,1093.1,1108.8,1093.0,1094.4,3090,0
2026-08-04T13:00:00+05:30,1094.4,1100.4,1093.8,1098.1,521,0
2026-08-04T13:15:00+05:30,1098.1,1098.1,1096.6,1096.8,188,0
2026-08-04T13:30:00+05:30,1096.8,1099.3,1096.5,1099.3,56,0
2026-08-04T13:45:00+05:30,1100.0,1104.8,1100.0,1102.1,188,0
2026-08-04T14:00:00+05:30,1102.1,1104.2,1100.1,1101.3,85,0
2026-08-04T14:15:00+05:30,1101.3,1106.6,1101.3,1102.6,431,0
2026-08-04T14:30:00+05:30,1103.3,1106.0,1102.1,1102.1,382,0
2026-08-04T14:45:00+05:30,1102.1,1102.1,1097.1,1098.5,768,0
2026-08-04T15:00:00+05:30,1098.5,1113.0,1089.6,1103.6,2269,0
2026-08-04T15:15:00+05:30,1090.0,1109.4,1090.0,1100.2,77535,0
2026-08-05T09:15:00+05:30,1108.1,1128.2,1107.2,1116.0,1599,0
2026-08-05T09:30:00+05:30,1113.6,1119.9,1112.5,1116.1,827,0
2026-08-05T09:45:00+05:30,1116.1,1146.0,1115.8,1146.0,2980,0
2026-08-05T10:00:00+05:30,1141.2,1147.0,1138.0,1143.6,2677,0
2026-08-05T10:15:00+05:30,1146.7,1146.7,1125.0,1127.3,2353,0
2026-08-05T10:30:00+05:30,1126.1,1144.0,1125.0,1136.7,2889,0
2026-08-05T10:45:00+05:30,1138.5,1140.6,1131.1,1131.1,1151,0
2026-08-05T11:00:00+05:30,1133.0,1136.9,1129.4,1130.7,543,0
2026-08-05T11:15:00+05:30,1131.0,1133.6,1124.2,1130.2,1015,0
2026-08-05T11:30:00+05:30,1130.2,1130.9,1124.7,1129.8,305,0
2026-08-05T11:45:00+05:30,1129.8,1133.8,1126.1,1128.1,394,0
2026-08-05T12:00:00+05:30,1126.1,1132.9,1125.6,1130.4,329,0
2026-08-05T12:15:00+05:30,1129.9,1131.7,1126.4,1129.0,226,0
2026-08-05T12:30:00+05:30,1129.0,1129.0,1121.6,1122.4,487,0
2026-08-05T12:45:00+05:30,1122.4,1123.2,1119.3,1121.8,296,0
2026-08-05T13:00:00+05:30,1121.8,1125.6,1120.0,1125.6,114,0
2026-08-05T13:15:00+05:30,1126.7,1128.6,1125.0,1125.1,171,0
2026-08-05T13:30:00+05:30,1125.1,1128.1,1123.1,1123.1,82,0
2026-08-05T13:45:00+05:30,1123.1,1124.4,1120.3,1123.9,267,0
2026-08-05T14:00:00+05:30,1123.9,1124.9,1122.1,1122.1,37,0
2026-08-05T14:15:00+05:30,1123.4,1124.8,1122.1,1122.3,145,0
2026-08-05T14:30:00+05:30,1123.8,1127.8,1122.1,1125.1,345,0
2026-08-05T14:45:00+05:30,1125.1,1127.9,1118.1,1118.7,802,0
2026-08-05T15:00:00+05:30,1118.7,1131.0,1114.4,1120.0,1280,0
2026-08-05T15:15:00+05:30,1119.5,1130.0,1118.1,1123.0,1671,0
2026-08-06T09:15:00+05:30,1135.0,1142.9,1119.0,1131.9,2628,0
2026-08-06T09:30:00+05:30,1132.2,1144.0,1124.6,1127.0,1536,0
2026-08-06T09:45:00+05:30,1132.5,1139.0,1117.7,1126.1,1550,0
2026-08-06T10:00:00+05:30,1126.1,1127.0,1121.0,1125.4,299,0
2026-08-06T10:15:00+05:30,1127.0,1129.8,1119.6,1122.5,1032,0
2026-08-06T10:30:00+05:30,1122.5,1124.8,1115.8,1117.4,523,0
2026-08-06T10:45:00+05:30,1119.8,1126.8,1116.3,1126.8,305,0
2026-08-06T11:00:00+05:30,1126.8,1126.8,1124.2,1126.4,214,0
2026-08-06T11:15:00+05:30,1126.5,1184.0,1124.3,1173.2,6850,0
2026-08-06T11:30:00+05:30,1169.1,1182.3,1146.0,1152.8,11385,0
2026-08-06T11:45:00+05:30,1152.8,1170.1,1152.4,1162.0,3204,0
2026-08-06T12:00:00+05:30,1160.9,1175.0,1155.6,1163.9,2373,0
2026-08-06T12:15:00+05:30,1164.9,1167.1,1146.7,1158.0,2891,0
2026-08-06T12:30:00+05:30,1158.1,1170.0,1158.1,1168.1,1566,0
2026-08-06T12:45:00+05:30,1165.8,1165.8,1150.0,1155.6,2443,0
2026-08-06T13:00:00+05:30,1156.3,1160.1,1117.8,1137.5,4037,0
2026-08-06T13:15:00+05:30,1138.1,1143.5,1135.5,1143.0,1205,0
2026-08-06T13:30:00+05:30,1143.0,1143.0,1136.0,1137.4,809,0
2026-08-06T13:45:00+05:30,1137.4,1140.0,1131.3,1133.5,828,0
2026-08-06T14:00:00+05:30,1135.8,1160.0,1135.8,1158.8,1795,0
2026-08-06T14:15:00+05:30,1158.8,1169.0,1154.6,1162.1,2147,0
2026-08-06T14:30:00+05:30,1162.6,1165.5,1151.2,1154.7,847,0
2026-08-06T14:45:00+05:30,1154.4,1158.1,1150.0,1150.3,1350,0
2026-08-06T15:00:00+05:30,1157.4,1167.0,1150.5,1163.0,3078,0
2026-08-06T15:15:00+05:30,1161.1,1175.0,1156.2,1160.0,5336,0
2026-08-07T09:15:00+05:30,1127.4,1127.4,1026.6,1040.0,39044,0
2026-08-07T09:30:00+05:30,1040.0,1050.7,1028.3,1050.7,20842,0
2026-08-07T09:45:00+05:30,1053.5,1058.2,1040.1,1050.0,16797,0
2026-08-07T10:00:00+05:30,1052.6,1059.8,1047.5,1059.8,7448,0
2026-08-07T10:15:00+05:30,1060.2,1064.9,1059.1,1062.9,6292,0
2026-08-07T10:30:00+05:30,1062.9,1063.0,1050.6,1052.7,5492,0
2026-08-07T10:45:00+05:30,1051.2,1053.0,1049.5,1051.0,5555,0
2026-08-07T11:00:00+05:30,1050.0,1057.0,1047.3,1054.4,2711,0
2026-08-07T11:15:00+05:30,1053.8,1059.0,1053.7,1058.0,3183,0
2026-08-07T11:30:00+05:30,1057.9,1059.8,1054.8,1057.0,1069,0
2026-08-07T11:45:00+05:30,1057.0,1059.9,1050.3,1052.6,1994,0
2026-08-07T12:00:00+05:30,1052.0,1078.0,1050.3,1074.0,14983,0
2026-08-07T12:15:00+05:30,1074.0,1077.7,1056.9,1070.1,6674,0
2026-08-07T12:30:00+05:30,1073.9,1073.9,1065.7,1070.0,3459,0
2026-08-07T12:45:00+05:30,1070.0,1070.7,1067.2,1070.7,1833,0
2026-08-07T13:00:00+05:30,1070.7,1072.0,1066.4,1068.0,2653,0
2026-08-07T13:15:00+05:30,1068.0,1069.5,1060.6,1060.6,2728,0
2026-08-07T13:30:00+05:30,1060.6,1060.6,1055.9,1055.9,2515,0
2026-08-07T13:45:00+05:30,1055.9,1060.0,1052.9,1055.4,3074,0
2026-08-07T14:00:00+05:30,1055.4,1056.7,1038.2,1053.9,25739,0
2026-08-07T14:15:00+05:30,1053.9,1054.5,1045.1,1047.0,3518,0
2026-08-07T14:30:00+05:30,1047.0,1047.0,1040.1,1041.2,4943,0
2026-08-07T14:45:00+05:30,1040.1,1046.4,1040.1,1040.2,3749,0
2026-08-07T15:00:00+05:30,1042.0,1043.8,1031.4,1034.0,8236,0
2026-08-07T15:15:00+05:30,1032.6,1040.0,1030.0,1036.0,10318,0
2026-08-10T09:15:00+05:30,975.0,998.0,961.1,970.4,42870,0
2026-08-10T09:30:00+05:30,970.4,985.5,966.1,979.2,12743,0
2026-08-10T09:45:00+05:30,980.6,994.0,979.2,988.1,12769,0
2026-08-10T10:00:00+05:30,987.0,990.0,980.1,980.1,6908,0
2026-08-10T10:15:00+05:30,981.5,988.1,980.9,986.9,3703,0
2026-08-10T10:30:00+05:30,983.9,986.7,979.7,981.8,2353,0
2026-08-10T10:45:00+05:30,982.0,990.0,981.8,985.7,3127,0
2026-08-10T11:00:00+05:30,985.2,994.9,984.1,992.1,4682,0
2026-08-10T11:15:00+05:30,991.1,993.2,985.0,987.8,2339,0
2026-08-10T11:30:00+05:30,986.1,994.8,983.0,993.9,2866,0
2026-08-10T11:45:00+05:30,993.9,1002.9,990.0,995.5,12277,0
2026-08-10T12:00:00+05:30,996.0,999.7,991.5,999.0,1052,0
2026-08-10T12:15:00+05:30,999.1,1003.7,999.0,1001.0,1306,0
2026-08-10T12:30:00+05:30,1001.0,1007.1,1000.0,1002.4,4816,0
2026-08-10T12:45:00+05:30,1002.6,1012.0,1000.0,1012.0,3949,0
2026-08-10T13:00:00+05:30,1010.9,1012.4,1004.1,1009.6,2433,0
2026-08-10T13:15:00+05:30,1009.9,1012.8,1003.0,1003.0,1266,0
2026-08-10T13:30:00+05:30,1003.0,1004.9,999.8,1000.9,2757,0
2026-08-10T13:45:00+05:30,1000.9,1003.8,996.0,1002.8,1404,0
2026-08-10T14:00:00+05:30,1001.8,1003.9,997.4,1003.3,907,0
2026-08-10T14:15:00+05:30,1003.3,1010.8,996.1,999.5,4456,0
2026-08-10T14:30:00+05:30,997.2,1001.4,996.2,998.3,673,0
2026-08-10T14:45:00+05:30,998.3,1001.8,996.0,996.4,2108,0
2026-08-10T15:00:00+05:30,996.4,1004.4,993.4,997.2,4070,0
2026-08-10T15:15:00+05:30,998.0,1001.0,995.0,1001.0,4231,0
2026-08-11T09:15:00+05:30,985.8,1019.0,983.1,1012.1,6499,0
2026-08-11T09:30:00+05:30,1013.7,1018.0,1009.6,1016.5,2907,0
2026-08-11T09:45:00+05:30,1016.3,1034.0,1016.2,1023.1,5209,0
2026-08-11T10:00:00+05:30,1022.9,1033.7,1022.9,1028.2,2678,0
2026-08-11T10:15:00+05:30,1026.6,1032.4,1024.0,1032.4,1362,0
2026-08-11T10:30:00+05:30,1030.9,1033.0,1024.5,1029.6,2152,0
2026-08-11T10:45:00+05:30,1029.1,1030.6,1024.1,1027.4,934,0
2026-08-11T11:00:00+05:30,1027.4,1028.9,1023.0,1027.9,2739,0
2026-08-11T11:15:00+05:30,1027.7,1027.9,1024.1,1024.3,394,0
2026-08-11T11:30:00+05:30,1026.4,1027.0,1022.0,1026.9,1357,0
2026-08-11T11:45:00+05:30,1025.0,1026.9,1024.4,1025.7,411,0
2026-08-11T12:00:00+05:30,1025.7,1026.0,1015.2,1019.3,3172,0
2026-08-11T12:15:00+05:30,1018.3,1020.9,1016.9,1019.2,724,0
2026-08-11T12:30:00+05:30,1019.5,1020.9,1019.5,1019.9,728,0
2026-08-11T12:45:00+05:30,1023.3,1024.8,1019.5,1019.5,3681,0
2026-08-11T13:00:00+05:30,1019.5,1023.9,1019.5,1021.2,494,0
2026-08-11T13:15:00+05:30,1021.2,1023.6,1019.7,1019.9,848,0
2026-08-11T13:30:00+05:30,1019.9,1024.8,1019.5,1019.5,927,0
2026-08-11T13:45:00+05:30,1020.7,1020.8,1017.0,1019.0,3423,0
2026-08-11T14:00:00+05:30,1019.0,1019.0,1015.6,1016.4,668,0
2026-08-11T14:15:00+05:30,1017.5,1017.7,1011.9,1011.9,1232,0
2026-08-11T14:30:00+05:30,1011.9,1011.9,1003.3,1009.9,2691,0
2026-08-11T14:45:00+05:30,1009.0,1011.8,1004.9,1007.0,930,0
2026-08-11T15:00:00+05:30,1007.0,1013.1,1005.3,1008.7,1390,0
2026-08-11T15:15:00+05:30,1008.5,1018.3,1000.0,1015.0,4347,0
2026-08-12T09:15:00+05:30,1006.4,1030.0,998.2,1005.0,4219,0
2026-08-12T09:30:00+05:30,1006.2,1013.9,1004.1,1012.8,2584,0
2026-08-12T09:45:00+05:30,1010.3,1011.1,1001.1,1007.0,2415,0
2026-08-12T10:00:00+05:30,1003.2,1005.8,1001.0,1005.8,1476,0
2026-08-12T10:15:00+05:30,1004.2,1006.9,1003.1,1006.9,559,0
2026-08-12T10:30:00+05:30,1006.9,1006.9,1003.8,1004.7,474,0
2026-08-12T10:45:00+05:30,1004.2,1006.2,1001.9,1003.6,1346,0
2026-08-12T11:00:00+05:30,1002.8,1003.1,999.1,1000.8,977,0
2026-08-12T11:15:00+05:30,999.0,1003.6,998.2,1002.0,1295,0
2026-08-12T11:30:00+05:30,1001.0,1002.9,1000.6,1000.6,367,0
2026-08-12T11:45:00+05:30,1002.6,1004.4,1001.0,1004.2,146,0
2026-08-12T12:00:00+05:30,1004.9,1005.0,1002.3,1002.3,436,0
2026-08-12T12:15:00+05:30,1002.3,1004.4,1002.0,1002.0,57,0
2026-08-12T12:30:00+05:30,1001.1,1002.7,1000.0,1002.7,726,0
2026-08-12T12:45:00+05:30,1000.3,1003.4,1000.3,1001.8,132,0
2026-08-12T13:00:00+05:30,1003.2,1003.4,1000.1,1001.4,309,0
2026-08-12T13:15:00+05:30,1003.4,1003.4,1000.6,1002.1,369,0
2026-08-12T13:30:00+05:30,1002.1,1003.4,1002.1,1003.3,60,0
2026-08-12T13:45:00+05:30,1002.1,1003.3,996.2,996.2,2101,0
2026-08-12T14:00:00+05:30,996.4,1000.6,996.4,997.4,752,0
2026-08-12T14:15:00+05:30,997.6,1000.9,997.6,1000.8,460,0
2026-08-12T14:30:00+05:30,998.8,1000.8,998.5,999.0,351,0
2026-08-12T14:45:00+05:30,999.0,1000.4,996.5,996.6,745,0
2026-08-12T15:00:00+05:30,996.9,998.7,994.0,994.0,1666,0
2026-08-12T15:15:00+05:30,994.0,999.8,988.2,989.3,3795,0
2026-08-13T09:15:00+05:30,998.2,1021.8,998.1,1011.1,4364,0
2026-08-13T09:30:00+05:30,1010.2,1019.9,1005.4,1018.8,2773,0
2026-08-13T09:45:00+05:30,1018.4,1030.0,1017.9,1021.8,3127,0
2026-08-13T10:00:00+05:30,1021.9,1024.6,1015.1,1018.3,1072,0
2026-08-13T10:15:00+05:30,1018.7,1023.5,1018.0,1020.0,771,0
2026-08-13T10:30:00+05:30,1020.0,1020.0,1015.6,1016.3,1517,0
2026-08-13T10:45:00+05:30,1018.0,1022.0,1016.3,1021.5,284,0
2026-08-13T11:00:00+05:30,1021.5,1023.6,1018.2,1022.8,1018,0
2026-08-13T11:15:00+05:30,1022.7,1030.9,1022.7,1027.4,3773,0
2026-08-13T11:30:00+05:30,1027.9,1028.0,1020.2,1021.1,1639,0
2026-08-13T11:45:00+05:30,1022.0,1025.9,1019.0,1024.9,1462,0
2026-08-13T12:00:00+05:30,1025.0,1026.0,1023.3,1023.5,346,0
2026-08-13T12:15:00+05:30,1023.7,1042.9,1023.7,1040.0,13386,0
2026-08-13T12:30:00+05:30,1040.6,1044.0,1029.1,1035.8,4183,0
2026-08-13T12:45:00+05:30,1035.8,1036.0,1029.3,1030.0,1059,0
2026-08-13T13:00:00+05:30,1030.0,1044.0,1030.0,1038.7,3914,0
2026-08-13T13:15:00+05:30,1038.6,1042.9,1035.1,1042.6,626,0
2026-08-13T13:30:00+05:30,1040.6,1042.3,1039.1,1040.0,397,0
2026-08-13T13:45:00+05:30,1040.3,1042.9,1036.9,1038.9,945,0
2026-08-13T14:00:00+05:30,1037.5,1038.6,1032.3,1032.3,771,0
2026-08-13T14:15:00+05:30,1033.0,1034.9,1028.5,1032.9,969,0
2026-08-13T14:30:00+05:30,1031.6,1031.9,1026.1,1027.2,636,0
2026-08-13T14:45:00+05:30,1027.3,1027.3,1023.8,1025.0,823,0
2026-08-13T15:00:00+05:30,1025.0,1027.9,1022.1,1023.8,1768,0
2026-08-13T15:15:00+05:30,1024.7,1031.0,1019.9,1025.0,3134,0
2026-08-14T09:15:00+05:30,1020.0,1027.8,1014.1,1014.1,1584,0
2026-08-14T09:30:00+05:30,1012.1,1018.9,1010.1,1010.1,705,0
2026-08-14T09:45:00+05:30,1010.1,1011.5,1007.1,1011.3,1233,0
2026-08-14T10:00:00+05:30,1011.3,1014.6,1008.1,1014.3,1200,0
2026-08-14T10:15:00+05:30,1013.9,1014.2,1010.0,1011.9,107,0
2026-08-14T10:30:00+05:30,1011.8,1011.9,1003.1,1004.9,690,0
2026-08-14T10:45:00+05:30,1004.9,1006.1,1001.2,1001.8,976,0
2026-08-14T11:00:00+05:30,1001.8,1004.1,1001.8,1003.8,304,0
2026-08-14T11:15:00+05:30,1003.8,1005.5,998.0,1002.0,1227,0
2026-08-14T11:30:00+05:30,1002.0,1004.9,999.2,1003.2,550,0
2026-08-14T11:45:00+05:30,1003.2,1004.9,1002.2,1003.9,166,0
2026-08-14T12:00:00+05:30,1004.1,1005.0,1001.0,1002.8,349,0
2026-08-14T12:15:00+05:30,1002.8,1004.4,1000.0,1000.6,560,0
2026-08-14T12:30:00+05:30,1001.0,1003.9,1001.0,1001.2,153,0
2026-08-14T12:45:00+05:30,1001.2,1003.0,995.0,1002.7,1727,0
2026-08-14T13:00:00+05:30,1001.1,1003.6,998.2,1001.6,1596,0
2026-08-14T13:15:00+05:30,1001.6,1003.9,998.7,1002.1,594,0
2026-08-14T13:30:00+05:30,1001.9,1005.8,1000.0,1005.4,1016,0
2026-08-14T13:45:00+05:30,1005.4,1005.4,1003.0,1004.5,245,0
2026-08-14T14:00:00+05:30,1004.1,1004.1,1000.1,1003.2,166,0
2026-08-14T14:15:00+05:30,1000.4,1002.2,999.8,1000.9,1133,0
2026-08-14T14:30:00+05:30,1000.0,1001.1,998.5,998.5,276,0
2026-08-14T14:45:00+05:30,999.5,1000.8,998.3,998.6,435,0
2026-08-14T15:00:00+05:30,998.6,1001.7,998.6,1001.7,1034,0
2026-08-14T15:15:00+05:30,1000.9,1003.0,999.3,1001.0,1749,0
2026-08-17T09:15:00+05:30,1000.6,1009.8,999.1,1001.0,7279,0
2026-08-17T09:30:00+05:30,1001.4,1008.2,1001.4,1005.1,1493,0
2026-08-17T09:45:00+05:30,1007.0,1013.8,1006.1,1012.4,1180,0
2026-08-17T10:00:00+05:30,1012.4,1022.8,1012.4,1019.1,1237,0
2026-08-17T10:15:00+05:30,1020.5,1022.1,1011.4,1016.4,1932,0
2026-08-17T10:30:00+05:30,1016.4,1018.5,1014.0,1016.4,560,0
2026-08-17T10:45:00+05:30,1016.4,1023.8,1015.9,1023.8,839,0
2026-08-17T11:00:00+05:30,1025.0,1025.0,1018.0,1020.3,1326,0
2026-08-17T11:15:00+05:30,1020.3,1026.2,1018.6,1021.1,718,0
2026-08-17T11:30:00+05:30,1021.4,1026.9,1021.4,1023.5,232,0
2026-08-17T11:45:00+05:30,1027.6,1027.6,1022.1,1023.7,819,0
2026-08-17T12:00:00+05:30,1024.9,1025.9,1021.1,1022.9,584,0
2026-08-17T12:15:00+05:30,1023.0,1025.9,1022.8,1023.3,244,0
2026-08-17T12:30:00+05:30,1022.1,1024.6,1021.2,1021.6,273,0
2026-08-17T12:45:00+05:30,1022.8,1025.3,1020.0,1023.4,737,0
2026-08-17T13:00:00+05:30,1021.8,1025.3,1021.8,1024.8,313,0
2026-08-17T13:15:00+05:30,1024.8,1024.8,1021.1,1021.1,144,0
2026-08-17T13:30:00+05:30,1021.1,1023.3,1021.1,1022.2,137,0
2026-08-17T13:45:00+05:30,1024.0,1024.5,1022.0,1024.0,645,0
2026-08-17T14:00:00+05:30,1020.0,1023.1,1018.0,1023.0,2168,0
2026-08-17T14:15:00+05:30,1023.0,1024.0,1020.9,1023.9,258,0
2026-08-17T14:30:00+05:30,1023.9,1023.9,1010.6,1014.3,2230,0
2026-08-17T14:45:00+05:30,1014.3,1017.9,1010.3,1017.0,1669,0
2026-08-17T15:00:00+05:30,1017.7,1019.3,1014.0,1015.0,1299,0
2026-08-17T15:15:00+05:30,1015.0,1024.8,1012.3,1024.8,3082,0
2026-08-18T09:15:00+05:30,1018.0,1029.9,1010.1,1025.4,1629,0
2026-08-18T09:30:00+05:30,1026.0,1028.9,1020.1,1023.6,1349,0
2026-08-18T09:45:00+05:30,1023.7,1024.8,1020.2,1022.6,536,0
2026-08-18T10:00:00+05:30,1022.6,1032.0,1021.1,1030.0,3568,0
2026-08-18T10:15:00+05:30,1031.0,1037.0,1028.1,1034.0,3284,0
2026-08-18T10:30:00+05:30,1034.0,1040.0,1031.7,1040.0,4022,0
2026-08-18T10:45:00+05:30,1040.0,1047.0,1038.0,1046.9,5424,0
2026-08-18T11:00:00+05:30,1046.9,1058.9,1045.5,1050.9,5678,0
2026-08-18T11:15:00+05:30,1051.9,1051.9,1038.0,1041.6,3818,0
2026-08-18T11:30:00+05:30,1039.4,1043.1,1038.4,1040.0,1113,0
2026-08-18T11:45:00+05:30,1039.0,1044.0,1033.0,1035.7,2766,0
2026-08-18T12:00:00+05:30,1035.0,1036.2,1033.6,1035.0,437,0
2026-08-18T12:15:00+05:30,1035.0,1036.2,1033.2,1034.8,579,0
2026-08-18T12:30:00+05:30,1034.8,1040.0,1034.8,1038.5,2100,0
2026-08-18T12:45:00+05:30,1038.5,1043.9,1038.0,1041.6,1333,0
2026-08-18T13:00:00+05:30,1042.5,1043.4,1038.1,1040.0,920,0
2026-08-18T13:15:00+05:30,1038.6,1041.9,1037.3,1040.0,229,0
2026-08-18T13:30:00+05:30,1040.0,1043.4,1038.6,1041.5,858,0
2026-08-18T13:45:00+05:30,1041.9,1050.0,1041.9,1050.0,1090,0
2026-08-18T14:00:00+05:30,1050.0,1052.0,1044.2,1048.8,1443,0
2026-08-18T14:15:00+05:30,1048.8,1050.9,1047.5,1049.0,404,0
2026-08-18T14:30:00+05:30,1047.7,1049.0,1045.0,1046.0,603,0
2026-08-18T14:45:00+05:30,1048.6,1050.0,1045.2,1048.6,776,0
2026-08-18T15:00:00+05:30,1048.6,1058.0,1048.6,1058.0,1998,0
2026-08-18T15:15:00+05:30,1051.7,1067.9,1051.7,1065.0,4484,0
2026-08-19T09:15:00+05:30,1065.0,1068.1,1021.3,1023.0,7467,0
2026-08-19T09:30:00+05:30,1022.9,1025.3,1011.6,1022.9,4552,0
2026-08-19T09:45:00+05:30,1022.6,1023.1,1016.1,1016.1,3069,0
2026-08-19T10:00:00+05:30,1017.4,1020.9,1016.0,1016.0,1969,0
2026-08-19T10:15:00+05:30,1019.1,1028.6,1019.1,1024.5,1113,0
2026-08-19T10:30:00+05:30,1022.6,1025.2,1022.4,1025.0,254,0
2026-08-19T10:45:00+05:30,1025.0,1025.2,1018.9,1021.6,981,0
2026-08-19T11:00:00+05:30,1020.1,1021.9,1017.2,1017.4,362,0
2026-08-19T11:15:00+05:30,1017.5,1021.8,1017.4,1019.4,672,0
2026-08-19T11:30:00+05:30,1019.4,1020.8,1015.0,1017.8,1214,0
2026-08-19T11:45:00+05:30,1017.8,1023.8,1017.7,1020.4,505,0
2026-08-19T12:00:00+05:30,1020.4,1021.8,1014.0,1018.8,1727,0
2026-08-19T12:15:00+05:30,1018.8,1020.6,1018.8,1019.0,255,0
2026-08-19T12:30:00+05:30,1020.2,1022.9,1015.2,1019.0,1447,0
2026-08-19T12:45:00+05:30,1019.0,1020.9,1015.0,1019.6,1154,0
2026-08-19T13:00:00+05:30,1019.6,1020.9,1016.7,1017.2,256,0
2026-08-19T13:15:00+05:30,1017.2,1018.9,1016.0,1018.9,90,0
2026-08-19T13:30:00+05:30,1019.4,1019.9,1016.0,1019.9,352,0
2026-08-19T13:45:00+05:30,1019.8,1020.0,1018.0,1018.5,317,0
2026-08-19T14:00:00+05:30,1018.9,1020.9,1016.8,1016.8,527,0
2026-08-19T14:15:00+05:30,1016.8,1020.8,1016.2,1018.0,823,0
2026-08-19T14:30:00+05:30,1018.0,1019.9,1017.0,1017.0,317,0
2026-08-19T14:45:00+05:30,1017.0,1019.0,1016.0,1018.0,514,0
2026-08-19T15:00:00+05:30,1018.0,1028.0,1012.0,1019.7,2027,0
2026-08-19T15:15:00+05:30,1014.1,1022.0,1013.6,1016.0,1626,0
2026-08-20T09:15:00+05:30,1032.9,1040.9,1024.4,1036.0,2412,0
2026-08-20T09:30:00+05:30,1036.0,1037.2,1033.0,1034.1,654,0
2026-08-20T09:45:00+05:30,1034.8,1034.8,1030.2,1031.0,358,0
2026-08-20T10:00:00+05:30,1032.0,1032.0,1026.1,1026.1,232,0
2026-08-20T10:15:00+05:30,1026.1,1026.1,1017.9,1020.6,1400,0
2026-08-20T10:30:00+05:30,1021.7,1026.8,1021.7,1025.3,1931,0
2026-08-20T10:45:00+05:30,1026.0,1026.0,1021.3,1025.1,429,0
2026-08-20T11:00:00+05:30,1025.1,1025.3,1022.1,1025.0,301,0
2026-08-20T11:15:00+05:30,1025.0,1025.0,1018.1,1020.2,433,0
2026-08-20T11:30:00+05:30,1020.2,1020.7,1018.2,1020.0,87,0
2026-08-20T11:45:00+05:30,1020.0,1020.0,1017.0,1020.0,1387,0
2026-08-20T12:00:00+05:30,1020.0,1020.0,1014.0,1014.0,510,0
2026-08-20T12:15:00+05:30,1014.0,1014.0,1012.0,1013.0,375,0
2026-08-20T12:30:00+05:30,1013.0,1013.0,1004.0,1012.7,4024,0
2026-08-20T12:45:00+05:30,1012.7,1014.7,1011.0,1011.0,1022,0
2026-08-20T13:00:00+05:30,1011.0,1012.7,1010.1,1012.1,379,0
2026-08-20T13:15:00+05:30,1014.2,1014.9,1008.1,1011.6,1313,0
2026-08-20T13:30:00+05:30,1011.6,1013.0,1011.4,1012.0,308,0
2026-08-20T13:45:00+05:30,1012.0,1014.0,1010.7,1013.9,149,0
2026-08-20T14:00:00+05:30,1013.9,1014.0,1010.0,1010.0,141,0
2026-08-20T14:15:00+05:30,1010.0,1012.9,1010.0,1012.4,1059,0
2026-08-20T14:30:00+05:30,1012.4,1033.9,1012.3,1033.9,5913,0
2026-08-20T14:45:00+05:30,1031.1,1033.9,1021.0,1030.4,4668,0
2026-08-20T15:00:00+05:30,1032.0,1035.8,1022.6,1022.6,2871,0
2026-08-20T15:15:00+05:30,1022.6,1036.0,1022.6,1036.0,3425,0
2026-08-21T09:15:00+05:30,1029.7,1044.9,1029.7,1039.2,3521,0
2026-08-21T09:30:00+05:30,1039.2,1061.9,1039.2,1056.6,7889,0
2026-08-21T09:45:00+05:30,1054.4,1075.0,1054.4,1070.1,6452,0
2026-08-21T10:00:00+05:30,1071.3,1108.2,1069.6,1102.5,19012,0
2026-08-21T10:15:00+05:30,1102.0,1105.0,1087.3,1089.4,16324,0
2026-08-21T10:30:00+05:30,1089.6,1096.9,1080.9,1090.0,7851,0
2026-08-21T10:45:00+05:30,1088.5,1118.0,1088.5,1114.7,21660,0
2026-08-21T11:00:00+05:30,1114.7,1121.9,1108.0,1118.5,14449,0
2026-08-21T11:15:00+05:30,1119.0,1122.0,1100.1,1105.2,9407,0
2026-08-21T11:30:00+05:30,1105.1,1109.0,1101.0,1106.7,5648,0
2026-08-21T11:45:00+05:30,1106.7,1112.2,1101.2,1106.1,4641,0
2026-08-21T12:00:00+05:30,1106.1,1106.5,1095.0,1096.0,2926,0
2026-08-21T12:15:00+05:30,1095.9,1099.0,1086.8,1097.3,2691,0
2026-08-21T12:30:00+05:30,1098.9,1106.4,1097.5,1101.6,2792,0
2026-08-21T12:45:00+05:30,1102.9,1103.6,1096.9,1098.9,1819,0
2026-08-21T13:00:00+05:30,1098.9,1103.5,1098.2,1099.8,1514,0
2026-08-21T13:15:00+05:30,1098.9,1100.7,1095.2,1097.7,656,0
2026-08-21T13:30:00+05:30,1096.0,1104.9,1095.0,1101.6,2342,0
2026-08-21T13:45:00+05:30,1099.5,1106.0,1095.2,1098.5,1272,0
2026-08-21T14:00:00+05:30,1098.8,1098.8,1095.3,1096.5,836,0
2026-08-21T14:15:00+05:30,1096.5,1099.9,1092.7,1093.1,1514,0
2026-08-21T14:30:00+05:30,1093.1,1094.9,1090.1,1093.0,1349,0
2026-08-21T14:45:00+05:30,1093.2,1098.5,1091.6,1092.6,1588,0
2026-08-21T15:00:00+05:30,1092.6,1094.4,1085.0,1088.2,5020,0
2026-08-21T15:15:00+05:30,1088.8,1095.0,1084.0,1088.1,6768,0
2026-08-24T09:15:00+05:30,1098.0,1105.6,1052.1,1066.1,10395,0
2026-08-24T09:30:00+05:30,1067.4,1075.0,1063.4,1066.9,5486,0
2026-08-24T09:45:00+05:30,1067.7,1067.9,1059.5,1064.8,1026,0
2026-08-24T10:00:00+05:30,1064.4,1068.5,1062.4,1067.0,1352,0
2026-08-24T10:15:00+05:30,1067.0,1067.0,1060.3,1063.1,2806,0
2026-08-24T10:30:00+05:30,1063.2,1069.1,1060.8,1068.2,1296,0
2026-08-24T10:45:00+05:30,1068.0,1071.0,1066.2,1068.0,465,0
2026-08-24T11:00:00+05:30,1067.7,1068.6,1062.7,1066.9,1939,0
2026-08-24T11:15:00+05:30,1067.6,1067.6,1060.0,1064.4,1649,0
2026-08-24T11:30:00+05:30,1064.1,1068.4,1063.2,1064.2,1253,0
2026-08-24T11:45:00+05:30,1064.2,1071.0,1064.2,1069.2,754,0
2026-08-24T12:00:00+05:30,1069.2,1069.7,1067.2,1069.4,208,0
2026-08-24T12:15:00+05:30,1068.2,1078.4,1068.0,1072.1,1225,0
2026-08-24T12:30:00+05:30,1073.5,1076.7,1068.2,1068.2,877,0
2026-08-24T12:45:00+05:30,1068.2,1072.9,1068.2,1072.9,199,0
2026-08-24T13:00:00+05:30,1072.9,1072.9,1068.2,1070.2,465,0
2026-08-24T13:15:00+05:30,1070.4,1072.6,1068.5,1072.6,435,0
2026-08-24T13:30:00+05:30,1072.6,1075.0,1069.2,1073.4,1268,0
2026-08-24T13:45:00+05:30,1073.4,1078.4,1070.1,1070.1,693,0
2026-08-24T14:00:00+05:30,1070.1,1072.0,1070.1,1071.9,385,0
2026-08-24T14:15:00+05:30,1071.9,1072.0,1068.1,1068.1,350,0
2026-08-24T14:30:00+05:30,1069.9,1070.1,1068.0,1070.0,492,0
2026-08-24T14:45:00+05:30,1070.0,1090.0,1068.9,1089.0,2926,0
2026-08-24T15:00:00+05:30,1089.0,1100.0,1088.0,1093.7,3687,0
2026-08-24T15:15:00+05:30,1088.9,1095.3,1079.0,1079.0,2093,0
2026-08-25T09:15:00+05:30,1093.0,1093.0,1068.0,1071.4,1697,0
2026-08-25T09:30:00+05:30,1071.4,1075.9,1065.8,1071.5,1389,0
2026-08-25T09:45:00+05:30,1071.6,1074.0,1069.8,1073.7,1085,0
2026-08-25T10:00:00+05:30,1073.6,1074.6,1070.6,1070.6,1577,0
2026-08-25T10:15:00+05:30,1071.3,1074.2,1066.0,1067.8,1940,0
2026-08-25T10:30:00+05:30,1067.8,1068.8,1060.2,1063.9,1681,0
2026-08-25T10:45:00+05:30,1064.9,1072.9,1064.9,1072.9,1076,0
2026-08-25T11:00:00+05:30,1073.2,1073.2,1067.0,1069.0,597,0
2026-08-25T11:15:00+05:30,1069.0,1069.8,1068.0,1068.1,54,0
2026-08-25T11:30:00+05:30,1068.1,1072.9,1066.2,1071.8,1196,0
2026-08-25T11:45:00+05:30,1071.8,1072.5,1071.7,1072.3,120,0
2026-08-25T12:00:00+05:30,1072.3,1074.7,1070.4,1070.8,624,0
2026-08-25T12:15:00+05:30,1070.9,1072.3,1070.0,1070.1,75,0
2026-08-25T12:30:00+05:30,1070.4,1072.4,1068.6,1070.7,179,0
2026-08-25T12:45:00+05:30,1070.7,1072.0,1069.0,1070.6,124,0
2026-08-25T13:00:00+05:30,1070.4,1073.2,1069.1,1071.3,438,0
2026-08-25T13:15:00+05:30,1071.0,1072.1,1067.9,1067.9,807,0
2026-08-25T13:30:00+05:30,1067.5,1073.8,1067.5,1073.2,291,0
2026-08-25T13:45:00+05:30,1071.1,1080.0,1070.0,1071.2,1744,0
2026-08-25T14:00:00+05:30,1071.6,1074.9,1071.3,1074.9,92,0
2026-08-25T14:15:00+05:30,1074.4,1075.9,1072.1,1073.1,812,0
2026-08-25T14:30:00+05:30,1073.6,1078.9,1073.5,1075.6,418,0
2026-08-25T14:45:00+05:30,1075.6,1079.9,1075.2,1077.6,209,0
2026-08-25T15:00:00+05:30,1077.6,1082.0,1076.0,1076.0,1332,0
2026-08-25T15:15:00+05:30,1076.2,1078.7,1074.6,1075.0,2537,0
2026-08-26T09:15:00+05:30,1092.7,1104.3,1080.3,1081.0,3342,0
2026-08-26T09:30:00+05:30,1080.0,1082.0,1077.2,1081.4,830,0
2026-08-26T09:45:00+05:30,1081.4,1081.9,1071.2,1074.0,1195,0
2026-08-26T10:00:00+05:30,1072.5,1075.3,1071.2,1073.9,270,0
2026-08-26T10:15:00+05:30,1074.0,1074.0,1069.9,1071.5,479,0
2026-08-26T10:30:00+05:30,1072.3,1077.6,1071.1,1077.6,922,0
2026-08-26T10:45:00+05:30,1077.7,1077.9,1071.1,1075.1,691,0
2026-08-26T11:00:00+05:30,1073.3,1075.8,1045.1,1058.0,22373,0
2026-08-26T11:15:00+05:30,1056.5,1060.0,1055.6,1058.0,502,0
2026-08-26T11:30:00+05:30,1058.7,1062.4,1055.0,1059.0,877,0
2026-08-26T11:45:00+05:30,1059.0,1059.4,1054.0,1055.6,330,0
2026-08-26T12:00:00+05:30,1055.3,1056.2,1053.4,1055.3,392,0
2026-08-26T12:15:00+05:30,1055.3,1055.4,1053.4,1054.6,66,0
2026-08-26T12:30:00+05:30,1054.6,1054.6,1051.8,1053.1,524,0
2026-08-26T12:45:00+05:30,1052.1,1052.1,1049.5,1051.9,2275,0
2026-08-26T13:00:00+05:30,1049.9,1052.9,1049.0,1050.7,1065,0
2026-08-26T13:15:00+05:30,1050.7,1052.6,1050.0,1051.2,194,0
2026-08-26T13:30:00+05:30,1051.3,1051.7,1049.0,1049.5,528,0
2026-08-26T13:45:00+05:30,1049.5,1051.0,1049.1,1051.0,32,0
2026-08-26T14:00:00+05:30,1051.0,1051.0,1046.8,1047.5,908,0
2026-08-26T14:15:00+05:30,1049.6,1050.7,1046.6,1048.7,201,0
2026-08-26T14:30:00+05:30,1047.5,1047.9,1041.0,1043.3,3575,0
2026-08-26T14:45:00+05:30,1043.3,1044.9,1042.9,1044.1,781,0
2026-08-26T15:00:00+05:30,1043.0,1049.8,1042.9,1047.0,3185,0
2026-08-26T15:15:00+05:30,1047.0,1047.0,1031.5,1044.0,7355,0
2026-08-27T09:15:00+05:30,1045.0,1075.0,1012.0,1043.0,4282,0
2026-08-27T09:30:00+05:30,1043.0,1043.5,1042.0,1042.6,336,0
2026-08-27T09:45:00+05:30,1044.3,1049.4,1043.6,1043.8,662,0
2026-08-27T10:00:00+05:30,1044.5,1047.9,1043.1,1045.0,329,0
2026-08-27T10:15:00+05:30,1044.0,1045.9,1042.3,1043.2,152,0
2026-08-27T10:30:00+05:30,1043.2,1047.7,1041.7,1041.8,408,0
2026-08-27T10:45:00+05:30,1043.1,1043.1,1040.4,1040.4,139,0
2026-08-27T11:00:00+05:30,1042.0,1047.3,1041.7,1043.1,608,0
2026-08-27T11:15:00+05:30,1043.1,1043.1,1040.0,1040.1,98,0
2026-08-27T11:30:00+05:30,1040.1,1044.4,1040.1,1041.7,163,0
2026-08-27T11:45:00+05:30,1041.7,1041.7,1040.0,1040.0,70,0
2026-08-27T12:00:00+05:30,1040.0,1041.3,1039.2,1040.5,65,0
2026-08-27T12:15:00+05:30,1040.5,1042.5,1039.9,1039.9,189,0
2026-08-27T12:30:00+05:30,1039.9,1039.9,1036.6,1038.3,193,0
2026-08-27T12:45:00+05:30,1038.3,1042.4,1037.3,1042.4,702,0
2026-08-27T13:00:00+05:30,1042.4,1059.9,1040.0,1052.4,3087,0
2026-08-27T13:15:00+05:30,1052.0,1053.9,1046.4,1048.0,521,0
2026-08-27T13:30:00+05:30,1049.0,1051.9,1041.2,1046.8,793,0
2026-08-27T13:45:00+05:30,1046.8,1047.6,1045.1,1045.3,76,0
2026-08-27T14:00:00+05:30,1045.3,1048.5,1045.3,1046.9,120,0
2026-08-27T14:15:00+05:30,1046.9,1046.9,1043.8,1045.9,420,0
2026-08-27T14:30:00+05:30,1044.6,1046.0,1044.4,1044.8,103,0
2026-08-27T14:45:00+05:30,1044.8,1046.0,1035.1,1037.2,1856,0
2026-08-27T15:00:00+05:30,1037.2,1045.0,1033.2,1044.8,2055,0
2026-08-27T15:15:00+05:30,1037.4,1046.9,1035.1,1046.0,1179,0
2026-08-28T09:15:00+05:30,1048.0,1048.0,1034.1,1039.0,1888,0
2026-08-28T09:30:00+05:30,1039.0,1049.9,1039.0,1045.8,1315,0
2026-08-28T09:45:00+05:30,1043.6,1044.2,1031.7,1043.6,1869,0
2026-08-28T10:00:00+05:30,1044.7,1046.8,1019.1,1031.6,16892,0
2026-08-28T10:15:00+05:30,1031.6,1035.2,1030.3,1033.5,380,0
2026-08-28T10:30:00+05:30,1033.5,1034.9,1031.5,1031.5,85,0
2026-08-28T10:45:00+05:30,1031.5,1031.9,1028.5,1030.8,393,0
2026-08-28T11:00:00+05:30,1030.8,1031.0,1025.4,1028.2,576,0
2026-08-28T11:15:00+05:30,1028.1,1029.3,1027.3,1027.4,395,0
2026-08-28T11:30:00+05:30,1028.1,1030.4,1026.7,1030.4,310,0
2026-08-28T11:45:00+05:30,1029.9,1031.1,1025.0,1027.3,558,0
2026-08-28T12:00:00+05:30,1027.3,1029.8,1026.8,1029.8,387,0
2026-08-28T12:15:00+05:30,1027.7,1032.0,1027.5,1031.0,334,0
2026-08-28T12:30:00+05:30,1031.0,1032.0,1029.7,1030.5,429,0
2026-08-28T12:45:00+05:30,1029.4,1030.0,1027.6,1028.2,227,0
2026-08-28T13:00:00+05:30,1028.2,1029.2,1027.1,1027.5,222,0
2026-08-28T13:15:00+05:30,1027.3,1028.0,1026.7,1027.8,137,0
2026-08-28T13:30:00+05:30,1027.7,1031.0,1026.0,1029.3,797,0
2026-08-28T13:45:00+05:30,1029.3,1029.3,1027.5,1027.8,97,0
2026-08-28T14:00:00+05:30,1027.8,1030.6,1027.1,1029.1,178,0
2026-08-28T14:15:00+05:30,1029.1,1030.7,1028.2,1030.3,298,0
2026-08-28T14:30:00+05:30,1029.0,1030.6,1029.0,1029.5,24,0
2026-08-28T14:45:00+05:30,1030.7,1036.0,1029.0,1036.0,1491,0
2026-08-28T15:00:00+05:30,1035.3,1040.3,1026.0,1030.7,4595,0
2026-08-28T15:15:00+05:30,1031.8,1040.0,1027.0,1032.0,2828,0
