timestamp,open,high,low,close,volume,oi
2026-02-26T09:15:00+05:30,1092.0,1096.9,1089.0,1092.7,1230,0
2026-02-26T09:30:00+05:30,1093.2,1096.8,1093.2,1094.1,308,0
2026-02-26T09:45:00+05:30,1093.5,1099.8,1093.4,1094.9,657,0
2026-02-26T10:00:00+05:30,1094.0,1095.9,1093.5,1094.1,441,0
2026-02-26T10:15:00+05:30,1094.1,1094.9,1089.1,1091.8,1954,0
2026-02-26T10:30:00+05:30,1091.8,1091.8,1088.7,1090.0,189,0
2026-02-26T10:45:00+05:30,1090.0,1097.2,1086.8,1097.2,788,0
2026-02-26T11:00:00+05:30,1097.2,1098.8,1095.3,1096.0,466,0
2026-02-26T11:15:00+05:30,1096.0,1099.0,1094.1,1098.9,681,0
2026-02-26T11:30:00+05:30,1098.4,1100.4,1096.1,1098.5,2765,0
2026-02-26T11:45:00+05:30,1098.5,1098.5,1087.3,1091.1,1761,0
2026-02-26T12:00:00+05:30,1091.1,1093.0,1091.0,1091.0,233,0
2026-02-26T12:15:00+05:30,1091.0,1093.2,1091.0,1093.2,398,0
2026-02-26T12:30:00+05:30,1093.2,1093.2,1091.0,1091.0,205,0
2026-02-26T12:45:00+05:30,1091.0,1091.8,1091.0,1091.0,127,0
2026-02-26T13:00:00+05:30,1091.0,1092.9,1091.0,1092.4,536,0
2026-02-26T13:15:00+05:30,1092.6,1095.9,1092.3,1092.3,1239,0
2026-02-26T13:30:00+05:30,1093.3,1093.3,1092.0,1092.3,804,0
2026-02-26T13:45:00+05:30,1092.3,1092.6,1091.1,1092.3,2193,0
2026-02-26T14:00:00+05:30,1092.3,1092.4,1090.9,1092.3,233,0
2026-02-26T14:15:00+05:30,1092.3,1093.1,1092.0,1092.4,821,0
2026-02-26T14:30:00+05:30,1092.3,1093.9,1091.9,1092.5,1330,0
2026-02-26T14:45:00+05:30,1093.5,1094.9,1091.9,1093.8,1770,0
2026-02-26T15:00:00+05:30,1093.8,1095.7,1093.0,1093.9,3220,0
2026-02-26T15:15:00+05:30,1094.0,1099.0,1089.1,1098.7,4028,0
2026-02-27T09:15:00+05:30,1093.1,1093.1,1080.7,1083.6,928,0
2026-02-27T09:30:00+05:30,1083.5,1085.7,1081.2,1082.9,1150,0
2026-02-27T09:45:00+05:30,1083.5,1083.9,1081.3,1083.1,293,0
2026-02-27T10:00:00+05:30,1082.1,1083.0,1078.8,1082.1,808,0
2026-02-27T10:15:00+05:30,1082.1,1085.0,1079.7,1084.2,624,0
2026-02-27T10:30:00+05:30,1084.2,1084.2,1082.1,1082.1,261,0
2026-02-27T10:45:00+05:30,1082.2,1084.0,1080.3,1080.5,278,0
2026-02-27T11:00:00+05:30,1081.6,1083.1,1080.2,1082.1,225,0
2026-02-27T11:15:00+05:30,1082.1,1090.4,1080.7,1090.4,1484,0
2026-02-27T11:30:00+05:30,1089.8,1089.8,1086.6,1088.4,307,0
2026-02-27T11:45:00+05:30,1088.4,1092.9,1086.8,1092.9,354,0
2026-02-27T12:00:00+05:30,1092.9,1093.1,1090.8,1092.1,158,0
2026-02-27T12:15:00+05:30,1091.9,1092.5,1090.1,1092.0,111,0
2026-02-27T12:30:00+05:30,1092.0,1092.9,1090.1,1091.6,379,0
2026-02-27T12:45:00+05:30,1091.6,1092.2,1090.0,1090.0,141,0
2026-02-27T13:00:00+05:30,1090.0,1092.0,1090.0,1090.6,185,0
2026-02-27T13:15:00+05:30,1090.6,1092.4,1089.0,1092.4,339,0
2026-02-27T13:30:00+05:30,1093.0,1102.5,1093.0,1102.5,2568,0
2026-02-27T13:45:00+05:30,1101.0,1109.5,1098.8,1109.5,3193,0
2026-02-27T14:00:00+05:30,1109.4,1111.1,1107.1,1109.0,1077,0
2026-02-27T14:15:00+05:30,1108.5,1110.4,1108.5,1109.0,541,0
2026-02-27T14:30:00+05:30,1109.0,1112.5,1109.0,1110.3,664,0
2026-02-27T14:45:00+05:30,1110.5,1113.0,1101.3,1109.0,4090,0
2026-02-27T15:00:00+05:30,1107.9,1108.1,1100.2,1101.6,4776,0
2026-02-27T15:15:00+05:30,1102.1,1109.9,1099.3,1109.8,3615,0
2026-03-02T09:15:00+05:30,1038.3,1081.8,1035.1,1071.8,16401,0
2026-03-02T09:30:00+05:30,1073.1,1084.7,1067.5,1083.5,4811,0
2026-03-02T09:45:00+05:30,1083.2,1090.1,1080.4,1082.6,4446,0
2026-03-02T10:00:00+05:30,1082.6,1083.6,1065.0,1071.4,4679,0
2026-03-02T10:15:00+05:30,1071.4,1071.4,1062.6,1066.1,3503,0
2026-03-02T10:30:00+05:30,1066.1,1067.0,1060.5,1065.1,2327,0
2026-03-02T10:45:00+05:30,1066.2,1066.2,1057.0,1060.2,3019,0
2026-03-02T11:00:00+05:30,1062.1,1064.9,1059.5,1060.4,1305,0
2026-03-02T11:15:00+05:30,1060.4,1061.6,1057.2,1057.5,2318,0
2026-03-02T11:30:00+05:30,1057.5,1070.2,1057.5,1070.2,2304,0
2026-03-02T11:45:00+05:30,1070.0,1071.9,1068.0,1069.2,372,0
2026-03-02T12:00:00+05:30,1068.5,1070.2,1067.0,1068.8,1728,0
2026-03-02T12:15:00+05:30,1069.2,1069.2,1060.4,1067.9,6142,0
2026-03-02T12:30:00+05:30,1067.0,1071.4,1067.0,1069.2,882,0
2026-03-02T12:45:00+05:30,1068.3,1070.5,1068.0,1068.2,864,0
2026-03-02T13:00:00+05:30,1068.2,1069.0,1064.0,1064.9,3326,0
2026-03-02T13:15:00+05:30,1066.4,1070.1,1063.0,1068.2,2336,0
2026-03-02T13:30:00+05:30,1069.3,1069.6,1068.0,1068.9,316,0
2026-03-02T13:45:00+05:30,1068.9,1069.3,1066.0,1067.0,2426,0
2026-03-02T14:00:00+05:30,1067.0,1072.6,1067.0,1071.8,3517,0
2026-03-02T14:15:00+05:30,1071.8,1073.9,1070.6,1071.0,501,0
2026-03-02T14:30:00+05:30,1071.0,1076.8,1070.1,1075.0,2062,0
2026-03-02T14:45:00+05:30,1075.0,1076.1,1071.0,1072.9,672,0
2026-03-02T15:00:00+05:30,1071.7,1073.6,1071.2,1073.6,593,0
2026-03-02T15:15:00+05:30,1073.1,1074.9,1070.0,1070.0,2396,0
2026-03-04T09:15:00+05:30,1045.1,1067.9,1029.1,1054.9,7124,0
2026-03-04T09:30:00+05:30,1056.9,1063.1,1053.7,1061.2,1684,0
2026-03-04T09:45:00+05:30,1060.6,1063.5,1058.5,1059.2,1953,0
2026-03-04T10:00:00+05:30,1060.0,1064.9,1053.0,1063.6,3464,0
2026-03-04T10:15:00+05:30,1064.6,1064.6,1059.6,1062.0,784,0
2026-03-04T10:30:00+05:30,1061.6,1063.3,1060.0,1061.5,1027,0
2026-03-04T10:45:00+05:30,1061.4,1061.4,1057.0,1057.0,675,0
2026-03-04T11:00:00+05:30,1057.9,1062.8,1057.9,1060.0,1148,0
2026-03-04T11:15:00+05:30,1060.0,1061.3,1053.8,1054.3,1323,0
2026-03-04T11:30:00+05:30,1054.3,1054.3,1046.9,1047.5,1192,0
2026-03-04T11:45:00+05:30,1046.8,1049.9,1043.0,1044.0,1142,0
2026-03-04T12:00:00+05:30,1044.0,1044.5,1035.0,1037.6,2094,0
2026-03-04T12:15:00+05:30,1036.4,1037.5,1035.1,1035.6,1204,0
2026-03-04T12:30:00+05:30,1035.6,1036.5,1033.2,1036.3,1993,0
2026-03-04T12:45:00+05:30,1036.3,1054.9,1035.0,1047.9,3325,0
2026-03-04T13:00:00+05:30,1048.3,1048.9,1042.6,1046.3,1786,0
2026-03-04T13:15:00+05:30,1046.7,1049.6,1044.3,1049.0,245,0
2026-03-04T13:30:00+05:30,1046.9,1048.0,1039.6,1047.8,4311,0
2026-03-04T13:45:00+05:30,1047.8,1047.9,1046.3,1047.5,119,0
2026-03-04T14:00:00+05:30,1047.6,1057.5,1046.3,1055.3,2319,0
2026-03-04T14:15:00+05:30,1055.5,1055.9,1051.3,1052.6,433,0
2026-03-04T14:30:00+05:30,1052.6,1054.5,1052.1,1052.7,253,0
2026-03-04T14:45:00+05:30,1053.8,1055.9,1046.4,1048.3,3147,0
2026-03-04T15:00:00+05:30,1048.9,1051.4,1045.0,1046.5,3581,0
2026-03-04T15:15:00+05:30,1046.5,1048.6,1032.0,1035.0,3919,0
2026-03-05T09:15:00+05:30,1049.9,1080.0,1042.4,1044.7,3759,0
2026-03-05T09:30:00+05:30,1044.7,1047.4,1035.5,1041.9,3000,0
2026-03-05T09:45:00+05:30,1041.9,1050.1,1040.2,1040.7,2210,0
2026-03-05T10:00:00+05:30,1042.0,1042.8,1038.0,1038.0,1418,0
2026-03-05T10:15:00+05:30,1036.5,1038.1,1031.0,1032.9,4364,0
2026-03-05T10:30:00+05:30,1032.1,1035.0,1032.1,1034.1,230,0
2026-03-05T10:45:00+05:30,1035.4,1035.4,1025.6,1030.6,2444,0
2026-03-05T11:00:00+05:30,1030.5,1037.5,1029.9,1030.6,3781,0
2026-03-05T11:15:00+05:30,1030.6,1032.5,1030.6,1031.6,554,0
2026-03-05T11:30:00+05:30,1030.7,1033.7,1027.0,1028.4,2073,0
2026-03-05T11:45:00+05:30,1027.0,1030.5,1027.0,1027.7,1598,0
2026-03-05T12:00:00+05:30,1028.7,1028.7,1018.1,1018.8,2726,0
2026-03-05T12:15:00+05:30,1020.1,1022.7,1018.1,1021.0,1846,0
2026-03-05T12:30:00+05:30,1021.0,1021.8,1019.5,1020.2,1333,0
2026-03-05T12:45:00+05:30,1020.1,1022.0,1019.6,1021.2,743,0
2026-03-05T13:00:00+05:30,1021.2,1022.0,1020.0,1020.0,756,0
2026-03-05T13:15:00+05:30,1020.0,1020.6,1015.0,1017.0,3236,0
2026-03-05T13:30:00+05:30,1017.0,1022.0,1015.7,1018.2,4185,0
2026-03-05T13:45:00+05:30,1019.8,1020.0,1018.0,1018.0,425,0
2026-03-05T14:00:00+05:30,1018.7,1018.7,1013.8,1016.1,3044,0
2026-03-05T14:15:00+05:30,1016.1,1016.5,1007.0,1009.5,1840,0
2026-03-05T14:30:00+05:30,1009.5,1011.8,1007.9,1011.3,4584,0
2026-03-05T14:45:00+05:30,1011.9,1034.0,1010.0,1033.1,21134,0
2026-03-05T15:00:00+05:30,1030.9,1037.7,1016.0,1019.5,7937,0
2026-03-05T15:15:00+05:30,1018.9,1030.5,1004.0,1027.0,11175,0
2026-03-06T09:15:00+05:30,1019.0,1038.7,1011.2,1031.9,2807,0
2026-03-06T09:30:00+05:30,1032.0,1035.0,1030.0,1034.5,829,0
2026-03-06T09:45:00+05:30,1032.5,1036.0,1032.2,1034.1,393,0
2026-03-06T10:00:00+05:30,1034.1,1034.9,1031.0,1033.3,782,0
2026-03-06T10:15:00+05:30,1033.3,1037.0,1030.8,1033.7,908,0
2026-03-06T10:30:00+05:30,1033.7,1036.5,1032.5,1035.5,376,0
2026-03-06T10:45:00+05:30,1035.5,1035.5,1021.2,1021.2,2668,0
2026-03-06T11:00:00+05:30,1021.2,1024.6,1014.1,1014.1,2697,0
2026-03-06T11:15:00+05:30,1014.1,1016.1,1013.3,1014.9,1430,0
2026-03-06T11:30:00+05:30,1014.9,1019.1,1014.1,1016.8,1632,0
2026-03-06T11:45:00+05:30,1016.6,1018.2,1015.2,1017.8,396,0
2026-03-06T12:00:00+05:30,1017.0,1018.2,1016.0,1016.2,515,0
2026-03-06T12:15:00+05:30,1017.4,1018.2,1016.0,1016.0,265,0
2026-03-06T12:30:00+05:30,1016.1,1019.0,1016.1,1017.7,175,0
2026-03-06T12:45:00+05:30,1017.7,1017.9,1016.2,1017.8,201,0
2026-03-06T13:00:00+05:30,1018.4,1020.9,1017.9,1018.6,2275,0
2026-03-06T13:15:00+05:30,1019.8,1023.4,1017.9,1020.0,4993,0
2026-03-06T13:30:00+05:30,1020.2,1021.3,1018.5,1021.3,154,0
2026-03-06T13:45:00+05:30,1020.4,1021.7,1018.7,1019.6,267,0
2026-03-06T14:00:00+05:30,1019.6,1020.7,1018.3,1019.9,922,0
2026-03-06T14:15:00+05:30,1019.9,1023.5,1019.1,1019.1,777,0
2026-03-06T14:30:00+05:30,1019.1,1023.7,1018.6,1020.7,1483,0
2026-03-06T14:45:00+05:30,1021.2,1023.4,1018.7,1021.3,1702,0
2026-03-06T15:00:00+05:30,1021.4,1021.4,1016.1,1017.5,1289,0
2026-03-06T15:15:00+05:30,1017.4,1018.7,1010.7,1017.7,3110,0
2026-03-09T09:15:00+05:30,995.6,1010.0,975.1,993.4,3479,0
2026-03-09T09:30:00+05:30,993.6,997.5,990.0,993.3,2781,0
2026-03-09T09:45:00+05:30,992.0,993.3,985.6,989.1,3373,0
2026-03-09T10:00:00+05:30,989.7,992.0,986.7,991.8,717,0
2026-03-09T10:15:00+05:30,991.8,992.9,988.4,989.1,596,0
2026-03-09T10:30:00+05:30,990.0,994.1,985.1,986.5,1126,0
2026-03-09T10:45:00+05:30,986.5,989.6,983.0,989.0,745,0
2026-03-09T11:00:00+05:30,989.1,990.5,979.7,985.8,5372,0
2026-03-09T11:15:00+05:30,985.8,996.2,983.1,992.2,4350,0
2026-03-09T11:30:00+05:30,992.1,998.0,990.5,992.8,3073,0
2026-03-09T11:45:00+05:30,994.2,1000.0,992.3,993.2,1928,0
2026-03-09T12:00:00+05:30,992.3,995.0,988.7,989.9,1703,0
2026-03-09T12:15:00+05:30,989.8,992.9,986.0,992.9,2289,0
2026-03-09T12:30:00+05:30,991.9,994.9,990.8,991.5,864,0
2026-03-09T12:45:00+05:30,991.5,992.7,986.0,986.6,1005,0
2026-03-09T13:00:00+05:30,986.6,990.1,985.1,985.1,832,0
2026-03-09T13:15:00+05:30,985.9,990.2,983.2,985.6,2029,0
2026-03-09T13:30:00+05:30,984.2,989.2,983.0,985.1,2222,0
2026-03-09T13:45:00+05:30,985.1,986.6,983.0,983.1,775,0
2026-03-09T14:00:00+05:30,983.2,983.9,979.0,979.0,1775,0
2026-03-09T14:15:00+05:30,979.0,983.0,978.4,980.1,2192,0
2026-03-09T14:30:00+05:30,980.1,980.5,976.0,976.0,2160,0
2026-03-09T14:45:00+05:30,976.0,979.9,975.5,978.7,1505,0
2026-03-09T15:00:00+05:30,979.7,981.0,976.8,980.8,2821,0
2026-03-09T15:15:00+05:30,981.0,982.6,975.1,979.4,5642,0
2026-03-10T09:15:00+05:30,993.6,997.3,971.1,972.2,5896,0
2026-03-10T09:30:00+05:30,972.2,981.0,972.0,976.3,3766,0
2026-03-10T09:45:00+05:30,974.4,979.3,974.0,974.9,4276,0
2026-03-10T10:00:00+05:30,974.8,987.0,974.6,987.0,1329,0
2026-03-10T10:15:00+05:30,986.9,993.2,984.8,990.5,1302,0
2026-03-10T10:30:00+05:30,989.9,993.6,988.9,991.0,589,0
2026-03-10T10:45:00+05:30,991.0,992.0,989.0,992.0,596,0
2026-03-10T11:00:00+05:30,992.0,1003.9,991.2,996.2,2052,0
2026-03-10T11:15:00+05:30,997.9,1002.7,997.9,1002.4,938,0
2026-03-10T11:30:00+05:30,1002.4,1023.0,1001.0,1016.6,7446,0
2026-03-10T11:45:00+05:30,1015.2,1017.1,1009.1,1011.2,941,0
2026-03-10T12:00:00+05:30,1012.1,1015.4,1008.4,1011.3,1677,0
2026-03-10T12:15:00+05:30,1011.3,1014.3,1010.4,1012.5,849,0
2026-03-10T12:30:00+05:30,1012.3,1014.5,1010.1,1013.8,298,0
2026-03-10T12:45:00+05:30,1013.3,1015.0,1010.2,1012.9,952,0
2026-03-10T13:00:00+05:30,1012.9,1015.0,1012.7,1013.6,243,0
2026-03-10T13:15:00+05:30,1013.5,1017.8,1013.5,1016.8,519,0
2026-03-10T13:30:00+05:30,1016.8,1019.0,1015.9,1017.5,506,0
2026-03-10T13:45:00+05:30,1017.5,1018.1,1012.2,1016.3,1204,0
2026-03-10T14:00:00+05:30,1014.4,1019.4,1013.2,1016.5,308,0
2026-03-10T14:15:00+05:30,1016.5,1019.4,1014.3,1018.6,459,0
2026-03-10T14:30:00+05:30,1019.2,1020.0,1014.0,1018.7,795,0
2026-03-10T14:45:00+05:30,1018.7,1022.4,1017.6,1022.0,657,0
2026-03-10T15:00:00+05:30,1020.1,1035.0,1020.0,1027.1,10916,0
2026-03-10T15:15:00+05:30,1027.7,1042.3,1015.3,1030.0,8204,0
2026-03-11T09:15:00+05:30,1030.1,1035.5,1021.3,1023.2,1212,0
2026-03-11T09:30:00+05:30,1022.5,1024.3,1018.6,1023.6,1827,0
2026-03-11T09:45:00+05:30,1023.6,1023.8,1022.0,1023.7,216,0
2026-03-11T10:00:00+05:30,1022.2,1034.0,1022.1,1030.6,2030,0
2026-03-11T10:15:00+05:30,1030.6,1033.9,1030.6,1031.7,1017,0
2026-03-11T10:30:00+05:30,1032.1,1033.9,1023.6,1024.3,1641,0
2026-03-11T10:45:00+05:30,1024.3,1025.8,1021.4,1023.1,872,0
2026-03-11T11:00:00+05:30,1023.0,1025.9,1022.0,1023.4,741,0
2026-03-11T11:15:00+05:30,1023.4,1023.4,1020.0,1022.3,1148,0
2026-03-11T11:30:00+05:30,1022.3,1022.5,1020.6,1021.3,142,0
2026-03-11T11:45:00+05:30,1022.1,1022.1,1016.1,1019.1,1092,0
2026-03-11T12:00:00+05:30,1020.2,1021.9,1018.9,1020.9,448,0
2026-03-11T12:15:00+05:30,1020.9,1021.1,1018.2,1019.3,465,0
2026-03-11T12:30:00+05:30,1020.1,1021.9,1018.6,1021.0,1170,0
2026-03-11T12:45:00+05:30,1021.1,1021.4,1020.1,1020.4,247,0
2026-03-11T13:00:00+05:30,1021.1,1024.4,1020.0,1020.9,1368,0
2026-03-11T13:15:00+05:30,1020.9,1021.8,1008.0,1020.2,4024,0
2026-03-11T13:30:00+05:30,1021.5,1023.8,1020.0,1020.9,621,0
2026-03-11T13:45:00+05:30,1020.8,1020.8,1018.5,1019.3,228,0
2026-03-11T14:00:00+05:30,1019.5,1020.9,1018.4,1018.5,321,0
2026-03-11T14:15:00+05:30,1018.4,1021.8,1015.6,1021.7,642,0
2026-03-11T14:30:00+05:30,1020.0,1021.8,1016.1,1018.2,868,0
2026-03-11T14:45:00+05:30,1016.8,1018.3,1010.2,1010.2,1863,0
2026-03-11T15:00:00+05:30,1010.4,1021.0,1007.1,1018.0,12257,0
2026-03-11T15:15:00+05:30,1018.1,1025.0,1015.9,1020.0,7336,0
2026-03-12T09:15:00+05:30,1022.0,1022.0,990.0,997.7,3787,0
2026-03-12T09:30:00+05:30,998.7,1000.5,990.1,997.9,8888,0
2026-03-12T09:45:00+05:30,997.9,1002.8,997.7,1002.6,565,0
2026-03-12T10:00:00+05:30,1002.2,1003.8,997.5,997.5,3256,0
2026-03-12T10:15:00+05:30,997.8,999.9,996.5,997.4,2400,0
2026-03-12T10:30:00+05:30,997.6,1001.0,996.5,997.6,874,0
2026-03-12T10:45:00+05:30,997.5,1000.0,997.2,1000.0,417,0
2026-03-12T11:00:00+05:30,1000.0,1010.3,999.5,1006.9,7316,0
2026-03-12T11:15:00+05:30,1006.9,1006.9,1000.5,1001.8,1490,0
2026-03-12T11:30:00+05:30,1001.0,1001.6,998.8,1001.6,1885,0
2026-03-12T11:45:00+05:30,1001.6,1002.0,999.8,1000.7,843,0
2026-03-12T12:00:00+05:30,1000.7,1005.0,1000.1,1003.6,3452,0
2026-03-12T12:15:00+05:30,1004.4,1029.4,1003.8,1023.9,13119,0
2026-03-12T12:30:00+05:30,1021.9,1026.1,1018.8,1020.1,2138,0
2026-03-12T12:45:00+05:30,1020.0,1022.1,1017.5,1021.3,2207,0
2026-03-12T13:00:00+05:30,1021.3,1021.3,1015.1,1018.3,1944,0
2026-03-12T13:15:00+05:30,1018.5,1019.9,1016.4,1017.7,875,0
2026-03-12T13:30:00+05:30,1016.3,1019.1,1015.4,1019.1,1691,0
2026-03-12T13:45:00+05:30,1019.0,1019.8,1013.8,1016.4,890,0
2026-03-12T14:00:00+05:30,1016.4,1016.9,1011.9,1014.8,1050,0
2026-03-12T14:15:00+05:30,1014.8,1015.5,1011.8,1015.0,992,0
2026-03-12T14:30:00+05:30,1014.8,1014.9,1010.9,1011.1,1076,0
2026-03-12T14:45:00+05:30,1011.6,1015.9,1011.6,1014.5,1324,0
2026-03-12T15:00:00+05:30,1013.4,1013.4,1008.5,1009.2,1291,0
2026-03-12T15:15:00+05:30,1009.9,1016.7,1005.7,1009.0,6921,0
2026-03-13T09:15:00+05:30,1013.3,1015.3,995.0,999.4,1848,0
2026-03-13T09:30:00+05:30,999.8,999.8,990.6,992.9,901,0
2026-03-13T09:45:00+05:30,992.9,993.0,989.8,990.4,1899,0
2026-03-13T10:00:00+05:30,990.4,993.6,989.0,991.0,835,0
2026-03-13T10:15:00+05:30,991.0,995.7,990.5,993.3,1195,0
2026-03-13T10:30:00+05:30,993.3,995.3,990.6,991.7,429,0
2026-03-13T10:45:00+05:30,991.7,1005.0,991.1,1005.0,3547,0
2026-03-13T11:00:00+05:30,1006.6,1015.2,1001.9,1010.3,5408,0
2026-03-13T11:15:00+05:30,1009.3,1016.0,1008.0,1016.0,6863,0
2026-03-13T11:30:00+05:30,1016.5,1017.2,1009.4,1011.0,548,0
2026-03-13T11:45:00+05:30,1009.6,1009.6,1004.3,1004.6,490,0
2026-03-13T12:00:00+05:30,1004.6,1010.0,1000.0,1005.6,3207,0
2026-03-13T12:15:00+05:30,1005.6,1006.7,1001.0,1001.0,309,0
2026-03-13T12:30:00+05:30,1001.0,1002.2,1000.0,1002.0,797,0
2026-03-13T12:45:00+05:30,1000.8,1001.7,997.4,998.0,1329,0
2026-03-13T13:00:00+05:30,999.0,999.5,998.0,998.6,423,0
2026-03-13T13:15:00+05:30,998.6,998.6,992.2,994.2,742,0
2026-03-13T13:30:00+05:30,994.2,995.3,992.4,992.8,635,0
2026-03-13T13:45:00+05:30,993.6,994.6,991.0,993.8,2425,0
2026-03-13T14:00:00+05:30,993.8,997.7,992.5,997.7,1259,0
2026-03-13T14:15:00+05:30,997.7,997.7,995.0,995.1,853,0
2026-03-13T14:30:00+05:30,995.8,996.2,993.7,995.0,578,0
2026-03-13T14:45:00+05:30,995.0,1000.1,992.6,993.6,3117,0
2026-03-13T15:00:00+05:30,994.3,1000.0,992.5,993.0,6015,0
2026-03-13T15:15:00+05:30,993.0,1000.0,992.7,995.0,4745,0
2026-03-16T09:15:00+05:30,995.6,999.7,974.0,976.2,4510,0
2026-03-16T09:30:00+05:30,976.3,984.6,975.1,984.6,1446,0
2026-03-16T09:45:00+05:30,984.6,986.4,980.0,981.3,2558,0
2026-03-16T10:00:00+05:30,980.2,982.3,975.0,982.3,2615,0
2026-03-16T10:15:00+05:30,980.8,982.3,971.1,973.3,1109,0
2026-03-16T10:30:00+05:30,972.2,974.0,963.1,968.1,2490,0
2026-03-16T10:45:00+05:30,968.6,971.0,965.1,970.4,884,0
2026-03-16T11:00:00+05:30,971.0,973.3,966.4,966.7,1095,0
2026-03-16T11:15:00+05:30,966.9,974.8,966.9,969.6,963,0
2026-03-16T11:30:00+05:30,969.4,971.3,967.3,969.2,496,0
2026-03-16T11:45:00+05:30,969.8,971.5,965.0,965.6,860,0
2026-03-16T12:00:00+05:30,965.0,976.4,965.0,973.6,5181,0
2026-03-16T12:15:00+05:30,973.6,976.0,971.1,972.0,3317,0
2026-03-16T12:30:00+05:30,972.0,974.5,971.1,972.0,1275,0
2026-03-16T12:45:00+05:30,972.0,975.1,971.0,972.4,1221,0
2026-03-16T13:00:00+05:30,972.1,973.9,968.1,972.1,11589,0
2026-03-16T13:15:00+05:30,972.1,972.6,965.0,966.0,3317,0
2026-03-16T13:30:00+05:30,966.1,968.5,965.0,967.2,786,0
2026-03-16T13:45:00+05:30,967.2,967.8,962.0,962.5,1285,0
2026-03-16T14:00:00+05:30,962.5,964.5,961.8,963.3,493,0
2026-03-16T14:15:00+05:30,963.5,976.9,962.4,975.9,3237,0
2026-03-16T14:30:00+05:30,975.9,978.9,968.0,973.6,8001,0
2026-03-16T14:45:00+05:30,973.6,974.5,969.5,972.0,5486,0
2026-03-16T15:00:00+05:30,972.0,974.0,970.0,970.0,2389,0
2026-03-16T15:15:00+05:30,970.1,979.0,969.9,976.0,7554,0
2026-03-17T09:15:00+05:30,973.0,973.0,945.0,950.1,17705,0
2026-03-17T09:30:00+05:30,951.1,952.6,942.0,947.1,17844,0
2026-03-17T09:45:00+05:30,948.5,958.9,944.3,958.8,16761,0
2026-03-17T10:00:00+05:30,957.7,962.0,954.5,958.7,12406,0
2026-03-17T10:15:00+05:30,959.5,965.5,958.1,958.4,7811,0
2026-03-17T10:30:00+05:30,959.1,959.9,951.8,956.9,10067,0
2026-03-17T10:45:00+05:30,955.9,962.0,954.2,956.5,6506,0
2026-03-17T11:00:00+05:30,956.4,960.9,951.6,954.7,5522,0
2026-03-17T11:15:00+05:30,954.7,956.8,953.1,953.5,3778,0
2026-03-17T11:30:00+05:30,954.1,955.9,953.0,953.2,3099,0
2026-03-17T11:45:00+05:30,953.8,955.9,953.0,953.2,3008,0
2026-03-17T12:00:00+05:30,953.3,956.4,952.5,954.6,3033,0
2026-03-17T12:15:00+05:30,954.0,955.9,953.0,953.0,2717,0
2026-03-17T12:30:00+05:30,953.2,957.4,953.0,955.4,3846,0
2026-03-17T12:45:00+05:30,955.3,960.4,954.5,955.5,3240,0
2026-03-17T13:00:00+05:30,955.5,957.8,949.0,950.8,27802,0
2026-03-17T13:15:00+05:30,950.8,953.9,949.1,951.9,5406,0
2026-03-17T13:30:00+05:30,951.4,952.9,949.0,950.5,4910,0
2026-03-17T13:45:00+05:30,949.1,955.5,949.0,951.6,4997,0
2026-03-17T14:00:00+05:30,952.0,954.7,950.3,951.2,4398,0
2026-03-17T14:15:00+05:30,952.0,952.7,949.0,949.3,4402,0
2026-03-17T14:30:00+05:30,949.3,950.9,948.0,948.0,4814,0
2026-03-17T14:45:00+05:30,948.0,963.2,947.5,962.8,10228,0
2026-03-17T15:00:00+05:30,961.9,972.0,956.7,965.6,18364,0
2026-03-17T15:15:00+05:30,964.9,965.7,952.5,959.0,6249,0
2026-03-18T09:15:00+05:30,965.0,982.2,956.1,982.1,5158,0
2026-03-18T09:30:00+05:30,981.9,985.9,980.0,981.0,3174,0
2026-03-18T09:45:00+05:30,982.4,987.0,980.5,983.1,1995,0
2026-03-18T10:00:00+05:30,982.3,983.4,978.0,978.1,1744,0
2026-03-18T10:15:00+05:30,978.8,983.5,976.2,983.1,3741,0
2026-03-18T10:30:00+05:30,982.8,983.6,980.0,981.0,1709,0
2026-03-18T10:45:00+05:30,981.0,983.1,971.0,974.6,3820,0
2026-03-18T11:00:00+05:30,973.6,976.8,972.1,975.5,2608,0
2026-03-18T11:15:00+05:30,976.8,977.9,970.0,970.2,4162,0
2026-03-18T11:30:00+05:30,971.1,973.8,969.8,970.7,4815,0
2026-03-18T11:45:00+05:30,971.2,971.5,965.1,966.7,6132,0
2026-03-18T12:00:00+05:30,966.0,967.5,963.1,964.2,2439,0
2026-03-18T12:15:00+05:30,964.0,969.7,962.0,966.4,7031,0
2026-03-18T12:30:00+05:30,965.9,972.3,965.9,970.9,8285,0
2026-03-18T12:45:00+05:30,971.1,973.4,969.3,969.4,3651,0
2026-03-18T13:00:00+05:30,969.0,971.0,968.0,970.0,2527,0
2026-03-18T13:15:00+05:30,970.0,970.0,968.0,968.0,2053,0
2026-03-18T13:30:00+05:30,968.3,970.0,968.0,968.3,1947,0
2026-03-18T13:45:00+05:30,968.2,972.0,968.0,970.2,2785,0
2026-03-18T14:00:00+05:30,970.2,970.9,968.0,968.5,1628,0
2026-03-18T14:15:00+05:30,968.5,977.3,968.1,970.5,3896,0
2026-03-18T14:30:00+05:30,970.6,972.6,969.0,969.7,2310,0
2026-03-18T14:45:00+05:30,970.6,973.7,969.8,971.5,1820,0
2026-03-18T15:00:00+05:30,971.6,973.5,969.4,969.4,3717,0
2026-03-18T15:15:00+05:30,970.0,974.4,965.0,968.9,5360,0
2026-03-19T09:15:00+05:30,964.7,966.2,948.0,955.4,4780,0
2026-03-19T09:30:00+05:30,954.1,956.9,951.7,954.1,1330,0
2026-03-19T09:45:00+05:30,953.8,954.1,946.4,946.5,1935,0
2026-03-19T10:00:00+05:30,947.5,950.6,946.5,947.3,1478,0
2026-03-19T10:15:00+05:30,948.2,949.0,945.4,946.1,1074,0
2026-03-19T10:30:00+05:30,946.4,949.0,945.5,946.5,1387,0
2026-03-19T10:45:00+05:30,946.9,950.0,945.2,946.3,3358,0
2026-03-19T11:00:00+05:30,946.3,947.1,944.1,944.9,1609,0
2026-03-19T11:15:00+05:30,944.2,945.0,942.0,942.3,652,0
2026-03-19T11:30:00+05:30,942.3,947.0,942.2,945.0,2062,0
2026-03-19T11:45:00+05:30,945.2,946.9,944.0,945.0,655,0
2026-03-19T12:00:00+05:30,945.0,946.6,944.6,945.0,637,0
2026-03-19T12:15:00+05:30,945.9,949.3,944.0,944.0,1796,0
2026-03-19T12:30:00+05:30,944.0,945.0,943.5,943.8,1020,0
2026-03-19T12:45:00+05:30,943.5,945.0,943.0,943.1,1354,0
2026-03-19T13:00:00+05:30,943.1,943.4,939.0,939.0,4767,0
2026-03-19T13:15:00+05:30,939.1,941.3,937.0,937.0,2140,0
2026-03-19T13:30:00+05:30,938.4,940.3,937.0,937.2,1455,0
2026-03-19T13:45:00+05:30,937.2,938.5,935.1,935.2,1229,0
2026-03-19T14:00:00+05:30,936.5,937.0,931.0,933.8,2739,0
2026-03-19T14:15:00+05:30,933.6,934.2,925.0,925.6,3733,0
2026-03-19T14:30:00+05:30,926.3,928.5,925.0,925.1,3975,0
2026-03-19T14:45:00+05:30,927.0,927.6,922.0,923.0,3034,0
2026-03-19T15:00:00+05:30,922.4,927.0,921.3,925.6,1879,0
2026-03-19T15:15:00+05:30,925.6,930.8,923.1,929.9,3598,0
2026-03-20T09:15:00+05:30,939.7,939.7,927.1,932.0,4352,0
2026-03-20T09:30:00+05:30,932.0,932.0,921.7,925.5,5083,0
2026-03-20T09:45:00+05:30,925.5,927.5,922.0,923.1,3979,0
2026-03-20T10:00:00+05:30,923.1,929.1,922.0,926.8,1763,0
2026-03-20T10:15:00+05:30,926.8,927.9,923.0,927.1,1931,0
2026-03-20T10:30:00+05:30,927.9,928.0,923.6,923.8,1562,0
2026-03-20T10:45:00+05:30,924.5,928.0,923.6,925.0,1702,0
2026-03-20T11:00:00+05:30,925.3,925.3,921.5,924.0,2201,0
2026-03-20T11:15:00+05:30,922.2,930.3,921.5,925.9,3160,0
2026-03-20T11:30:00+05:30,925.4,927.5,916.9,918.7,4588,0
2026-03-20T11:45:00+05:30,919.3,920.3,913.6,917.0,3844,0
2026-03-20T12:00:00+05:30,916.7,920.4,915.5,918.6,2729,0
2026-03-20T12:15:00+05:30,920.0,920.0,915.0,916.1,1891,0
2026-03-20T12:30:00+05:30,915.1,916.9,914.5,914.8,831,0
2026-03-20T12:45:00+05:30,914.8,919.1,914.5,914.8,2982,0
2026-03-20T13:00:00+05:30,914.8,916.1,913.0,915.8,6748,0
2026-03-20T13:15:00+05:30,914.8,926.2,913.3,926.2,2155,0
2026-03-20T13:30:00+05:30,926.2,927.1,922.2,925.9,1038,0
2026-03-20T13:45:00+05:30,924.8,924.8,921.3,921.3,909,0
2026-03-20T14:00:00+05:30,922.9,923.9,919.6,922.1,1087,0
2026-03-20T14:15:00+05:30,921.7,922.0,917.8,919.5,896,0
2026-03-20T14:30:00+05:30,918.5,930.0,917.7,923.7,4696,0
2026-03-20T14:45:00+05:30,922.0,923.0,917.0,918.9,3082,0
2026-03-20T15:00:00+05:30,917.2,921.5,916.5,917.0,1484,0
2026-03-20T15:15:00+05:30,917.5,924.2,916.6,924.2,3534,0
2026-03-23T09:15:00+05:30,922.3,924.1,892.8,900.5,7819,0
2026-03-23T09:30:00+05:30,901.9,905.7,893.1,901.0,6621,0
2026-03-23T09:45:00+05:30,901.6,903.2,899.0,899.3,5741,0
2026-03-23T10:00:00+05:30,899.3,901.4,897.2,899.6,1903,0
2026-03-23T10:15:00+05:30,900.1,902.9,893.2,895.5,13597,0
2026-03-23T10:30:00+05:30,895.5,896.9,892.5,893.5,4878,0
2026-03-23T10:45:00+05:30,894.4,905.0,888.0,895.0,13919,0
2026-03-23T11:00:00+05:30,895.3,895.3,887.6,892.8,3601,0
2026-03-23T11:15:00+05:30,892.6,894.4,885.2,886.4,5936,0
2026-03-23T11:30:00+05:30,888.1,896.6,886.5,893.2,4032,0
2026-03-23T11:45:00+05:30,893.9,899.9,893.0,895.3,4550,0
2026-03-23T12:00:00+05:30,894.8,896.8,892.0,895.1,3950,0
2026-03-23T12:15:00+05:30,896.0,896.0,887.2,888.1,2626,0
2026-03-23T12:30:00+05:30,890.3,891.9,885.8,886.2,2113,0
2026-03-23T12:45:00+05:30,886.2,889.9,885.5,888.0,4224,0
2026-03-23T13:00:00+05:30,888.0,889.8,881.4,881.8,3626,0
2026-03-23T13:15:00+05:30,881.8,884.8,881.0,883.3,3027,0
2026-03-23T13:30:00+05:30,883.3,888.0,880.7,884.6,4975,0
2026-03-23T13:45:00+05:30,883.3,887.5,883.3,885.2,1203,0
2026-03-23T14:00:00+05:30,886.4,887.8,885.0,886.4,1078,0
2026-03-23T14:15:00+05:30,886.4,887.7,882.0,883.0,2143,0
2026-03-23T14:30:00+05:30,882.0,882.4,876.0,876.7,8399,0
2026-03-23T14:45:00+05:30,877.9,879.0,874.0,876.5,3111,0
2026-03-23T15:00:00+05:30,876.5,876.5,865.3,868.9,7219,0
2026-03-23T15:15:00+05:30,870.1,872.8,865.0,870.0,9158,0
2026-03-24T09:15:00+05:30,885.8,898.0,875.6,894.4,6200,0
2026-03-24T09:30:00+05:30,893.7,903.0,892.1,897.3,5868,0
2026-03-24T09:45:00+05:30,896.5,901.7,892.8,895.5,4299,0
2026-03-24T10:00:00+05:30,895.5,903.0,894.1,903.0,5907,0
2026-03-24T10:15:00+05:30,902.3,909.5,901.7,905.6,5166,0
2026-03-24T10:30:00+05:30,905.6,911.3,902.7,908.9,3347,0
2026-03-24T10:45:00+05:30,908.9,910.1,902.6,906.3,3965,0
2026-03-24T11:00:00+05:30,905.9,914.0,905.9,911.0,4535,0
2026-03-24T11:15:00+05:30,911.0,915.2,903.2,904.8,5734,0
2026-03-24T11:30:00+05:30,905.8,911.6,898.3,906.6,6347,0
2026-03-24T11:45:00+05:30,905.8,918.6,905.8,918.6,5633,0
2026-03-24T12:00:00+05:30,918.4,922.8,916.6,922.4,5350,0
2026-03-24T12:15:00+05:30,921.2,926.4,919.6,923.6,5394,0
2026-03-24T12:30:00+05:30,923.4,930.0,922.8,926.0,6247,0
2026-03-24T12:45:00+05:30,926.2,930.0,925.4,927.0,5103,0
2026-03-24T13:00:00+05:30,927.1,929.7,925.0,929.6,1955,0
2026-03-24T13:15:00+05:30,929.8,929.8,925.4,929.5,1245,0
2026-03-24T13:30:00+05:30,928.5,930.0,926.5,928.7,2154,0
2026-03-24T13:45:00+05:30,928.7,930.0,926.0,926.3,984,0
2026-03-24T14:00:00+05:30,926.3,929.2,923.2,923.7,738,0
2026-03-24T14:15:00+05:30,924.6,926.1,921.2,922.9,1008,0
2026-03-24T14:30:00+05:30,922.7,929.1,922.0,925.3,3258,0
2026-03-24T14:45:00+05:30,924.5,929.9,921.2,928.0,3108,0
2026-03-24T15:00:00+05:30,928.5,942.3,925.9,927.4,10427,0
2026-03-24T15:15:00+05:30,927.5,933.0,921.0,931.2,11423,0
2026-03-25T09:15:00+05:30,945.0,945.0,922.0,935.3,4616,0
2026-03-25T09:30:00+05:30,936.4,960.0,936.4,959.8,7557,0
2026-03-25T09:45:00+05:30,960.6,964.9,959.4,963.0,3879,0
2026-03-25T10:00:00+05:30,963.2,963.3,955.6,958.8,1129,0
2026-03-25T10:15:00+05:30,958.9,960.9,954.0,954.0,1684,0
2026-03-25T10:30:00+05:30,954.8,965.4,954.8,961.9,4843,0
2026-03-25T10:45:00+05:30,961.9,964.8,958.0,958.4,837,0
2026-03-25T11:00:00+05:30,956.8,960.0,956.3,959.4,1135,0
2026-03-25T11:15:00+05:30,959.5,960.0,952.9,955.5,2163,0
2026-03-25T11:30:00+05:30,954.3,958.7,950.1,951.3,1493,0
2026-03-25T11:45:00+05:30,951.3,959.6,951.3,956.3,1188,0
2026-03-25T12:00:00+05:30,955.0,960.0,954.7,959.3,1014,0
2026-03-25T12:15:00+05:30,959.3,959.9,956.1,957.7,901,0
2026-03-25T12:30:00+05:30,957.6,959.3,955.0,957.8,1267,0
2026-03-25T12:45:00+05:30,957.5,958.0,945.1,945.4,3098,0
2026-03-25T13:00:00+05:30,945.1,950.2,944.0,947.1,3277,0
2026-03-25T13:15:00+05:30,947.1,947.4,940.0,940.9,4821,0
2026-03-25T13:30:00+05:30,941.0,954.4,941.0,951.0,593,0
2026-03-25T13:45:00+05:30,950.0,953.2,949.8,952.7,533,0
2026-03-25T14:00:00+05:30,952.7,953.1,947.6,949.8,787,0
2026-03-25T14:15:00+05:30,948.8,953.4,948.8,950.8,712,0
2026-03-25T14:30:00+05:30,950.4,952.1,948.8,952.1,625,0
2026-03-25T14:45:00+05:30,952.1,952.1,945.8,948.0,1370,0
2026-03-25T15:00:00+05:30,946.4,948.3,943.0,945.8,1695,0
2026-03-25T15:15:00+05:30,945.2,948.1,939.6,948.0,8302,0
2026-03-27T09:15:00+05:30,947.5,948.7,920.0,940.8,14114,0
2026-03-27T09:30:00+05:30,940.8,940.9,932.2,939.0,4360,0
2026-03-27T09:45:00+05:30,939.0,939.0,925.6,926.9,3064,0
2026-03-27T10:00:00+05:30,927.0,936.6,924.5,934.5,7822,0
2026-03-27T10:15:00+05:30,933.0,936.7,930.8,935.0,1410,0
2026-03-27T10:30:00+05:30,935.1,935.9,930.0,930.6,1930,0
2026-03-27T10:45:00+05:30,930.5,933.2,930.0,931.0,2459,0
2026-03-27T11:00:00+05:30,931.0,938.0,931.0,933.7,1260,0
2026-03-27T11:15:00+05:30,933.7,935.4,932.2,933.0,885,0
2026-03-27T11:30:00+05:30,933.9,939.3,931.4,936.8,3619,0
2026-03-27T11:45:00+05:30,936.8,938.1,935.0,936.0,3912,0
2026-03-27T12:00:00+05:30,935.8,938.8,933.0,936.7,3639,0
2026-03-27T12:15:00+05:30,936.7,938.8,935.7,936.3,668,0
2026-03-27T12:30:00+05:30,936.2,937.3,921.0,921.3,15255,0
2026-03-27T12:45:00+05:30,923.8,934.9,921.0,930.8,6594,0
2026-03-27T13:00:00+05:30,928.1,929.2,921.7,927.3,4734,0
2026-03-27T13:15:00+05:30,927.2,928.8,922.3,925.0,4582,0
2026-03-27T13:30:00+05:30,923.5,925.1,920.2,920.5,2251,0
2026-03-27T13:45:00+05:30,922.0,922.4,918.0,920.0,2103,0
2026-03-27T14:00:00+05:30,919.1,920.4,915.0,918.1,2414,0
2026-03-27T14:15:00+05:30,919.0,919.2,911.9,913.0,3721,0
2026-03-27T14:30:00+05:30,911.6,917.2,911.5,913.3,4544,0
2026-03-27T14:45:00+05:30,911.6,914.6,906.0,908.8,5732,0
2026-03-27T15:00:00+05:30,907.1,910.2,901.1,910.2,39715,0
2026-03-27T15:15:00+05:30,910.0,912.2,903.0,908.0,34618,0
2026-03-30T09:15:00+05:30,905.0,905.0,880.0,901.2,7692,0
2026-03-30T09:30:00+05:30,903.3,906.2,901.0,906.1,2287,0
2026-03-30T09:45:00+05:30,906.1,909.0,896.3,898.1,3045,0
2026-03-30T10:00:00+05:30,898.1,905.8,896.1,898.2,5981,0
2026-03-30T10:15:00+05:30,898.2,904.7,895.0,900.8,4421,0
2026-03-30T10:30:00+05:30,900.8,906.0,898.9,899.4,4412,0
2026-03-30T10:45:00+05:30,900.1,904.5,898.1,899.0,1121,0
2026-03-30T11:00:00+05:30,899.0,901.1,897.8,898.9,616,0
2026-03-30T11:15:00+05:30,898.9,901.1,890.0,892.5,2566,0
2026-03-30T11:30:00+05:30,891.1,894.8,889.0,891.0,2028,0
2026-03-30T11:45:00+05:30,889.7,891.2,889.0,891.2,702,0
2026-03-30T12:00:00+05:30,891.3,900.0,890.5,900.0,1982,0
2026-03-30T12:15:00+05:30,900.0,900.0,894.3,895.2,700,0
2026-03-30T12:30:00+05:30,895.3,900.0,893.7,895.0,6609,0
2026-03-30T12:45:00+05:30,893.8,896.4,890.0,896.2,1244,0
2026-03-30T13:00:00+05:30,895.0,896.8,891.0,891.0,1013,0
2026-03-30T13:15:00+05:30,891.6,898.4,891.1,896.1,1558,0
2026-03-30T13:30:00+05:30,898.0,901.6,895.1,896.5,1289,0
2026-03-30T13:45:00+05:30,896.4,898.0,894.0,895.0,1185,0
2026-03-30T14:00:00+05:30,895.9,898.1,894.0,896.6,273,0
2026-03-30T14:15:00+05:30,896.6,896.6,893.5,895.0,1087,0
2026-03-30T14:30:00+05:30,895.0,896.6,892.0,892.0,2311,0
2026-03-30T14:45:00+05:30,893.1,894.6,891.5,892.1,1148,0
2026-03-30T15:00:00+05:30,891.7,892.4,888.0,889.7,6316,0
2026-03-30T15:15:00+05:30,889.3,893.3,887.5,891.7,5677,0
2026-04-01T09:15:00+05:30,915.0,918.0,890.15,914.85,9775,0
2026-04-01T09:30:00+05:30,915.0,915.5,903.05,904.8,4443,0
2026-04-01T09:45:00+05:30,904.75,909.8,902.25,905.6,1265,0
2026-04-01T10:00:00+05:30,906.45,906.45,898.45,900.35,2817,0
2026-04-01T10:15:00+05:30,901.15,902.05,892.0,900.05,5656,0
2026-04-01T10:30:00+05:30,901.05,902.0,897.35,900.25,2771,0
2026-04-01T10:45:00+05:30,901.1,905.6,900.4,902.0,981,0
2026-04-01T11:00:00+05:30,902.45,903.4,899.3,901.25,1608,0
2026-04-01T11:15:00+05:30,901.25,904.95,900.3,904.05,1639,0
2026-04-01T11:30:00+05:30,904.85,905.6,900.1,900.7,2302,0
2026-04-01T11:45:00+05:30,901.25,904.4,898.55,902.6,3229,0
2026-04-01T12:00:00+05:30,902.6,902.6,898.5,899.0,3228,0
2026-04-01T12:15:00+05:30,898.8,909.6,898.7,904.9,19512,0
2026-04-01T12:30:00+05:30,903.65,905.1,900.0,900.05,4246,0
2026-04-01T12:45:00+05:30,900.3,903.25,900.0,902.4,4035,0
2026-04-01T13:00:00+05:30,901.15,903.3,900.4,901.1,2987,0
2026-04-01T13:15:00+05:30,901.55,905.0,900.15,903.65,4403,0
2026-04-01T13:30:00+05:30,904.9,905.45,901.0,902.65,8741,0
2026-04-01T13:45:00+05:30,902.65,905.0,898.0,902.1,9438,0
2026-04-01T14:00:00+05:30,902.15,903.9,900.15,901.0,2420,0
2026-04-01T14:15:00+05:30,901.05,902.9,900.15,901.0,3149,0
2026-04-01T14:30:00+05:30,901.05,903.6,899.9,901.05,10000,0
2026-04-01T14:45:00+05:30,901.1,904.45,897.0,897.1,6728,0
2026-04-01T15:00:00+05:30,897.5,901.9,896.0,896.05,6066,0
2026-04-01T15:15:00+05:30,896.05,898.95,892.0,894.9,8524,0
2026-04-02T09:15:00+05:30,880.0,891.0,866.15,877.7,7150,0
2026-04-02T09:30:00+05:30,876.95,880.8,875.0,880.8,3319,0
2026-04-02T09:45:00+05:30,879.95,879.95,870.0,870.65,2391,0
2026-04-02T10:00:00+05:30,871.3,885.0,867.5,878.25,14360,0
2026-04-02T10:15:00+05:30,878.1,878.25,871.1,872.95,3632,0
2026-04-02T10:30:00+05:30,872.45,877.6,871.3,875.75,629,0
2026-04-02T10:45:00+05:30,875.65,876.8,873.15,873.8,662,0
2026-04-02T11:00:00+05:30,874.15,877.0,873.6,876.55,1117,0
2026-04-02T11:15:00+05:30,876.55,879.5,875.0,879.35,1983,0
2026-04-02T11:30:00+05:30,879.3,880.8,877.7,879.3,2724,0
2026-04-02T11:45:00+05:30,879.3,884.8,879.1,883.6,1840,0
2026-04-02T12:00:00+05:30,884.6,884.6,877.55,879.2,2280,0
2026-04-02T12:15:00+05:30,879.2,880.7,875.55,876.65,1710,0
2026-04-02T12:30:00+05:30,876.65,880.0,876.65,878.35,474,0
2026-04-02T12:45:00+05:30,878.35,882.6,876.7,882.15,1279,0
2026-04-02T13:00:00+05:30,883.45,883.6,878.0,878.35,7864,0
2026-04-02T13:15:00+05:30,878.35,881.85,878.1,881.0,3597,0
2026-04-02T13:30:00+05:30,882.0,885.8,878.7,885.8,1733,0
2026-04-02T13:45:00+05:30,885.8,886.7,883.7,885.9,2475,0
2026-04-02T14:00:00+05:30,886.15,888.8,886.15,888.35,665,0
2026-04-02T14:15:00+05:30,888.8,889.8,886.2,887.55,2915,0
2026-04-02T14:30:00+05:30,888.45,888.5,882.0,883.6,4325,0
2026-04-02T14:45:00+05:30,883.6,888.05,883.2,884.25,5091,0
2026-04-02T15:00:00+05:30,884.95,892.55,884.75,889.65,4343,0
2026-04-02T15:15:00+05:30,890.85,893.95,886.55,889.95,11937,0
2026-04-06T09:15:00+05:30,903.0,903.0,877.0,877.0,9445,0
2026-04-06T09:30:00+05:30,877.3,894.6,875.5,889.9,3329,0
2026-04-06T09:45:00+05:30,889.9,892.25,879.55,881.85,2991,0
2026-04-06T10:00:00+05:30,881.85,888.8,877.1,888.4,3654,0
2026-04-06T10:15:00+05:30,888.4,894.6,887.5,890.55,8193,0
2026-04-06T10:30:00+05:30,889.9,890.6,885.5,890.6,902,0
2026-04-06T10:45:00+05:30,890.6,892.7,888.4,890.4,4443,0
2026-04-06T11:00:00+05:30,890.4,890.9,883.55,883.55,2811,0
2026-04-06T11:15:00+05:30,884.0,888.25,883.2,885.1,1964,0
2026-04-06T11:30:00+05:30,885.1,888.2,881.0,883.95,12254,0
2026-04-06T11:45:00+05:30,883.85,889.6,883.05,888.0,1458,0
2026-04-06T12:00:00+05:30,888.05,889.4,883.5,883.6,2080,0
2026-04-06T12:15:00+05:30,883.8,887.35,883.05,886.35,1597,0
2026-04-06T12:30:00+05:30,885.5,886.85,873.0,873.0,13449,0
2026-04-06T12:45:00+05:30,873.0,882.85,873.0,879.6,5251,0
2026-04-06T13:00:00+05:30,879.8,883.15,875.05,878.0,5599,0
2026-04-06T13:15:00+05:30,877.8,883.4,877.7,881.05,5606,0
2026-04-06T13:30:00+05:30,881.25,885.25,878.0,878.6,5070,0
2026-04-06T13:45:00+05:30,880.3,881.75,877.7,878.75,1537,0
2026-04-06T14:00:00+05:30,878.6,881.35,877.6,880.7,3219,0
2026-04-06T14:15:00+05:30,880.7,884.7,879.1,880.9,3768,0
2026-04-06T14:30:00+05:30,881.35,883.75,877.95,879.05,3736,0
2026-04-06T14:45:00+05:30,880.0,884.65,879.25,884.2,2574,0
2026-04-06T15:00:00+05:30,884.1,888.8,883.3,887.95,9781,0
2026-04-06T15:15:00+05:30,887.85,893.0,884.3,891.0,17145,0
2026-04-07T09:15:00+05:30,897.85,897.85,878.85,892.6,6866,0
2026-04-07T09:30:00+05:30,892.6,892.6,873.0,874.65,7069,0
2026-04-07T09:45:00+05:30,873.0,880.8,872.55,876.9,3118,0
2026-04-07T10:00:00+05:30,878.0,883.2,874.0,874.0,2171,0
2026-04-07T10:15:00+05:30,874.05,875.4,872.0,873.8,6458,0
2026-04-07T10:30:00+05:30,873.7,879.35,873.7,878.85,5284,0
2026-04-07T10:45:00+05:30,878.95,881.35,877.5,878.75,1727,0
2026-04-07T11:00:00+05:30,878.0,889.9,873.0,878.2,24061,0
2026-04-07T11:15:00+05:30,879.0,879.55,875.55,878.65,5106,0
2026-04-07T11:30:00+05:30,878.4,880.4,875.4,876.25,4414,0
2026-04-07T11:45:00+05:30,877.05,878.15,875.05,876.85,2079,0
2026-04-07T12:00:00+05:30,876.9,877.35,875.05,875.6,1872,0
2026-04-07T12:15:00+05:30,875.05,877.25,874.85,877.25,2926,0
2026-04-07T12:30:00+05:30,875.7,879.35,875.65,878.15,2393,0
2026-04-07T12:45:00+05:30,878.2,886.8,878.2,880.9,19953,0
2026-04-07T13:00:00+05:30,883.1,883.4,876.3,876.45,5000,0
2026-04-07T13:15:00+05:30,876.85,878.85,876.3,876.65,1497,0
2026-04-07T13:30:00+05:30,877.15,880.95,876.3,879.35,3242,0
2026-04-07T13:45:00+05:30,880.65,880.65,876.5,876.85,1845,0
2026-04-07T14:00:00+05:30,876.65,879.2,876.5,876.65,1500,0
2026-04-07T14:15:00+05:30,876.55,880.0,876.1,876.2,3477,0
2026-04-07T14:30:00+05:30,877.2,877.2,873.4,873.6,3930,0
2026-04-07T14:45:00+05:30,874.9,883.4,874.1,879.0,4730,0
2026-04-07T15:00:00+05:30,879.0,883.95,877.55,881.05,3059,0
2026-04-07T15:15:00+05:30,881.05,881.75,875.0,879.0,6432,0
2026-04-08T09:15:00+05:30,925.0,930.0,906.35,911.9,28065,0
2026-04-08T09:30:00+05:30,912.9,924.8,910.8,923.7,21488,0
2026-04-08T09:45:00+05:30,923.9,927.7,912.3,915.5,17916,0
2026-04-08T10:00:00+05:30,915.9,922.25,914.2,922.0,3631,0
2026-04-08T10:15:00+05:30,921.05,925.5,918.05,919.2,3144,0
2026-04-08T10:30:00+05:30,919.8,923.4,918.55,921.15,4022,0
2026-04-08T10:45:00+05:30,921.7,922.7,918.65,921.0,1909,0
2026-04-08T11:00:00+05:30,922.0,933.8,919.95,931.6,5071,0
2026-04-08T11:15:00+05:30,931.6,931.6,924.5,929.45,26726,0
2026-04-08T11:30:00+05:30,929.75,929.8,925.5,929.1,1474,0
2026-04-08T11:45:00+05:30,929.35,929.35,921.05,921.05,3356,0
2026-04-08T12:00:00+05:30,920.3,924.9,917.35,924.9,2528,0
2026-04-08T12:15:00+05:30,924.8,924.9,922.95,924.45,1614,0
2026-04-08T12:30:00+05:30,924.45,924.5,922.15,924.2,1220,0
2026-04-08T12:45:00+05:30,924.1,924.85,922.4,924.85,1252,0
2026-04-08T13:00:00+05:30,924.75,924.85,921.5,923.2,1803,0
2026-04-08T13:15:00+05:30,924.2,924.5,921.3,924.2,1707,0
2026-04-08T13:30:00+05:30,923.85,924.5,923.0,924.5,1438,0
2026-04-08T13:45:00+05:30,924.5,924.5,921.3,922.2,3225,0
2026-04-08T14:00:00+05:30,922.2,924.45,918.2,920.0,3403,0
2026-04-08T14:15:00+05:30,920.0,924.8,918.8,924.8,2434,0
2026-04-08T14:30:00+05:30,924.35,924.7,918.25,919.75,3459,0
2026-04-08T14:45:00+05:30,919.55,922.0,918.85,919.9,1938,0
2026-04-08T15:00:00+05:30,919.0,921.8,917.3,919.1,4265,0
2026-04-08T15:15:00+05:30,918.05,923.8,914.95,923.0,7936,0
2026-04-09T09:15:00+05:30,923.0,923.0,914.55,919.55,4712,0
2026-04-09T09:30:00+05:30,918.65,919.8,903.5,907.15,6807,0
2026-04-09T09:45:00+05:30,908.5,908.5,896.6,899.55,9145,0
2026-04-09T10:00:00+05:30,898.65,904.75,898.65,899.0,3273,0
2026-04-09T10:15:00+05:30,899.0,907.2,898.0,905.25,5451,0
2026-04-09T10:30:00+05:30,904.2,907.4,904.05,906.4,2176,0
2026-04-09T10:45:00+05:30,907.3,908.0,905.0,906.75,5154,0
2026-04-09T11:00:00+05:30,906.0,907.95,904.05,907.25,3837,0
2026-04-09T11:15:00+05:30,907.95,908.9,904.6,904.6,2883,0
2026-04-09T11:30:00+05:30,905.0,907.3,904.05,906.9,2507,0
2026-04-09T11:45:00+05:30,906.85,907.4,904.15,905.85,1668,0
2026-04-09T12:00:00+05:30,905.85,906.1,898.0,901.3,6339,0
2026-04-09T12:15:00+05:30,900.6,905.4,900.05,903.85,2790,0
2026-04-09T12:30:00+05:30,904.0,907.4,903.3,905.2,4544,0
2026-04-09T12:45:00+05:30,905.2,906.15,895.0,897.8,13034,0
2026-04-09T13:00:00+05:30,899.25,903.35,897.9,902.05,2930,0
2026-04-09T13:15:00+05:30,902.05,903.0,898.6,900.0,4541,0
2026-04-09T13:30:00+05:30,900.0,901.35,898.4,899.0,1908,0
2026-04-09T13:45:00+05:30,899.7,899.75,892.1,895.25,3387,0
2026-04-09T14:00:00+05:30,896.1,896.45,891.0,894.55,3027,0
2026-04-09T14:15:00+05:30,895.3,895.4,886.1,890.05,9913,0
2026-04-09T14:30:00+05:30,891.05,892.2,886.6,889.9,6734,0
2026-04-09T14:45:00+05:30,890.6,894.0,889.25,890.65,4311,0
2026-04-09T15:00:00+05:30,891.6,897.2,891.6,896.65,5211,0
2026-04-09T15:15:00+05:30,895.6,896.95,890.0,896.75,10601,0
2026-04-10T09:15:00+05:30,909.95,913.7,895.85,909.95,19825,0
2026-04-10T09:30:00+05:30,909.95,916.3,904.05,916.3,12588,0
2026-04-10T09:45:00+05:30,916.5,919.0,907.55,909.45,6155,0
2026-04-10T10:00:00+05:30,909.75,910.75,901.0,907.9,4096,0
2026-04-10T10:15:00+05:30,907.85,910.6,907.1,908.15,2183,0
2026-04-10T10:30:00+05:30,908.15,908.85,904.05,906.8,4002,0
2026-04-10T10:45:00+05:30,905.4,908.65,905.0,906.95,1054,0
2026-04-10T11:00:00+05:30,906.8,910.45,906.8,909.05,4515,0
2026-04-10T11:15:00+05:30,909.05,909.95,905.15,909.7,2350,0
2026-04-10T11:30:00+05:30,909.7,909.95,906.0,908.85,2416,0
2026-04-10T11:45:00+05:30,908.85,909.7,906.95,909.15,1410,0
2026-04-10T12:00:00+05:30,909.45,915.4,908.05,912.5,17121,0
2026-04-10T12:15:00+05:30,912.5,912.5,910.0,910.2,6394,0
2026-04-10T12:30:00+05:30,910.25,911.7,907.0,908.65,1758,0
2026-04-10T12:45:00+05:30,908.65,910.2,907.4,908.35,3445,0
2026-04-10T13:00:00+05:30,910.2,911.7,906.25,909.55,3346,0
2026-04-10T13:15:00+05:30,909.75,910.65,907.2,909.05,584,0
2026-04-10T13:30:00+05:30,910.65,910.65,907.7,908.35,431,0
2026-04-10T13:45:00+05:30,908.35,909.35,907.8,907.95,523,0
2026-04-10T14:00:00+05:30,908.0,909.8,907.1,908.8,761,0
2026-04-10T14:15:00+05:30,908.65,910.5,898.55,899.7,11617,0
2026-04-10T14:30:00+05:30,899.8,905.35,899.15,904.35,4103,0
2026-04-10T14:45:00+05:30,904.3,904.95,900.0,902.95,2833,0
2026-04-10T15:00:00+05:30,902.95,905.35,900.8,902.95,4837,0
2026-04-10T15:15:00+05:30,902.75,907.15,901.55,903.0,8383,0
2026-04-13T09:15:00+05:30,890.2,897.25,877.65,887.4,10224,0
2026-04-13T09:30:00+05:30,887.4,888.85,883.35,887.0,6706,0
2026-04-13T09:45:00+05:30,887.45,892.9,886.25,892.9,5226,0
2026-04-13T10:00:00+05:30,892.9,895.4,892.9,894.9,3382,0
2026-04-13T10:15:00+05:30,894.0,898.6,887.05,898.45,9257,0
2026-04-13T10:30:00+05:30,898.45,898.45,891.35,893.85,4882,0
2026-04-13T10:45:00+05:30,894.75,898.85,894.75,896.7,5571,0
2026-04-13T11:00:00+05:30,897.45,897.95,892.0,895.55,2849,0
2026-04-13T11:15:00+05:30,895.7,897.45,893.65,895.0,5690,0
2026-04-13T11:30:00+05:30,895.0,896.95,893.55,896.95,3715,0
2026-04-13T11:45:00+05:30,897.0,898.4,894.15,894.9,3232,0
2026-04-13T12:00:00+05:30,894.85,895.3,891.55,892.1,9703,0
2026-04-13T12:15:00+05:30,892.15,897.85,892.15,896.4,7393,0
2026-04-13T12:30:00+05:30,896.4,897.6,892.7,893.45,3400,0
2026-04-13T12:45:00+05:30,893.45,896.7,891.05,892.2,1912,0
2026-04-13T13:00:00+05:30,892.2,893.15,889.95,891.3,3251,0
2026-04-13T13:15:00+05:30,891.3,893.2,891.1,891.1,982,0
2026-04-13T13:30:00+05:30,891.1,895.0,891.0,893.9,5605,0
2026-04-13T13:45:00+05:30,893.9,893.9,890.0,892.0,2859,0
2026-04-13T14:00:00+05:30,892.0,893.3,890.55,890.85,1048,0
2026-04-13T14:15:00+05:30,890.8,892.95,890.6,892.25,691,0
2026-04-13T14:30:00+05:30,892.25,898.5,892.15,892.8,4911,0
2026-04-13T14:45:00+05:30,892.8,893.0,886.75,890.25,16746,0
2026-04-13T15:00:00+05:30,890.25,892.7,890.0,891.5,6280,0
2026-04-13T15:15:00+05:30,891.5,895.0,890.0,894.05,6851,0
2026-04-15T09:15:00+05:30,914.0,920.05,907.0,915.0,13799,0
2026-04-15T09:30:00+05:30,915.0,927.8,914.05,922.6,18606,0
2026-04-15T09:45:00+05:30,922.3,923.45,918.05,920.0,3642,0
2026-04-15T10:00:00+05:30,920.05,926.45,920.0,924.5,4600,0
2026-04-15T10:15:00+05:30,925.75,929.0,924.55,927.85,3416,0
2026-04-15T10:30:00+05:30,927.85,928.0,925.0,926.65,2454,0
2026-04-15T10:45:00+05:30,926.65,927.3,924.0,927.0,2347,0
2026-04-15T11:00:00+05:30,927.6,929.9,927.0,929.8,4094,0
2026-04-15T11:15:00+05:30,929.9,930.9,928.05,928.5,2464,0
2026-04-15T11:30:00+05:30,928.9,929.7,927.8,928.85,1410,0
2026-04-15T11:45:00+05:30,928.85,929.25,927.85,929.0,539,0
2026-04-15T12:00:00+05:30,929.45,929.7,923.0,923.0,1273,0
2026-04-15T12:15:00+05:30,923.0,928.9,922.05,928.15,2310,0
2026-04-15T12:30:00+05:30,928.85,932.0,927.05,930.95,3213,0
2026-04-15T12:45:00+05:30,931.4,932.0,930.0,930.3,1065,0
2026-04-15T13:00:00+05:30,931.0,932.0,929.05,929.35,638,0
2026-04-15T13:15:00+05:30,929.35,930.0,925.0,927.75,1373,0
2026-04-15T13:30:00+05:30,927.75,930.75,927.3,930.75,2140,0
2026-04-15T13:45:00+05:30,930.6,933.75,930.0,930.7,4049,0
2026-04-15T14:00:00+05:30,930.6,933.25,928.95,930.9,2907,0
2026-04-15T14:15:00+05:30,930.95,931.15,930.0,930.9,412,0
2026-04-15T14:30:00+05:30,930.9,931.95,930.0,930.8,2966,0
2026-04-15T14:45:00+05:30,930.9,931.95,930.55,931.0,1445,0
2026-04-15T15:00:00+05:30,931.0,932.6,928.65,930.0,4090,0
2026-04-15T15:15:00+05:30,930.0,931.5,930.0,931.4,5783,0
2026-04-16T09:15:00+05:30,948.4,960.45,935.3,960.45,11892,0
2026-04-16T09:30:00+05:30,960.9,961.9,948.9,949.75,7460,0
2026-04-16T09:45:00+05:30,949.85,951.5,946.4,948.3,2787,0
2026-04-16T10:00:00+05:30,948.2,954.5,947.05,952.9,1823,0
2026-04-16T10:15:00+05:30,952.9,952.9,950.0,951.7,1572,0
2026-04-16T10:30:00+05:30,951.75,957.8,951.45,954.05,1122,0
2026-04-16T10:45:00+05:30,954.3,959.4,954.3,955.5,1933,0
2026-04-16T11:00:00+05:30,956.0,958.05,954.3,954.6,1908,0
2026-04-16T11:15:00+05:30,954.3,954.6,951.0,953.9,1869,0
2026-04-16T11:30:00+05:30,953.85,963.85,951.45,954.65,13081,0
2026-04-16T11:45:00+05:30,954.65,954.65,941.65,943.25,11860,0
2026-04-16T12:00:00+05:30,943.5,945.35,941.7,945.35,2073,0
2026-04-16T12:15:00+05:30,945.35,948.2,944.35,946.4,3148,0
2026-04-16T12:30:00+05:30,945.55,947.4,944.65,945.9,2098,0
2026-04-16T12:45:00+05:30,945.9,946.9,943.6,945.15,2988,0
2026-04-16T13:00:00+05:30,945.7,950.0,944.35,947.6,5045,0
2026-04-16T13:15:00+05:30,948.35,950.9,947.05,950.0,1088,0
2026-04-16T13:30:00+05:30,950.0,951.0,947.3,950.15,1290,0
2026-04-16T13:45:00+05:30,949.8,952.0,949.1,950.95,515,0
2026-04-16T14:00:00+05:30,950.8,952.0,950.45,951.8,517,0
2026-04-16T14:15:00+05:30,951.8,952.0,948.4,949.85,1177,0
2026-04-16T14:30:00+05:30,950.85,956.85,949.85,954.75,4083,0
2026-04-16T14:45:00+05:30,954.5,956.2,953.2,953.45,1218,0
2026-04-16T15:00:00+05:30,954.0,954.7,948.8,952.95,2229,0
2026-04-16T15:15:00+05:30,951.85,952.9,949.05,952.65,5155,0
2026-04-17T09:15:00+05:30,957.0,964.65,947.7,962.0,8036,0
2026-04-17T09:30:00+05:30,960.1,972.4,960.1,971.0,6785,0
2026-04-17T09:45:00+05:30,969.35,974.0,968.55,971.4,2794,0
2026-04-17T10:00:00+05:30,971.4,976.9,968.0,975.0,3500,0
2026-04-17T10:15:00+05:30,975.05,975.95,973.05,974.2,1499,0
2026-04-17T10:30:00+05:30,973.6,974.95,971.75,971.75,2033,0
2026-04-17T10:45:00+05:30,972.75,973.55,968.0,970.75,1752,0
2026-04-17T11:00:00+05:30,970.75,977.85,969.3,976.9,1612,0
2026-04-17T11:15:00+05:30,976.8,978.8,975.45,975.65,2238,0
2026-04-17T11:30:00+05:30,975.05,977.6,975.0,977.2,734,0
2026-04-17T11:45:00+05:30,977.2,977.2,974.15,976.85,1316,0
2026-04-17T12:00:00+05:30,975.35,977.4,975.05,976.5,969,0
2026-04-17T12:15:00+05:30,975.1,977.25,973.65,977.0,5200,0
2026-04-17T12:30:00+05:30,976.25,976.25,973.7,975.85,648,0
2026-04-17T12:45:00+05:30,975.85,976.25,972.6,975.35,1393,0
2026-04-17T13:00:00+05:30,975.4,976.25,975.15,975.15,422,0
2026-04-17T13:15:00+05:30,975.2,976.25,974.55,975.85,543,0
2026-04-17T13:30:00+05:30,975.85,976.0,974.2,974.35,159,0
2026-04-17T13:45:00+05:30,974.35,978.0,974.35,976.8,1292,0
2026-04-17T14:00:00+05:30,975.35,978.0,975.1,978.0,939,0
2026-04-17T14:15:00+05:30,977.65,978.0,974.95,975.6,723,0
2026-04-17T14:30:00+05:30,975.2,976.4,974.0,974.25,799,0
2026-04-17T14:45:00+05:30,974.3,974.95,971.0,971.0,3078,0
2026-04-17T15:00:00+05:30,971.65,972.0,970.0,971.65,958,0
2026-04-17T15:15:00+05:30,971.6,972.9,968.35,971.3,6988,0
2026-04-20T09:15:00+05:30,978.0,978.0,957.0,967.9,6232,0
2026-04-20T09:30:00+05:30,967.95,968.3,960.0,960.9,6155,0
2026-04-20T09:45:00+05:30,962.55,971.75,960.0,967.85,3207,0
2026-04-20T10:00:00+05:30,969.35,969.35,963.15,963.15,1234,0
2026-04-20T10:15:00+05:30,963.15,971.0,963.0,971.0,1361,0
2026-04-20T10:30:00+05:30,971.0,971.7,966.5,970.0,2065,0
2026-04-20T10:45:00+05:30,970.0,970.0,967.2,967.2,592,0
2026-04-20T11:00:00+05:30,968.3,968.7,966.95,968.15,648,0
2026-04-20T11:15:00+05:30,968.15,968.85,966.6,967.0,854,0
2026-04-20T11:30:00+05:30,968.15,969.95,967.7,969.95,418,0
2026-04-20T11:45:00+05:30,969.95,971.75,969.1,971.75,747,0
2026-04-20T12:00:00+05:30,971.75,971.75,968.5,970.25,1054,0
2026-04-20T12:15:00+05:30,970.2,970.55,968.8,969.45,500,0
2026-04-20T12:30:00+05:30,969.9,971.1,969.15,970.65,356,0
2026-04-20T12:45:00+05:30,970.65,970.65,968.5,969.0,419,0
2026-04-20T13:00:00+05:30,969.0,971.65,968.3,969.6,2230,0
2026-04-20T13:15:00+05:30,969.1,969.1,963.0,965.55,1662,0
2026-04-20T13:30:00+05:30,965.2,966.0,963.0,964.0,1289,0
2026-04-20T13:45:00+05:30,964.0,965.2,961.6,964.95,1233,0
2026-04-20T14:00:00+05:30,964.95,964.95,962.6,964.5,524,0
2026-04-20T14:15:00+05:30,963.1,971.0,963.1,969.9,2309,0
2026-04-20T14:30:00+05:30,969.9,970.0,967.2,968.7,600,0
2026-04-20T14:45:00+05:30,968.7,970.0,966.25,968.1,1054,0
2026-04-20T15:00:00+05:30,968.1,969.0,963.9,964.0,2918,0
2026-04-20T15:15:00+05:30,965.6,967.55,960.0,961.0,3163,0
2026-04-21T09:15:00+05:30,964.0,975.0,960.05,971.4,4174,0
2026-04-21T09:30:00+05:30,971.4,981.2,970.2,980.0,4584,0
2026-04-21T09:45:00+05:30,979.95,981.05,977.75,980.8,1317,0
2026-04-21T10:00:00+05:30,979.75,981.45,978.55,980.85,609,0
2026-04-21T10:15:00+05:30,980.85,980.85,977.05,980.65,940,0
2026-04-21T10:30:00+05:30,979.6,981.5,979.55,981.5,747,0
2026-04-21T10:45:00+05:30,981.45,981.55,979.5,980.4,1720,0
2026-04-21T11:00:00+05:30,980.4,981.0,978.4,980.75,510,0
2026-04-21T11:15:00+05:30,980.7,981.0,976.9,977.85,1578,0
2026-04-21T11:30:00+05:30,977.2,977.5,975.3,976.25,309,0
2026-04-21T11:45:00+05:30,976.25,976.65,972.35,974.0,808,0
2026-04-21T12:00:00+05:30,974.0,986.4,973.55,984.25,4841,0
2026-04-21T12:15:00+05:30,983.8,993.85,983.8,993.85,7362,0
2026-04-21T12:30:00+05:30,993.3,999.0,990.85,995.6,7767,0
2026-04-21T12:45:00+05:30,994.6,1005.0,993.5,996.55,4602,0
2026-04-21T13:00:00+05:30,997.5,1003.45,996.7,1003.45,2774,0
2026-04-21T13:15:00+05:30,1002.8,1003.05,995.55,999.65,2178,0
2026-04-21T13:30:00+05:30,999.65,1002.95,998.6,998.95,2467,0
2026-04-21T13:45:00+05:30,997.6,1002.05,995.6,1000.7,2214,0
2026-04-21T14:00:00+05:30,1000.7,1000.7,998.4,999.5,228,0
2026-04-21T14:15:00+05:30,999.5,1001.85,998.45,999.8,1178,0
2026-04-21T14:30:00+05:30,999.8,999.9,998.0,998.3,1449,0
2026-04-21T14:45:00+05:30,998.2,999.9,995.4,998.15,1704,0
2026-04-21T15:00:00+05:30,998.15,999.85,996.0,996.3,2472,0
2026-04-21T15:15:00+05:30,996.3,996.85,991.1,992.8,4064,0
2026-04-22T09:15:00+05:30,998.0,999.15,986.35,986.35,3866,0
2026-04-22T09:30:00+05:30,988.0,996.2,988.0,990.65,2336,0
2026-04-22T09:45:00+05:30,990.75,990.75,986.55,987.6,1709,0
2026-04-22T10:00:00+05:30,987.3,988.7,985.0,988.0,626,0
2026-04-22T10:15:00+05:30,986.55,989.25,985.55,987.35,524,0
2026-04-22T10:30:00+05:30,987.35,988.0,985.55,986.45,439,0
2026-04-22T10:45:00+05:30,985.6,994.95,985.15,991.85,1860,0
2026-04-22T11:00:00+05:30,991.5,992.45,990.5,991.65,351,0
2026-04-22T11:15:00+05:30,990.7,992.8,990.5,990.7,469,0
2026-04-22T11:30:00+05:30,990.7,995.4,989.5,992.05,2021,0
2026-04-22T11:45:00+05:30,991.6,992.55,989.7,991.55,498,0
2026-04-22T12:00:00+05:30,991.0,994.5,990.8,994.1,608,0
2026-04-22T12:15:00+05:30,992.2,994.45,991.0,992.9,739,0
2026-04-22T12:30:00+05:30,991.85,995.95,991.85,995.65,1067,0
2026-04-22T12:45:00+05:30,995.5,995.5,993.9,995.1,341,0
2026-04-22T13:00:00+05:30,995.1,995.15,993.45,994.75,164,0
2026-04-22T13:15:00+05:30,994.75,994.75,992.45,994.2,393,0
2026-04-22T13:30:00+05:30,994.2,995.05,992.6,994.75,672,0
2026-04-22T13:45:00+05:30,994.75,997.4,994.4,995.1,1786,0
2026-04-22T14:00:00+05:30,995.1,996.75,992.0,993.35,288,0
2026-04-22T14:15:00+05:30,994.25,995.4,992.3,994.05,629,0
2026-04-22T14:30:00+05:30,993.0,993.95,992.1,993.0,295,0
2026-04-22T14:45:00+05:30,992.55,993.0,991.35,992.15,898,0
2026-04-22T15:00:00+05:30,992.05,992.55,989.05,990.0,1855,0
2026-04-22T15:15:00+05:30,990.0,993.95,987.0,987.5,2161,0
2026-04-23T09:15:00+05:30,981.05,990.85,975.55,978.65,3722,0
2026-04-23T09:30:00+05:30,977.95,980.7,972.6,973.55,3575,0
2026-04-23T09:45:00+05:30,974.75,977.05,973.55,975.35,1895,0
2026-04-23T10:00:00+05:30,976.8,978.45,971.3,972.85,2779,0
2026-04-23T10:15:00+05:30,972.65,974.1,970.9,972.3,1033,0
2026-04-23T10:30:00+05:30,972.3,972.45,964.2,966.2,5596,0
2026-04-23T10:45:00+05:30,966.2,968.45,963.5,967.9,1548,0
2026-04-23T11:00:00+05:30,967.9,969.0,965.55,967.35,905,0
2026-04-23T11:15:00+05:30,967.4,967.45,963.55,965.4,1258,0
2026-04-23T11:30:00+05:30,965.5,969.0,964.25,968.55,2293,0
2026-04-23T11:45:00+05:30,968.5,968.95,967.3,968.95,240,0
2026-04-23T12:00:00+05:30,968.95,968.95,967.55,967.55,499,0
2026-04-23T12:15:00+05:30,968.9,969.5,966.3,966.3,1355,0
2026-04-23T12:30:00+05:30,967.75,971.05,965.05,971.05,1221,0
2026-04-23T12:45:00+05:30,971.0,978.0,970.0,978.0,1966,0
2026-04-23T13:00:00+05:30,976.25,977.95,975.75,975.75,994,0
2026-04-23T13:15:00+05:30,976.3,978.1,975.15,976.4,1914,0
2026-04-23T13:30:00+05:30,976.4,977.95,976.0,976.0,161,0
2026-04-23T13:45:00+05:30,976.0,976.35,974.0,976.35,512,0
2026-04-23T14:00:00+05:30,976.35,976.35,972.05,974.2,694,0
2026-04-23T14:15:00+05:30,974.2,974.35,971.65,971.8,245,0
2026-04-23T14:30:00+05:30,972.65,975.0,968.4,971.35,4896,0
2026-04-23T14:45:00+05:30,971.35,973.6,970.85,973.15,405,0
2026-04-23T15:00:00+05:30,973.15,973.45,971.75,973.25,531,0
2026-04-23T15:15:00+05:30,973.8,974.0,970.0,973.45,3614,0
2026-04-24T09:15:00+05:30,978.0,980.15,962.25,966.2,4800,0
2026-04-24T09:30:00+05:30,966.2,968.5,959.05,966.7,4021,0
2026-04-24T09:45:00+05:30,966.4,966.55,959.45,961.25,3045,0
2026-04-24T10:00:00+05:30,962.9,969.95,962.9,968.65,1033,0
2026-04-24T10:15:00+05:30,967.7,968.35,963.25,964.8,895,0
2026-04-24T10:30:00+05:30,963.35,964.4,960.1,961.4,630,0
2026-04-24T10:45:00+05:30,962.45,969.35,961.4,969.2,3417,0
2026-04-24T11:00:00+05:30,968.0,973.1,968.0,971.7,2071,0
2026-04-24T11:15:00+05:30,971.4,974.25,970.4,973.15,2318,0
2026-04-24T11:30:00+05:30,972.15,974.9,970.15,974.8,1546,0
2026-04-24T11:45:00+05:30,974.75,974.9,970.0,974.5,5474,0
2026-04-24T12:00:00+05:30,974.5,977.65,973.9,977.1,1664,0
2026-04-24T12:15:00+05:30,977.25,979.9,975.8,978.9,941,0
2026-04-24T12:30:00+05:30,978.9,978.9,976.05,978.0,492,0
2026-04-24T12:45:00+05:30,977.5,978.9,977.45,977.75,941,0
2026-04-24T13:00:00+05:30,978.45,978.65,975.0,976.95,7380,0
2026-04-24T13:15:00+05:30,976.95,976.95,975.0,976.9,602,0
2026-04-24T13:30:00+05:30,976.15,978.9,975.75,978.15,2069,0
2026-04-24T13:45:00+05:30,977.0,978.7,976.85,977.3,1229,0
2026-04-24T14:00:00+05:30,977.3,977.3,975.0,976.7,3753,0
2026-04-24T14:15:00+05:30,976.7,978.5,976.1,976.7,1191,0
2026-04-24T14:30:00+05:30,976.7,978.45,976.7,977.15,403,0
2026-04-24T14:45:00+05:30,978.3,979.0,973.05,976.7,4882,0
2026-04-24T15:00:00+05:30,976.7,977.35,964.1,964.1,8956,0
2026-04-24T15:15:00+05:30,963.35,967.7,960.8,963.4,5290,0
2026-04-27T09:15:00+05:30,974.9,985.75,973.65,979.45,5154,0
2026-04-27T09:30:00+05:30,979.4,981.85,975.05,979.4,2597,0
2026-04-27T09:45:00+05:30,979.4,981.55,974.1,976.25,2884,0
2026-04-27T10:00:00+05:30,976.35,976.95,972.75,972.75,717,0
2026-04-27T10:15:00+05:30,973.35,976.4,973.05,975.95,404,0
2026-04-27T10:30:00+05:30,975.95,976.85,974.9,975.85,657,0
2026-04-27T10:45:00+05:30,975.85,978.8,975.85,977.35,357,0
2026-04-27T11:00:00+05:30,977.35,977.35,973.0,973.8,555,0
2026-04-27T11:15:00+05:30,973.8,973.8,970.25,972.3,833,0
2026-04-27T11:30:00+05:30,971.45,972.0,970.2,971.25,357,0
2026-04-27T11:45:00+05:30,971.15,972.0,970.05,970.1,649,0
2026-04-27T12:00:00+05:30,970.1,971.1,970.0,970.0,107,0
2026-04-27T12:15:00+05:30,970.0,971.1,969.0,970.85,1992,0
2026-04-27T12:30:00+05:30,970.85,971.9,969.55,971.0,483,0
2026-04-27T12:45:00+05:30,971.0,971.95,969.1,970.35,672,0
2026-04-27T13:00:00+05:30,969.35,972.8,969.0,972.8,1677,0
2026-04-27T13:15:00+05:30,972.0,972.0,969.0,969.0,391,0
2026-04-27T13:30:00+05:30,969.95,970.95,969.0,970.95,1116,0
2026-04-27T13:45:00+05:30,969.5,970.0,967.05,970.0,1527,0
2026-04-27T14:00:00+05:30,969.0,970.95,969.0,970.0,167,0
2026-04-27T14:15:00+05:30,970.0,977.0,970.0,973.45,2509,0
2026-04-27T14:30:00+05:30,972.9,991.0,972.9,991.0,11656,0
2026-04-27T14:45:00+05:30,991.0,991.9,987.6,990.15,6735,0
2026-04-27T15:00:00+05:30,990.25,993.95,990.0,990.0,3139,0
2026-04-27T15:15:00+05:30,990.95,997.75,985.05,993.85,10729,0
2026-04-28T09:15:00+05:30,993.0,997.7,986.6,990.0,3112,0
2026-04-28T09:30:00+05:30,989.9,989.9,984.2,986.2,1093,0
2026-04-28T09:45:00+05:30,987.3,987.7,984.4,984.75,1909,0
2026-04-28T10:00:00+05:30,984.65,986.75,983.5,983.6,1102,0
2026-04-28T10:15:00+05:30,983.5,986.3,982.0,984.2,1840,0
2026-04-28T10:30:00+05:30,983.85,986.55,981.6,982.3,2235,0
2026-04-28T10:45:00+05:30,982.3,985.55,982.0,984.25,716,0
2026-04-28T11:00:00+05:30,984.25,984.25,981.0,984.05,906,0
2026-04-28T11:15:00+05:30,982.65,983.95,981.05,982.45,832,0
2026-04-28T11:30:00+05:30,982.5,984.95,982.0,982.95,891,0
2026-04-28T11:45:00+05:30,984.1,986.95,983.0,983.35,5207,0
2026-04-28T12:00:00+05:30,983.35,992.9,982.05,992.6,4347,0
2026-04-28T12:15:00+05:30,991.5,994.0,990.0,991.6,3017,0
2026-04-28T12:30:00+05:30,991.25,993.0,990.05,992.95,1286,0
2026-04-28T12:45:00+05:30,991.6,992.5,991.6,992.0,84,0
2026-04-28T13:00:00+05:30,992.4,993.5,991.6,993.3,641,0
2026-04-28T13:15:00+05:30,993.35,993.85,991.7,992.1,510,0
2026-04-28T13:30:00+05:30,992.1,993.15,991.5,992.5,48,0
2026-04-28T13:45:00+05:30,992.5,992.5,990.0,990.8,250,0
2026-04-28T14:00:00+05:30,990.8,991.7,990.0,990.0,712,0
2026-04-28T14:15:00+05:30,990.0,990.85,988.65,990.0,792,0
2026-04-28T14:30:00+05:30,990.65,991.65,989.3,990.4,560,0
2026-04-28T14:45:00+05:30,990.0,992.65,990.0,990.0,877,0
2026-04-28T15:00:00+05:30,990.0,991.8,990.0,990.0,2864,0
2026-04-28T15:15:00+05:30,990.0,990.35,989.85,990.3,10069,0
2026-04-29T09:15:00+05:30,1013.95,1013.95,991.05,993.4,5237,0
2026-04-29T09:30:00+05:30,994.25,997.7,991.2,993.3,1276,0
2026-04-29T09:45:00+05:30,993.3,993.3,988.75,989.6,1499,0
2026-04-29T10:00:00+05:30,989.15,994.4,989.15,993.65,2075,0
2026-04-29T10:15:00+05:30,991.9,1004.35,991.8,1004.35,4720,0
2026-04-29T10:30:00+05:30,1001.55,1001.85,993.9,996.45,4033,0
2026-04-29T10:45:00+05:30,997.1,997.1,992.55,992.55,2768,0
2026-04-29T11:00:00+05:30,992.85,994.3,990.3,991.0,1910,0
2026-04-29T11:15:00+05:30,991.0,992.7,990.4,991.1,699,0
2026-04-29T11:30:00+05:30,990.45,991.0,990.0,990.85,169,0
2026-04-29T11:45:00+05:30,990.85,991.05,989.0,991.05,698,0
2026-04-29T12:00:00+05:30,991.05,994.0,990.0,994.0,822,0
2026-04-29T12:15:00+05:30,994.0,996.2,992.55,993.15,1334,0
2026-04-29T12:30:00+05:30,994.35,996.9,993.6,996.9,615,0
2026-04-29T12:45:00+05:30,996.9,996.9,992.2,993.3,719,0
2026-04-29T13:00:00+05:30,992.65,994.4,992.5,992.6,926,0
2026-04-29T13:15:00+05:30,993.6,995.45,992.85,993.9,792,0
2026-04-29T13:30:00+05:30,993.9,994.95,992.95,993.3,645,0
2026-04-29T13:45:00+05:30,994.55,995.1,992.05,994.4,998,0
2026-04-29T14:00:00+05:30,994.6,994.65,993.0,994.6,3664,0
2026-04-29T14:15:00+05:30,993.75,995.0,992.75,995.0,3180,0
2026-04-29T14:30:00+05:30,993.55,995.6,993.35,994.55,982,0
2026-04-29T14:45:00+05:30,994.6,995.95,993.9,994.7,1088,0
2026-04-29T15:00:00+05:30,994.7,995.5,994.1,994.6,1717,0
2026-04-29T15:15:00+05:30,994.55,995.4,990.2,995.3,7728,0
2026-04-30T09:15:00+05:30,990.05,995.05,978.65,983.0,6654,0
2026-04-30T09:30:00+05:30,983.05,986.6,979.45,986.6,715,0
2026-04-30T09:45:00+05:30,985.9,987.25,979.2,980.45,1572,0
2026-04-30T10:00:00+05:30,979.2,980.2,970.55,973.7,2164,0
2026-04-30T10:15:00+05:30,974.45,974.9,972.0,973.55,238,0
2026-04-30T10:30:00+05:30,973.55,979.45,973.0,978.95,525,0
2026-04-30T10:45:00+05:30,978.55,979.1,974.2,974.2,271,0
2026-04-30T11:00:00+05:30,975.25,977.65,974.0,975.15,564,0
2026-04-30T11:15:00+05:30,974.1,976.4,973.35,976.4,288,0
2026-04-30T11:30:00+05:30,977.1,977.6,975.25,977.45,27,0
2026-04-30T11:45:00+05:30,977.45,977.45,973.6,976.3,472,0
2026-04-30T12:00:00+05:30,976.15,976.95,974.35,976.5,538,0
2026-04-30T12:15:00+05:30,977.85,978.3,973.6,975.15,636,0
2026-04-30T12:30:00+05:30,976.45,976.5,974.25,974.8,289,0
2026-04-30T12:45:00+05:30,975.25,978.35,975.25,978.3,275,0
2026-04-30T13:00:00+05:30,978.05,978.05,974.0,976.1,546,0
2026-04-30T13:15:00+05:30,976.1,992.0,973.65,983.25,17279,0
2026-04-30T13:30:00+05:30,983.3,985.4,980.7,985.15,495,0
2026-04-30T13:45:00+05:30,985.15,987.0,983.4,984.95,1542,0
2026-04-30T14:00:00+05:30,984.95,985.45,982.8,982.8,212,0
2026-04-30T14:15:00+05:30,982.8,982.8,977.05,982.25,2360,0
2026-04-30T14:30:00+05:30,982.2,984.35,981.4,982.5,338,0
2026-04-30T14:45:00+05:30,984.2,986.35,978.15,980.45,2124,0
2026-04-30T15:00:00+05:30,980.1,990.0,978.0,978.3,6429,0
2026-04-30T15:15:00+05:30,978.15,988.0,976.95,987.0,7359,0
2026-05-04T09:15:00+05:30,990.0,992.95,982.4,990.4,1314,0
2026-05-04T09:30:00+05:30,989.05,991.55,985.1,988.5,892,0
2026-05-04T09:45:00+05:30,988.1,990.0,987.2,990.0,446,0
2026-05-04T10:00:00+05:30,991.55,992.0,987.0,987.0,385,0
2026-05-04T10:15:00+05:30,987.0,989.1,984.4,989.1,944,0
2026-05-04T10:30:00+05:30,989.05,992.0,987.15,988.45,434,0
2026-05-04T10:45:00+05:30,988.2,988.5,985.95,986.0,1100,0
2026-05-04T11:00:00+05:30,986.0,990.9,986.0,990.35,1195,0
2026-05-04T11:15:00+05:30,990.35,996.45,988.65,991.3,3019,0
2026-05-04T11:30:00+05:30,990.55,991.4,988.3,988.3,286,0
2026-05-04T11:45:00+05:30,989.35,989.35,985.1,985.1,474,0
2026-05-04T12:00:00+05:30,985.35,986.3,983.0,984.2,483,0
2026-05-04T12:15:00+05:30,983.0,986.8,982.15,984.7,303,0
2026-05-04T12:30:00+05:30,984.05,985.65,983.0,985.65,262,0
2026-05-04T12:45:00+05:30,983.9,984.15,981.0,982.1,1630,0
2026-05-04T13:00:00+05:30,981.95,983.0,980.3,982.8,1219,0
2026-05-04T13:15:00+05:30,982.8,982.8,976.75,976.75,1248,0
2026-05-04T13:30:00+05:30,976.75,980.35,974.5,978.1,2250,0
2026-05-04T13:45:00+05:30,978.1,980.0,976.0,976.5,241,0
2026-05-04T14:00:00+05:30,976.5,978.9,976.5,978.9,243,0
2026-05-04T14:15:00+05:30,979.15,979.15,977.7,977.9,507,0
2026-05-04T14:30:00+05:30,977.9,977.9,976.0,977.6,140,0
2026-05-04T14:45:00+05:30,977.6,977.85,976.0,976.2,236,0
2026-05-04T15:00:00+05:30,977.6,979.1,976.0,977.05,1136,0
2026-05-04T15:15:00+05:30,977.9,982.85,977.0,978.0,4898,0
2026-05-05T09:15:00+05:30,977.95,981.15,969.0,970.2,3207,0
2026-05-05T09:30:00+05:30,970.2,974.15,967.0,969.5,1961,0
2026-05-05T09:45:00+05:30,969.6,972.6,968.0,972.5,1561,0
2026-05-05T10:00:00+05:30,972.5,973.0,969.55,970.0,1109,0
2026-05-05T10:15:00+05:30,970.0,971.15,964.0,964.0,1908,0
2026-05-05T10:30:00+05:30,963.45,965.1,961.95,962.95,1084,0
2026-05-05T10:45:00+05:30,964.05,965.65,962.95,962.95,168,0
2026-05-05T11:00:00+05:30,962.8,963.75,962.55,963.6,644,0
2026-05-05T11:15:00+05:30,963.0,966.7,963.0,964.2,1295,0
2026-05-05T11:30:00+05:30,964.2,965.95,964.2,965.95,769,0
2026-05-05T11:45:00+05:30,964.7,964.7,958.0,962.3,4539,0
2026-05-05T12:00:00+05:30,962.3,964.25,959.05,962.45,1088,0
2026-05-05T12:15:00+05:30,963.25,965.2,959.75,961.65,1541,0
2026-05-05T12:30:00+05:30,961.6,963.0,961.6,962.0,234,0
2026-05-05T12:45:00+05:30,962.0,965.95,962.0,964.55,410,0
2026-05-05T13:00:00+05:30,965.85,966.0,962.55,963.65,1062,0
2026-05-05T13:15:00+05:30,963.65,964.8,960.0,961.85,2000,0
2026-05-05T13:30:00+05:30,961.8,961.85,960.1,961.85,262,0
2026-05-05T13:45:00+05:30,961.85,963.7,960.0,961.0,1187,0
2026-05-05T14:00:00+05:30,961.0,961.95,958.7,959.0,1218,0
2026-05-05T14:15:00+05:30,959.0,962.0,959.0,961.05,524,0
2026-05-05T14:30:00+05:30,962.0,962.0,960.1,961.3,332,0
2026-05-05T14:45:00+05:30,961.3,961.35,958.0,958.0,1827,0
2026-05-05T15:00:00+05:30,958.3,960.65,956.1,959.0,1849,0
2026-05-05T15:15:00+05:30,959.0,961.0,958.0,959.95,2321,0
2026-05-06T09:15:00+05:30,960.0,971.25,959.75,965.4,4288,0
2026-05-06T09:30:00+05:30,966.75,971.5,966.75,966.75,1273,0
2026-05-06T09:45:00+05:30,966.4,974.2,965.05,971.7,2585,0
2026-05-06T10:00:00+05:30,971.55,977.95,971.55,975.75,1818,0
2026-05-06T10:15:00+05:30,975.0,976.1,972.1,974.95,1426,0
2026-05-06T10:30:00+05:30,974.95,975.6,972.0,975.45,480,0
2026-05-06T10:45:00+05:30,975.3,981.0,969.7,980.05,4759,0
2026-05-06T11:00:00+05:30,978.85,986.45,977.55,981.0,6839,0
2026-05-06T11:15:00+05:30,980.0,985.0,979.1,980.0,4925,0
2026-05-06T11:30:00+05:30,980.0,989.55,979.25,988.0,2526,0
2026-05-06T11:45:00+05:30,987.3,989.9,986.0,986.1,2135,0
2026-05-06T12:00:00+05:30,986.05,988.4,985.2,987.85,848,0
2026-05-06T12:15:00+05:30,986.1,987.15,981.35,981.5,975,0
2026-05-06T12:30:00+05:30,982.15,984.85,980.85,984.0,790,0
2026-05-06T12:45:00+05:30,983.95,983.95,981.15,982.7,155,0
2026-05-06T13:00:00+05:30,982.7,983.95,980.1,983.25,163,0
2026-05-06T13:15:00+05:30,983.25,983.9,981.55,983.2,482,0
2026-05-06T13:30:00+05:30,983.85,983.95,981.15,983.95,926,0
2026-05-06T13:45:00+05:30,983.95,991.0,983.9,989.85,2549,0
2026-05-06T14:00:00+05:30,989.85,992.95,988.1,992.95,2189,0
2026-05-06T14:15:00+05:30,993.0,1002.0,992.55,999.15,13152,0
2026-05-06T14:30:00+05:30,998.75,1008.95,995.7,1002.1,11366,0
2026-05-06T14:45:00+05:30,1003.05,1008.55,1001.05,1006.75,7042,0
2026-05-06T15:00:00+05:30,1005.4,1013.5,1005.0,1011.75,7820,0
2026-05-06T15:15:00+05:30,1012.45,1015.0,1010.05,1012.0,9285,0
2026-05-07T09:15:00+05:30,1012.0,1014.25,1002.5,1010.55,4112,0
2026-05-07T09:30:00+05:30,1010.5,1019.55,1008.0,1018.95,3593,0
2026-05-07T09:45:00+05:30,1018.0,1018.0,999.15,1008.0,13504,0
2026-05-07T10:00:00+05:30,1008.0,1008.5,1004.0,1006.1,622,0
2026-05-07T10:15:00+05:30,1007.25,1007.95,1004.25,1007.45,841,0
2026-05-07T10:30:00+05:30,1007.45,1010.0,1006.9,1007.55,1067,0
2026-05-07T10:45:00+05:30,1007.55,1008.65,1005.25,1008.0,301,0
2026-05-07T11:00:00+05:30,1008.0,1008.1,1006.25,1007.4,239,0
2026-05-07T11:15:00+05:30,1006.3,1009.35,1006.3,1007.8,81,0
2026-05-07T11:30:00+05:30,1007.8,1010.5,1006.7,1009.55,373,0
2026-05-07T11:45:00+05:30,1009.55,1015.0,1006.95,1011.3,4356,0
2026-05-07T12:00:00+05:30,1011.3,1013.1,1011.0,1012.8,564,0
2026-05-07T12:15:00+05:30,1012.45,1012.95,1010.45,1012.6,389,0
2026-05-07T12:30:00+05:30,1011.9,1013.1,1010.0,1011.85,743,0
2026-05-07T12:45:00+05:30,1012.9,1016.6,1010.55,1011.4,2103,0
2026-05-07T13:00:00+05:30,1011.4,1011.4,1009.8,1011.2,297,0
2026-05-07T13:15:00+05:30,1009.45,1012.0,1009.1,1011.8,392,0
2026-05-07T13:30:00+05:30,1011.8,1014.95,1010.1,1014.55,951,0
2026-05-07T13:45:00+05:30,1014.3,1016.3,1012.65,1014.35,1661,0
2026-05-07T14:00:00+05:30,1014.55,1015.15,1012.45,1012.7,240,0
2026-05-07T14:15:00+05:30,1012.65,1013.8,1011.1,1012.25,201,0
2026-05-07T14:30:00+05:30,1012.25,1012.3,1010.0,1010.0,584,0
2026-05-07T14:45:00+05:30,1010.3,1011.0,1007.8,1010.15,989,0
2026-05-07T15:00:00+05:30,1010.5,1010.75,1005.05,1007.3,3225,0
2026-05-07T15:15:00+05:30,1007.4,1009.0,1000.1,1001.05,3801,0
2026-05-08T09:15:00+05:30,1006.75,1006.75,998.05,1003.95,3598,0
2026-05-08T09:30:00+05:30,1002.6,1004.3,998.5,998.5,1602,0
2026-05-08T09:45:00+05:30,998.5,1004.85,997.9,999.9,1166,0
2026-05-08T10:00:00+05:30,999.0,999.8,996.45,997.2,689,0
2026-05-08T10:15:00+05:30,998.1,1000.6,996.55,998.2,676,0
2026-05-08T10:30:00+05:30,998.0,999.15,995.0,995.5,457,0
2026-05-08T10:45:00+05:30,995.3,997.4,987.2,996.0,3949,0
2026-05-08T11:00:00+05:30,994.35,996.8,992.3,992.6,878,0
2026-05-08T11:15:00+05:30,992.6,994.05,991.0,993.8,279,0
2026-05-08T11:30:00+05:30,993.6,993.95,991.5,992.6,367,0
2026-05-08T11:45:00+05:30,993.6,997.7,993.0,996.55,2379,0
2026-05-08T12:00:00+05:30,997.85,998.4,994.05,995.6,908,0
2026-05-08T12:15:00+05:30,996.4,996.95,993.0,995.0,781,0
2026-05-08T12:30:00+05:30,995.0,996.65,993.05,993.45,385,0
2026-05-08T12:45:00+05:30,993.3,994.85,991.85,994.85,417,0
2026-05-08T13:00:00+05:30,994.85,1000.0,992.55,996.1,2497,0
2026-05-08T13:15:00+05:30,997.95,1000.0,996.9,1000.0,563,0
2026-05-08T13:30:00+05:30,1000.0,1003.45,999.5,1001.45,3922,0
2026-05-08T13:45:00+05:30,1000.3,1001.8,998.25,999.85,480,0
2026-05-08T14:00:00+05:30,999.75,999.75,996.8,997.7,345,0
2026-05-08T14:15:00+05:30,997.6,998.9,997.0,997.45,326,0
2026-05-08T14:30:00+05:30,998.0,1005.4,998.0,1001.5,1383,0
2026-05-08T14:45:00+05:30,1002.7,1002.85,998.35,999.35,496,0
2026-05-08T15:00:00+05:30,999.35,1003.85,998.0,1002.85,2348,0
2026-05-08T15:15:00+05:30,1002.9,1005.0,998.0,1003.95,9963,0
2026-05-11T09:15:00+05:30,1000.0,1000.0,981.55,982.5,2784,0
2026-05-11T09:30:00+05:30,982.5,985.9,978.1,978.2,2043,0
2026-05-11T09:45:00+05:30,978.6,981.3,977.55,979.0,959,0
2026-05-11T10:00:00+05:30,980.15,987.9,979.4,984.9,1548,0
2026-05-11T10:15:00+05:30,985.05,989.25,984.55,988.95,835,0
2026-05-11T10:30:00+05:30,988.8,990.7,985.0,985.75,1413,0
2026-05-11T10:45:00+05:30,987.1,987.15,982.75,985.35,1895,0
2026-05-11T11:00:00+05:30,985.35,994.0,985.35,990.75,2289,0
2026-05-11T11:15:00+05:30,991.75,995.1,989.25,989.8,1792,0
2026-05-11T11:30:00+05:30,989.8,994.05,989.1,992.8,476,0
2026-05-11T11:45:00+05:30,992.8,993.85,988.25,992.85,2516,0
2026-05-11T12:00:00+05:30,991.85,993.4,988.0,990.65,1759,0
2026-05-11T12:15:00+05:30,992.4,993.95,989.3,991.05,796,0
2026-05-11T12:30:00+05:30,991.05,992.9,988.8,989.85,434,0
2026-05-11T12:45:00+05:30,988.8,991.65,986.35,990.05,2010,0
2026-05-11T13:00:00+05:30,990.7,993.25,990.0,990.75,575,0
2026-05-11T13:15:00+05:30,990.75,991.4,987.85,989.45,1250,0
2026-05-11T13:30:00+05:30,989.6,991.6,988.55,990.0,213,0
2026-05-11T13:45:00+05:30,990.0,992.0,989.4,989.65,489,0
2026-05-11T14:00:00+05:30,989.65,990.85,987.05,987.35,729,0
2026-05-11T14:15:00+05:30,987.55,988.85,985.0,985.75,560,0
2026-05-11T14:30:00+05:30,985.6,988.5,983.25,983.25,1398,0
2026-05-11T14:45:00+05:30,983.35,984.75,982.5,982.5,731,0
2026-05-11T15:00:00+05:30,982.15,982.8,977.1,977.55,3996,0
2026-05-11T15:15:00+05:30,977.55,987.9,977.5,984.2,4415,0
2026-05-12T09:15:00+05:30,975.0,979.95,966.0,967.45,5856,0
2026-05-12T09:30:00+05:30,967.3,974.25,965.35,973.35,2913,0
2026-05-12T09:45:00+05:30,971.3,974.3,970.3,971.35,637,0
2026-05-12T10:00:00+05:30,970.1,973.95,964.65,973.95,3067,0
2026-05-12T10:15:00+05:30,972.2,973.45,969.0,969.0,621,0
2026-05-12T10:30:00+05:30,969.0,969.3,966.6,969.0,413,0
2026-05-12T10:45:00+05:30,969.0,971.3,967.05,968.65,846,0
2026-05-12T11:00:00+05:30,968.6,968.6,966.8,966.8,415,0
2026-05-12T11:15:00+05:30,966.15,968.55,966.0,968.35,202,0
2026-05-12T11:30:00+05:30,968.35,968.35,966.0,967.0,195,0
2026-05-12T11:45:00+05:30,967.35,967.4,960.0,964.6,3487,0
2026-05-12T12:00:00+05:30,964.3,964.55,961.0,961.85,512,0
2026-05-12T12:15:00+05:30,961.8,963.6,960.2,960.2,830,0
2026-05-12T12:30:00+05:30,960.95,961.0,956.1,957.65,2625,0
2026-05-12T12:45:00+05:30,959.0,960.4,956.1,958.95,1056,0
2026-05-12T13:00:00+05:30,959.0,959.4,952.5,955.85,2554,0
2026-05-12T13:15:00+05:30,955.85,957.15,955.2,955.7,258,0
2026-05-12T13:30:00+05:30,955.7,957.7,953.0,953.0,917,0
2026-05-12T13:45:00+05:30,953.0,955.4,953.0,953.5,243,0
2026-05-12T14:00:00+05:30,953.5,953.5,950.55,952.15,1196,0
2026-05-12T14:15:00+05:30,952.15,956.8,952.0,952.7,1221,0
2026-05-12T14:30:00+05:30,952.45,958.6,952.0,952.25,1227,0
2026-05-12T14:45:00+05:30,952.25,953.95,950.55,951.95,1771,0
2026-05-12T15:00:00+05:30,951.95,952.95,946.55,946.75,4801,0
2026-05-12T15:15:00+05:30,948.6,949.9,943.2,947.0,5325,0
2026-05-13T09:15:00+05:30,930.65,950.0,930.65,943.2,3779,0
2026-05-13T09:30:00+05:30,943.2,945.3,934.55,942.9,3200,0
2026-05-13T09:45:00+05:30,942.9,945.85,937.6,941.6,1058,0
2026-05-13T10:00:00+05:30,941.2,945.0,941.05,945.0,1234,0
2026-05-13T10:15:00+05:30,945.7,946.7,942.05,942.1,1556,0
2026-05-13T10:30:00+05:30,943.9,944.8,942.1,944.35,721,0
2026-05-13T10:45:00+05:30,943.8,944.35,939.0,939.0,709,0
2026-05-13T11:00:00+05:30,939.45,942.9,938.45,940.25,558,0
2026-05-13T11:15:00+05:30,940.65,942.95,937.0,940.75,2038,0
2026-05-13T11:30:00+05:30,940.75,942.45,940.65,942.35,652,0
2026-05-13T11:45:00+05:30,942.35,948.95,940.65,942.7,3101,0
2026-05-13T12:00:00+05:30,942.7,944.55,941.85,944.55,239,0
2026-05-13T12:15:00+05:30,944.85,945.6,941.0,941.0,1288,0
2026-05-13T12:30:00+05:30,941.45,941.45,939.0,940.55,1270,0
2026-05-13T12:45:00+05:30,940.5,942.7,939.25,941.55,297,0
2026-05-13T13:00:00+05:30,941.6,942.3,940.05,941.25,380,0
2026-05-13T13:15:00+05:30,941.25,942.95,940.05,941.6,699,0
2026-05-13T13:30:00+05:30,942.05,943.25,940.6,941.0,579,0
2026-05-13T13:45:00+05:30,942.6,943.1,940.05,940.55,1890,0
2026-05-13T14:00:00+05:30,940.95,941.95,940.15,941.0,581,0
2026-05-13T14:15:00+05:30,941.0,941.7,938.0,939.45,1986,0
2026-05-13T14:30:00+05:30,938.0,939.5,935.0,935.0,2387,0
2026-05-13T14:45:00+05:30,935.0,937.95,934.15,934.25,2746,0
2026-05-13T15:00:00+05:30,934.3,934.4,930.55,932.0,1978,0
2026-05-13T15:15:00+05:30,932.0,938.65,930.55,931.0,3640,0
2026-05-14T09:15:00+05:30,942.0,952.0,942.0,949.65,1918,0
2026-05-14T09:30:00+05:30,951.55,951.7,940.05,941.05,1184,0
2026-05-14T09:45:00+05:30,942.25,942.75,935.0,935.0,711,0
2026-05-14T10:00:00+05:30,935.4,941.2,933.85,939.9,826,0
2026-05-14T10:15:00+05:30,938.8,939.0,936.0,937.3,480,0
2026-05-14T10:30:00+05:30,937.75,937.75,931.0,931.75,912,0
2026-05-14T10:45:00+05:30,931.1,937.0,930.0,931.05,1275,0
2026-05-14T11:00:00+05:30,931.05,932.45,928.8,931.6,1328,0
2026-05-14T11:15:00+05:30,931.85,935.2,930.65,933.8,404,0
2026-05-14T11:30:00+05:30,932.15,936.3,932.05,936.3,225,0
2026-05-14T11:45:00+05:30,936.3,938.95,936.0,937.55,855,0
2026-05-14T12:00:00+05:30,937.55,939.2,936.5,938.1,248,0
2026-05-14T12:15:00+05:30,939.1,939.1,929.1,935.9,4692,0
2026-05-14T12:30:00+05:30,935.9,940.5,935.75,940.5,2648,0
2026-05-14T12:45:00+05:30,939.85,941.05,936.1,936.3,300,0
2026-05-14T13:00:00+05:30,936.4,938.95,936.0,936.0,294,0
2026-05-14T13:15:00+05:30,936.0,938.25,936.0,936.1,1284,0
2026-05-14T13:30:00+05:30,936.1,937.95,933.95,936.65,589,0
2026-05-14T13:45:00+05:30,934.9,937.25,931.75,935.0,392,0
2026-05-14T14:00:00+05:30,935.6,940.05,934.6,937.95,1394,0
2026-05-14T14:15:00+05:30,936.5,938.45,933.0,933.0,2285,0
2026-05-14T14:30:00+05:30,933.75,939.75,933.75,938.45,396,0
2026-05-14T14:45:00+05:30,936.5,939.4,935.45,935.45,606,0
2026-05-14T15:00:00+05:30,935.45,937.45,932.85,932.85,2003,0
2026-05-14T15:15:00+05:30,932.85,945.0,932.8,945.0,2851,0
2026-05-15T09:15:00+05:30,946.7,953.0,939.95,950.75,4396,0
2026-05-15T09:30:00+05:30,949.1,952.9,943.8,951.85,2289,0
2026-05-15T09:45:00+05:30,951.9,959.5,950.05,956.35,3385,0
2026-05-15T10:00:00+05:30,955.55,955.6,950.5,951.0,557,0
2026-05-15T10:15:00+05:30,950.55,955.45,950.05,953.25,1021,0
2026-05-15T10:30:00+05:30,951.55,956.3,951.25,952.0,330,0
2026-05-15T10:45:00+05:30,953.9,955.8,952.3,954.05,589,0
2026-05-15T11:00:00+05:30,953.85,955.95,951.15,951.25,776,0
2026-05-15T11:15:00+05:30,952.8,952.8,949.2,952.15,756,0
2026-05-15T11:30:00+05:30,950.6,953.4,950.0,952.6,651,0
2026-05-15T11:45:00+05:30,951.25,953.15,947.8,948.1,2671,0
2026-05-15T12:00:00+05:30,948.1,950.45,948.0,949.0,372,0
2026-05-15T12:15:00+05:30,950.25,952.2,949.2,949.45,316,0
2026-05-15T12:30:00+05:30,950.0,951.8,949.45,949.75,112,0
2026-05-15T12:45:00+05:30,949.75,951.4,949.0,950.8,2338,0
2026-05-15T13:00:00+05:30,949.0,951.35,947.0,950.9,1702,0
2026-05-15T13:15:00+05:30,949.05,951.35,949.05,949.8,45,0
2026-05-15T13:30:00+05:30,949.7,951.35,949.0,950.6,53,0
2026-05-15T13:45:00+05:30,949.05,960.0,946.6,953.0,6449,0
2026-05-15T14:00:00+05:30,953.0,953.1,950.05,950.1,141,0
2026-05-15T14:15:00+05:30,950.1,951.05,942.65,944.0,4609,0
2026-05-15T14:30:00+05:30,944.05,946.6,942.0,942.5,888,0
2026-05-15T14:45:00+05:30,942.35,943.9,936.0,941.9,3577,0
2026-05-15T15:00:00+05:30,941.85,945.4,940.5,942.8,1609,0
2026-05-15T15:15:00+05:30,943.0,945.0,938.1,945.0,1755,0
2026-05-18T09:15:00+05:30,933.85,933.85,901.0,903.3,6846,0
2026-05-18T09:30:00+05:30,903.5,905.9,897.0,900.65,5334,0
2026-05-18T09:45:00+05:30,901.45,907.45,899.55,902.6,6978,0
2026-05-18T10:00:00+05:30,903.25,903.6,900.0,900.95,4977,0
2026-05-18T10:15:00+05:30,900.95,901.05,892.0,894.35,7477,0
2026-05-18T10:30:00+05:30,894.35,900.0,893.25,897.55,3927,0
2026-05-18T10:45:00+05:30,897.55,904.95,897.25,903.85,2610,0
2026-05-18T11:00:00+05:30,903.85,905.0,901.3,903.85,1960,0
2026-05-18T11:15:00+05:30,903.85,904.0,901.05,901.6,965,0
2026-05-18T11:30:00+05:30,902.1,908.85,901.35,904.9,3131,0
2026-05-18T11:45:00+05:30,905.6,911.0,903.25,906.1,5359,0
2026-05-18T12:00:00+05:30,906.15,909.95,905.85,908.65,1161,0
2026-05-18T12:15:00+05:30,909.0,909.0,905.65,906.15,2721,0
2026-05-18T12:30:00+05:30,906.95,909.8,906.2,907.45,705,0
2026-05-18T12:45:00+05:30,906.55,907.4,903.65,906.7,5245,0
2026-05-18T13:00:00+05:30,906.7,908.0,904.8,907.4,1689,0
2026-05-18T13:15:00+05:30,907.15,907.15,905.1,905.2,338,0
2026-05-18T13:30:00+05:30,905.25,907.3,905.15,906.35,333,0
2026-05-18T13:45:00+05:30,906.3,907.0,905.2,907.0,406,0
2026-05-18T14:00:00+05:30,907.0,907.0,905.0,905.0,876,0
2026-05-18T14:15:00+05:30,905.0,905.9,905.0,905.0,1344,0
2026-05-18T14:30:00+05:30,905.45,905.85,905.0,905.15,513,0
2026-05-18T14:45:00+05:30,905.0,906.65,905.0,905.1,713,0
2026-05-18T15:00:00+05:30,905.1,906.45,905.0,905.0,2260,0
2026-05-18T15:15:00+05:30,905.2,907.65,905.0,907.0,4020,0
2026-05-19T09:15:00+05:30,909.9,916.4,895.6,913.45,9609,0
2026-05-19T09:30:00+05:30,913.0,915.35,902.35,912.5,4713,0
2026-05-19T09:45:00+05:30,913.0,913.0,908.05,909.6,3713,0
2026-05-19T10:00:00+05:30,908.4,912.8,907.7,911.05,1352,0
2026-05-19T10:15:00+05:30,911.9,914.0,910.0,913.05,2812,0
2026-05-19T10:30:00+05:30,913.05,914.25,912.4,914.05,523,0
2026-05-19T10:45:00+05:30,914.05,917.55,905.65,915.0,5904,0
2026-05-19T11:00:00+05:30,915.55,918.85,913.7,916.6,1435,0
2026-05-19T11:15:00+05:30,915.9,916.4,912.2,915.8,1033,0
2026-05-19T11:30:00+05:30,915.5,915.7,913.05,913.35,690,0
2026-05-19T11:45:00+05:30,914.7,914.75,905.0,905.0,2446,0
2026-05-19T12:00:00+05:30,905.0,908.7,903.05,907.0,2060,0
2026-05-19T12:15:00+05:30,907.0,907.2,904.05,905.95,3004,0
2026-05-19T12:30:00+05:30,905.95,908.4,905.3,907.1,659,0
2026-05-19T12:45:00+05:30,907.15,913.9,907.1,912.15,1654,0
2026-05-19T13:00:00+05:30,912.15,914.0,906.5,906.55,2135,0
2026-05-19T13:15:00+05:30,906.55,907.95,906.5,906.8,577,0
2026-05-19T13:30:00+05:30,906.8,908.45,905.0,906.85,2928,0
2026-05-19T13:45:00+05:30,906.35,908.45,906.2,907.6,818,0
2026-05-19T14:00:00+05:30,907.6,910.25,907.1,908.65,545,0
2026-05-19T14:15:00+05:30,908.55,911.85,908.5,909.55,1303,0
2026-05-19T14:30:00+05:30,909.5,910.9,906.25,906.3,935,0
2026-05-19T14:45:00+05:30,906.3,908.45,906.2,907.25,1087,0
2026-05-19T15:00:00+05:30,907.2,907.95,906.0,906.55,1493,0
2026-05-19T15:15:00+05:30,906.5,906.6,905.0,906.3,4491,0
2026-05-20T09:15:00+05:30,908.0,908.0,887.0,894.7,6124,0
2026-05-20T09:30:00+05:30,894.0,894.5,886.0,888.4,6696,0
2026-05-20T09:45:00+05:30,888.4,893.9,887.35,892.45,3568,0
2026-05-20T10:00:00+05:30,891.5,892.4,887.1,889.95,4274,0
2026-05-20T10:15:00+05:30,889.95,897.45,889.0,895.25,4116,0
2026-05-20T10:30:00+05:30,894.65,902.5,894.65,901.95,3295,0
2026-05-20T10:45:00+05:30,900.8,901.45,898.55,901.35,962,0
2026-05-20T11:00:00+05:30,901.35,902.45,898.9,898.9,1351,0
2026-05-20T11:15:00+05:30,898.85,902.45,898.55,901.9,1152,0
2026-05-20T11:30:00+05:30,901.75,902.8,900.0,902.35,1135,0
2026-05-20T11:45:00+05:30,902.35,906.35,902.35,906.25,1949,0
2026-05-20T12:00:00+05:30,906.25,906.25,904.2,904.55,586,0
2026-05-20T12:15:00+05:30,904.3,908.4,904.0,908.0,1903,0
2026-05-20T12:30:00+05:30,908.0,908.0,905.85,908.0,716,0
2026-05-20T12:45:00+05:30,908.0,908.0,903.0,905.15,3990,0
2026-05-20T13:00:00+05:30,906.6,910.9,903.55,908.5,5260,0
2026-05-20T13:15:00+05:30,908.25,909.3,905.05,907.0,1497,0
2026-05-20T13:30:00+05:30,907.0,909.05,905.15,907.4,2515,0
2026-05-20T13:45:00+05:30,907.4,910.45,907.15,909.65,2305,0
2026-05-20T14:00:00+05:30,910.4,910.45,907.65,909.8,1598,0
2026-05-20T14:15:00+05:30,908.8,909.45,907.4,908.0,1587,0
2026-05-20T14:30:00+05:30,908.05,909.25,907.75,908.7,2509,0
2026-05-20T14:45:00+05:30,908.8,909.95,902.85,902.85,2973,0
2026-05-20T15:00:00+05:30,902.4,904.4,898.15,901.9,5876,0
2026-05-20T15:15:00+05:30,901.85,905.0,900.1,900.1,3605,0
2026-05-21T09:15:00+05:30,910.2,915.2,890.0,913.9,8083,0
2026-05-21T09:30:00+05:30,912.6,915.0,900.05,906.8,6469,0
2026-05-21T09:45:00+05:30,906.8,909.9,904.25,905.15,1705,0
2026-05-21T10:00:00+05:30,905.4,908.05,903.0,904.65,2106,0
2026-05-21T10:15:00+05:30,904.45,905.9,900.95,903.7,2473,0
2026-05-21T10:30:00+05:30,904.0,904.9,901.4,902.05,916,0
2026-05-21T10:45:00+05:30,902.15,903.6,898.8,900.85,3672,0
2026-05-21T11:00:00+05:30,900.85,900.95,897.1,897.1,2577,0
2026-05-21T11:15:00+05:30,897.1,897.8,894.9,897.8,3204,0
2026-05-21T11:30:00+05:30,897.8,901.35,897.8,899.95,4709,0
2026-05-21T11:45:00+05:30,899.15,901.45,899.15,900.0,1906,0
2026-05-21T12:00:00+05:30,900.0,901.4,899.15,899.4,3143,0
2026-05-21T12:15:00+05:30,899.5,900.45,899.0,899.0,3430,0
2026-05-21T12:30:00+05:30,899.0,899.95,894.0,896.05,9767,0
2026-05-21T12:45:00+05:30,896.05,898.9,896.0,897.25,842,0
2026-05-21T13:00:00+05:30,897.0,899.9,895.0,898.0,2559,0
2026-05-21T13:15:00+05:30,898.0,899.0,895.95,898.05,1387,0
2026-05-21T13:30:00+05:30,898.05,898.65,896.9,896.95,897,0
2026-05-21T13:45:00+05:30,896.95,898.9,895.15,895.9,1254,0
2026-05-21T14:00:00+05:30,895.55,897.35,895.15,895.75,519,0
2026-05-21T14:15:00+05:30,895.75,899.65,895.45,896.45,1951,0
2026-05-21T14:30:00+05:30,896.05,898.15,895.4,897.9,1918,0
2026-05-21T14:45:00+05:30,897.85,898.95,895.0,897.35,10547,0
2026-05-21T15:00:00+05:30,897.25,900.25,896.0,896.6,4347,0
2026-05-21T15:15:00+05:30,896.55,898.95,891.05,898.0,5677,0
2026-05-22T09:15:00+05:30,896.5,900.0,886.5,887.4,6868,0
2026-05-22T09:30:00+05:30,887.4,891.1,886.0,888.7,3592,0
2026-05-22T09:45:00+05:30,887.6,889.15,886.3,887.05,1129,0
2026-05-22T10:00:00+05:30,886.5,889.0,886.2,887.5,1890,0
2026-05-22T10:15:00+05:30,887.5,891.7,887.0,889.6,956,0
2026-05-22T10:30:00+05:30,890.4,891.4,888.05,891.25,1438,0
2026-05-22T10:45:00+05:30,891.25,891.85,890.0,890.95,1428,0
2026-05-22T11:00:00+05:30,890.55,898.95,890.5,895.75,6054,0
2026-05-22T11:15:00+05:30,896.75,899.0,894.5,897.9,2701,0
2026-05-22T11:30:00+05:30,898.85,904.85,897.55,901.8,16973,0
2026-05-22T11:45:00+05:30,901.7,907.85,901.55,902.2,4866,0
2026-05-22T12:00:00+05:30,903.15,903.15,901.1,903.15,766,0
2026-05-22T12:15:00+05:30,903.0,907.25,901.5,905.3,1234,0
2026-05-22T12:30:00+05:30,905.3,909.0,905.0,906.25,2435,0
2026-05-22T12:45:00+05:30,905.6,906.95,903.05,905.75,3022,0
2026-05-22T13:00:00+05:30,905.75,905.75,902.15,903.1,1017,0
2026-05-22T13:15:00+05:30,903.1,905.7,901.05,901.35,1123,0
2026-05-22T13:30:00+05:30,901.35,905.6,901.0,905.0,3178,0
2026-05-22T13:45:00+05:30,905.0,905.2,904.2,904.45,407,0
2026-05-22T14:00:00+05:30,904.45,905.95,904.4,905.0,772,0
2026-05-22T14:15:00+05:30,905.0,906.45,904.0,904.35,1571,0
2026-05-22T14:30:00+05:30,904.35,906.0,900.95,902.2,3298,0
2026-05-22T14:45:00+05:30,901.1,902.85,900.0,901.0,3217,0
2026-05-22T15:00:00+05:30,901.05,901.95,899.0,900.05,2909,0
2026-05-22T15:15:00+05:30,900.85,903.95,899.0,899.0,6465,0
2026-05-25T09:15:00+05:30,908.9,925.0,903.0,919.65,12151,0
2026-05-25T09:30:00+05:30,919.65,934.95,917.2,933.15,14598,0
2026-05-25T09:45:00+05:30,933.05,940.0,930.9,932.95,7395,0
2026-05-25T10:00:00+05:30,933.05,936.65,930.3,935.85,1850,0
2026-05-25T10:15:00+05:30,935.85,939.8,935.85,938.0,2091,0
2026-05-25T10:30:00+05:30,938.8,939.75,938.8,939.15,773,0
2026-05-25T10:45:00+05:30,939.2,941.9,937.95,939.85,1926,0
2026-05-25T11:00:00+05:30,940.15,940.15,938.2,938.2,1012,0
2026-05-25T11:15:00+05:30,938.2,939.0,930.0,931.85,5852,0
2026-05-25T11:30:00+05:30,931.85,933.85,931.4,931.75,582,0
2026-05-25T11:45:00+05:30,931.75,932.95,930.1,930.2,821,0
2026-05-25T12:00:00+05:30,930.85,930.85,928.4,928.6,859,0
2026-05-25T12:15:00+05:30,928.55,929.45,926.3,926.55,2110,0
2026-05-25T12:30:00+05:30,926.55,929.45,925.35,926.0,1560,0
2026-05-25T12:45:00+05:30,926.0,927.4,925.2,926.6,795,0
2026-05-25T13:00:00+05:30,926.2,929.4,925.15,925.7,1179,0
2026-05-25T13:15:00+05:30,925.7,927.7,925.3,925.85,489,0
2026-05-25T13:30:00+05:30,925.85,926.3,923.15,923.15,947,0
2026-05-25T13:45:00+05:30,923.05,924.55,921.95,922.65,692,0
2026-05-25T14:00:00+05:30,922.6,924.4,921.3,924.4,1574,0
2026-05-25T14:15:00+05:30,922.75,923.9,921.35,922.65,820,0
2026-05-25T14:30:00+05:30,922.9,922.9,921.25,921.9,908,0
2026-05-25T14:45:00+05:30,921.85,927.9,921.6,924.85,2705,0
2026-05-25T15:00:00+05:30,924.85,926.95,923.5,924.25,1638,0
2026-05-25T15:15:00+05:30,924.2,926.0,922.95,926.0,4509,0
2026-05-26T09:15:00+05:30,920.0,941.45,920.0,941.45,3045,0
2026-05-26T09:30:00+05:30,940.15,948.35,940.05,945.45,3216,0
2026-05-26T09:45:00+05:30,945.3,947.0,944.1,946.3,2314,0
2026-05-26T10:00:00+05:30,945.05,945.05,942.0,943.15,1375,0
2026-05-26T10:15:00+05:30,943.35,949.7,941.1,947.05,3890,0
2026-05-26T10:30:00+05:30,947.0,953.35,945.75,951.0,2524,0
2026-05-26T10:45:00+05:30,951.05,951.05,945.15,946.2,999,0
2026-05-26T11:00:00+05:30,946.2,946.65,943.8,944.1,634,0
2026-05-26T11:15:00+05:30,944.1,944.1,941.1,941.1,1171,0
2026-05-26T11:30:00+05:30,941.1,942.8,940.55,942.35,644,0
2026-05-26T11:45:00+05:30,941.05,942.35,936.2,937.9,1392,0
2026-05-26T12:00:00+05:30,937.9,938.45,936.0,936.3,794,0
2026-05-26T12:15:00+05:30,936.3,939.1,936.0,936.05,1318,0
2026-05-26T12:30:00+05:30,936.0,936.45,933.15,936.25,926,0
2026-05-26T12:45:00+05:30,935.1,936.65,932.7,933.1,2022,0
2026-05-26T13:00:00+05:30,933.1,936.0,932.55,933.75,1361,0
2026-05-26T13:15:00+05:30,933.6,935.7,933.15,934.65,558,0
2026-05-26T13:30:00+05:30,934.6,936.6,932.25,932.25,918,0
2026-05-26T13:45:00+05:30,932.25,933.35,928.7,931.3,1602,0
2026-05-26T14:00:00+05:30,931.15,933.3,928.85,931.05,1259,0
2026-05-26T14:15:00+05:30,931.95,932.1,931.0,931.0,309,0
2026-05-26T14:30:00+05:30,931.0,932.0,927.05,929.55,2020,0
2026-05-26T14:45:00+05:30,929.55,930.9,928.7,929.7,1153,0
2026-05-26T15:00:00+05:30,929.7,931.9,928.75,930.25,1595,0
2026-05-26T15:15:00+05:30,930.25,935.0,930.25,935.0,2950,0
2026-05-27T09:15:00+05:30,937.5,937.5,930.5,935.75,5521,0
2026-05-27T09:30:00+05:30,935.4,941.0,933.15,939.1,4031,0
2026-05-27T09:45:00+05:30,939.2,939.2,934.2,938.35,744,0
2026-05-27T10:00:00+05:30,936.7,938.9,935.0,938.05,1943,0
2026-05-27T10:15:00+05:30,939.2,944.2,937.0,940.85,2918,0
2026-05-27T10:30:00+05:30,940.85,940.9,937.45,938.2,987,0
2026-05-27T10:45:00+05:30,938.2,939.2,937.05,937.9,1292,0
2026-05-27T11:00:00+05:30,938.15,939.25,937.0,937.3,593,0
2026-05-27T11:15:00+05:30,937.0,937.0,933.0,933.8,2516,0
2026-05-27T11:30:00+05:30,933.9,935.05,931.0,931.1,779,0
2026-05-27T11:45:00+05:30,931.1,932.45,928.0,928.45,1913,0
2026-05-27T12:00:00+05:30,928.45,930.4,925.5,927.5,917,0
2026-05-27T12:15:00+05:30,927.5,931.25,927.5,929.15,613,0
2026-05-27T12:30:00+05:30,929.85,931.45,929.0,930.5,527,0
2026-05-27T12:45:00+05:30,930.55,931.45,928.5,930.8,978,0
2026-05-27T13:00:00+05:30,930.4,931.9,929.75,931.0,276,0
2026-05-27T13:15:00+05:30,931.0,931.0,928.85,930.0,319,0
2026-05-27T13:30:00+05:30,929.8,931.9,928.5,930.2,296,0
2026-05-27T13:45:00+05:30,930.2,931.95,930.0,931.15,305,0
2026-05-27T14:00:00+05:30,930.2,932.55,927.5,927.55,1102,0
2026-05-27T14:15:00+05:30,927.55,929.45,927.5,929.15,1001,0
2026-05-27T14:30:00+05:30,927.5,928.95,926.0,926.0,622,0
2026-05-27T14:45:00+05:30,926.0,929.8,925.5,927.8,2646,0
2026-05-27T15:00:00+05:30,927.8,932.95,927.55,928.45,5169,0
2026-05-27T15:15:00+05:30,928.55,936.0,927.05,936.0,4755,0
2026-05-29T09:15:00+05:30,930.1,964.8,926.85,953.0,48437,0
2026-05-29T09:30:00+05:30,953.0,959.0,947.25,957.0,17216,0
2026-05-29T09:45:00+05:30,957.0,978.65,954.85,970.45,25758,0
2026-05-29T10:00:00+05:30,971.45,985.0,969.9,983.9,14470,0
2026-05-29T10:15:00+05:30,983.8,985.0,965.0,974.55,24393,0
2026-05-29T10:30:00+05:30,974.55,976.8,968.3,972.5,8099,0
2026-05-29T10:45:00+05:30,970.35,981.0,967.9,977.05,9868,0
2026-05-29T11:00:00+05:30,977.0,978.4,971.2,975.25,4930,0
2026-05-29T11:15:00+05:30,975.3,987.9,975.25,981.15,11765,0
2026-05-29T11:30:00+05:30,981.3,986.8,978.25,986.75,6798,0
2026-05-29T11:45:00+05:30,985.6,987.3,980.0,981.55,5088,0
2026-05-29T12:00:00+05:30,981.5,983.9,977.65,981.5,5825,0
2026-05-29T12:15:00+05:30,980.05,983.0,975.0,978.9,7081,0
2026-05-29T12:30:00+05:30,978.7,979.4,973.35,974.35,4564,0
2026-05-29T12:45:00+05:30,975.0,980.8,972.2,972.25,4873,0
2026-05-29T13:00:00+05:30,972.25,976.35,971.4,971.9,4951,0
2026-05-29T13:15:00+05:30,971.8,975.9,970.0,971.25,10293,0
2026-05-29T13:30:00+05:30,971.2,983.0,970.8,979.65,10732,0
2026-05-29T13:45:00+05:30,979.6,985.0,976.1,982.45,11020,0
2026-05-29T14:00:00+05:30,982.5,984.15,980.0,982.1,4940,0
2026-05-29T14:15:00+05:30,981.8,989.75,981.5,988.45,12930,0
2026-05-29T14:30:00+05:30,988.3,994.05,986.1,987.15,10339,0
2026-05-29T14:45:00+05:30,987.2,993.9,985.0,991.9,11869,0
2026-05-29T15:00:00+05:30,991.05,992.05,965.0,976.05,161290,0
2026-05-29T15:15:00+05:30,976.35,983.4,961.3,961.35,149198,0
2026-06-01T09:15:00+05:30,972.0,978.5,937.25,938.0,22462,0
2026-06-01T09:30:00+05:30,938.0,948.35,933.8,945.8,12460,0
2026-06-01T09:45:00+05:30,944.8,951.4,944.8,947.35,7163,0
2026-06-01T10:00:00+05:30,947.0,947.95,945.45,946.2,3005,0
2026-06-01T10:15:00+05:30,945.7,947.2,938.3,945.35,14252,0
2026-06-01T10:30:00+05:30,946.65,949.2,945.15,948.6,3654,0
2026-06-01T10:45:00+05:30,949.45,952.0,947.5,951.85,4354,0
2026-06-01T11:00:00+05:30,951.4,957.9,951.35,956.85,3778,0
2026-06-01T11:15:00+05:30,956.85,959.5,956.1,956.6,9801,0
2026-06-01T11:30:00+05:30,956.2,956.85,951.75,955.65,2388,0
2026-06-01T11:45:00+05:30,956.15,957.7,952.15,953.05,3575,0
2026-06-01T12:00:00+05:30,953.45,953.7,953.0,953.1,2390,0
2026-06-01T12:15:00+05:30,953.1,953.35,947.0,947.95,4583,0
2026-06-01T12:30:00+05:30,947.4,949.3,947.0,948.05,488,0
2026-06-01T12:45:00+05:30,948.05,948.85,947.6,948.1,697,0
2026-06-01T13:00:00+05:30,948.35,949.7,947.45,948.0,3733,0
2026-06-01T13:15:00+05:30,948.0,949.1,943.15,946.75,2504,0
2026-06-01T13:30:00+05:30,946.75,946.75,941.05,941.3,6015,0
2026-06-01T13:45:00+05:30,941.0,941.45,936.65,939.2,4662,0
2026-06-01T14:00:00+05:30,938.5,939.9,937.2,938.0,2476,0
2026-06-01T14:15:00+05:30,938.0,941.35,936.6,938.5,5587,0
2026-06-01T14:30:00+05:30,938.55,944.25,938.0,942.2,5228,0
2026-06-01T14:45:00+05:30,941.95,943.8,938.0,938.0,3451,0
2026-06-01T15:00:00+05:30,938.0,938.65,920.85,923.1,19051,0
2026-06-01T15:15:00+05:30,923.1,939.0,923.1,925.0,8228,0
2026-06-02T09:15:00+05:30,929.05,933.6,911.45,931.0,3600,0
2026-06-02T09:30:00+05:30,931.25,931.8,924.5,927.2,1915,0
2026-06-02T09:45:00+05:30,928.25,932.85,927.05,931.1,1303,0
2026-06-02T10:00:00+05:30,930.0,932.0,926.5,930.65,3204,0
2026-06-02T10:15:00+05:30,930.9,936.35,928.05,935.75,1673,0
2026-06-02T10:30:00+05:30,934.7,936.0,930.05,933.9,4865,0
2026-06-02T10:45:00+05:30,933.75,933.75,927.8,930.05,1775,0
2026-06-02T11:00:00+05:30,930.0,931.0,928.05,930.0,2457,0
2026-06-02T11:15:00+05:30,930.35,930.9,927.45,930.9,3529,0
2026-06-02T11:30:00+05:30,931.65,933.0,927.45,929.75,2627,0
2026-06-02T11:45:00+05:30,929.75,930.3,927.8,927.8,1087,0
2026-06-02T12:00:00+05:30,927.8,929.9,927.8,929.3,909,0
2026-06-02T12:15:00+05:30,929.3,929.3,920.4,920.6,2221,0
2026-06-02T12:30:00+05:30,920.95,923.35,920.95,922.55,543,0
2026-06-02T12:45:00+05:30,922.6,930.45,922.6,929.0,1934,0
2026-06-02T13:00:00+05:30,929.0,932.25,926.35,927.25,1991,0
2026-06-02T13:15:00+05:30,928.3,932.95,927.05,932.95,3182,0
2026-06-02T13:30:00+05:30,933.0,934.0,929.0,929.65,3357,0
2026-06-02T13:45:00+05:30,929.65,933.15,929.6,931.8,2498,0
2026-06-02T14:00:00+05:30,932.5,933.0,931.05,931.4,382,0
2026-06-02T14:15:00+05:30,931.2,932.8,930.05,930.75,1169,0
2026-06-02T14:30:00+05:30,930.75,931.75,920.0,922.0,7143,0
2026-06-02T14:45:00+05:30,922.0,926.2,922.0,924.0,1716,0
2026-06-02T15:00:00+05:30,924.15,927.05,922.0,923.25,2578,0
2026-06-02T15:15:00+05:30,924.3,931.0,920.05,922.1,4818,0
2026-06-03T09:15:00+05:30,930.0,930.8,914.6,915.65,7849,0
2026-06-03T09:30:00+05:30,915.8,920.6,913.2,918.5,4113,0
2026-06-03T09:45:00+05:30,919.6,920.95,913.55,915.05,2420,0
2026-06-03T10:00:00+05:30,915.05,916.4,914.0,914.0,740,0
2026-06-03T10:15:00+05:30,915.0,920.95,914.05,918.95,1383,0
2026-06-03T10:30:00+05:30,918.1,923.3,915.1,922.0,3019,0
2026-06-03T10:45:00+05:30,922.5,924.15,914.05,920.45,5139,0
2026-06-03T11:00:00+05:30,919.05,919.75,914.0,914.1,2302,0
2026-06-03T11:15:00+05:30,913.8,919.0,913.5,917.0,2164,0
2026-06-03T11:30:00+05:30,916.95,921.0,916.95,918.7,2532,0
2026-06-03T11:45:00+05:30,919.0,920.0,915.0,915.0,2637,0
2026-06-03T12:00:00+05:30,915.0,915.8,913.4,914.4,2564,0
2026-06-03T12:15:00+05:30,914.7,916.5,913.3,916.5,797,0
2026-06-03T12:30:00+05:30,916.6,922.6,916.6,922.5,4121,0
2026-06-03T12:45:00+05:30,922.5,923.3,920.1,921.6,953,0
2026-06-03T13:00:00+05:30,921.6,923.95,921.0,923.95,7447,0
2026-06-03T13:15:00+05:30,923.95,928.3,923.4,927.25,3761,0
2026-06-03T13:30:00+05:30,926.85,928.95,924.1,924.45,3234,0
2026-06-03T13:45:00+05:30,924.45,928.45,924.3,925.0,3258,0
2026-06-03T14:00:00+05:30,925.0,927.35,924.2,925.2,2315,0
2026-06-03T14:15:00+05:30,925.15,929.85,924.85,928.95,5985,0
2026-06-03T14:30:00+05:30,928.5,930.25,927.0,929.3,2200,0
2026-06-03T14:45:00+05:30,929.3,930.8,927.5,929.75,1813,0
2026-06-03T15:00:00+05:30,929.75,929.75,925.0,925.6,2696,0
2026-06-03T15:15:00+05:30,925.9,929.25,923.85,923.85,5150,0
2026-06-04T09:15:00+05:30,926.75,928.0,917.2,919.75,9270,0
2026-06-04T09:30:00+05:30,920.15,921.05,915.3,917.8,6385,0
2026-06-04T09:45:00+05:30,917.8,924.55,917.0,921.0,4130,0
2026-06-04T10:00:00+05:30,921.0,925.65,919.95,924.0,3361,0
2026-06-04T10:15:00+05:30,923.25,924.1,921.25,921.65,2546,0
2026-06-04T10:30:00+05:30,921.8,921.8,917.3,918.6,8121,0
2026-06-04T10:45:00+05:30,918.55,923.1,918.2,920.5,3054,0
2026-06-04T11:00:00+05:30,920.55,920.55,917.0,917.25,2787,0
2026-06-04T11:15:00+05:30,917.8,917.8,916.75,917.15,1988,0
2026-06-04T11:30:00+05:30,917.0,920.0,917.0,918.75,3030,0
2026-06-04T11:45:00+05:30,918.75,918.75,917.0,917.0,2159,0
2026-06-04T12:00:00+05:30,917.0,917.95,916.5,917.0,2068,0
2026-06-04T12:15:00+05:30,917.0,919.0,917.0,917.25,2709,0
2026-06-04T12:30:00+05:30,917.35,918.7,917.0,917.05,1419,0
2026-06-04T12:45:00+05:30,917.05,917.05,913.5,914.3,6056,0
2026-06-04T13:00:00+05:30,914.3,915.1,912.7,912.7,3681,0
2026-06-04T13:15:00+05:30,912.7,913.55,910.0,911.05,5001,0
2026-06-04T13:30:00+05:30,910.55,912.35,910.0,910.3,2445,0
2026-06-04T13:45:00+05:30,910.85,910.85,903.0,904.55,8033,0
2026-06-04T14:00:00+05:30,904.75,907.35,904.1,905.2,5652,0
2026-06-04T14:15:00+05:30,905.2,906.5,904.1,904.35,5867,0
2026-06-04T14:30:00+05:30,904.25,906.9,904.0,906.15,8681,0
2026-06-04T14:45:00+05:30,906.2,908.35,903.55,906.15,9945,0
2026-06-04T15:00:00+05:30,906.2,907.0,905.4,906.45,10250,0
2026-06-04T15:15:00+05:30,906.05,908.8,906.0,908.8,14281,0
2026-06-05T09:15:00+05:30,917.75,923.6,912.35,917.6,4437,0
2026-06-05T09:30:00+05:30,918.2,920.05,913.4,920.05,2450,0
2026-06-05T09:45:00+05:30,920.05,926.0,918.2,919.05,3266,0
2026-06-05T10:00:00+05:30,919.05,921.15,916.05,919.8,1061,0
2026-06-05T10:15:00+05:30,920.25,921.1,916.25,916.7,720,0
2026-06-05T10:30:00+05:30,916.8,921.85,913.0,913.05,2213,0
2026-06-05T10:45:00+05:30,913.1,915.45,910.9,915.0,1288,0
2026-06-05T11:00:00+05:30,915.0,920.0,914.45,918.15,1354,0
2026-06-05T11:15:00+05:30,917.0,918.4,912.2,913.8,919,0
2026-06-05T11:30:00+05:30,913.8,915.15,912.65,913.95,875,0
2026-06-05T11:45:00+05:30,913.2,914.2,910.2,910.65,1419,0
2026-06-05T12:00:00+05:30,911.4,912.15,910.55,912.15,285,0
2026-06-05T12:15:00+05:30,912.35,912.6,910.5,910.6,797,0
2026-06-05T12:30:00+05:30,910.6,911.8,908.0,909.45,1444,0
2026-06-05T12:45:00+05:30,910.6,911.6,908.8,908.8,380,0
2026-06-05T13:00:00+05:30,908.9,911.0,907.1,908.45,1567,0
2026-06-05T13:15:00+05:30,907.4,908.45,906.45,907.5,615,0
2026-06-05T13:30:00+05:30,906.25,906.8,903.95,903.95,1356,0
2026-06-05T13:45:00+05:30,903.95,905.8,903.95,904.5,948,0
2026-06-05T14:00:00+05:30,905.6,906.1,904.35,905.2,588,0
2026-06-05T14:15:00+05:30,906.15,906.65,905.0,905.85,619,0
2026-06-05T14:30:00+05:30,906.55,908.5,905.05,906.05,1197,0
2026-06-05T14:45:00+05:30,907.65,908.7,905.15,905.5,1616,0
2026-06-05T15:00:00+05:30,905.55,910.0,905.1,906.55,1820,0
2026-06-05T15:15:00+05:30,906.55,914.5,903.8,906.0,7478,0
2026-06-08T09:15:00+05:30,905.1,905.1,893.85,897.65,4151,0
2026-06-08T09:30:00+05:30,897.25,898.2,891.05,891.05,4696,0
2026-06-08T09:45:00+05:30,891.6,896.45,891.05,895.85,2624,0
2026-06-08T10:00:00+05:30,896.0,897.95,894.0,896.25,1366,0
2026-06-08T10:15:00+05:30,896.0,897.0,893.0,893.7,2492,0
2026-06-08T10:30:00+05:30,893.65,901.25,893.6,899.65,4780,0
2026-06-08T10:45:00+05:30,899.0,899.1,896.05,898.0,1206,0
2026-06-08T11:00:00+05:30,898.0,902.1,898.0,900.15,3174,0
2026-06-08T11:15:00+05:30,900.25,900.65,896.2,896.55,1232,0
2026-06-08T11:30:00+05:30,896.35,899.0,896.35,898.0,648,0
2026-06-08T11:45:00+05:30,897.95,901.95,897.95,899.25,1171,0
2026-06-08T12:00:00+05:30,898.1,907.95,897.5,905.3,6243,0
2026-06-08T12:15:00+05:30,905.3,907.05,903.75,907.05,990,0
2026-06-08T12:30:00+05:30,905.9,916.95,905.9,911.55,12198,0
2026-06-08T12:45:00+05:30,911.5,914.0,910.0,913.25,2668,0
2026-06-08T13:00:00+05:30,913.15,914.0,906.0,906.05,3429,0
2026-06-08T13:15:00+05:30,906.1,907.4,901.65,905.75,8502,0
2026-06-08T13:30:00+05:30,906.3,913.05,905.0,910.05,8427,0
2026-06-08T13:45:00+05:30,909.6,912.75,909.25,911.45,2284,0
2026-06-08T14:00:00+05:30,912.05,912.75,910.0,910.85,560,0
2026-06-08T14:15:00+05:30,910.0,911.05,906.7,910.0,5623,0
2026-06-08T14:30:00+05:30,910.0,911.45,904.5,905.1,4583,0
2026-06-08T14:45:00+05:30,905.15,905.8,900.45,901.3,4128,0
2026-06-08T15:00:00+05:30,901.3,902.15,899.0,901.05,8513,0
2026-06-08T15:15:00+05:30,901.15,904.9,899.0,901.0,9835,0
2026-06-09T09:15:00+05:30,905.0,919.95,904.7,904.7,11697,0
2026-06-09T09:30:00+05:30,904.0,907.9,903.1,906.15,1666,0
2026-06-09T09:45:00+05:30,906.2,909.9,901.05,902.75,3574,0
2026-06-09T10:00:00+05:30,902.75,905.75,901.0,903.75,1087,0
2026-06-09T10:15:00+05:30,903.85,912.7,903.85,911.75,3234,0
2026-06-09T10:30:00+05:30,911.35,912.65,910.05,910.65,406,0
2026-06-09T10:45:00+05:30,910.75,913.5,910.05,912.6,1393,0
2026-06-09T11:00:00+05:30,912.95,915.15,912.6,912.65,776,0
2026-06-09T11:15:00+05:30,913.05,914.75,911.7,912.45,459,0
2026-06-09T11:30:00+05:30,911.7,914.1,909.9,912.0,1301,0
2026-06-09T11:45:00+05:30,911.65,917.4,911.3,915.15,1580,0
2026-06-09T12:00:00+05:30,914.35,915.45,912.15,913.5,1149,0
2026-06-09T12:15:00+05:30,913.5,916.0,912.55,915.65,1345,0
2026-06-09T12:30:00+05:30,914.5,915.55,912.5,912.5,258,0
2026-06-09T12:45:00+05:30,913.1,914.0,911.05,911.05,1296,0
2026-06-09T13:00:00+05:30,911.0,913.75,910.35,913.0,1823,0
2026-06-09T13:15:00+05:30,913.05,914.2,912.7,913.1,403,0
2026-06-09T13:30:00+05:30,913.1,913.3,911.25,912.65,419,0
2026-06-09T13:45:00+05:30,912.6,913.0,909.75,911.95,1270,0
2026-06-09T14:00:00+05:30,910.8,912.95,909.55,910.7,1241,0
2026-06-09T14:15:00+05:30,911.55,913.4,911.55,912.0,750,0
2026-06-09T14:30:00+05:30,912.0,912.65,910.15,911.5,604,0
2026-06-09T14:45:00+05:30,911.6,915.3,910.7,914.6,7390,0
2026-06-09T15:00:00+05:30,915.05,916.0,912.15,912.85,2299,0
2026-06-09T15:15:00+05:30,913.0,915.0,912.5,913.1,5984,0
2026-06-10T09:15:00+05:30,915.0,919.0,910.7,912.2,3767,0
2026-06-10T09:30:00+05:30,912.2,913.0,908.05,909.25,2009,0
2026-06-10T09:45:00+05:30,909.45,911.4,907.0,907.0,3397,0
2026-06-10T10:00:00+05:30,907.0,912.2,903.55,905.95,16855,0
2026-06-10T10:15:00+05:30,904.6,908.4,904.2,906.5,560,0
2026-06-10T10:30:00+05:30,906.05,908.85,904.65,906.25,1956,0
2026-06-10T10:45:00+05:30,906.55,908.65,906.15,908.15,766,0
2026-06-10T11:00:00+05:30,907.9,909.4,907.6,908.05,931,0
2026-06-10T11:15:00+05:30,908.1,910.8,908.1,909.0,1013,0
2026-06-10T11:30:00+05:30,909.1,910.65,907.0,907.85,796,0
2026-06-10T11:45:00+05:30,907.85,909.15,907.1,908.0,776,0
2026-06-10T12:00:00+05:30,907.9,909.95,907.3,907.85,767,0
2026-06-10T12:15:00+05:30,907.8,918.35,906.9,917.65,4993,0
2026-06-10T12:30:00+05:30,916.6,920.65,916.1,920.0,6151,0
2026-06-10T12:45:00+05:30,920.0,921.5,918.6,920.8,2020,0
2026-06-10T13:00:00+05:30,920.8,929.9,920.45,922.7,6621,0
2026-06-10T13:15:00+05:30,922.0,923.85,918.6,918.75,564,0
2026-06-10T13:30:00+05:30,918.7,919.15,915.7,917.45,1263,0
2026-06-10T13:45:00+05:30,916.85,920.5,915.05,915.05,2353,0
2026-06-10T14:00:00+05:30,915.0,920.8,915.0,920.0,1369,0
2026-06-10T14:15:00+05:30,919.0,920.8,918.0,919.05,1564,0
2026-06-10T14:30:00+05:30,919.05,919.95,916.5,916.7,1481,0
2026-06-10T14:45:00+05:30,916.95,918.9,916.95,918.35,538,0
2026-06-10T15:00:00+05:30,918.45,920.55,916.0,918.45,5156,0
2026-06-10T15:15:00+05:30,917.5,921.0,916.0,916.0,5145,0
2026-06-11T09:15:00+05:30,910.0,911.45,902.0,909.1,1594,0
2026-06-11T09:30:00+05:30,909.05,913.0,906.35,910.3,1471,0
2026-06-11T09:45:00+05:30,910.3,914.55,908.55,909.5,4519,0
2026-06-11T10:00:00+05:30,909.5,915.45,909.5,913.05,1376,0
2026-06-11T10:15:00+05:30,913.05,921.65,913.0,918.5,2532,0
2026-06-11T10:30:00+05:30,919.25,920.2,917.15,918.15,822,0
2026-06-11T10:45:00+05:30,918.0,918.1,911.4,912.2,1294,0
2026-06-11T11:00:00+05:30,911.75,914.7,911.5,912.45,2432,0
2026-06-11T11:15:00+05:30,911.85,915.0,911.8,913.55,587,0
2026-06-11T11:30:00+05:30,913.55,915.0,911.2,911.2,518,0
2026-06-11T11:45:00+05:30,911.3,920.45,911.3,912.0,6632,0
2026-06-11T12:00:00+05:30,911.7,916.05,908.0,909.25,4580,0
2026-06-11T12:15:00+05:30,908.75,909.65,907.4,908.3,1088,0
2026-06-11T12:30:00+05:30,907.55,908.65,907.15,907.8,656,0
2026-06-11T12:45:00+05:30,907.8,909.35,907.0,907.4,2003,0
2026-06-11T13:00:00+05:30,907.35,908.7,906.0,906.95,1552,0
2026-06-11T13:15:00+05:30,906.45,907.95,905.2,905.2,1205,0
2026-06-11T13:30:00+05:30,905.7,907.9,904.1,904.5,2833,0
2026-06-11T13:45:00+05:30,904.15,907.9,903.85,906.95,1946,0
2026-06-11T14:00:00+05:30,906.15,907.85,905.4,906.85,663,0
2026-06-11T14:15:00+05:30,905.65,908.8,904.2,908.15,661,0
2026-06-11T14:30:00+05:30,907.65,913.5,907.65,912.65,2372,0
2026-06-11T14:45:00+05:30,913.05,913.3,910.05,910.1,1351,0
2026-06-11T15:00:00+05:30,910.3,911.4,909.0,909.05,4348,0
2026-06-11T15:15:00+05:30,909.05,915.0,906.6,915.0,3633,0
2026-06-12T09:15:00+05:30,925.0,929.0,915.1,915.1,3843,0
2026-06-12T09:30:00+05:30,915.55,920.0,915.2,918.1,2366,0
2026-06-12T09:45:00+05:30,918.5,919.95,916.3,917.0,2114,0
2026-06-12T10:00:00+05:30,917.0,925.0,916.0,923.85,8135,0
2026-06-12T10:15:00+05:30,922.85,931.0,922.85,928.7,10801,0
2026-06-12T10:30:00+05:30,929.25,929.85,925.1,926.4,2301,0
2026-06-12T10:45:00+05:30,926.3,929.85,925.4,927.3,1744,0
2026-06-12T11:00:00+05:30,926.85,929.5,925.55,926.45,2241,0
2026-06-12T11:15:00+05:30,926.65,927.0,925.65,926.0,436,0
2026-06-12T11:30:00+05:30,926.0,928.2,925.25,927.55,2884,0
2026-06-12T11:45:00+05:30,926.4,928.45,924.05,924.05,2397,0
2026-06-12T12:00:00+05:30,924.0,925.9,923.1,924.3,811,0
2026-06-12T12:15:00+05:30,923.4,933.4,922.4,931.75,10302,0
2026-06-12T12:30:00+05:30,931.75,934.4,929.05,929.3,7733,0
2026-06-12T12:45:00+05:30,929.65,929.65,923.0,924.45,1082,0
2026-06-12T13:00:00+05:30,924.15,928.2,923.0,926.45,3446,0
2026-06-12T13:15:00+05:30,926.45,933.7,926.45,931.3,1404,0
2026-06-12T13:30:00+05:30,930.75,934.0,930.0,934.0,1619,0
2026-06-12T13:45:00+05:30,933.15,936.0,931.95,936.0,4623,0
2026-06-12T14:00:00+05:30,935.2,937.0,932.75,934.1,5631,0
2026-06-12T14:15:00+05:30,934.45,939.45,934.1,935.75,3455,0
2026-06-12T14:30:00+05:30,935.65,937.3,934.45,935.55,1181,0
2026-06-12T14:45:00+05:30,935.4,936.05,933.05,935.1,1987,0
2026-06-12T15:00:00+05:30,935.15,938.4,934.75,936.7,3405,0
2026-06-12T15:15:00+05:30,937.05,942.0,936.9,941.0,13433,0
2026-06-15T09:15:00+05:30,958.25,988.3,955.0,988.3,41150,0
2026-06-15T09:30:00+05:30,987.35,987.4,980.8,983.8,7277,0
2026-06-15T09:45:00+05:30,982.1,984.0,978.3,978.6,6343,0
2026-06-15T10:00:00+05:30,978.3,979.5,976.0,977.1,1955,0
2026-06-15T10:15:00+05:30,977.1,981.5,977.1,981.0,3208,0
2026-06-15T10:30:00+05:30,980.65,980.65,974.1,977.7,5336,0
2026-06-15T10:45:00+05:30,977.5,979.75,977.3,979.5,544,0
2026-06-15T11:00:00+05:30,978.55,981.5,978.55,981.35,1226,0
2026-06-15T11:15:00+05:30,980.0,981.5,979.25,979.25,917,0
2026-06-15T11:30:00+05:30,979.25,981.3,973.6,975.05,2892,0
2026-06-15T11:45:00+05:30,975.05,977.0,975.0,976.95,730,0
2026-06-15T12:00:00+05:30,976.0,977.15,975.0,975.65,1547,0
2026-06-15T12:15:00+05:30,975.7,977.2,975.0,975.0,1487,0
2026-06-15T12:30:00+05:30,975.45,981.55,975.0,979.2,3380,0
2026-06-15T12:45:00+05:30,978.5,980.45,977.3,978.45,593,0
2026-06-15T13:00:00+05:30,977.9,978.9,977.2,977.7,1034,0
2026-06-15T13:15:00+05:30,977.7,978.3,975.05,975.65,1151,0
2026-06-15T13:30:00+05:30,975.65,977.0,975.65,975.9,426,0
2026-06-15T13:45:00+05:30,975.75,977.0,975.05,976.5,471,0
2026-06-15T14:00:00+05:30,976.7,984.75,975.7,982.85,6749,0
2026-06-15T14:15:00+05:30,982.45,983.4,978.3,978.8,999,0
2026-06-15T14:30:00+05:30,978.8,980.7,975.8,979.0,2653,0
2026-06-15T14:45:00+05:30,979.0,979.4,975.0,975.55,2946,0
2026-06-15T15:00:00+05:30,975.85,978.4,974.9,977.15,4112,0
2026-06-15T15:15:00+05:30,977.25,986.05,975.6,978.4,20804,0
2026-06-16T09:15:00+05:30,979.95,998.85,975.6,988.6,20683,0
2026-06-16T09:30:00+05:30,989.15,990.0,985.25,986.65,2837,0
2026-06-16T09:45:00+05:30,986.2,988.9,984.7,986.25,2005,0
2026-06-16T10:00:00+05:30,986.05,992.25,986.05,990.0,3422,0
2026-06-16T10:15:00+05:30,990.0,991.85,988.0,988.4,1048,0
2026-06-16T10:30:00+05:30,988.1,991.8,988.1,988.5,1406,0
2026-06-16T10:45:00+05:30,988.55,990.35,987.1,988.15,1265,0
2026-06-16T11:00:00+05:30,988.05,990.0,987.0,988.8,1359,0
2026-06-16T11:15:00+05:30,989.0,989.6,986.35,988.55,1655,0
2026-06-16T11:30:00+05:30,988.25,989.05,986.1,988.2,1783,0
2026-06-16T11:45:00+05:30,988.3,990.25,986.8,988.0,2053,0
2026-06-16T12:00:00+05:30,988.15,989.7,987.1,988.65,5425,0
2026-06-16T12:15:00+05:30,988.65,990.45,985.4,988.1,5458,0
2026-06-16T12:30:00+05:30,988.0,989.5,986.45,988.7,2792,0
2026-06-16T12:45:00+05:30,988.35,991.55,988.0,990.75,3547,0
2026-06-16T13:00:00+05:30,990.4,993.4,989.85,992.5,1702,0
2026-06-16T13:15:00+05:30,992.5,993.0,990.2,992.1,1866,0
2026-06-16T13:30:00+05:30,992.1,993.0,990.55,991.5,2252,0
2026-06-16T13:45:00+05:30,991.35,992.6,990.55,991.45,783,0
2026-06-16T14:00:00+05:30,991.4,991.6,988.0,988.3,1416,0
2026-06-16T14:15:00+05:30,988.5,991.0,988.2,989.55,1631,0
2026-06-16T14:30:00+05:30,989.55,992.0,988.95,989.3,3352,0
2026-06-16T14:45:00+05:30,989.3,993.5,989.05,991.85,5427,0
2026-06-16T15:00:00+05:30,993.0,994.3,989.25,992.35,13778,0
2026-06-16T15:15:00+05:30,992.65,998.0,991.0,998.0,12495,0
2026-06-17T09:15:00+05:30,994.75,1010.0,993.4,1007.7,13839,0
2026-06-17T09:30:00+05:30,1007.0,1016.8,1007.0,1014.75,11527,0
2026-06-17T09:45:00+05:30,1013.45,1017.95,1008.0,1012.95,9599,0
2026-06-17T10:00:00+05:30,1011.25,1013.95,1007.1,1008.3,2627,0
2026-06-17T10:15:00+05:30,1007.15,1007.15,1001.4,1002.5,3679,0
2026-06-17T10:30:00+05:30,1002.5,1013.4,1001.25,1012.85,3513,0
2026-06-17T10:45:00+05:30,1011.6,1015.0,1010.05,1012.0,3470,0
2026-06-17T11:00:00+05:30,1012.0,1013.65,1007.35,1012.3,2540,0
2026-06-17T11:15:00+05:30,1012.3,1014.6,1011.0,1013.2,1570,0
2026-06-17T11:30:00+05:30,1013.05,1014.55,1011.75,1013.15,1224,0
2026-06-17T11:45:00+05:30,1013.15,1017.4,1013.15,1017.0,5469,0
2026-06-17T12:00:00+05:30,1016.6,1021.0,1015.6,1018.4,7527,0
2026-06-17T12:15:00+05:30,1017.65,1023.0,1015.65,1020.85,8186,0
2026-06-17T12:30:00+05:30,1020.8,1024.0,1020.0,1023.05,2643,0
2026-06-17T12:45:00+05:30,1023.4,1024.0,1019.2,1020.05,3090,0
2026-06-17T13:00:00+05:30,1020.05,1022.95,1020.0,1021.6,700,0
2026-06-17T13:15:00+05:30,1021.75,1022.85,1020.95,1021.35,3070,0
2026-06-17T13:30:00+05:30,1021.35,1032.0,1021.35,1032.0,6631,0
2026-06-17T13:45:00+05:30,1030.75,1031.0,1028.35,1030.35,4387,0
2026-06-17T14:00:00+05:30,1030.3,1037.7,1030.0,1033.0,6640,0
2026-06-17T14:15:00+05:30,1033.45,1036.95,1032.5,1034.35,2702,0
2026-06-17T14:30:00+05:30,1034.35,1035.15,1032.5,1033.9,1922,0
2026-06-17T14:45:00+05:30,1033.8,1035.0,1031.0,1031.95,5211,0
2026-06-17T15:00:00+05:30,1031.95,1035.0,1031.8,1032.55,5454,0
2026-06-17T15:15:00+05:30,1032.5,1037.65,1031.25,1035.0,7778,0
2026-06-18T09:15:00+05:30,1033.1,1044.35,1025.05,1039.65,9602,0
2026-06-18T09:30:00+05:30,1038.95,1046.9,1037.7,1040.95,3416,0
2026-06-18T09:45:00+05:30,1040.45,1042.3,1039.45,1040.35,2761,0
2026-06-18T10:00:00+05:30,1040.2,1047.0,1039.0,1040.75,7044,0
2026-06-18T10:15:00+05:30,1040.8,1042.8,1039.2,1039.2,1492,0
2026-06-18T10:30:00+05:30,1039.2,1039.2,1031.8,1033.7,1997,0
2026-06-18T10:45:00+05:30,1033.25,1036.0,1032.2,1032.65,869,0
2026-06-18T11:00:00+05:30,1032.3,1033.2,1028.25,1028.25,1522,0
2026-06-18T11:15:00+05:30,1028.25,1033.95,1028.2,1028.65,2835,0
2026-06-18T11:30:00+05:30,1028.75,1029.45,1021.0,1023.6,6750,0
2026-06-18T11:45:00+05:30,1023.65,1024.45,1021.6,1023.0,1051,0
2026-06-18T12:00:00+05:30,1023.0,1025.4,1023.0,1023.0,459,0
2026-06-18T12:15:00+05:30,1023.0,1024.8,1022.4,1024.25,686,0
2026-06-18T12:30:00+05:30,1024.25,1028.05,1023.2,1023.8,1970,0
2026-06-18T12:45:00+05:30,1023.8,1025.9,1023.8,1024.5,614,0
2026-06-18T13:00:00+05:30,1024.6,1025.55,1022.05,1022.55,1524,0
2026-06-18T13:15:00+05:30,1023.15,1024.35,1022.7,1022.85,579,0
2026-06-18T13:30:00+05:30,1022.85,1025.15,1022.0,1022.8,434,0
2026-06-18T13:45:00+05:30,1022.8,1024.55,1021.55,1021.55,2082,0
2026-06-18T14:00:00+05:30,1022.0,1023.2,1020.3,1021.55,651,0
2026-06-18T14:15:00+05:30,1021.55,1026.0,1020.7,1024.4,3888,0
2026-06-18T14:30:00+05:30,1025.15,1032.9,1023.25,1028.5,5600,0
2026-06-18T14:45:00+05:30,1028.8,1034.95,1028.05,1031.2,2293,0
2026-06-18T15:00:00+05:30,1031.15,1035.0,1030.15,1031.05,3551,0
2026-06-18T15:15:00+05:30,1033.15,1036.05,1027.45,1027.95,5053,0
2026-06-19T09:15:00+05:30,1028.15,1033.0,1022.05,1025.2,4961,0
2026-06-19T09:30:00+05:30,1025.6,1026.15,1022.0,1023.9,1698,0
2026-06-19T09:45:00+05:30,1023.95,1024.1,1015.55,1022.8,4008,0
2026-06-19T10:00:00+05:30,1022.7,1031.0,1022.4,1027.7,2390,0
2026-06-19T10:15:00+05:30,1027.9,1035.0,1016.8,1031.05,18163,0
2026-06-19T10:30:00+05:30,1031.35,1033.05,1025.55,1028.45,2781,0
2026-06-19T10:45:00+05:30,1028.3,1029.0,1020.6,1022.3,2243,0
2026-06-19T11:00:00+05:30,1022.25,1024.55,1019.85,1022.9,2190,0
2026-06-19T11:15:00+05:30,1022.9,1023.9,1020.0,1022.3,1622,0
2026-06-19T11:30:00+05:30,1021.4,1026.0,1021.2,1022.7,663,0
2026-06-19T11:45:00+05:30,1021.8,1023.0,1019.0,1021.4,756,0
2026-06-19T12:00:00+05:30,1021.4,1025.15,1021.4,1023.75,1984,0
2026-06-19T12:15:00+05:30,1023.6,1024.75,1020.3,1020.3,1210,0
2026-06-19T12:30:00+05:30,1020.5,1024.55,1020.5,1022.55,1444,0
2026-06-19T12:45:00+05:30,1022.75,1025.35,1022.55,1022.75,294,0
2026-06-19T13:00:00+05:30,1022.75,1022.75,1020.35,1020.45,1311,0
2026-06-19T13:15:00+05:30,1020.5,1020.5,1015.9,1017.85,1161,0
2026-06-19T13:30:00+05:30,1017.7,1021.85,1017.7,1020.35,661,0
2026-06-19T13:45:00+05:30,1020.15,1021.55,1019.75,1021.15,484,0
2026-06-19T14:00:00+05:30,1020.6,1020.8,1019.3,1019.7,153,0
2026-06-19T14:15:00+05:30,1019.9,1020.6,1012.3,1015.2,1276,0
2026-06-19T14:30:00+05:30,1015.75,1027.15,1015.35,1027.15,4994,0
2026-06-19T14:45:00+05:30,1027.15,1028.15,1022.0,1022.0,2541,0
2026-06-19T15:00:00+05:30,1022.0,1028.5,1021.8,1024.0,3951,0
2026-06-19T15:15:00+05:30,1024.1,1034.05,1024.1,1029.95,4810,0
2026-06-22T09:15:00+05:30,1026.8,1040.0,1024.75,1040.0,4009,0
2026-06-22T09:30:00+05:30,1039.4,1041.15,1036.6,1038.75,2315,0
2026-06-22T09:45:00+05:30,1040.0,1040.85,1038.9,1040.85,1609,0
2026-06-22T10:00:00+05:30,1040.2,1044.9,1039.5,1041.4,3621,0
2026-06-22T10:15:00+05:30,1041.35,1043.0,1040.0,1040.9,968,0
2026-06-22T10:30:00+05:30,1042.0,1042.0,1035.3,1035.55,939,0
2026-06-22T10:45:00+05:30,1036.6,1037.25,1034.2,1036.2,834,0
2026-06-22T11:00:00+05:30,1036.15,1037.0,1032.45,1032.7,822,0
2026-06-22T11:15:00+05:30,1032.7,1033.65,1030.0,1032.2,582,0
2026-06-22T11:30:00+05:30,1032.8,1039.1,1032.0,1039.1,2096,0
2026-06-22T11:45:00+05:30,1039.1,1042.85,1035.0,1036.2,5504,0
2026-06-22T12:00:00+05:30,1036.2,1036.2,1032.25,1034.0,448,0
2026-06-22T12:15:00+05:30,1034.0,1036.55,1032.9,1032.9,432,0
2026-06-22T12:30:00+05:30,1032.9,1034.05,1032.8,1033.25,309,0
2026-06-22T12:45:00+05:30,1033.25,1043.0,1033.25,1040.5,8245,0
2026-06-22T13:00:00+05:30,1041.8,1042.5,1038.1,1040.0,4332,0
2026-06-22T13:15:00+05:30,1039.25,1040.0,1038.95,1039.75,1403,0
2026-06-22T13:30:00+05:30,1039.75,1040.5,1039.15,1039.15,488,0
2026-06-22T13:45:00+05:30,1039.15,1040.0,1038.85,1039.4,473,0
2026-06-22T14:00:00+05:30,1038.95,1040.45,1037.05,1039.65,1304,0
2026-06-22T14:15:00+05:30,1039.65,1040.0,1037.05,1039.0,888,0
2026-06-22T14:30:00+05:30,1038.3,1038.9,1035.05,1035.1,902,0
2026-06-22T14:45:00+05:30,1035.15,1036.0,1032.2,1033.3,1596,0
2026-06-22T15:00:00+05:30,1033.35,1037.7,1033.1,1034.7,1890,0
2026-06-22T15:15:00+05:30,1035.55,1038.4,1032.1,1032.1,3589,0
2026-06-23T09:15:00+05:30,1035.7,1045.0,1032.1,1041.0,4368,0
2026-06-23T09:30:00+05:30,1040.25,1058.45,1039.9,1058.45,11088,0
2026-06-23T09:45:00+05:30,1058.5,1066.0,1058.0,1059.9,14474,0
2026-06-23T10:00:00+05:30,1061.0,1062.05,1057.5,1059.5,3767,0
2026-06-23T10:15:00+05:30,1059.5,1059.5,1051.35,1052.9,4612,0
2026-06-23T10:30:00+05:30,1052.85,1057.8,1052.5,1056.75,2377,0
2026-06-23T10:45:00+05:30,1056.35,1063.0,1054.2,1056.5,3289,0
2026-06-23T11:00:00+05:30,1056.85,1058.0,1053.05,1053.05,1308,0
2026-06-23T11:15:00+05:30,1052.5,1052.5,1041.25,1041.45,2534,0
2026-06-23T11:30:00+05:30,1042.3,1042.9,1038.0,1038.0,940,0
2026-06-23T11:45:00+05:30,1038.45,1038.8,1035.0,1036.0,938,0
2026-06-23T12:00:00+05:30,1036.0,1037.25,1031.05,1037.25,1777,0
2026-06-23T12:15:00+05:30,1037.25,1045.0,1035.0,1043.15,6455,0
2026-06-23T12:30:00+05:30,1043.15,1044.85,1041.85,1043.4,673,0
2026-06-23T12:45:00+05:30,1043.4,1044.35,1038.0,1040.7,806,0
2026-06-23T13:00:00+05:30,1040.7,1040.9,1038.0,1038.85,242,0
2026-06-23T13:15:00+05:30,1038.5,1050.25,1038.4,1046.6,5232,0
2026-06-23T13:30:00+05:30,1046.6,1046.6,1041.0,1041.65,537,0
2026-06-23T13:45:00+05:30,1041.65,1042.8,1040.9,1041.15,429,0
2026-06-23T14:00:00+05:30,1040.75,1043.3,1039.95,1041.05,1596,0
2026-06-23T14:15:00+05:30,1041.1,1042.0,1039.55,1040.85,1378,0
2026-06-23T14:30:00+05:30,1040.95,1043.15,1038.05,1040.55,1590,0
2026-06-23T14:45:00+05:30,1040.5,1047.4,1036.75,1046.0,1675,0
2026-06-23T15:00:00+05:30,1045.85,1046.0,1034.1,1039.1,6083,0
2026-06-23T15:15:00+05:30,1041.15,1041.45,1035.3,1041.0,6670,0
2026-06-24T09:15:00+05:30,1035.6,1040.85,1035.6,1036.45,10032,0
2026-06-24T09:30:00+05:30,1036.45,1039.85,1036.15,1039.3,2932,0
2026-06-24T09:45:00+05:30,1039.25,1039.65,1035.35,1037.65,3497,0
2026-06-24T10:00:00+05:30,1037.15,1039.8,1036.75,1038.75,4264,0
2026-06-24T10:15:00+05:30,1038.75,1038.75,1033.0,1034.5,3139,0
2026-06-24T10:30:00+05:30,1034.5,1036.0,1033.5,1034.3,565,0
2026-06-24T10:45:00+05:30,1034.0,1035.1,1033.6,1034.25,1022,0
2026-06-24T11:00:00+05:30,1034.2,1036.2,1033.75,1035.1,997,0
2026-06-24T11:15:00+05:30,1035.2,1035.25,1033.4,1034.0,3370,0
2026-06-24T11:30:00+05:30,1034.0,1042.0,1033.0,1041.9,3104,0
2026-06-24T11:45:00+05:30,1042.0,1050.35,1039.7,1050.0,3659,0
2026-06-24T12:00:00+05:30,1050.0,1055.0,1045.15,1046.25,4946,0
2026-06-24T12:15:00+05:30,1046.75,1051.2,1046.45,1050.0,2637,0
2026-06-24T12:30:00+05:30,1050.05,1051.0,1048.5,1050.35,429,0
2026-06-24T12:45:00+05:30,1050.35,1051.0,1050.0,1051.0,159,0
2026-06-24T13:00:00+05:30,1050.55,1052.9,1050.3,1052.9,515,0
2026-06-24T13:15:00+05:30,1052.1,1055.3,1051.35,1054.3,4224,0
2026-06-24T13:30:00+05:30,1054.3,1055.3,1053.65,1055.2,713,0
2026-06-24T13:45:00+05:30,1055.2,1055.75,1053.5,1055.6,906,0
2026-06-24T14:00:00+05:30,1055.5,1063.65,1055.0,1063.05,6722,0
2026-06-24T14:15:00+05:30,1063.1,1064.65,1060.65,1062.5,1818,0
2026-06-24T14:30:00+05:30,1062.6,1062.6,1060.15,1061.3,1209,0
2026-06-24T14:45:00+05:30,1061.2,1062.85,1059.7,1059.9,1658,0
2026-06-24T15:00:00+05:30,1059.95,1065.0,1059.85,1064.4,5571,0
2026-06-24T15:15:00+05:30,1063.25,1068.8,1061.0,1064.0,11493,0
2026-06-25T09:15:00+05:30,1070.0,1085.85,1064.0,1065.3,13882,0
2026-06-25T09:30:00+05:30,1065.6,1068.45,1060.5,1060.5,13484,0
2026-06-25T09:45:00+05:30,1060.1,1067.6,1058.4,1062.7,10704,0
2026-06-25T10:00:00+05:30,1062.35,1062.35,1058.05,1058.8,2393,0
2026-06-25T10:15:00+05:30,1058.8,1082.25,1058.05,1082.25,13445,0
2026-06-25T10:30:00+05:30,1081.25,1083.6,1074.55,1076.7,4280,0
2026-06-25T10:45:00+05:30,1076.3,1081.9,1075.1,1081.85,2993,0
2026-06-25T11:00:00+05:30,1080.9,1090.0,1080.75,1086.4,9290,0
2026-06-25T11:15:00+05:30,1085.6,1086.0,1081.1,1084.35,2513,0
2026-06-25T11:30:00+05:30,1083.5,1085.95,1082.5,1085.45,1736,0
2026-06-25T11:45:00+05:30,1084.7,1085.1,1081.1,1084.15,2073,0
2026-06-25T12:00:00+05:30,1084.15,1087.6,1082.25,1084.3,2690,0
2026-06-25T12:15:00+05:30,1084.3,1085.6,1080.0,1082.0,2854,0
2026-06-25T12:30:00+05:30,1081.05,1090.0,1078.55,1086.1,6276,0
2026-06-25T12:45:00+05:30,1085.45,1088.45,1079.7,1083.8,4074,0
2026-06-25T13:00:00+05:30,1084.15,1085.4,1082.7,1083.35,1564,0
2026-06-25T13:15:00+05:30,1083.35,1085.75,1083.35,1083.45,822,0
2026-06-25T13:30:00+05:30,1083.45,1084.35,1082.35,1083.0,1171,0
2026-06-25T13:45:00+05:30,1084.2,1084.95,1082.2,1082.2,455,0
2026-06-25T14:00:00+05:30,1082.2,1082.95,1080.95,1081.3,2228,0
2026-06-25T14:15:00+05:30,1081.3,1081.3,1078.15,1081.3,881,0
2026-06-25T14:30:00+05:30,1080.7,1084.5,1080.7,1081.45,3718,0
2026-06-25T14:45:00+05:30,1081.7,1084.55,1079.8,1083.35,1851,0
2026-06-25T15:00:00+05:30,1083.35,1087.9,1083.05,1084.45,3826,0
2026-06-25T15:15:00+05:30,1084.95,1088.0,1081.0,1085.0,8907,0
2026-06-29T09:15:00+05:30,1087.5,1096.0,1080.9,1090.9,7155,0
2026-06-29T09:30:00+05:30,1090.0,1099.0,1089.5,1096.1,11901,0
2026-06-29T09:45:00+05:30,1096.1,1096.2,1087.0,1094.7,8505,0
2026-06-29T10:00:00+05:30,1094.75,1096.1,1091.0,1094.7,8498,0
2026-06-29T10:15:00+05:30,1094.75,1097.95,1090.75,1097.65,4225,0
2026-06-29T10:30:00+05:30,1097.0,1099.0,1094.5,1095.5,9406,0
2026-06-29T10:45:00+05:30,1095.55,1104.5,1095.55,1101.25,9369,0
2026-06-29T11:00:00+05:30,1101.45,1102.3,1099.6,1100.6,1105,0
2026-06-29T11:15:00+05:30,1101.15,1104.0,1100.15,1103.5,2071,0
2026-06-29T11:30:00+05:30,1103.55,1104.95,1100.0,1102.0,1672,0
2026-06-29T11:45:00+05:30,1101.95,1103.3,1100.0,1102.15,3625,0
2026-06-29T12:00:00+05:30,1102.15,1102.5,1099.75,1102.0,1731,0
2026-06-29T12:15:00+05:30,1101.95,1102.35,1099.75,1100.85,3360,0
2026-06-29T12:30:00+05:30,1100.85,1102.15,1098.35,1100.4,4099,0
2026-06-29T12:45:00+05:30,1101.3,1101.4,1097.3,1098.65,1835,0
2026-06-29T13:00:00+05:30,1098.65,1098.7,1094.95,1095.5,1549,0
2026-06-29T13:15:00+05:30,1095.5,1099.15,1092.85,1098.9,4090,0
2026-06-29T13:30:00+05:30,1098.4,1098.7,1097.1,1097.1,480,0
2026-06-29T13:45:00+05:30,1097.2,1099.5,1097.15,1099.5,1204,0
2026-06-29T14:00:00+05:30,1099.5,1099.75,1089.0,1092.4,8711,0
2026-06-29T14:15:00+05:30,1092.3,1092.3,1085.75,1089.55,3350,0
2026-06-29T14:30:00+05:30,1089.55,1090.2,1087.9,1089.1,2374,0
2026-06-29T14:45:00+05:30,1088.45,1098.45,1088.3,1094.15,4791,0
2026-06-29T15:00:00+05:30,1094.15,1094.9,1090.8,1093.35,1779,0
2026-06-29T15:15:00+05:30,1092.65,1098.5,1087.8,1087.8,11949,0
2026-06-30T09:15:00+05:30,1089.9,1101.0,1089.9,1099.7,7597,0
2026-06-30T09:30:00+05:30,1100.7,1104.15,1099.1,1099.9,3966,0
2026-06-30T09:45:00+05:30,1099.75,1101.85,1098.6,1101.6,1391,0
2026-06-30T10:00:00+05:30,1101.5,1101.9,1098.1,1099.55,1512,0
2026-06-30T10:15:00+05:30,1098.0,1100.5,1096.1,1100.45,102890,0
2026-06-30T10:30:00+05:30,1100.45,1100.85,1099.05,1099.85,611,0
2026-06-30T10:45:00+05:30,1100.05,1100.2,1098.0,1099.5,789,0
2026-06-30T11:00:00+05:30,1099.25,1100.0,1096.15,1099.35,8599,0
2026-06-30T11:15:00+05:30,1099.35,1100.35,1085.0,1085.0,9829,0
2026-06-30T11:30:00+05:30,1083.8,1084.1,1075.3,1076.15,6299,0
2026-06-30T11:45:00+05:30,1076.15,1078.0,1068.25,1071.1,6248,0
2026-06-30T12:00:00+05:30,1071.1,1071.1,1065.25,1067.2,1805,0
2026-06-30T12:15:00+05:30,1067.15,1072.75,1067.0,1071.0,1588,0
2026-06-30T12:30:00+05:30,1070.9,1072.6,1063.0,1063.75,5102,0
2026-06-30T12:45:00+05:30,1062.7,1064.1,1058.05,1059.2,6889,0
2026-06-30T13:00:00+05:30,1059.2,1061.35,1053.25,1060.8,4575,0
2026-06-30T13:15:00+05:30,1060.4,1060.45,1056.75,1057.25,642,0
2026-06-30T13:30:00+05:30,1057.45,1061.0,1057.45,1059.85,2109,0
2026-06-30T13:45:00+05:30,1060.35,1060.45,1055.15,1055.8,1320,0
2026-06-30T14:00:00+05:30,1055.85,1058.1,1054.3,1056.8,2923,0
2026-06-30T14:15:00+05:30,1056.15,1058.6,1054.0,1056.15,808,0
2026-06-30T14:30:00+05:30,1056.15,1059.75,1053.75,1059.75,3449,0
2026-06-30T14:45:00+05:30,1058.5,1062.65,1058.1,1062.0,1844,0
2026-06-30T15:00:00+05:30,1061.7,1064.65,1060.6,1061.6,5396,0
2026-06-30T15:15:00+05:30,1061.5,1066.75,1060.1,1066.0,5582,0
2026-07-01T09:15:00+05:30,1067.2,1084.0,1055.0,1055.0,4087,0
2026-07-01T09:30:00+05:30,1056.2,1057.2,1047.1,1047.1,3727,0
2026-07-01T09:45:00+05:30,1048.0,1057.6,1047.7,1056.4,1816,0
2026-07-01T10:00:00+05:30,1056.4,1070.0,1055.4,1063.3,6941,0
2026-07-01T10:15:00+05:30,1063.5,1067.4,1061.7,1063.8,2767,0
2026-07-01T10:30:00+05:30,1063.8,1065.5,1060.0,1060.8,2363,0
2026-07-01T10:45:00+05:30,1060.8,1067.9,1060.5,1061.5,2458,0
2026-07-01T11:00:00+05:30,1061.5,1062.6,1056.2,1056.3,4070,0
2026-07-01T11:15:00+05:30,1055.9,1055.9,1052.2,1052.3,848,0
2026-07-01T11:30:00+05:30,1052.2,1052.3,1050.0,1051.0,768,0
2026-07-01T11:45:00+05:30,1050.4,1055.2,1050.0,1052.2,732,0
2026-07-01T12:00:00+05:30,1052.1,1054.4,1052.1,1053.5,1118,0
2026-07-01T12:15:00+05:30,1054.0,1054.0,1050.2,1051.2,1280,0
2026-07-01T12:30:00+05:30,1051.2,1052.3,1050.4,1051.1,305,0
2026-07-01T12:45:00+05:30,1050.2,1052.7,1050.0,1051.3,480,0
2026-07-01T13:00:00+05:30,1051.3,1051.5,1050.0,1050.6,1601,0
2026-07-01T13:15:00+05:30,1050.0,1052.7,1049.0,1049.0,1019,0
2026-07-01T13:30:00+05:30,1049.0,1049.0,1046.6,1046.6,1502,0
2026-07-01T13:45:00+05:30,1046.7,1049.2,1046.0,1046.7,2523,0
2026-07-01T14:00:00+05:30,1047.0,1047.5,1045.2,1046.5,1321,0
2026-07-01T14:15:00+05:30,1046.5,1047.7,1045.0,1046.6,744,0
2026-07-01T14:30:00+05:30,1047.4,1047.7,1038.0,1038.0,2314,0
2026-07-01T14:45:00+05:30,1038.6,1039.9,1038.0,1038.1,1475,0
2026-07-01T15:00:00+05:30,1039.0,1040.0,1038.5,1038.6,7262,0
2026-07-01T15:15:00+05:30,1038.8,1049.9,1038.1,1049.9,4877,0
2026-07-02T09:15:00+05:30,1048.9,1048.9,1033.0,1039.5,10860,0
2026-07-02T09:30:00+05:30,1041.2,1043.1,1038.7,1039.0,500,0
2026-07-02T09:45:00+05:30,1038.2,1038.6,1027.6,1034.4,4299,0
2026-07-02T10:00:00+05:30,1034.4,1046.7,1032.2,1045.3,3843,0
2026-07-02T10:15:00+05:30,1045.5,1050.3,1044.0,1049.8,4140,0
2026-07-02T10:30:00+05:30,1049.8,1052.0,1047.6,1048.8,1936,0
2026-07-02T10:45:00+05:30,1048.6,1049.4,1046.6,1047.9,524,0
2026-07-02T11:00:00+05:30,1047.4,1047.9,1045.1,1046.0,238,0
2026-07-02T11:15:00+05:30,1046.0,1046.8,1044.4,1045.9,566,0
2026-07-02T11:30:00+05:30,1045.9,1049.7,1044.1,1045.5,641,0
2026-07-02T11:45:00+05:30,1045.1,1045.6,1043.9,1044.6,208,0
2026-07-02T12:00:00+05:30,1045.5,1045.5,1043.8,1044.3,186,0
2026-07-02T12:15:00+05:30,1044.3,1045.8,1043.0,1045.0,880,0
2026-07-02T12:30:00+05:30,1045.0,1045.0,1043.5,1043.5,187,0
2026-07-02T12:45:00+05:30,1043.5,1045.3,1041.0,1041.7,1438,0
2026-07-02T13:00:00+05:30,1041.7,1044.5,1041.7,1042.9,339,0
2026-07-02T13:15:00+05:30,1041.8,1043.4,1041.8,1042.0,374,0
2026-07-02T13:30:00+05:30,1042.1,1042.5,1037.9,1037.9,1726,0
2026-07-02T13:45:00+05:30,1038.2,1042.5,1036.4,1040.9,2000,0
2026-07-02T14:00:00+05:30,1040.9,1044.2,1040.3,1043.0,1710,0
2026-07-02T14:15:00+05:30,1043.2,1046.6,1042.7,1045.4,1061,0
2026-07-02T14:30:00+05:30,1045.4,1047.6,1043.1,1045.8,2459,0
2026-07-02T14:45:00+05:30,1045.9,1047.2,1045.6,1046.7,622,0
2026-07-02T15:00:00+05:30,1045.6,1048.5,1045.5,1046.5,741,0
2026-07-02T15:15:00+05:30,1046.5,1053.8,1042.3,1052.9,2962,0
2026-07-03T09:15:00+05:30,1057.1,1064.5,1042.5,1044.1,2802,0
2026-07-03T09:30:00+05:30,1042.9,1053.6,1041.5,1052.5,2833,0
2026-07-03T09:45:00+05:30,1051.2,1053.9,1050.1,1051.4,1252,0
2026-07-03T10:00:00+05:30,1051.4,1051.4,1048.0,1048.4,891,0
2026-07-03T10:15:00+05:30,1048.4,1049.0,1045.3,1046.0,760,0
2026-07-03T10:30:00+05:30,1046.0,1048.9,1045.5,1045.5,689,0
2026-07-03T10:45:00+05:30,1045.5,1047.4,1045.5,1046.6,486,0
2026-07-03T11:00:00+05:30,1046.5,1054.4,1046.0,1051.6,2623,0
2026-07-03T11:15:00+05:30,1051.8,1054.8,1050.0,1050.0,996,0
2026-07-03T11:30:00+05:30,1051.6,1053.5,1050.1,1051.0,407,0
2026-07-03T11:45:00+05:30,1051.0,1051.3,1044.0,1045.2,5911,0
2026-07-03T12:00:00+05:30,1045.6,1049.9,1045.4,1049.1,12777,0
2026-07-03T12:15:00+05:30,1048.0,1048.6,1046.0,1046.0,408,0
2026-07-03T12:30:00+05:30,1046.0,1050.1,1044.8,1049.8,1632,0
2026-07-03T12:45:00+05:30,1049.8,1051.3,1048.0,1050.3,513,0
2026-07-03T13:00:00+05:30,1050.8,1051.9,1050.0,1050.1,513,0
2026-07-03T13:15:00+05:30,1050.1,1052.0,1050.0,1050.3,325,0
2026-07-03T13:30:00+05:30,1050.3,1050.9,1048.6,1050.0,310,0
2026-07-03T13:45:00+05:30,1049.2,1050.2,1048.9,1049.5,380,0
2026-07-03T14:00:00+05:30,1049.5,1051.3,1048.7,1050.3,398,0
2026-07-03T14:15:00+05:30,1049.0,1051.0,1048.1,1051.0,871,0
2026-07-03T14:30:00+05:30,1050.6,1050.6,1049.2,1050.0,664,0
2026-07-03T14:45:00+05:30,1050.0,1051.7,1049.3,1049.9,658,0
2026-07-03T15:00:00+05:30,1049.8,1056.4,1049.5,1054.3,2814,0
2026-07-03T15:15:00+05:30,1055.7,1061.0,1052.1,1056.5,6102,0
2026-07-06T09:15:00+05:30,1048.1,1076.0,1046.0,1070.5,10442,0
2026-07-06T09:30:00+05:30,1070.3,1072.3,1069.2,1072.3,1589,0
2026-07-06T09:45:00+05:30,1072.4,1073.5,1070.6,1070.9,1089,0
2026-07-06T10:00:00+05:30,1070.9,1071.7,1068.1,1070.2,1267,0
2026-07-06T10:15:00+05:30,1070.2,1070.5,1068.0,1070.0,1557,0
2026-07-06T10:30:00+05:30,1070.0,1072.0,1065.7,1070.8,1619,0
2026-07-06T10:45:00+05:30,1071.0,1074.9,1070.0,1071.0,3057,0
2026-07-06T11:00:00+05:30,1071.0,1071.9,1070.0,1070.1,800,0
2026-07-06T11:15:00+05:30,1071.4,1071.8,1070.0,1070.0,331,0
2026-07-06T11:30:00+05:30,1070.0,1071.1,1070.0,1070.9,556,0
2026-07-06T11:45:00+05:30,1070.9,1071.9,1069.9,1071.9,562,0
2026-07-06T12:00:00+05:30,1071.9,1075.0,1071.1,1073.1,1978,0
2026-07-06T12:15:00+05:30,1073.1,1078.0,1073.1,1077.2,3885,0
2026-07-06T12:30:00+05:30,1077.2,1077.3,1073.0,1073.0,308,0
2026-07-06T12:45:00+05:30,1073.0,1076.0,1072.6,1072.6,452,0
2026-07-06T13:00:00+05:30,1072.6,1074.1,1071.7,1073.4,761,0
2026-07-06T13:15:00+05:30,1073.4,1075.4,1070.0,1074.7,8368,0
2026-07-06T13:30:00+05:30,1074.0,1074.0,1071.7,1073.0,249,0
2026-07-06T13:45:00+05:30,1073.1,1075.8,1072.8,1072.8,605,0
2026-07-06T14:00:00+05:30,1073.9,1075.9,1072.8,1074.2,571,0
2026-07-06T14:15:00+05:30,1074.2,1075.1,1074.0,1074.5,321,0
2026-07-06T14:30:00+05:30,1074.4,1076.0,1073.1,1074.0,711,0
2026-07-06T14:45:00+05:30,1074.0,1076.8,1073.6,1075.0,1156,0
2026-07-06T15:00:00+05:30,1075.3,1077.0,1073.6,1076.1,1067,0
2026-07-06T15:15:00+05:30,1075.8,1080.0,1070.1,1075.0,5864,0
2026-07-07T09:15:00+05:30,1077.0,1077.0,1068.7,1075.5,4224,0
2026-07-07T09:30:00+05:30,1075.4,1076.4,1072.5,1074.6,1660,0
2026-07-07T09:45:00+05:30,1075.5,1077.4,1074.4,1074.5,857,0
2026-07-07T10:00:00+05:30,1074.5,1076.4,1069.7,1072.7,1142,0
2026-07-07T10:15:00+05:30,1072.9,1073.9,1070.9,1073.9,968,0
2026-07-07T10:30:00+05:30,1073.9,1076.0,1070.2,1074.8,3788,0
2026-07-07T10:45:00+05:30,1074.8,1075.8,1073.1,1075.0,1231,0
2026-07-07T11:00:00+05:30,1075.2,1075.2,1074.1,1075.0,509,0
2026-07-07T11:15:00+05:30,1075.0,1075.1,1074.5,1074.8,194,0
2026-07-07T11:30:00+05:30,1074.6,1075.1,1073.6,1073.9,230,0
2026-07-07T11:45:00+05:30,1073.9,1074.4,1071.4,1072.0,334,0
2026-07-07T12:00:00+05:30,1072.0,1072.0,1068.5,1068.5,3910,0
2026-07-07T12:15:00+05:30,1068.2,1068.2,1064.0,1064.3,532,0
2026-07-07T12:30:00+05:30,1065.3,1065.3,1061.5,1061.9,519,0
2026-07-07T12:45:00+05:30,1061.9,1066.1,1059.1,1059.8,2715,0
2026-07-07T13:00:00+05:30,1059.1,1066.4,1059.0,1066.2,2974,0
2026-07-07T13:15:00+05:30,1066.2,1066.2,1065.7,1065.8,364,0
2026-07-07T13:30:00+05:30,1065.8,1074.7,1065.7,1074.7,1354,0
2026-07-07T13:45:00+05:30,1075.0,1077.6,1070.8,1077.5,5526,0
2026-07-07T14:00:00+05:30,1077.0,1077.5,1075.0,1075.2,642,0
2026-07-07T14:15:00+05:30,1075.0,1080.3,1074.1,1080.3,1363,0
2026-07-07T14:30:00+05:30,1080.0,1080.4,1076.6,1078.4,883,0
2026-07-07T14:45:00+05:30,1078.4,1078.8,1073.6,1073.6,330,0
2026-07-07T15:00:00+05:30,1073.6,1075.1,1070.1,1075.0,2784,0
2026-07-07T15:15:00+05:30,1075.0,1075.1,1068.1,1074.4,5118,0
2026-07-08T09:15:00+05:30,1068.4,1071.8,1050.0,1059.0,8764,0
2026-07-08T09:30:00+05:30,1059.7,1066.4,1056.4,1063.8,2906,0
2026-07-08T09:45:00+05:30,1064.1,1064.2,1060.6,1062.1,250,0
2026-07-08T10:00:00+05:30,1062.0,1065.0,1060.0,1063.6,1773,0
2026-07-08T10:15:00+05:30,1063.6,1066.4,1061.1,1062.8,1017,0
2026-07-08T10:30:00+05:30,1062.3,1064.0,1061.2,1064.0,505,0
2026-07-08T10:45:00+05:30,1063.0,1067.4,1062.8,1064.9,646,0
2026-07-08T11:00:00+05:30,1064.9,1064.9,1062.8,1064.1,114,0
2026-07-08T11:15:00+05:30,1063.8,1067.3,1063.4,1067.3,1893,0
2026-07-08T11:30:00+05:30,1067.3,1067.3,1064.4,1064.9,52,0
2026-07-08T11:45:00+05:30,1064.9,1064.9,1063.4,1063.7,541,0
2026-07-08T12:00:00+05:30,1063.6,1064.2,1063.1,1063.4,31,0
2026-07-08T12:15:00+05:30,1063.0,1064.9,1061.6,1062.7,309,0
2026-07-08T12:30:00+05:30,1061.5,1061.7,1058.9,1061.2,1390,0
2026-07-08T12:45:00+05:30,1061.5,1063.0,1061.4,1063.0,67,0
2026-07-08T13:00:00+05:30,1062.2,1062.9,1062.0,1062.0,56,0
2026-07-08T13:15:00+05:30,1062.0,1069.5,1061.1,1069.0,2868,0
2026-07-08T13:30:00+05:30,1069.0,1069.0,1065.6,1066.4,155,0
2026-07-08T13:45:00+05:30,1065.5,1065.5,1051.5,1053.7,1406,0
2026-07-08T14:00:00+05:30,1052.0,1060.2,1037.3,1040.7,25729,0
2026-07-08T14:15:00+05:30,1040.6,1046.2,1035.0,1035.6,6845,0
2026-07-08T14:30:00+05:30,1036.9,1038.5,1030.0,1036.5,7269,0
2026-07-08T14:45:00+05:30,1037.3,1037.8,1025.8,1031.8,4099,0
2026-07-08T15:00:00+05:30,1030.6,1036.0,1029.2,1035.0,2624,0
2026-07-08T15:15:00+05:30,1035.0,1049.0,1030.0,1047.0,8019,0
2026-07-09T09:15:00+05:30,1036.8,1044.9,1030.8,1043.7,3310,0
2026-07-09T09:30:00+05:30,1043.9,1048.0,1043.7,1045.2,1897,0
2026-07-09T09:45:00+05:30,1045.0,1047.3,1042.9,1044.8,1441,0
2026-07-09T10:00:00+05:30,1044.8,1045.8,1042.0,1042.8,1304,0
2026-07-09T10:15:00+05:30,1042.6,1044.8,1037.5,1043.4,3111,0
2026-07-09T10:30:00+05:30,1043.1,1045.0,1037.3,1037.7,2473,0
2026-07-09T10:45:00+05:30,1037.7,1037.7,1036.0,1036.4,332,0
2026-07-09T11:00:00+05:30,1036.4,1040.6,1032.7,1039.3,2431,0
2026-07-09T11:15:00+05:30,1037.7,1042.2,1037.1,1039.6,3626,0
2026-07-09T11:30:00+05:30,1039.5,1040.0,1036.8,1036.8,497,0
2026-07-09T11:45:00+05:30,1036.8,1039.0,1036.8,1037.5,296,0
2026-07-09T12:00:00+05:30,1037.5,1038.2,1036.7,1038.0,399,0
2026-07-09T12:15:00+05:30,1038.0,1038.3,1035.9,1036.2,740,0
2026-07-09T12:30:00+05:30,1036.0,1037.0,1035.9,1036.4,306,0
2026-07-09T12:45:00+05:30,1036.4,1037.1,1035.4,1036.8,1339,0
2026-07-09T13:00:00+05:30,1037.0,1037.0,1035.8,1036.8,368,0
2026-07-09T13:15:00+05:30,1036.9,1042.2,1035.0,1041.9,1273,0
2026-07-09T13:30:00+05:30,1041.2,1041.2,1038.9,1039.8,1583,0
2026-07-09T13:45:00+05:30,1039.8,1040.2,1037.9,1038.1,279,0
2026-07-09T14:00:00+05:30,1038.1,1038.9,1036.7,1037.6,710,0
2026-07-09T14:15:00+05:30,1037.6,1039.0,1037.2,1037.9,452,0
2026-07-09T14:30:00+05:30,1038.5,1038.9,1035.7,1037.4,755,0
2026-07-09T14:45:00+05:30,1036.7,1043.1,1036.6,1041.4,10215,0
2026-07-09T15:00:00+05:30,1041.3,1045.0,1040.7,1042.2,2015,0
2026-07-09T15:15:00+05:30,1043.1,1051.0,1040.2,1051.0,3940,0
2026-07-10T09:15:00+05:30,1049.8,1052.1,1046.1,1052.1,1700,0
2026-07-10T09:30:00+05:30,1052.7,1054.8,1051.0,1053.3,763,0
2026-07-10T09:45:00+05:30,1053.5,1053.5,1045.2,1048.5,2375,0
2026-07-10T10:00:00+05:30,1048.0,1050.0,1047.0,1048.6,1373,0
2026-07-10T10:15:00+05:30,1048.6,1050.7,1048.1,1049.7,1897,0
2026-07-10T10:30:00+05:30,1048.5,1050.1,1047.0,1048.0,1484,0
2026-07-10T10:45:00+05:30,1048.0,1049.7,1048.0,1048.8,193,0
2026-07-10T11:00:00+05:30,1048.8,1050.3,1048.7,1049.2,4285,0
2026-07-10T11:15:00+05:30,1049.2,1050.0,1048.9,1049.4,3893,0
2026-07-10T11:30:00+05:30,1048.9,1049.4,1048.1,1048.3,177,0
2026-07-10T11:45:00+05:30,1048.3,1048.5,1048.0,1048.0,102,0
2026-07-10T12:00:00+05:30,1048.5,1049.3,1048.0,1048.2,191,0
2026-07-10T12:15:00+05:30,1048.1,1048.4,1045.6,1045.6,819,0
2026-07-10T12:30:00+05:30,1045.6,1047.9,1044.1,1046.0,2468,0
2026-07-10T12:45:00+05:30,1046.3,1048.1,1045.4,1045.5,4295,0
2026-07-10T13:00:00+05:30,1045.9,1047.5,1044.2,1046.0,1749,0
2026-07-10T13:15:00+05:30,1046.8,1047.7,1045.3,1045.6,1528,0
2026-07-10T13:30:00+05:30,1045.3,1048.0,1045.0,1046.0,1354,0
2026-07-10T13:45:00+05:30,1045.7,1048.3,1045.5,1046.7,4597,0
2026-07-10T14:00:00+05:30,1045.8,1049.9,1045.3,1045.7,10974,0
2026-07-10T14:15:00+05:30,1045.7,1046.9,1045.5,1045.8,478,0
2026-07-10T14:30:00+05:30,1045.8,1052.9,1044.1,1052.9,19148,0
2026-07-10T14:45:00+05:30,1053.0,1053.1,1044.8,1045.4,3018,0
2026-07-10T15:00:00+05:30,1046.3,1049.7,1045.7,1045.7,1041,0
2026-07-10T15:15:00+05:30,1046.5,1048.1,1045.6,1046.0,2029,0
2026-07-13T09:15:00+05:30,1044.6,1049.8,1034.4,1040.4,2303,0
2026-07-13T09:30:00+05:30,1041.8,1046.0,1040.1,1046.0,1187,0
2026-07-13T09:45:00+05:30,1045.5,1045.5,1040.5,1042.9,1452,0
2026-07-13T10:00:00+05:30,1042.9,1046.8,1042.2,1046.5,1019,0
2026-07-13T10:15:00+05:30,1046.5,1048.3,1045.4,1047.3,776,0
2026-07-13T10:30:00+05:30,1047.3,1047.3,1040.2,1040.7,1801,0
2026-07-13T10:45:00+05:30,1040.1,1041.0,1037.6,1040.9,886,0
2026-07-13T11:00:00+05:30,1040.9,1040.9,1035.0,1038.0,2903,0
2026-07-13T11:15:00+05:30,1037.0,1037.5,1032.2,1033.0,2975,0
2026-07-13T11:30:00+05:30,1033.0,1033.9,1032.0,1033.0,221,0
2026-07-13T11:45:00+05:30,1032.7,1033.7,1032.1,1033.0,246,0
2026-07-13T12:00:00+05:30,1033.0,1035.0,1031.3,1034.4,1069,0
2026-07-13T12:15:00+05:30,1034.4,1037.1,1033.0,1034.0,1063,0
2026-07-13T12:30:00+05:30,1034.0,1034.9,1032.2,1034.4,473,0
2026-07-13T12:45:00+05:30,1034.0,1044.6,1033.0,1040.1,3166,0
2026-07-13T13:00:00+05:30,1040.0,1040.2,1039.0,1039.6,112,0
2026-07-13T13:15:00+05:30,1039.6,1040.9,1039.0,1040.9,903,0
2026-07-13T13:30:00+05:30,1039.1,1041.9,1039.1,1039.5,1267,0
2026-07-13T13:45:00+05:30,1039.2,1039.9,1039.0,1039.4,387,0
2026-07-13T14:00:00+05:30,1039.4,1040.5,1038.9,1039.1,774,0
2026-07-13T14:15:00+05:30,1039.1,1041.4,1039.0,1041.4,490,0
2026-07-13T14:30:00+05:30,1041.4,1046.0,1040.9,1045.2,1251,0
2026-07-13T14:45:00+05:30,1045.7,1049.1,1045.2,1046.5,588,0
2026-07-13T15:00:00+05:30,1046.5,1049.0,1040.7,1042.7,3794,0
2026-07-13T15:15:00+05:30,1042.6,1049.0,1042.1,1048.0,5655,0
2026-07-14T09:15:00+05:30,1038.8,1045.0,1035.7,1044.9,3372,0
2026-07-14T09:30:00+05:30,1044.7,1046.9,1043.9,1045.0,2340,0
2026-07-14T09:45:00+05:30,1045.2,1046.1,1040.9,1044.5,2480,0
2026-07-14T10:00:00+05:30,1045.0,1045.0,1039.6,1041.4,1422,0
2026-07-14T10:15:00+05:30,1043.0,1043.1,1035.0,1037.3,2864,0
2026-07-14T10:30:00+05:30,1037.2,1038.4,1034.4,1036.1,2505,0
2026-07-14T10:45:00+05:30,1036.7,1036.8,1034.2,1035.0,247,0
2026-07-14T11:00:00+05:30,1035.2,1038.0,1034.0,1035.6,1076,0
2026-07-14T11:15:00+05:30,1035.0,1036.0,1030.5,1035.1,1894,0
2026-07-14T11:30:00+05:30,1035.0,1039.9,1034.5,1035.3,1821,0
2026-07-14T11:45:00+05:30,1036.1,1036.7,1032.4,1034.2,747,0
2026-07-14T12:00:00+05:30,1034.2,1043.9,1032.9,1035.5,4290,0
2026-07-14T12:15:00+05:30,1037.0,1040.9,1032.9,1035.0,3453,0
2026-07-14T12:30:00+05:30,1035.0,1036.0,1032.1,1032.9,850,0
2026-07-14T12:45:00+05:30,1032.8,1033.7,1031.2,1032.2,326,0
2026-07-14T13:00:00+05:30,1032.2,1032.3,1030.2,1031.7,260,0
2026-07-14T13:15:00+05:30,1031.7,1032.6,1029.0,1031.2,1076,0
2026-07-14T13:30:00+05:30,1030.9,1035.7,1030.1,1033.0,2188,0
2026-07-14T13:45:00+05:30,1033.0,1033.0,1032.0,1033.0,170,0
2026-07-14T14:00:00+05:30,1034.4,1034.4,1031.3,1032.0,127,0
2026-07-14T14:15:00+05:30,1031.6,1036.9,1031.6,1032.9,610,0
2026-07-14T14:30:00+05:30,1032.9,1034.6,1031.5,1034.6,380,0
2026-07-14T14:45:00+05:30,1034.9,1035.2,1032.7,1033.4,1588,0
2026-07-14T15:00:00+05:30,1032.5,1035.0,1031.0,1034.1,1314,0
2026-07-14T15:15:00+05:30,1033.3,1035.7,1032.1,1035.0,3116,0
2026-07-15T09:15:00+05:30,1042.9,1042.9,1034.3,1041.9,2611,0
2026-07-15T09:30:00+05:30,1041.9,1043.0,1036.3,1038.0,2094,0
2026-07-15T09:45:00+05:30,1039.1,1043.9,1035.0,1040.0,4885,0
2026-07-15T10:00:00+05:30,1040.0,1040.7,1037.8,1040.0,11397,0
2026-07-15T10:15:00+05:30,1040.0,1040.0,1038.1,1039.2,761,0
2026-07-15T10:30:00+05:30,1038.6,1040.0,1038.2,1039.9,1310,0
2026-07-15T10:45:00+05:30,1039.9,1039.9,1038.2,1038.8,109,0
2026-07-15T11:00:00+05:30,1038.2,1040.0,1037.7,1038.0,2183,0
2026-07-15T11:15:00+05:30,1037.3,1039.0,1037.0,1038.1,3026,0
2026-07-15T11:30:00+05:30,1038.1,1038.9,1036.0,1038.8,1235,0
2026-07-15T11:45:00+05:30,1037.7,1038.0,1036.9,1037.0,320,0
2026-07-15T12:00:00+05:30,1037.0,1037.0,1034.1,1034.9,254,0
2026-07-15T12:15:00+05:30,1034.9,1037.7,1034.0,1035.5,8539,0
2026-07-15T12:30:00+05:30,1035.5,1036.6,1029.0,1031.7,4825,0
2026-07-15T12:45:00+05:30,1031.8,1035.0,1030.0,1032.2,1726,0
2026-07-15T13:00:00+05:30,1031.0,1036.8,1025.9,1034.6,5742,0
2026-07-15T13:15:00+05:30,1034.4,1035.8,1028.8,1035.6,3420,0
2026-07-15T13:30:00+05:30,1035.8,1036.9,1033.7,1035.9,3219,0
2026-07-15T13:45:00+05:30,1035.0,1035.3,1030.8,1033.9,953,0
2026-07-15T14:00:00+05:30,1033.9,1035.9,1029.0,1033.8,2688,0
2026-07-15T14:15:00+05:30,1033.8,1035.6,1033.0,1033.7,988,0
2026-07-15T14:30:00+05:30,1033.5,1035.6,1033.2,1033.8,2486,0
2026-07-15T14:45:00+05:30,1034.1,1041.1,1032.1,1039.3,7757,0
2026-07-15T15:00:00+05:30,1038.5,1038.7,1034.3,1034.3,1092,0
2026-07-15T15:15:00+05:30,1034.3,1036.5,1013.9,1017.0,13094,0
2026-07-16T09:15:00+05:30,1021.8,1021.8,1016.4,1020.9,2475,0
2026-07-16T09:30:00+05:30,1020.3,1021.3,1019.0,1019.3,589,0
2026-07-16T09:45:00+05:30,1019.3,1021.8,1019.3,1021.8,450,0
2026-07-16T10:00:00+05:30,1020.9,1030.0,1020.9,1027.0,6305,0
2026-07-16T10:15:00+05:30,1027.0,1027.3,1022.9,1026.9,846,0
2026-07-16T10:30:00+05:30,1026.9,1028.9,1025.0,1027.7,1089,0
2026-07-16T10:45:00+05:30,1027.9,1034.7,1023.7,1028.4,5862,0
2026-07-16T11:00:00+05:30,1027.2,1027.6,1021.0,1021.4,791,0
2026-07-16T11:15:00+05:30,1021.0,1025.3,1021.0,1024.8,426,0
2026-07-16T11:30:00+05:30,1024.0,1029.0,1023.3,1027.7,1496,0
2026-07-16T11:45:00+05:30,1027.8,1029.7,1025.1,1027.3,3325,0
2026-07-16T12:00:00+05:30,1027.3,1031.2,1025.2,1026.7,5021,0
2026-07-16T12:15:00+05:30,1026.1,1027.8,1025.6,1026.9,539,0
2026-07-16T12:30:00+05:30,1026.9,1027.8,1025.2,1026.8,779,0
2026-07-16T12:45:00+05:30,1026.8,1027.7,1025.0,1026.3,715,0
2026-07-16T13:00:00+05:30,1026.0,1028.3,1025.0,1026.0,1223,0
2026-07-16T13:15:00+05:30,1025.7,1026.3,1021.9,1023.0,1441,0
2026-07-16T13:30:00+05:30,1022.8,1022.8,1017.7,1018.7,5891,0
2026-07-16T13:45:00+05:30,1018.1,1020.0,1018.0,1020.0,812,0
2026-07-16T14:00:00+05:30,1020.0,1032.0,1018.5,1030.1,15853,0
2026-07-16T14:15:00+05:30,1030.1,1033.0,1029.3,1031.4,1741,0
2026-07-16T14:30:00+05:30,1031.4,1032.8,1025.0,1032.0,4084,0
2026-07-16T14:45:00+05:30,1032.0,1032.6,1027.5,1030.2,2149,0
2026-07-16T15:00:00+05:30,1031.6,1031.8,1028.7,1029.6,2879,0
2026-07-16T15:15:00+05:30,1029.6,1045.0,1021.1,1032.1,7613,0
2026-07-17T09:15:00+05:30,1025.0,1027.5,1018.0,1019.5,6961,0
2026-07-17T09:30:00+05:30,1019.6,1022.8,1017.0,1017.6,2443,0
2026-07-17T09:45:00+05:30,1017.1,1017.1,1014.0,1015.4,2264,0
2026-07-17T10:00:00+05:30,1015.3,1018.0,1010.0,1013.8,4703,0
2026-07-17T10:15:00+05:30,1014.9,1019.5,1014.1,1018.5,656,0
2026-07-17T10:30:00+05:30,1016.7,1019.5,1016.2,1016.5,355,0
2026-07-17T10:45:00+05:30,1016.6,1017.6,1016.0,1016.8,357,0
2026-07-17T11:00:00+05:30,1016.8,1017.3,1011.0,1011.0,786,0
2026-07-17T11:15:00+05:30,1011.0,1013.4,1006.7,1008.4,1093,0
2026-07-17T11:30:00+05:30,1007.6,1008.5,1004.4,1004.4,1064,0
2026-07-17T11:45:00+05:30,1005.0,1006.8,1004.5,1005.6,2817,0
2026-07-17T12:00:00+05:30,1005.6,1006.6,1004.0,1005.3,1272,0
2026-07-17T12:15:00+05:30,1005.3,1008.7,1005.2,1008.7,490,0
2026-07-17T12:30:00+05:30,1008.0,1009.2,1007.0,1008.9,287,0
2026-07-17T12:45:00+05:30,1008.9,1011.2,1007.5,1010.0,1108,0
2026-07-17T13:00:00+05:30,1009.9,1011.5,1008.9,1011.5,497,0
2026-07-17T13:15:00+05:30,1011.6,1012.8,1008.9,1009.8,298,0
2026-07-17T13:30:00+05:30,1009.8,1010.8,1008.1,1010.0,990,0
2026-07-17T13:45:00+05:30,1010.0,1013.8,1007.5,1012.6,853,0
2026-07-17T14:00:00+05:30,1012.6,1017.6,1011.6,1016.9,3881,0
2026-07-17T14:15:00+05:30,1017.9,1022.5,1017.2,1020.2,3283,0
2026-07-17T14:30:00+05:30,1020.2,1022.4,1017.1,1018.8,652,0
2026-07-17T14:45:00+05:30,1017.5,1023.8,1017.0,1023.3,2752,0
2026-07-17T15:00:00+05:30,1022.6,1023.1,1012.4,1014.3,6948,0
2026-07-17T15:15:00+05:30,1014.3,1015.4,1008.0,1008.0,10659,0
2026-07-20T09:15:00+05:30,1013.0,1022.3,1006.1,1007.4,1791,0
2026-07-20T09:30:00+05:30,1007.0,1013.9,1007.0,1013.2,595,0
2026-07-20T09:45:00+05:30,1013.2,1015.5,1008.6,1011.7,3182,0
2026-07-20T10:00:00+05:30,1011.8,1013.0,1010.3,1011.7,3581,0
2026-07-20T10:15:00+05:30,1011.4,1011.4,1008.8,1009.9,3398,0
2026-07-20T10:30:00+05:30,1010.8,1011.1,1009.5,1010.0,2214,0
2026-07-20T10:45:00+05:30,1010.0,1010.7,1008.6,1009.6,341,0
2026-07-20T11:00:00+05:30,1008.4,1008.4,1003.3,1004.6,1957,0
2026-07-20T11:15:00+05:30,1004.6,1006.3,1004.5,1006.3,422,0
2026-07-20T11:30:00+05:30,1006.5,1006.5,1005.0,1005.5,272,0
2026-07-20T11:45:00+05:30,1005.0,1005.6,1003.0,1004.9,1088,0
2026-07-20T12:00:00+05:30,1004.8,1005.0,1003.6,1004.9,305,0
2026-07-20T12:15:00+05:30,1004.8,1005.0,1001.1,1003.1,866,0
2026-07-20T12:30:00+05:30,1003.1,1003.1,1001.1,1002.0,839,0
2026-07-20T12:45:00+05:30,1002.0,1004.4,997.1,1002.0,5473,0
2026-07-20T13:00:00+05:30,1002.0,1004.1,998.0,999.8,4018,0
2026-07-20T13:15:00+05:30,999.9,1004.9,999.9,1003.2,5841,0
2026-07-20T13:30:00+05:30,1003.1,1004.0,1002.3,1004.0,787,0
2026-07-20T13:45:00+05:30,1004.0,1005.0,1001.7,1003.4,2601,0
2026-07-20T14:00:00+05:30,1003.3,1004.3,1001.0,1003.0,1555,0
2026-07-20T14:15:00+05:30,1003.6,1004.2,1002.1,1004.0,458,0
2026-07-20T14:30:00+05:30,1004.0,1004.3,1002.0,1002.0,263,0
2026-07-20T14:45:00+05:30,1003.0,1003.4,1002.0,1002.1,1075,0
2026-07-20T15:00:00+05:30,1003.0,1003.0,999.3,999.8,3088,0
2026-07-20T15:15:00+05:30,999.9,1000.0,996.0,996.2,6401,0
2026-07-21T09:15:00+05:30,1000.0,1016.8,1000.0,1014.5,5317,0
2026-07-21T09:30:00+05:30,1014.5,1015.6,1011.1,1012.9,1588,0
2026-07-21T09:45:00+05:30,1012.7,1012.9,1010.0,1012.2,758,0
2026-07-21T10:00:00+05:30,1012.8,1012.8,1008.1,1008.1,1827,0
2026-07-21T10:15:00+05:30,1008.4,1010.6,1006.5,1007.4,1398,0
2026-07-21T10:30:00+05:30,1009.2,1009.2,997.2,997.2,3702,0
2026-07-21T10:45:00+05:30,997.7,1002.3,997.2,998.5,2468,0
2026-07-21T11:00:00+05:30,998.7,999.8,995.0,997.1,2101,0
2026-07-21T11:15:00+05:30,997.1,998.5,996.0,997.7,1327,0
2026-07-21T11:30:00+05:30,997.0,997.8,995.0,996.3,901,0
2026-07-21T11:45:00+05:30,996.3,996.4,995.0,995.2,792,0
2026-07-21T12:00:00+05:30,996.2,996.3,993.2,996.0,1927,0
2026-07-21T12:15:00+05:30,996.5,998.4,991.9,995.6,3094,0
2026-07-21T12:30:00+05:30,995.6,995.6,991.2,993.0,1334,0
2026-07-21T12:45:00+05:30,993.5,994.8,990.7,990.7,830,0
2026-07-21T13:00:00+05:30,991.4,991.6,990.2,990.4,704,0
2026-07-21T13:15:00+05:30,990.4,990.7,988.0,989.2,6202,0
2026-07-21T13:30:00+05:30,989.2,990.6,989.0,990.3,955,0
2026-07-21T13:45:00+05:30,990.3,990.3,988.4,988.4,718,0
2026-07-21T14:00:00+05:30,988.8,988.9,986.0,988.4,2355,0
2026-07-21T14:15:00+05:30,988.4,988.4,985.4,986.0,3022,0
2026-07-21T14:30:00+05:30,985.9,991.0,984.6,990.0,3882,0
2026-07-21T14:45:00+05:30,990.0,992.0,988.2,989.5,50384,0
2026-07-21T15:00:00+05:30,989.8,989.8,988.4,989.6,1480,0
2026-07-21T15:15:00+05:30,989.2,991.9,989.0,989.2,4257,0
2026-07-22T09:15:00+05:30,990.0,995.0,980.1,980.4,4559,0
2026-07-22T09:30:00+05:30,980.4,982.5,974.1,975.3,4774,0
2026-07-22T09:45:00+05:30,976.0,985.6,974.0,984.3,3759,0
2026-07-22T10:00:00+05:30,984.4,988.7,977.9,981.8,42205,0
2026-07-22T10:15:00+05:30,981.2,983.6,978.7,980.0,573,0
2026-07-22T10:30:00+05:30,980.6,982.6,980.0,980.2,685,0
2026-07-22T10:45:00+05:30,980.0,984.9,980.0,983.2,1231,0
2026-07-22T11:00:00+05:30,982.7,983.6,981.6,982.6,243,0
2026-07-22T11:15:00+05:30,983.3,984.9,982.0,982.0,324,0
2026-07-22T11:30:00+05:30,982.0,984.5,981.8,983.4,165,0
2026-07-22T11:45:00+05:30,983.9,985.0,981.7,982.5,489,0
2026-07-22T12:00:00+05:30,982.5,983.0,980.2,980.9,207,0
2026-07-22T12:15:00+05:30,980.9,983.1,980.3,982.6,457,0
2026-07-22T12:30:00+05:30,982.8,983.4,980.7,983.4,217,0
2026-07-22T12:45:00+05:30,982.0,983.4,981.0,981.3,315,0
2026-07-22T13:00:00+05:30,981.3,983.4,978.6,982.8,815,0
2026-07-22T13:15:00+05:30,982.8,983.4,980.1,980.5,330,0
2026-07-22T13:30:00+05:30,981.5,982.8,980.0,982.1,120,0
2026-07-22T13:45:00+05:30,982.1,983.7,980.9,982.7,279,0
2026-07-22T14:00:00+05:30,982.7,984.1,981.1,981.9,278,0
2026-07-22T14:15:00+05:30,981.2,982.8,980.2,981.1,245,0
2026-07-22T14:30:00+05:30,981.1,985.0,980.3,981.5,2264,0
2026-07-22T14:45:00+05:30,981.6,983.1,980.1,982.3,493,0
2026-07-22T15:00:00+05:30,982.3,983.8,980.7,983.0,1897,0
2026-07-22T15:15:00+05:30,982.8,983.6,980.1,982.0,1735,0
2026-07-23T09:15:00+05:30,983.0,993.7,976.1,991.8,5372,0
2026-07-23T09:30:00+05:30,992.3,997.3,992.0,993.8,3796,0
2026-07-23T09:45:00+05:30,994.0,1014.6,992.3,1010.7,11310,0
2026-07-23T10:00:00+05:30,1009.9,1035.9,1009.0,1022.0,23582,0
2026-07-23T10:15:00+05:30,1022.8,1022.8,1016.9,1021.1,4979,0
2026-07-23T10:30:00+05:30,1021.2,1025.0,1020.0,1024.8,3814,0
2026-07-23T10:45:00+05:30,1024.8,1037.0,1022.7,1029.0,5957,0
2026-07-23T11:00:00+05:30,1028.1,1032.6,1024.0,1031.1,3996,0
2026-07-23T11:15:00+05:30,1029.9,1032.7,1023.1,1027.2,4534,0
2026-07-23T11:30:00+05:30,1027.2,1032.7,1025.7,1028.1,5222,0
2026-07-23T11:45:00+05:30,1027.9,1027.9,1020.9,1022.6,1747,0
2026-07-23T12:00:00+05:30,1022.8,1029.0,1022.8,1025.2,4251,0
2026-07-23T12:15:00+05:30,1025.2,1026.2,1022.8,1023.2,1187,0
2026-07-23T12:30:00+05:30,1023.2,1034.4,1022.0,1022.0,6629,0
2026-07-23T12:45:00+05:30,1022.5,1025.5,1020.0,1023.0,2805,0
2026-07-23T13:00:00+05:30,1022.2,1023.0,1020.5,1021.5,1733,0
2026-07-23T13:15:00+05:30,1021.5,1023.0,1015.0,1017.1,4908,0
2026-07-23T13:30:00+05:30,1018.3,1020.9,1017.0,1017.1,918,0
2026-07-23T13:45:00+05:30,1017.1,1021.7,1016.4,1018.3,1144,0
2026-07-23T14:00:00+05:30,1018.3,1027.6,1017.3,1025.6,5094,0
2026-07-23T14:15:00+05:30,1025.7,1038.7,1025.0,1038.7,5456,0
2026-07-23T14:30:00+05:30,1037.4,1038.0,1032.6,1033.8,2772,0
2026-07-23T14:45:00+05:30,1033.5,1038.6,1033.0,1036.4,4462,0
2026-07-23T15:00:00+05:30,1036.4,1037.7,1033.8,1035.0,5433,0
2026-07-23T15:15:00+05:30,1035.9,1040.0,1034.1,1035.0,9428,0
2026-07-24T09:15:00+05:30,1038.0,1038.0,1020.5,1026.5,6159,0
2026-07-24T09:30:00+05:30,1027.8,1028.0,1021.3,1026.4,2625,0
2026-07-24T09:45:00+05:30,1025.5,1026.3,1021.5,1022.6,1722,0
2026-07-24T10:00:00+05:30,1022.6,1023.8,1014.1,1015.8,2296,0
2026-07-24T10:15:00+05:30,1015.8,1019.3,1015.0,1015.0,1055,0
2026-07-24T10:30:00+05:30,1015.2,1021.9,1014.0,1019.7,1524,0
2026-07-24T10:45:00+05:30,1020.2,1021.9,1016.9,1018.2,248,0
2026-07-24T11:00:00+05:30,1017.5,1018.0,1016.6,1017.1,310,0
2026-07-24T11:15:00+05:30,1017.9,1022.2,1016.2,1020.4,850,0
2026-07-24T11:30:00+05:30,1020.9,1024.5,1019.6,1024.5,87,0
2026-07-24T11:45:00+05:30,1024.7,1025.7,1021.6,1022.7,518,0
2026-07-24T12:00:00+05:30,1022.2,1022.8,1020.6,1021.5,212,0
2026-07-24T12:15:00+05:30,1021.4,1023.0,1018.2,1020.4,684,0
2026-07-24T12:30:00+05:30,1020.4,1022.2,1012.1,1013.7,1303,0
2026-07-24T12:45:00+05:30,1013.0,1016.2,1013.0,1015.7,317,0
2026-07-24T13:00:00+05:30,1014.7,1015.7,1012.0,1013.2,1754,0
2026-07-24T13:15:00+05:30,1013.2,1015.6,1012.9,1013.6,833,0
2026-07-24T13:30:00+05:30,1013.0,1015.0,1012.2,1014.5,512,0
2026-07-24T13:45:00+05:30,1014.4,1016.4,1012.8,1016.0,444,0
2026-07-24T14:00:00+05:30,1015.0,1016.7,1013.3,1013.3,274,0
2026-07-24T14:15:00+05:30,1013.3,1015.0,1013.2,1014.1,391,0
2026-07-24T14:30:00+05:30,1014.1,1015.0,1013.9,1014.0,177,0
2026-07-24T14:45:00+05:30,1014.0,1015.7,1014.0,1014.3,545,0
2026-07-24T15:00:00+05:30,1014.9,1016.8,1013.0,1016.5,1189,0
2026-07-24T15:15:00+05:30,1017.0,1020.0,1014.0,1020.0,2887,0
2026-07-27T09:15:00+05:30,1028.4,1043.7,1020.9,1040.1,7929,0
2026-07-27T09:30:00+05:30,1040.1,1052.9,1040.1,1050.4,8892,0
2026-07-27T09:45:00+05:30,1050.6,1051.0,1045.6,1049.3,7178,0
2026-07-27T10:00:00+05:30,1049.5,1052.4,1048.4,1051.0,1377,0
2026-07-27T10:15:00+05:30,1052.4,1053.0,1050.5,1051.1,1126,0
2026-07-27T10:30:00+05:30,1051.8,1054.1,1051.1,1052.1,698,0
2026-07-27T10:45:00+05:30,1052.5,1059.0,1050.0,1053.3,7425,0
2026-07-27T11:00:00+05:30,1054.0,1054.1,1048.7,1049.0,5574,0
2026-07-27T11:15:00+05:30,1049.1,1050.3,1048.5,1049.7,3772,0
2026-07-27T11:30:00+05:30,1049.5,1051.0,1048.7,1049.4,2990,0
2026-07-27T11:45:00+05:30,1050.8,1052.0,1049.2,1049.9,2924,0
2026-07-27T12:00:00+05:30,1049.9,1050.0,1047.8,1050.0,906,0
2026-07-27T12:15:00+05:30,1050.0,1050.0,1047.4,1047.4,1113,0
2026-07-27T12:30:00+05:30,1047.3,1052.0,1046.8,1051.6,2322,0
2026-07-27T12:45:00+05:30,1051.2,1051.5,1050.9,1050.9,95,0
2026-07-27T13:00:00+05:30,1050.9,1054.0,1050.3,1053.5,976,0
2026-07-27T13:15:00+05:30,1053.5,1053.5,1048.4,1048.6,1318,0
2026-07-27T13:30:00+05:30,1048.6,1049.2,1047.8,1047.8,1251,0
2026-07-27T13:45:00+05:30,1047.8,1050.2,1035.0,1050.0,7210,0
2026-07-27T14:00:00+05:30,1050.0,1050.2,1045.7,1048.5,2205,0
2026-07-27T14:15:00+05:30,1049.2,1049.7,1046.7,1047.4,502,0
2026-07-27T14:30:00+05:30,1047.4,1050.2,1046.4,1048.4,822,0
2026-07-27T14:45:00+05:30,1048.4,1050.3,1045.1,1045.1,1853,0
2026-07-27T15:00:00+05:30,1045.1,1050.6,1041.0,1048.9,5756,0
2026-07-27T15:15:00+05:30,1048.9,1055.0,1035.1,1049.2,12593,0
2026-07-28T09:15:00+05:30,1053.9,1061.6,1041.3,1060.3,8178,0
2026-07-28T09:30:00+05:30,1060.3,1061.2,1049.8,1051.7,3648,0
2026-07-28T09:45:00+05:30,1051.5,1058.0,1050.5,1053.7,2715,0
2026-07-28T10:00:00+05:30,1052.6,1053.1,1046.4,1046.4,1667,0
2026-07-28T10:15:00+05:30,1046.4,1052.0,1046.2,1050.7,2143,0
2026-07-28T10:30:00+05:30,1050.7,1050.8,1047.4,1050.2,1446,0
2026-07-28T10:45:00+05:30,1050.2,1050.2,1043.9,1043.9,1029,0
2026-07-28T11:00:00+05:30,1043.9,1044.6,1042.6,1044.2,434,0
2026-07-28T11:15:00+05:30,1044.2,1049.2,1040.6,1048.2,4643,0
2026-07-28T11:30:00+05:30,1048.2,1051.2,1046.2,1048.6,2558,0
2026-07-28T11:45:00+05:30,1048.5,1048.9,1045.0,1047.1,689,0
2026-07-28T12:00:00+05:30,1047.1,1047.7,1047.0,1047.7,50,0
2026-07-28T12:15:00+05:30,1047.7,1047.7,1045.6,1047.4,421,0
2026-07-28T12:30:00+05:30,1046.9,1047.4,1044.9,1044.9,241,0
2026-07-28T12:45:00+05:30,1044.9,1045.6,1044.7,1045.4,85,0
2026-07-28T13:00:00+05:30,1045.4,1048.3,1038.0,1038.0,1194,0
2026-07-28T13:15:00+05:30,1038.0,1039.9,1033.9,1038.4,1801,0
2026-07-28T13:30:00+05:30,1038.4,1042.0,1036.9,1040.6,3439,0
2026-07-28T13:45:00+05:30,1039.8,1040.6,1037.5,1037.5,1910,0
2026-07-28T14:00:00+05:30,1037.5,1038.4,1036.3,1036.8,783,0
2026-07-28T14:15:00+05:30,1036.8,1037.5,1036.6,1036.6,253,0
2026-07-28T14:30:00+05:30,1036.6,1036.6,1033.7,1033.7,890,0
2026-07-28T14:45:00+05:30,1033.7,1034.1,1033.4,1033.7,430,0
2026-07-28T15:00:00+05:30,1033.7,1033.7,1029.9,1033.7,1906,0
2026-07-28T15:15:00+05:30,1034.3,1053.1,1033.1,1051.2,5177,0
2026-07-29T09:15:00+05:30,1045.0,1050.9,1036.4,1045.0,2830,0
2026-07-29T09:30:00+05:30,1045.0,1060.0,1043.7,1060.0,5061,0
2026-07-29T09:45:00+05:30,1060.1,1060.1,1047.0,1049.5,8654,0
2026-07-29T10:00:00+05:30,1050.6,1052.6,1046.7,1048.3,2509,0
2026-07-29T10:15:00+05:30,1047.6,1047.6,1043.5,1044.2,455,0
2026-07-29T10:30:00+05:30,1044.2,1044.2,1040.1,1041.3,857,0
2026-07-29T10:45:00+05:30,1041.3,1041.3,1035.4,1037.3,734,0
2026-07-29T11:00:00+05:30,1038.0,1038.4,1036.3,1036.4,276,0
2026-07-29T11:15:00+05:30,1037.1,1037.5,1035.6,1036.3,216,0
2026-07-29T11:30:00+05:30,1037.2,1040.7,1035.0,1040.0,2679,0
2026-07-29T11:45:00+05:30,1040.0,1040.8,1036.9,1039.6,925,0
2026-07-29T12:00:00+05:30,1039.6,1039.8,1038.2,1039.4,401,0
2026-07-29T12:15:00+05:30,1039.4,1045.1,1037.2,1041.5,2904,0
2026-07-29T12:30:00+05:30,1041.5,1041.5,1039.5,1040.1,115,0
2026-07-29T12:45:00+05:30,1040.1,1047.7,1038.7,1047.4,3538,0
2026-07-29T13:00:00+05:30,1047.3,1048.0,1047.0,1048.0,359,0
2026-07-29T13:15:00+05:30,1047.2,1047.2,1044.4,1044.7,611,0
2026-07-29T13:30:00+05:30,1044.7,1065.2,1044.7,1065.2,7347,0
2026-07-29T13:45:00+05:30,1064.3,1065.2,1060.8,1060.8,1586,0
2026-07-29T14:00:00+05:30,1061.1,1069.3,1060.8,1061.9,4753,0
2026-07-29T14:15:00+05:30,1061.9,1062.0,1059.8,1061.5,1069,0
2026-07-29T14:30:00+05:30,1061.0,1066.4,1060.6,1063.0,6016,0
2026-07-29T14:45:00+05:30,1061.6,1063.9,1060.8,1063.4,1875,0
2026-07-29T15:00:00+05:30,1063.5,1064.4,1060.2,1060.3,2445,0
2026-07-29T15:15:00+05:30,1060.3,1063.4,1052.2,1054.0,8076,0
2026-07-30T09:15:00+05:30,1055.0,1065.0,1044.9,1057.1,3886,0
2026-07-30T09:30:00+05:30,1058.3,1058.3,1053.1,1053.1,436,0
2026-07-30T09:45:00+05:30,1053.4,1057.6,1053.4,1055.7,195,0
2026-07-30T10:00:00+05:30,1055.7,1056.2,1051.4,1053.4,604,0
2026-07-30T10:15:00+05:30,1053.4,1055.8,1048.7,1053.0,1643,0
2026-07-30T10:30:00+05:30,1052.8,1052.8,1050.0,1050.7,1027,0
2026-07-30T10:45:00+05:30,1050.7,1053.1,1050.7,1052.1,193,0
2026-07-30T11:00:00+05:30,1052.1,1058.6,1051.5,1053.4,1515,0
2026-07-30T11:15:00+05:30,1054.5,1055.5,1054.3,1055.5,85,0
2026-07-30T11:30:00+05:30,1055.5,1056.6,1052.8,1055.0,243,0
2026-07-30T11:45:00+05:30,1055.2,1055.2,1051.4,1052.5,357,0
2026-07-30T12:00:00+05:30,1053.1,1057.9,1052.4,1056.1,858,0
2026-07-30T12:15:00+05:30,1056.1,1057.7,1053.2,1054.7,794,0
2026-07-30T12:30:00+05:30,1054.7,1058.2,1054.7,1055.6,889,0
2026-07-30T12:45:00+05:30,1055.6,1057.5,1055.3,1056.3,233,0
2026-07-30T13:00:00+05:30,1056.3,1058.4,1053.5,1053.6,392,0
2026-07-30T13:15:00+05:30,1053.6,1056.1,1053.1,1055.4,237,0
2026-07-30T13:30:00+05:30,1057.0,1058.3,1056.5,1057.0,128,0
2026-07-30T13:45:00+05:30,1057.0,1057.0,1052.6,1053.6,944,0
2026-07-30T14:00:00+05:30,1053.8,1053.8,1050.5,1050.5,846,0
2026-07-30T14:15:00+05:30,1050.4,1051.5,1046.3,1047.0,2634,0
2026-07-30T14:30:00+05:30,1047.3,1050.3,1047.1,1048.8,555,0
2026-07-30T14:45:00+05:30,1048.8,1049.8,1045.6,1045.8,466,0
2026-07-30T15:00:00+05:30,1045.8,1047.2,1045.0,1047.0,345,0
2026-07-30T15:15:00+05:30,1047.1,1062.5,1045.2,1053.2,13282,0
2026-07-31T09:15:00+05:30,1061.1,1064.5,1046.6,1060.3,4361,0
2026-07-31T09:30:00+05:30,1060.2,1073.4,1057.1,1068.6,6115,0
2026-07-31T09:45:00+05:30,1069.8,1075.5,1066.7,1070.6,7131,0
2026-07-31T10:00:00+05:30,1070.1,1073.3,1070.0,1073.3,1196,0
2026-07-31T10:15:00+05:30,1073.4,1073.5,1067.7,1072.0,1785,0
2026-07-31T10:30:00+05:30,1072.2,1075.0,1070.7,1071.9,3639,0
2026-07-31T10:45:00+05:30,1071.9,1071.9,1068.7,1071.7,793,0
2026-07-31T11:00:00+05:30,1071.7,1072.9,1070.0,1071.0,2354,0
2026-07-31T11:15:00+05:30,1071.0,1072.0,1068.7,1070.3,1659,0
2026-07-31T11:30:00+05:30,1070.2,1086.9,1070.2,1082.3,13237,0
2026-07-31T11:45:00+05:30,1082.7,1085.0,1068.1,1068.1,7339,0
2026-07-31T12:00:00+05:30,1068.3,1070.0,1067.0,1069.1,1877,0
2026-07-31T12:15:00+05:30,1069.0,1069.0,1065.7,1067.3,918,0
2026-07-31T12:30:00+05:30,1066.3,1070.6,1063.0,1067.7,3984,0
2026-07-31T12:45:00+05:30,1067.7,1070.0,1066.5,1069.5,1220,0
2026-07-31T13:00:00+05:30,1069.1,1069.1,1065.6,1067.4,819,0
2026-07-31T13:15:00+05:30,1067.4,1069.8,1066.0,1069.3,1100,0
2026-07-31T13:30:00+05:30,1068.2,1070.7,1068.2,1068.5,3125,0
2026-07-31T13:45:00+05:30,1069.7,1071.6,1068.0,1068.0,7920,0
2026-07-31T14:00:00+05:30,1067.6,1067.6,1062.9,1066.8,1450,0
2026-07-31T14:15:00+05:30,1066.8,1073.3,1066.2,1067.8,2068,0
2026-07-31T14:30:00+05:30,1067.2,1071.1,1067.0,1069.3,3313,0
2026-07-31T14:45:00+05:30,1069.0,1070.1,1069.0,1070.0,933,0
2026-07-31T15:00:00+05:30,1070.0,1071.8,1068.6,1068.8,6248,0
2026-07-31T15:15:00+05:30,1068.9,1071.7,1067.0,1067.0,6451,0
2026-08-03T09:15:00+05:30,1072.9,1105.4,1072.9,1090.0,12017,0
2026-08-03T09:30:00+05:30,1092.1,1100.0,1090.0,1093.2,6709,0
2026-08-03T09:45:00+05:30,1094.2,1111.0,1093.6,1108.9,16903,0
2026-08-03T10:00:00+05:30,1108.2,1111.1,1106.2,1111.0,4597,0
2026-08-03T10:15:00+05:30,1111.5,1114.5,1105.7,1107.1,14205,0
2026-08-03T10:30:00+05:30,1107.1,1108.9,1106.8,1107.0,1974,0
2026-08-03T10:45:00+05:30,1110.4,1114.0,1107.4,1112.7,10103,0
2026-08-03T11:00:00+05:30,1112.2,1121.0,1108.9,1117.7,16163,0
2026-08-03T11:15:00+05:30,1117.0,1118.8,1107.2,1108.1,11057,0
2026-08-03T11:30:00+05:30,1107.0,1109.2,1106.7,1109.1,1922,0
2026-08-03T11:45:00+05:30,1108.1,1109.0,1105.0,1105.0,1562,0
2026-08-03T12:00:00+05:30,1105.7,1106.3,1100.4,1104.8,3691,0
2026-08-03T12:15:00+05:30,1103.3,1103.9,1100.8,1100.8,612,0
2026-08-03T12:30:00+05:30,1101.0,1102.0,1097.5,1100.3,940,0
2026-08-03T12:45:00+05:30,1100.3,1104.6,1100.3,1102.8,3004,0
2026-08-03T13:00:00+05:30,1103.2,1105.0,1100.4,1103.9,1552,0
2026-08-03T13:15:00+05:30,1103.9,1106.9,1102.4,1105.9,1852,0
2026-08-03T13:30:00+05:30,1105.9,1105.9,1102.9,1102.9,598,0
2026-08-03T13:45:00+05:30,1103.5,1109.6,1103.5,1109.6,1386,0
2026-08-03T14:00:00+05:30,1108.0,1109.6,1107.1,1107.6,1124,0
2026-08-03T14:15:00+05:30,1107.4,1108.5,1104.1,1105.9,950,0
2026-08-03T14:30:00+05:30,1104.7,1117.8,1104.6,1114.0,9003,0
2026-08-03T14:45:00+05:30,1114.1,1118.0,1111.1,1116.5,3710,0
2026-08-03T15:00:00+05:30,1116.5,1119.0,1107.0,1107.0,10853,0
2026-08-03T15:15:00+05:30,1108.4,1121.0,1107.3,1117.0,6840,0
2026-08-04T09:15:00+05:30,1141.7,1211.9,1141.7,1168.2,338471,0
2026-08-04T09:30:00+05:30,1169.6,1173.4,1157.4,1170.2,74365,0
2026-08-04T09:45:00+05:30,1170.0,1173.8,1147.1,1149.6,64922,0
2026-08-04T10:00:00+05:30,1149.3,1155.3,1147.6,1151.1,28533,0
2026-08-04T10:15:00+05:30,1151.1,1164.6,1150.1,1163.9,27787,0
2026-08-04T10:30:00+05:30,1163.9,1169.0,1157.8,1167.4,35579,0
2026-08-04T10:45:00+05:30,1167.9,1173.0,1161.3,1162.4,33379,0
2026-08-04T11:00:00+05:30,1162.9,1165.8,1158.6,1159.8,9863,0
2026-08-04T11:15:00+05:30,1159.8,1160.0,1150.1,1151.5,15470,0
2026-08-04T11:30:00+05:30,1151.6,1155.5,1149.5,1155.0,18827,0
2026-08-04T11:45:00+05:30,1154.9,1157.0,1151.1,1153.0,6676,0
2026-08-04T12:00:00+05:30,1152.0,1159.0,1151.5,1152.6,11222,0
2026-08-04T12:15:00+05:30,1152.5,1154.0,1151.1,1153.5,3322,0
2026-08-04T12:30:00+05:30,1153.5,1153.9,1135.8,1139.7,22668,0
2026-08-04T12:45:00+05:30,1139.6,1143.4,1136.1,1137.5,14195,0
2026-08-04T13:00:00+05:30,1137.5,1143.7,1137.0,1142.4,5578,0
2026-08-04T13:15:00+05:30,1142.4,1144.6,1138.8,1141.1,7677,0
2026-08-04T13:30:00+05:30,1141.1,1145.5,1139.6,1144.0,4868,0
2026-08-04T13:45:00+05:30,1143.6,1162.0,1143.5,1158.0,24882,0
2026-08-04T14:00:00+05:30,1157.7,1164.5,1154.0,1160.0,14440,0
2026-08-04T14:15:00+05:30,1159.6,1163.6,1157.0,1158.7,14980,0
2026-08-04T14:30:00+05:30,1158.7,1169.3,1157.6,1168.3,18485,0
2026-08-04T14:45:00+05:30,1167.7,1168.5,1148.7,1152.9,34238,0
2026-08-04T15:00:00+05:30,1153.3,1168.5,1153.3,1161.6,36042,0
2026-08-04T15:15:00+05:30,1141.7,1164.8,1141.7,1155.1,3525892,0
2026-08-05T09:15:00+05:30,1169.9,1203.4,1169.9,1177.4,48668,0
2026-08-05T09:30:00+05:30,1176.2,1177.1,1171.0,1175.3,7419,0
2026-08-05T09:45:00+05:30,1175.3,1180.0,1172.4,1180.0,11324,0
2026-08-05T10:00:00+05:30,1180.0,1180.0,1171.0,1176.0,2976,0
2026-08-05T10:15:00+05:30,1176.7,1179.1,1173.1,1174.2,4336,0
2026-08-05T10:30:00+05:30,1174.2,1178.7,1172.7,1178.7,4739,0
2026-08-05T10:45:00+05:30,1178.7,1178.9,1174.0,1175.8,3668,0
2026-08-05T11:00:00+05:30,1175.7,1178.6,1173.3,1177.0,2240,0
2026-08-05T11:15:00+05:30,1177.0,1177.6,1174.8,1174.8,1194,0
2026-08-05T11:30:00+05:30,1174.3,1178.0,1173.0,1176.6,1428,0
2026-08-05T11:45:00+05:30,1176.5,1176.5,1172.9,1173.8,918,0
2026-08-05T12:00:00+05:30,1173.8,1177.2,1172.5,1177.0,2047,0
2026-08-05T12:15:00+05:30,1177.2,1178.0,1176.8,1178.0,9142,0
2026-08-05T12:30:00+05:30,1177.6,1178.0,1169.3,1174.7,5527,0
2026-08-05T12:45:00+05:30,1175.0,1178.0,1175.0,1176.8,4591,0
2026-08-05T13:00:00+05:30,1176.1,1177.6,1174.6,1177.3,1325,0
2026-08-05T13:15:00+05:30,1177.0,1177.3,1176.0,1177.3,756,0
2026-08-05T13:30:00+05:30,1177.3,1177.3,1174.1,1174.1,977,0
2026-08-05T13:45:00+05:30,1174.8,1176.4,1172.0,1173.7,1471,0
2026-08-05T14:00:00+05:30,1174.8,1175.9,1167.0,1171.9,2680,0
2026-08-05T14:15:00+05:30,1171.9,1172.7,1168.7,1170.9,1053,0
2026-08-05T14:30:00+05:30,1172.0,1177.0,1170.9,1174.5,4946,0
2026-08-05T14:45:00+05:30,1175.4,1185.7,1174.1,1184.3,12549,0
2026-08-05T15:00:00+05:30,1184.3,1185.7,1176.1,1176.1,12266,0
2026-08-05T15:15:00+05:30,1177.4,1181.0,1160.3,1169.0,6970,0
2026-08-06T09:15:00+05:30,1189.0,1221.0,1186.7,1212.8,50193,0
2026-08-06T09:30:00+05:30,1214.1,1230.4,1210.2,1227.4,41882,0
2026-08-06T09:45:00+05:30,1227.5,1228.9,1215.6,1216.8,17232,0
2026-08-06T10:00:00+05:30,1216.8,1218.0,1213.0,1215.5,6754,0
2026-08-06T10:15:00+05:30,1216.2,1217.7,1214.6,1215.5,2535,0
2026-08-06T10:30:00+05:30,1214.6,1215.0,1213.0,1215.0,3492,0
2026-08-06T10:45:00+05:30,1215.0,1215.0,1213.0,1213.1,2577,0
2026-08-06T11:00:00+05:30,1213.0,1215.0,1213.0,1214.0,3391,0
2026-08-06T11:15:00+05:30,1214.0,1215.0,1213.2,1213.7,1457,0
2026-08-06T11:30:00+05:30,1213.7,1217.3,1213.1,1214.0,5385,0
2026-08-06T11:45:00+05:30,1214.9,1215.0,1214.0,1215.0,1479,0
2026-08-06T12:00:00+05:30,1214.5,1221.9,1213.8,1220.0,5342,0
2026-08-06T12:15:00+05:30,1220.2,1221.0,1215.4,1218.2,3723,0
2026-08-06T12:30:00+05:30,1218.6,1219.9,1215.6,1218.0,2536,0
2026-08-06T12:45:00+05:30,1218.0,1218.0,1213.0,1213.1,3714,0
2026-08-06T13:00:00+05:30,1213.1,1214.0,1206.8,1206.9,8208,0
2026-08-06T13:15:00+05:30,1207.0,1211.1,1207.0,1209.1,2902,0
2026-08-06T13:30:00+05:30,1209.2,1213.1,1208.5,1212.3,5497,0
2026-08-06T13:45:00+05:30,1212.3,1212.5,1207.0,1208.2,3009,0
2026-08-06T14:00:00+05:30,1208.8,1210.5,1207.0,1208.0,2594,0
2026-08-06T14:15:00+05:30,1208.0,1208.8,1203.4,1204.2,3720,0
2026-08-06T14:30:00+05:30,1204.2,1205.3,1203.0,1204.8,1997,0
2026-08-06T14:45:00+05:30,1204.1,1207.7,1202.7,1205.4,3196,0
2026-08-06T15:00:00+05:30,1205.4,1206.6,1201.0,1202.6,16990,0
2026-08-06T15:15:00+05:30,1201.6,1206.5,1201.0,1204.0,5915,0
2026-08-07T09:15:00+05:30,1204.5,1220.0,1200.4,1203.0,12621,0
2026-08-07T09:30:00+05:30,1203.0,1208.8,1200.0,1207.9,6783,0
2026-08-07T09:45:00+05:30,1208.0,1209.2,1202.5,1202.6,1075,0
2026-08-07T10:00:00+05:30,1202.0,1205.0,1202.0,1202.6,3227,0
2026-08-07T10:15:00+05:30,1203.7,1211.1,1202.6,1209.7,2883,0
2026-08-07T10:30:00+05:30,1209.9,1210.4,1208.1,1209.2,982,0
2026-08-07T10:45:00+05:30,1207.1,1208.9,1206.1,1208.5,1803,0
2026-08-07T11:00:00+05:30,1209.8,1209.9,1205.0,1206.3,676,0
2026-08-07T11:15:00+05:30,1206.2,1207.0,1203.3,1203.9,2558,0
2026-08-07T11:30:00+05:30,1204.2,1207.0,1203.9,1207.0,480,0
2026-08-07T11:45:00+05:30,1207.0,1207.0,1204.2,1205.5,3542,0
2026-08-07T12:00:00+05:30,1204.0,1205.9,1202.0,1205.5,3606,0
2026-08-07T12:15:00+05:30,1205.5,1206.0,1204.2,1204.9,593,0
2026-08-07T12:30:00+05:30,1204.9,1204.9,1195.0,1198.6,6064,0
2026-08-07T12:45:00+05:30,1197.0,1201.6,1197.0,1198.2,3007,0
2026-08-07T13:00:00+05:30,1198.1,1199.6,1197.9,1197.9,1025,0
2026-08-07T13:15:00+05:30,1198.0,1198.0,1192.2,1196.1,4066,0
2026-08-07T13:30:00+05:30,1196.1,1196.3,1191.6,1191.6,1786,0
2026-08-07T13:45:00+05:30,1192.0,1193.6,1191.0,1192.0,1385,0
2026-08-07T14:00:00+05:30,1193.0,1194.0,1190.0,1192.0,2259,0
2026-08-07T14:15:00+05:30,1191.0,1192.9,1190.4,1192.9,692,0
2026-08-07T14:30:00+05:30,1191.6,1192.4,1188.2,1189.0,4563,0
2026-08-07T14:45:00+05:30,1189.2,1189.4,1186.3,1186.9,1965,0
2026-08-07T15:00:00+05:30,1186.5,1190.0,1185.3,1190.0,5019,0
2026-08-07T15:15:00+05:30,1189.3,1195.3,1185.9,1195.0,4997,0
2026-08-10T09:15:00+05:30,1196.2,1201.0,1186.3,1188.0,19432,0
2026-08-10T09:30:00+05:30,1188.0,1193.8,1186.0,1190.6,4916,0
2026-08-10T09:45:00+05:30,1190.6,1193.1,1189.8,1192.4,1102,0
2026-08-10T10:00:00+05:30,1192.4,1195.0,1192.3,1192.6,934,0
2026-08-10T10:15:00+05:30,1192.7,1194.7,1190.4,1190.4,1390,0
2026-08-10T10:30:00+05:30,1191.1,1191.4,1189.8,1189.8,2732,0
2026-08-10T10:45:00+05:30,1189.8,1190.0,1187.5,1188.5,2214,0
2026-08-10T11:00:00+05:30,1188.5,1188.5,1186.5,1186.6,1108,0
2026-08-10T11:15:00+05:30,1187.8,1189.0,1185.0,1186.2,2571,0
2026-08-10T11:30:00+05:30,1187.0,1187.8,1186.0,1186.1,351,0
2026-08-10T11:45:00+05:30,1186.1,1187.0,1185.0,1185.0,1522,0
2026-08-10T12:00:00+05:30,1186.2,1188.0,1185.0,1188.0,544,0
2026-08-10T12:15:00+05:30,1187.9,1188.3,1186.7,1186.7,278,0
2026-08-10T12:30:00+05:30,1186.8,1188.3,1186.7,1187.1,422,0
2026-08-10T12:45:00+05:30,1188.3,1189.2,1187.3,1188.9,145,0
2026-08-10T13:00:00+05:30,1188.9,1189.3,1187.3,1187.3,514,0
2026-08-10T13:15:00+05:30,1187.3,1188.4,1187.1,1188.2,611,0
2026-08-10T13:30:00+05:30,1187.5,1187.6,1186.0,1187.1,2140,0
2026-08-10T13:45:00+05:30,1187.1,1187.1,1185.5,1185.5,238,0
2026-08-10T14:00:00+05:30,1186.0,1186.0,1185.0,1185.9,1040,0
2026-08-10T14:15:00+05:30,1185.0,1186.0,1182.1,1184.0,2762,0
2026-08-10T14:30:00+05:30,1184.0,1184.7,1181.0,1181.1,381,0
2026-08-10T14:45:00+05:30,1181.1,1181.5,1177.1,1177.1,1010,0
2026-08-10T15:00:00+05:30,1177.9,1179.9,1175.0,1176.9,2582,0
2026-08-10T15:15:00+05:30,1176.8,1180.0,1176.1,1180.0,1150,0
2026-08-11T09:15:00+05:30,1180.0,1205.4,1180.0,1199.0,8867,0
2026-08-11T09:30:00+05:30,1198.6,1202.5,1192.5,1197.1,14379,0
2026-08-11T09:45:00+05:30,1197.0,1197.6,1195.0,1196.9,2392,0
2026-08-11T10:00:00+05:30,1196.1,1196.1,1192.3,1192.9,1501,0
2026-08-11T10:15:00+05:30,1192.9,1192.9,1191.4,1192.4,254,0
2026-08-11T10:30:00+05:30,1192.4,1194.3,1191.1,1193.4,989,0
2026-08-11T10:45:00+05:30,1193.4,1197.6,1192.8,1192.8,1345,0
2026-08-11T11:00:00+05:30,1192.8,1193.7,1192.4,1193.0,335,0
2026-08-11T11:15:00+05:30,1193.0,1194.6,1192.5,1193.9,978,0
2026-08-11T11:30:00+05:30,1193.9,1194.6,1192.1,1193.8,1544,0
2026-08-11T11:45:00+05:30,1194.6,1195.0,1191.5,1191.5,787,0
2026-08-11T12:00:00+05:30,1191.5,1193.1,1191.5,1192.0,318,0
2026-08-11T12:15:00+05:30,1192.9,1193.3,1191.2,1191.5,566,0
2026-08-11T12:30:00+05:30,1191.5,1192.9,1188.0,1188.6,3217,0
2026-08-11T12:45:00+05:30,1188.9,1190.8,1187.3,1187.3,960,0
2026-08-11T13:00:00+05:30,1187.7,1188.3,1185.4,1185.4,897,0
2026-08-11T13:15:00+05:30,1186.0,1187.4,1185.0,1185.0,1600,0
2026-08-11T13:30:00+05:30,1185.2,1185.2,1181.3,1183.9,1565,0
2026-08-11T13:45:00+05:30,1183.9,1184.7,1182.7,1182.7,343,0
2026-08-11T14:00:00+05:30,1183.4,1183.6,1179.9,1180.0,1130,0
2026-08-11T14:15:00+05:30,1180.9,1185.2,1180.5,1184.1,1114,0
2026-08-11T14:30:00+05:30,1184.1,1184.7,1180.0,1183.8,1312,0
2026-08-11T14:45:00+05:30,1184.7,1186.1,1183.6,1186.1,3370,0
2026-08-11T15:00:00+05:30,1185.5,1190.5,1185.1,1187.0,7184,0
2026-08-11T15:15:00+05:30,1187.0,1198.0,1185.9,1196.0,5373,0
2026-08-12T09:15:00+05:30,1200.8,1200.8,1182.7,1185.1,3655,0
2026-08-12T09:30:00+05:30,1185.8,1185.8,1179.0,1179.1,1961,0
2026-08-12T09:45:00+05:30,1179.8,1182.7,1177.1,1177.3,2451,0
2026-08-12T10:00:00+05:30,1177.2,1177.9,1175.0,1177.0,629,0
2026-08-12T10:15:00+05:30,1177.0,1178.0,1175.4,1177.0,784,0
2026-08-12T10:30:00+05:30,1177.0,1177.0,1172.4,1174.6,1613,0
2026-08-12T10:45:00+05:30,1175.0,1176.3,1171.1,1175.6,1593,0
2026-08-12T11:00:00+05:30,1175.2,1175.5,1171.0,1172.3,1119,0
2026-08-12T11:15:00+05:30,1172.7,1175.0,1172.0,1173.6,659,0
2026-08-12T11:30:00+05:30,1173.9,1173.9,1171.7,1172.7,232,0
2026-08-12T11:45:00+05:30,1173.9,1176.2,1173.8,1174.4,729,0
2026-08-12T12:00:00+05:30,1174.7,1175.4,1172.7,1175.4,544,0
2026-08-12T12:15:00+05:30,1175.3,1177.2,1175.0,1175.0,194,0
2026-08-12T12:30:00+05:30,1175.0,1176.5,1172.8,1176.5,477,0
2026-08-12T12:45:00+05:30,1176.5,1179.4,1176.5,1179.0,343,0
2026-08-12T13:00:00+05:30,1178.9,1179.0,1177.6,1178.7,102,0
2026-08-12T13:15:00+05:30,1178.7,1178.7,1176.5,1178.5,385,0
2026-08-12T13:30:00+05:30,1178.5,1178.5,1176.9,1177.9,258,0
2026-08-12T13:45:00+05:30,1177.9,1179.0,1177.7,1178.1,184,0
2026-08-12T14:00:00+05:30,1178.1,1178.7,1176.5,1176.6,2225,0
2026-08-12T14:15:00+05:30,1177.5,1178.4,1176.7,1177.9,208,0
2026-08-12T14:30:00+05:30,1178.1,1179.9,1177.2,1178.5,541,0
2026-08-12T14:45:00+05:30,1178.0,1182.9,1176.5,1180.3,1943,0
2026-08-12T15:00:00+05:30,1180.3,1181.1,1180.0,1180.0,1350,0
2026-08-12T15:15:00+05:30,1180.1,1185.9,1178.5,1180.1,3003,0
2026-08-13T09:15:00+05:30,1181.0,1188.6,1176.5,1177.6,3059,0
2026-08-13T09:30:00+05:30,1177.5,1183.0,1175.0,1178.5,4192,0
2026-08-13T09:45:00+05:30,1179.0,1180.6,1177.0,1177.0,2103,0
2026-08-13T10:00:00+05:30,1177.0,1180.3,1177.0,1178.8,766,0
2026-08-13T10:15:00+05:30,1178.7,1178.7,1176.2,1176.2,580,0
2026-08-13T10:30:00+05:30,1176.9,1180.8,1176.9,1177.7,1697,0
2026-08-13T10:45:00+05:30,1177.5,1178.8,1177.5,1177.5,95,0
2026-08-13T11:00:00+05:30,1177.5,1177.5,1175.0,1175.0,1489,0
2026-08-13T11:15:00+05:30,1174.8,1175.9,1174.3,1174.6,272,0
2026-08-13T11:30:00+05:30,1175.5,1175.6,1173.3,1174.9,1749,0
2026-08-13T11:45:00+05:30,1174.9,1177.9,1174.1,1177.2,452,0
2026-08-13T12:00:00+05:30,1177.2,1180.0,1177.2,1178.1,1439,0
2026-08-13T12:15:00+05:30,1179.9,1180.0,1178.6,1178.6,335,0
2026-08-13T12:30:00+05:30,1178.7,1178.9,1177.0,1177.0,1290,0
2026-08-13T12:45:00+05:30,1177.0,1178.5,1174.3,1178.5,1083,0
2026-08-13T13:00:00+05:30,1180.1,1183.1,1178.0,1178.0,686,0
2026-08-13T13:15:00+05:30,1178.1,1178.3,1176.2,1177.0,1017,0
2026-08-13T13:30:00+05:30,1177.0,1179.0,1175.3,1177.0,1528,0
2026-08-13T13:45:00+05:30,1177.0,1178.2,1177.0,1177.0,258,0
2026-08-13T14:00:00+05:30,1177.3,1177.3,1175.3,1176.3,2171,0
2026-08-13T14:15:00+05:30,1176.3,1178.2,1175.8,1177.0,819,0
2026-08-13T14:30:00+05:30,1177.0,1179.3,1175.8,1179.3,1198,0
2026-08-13T14:45:00+05:30,1179.6,1180.0,1179.0,1179.6,7517,0
2026-08-13T15:00:00+05:30,1179.0,1179.6,1174.6,1176.8,2801,0
2026-08-13T15:15:00+05:30,1177.0,1177.3,1174.0,1174.9,2755,0
2026-08-14T09:15:00+05:30,1176.7,1177.4,1166.6,1167.7,3515,0
2026-08-14T09:30:00+05:30,1167.0,1168.0,1159.3,1159.3,6211,0
2026-08-14T09:45:00+05:30,1158.4,1158.9,1148.0,1156.2,10615,0
2026-08-14T10:00:00+05:30,1156.6,1160.6,1156.6,1159.8,1111,0
2026-08-14T10:15:00+05:30,1159.1,1160.3,1156.2,1156.2,865,0
2026-08-14T10:30:00+05:30,1157.2,1157.2,1153.3,1153.6,1092,0
2026-08-14T10:45:00+05:30,1153.6,1157.5,1152.8,1154.0,594,0
2026-08-14T11:00:00+05:30,1154.0,1156.7,1153.2,1153.6,804,0
2026-08-14T11:15:00+05:30,1153.6,1156.4,1153.6,1154.8,591,0
2026-08-14T11:30:00+05:30,1154.8,1160.0,1154.8,1159.0,1649,0
2026-08-14T11:45:00+05:30,1159.0,1166.9,1157.0,1162.1,4840,0
2026-08-14T12:00:00+05:30,1161.5,1161.5,1155.0,1159.7,5882,0
2026-08-14T12:15:00+05:30,1158.8,1161.5,1158.8,1160.1,604,0
2026-08-14T12:30:00+05:30,1160.1,1160.4,1158.2,1158.3,291,0
2026-08-14T12:45:00+05:30,1159.1,1160.0,1158.1,1159.6,368,0
2026-08-14T13:00:00+05:30,1159.6,1159.9,1158.9,1159.9,253,0
2026-08-14T13:15:00+05:30,1159.9,1162.8,1159.9,1161.8,314,0
2026-08-14T13:30:00+05:30,1162.1,1162.2,1160.1,1160.1,1209,0
2026-08-14T13:45:00+05:30,1160.6,1163.1,1160.6,1161.8,272,0
2026-08-14T14:00:00+05:30,1161.9,1161.9,1160.7,1160.7,77,0
2026-08-14T14:15:00+05:30,1161.0,1162.0,1159.9,1160.9,490,0
2026-08-14T14:30:00+05:30,1160.9,1161.2,1160.2,1160.2,219,0
2026-08-14T14:45:00+05:30,1160.2,1161.1,1160.1,1160.4,178,0
2026-08-14T15:00:00+05:30,1160.4,1160.4,1155.7,1158.3,2714,0
2026-08-14T15:15:00+05:30,1158.3,1165.9,1156.6,1162.1,4852,0
2026-08-17T09:15:00+05:30,1166.8,1166.8,1156.7,1157.6,2725,0
2026-08-17T09:30:00+05:30,1157.0,1169.0,1157.0,1168.3,4066,0
2026-08-17T09:45:00+05:30,1168.3,1169.9,1167.3,1168.9,931,0
2026-08-17T10:00:00+05:30,1167.2,1168.9,1166.9,1167.5,935,0
2026-08-17T10:15:00+05:30,1167.5,1168.2,1165.4,1166.9,294,0
2026-08-17T10:30:00+05:30,1166.0,1170.9,1166.0,1168.0,2350,0
2026-08-17T10:45:00+05:30,1168.0,1168.8,1163.0,1166.8,2269,0
2026-08-17T11:00:00+05:30,1166.8,1167.1,1165.5,1167.1,139,0
2026-08-17T11:15:00+05:30,1167.1,1168.0,1165.4,1167.3,278,0
2026-08-17T11:30:00+05:30,1167.3,1169.8,1165.7,1167.7,551,0
2026-08-17T11:45:00+05:30,1166.4,1168.0,1166.4,1166.7,80,0
2026-08-17T12:00:00+05:30,1168.3,1168.7,1166.7,1167.7,185,0
2026-08-17T12:15:00+05:30,1168.7,1169.3,1167.6,1168.0,305,0
2026-08-17T12:30:00+05:30,1168.0,1170.0,1168.0,1170.0,2180,0
2026-08-17T12:45:00+05:30,1170.8,1178.0,1170.1,1176.5,3276,0
2026-08-17T13:00:00+05:30,1176.5,1177.5,1175.5,1175.5,331,0
2026-08-17T13:15:00+05:30,1175.5,1176.6,1174.5,1174.5,460,0
2026-08-17T13:30:00+05:30,1174.5,1176.8,1174.3,1176.8,226,0
2026-08-17T13:45:00+05:30,1176.8,1176.8,1174.5,1176.6,203,0
2026-08-17T14:00:00+05:30,1176.4,1177.3,1175.6,1177.0,129,0
2026-08-17T14:15:00+05:30,1176.9,1177.0,1173.1,1176.4,1454,0
2026-08-17T14:30:00+05:30,1176.5,1176.5,1168.9,1170.0,4386,0
2026-08-17T14:45:00+05:30,1170.0,1172.8,1170.0,1170.9,359,0
2026-08-17T15:00:00+05:30,1171.9,1177.0,1171.9,1174.2,3046,0
2026-08-17T15:15:00+05:30,1173.1,1180.0,1170.0,1170.0,3150,0
2026-08-18T09:15:00+05:30,1174.6,1181.2,1169.2,1173.9,2970,0
2026-08-18T09:30:00+05:30,1173.9,1184.3,1173.9,1177.9,3290,0
2026-08-18T09:45:00+05:30,1177.5,1177.7,1171.0,1171.0,655,0
2026-08-18T10:00:00+05:30,1171.0,1173.6,1169.2,1171.0,1337,0
2026-08-18T10:15:00+05:30,1171.0,1171.5,1167.8,1167.8,581,0
2026-08-18T10:30:00+05:30,1167.8,1171.5,1167.8,1170.9,1364,0
2026-08-18T10:45:00+05:30,1170.5,1176.0,1170.0,1172.3,1166,0
2026-08-18T11:00:00+05:30,1172.3,1172.8,1170.4,1172.8,166,0
2026-08-18T11:15:00+05:30,1172.8,1172.8,1170.0,1170.2,147,0
2026-08-18T11:30:00+05:30,1171.2,1171.2,1167.2,1169.6,703,0
2026-08-18T11:45:00+05:30,1169.5,1172.6,1167.6,1171.6,809,0
2026-08-18T12:00:00+05:30,1170.5,1171.8,1169.3,1171.5,206,0
2026-08-18T12:15:00+05:30,1171.5,1181.0,1168.1,1180.1,2996,0
2026-08-18T12:30:00+05:30,1180.1,1180.1,1173.6,1176.4,6835,0
2026-08-18T12:45:00+05:30,1173.8,1176.8,1173.5,1174.4,127,0
2026-08-18T13:00:00+05:30,1175.1,1177.0,1173.8,1176.4,162,0
2026-08-18T13:15:00+05:30,1175.9,1176.8,1172.8,1174.0,903,0
2026-08-18T13:30:00+05:30,1174.0,1174.0,1171.8,1172.0,133,0
2026-08-18T13:45:00+05:30,1172.6,1174.9,1172.1,1172.2,153,0
2026-08-18T14:00:00+05:30,1172.2,1180.5,1172.1,1176.8,5959,0
2026-08-18T14:15:00+05:30,1177.9,1179.0,1174.0,1178.5,472,0
2026-08-18T14:30:00+05:30,1177.3,1179.4,1176.3,1176.9,1295,0
2026-08-18T14:45:00+05:30,1177.2,1177.5,1172.5,1173.3,1016,0
2026-08-18T15:00:00+05:30,1173.3,1183.0,1171.0,1171.0,9607,0
2026-08-18T15:15:00+05:30,1171.6,1174.1,1170.5,1170.9,5628,0
2026-08-19T09:15:00+05:30,1170.9,1170.9,1160.0,1160.2,1843,0
2026-08-19T09:30:00+05:30,1161.4,1165.6,1160.0,1162.9,2196,0
2026-08-19T09:45:00+05:30,1162.8,1164.7,1162.0,1162.6,994,0
2026-08-19T10:00:00+05:30,1162.7,1162.8,1158.1,1159.0,1125,0
2026-08-19T10:15:00+05:30,1158.6,1161.0,1158.2,1159.7,690,0
2026-08-19T10:30:00+05:30,1159.7,1160.6,1153.0,1153.5,2138,0
2026-08-19T10:45:00+05:30,1153.1,1154.7,1151.8,1152.7,2776,0
2026-08-19T11:00:00+05:30,1153.0,1154.0,1153.0,1153.0,722,0
2026-08-19T11:15:00+05:30,1154.0,1158.3,1152.6,1157.9,953,0
2026-08-19T11:30:00+05:30,1157.8,1157.9,1152.6,1157.0,1866,0
2026-08-19T11:45:00+05:30,1156.9,1157.0,1154.0,1154.0,1152,0
2026-08-19T12:00:00+05:30,1154.0,1158.4,1154.0,1156.6,173,0
2026-08-19T12:15:00+05:30,1157.0,1157.5,1154.0,1155.5,1013,0
2026-08-19T12:30:00+05:30,1154.2,1158.2,1153.6,1156.5,412,0
2026-08-19T12:45:00+05:30,1156.3,1159.5,1156.0,1158.7,898,0
2026-08-19T13:00:00+05:30,1158.6,1159.2,1157.0,1157.8,488,0
2026-08-19T13:15:00+05:30,1158.7,1159.0,1156.0,1157.8,658,0
2026-08-19T13:30:00+05:30,1157.8,1159.1,1156.6,1156.7,307,0
2026-08-19T13:45:00+05:30,1157.6,1158.0,1154.2,1154.7,640,0
2026-08-19T14:00:00+05:30,1155.0,1155.0,1151.7,1153.8,1362,0
2026-08-19T14:15:00+05:30,1153.8,1155.2,1148.0,1154.0,5866,0
2026-08-19T14:30:00+05:30,1155.0,1155.7,1154.0,1155.0,821,0
2026-08-19T14:45:00+05:30,1155.0,1156.0,1150.0,1152.7,2030,0
2026-08-19T15:00:00+05:30,1152.7,1158.9,1151.7,1154.3,2550,0
2026-08-19T15:15:00+05:30,1153.9,1153.9,1151.4,1151.4,2079,0
2026-08-20T09:15:00+05:30,1161.2,1161.2,1150.8,1150.8,1591,0
2026-08-20T09:30:00+05:30,1150.8,1153.2,1145.5,1151.1,2256,0
2026-08-20T09:45:00+05:30,1150.8,1151.8,1148.0,1150.0,1355,0
2026-08-20T10:00:00+05:30,1149.9,1151.9,1148.2,1149.0,1254,0
2026-08-20T10:15:00+05:30,1149.7,1149.7,1144.3,1145.7,1404,0
2026-08-20T10:30:00+05:30,1146.3,1146.4,1142.0,1144.8,1110,0
2026-08-20T10:45:00+05:30,1144.8,1146.4,1141.2,1144.0,1479,0
2026-08-20T11:00:00+05:30,1143.9,1147.8,1143.3,1147.0,1845,0
2026-08-20T11:15:00+05:30,1147.8,1150.2,1147.1,1150.0,1181,0
2026-08-20T11:30:00+05:30,1150.0,1150.9,1147.7,1148.8,2027,0
2026-08-20T11:45:00+05:30,1148.7,1148.8,1147.3,1148.0,839,0
2026-08-20T12:00:00+05:30,1148.0,1148.4,1147.9,1147.9,805,0
2026-08-20T12:15:00+05:30,1147.9,1147.9,1145.0,1146.9,1779,0
2026-08-20T12:30:00+05:30,1146.9,1147.6,1145.4,1147.4,3094,0
2026-08-20T12:45:00+05:30,1147.4,1148.0,1146.0,1147.4,2950,0
2026-08-20T13:00:00+05:30,1147.7,1148.9,1147.1,1148.2,777,0
2026-08-20T13:15:00+05:30,1148.2,1150.3,1147.6,1148.0,2347,0
2026-08-20T13:30:00+05:30,1148.0,1149.6,1147.1,1147.8,178,0
2026-08-20T13:45:00+05:30,1148.4,1148.4,1146.1,1147.6,975,0
2026-08-20T14:00:00+05:30,1147.8,1148.0,1146.4,1148.0,513,0
2026-08-20T14:15:00+05:30,1148.0,1148.0,1147.0,1147.5,309,0
2026-08-20T14:30:00+05:30,1147.5,1148.4,1146.0,1148.2,1105,0
2026-08-20T14:45:00+05:30,1147.7,1153.3,1147.7,1149.0,4447,0
2026-08-20T15:00:00+05:30,1149.0,1152.0,1146.4,1150.3,2593,0
2026-08-20T15:15:00+05:30,1150.3,1165.0,1149.0,1150.0,5661,0
2026-08-21T09:15:00+05:30,1151.3,1154.9,1142.1,1142.9,2123,0
2026-08-21T09:30:00+05:30,1143.1,1146.9,1139.0,1139.0,3417,0
2026-08-21T09:45:00+05:30,1140.0,1141.9,1136.8,1139.2,4119,0
2026-08-21T10:00:00+05:30,1138.6,1141.1,1136.8,1139.0,3825,0
2026-08-21T10:15:00+05:30,1139.0,1140.4,1136.2,1138.0,1950,0
2026-08-21T10:30:00+05:30,1138.0,1139.2,1129.6,1138.9,6981,0
2026-08-21T10:45:00+05:30,1138.9,1140.1,1137.1,1138.7,902,0
2026-08-21T11:00:00+05:30,1138.7,1141.4,1135.0,1138.9,1974,0
2026-08-21T11:15:00+05:30,1139.8,1142.9,1137.6,1140.2,4136,0
2026-08-21T11:30:00+05:30,1140.2,1146.8,1139.2,1142.8,5670,0
2026-08-21T11:45:00+05:30,1142.8,1142.8,1138.2,1140.2,3221,0
2026-08-21T12:00:00+05:30,1140.4,1142.5,1138.5,1140.5,1556,0
2026-08-21T12:15:00+05:30,1140.4,1140.6,1136.5,1139.6,1393,0
2026-08-21T12:30:00+05:30,1139.6,1141.9,1138.0,1139.3,2618,0
2026-08-21T12:45:00+05:30,1139.3,1141.0,1137.0,1138.6,2984,0
2026-08-21T13:00:00+05:30,1138.0,1138.4,1134.7,1135.8,1041,0
2026-08-21T13:15:00+05:30,1135.0,1135.8,1134.5,1135.2,344,0
2026-08-21T13:30:00+05:30,1136.0,1137.9,1135.3,1136.6,292,0
2026-08-21T13:45:00+05:30,1136.6,1137.9,1134.4,1137.5,614,0
2026-08-21T14:00:00+05:30,1137.5,1137.5,1135.8,1136.5,181,0
2026-08-21T14:15:00+05:30,1136.0,1136.8,1134.5,1136.0,802,0
2026-08-21T14:30:00+05:30,1136.7,1137.8,1136.1,1137.0,474,0
2026-08-21T14:45:00+05:30,1137.8,1141.2,1137.0,1139.3,1661,0
2026-08-21T15:00:00+05:30,1139.3,1148.3,1139.0,1139.6,5332,0
2026-08-21T15:15:00+05:30,1139.6,1147.2,1129.0,1139.0,15024,0
2026-08-24T09:15:00+05:30,1140.0,1148.3,1137.3,1144.2,4696,0
2026-08-24T09:30:00+05:30,1144.5,1155.0,1137.5,1144.0,30886,0
2026-08-24T09:45:00+05:30,1144.0,1146.4,1142.1,1143.5,7019,0
2026-08-24T10:00:00+05:30,1143.5,1143.7,1137.6,1140.9,9079,0
2026-08-24T10:15:00+05:30,1140.1,1140.9,1139.0,1139.2,664,0
2026-08-24T10:30:00+05:30,1139.6,1140.1,1138.6,1139.4,1045,0
2026-08-24T10:45:00+05:30,1139.9,1146.6,1136.6,1138.4,16586,0
2026-08-24T11:00:00+05:30,1138.4,1138.4,1132.1,1133.0,3415,0
2026-08-24T11:15:00+05:30,1133.0,1136.2,1131.9,1132.4,11572,0
2026-08-24T11:30:00+05:30,1132.4,1135.0,1131.6,1132.0,8619,0
2026-08-24T11:45:00+05:30,1132.3,1141.9,1130.6,1139.0,12401,0
2026-08-24T12:00:00+05:30,1138.9,1143.0,1137.1,1142.0,2955,0
2026-08-24T12:15:00+05:30,1141.6,1148.5,1140.6,1144.0,3695,0
2026-08-24T12:30:00+05:30,1143.3,1153.0,1142.5,1150.0,7519,0
2026-08-24T12:45:00+05:30,1150.0,1152.6,1148.4,1152.4,2128,0
2026-08-24T13:00:00+05:30,1152.5,1162.5,1152.5,1156.9,4060,0
2026-08-24T13:15:00+05:30,1156.9,1164.2,1156.1,1162.7,2785,0
2026-08-24T13:30:00+05:30,1163.1,1167.6,1160.1,1162.9,3658,0
2026-08-24T13:45:00+05:30,1163.0,1169.8,1163.0,1165.2,8588,0
2026-08-24T14:00:00+05:30,1165.9,1167.9,1164.5,1165.2,1006,0
2026-08-24T14:15:00+05:30,1165.2,1170.0,1160.3,1169.8,4615,0
2026-08-24T14:30:00+05:30,1169.6,1169.6,1165.0,1166.3,2311,0
2026-08-24T14:45:00+05:30,1165.1,1167.1,1165.0,1166.7,581,0
2026-08-24T15:00:00+05:30,1166.1,1170.0,1158.0,1163.2,11548,0
2026-08-24T15:15:00+05:30,1164.6,1169.6,1161.9,1163.0,5706,0
2026-08-25T09:15:00+05:30,1164.9,1173.9,1154.5,1156.3,6197,0
2026-08-25T09:30:00+05:30,1154.7,1158.2,1152.1,1155.0,3074,0
2026-08-25T09:45:00+05:30,1155.0,1155.0,1150.0,1153.0,3029,0
2026-08-25T10:00:00+05:30,1153.8,1154.7,1150.4,1150.5,945,0
2026-08-25T10:15:00+05:30,1150.6,1154.6,1150.5,1153.0,1974,0
2026-08-25T10:30:00+05:30,1153.1,1154.0,1150.5,1151.0,1399,0
2026-08-25T10:45:00+05:30,1151.0,1153.4,1148.0,1152.0,2979,0
2026-08-25T11:00:00+05:30,1152.6,1155.1,1152.0,1152.4,1514,0
2026-08-25T11:15:00+05:30,1152.4,1154.0,1151.2,1152.1,492,0
2026-08-25T11:30:00+05:30,1152.0,1153.8,1147.2,1148.0,3682,0
2026-08-25T11:45:00+05:30,1147.0,1148.7,1145.1,1147.0,2302,0
2026-08-25T12:00:00+05:30,1147.0,1148.0,1141.2,1141.2,3700,0
2026-08-25T12:15:00+05:30,1141.7,1143.3,1140.8,1143.0,1490,0
2026-08-25T12:30:00+05:30,1143.0,1146.0,1141.8,1141.8,6677,0
2026-08-25T12:45:00+05:30,1142.1,1144.8,1141.6,1143.0,1974,0
2026-08-25T13:00:00+05:30,1143.0,1144.0,1140.0,1143.0,3444,0
2026-08-25T13:15:00+05:30,1142.1,1149.0,1142.0,1149.0,4661,0
2026-08-25T13:30:00+05:30,1148.3,1151.0,1147.6,1148.3,511,0
2026-08-25T13:45:00+05:30,1148.3,1152.1,1147.1,1151.6,1182,0
2026-08-25T14:00:00+05:30,1151.1,1155.2,1149.1,1151.5,2712,0
2026-08-25T14:15:00+05:30,1151.9,1152.0,1150.3,1151.6,245,0
2026-08-25T14:30:00+05:30,1151.6,1153.4,1150.1,1151.4,1167,0
2026-08-25T14:45:00+05:30,1151.6,1154.3,1150.2,1153.7,1115,0
2026-08-25T15:00:00+05:30,1153.0,1156.0,1151.1,1153.0,1368,0
2026-08-25T15:15:00+05:30,1153.2,1156.0,1153.0,1155.0,3239,0
2026-08-26T09:15:00+05:30,1155.0,1164.0,1150.3,1153.8,4301,0
2026-08-26T09:30:00+05:30,1153.0,1154.0,1147.0,1150.5,2775,0
2026-08-26T09:45:00+05:30,1149.5,1151.9,1147.5,1150.2,2744,0
2026-08-26T10:00:00+05:30,1151.5,1155.4,1151.5,1155.0,965,0
2026-08-26T10:15:00+05:30,1155.0,1165.0,1153.0,1157.0,4945,0
2026-08-26T10:30:00+05:30,1157.0,1161.6,1155.7,1160.8,1786,0
2026-08-26T10:45:00+05:30,1160.8,1161.2,1157.6,1159.4,1474,0
2026-08-26T11:00:00+05:30,1158.3,1159.0,1157.0,1157.0,377,0
2026-08-26T11:15:00+05:30,1158.0,1158.0,1155.0,1155.3,587,0
2026-08-26T11:30:00+05:30,1155.3,1157.0,1153.6,1157.0,607,0
2026-08-26T11:45:00+05:30,1156.6,1158.0,1155.5,1157.9,1113,0
2026-08-26T12:00:00+05:30,1158.0,1158.0,1155.7,1157.1,306,0
2026-08-26T12:15:00+05:30,1157.1,1165.0,1157.1,1165.0,1383,0
2026-08-26T12:30:00+05:30,1165.0,1166.0,1161.7,1162.0,814,0
2026-08-26T12:45:00+05:30,1163.4,1164.9,1161.8,1162.8,896,0
2026-08-26T13:00:00+05:30,1163.0,1163.7,1160.1,1161.9,1277,0
2026-08-26T13:15:00+05:30,1161.9,1163.1,1161.8,1163.1,297,0
2026-08-26T13:30:00+05:30,1163.0,1163.1,1161.9,1162.5,217,0
2026-08-26T13:45:00+05:30,1162.5,1163.1,1161.9,1162.3,159,0
2026-08-26T14:00:00+05:30,1162.3,1164.0,1161.1,1163.4,1156,0
2026-08-26T14:15:00+05:30,1163.6,1163.9,1161.9,1162.4,287,0
2026-08-26T14:30:00+05:30,1162.8,1163.2,1161.5,1162.2,1126,0
2026-08-26T14:45:00+05:30,1162.2,1163.0,1160.1,1162.9,1349,0
2026-08-26T15:00:00+05:30,1162.5,1165.0,1160.3,1162.0,3274,0
2026-08-26T15:15:00+05:30,1162.1,1165.0,1161.1,1165.0,2566,0
2026-08-27T09:15:00+05:30,1170.0,1170.0,1155.7,1157.0,1505,0
2026-08-27T09:30:00+05:30,1157.1,1161.4,1156.6,1159.8,2353,0
2026-08-27T09:45:00+05:30,1159.7,1164.9,1157.6,1157.6,1357,0
2026-08-27T10:00:00+05:30,1157.7,1159.9,1155.8,1157.9,1461,0
2026-08-27T10:15:00+05:30,1157.2,1160.6,1156.2,1158.1,1696,0
2026-08-27T10:30:00+05:30,1158.1,1159.0,1156.8,1158.3,805,0
2026-08-27T10:45:00+05:30,1158.3,1159.0,1157.5,1158.8,180,0
2026-08-27T11:00:00+05:30,1158.0,1161.7,1157.3,1161.0,1692,0
2026-08-27T11:15:00+05:30,1161.0,1161.0,1159.1,1160.0,262,0
2026-08-27T11:30:00+05:30,1159.2,1160.7,1158.0,1159.9,750,0
2026-08-27T11:45:00+05:30,1159.9,1159.9,1157.0,1158.8,251,0
2026-08-27T12:00:00+05:30,1158.0,1159.0,1154.2,1156.2,3687,0
2026-08-27T12:15:00+05:30,1156.2,1156.2,1152.3,1153.6,1657,0
2026-08-27T12:30:00+05:30,1153.6,1153.6,1151.0,1151.0,1300,0
2026-08-27T12:45:00+05:30,1151.0,1151.9,1150.0,1151.4,583,0
2026-08-27T13:00:00+05:30,1151.4,1153.3,1150.5,1151.0,1786,0
2026-08-27T13:15:00+05:30,1151.7,1152.5,1151.1,1152.0,298,0
2026-08-27T13:30:00+05:30,1152.0,1152.0,1150.0,1151.2,1630,0
2026-08-27T13:45:00+05:30,1151.2,1151.5,1150.3,1151.0,76,0
2026-08-27T14:00:00+05:30,1151.0,1161.8,1150.1,1157.9,14285,0
2026-08-27T14:15:00+05:30,1157.8,1160.3,1151.6,1157.5,3076,0
2026-08-27T14:30:00+05:30,1156.8,1156.8,1153.8,1154.9,608,0
2026-08-27T14:45:00+05:30,1156.1,1157.4,1153.6,1155.0,1317,0
2026-08-27T15:00:00+05:30,1155.0,1156.2,1153.3,1154.5,2399,0
2026-08-27T15:15:00+05:30,1154.5,1156.7,1152.0,1152.0,3097,0
2026-08-28T09:15:00+05:30,1154.3,1154.3,1146.4,1150.0,3932,0
2026-08-28T09:30:00+05:30,1151.4,1151.7,1145.0,1150.2,2525,0
2026-08-28T09:45:00+05:30,1150.1,1151.9,1148.0,1151.8,3210,0
2026-08-28T10:00:00+05:30,1151.8,1153.0,1149.1,1152.5,1051,0
2026-08-28T10:15:00+05:30,1152.5,1154.6,1151.9,1153.9,1455,0
2026-08-28T10:30:00+05:30,1154.0,1154.0,1150.3,1151.2,865,0
2026-08-28T10:45:00+05:30,1151.2,1151.7,1146.5,1147.2,4380,0
2026-08-28T11:00:00+05:30,1147.2,1147.6,1146.1,1146.7,830,0
2026-08-28T11:15:00+05:30,1146.0,1146.4,1142.0,1142.6,5926,0
2026-08-28T11:30:00+05:30,1142.6,1148.0,1136.6,1145.8,4966,0
2026-08-28T11:45:00+05:30,1145.8,1146.7,1141.8,1143.4,1172,0
2026-08-28T12:00:00+05:30,1143.4,1144.8,1142.0,1142.0,874,0
2026-08-28T12:15:00+05:30,1142.8,1145.1,1142.1,1143.8,725,0
2026-08-28T12:30:00+05:30,1143.8,1144.0,1141.0,1143.8,905,0
2026-08-28T12:45:00+05:30,1143.8,1145.0,1141.2,1141.2,817,0
2026-08-28T13:00:00+05:30,1141.9,1143.7,1140.8,1142.9,488,0
2026-08-28T13:15:00+05:30,1142.9,1144.1,1140.9,1141.8,732,0
2026-08-28T13:30:00+05:30,1143.0,1144.4,1141.5,1142.6,661,0
2026-08-28T13:45:00+05:30,1143.5,1144.0,1141.2,1142.3,581,0
2026-08-28T14:00:00+05:30,1143.6,1144.3,1141.2,1143.1,1301,0
2026-08-28T14:15:00+05:30,1143.1,1146.6,1141.6,1144.5,2501,0
2026-08-28T14:30:00+05:30,1144.4,1145.9,1142.5,1143.6,5006,0
2026-08-28T14:45:00+05:30,1143.6,1145.8,1141.7,1143.6,2281,0
2026-08-28T15:00:00+05:30,1143.6,1146.2,1141.0,1141.0,5601,0
2026-08-28T15:15:00+05:30,1142.3,1144.6,1141.4,1143.4,2251,0
2026-08-31T09:15:00+05:30,1137.1,1140.9,1126.3,1135.9,12879,0
2026-08-31T09:30:00+05:30,1136.2,1138.0,1132.5,1132.5,4029,0
2026-08-31T09:45:00+05:30,1133.1,1134.4,1130.0,1131.6,5743,0
2026-08-31T10:00:00+05:30,1131.6,1133.5,1126.0,1130.7,4503,0
2026-08-31T10:15:00+05:30,1131.4,1138.4,1131.1,1136.5,4447,0
2026-08-31T10:30:00+05:30,1136.5,1136.5,1130.3,1133.3,5584,0
2026-08-31T10:45:00+05:30,1133.6,1134.8,1129.4,1131.7,6183,0
2026-08-31T11:00:00+05:30,1131.8,1132.4,1129.9,1129.9,600,0
2026-08-31T11:15:00+05:30,1130.0,1132.4,1129.9,1131.4,2126,0
2026-08-31T11:30:00+05:30,1131.4,1134.1,1130.7,1134.0,1805,0
2026-08-31T11:45:00+05:30,1134.0,1136.0,1132.2,1134.3,1215,0
2026-08-31T12:00:00+05:30,1135.2,1135.2,1133.2,1134.0,859,0
2026-08-31T12:15:00+05:30,1134.2,1136.4,1132.0,1133.5,1666,0
2026-08-31T12:30:00+05:30,1134.0,1135.1,1133.5,1134.9,326,0
2026-08-31T12:45:00+05:30,1133.7,1133.7,1115.0,1123.2,18210,0
2026-08-31T13:00:00+05:30,1122.5,1125.2,1121.7,1123.6,2668,0
2026-08-31T13:15:00+05:30,1123.6,1124.6,1122.3,1122.3,1266,0
2026-08-31T13:30:00+05:30,1122.5,1124.0,1121.9,1123.0,1728,0
2026-08-31T13:45:00+05:30,1123.0,1123.1,1121.0,1121.9,836,0
2026-08-31T14:00:00+05:30,1121.9,1124.4,1120.5,1122.5,3709,0
2026-08-31T14:15:00+05:30,1122.5,1124.4,1122.0,1123.3,1558,0
2026-08-31T14:30:00+05:30,1122.9,1123.8,1121.4,1123.0,2040,0
2026-08-31T14:45:00+05:30,1123.0,1124.0,1122.0,1123.0,2837,0
2026-08-31T15:00:00+05:30,1123.0,1127.4,1118.2,1121.7,10264,0
2026-08-31T15:15:00+05:30,1122.5,1122.5,1119.6,1121.0,3876,0
2026-09-01T09:15:00+05:30,1129.1,1129.1,1119.2,1125.0,3687,0
2026-09-01T09:30:00+05:30,1125.0,1133.3,1125.0,1133.2,7100,0
2026-09-01T09:45:00+05:30,1132.4,1132.5,1125.3,1125.9,3644,0
2026-09-01T10:00:00+05:30,1125.9,1130.3,1125.8,1129.9,1621,0
2026-09-01T10:15:00+05:30,1128.9,1143.7,1128.9,1141.8,5244,0
2026-09-01T10:30:00+05:30,1142.9,1143.0,1137.3,1138.9,3327,0
2026-09-01T10:45:00+05:30,1138.9,1142.6,1137.5,1141.5,1322,0
2026-09-01T11:00:00+05:30,1140.4,1141.7,1137.3,1140.0,1005,0
2026-09-01T11:15:00+05:30,1139.8,1140.0,1137.0,1138.4,1235,0
2026-09-01T11:30:00+05:30,1138.4,1139.6,1135.9,1137.5,2296,0
2026-09-01T11:45:00+05:30,1136.5,1137.2,1136.0,1136.6,582,0
2026-09-01T12:00:00+05:30,1136.6,1137.6,1136.0,1137.6,512,0
2026-09-01T12:15:00+05:30,1137.6,1137.7,1136.0,1136.9,580,0
2026-09-01T12:30:00+05:30,1136.2,1138.3,1136.0,1137.2,837,0
2026-09-01T12:45:00+05:30,1137.2,1137.2,1135.1,1135.5,797,0
2026-09-01T13:00:00+05:30,1135.2,1138.1,1135.2,1135.6,892,0
2026-09-01T13:15:00+05:30,1136.0,1137.0,1135.2,1136.0,457,0
2026-09-01T13:30:00+05:30,1136.4,1136.9,1135.2,1135.8,372,0
2026-09-01T13:45:00+05:30,1135.9,1136.9,1130.3,1131.4,4239,0
2026-09-01T14:00:00+05:30,1131.1,1132.4,1127.3,1130.2,2315,0
2026-09-01T14:15:00+05:30,1131.2,1131.3,1129.2,1130.9,842,0
2026-09-01T14:30:00+05:30,1130.9,1134.2,1129.5,1133.3,1515,0
2026-09-01T14:45:00+05:30,1132.9,1134.8,1130.0,1132.3,4370,0
2026-09-01T15:00:00+05:30,1132.2,1137.9,1130.0,1131.8,5141,0
2026-09-01T15:15:00+05:30,1131.8,1134.3,1131.1,1132.0,2498,0
2026-09-02T09:15:00+05:30,1133.0,1147.4,1118.0,1123.5,10586,0
2026-09-02T09:30:00+05:30,1123.5,1125.5,1123.0,1124.6,3580,0
2026-09-02T09:45:00+05:30,1124.6,1125.0,1121.0,1123.4,4774,0
2026-09-02T10:00:00+05:30,1123.9,1125.1,1123.4,1124.4,2933,0
2026-09-02T10:15:00+05:30,1124.0,1125.0,1123.0,1124.6,1645,0
2026-09-02T10:30:00+05:30,1124.6,1126.3,1123.0,1124.8,2113,0
2026-09-02T10:45:00+05:30,1124.8,1124.8,1120.5,1121.6,3331,0
2026-09-02T11:00:00+05:30,1122.0,1124.0,1121.6,1121.7,2075,0
2026-09-02T11:15:00+05:30,1122.6,1122.9,1121.0,1122.6,1701,0
2026-09-02T11:30:00+05:30,1122.8,1122.8,1120.3,1120.9,935,0
2026-09-02T11:45:00+05:30,1120.6,1121.2,1119.8,1121.0,2206,0
2026-09-02T12:00:00+05:30,1121.0,1122.9,1119.5,1122.9,1050,0
2026-09-02T12:15:00+05:30,1122.5,1122.9,1120.1,1121.2,475,0
2026-09-02T12:30:00+05:30,1121.5,1124.3,1121.5,1124.3,2241,0
2026-09-02T12:45:00+05:30,1123.6,1127.9,1123.4,1124.1,2740,0
2026-09-02T13:00:00+05:30,1124.9,1125.0,1123.0,1124.0,1736,0
2026-09-02T13:15:00+05:30,1124.0,1124.4,1123.6,1124.0,427,0
2026-09-02T13:30:00+05:30,1124.0,1126.5,1123.1,1123.6,2847,0
2026-09-02T13:45:00+05:30,1123.7,1123.7,1123.0,1123.1,1504,0
2026-09-02T14:00:00+05:30,1123.1,1124.6,1123.1,1124.0,710,0
2026-09-02T14:15:00+05:30,1124.0,1126.6,1123.9,1124.9,962,0
2026-09-02T14:30:00+05:30,1124.9,1125.5,1124.6,1125.1,1168,0
2026-09-02T14:45:00+05:30,1125.1,1126.5,1124.4,1124.9,3056,0
2026-09-02T15:00:00+05:30,1124.9,1125.9,1123.7,1124.5,5601,0
2026-09-02T15:15:00+05:30,1124.5,1126.2,1124.4,1126.0,3614,0
2026-09-03T09:15:00+05:30,1130.3,1136.9,1123.0,1124.4,10813,0
2026-09-03T09:30:00+05:30,1124.0,1125.8,1121.3,1124.0,5804,0
2026-09-03T09:45:00+05:30,1124.4,1124.9,1122.1,1123.1,3035,0
2026-09-03T10:00:00+05:30,1123.7,1125.2,1123.0,1124.3,1899,0
2026-09-03T10:15:00+05:30,1124.4,1125.0,1122.7,1124.8,3219,0
2026-09-03T10:30:00+05:30,1124.8,1124.8,1121.3,1121.9,6299,0
2026-09-03T10:45:00+05:30,1122.3,1123.7,1121.7,1123.7,858,0
2026-09-03T11:00:00+05:30,1123.5,1124.0,1122.5,1122.8,997,0
2026-09-03T11:15:00+05:30,1123.6,1124.0,1121.7,1122.8,2968,0
2026-09-03T11:30:00+05:30,1122.8,1123.0,1122.0,1122.0,1259,0
2026-09-03T11:45:00+05:30,1122.0,1122.9,1121.7,1122.5,1801,0
2026-09-03T12:00:00+05:30,1122.1,1122.4,1121.0,1122.4,2193,0
2026-09-03T12:15:00+05:30,1122.4,1122.5,1122.0,1122.2,1119,0
2026-09-03T12:30:00+05:30,1122.0,1122.4,1121.0,1122.3,2213,0
2026-09-03T12:45:00+05:30,1122.3,1125.8,1122.1,1124.0,4289,0
2026-09-03T13:00:00+05:30,1124.8,1124.8,1121.1,1121.2,2448,0
2026-09-03T13:15:00+05:30,1121.3,1123.1,1121.0,1122.4,4332,0
2026-09-03T13:30:00+05:30,1121.6,1124.1,1121.5,1123.5,1209,0
2026-09-03T13:45:00+05:30,1123.5,1124.0,1122.1,1123.5,1215,0
2026-09-03T14:00:00+05:30,1123.5,1123.8,1122.0,1122.6,924,0
2026-09-03T14:15:00+05:30,1123.1,1125.5,1123.0,1124.7,3828,0
2026-09-03T14:30:00+05:30,1124.7,1125.1,1120.4,1120.6,4819,0
2026-09-03T14:45:00+05:30,1120.6,1120.9,1119.0,1120.0,6857,0
2026-09-03T15:00:00+05:30,1120.5,1121.8,1106.4,1109.9,23721,0
2026-09-03T15:15:00+05:30,1109.9,1114.4,1109.0,1114.4,15205,0
