timestamp,open,high,low,close,volume,oi
2026-02-26T09:15:00+05:30,1558.7,1558.7,1536.1,1536.1,124,0
2026-02-26T09:30:00+05:30,1549.0,1555.2,1548.9,1555.2,132,0
2026-02-26T09:45:00+05:30,1555.3,1574.0,1554.0,1566.1,369,0
2026-02-26T10:00:00+05:30,1566.1,1566.1,1564.2,1564.2,8,0
2026-02-26T10:15:00+05:30,1564.2,1564.2,1558.0,1558.0,2,0
2026-02-26T10:30:00+05:30,1558.0,1561.6,1558.0,1561.6,7,0
2026-02-26T10:45:00+05:30,1561.6,1561.8,1560.4,1560.4,8,0
2026-02-26T11:00:00+05:30,1560.4,1560.5,1554.3,1560.5,5,0
2026-02-26T11:15:00+05:30,1562.1,1562.1,1550.0,1550.0,13,0
2026-02-26T11:30:00+05:30,1550.0,1550.0,1550.0,1550.0,0,0
2026-02-26T11:45:00+05:30,1550.0,1564.2,1550.0,1563.0,176,0
2026-02-26T12:00:00+05:30,1563.0,1563.0,1560.0,1560.0,23,0
2026-02-26T12:15:00+05:30,1560.0,1562.9,1560.0,1560.3,332,0
2026-02-26T12:30:00+05:30,1560.3,1560.3,1554.2,1554.2,12,0
2026-02-26T12:45:00+05:30,1554.2,1555.7,1554.2,1555.7,1,0
2026-02-26T13:00:00+05:30,1555.7,1555.8,1555.7,1555.8,4,0
2026-02-26T13:15:00+05:30,1555.8,1560.6,1555.8,1560.6,7,0
2026-02-26T13:30:00+05:30,1560.6,1565.8,1554.4,1565.2,200,0
2026-02-26T13:45:00+05:30,1565.2,1578.6,1565.2,1578.6,66,0
2026-02-26T14:00:00+05:30,1580.1,1592.7,1575.0,1575.0,176,0
2026-02-26T14:15:00+05:30,1575.0,1575.0,1567.0,1570.4,101,0
2026-02-26T14:30:00+05:30,1570.4,1573.7,1570.0,1573.7,102,0
2026-02-26T14:45:00+05:30,1573.7,1573.7,1565.0,1572.1,253,0
2026-02-26T15:00:00+05:30,1569.2,1573.3,1565.0,1573.3,147,0
2026-02-26T15:15:00+05:30,1573.3,1575.0,1565.0,1575.0,120,0
2026-02-27T09:15:00+05:30,1572.6,1572.6,1570.0,1570.0,20,0
2026-02-27T09:30:00+05:30,1570.0,1570.0,1570.0,1570.0,10,0
2026-02-27T09:45:00+05:30,1570.0,1570.0,1566.2,1567.0,11,0
2026-02-27T10:00:00+05:30,1567.0,1569.9,1567.0,1569.9,2,0
2026-02-27T10:15:00+05:30,1569.9,1569.9,1565.0,1565.0,16,0
2026-02-27T10:30:00+05:30,1565.0,1565.0,1565.0,1565.0,0,0
2026-02-27T10:45:00+05:30,1565.0,1565.0,1565.0,1565.0,0,0
2026-02-27T11:00:00+05:30,1565.0,1569.2,1563.2,1569.2,116,0
2026-02-27T11:15:00+05:30,1569.2,1569.2,1569.2,1569.2,0,0
2026-02-27T11:30:00+05:30,1569.2,1569.8,1551.3,1560.0,546,0
2026-02-27T11:45:00+05:30,1558.2,1565.1,1558.2,1565.1,43,0
2026-02-27T12:00:00+05:30,1565.1,1565.6,1565.1,1565.6,5,0
2026-02-27T12:15:00+05:30,1565.6,1565.6,1565.6,1565.6,0,0
2026-02-27T12:30:00+05:30,1565.6,1565.6,1565.6,1565.6,0,0
2026-02-27T12:45:00+05:30,1565.6,1565.6,1565.6,1565.6,0,0
2026-02-27T13:00:00+05:30,1565.6,1568.5,1564.0,1568.5,81,0
2026-02-27T13:15:00+05:30,1566.1,1566.1,1560.0,1560.0,610,0
2026-02-27T13:30:00+05:30,1560.0,1566.4,1560.0,1566.4,2,0
2026-02-27T13:45:00+05:30,1566.4,1566.4,1566.4,1566.4,0,0
2026-02-27T14:00:00+05:30,1566.4,1566.4,1566.4,1566.4,0,0
2026-02-27T14:15:00+05:30,1566.4,1566.4,1566.4,1566.4,0,0
2026-02-27T14:30:00+05:30,1566.4,1566.4,1566.4,1566.4,0,0
2026-02-27T14:45:00+05:30,1566.4,1568.9,1566.4,1568.9,7,0
2026-02-27T15:00:00+05:30,1568.9,1568.9,1565.2,1566.0,157,0
2026-02-27T15:15:00+05:30,1560.3,1569.3,1558.2,1560.0,241,0
2026-03-02T09:15:00+05:30,1502.0,1556.8,1502.0,1541.9,288,0
2026-03-02T09:30:00+05:30,1541.9,1545.4,1540.0,1540.9,59,0
2026-03-02T09:45:00+05:30,1540.7,1555.1,1540.1,1551.8,118,0
2026-03-02T10:00:00+05:30,1551.8,1559.9,1547.4,1553.3,41,0
2026-03-02T10:15:00+05:30,1551.0,1551.5,1540.1,1540.6,85,0
2026-03-02T10:30:00+05:30,1540.6,1542.6,1540.6,1542.0,30,0
2026-03-02T10:45:00+05:30,1541.4,1541.4,1540.1,1540.3,92,0
2026-03-02T11:00:00+05:30,1540.4,1550.8,1540.4,1549.9,8,0
2026-03-02T11:15:00+05:30,1549.9,1549.9,1540.4,1548.0,81,0
2026-03-02T11:30:00+05:30,1548.0,1548.0,1536.6,1536.7,129,0
2026-03-02T11:45:00+05:30,1531.3,1536.8,1531.3,1536.8,13,0
2026-03-02T12:00:00+05:30,1536.8,1536.8,1526.5,1526.5,128,0
2026-03-02T12:15:00+05:30,1526.5,1526.5,1525.7,1526.3,5,0
2026-03-02T12:30:00+05:30,1526.3,1527.1,1526.3,1526.3,4,0
2026-03-02T12:45:00+05:30,1526.3,1532.0,1526.3,1532.0,38,0
2026-03-02T13:00:00+05:30,1532.0,1532.0,1527.6,1527.6,71,0
2026-03-02T13:15:00+05:30,1526.3,1532.0,1525.0,1532.0,168,0
2026-03-02T13:30:00+05:30,1532.0,1532.0,1525.4,1525.5,4,0
2026-03-02T13:45:00+05:30,1525.5,1531.0,1525.5,1531.0,110,0
2026-03-02T14:00:00+05:30,1531.0,1536.7,1531.0,1536.7,35,0
2026-03-02T14:15:00+05:30,1536.7,1547.0,1536.7,1538.2,57,0
2026-03-02T14:30:00+05:30,1538.3,1542.7,1538.1,1538.1,5,0
2026-03-02T14:45:00+05:30,1538.1,1542.6,1538.1,1542.6,22,0
2026-03-02T15:00:00+05:30,1542.6,1550.1,1533.2,1549.9,216,0
2026-03-02T15:15:00+05:30,1549.3,1550.0,1526.0,1550.0,184,0
2026-03-04T09:15:00+05:30,1501.0,1522.1,1499.4,1513.7,653,0
2026-03-04T09:30:00+05:30,1515.1,1520.0,1501.2,1505.0,367,0
2026-03-04T09:45:00+05:30,1507.9,1511.5,1500.1,1500.1,103,0
2026-03-04T10:00:00+05:30,1507.1,1512.0,1503.1,1511.9,58,0
2026-03-04T10:15:00+05:30,1511.9,1511.9,1505.8,1508.1,16,0
2026-03-04T10:30:00+05:30,1511.5,1515.9,1511.5,1515.4,65,0
2026-03-04T10:45:00+05:30,1515.4,1518.9,1515.4,1517.5,41,0
2026-03-04T11:00:00+05:30,1517.5,1521.0,1515.5,1521.0,25,0
2026-03-04T11:15:00+05:30,1521.0,1521.0,1508.0,1509.8,261,0
2026-03-04T11:30:00+05:30,1509.8,1510.2,1500.0,1504.2,190,0
2026-03-04T11:45:00+05:30,1504.2,1507.7,1486.1,1500.0,409,0
2026-03-04T12:00:00+05:30,1500.0,1500.0,1492.1,1499.3,88,0
2026-03-04T12:15:00+05:30,1499.3,1499.9,1493.4,1499.9,20,0
2026-03-04T12:30:00+05:30,1499.9,1506.1,1499.0,1500.3,128,0
2026-03-04T12:45:00+05:30,1500.3,1500.3,1499.1,1499.1,5,0
2026-03-04T13:00:00+05:30,1499.1,1500.6,1498.6,1500.5,12,0
2026-03-04T13:15:00+05:30,1500.5,1510.0,1500.5,1504.3,97,0
2026-03-04T13:30:00+05:30,1504.3,1509.4,1503.1,1507.0,32,0
2026-03-04T13:45:00+05:30,1507.0,1507.0,1494.4,1501.4,128,0
2026-03-04T14:00:00+05:30,1497.9,1506.4,1495.8,1506.4,119,0
2026-03-04T14:15:00+05:30,1506.4,1506.4,1501.8,1504.5,46,0
2026-03-04T14:30:00+05:30,1504.5,1513.9,1504.0,1510.2,104,0
2026-03-04T14:45:00+05:30,1510.2,1517.0,1510.2,1513.0,204,0
2026-03-04T15:00:00+05:30,1513.0,1513.0,1510.0,1510.0,98,0
2026-03-04T15:15:00+05:30,1510.9,1510.9,1510.0,1510.0,319,0
2026-03-05T09:15:00+05:30,1520.0,1530.2,1520.0,1530.2,115,0
2026-03-05T09:30:00+05:30,1530.0,1550.0,1525.0,1525.0,199,0
2026-03-05T09:45:00+05:30,1525.2,1530.0,1521.6,1530.0,113,0
2026-03-05T10:00:00+05:30,1530.0,1545.9,1530.0,1543.3,174,0
2026-03-05T10:15:00+05:30,1543.3,1543.3,1536.0,1538.6,47,0
2026-03-05T10:30:00+05:30,1538.6,1539.7,1535.2,1539.7,69,0
2026-03-05T10:45:00+05:30,1530.0,1531.2,1530.0,1531.2,293,0
2026-03-05T11:00:00+05:30,1531.2,1535.8,1531.2,1535.8,8,0
2026-03-05T11:15:00+05:30,1535.8,1535.8,1535.8,1535.8,0,0
2026-03-05T11:30:00+05:30,1535.8,1535.8,1535.0,1535.0,4,0
2026-03-05T11:45:00+05:30,1535.0,1535.0,1530.0,1530.0,25,0
2026-03-05T12:00:00+05:30,1530.0,1530.0,1530.0,1530.0,0,0
2026-03-05T12:15:00+05:30,1530.0,1530.4,1530.0,1530.4,8,0
2026-03-05T12:30:00+05:30,1530.4,1530.4,1530.4,1530.4,0,0
2026-03-05T12:45:00+05:30,1530.4,1535.0,1530.4,1535.0,2,0
2026-03-05T13:00:00+05:30,1535.0,1535.0,1535.0,1535.0,0,0
2026-03-05T13:15:00+05:30,1534.7,1540.0,1530.1,1530.1,456,0
2026-03-05T13:30:00+05:30,1530.1,1530.1,1526.5,1526.5,54,0
2026-03-05T13:45:00+05:30,1526.5,1530.0,1522.3,1522.3,712,0
2026-03-05T14:00:00+05:30,1522.3,1523.4,1511.0,1511.2,488,0
2026-03-05T14:15:00+05:30,1511.2,1511.2,1511.0,1511.0,11,0
2026-03-05T14:30:00+05:30,1511.0,1515.7,1511.0,1515.7,14,0
2026-03-05T14:45:00+05:30,1515.7,1521.0,1505.5,1520.1,760,0
2026-03-05T15:00:00+05:30,1520.1,1520.1,1519.7,1519.9,11,0
2026-03-05T15:15:00+05:30,1514.1,1515.6,1505.5,1505.5,1030,0
2026-03-06T09:15:00+05:30,1517.5,1528.9,1512.5,1514.3,21,0
2026-03-06T09:30:00+05:30,1514.3,1517.0,1510.8,1510.8,50,0
2026-03-06T09:45:00+05:30,1510.8,1512.7,1510.8,1512.7,2,0
2026-03-06T10:00:00+05:30,1512.7,1512.7,1512.7,1512.7,0,0
2026-03-06T10:15:00+05:30,1512.7,1513.1,1512.7,1513.1,1,0
2026-03-06T10:30:00+05:30,1513.1,1513.1,1513.1,1513.1,0,0
2026-03-06T10:45:00+05:30,1513.1,1513.1,1498.2,1499.2,282,0
2026-03-06T11:00:00+05:30,1499.2,1499.2,1497.6,1497.6,77,0
2026-03-06T11:15:00+05:30,1497.0,1497.1,1496.8,1497.1,61,0
2026-03-06T11:30:00+05:30,1497.1,1497.1,1497.1,1497.1,7,0
2026-03-06T11:45:00+05:30,1495.0,1495.0,1488.3,1490.7,164,0
2026-03-06T12:00:00+05:30,1491.0,1493.8,1491.0,1492.9,76,0
2026-03-06T12:15:00+05:30,1492.9,1494.0,1490.4,1494.0,421,0
2026-03-06T12:30:00+05:30,1494.0,1495.0,1491.2,1491.2,141,0
2026-03-06T12:45:00+05:30,1491.2,1491.2,1491.2,1491.2,0,0
2026-03-06T13:00:00+05:30,1491.2,1495.0,1480.0,1495.0,532,0
2026-03-06T13:15:00+05:30,1490.1,1495.0,1490.0,1491.3,676,0
2026-03-06T13:30:00+05:30,1491.3,1491.3,1490.0,1490.0,70,0
2026-03-06T13:45:00+05:30,1490.0,1490.0,1490.0,1490.0,0,0
2026-03-06T14:00:00+05:30,1487.9,1490.0,1487.9,1489.4,544,0
2026-03-06T14:15:00+05:30,1489.4,1489.9,1489.3,1489.8,7,0
2026-03-06T14:30:00+05:30,1489.0,1489.0,1489.0,1489.0,2,0
2026-03-06T14:45:00+05:30,1489.0,1489.0,1483.1,1486.4,13,0
2026-03-06T15:00:00+05:30,1486.4,1486.4,1482.2,1486.1,6,0
2026-03-06T15:15:00+05:30,1486.1,1488.8,1470.0,1470.0,278,0
2026-03-09T09:15:00+05:30,1480.1,1481.0,1441.4,1441.4,103,0
2026-03-09T09:30:00+05:30,1443.9,1483.1,1443.8,1455.3,417,0
2026-03-09T09:45:00+05:30,1450.0,1477.0,1450.0,1465.1,160,0
2026-03-09T10:00:00+05:30,1465.1,1465.1,1440.0,1455.0,371,0
2026-03-09T10:15:00+05:30,1455.0,1455.0,1440.1,1449.9,29,0
2026-03-09T10:30:00+05:30,1449.9,1449.9,1445.0,1445.5,56,0
2026-03-09T10:45:00+05:30,1445.5,1445.5,1441.1,1443.1,2,0
2026-03-09T11:00:00+05:30,1443.2,1444.4,1441.0,1444.4,146,0
2026-03-09T11:15:00+05:30,1444.4,1444.4,1444.1,1444.1,1,0
2026-03-09T11:30:00+05:30,1444.1,1444.5,1442.2,1442.2,5,0
2026-03-09T11:45:00+05:30,1442.2,1453.8,1442.2,1449.4,102,0
2026-03-09T12:00:00+05:30,1449.4,1450.2,1448.2,1448.9,17,0
2026-03-09T12:15:00+05:30,1448.9,1450.9,1448.9,1450.9,239,0
2026-03-09T12:30:00+05:30,1448.2,1448.2,1441.0,1441.2,92,0
2026-03-09T12:45:00+05:30,1441.2,1442.5,1441.2,1442.3,6,0
2026-03-09T13:00:00+05:30,1442.3,1449.1,1442.3,1447.9,25,0
2026-03-09T13:15:00+05:30,1447.9,1447.9,1442.5,1447.9,6,0
2026-03-09T13:30:00+05:30,1447.9,1451.0,1442.0,1451.0,184,0
2026-03-09T13:45:00+05:30,1451.0,1453.0,1448.0,1449.0,67,0
2026-03-09T14:00:00+05:30,1449.0,1449.0,1444.9,1444.9,140,0
2026-03-09T14:15:00+05:30,1444.9,1455.8,1444.9,1450.5,25,0
2026-03-09T14:30:00+05:30,1453.8,1453.8,1450.0,1450.0,100,0
2026-03-09T14:45:00+05:30,1450.0,1455.0,1444.8,1455.0,588,0
2026-03-09T15:00:00+05:30,1455.0,1459.9,1447.1,1456.9,70,0
2026-03-09T15:15:00+05:30,1456.9,1456.9,1441.0,1453.0,316,0
2026-03-10T09:15:00+05:30,1482.0,1482.0,1461.2,1463.8,91,0
2026-03-10T09:30:00+05:30,1463.8,1464.5,1458.3,1464.5,20,0
2026-03-10T09:45:00+05:30,1464.5,1464.5,1458.4,1460.7,4,0
2026-03-10T10:00:00+05:30,1460.7,1460.7,1456.6,1456.6,2,0
2026-03-10T10:15:00+05:30,1456.6,1460.6,1456.6,1460.6,16,0
2026-03-10T10:30:00+05:30,1460.6,1465.8,1457.4,1465.8,36,0
2026-03-10T10:45:00+05:30,1465.8,1465.8,1460.5,1460.5,26,0
2026-03-10T11:00:00+05:30,1462.8,1463.1,1462.8,1463.1,18,0
2026-03-10T11:15:00+05:30,1463.1,1463.1,1463.1,1463.1,0,0
2026-03-10T11:30:00+05:30,1463.1,1463.1,1454.1,1454.1,28,0
2026-03-10T11:45:00+05:30,1454.1,1460.0,1454.1,1460.0,91,0
2026-03-10T12:00:00+05:30,1460.0,1460.0,1445.0,1445.0,872,0
2026-03-10T12:15:00+05:30,1445.0,1445.0,1443.0,1444.2,10,0
2026-03-10T12:30:00+05:30,1444.2,1444.2,1441.0,1441.0,8,0
2026-03-10T12:45:00+05:30,1441.0,1441.2,1441.0,1441.1,8,0
2026-03-10T13:00:00+05:30,1441.1,1443.1,1438.1,1438.1,26,0
2026-03-10T13:15:00+05:30,1437.5,1440.6,1425.2,1429.2,336,0
2026-03-10T13:30:00+05:30,1425.5,1440.0,1425.5,1438.2,162,0
2026-03-10T13:45:00+05:30,1438.2,1441.9,1438.2,1441.9,55,0
2026-03-10T14:00:00+05:30,1441.9,1451.0,1441.9,1451.0,285,0
2026-03-10T14:15:00+05:30,1451.0,1451.0,1441.9,1441.9,48,0
2026-03-10T14:30:00+05:30,1441.9,1443.8,1441.9,1443.7,9,0
2026-03-10T14:45:00+05:30,1443.7,1444.3,1442.1,1442.1,288,0
2026-03-10T15:00:00+05:30,1442.0,1445.7,1442.0,1444.0,7,0
2026-03-10T15:15:00+05:30,1444.1,1475.4,1440.0,1475.4,697,0
2026-03-11T09:15:00+05:30,1467.4,1475.5,1465.7,1466.6,35,0
2026-03-11T09:30:00+05:30,1471.8,1477.4,1471.8,1472.2,73,0
2026-03-11T09:45:00+05:30,1475.9,1482.4,1475.9,1479.9,73,0
2026-03-11T10:00:00+05:30,1477.1,1486.9,1476.1,1485.0,189,0
2026-03-11T10:15:00+05:30,1485.4,1490.5,1485.4,1490.5,65,0
2026-03-11T10:30:00+05:30,1490.5,1491.6,1488.7,1489.8,72,0
2026-03-11T10:45:00+05:30,1489.8,1489.8,1478.1,1478.1,96,0
2026-03-11T11:00:00+05:30,1478.1,1490.0,1478.0,1488.1,261,0
2026-03-11T11:15:00+05:30,1487.5,1560.0,1484.9,1521.8,5626,0
2026-03-11T11:30:00+05:30,1521.8,1521.8,1510.2,1517.9,533,0
2026-03-11T11:45:00+05:30,1517.9,1517.9,1491.0,1494.9,768,0
2026-03-11T12:00:00+05:30,1494.9,1501.4,1492.2,1500.7,157,0
2026-03-11T12:15:00+05:30,1500.7,1500.7,1500.1,1500.1,10,0
2026-03-11T12:30:00+05:30,1500.1,1500.1,1494.9,1495.0,51,0
2026-03-11T12:45:00+05:30,1495.0,1495.0,1491.1,1491.2,2,0
2026-03-11T13:00:00+05:30,1491.2,1491.2,1466.9,1467.5,780,0
2026-03-11T13:15:00+05:30,1479.3,1481.8,1470.7,1473.0,274,0
2026-03-11T13:30:00+05:30,1473.0,1475.9,1464.2,1465.0,440,0
2026-03-11T13:45:00+05:30,1464.8,1469.4,1444.0,1446.7,1387,0
2026-03-11T14:00:00+05:30,1446.7,1449.9,1446.7,1449.9,182,0
2026-03-11T14:15:00+05:30,1449.9,1451.1,1446.0,1451.0,565,0
2026-03-11T14:30:00+05:30,1451.0,1451.0,1445.0,1449.9,155,0
2026-03-11T14:45:00+05:30,1449.9,1451.0,1449.9,1449.9,169,0
2026-03-11T15:00:00+05:30,1451.0,1455.9,1451.0,1452.0,1433,0
2026-03-11T15:15:00+05:30,1454.7,1457.5,1440.0,1440.0,699,0
2026-03-12T09:15:00+05:30,1450.7,1457.5,1424.1,1449.0,236,0
2026-03-12T09:30:00+05:30,1449.0,1450.0,1438.1,1438.1,78,0
2026-03-12T09:45:00+05:30,1438.1,1447.6,1438.1,1447.4,7,0
2026-03-12T10:00:00+05:30,1447.4,1449.8,1444.2,1445.3,51,0
2026-03-12T10:15:00+05:30,1445.3,1449.9,1442.2,1449.9,30,0
2026-03-12T10:30:00+05:30,1449.9,1449.9,1446.3,1446.3,13,0
2026-03-12T10:45:00+05:30,1446.3,1446.3,1445.0,1445.0,10,0
2026-03-12T11:00:00+05:30,1450.4,1455.5,1446.1,1446.1,50,0
2026-03-12T11:15:00+05:30,1450.0,1455.0,1438.0,1449.6,1306,0
2026-03-12T11:30:00+05:30,1449.6,1449.6,1449.6,1449.6,0,0
2026-03-12T11:45:00+05:30,1449.6,1449.6,1449.6,1449.6,0,0
2026-03-12T12:00:00+05:30,1449.6,1456.8,1449.6,1456.8,5,0
2026-03-12T12:15:00+05:30,1456.8,1456.8,1445.3,1445.3,52,0
2026-03-12T12:30:00+05:30,1445.3,1451.0,1445.3,1451.0,1,0
2026-03-12T12:45:00+05:30,1446.2,1455.4,1446.1,1455.4,40,0
2026-03-12T13:00:00+05:30,1455.4,1455.4,1451.9,1455.2,25,0
2026-03-12T13:15:00+05:30,1455.2,1457.5,1454.9,1457.5,139,0
2026-03-12T13:30:00+05:30,1457.5,1457.5,1457.5,1457.5,0,0
2026-03-12T13:45:00+05:30,1457.5,1460.0,1455.0,1455.0,12,0
2026-03-12T14:00:00+05:30,1455.0,1455.0,1455.0,1455.0,1,0
2026-03-12T14:15:00+05:30,1455.0,1455.0,1453.7,1453.7,27,0
2026-03-12T14:30:00+05:30,1453.7,1454.0,1453.7,1454.0,7,0
2026-03-12T14:45:00+05:30,1455.0,1455.0,1446.7,1446.7,252,0
2026-03-12T15:00:00+05:30,1446.7,1449.9,1440.5,1440.5,4,0
2026-03-12T15:15:00+05:30,1440.5,1452.8,1430.0,1430.0,330,0
2026-03-13T09:15:00+05:30,1434.6,1441.7,1430.1,1434.4,258,0
2026-03-13T09:30:00+05:30,1434.4,1434.4,1428.0,1428.0,38,0
2026-03-13T09:45:00+05:30,1426.0,1430.2,1425.0,1425.1,289,0
2026-03-13T10:00:00+05:30,1425.1,1426.9,1412.0,1412.9,165,0
2026-03-13T10:15:00+05:30,1412.9,1417.6,1411.6,1412.2,79,0
2026-03-13T10:30:00+05:30,1412.3,1423.6,1412.3,1416.6,111,0
2026-03-13T10:45:00+05:30,1416.6,1425.8,1416.6,1425.8,9,0
2026-03-13T11:00:00+05:30,1425.8,1425.8,1425.0,1425.0,1,0
2026-03-13T11:15:00+05:30,1425.0,1425.0,1410.0,1417.4,242,0
2026-03-13T11:30:00+05:30,1417.4,1418.8,1417.4,1418.8,6,0
2026-03-13T11:45:00+05:30,1418.8,1424.9,1418.8,1420.0,303,0
2026-03-13T12:00:00+05:30,1420.0,1421.0,1418.8,1420.7,38,0
2026-03-13T12:15:00+05:30,1420.7,1423.9,1413.3,1423.9,91,0
2026-03-13T12:30:00+05:30,1423.9,1423.9,1414.1,1417.2,36,0
2026-03-13T12:45:00+05:30,1417.2,1418.7,1412.7,1412.7,54,0
2026-03-13T13:00:00+05:30,1412.7,1424.0,1410.1,1410.1,370,0
2026-03-13T13:15:00+05:30,1414.4,1419.8,1410.1,1417.5,76,0
2026-03-13T13:30:00+05:30,1417.5,1417.5,1417.5,1417.5,0,0
2026-03-13T13:45:00+05:30,1417.5,1422.5,1412.0,1420.0,126,0
2026-03-13T14:00:00+05:30,1420.0,1421.9,1415.1,1421.9,16,0
2026-03-13T14:15:00+05:30,1421.9,1421.9,1412.1,1421.9,130,0
2026-03-13T14:30:00+05:30,1419.1,1425.6,1419.1,1425.6,66,0
2026-03-13T14:45:00+05:30,1426.3,1427.5,1425.9,1427.4,97,0
2026-03-13T15:00:00+05:30,1427.9,1434.2,1427.4,1427.4,75,0
2026-03-13T15:15:00+05:30,1427.4,1434.0,1378.9,1378.9,1471,0
2026-03-16T09:15:00+05:30,1400.5,1400.5,1388.1,1394.0,317,0
2026-03-16T09:30:00+05:30,1395.7,1411.1,1393.5,1409.3,210,0
2026-03-16T09:45:00+05:30,1409.3,1409.3,1395.4,1395.4,73,0
2026-03-16T10:00:00+05:30,1395.1,1405.7,1385.7,1385.7,163,0
2026-03-16T10:15:00+05:30,1387.3,1389.9,1380.0,1389.9,526,0
2026-03-16T10:30:00+05:30,1389.9,1391.2,1389.9,1390.3,22,0
2026-03-16T10:45:00+05:30,1383.5,1383.5,1378.9,1378.9,45,0
2026-03-16T11:00:00+05:30,1378.9,1387.0,1378.3,1387.0,322,0
2026-03-16T11:15:00+05:30,1386.9,1397.4,1386.9,1397.0,259,0
2026-03-16T11:30:00+05:30,1397.0,1397.0,1394.6,1394.7,26,0
2026-03-16T11:45:00+05:30,1394.7,1397.9,1394.7,1397.9,2,0
2026-03-16T12:00:00+05:30,1397.9,1415.7,1397.9,1415.7,320,0
2026-03-16T12:15:00+05:30,1415.7,1415.7,1410.0,1410.0,20,0
2026-03-16T12:30:00+05:30,1410.0,1410.0,1400.0,1401.9,2817,0
2026-03-16T12:45:00+05:30,1401.9,1405.0,1398.1,1403.6,191,0
2026-03-16T13:00:00+05:30,1405.0,1415.0,1400.1,1410.0,3337,0
2026-03-16T13:15:00+05:30,1410.0,1414.8,1404.1,1414.8,14,0
2026-03-16T13:30:00+05:30,1414.8,1414.8,1402.0,1402.0,976,0
2026-03-16T13:45:00+05:30,1404.6,1404.6,1402.0,1402.0,244,0
2026-03-16T14:00:00+05:30,1401.1,1405.9,1400.7,1405.9,294,0
2026-03-16T14:15:00+05:30,1405.9,1441.6,1405.9,1415.0,1126,0
2026-03-16T14:30:00+05:30,1419.7,1434.2,1416.6,1422.7,632,0
2026-03-16T14:45:00+05:30,1422.4,1432.9,1421.1,1432.9,387,0
2026-03-16T15:00:00+05:30,1427.8,1451.7,1426.3,1451.7,1766,0
2026-03-16T15:15:00+05:30,1451.1,1495.0,1443.0,1462.0,629,0
2026-03-17T09:15:00+05:30,1460.1,1467.1,1460.1,1464.1,68,0
2026-03-17T09:30:00+05:30,1464.1,1464.1,1450.0,1450.0,92,0
2026-03-17T09:45:00+05:30,1455.8,1460.0,1455.7,1460.0,107,0
2026-03-17T10:00:00+05:30,1455.6,1460.0,1452.5,1452.5,665,0
2026-03-17T10:15:00+05:30,1452.5,1452.5,1439.9,1439.9,44,0
2026-03-17T10:30:00+05:30,1438.8,1440.0,1435.1,1440.0,12,0
2026-03-17T10:45:00+05:30,1440.0,1443.4,1440.0,1440.5,2,0
2026-03-17T11:00:00+05:30,1440.5,1440.5,1437.0,1437.0,21,0
2026-03-17T11:15:00+05:30,1437.0,1442.3,1437.0,1442.3,2,0
2026-03-17T11:30:00+05:30,1442.3,1442.3,1441.0,1441.0,6,0
2026-03-17T11:45:00+05:30,1441.0,1442.3,1437.1,1437.1,96,0
2026-03-17T12:00:00+05:30,1437.1,1440.5,1437.1,1440.4,46,0
2026-03-17T12:15:00+05:30,1440.4,1443.9,1440.4,1443.9,7,0
2026-03-17T12:30:00+05:30,1443.9,1445.0,1443.5,1445.0,660,0
2026-03-17T12:45:00+05:30,1445.0,1445.0,1445.0,1445.0,118,0
2026-03-17T13:00:00+05:30,1445.0,1448.0,1445.0,1448.0,43,0
2026-03-17T13:15:00+05:30,1448.0,1448.0,1448.0,1448.0,0,0
2026-03-17T13:30:00+05:30,1448.0,1448.0,1436.0,1437.6,2303,0
2026-03-17T13:45:00+05:30,1437.6,1437.8,1437.6,1437.8,3,0
2026-03-17T14:00:00+05:30,1437.8,1441.9,1434.7,1434.8,70,0
2026-03-17T14:15:00+05:30,1434.8,1434.8,1432.6,1433.1,12,0
2026-03-17T14:30:00+05:30,1433.1,1433.1,1430.1,1430.1,13,0
2026-03-17T14:45:00+05:30,1430.1,1430.3,1429.9,1430.3,492,0
2026-03-17T15:00:00+05:30,1430.4,1430.4,1403.6,1415.0,816,0
2026-03-17T15:15:00+05:30,1420.0,1420.0,1412.0,1412.0,322,0
2026-03-18T09:15:00+05:30,1420.0,1433.2,1420.0,1425.0,22,0
2026-03-18T09:30:00+05:30,1425.0,1437.2,1424.0,1430.4,277,0
2026-03-18T09:45:00+05:30,1431.4,1431.8,1423.6,1426.5,41,0
2026-03-18T10:00:00+05:30,1426.5,1427.9,1421.8,1421.8,24,0
2026-03-18T10:15:00+05:30,1421.8,1421.8,1421.8,1421.8,0,0
2026-03-18T10:30:00+05:30,1421.8,1429.4,1417.5,1427.0,322,0
2026-03-18T10:45:00+05:30,1427.0,1430.0,1425.0,1428.2,261,0
2026-03-18T11:00:00+05:30,1431.6,1431.7,1429.0,1429.0,25,0
2026-03-18T11:15:00+05:30,1429.0,1430.0,1404.2,1426.9,1138,0
2026-03-18T11:30:00+05:30,1426.9,1426.9,1426.9,1426.9,0,0
2026-03-18T11:45:00+05:30,1426.9,1427.4,1426.2,1426.2,18,0
2026-03-18T12:00:00+05:30,1426.2,1426.2,1426.2,1426.2,0,0
2026-03-18T12:15:00+05:30,1426.2,1426.8,1426.2,1426.8,50,0
2026-03-18T12:30:00+05:30,1426.8,1426.8,1426.8,1426.8,0,0
2026-03-18T12:45:00+05:30,1426.8,1426.8,1423.2,1423.6,24,0
2026-03-18T13:00:00+05:30,1423.0,1425.2,1423.0,1425.2,97,0
2026-03-18T13:15:00+05:30,1425.2,1425.2,1425.2,1425.2,0,0
2026-03-18T13:30:00+05:30,1425.2,1425.2,1425.2,1425.2,0,0
2026-03-18T13:45:00+05:30,1425.2,1425.2,1425.1,1425.1,1,0
2026-03-18T14:00:00+05:30,1425.1,1427.4,1419.9,1427.4,292,0
2026-03-18T14:15:00+05:30,1427.4,1428.3,1426.0,1426.2,106,0
2026-03-18T14:30:00+05:30,1429.5,1440.0,1426.0,1438.0,273,0
2026-03-18T14:45:00+05:30,1438.0,1438.0,1416.0,1424.3,3274,0
2026-03-18T15:00:00+05:30,1424.3,1424.3,1421.1,1421.4,47,0
2026-03-18T15:15:00+05:30,1421.4,1423.1,1391.0,1423.1,2758,0
2026-03-19T09:15:00+05:30,1422.5,1430.8,1388.7,1412.0,1212,0
2026-03-19T09:30:00+05:30,1412.0,1426.0,1412.0,1424.8,88,0
2026-03-19T09:45:00+05:30,1425.9,1425.9,1418.1,1418.5,163,0
2026-03-19T10:00:00+05:30,1418.5,1419.5,1418.2,1419.5,104,0
2026-03-19T10:15:00+05:30,1419.5,1427.7,1419.5,1421.2,47,0
2026-03-19T10:30:00+05:30,1421.2,1435.0,1421.1,1435.0,75,0
2026-03-19T10:45:00+05:30,1435.0,1435.0,1420.3,1420.3,54,0
2026-03-19T11:00:00+05:30,1420.3,1430.7,1420.3,1430.7,7,0
2026-03-19T11:15:00+05:30,1430.7,1430.7,1420.1,1423.6,21,0
2026-03-19T11:30:00+05:30,1423.6,1424.0,1423.6,1424.0,1,0
2026-03-19T11:45:00+05:30,1424.0,1430.7,1424.0,1424.7,24,0
2026-03-19T12:00:00+05:30,1424.7,1428.6,1424.0,1424.0,11,0
2026-03-19T12:15:00+05:30,1428.5,1428.7,1427.8,1428.7,256,0
2026-03-19T12:30:00+05:30,1428.7,1428.7,1425.1,1426.0,2,0
2026-03-19T12:45:00+05:30,1426.0,1428.0,1422.1,1428.0,145,0
2026-03-19T13:00:00+05:30,1428.0,1430.7,1426.3,1430.0,407,0
2026-03-19T13:15:00+05:30,1430.0,1430.0,1411.0,1413.9,407,0
2026-03-19T13:30:00+05:30,1413.9,1413.9,1413.7,1413.7,4,0
2026-03-19T13:45:00+05:30,1413.7,1413.7,1413.7,1413.7,0,0
2026-03-19T14:00:00+05:30,1413.7,1413.7,1413.7,1413.7,0,0
2026-03-19T14:15:00+05:30,1413.7,1428.0,1413.7,1428.0,205,0
2026-03-19T14:30:00+05:30,1428.0,1428.0,1415.0,1415.6,194,0
2026-03-19T14:45:00+05:30,1415.6,1416.0,1413.9,1414.0,317,0
2026-03-19T15:00:00+05:30,1414.0,1416.0,1414.0,1416.0,288,0
2026-03-19T15:15:00+05:30,1416.2,1430.0,1416.0,1430.0,730,0
2026-03-20T09:15:00+05:30,1423.2,1450.0,1416.8,1442.1,220,0
2026-03-20T09:30:00+05:30,1442.1,1449.8,1432.7,1433.3,111,0
2026-03-20T09:45:00+05:30,1433.3,1440.0,1432.1,1440.0,110,0
2026-03-20T10:00:00+05:30,1440.0,1440.0,1434.1,1434.1,61,0
2026-03-20T10:15:00+05:30,1438.5,1440.0,1434.7,1435.1,17,0
2026-03-20T10:30:00+05:30,1435.1,1439.9,1428.0,1428.0,97,0
2026-03-20T10:45:00+05:30,1428.0,1428.5,1422.9,1425.0,339,0
2026-03-20T11:00:00+05:30,1425.0,1425.0,1421.0,1424.0,125,0
2026-03-20T11:15:00+05:30,1424.0,1424.9,1421.0,1421.0,40,0
2026-03-20T11:30:00+05:30,1421.0,1421.2,1415.6,1418.1,82,0
2026-03-20T11:45:00+05:30,1418.1,1419.3,1416.0,1416.0,44,0
2026-03-20T12:00:00+05:30,1416.0,1416.9,1416.0,1416.0,6,0
2026-03-20T12:15:00+05:30,1416.0,1416.0,1399.9,1399.9,591,0
2026-03-20T12:30:00+05:30,1396.6,1398.5,1395.0,1398.0,248,0
2026-03-20T12:45:00+05:30,1402.1,1405.0,1389.8,1395.0,381,0
2026-03-20T13:00:00+05:30,1395.0,1398.3,1395.0,1398.0,16,0
2026-03-20T13:15:00+05:30,1400.4,1402.5,1393.4,1393.4,77,0
2026-03-20T13:30:00+05:30,1393.4,1404.7,1393.4,1395.8,64,0
2026-03-20T13:45:00+05:30,1395.8,1403.7,1395.8,1401.3,56,0
2026-03-20T14:00:00+05:30,1401.3,1401.3,1395.0,1395.0,124,0
2026-03-20T14:15:00+05:30,1395.0,1400.0,1390.1,1394.1,156,0
2026-03-20T14:30:00+05:30,1394.9,1396.6,1392.0,1396.6,42,0
2026-03-20T14:45:00+05:30,1396.6,1405.0,1393.3,1398.7,732,0
2026-03-20T15:00:00+05:30,1398.7,1398.7,1395.0,1397.5,46,0
2026-03-20T15:15:00+05:30,1398.6,1404.7,1385.2,1386.0,526,0
2026-03-23T09:15:00+05:30,1395.0,1395.0,1368.9,1372.8,127,0
2026-03-23T09:30:00+05:30,1368.2,1375.9,1366.2,1367.1,43,0
2026-03-23T09:45:00+05:30,1367.3,1367.3,1365.0,1365.0,31,0
2026-03-23T10:00:00+05:30,1365.0,1365.9,1365.0,1365.9,20,0
2026-03-23T10:15:00+05:30,1365.8,1366.8,1350.0,1352.3,315,0
2026-03-23T10:30:00+05:30,1352.3,1352.3,1346.3,1346.4,238,0
2026-03-23T10:45:00+05:30,1346.4,1351.0,1336.1,1351.0,262,0
2026-03-23T11:00:00+05:30,1351.0,1351.0,1344.5,1345.3,53,0
2026-03-23T11:15:00+05:30,1340.4,1361.9,1340.3,1354.4,232,0
2026-03-23T11:30:00+05:30,1354.4,1360.0,1345.9,1353.6,203,0
2026-03-23T11:45:00+05:30,1359.6,1360.0,1355.1,1357.5,38,0
2026-03-23T12:00:00+05:30,1357.5,1361.9,1344.2,1355.0,368,0
2026-03-23T12:15:00+05:30,1355.0,1355.0,1350.0,1350.0,85,0
2026-03-23T12:30:00+05:30,1350.0,1350.8,1348.4,1350.8,3,0
2026-03-23T12:45:00+05:30,1350.8,1361.6,1350.8,1360.0,217,0
2026-03-23T13:00:00+05:30,1360.0,1360.6,1360.0,1360.0,186,0
2026-03-23T13:15:00+05:30,1360.5,1365.0,1360.1,1360.1,17,0
2026-03-23T13:30:00+05:30,1360.1,1375.0,1360.0,1360.8,850,0
2026-03-23T13:45:00+05:30,1360.8,1364.2,1343.0,1346.2,2621,0
2026-03-23T14:00:00+05:30,1346.2,1350.9,1346.2,1350.9,5,0
2026-03-23T14:15:00+05:30,1350.9,1356.4,1346.6,1356.4,93,0
2026-03-23T14:30:00+05:30,1359.0,1359.9,1351.3,1356.2,53,0
2026-03-23T14:45:00+05:30,1356.2,1359.9,1351.0,1351.0,146,0
2026-03-23T15:00:00+05:30,1351.0,1351.0,1339.0,1339.0,305,0
2026-03-23T15:15:00+05:30,1339.0,1375.0,1339.0,1339.0,459,0
2026-03-24T09:15:00+05:30,1352.6,1364.5,1351.4,1354.6,205,0
2026-03-24T09:30:00+05:30,1354.6,1355.1,1340.0,1340.0,69,0
2026-03-24T09:45:00+05:30,1341.0,1341.0,1335.3,1339.9,56,0
2026-03-24T10:00:00+05:30,1336.4,1340.6,1326.0,1336.5,371,0
2026-03-24T10:15:00+05:30,1336.5,1337.0,1332.2,1332.2,11,0
2026-03-24T10:30:00+05:30,1334.9,1334.9,1318.0,1319.0,535,0
2026-03-24T10:45:00+05:30,1319.0,1322.4,1319.0,1322.4,31,0
2026-03-24T11:00:00+05:30,1321.9,1329.9,1320.7,1327.3,171,0
2026-03-24T11:15:00+05:30,1326.7,1335.0,1326.7,1329.5,62,0
2026-03-24T11:30:00+05:30,1327.3,1343.9,1327.3,1335.9,159,0
2026-03-24T11:45:00+05:30,1336.1,1342.2,1333.3,1334.3,43,0
2026-03-24T12:00:00+05:30,1334.3,1337.6,1327.0,1336.2,160,0
2026-03-24T12:15:00+05:30,1336.2,1342.9,1333.4,1333.4,32,0
2026-03-24T12:30:00+05:30,1333.4,1360.0,1333.4,1349.9,626,0
2026-03-24T12:45:00+05:30,1349.9,1360.2,1349.2,1356.4,245,0
2026-03-24T13:00:00+05:30,1356.4,1361.0,1355.6,1355.6,38,0
2026-03-24T13:15:00+05:30,1356.1,1358.3,1355.6,1357.9,109,0
2026-03-24T13:30:00+05:30,1360.0,1366.0,1360.0,1360.6,56,0
2026-03-24T13:45:00+05:30,1360.6,1361.0,1360.5,1360.9,14,0
2026-03-24T14:00:00+05:30,1360.9,1363.0,1360.9,1362.1,8,0
2026-03-24T14:15:00+05:30,1362.1,1369.9,1360.6,1361.0,179,0
2026-03-24T14:30:00+05:30,1367.2,1367.2,1362.0,1362.3,38,0
2026-03-24T14:45:00+05:30,1362.3,1368.3,1362.1,1365.1,303,0
2026-03-24T15:00:00+05:30,1365.1,1370.0,1365.1,1366.4,316,0
2026-03-24T15:15:00+05:30,1373.5,1374.5,1367.1,1367.1,535,0
2026-03-25T09:15:00+05:30,1365.7,1390.7,1365.7,1389.2,92,0
2026-03-25T09:30:00+05:30,1389.2,1393.9,1386.6,1386.6,70,0
2026-03-25T09:45:00+05:30,1385.8,1393.9,1380.1,1393.9,389,0
2026-03-25T10:00:00+05:30,1393.4,1405.8,1393.4,1394.9,272,0
2026-03-25T10:15:00+05:30,1394.2,1406.0,1394.2,1406.0,1255,0
2026-03-25T10:30:00+05:30,1406.0,1406.0,1398.1,1398.1,8,0
2026-03-25T10:45:00+05:30,1403.6,1405.9,1403.6,1404.7,11,0
2026-03-25T11:00:00+05:30,1404.7,1404.7,1400.0,1401.8,10,0
2026-03-25T11:15:00+05:30,1401.8,1404.9,1398.4,1398.4,48,0
2026-03-25T11:30:00+05:30,1398.4,1398.6,1398.4,1398.4,8,0
2026-03-25T11:45:00+05:30,1398.4,1400.3,1398.4,1400.0,176,0
2026-03-25T12:00:00+05:30,1400.0,1405.0,1398.7,1405.0,287,0
2026-03-25T12:15:00+05:30,1405.0,1405.0,1400.1,1400.1,8,0
2026-03-25T12:30:00+05:30,1400.1,1401.7,1400.1,1401.7,1,0
2026-03-25T12:45:00+05:30,1401.7,1401.7,1401.7,1401.7,0,0
2026-03-25T13:00:00+05:30,1401.7,1404.9,1399.0,1400.1,96,0
2026-03-25T13:15:00+05:30,1400.1,1400.1,1400.1,1400.1,0,0
2026-03-25T13:30:00+05:30,1400.1,1403.7,1400.1,1403.7,6,0
2026-03-25T13:45:00+05:30,1403.7,1403.7,1386.7,1386.7,1224,0
2026-03-25T14:00:00+05:30,1386.7,1392.4,1386.7,1387.6,252,0
2026-03-25T14:15:00+05:30,1387.6,1391.0,1376.6,1376.6,683,0
2026-03-25T14:30:00+05:30,1379.1,1385.1,1379.1,1385.0,114,0
2026-03-25T14:45:00+05:30,1385.0,1385.1,1381.5,1381.5,28,0
2026-03-25T15:00:00+05:30,1381.6,1392.9,1381.6,1390.0,125,0
2026-03-25T15:15:00+05:30,1384.9,1387.9,1360.0,1360.0,1804,0
2026-03-27T09:15:00+05:30,1365.0,1365.5,1349.2,1365.2,184,0
2026-03-27T09:30:00+05:30,1365.2,1368.8,1332.7,1350.0,1061,0
2026-03-27T09:45:00+05:30,1350.0,1350.0,1332.2,1334.2,212,0
2026-03-27T10:00:00+05:30,1336.1,1340.3,1328.6,1336.7,196,0
2026-03-27T10:15:00+05:30,1337.4,1340.5,1332.2,1340.5,137,0
2026-03-27T10:30:00+05:30,1340.5,1340.5,1335.5,1335.5,84,0
2026-03-27T10:45:00+05:30,1335.5,1336.0,1335.0,1336.0,94,0
2026-03-27T11:00:00+05:30,1336.0,1337.4,1330.1,1331.7,103,0
2026-03-27T11:15:00+05:30,1331.7,1333.8,1325.0,1325.0,156,0
2026-03-27T11:30:00+05:30,1328.4,1332.2,1325.0,1327.9,31,0
2026-03-27T11:45:00+05:30,1327.9,1330.5,1325.0,1325.0,27,0
2026-03-27T12:00:00+05:30,1325.0,1329.9,1324.5,1329.9,91,0
2026-03-27T12:15:00+05:30,1329.9,1329.9,1329.1,1329.4,10,0
2026-03-27T12:30:00+05:30,1329.4,1329.4,1323.8,1327.1,20,0
2026-03-27T12:45:00+05:30,1327.1,1332.5,1322.0,1322.0,322,0
2026-03-27T13:00:00+05:30,1326.1,1327.2,1322.0,1322.0,71,0
2026-03-27T13:15:00+05:30,1322.0,1329.0,1322.0,1329.0,82,0
2026-03-27T13:30:00+05:30,1330.0,1330.0,1323.1,1323.1,377,0
2026-03-27T13:45:00+05:30,1323.1,1323.1,1323.1,1323.1,0,0
2026-03-27T14:00:00+05:30,1323.1,1324.9,1322.0,1324.8,169,0
2026-03-27T14:15:00+05:30,1324.8,1325.9,1319.0,1319.0,193,0
2026-03-27T14:30:00+05:30,1319.0,1321.8,1314.5,1318.5,2137,0
2026-03-27T14:45:00+05:30,1318.5,1319.4,1318.5,1319.4,92,0
2026-03-27T15:00:00+05:30,1318.4,1325.0,1312.1,1312.1,852,0
2026-03-27T15:15:00+05:30,1312.1,1322.4,1310.0,1311.0,683,0
2026-03-30T09:15:00+05:30,1317.4,1335.0,1312.1,1319.9,448,0
2026-03-30T09:30:00+05:30,1319.9,1319.9,1309.1,1316.0,341,0
2026-03-30T09:45:00+05:30,1316.0,1316.0,1305.0,1306.9,70,0
2026-03-30T10:00:00+05:30,1307.6,1307.6,1302.0,1302.0,124,0
2026-03-30T10:15:00+05:30,1302.5,1304.1,1294.1,1297.7,133,0
2026-03-30T10:30:00+05:30,1297.7,1297.7,1289.0,1291.1,29,0
2026-03-30T10:45:00+05:30,1291.1,1292.1,1289.1,1291.1,19,0
2026-03-30T11:00:00+05:30,1291.8,1291.8,1291.1,1291.1,33,0
2026-03-30T11:15:00+05:30,1291.1,1291.5,1290.0,1290.0,53,0
2026-03-30T11:30:00+05:30,1291.5,1291.5,1286.2,1286.2,46,0
2026-03-30T11:45:00+05:30,1287.0,1288.0,1285.7,1288.0,17,0
2026-03-30T12:00:00+05:30,1288.0,1304.5,1284.0,1294.7,1045,0
2026-03-30T12:15:00+05:30,1299.8,1300.0,1286.5,1286.5,200,0
2026-03-30T12:30:00+05:30,1286.2,1290.0,1286.2,1289.8,112,0
2026-03-30T12:45:00+05:30,1289.8,1289.8,1287.3,1288.8,12,0
2026-03-30T13:00:00+05:30,1288.8,1288.8,1284.0,1284.0,119,0
2026-03-30T13:15:00+05:30,1284.0,1284.2,1283.0,1283.0,1907,0
2026-03-30T13:30:00+05:30,1281.7,1284.9,1281.7,1283.1,14,0
2026-03-30T13:45:00+05:30,1283.1,1283.1,1276.7,1277.4,150,0
2026-03-30T14:00:00+05:30,1278.0,1281.0,1278.0,1281.0,57,0
2026-03-30T14:15:00+05:30,1281.0,1283.8,1278.2,1278.2,44,0
2026-03-30T14:30:00+05:30,1280.9,1287.9,1279.2,1280.0,303,0
2026-03-30T14:45:00+05:30,1280.0,1280.2,1270.4,1272.5,422,0
2026-03-30T15:00:00+05:30,1272.5,1272.5,1270.6,1270.7,72,0
2026-03-30T15:15:00+05:30,1272.0,1272.0,1239.3,1260.0,1300,0
2026-04-01T09:15:00+05:30,1275.0,1349.0,1275.0,1348.0,377,0
2026-04-01T09:30:00+05:30,1348.0,1367.9,1346.2,1352.7,761,0
2026-04-01T09:45:00+05:30,1352.7,1360.0,1350.3,1353.0,183,0
2026-04-01T10:00:00+05:30,1353.0,1367.6,1353.0,1359.5,114,0
2026-04-01T10:15:00+05:30,1359.5,1363.9,1345.9,1345.9,104,0
2026-04-01T10:30:00+05:30,1346.7,1359.4,1346.7,1358.5,47,0
2026-04-01T10:45:00+05:30,1358.5,1379.9,1358.5,1371.5,383,0
2026-04-01T11:00:00+05:30,1371.5,1371.5,1367.8,1367.8,6,0
2026-04-01T11:15:00+05:30,1367.8,1370.0,1367.8,1370.0,243,0
2026-04-01T11:30:00+05:30,1370.0,1370.0,1364.2,1364.5,230,0
2026-04-01T11:45:00+05:30,1364.5,1364.5,1358.3,1362.5,179,0
2026-04-01T12:00:00+05:30,1362.5,1362.5,1360.4,1360.4,3,0
2026-04-01T12:15:00+05:30,1360.4,1366.0,1358.3,1365.7,79,0
2026-04-01T12:30:00+05:30,1365.7,1365.7,1363.0,1364.1,35,0
2026-04-01T12:45:00+05:30,1364.1,1366.0,1360.6,1361.2,39,0
2026-04-01T13:00:00+05:30,1361.2,1361.2,1360.3,1360.3,34,0
2026-04-01T13:15:00+05:30,1360.4,1360.7,1359.7,1359.7,11,0
2026-04-01T13:30:00+05:30,1359.7,1359.7,1354.5,1355.3,59,0
2026-04-01T13:45:00+05:30,1355.3,1362.1,1355.3,1358.6,9,0
2026-04-01T14:00:00+05:30,1357.0,1358.0,1356.2,1357.8,19,0
2026-04-01T14:15:00+05:30,1357.8,1361.0,1357.8,1358.2,22,0
2026-04-01T14:30:00+05:30,1358.2,1361.8,1357.9,1360.9,24,0
2026-04-01T14:45:00+05:30,1360.9,1360.9,1358.4,1359.0,9,0
2026-04-01T15:00:00+05:30,1360.4,1363.0,1360.4,1363.0,15,0
2026-04-01T15:15:00+05:30,1363.9,1366.0,1362.3,1366.0,447,0
2026-04-02T09:15:00+05:30,1370.0,1375.0,1332.4,1337.9,180,0
2026-04-02T09:30:00+05:30,1340.1,1346.8,1340.1,1341.1,45,0
2026-04-02T09:45:00+05:30,1341.1,1346.1,1336.6,1346.1,105,0
2026-04-02T10:00:00+05:30,1346.0,1346.0,1338.2,1341.5,44,0
2026-04-02T10:15:00+05:30,1341.5,1341.7,1340.0,1340.0,10,0
2026-04-02T10:30:00+05:30,1340.0,1348.0,1340.0,1348.0,134,0
2026-04-02T10:45:00+05:30,1348.0,1350.0,1348.0,1350.0,114,0
2026-04-02T11:00:00+05:30,1350.0,1361.4,1350.0,1355.1,108,0
2026-04-02T11:15:00+05:30,1355.0,1355.0,1350.2,1350.2,57,0
2026-04-02T11:30:00+05:30,1350.2,1355.7,1350.2,1355.2,98,0
2026-04-02T11:45:00+05:30,1355.2,1355.2,1355.2,1355.2,0,0
2026-04-02T12:00:00+05:30,1355.4,1356.1,1355.4,1355.8,3,0
2026-04-02T12:15:00+05:30,1355.8,1359.7,1350.2,1350.2,113,0
2026-04-02T12:30:00+05:30,1350.2,1361.3,1350.2,1357.0,27,0
2026-04-02T12:45:00+05:30,1357.0,1363.4,1357.0,1362.9,61,0
2026-04-02T13:00:00+05:30,1362.3,1365.0,1359.1,1359.1,38,0
2026-04-02T13:15:00+05:30,1359.1,1400.0,1359.1,1400.0,417,0
2026-04-02T13:30:00+05:30,1404.6,1417.4,1404.6,1409.5,33,0
2026-04-02T13:45:00+05:30,1409.5,1427.9,1405.1,1427.9,264,0
2026-04-02T14:00:00+05:30,1427.9,1427.9,1408.6,1408.6,27,0
2026-04-02T14:15:00+05:30,1409.3,1420.0,1409.3,1420.0,178,0
2026-04-02T14:30:00+05:30,1420.0,1424.9,1401.2,1401.2,358,0
2026-04-02T14:45:00+05:30,1404.4,1412.8,1401.0,1401.0,124,0
2026-04-02T15:00:00+05:30,1408.5,1424.5,1408.5,1424.0,97,0
2026-04-02T15:15:00+05:30,1424.5,1424.5,1405.0,1405.0,123,0
2026-04-06T09:15:00+05:30,1419.5,1423.9,1419.5,1419.5,54,0
2026-04-06T09:30:00+05:30,1417.3,1427.9,1417.3,1420.0,134,0
2026-04-06T09:45:00+05:30,1420.0,1420.7,1400.0,1403.2,266,0
2026-04-06T10:00:00+05:30,1403.2,1408.2,1403.2,1405.4,6,0
2026-04-06T10:15:00+05:30,1405.4,1409.7,1405.4,1408.0,10,0
2026-04-06T10:30:00+05:30,1408.0,1408.0,1408.0,1408.0,0,0
2026-04-06T10:45:00+05:30,1408.0,1408.0,1405.5,1405.5,5,0
2026-04-06T11:00:00+05:30,1405.5,1409.6,1405.5,1409.6,15,0
2026-04-06T11:15:00+05:30,1409.6,1409.6,1409.3,1409.3,1,0
2026-04-06T11:30:00+05:30,1409.3,1409.5,1409.3,1409.5,3,0
2026-04-06T11:45:00+05:30,1409.1,1409.5,1409.1,1409.5,5,0
2026-04-06T12:00:00+05:30,1409.5,1411.7,1409.5,1411.7,4,0
2026-04-06T12:15:00+05:30,1411.7,1414.0,1411.7,1414.0,123,0
2026-04-06T12:30:00+05:30,1414.0,1414.0,1413.9,1414.0,57,0
2026-04-06T12:45:00+05:30,1414.0,1415.9,1413.8,1415.9,271,0
2026-04-06T13:00:00+05:30,1415.9,1423.1,1415.9,1423.1,101,0
2026-04-06T13:15:00+05:30,1423.1,1423.1,1423.1,1423.1,0,0
2026-04-06T13:30:00+05:30,1423.1,1424.0,1422.9,1424.0,38,0
2026-04-06T13:45:00+05:30,1424.0,1425.0,1423.0,1425.0,46,0
2026-04-06T14:00:00+05:30,1425.0,1425.0,1423.2,1423.3,2,0
2026-04-06T14:15:00+05:30,1425.0,1429.8,1420.6,1422.0,71,0
2026-04-06T14:30:00+05:30,1423.2,1425.8,1417.0,1417.0,131,0
2026-04-06T14:45:00+05:30,1417.0,1421.6,1408.6,1421.6,154,0
2026-04-06T15:00:00+05:30,1409.7,1414.3,1409.7,1414.3,6,0
2026-04-06T15:15:00+05:30,1414.3,1428.5,1411.0,1424.5,96,0
2026-04-07T09:15:00+05:30,1439.9,1439.9,1400.1,1414.0,30,0
2026-04-07T09:30:00+05:30,1414.0,1414.0,1404.6,1404.6,10,0
2026-04-07T09:45:00+05:30,1404.6,1405.9,1400.0,1405.9,157,0
2026-04-07T10:00:00+05:30,1405.9,1415.7,1405.9,1413.2,30,0
2026-04-07T10:15:00+05:30,1410.7,1417.0,1410.7,1417.0,25,0
2026-04-07T10:30:00+05:30,1418.6,1418.6,1418.1,1418.4,13,0
2026-04-07T10:45:00+05:30,1418.4,1418.4,1414.7,1414.7,7,0
2026-04-07T11:00:00+05:30,1414.7,1415.1,1411.7,1415.1,4,0
2026-04-07T11:15:00+05:30,1415.1,1415.1,1410.5,1410.5,25,0
2026-04-07T11:30:00+05:30,1410.5,1410.5,1404.2,1404.9,30,0
2026-04-07T11:45:00+05:30,1404.9,1418.6,1404.9,1418.6,42,0
2026-04-07T12:00:00+05:30,1418.6,1420.0,1417.8,1420.0,10,0
2026-04-07T12:15:00+05:30,1420.0,1420.1,1416.2,1416.2,11,0
2026-04-07T12:30:00+05:30,1416.2,1420.0,1414.8,1415.0,30,0
2026-04-07T12:45:00+05:30,1415.0,1415.0,1415.0,1415.0,0,0
2026-04-07T13:00:00+05:30,1415.0,1415.0,1415.0,1415.0,0,0
2026-04-07T13:15:00+05:30,1415.0,1415.3,1414.7,1415.3,3,0
2026-04-07T13:30:00+05:30,1415.3,1415.3,1415.3,1415.3,0,0
2026-04-07T13:45:00+05:30,1415.3,1417.1,1415.3,1416.1,10,0
2026-04-07T14:00:00+05:30,1416.4,1423.9,1414.7,1414.7,106,0
2026-04-07T14:15:00+05:30,1414.7,1420.0,1414.7,1414.8,30,0
2026-04-07T14:30:00+05:30,1414.8,1414.8,1414.8,1414.8,0,0
2026-04-07T14:45:00+05:30,1414.8,1414.8,1414.7,1414.7,3,0
2026-04-07T15:00:00+05:30,1414.7,1427.9,1414.7,1415.6,57,0
2026-04-07T15:15:00+05:30,1415.6,1429.0,1414.7,1429.0,536,0
2026-04-08T09:15:00+05:30,1439.9,1470.1,1426.6,1437.2,511,0
2026-04-08T09:30:00+05:30,1437.2,1440.0,1425.5,1440.0,809,0
2026-04-08T09:45:00+05:30,1442.1,1445.0,1437.4,1440.0,181,0
2026-04-08T10:00:00+05:30,1440.0,1442.9,1439.1,1440.0,49,0
2026-04-08T10:15:00+05:30,1440.0,1447.9,1440.0,1440.0,35,0
2026-04-08T10:30:00+05:30,1440.0,1444.9,1439.2,1444.9,195,0
2026-04-08T10:45:00+05:30,1444.9,1449.9,1440.5,1446.2,44,0
2026-04-08T11:00:00+05:30,1446.2,1446.2,1442.7,1443.3,4,0
2026-04-08T11:15:00+05:30,1443.4,1445.6,1435.0,1435.0,194,0
2026-04-08T11:30:00+05:30,1436.9,1438.7,1432.2,1432.4,32,0
2026-04-08T11:45:00+05:30,1432.6,1439.9,1432.0,1432.4,25,0
2026-04-08T12:00:00+05:30,1432.4,1441.0,1432.4,1441.0,106,0
2026-04-08T12:15:00+05:30,1432.1,1433.0,1428.1,1428.1,177,0
2026-04-08T12:30:00+05:30,1428.1,1428.5,1428.1,1428.5,8,0
2026-04-08T12:45:00+05:30,1428.5,1430.5,1428.2,1428.4,5,0
2026-04-08T13:00:00+05:30,1428.4,1439.5,1428.4,1439.5,5,0
2026-04-08T13:15:00+05:30,1439.8,1446.6,1431.2,1431.3,136,0
2026-04-08T13:30:00+05:30,1431.3,1431.3,1431.1,1431.3,3,0
2026-04-08T13:45:00+05:30,1432.4,1450.0,1432.4,1442.7,133,0
2026-04-08T14:00:00+05:30,1442.7,1442.7,1440.0,1440.3,23,0
2026-04-08T14:15:00+05:30,1440.3,1441.7,1440.1,1441.7,6,0
2026-04-08T14:30:00+05:30,1441.7,1444.8,1428.0,1430.0,1763,0
2026-04-08T14:45:00+05:30,1430.0,1430.0,1428.0,1430.0,327,0
2026-04-08T15:00:00+05:30,1430.0,1430.0,1426.7,1426.8,220,0
2026-04-08T15:15:00+05:30,1426.8,1431.9,1415.0,1415.0,1818,0
2026-04-09T09:15:00+05:30,1444.0,1444.0,1433.4,1433.4,1,0
2026-04-09T09:30:00+05:30,1433.4,1435.3,1423.7,1423.7,135,0
2026-04-09T09:45:00+05:30,1431.7,1439.6,1422.1,1422.1,113,0
2026-04-09T10:00:00+05:30,1422.1,1429.2,1422.1,1429.2,5,0
2026-04-09T10:15:00+05:30,1429.2,1429.2,1425.8,1425.8,2,0
2026-04-09T10:30:00+05:30,1425.8,1425.8,1424.9,1425.0,25,0
2026-04-09T10:45:00+05:30,1425.0,1427.1,1424.9,1426.2,198,0
2026-04-09T11:00:00+05:30,1426.2,1426.2,1426.2,1426.2,0,0
2026-04-09T11:15:00+05:30,1426.2,1435.6,1426.2,1434.1,132,0
2026-04-09T11:30:00+05:30,1434.1,1440.0,1434.1,1440.0,5,0
2026-04-09T11:45:00+05:30,1440.0,1440.0,1440.0,1440.0,0,0
2026-04-09T12:00:00+05:30,1440.0,1440.0,1440.0,1440.0,15,0
2026-04-09T12:15:00+05:30,1440.0,1444.0,1438.9,1444.0,100,0
2026-04-09T12:30:00+05:30,1444.0,1444.0,1444.0,1444.0,0,0
2026-04-09T12:45:00+05:30,1444.0,1444.0,1444.0,1444.0,0,0
2026-04-09T13:00:00+05:30,1444.0,1444.0,1444.0,1444.0,0,0
2026-04-09T13:15:00+05:30,1444.0,1444.0,1429.0,1429.0,147,0
2026-04-09T13:30:00+05:30,1429.0,1429.0,1429.0,1429.0,0,0
2026-04-09T13:45:00+05:30,1429.0,1430.7,1423.0,1423.0,366,0
2026-04-09T14:00:00+05:30,1423.2,1427.9,1423.0,1423.2,90,0
2026-04-09T14:15:00+05:30,1423.2,1423.7,1423.2,1423.3,20,0
2026-04-09T14:30:00+05:30,1423.2,1429.4,1423.2,1429.4,109,0
2026-04-09T14:45:00+05:30,1429.4,1429.4,1428.7,1428.7,2,0
2026-04-09T15:00:00+05:30,1428.9,1429.0,1428.2,1429.0,338,0
2026-04-09T15:15:00+05:30,1429.0,1429.0,1424.0,1429.0,91,0
2026-04-10T09:15:00+05:30,1425.4,1430.0,1425.4,1430.0,13,0
2026-04-10T09:30:00+05:30,1437.0,1440.9,1436.9,1440.9,32,0
2026-04-10T09:45:00+05:30,1435.2,1437.7,1428.1,1437.2,437,0
2026-04-10T10:00:00+05:30,1437.2,1439.1,1432.2,1432.2,442,0
2026-04-10T10:15:00+05:30,1432.2,1432.2,1424.8,1425.7,44,0
2026-04-10T10:30:00+05:30,1425.7,1427.3,1425.7,1427.3,7,0
2026-04-10T10:45:00+05:30,1427.3,1431.9,1427.3,1431.9,508,0
2026-04-10T11:00:00+05:30,1431.9,1446.5,1431.9,1446.5,63,0
2026-04-10T11:15:00+05:30,1446.5,1455.3,1444.2,1455.0,154,0
2026-04-10T11:30:00+05:30,1452.2,1452.2,1452.0,1452.0,45,0
2026-04-10T11:45:00+05:30,1452.0,1455.9,1444.5,1444.5,124,0
2026-04-10T12:00:00+05:30,1444.7,1449.2,1444.3,1449.2,18,0
2026-04-10T12:15:00+05:30,1449.2,1452.8,1448.3,1450.9,19,0
2026-04-10T12:30:00+05:30,1450.9,1450.9,1447.7,1447.7,1,0
2026-04-10T12:45:00+05:30,1451.3,1451.3,1451.3,1451.3,2,0
2026-04-10T13:00:00+05:30,1447.9,1448.0,1447.0,1447.0,8,0
2026-04-10T13:15:00+05:30,1447.0,1447.0,1442.2,1442.2,30,0
2026-04-10T13:30:00+05:30,1442.2,1442.2,1442.2,1442.2,0,0
2026-04-10T13:45:00+05:30,1442.2,1447.8,1442.2,1447.8,1,0
2026-04-10T14:00:00+05:30,1447.8,1447.8,1442.7,1443.0,17,0
2026-04-10T14:15:00+05:30,1443.0,1450.0,1443.0,1446.7,165,0
2026-04-10T14:30:00+05:30,1446.7,1450.3,1445.5,1445.5,50,0
2026-04-10T14:45:00+05:30,1447.6,1447.6,1447.6,1447.6,1,0
2026-04-10T15:00:00+05:30,1447.6,1450.8,1447.6,1450.8,23,0
2026-04-10T15:15:00+05:30,1450.8,1460.0,1447.8,1460.0,319,0
2026-04-13T09:15:00+05:30,1454.6,1454.6,1421.0,1435.6,83,0
2026-04-13T09:30:00+05:30,1435.6,1443.1,1435.6,1443.1,21,0
2026-04-13T09:45:00+05:30,1443.1,1444.0,1439.7,1440.3,251,0
2026-04-13T10:00:00+05:30,1440.3,1444.0,1440.3,1440.5,14,0
2026-04-13T10:15:00+05:30,1440.5,1449.5,1438.0,1449.5,291,0
2026-04-13T10:30:00+05:30,1449.5,1449.5,1449.5,1449.5,0,0
2026-04-13T10:45:00+05:30,1449.5,1449.5,1449.5,1449.5,99,0
2026-04-13T11:00:00+05:30,1449.5,1485.0,1449.5,1467.1,357,0
2026-04-13T11:15:00+05:30,1467.1,1467.1,1460.4,1460.4,11,0
2026-04-13T11:30:00+05:30,1459.8,1473.8,1456.2,1462.1,119,0
2026-04-13T11:45:00+05:30,1462.1,1466.3,1462.1,1465.8,2,0
2026-04-13T12:00:00+05:30,1465.8,1465.8,1464.1,1464.3,6,0
2026-04-13T12:15:00+05:30,1464.3,1464.3,1460.7,1460.7,13,0
2026-04-13T12:30:00+05:30,1460.7,1470.0,1460.7,1470.0,42,0
2026-04-13T12:45:00+05:30,1470.0,1470.0,1466.2,1466.2,2,0
2026-04-13T13:00:00+05:30,1466.2,1466.2,1460.7,1462.4,122,0
2026-04-13T13:15:00+05:30,1462.4,1462.4,1455.0,1455.8,3,0
2026-04-13T13:30:00+05:30,1455.8,1455.8,1455.8,1455.8,0,0
2026-04-13T13:45:00+05:30,1455.8,1455.8,1452.8,1452.8,2,0
2026-04-13T14:00:00+05:30,1452.8,1463.6,1452.8,1463.6,76,0
2026-04-13T14:15:00+05:30,1463.6,1463.6,1460.0,1460.0,1,0
2026-04-13T14:30:00+05:30,1460.0,1461.9,1448.8,1450.1,48,0
2026-04-13T14:45:00+05:30,1450.1,1459.9,1450.0,1459.9,23,0
2026-04-13T15:00:00+05:30,1459.9,1459.9,1442.1,1442.1,22,0
2026-04-13T15:15:00+05:30,1442.1,1460.0,1438.0,1438.0,39,0
2026-04-15T09:30:00+05:30,1470.7,1481.8,1470.7,1480.3,216,0
2026-04-15T09:45:00+05:30,1484.0,1495.0,1480.2,1485.6,78,0
2026-04-15T10:00:00+05:30,1485.6,1485.6,1475.8,1480.5,50,0
2026-04-15T10:15:00+05:30,1480.5,1483.0,1474.6,1479.2,268,0
2026-04-15T10:30:00+05:30,1479.2,1479.2,1464.1,1465.2,226,0
2026-04-15T10:45:00+05:30,1466.8,1469.9,1464.3,1469.9,53,0
2026-04-15T11:00:00+05:30,1469.9,1469.9,1463.8,1465.4,199,0
2026-04-15T11:15:00+05:30,1465.4,1465.4,1460.0,1460.0,96,0
2026-04-15T11:30:00+05:30,1460.0,1460.0,1456.2,1457.0,115,0
2026-04-15T11:45:00+05:30,1457.0,1457.1,1451.0,1457.1,69,0
2026-04-15T12:00:00+05:30,1457.1,1460.0,1457.1,1460.0,43,0
2026-04-15T12:15:00+05:30,1460.0,1460.0,1455.6,1457.9,5,0
2026-04-15T12:30:00+05:30,1457.9,1460.0,1457.9,1460.0,234,0
2026-04-15T12:45:00+05:30,1460.0,1460.0,1456.5,1456.5,11,0
2026-04-15T13:00:00+05:30,1456.5,1459.9,1455.0,1455.0,435,0
2026-04-15T13:15:00+05:30,1455.0,1455.0,1450.0,1452.9,152,0
2026-04-15T13:30:00+05:30,1452.9,1455.0,1452.9,1455.0,10,0
2026-04-15T13:45:00+05:30,1455.0,1455.0,1440.2,1441.5,142,0
2026-04-15T14:00:00+05:30,1441.5,1441.5,1422.5,1439.7,1469,0
2026-04-15T14:15:00+05:30,1439.7,1441.9,1436.0,1437.3,49,0
2026-04-15T14:30:00+05:30,1437.3,1444.7,1437.3,1444.7,5,0
2026-04-15T14:45:00+05:30,1444.7,1445.1,1444.7,1445.1,3,0
2026-04-15T15:00:00+05:30,1449.7,1449.8,1446.0,1446.0,9,0
2026-04-15T15:15:00+05:30,1446.0,1455.0,1445.0,1455.0,321,0
2026-04-16T09:30:00+05:30,1469.2,1471.4,1465.7,1465.7,18,0
2026-04-16T09:45:00+05:30,1465.7,1465.7,1456.3,1456.3,13,0
2026-04-16T10:00:00+05:30,1456.4,1456.4,1446.0,1448.7,55,0
2026-04-16T10:15:00+05:30,1448.7,1467.9,1448.7,1460.8,73,0
2026-04-16T10:30:00+05:30,1460.8,1465.9,1459.3,1465.9,25,0
2026-04-16T10:45:00+05:30,1465.9,1466.0,1457.6,1457.6,19,0
2026-04-16T11:00:00+05:30,1460.3,1460.3,1456.3,1457.7,7,0
2026-04-16T11:15:00+05:30,1457.7,1457.7,1457.7,1457.7,0,0
2026-04-16T11:30:00+05:30,1457.7,1461.1,1457.7,1461.1,3,0
2026-04-16T11:45:00+05:30,1461.1,1471.1,1461.1,1471.1,705,0
2026-04-16T12:00:00+05:30,1471.1,1474.1,1470.0,1474.0,154,0
2026-04-16T12:15:00+05:30,1474.0,1479.8,1470.4,1470.4,54,0
2026-04-16T12:30:00+05:30,1475.0,1475.0,1470.1,1470.1,47,0
2026-04-16T12:45:00+05:30,1470.1,1470.7,1470.0,1470.0,35,0
2026-04-16T13:00:00+05:30,1470.0,1470.5,1470.0,1470.0,100,0
2026-04-16T13:15:00+05:30,1470.0,1470.3,1470.0,1470.0,34,0
2026-04-16T13:30:00+05:30,1470.0,1470.0,1470.0,1470.0,0,0
2026-04-16T13:45:00+05:30,1470.0,1477.0,1470.0,1471.0,140,0
2026-04-16T14:00:00+05:30,1471.0,1471.0,1471.0,1471.0,0,0
2026-04-16T14:15:00+05:30,1471.0,1480.0,1470.2,1480.0,255,0
2026-04-16T14:30:00+05:30,1480.0,1480.0,1473.0,1473.0,11,0
2026-04-16T14:45:00+05:30,1473.0,1484.8,1473.0,1484.8,419,0
2026-04-16T15:00:00+05:30,1484.8,1484.8,1477.1,1477.1,307,0
2026-04-16T15:15:00+05:30,1483.7,1490.0,1470.2,1490.0,352,0
2026-04-17T09:15:00+05:30,1482.1,1511.9,1482.1,1503.6,277,0
2026-04-17T09:30:00+05:30,1503.6,1503.6,1494.5,1496.7,28,0
2026-04-17T09:45:00+05:30,1496.7,1507.7,1496.7,1503.6,89,0
2026-04-17T10:00:00+05:30,1503.6,1525.8,1501.6,1517.5,405,0
2026-04-17T10:15:00+05:30,1517.5,1528.6,1515.0,1516.2,179,0
2026-04-17T10:30:00+05:30,1517.3,1517.3,1502.6,1507.6,135,0
2026-04-17T10:45:00+05:30,1507.6,1513.1,1506.4,1512.0,93,0
2026-04-17T11:00:00+05:30,1511.7,1512.0,1502.2,1502.2,98,0
2026-04-17T11:15:00+05:30,1502.2,1503.2,1498.2,1501.8,193,0
2026-04-17T11:30:00+05:30,1501.8,1507.6,1501.2,1506.0,39,0
2026-04-17T11:45:00+05:30,1506.0,1506.0,1500.5,1503.0,4,0
2026-04-17T12:00:00+05:30,1502.2,1513.8,1500.0,1507.9,149,0
2026-04-17T12:15:00+05:30,1507.9,1510.9,1507.5,1507.5,5,0
2026-04-17T12:30:00+05:30,1507.5,1510.0,1497.7,1500.0,299,0
2026-04-17T12:45:00+05:30,1500.0,1509.5,1482.5,1491.6,1948,0
2026-04-17T13:00:00+05:30,1493.1,1503.0,1491.0,1500.0,633,0
2026-04-17T13:15:00+05:30,1502.5,1503.4,1494.1,1499.7,33,0
2026-04-17T13:30:00+05:30,1499.7,1500.4,1493.7,1497.9,8,0
2026-04-17T13:45:00+05:30,1497.9,1501.8,1490.7,1497.8,537,0
2026-04-17T14:00:00+05:30,1497.2,1501.5,1493.8,1494.6,12,0
2026-04-17T14:15:00+05:30,1494.6,1495.8,1488.4,1489.9,37,0
2026-04-17T14:30:00+05:30,1492.8,1500.3,1488.1,1500.3,345,0
2026-04-17T14:45:00+05:30,1500.3,1508.0,1500.3,1505.1,371,0
2026-04-17T15:00:00+05:30,1505.1,1507.9,1480.0,1507.9,626,0
2026-04-17T15:15:00+05:30,1493.3,1516.0,1480.0,1487.0,548,0
2026-04-20T09:15:00+05:30,1530.0,1530.0,1509.9,1513.1,109,0
2026-04-20T09:30:00+05:30,1513.1,1513.1,1491.1,1499.6,235,0
2026-04-20T09:45:00+05:30,1497.0,1497.8,1490.3,1497.6,124,0
2026-04-20T10:00:00+05:30,1497.6,1497.6,1493.5,1493.5,1,0
2026-04-20T10:15:00+05:30,1497.1,1497.1,1493.9,1493.9,2,0
2026-04-20T10:30:00+05:30,1493.9,1500.0,1493.9,1500.0,104,0
2026-04-20T10:45:00+05:30,1500.0,1500.3,1491.2,1491.2,17,0
2026-04-20T11:00:00+05:30,1497.8,1499.9,1496.4,1499.9,18,0
2026-04-20T11:15:00+05:30,1499.9,1500.0,1499.0,1500.0,429,0
2026-04-20T11:30:00+05:30,1500.0,1502.2,1500.0,1500.0,136,0
2026-04-20T11:45:00+05:30,1500.0,1500.0,1499.4,1499.6,48,0
2026-04-20T12:00:00+05:30,1499.6,1508.9,1498.6,1508.9,451,0
2026-04-20T12:15:00+05:30,1508.9,1508.9,1508.8,1508.8,1,0
2026-04-20T12:30:00+05:30,1508.8,1508.8,1508.8,1508.8,0,0
2026-04-20T12:45:00+05:30,1508.8,1508.8,1500.0,1500.0,225,0
2026-04-20T13:00:00+05:30,1500.0,1501.1,1499.8,1499.8,11,0
2026-04-20T13:15:00+05:30,1499.8,1499.8,1490.2,1490.2,90,0
2026-04-20T13:30:00+05:30,1490.2,1501.7,1490.2,1501.7,50,0
2026-04-20T13:45:00+05:30,1501.7,1501.7,1482.1,1488.9,89,0
2026-04-20T14:00:00+05:30,1488.9,1489.1,1488.0,1488.0,47,0
2026-04-20T14:15:00+05:30,1493.3,1493.3,1493.3,1493.3,1,0
2026-04-20T14:30:00+05:30,1493.3,1493.3,1493.3,1493.3,0,0
2026-04-20T14:45:00+05:30,1493.3,1493.3,1488.6,1489.0,105,0
2026-04-20T15:00:00+05:30,1487.9,1489.0,1483.0,1489.0,62,0
2026-04-20T15:15:00+05:30,1485.5,1485.5,1463.3,1472.1,592,0
2026-04-21T09:15:00+05:30,1474.9,1500.6,1474.9,1485.7,73,0
2026-04-21T09:30:00+05:30,1485.7,1485.7,1480.6,1485.5,6,0
2026-04-21T09:45:00+05:30,1485.5,1485.5,1475.2,1475.2,50,0
2026-04-21T10:00:00+05:30,1475.2,1482.9,1475.2,1482.7,2,0
2026-04-21T10:15:00+05:30,1482.7,1483.1,1478.7,1483.1,4,0
2026-04-21T10:30:00+05:30,1483.1,1491.2,1483.1,1483.2,14,0
2026-04-21T10:45:00+05:30,1483.2,1489.9,1483.2,1486.0,12,0
2026-04-21T11:00:00+05:30,1486.0,1486.6,1480.0,1480.0,91,0
2026-04-21T11:15:00+05:30,1486.1,1491.9,1484.3,1487.2,25,0
2026-04-21T11:30:00+05:30,1487.2,1496.0,1483.4,1496.0,714,0
2026-04-21T11:45:00+05:30,1496.0,1500.0,1496.0,1500.0,26,0
2026-04-21T12:00:00+05:30,1500.0,1504.5,1499.2,1499.8,77,0
2026-04-21T12:15:00+05:30,1499.8,1501.1,1499.8,1500.3,242,0
2026-04-21T12:30:00+05:30,1500.3,1504.9,1500.3,1504.2,4,0
2026-04-21T12:45:00+05:30,1504.2,1504.2,1500.9,1500.9,7,0
2026-04-21T13:00:00+05:30,1500.9,1504.3,1500.9,1504.1,36,0
2026-04-21T13:15:00+05:30,1504.1,1504.1,1504.1,1504.1,0,0
2026-04-21T13:30:00+05:30,1504.1,1504.4,1503.3,1503.3,3,0
2026-04-21T13:45:00+05:30,1503.3,1503.6,1503.3,1503.6,3,0
2026-04-21T14:00:00+05:30,1503.6,1503.6,1503.6,1503.6,0,0
2026-04-21T14:15:00+05:30,1503.3,1503.3,1491.2,1494.0,832,0
2026-04-21T14:30:00+05:30,1494.0,1503.0,1494.0,1501.9,24,0
2026-04-21T14:45:00+05:30,1501.9,1504.0,1501.2,1504.0,159,0
2026-04-21T15:00:00+05:30,1503.0,1510.0,1498.3,1510.0,291,0
2026-04-21T15:15:00+05:30,1510.6,1514.9,1473.5,1473.5,176,0
2026-04-22T09:15:00+05:30,1500.2,1510.9,1500.2,1506.6,280,0
2026-04-22T09:30:00+05:30,1506.6,1506.6,1490.4,1502.3,22,0
2026-04-22T09:45:00+05:30,1502.3,1502.3,1496.1,1496.1,16,0
2026-04-22T10:00:00+05:30,1496.1,1503.5,1494.6,1503.5,7,0
2026-04-22T10:15:00+05:30,1503.5,1505.8,1503.5,1505.8,4,0
2026-04-22T10:30:00+05:30,1505.8,1505.8,1497.0,1497.0,1,0
2026-04-22T10:45:00+05:30,1497.0,1505.0,1496.6,1504.9,93,0
2026-04-22T11:00:00+05:30,1504.9,1504.9,1498.1,1498.1,25,0
2026-04-22T11:15:00+05:30,1498.1,1498.1,1498.1,1498.1,0,0
2026-04-22T11:30:00+05:30,1498.1,1499.8,1498.1,1499.1,4,0
2026-04-22T11:45:00+05:30,1499.1,1504.8,1499.1,1504.8,50,0
2026-04-22T12:00:00+05:30,1504.8,1504.8,1504.8,1504.8,0,0
2026-04-22T12:15:00+05:30,1504.8,1513.9,1501.2,1513.9,599,0
2026-04-22T12:30:00+05:30,1513.9,1524.9,1513.9,1524.9,181,0
2026-04-22T12:45:00+05:30,1518.0,1518.0,1492.8,1494.8,570,0
2026-04-22T13:00:00+05:30,1494.8,1501.9,1488.8,1490.0,121,0
2026-04-22T13:15:00+05:30,1490.0,1490.2,1483.1,1486.2,83,0
2026-04-22T13:30:00+05:30,1486.2,1494.8,1486.2,1489.3,11,0
2026-04-22T13:45:00+05:30,1489.3,1489.3,1476.0,1480.0,3339,0
2026-04-22T14:00:00+05:30,1480.0,1480.0,1474.4,1476.7,145,0
2026-04-22T14:15:00+05:30,1476.7,1491.7,1476.7,1485.3,253,0
2026-04-22T14:30:00+05:30,1485.3,1489.9,1480.0,1482.5,53,0
2026-04-22T14:45:00+05:30,1480.6,1490.0,1480.6,1490.0,215,0
2026-04-22T15:00:00+05:30,1490.0,1490.0,1482.1,1486.1,152,0
2026-04-22T15:15:00+05:30,1486.1,1495.0,1483.0,1493.0,210,0
2026-04-23T09:15:00+05:30,1493.2,1519.6,1493.2,1501.3,336,0
2026-04-23T09:30:00+05:30,1501.3,1501.3,1485.5,1490.0,10,0
2026-04-23T09:45:00+05:30,1490.0,1494.1,1482.6,1493.3,310,0
2026-04-23T10:00:00+05:30,1493.3,1493.3,1489.9,1491.8,16,0
2026-04-23T10:15:00+05:30,1491.8,1491.8,1488.0,1489.5,4,0
2026-04-23T10:30:00+05:30,1489.5,1489.7,1483.0,1484.3,163,0
2026-04-23T10:45:00+05:30,1484.3,1485.1,1466.3,1471.9,690,0
2026-04-23T11:00:00+05:30,1471.9,1477.9,1471.9,1477.0,222,0
2026-04-23T11:15:00+05:30,1477.0,1477.0,1472.0,1475.7,218,0
2026-04-23T11:30:00+05:30,1475.7,1475.8,1474.0,1474.0,15,0
2026-04-23T11:45:00+05:30,1474.0,1479.3,1474.0,1479.3,4,0
2026-04-23T12:00:00+05:30,1479.3,1480.0,1474.1,1480.0,670,0
2026-04-23T12:15:00+05:30,1484.9,1484.9,1480.1,1480.1,34,0
2026-04-23T12:30:00+05:30,1480.1,1482.7,1473.7,1482.6,60,0
2026-04-23T12:45:00+05:30,1482.6,1482.6,1469.1,1473.5,737,0
2026-04-23T13:00:00+05:30,1473.5,1479.9,1468.1,1479.8,200,0
2026-04-23T13:15:00+05:30,1479.8,1479.8,1471.5,1472.5,4,0
2026-04-23T13:30:00+05:30,1472.5,1482.8,1470.0,1478.0,165,0
2026-04-23T13:45:00+05:30,1478.0,1478.0,1478.0,1478.0,0,0
2026-04-23T14:00:00+05:30,1478.0,1478.0,1475.5,1476.0,2,0
2026-04-23T14:15:00+05:30,1476.0,1477.9,1473.3,1477.2,13,0
2026-04-23T14:30:00+05:30,1477.2,1482.9,1472.1,1472.3,232,0
2026-04-23T14:45:00+05:30,1472.3,1482.9,1472.3,1482.9,200,0
2026-04-23T15:00:00+05:30,1479.2,1480.9,1475.0,1475.8,199,0
2026-04-23T15:15:00+05:30,1471.5,1480.0,1471.4,1471.8,1111,0
2026-04-24T09:15:00+05:30,1484.0,1484.0,1484.0,1484.0,1,0
2026-04-24T09:30:00+05:30,1484.0,1484.0,1461.0,1461.0,55,0
2026-04-24T09:45:00+05:30,1461.8,1469.6,1458.1,1469.6,67,0
2026-04-24T10:00:00+05:30,1469.6,1469.6,1450.1,1461.8,217,0
2026-04-24T10:15:00+05:30,1460.9,1462.0,1458.4,1460.3,69,0
2026-04-24T10:30:00+05:30,1460.3,1460.3,1460.3,1460.3,0,0
2026-04-24T10:45:00+05:30,1459.7,1460.2,1459.7,1460.2,3,0
2026-04-24T11:00:00+05:30,1460.2,1460.2,1452.1,1460.0,85,0
2026-04-24T11:15:00+05:30,1460.0,1470.3,1455.1,1469.8,579,0
2026-04-24T11:30:00+05:30,1469.8,1486.9,1462.2,1486.8,832,0
2026-04-24T11:45:00+05:30,1486.0,1486.0,1473.5,1484.9,42,0
2026-04-24T12:00:00+05:30,1484.9,1484.9,1466.6,1466.6,66,0
2026-04-24T12:15:00+05:30,1466.6,1472.0,1466.6,1472.0,2,0
2026-04-24T12:30:00+05:30,1472.0,1472.0,1470.0,1470.0,1,0
2026-04-24T12:45:00+05:30,1470.0,1470.0,1466.6,1466.6,1,0
2026-04-24T13:00:00+05:30,1466.6,1472.0,1466.2,1470.7,28,0
2026-04-24T13:15:00+05:30,1470.7,1470.7,1470.7,1470.7,0,0
2026-04-24T13:30:00+05:30,1470.7,1498.0,1470.7,1498.0,2009,0
2026-04-24T13:45:00+05:30,1497.8,1519.8,1493.6,1495.0,493,0
2026-04-24T14:00:00+05:30,1495.0,1495.0,1486.8,1488.0,213,0
2026-04-24T14:15:00+05:30,1488.0,1493.8,1488.0,1489.2,16,0
2026-04-24T14:30:00+05:30,1489.2,1493.9,1485.0,1493.8,314,0
2026-04-24T14:45:00+05:30,1489.0,1495.0,1489.0,1495.0,28,0
2026-04-24T15:00:00+05:30,1495.0,1495.0,1486.4,1487.0,195,0
2026-04-24T15:15:00+05:30,1492.0,1496.0,1480.1,1496.0,934,0
2026-04-27T09:15:00+05:30,1519.0,1525.0,1481.1,1484.6,101,0
2026-04-27T09:30:00+05:30,1484.1,1490.0,1480.0,1484.5,191,0
2026-04-27T09:45:00+05:30,1484.5,1489.8,1482.2,1489.8,15,0
2026-04-27T10:00:00+05:30,1489.8,1489.8,1485.1,1485.1,9,0
2026-04-27T10:15:00+05:30,1485.2,1489.9,1485.2,1486.0,190,0
2026-04-27T10:30:00+05:30,1490.7,1495.1,1488.2,1495.0,104,0
2026-04-27T10:45:00+05:30,1495.0,1498.0,1492.7,1492.7,227,0
2026-04-27T11:00:00+05:30,1492.7,1492.7,1488.2,1488.6,11,0
2026-04-27T11:15:00+05:30,1488.6,1493.8,1488.2,1488.2,13,0
2026-04-27T11:30:00+05:30,1488.2,1489.9,1487.1,1489.9,46,0
2026-04-27T11:45:00+05:30,1489.9,1530.0,1489.7,1530.0,2321,0
2026-04-27T12:00:00+05:30,1529.8,1570.0,1529.8,1568.0,4172,0
2026-04-27T12:15:00+05:30,1559.1,1589.5,1558.2,1582.0,2713,0
2026-04-27T12:30:00+05:30,1582.0,1586.0,1563.1,1579.5,948,0
2026-04-27T12:45:00+05:30,1579.5,1669.8,1579.4,1642.2,4691,0
2026-04-27T13:00:00+05:30,1642.2,1657.8,1630.0,1638.1,1715,0
2026-04-27T13:15:00+05:30,1638.1,1673.9,1626.1,1640.2,4915,0
2026-04-27T13:30:00+05:30,1639.7,1690.0,1636.7,1663.2,3955,0
2026-04-27T13:45:00+05:30,1663.2,1663.5,1646.0,1654.9,1005,0
2026-04-27T14:00:00+05:30,1654.9,1675.0,1650.0,1660.1,1056,0
2026-04-27T14:15:00+05:30,1662.6,1695.9,1660.2,1680.0,3192,0
2026-04-27T14:30:00+05:30,1680.4,1684.9,1664.1,1673.0,2229,0
2026-04-27T14:45:00+05:30,1673.0,1674.7,1662.0,1666.3,992,0
2026-04-27T15:00:00+05:30,1669.4,1678.3,1662.0,1670.1,991,0
2026-04-27T15:15:00+05:30,1670.0,1678.0,1661.0,1661.2,2310,0
2026-04-28T09:15:00+05:30,1684.9,1684.9,1616.0,1644.2,851,0
2026-04-28T09:30:00+05:30,1661.0,1661.0,1635.0,1648.8,229,0
2026-04-28T09:45:00+05:30,1648.7,1650.0,1638.4,1640.1,207,0
2026-04-28T10:00:00+05:30,1640.1,1765.0,1640.1,1730.0,5041,0
2026-04-28T10:15:00+05:30,1733.6,1760.0,1719.2,1749.8,1648,0
2026-04-28T10:30:00+05:30,1749.5,1800.0,1749.1,1789.1,4856,0
2026-04-28T10:45:00+05:30,1790.0,1800.0,1769.7,1774.6,1658,0
2026-04-28T11:00:00+05:30,1767.2,1770.0,1737.4,1744.2,606,0
2026-04-28T11:15:00+05:30,1743.5,1749.5,1735.0,1735.0,211,0
2026-04-28T11:30:00+05:30,1731.2,1733.7,1713.1,1722.1,472,0
2026-04-28T11:45:00+05:30,1729.0,1730.0,1723.8,1725.0,43,0
2026-04-28T12:00:00+05:30,1723.1,1730.6,1720.0,1720.0,167,0
2026-04-28T12:15:00+05:30,1720.4,1727.8,1720.0,1727.5,44,0
2026-04-28T12:30:00+05:30,1727.5,1727.5,1722.1,1722.1,14,0
2026-04-28T12:45:00+05:30,1724.4,1726.9,1719.1,1720.2,89,0
2026-04-28T13:00:00+05:30,1720.7,1720.7,1714.9,1714.9,13,0
2026-04-28T13:15:00+05:30,1714.9,1722.5,1713.1,1722.4,47,0
2026-04-28T13:30:00+05:30,1722.5,1724.8,1712.0,1718.9,85,0
2026-04-28T13:45:00+05:30,1716.7,1720.8,1710.1,1716.9,294,0
2026-04-28T14:00:00+05:30,1716.9,1723.8,1715.4,1719.9,242,0
2026-04-28T14:15:00+05:30,1719.9,1720.0,1712.0,1714.3,255,0
2026-04-28T14:30:00+05:30,1714.3,1727.3,1713.1,1721.9,65,0
2026-04-28T14:45:00+05:30,1721.9,1721.9,1710.0,1713.6,104,0
2026-04-28T15:00:00+05:30,1713.6,1715.0,1707.0,1707.1,139,0
2026-04-28T15:15:00+05:30,1708.0,1716.7,1685.0,1685.0,902,0
2026-04-29T09:15:00+05:30,1695.0,1712.5,1689.1,1695.9,183,0
2026-04-29T09:30:00+05:30,1692.0,1692.0,1669.6,1673.0,321,0
2026-04-29T09:45:00+05:30,1677.6,1694.9,1672.6,1682.1,199,0
2026-04-29T10:00:00+05:30,1682.1,1690.3,1677.1,1679.9,161,0
2026-04-29T10:15:00+05:30,1679.0,1689.3,1679.0,1680.6,45,0
2026-04-29T10:30:00+05:30,1680.6,1690.2,1679.8,1685.2,62,0
2026-04-29T10:45:00+05:30,1685.2,1693.0,1685.2,1693.0,7,0
2026-04-29T11:00:00+05:30,1693.0,1703.8,1688.1,1691.1,106,0
2026-04-29T11:15:00+05:30,1691.1,1697.9,1691.1,1697.9,21,0
2026-04-29T11:30:00+05:30,1697.9,1697.9,1693.2,1693.2,4,0
2026-04-29T11:45:00+05:30,1693.2,1693.2,1684.0,1688.7,23,0
2026-04-29T12:00:00+05:30,1688.7,1690.8,1688.7,1689.1,10,0
2026-04-29T12:15:00+05:30,1689.1,1690.1,1689.1,1690.1,1,0
2026-04-29T12:30:00+05:30,1693.3,1693.3,1689.4,1693.3,73,0
2026-04-29T12:45:00+05:30,1693.3,1693.3,1686.7,1691.2,3,0
2026-04-29T13:00:00+05:30,1691.2,1694.8,1691.2,1692.6,19,0
2026-04-29T13:15:00+05:30,1692.6,1692.6,1689.0,1689.0,8,0
2026-04-29T13:30:00+05:30,1689.0,1694.9,1689.0,1689.0,120,0
2026-04-29T13:45:00+05:30,1689.0,1689.0,1687.6,1687.6,1,0
2026-04-29T14:00:00+05:30,1687.6,1687.6,1670.1,1670.3,207,0
2026-04-29T14:15:00+05:30,1670.3,1671.4,1651.0,1660.0,572,0
2026-04-29T14:30:00+05:30,1661.1,1666.4,1653.2,1661.9,162,0
2026-04-29T14:45:00+05:30,1661.9,1661.9,1651.2,1651.2,12,0
2026-04-29T15:00:00+05:30,1651.2,1661.9,1651.2,1658.0,115,0
2026-04-29T15:15:00+05:30,1656.0,1691.8,1650.4,1691.8,296,0
2026-04-30T09:15:00+05:30,1655.6,1690.6,1602.0,1641.2,273,0
2026-04-30T09:30:00+05:30,1641.2,1653.1,1641.2,1647.7,27,0
2026-04-30T09:45:00+05:30,1647.6,1654.5,1647.6,1647.9,42,0
2026-04-30T10:00:00+05:30,1647.9,1647.9,1628.8,1628.8,57,0
2026-04-30T10:15:00+05:30,1628.8,1640.1,1628.8,1637.2,8,0
2026-04-30T10:30:00+05:30,1637.2,1637.2,1633.6,1637.1,12,0
2026-04-30T10:45:00+05:30,1636.7,1638.0,1633.4,1638.0,43,0
2026-04-30T11:00:00+05:30,1638.0,1640.0,1632.1,1634.5,17,0
2026-04-30T11:15:00+05:30,1634.9,1634.9,1634.9,1634.9,1,0
2026-04-30T11:30:00+05:30,1634.9,1643.8,1634.9,1643.1,3,0
2026-04-30T11:45:00+05:30,1638.7,1639.3,1635.6,1639.3,4,0
2026-04-30T12:00:00+05:30,1639.3,1639.3,1633.7,1633.7,21,0
2026-04-30T12:15:00+05:30,1633.7,1633.7,1633.7,1633.7,0,0
2026-04-30T12:30:00+05:30,1633.7,1645.0,1633.7,1645.0,5,0
2026-04-30T12:45:00+05:30,1645.0,1645.0,1645.0,1645.0,0,0
2026-04-30T13:00:00+05:30,1645.0,1645.0,1645.0,1645.0,0,0
2026-04-30T13:15:00+05:30,1645.0,1645.0,1634.0,1634.0,15,0
2026-04-30T13:30:00+05:30,1634.0,1634.0,1634.0,1634.0,0,0
2026-04-30T13:45:00+05:30,1634.0,1646.4,1634.0,1646.4,8,0
2026-04-30T14:00:00+05:30,1651.2,1652.7,1641.1,1651.1,37,0
2026-04-30T14:15:00+05:30,1651.1,1651.1,1640.1,1642.5,20,0
2026-04-30T14:30:00+05:30,1649.3,1652.2,1649.3,1650.4,65,0
2026-04-30T14:45:00+05:30,1650.4,1650.9,1640.0,1642.0,17,0
2026-04-30T15:00:00+05:30,1645.0,1649.9,1637.0,1637.1,41,0
2026-04-30T15:15:00+05:30,1637.1,1648.0,1621.1,1625.0,200,0
2026-05-04T09:15:00+05:30,1615.4,1645.4,1615.4,1644.0,34,0
2026-05-04T09:30:00+05:30,1642.5,1683.0,1642.5,1676.0,263,0
2026-05-04T09:45:00+05:30,1676.0,1680.0,1659.2,1659.2,118,0
2026-05-04T10:00:00+05:30,1659.2,1666.9,1659.2,1660.0,127,0
2026-05-04T10:15:00+05:30,1660.0,1661.7,1652.7,1653.4,112,0
2026-05-04T10:30:00+05:30,1665.8,1667.9,1656.3,1661.4,33,0
2026-05-04T10:45:00+05:30,1664.0,1667.9,1660.0,1663.1,24,0
2026-05-04T11:00:00+05:30,1663.1,1663.1,1660.1,1660.2,27,0
2026-05-04T11:15:00+05:30,1660.2,1665.5,1660.2,1665.0,15,0
2026-05-04T11:30:00+05:30,1665.0,1673.8,1664.3,1673.8,6,0
2026-05-04T11:45:00+05:30,1673.8,1673.8,1664.5,1664.5,14,0
2026-05-04T12:00:00+05:30,1676.8,1676.8,1676.8,1676.8,5,0
2026-05-04T12:15:00+05:30,1670.0,1670.0,1665.1,1665.1,10,0
2026-05-04T12:30:00+05:30,1665.1,1668.0,1665.1,1668.0,29,0
2026-05-04T12:45:00+05:30,1668.0,1672.5,1668.0,1672.5,10,0
2026-05-04T13:00:00+05:30,1672.5,1672.5,1665.2,1665.2,52,0
2026-05-04T13:15:00+05:30,1665.2,1672.6,1665.2,1672.5,6,0
2026-05-04T13:30:00+05:30,1672.5,1672.5,1672.5,1672.5,2,0
2026-05-04T13:45:00+05:30,1672.5,1674.7,1672.5,1672.5,16,0
2026-05-04T14:00:00+05:30,1672.5,1672.7,1668.1,1670.0,28,0
2026-05-04T14:15:00+05:30,1670.0,1671.9,1670.0,1671.9,5,0
2026-05-04T14:30:00+05:30,1671.9,1683.3,1666.8,1683.3,67,0
2026-05-04T14:45:00+05:30,1683.3,1683.3,1665.2,1665.2,239,0
2026-05-04T15:00:00+05:30,1665.2,1665.6,1665.2,1665.6,1,0
2026-05-04T15:15:00+05:30,1668.5,1677.8,1641.9,1641.9,479,0
2026-05-05T09:15:00+05:30,1664.5,1671.3,1653.2,1661.3,333,0
2026-05-05T09:30:00+05:30,1661.5,1661.6,1650.3,1658.7,18,0
2026-05-05T09:45:00+05:30,1658.7,1659.2,1658.4,1658.4,3,0
2026-05-05T10:00:00+05:30,1660.4,1661.5,1647.1,1647.1,159,0
2026-05-05T10:15:00+05:30,1651.1,1651.1,1647.0,1647.0,10,0
2026-05-05T10:30:00+05:30,1647.0,1647.8,1638.2,1638.2,65,0
2026-05-05T10:45:00+05:30,1648.2,1649.8,1641.6,1641.6,14,0
2026-05-05T11:00:00+05:30,1641.6,1641.6,1641.6,1641.6,0,0
2026-05-05T11:15:00+05:30,1641.6,1641.6,1636.4,1636.4,10,0
2026-05-05T11:30:00+05:30,1636.4,1636.4,1632.0,1632.0,110,0
2026-05-05T11:45:00+05:30,1632.0,1632.0,1632.0,1632.0,0,0
2026-05-05T12:00:00+05:30,1632.0,1632.0,1632.0,1632.0,0,0
2026-05-05T12:15:00+05:30,1635.0,1635.0,1635.0,1635.0,8,0
2026-05-05T12:30:00+05:30,1635.0,1635.0,1635.0,1635.0,1,0
2026-05-05T12:45:00+05:30,1635.0,1642.6,1635.0,1635.2,11,0
2026-05-05T13:00:00+05:30,1635.2,1643.4,1635.2,1635.2,32,0
2026-05-05T13:15:00+05:30,1635.2,1649.8,1635.2,1649.8,12,0
2026-05-05T13:30:00+05:30,1648.8,1649.8,1638.1,1641.6,24,0
2026-05-05T13:45:00+05:30,1641.6,1641.6,1641.6,1641.6,0,0
2026-05-05T14:00:00+05:30,1641.6,1649.8,1641.6,1645.0,14,0
2026-05-05T14:15:00+05:30,1645.0,1646.1,1621.0,1634.4,272,0
2026-05-05T14:30:00+05:30,1634.4,1634.4,1634.4,1634.4,30,0
2026-05-05T14:45:00+05:30,1634.4,1637.9,1634.0,1637.9,16,0
2026-05-05T15:00:00+05:30,1637.9,1644.0,1637.9,1639.4,128,0
2026-05-05T15:15:00+05:30,1639.4,1644.0,1620.0,1625.0,299,0
2026-05-06T09:15:00+05:30,1622.6,1658.6,1622.6,1638.4,75,0
2026-05-06T09:30:00+05:30,1638.4,1647.7,1638.4,1644.1,69,0
2026-05-06T09:45:00+05:30,1644.1,1649.9,1643.8,1646.4,44,0
2026-05-06T10:00:00+05:30,1646.3,1649.7,1640.2,1649.7,16,0
2026-05-06T10:15:00+05:30,1649.7,1697.0,1649.7,1663.2,648,0
2026-05-06T10:30:00+05:30,1656.1,1669.1,1655.9,1661.4,79,0
2026-05-06T10:45:00+05:30,1661.4,1661.4,1661.4,1661.4,0,0
2026-05-06T11:00:00+05:30,1661.4,1661.8,1655.0,1655.0,69,0
2026-05-06T11:15:00+05:30,1655.0,1670.9,1655.0,1670.0,167,0
2026-05-06T11:30:00+05:30,1670.0,1670.3,1665.9,1665.9,16,0
2026-05-06T11:45:00+05:30,1665.9,1669.5,1659.0,1660.0,74,0
2026-05-06T12:00:00+05:30,1660.0,1671.9,1659.3,1660.0,47,0
2026-05-06T12:15:00+05:30,1660.0,1660.6,1658.9,1658.9,7,0
2026-05-06T12:30:00+05:30,1658.9,1658.9,1653.3,1653.3,6,0
2026-05-06T12:45:00+05:30,1653.3,1667.7,1653.3,1667.7,20,0
2026-05-06T13:00:00+05:30,1667.7,1667.7,1665.3,1665.3,13,0
2026-05-06T13:15:00+05:30,1665.3,1673.3,1659.5,1659.5,8,0
2026-05-06T13:30:00+05:30,1663.1,1663.1,1653.9,1653.9,38,0
2026-05-06T13:45:00+05:30,1653.9,1655.0,1653.9,1655.0,65,0
2026-05-06T14:00:00+05:30,1655.0,1664.3,1655.0,1664.3,16,0
2026-05-06T14:15:00+05:30,1664.9,1664.9,1660.0,1660.0,65,0
2026-05-06T14:30:00+05:30,1660.0,1673.5,1658.6,1667.4,35,0
2026-05-06T14:45:00+05:30,1667.7,1668.4,1653.4,1653.4,113,0
2026-05-06T15:00:00+05:30,1653.4,1665.0,1653.4,1663.1,18,0
2026-05-06T15:15:00+05:30,1662.0,1665.1,1651.0,1665.0,181,0
2026-05-07T09:15:00+05:30,1649.9,1670.0,1649.1,1663.4,95,0
2026-05-07T09:30:00+05:30,1663.4,1663.4,1652.1,1652.1,10,0
2026-05-07T09:45:00+05:30,1663.4,1675.9,1640.2,1649.8,911,0
2026-05-07T10:00:00+05:30,1649.8,1655.7,1640.0,1650.4,133,0
2026-05-07T10:15:00+05:30,1650.3,1650.4,1650.3,1650.3,31,0
2026-05-07T10:30:00+05:30,1650.3,1650.3,1650.3,1650.3,0,0
2026-05-07T10:45:00+05:30,1650.3,1654.2,1649.7,1653.5,38,0
2026-05-07T11:00:00+05:30,1654.0,1654.0,1631.4,1649.4,246,0
2026-05-07T11:15:00+05:30,1649.4,1683.0,1647.8,1656.1,366,0
2026-05-07T11:30:00+05:30,1656.1,1657.6,1654.5,1654.5,48,0
2026-05-07T11:45:00+05:30,1654.5,1662.0,1654.5,1656.1,38,0
2026-05-07T12:00:00+05:30,1656.1,1656.1,1642.7,1652.9,36,0
2026-05-07T12:15:00+05:30,1652.9,1663.0,1650.5,1654.9,130,0
2026-05-07T12:30:00+05:30,1654.9,1654.9,1654.9,1654.9,0,0
2026-05-07T12:45:00+05:30,1654.9,1654.9,1654.9,1654.9,0,0
2026-05-07T13:00:00+05:30,1654.9,1665.5,1654.9,1665.5,68,0
2026-05-07T13:15:00+05:30,1665.5,1665.5,1656.6,1656.6,4,0
2026-05-07T13:30:00+05:30,1656.6,1656.6,1656.6,1656.6,0,0
2026-05-07T13:45:00+05:30,1656.6,1661.4,1656.6,1659.7,13,0
2026-05-07T14:00:00+05:30,1659.7,1659.7,1659.7,1659.7,0,0
2026-05-07T14:15:00+05:30,1659.7,1665.5,1656.2,1656.2,44,0
2026-05-07T14:30:00+05:30,1656.2,1666.0,1656.2,1659.4,17,0
2026-05-07T14:45:00+05:30,1664.2,1664.9,1661.0,1663.8,89,0
2026-05-07T15:00:00+05:30,1663.8,1663.8,1645.0,1645.0,385,0
2026-05-07T15:15:00+05:30,1645.0,1649.9,1613.6,1640.0,1142,0
2026-05-08T09:15:00+05:30,1626.0,1667.3,1626.0,1652.3,145,0
2026-05-08T09:30:00+05:30,1652.3,1652.3,1638.2,1638.2,33,0
2026-05-08T09:45:00+05:30,1638.2,1652.9,1638.2,1651.9,19,0
2026-05-08T10:00:00+05:30,1651.9,1651.9,1650.4,1650.9,19,0
2026-05-08T10:15:00+05:30,1650.9,1651.9,1650.9,1651.8,8,0
2026-05-08T10:30:00+05:30,1651.8,1651.9,1646.7,1651.9,109,0
2026-05-08T10:45:00+05:30,1651.9,1651.9,1645.5,1645.5,23,0
2026-05-08T11:00:00+05:30,1645.5,1649.0,1638.2,1649.0,264,0
2026-05-08T11:15:00+05:30,1649.0,1649.0,1640.7,1644.0,56,0
2026-05-08T11:30:00+05:30,1638.3,1643.9,1627.8,1642.4,219,0
2026-05-08T11:45:00+05:30,1642.4,1646.9,1642.4,1646.7,25,0
2026-05-08T12:00:00+05:30,1646.7,1646.7,1642.2,1642.2,12,0
2026-05-08T12:15:00+05:30,1642.2,1642.4,1639.2,1640.3,103,0
2026-05-08T12:30:00+05:30,1640.3,1640.5,1639.3,1639.3,52,0
2026-05-08T12:45:00+05:30,1640.1,1640.1,1635.1,1639.2,36,0
2026-05-08T13:00:00+05:30,1639.2,1641.1,1637.2,1639.1,99,0
2026-05-08T13:15:00+05:30,1639.1,1646.9,1637.8,1638.1,71,0
2026-05-08T13:30:00+05:30,1638.1,1641.1,1638.0,1641.0,104,0
2026-05-08T13:45:00+05:30,1644.7,1645.5,1644.7,1645.3,9,0
2026-05-08T14:00:00+05:30,1640.1,1661.0,1638.1,1657.9,404,0
2026-05-08T14:15:00+05:30,1657.9,1657.9,1651.4,1651.4,18,0
2026-05-08T14:30:00+05:30,1651.4,1656.1,1645.1,1646.2,269,0
2026-05-08T14:45:00+05:30,1646.2,1658.0,1646.2,1658.0,69,0
2026-05-08T15:00:00+05:30,1649.2,1650.6,1646.2,1648.5,33,0
2026-05-08T15:15:00+05:30,1646.3,1666.6,1625.0,1625.0,802,0
2026-05-11T09:15:00+05:30,1643.0,1644.6,1626.1,1626.1,46,0
2026-05-11T09:30:00+05:30,1637.9,1686.4,1637.9,1669.4,1414,0
2026-05-11T09:45:00+05:30,1669.4,1673.5,1665.8,1665.8,52,0
2026-05-11T10:00:00+05:30,1664.5,1684.6,1650.2,1671.1,173,0
2026-05-11T10:15:00+05:30,1662.8,1662.8,1627.5,1645.1,1395,0
2026-05-11T10:30:00+05:30,1645.1,1645.1,1645.1,1645.1,0,0
2026-05-11T10:45:00+05:30,1645.1,1648.0,1645.1,1648.0,4,0
2026-05-11T11:00:00+05:30,1654.3,1658.4,1654.3,1654.9,82,0
2026-05-11T11:15:00+05:30,1654.9,1659.0,1654.9,1659.0,28,0
2026-05-11T11:30:00+05:30,1659.0,1665.0,1655.6,1660.2,44,0
2026-05-11T11:45:00+05:30,1661.0,1662.0,1659.1,1662.0,7,0
2026-05-11T12:00:00+05:30,1662.0,1662.0,1655.0,1655.0,171,0
2026-05-11T12:15:00+05:30,1655.0,1659.5,1655.0,1656.2,6,0
2026-05-11T12:30:00+05:30,1656.2,1656.2,1656.2,1656.2,0,0
2026-05-11T12:45:00+05:30,1656.2,1656.7,1656.2,1656.7,1,0
2026-05-11T13:00:00+05:30,1656.4,1661.0,1654.9,1655.0,100,0
2026-05-11T13:15:00+05:30,1655.0,1655.0,1655.0,1655.0,0,0
2026-05-11T13:30:00+05:30,1655.0,1661.5,1655.0,1661.5,2,0
2026-05-11T13:45:00+05:30,1661.5,1670.4,1661.5,1670.4,21,0
2026-05-11T14:00:00+05:30,1670.4,1670.4,1660.1,1660.1,58,0
2026-05-11T14:15:00+05:30,1660.1,1665.3,1660.1,1665.3,4,0
2026-05-11T14:30:00+05:30,1665.3,1685.0,1665.3,1685.0,258,0
2026-05-11T14:45:00+05:30,1685.0,1748.9,1685.0,1736.8,3251,0
2026-05-11T15:00:00+05:30,1736.8,1745.0,1720.7,1739.0,1465,0
2026-05-11T15:15:00+05:30,1726.7,1740.0,1720.0,1739.0,2386,0
2026-05-12T09:15:00+05:30,1750.3,1815.6,1750.0,1750.6,5874,0
2026-05-12T09:30:00+05:30,1754.6,1779.9,1750.0,1770.2,1723,0
2026-05-12T09:45:00+05:30,1761.3,1766.8,1750.2,1761.1,284,0
2026-05-12T10:00:00+05:30,1761.1,1765.0,1754.0,1754.0,503,0
2026-05-12T10:15:00+05:30,1760.1,1760.1,1750.2,1750.2,173,0
2026-05-12T10:30:00+05:30,1750.5,1770.0,1750.2,1768.6,388,0
2026-05-12T10:45:00+05:30,1761.0,1761.0,1754.1,1755.4,103,0
2026-05-12T11:00:00+05:30,1755.4,1765.0,1750.2,1765.0,406,0
2026-05-12T11:15:00+05:30,1765.0,1765.0,1756.9,1757.0,65,0
2026-05-12T11:30:00+05:30,1757.0,1763.8,1755.3,1759.4,106,0
2026-05-12T11:45:00+05:30,1759.4,1759.4,1757.9,1758.0,7,0
2026-05-12T12:00:00+05:30,1758.0,1758.5,1757.0,1757.0,27,0
2026-05-12T12:15:00+05:30,1757.0,1757.0,1752.6,1752.9,13,0
2026-05-12T12:30:00+05:30,1752.9,1756.5,1750.0,1750.3,550,0
2026-05-12T12:45:00+05:30,1750.3,1755.5,1750.1,1755.5,22,0
2026-05-12T13:00:00+05:30,1755.5,1755.5,1750.0,1750.0,2,0
2026-05-12T13:15:00+05:30,1750.0,1755.0,1750.0,1755.0,61,0
2026-05-12T13:30:00+05:30,1755.0,1755.0,1750.0,1750.0,40,0
2026-05-12T13:45:00+05:30,1750.0,1756.9,1750.0,1750.0,72,0
2026-05-12T14:00:00+05:30,1750.0,1752.7,1744.0,1744.5,217,0
2026-05-12T14:15:00+05:30,1744.0,1745.0,1744.0,1745.0,119,0
2026-05-12T14:30:00+05:30,1744.2,1744.2,1709.1,1724.0,1665,0
2026-05-12T14:45:00+05:30,1724.1,1726.6,1700.0,1706.6,1026,0
2026-05-12T15:00:00+05:30,1705.1,1706.7,1696.5,1699.7,511,0
2026-05-12T15:15:00+05:30,1698.4,1703.9,1676.9,1690.0,625,0
2026-05-13T09:15:00+05:30,1677.0,1715.3,1677.0,1695.0,591,0
2026-05-13T09:30:00+05:30,1695.0,1695.0,1666.1,1670.7,198,0
2026-05-13T09:45:00+05:30,1670.6,1678.5,1665.0,1677.0,316,0
2026-05-13T10:00:00+05:30,1677.0,1677.3,1670.1,1672.0,23,0
2026-05-13T10:15:00+05:30,1672.3,1675.9,1672.0,1675.9,82,0
2026-05-13T10:30:00+05:30,1675.9,1682.4,1675.9,1676.0,27,0
2026-05-13T10:45:00+05:30,1676.0,1690.0,1671.3,1680.0,145,0
2026-05-13T11:00:00+05:30,1680.0,1680.8,1680.0,1680.8,90,0
2026-05-13T11:15:00+05:30,1680.1,1680.3,1671.3,1673.0,99,0
2026-05-13T11:30:00+05:30,1673.0,1673.8,1673.0,1673.8,29,0
2026-05-13T11:45:00+05:30,1673.8,1707.8,1673.8,1691.9,573,0
2026-05-13T12:00:00+05:30,1691.9,1691.9,1682.0,1682.0,5,0
2026-05-13T12:15:00+05:30,1683.8,1685.4,1681.0,1685.4,13,0
2026-05-13T12:30:00+05:30,1685.4,1685.4,1683.6,1683.6,1,0
2026-05-13T12:45:00+05:30,1683.6,1688.4,1678.6,1687.5,21,0
2026-05-13T13:00:00+05:30,1687.5,1688.6,1681.7,1681.7,13,0
2026-05-13T13:15:00+05:30,1681.7,1682.8,1681.7,1682.8,5,0
2026-05-13T13:30:00+05:30,1682.8,1685.6,1682.8,1685.6,1,0
2026-05-13T13:45:00+05:30,1685.6,1699.6,1684.0,1699.6,16,0
2026-05-13T14:00:00+05:30,1693.8,1715.0,1690.8,1695.7,328,0
2026-05-13T14:15:00+05:30,1695.7,1697.0,1691.8,1696.0,134,0
2026-05-13T14:30:00+05:30,1696.0,1696.0,1696.0,1696.0,0,0
2026-05-13T14:45:00+05:30,1696.0,1705.8,1696.0,1696.8,22,0
2026-05-13T15:00:00+05:30,1699.8,1705.8,1696.6,1702.0,248,0
2026-05-13T15:15:00+05:30,1700.1,1743.5,1690.1,1690.1,447,0
2026-05-14T09:15:00+05:30,1725.6,1737.8,1720.1,1730.5,163,0
2026-05-14T09:30:00+05:30,1731.1,1740.0,1730.0,1730.0,405,0
2026-05-14T09:45:00+05:30,1730.0,1730.0,1716.5,1716.5,107,0
2026-05-14T10:00:00+05:30,1711.0,1713.8,1698.9,1713.8,242,0
2026-05-14T10:15:00+05:30,1713.8,1713.8,1692.1,1701.8,188,0
2026-05-14T10:30:00+05:30,1701.8,1707.4,1701.7,1701.7,6,0
2026-05-14T10:45:00+05:30,1701.7,1701.7,1695.5,1695.5,3,0
2026-05-14T11:00:00+05:30,1695.5,1699.8,1681.9,1681.9,173,0
2026-05-14T11:15:00+05:30,1681.9,1705.3,1681.9,1705.3,133,0
2026-05-14T11:30:00+05:30,1705.3,1706.0,1669.7,1690.2,914,0
2026-05-14T11:45:00+05:30,1690.2,1699.0,1689.6,1694.1,271,0
2026-05-14T12:00:00+05:30,1698.7,1740.0,1697.1,1726.6,1379,0
2026-05-14T12:15:00+05:30,1730.2,1732.1,1718.1,1725.8,136,0
2026-05-14T12:30:00+05:30,1725.8,1725.8,1701.0,1704.5,753,0
2026-05-14T12:45:00+05:30,1704.5,1705.2,1690.0,1698.4,577,0
2026-05-14T13:00:00+05:30,1698.4,1698.4,1698.4,1698.4,0,0
2026-05-14T13:15:00+05:30,1698.4,1700.0,1698.2,1700.0,101,0
2026-05-14T13:30:00+05:30,1700.0,1700.0,1689.1,1689.9,46,0
2026-05-14T13:45:00+05:30,1689.9,1690.0,1675.1,1690.0,464,0
2026-05-14T14:00:00+05:30,1690.0,1740.0,1690.0,1735.0,1220,0
2026-05-14T14:15:00+05:30,1735.0,1740.0,1720.0,1731.0,1386,0
2026-05-14T14:30:00+05:30,1730.1,1731.0,1722.0,1730.2,146,0
2026-05-14T14:45:00+05:30,1722.5,1735.1,1722.0,1729.7,461,0
2026-05-14T15:00:00+05:30,1732.4,1749.0,1732.3,1744.2,836,0
2026-05-14T15:15:00+05:30,1747.5,1749.0,1735.0,1749.0,402,0
2026-05-15T09:15:00+05:30,1745.5,1760.0,1745.0,1760.0,1217,0
2026-05-15T09:30:00+05:30,1758.3,1761.0,1745.1,1755.0,271,0
2026-05-15T09:45:00+05:30,1749.8,1759.0,1745.5,1759.0,110,0
2026-05-15T10:00:00+05:30,1759.0,1760.0,1735.0,1735.0,310,0
2026-05-15T10:15:00+05:30,1740.9,1749.8,1735.0,1741.4,472,0
2026-05-15T10:30:00+05:30,1738.0,1740.4,1732.9,1740.4,39,0
2026-05-15T10:45:00+05:30,1740.7,1754.9,1733.0,1740.0,116,0
2026-05-15T11:00:00+05:30,1740.0,1750.0,1740.0,1745.4,81,0
2026-05-15T11:15:00+05:30,1745.4,1750.0,1744.4,1750.0,54,0
2026-05-15T11:30:00+05:30,1744.8,1990.0,1744.8,1977.5,39011,0
2026-05-15T11:45:00+05:30,1978.6,1990.0,1922.4,1970.0,46257,0
2026-05-15T12:00:00+05:30,1973.8,1975.2,1940.1,1952.0,17302,0
2026-05-15T12:15:00+05:30,1954.6,1959.9,1911.0,1959.6,11502,0
2026-05-15T12:30:00+05:30,1956.0,1974.0,1950.0,1950.1,11843,0
2026-05-15T12:45:00+05:30,1950.1,1955.4,1935.0,1935.0,4599,0
2026-05-15T13:00:00+05:30,1935.3,1945.4,1931.0,1943.9,3611,0
2026-05-15T13:15:00+05:30,1938.6,1943.8,1915.1,1930.1,3250,0
2026-05-15T13:30:00+05:30,1926.0,1939.0,1918.4,1918.5,3209,0
2026-05-15T13:45:00+05:30,1919.2,1922.0,1902.5,1910.0,5291,0
2026-05-15T14:00:00+05:30,1910.0,1912.6,1863.5,1877.2,8725,0
2026-05-15T14:15:00+05:30,1883.9,1889.9,1851.3,1859.9,4765,0
2026-05-15T14:30:00+05:30,1862.8,1862.8,1835.8,1842.9,5413,0
2026-05-15T14:45:00+05:30,1846.3,1850.0,1828.9,1845.1,3987,0
2026-05-15T15:00:00+05:30,1845.1,1858.7,1820.0,1829.5,4492,0
2026-05-15T15:15:00+05:30,1827.9,1848.0,1811.0,1824.0,11552,0
2026-05-18T09:15:00+05:30,1810.0,1858.6,1771.0,1823.6,6127,0
2026-05-18T09:30:00+05:30,1823.6,1828.2,1794.4,1804.0,1010,0
2026-05-18T09:45:00+05:30,1810.1,1821.7,1810.0,1810.0,1351,0
2026-05-18T10:00:00+05:30,1808.8,1808.9,1791.0,1791.0,408,0
2026-05-18T10:15:00+05:30,1793.8,1801.2,1791.1,1794.8,182,0
2026-05-18T10:30:00+05:30,1794.8,1796.3,1775.0,1796.3,716,0
2026-05-18T10:45:00+05:30,1797.1,1810.0,1785.0,1800.9,792,0
2026-05-18T11:00:00+05:30,1808.6,1809.1,1800.9,1805.4,135,0
2026-05-18T11:15:00+05:30,1802.1,1809.0,1796.2,1808.2,393,0
2026-05-18T11:30:00+05:30,1808.2,1808.2,1793.0,1799.7,311,0
2026-05-18T11:45:00+05:30,1799.7,1804.2,1793.0,1794.1,549,0
2026-05-18T12:00:00+05:30,1794.1,1803.7,1794.1,1803.7,37,0
2026-05-18T12:15:00+05:30,1803.7,1808.0,1802.2,1802.3,57,0
2026-05-18T12:30:00+05:30,1802.3,1802.8,1792.4,1794.6,145,0
2026-05-18T12:45:00+05:30,1791.7,1791.8,1770.0,1791.8,898,0
2026-05-18T13:00:00+05:30,1791.8,1791.8,1776.0,1781.2,251,0
2026-05-18T13:15:00+05:30,1782.5,1782.5,1770.5,1778.1,286,0
2026-05-18T13:30:00+05:30,1778.1,1782.0,1775.8,1777.2,249,0
2026-05-18T13:45:00+05:30,1776.7,1780.1,1770.1,1772.4,246,0
2026-05-18T14:00:00+05:30,1770.3,1779.0,1762.5,1774.2,494,0
2026-05-18T14:15:00+05:30,1772.2,1772.2,1761.5,1765.5,214,0
2026-05-18T14:30:00+05:30,1765.5,1767.8,1761.0,1761.0,17,0
2026-05-18T14:45:00+05:30,1764.7,1773.9,1757.0,1757.0,449,0
2026-05-18T15:00:00+05:30,1762.1,1783.0,1759.5,1783.0,364,0
2026-05-18T15:15:00+05:30,1783.6,1810.0,1760.2,1777.0,1765,0
2026-05-19T09:15:00+05:30,1780.6,1813.1,1780.6,1796.9,237,0
2026-05-19T09:30:00+05:30,1800.8,1800.8,1790.1,1795.0,227,0
2026-05-19T09:45:00+05:30,1790.2,1795.0,1777.2,1777.2,544,0
2026-05-19T10:00:00+05:30,1777.2,1785.7,1770.0,1779.3,222,0
2026-05-19T10:15:00+05:30,1779.3,1787.3,1772.5,1787.3,38,0
2026-05-19T10:30:00+05:30,1787.3,1787.3,1755.0,1780.0,763,0
2026-05-19T10:45:00+05:30,1780.0,1781.8,1769.3,1781.8,77,0
2026-05-19T11:00:00+05:30,1780.8,1786.4,1780.7,1784.5,423,0
2026-05-19T11:15:00+05:30,1784.5,1784.5,1781.1,1781.1,22,0
2026-05-19T11:30:00+05:30,1781.1,1782.2,1777.8,1781.6,372,0
2026-05-19T11:45:00+05:30,1781.6,1781.6,1781.6,1781.6,0,0
2026-05-19T12:00:00+05:30,1781.6,1781.6,1765.2,1769.7,97,0
2026-05-19T12:15:00+05:30,1769.7,1783.2,1766.2,1775.0,541,0
2026-05-19T12:30:00+05:30,1775.0,1847.4,1772.5,1821.7,2204,0
2026-05-19T12:45:00+05:30,1808.5,1808.5,1796.7,1805.0,121,0
2026-05-19T13:00:00+05:30,1805.0,1831.9,1797.2,1817.1,1292,0
2026-05-19T13:15:00+05:30,1817.1,1840.2,1817.1,1831.3,740,0
2026-05-19T13:30:00+05:30,1829.8,1845.0,1825.0,1826.0,794,0
2026-05-19T13:45:00+05:30,1828.6,1828.6,1810.7,1812.3,228,0
2026-05-19T14:00:00+05:30,1812.3,1820.0,1812.3,1819.9,384,0
2026-05-19T14:15:00+05:30,1819.9,1819.9,1812.6,1816.2,47,0
2026-05-19T14:30:00+05:30,1816.2,1829.9,1815.0,1829.6,1661,0
2026-05-19T14:45:00+05:30,1829.6,1829.6,1812.0,1812.0,1461,0
2026-05-19T15:00:00+05:30,1814.7,1815.2,1801.3,1808.7,680,0
2026-05-19T15:15:00+05:30,1804.8,1815.0,1778.5,1815.0,2436,0
2026-05-20T09:15:00+05:30,1809.0,1818.8,1794.2,1812.4,2219,0
2026-05-20T09:30:00+05:30,1805.1,1811.5,1795.0,1803.0,332,0
2026-05-20T09:45:00+05:30,1803.0,1840.0,1803.0,1840.0,917,0
2026-05-20T10:00:00+05:30,1839.4,1855.0,1823.3,1847.7,1751,0
2026-05-20T10:15:00+05:30,1845.1,1871.9,1838.1,1853.5,1046,0
2026-05-20T10:30:00+05:30,1850.5,1870.0,1845.0,1863.9,1835,0
2026-05-20T10:45:00+05:30,1863.1,1870.0,1834.7,1838.1,1445,0
2026-05-20T11:00:00+05:30,1838.1,1843.6,1827.0,1834.4,483,0
2026-05-20T11:15:00+05:30,1834.4,1836.3,1824.6,1825.2,326,0
2026-05-20T11:30:00+05:30,1825.2,1834.8,1825.2,1825.4,82,0
2026-05-20T11:45:00+05:30,1825.4,1835.6,1825.0,1833.1,76,0
2026-05-20T12:00:00+05:30,1833.1,1839.8,1822.0,1829.2,849,0
2026-05-20T12:15:00+05:30,1822.7,1823.7,1807.9,1823.5,1816,0
2026-05-20T12:30:00+05:30,1814.1,1823.0,1810.0,1823.0,141,0
2026-05-20T12:45:00+05:30,1823.0,1833.5,1818.8,1833.5,233,0
2026-05-20T13:00:00+05:30,1833.5,1833.5,1825.5,1832.5,245,0
2026-05-20T13:15:00+05:30,1832.5,1832.6,1828.0,1828.0,64,0
2026-05-20T13:30:00+05:30,1828.2,1830.0,1820.0,1820.1,160,0
2026-05-20T13:45:00+05:30,1820.1,1827.5,1816.3,1827.5,513,0
2026-05-20T14:00:00+05:30,1816.8,1821.2,1815.0,1820.4,78,0
2026-05-20T14:15:00+05:30,1820.4,1821.1,1812.3,1816.0,56,0
2026-05-20T14:30:00+05:30,1820.2,1829.1,1816.0,1828.0,1068,0
2026-05-20T14:45:00+05:30,1822.8,1837.9,1822.8,1837.7,488,0
2026-05-20T15:00:00+05:30,1837.5,1840.0,1832.3,1838.4,376,0
2026-05-20T15:15:00+05:30,1839.2,1845.0,1832.0,1840.0,559,0
2026-05-21T09:15:00+05:30,1878.1,1918.0,1875.0,1888.2,4594,0
2026-05-21T09:30:00+05:30,1894.6,1906.9,1882.5,1883.0,932,0
2026-05-21T09:45:00+05:30,1884.0,1895.0,1878.1,1894.0,1169,0
2026-05-21T10:00:00+05:30,1882.7,1890.1,1881.0,1887.2,444,0
2026-05-21T10:15:00+05:30,1887.2,1892.8,1882.2,1892.8,282,0
2026-05-21T10:30:00+05:30,1891.6,1907.0,1885.0,1885.4,1659,0
2026-05-21T10:45:00+05:30,1885.4,1894.0,1869.7,1875.7,837,0
2026-05-21T11:00:00+05:30,1875.7,1891.4,1875.7,1891.4,428,0
2026-05-21T11:15:00+05:30,1887.0,1890.2,1875.0,1886.7,833,0
2026-05-21T11:30:00+05:30,1886.7,1890.2,1884.8,1884.8,157,0
2026-05-21T11:45:00+05:30,1889.6,1890.2,1881.1,1883.5,282,0
2026-05-21T12:00:00+05:30,1883.5,1888.5,1882.0,1882.0,132,0
2026-05-21T12:15:00+05:30,1883.8,1884.0,1875.0,1884.0,657,0
2026-05-21T12:30:00+05:30,1882.1,1895.0,1882.1,1890.0,320,0
2026-05-21T12:45:00+05:30,1890.0,1897.4,1884.0,1884.4,221,0
2026-05-21T13:00:00+05:30,1884.2,1885.3,1879.9,1879.9,355,0
2026-05-21T13:15:00+05:30,1884.5,1885.6,1881.3,1884.7,46,0
2026-05-21T13:30:00+05:30,1884.7,1888.5,1881.0,1881.9,243,0
2026-05-21T13:45:00+05:30,1882.3,1885.0,1875.0,1883.4,696,0
2026-05-21T14:00:00+05:30,1883.4,1885.0,1880.0,1880.0,418,0
2026-05-21T14:15:00+05:30,1880.0,1885.8,1880.0,1880.0,98,0
2026-05-21T14:30:00+05:30,1882.0,1886.1,1880.0,1880.6,125,0
2026-05-21T14:45:00+05:30,1880.6,1882.1,1878.3,1882.0,323,0
2026-05-21T15:00:00+05:30,1882.0,1882.1,1875.5,1879.2,395,0
2026-05-21T15:15:00+05:30,1879.2,1890.0,1873.5,1885.0,3599,0
2026-05-22T09:15:00+05:30,1890.0,1895.7,1882.2,1888.6,790,0
2026-05-22T09:30:00+05:30,1888.6,1889.9,1881.0,1888.1,218,0
2026-05-22T09:45:00+05:30,1888.1,1888.7,1877.7,1879.7,780,0
2026-05-22T10:00:00+05:30,1878.1,1888.0,1860.0,1887.6,2331,0
2026-05-22T10:15:00+05:30,1887.6,1905.0,1880.2,1904.9,2013,0
2026-05-22T10:30:00+05:30,1902.2,1911.0,1894.1,1911.0,888,0
2026-05-22T10:45:00+05:30,1910.0,1910.0,1890.0,1890.0,464,0
2026-05-22T11:00:00+05:30,1890.0,1896.0,1890.0,1896.0,91,0
2026-05-22T11:15:00+05:30,1896.0,1907.0,1896.0,1904.0,273,0
2026-05-22T11:30:00+05:30,1904.0,1915.0,1895.1,1904.8,818,0
2026-05-22T11:45:00+05:30,1904.8,1905.5,1897.5,1898.1,303,0
2026-05-22T12:00:00+05:30,1898.1,1900.1,1890.2,1890.2,128,0
2026-05-22T12:15:00+05:30,1890.2,1895.8,1885.0,1890.0,223,0
2026-05-22T12:30:00+05:30,1890.0,1893.3,1885.0,1886.5,116,0
2026-05-22T12:45:00+05:30,1886.5,1892.2,1885.0,1885.0,88,0
2026-05-22T13:00:00+05:30,1885.0,1889.5,1885.0,1889.5,101,0
2026-05-22T13:15:00+05:30,1886.9,1892.0,1885.9,1892.0,38,0
2026-05-22T13:30:00+05:30,1892.0,1893.0,1890.1,1890.1,29,0
2026-05-22T13:45:00+05:30,1890.1,1893.8,1875.0,1884.8,1010,0
2026-05-22T14:00:00+05:30,1884.8,1887.9,1883.3,1883.9,132,0
2026-05-22T14:15:00+05:30,1883.9,1890.0,1877.3,1883.6,207,0
2026-05-22T14:30:00+05:30,1879.3,1882.1,1875.0,1877.9,216,0
2026-05-22T14:45:00+05:30,1878.3,1883.7,1878.0,1878.9,612,0
2026-05-22T15:00:00+05:30,1878.9,1880.0,1876.0,1876.1,332,0
2026-05-22T15:15:00+05:30,1876.8,1895.4,1870.0,1893.0,5744,0
2026-05-25T09:15:00+05:30,1910.0,1919.9,1902.1,1908.4,1169,0
2026-05-25T09:30:00+05:30,1907.3,1911.8,1899.2,1903.5,402,0
2026-05-25T09:45:00+05:30,1903.5,1906.9,1895.1,1898.8,160,0
2026-05-25T10:00:00+05:30,1895.4,1900.0,1888.0,1893.0,521,0
2026-05-25T10:15:00+05:30,1893.0,1897.8,1886.2,1897.8,255,0
2026-05-25T10:30:00+05:30,1894.3,1894.3,1889.9,1889.9,176,0
2026-05-25T10:45:00+05:30,1889.9,1890.3,1884.0,1890.3,252,0
2026-05-25T11:00:00+05:30,1892.2,1904.5,1892.2,1903.0,587,0
2026-05-25T11:15:00+05:30,1903.0,1903.9,1895.0,1903.7,114,0
2026-05-25T11:30:00+05:30,1903.7,1904.8,1900.1,1901.1,151,0
2026-05-25T11:45:00+05:30,1899.4,1903.9,1898.6,1902.2,43,0
2026-05-25T12:00:00+05:30,1902.2,1907.7,1899.8,1907.0,446,0
2026-05-25T12:15:00+05:30,1907.0,1907.0,1904.6,1904.6,16,0
2026-05-25T12:30:00+05:30,1904.6,1906.9,1903.9,1906.9,85,0
2026-05-25T12:45:00+05:30,1906.9,1907.0,1900.1,1906.9,93,0
2026-05-25T13:00:00+05:30,1906.9,1912.0,1906.5,1908.7,225,0
2026-05-25T13:15:00+05:30,1905.0,1913.9,1904.4,1912.3,55,0
2026-05-25T13:30:00+05:30,1907.7,1908.6,1904.6,1904.7,82,0
2026-05-25T13:45:00+05:30,1904.7,1904.7,1904.5,1904.5,11,0
2026-05-25T14:00:00+05:30,1904.5,1905.5,1900.0,1900.0,111,0
2026-05-25T14:15:00+05:30,1900.0,1900.0,1894.4,1894.5,273,0
2026-05-25T14:30:00+05:30,1894.5,1894.5,1891.0,1891.0,14,0
2026-05-25T14:45:00+05:30,1891.0,1899.6,1890.0,1895.8,519,0
2026-05-25T15:00:00+05:30,1894.0,1895.8,1886.5,1886.6,410,0
2026-05-25T15:15:00+05:30,1892.5,1905.0,1887.1,1905.0,551,0
2026-05-26T09:15:00+05:30,1890.4,1904.8,1875.3,1898.2,492,0
2026-05-26T09:30:00+05:30,1898.2,1898.3,1882.0,1889.3,1511,0
2026-05-26T09:45:00+05:30,1889.3,1898.2,1884.0,1889.5,662,0
2026-05-26T10:00:00+05:30,1889.5,1892.1,1884.2,1884.2,181,0
2026-05-26T10:15:00+05:30,1890.1,1895.4,1885.1,1890.1,405,0
2026-05-26T10:30:00+05:30,1890.1,1895.2,1890.1,1895.2,92,0
2026-05-26T10:45:00+05:30,1895.2,1935.0,1895.2,1930.0,2282,0
2026-05-26T11:00:00+05:30,1930.1,1988.7,1930.0,1966.8,7278,0
2026-05-26T11:15:00+05:30,1960.9,1992.2,1956.1,1981.7,3511,0
2026-05-26T11:30:00+05:30,1979.7,1979.7,1964.6,1964.6,486,0
2026-05-26T11:45:00+05:30,1964.6,1974.2,1951.0,1970.0,976,0
2026-05-26T12:00:00+05:30,1965.2,1965.2,1954.9,1960.1,1080,0
2026-05-26T12:15:00+05:30,1960.1,1961.0,1950.7,1961.0,763,0
2026-05-26T12:30:00+05:30,1961.0,1970.2,1959.0,1969.8,358,0
2026-05-26T12:45:00+05:30,1968.0,1975.0,1960.1,1970.8,627,0
2026-05-26T13:00:00+05:30,1974.7,1975.0,1964.1,1973.8,236,0
2026-05-26T13:15:00+05:30,1970.0,1990.0,1969.9,1980.6,1605,0
2026-05-26T13:30:00+05:30,1982.5,2005.0,1976.0,2005.0,2775,0
2026-05-26T13:45:00+05:30,2005.0,2215.0,2005.0,2190.1,38152,0
2026-05-26T14:00:00+05:30,2197.9,2238.7,2121.3,2155.1,34682,0
2026-05-26T14:15:00+05:30,2152.7,2188.0,2138.2,2166.0,9770,0
2026-05-26T14:30:00+05:30,2169.6,2187.9,2160.0,2173.1,5790,0
2026-05-26T14:45:00+05:30,2173.3,2178.8,2115.0,2157.6,7960,0
2026-05-26T15:00:00+05:30,2155.4,2189.8,2121.2,2151.0,9133,0
2026-05-26T15:15:00+05:30,2153.9,2174.4,2118.0,2130.5,6694,0
2026-05-27T09:15:00+05:30,2158.0,2179.2,2116.2,2138.0,3973,0
2026-05-27T09:30:00+05:30,2131.3,2153.9,2107.4,2114.4,2243,0
2026-05-27T09:45:00+05:30,2115.9,2126.3,2092.9,2103.6,1284,0
2026-05-27T10:00:00+05:30,2104.0,2107.5,2093.6,2101.4,1184,0
2026-05-27T10:15:00+05:30,2101.4,2105.9,2089.0,2101.6,1087,0
2026-05-27T10:30:00+05:30,2101.2,2102.3,2080.0,2084.2,880,0
2026-05-27T10:45:00+05:30,2085.6,2099.2,2078.0,2086.5,845,0
2026-05-27T11:00:00+05:30,2083.7,2094.6,2083.7,2092.0,90,0
2026-05-27T11:15:00+05:30,2093.3,2093.3,2079.0,2079.0,277,0
2026-05-27T11:30:00+05:30,2079.9,2089.8,2078.6,2085.0,126,0
2026-05-27T11:45:00+05:30,2085.0,2090.9,2072.2,2072.2,531,0
2026-05-27T12:00:00+05:30,2072.8,2072.8,2053.6,2055.0,2246,0
2026-05-27T12:15:00+05:30,2062.1,2062.1,2052.1,2053.4,239,0
2026-05-27T12:30:00+05:30,2052.0,2061.6,2046.2,2047.6,454,0
2026-05-27T12:45:00+05:30,2047.6,2051.9,2040.0,2040.2,806,0
2026-05-27T13:00:00+05:30,2040.2,2043.1,2036.0,2036.0,419,0
2026-05-27T13:15:00+05:30,2037.0,2040.0,2029.9,2033.0,1083,0
2026-05-27T13:30:00+05:30,2031.1,2031.1,2022.2,2025.5,258,0
2026-05-27T13:45:00+05:30,2025.5,2026.0,2018.0,2018.0,84,0
2026-05-27T14:00:00+05:30,2018.0,2031.9,2017.6,2020.2,220,0
2026-05-27T14:15:00+05:30,2020.2,2030.6,2020.2,2022.0,207,0
2026-05-27T14:30:00+05:30,2022.0,2027.3,2015.0,2016.0,408,0
2026-05-27T14:45:00+05:30,2017.9,2017.9,1997.5,2006.0,1494,0
2026-05-27T15:00:00+05:30,2001.0,2003.5,1980.4,1995.3,724,0
2026-05-27T15:15:00+05:30,1990.0,2000.0,1972.7,1980.0,3034,0
2026-05-29T09:15:00+05:30,1999.0,2017.9,1978.0,2017.9,1603,0
2026-05-29T09:30:00+05:30,2016.3,2035.8,2003.0,2014.1,3011,0
2026-05-29T09:45:00+05:30,2017.3,2038.0,2012.4,2031.7,1648,0
2026-05-29T10:00:00+05:30,2030.4,2047.5,2017.9,2026.0,2775,0
2026-05-29T10:15:00+05:30,2027.9,2032.3,2022.5,2031.2,420,0
2026-05-29T10:30:00+05:30,2032.1,2061.9,2032.1,2056.1,1928,0
2026-05-29T10:45:00+05:30,2050.3,2056.0,2046.0,2046.0,446,0
2026-05-29T11:00:00+05:30,2050.3,2061.7,2048.9,2049.0,265,0
2026-05-29T11:15:00+05:30,2049.0,2049.0,2036.9,2049.0,689,0
2026-05-29T11:30:00+05:30,2049.0,2062.8,2044.0,2061.9,397,0
2026-05-29T11:45:00+05:30,2061.9,2078.7,2054.2,2063.2,1116,0
2026-05-29T12:00:00+05:30,2063.9,2078.9,2061.1,2061.1,856,0
2026-05-29T12:15:00+05:30,2066.3,2066.3,2052.3,2061.6,204,0
2026-05-29T12:30:00+05:30,2065.0,2073.7,2051.0,2065.1,615,0
2026-05-29T12:45:00+05:30,2066.4,2073.1,2047.1,2047.1,635,0
2026-05-29T13:00:00+05:30,2047.1,2047.1,2041.1,2041.1,86,0
2026-05-29T13:15:00+05:30,2041.1,2045.0,2041.1,2045.0,2,0
2026-05-29T13:30:00+05:30,2045.0,2047.2,2036.9,2036.9,117,0
2026-05-29T13:45:00+05:30,2036.9,2040.9,2009.1,2014.6,713,0
2026-05-29T14:00:00+05:30,2014.6,2027.9,2014.6,2027.9,53,0
2026-05-29T14:15:00+05:30,2027.9,2028.5,2016.9,2028.0,57,0
2026-05-29T14:30:00+05:30,2028.0,2033.3,2024.2,2024.8,301,0
2026-05-29T14:45:00+05:30,2024.8,2024.8,2010.0,2016.3,43,0
2026-05-29T15:00:00+05:30,2012.6,2015.4,1996.3,1997.0,592,0
2026-05-29T15:15:00+05:30,2003.1,2050.0,1995.0,2050.0,1316,0
2026-06-01T09:15:00+05:30,2030.0,2070.6,2000.0,2000.0,1283,0
2026-06-01T09:30:00+05:30,2005.2,2015.9,2001.5,2008.3,408,0
2026-06-01T09:45:00+05:30,2010.0,2037.8,2008.1,2034.5,994,0
2026-06-01T10:00:00+05:30,2032.0,2039.9,2020.2,2022.0,966,0
2026-06-01T10:15:00+05:30,2020.8,2027.9,2014.1,2019.6,144,0
2026-06-01T10:30:00+05:30,2019.6,2027.2,2016.0,2027.2,30,0
2026-06-01T10:45:00+05:30,2027.2,2038.6,2022.7,2034.5,100,0
2026-06-01T11:00:00+05:30,2034.5,2047.9,2025.0,2047.5,464,0
2026-06-01T11:15:00+05:30,2046.7,2052.3,2040.2,2043.3,266,0
2026-06-01T11:30:00+05:30,2042.6,2049.8,2037.7,2049.8,109,0
2026-06-01T11:45:00+05:30,2049.8,2049.9,2045.7,2045.7,222,0
2026-06-01T12:00:00+05:30,2045.7,2055.6,2044.3,2044.3,905,0
2026-06-01T12:15:00+05:30,2044.3,2044.3,2030.0,2030.0,411,0
2026-06-01T12:30:00+05:30,2030.0,2036.3,2029.1,2036.3,37,0
2026-06-01T12:45:00+05:30,2036.3,2049.1,2036.3,2045.5,357,0
2026-06-01T13:00:00+05:30,2045.5,2050.0,2036.1,2036.1,117,0
2026-06-01T13:15:00+05:30,2036.1,2046.0,2034.3,2034.6,108,0
2026-06-01T13:30:00+05:30,2034.6,2046.8,2034.6,2037.8,208,0
2026-06-01T13:45:00+05:30,2037.8,2045.6,2037.8,2045.0,34,0
2026-06-01T14:00:00+05:30,2044.8,2045.0,2036.0,2036.0,94,0
2026-06-01T14:15:00+05:30,2032.4,2033.1,2026.0,2031.1,128,0
2026-06-01T14:30:00+05:30,2029.6,2035.6,2025.0,2026.9,296,0
2026-06-01T14:45:00+05:30,2026.9,2031.6,2026.3,2031.6,15,0
2026-06-01T15:00:00+05:30,2031.0,2031.0,2010.0,2017.3,902,0
2026-06-01T15:15:00+05:30,2019.0,2046.0,1991.0,2000.0,2268,0
2026-06-02T09:15:00+05:30,1995.0,2010.3,1970.7,2009.6,609,0
2026-06-02T09:30:00+05:30,2005.0,2012.4,2003.7,2009.3,146,0
2026-06-02T09:45:00+05:30,2014.0,2019.1,2013.8,2019.1,68,0
2026-06-02T10:00:00+05:30,2019.1,2026.1,2019.1,2025.0,64,0
2026-06-02T10:15:00+05:30,2019.9,2023.8,2011.1,2014.7,98,0
2026-06-02T10:30:00+05:30,2014.7,2017.4,2013.2,2013.2,185,0
2026-06-02T10:45:00+05:30,2013.2,2013.2,2009.2,2009.2,1,0
2026-06-02T11:00:00+05:30,2017.9,2026.0,2017.9,2021.0,293,0
2026-06-02T11:15:00+05:30,2021.0,2029.0,2020.0,2020.0,261,0
2026-06-02T11:30:00+05:30,2020.0,2025.6,2020.0,2021.3,9,0
2026-06-02T11:45:00+05:30,2021.3,2025.9,2019.3,2025.9,113,0
2026-06-02T12:00:00+05:30,2025.9,2025.9,2011.0,2011.0,214,0
2026-06-02T12:15:00+05:30,2011.0,2011.4,2001.0,2008.9,371,0
2026-06-02T12:30:00+05:30,2008.9,2008.9,2001.1,2005.9,32,0
2026-06-02T12:45:00+05:30,2005.9,2010.0,2005.6,2010.0,36,0
2026-06-02T13:00:00+05:30,2010.0,2015.6,2001.0,2001.0,238,0
2026-06-02T13:15:00+05:30,2001.0,2009.2,2001.0,2003.0,45,0
2026-06-02T13:30:00+05:30,2003.0,2009.7,2000.5,2003.9,46,0
2026-06-02T13:45:00+05:30,2003.9,2014.0,2003.9,2008.5,232,0
2026-06-02T14:00:00+05:30,2008.5,2008.5,2008.5,2008.5,0,0
2026-06-02T14:15:00+05:30,2008.5,2015.9,2008.5,2015.9,31,0
2026-06-02T14:30:00+05:30,2015.9,2019.8,2011.6,2018.2,164,0
2026-06-02T14:45:00+05:30,2014.6,2019.9,2011.1,2011.1,133,0
2026-06-02T15:00:00+05:30,2011.1,2022.7,2006.1,2015.5,319,0
2026-06-02T15:15:00+05:30,2015.0,2025.1,2005.0,2019.0,965,0
2026-06-03T09:15:00+05:30,2030.2,2032.1,2005.0,2025.0,628,0
2026-06-03T09:30:00+05:30,2025.0,2026.6,2011.4,2018.8,442,0
2026-06-03T09:45:00+05:30,2018.8,2024.9,2004.6,2007.8,440,0
2026-06-03T10:00:00+05:30,2008.5,2013.7,1999.0,1999.0,321,0
2026-06-03T10:15:00+05:30,1998.1,2000.0,1985.5,1986.9,324,0
2026-06-03T10:30:00+05:30,1986.9,1986.9,1962.2,1969.0,278,0
2026-06-03T10:45:00+05:30,1968.2,1970.4,1951.2,1960.0,518,0
2026-06-03T11:00:00+05:30,1957.0,1960.2,1955.4,1956.5,40,0
2026-06-03T11:15:00+05:30,1960.2,1963.4,1945.2,1961.1,331,0
2026-06-03T11:30:00+05:30,1961.1,1961.1,1953.1,1956.1,68,0
2026-06-03T11:45:00+05:30,1956.1,1957.9,1936.5,1936.5,315,0
2026-06-03T12:00:00+05:30,1938.1,1944.6,1925.0,1942.0,499,0
2026-06-03T12:15:00+05:30,1942.0,1943.7,1933.4,1943.6,10,0
2026-06-03T12:30:00+05:30,1944.7,1946.9,1938.1,1943.8,73,0
2026-06-03T12:45:00+05:30,1943.8,1960.4,1933.7,1949.7,596,0
2026-06-03T13:00:00+05:30,1946.6,1948.5,1944.8,1946.1,14,0
2026-06-03T13:15:00+05:30,1946.1,1950.2,1939.0,1945.6,139,0
2026-06-03T13:30:00+05:30,1949.2,1958.9,1949.2,1954.8,84,0
2026-06-03T13:45:00+05:30,1954.8,1978.0,1954.8,1960.0,815,0
2026-06-03T14:00:00+05:30,1960.0,1964.4,1942.4,1953.0,477,0
2026-06-03T14:15:00+05:30,1953.0,1963.2,1947.1,1952.8,217,0
2026-06-03T14:30:00+05:30,1955.7,1959.0,1949.6,1951.7,80,0
2026-06-03T14:45:00+05:30,1951.0,1951.0,1946.8,1947.4,36,0
2026-06-03T15:00:00+05:30,1947.4,1967.3,1947.4,1955.1,446,0
2026-06-03T15:15:00+05:30,1955.6,1967.5,1940.1,1950.0,833,0
2026-06-04T09:15:00+05:30,1965.4,1992.8,1944.1,1953.9,892,0
2026-06-04T09:30:00+05:30,1953.9,1976.9,1953.5,1953.5,418,0
2026-06-04T09:45:00+05:30,1953.5,1960.8,1953.0,1954.6,111,0
2026-06-04T10:00:00+05:30,1954.6,1954.6,1950.7,1950.7,3,0
2026-06-04T10:15:00+05:30,1950.7,1964.9,1950.1,1951.8,114,0
2026-06-04T10:30:00+05:30,1960.7,1963.8,1953.1,1953.1,57,0
2026-06-04T10:45:00+05:30,1953.1,1958.9,1953.1,1958.8,38,0
2026-06-04T11:00:00+05:30,1958.3,1961.8,1950.2,1950.2,63,0
2026-06-04T11:15:00+05:30,1950.2,1956.9,1948.2,1952.7,159,0
2026-06-04T11:30:00+05:30,1952.7,1957.0,1945.3,1957.0,76,0
2026-06-04T11:45:00+05:30,1957.0,1957.0,1944.8,1944.8,73,0
2026-06-04T12:00:00+05:30,1944.8,1964.8,1944.0,1964.8,218,0
2026-06-04T12:15:00+05:30,1964.8,1964.8,1953.1,1955.6,56,0
2026-06-04T12:30:00+05:30,1955.6,1955.6,1949.9,1949.9,144,0
2026-06-04T12:45:00+05:30,1949.9,1957.9,1945.0,1955.8,155,0
2026-06-04T13:00:00+05:30,1955.8,1955.8,1944.0,1944.0,11,0
2026-06-04T13:15:00+05:30,1943.9,1944.2,1943.9,1944.2,6,0
2026-06-04T13:30:00+05:30,1944.0,1948.4,1944.0,1944.4,19,0
2026-06-04T13:45:00+05:30,1944.4,1944.4,1941.7,1944.0,72,0
2026-06-04T14:00:00+05:30,1944.0,1944.0,1933.5,1933.5,49,0
2026-06-04T14:15:00+05:30,1939.2,1939.2,1926.2,1928.0,212,0
2026-06-04T14:30:00+05:30,1930.9,1934.6,1926.0,1930.7,46,0
2026-06-04T14:45:00+05:30,1930.7,1936.7,1927.3,1927.3,79,0
2026-06-04T15:00:00+05:30,1927.3,1933.2,1925.0,1930.0,283,0
2026-06-04T15:15:00+05:30,1927.1,1943.9,1910.2,1943.0,453,0
2026-06-05T09:15:00+05:30,1916.0,1965.9,1916.0,1959.8,329,0
2026-06-05T09:30:00+05:30,1959.8,1984.5,1954.0,1958.9,608,0
2026-06-05T09:45:00+05:30,1960.4,1971.8,1959.8,1961.7,160,0
2026-06-05T10:00:00+05:30,1961.1,1969.0,1954.0,1969.0,131,0
2026-06-05T10:15:00+05:30,1969.0,2018.0,1969.0,1996.1,1274,0
2026-06-05T10:30:00+05:30,1995.4,2010.0,1985.9,1990.8,192,0
2026-06-05T10:45:00+05:30,1990.0,1999.1,1973.0,1973.0,499,0
2026-06-05T11:00:00+05:30,1970.6,1989.1,1970.0,1987.2,186,0
2026-06-05T11:15:00+05:30,1987.2,1987.2,1972.2,1972.2,50,0
2026-06-05T11:30:00+05:30,1972.2,1977.6,1972.2,1976.3,7,0
2026-06-05T11:45:00+05:30,1976.4,1987.7,1976.4,1987.3,32,0
2026-06-05T12:00:00+05:30,1987.3,1997.2,1980.0,1980.0,102,0
2026-06-05T12:15:00+05:30,1980.0,1992.0,1980.0,1984.1,13,0
2026-06-05T12:30:00+05:30,1984.1,1990.2,1982.1,1989.2,253,0
2026-06-05T12:45:00+05:30,1987.0,1991.0,1987.0,1991.0,16,0
2026-06-05T13:00:00+05:30,1989.9,1990.0,1973.0,1973.0,186,0
2026-06-05T13:15:00+05:30,1973.0,1974.6,1973.0,1974.1,328,0
2026-06-05T13:30:00+05:30,1974.1,1977.6,1970.4,1970.4,51,0
2026-06-05T13:45:00+05:30,1970.4,1989.0,1970.4,1983.2,64,0
2026-06-05T14:00:00+05:30,1983.3,1984.0,1983.2,1983.4,28,0
2026-06-05T14:15:00+05:30,1983.4,1988.0,1980.3,1981.0,103,0
2026-06-05T14:30:00+05:30,1981.0,1981.0,1970.0,1970.0,75,0
2026-06-05T14:45:00+05:30,1970.0,1978.8,1970.0,1978.8,59,0
2026-06-05T15:00:00+05:30,1978.8,1979.3,1961.0,1961.0,99,0
2026-06-05T15:15:00+05:30,1968.8,1980.0,1954.0,1954.0,319,0
2026-06-08T09:15:00+05:30,1950.0,2005.4,1932.2,2001.7,626,0
2026-06-08T09:30:00+05:30,2001.9,2014.8,1972.5,1973.1,467,0
2026-06-08T09:45:00+05:30,1977.5,1991.9,1977.5,1989.0,154,0
2026-06-08T10:00:00+05:30,1989.0,1991.9,1980.1,1985.6,134,0
2026-06-08T10:15:00+05:30,1986.2,2005.0,1986.2,1993.5,141,0
2026-06-08T10:30:00+05:30,1993.5,1993.5,1975.6,1993.2,295,0
2026-06-08T10:45:00+05:30,1993.2,1993.2,1993.2,1993.2,10,0
2026-06-08T11:00:00+05:30,1993.2,1993.2,1983.8,1983.8,13,0
2026-06-08T11:15:00+05:30,1983.8,1983.8,1977.3,1977.3,61,0
2026-06-08T11:30:00+05:30,1977.3,1977.3,1969.8,1971.3,13,0
2026-06-08T11:45:00+05:30,1971.3,1985.8,1965.1,1972.5,399,0
2026-06-08T12:00:00+05:30,1972.5,1979.0,1968.8,1973.7,44,0
2026-06-08T12:15:00+05:30,1973.8,1977.5,1969.5,1974.0,68,0
2026-06-08T12:30:00+05:30,1974.0,1978.4,1962.2,1962.2,233,0
2026-06-08T12:45:00+05:30,1962.2,1973.2,1962.2,1973.1,27,0
2026-06-08T13:00:00+05:30,1973.1,1974.4,1955.2,1955.2,132,0
2026-06-08T13:15:00+05:30,1955.2,1972.0,1955.2,1962.0,105,0
2026-06-08T13:30:00+05:30,1962.0,1962.0,1953.1,1953.1,30,0
2026-06-08T13:45:00+05:30,1953.1,1970.5,1953.1,1970.5,176,0
2026-06-08T14:00:00+05:30,1970.5,1970.5,1944.2,1944.2,140,0
2026-06-08T14:15:00+05:30,1944.2,1949.1,1944.0,1944.0,22,0
2026-06-08T14:30:00+05:30,1944.0,1948.1,1944.0,1947.9,25,0
2026-06-08T14:45:00+05:30,1947.9,1963.5,1947.9,1963.5,37,0
2026-06-08T15:00:00+05:30,1963.5,1973.0,1952.6,1970.4,226,0
2026-06-08T15:15:00+05:30,1970.4,1972.8,1950.0,1953.6,209,0
2026-06-09T09:15:00+05:30,1941.0,1969.8,1916.0,1932.1,4182,0
2026-06-09T09:30:00+05:30,1932.1,1938.5,1928.9,1937.9,41,0
2026-06-09T09:45:00+05:30,1933.9,1937.9,1921.0,1923.3,270,0
2026-06-09T10:00:00+05:30,1924.8,1950.0,1924.8,1945.9,880,0
2026-06-09T10:15:00+05:30,1945.9,1945.9,1934.8,1937.8,76,0
2026-06-09T10:30:00+05:30,1937.8,1949.9,1933.0,1949.9,945,0
2026-06-09T10:45:00+05:30,1949.9,1960.0,1949.6,1953.2,142,0
2026-06-09T11:00:00+05:30,1953.2,1954.9,1953.2,1954.9,3,0
2026-06-09T11:15:00+05:30,1954.9,1961.9,1952.5,1952.5,155,0
2026-06-09T11:30:00+05:30,1952.5,1957.3,1952.5,1955.9,30,0
2026-06-09T11:45:00+05:30,1955.9,1955.9,1946.6,1946.6,160,0
2026-06-09T12:00:00+05:30,1946.6,1958.9,1946.6,1956.9,18,0
2026-06-09T12:15:00+05:30,1956.9,1956.9,1953.0,1953.0,20,0
2026-06-09T12:30:00+05:30,1953.0,1961.9,1951.6,1956.5,66,0
2026-06-09T12:45:00+05:30,1956.5,1956.5,1951.5,1951.5,30,0
2026-06-09T13:00:00+05:30,1951.5,1953.3,1938.8,1952.1,306,0
2026-06-09T13:15:00+05:30,1952.1,1960.0,1952.1,1954.6,7,0
2026-06-09T13:30:00+05:30,1955.6,1955.6,1955.6,1955.6,1,0
2026-06-09T13:45:00+05:30,1955.6,1955.6,1951.4,1951.4,3,0
2026-06-09T14:00:00+05:30,1951.4,1951.4,1951.4,1951.4,0,0
2026-06-09T14:15:00+05:30,1952.9,1958.8,1952.9,1958.8,4,0
2026-06-09T14:30:00+05:30,1958.8,1970.0,1953.5,1964.0,178,0
2026-06-09T14:45:00+05:30,1965.1,1970.0,1953.8,1959.8,242,0
2026-06-09T15:00:00+05:30,1957.0,1960.0,1930.1,1947.9,446,0
2026-06-09T15:15:00+05:30,1946.2,1952.4,1920.0,1920.0,582,0
2026-06-10T09:15:00+05:30,1926.0,1993.1,1925.0,1949.4,409,0
2026-06-10T09:30:00+05:30,1949.4,1952.9,1948.9,1948.9,139,0
2026-06-10T09:45:00+05:30,1948.9,1958.1,1945.8,1947.4,15,0
2026-06-10T10:00:00+05:30,1947.4,1958.9,1945.3,1948.1,125,0
2026-06-10T10:15:00+05:30,1948.1,1948.1,1944.2,1944.2,1,0
2026-06-10T10:30:00+05:30,1944.2,1944.2,1944.2,1944.2,7,0
2026-06-10T10:45:00+05:30,1944.2,1944.3,1938.2,1944.3,78,0
2026-06-10T11:00:00+05:30,1944.3,1950.0,1941.1,1943.8,55,0
2026-06-10T11:15:00+05:30,1943.8,1943.8,1934.9,1935.8,191,0
2026-06-10T11:30:00+05:30,1935.8,1935.8,1935.8,1935.8,0,0
2026-06-10T11:45:00+05:30,1935.8,1936.2,1926.0,1926.0,80,0
2026-06-10T12:00:00+05:30,1926.0,1944.0,1926.0,1936.6,228,0
2026-06-10T12:15:00+05:30,1936.6,1945.0,1936.6,1942.6,65,0
2026-06-10T12:30:00+05:30,1942.6,1942.6,1942.6,1942.6,0,0
2026-06-10T12:45:00+05:30,1942.6,1942.6,1942.6,1942.6,0,0
2026-06-10T13:00:00+05:30,1942.6,1958.0,1934.5,1954.6,1078,0
2026-06-10T13:15:00+05:30,1956.3,1960.6,1956.0,1956.0,575,0
2026-06-10T13:30:00+05:30,1956.0,1959.2,1955.7,1955.7,3,0
2026-06-10T13:45:00+05:30,1955.7,1955.7,1940.0,1940.0,86,0
2026-06-10T14:00:00+05:30,1940.0,1947.6,1940.0,1945.6,11,0
2026-06-10T14:15:00+05:30,1945.6,1955.7,1940.0,1941.3,50,0
2026-06-10T14:30:00+05:30,1941.3,1942.7,1925.0,1925.5,130,0
2026-06-10T14:45:00+05:30,1926.2,1934.5,1925.0,1929.8,328,0
2026-06-10T15:00:00+05:30,1931.6,1941.5,1926.0,1941.0,197,0
2026-06-10T15:15:00+05:30,1931.3,1955.0,1924.0,1955.0,642,0
2026-06-11T09:15:00+05:30,1935.6,1935.6,1924.0,1932.1,35,0
2026-06-11T09:30:00+05:30,1932.1,1934.1,1932.1,1932.1,17,0
2026-06-11T09:45:00+05:30,1932.1,1932.1,1927.1,1927.8,21,0
2026-06-11T10:00:00+05:30,1933.8,1933.8,1929.6,1929.6,8,0
2026-06-11T10:15:00+05:30,1929.6,1936.8,1929.6,1936.8,27,0
2026-06-11T10:30:00+05:30,1936.8,1994.9,1936.8,1964.1,1706,0
2026-06-11T10:45:00+05:30,1964.1,2018.8,1964.1,1995.0,1314,0
2026-06-11T11:00:00+05:30,1995.0,1995.0,1970.1,1977.8,282,0
2026-06-11T11:15:00+05:30,1977.8,1980.9,1975.0,1975.0,14,0
2026-06-11T11:30:00+05:30,1975.0,1978.8,1969.7,1969.7,168,0
2026-06-11T11:45:00+05:30,1969.7,1970.7,1956.2,1958.7,182,0
2026-06-11T12:00:00+05:30,1958.7,1958.7,1938.1,1938.1,259,0
2026-06-11T12:15:00+05:30,1940.0,1944.2,1940.0,1942.2,73,0
2026-06-11T12:30:00+05:30,1942.2,1956.0,1942.2,1956.0,251,0
2026-06-11T12:45:00+05:30,1956.0,1956.0,1948.1,1951.1,118,0
2026-06-11T13:00:00+05:30,1947.3,1954.1,1932.0,1954.1,622,0
2026-06-11T13:15:00+05:30,1944.2,1947.9,1944.1,1944.1,11,0
2026-06-11T13:30:00+05:30,1944.1,1944.1,1936.3,1940.0,22,0
2026-06-11T13:45:00+05:30,1940.0,1942.3,1940.0,1940.9,4,0
2026-06-11T14:00:00+05:30,1940.9,1946.1,1940.9,1946.1,3,0
2026-06-11T14:15:00+05:30,1946.1,1953.0,1945.2,1947.7,54,0
2026-06-11T14:30:00+05:30,1949.9,1954.0,1949.9,1951.7,99,0
2026-06-11T14:45:00+05:30,1947.7,1947.7,1938.2,1947.1,206,0
2026-06-11T15:00:00+05:30,1947.1,1954.0,1947.0,1949.4,260,0
2026-06-11T15:15:00+05:30,1944.0,1994.0,1931.0,1990.0,412,0
2026-06-12T09:15:00+05:30,1980.5,1990.0,1967.6,1973.0,337,0
2026-06-12T09:30:00+05:30,1973.0,1973.0,1932.1,1932.1,430,0
2026-06-12T09:45:00+05:30,1932.1,1964.7,1932.1,1950.6,177,0
2026-06-12T10:00:00+05:30,1950.6,1950.6,1943.9,1943.9,7,0
2026-06-12T10:15:00+05:30,1944.6,1956.8,1943.9,1953.0,132,0
2026-06-12T10:30:00+05:30,1953.0,1964.9,1953.0,1964.9,100,0
2026-06-12T10:45:00+05:30,1964.9,1964.9,1954.5,1954.5,8,0
2026-06-12T11:00:00+05:30,1954.5,1970.9,1950.2,1956.1,216,0
2026-06-12T11:15:00+05:30,1956.1,1960.2,1950.0,1950.0,44,0
2026-06-12T11:30:00+05:30,1950.0,1965.0,1944.1,1965.0,214,0
2026-06-12T11:45:00+05:30,1960.9,1960.9,1958.5,1958.5,13,0
2026-06-12T12:00:00+05:30,1958.9,1960.0,1953.7,1960.0,15,0
2026-06-12T12:15:00+05:30,1960.0,1960.0,1952.5,1955.7,58,0
2026-06-12T12:30:00+05:30,1955.7,1956.7,1955.7,1956.2,4,0
2026-06-12T12:45:00+05:30,1956.2,1958.1,1954.6,1955.0,6,0
2026-06-12T13:00:00+05:30,1955.0,1955.9,1950.1,1950.1,16,0
2026-06-12T13:15:00+05:30,1950.1,1950.1,1950.1,1950.1,0,0
2026-06-12T13:30:00+05:30,1950.1,1959.3,1950.1,1954.3,4,0
2026-06-12T13:45:00+05:30,1954.0,1959.2,1950.1,1959.2,28,0
2026-06-12T14:00:00+05:30,1959.2,1964.9,1947.1,1964.9,99,0
2026-06-12T14:15:00+05:30,1956.3,1965.0,1950.0,1950.2,188,0
2026-06-12T14:30:00+05:30,1950.2,1964.4,1948.3,1948.3,48,0
2026-06-12T14:45:00+05:30,1948.3,1962.0,1945.0,1959.9,122,0
2026-06-12T15:00:00+05:30,1959.9,1960.0,1945.1,1945.2,59,0
2026-06-12T15:15:00+05:30,1948.6,1972.3,1925.0,1940.0,709,0
2026-06-15T09:15:00+05:30,1979.0,1999.6,1970.3,1989.4,494,0
2026-06-15T09:30:00+05:30,1985.6,1988.0,1968.4,1982.9,221,0
2026-06-15T09:45:00+05:30,1982.9,1982.9,1965.0,1979.3,139,0
2026-06-15T10:00:00+05:30,1979.3,1998.0,1977.7,1998.0,659,0
2026-06-15T10:15:00+05:30,1998.0,1998.0,1991.1,1997.0,10,0
2026-06-15T10:30:00+05:30,1996.5,2054.3,1996.5,2053.2,4087,0
2026-06-15T10:45:00+05:30,2052.9,2070.3,2046.9,2065.0,1378,0
2026-06-15T11:00:00+05:30,2065.0,2075.2,2059.9,2075.0,786,0
2026-06-15T11:15:00+05:30,2068.4,2075.0,2062.4,2071.3,81,0
2026-06-15T11:30:00+05:30,2071.3,2085.0,2067.2,2085.0,1300,0
2026-06-15T11:45:00+05:30,2070.4,2093.0,2070.0,2085.4,262,0
2026-06-15T12:00:00+05:30,2082.6,2082.6,2052.4,2074.0,421,0
2026-06-15T12:15:00+05:30,2074.0,2074.0,2059.9,2059.9,394,0
2026-06-15T12:30:00+05:30,2059.9,2085.0,2057.2,2070.1,895,0
2026-06-15T12:45:00+05:30,2070.1,2073.3,2058.1,2069.0,114,0
2026-06-15T13:00:00+05:30,2068.7,2068.7,2057.8,2065.0,287,0
2026-06-15T13:15:00+05:30,2065.0,2067.2,2060.4,2067.2,115,0
2026-06-15T13:30:00+05:30,2067.2,2067.2,2054.0,2064.1,136,0
2026-06-15T13:45:00+05:30,2064.1,2067.2,2052.2,2060.6,109,0
2026-06-15T14:00:00+05:30,2066.7,2066.8,2057.4,2057.4,34,0
2026-06-15T14:15:00+05:30,2057.4,2069.9,2057.4,2067.1,246,0
2026-06-15T14:30:00+05:30,2067.0,2070.0,2062.2,2070.0,186,0
2026-06-15T14:45:00+05:30,2070.0,2070.0,2063.9,2069.9,53,0
2026-06-15T15:00:00+05:30,2069.9,2069.9,2053.9,2063.1,693,0
2026-06-15T15:15:00+05:30,2062.0,2077.0,2055.0,2077.0,1061,0
2026-06-16T09:15:00+05:30,2066.6,2093.7,2046.7,2048.9,384,0
2026-06-16T09:30:00+05:30,2048.9,2048.9,2035.1,2038.5,84,0
2026-06-16T09:45:00+05:30,2038.5,2060.6,2038.1,2057.7,584,0
2026-06-16T10:00:00+05:30,2057.7,2057.7,2044.0,2044.0,64,0
2026-06-16T10:15:00+05:30,2037.8,2046.2,2036.0,2036.0,329,0
2026-06-16T10:30:00+05:30,2039.7,2045.2,2007.0,2015.0,688,0
2026-06-16T10:45:00+05:30,2015.0,2035.8,2015.0,2030.6,297,0
2026-06-16T11:00:00+05:30,2032.4,2056.9,2031.7,2051.9,877,0
2026-06-16T11:15:00+05:30,2051.9,2080.0,2040.0,2040.0,967,0
2026-06-16T11:30:00+05:30,2040.0,2040.0,2034.0,2034.0,6,0
2026-06-16T11:45:00+05:30,2034.0,2041.0,2034.0,2040.3,80,0
2026-06-16T12:00:00+05:30,2040.3,2042.8,2035.7,2042.8,121,0
2026-06-16T12:15:00+05:30,2042.8,2047.1,2036.2,2036.2,26,0
2026-06-16T12:30:00+05:30,2033.4,2035.7,2031.1,2035.7,11,0
2026-06-16T12:45:00+05:30,2040.9,2054.9,2040.9,2048.1,123,0
2026-06-16T13:00:00+05:30,2048.1,2053.3,2034.1,2034.1,57,0
2026-06-16T13:15:00+05:30,2034.1,2043.1,2030.0,2043.1,37,0
2026-06-16T13:30:00+05:30,2043.1,2050.4,2043.1,2046.1,3,0
2026-06-16T13:45:00+05:30,2046.1,2048.1,2045.8,2047.0,12,0
2026-06-16T14:00:00+05:30,2047.0,2057.9,2047.0,2057.9,13,0
2026-06-16T14:15:00+05:30,2057.9,2058.0,2051.1,2053.0,82,0
2026-06-16T14:30:00+05:30,2053.0,2054.9,2045.0,2054.9,47,0
2026-06-16T14:45:00+05:30,2043.8,2066.3,2040.0,2047.6,328,0
2026-06-16T15:00:00+05:30,2048.0,2065.0,2047.6,2052.2,143,0
2026-06-16T15:15:00+05:30,2042.7,2070.0,2028.2,2065.0,379,0
2026-06-17T09:15:00+05:30,2054.4,2083.0,2033.3,2063.0,371,0
2026-06-17T09:30:00+05:30,2063.0,2063.8,2052.0,2052.0,135,0
2026-06-17T09:45:00+05:30,2052.0,2062.4,2052.0,2062.4,138,0
2026-06-17T10:00:00+05:30,2055.6,2065.0,2044.0,2058.3,180,0
2026-06-17T10:15:00+05:30,2058.3,2058.4,2058.3,2058.3,5,0
2026-06-17T10:30:00+05:30,2058.3,2058.7,2049.0,2049.2,25,0
2026-06-17T10:45:00+05:30,2049.2,2064.8,2049.2,2063.8,56,0
2026-06-17T11:00:00+05:30,2063.8,2064.1,2063.8,2063.8,30,0
2026-06-17T11:15:00+05:30,2063.8,2063.8,2060.0,2060.0,20,0
2026-06-17T11:30:00+05:30,2060.0,2063.9,2052.1,2057.7,52,0
2026-06-17T11:45:00+05:30,2057.7,2060.2,2057.7,2060.2,1,0
2026-06-17T12:00:00+05:30,2056.3,2061.4,2053.2,2058.8,116,0
2026-06-17T12:15:00+05:30,2058.8,2064.0,2058.8,2064.0,23,0
2026-06-17T12:30:00+05:30,2064.0,2064.0,2057.4,2058.2,3,0
2026-06-17T12:45:00+05:30,2058.2,2079.5,2058.2,2079.5,462,0
2026-06-17T13:00:00+05:30,2070.1,2081.0,2068.3,2081.0,354,0
2026-06-17T13:15:00+05:30,2081.0,2085.0,2073.0,2073.0,125,0
2026-06-17T13:30:00+05:30,2073.0,2075.2,2062.6,2064.0,327,0
2026-06-17T13:45:00+05:30,2064.0,2069.5,2050.0,2050.0,61,0
2026-06-17T14:00:00+05:30,2051.3,2057.1,2050.0,2050.0,31,0
2026-06-17T14:15:00+05:30,2050.0,2061.0,2050.0,2052.9,74,0
2026-06-17T14:30:00+05:30,2052.9,2058.3,2052.9,2058.3,87,0
2026-06-17T14:45:00+05:30,2058.3,2058.3,2055.9,2056.1,11,0
2026-06-17T15:00:00+05:30,2056.1,2059.4,2053.2,2056.4,110,0
2026-06-17T15:15:00+05:30,2062.8,2070.0,2039.3,2039.3,1214,0
2026-06-18T09:15:00+05:30,2052.7,2082.9,2039.3,2070.4,923,0
2026-06-18T09:30:00+05:30,2070.4,2073.0,2057.8,2057.8,121,0
2026-06-18T09:45:00+05:30,2069.0,2074.2,2058.8,2067.9,281,0
2026-06-18T10:00:00+05:30,2067.4,2080.0,2061.7,2072.0,261,0
2026-06-18T10:15:00+05:30,2067.9,2068.0,2067.9,2068.0,11,0
2026-06-18T10:30:00+05:30,2066.9,2073.9,2058.2,2073.9,118,0
2026-06-18T10:45:00+05:30,2073.9,2073.9,2055.0,2059.3,62,0
2026-06-18T11:00:00+05:30,2059.3,2059.3,2055.0,2055.0,30,0
2026-06-18T11:15:00+05:30,2055.0,2063.9,2055.0,2060.4,12,0
2026-06-18T11:30:00+05:30,2060.4,2069.5,2058.3,2065.3,107,0
2026-06-18T11:45:00+05:30,2065.3,2065.3,2046.2,2046.2,154,0
2026-06-18T12:00:00+05:30,2046.2,2072.7,2046.2,2066.3,384,0
2026-06-18T12:15:00+05:30,2066.3,2082.9,2063.8,2082.9,420,0
2026-06-18T12:30:00+05:30,2082.9,2082.9,2075.4,2075.4,60,0
2026-06-18T12:45:00+05:30,2075.4,2149.0,2075.4,2100.1,2499,0
2026-06-18T13:00:00+05:30,2103.0,2120.0,2067.6,2067.6,1673,0
2026-06-18T13:15:00+05:30,2076.9,2076.9,2059.9,2059.9,157,0
2026-06-18T13:30:00+05:30,2062.0,2069.7,2051.5,2051.5,126,0
2026-06-18T13:45:00+05:30,2056.2,2074.5,2051.0,2062.6,696,0
2026-06-18T14:00:00+05:30,2062.6,2072.0,2062.6,2069.9,17,0
2026-06-18T14:15:00+05:30,2069.9,2075.2,2059.2,2067.5,162,0
2026-06-18T14:30:00+05:30,2067.5,2073.9,2067.5,2071.5,21,0
2026-06-18T14:45:00+05:30,2071.5,2071.5,2064.5,2064.5,23,0
2026-06-18T15:00:00+05:30,2064.5,2066.5,2055.3,2060.0,409,0
2026-06-18T15:15:00+05:30,2059.5,2091.4,2041.3,2090.0,861,0
2026-06-19T09:15:00+05:30,2058.7,2095.1,2058.2,2087.5,971,0
2026-06-19T09:30:00+05:30,2092.9,2108.4,2087.4,2104.9,663,0
2026-06-19T09:45:00+05:30,2104.9,2104.9,2055.1,2080.5,1213,0
2026-06-19T10:00:00+05:30,2080.5,2098.8,2076.2,2079.1,305,0
2026-06-19T10:15:00+05:30,2083.7,2100.0,2083.7,2089.2,134,0
2026-06-19T10:30:00+05:30,2089.2,2100.0,2085.1,2093.8,113,0
2026-06-19T10:45:00+05:30,2093.8,2093.8,2082.2,2082.2,27,0
2026-06-19T11:00:00+05:30,2082.2,2090.0,2081.4,2081.4,59,0
2026-06-19T11:15:00+05:30,2086.5,2088.1,2085.1,2088.1,128,0
2026-06-19T11:30:00+05:30,2084.2,2084.2,2041.1,2050.3,2071,0
2026-06-19T11:45:00+05:30,2050.7,2050.7,2017.2,2020.2,464,0
2026-06-19T12:00:00+05:30,2029.3,2034.5,2016.3,2026.4,562,0
2026-06-19T12:15:00+05:30,2026.4,2030.0,2021.8,2030.0,174,0
2026-06-19T12:30:00+05:30,2030.0,2062.3,2029.0,2038.7,769,0
2026-06-19T12:45:00+05:30,2038.7,2057.8,2026.4,2026.4,151,0
2026-06-19T13:00:00+05:30,2026.4,2033.5,2026.4,2027.0,28,0
2026-06-19T13:15:00+05:30,2027.0,2050.0,2027.0,2045.0,133,0
2026-06-19T13:30:00+05:30,2045.0,2060.0,2045.0,2052.3,1509,0
2026-06-19T13:45:00+05:30,2052.3,2054.5,2049.2,2051.9,14,0
2026-06-19T14:00:00+05:30,2051.9,2056.7,2046.8,2050.2,233,0
2026-06-19T14:15:00+05:30,2050.2,2054.1,2041.8,2049.6,30,0
2026-06-19T14:30:00+05:30,2049.6,2077.1,2049.6,2077.1,162,0
2026-06-19T14:45:00+05:30,2077.1,2077.1,2064.1,2064.9,16,0
2026-06-19T15:00:00+05:30,2050.1,2100.0,2050.1,2063.3,776,0
2026-06-19T15:15:00+05:30,2072.4,2100.0,2064.6,2086.7,824,0
2026-06-22T09:15:00+05:30,2079.9,2119.7,2079.9,2089.1,1211,0
2026-06-22T09:30:00+05:30,2092.6,2103.0,2087.7,2103.0,655,0
2026-06-22T09:45:00+05:30,2103.0,2113.0,2097.2,2111.3,302,0
2026-06-22T10:00:00+05:30,2110.5,2111.0,2096.7,2103.6,299,0
2026-06-22T10:15:00+05:30,2108.7,2117.8,2104.3,2104.3,242,0
2026-06-22T10:30:00+05:30,2104.3,2104.3,2086.9,2095.3,101,0
2026-06-22T10:45:00+05:30,2096.9,2103.5,2096.9,2102.7,71,0
2026-06-22T11:00:00+05:30,2102.7,2102.7,2097.2,2100.0,130,0
2026-06-22T11:15:00+05:30,2100.0,2121.1,2095.2,2111.4,794,0
2026-06-22T11:30:00+05:30,2110.6,2124.2,2105.4,2118.7,1377,0
2026-06-22T11:45:00+05:30,2119.9,2122.0,2107.0,2109.0,989,0
2026-06-22T12:00:00+05:30,2105.3,2120.0,2100.0,2120.0,1121,0
2026-06-22T12:15:00+05:30,2120.0,2165.8,2112.1,2138.5,2810,0
2026-06-22T12:30:00+05:30,2138.5,2144.4,2130.0,2141.6,397,0
2026-06-22T12:45:00+05:30,2140.1,2148.7,2140.0,2144.4,248,0
2026-06-22T13:00:00+05:30,2143.7,2145.0,2140.0,2141.7,73,0
2026-06-22T13:15:00+05:30,2141.7,2141.7,2137.4,2140.0,12,0
2026-06-22T13:30:00+05:30,2143.0,2144.9,2136.5,2140.5,232,0
2026-06-22T13:45:00+05:30,2136.5,2140.2,2135.0,2138.0,684,0
2026-06-22T14:00:00+05:30,2142.5,2142.5,2130.0,2138.9,256,0
2026-06-22T14:15:00+05:30,2137.1,2148.4,2136.1,2138.9,123,0
2026-06-22T14:30:00+05:30,2137.7,2153.9,2130.0,2144.2,316,0
2026-06-22T14:45:00+05:30,2144.2,2144.2,2132.0,2132.0,75,0
2026-06-22T15:00:00+05:30,2132.0,2175.0,2132.0,2152.1,1654,0
2026-06-22T15:15:00+05:30,2159.0,2159.0,2122.0,2155.0,1249,0
2026-06-23T09:15:00+05:30,2151.0,2193.0,2151.0,2170.8,1272,0
2026-06-23T09:30:00+05:30,2170.3,2176.4,2160.3,2169.0,330,0
2026-06-23T09:45:00+05:30,2170.2,2174.8,2155.0,2155.0,564,0
2026-06-23T10:00:00+05:30,2161.6,2163.6,2156.2,2156.5,35,0
2026-06-23T10:15:00+05:30,2156.5,2168.8,2147.9,2150.6,347,0
2026-06-23T10:30:00+05:30,2150.6,2152.0,2146.7,2146.7,15,0
2026-06-23T10:45:00+05:30,2144.0,2144.0,2133.5,2139.2,169,0
2026-06-23T11:00:00+05:30,2133.4,2142.9,2133.4,2142.9,10,0
2026-06-23T11:15:00+05:30,2142.9,2147.9,2130.7,2130.7,148,0
2026-06-23T11:30:00+05:30,2130.7,2134.7,2109.1,2128.0,252,0
2026-06-23T11:45:00+05:30,2124.2,2124.2,2106.9,2120.1,210,0
2026-06-23T12:00:00+05:30,2116.2,2117.0,2102.4,2110.2,322,0
2026-06-23T12:15:00+05:30,2110.2,2117.0,2110.2,2116.3,177,0
2026-06-23T12:30:00+05:30,2116.3,2116.3,2106.3,2106.3,68,0
2026-06-23T12:45:00+05:30,2106.3,2106.3,2106.3,2106.3,0,0
2026-06-23T13:00:00+05:30,2106.4,2120.0,2099.9,2113.0,261,0
2026-06-23T13:15:00+05:30,2113.0,2113.0,2107.9,2107.9,13,0
2026-06-23T13:30:00+05:30,2107.9,2107.9,2097.2,2102.1,75,0
2026-06-23T13:45:00+05:30,2104.0,2120.0,2099.2,2099.2,161,0
2026-06-23T14:00:00+05:30,2099.2,2120.8,2099.2,2112.8,385,0
2026-06-23T14:15:00+05:30,2112.8,2146.9,2112.7,2146.9,613,0
2026-06-23T14:30:00+05:30,2140.0,2140.0,2115.7,2115.7,521,0
2026-06-23T14:45:00+05:30,2115.7,2135.9,2115.7,2124.2,203,0
2026-06-23T15:00:00+05:30,2125.0,2133.8,2116.4,2119.6,339,0
2026-06-23T15:15:00+05:30,2119.6,2135.0,2106.3,2110.0,908,0
2026-06-24T09:15:00+05:30,2154.1,2165.0,2121.1,2165.0,1334,0
2026-06-24T09:30:00+05:30,2160.9,2180.0,2160.0,2163.1,1555,0
2026-06-24T09:45:00+05:30,2164.2,2164.6,2131.0,2150.8,661,0
2026-06-24T10:00:00+05:30,2147.9,2196.4,2146.4,2186.0,2344,0
2026-06-24T10:15:00+05:30,2185.8,2186.0,2160.0,2161.5,394,0
2026-06-24T10:30:00+05:30,2161.5,2169.0,2160.0,2163.0,135,0
2026-06-24T10:45:00+05:30,2162.9,2162.9,2155.0,2157.9,807,0
2026-06-24T11:00:00+05:30,2157.9,2168.7,2157.1,2168.6,114,0
2026-06-24T11:15:00+05:30,2168.6,2189.0,2158.1,2165.3,242,0
2026-06-24T11:30:00+05:30,2165.1,2171.9,2158.1,2171.9,176,0
2026-06-24T11:45:00+05:30,2171.9,2171.9,2167.8,2170.6,52,0
2026-06-24T12:00:00+05:30,2170.6,2175.0,2167.1,2167.1,47,0
2026-06-24T12:15:00+05:30,2167.1,2247.7,2167.1,2237.9,3987,0
2026-06-24T12:30:00+05:30,2237.8,2287.7,2226.0,2267.7,13734,0
2026-06-24T12:45:00+05:30,2266.4,2274.9,2210.4,2218.7,9893,0
2026-06-24T13:00:00+05:30,2223.6,2239.9,2214.3,2219.5,1060,0
2026-06-24T13:15:00+05:30,2221.6,2221.6,2196.2,2201.2,1210,0
2026-06-24T13:30:00+05:30,2206.5,2240.0,2206.5,2240.0,973,0
2026-06-24T13:45:00+05:30,2240.3,2264.4,2232.1,2244.0,3052,0
2026-06-24T14:00:00+05:30,2244.0,2263.2,2240.0,2251.6,738,0
2026-06-24T14:15:00+05:30,2247.9,2251.6,2234.8,2245.0,627,0
2026-06-24T14:30:00+05:30,2245.0,2248.2,2240.0,2245.8,206,0
2026-06-24T14:45:00+05:30,2249.6,2254.0,2239.0,2240.0,1016,0
2026-06-24T15:00:00+05:30,2240.0,2246.6,2226.8,2239.2,1042,0
2026-06-24T15:15:00+05:30,2236.2,2275.0,2220.0,2252.2,2213,0
2026-06-25T09:15:00+05:30,2239.9,2295.0,2237.0,2263.9,2760,0
2026-06-25T09:30:00+05:30,2262.8,2298.5,2260.3,2289.0,1839,0
2026-06-25T09:45:00+05:30,2293.3,2298.5,2270.1,2276.0,693,0
2026-06-25T10:00:00+05:30,2271.4,2280.0,2265.0,2265.0,1077,0
2026-06-25T10:15:00+05:30,2265.7,2299.5,2265.0,2287.2,2090,0
2026-06-25T10:30:00+05:30,2290.0,2314.8,2283.3,2301.5,1191,0
2026-06-25T10:45:00+05:30,2306.9,2315.0,2286.2,2303.4,1727,0
2026-06-25T11:00:00+05:30,2300.8,2310.0,2285.0,2287.0,515,0
2026-06-25T11:15:00+05:30,2285.0,2294.9,2285.0,2287.3,167,0
2026-06-25T11:30:00+05:30,2289.5,2292.6,2272.0,2272.9,1249,0
2026-06-25T11:45:00+05:30,2278.4,2281.9,2264.4,2266.6,365,0
2026-06-25T12:00:00+05:30,2269.9,2279.2,2265.8,2271.0,492,0
2026-06-25T12:15:00+05:30,2271.0,2271.8,2240.0,2242.0,704,0
2026-06-25T12:30:00+05:30,2242.0,2250.0,2240.0,2249.9,635,0
2026-06-25T12:45:00+05:30,2241.2,2242.6,2241.2,2242.6,170,0
2026-06-25T13:00:00+05:30,2242.6,2250.0,2236.1,2241.0,636,0
2026-06-25T13:15:00+05:30,2241.5,2250.0,2238.0,2250.0,275,0
2026-06-25T13:30:00+05:30,2248.0,2248.4,2240.3,2243.3,30,0
2026-06-25T13:45:00+05:30,2243.4,2250.0,2243.2,2250.0,575,0
2026-06-25T14:00:00+05:30,2248.8,2249.8,2230.1,2240.8,546,0
2026-06-25T14:15:00+05:30,2236.0,2246.8,2223.1,2233.4,505,0
2026-06-25T14:30:00+05:30,2228.2,2240.6,2225.1,2237.7,254,0
2026-06-25T14:45:00+05:30,2237.7,2240.9,2205.1,2226.1,876,0
2026-06-25T15:00:00+05:30,2224.5,2230.1,2220.0,2230.0,425,0
2026-06-25T15:15:00+05:30,2227.5,2250.0,2225.0,2247.0,945,0
2026-06-29T09:15:00+05:30,2263.2,2269.5,2238.1,2252.1,672,0
2026-06-29T09:30:00+05:30,2252.1,2274.9,2250.1,2256.5,313,0
2026-06-29T09:45:00+05:30,2265.5,2265.5,2256.6,2258.9,71,0
2026-06-29T10:00:00+05:30,2258.9,2258.9,2241.0,2245.0,409,0
2026-06-29T10:15:00+05:30,2245.0,2248.0,2216.1,2217.8,428,0
2026-06-29T10:30:00+05:30,2220.5,2220.5,2181.8,2189.5,3272,0
2026-06-29T10:45:00+05:30,2192.2,2192.2,2174.1,2188.8,423,0
2026-06-29T11:00:00+05:30,2188.8,2188.8,2156.0,2161.0,1364,0
2026-06-29T11:15:00+05:30,2162.1,2171.9,2150.6,2166.6,976,0
2026-06-29T11:30:00+05:30,2166.6,2166.6,2155.8,2160.1,127,0
2026-06-29T11:45:00+05:30,2160.1,2161.4,2152.3,2152.3,61,0
2026-06-29T12:00:00+05:30,2152.3,2158.3,2152.3,2152.7,36,0
2026-06-29T12:15:00+05:30,2152.7,2152.9,2137.0,2138.0,591,0
2026-06-29T12:30:00+05:30,2138.0,2141.7,2130.1,2141.7,149,0
2026-06-29T12:45:00+05:30,2144.5,2221.6,2140.9,2213.2,1318,0
2026-06-29T13:00:00+05:30,2209.5,2212.0,2196.1,2207.9,288,0
2026-06-29T13:15:00+05:30,2206.3,2210.5,2204.2,2204.2,179,0
2026-06-29T13:30:00+05:30,2210.4,2210.5,2210.0,2210.5,6,0
2026-06-29T13:45:00+05:30,2210.5,2210.5,2200.1,2207.7,30,0
2026-06-29T14:00:00+05:30,2207.7,2207.7,2200.0,2200.0,12,0
2026-06-29T14:15:00+05:30,2200.0,2206.1,2200.0,2202.5,80,0
2026-06-29T14:30:00+05:30,2202.5,2210.5,2202.5,2208.9,32,0
2026-06-29T14:45:00+05:30,2208.9,2219.9,2205.8,2212.4,354,0
2026-06-29T15:00:00+05:30,2216.0,2216.0,2186.6,2204.2,432,0
2026-06-29T15:15:00+05:30,2200.8,2229.9,2177.2,2180.5,2311,0
2026-06-30T09:15:00+05:30,2194.5,2220.4,2187.9,2206.1,193,0
2026-06-30T09:30:00+05:30,2206.1,2206.1,2187.1,2187.1,33,0
2026-06-30T09:45:00+05:30,2187.1,2192.0,2180.1,2186.4,83,0
2026-06-30T10:00:00+05:30,2188.8,2190.7,2184.2,2190.7,26,0
2026-06-30T10:15:00+05:30,2190.7,2195.0,2184.6,2193.7,27,0
2026-06-30T10:30:00+05:30,2193.7,2193.7,2183.8,2183.8,220,0
2026-06-30T10:45:00+05:30,2183.8,2192.9,2175.3,2182.8,133,0
2026-06-30T11:00:00+05:30,2182.8,2189.9,2182.8,2184.8,12,0
2026-06-30T11:15:00+05:30,2184.8,2184.8,2184.8,2184.8,2,0
2026-06-30T11:30:00+05:30,2181.9,2190.0,2175.0,2175.0,97,0
2026-06-30T11:45:00+05:30,2175.0,2193.3,2175.0,2193.3,50,0
2026-06-30T12:00:00+05:30,2193.3,2193.3,2182.2,2184.9,55,0
2026-06-30T12:15:00+05:30,2184.9,2189.9,2182.3,2189.9,18,0
2026-06-30T12:30:00+05:30,2189.9,2192.6,2189.9,2192.6,1,0
2026-06-30T12:45:00+05:30,2192.6,2194.3,2187.5,2187.5,21,0
2026-06-30T13:00:00+05:30,2187.5,2192.9,2177.0,2187.0,143,0
2026-06-30T13:15:00+05:30,2187.0,2191.2,2187.0,2191.2,4,0
2026-06-30T13:30:00+05:30,2191.2,2191.2,2191.2,2191.2,0,0
2026-06-30T13:45:00+05:30,2191.2,2191.2,2191.2,2191.2,0,0
2026-06-30T14:00:00+05:30,2191.2,2191.2,2172.2,2183.5,133,0
2026-06-30T14:15:00+05:30,2183.5,2183.5,2179.5,2180.0,123,0
2026-06-30T14:30:00+05:30,2174.0,2184.6,2172.9,2175.1,36,0
2026-06-30T14:45:00+05:30,2175.1,2178.2,2175.0,2175.3,41,0
2026-06-30T15:00:00+05:30,2175.3,2175.3,2166.2,2169.5,157,0
2026-06-30T15:15:00+05:30,2169.5,2187.0,2151.5,2151.5,985,0
2026-07-01T09:15:00+05:30,2164.9,2191.2,2163.2,2191.2,254,0
2026-07-01T09:30:00+05:30,2191.2,2201.9,2186.9,2201.8,332,0
2026-07-01T09:45:00+05:30,2197.9,2197.9,2184.0,2193.2,111,0
2026-07-01T10:00:00+05:30,2193.7,2199.4,2185.7,2192.2,195,0
2026-07-01T10:15:00+05:30,2192.2,2196.7,2192.2,2196.7,2,0
2026-07-01T10:30:00+05:30,2196.7,2207.4,2196.7,2204.4,44,0
2026-07-01T10:45:00+05:30,2204.4,2208.0,2199.5,2208.0,65,0
2026-07-01T11:00:00+05:30,2208.0,2208.0,2193.2,2202.3,159,0
2026-07-01T11:15:00+05:30,2202.3,2206.3,2175.1,2175.2,330,0
2026-07-01T11:30:00+05:30,2175.2,2175.2,2173.1,2173.1,50,0
2026-07-01T11:45:00+05:30,2173.1,2179.1,2171.1,2178.1,47,0
2026-07-01T12:00:00+05:30,2178.1,2198.1,2178.1,2198.1,315,0
2026-07-01T12:15:00+05:30,2198.1,2217.9,2196.7,2217.9,421,0
2026-07-01T12:30:00+05:30,2212.9,2222.9,2208.2,2209.7,98,0
2026-07-01T12:45:00+05:30,2209.7,2214.7,2206.4,2214.6,118,0
2026-07-01T13:00:00+05:30,2212.7,2213.1,2206.9,2209.5,12,0
2026-07-01T13:15:00+05:30,2209.5,2213.3,2201.8,2202.1,346,0
2026-07-01T13:30:00+05:30,2202.1,2210.1,2202.1,2205.8,10,0
2026-07-01T13:45:00+05:30,2205.8,2208.3,2199.2,2208.3,35,0
2026-07-01T14:00:00+05:30,2208.3,2208.3,2200.6,2200.6,127,0
2026-07-01T14:15:00+05:30,2204.1,2204.1,2193.2,2198.8,56,0
2026-07-01T14:30:00+05:30,2198.8,2207.8,2198.8,2200.3,23,0
2026-07-01T14:45:00+05:30,2200.3,2200.8,2191.8,2191.8,74,0
2026-07-01T15:00:00+05:30,2202.9,2209.9,2190.2,2203.3,465,0
2026-07-01T15:15:00+05:30,2193.6,2210.0,2190.0,2210.0,467,0
2026-07-02T09:15:00+05:30,2204.5,2204.5,2178.3,2189.8,245,0
2026-07-02T09:30:00+05:30,2189.8,2200.7,2179.4,2184.3,216,0
2026-07-02T09:45:00+05:30,2185.1,2187.0,2185.1,2187.0,2,0
2026-07-02T10:00:00+05:30,2187.0,2188.6,2175.1,2177.0,145,0
2026-07-02T10:15:00+05:30,2179.7,2184.0,2175.8,2181.1,117,0
2026-07-02T10:30:00+05:30,2181.1,2190.0,2181.1,2181.7,56,0
2026-07-02T10:45:00+05:30,2181.7,2189.2,2181.7,2189.2,20,0
2026-07-02T11:00:00+05:30,2189.2,2189.2,2177.8,2177.8,62,0
2026-07-02T11:15:00+05:30,2177.8,2185.6,2177.4,2177.4,44,0
2026-07-02T11:30:00+05:30,2177.4,2179.0,2175.0,2175.0,55,0
2026-07-02T11:45:00+05:30,2175.0,2175.0,2169.9,2173.9,38,0
2026-07-02T12:00:00+05:30,2173.9,2173.9,2168.4,2168.4,4,0
2026-07-02T12:15:00+05:30,2168.4,2168.4,2168.4,2168.4,0,0
2026-07-02T12:30:00+05:30,2168.4,2170.0,2165.4,2165.4,8,0
2026-07-02T12:45:00+05:30,2165.4,2165.4,2165.4,2165.4,0,0
2026-07-02T13:00:00+05:30,2165.4,2170.0,2160.1,2160.1,91,0
2026-07-02T13:15:00+05:30,2160.1,2165.0,2160.1,2165.0,23,0
2026-07-02T13:30:00+05:30,2165.0,2165.3,2165.0,2165.3,2,0
2026-07-02T13:45:00+05:30,2165.3,2165.3,2165.3,2165.3,0,0
2026-07-02T14:00:00+05:30,2165.3,2165.3,2164.8,2164.9,3,0
2026-07-02T14:15:00+05:30,2164.9,2164.9,2142.1,2148.4,270,0
2026-07-02T14:30:00+05:30,2148.4,2173.9,2148.4,2167.9,274,0
2026-07-02T14:45:00+05:30,2166.6,2166.8,2157.4,2160.0,38,0
2026-07-02T15:00:00+05:30,2160.0,2175.9,2159.5,2171.6,176,0
2026-07-02T15:15:00+05:30,2164.5,2178.0,2151.6,2178.0,215,0
2026-07-03T09:15:00+05:30,2167.0,2295.0,2167.0,2240.0,4011,0
2026-07-03T09:30:00+05:30,2238.5,2250.0,2226.0,2249.9,991,0
2026-07-03T09:45:00+05:30,2245.0,2260.0,2233.0,2234.5,635,0
2026-07-03T10:00:00+05:30,2241.3,2261.9,2236.1,2237.9,385,0
2026-07-03T10:15:00+05:30,2230.0,2245.6,2227.4,2227.4,393,0
2026-07-03T10:30:00+05:30,2232.3,2243.4,2229.1,2235.9,156,0
2026-07-03T10:45:00+05:30,2235.9,2249.8,2223.1,2223.1,240,0
2026-07-03T11:00:00+05:30,2231.9,2238.1,2222.1,2222.6,217,0
2026-07-03T11:15:00+05:30,2222.6,2229.8,2220.0,2229.8,159,0
2026-07-03T11:30:00+05:30,2229.8,2229.8,2211.2,2219.6,93,0
2026-07-03T11:45:00+05:30,2219.0,2220.4,2208.1,2208.6,54,0
2026-07-03T12:00:00+05:30,2208.6,2210.3,2208.0,2208.0,27,0
2026-07-03T12:15:00+05:30,2208.0,2214.4,2201.8,2214.4,131,0
2026-07-03T12:30:00+05:30,2214.4,2216.9,2203.5,2205.1,20,0
2026-07-03T12:45:00+05:30,2205.1,2210.0,2204.1,2210.0,90,0
2026-07-03T13:00:00+05:30,2210.0,2210.0,2201.9,2210.0,28,0
2026-07-03T13:15:00+05:30,2210.0,2227.0,2207.9,2214.5,225,0
2026-07-03T13:30:00+05:30,2214.5,2214.5,2205.2,2205.2,17,0
2026-07-03T13:45:00+05:30,2205.2,2205.2,2181.6,2200.0,132,0
2026-07-03T14:00:00+05:30,2200.0,2202.9,2200.0,2202.9,6,0
2026-07-03T14:15:00+05:30,2202.9,2210.0,2202.9,2208.0,217,0
2026-07-03T14:30:00+05:30,2208.0,2213.9,2202.9,2213.9,36,0
2026-07-03T14:45:00+05:30,2213.9,2220.0,2213.0,2219.9,127,0
2026-07-03T15:00:00+05:30,2215.7,2215.7,2181.1,2193.3,812,0
2026-07-03T15:15:00+05:30,2204.7,2205.0,2181.0,2203.5,1084,0
2026-07-06T09:15:00+05:30,2218.2,2259.0,2196.1,2207.0,379,0
2026-07-06T09:30:00+05:30,2207.0,2210.0,2195.1,2195.1,244,0
2026-07-06T09:45:00+05:30,2197.8,2204.6,2195.1,2202.2,60,0
2026-07-06T10:00:00+05:30,2202.2,2214.0,2202.2,2208.4,271,0
2026-07-06T10:15:00+05:30,2208.4,2214.0,2208.4,2214.0,14,0
2026-07-06T10:30:00+05:30,2214.0,2214.0,2199.0,2204.8,189,0
2026-07-06T10:45:00+05:30,2204.8,2207.8,2204.8,2207.8,2,0
2026-07-06T11:00:00+05:30,2207.8,2210.0,2201.5,2210.0,320,0
2026-07-06T11:15:00+05:30,2210.0,2210.0,2203.3,2203.3,348,0
2026-07-06T11:30:00+05:30,2203.3,2203.3,2203.3,2203.3,0,0
2026-07-06T11:45:00+05:30,2203.3,2203.5,2203.3,2203.3,52,0
2026-07-06T12:00:00+05:30,2203.3,2203.5,2203.3,2203.3,3,0
2026-07-06T12:15:00+05:30,2203.3,2213.1,2203.3,2203.3,77,0
2026-07-06T12:30:00+05:30,2203.3,2213.8,2200.0,2200.0,89,0
2026-07-06T12:45:00+05:30,2200.0,2200.0,2190.8,2190.9,92,0
2026-07-06T13:00:00+05:30,2190.9,2198.8,2187.2,2187.2,57,0
2026-07-06T13:15:00+05:30,2188.5,2188.5,2184.0,2184.0,28,0
2026-07-06T13:30:00+05:30,2181.2,2181.2,2181.2,2181.2,1,0
2026-07-06T13:45:00+05:30,2185.9,2189.1,2185.9,2189.1,27,0
2026-07-06T14:00:00+05:30,2189.1,2189.1,2172.2,2175.6,85,0
2026-07-06T14:15:00+05:30,2175.6,2175.6,2173.5,2173.5,14,0
2026-07-06T14:30:00+05:30,2173.5,2175.0,2173.5,2175.0,83,0
2026-07-06T14:45:00+05:30,2175.0,2180.8,2173.5,2180.8,217,0
2026-07-06T15:00:00+05:30,2180.8,2180.8,2154.5,2154.5,116,0
2026-07-06T15:15:00+05:30,2154.5,2189.9,2154.5,2189.9,301,0
2026-07-07T09:15:00+05:30,2169.0,2183.8,2168.9,2174.1,584,0
2026-07-07T09:30:00+05:30,2174.1,2201.7,2174.1,2198.0,378,0
2026-07-07T09:45:00+05:30,2198.0,2204.8,2190.1,2198.7,670,0
2026-07-07T10:00:00+05:30,2198.7,2198.7,2191.8,2196.8,24,0
2026-07-07T10:15:00+05:30,2191.9,2191.9,2181.1,2184.8,43,0
2026-07-07T10:30:00+05:30,2184.8,2184.8,2183.9,2183.9,1,0
2026-07-07T10:45:00+05:30,2183.9,2206.8,2183.8,2206.8,178,0
2026-07-07T11:00:00+05:30,2206.8,2206.8,2196.1,2204.0,39,0
2026-07-07T11:15:00+05:30,2204.0,2204.0,2198.0,2198.1,44,0
2026-07-07T11:30:00+05:30,2202.5,2207.4,2198.0,2198.0,359,0
2026-07-07T11:45:00+05:30,2198.0,2209.7,2198.0,2203.2,103,0
2026-07-07T12:00:00+05:30,2203.2,2203.2,2198.0,2198.0,205,0
2026-07-07T12:15:00+05:30,2198.0,2200.7,2187.1,2187.1,413,0
2026-07-07T12:30:00+05:30,2190.8,2209.8,2190.8,2209.8,234,0
2026-07-07T12:45:00+05:30,2209.8,2216.9,2187.1,2216.9,407,0
2026-07-07T13:00:00+05:30,2212.4,2218.0,2195.1,2201.0,340,0
2026-07-07T13:15:00+05:30,2201.0,2201.0,2193.3,2200.8,80,0
2026-07-07T13:30:00+05:30,2200.8,2200.8,2193.0,2193.0,154,0
2026-07-07T13:45:00+05:30,2193.0,2193.0,2185.3,2189.9,34,0
2026-07-07T14:00:00+05:30,2192.0,2200.0,2192.0,2200.0,68,0
2026-07-07T14:15:00+05:30,2195.9,2200.1,2186.2,2200.0,156,0
2026-07-07T14:30:00+05:30,2200.0,2209.5,2196.6,2202.5,84,0
2026-07-07T14:45:00+05:30,2202.5,2205.5,2190.0,2190.0,174,0
2026-07-07T15:00:00+05:30,2184.2,2216.3,2180.0,2211.5,446,0
2026-07-07T15:15:00+05:30,2211.5,2214.0,2203.0,2207.0,447,0
2026-07-08T09:15:00+05:30,2170.4,2192.8,2163.1,2167.3,314,0
2026-07-08T09:30:00+05:30,2170.6,2178.2,2166.4,2168.0,183,0
2026-07-08T09:45:00+05:30,2168.0,2171.4,2137.0,2138.5,948,0
2026-07-08T10:00:00+05:30,2152.5,2153.3,2126.7,2146.0,429,0
2026-07-08T10:15:00+05:30,2139.9,2149.6,2139.9,2149.6,45,0
2026-07-08T10:30:00+05:30,2149.0,2149.0,2133.1,2146.6,136,0
2026-07-08T10:45:00+05:30,2150.8,2152.8,2145.0,2145.4,32,0
2026-07-08T11:00:00+05:30,2146.6,2153.1,2133.5,2139.0,159,0
2026-07-08T11:15:00+05:30,2139.0,2139.0,2126.0,2126.1,135,0
2026-07-08T11:30:00+05:30,2126.1,2135.6,2125.0,2130.0,40,0
2026-07-08T11:45:00+05:30,2130.0,2134.5,2122.8,2122.8,144,0
2026-07-08T12:00:00+05:30,2124.0,2124.0,2114.6,2120.8,107,0
2026-07-08T12:15:00+05:30,2126.6,2130.0,2125.0,2127.2,379,0
2026-07-08T12:30:00+05:30,2126.8,2130.0,2125.0,2125.1,26,0
2026-07-08T12:45:00+05:30,2125.1,2130.0,2125.1,2130.0,200,0
2026-07-08T13:00:00+05:30,2129.5,2130.0,2125.0,2127.2,172,0
2026-07-08T13:15:00+05:30,2127.2,2133.4,2125.4,2125.5,50,0
2026-07-08T13:30:00+05:30,2125.5,2131.8,2125.5,2127.2,8,0
2026-07-08T13:45:00+05:30,2127.2,2127.2,2115.0,2122.0,707,0
2026-07-08T14:00:00+05:30,2125.8,2125.8,2067.2,2084.1,1479,0
2026-07-08T14:15:00+05:30,2084.1,2099.0,2075.1,2089.4,668,0
2026-07-08T14:30:00+05:30,2092.5,2096.8,2085.0,2087.0,215,0
2026-07-08T14:45:00+05:30,2087.0,2087.0,2075.0,2078.3,848,0
2026-07-08T15:00:00+05:30,2084.8,2092.0,2080.0,2086.9,175,0
2026-07-08T15:15:00+05:30,2083.1,2100.0,2078.2,2078.2,976,0
2026-07-09T09:15:00+05:30,2088.0,2103.3,2079.1,2102.3,51,0
2026-07-09T09:30:00+05:30,2102.3,2131.0,2102.3,2125.9,139,0
2026-07-09T09:45:00+05:30,2125.9,2152.6,2120.2,2143.9,490,0
2026-07-09T10:00:00+05:30,2143.9,2143.9,2129.8,2134.3,148,0
2026-07-09T10:15:00+05:30,2134.3,2134.3,2106.1,2133.9,419,0
2026-07-09T10:30:00+05:30,2141.7,2141.9,2119.2,2132.1,191,0
2026-07-09T10:45:00+05:30,2132.1,2132.1,2115.3,2115.3,15,0
2026-07-09T11:00:00+05:30,2119.8,2129.9,2112.2,2116.4,136,0
2026-07-09T11:15:00+05:30,2115.1,2115.1,2110.0,2110.0,149,0
2026-07-09T11:30:00+05:30,2110.0,2113.1,2110.0,2113.0,4,0
2026-07-09T11:45:00+05:30,2113.0,2113.0,2094.9,2101.8,78,0
2026-07-09T12:00:00+05:30,2105.8,2113.9,2105.8,2112.0,95,0
2026-07-09T12:15:00+05:30,2112.0,2120.9,2112.0,2120.9,67,0
2026-07-09T12:30:00+05:30,2120.9,2120.9,2111.0,2111.0,100,0
2026-07-09T12:45:00+05:30,2111.0,2115.1,2111.0,2115.1,2,0
2026-07-09T13:00:00+05:30,2115.1,2131.4,2115.1,2129.5,36,0
2026-07-09T13:15:00+05:30,2129.5,2129.5,2124.7,2124.7,29,0
2026-07-09T13:30:00+05:30,2124.7,2126.8,2124.7,2125.3,5,0
2026-07-09T13:45:00+05:30,2125.3,2125.5,2121.1,2121.1,15,0
2026-07-09T14:00:00+05:30,2121.1,2121.1,2121.1,2121.1,2,0
2026-07-09T14:15:00+05:30,2125.2,2128.5,2121.5,2121.5,15,0
2026-07-09T14:30:00+05:30,2121.5,2123.8,2112.4,2112.4,84,0
2026-07-09T14:45:00+05:30,2112.4,2113.8,2109.1,2109.1,17,0
2026-07-09T15:00:00+05:30,2113.6,2125.9,2106.7,2110.0,82,0
2026-07-09T15:15:00+05:30,2112.0,2112.0,2090.0,2090.0,421,0
2026-07-10T09:15:00+05:30,2109.7,2135.4,2109.7,2130.3,671,0
2026-07-10T09:30:00+05:30,2130.3,2134.5,2130.3,2133.1,21,0
2026-07-10T09:45:00+05:30,2133.1,2133.1,2129.1,2129.1,12,0
2026-07-10T10:00:00+05:30,2129.1,2129.1,2123.0,2123.0,36,0
2026-07-10T10:15:00+05:30,2123.0,2132.7,2123.0,2132.7,7,0
2026-07-10T10:30:00+05:30,2132.8,2133.1,2121.2,2122.4,63,0
2026-07-10T10:45:00+05:30,2122.0,2122.0,2116.2,2116.2,32,0
2026-07-10T11:00:00+05:30,2123.8,2129.9,2109.2,2117.9,154,0
2026-07-10T11:15:00+05:30,2117.9,2133.1,2115.1,2133.1,81,0
2026-07-10T11:30:00+05:30,2133.1,2155.0,2130.0,2139.8,466,0
2026-07-10T11:45:00+05:30,2139.8,2139.9,2139.0,2139.0,18,0
2026-07-10T12:00:00+05:30,2139.0,2139.0,2131.7,2132.4,50,0
2026-07-10T12:15:00+05:30,2132.4,2136.8,2130.2,2130.2,34,0
2026-07-10T12:30:00+05:30,2130.2,2132.4,2130.2,2132.4,2,0
2026-07-10T12:45:00+05:30,2132.4,2132.4,2115.2,2115.2,234,0
2026-07-10T13:00:00+05:30,2115.2,2120.0,2113.2,2116.9,36,0
2026-07-10T13:15:00+05:30,2116.9,2116.9,2115.2,2115.2,2,0
2026-07-10T13:30:00+05:30,2115.2,2115.2,2115.2,2115.2,0,0
2026-07-10T13:45:00+05:30,2115.2,2116.3,2115.2,2116.3,1,0
2026-07-10T14:00:00+05:30,2116.3,2121.0,2109.8,2109.8,40,0
2026-07-10T14:15:00+05:30,2110.6,2119.0,2110.6,2119.0,62,0
2026-07-10T14:30:00+05:30,2113.1,2115.0,2113.1,2113.7,49,0
2026-07-10T14:45:00+05:30,2113.0,2120.9,2113.0,2113.4,165,0
2026-07-10T15:00:00+05:30,2118.2,2123.8,2113.0,2123.8,642,0
2026-07-10T15:15:00+05:30,2130.8,2132.4,2118.0,2118.0,626,0
2026-07-13T09:15:00+05:30,2110.0,2349.0,2110.0,2322.0,8599,0
2026-07-13T09:30:00+05:30,2322.7,2360.0,2295.0,2327.0,16220,0
2026-07-13T09:45:00+05:30,2333.2,2399.0,2300.9,2398.7,32343,0
2026-07-13T10:00:00+05:30,2395.3,2478.6,2376.2,2441.6,84054,0
2026-07-13T10:15:00+05:30,2445.0,2545.0,2443.5,2545.0,166290,0
2026-07-13T10:30:00+05:30,2545.0,2545.0,2545.0,2545.0,4367,0
2026-07-13T10:45:00+05:30,2545.0,2545.0,2545.0,2545.0,1596,0
2026-07-13T11:00:00+05:30,2545.0,2545.0,2505.0,2545.0,80392,0
2026-07-13T11:15:00+05:30,2545.0,2545.0,2545.0,2545.0,714,0
2026-07-13T11:30:00+05:30,2545.0,2545.0,2545.0,2545.0,6429,0
2026-07-13T11:45:00+05:30,2545.0,2545.0,2545.0,2545.0,237,0
2026-07-13T12:00:00+05:30,2545.0,2545.0,2545.0,2545.0,367,0
2026-07-13T12:15:00+05:30,2545.0,2545.0,2545.0,2545.0,572,0
2026-07-13T12:30:00+05:30,2545.0,2545.0,2545.0,2545.0,318,0
2026-07-13T12:45:00+05:30,2545.0,2545.0,2545.0,2545.0,331,0
2026-07-13T13:00:00+05:30,2545.0,2545.0,2545.0,2545.0,110,0
2026-07-13T13:15:00+05:30,2545.0,2545.0,2545.0,2545.0,1089,0
2026-07-13T13:30:00+05:30,2545.0,2545.0,2545.0,2545.0,37,0
2026-07-13T13:45:00+05:30,2545.0,2545.0,2545.0,2545.0,1065,0
2026-07-13T14:00:00+05:30,2545.0,2545.0,2545.0,2545.0,196,0
2026-07-13T14:15:00+05:30,2545.0,2545.0,2545.0,2545.0,20,0
2026-07-13T14:30:00+05:30,2545.0,2545.0,2545.0,2545.0,1003,0
2026-07-13T14:45:00+05:30,2545.0,2545.0,2485.3,2545.0,74742,0
2026-07-13T15:00:00+05:30,2545.0,2545.0,2545.0,2545.0,1027,0
2026-07-13T15:15:00+05:30,2545.0,2545.0,2545.0,2545.0,225,0
2026-07-14T09:15:00+05:30,2630.0,2660.0,2550.0,2565.6,91666,0
2026-07-14T09:30:00+05:30,2566.2,2612.0,2551.2,2566.3,27256,0
2026-07-14T09:45:00+05:30,2565.2,2565.2,2422.3,2440.0,43985,0
2026-07-14T10:00:00+05:30,2438.9,2474.0,2431.2,2446.0,10419,0
2026-07-14T10:15:00+05:30,2446.4,2490.0,2441.0,2471.8,9776,0
2026-07-14T10:30:00+05:30,2470.3,2474.7,2435.0,2453.0,3335,0
2026-07-14T10:45:00+05:30,2454.2,2468.4,2427.1,2454.2,4740,0
2026-07-14T11:00:00+05:30,2454.2,2464.1,2448.4,2458.0,1325,0
2026-07-14T11:15:00+05:30,2455.9,2457.4,2440.2,2442.2,2370,0
2026-07-14T11:30:00+05:30,2445.3,2449.8,2438.5,2445.0,1667,0
2026-07-14T11:45:00+05:30,2444.1,2447.8,2435.0,2439.2,1981,0
2026-07-14T12:00:00+05:30,2440.3,2454.9,2437.2,2445.4,1601,0
2026-07-14T12:15:00+05:30,2445.4,2447.0,2426.0,2432.6,3320,0
2026-07-14T12:30:00+05:30,2432.6,2448.6,2426.0,2436.3,2498,0
2026-07-14T12:45:00+05:30,2433.0,2455.0,2427.6,2427.6,3096,0
2026-07-14T13:00:00+05:30,2428.1,2448.6,2421.0,2440.3,4145,0
2026-07-14T13:15:00+05:30,2440.4,2440.6,2431.0,2436.1,821,0
2026-07-14T13:30:00+05:30,2436.1,2441.1,2431.0,2435.0,1156,0
2026-07-14T13:45:00+05:30,2435.0,2494.0,2416.0,2481.2,14195,0
2026-07-14T14:00:00+05:30,2482.6,2486.2,2422.5,2433.2,6262,0
2026-07-14T14:15:00+05:30,2429.7,2433.9,2420.4,2423.0,2409,0
2026-07-14T14:30:00+05:30,2423.0,2423.0,2342.0,2354.1,18217,0
2026-07-14T14:45:00+05:30,2355.1,2378.8,2341.0,2367.0,8219,0
2026-07-14T15:00:00+05:30,2368.9,2423.7,2361.3,2397.1,12853,0
2026-07-14T15:15:00+05:30,2393.5,2397.1,2363.5,2363.5,12821,0
2026-07-15T09:15:00+05:30,2330.0,2375.0,2330.0,2365.0,8698,0
2026-07-15T09:30:00+05:30,2361.3,2385.0,2361.1,2384.7,4962,0
2026-07-15T09:45:00+05:30,2384.8,2445.7,2375.0,2433.1,7431,0
2026-07-15T10:00:00+05:30,2434.2,2550.0,2430.3,2500.0,29325,0
2026-07-15T10:15:00+05:30,2501.2,2508.1,2444.9,2455.3,13984,0
2026-07-15T10:30:00+05:30,2454.1,2463.9,2430.1,2439.8,6015,0
2026-07-15T10:45:00+05:30,2439.2,2450.0,2439.2,2441.2,1042,0
2026-07-15T11:00:00+05:30,2443.9,2445.1,2430.2,2441.4,1137,0
2026-07-15T11:15:00+05:30,2437.6,2442.6,2430.2,2432.0,642,0
2026-07-15T11:30:00+05:30,2432.0,2432.8,2420.5,2428.0,959,0
2026-07-15T11:45:00+05:30,2428.3,2429.8,2421.5,2422.4,239,0
2026-07-15T12:00:00+05:30,2424.9,2426.2,2415.0,2423.9,556,0
2026-07-15T12:15:00+05:30,2423.0,2437.1,2421.9,2437.1,1146,0
2026-07-15T12:30:00+05:30,2433.9,2450.0,2427.9,2442.3,1385,0
2026-07-15T12:45:00+05:30,2442.3,2444.6,2435.0,2435.1,443,0
2026-07-15T13:00:00+05:30,2435.4,2439.5,2415.2,2427.6,1501,0
2026-07-15T13:15:00+05:30,2427.6,2430.1,2422.8,2425.0,288,0
2026-07-15T13:30:00+05:30,2420.2,2429.7,2416.7,2416.7,198,0
2026-07-15T13:45:00+05:30,2421.8,2459.9,2420.0,2453.7,1428,0
2026-07-15T14:00:00+05:30,2458.2,2458.2,2437.0,2437.0,2926,0
2026-07-15T14:15:00+05:30,2432.4,2447.7,2427.2,2445.0,876,0
2026-07-15T14:30:00+05:30,2443.9,2456.9,2424.2,2447.8,1780,0
2026-07-15T14:45:00+05:30,2437.8,2439.4,2421.0,2423.0,1109,0
2026-07-15T15:00:00+05:30,2423.1,2435.3,2406.0,2408.0,2509,0
2026-07-15T15:15:00+05:30,2410.9,2420.8,2400.1,2400.1,6213,0
2026-07-16T09:15:00+05:30,2420.0,2425.0,2381.0,2386.7,2314,0
2026-07-16T09:30:00+05:30,2383.6,2389.8,2375.1,2378.1,851,0
2026-07-16T09:45:00+05:30,2378.0,2383.0,2352.9,2355.9,1202,0
2026-07-16T10:00:00+05:30,2359.9,2371.0,2356.7,2361.3,1094,0
2026-07-16T10:15:00+05:30,2361.3,2373.9,2361.3,2371.2,235,0
2026-07-16T10:30:00+05:30,2371.3,2372.9,2368.2,2368.8,24,0
2026-07-16T10:45:00+05:30,2369.1,2372.4,2367.3,2372.1,369,0
2026-07-16T11:00:00+05:30,2372.1,2375.0,2370.1,2371.7,249,0
2026-07-16T11:15:00+05:30,2376.1,2377.5,2373.0,2377.4,41,0
2026-07-16T11:30:00+05:30,2377.4,2377.4,2365.0,2367.6,558,0
2026-07-16T11:45:00+05:30,2367.6,2367.6,2360.1,2364.7,19,0
2026-07-16T12:00:00+05:30,2361.3,2374.5,2360.9,2374.5,223,0
2026-07-16T12:15:00+05:30,2374.5,2377.5,2373.6,2375.9,1548,0
2026-07-16T12:30:00+05:30,2375.9,2381.9,2375.8,2378.3,242,0
2026-07-16T12:45:00+05:30,2378.3,2386.5,2375.8,2375.9,1502,0
2026-07-16T13:00:00+05:30,2376.1,2425.0,2375.8,2425.0,2060,0
2026-07-16T13:15:00+05:30,2424.9,2448.7,2409.4,2418.4,4117,0
2026-07-16T13:30:00+05:30,2418.0,2422.1,2400.1,2405.0,2712,0
2026-07-16T13:45:00+05:30,2405.0,2414.4,2400.1,2407.3,3064,0
2026-07-16T14:00:00+05:30,2407.3,2411.0,2400.1,2411.0,504,0
2026-07-16T14:15:00+05:30,2411.0,2454.0,2405.4,2440.6,3210,0
2026-07-16T14:30:00+05:30,2440.7,2450.0,2419.9,2423.0,1606,0
2026-07-16T14:45:00+05:30,2425.4,2435.0,2422.0,2435.0,249,0
2026-07-16T15:00:00+05:30,2435.0,2437.8,2425.0,2435.7,1388,0
2026-07-16T15:15:00+05:30,2434.9,2444.0,2431.7,2440.0,2378,0
2026-07-17T09:15:00+05:30,2436.9,2444.1,2408.5,2415.9,1391,0
2026-07-17T09:30:00+05:30,2415.9,2424.5,2410.0,2410.0,460,0
2026-07-17T09:45:00+05:30,2407.0,2428.0,2400.0,2417.0,1645,0
2026-07-17T10:00:00+05:30,2417.0,2430.0,2412.1,2424.2,829,0
2026-07-17T10:15:00+05:30,2421.7,2438.1,2416.2,2420.0,820,0
2026-07-17T10:30:00+05:30,2420.0,2420.0,2415.0,2415.0,60,0
2026-07-17T10:45:00+05:30,2415.0,2423.9,2414.0,2417.4,684,0
2026-07-17T11:00:00+05:30,2417.4,2423.2,2415.3,2423.2,64,0
2026-07-17T11:15:00+05:30,2423.2,2425.7,2422.3,2422.9,125,0
2026-07-17T11:30:00+05:30,2422.9,2422.9,2416.2,2422.0,56,0
2026-07-17T11:45:00+05:30,2416.5,2436.0,2414.0,2430.0,418,0
2026-07-17T12:00:00+05:30,2430.3,2430.3,2422.1,2428.0,27,0
2026-07-17T12:15:00+05:30,2428.0,2435.0,2426.3,2434.3,175,0
2026-07-17T12:30:00+05:30,2430.7,2442.9,2430.6,2433.5,645,0
2026-07-17T12:45:00+05:30,2433.5,2441.4,2430.0,2432.8,175,0
2026-07-17T13:00:00+05:30,2432.8,2435.0,2427.3,2430.4,843,0
2026-07-17T13:15:00+05:30,2430.4,2433.8,2427.2,2433.8,23,0
2026-07-17T13:30:00+05:30,2433.8,2439.5,2425.1,2431.5,332,0
2026-07-17T13:45:00+05:30,2431.5,2431.5,2421.6,2428.7,87,0
2026-07-17T14:00:00+05:30,2428.7,2436.0,2428.7,2434.0,525,0
2026-07-17T14:15:00+05:30,2433.7,2442.0,2429.1,2429.1,1129,0
2026-07-17T14:30:00+05:30,2431.8,2431.9,2424.1,2424.1,465,0
2026-07-17T14:45:00+05:30,2425.7,2432.8,2424.4,2428.3,627,0
2026-07-17T15:00:00+05:30,2428.3,2441.0,2428.3,2435.0,1820,0
2026-07-17T15:15:00+05:30,2434.9,2490.0,2434.6,2488.9,3478,0
2026-07-20T09:15:00+05:30,2464.9,2549.0,2455.0,2488.1,4802,0
2026-07-20T09:30:00+05:30,2488.0,2523.9,2484.1,2513.0,1828,0
2026-07-20T09:45:00+05:30,2515.2,2595.0,2513.0,2572.0,11856,0
2026-07-20T10:00:00+05:30,2575.0,2575.1,2547.6,2565.0,2509,0
2026-07-20T10:15:00+05:30,2560.7,2600.0,2560.2,2560.2,5743,0
2026-07-20T10:30:00+05:30,2561.9,2568.8,2560.0,2560.0,747,0
2026-07-20T10:45:00+05:30,2560.9,2572.3,2553.5,2572.3,616,0
2026-07-20T11:00:00+05:30,2572.3,2572.3,2555.0,2555.8,630,0
2026-07-20T11:15:00+05:30,2555.9,2577.9,2550.0,2558.3,989,0
2026-07-20T11:30:00+05:30,2557.2,2561.7,2518.5,2532.6,2872,0
2026-07-20T11:45:00+05:30,2532.6,2556.7,2515.3,2550.5,1706,0
2026-07-20T12:00:00+05:30,2548.1,2552.6,2545.2,2549.3,368,0
2026-07-20T12:15:00+05:30,2549.3,2549.5,2536.5,2538.4,137,0
2026-07-20T12:30:00+05:30,2540.8,2569.2,2524.2,2561.4,1676,0
2026-07-20T12:45:00+05:30,2566.6,2567.4,2549.0,2559.3,746,0
2026-07-20T13:00:00+05:30,2557.4,2565.1,2548.4,2557.9,368,0
2026-07-20T13:15:00+05:30,2556.3,2564.4,2553.4,2560.3,189,0
2026-07-20T13:30:00+05:30,2560.3,2567.5,2559.5,2560.4,260,0
2026-07-20T13:45:00+05:30,2560.4,2563.9,2543.9,2543.9,1078,0
2026-07-20T14:00:00+05:30,2540.0,2550.0,2532.7,2545.0,1670,0
2026-07-20T14:15:00+05:30,2545.0,2557.3,2545.0,2549.2,1279,0
2026-07-20T14:30:00+05:30,2551.0,2551.0,2535.0,2535.8,1098,0
2026-07-20T14:45:00+05:30,2541.3,2548.9,2540.0,2548.9,629,0
2026-07-20T15:00:00+05:30,2546.2,2549.0,2525.0,2530.5,2278,0
2026-07-20T15:15:00+05:30,2528.5,2532.8,2489.9,2507.0,3073,0
2026-07-21T09:15:00+05:30,2600.0,2600.0,2466.4,2466.4,3007,0
2026-07-21T09:30:00+05:30,2472.3,2491.2,2472.3,2486.3,869,0
2026-07-21T09:45:00+05:30,2486.3,2498.9,2482.0,2492.0,394,0
2026-07-21T10:00:00+05:30,2487.6,2489.9,2473.5,2482.1,908,0
2026-07-21T10:15:00+05:30,2479.1,2479.1,2470.0,2470.0,106,0
2026-07-21T10:30:00+05:30,2471.1,2472.8,2456.1,2464.4,717,0
2026-07-21T10:45:00+05:30,2464.4,2466.1,2460.2,2466.1,62,0
2026-07-21T11:00:00+05:30,2466.1,2467.9,2461.7,2462.4,29,0
2026-07-21T11:15:00+05:30,2463.1,2463.1,2453.3,2459.8,306,0
2026-07-21T11:30:00+05:30,2459.8,2462.8,2458.0,2461.0,44,0
2026-07-21T11:45:00+05:30,2457.4,2457.4,2440.0,2447.9,555,0
2026-07-21T12:00:00+05:30,2442.0,2443.1,2435.0,2437.5,291,0
2026-07-21T12:15:00+05:30,2437.5,2445.7,2433.5,2444.8,109,0
2026-07-21T12:30:00+05:30,2445.1,2447.1,2441.1,2442.0,76,0
2026-07-21T12:45:00+05:30,2442.0,2442.0,2432.2,2432.2,1689,0
2026-07-21T13:00:00+05:30,2432.2,2437.8,2432.2,2435.2,76,0
2026-07-21T13:15:00+05:30,2435.2,2447.1,2402.6,2433.0,2630,0
2026-07-21T13:30:00+05:30,2434.8,2443.2,2426.1,2438.9,121,0
2026-07-21T13:45:00+05:30,2438.9,2439.0,2430.4,2430.8,119,0
2026-07-21T14:00:00+05:30,2434.9,2448.5,2433.1,2441.8,561,0
2026-07-21T14:15:00+05:30,2441.8,2443.2,2436.5,2443.2,33,0
2026-07-21T14:30:00+05:30,2443.2,2445.2,2440.0,2440.0,77,0
2026-07-21T14:45:00+05:30,2442.0,2451.8,2440.0,2451.8,205,0
2026-07-21T15:00:00+05:30,2449.0,2453.8,2440.0,2450.0,669,0
2026-07-21T15:15:00+05:30,2444.0,2470.0,2432.0,2432.0,1609,0
2026-07-22T09:15:00+05:30,2450.0,2468.7,2433.6,2433.6,652,0
2026-07-22T09:30:00+05:30,2434.8,2437.9,2413.8,2427.7,353,0
2026-07-22T09:45:00+05:30,2417.3,2436.0,2401.0,2414.1,976,0
2026-07-22T10:00:00+05:30,2437.8,2449.9,2432.1,2432.4,405,0
2026-07-22T10:15:00+05:30,2425.0,2436.7,2422.5,2436.7,330,0
2026-07-22T10:30:00+05:30,2436.7,2447.5,2425.6,2445.5,290,0
2026-07-22T10:45:00+05:30,2446.0,2448.0,2436.2,2438.1,461,0
2026-07-22T11:00:00+05:30,2438.1,2446.7,2438.1,2446.7,113,0
2026-07-22T11:15:00+05:30,2446.7,2446.7,2446.5,2446.5,1,0
2026-07-22T11:30:00+05:30,2446.5,2457.4,2446.4,2451.9,257,0
2026-07-22T11:45:00+05:30,2451.9,2453.8,2446.1,2446.1,53,0
2026-07-22T12:00:00+05:30,2446.1,2446.6,2432.4,2432.4,23,0
2026-07-22T12:15:00+05:30,2437.1,2449.9,2427.4,2442.9,250,0
2026-07-22T12:30:00+05:30,2442.9,2462.4,2442.3,2448.0,564,0
2026-07-22T12:45:00+05:30,2448.0,2460.0,2442.3,2456.0,530,0
2026-07-22T13:00:00+05:30,2456.0,2459.9,2452.0,2459.9,363,0
2026-07-22T13:15:00+05:30,2459.9,2459.9,2445.1,2449.4,205,0
2026-07-22T13:30:00+05:30,2449.4,2454.5,2438.8,2440.0,197,0
2026-07-22T13:45:00+05:30,2439.3,2440.8,2434.9,2434.9,37,0
2026-07-22T14:00:00+05:30,2434.9,2447.9,2434.9,2438.5,79,0
2026-07-22T14:15:00+05:30,2435.2,2435.9,2435.2,2435.9,5,0
2026-07-22T14:30:00+05:30,2435.9,2435.9,2435.9,2435.9,0,0
2026-07-22T14:45:00+05:30,2435.9,2441.1,2432.1,2432.1,50,0
2026-07-22T15:00:00+05:30,2432.1,2443.2,2430.9,2436.7,705,0
2026-07-22T15:15:00+05:30,2435.1,2436.8,2410.5,2431.5,617,0
2026-07-23T09:15:00+05:30,2406.8,2421.5,2406.8,2411.0,245,0
2026-07-23T09:30:00+05:30,2409.1,2417.9,2384.1,2391.1,467,0
2026-07-23T09:45:00+05:30,2390.1,2393.9,2370.0,2391.6,924,0
2026-07-23T10:00:00+05:30,2386.0,2417.1,2373.4,2407.1,1307,0
2026-07-23T10:15:00+05:30,2407.1,2411.0,2388.2,2395.0,142,0
2026-07-23T10:30:00+05:30,2395.0,2400.7,2388.0,2392.5,188,0
2026-07-23T10:45:00+05:30,2392.5,2401.4,2388.1,2388.1,179,0
2026-07-23T11:00:00+05:30,2388.1,2398.0,2388.0,2388.0,20,0
2026-07-23T11:15:00+05:30,2388.1,2390.7,2385.0,2386.0,182,0
2026-07-23T11:30:00+05:30,2385.9,2389.1,2372.6,2378.1,421,0
2026-07-23T11:45:00+05:30,2378.1,2378.1,2378.0,2378.0,4,0
2026-07-23T12:00:00+05:30,2378.0,2385.9,2374.0,2383.6,320,0
2026-07-23T12:15:00+05:30,2386.9,2389.5,2378.5,2378.5,33,0
2026-07-23T12:30:00+05:30,2380.9,2381.9,2367.7,2367.7,159,0
2026-07-23T12:45:00+05:30,2367.7,2373.0,2364.6,2364.6,133,0
2026-07-23T13:00:00+05:30,2364.6,2371.9,2364.6,2366.1,33,0
2026-07-23T13:15:00+05:30,2366.0,2371.0,2366.0,2366.0,106,0
2026-07-23T13:30:00+05:30,2369.1,2379.4,2360.0,2379.4,206,0
2026-07-23T13:45:00+05:30,2379.4,2379.4,2372.1,2372.4,392,0
2026-07-23T14:00:00+05:30,2372.0,2374.0,2369.3,2371.0,109,0
2026-07-23T14:15:00+05:30,2371.0,2374.6,2371.0,2372.5,8,0
2026-07-23T14:30:00+05:30,2372.5,2372.8,2368.6,2371.9,34,0
2026-07-23T14:45:00+05:30,2371.9,2375.2,2351.7,2363.8,696,0
2026-07-23T15:00:00+05:30,2363.8,2377.6,2354.4,2366.6,329,0
2026-07-23T15:15:00+05:30,2364.6,2367.9,2361.2,2363.0,307,0
2026-07-24T09:15:00+05:30,2365.8,2365.8,2335.4,2342.9,429,0
2026-07-24T09:30:00+05:30,2345.8,2348.9,2332.5,2333.0,359,0
2026-07-24T09:45:00+05:30,2333.0,2334.9,2313.1,2320.2,338,0
2026-07-24T10:00:00+05:30,2320.2,2320.2,2307.3,2308.5,293,0
2026-07-24T10:15:00+05:30,2308.5,2318.9,2301.0,2313.3,295,0
2026-07-24T10:30:00+05:30,2313.3,2333.9,2301.1,2319.1,411,0
2026-07-24T10:45:00+05:30,2319.1,2326.6,2313.2,2316.9,130,0
2026-07-24T11:00:00+05:30,2313.6,2318.1,2304.0,2315.5,339,0
2026-07-24T11:15:00+05:30,2315.5,2330.8,2307.6,2320.0,394,0
2026-07-24T11:30:00+05:30,2320.0,2327.5,2320.0,2327.5,18,0
2026-07-24T11:45:00+05:30,2327.5,2341.8,2327.5,2337.9,194,0
2026-07-24T12:00:00+05:30,2337.9,2337.9,2326.3,2326.4,34,0
2026-07-24T12:15:00+05:30,2326.4,2342.9,2322.1,2337.2,114,0
2026-07-24T12:30:00+05:30,2339.2,2343.0,2325.3,2337.1,238,0
2026-07-24T12:45:00+05:30,2337.1,2366.9,2330.0,2366.9,1108,0
2026-07-24T13:00:00+05:30,2372.2,2372.2,2325.6,2325.6,1076,0
2026-07-24T13:15:00+05:30,2325.6,2326.4,2325.6,2326.3,19,0
2026-07-24T13:30:00+05:30,2326.3,2326.3,2311.2,2321.9,354,0
2026-07-24T13:45:00+05:30,2321.9,2360.1,2320.3,2354.0,1257,0
2026-07-24T14:00:00+05:30,2354.0,2374.0,2354.0,2361.7,305,0
2026-07-24T14:15:00+05:30,2361.7,2363.0,2351.1,2355.7,231,0
2026-07-24T14:30:00+05:30,2355.7,2356.4,2355.4,2356.0,34,0
2026-07-24T14:45:00+05:30,2356.0,2361.0,2354.8,2361.0,80,0
2026-07-24T15:00:00+05:30,2361.0,2377.0,2353.2,2363.7,1410,0
2026-07-24T15:15:00+05:30,2372.3,2372.9,2355.1,2365.0,649,0
2026-07-27T09:15:00+05:30,2376.0,2492.4,2376.0,2491.9,2770,0
2026-07-27T09:30:00+05:30,2494.2,2537.7,2472.2,2475.0,3942,0
2026-07-27T09:45:00+05:30,2473.3,2495.0,2455.5,2483.0,1616,0
2026-07-27T10:00:00+05:30,2483.0,2483.9,2451.0,2452.4,591,0
2026-07-27T10:15:00+05:30,2464.4,2468.8,2454.8,2466.4,121,0
2026-07-27T10:30:00+05:30,2466.4,2466.4,2451.0,2453.0,697,0
2026-07-27T10:45:00+05:30,2461.4,2480.0,2454.1,2466.8,849,0
2026-07-27T11:00:00+05:30,2466.8,2470.6,2460.8,2470.6,116,0
2026-07-27T11:15:00+05:30,2468.6,2474.0,2466.1,2473.3,131,0
2026-07-27T11:30:00+05:30,2473.3,2473.3,2467.0,2467.0,20,0
2026-07-27T11:45:00+05:30,2467.0,2477.9,2465.3,2465.3,97,0
2026-07-27T12:00:00+05:30,2465.3,2471.2,2464.8,2466.7,120,0
2026-07-27T12:15:00+05:30,2468.2,2526.4,2468.2,2502.4,2953,0
2026-07-27T12:30:00+05:30,2502.4,2506.6,2485.0,2502.1,419,0
2026-07-27T12:45:00+05:30,2500.7,2560.0,2500.0,2532.9,6122,0
2026-07-27T13:00:00+05:30,2535.1,2540.0,2520.0,2528.0,1653,0
2026-07-27T13:15:00+05:30,2530.5,2549.5,2527.0,2549.2,1101,0
2026-07-27T13:30:00+05:30,2549.3,2550.0,2530.0,2549.8,1930,0
2026-07-27T13:45:00+05:30,2550.0,2558.7,2541.2,2547.8,970,0
2026-07-27T14:00:00+05:30,2541.2,2545.0,2539.8,2540.0,1050,0
2026-07-27T14:15:00+05:30,2540.0,2545.0,2535.0,2541.7,1342,0
2026-07-27T14:30:00+05:30,2544.0,2564.9,2542.0,2548.3,2640,0
2026-07-27T14:45:00+05:30,2544.3,2551.2,2506.2,2515.4,4452,0
2026-07-27T15:00:00+05:30,2521.4,2536.2,2510.0,2525.9,2185,0
2026-07-27T15:15:00+05:30,2521.1,2545.0,2520.0,2542.0,3198,0
2026-07-28T09:15:00+05:30,2550.0,2550.0,2497.2,2519.9,698,0
2026-07-28T09:30:00+05:30,2521.2,2525.8,2510.0,2510.0,342,0
2026-07-28T09:45:00+05:30,2510.0,2519.9,2510.0,2519.9,84,0
2026-07-28T10:00:00+05:30,2515.0,2519.9,2510.0,2514.8,148,0
2026-07-28T10:15:00+05:30,2520.3,2555.0,2520.3,2537.9,728,0
2026-07-28T10:30:00+05:30,2533.3,2546.0,2533.3,2546.0,176,0
2026-07-28T10:45:00+05:30,2540.0,2564.9,2540.0,2544.0,807,0
2026-07-28T11:00:00+05:30,2544.0,2546.5,2542.7,2542.7,136,0
2026-07-28T11:15:00+05:30,2542.7,2542.7,2538.0,2538.0,140,0
2026-07-28T11:30:00+05:30,2531.7,2543.6,2530.0,2543.6,412,0
2026-07-28T11:45:00+05:30,2543.6,2546.0,2532.5,2533.9,349,0
2026-07-28T12:00:00+05:30,2533.9,2537.9,2533.9,2534.0,124,0
2026-07-28T12:15:00+05:30,2534.0,2534.0,2532.0,2532.0,179,0
2026-07-28T12:30:00+05:30,2532.0,2544.0,2530.0,2538.0,1867,0
2026-07-28T12:45:00+05:30,2538.0,2538.0,2530.0,2530.0,84,0
2026-07-28T13:00:00+05:30,2530.0,2530.2,2530.0,2530.0,3,0
2026-07-28T13:15:00+05:30,2530.1,2530.1,2529.7,2530.0,195,0
2026-07-28T13:30:00+05:30,2531.8,2541.0,2526.1,2540.1,550,0
2026-07-28T13:45:00+05:30,2540.1,2541.4,2534.2,2540.0,728,0
2026-07-28T14:00:00+05:30,2540.0,2540.0,2532.2,2533.0,533,0
2026-07-28T14:15:00+05:30,2533.0,2533.0,2530.0,2532.7,131,0
2026-07-28T14:30:00+05:30,2532.7,2535.6,2528.0,2535.6,311,0
2026-07-28T14:45:00+05:30,2531.7,2531.7,2529.0,2531.5,222,0
2026-07-28T15:00:00+05:30,2531.5,2539.3,2526.1,2532.1,360,0
2026-07-28T15:15:00+05:30,2532.1,2534.6,2502.0,2502.0,1587,0
2026-07-29T09:15:00+05:30,2522.9,2533.5,2476.3,2516.2,587,0
2026-07-29T09:30:00+05:30,2516.2,2535.9,2508.4,2516.7,449,0
2026-07-29T09:45:00+05:30,2521.0,2547.9,2520.0,2537.7,238,0
2026-07-29T10:00:00+05:30,2537.7,2537.7,2518.1,2525.1,37,0
2026-07-29T10:15:00+05:30,2525.1,2547.9,2525.1,2528.4,72,0
2026-07-29T10:30:00+05:30,2528.4,2528.4,2499.1,2510.3,719,0
2026-07-29T10:45:00+05:30,2514.4,2535.0,2514.4,2520.6,893,0
2026-07-29T11:00:00+05:30,2523.3,2534.0,2514.9,2520.6,356,0
2026-07-29T11:15:00+05:30,2520.6,2520.6,2508.2,2516.3,81,0
2026-07-29T11:30:00+05:30,2516.3,2521.0,2511.0,2512.7,23,0
2026-07-29T11:45:00+05:30,2510.2,2519.8,2506.7,2510.5,305,0
2026-07-29T12:00:00+05:30,2507.7,2507.7,2498.0,2498.0,159,0
2026-07-29T12:15:00+05:30,2498.0,2498.0,2486.9,2497.1,126,0
2026-07-29T12:30:00+05:30,2490.6,2490.6,2477.7,2479.3,107,0
2026-07-29T12:45:00+05:30,2478.9,2478.9,2458.3,2468.0,197,0
2026-07-29T13:00:00+05:30,2468.0,2468.0,2451.0,2460.0,596,0
2026-07-29T13:15:00+05:30,2460.0,2466.7,2452.6,2466.7,77,0
2026-07-29T13:30:00+05:30,2466.6,2468.0,2464.4,2468.0,95,0
2026-07-29T13:45:00+05:30,2469.7,2505.2,2460.1,2499.6,989,0
2026-07-29T14:00:00+05:30,2499.6,2499.6,2497.0,2497.0,11,0
2026-07-29T14:15:00+05:30,2497.0,2499.7,2488.5,2488.5,25,0
2026-07-29T14:30:00+05:30,2491.1,2491.7,2491.1,2491.6,10,0
2026-07-29T14:45:00+05:30,2491.6,2505.0,2491.6,2505.0,344,0
2026-07-29T15:00:00+05:30,2505.0,2508.0,2484.2,2484.2,971,0
2026-07-29T15:15:00+05:30,2492.8,2508.0,2470.5,2508.0,1101,0
2026-07-30T09:15:00+05:30,2509.4,2515.0,2484.1,2492.8,733,0
2026-07-30T09:30:00+05:30,2492.8,2516.8,2492.8,2506.3,344,0
2026-07-30T09:45:00+05:30,2514.7,2519.8,2499.1,2505.0,402,0
2026-07-30T10:00:00+05:30,2505.9,2513.7,2499.0,2513.7,126,0
2026-07-30T10:15:00+05:30,2515.0,2519.6,2505.0,2509.0,380,0
2026-07-30T10:30:00+05:30,2509.0,2550.0,2505.0,2531.9,754,0
2026-07-30T10:45:00+05:30,2548.3,2555.0,2529.1,2541.6,412,0
2026-07-30T11:00:00+05:30,2541.6,2549.9,2523.4,2534.8,203,0
2026-07-30T11:15:00+05:30,2526.7,2650.0,2365.0,2610.0,123854,0
2026-07-30T11:30:00+05:30,2610.0,2683.6,2552.8,2600.1,95846,0
2026-07-30T11:45:00+05:30,2602.7,2602.7,2540.0,2565.0,43144,0
2026-07-30T12:00:00+05:30,2565.2,2612.0,2389.1,2534.2,67771,0
2026-07-30T12:15:00+05:30,2534.5,2579.9,2451.1,2502.9,33895,0
2026-07-30T12:30:00+05:30,2502.9,2539.9,2492.2,2530.6,11442,0
2026-07-30T12:45:00+05:30,2528.5,2555.4,2510.0,2518.5,8128,0
2026-07-30T13:00:00+05:30,2518.0,2533.3,2496.4,2518.3,4776,0
2026-07-30T13:15:00+05:30,2517.3,2540.0,2512.0,2513.3,3312,0
2026-07-30T13:30:00+05:30,2517.0,2542.0,2491.1,2529.9,4583,0
2026-07-30T13:45:00+05:30,2532.0,2533.8,2500.6,2526.3,2762,0
2026-07-30T14:00:00+05:30,2526.3,2535.0,2505.0,2505.0,3187,0
2026-07-30T14:15:00+05:30,2510.7,2512.7,2461.1,2469.9,4208,0
2026-07-30T14:30:00+05:30,2470.4,2477.8,2446.8,2446.9,5956,0
2026-07-30T14:45:00+05:30,2447.2,2447.2,2415.0,2415.4,7212,0
2026-07-30T15:00:00+05:30,2417.7,2480.5,2401.5,2449.1,10247,0
2026-07-30T15:15:00+05:30,2446.1,2549.0,2437.2,2482.0,16847,0
2026-07-31T09:15:00+05:30,2483.2,2485.2,2451.0,2468.0,1520,0
2026-07-31T09:30:00+05:30,2468.0,2479.6,2452.9,2472.9,722,0
2026-07-31T09:45:00+05:30,2477.7,2511.1,2468.2,2506.1,1041,0
2026-07-31T10:00:00+05:30,2505.0,2528.0,2501.0,2527.9,1026,0
2026-07-31T10:15:00+05:30,2524.4,2539.0,2520.0,2527.0,1566,0
2026-07-31T10:30:00+05:30,2525.0,2529.9,2494.9,2498.9,1511,0
2026-07-31T10:45:00+05:30,2498.9,2512.1,2498.9,2499.0,272,0
2026-07-31T11:00:00+05:30,2499.1,2507.3,2499.1,2502.5,112,0
2026-07-31T11:15:00+05:30,2503.8,2505.8,2497.6,2497.6,51,0
2026-07-31T11:30:00+05:30,2503.4,2503.5,2494.0,2494.2,160,0
2026-07-31T11:45:00+05:30,2498.6,2498.9,2490.5,2490.5,215,0
2026-07-31T12:00:00+05:30,2490.5,2511.9,2480.1,2500.9,756,0
2026-07-31T12:15:00+05:30,2495.7,2504.5,2490.5,2501.8,149,0
2026-07-31T12:30:00+05:30,2499.6,2499.6,2485.5,2495.0,180,0
2026-07-31T12:45:00+05:30,2495.0,2498.0,2481.0,2498.0,297,0
2026-07-31T13:00:00+05:30,2498.0,2498.0,2486.0,2489.7,64,0
2026-07-31T13:15:00+05:30,2489.7,2500.0,2489.3,2498.2,170,0
2026-07-31T13:30:00+05:30,2498.2,2498.8,2486.1,2487.2,267,0
2026-07-31T13:45:00+05:30,2487.2,2493.0,2487.0,2492.5,40,0
2026-07-31T14:00:00+05:30,2496.9,2509.0,2496.9,2502.1,155,0
2026-07-31T14:15:00+05:30,2502.1,2506.0,2494.5,2495.1,36,0
2026-07-31T14:30:00+05:30,2495.1,2501.5,2490.8,2501.0,170,0
2026-07-31T14:45:00+05:30,2501.0,2501.0,2493.1,2496.8,65,0
2026-07-31T15:00:00+05:30,2492.0,2500.0,2476.0,2493.0,903,0
2026-07-31T15:15:00+05:30,2493.0,2495.5,2452.0,2452.0,2244,0
2026-08-03T09:15:00+05:30,2477.0,2489.8,2460.0,2460.0,854,0
2026-08-03T09:30:00+05:30,2468.8,2472.2,2460.0,2472.1,471,0
2026-08-03T09:45:00+05:30,2472.1,2477.0,2465.0,2476.0,482,0
2026-08-03T10:00:00+05:30,2476.0,2476.0,2468.3,2470.6,72,0
2026-08-03T10:15:00+05:30,2470.6,2479.8,2460.1,2467.2,803,0
2026-08-03T10:30:00+05:30,2466.9,2466.9,2457.8,2458.9,102,0
2026-08-03T10:45:00+05:30,2458.9,2460.6,2446.1,2446.1,406,0
2026-08-03T11:00:00+05:30,2449.9,2459.9,2445.3,2452.2,228,0
2026-08-03T11:15:00+05:30,2452.2,2452.2,2436.7,2442.0,411,0
2026-08-03T11:30:00+05:30,2442.0,2447.8,2436.0,2447.8,267,0
2026-08-03T11:45:00+05:30,2447.8,2457.9,2434.2,2434.2,235,0
2026-08-03T12:00:00+05:30,2437.9,2439.9,2425.0,2425.0,101,0
2026-08-03T12:15:00+05:30,2425.0,2435.3,2425.0,2429.9,65,0
2026-08-03T12:30:00+05:30,2429.9,2435.9,2429.9,2434.4,95,0
2026-08-03T12:45:00+05:30,2434.4,2434.4,2425.5,2431.2,152,0
2026-08-03T13:00:00+05:30,2431.2,2431.2,2425.8,2425.8,58,0
2026-08-03T13:15:00+05:30,2425.8,2438.2,2425.8,2437.8,69,0
2026-08-03T13:30:00+05:30,2437.8,2437.8,2432.0,2437.4,6,0
2026-08-03T13:45:00+05:30,2437.4,2437.4,2432.0,2436.8,17,0
2026-08-03T14:00:00+05:30,2436.8,2451.8,2436.8,2440.4,170,0
2026-08-03T14:15:00+05:30,2440.4,2440.4,2424.1,2429.1,227,0
2026-08-03T14:30:00+05:30,2423.7,2433.5,2422.0,2426.0,144,0
2026-08-03T14:45:00+05:30,2426.0,2426.6,2420.0,2423.8,14,0
2026-08-03T15:00:00+05:30,2426.6,2450.1,2420.0,2440.3,451,0
2026-08-03T15:15:00+05:30,2440.5,2459.5,2423.2,2423.2,435,0
2026-08-04T09:15:00+05:30,2430.2,2435.2,2420.6,2430.5,231,0
2026-08-04T09:30:00+05:30,2430.5,2431.4,2421.2,2431.4,83,0
2026-08-04T09:45:00+05:30,2431.4,2455.0,2426.0,2451.3,278,0
2026-08-04T10:00:00+05:30,2451.3,2451.6,2422.6,2422.6,975,0
2026-08-04T10:15:00+05:30,2422.6,2430.8,2422.6,2430.3,83,0
2026-08-04T10:30:00+05:30,2430.3,2430.3,2415.6,2415.6,91,0
2026-08-04T10:45:00+05:30,2416.0,2416.0,2416.0,2416.0,1,0
2026-08-04T11:00:00+05:30,2421.3,2421.7,2416.5,2421.7,23,0
2026-08-04T11:15:00+05:30,2421.7,2426.9,2417.2,2417.2,29,0
2026-08-04T11:30:00+05:30,2417.2,2420.0,2407.2,2407.2,206,0
2026-08-04T11:45:00+05:30,2407.2,2412.7,2407.2,2410.0,53,0
2026-08-04T12:00:00+05:30,2410.0,2413.1,2408.0,2413.1,22,0
2026-08-04T12:15:00+05:30,2412.0,2414.9,2410.1,2414.9,29,0
2026-08-04T12:30:00+05:30,2414.9,2417.7,2412.0,2412.0,74,0
2026-08-04T12:45:00+05:30,2412.0,2417.6,2410.0,2410.4,56,0
2026-08-04T13:00:00+05:30,2410.4,2417.4,2410.0,2417.4,11,0
2026-08-04T13:15:00+05:30,2417.4,2417.4,2415.0,2415.0,2,0
2026-08-04T13:30:00+05:30,2415.0,2426.0,2415.0,2426.0,550,0
2026-08-04T13:45:00+05:30,2426.0,2435.8,2425.0,2428.0,72,0
2026-08-04T14:00:00+05:30,2428.0,2480.7,2425.0,2439.2,968,0
2026-08-04T14:15:00+05:30,2439.2,2457.0,2439.2,2456.8,62,0
2026-08-04T14:30:00+05:30,2456.8,2469.1,2456.6,2460.1,98,0
2026-08-04T14:45:00+05:30,2464.0,2472.0,2460.3,2472.0,59,0
2026-08-04T15:00:00+05:30,2476.7,2495.0,2459.1,2468.5,1269,0
2026-08-04T15:15:00+05:30,2430.2,2488.2,2430.2,2455.0,22525,0
2026-08-05T09:15:00+05:30,2479.1,2479.9,2439.1,2445.2,290,0
2026-08-05T09:30:00+05:30,2444.6,2468.9,2433.1,2460.8,990,0
2026-08-05T09:45:00+05:30,2460.8,2467.4,2445.2,2461.6,357,0
2026-08-05T10:00:00+05:30,2461.6,2465.8,2445.2,2465.8,254,0
2026-08-05T10:15:00+05:30,2465.8,2465.8,2457.7,2465.0,87,0
2026-08-05T10:30:00+05:30,2459.0,2471.3,2453.8,2466.0,176,0
2026-08-05T10:45:00+05:30,2466.0,2467.1,2451.2,2456.9,254,0
2026-08-05T11:00:00+05:30,2463.4,2468.9,2430.0,2447.9,642,0
2026-08-05T11:15:00+05:30,2447.9,2450.8,2439.0,2439.0,83,0
2026-08-05T11:30:00+05:30,2439.0,2439.0,2439.0,2439.0,0,0
2026-08-05T11:45:00+05:30,2439.0,2439.0,2439.0,2439.0,0,0
2026-08-05T12:00:00+05:30,2439.0,2447.9,2426.0,2426.0,274,0
2026-08-05T12:15:00+05:30,2426.0,2438.9,2426.0,2438.9,15,0
2026-08-05T12:30:00+05:30,2438.9,2441.2,2435.9,2441.2,11,0
2026-08-05T12:45:00+05:30,2441.2,2441.9,2430.0,2430.0,100,0
2026-08-05T13:00:00+05:30,2430.0,2436.0,2430.0,2436.0,3,0
2026-08-05T13:15:00+05:30,2435.2,2438.2,2426.0,2438.2,102,0
2026-08-05T13:30:00+05:30,2438.2,2438.2,2434.2,2435.0,33,0
2026-08-05T13:45:00+05:30,2432.2,2437.9,2432.2,2437.9,130,0
2026-08-05T14:00:00+05:30,2437.9,2444.7,2437.9,2443.2,71,0
2026-08-05T14:15:00+05:30,2440.0,2440.0,2426.0,2435.0,165,0
2026-08-05T14:30:00+05:30,2435.0,2438.0,2434.8,2438.0,63,0
2026-08-05T14:45:00+05:30,2442.9,2442.9,2431.0,2435.4,130,0
2026-08-05T15:00:00+05:30,2435.4,2460.3,2425.0,2425.0,341,0
2026-08-05T15:15:00+05:30,2425.1,2445.3,2425.0,2426.0,447,0
2026-08-06T09:15:00+05:30,2413.5,2445.7,2412.2,2430.1,346,0
2026-08-06T09:30:00+05:30,2430.1,2433.3,2430.1,2433.3,31,0
2026-08-06T09:45:00+05:30,2433.3,2439.4,2424.1,2427.1,370,0
2026-08-06T10:00:00+05:30,2427.1,2430.1,2424.1,2424.1,33,0
2026-08-06T10:15:00+05:30,2424.1,2425.7,2420.0,2425.7,21,0
2026-08-06T10:30:00+05:30,2425.7,2428.8,2421.1,2421.6,60,0
2026-08-06T10:45:00+05:30,2421.6,2426.5,2421.6,2425.0,37,0
2026-08-06T11:00:00+05:30,2422.9,2428.7,2421.7,2428.7,24,0
2026-08-06T11:15:00+05:30,2428.7,2430.0,2428.7,2430.0,60,0
2026-08-06T11:30:00+05:30,2430.0,2435.8,2428.0,2428.0,9,0
2026-08-06T11:45:00+05:30,2428.0,2431.3,2428.0,2431.3,2,0
2026-08-06T12:00:00+05:30,2431.3,2431.4,2424.0,2424.0,132,0
2026-08-06T12:15:00+05:30,2424.0,2426.5,2424.0,2426.5,3,0
2026-08-06T12:30:00+05:30,2426.5,2427.6,2426.5,2427.6,3,0
2026-08-06T12:45:00+05:30,2427.6,2427.6,2427.6,2427.6,0,0
2026-08-06T13:00:00+05:30,2427.6,2430.4,2424.4,2424.4,11,0
2026-08-06T13:15:00+05:30,2424.4,2435.9,2424.4,2435.9,12,0
2026-08-06T13:30:00+05:30,2435.9,2435.9,2425.3,2425.5,13,0
2026-08-06T13:45:00+05:30,2425.5,2438.6,2425.5,2436.6,186,0
2026-08-06T14:00:00+05:30,2439.9,2450.0,2433.1,2433.1,548,0
2026-08-06T14:15:00+05:30,2435.8,2436.5,2433.1,2433.1,103,0
2026-08-06T14:30:00+05:30,2433.1,2433.1,2430.1,2430.1,14,0
2026-08-06T14:45:00+05:30,2430.1,2443.0,2430.1,2443.0,80,0
2026-08-06T15:00:00+05:30,2443.0,2465.0,2436.1,2456.8,607,0
2026-08-06T15:15:00+05:30,2456.8,2470.0,2447.0,2470.0,456,0
2026-08-07T09:15:00+05:30,2484.7,2500.8,2460.0,2463.9,906,0
2026-08-07T09:30:00+05:30,2462.2,2495.1,2462.2,2469.6,368,0
2026-08-07T09:45:00+05:30,2480.2,2480.2,2469.6,2469.6,555,0
2026-08-07T10:00:00+05:30,2469.6,2469.6,2460.8,2467.6,36,0
2026-08-07T10:15:00+05:30,2467.6,2468.5,2457.1,2464.4,58,0
2026-08-07T10:30:00+05:30,2464.4,2479.9,2464.3,2479.9,61,0
2026-08-07T10:45:00+05:30,2479.9,2480.2,2429.9,2440.0,1318,0
2026-08-07T11:00:00+05:30,2436.4,2439.0,2435.6,2436.0,37,0
2026-08-07T11:15:00+05:30,2435.9,2441.8,2428.7,2432.0,384,0
2026-08-07T11:30:00+05:30,2438.9,2438.9,2432.6,2437.9,167,0
2026-08-07T11:45:00+05:30,2432.1,2435.9,2424.0,2427.1,206,0
2026-08-07T12:00:00+05:30,2427.1,2438.8,2426.3,2426.3,97,0
2026-08-07T12:15:00+05:30,2427.1,2429.9,2426.0,2426.0,53,0
2026-08-07T12:30:00+05:30,2426.0,2428.8,2420.8,2428.8,53,0
2026-08-07T12:45:00+05:30,2422.6,2427.9,2420.0,2420.0,39,0
2026-08-07T13:00:00+05:30,2418.1,2423.2,2412.9,2415.1,94,0
2026-08-07T13:15:00+05:30,2415.1,2419.8,2411.4,2417.5,123,0
2026-08-07T13:30:00+05:30,2417.5,2426.2,2413.5,2422.8,37,0
2026-08-07T13:45:00+05:30,2422.8,2422.8,2416.2,2416.2,2,0
2026-08-07T14:00:00+05:30,2416.2,2419.5,2412.6,2412.6,126,0
2026-08-07T14:15:00+05:30,2412.6,2429.8,2412.6,2423.7,115,0
2026-08-07T14:30:00+05:30,2424.7,2424.7,2419.2,2419.2,23,0
2026-08-07T14:45:00+05:30,2415.5,2426.9,2415.5,2426.9,182,0
2026-08-07T15:00:00+05:30,2429.0,2438.0,2402.0,2414.9,402,0
2026-08-07T15:15:00+05:30,2415.7,2438.0,2401.0,2410.2,486,0
2026-08-10T09:15:00+05:30,2401.5,2420.9,2400.1,2410.0,291,0
2026-08-10T09:30:00+05:30,2413.5,2425.6,2399.1,2410.2,616,0
2026-08-10T09:45:00+05:30,2410.2,2415.0,2410.2,2412.5,43,0
2026-08-10T10:00:00+05:30,2411.4,2412.0,2409.0,2409.0,91,0
2026-08-10T10:15:00+05:30,2409.0,2414.6,2409.0,2410.8,3,0
2026-08-10T10:30:00+05:30,2410.8,2417.7,2409.1,2414.8,86,0
2026-08-10T10:45:00+05:30,2414.8,2454.7,2414.8,2449.9,389,0
2026-08-10T11:00:00+05:30,2449.9,2456.9,2441.5,2444.9,67,0
2026-08-10T11:15:00+05:30,2444.9,2448.9,2435.8,2437.1,24,0
2026-08-10T11:30:00+05:30,2437.1,2440.9,2430.1,2434.5,61,0
2026-08-10T11:45:00+05:30,2434.5,2438.9,2431.7,2435.3,36,0
2026-08-10T12:00:00+05:30,2435.3,2436.2,2435.3,2436.2,2,0
2026-08-10T12:15:00+05:30,2436.2,2440.0,2435.5,2440.0,20,0
2026-08-10T12:30:00+05:30,2440.0,2458.9,2437.0,2458.9,1222,0
2026-08-10T12:45:00+05:30,2455.1,2455.2,2442.5,2443.0,131,0
2026-08-10T13:00:00+05:30,2447.2,2447.2,2409.5,2410.6,1857,0
2026-08-10T13:15:00+05:30,2416.2,2432.9,2416.2,2418.5,29,0
2026-08-10T13:30:00+05:30,2418.5,2419.2,2408.6,2415.8,203,0
2026-08-10T13:45:00+05:30,2415.8,2416.3,2415.8,2416.3,2,0
2026-08-10T14:00:00+05:30,2420.3,2462.9,2420.3,2432.4,1893,0
2026-08-10T14:15:00+05:30,2433.8,2480.0,2433.8,2480.0,441,0
2026-08-10T14:30:00+05:30,2480.0,2490.0,2475.0,2475.7,1449,0
2026-08-10T14:45:00+05:30,2475.9,2519.8,2475.7,2496.5,1219,0
2026-08-10T15:00:00+05:30,2496.5,2509.9,2481.2,2509.0,595,0
2026-08-10T15:15:00+05:30,2509.0,2509.0,2475.5,2499.9,1151,0
2026-08-11T09:15:00+05:30,2499.9,2524.5,2481.4,2481.4,460,0
2026-08-11T09:30:00+05:30,2485.9,2510.9,2485.9,2488.0,535,0
2026-08-11T09:45:00+05:30,2488.0,2510.0,2481.1,2504.9,253,0
2026-08-11T10:00:00+05:30,2504.9,2524.9,2504.9,2520.4,443,0
2026-08-11T10:15:00+05:30,2518.0,2545.2,2515.7,2542.3,1849,0
2026-08-11T10:30:00+05:30,2541.5,2546.8,2482.1,2488.3,1084,0
2026-08-11T10:45:00+05:30,2488.3,2492.3,2485.0,2492.3,267,0
2026-08-11T11:00:00+05:30,2482.9,2500.0,2482.9,2495.1,341,0
2026-08-11T11:15:00+05:30,2495.1,2505.0,2490.2,2495.9,540,0
2026-08-11T11:30:00+05:30,2487.4,2510.0,2482.4,2508.3,208,0
2026-08-11T11:45:00+05:30,2504.8,2504.8,2493.6,2498.9,24,0
2026-08-11T12:00:00+05:30,2498.9,2501.9,2486.2,2498.8,269,0
2026-08-11T12:15:00+05:30,2498.8,2500.2,2494.1,2494.2,6,0
2026-08-11T12:30:00+05:30,2493.1,2509.3,2493.1,2504.9,415,0
2026-08-11T12:45:00+05:30,2504.9,2520.6,2502.8,2502.8,456,0
2026-08-11T13:00:00+05:30,2503.8,2507.8,2496.9,2496.9,25,0
2026-08-11T13:15:00+05:30,2496.9,2506.5,2496.9,2506.5,27,0
2026-08-11T13:30:00+05:30,2506.5,2506.5,2493.2,2499.9,25,0
2026-08-11T13:45:00+05:30,2499.9,2499.9,2493.2,2493.8,17,0
2026-08-11T14:00:00+05:30,2493.8,2501.4,2493.2,2501.4,152,0
2026-08-11T14:15:00+05:30,2501.4,2502.1,2492.7,2492.7,388,0
2026-08-11T14:30:00+05:30,2492.7,2494.3,2485.0,2485.0,380,0
2026-08-11T14:45:00+05:30,2485.0,2492.6,2485.0,2489.8,22,0
2026-08-11T15:00:00+05:30,2490.9,2510.0,2486.6,2491.9,417,0
2026-08-11T15:15:00+05:30,2491.9,2492.4,2471.0,2480.0,570,0
2026-08-12T09:15:00+05:30,2487.8,2487.8,2465.5,2465.5,51,0
2026-08-12T09:30:00+05:30,2475.0,2475.0,2454.8,2459.1,182,0
2026-08-12T09:45:00+05:30,2465.0,2483.9,2459.4,2468.1,579,0
2026-08-12T10:00:00+05:30,2468.1,2500.0,2468.1,2484.2,441,0
2026-08-12T10:15:00+05:30,2484.2,2499.8,2478.1,2478.2,263,0
2026-08-12T10:30:00+05:30,2478.2,2493.7,2478.2,2486.0,19,0
2026-08-12T10:45:00+05:30,2495.9,2498.0,2485.0,2489.8,133,0
2026-08-12T11:00:00+05:30,2489.8,2500.0,2486.5,2494.0,59,0
2026-08-12T11:15:00+05:30,2494.0,2498.9,2492.2,2498.9,12,0
2026-08-12T11:30:00+05:30,2498.9,2498.9,2485.0,2485.0,964,0
2026-08-12T11:45:00+05:30,2485.3,2485.3,2480.2,2482.2,27,0
2026-08-12T12:00:00+05:30,2480.7,2480.9,2474.7,2480.9,100,0
2026-08-12T12:15:00+05:30,2480.9,2489.8,2472.0,2476.1,226,0
2026-08-12T12:30:00+05:30,2476.1,2485.4,2472.2,2476.8,154,0
2026-08-12T12:45:00+05:30,2476.8,2478.2,2472.5,2473.1,46,0
2026-08-12T13:00:00+05:30,2473.1,2477.6,2464.6,2464.6,127,0
2026-08-12T13:15:00+05:30,2465.5,2477.9,2465.5,2467.7,206,0
2026-08-12T13:30:00+05:30,2467.7,2477.4,2465.1,2477.4,46,0
2026-08-12T13:45:00+05:30,2477.4,2477.4,2466.4,2466.4,11,0
2026-08-12T14:00:00+05:30,2466.4,2466.4,2465.5,2465.5,1,0
2026-08-12T14:15:00+05:30,2465.5,2465.5,2463.6,2464.5,2,0
2026-08-12T14:30:00+05:30,2464.5,2466.6,2458.0,2462.0,342,0
2026-08-12T14:45:00+05:30,2462.0,2469.0,2461.4,2466.2,339,0
2026-08-12T15:00:00+05:30,2466.2,2467.0,2455.0,2457.2,190,0
2026-08-12T15:15:00+05:30,2457.6,2485.0,2451.0,2485.0,639,0
2026-08-13T09:15:00+05:30,2441.6,2465.3,2441.6,2460.0,48,0
2026-08-13T09:30:00+05:30,2460.0,2460.0,2436.0,2445.7,382,0
2026-08-13T09:45:00+05:30,2438.9,2445.5,2436.0,2444.9,121,0
2026-08-13T10:00:00+05:30,2444.9,2445.3,2437.2,2441.1,39,0
2026-08-13T10:15:00+05:30,2437.2,2437.2,2431.1,2437.0,102,0
2026-08-13T10:30:00+05:30,2437.0,2441.5,2432.2,2441.5,82,0
2026-08-13T10:45:00+05:30,2441.5,2441.5,2433.1,2433.1,48,0
2026-08-13T11:00:00+05:30,2433.1,2445.5,2432.3,2445.0,289,0
2026-08-13T11:15:00+05:30,2442.6,2450.0,2437.1,2446.3,90,0
2026-08-13T11:30:00+05:30,2446.3,2453.8,2443.3,2449.4,24,0
2026-08-13T11:45:00+05:30,2448.4,2450.9,2442.1,2442.1,79,0
2026-08-13T12:00:00+05:30,2442.1,2452.2,2442.1,2450.0,11,0
2026-08-13T12:15:00+05:30,2443.5,2462.0,2439.7,2448.1,171,0
2026-08-13T12:30:00+05:30,2448.1,2448.1,2446.2,2448.1,4,0
2026-08-13T12:45:00+05:30,2448.1,2451.2,2448.1,2451.2,7,0
2026-08-13T13:00:00+05:30,2451.0,2452.7,2451.0,2452.7,5,0
2026-08-13T13:15:00+05:30,2452.7,2453.9,2450.1,2451.4,241,0
2026-08-13T13:30:00+05:30,2451.4,2459.9,2451.0,2455.9,64,0
2026-08-13T13:45:00+05:30,2455.0,2455.7,2445.4,2449.9,102,0
2026-08-13T14:00:00+05:30,2449.9,2459.9,2448.3,2449.4,53,0
2026-08-13T14:15:00+05:30,2450.0,2465.0,2450.0,2450.0,59,0
2026-08-13T14:30:00+05:30,2450.0,2450.0,2442.3,2448.2,74,0
2026-08-13T14:45:00+05:30,2447.4,2449.5,2445.1,2449.5,86,0
2026-08-13T15:00:00+05:30,2449.5,2471.9,2445.0,2466.0,170,0
2026-08-13T15:15:00+05:30,2462.5,2468.0,2445.3,2468.0,467,0
2026-08-14T09:15:00+05:30,2429.5,2464.8,2429.5,2445.3,48,0
2026-08-14T09:30:00+05:30,2444.9,2450.3,2426.0,2426.0,544,0
2026-08-14T09:45:00+05:30,2426.0,2427.9,2421.0,2425.8,851,0
2026-08-14T10:00:00+05:30,2427.2,2429.9,2422.0,2425.5,108,0
2026-08-14T10:15:00+05:30,2425.5,2432.2,2420.3,2420.3,255,0
2026-08-14T10:30:00+05:30,2419.8,2419.8,2409.8,2415.7,140,0
2026-08-14T10:45:00+05:30,2415.7,2415.7,2409.2,2414.9,9,0
2026-08-14T11:00:00+05:30,2414.9,2415.1,2411.6,2415.1,14,0
2026-08-14T11:15:00+05:30,2414.8,2420.0,2411.7,2417.4,35,0
2026-08-14T11:30:00+05:30,2417.4,2423.7,2415.2,2421.0,19,0
2026-08-14T11:45:00+05:30,2421.0,2421.0,2418.4,2418.4,8,0
2026-08-14T12:00:00+05:30,2418.4,2425.8,2417.3,2419.7,210,0
2026-08-14T12:15:00+05:30,2419.7,2419.7,2418.1,2419.0,104,0
2026-08-14T12:30:00+05:30,2419.0,2423.9,2417.6,2419.0,23,0
2026-08-14T12:45:00+05:30,2419.0,2423.9,2413.1,2413.1,46,0
2026-08-14T13:00:00+05:30,2413.1,2425.0,2413.1,2425.0,29,0
2026-08-14T13:15:00+05:30,2425.0,2429.9,2415.1,2419.9,70,0
2026-08-14T13:30:00+05:30,2419.6,2426.9,2418.1,2418.6,28,0
2026-08-14T13:45:00+05:30,2420.1,2429.2,2420.1,2429.2,6,0
2026-08-14T14:00:00+05:30,2429.2,2429.2,2421.5,2421.5,10,0
2026-08-14T14:15:00+05:30,2421.5,2426.9,2420.0,2426.9,290,0
2026-08-14T14:30:00+05:30,2426.9,2426.9,2420.1,2426.9,25,0
2026-08-14T14:45:00+05:30,2426.1,2426.1,2415.8,2415.8,102,0
2026-08-14T15:00:00+05:30,2417.0,2430.0,2412.0,2412.0,331,0
2026-08-14T15:15:00+05:30,2412.0,2429.7,2401.0,2401.0,417,0
2026-08-17T09:15:00+05:30,2414.4,2447.0,2408.1,2408.1,305,0
2026-08-17T09:30:00+05:30,2408.1,2416.0,2408.1,2414.8,56,0
2026-08-17T09:45:00+05:30,2414.8,2425.6,2408.1,2418.2,112,0
2026-08-17T10:00:00+05:30,2423.3,2430.0,2423.3,2430.0,219,0
2026-08-17T10:15:00+05:30,2430.0,2430.0,2418.1,2418.1,52,0
2026-08-17T10:30:00+05:30,2410.0,2412.8,2401.8,2412.7,175,0
2026-08-17T10:45:00+05:30,2408.5,2414.2,2403.1,2405.7,62,0
2026-08-17T11:00:00+05:30,2405.7,2415.0,2405.7,2415.0,34,0
2026-08-17T11:15:00+05:30,2415.0,2415.0,2414.2,2414.2,6,0
2026-08-17T11:30:00+05:30,2414.2,2414.2,2401.8,2406.0,53,0
2026-08-17T11:45:00+05:30,2406.0,2411.0,2405.8,2406.4,17,0
2026-08-17T12:00:00+05:30,2406.4,2419.9,2401.6,2411.8,655,0
2026-08-17T12:15:00+05:30,2411.8,2422.3,2405.5,2409.5,257,0
2026-08-17T12:30:00+05:30,2409.4,2412.9,2400.2,2408.9,147,0
2026-08-17T12:45:00+05:30,2409.0,2415.2,2409.0,2415.2,42,0
2026-08-17T13:00:00+05:30,2415.2,2423.2,2415.2,2423.2,3,0
2026-08-17T13:15:00+05:30,2423.2,2426.8,2412.1,2412.1,38,0
2026-08-17T13:30:00+05:30,2412.1,2419.1,2412.1,2419.1,25,0
2026-08-17T13:45:00+05:30,2419.1,2419.1,2406.1,2406.1,50,0
2026-08-17T14:00:00+05:30,2406.1,2421.0,2406.1,2421.0,106,0
2026-08-17T14:15:00+05:30,2421.0,2421.0,2412.1,2412.1,28,0
2026-08-17T14:30:00+05:30,2412.1,2415.5,2400.3,2404.3,108,0
2026-08-17T14:45:00+05:30,2404.3,2414.0,2400.2,2413.1,85,0
2026-08-17T15:00:00+05:30,2420.3,2440.0,2400.2,2427.2,337,0
2026-08-17T15:15:00+05:30,2427.2,2427.2,2400.2,2405.0,129,0
2026-08-18T09:15:00+05:30,2418.8,2424.0,2408.6,2424.0,60,0
2026-08-18T09:30:00+05:30,2425.1,2437.3,2421.5,2437.0,178,0
2026-08-18T09:45:00+05:30,2437.0,2437.0,2427.3,2428.5,113,0
2026-08-18T10:00:00+05:30,2428.5,2444.9,2425.0,2437.9,273,0
2026-08-18T10:15:00+05:30,2437.9,2445.0,2437.1,2445.0,149,0
2026-08-18T10:30:00+05:30,2449.9,2496.0,2449.9,2474.0,1323,0
2026-08-18T10:45:00+05:30,2474.0,2495.0,2474.0,2480.1,676,0
2026-08-18T11:00:00+05:30,2480.2,2480.2,2450.0,2467.9,911,0
2026-08-18T11:15:00+05:30,2467.9,2467.9,2450.0,2450.1,188,0
2026-08-18T11:30:00+05:30,2450.1,2458.7,2450.1,2458.7,9,0
2026-08-18T11:45:00+05:30,2458.7,2469.5,2458.6,2467.3,60,0
2026-08-18T12:00:00+05:30,2467.3,2468.9,2459.0,2468.8,48,0
2026-08-18T12:15:00+05:30,2468.8,2468.8,2460.0,2460.8,52,0
2026-08-18T12:30:00+05:30,2468.3,2480.7,2468.3,2470.2,183,0
2026-08-18T12:45:00+05:30,2470.2,2470.2,2460.1,2468.4,65,0
2026-08-18T13:00:00+05:30,2468.4,2474.8,2459.1,2464.4,211,0
2026-08-18T13:15:00+05:30,2464.4,2466.1,2458.7,2466.1,32,0
2026-08-18T13:30:00+05:30,2470.0,2470.0,2460.0,2460.0,77,0
2026-08-18T13:45:00+05:30,2459.6,2468.0,2459.6,2464.2,129,0
2026-08-18T14:00:00+05:30,2465.2,2480.0,2465.0,2480.0,100,0
2026-08-18T14:15:00+05:30,2480.0,2480.7,2463.7,2467.0,92,0
2026-08-18T14:30:00+05:30,2468.0,2468.0,2457.1,2459.4,29,0
2026-08-18T14:45:00+05:30,2459.4,2465.0,2458.1,2460.9,19,0
2026-08-18T15:00:00+05:30,2461.6,2480.7,2425.0,2442.9,569,0
2026-08-18T15:15:00+05:30,2462.9,2469.9,2413.5,2413.5,391,0
2026-08-19T09:15:00+05:30,2451.2,2492.0,2445.2,2445.2,238,0
2026-08-19T09:30:00+05:30,2451.5,2453.9,2438.8,2438.8,102,0
2026-08-19T09:45:00+05:30,2438.8,2447.1,2438.8,2447.1,4,0
2026-08-19T10:00:00+05:30,2447.1,2468.8,2447.1,2464.7,691,0
2026-08-19T10:15:00+05:30,2464.7,2465.9,2460.0,2460.0,65,0
2026-08-19T10:30:00+05:30,2460.0,2460.1,2454.0,2454.0,66,0
2026-08-19T10:45:00+05:30,2454.0,2455.1,2448.0,2448.0,43,0
2026-08-19T11:00:00+05:30,2448.0,2448.6,2445.0,2445.0,46,0
2026-08-19T11:15:00+05:30,2445.0,2445.4,2445.0,2445.4,1,0
2026-08-19T11:30:00+05:30,2445.4,2449.7,2445.4,2449.7,17,0
2026-08-19T11:45:00+05:30,2449.7,2449.7,2449.7,2449.7,0,0
2026-08-19T12:00:00+05:30,2449.7,2453.8,2449.3,2453.8,13,0
2026-08-19T12:15:00+05:30,2453.8,2453.8,2446.0,2446.0,57,0
2026-08-19T12:30:00+05:30,2446.1,2453.9,2430.0,2440.1,685,0
2026-08-19T12:45:00+05:30,2440.1,2440.1,2426.0,2426.0,310,0
2026-08-19T13:00:00+05:30,2426.0,2434.3,2426.0,2431.1,154,0
2026-08-19T13:15:00+05:30,2431.1,2432.7,2431.1,2432.7,2,0
2026-08-19T13:30:00+05:30,2432.7,2433.0,2432.1,2433.0,5,0
2026-08-19T13:45:00+05:30,2429.0,2429.0,2427.0,2427.1,16,0
2026-08-19T14:00:00+05:30,2427.0,2440.0,2427.0,2431.9,197,0
2026-08-19T14:15:00+05:30,2431.9,2431.9,2420.1,2420.1,61,0
2026-08-19T14:30:00+05:30,2420.1,2420.1,2420.1,2420.1,0,0
2026-08-19T14:45:00+05:30,2420.1,2420.1,2416.7,2416.7,20,0
2026-08-19T15:00:00+05:30,2416.7,2423.8,2410.0,2412.3,234,0
2026-08-19T15:15:00+05:30,2415.6,2423.6,2400.0,2400.0,395,0
2026-08-20T09:15:00+05:30,2413.0,2445.0,2413.0,2429.2,309,0
2026-08-20T09:30:00+05:30,2412.3,2416.0,2391.2,2416.0,560,0
2026-08-20T09:45:00+05:30,2416.0,2416.0,2416.0,2416.0,0,0
2026-08-20T10:00:00+05:30,2416.0,2417.4,2407.1,2417.4,75,0
2026-08-20T10:15:00+05:30,2418.5,2418.5,2408.7,2408.7,22,0
2026-08-20T10:30:00+05:30,2408.7,2408.7,2407.0,2407.0,47,0
2026-08-20T10:45:00+05:30,2407.0,2414.9,2407.0,2414.9,20,0
2026-08-20T11:00:00+05:30,2414.9,2414.9,2407.3,2407.3,6,0
2026-08-20T11:15:00+05:30,2407.3,2420.9,2407.3,2420.9,31,0
2026-08-20T11:30:00+05:30,2420.9,2420.9,2411.1,2411.1,20,0
2026-08-20T11:45:00+05:30,2411.1,2419.3,2408.0,2419.3,39,0
2026-08-20T12:00:00+05:30,2419.3,2419.3,2410.1,2410.1,9,0
2026-08-20T12:15:00+05:30,2410.1,2410.1,2407.4,2410.0,25,0
2026-08-20T12:30:00+05:30,2410.0,2410.0,2410.0,2410.0,0,0
2026-08-20T12:45:00+05:30,2410.0,2423.9,2410.0,2423.5,56,0
2026-08-20T13:00:00+05:30,2423.5,2423.5,2423.5,2423.5,0,0
2026-08-20T13:15:00+05:30,2423.5,2423.5,2423.5,2423.5,0,0
2026-08-20T13:30:00+05:30,2423.5,2423.5,2423.5,2423.5,0,0
2026-08-20T13:45:00+05:30,2423.5,2423.5,2423.5,2423.5,50,0
2026-08-20T14:00:00+05:30,2423.5,2423.5,2410.0,2420.0,217,0
2026-08-20T14:15:00+05:30,2420.0,2420.0,2415.1,2415.1,94,0
2026-08-20T14:30:00+05:30,2420.9,2420.9,2412.1,2412.1,31,0
2026-08-20T14:45:00+05:30,2412.1,2417.9,2407.3,2410.0,179,0
2026-08-20T15:00:00+05:30,2410.0,2423.1,2409.1,2409.1,141,0
2026-08-20T15:15:00+05:30,2409.1,2416.0,2405.5,2405.5,102,0
2026-08-21T09:15:00+05:30,2413.0,2413.1,2397.1,2403.1,224,0
2026-08-21T09:30:00+05:30,2407.8,2419.7,2407.8,2410.3,83,0
2026-08-21T09:45:00+05:30,2410.3,2417.9,2410.3,2417.9,9,0
2026-08-21T10:00:00+05:30,2410.7,2419.6,2410.1,2419.6,21,0
2026-08-21T10:15:00+05:30,2414.6,2414.6,2410.0,2410.0,47,0
2026-08-21T10:30:00+05:30,2410.0,2410.0,2405.0,2405.0,1,0
2026-08-21T10:45:00+05:30,2405.0,2409.7,2403.1,2403.1,53,0
2026-08-21T11:00:00+05:30,2403.1,2405.3,2401.3,2401.3,46,0
2026-08-21T11:15:00+05:30,2401.3,2401.7,2400.0,2400.0,174,0
2026-08-21T11:30:00+05:30,2400.0,2402.4,2398.8,2402.4,25,0
2026-08-21T11:45:00+05:30,2402.4,2402.4,2392.0,2398.7,82,0
2026-08-21T12:00:00+05:30,2398.7,2399.8,2380.8,2392.7,372,0
2026-08-21T12:15:00+05:30,2392.7,2392.7,2380.0,2380.0,134,0
2026-08-21T12:30:00+05:30,2381.2,2398.8,2374.3,2385.1,602,0
2026-08-21T12:45:00+05:30,2385.1,2395.9,2385.1,2395.9,81,0
2026-08-21T13:00:00+05:30,2395.9,2396.2,2386.0,2396.2,67,0
2026-08-21T13:15:00+05:30,2396.2,2396.2,2380.0,2380.0,186,0
2026-08-21T13:30:00+05:30,2380.1,2390.8,2377.0,2390.0,344,0
2026-08-21T13:45:00+05:30,2390.1,2390.9,2379.1,2390.7,259,0
2026-08-21T14:00:00+05:30,2385.1,2389.5,2379.1,2389.0,118,0
2026-08-21T14:15:00+05:30,2389.0,2389.0,2379.1,2379.1,63,0
2026-08-21T14:30:00+05:30,2387.9,2390.9,2368.0,2378.9,1152,0
2026-08-21T14:45:00+05:30,2378.9,2378.9,2359.0,2359.0,560,0
2026-08-21T15:00:00+05:30,2358.8,2399.9,2355.0,2355.0,547,0
2026-08-21T15:15:00+05:30,2360.1,2396.0,2356.0,2356.0,252,0
2026-08-24T09:15:00+05:30,2351.0,2380.0,2351.0,2375.0,238,0
2026-08-24T09:30:00+05:30,2370.5,2375.1,2364.0,2364.3,89,0
2026-08-24T09:45:00+05:30,2373.0,2383.5,2364.1,2372.1,157,0
2026-08-24T10:00:00+05:30,2372.1,2378.0,2368.0,2378.0,43,0
2026-08-24T10:15:00+05:30,2379.1,2379.9,2369.7,2369.7,96,0
2026-08-24T10:30:00+05:30,2369.7,2370.5,2369.0,2370.0,25,0
2026-08-24T10:45:00+05:30,2370.0,2370.0,2370.0,2370.0,18,0
2026-08-24T11:00:00+05:30,2370.0,2370.0,2366.1,2366.1,23,0
2026-08-24T11:15:00+05:30,2366.1,2366.1,2366.1,2366.1,0,0
2026-08-24T11:30:00+05:30,2366.1,2366.1,2356.1,2356.1,50,0
2026-08-24T11:45:00+05:30,2356.1,2363.0,2356.1,2363.0,15,0
2026-08-24T12:00:00+05:30,2363.0,2363.0,2356.9,2356.9,15,0
2026-08-24T12:15:00+05:30,2356.9,2356.9,2356.9,2356.9,0,0
2026-08-24T12:30:00+05:30,2356.9,2356.9,2356.9,2356.9,0,0
2026-08-24T12:45:00+05:30,2356.9,2363.9,2356.9,2363.9,10,0
2026-08-24T13:00:00+05:30,2357.3,2357.3,2350.0,2350.3,96,0
2026-08-24T13:15:00+05:30,2350.3,2355.0,2350.3,2355.0,98,0
2026-08-24T13:30:00+05:30,2355.0,2360.0,2354.4,2360.0,173,0
2026-08-24T13:45:00+05:30,2360.0,2360.0,2355.1,2355.1,20,0
2026-08-24T14:00:00+05:30,2355.1,2355.4,2355.1,2355.4,39,0
2026-08-24T14:15:00+05:30,2355.4,2359.9,2347.0,2359.9,216,0
2026-08-24T14:30:00+05:30,2359.9,2359.9,2355.1,2355.1,3,0
2026-08-24T14:45:00+05:30,2356.8,2363.8,2356.0,2363.8,8,0
2026-08-24T15:00:00+05:30,2364.1,2372.6,2360.0,2360.4,102,0
2026-08-24T15:15:00+05:30,2360.4,2373.1,2360.0,2360.0,52,0
2026-08-25T09:15:00+05:30,2360.0,2383.9,2360.0,2374.0,138,0
2026-08-25T09:30:00+05:30,2374.0,2378.3,2373.0,2373.0,80,0
2026-08-25T09:45:00+05:30,2373.0,2379.4,2360.1,2375.2,252,0
2026-08-25T10:00:00+05:30,2375.2,2375.7,2360.0,2371.2,207,0
2026-08-25T10:15:00+05:30,2371.2,2376.0,2365.0,2365.0,110,0
2026-08-25T10:30:00+05:30,2365.0,2369.9,2365.0,2369.9,67,0
2026-08-25T10:45:00+05:30,2369.9,2369.9,2360.1,2367.0,51,0
2026-08-25T11:00:00+05:30,2367.0,2367.0,2360.1,2360.1,5,0
2026-08-25T11:15:00+05:30,2366.3,2371.8,2364.1,2364.1,40,0
2026-08-25T11:30:00+05:30,2364.1,2372.0,2355.1,2372.0,107,0
2026-08-25T11:45:00+05:30,2372.0,2372.0,2362.2,2363.4,7,0
2026-08-25T12:00:00+05:30,2363.4,2371.9,2363.3,2371.9,38,0
2026-08-25T12:15:00+05:30,2371.9,2379.6,2371.9,2379.6,53,0
2026-08-25T12:30:00+05:30,2379.6,2383.9,2376.0,2376.0,85,0
2026-08-25T12:45:00+05:30,2376.0,2382.9,2375.0,2375.0,20,0
2026-08-25T13:00:00+05:30,2375.0,2375.0,2375.0,2375.0,0,0
2026-08-25T13:15:00+05:30,2375.0,2375.0,2375.0,2375.0,0,0
2026-08-25T13:30:00+05:30,2375.0,2375.2,2375.0,2375.0,10,0
2026-08-25T13:45:00+05:30,2375.0,2375.0,2375.0,2375.0,0,0
2026-08-25T14:00:00+05:30,2375.0,2375.0,2375.0,2375.0,0,0
2026-08-25T14:15:00+05:30,2375.0,2375.0,2355.6,2361.9,93,0
2026-08-25T14:30:00+05:30,2371.3,2379.8,2361.1,2361.1,116,0
2026-08-25T14:45:00+05:30,2361.1,2368.0,2360.1,2368.0,27,0
2026-08-25T15:00:00+05:30,2376.5,2449.0,2376.5,2420.7,658,0
2026-08-25T15:15:00+05:30,2425.4,2438.9,2425.4,2438.9,195,0
2026-08-26T09:15:00+05:30,2421.8,2433.7,2403.8,2433.6,200,0
2026-08-26T09:30:00+05:30,2429.8,2430.0,2410.6,2410.6,70,0
2026-08-26T09:45:00+05:30,2410.7,2416.1,2399.8,2399.8,133,0
2026-08-26T10:00:00+05:30,2399.8,2411.8,2391.8,2395.1,103,0
2026-08-26T10:15:00+05:30,2395.1,2404.7,2395.1,2404.7,1,0
2026-08-26T10:30:00+05:30,2404.7,2410.0,2404.7,2410.0,8,0
2026-08-26T10:45:00+05:30,2410.0,2416.5,2410.0,2410.0,59,0
2026-08-26T11:00:00+05:30,2410.0,2410.0,2410.0,2410.0,0,0
2026-08-26T11:15:00+05:30,2410.0,2410.0,2410.0,2410.0,0,0
2026-08-26T11:30:00+05:30,2410.0,2410.0,2404.1,2404.1,30,0
2026-08-26T11:45:00+05:30,2404.1,2404.1,2404.1,2404.1,0,0
2026-08-26T12:00:00+05:30,2404.1,2410.3,2404.1,2410.3,6,0
2026-08-26T12:15:00+05:30,2410.3,2410.3,2407.6,2407.6,9,0
2026-08-26T12:30:00+05:30,2407.6,2411.8,2407.6,2411.8,7,0
2026-08-26T12:45:00+05:30,2411.8,2412.8,2392.7,2392.7,416,0
2026-08-26T13:00:00+05:30,2392.7,2392.7,2352.2,2354.0,671,0
2026-08-26T13:15:00+05:30,2354.2,2366.4,2354.2,2355.5,150,0
2026-08-26T13:30:00+05:30,2355.5,2366.4,2355.5,2362.4,54,0
2026-08-26T13:45:00+05:30,2362.6,2362.6,2345.0,2345.0,794,0
2026-08-26T14:00:00+05:30,2345.0,2350.0,2340.4,2340.4,190,0
2026-08-26T14:15:00+05:30,2345.0,2355.9,2344.9,2355.9,170,0
2026-08-26T14:30:00+05:30,2355.9,2355.9,2340.4,2341.0,175,0
2026-08-26T14:45:00+05:30,2341.0,2346.1,2341.0,2345.0,158,0
2026-08-26T15:00:00+05:30,2345.0,2367.8,2345.0,2350.0,59,0
2026-08-26T15:15:00+05:30,2350.0,2370.4,2345.0,2347.2,829,0
