timestamp,open,high,low,close,volume,oi
2026-02-26T09:15:00+05:30,409.55,413.8,407.8,410.3,11155,0
2026-02-26T09:30:00+05:30,410.5,418.6,410.3,415.45,27649,0
2026-02-26T09:45:00+05:30,415.45,418.4,415.2,415.7,8713,0
2026-02-26T10:00:00+05:30,415.7,418.4,412.9,417.1,14450,0
2026-02-26T10:15:00+05:30,417.5,417.5,415.15,416.0,4116,0
2026-02-26T10:30:00+05:30,415.3,415.85,414.25,414.55,1309,0
2026-02-26T10:45:00+05:30,414.55,415.95,414.15,414.15,2002,0
2026-02-26T11:00:00+05:30,414.5,414.5,413.8,413.9,632,0
2026-02-26T11:15:00+05:30,413.95,415.0,413.8,414.85,1885,0
2026-02-26T11:30:00+05:30,414.8,417.3,414.2,414.5,5075,0
2026-02-26T11:45:00+05:30,414.5,415.45,413.6,414.8,1952,0
2026-02-26T12:00:00+05:30,415.0,417.4,415.0,415.3,6023,0
2026-02-26T12:15:00+05:30,415.3,415.75,414.3,414.8,780,0
2026-02-26T12:30:00+05:30,414.85,415.45,414.0,414.85,2342,0
2026-02-26T12:45:00+05:30,414.9,415.5,414.25,414.25,1586,0
2026-02-26T13:00:00+05:30,414.4,417.0,414.3,416.0,2983,0
2026-02-26T13:15:00+05:30,416.0,417.5,416.0,417.35,1982,0
2026-02-26T13:30:00+05:30,416.75,417.35,415.1,415.35,2370,0
2026-02-26T13:45:00+05:30,415.95,416.35,415.1,415.85,2785,0
2026-02-26T14:00:00+05:30,415.85,420.5,415.7,420.4,14347,0
2026-02-26T14:15:00+05:30,420.5,421.6,418.35,419.5,15651,0
2026-02-26T14:30:00+05:30,419.9,421.6,418.75,421.3,9874,0
2026-02-26T14:45:00+05:30,421.4,422.85,419.5,419.5,9218,0
2026-02-26T15:00:00+05:30,420.2,421.4,419.1,420.25,8156,0
2026-02-26T15:15:00+05:30,420.9,430.05,420.0,425.05,58237,0
2026-02-27T09:15:00+05:30,427.0,429.0,422.0,422.2,28896,0
2026-02-27T09:30:00+05:30,422.55,422.6,420.5,421.6,6608,0
2026-02-27T09:45:00+05:30,420.85,422.45,418.3,419.85,5566,0
2026-02-27T10:00:00+05:30,420.0,422.0,419.0,420.9,5210,0
2026-02-27T10:15:00+05:30,420.9,420.9,418.85,419.45,2585,0
2026-02-27T10:30:00+05:30,419.4,419.95,418.95,419.95,2098,0
2026-02-27T10:45:00+05:30,419.7,419.9,418.35,418.5,2394,0
2026-02-27T11:00:00+05:30,418.7,420.0,418.15,419.5,2359,0
2026-02-27T11:15:00+05:30,419.5,419.95,418.45,419.15,2096,0
2026-02-27T11:30:00+05:30,418.5,419.4,418.5,419.25,777,0
2026-02-27T11:45:00+05:30,419.25,419.4,418.8,419.3,377,0
2026-02-27T12:00:00+05:30,419.25,420.2,419.0,419.15,1233,0
2026-02-27T12:15:00+05:30,419.15,419.55,418.25,419.1,1070,0
2026-02-27T12:30:00+05:30,419.0,419.55,418.45,419.25,1003,0
2026-02-27T12:45:00+05:30,418.65,418.7,417.0,417.7,3629,0
2026-02-27T13:00:00+05:30,417.2,417.2,414.75,415.7,5793,0
2026-02-27T13:15:00+05:30,415.7,415.7,414.2,415.5,1402,0
2026-02-27T13:30:00+05:30,415.5,416.65,415.5,415.9,707,0
2026-02-27T13:45:00+05:30,416.0,417.95,415.85,417.95,1025,0
2026-02-27T14:00:00+05:30,417.95,417.95,416.15,416.15,3028,0
2026-02-27T14:15:00+05:30,416.15,416.65,415.35,416.2,1983,0
2026-02-27T14:30:00+05:30,416.2,417.2,416.2,417.0,729,0
2026-02-27T14:45:00+05:30,417.0,417.75,416.9,417.75,735,0
2026-02-27T15:00:00+05:30,417.55,417.75,410.0,412.55,19963,0
2026-02-27T15:15:00+05:30,413.05,414.3,410.05,414.0,22363,0
2026-03-02T09:15:00+05:30,407.0,470.0,405.5,457.4,1005115,0
2026-03-02T09:30:00+05:30,457.2,459.95,441.6,447.5,628434,0
2026-03-02T09:45:00+05:30,447.5,454.95,443.15,451.95,445891,0
2026-03-02T10:00:00+05:30,451.45,452.0,445.05,448.75,217898,0
2026-03-02T10:15:00+05:30,448.9,452.65,446.55,447.3,153248,0
2026-03-02T10:30:00+05:30,447.35,454.2,446.55,448.35,150072,0
2026-03-02T10:45:00+05:30,448.35,458.5,448.35,456.3,294782,0
2026-03-02T11:00:00+05:30,455.7,474.4,454.05,469.4,1296503,0
2026-03-02T11:15:00+05:30,469.4,473.0,462.2,464.95,1012391,0
2026-03-02T11:30:00+05:30,464.5,471.0,462.6,470.2,765546,0
2026-03-02T11:45:00+05:30,470.2,470.45,465.15,466.8,446231,0
2026-03-02T12:00:00+05:30,466.5,468.95,462.5,463.4,637206,0
2026-03-02T12:15:00+05:30,463.1,465.0,451.2,453.95,961018,0
2026-03-02T12:30:00+05:30,453.95,458.45,452.4,456.0,487718,0
2026-03-02T12:45:00+05:30,455.6,461.75,454.15,454.9,473508,0
2026-03-02T13:00:00+05:30,454.85,457.0,454.0,456.0,192427,0
2026-03-02T13:15:00+05:30,456.0,460.2,455.0,455.9,293692,0
2026-03-02T13:30:00+05:30,455.5,459.9,455.05,457.4,179634,0
2026-03-02T13:45:00+05:30,457.95,459.0,448.5,452.5,412220,0
2026-03-02T14:00:00+05:30,452.75,465.0,450.0,462.5,964682,0
2026-03-02T14:15:00+05:30,462.5,462.5,455.2,458.0,388103,0
2026-03-02T14:30:00+05:30,457.7,465.0,457.65,459.35,545842,0
2026-03-02T14:45:00+05:30,459.75,460.3,446.15,447.9,756525,0
2026-03-02T15:00:00+05:30,448.05,456.8,435.45,441.45,1100826,0
2026-03-02T15:15:00+05:30,441.95,444.95,428.15,429.0,836947,0
2026-03-04T09:15:00+05:30,454.0,474.95,450.0,468.0,1307923,0
2026-03-04T09:30:00+05:30,467.85,471.0,461.4,463.45,576336,0
2026-03-04T09:45:00+05:30,463.25,464.85,461.1,463.35,242387,0
2026-03-04T10:00:00+05:30,463.1,463.45,456.05,459.25,338513,0
2026-03-04T10:15:00+05:30,459.25,460.0,456.4,457.85,165660,0
2026-03-04T10:30:00+05:30,458.2,459.0,451.0,454.85,248091,0
2026-03-04T10:45:00+05:30,454.45,455.85,452.2,454.3,83047,0
2026-03-04T11:00:00+05:30,454.3,458.1,454.3,455.5,113034,0
2026-03-04T11:15:00+05:30,455.5,455.6,452.0,454.1,100785,0
2026-03-04T11:30:00+05:30,454.0,454.35,451.7,453.05,52471,0
2026-03-04T11:45:00+05:30,453.3,456.5,452.1,454.15,74694,0
2026-03-04T12:00:00+05:30,454.45,454.85,451.1,451.4,60211,0
2026-03-04T12:15:00+05:30,451.85,453.3,450.4,452.95,42231,0
2026-03-04T12:30:00+05:30,452.85,454.1,451.5,452.45,46959,0
2026-03-04T12:45:00+05:30,452.55,453.85,451.05,451.55,48671,0
2026-03-04T13:00:00+05:30,451.75,454.15,451.65,453.6,36030,0
2026-03-04T13:15:00+05:30,453.3,453.5,450.15,450.9,35040,0
2026-03-04T13:30:00+05:30,450.4,450.95,445.0,448.1,172081,0
2026-03-04T13:45:00+05:30,447.75,449.5,447.0,448.65,48254,0
2026-03-04T14:00:00+05:30,449.05,451.8,446.25,449.6,84805,0
2026-03-04T14:15:00+05:30,450.0,452.0,448.15,449.0,71812,0
2026-03-04T14:30:00+05:30,448.85,460.7,448.15,458.4,252248,0
2026-03-04T14:45:00+05:30,458.4,459.0,455.9,456.3,118921,0
2026-03-04T15:00:00+05:30,456.75,458.55,455.0,456.5,114031,0
2026-03-04T15:15:00+05:30,456.75,456.95,447.1,452.9,264110,0
2026-03-05T09:15:00+05:30,454.7,454.75,438.0,439.05,236195,0
2026-03-05T09:30:00+05:30,439.3,441.65,435.2,440.65,119662,0
2026-03-05T09:45:00+05:30,440.85,441.9,438.0,440.1,70078,0
2026-03-05T10:00:00+05:30,440.1,443.65,438.45,439.45,61017,0
2026-03-05T10:15:00+05:30,439.85,440.0,436.8,438.35,38434,0
2026-03-05T10:30:00+05:30,438.1,441.05,437.8,439.0,17750,0
2026-03-05T10:45:00+05:30,439.0,440.85,438.15,440.8,17021,0
2026-03-05T11:00:00+05:30,440.35,441.95,440.35,441.0,21632,0
2026-03-05T11:15:00+05:30,441.3,443.8,440.85,441.9,32840,0
2026-03-05T11:30:00+05:30,441.55,442.1,439.05,439.45,12128,0
2026-03-05T11:45:00+05:30,439.45,439.6,438.1,438.65,16877,0
2026-03-05T12:00:00+05:30,438.65,440.75,438.25,439.5,22555,0
2026-03-05T12:15:00+05:30,440.2,442.0,439.5,441.6,18023,0
2026-03-05T12:30:00+05:30,441.3,442.75,439.1,439.35,25900,0
2026-03-05T12:45:00+05:30,439.9,447.2,439.25,444.2,107644,0
2026-03-05T13:00:00+05:30,443.8,445.6,438.75,440.0,62066,0
2026-03-05T13:15:00+05:30,439.8,441.25,438.8,440.15,28772,0
2026-03-05T13:30:00+05:30,439.85,440.15,438.15,438.7,11468,0
2026-03-05T13:45:00+05:30,438.3,438.7,437.1,437.8,17883,0
2026-03-05T14:00:00+05:30,437.8,438.5,436.15,436.45,10842,0
2026-03-05T14:15:00+05:30,436.7,438.05,436.4,437.7,12471,0
2026-03-05T14:30:00+05:30,438.0,439.65,436.7,439.2,17406,0
2026-03-05T14:45:00+05:30,438.95,441.75,437.35,438.35,29277,0
2026-03-05T15:00:00+05:30,438.4,438.9,433.2,436.0,69517,0
2026-03-05T15:15:00+05:30,435.6,437.0,433.0,434.25,78760,0
2026-03-06T09:15:00+05:30,435.8,447.25,428.05,446.25,140352,0
2026-03-06T09:30:00+05:30,446.25,449.7,442.2,445.6,124157,0
2026-03-06T09:45:00+05:30,446.4,459.0,446.1,456.0,236933,0
2026-03-06T10:00:00+05:30,456.55,456.55,449.1,452.0,86249,0
2026-03-06T10:15:00+05:30,450.95,451.0,448.55,450.0,37797,0
2026-03-06T10:30:00+05:30,449.75,450.05,446.85,449.0,34060,0
2026-03-06T10:45:00+05:30,449.0,450.8,445.5,449.0,35519,0
2026-03-06T11:00:00+05:30,448.25,453.95,448.25,450.8,52606,0
2026-03-06T11:15:00+05:30,451.1,451.75,448.55,450.1,22655,0
2026-03-06T11:30:00+05:30,450.15,453.0,449.75,451.8,24883,0
2026-03-06T11:45:00+05:30,452.0,453.0,449.25,450.4,22765,0
2026-03-06T12:00:00+05:30,450.0,451.2,448.55,450.45,16871,0
2026-03-06T12:15:00+05:30,449.95,450.5,448.3,448.65,12066,0
2026-03-06T12:30:00+05:30,448.8,450.95,448.8,449.9,19139,0
2026-03-06T12:45:00+05:30,450.65,451.45,449.6,450.05,8748,0
2026-03-06T13:00:00+05:30,450.05,450.65,448.15,449.35,17868,0
2026-03-06T13:15:00+05:30,448.95,449.75,448.9,449.2,7061,0
2026-03-06T13:30:00+05:30,449.2,450.0,448.15,449.55,5612,0
2026-03-06T13:45:00+05:30,449.4,450.25,448.35,448.35,9541,0
2026-03-06T14:00:00+05:30,448.5,448.85,445.15,447.8,40467,0
2026-03-06T14:15:00+05:30,447.05,450.8,446.55,449.5,27203,0
2026-03-06T14:30:00+05:30,449.3,450.1,447.1,447.5,12376,0
2026-03-06T14:45:00+05:30,447.5,447.75,442.6,443.6,44882,0
2026-03-06T15:00:00+05:30,443.5,443.5,438.9,439.5,60729,0
2026-03-06T15:15:00+05:30,439.2,444.45,438.45,441.0,95046,0
2026-03-09T09:15:00+05:30,442.0,464.35,438.0,449.8,439428,0
2026-03-09T09:30:00+05:30,449.75,450.2,441.1,442.5,162321,0
2026-03-09T09:45:00+05:30,443.05,450.0,442.0,448.0,69376,0
2026-03-09T10:00:00+05:30,448.0,449.0,445.0,447.9,35911,0
2026-03-09T10:15:00+05:30,448.55,451.9,445.55,450.0,45984,0
2026-03-09T10:30:00+05:30,450.8,454.5,448.1,453.0,68372,0
2026-03-09T10:45:00+05:30,452.6,452.8,448.0,450.2,54039,0
2026-03-09T11:00:00+05:30,450.2,450.8,447.4,448.8,31949,0
2026-03-09T11:15:00+05:30,448.8,449.9,446.05,449.35,40204,0
2026-03-09T11:30:00+05:30,449.45,450.6,448.05,450.35,17620,0
2026-03-09T11:45:00+05:30,450.2,451.0,447.0,447.05,23063,0
2026-03-09T12:00:00+05:30,447.4,448.2,446.3,448.0,12121,0
2026-03-09T12:15:00+05:30,448.0,449.9,446.8,447.9,27103,0
2026-03-09T12:30:00+05:30,448.25,449.7,446.7,449.7,14429,0
2026-03-09T12:45:00+05:30,449.6,450.5,447.05,449.55,17120,0
2026-03-09T13:00:00+05:30,449.45,449.8,447.0,447.35,16743,0
2026-03-09T13:15:00+05:30,447.9,449.5,447.55,448.75,12585,0
2026-03-09T13:30:00+05:30,448.75,450.5,447.4,450.05,16201,0
2026-03-09T13:45:00+05:30,449.95,450.0,448.0,449.5,7934,0
2026-03-09T14:00:00+05:30,449.5,450.0,448.0,448.0,16639,0
2026-03-09T14:15:00+05:30,448.0,449.0,446.8,447.6,25020,0
2026-03-09T14:30:00+05:30,448.15,450.8,447.5,449.35,43098,0
2026-03-09T14:45:00+05:30,449.6,450.75,448.5,449.95,32816,0
2026-03-09T15:00:00+05:30,449.7,450.6,447.0,447.3,41090,0
2026-03-09T15:15:00+05:30,447.35,450.4,445.05,446.0,112015,0
2026-03-10T09:15:00+05:30,455.0,458.0,442.8,443.7,147065,0
2026-03-10T09:30:00+05:30,444.0,444.6,437.05,441.1,57266,0
2026-03-10T09:45:00+05:30,441.55,442.75,439.15,442.75,27240,0
2026-03-10T10:00:00+05:30,442.05,443.0,440.8,442.3,8729,0
2026-03-10T10:15:00+05:30,442.25,442.75,440.0,440.9,9718,0
2026-03-10T10:30:00+05:30,440.65,442.0,440.65,442.0,6779,0
2026-03-10T10:45:00+05:30,442.2,444.65,441.5,442.8,17108,0
2026-03-10T11:00:00+05:30,442.85,443.9,441.5,441.5,8465,0
2026-03-10T11:15:00+05:30,441.55,442.85,441.0,441.3,8514,0
2026-03-10T11:30:00+05:30,441.1,442.0,440.55,442.0,12129,0
2026-03-10T11:45:00+05:30,441.95,442.1,440.5,441.05,3580,0
2026-03-10T12:00:00+05:30,441.05,441.85,440.5,440.9,10492,0
2026-03-10T12:15:00+05:30,440.9,441.2,439.05,440.6,9731,0
2026-03-10T12:30:00+05:30,440.15,441.9,439.85,441.65,5316,0
2026-03-10T12:45:00+05:30,440.85,442.9,440.75,442.1,10280,0
2026-03-10T13:00:00+05:30,442.3,442.7,440.8,442.0,8489,0
2026-03-10T13:15:00+05:30,442.0,442.4,440.8,441.7,5198,0
2026-03-10T13:30:00+05:30,441.65,442.15,440.8,441.0,3854,0
2026-03-10T13:45:00+05:30,441.45,441.45,440.05,440.9,9892,0
2026-03-10T14:00:00+05:30,440.65,441.0,439.0,440.0,15744,0
2026-03-10T14:15:00+05:30,440.45,441.0,438.7,439.2,11941,0
2026-03-10T14:30:00+05:30,439.2,441.8,438.9,440.9,17782,0
2026-03-10T14:45:00+05:30,440.9,441.9,440.5,441.8,14163,0
2026-03-10T15:00:00+05:30,441.8,445.0,440.0,442.75,31703,0
2026-03-10T15:15:00+05:30,442.75,447.0,442.55,446.0,50857,0
2026-03-11T09:15:00+05:30,444.25,450.95,442.55,444.15,67566,0
2026-03-11T09:30:00+05:30,444.7,446.7,442.55,444.6,22272,0
2026-03-11T09:45:00+05:30,444.65,446.6,444.2,445.1,9024,0
2026-03-11T10:00:00+05:30,445.1,446.3,444.1,444.85,7018,0
2026-03-11T10:15:00+05:30,444.75,445.0,443.05,443.8,6699,0
2026-03-11T10:30:00+05:30,444.0,444.15,440.0,441.25,15122,0
2026-03-11T10:45:00+05:30,440.25,442.0,440.0,442.0,7544,0
2026-03-11T11:00:00+05:30,441.55,441.8,440.2,440.3,2716,0
2026-03-11T11:15:00+05:30,440.3,441.05,440.0,440.65,4272,0
2026-03-11T11:30:00+05:30,441.05,441.35,440.0,440.35,5553,0
2026-03-11T11:45:00+05:30,440.35,440.85,439.05,439.5,4224,0
2026-03-11T12:00:00+05:30,439.65,440.75,438.9,440.75,4531,0
2026-03-11T12:15:00+05:30,440.25,440.8,439.05,439.5,2334,0
2026-03-11T12:30:00+05:30,439.95,440.1,438.15,438.4,12847,0
2026-03-11T12:45:00+05:30,439.15,439.2,436.75,437.8,10300,0
2026-03-11T13:00:00+05:30,438.0,438.0,434.1,434.35,18352,0
2026-03-11T13:15:00+05:30,434.15,435.8,432.7,435.5,9180,0
2026-03-11T13:30:00+05:30,435.9,437.65,435.05,435.6,5059,0
2026-03-11T13:45:00+05:30,435.1,435.55,433.85,434.1,1872,0
2026-03-11T14:00:00+05:30,434.1,434.7,433.05,434.7,5702,0
2026-03-11T14:15:00+05:30,434.6,435.0,432.3,435.0,15820,0
2026-03-11T14:30:00+05:30,435.25,435.45,433.6,434.2,9697,0
2026-03-11T14:45:00+05:30,434.4,435.8,433.6,434.1,12657,0
2026-03-11T15:00:00+05:30,434.0,435.9,432.95,433.45,16482,0
2026-03-11T15:15:00+05:30,433.4,434.8,431.2,431.9,40319,0
2026-03-12T09:15:00+05:30,431.0,431.0,421.05,424.9,32833,0
2026-03-12T09:30:00+05:30,424.75,425.85,422.2,424.0,26158,0
2026-03-12T09:45:00+05:30,423.25,426.65,423.2,426.65,11361,0
2026-03-12T10:00:00+05:30,426.35,426.35,421.35,422.0,10117,0
2026-03-12T10:15:00+05:30,422.0,422.95,420.5,422.0,7995,0
2026-03-12T10:30:00+05:30,422.6,422.75,421.2,421.6,5449,0
2026-03-12T10:45:00+05:30,421.8,422.4,420.5,421.5,11290,0
2026-03-12T11:00:00+05:30,421.95,425.7,421.6,424.1,8204,0
2026-03-12T11:15:00+05:30,424.5,425.55,422.25,423.55,6045,0
2026-03-12T11:30:00+05:30,424.25,425.6,423.0,424.45,10206,0
2026-03-12T11:45:00+05:30,424.0,426.85,424.0,426.25,5729,0
2026-03-12T12:00:00+05:30,426.0,426.7,425.1,426.7,7033,0
2026-03-12T12:15:00+05:30,426.7,427.4,424.6,425.45,6604,0
2026-03-12T12:30:00+05:30,424.65,425.5,424.05,425.5,3497,0
2026-03-12T12:45:00+05:30,425.5,426.7,424.8,425.1,6557,0
2026-03-12T13:00:00+05:30,425.65,426.2,424.6,425.05,1688,0
2026-03-12T13:15:00+05:30,425.7,426.3,425.15,426.3,2688,0
2026-03-12T13:30:00+05:30,426.25,429.0,426.25,427.0,3984,0
2026-03-12T13:45:00+05:30,427.0,428.15,426.35,426.95,2740,0
2026-03-12T14:00:00+05:30,426.95,428.6,426.1,428.55,5728,0
2026-03-12T14:15:00+05:30,427.9,429.6,427.15,428.0,5060,0
2026-03-12T14:30:00+05:30,428.0,428.95,427.0,427.0,6997,0
2026-03-12T14:45:00+05:30,427.0,427.75,425.1,425.6,4282,0
2026-03-12T15:00:00+05:30,425.15,427.8,425.0,427.25,15543,0
2026-03-12T15:15:00+05:30,427.25,427.6,424.6,425.65,20987,0
2026-03-13T09:15:00+05:30,421.05,428.6,421.05,423.45,25299,0
2026-03-13T09:30:00+05:30,423.5,423.95,420.5,420.5,10613,0
2026-03-13T09:45:00+05:30,420.55,421.15,418.0,418.5,21354,0
2026-03-13T10:00:00+05:30,418.5,419.0,415.0,415.5,18649,0
2026-03-13T10:15:00+05:30,415.5,416.25,413.0,415.4,10331,0
2026-03-13T10:30:00+05:30,415.4,416.5,413.15,414.0,4855,0
2026-03-13T10:45:00+05:30,413.55,416.65,413.05,414.95,7618,0
2026-03-13T11:00:00+05:30,414.95,415.15,414.0,414.0,4519,0
2026-03-13T11:15:00+05:30,414.0,414.7,412.85,414.5,5248,0
2026-03-13T11:30:00+05:30,414.5,415.85,413.3,414.85,6404,0
2026-03-13T11:45:00+05:30,414.85,414.9,412.5,413.05,5023,0
2026-03-13T12:00:00+05:30,413.4,414.1,412.5,413.75,4476,0
2026-03-13T12:15:00+05:30,413.6,413.6,410.4,411.4,4422,0
2026-03-13T12:30:00+05:30,411.4,411.4,408.4,409.55,6642,0
2026-03-13T12:45:00+05:30,409.05,410.95,408.5,410.25,4612,0
2026-03-13T13:00:00+05:30,410.25,410.25,409.0,409.3,5987,0
2026-03-13T13:15:00+05:30,409.3,410.0,408.15,409.95,6096,0
2026-03-13T13:30:00+05:30,409.95,410.4,408.15,409.15,3179,0
2026-03-13T13:45:00+05:30,409.1,409.15,407.05,407.6,5552,0
2026-03-13T14:00:00+05:30,408.0,412.0,407.35,411.1,9348,0
2026-03-13T14:15:00+05:30,410.9,411.2,408.75,409.6,4163,0
2026-03-13T14:30:00+05:30,409.2,410.95,409.2,410.3,6509,0
2026-03-13T14:45:00+05:30,410.3,410.85,407.7,407.95,10071,0
2026-03-13T15:00:00+05:30,408.05,408.25,405.0,406.0,25940,0
2026-03-13T15:15:00+05:30,405.4,406.5,401.2,402.75,39941,0
2026-03-16T09:15:00+05:30,404.8,407.85,392.1,396.0,66296,0
2026-03-16T09:30:00+05:30,396.0,402.7,394.35,400.3,27852,0
2026-03-16T09:45:00+05:30,400.55,402.5,396.6,396.7,27335,0
2026-03-16T10:00:00+05:30,396.5,396.8,391.0,391.05,15216,0
2026-03-16T10:15:00+05:30,391.5,392.15,387.35,388.0,36249,0
2026-03-16T10:30:00+05:30,388.45,390.75,387.05,388.25,23926,0
2026-03-16T10:45:00+05:30,388.55,392.05,385.35,391.15,13768,0
2026-03-16T11:00:00+05:30,391.2,391.65,388.4,388.65,13128,0
2026-03-16T11:15:00+05:30,388.65,394.05,388.6,389.95,8970,0
2026-03-16T11:30:00+05:30,390.0,391.95,388.85,389.65,8199,0
2026-03-16T11:45:00+05:30,389.45,390.0,388.3,388.7,4543,0
2026-03-16T12:00:00+05:30,389.1,390.8,388.75,389.3,2466,0
2026-03-16T12:15:00+05:30,389.3,390.0,387.3,388.9,3808,0
2026-03-16T12:30:00+05:30,388.65,389.0,387.05,387.6,4680,0
2026-03-16T12:45:00+05:30,387.25,388.35,386.15,386.5,7060,0
2026-03-16T13:00:00+05:30,386.8,388.8,385.7,387.45,4639,0
2026-03-16T13:15:00+05:30,387.35,388.6,386.7,387.25,3555,0
2026-03-16T13:30:00+05:30,387.3,388.8,386.95,388.25,3903,0
2026-03-16T13:45:00+05:30,388.25,389.0,386.55,388.3,3466,0
2026-03-16T14:00:00+05:30,388.3,388.95,386.55,387.85,8375,0
2026-03-16T14:15:00+05:30,387.8,392.0,387.0,391.25,12644,0
2026-03-16T14:30:00+05:30,391.0,393.8,390.85,393.25,10618,0
2026-03-16T14:45:00+05:30,393.7,396.45,392.75,396.0,15841,0
2026-03-16T15:00:00+05:30,396.2,396.55,391.0,391.75,10855,0
2026-03-16T15:15:00+05:30,391.0,394.95,390.4,392.35,26724,0
2026-03-17T09:15:00+05:30,395.0,397.65,385.95,389.95,45507,0
2026-03-17T09:30:00+05:30,389.9,395.65,389.9,393.85,22528,0
2026-03-17T09:45:00+05:30,393.3,397.0,392.8,394.2,18026,0
2026-03-17T10:00:00+05:30,394.0,396.5,393.55,396.5,10916,0
2026-03-17T10:15:00+05:30,396.0,398.25,394.8,395.5,20188,0
2026-03-17T10:30:00+05:30,395.65,395.65,390.4,392.0,10091,0
2026-03-17T10:45:00+05:30,391.55,394.5,391.5,393.0,6480,0
2026-03-17T11:00:00+05:30,392.55,393.75,391.15,392.5,16675,0
2026-03-17T11:15:00+05:30,392.95,393.2,389.0,389.0,5321,0
2026-03-17T11:30:00+05:30,389.65,390.8,389.0,390.6,9891,0
2026-03-17T11:45:00+05:30,390.5,391.25,389.2,390.5,3195,0
2026-03-17T12:00:00+05:30,389.85,390.6,389.0,389.9,3396,0
2026-03-17T12:15:00+05:30,389.6,389.65,388.5,389.15,3114,0
2026-03-17T12:30:00+05:30,389.2,393.0,388.45,391.25,38701,0
2026-03-17T12:45:00+05:30,391.0,412.05,390.55,408.85,55636,0
2026-03-17T13:00:00+05:30,408.35,422.75,404.1,421.75,507739,0
2026-03-17T13:15:00+05:30,421.8,424.95,415.0,421.0,336877,0
2026-03-17T13:30:00+05:30,421.0,436.0,418.35,432.9,771811,0
2026-03-17T13:45:00+05:30,432.85,438.2,426.1,436.05,907798,0
2026-03-17T14:00:00+05:30,436.0,439.4,430.0,432.65,910969,0
2026-03-17T14:15:00+05:30,432.65,432.7,420.0,423.3,1317495,0
2026-03-17T14:30:00+05:30,422.8,437.0,422.6,429.25,1405281,0
2026-03-17T14:45:00+05:30,429.25,435.1,425.8,431.4,1206095,0
2026-03-17T15:00:00+05:30,431.4,431.75,422.2,429.45,1182849,0
2026-03-17T15:15:00+05:30,429.4,460.3,429.1,448.0,2436479,0
2026-03-18T09:15:00+05:30,444.3,451.55,430.05,434.45,1449526,0
2026-03-18T09:30:00+05:30,434.45,437.0,433.0,435.35,279922,0
2026-03-18T09:45:00+05:30,435.45,435.95,433.2,433.75,139678,0
2026-03-18T10:00:00+05:30,433.8,436.0,433.4,435.0,83597,0
2026-03-18T10:15:00+05:30,435.0,435.9,433.5,434.1,76786,0
2026-03-18T10:30:00+05:30,434.05,438.9,433.6,435.35,105022,0
2026-03-18T10:45:00+05:30,435.35,435.9,431.1,433.0,86338,0
2026-03-18T11:00:00+05:30,433.0,434.0,432.2,433.55,56601,0
2026-03-18T11:15:00+05:30,433.5,434.0,432.7,433.75,19549,0
2026-03-18T11:30:00+05:30,433.75,434.8,432.7,433.45,30969,0
2026-03-18T11:45:00+05:30,433.55,435.75,433.1,434.4,36349,0
2026-03-18T12:00:00+05:30,434.2,434.2,431.1,432.2,56931,0
2026-03-18T12:15:00+05:30,432.2,433.4,431.65,432.2,21094,0
2026-03-18T12:30:00+05:30,432.2,433.5,431.65,432.0,28915,0
2026-03-18T12:45:00+05:30,432.0,432.65,431.7,432.55,18406,0
2026-03-18T13:00:00+05:30,432.5,432.85,431.75,432.75,19065,0
2026-03-18T13:15:00+05:30,432.4,433.4,431.9,432.2,24068,0
2026-03-18T13:30:00+05:30,432.4,442.0,432.3,439.55,217701,0
2026-03-18T13:45:00+05:30,439.05,443.7,436.0,441.4,175957,0
2026-03-18T14:00:00+05:30,441.8,444.4,436.25,437.55,220050,0
2026-03-18T14:15:00+05:30,437.8,439.8,435.25,437.45,76224,0
2026-03-18T14:30:00+05:30,437.15,438.95,436.05,436.55,52382,0
2026-03-18T14:45:00+05:30,436.5,438.75,435.1,435.5,63306,0
2026-03-18T15:00:00+05:30,435.75,437.95,432.0,433.45,131949,0
2026-03-18T15:15:00+05:30,433.3,434.95,427.25,429.3,178966,0
2026-03-19T09:15:00+05:30,427.45,434.0,422.15,428.45,167251,0
2026-03-19T09:30:00+05:30,428.45,431.0,425.6,426.35,71386,0
2026-03-19T09:45:00+05:30,426.0,429.75,425.5,427.0,34162,0
2026-03-19T10:00:00+05:30,427.2,429.0,426.0,426.95,19541,0
2026-03-19T10:15:00+05:30,426.95,428.0,425.65,427.2,16380,0
2026-03-19T10:30:00+05:30,427.8,429.7,426.8,428.6,14911,0
2026-03-19T10:45:00+05:30,428.65,429.25,426.45,426.45,11282,0
2026-03-19T11:00:00+05:30,426.9,428.45,426.2,427.3,4063,0
2026-03-19T11:15:00+05:30,427.3,428.0,426.35,426.75,5255,0
2026-03-19T11:30:00+05:30,426.75,428.45,426.35,428.05,9867,0
2026-03-19T11:45:00+05:30,428.05,429.3,427.35,428.7,4710,0
2026-03-19T12:00:00+05:30,428.55,429.25,427.7,428.4,5417,0
2026-03-19T12:15:00+05:30,429.15,429.45,428.1,428.65,4426,0
2026-03-19T12:30:00+05:30,428.65,428.9,427.45,427.75,1921,0
2026-03-19T12:45:00+05:30,428.0,428.15,427.45,428.0,1444,0
2026-03-19T13:00:00+05:30,427.75,427.75,425.1,425.5,12015,0
2026-03-19T13:15:00+05:30,425.15,425.95,425.0,425.15,14622,0
2026-03-19T13:30:00+05:30,425.15,426.95,425.15,426.65,5474,0
2026-03-19T13:45:00+05:30,426.15,427.3,425.35,425.55,3763,0
2026-03-19T14:00:00+05:30,425.6,426.0,424.0,424.85,14801,0
2026-03-19T14:15:00+05:30,424.8,425.9,424.0,425.5,10568,0
2026-03-19T14:30:00+05:30,425.9,426.55,425.1,426.45,5611,0
2026-03-19T14:45:00+05:30,426.4,426.4,421.15,421.6,19021,0
2026-03-19T15:00:00+05:30,421.6,426.3,421.45,425.55,26079,0
2026-03-19T15:15:00+05:30,425.15,425.55,422.0,424.0,52510,0
2026-03-20T09:15:00+05:30,426.0,431.8,426.0,430.3,61898,0
2026-03-20T09:30:00+05:30,430.75,431.0,426.05,426.7,24393,0
2026-03-20T09:45:00+05:30,426.65,427.3,426.05,426.6,8734,0
2026-03-20T10:00:00+05:30,426.65,427.5,425.35,426.85,19344,0
2026-03-20T10:15:00+05:30,426.9,427.6,425.6,427.6,6153,0
2026-03-20T10:30:00+05:30,427.6,427.6,426.05,426.55,9087,0
2026-03-20T10:45:00+05:30,426.5,427.75,425.45,425.8,10534,0
2026-03-20T11:00:00+05:30,425.8,426.4,425.5,425.95,3125,0
2026-03-20T11:15:00+05:30,426.15,427.2,425.75,426.2,4866,0
2026-03-20T11:30:00+05:30,426.7,427.05,425.75,425.8,4133,0
2026-03-20T11:45:00+05:30,426.15,426.45,423.4,424.15,12856,0
2026-03-20T12:00:00+05:30,424.65,424.8,423.55,423.8,8715,0
2026-03-20T12:15:00+05:30,424.15,424.45,422.1,422.95,11819,0
2026-03-20T12:30:00+05:30,422.95,424.5,421.0,424.45,7854,0
2026-03-20T12:45:00+05:30,424.0,424.85,424.0,424.15,3719,0
2026-03-20T13:00:00+05:30,424.15,424.5,422.95,423.85,3719,0
2026-03-20T13:15:00+05:30,424.0,426.1,423.95,425.5,6413,0
2026-03-20T13:30:00+05:30,425.5,426.0,424.25,424.65,6566,0
2026-03-20T13:45:00+05:30,424.55,425.85,424.15,425.1,2594,0
2026-03-20T14:00:00+05:30,425.1,425.6,422.8,424.25,5030,0
2026-03-20T14:15:00+05:30,423.55,424.1,422.1,423.15,6649,0
2026-03-20T14:30:00+05:30,423.45,423.85,422.3,422.9,8126,0
2026-03-20T14:45:00+05:30,422.9,423.6,420.8,421.85,10373,0
2026-03-20T15:00:00+05:30,421.85,421.85,416.95,419.25,35494,0
2026-03-20T15:15:00+05:30,418.8,419.3,415.1,417.3,42767,0
2026-03-23T09:15:00+05:30,417.9,417.9,406.6,408.45,56358,0
2026-03-23T09:30:00+05:30,408.3,409.45,406.5,407.35,17576,0
2026-03-23T09:45:00+05:30,407.75,407.85,403.1,404.3,22815,0
2026-03-23T10:00:00+05:30,404.45,406.45,403.5,404.75,16075,0
2026-03-23T10:15:00+05:30,404.55,404.8,401.1,401.45,12124,0
2026-03-23T10:30:00+05:30,401.45,403.0,401.1,401.95,6288,0
2026-03-23T10:45:00+05:30,401.7,402.2,400.2,401.95,11837,0
2026-03-23T11:00:00+05:30,401.95,404.55,400.1,403.0,12468,0
2026-03-23T11:15:00+05:30,403.0,403.0,400.15,401.4,9925,0
2026-03-23T11:30:00+05:30,401.9,402.6,400.75,401.05,4999,0
2026-03-23T11:45:00+05:30,401.4,403.55,400.55,401.65,5004,0
2026-03-23T12:00:00+05:30,401.9,403.0,401.25,401.8,9460,0
2026-03-23T12:15:00+05:30,401.25,401.3,398.55,400.1,13456,0
2026-03-23T12:30:00+05:30,400.35,401.6,399.05,400.65,3749,0
2026-03-23T12:45:00+05:30,400.25,401.05,399.05,399.7,3800,0
2026-03-23T13:00:00+05:30,399.75,399.75,398.0,398.45,4542,0
2026-03-23T13:15:00+05:30,398.7,400.0,398.0,398.3,3261,0
2026-03-23T13:30:00+05:30,398.3,402.25,398.3,401.9,20180,0
2026-03-23T13:45:00+05:30,402.1,403.35,401.3,402.3,4636,0
2026-03-23T14:00:00+05:30,402.6,403.1,400.3,400.75,12399,0
2026-03-23T14:15:00+05:30,400.75,401.35,400.0,400.7,8233,0
2026-03-23T14:30:00+05:30,400.7,401.55,398.35,400.5,10686,0
2026-03-23T14:45:00+05:30,401.1,401.9,400.3,400.95,8603,0
2026-03-23T15:00:00+05:30,400.95,401.65,398.7,399.0,20187,0
2026-03-23T15:15:00+05:30,398.95,398.95,394.4,396.8,64243,0
2026-03-24T09:15:00+05:30,410.0,411.0,401.15,406.0,54953,0
2026-03-24T09:30:00+05:30,406.55,406.6,403.2,404.85,23043,0
2026-03-24T09:45:00+05:30,404.6,404.75,401.0,402.65,20912,0
2026-03-24T10:00:00+05:30,403.25,403.4,400.7,401.35,7516,0
2026-03-24T10:15:00+05:30,401.55,402.9,400.1,400.1,6606,0
2026-03-24T10:30:00+05:30,400.1,400.25,396.0,397.2,20617,0
2026-03-24T10:45:00+05:30,397.3,400.55,396.5,397.0,7024,0
2026-03-24T11:00:00+05:30,397.55,399.5,397.55,398.4,2910,0
2026-03-24T11:15:00+05:30,398.4,400.05,398.25,399.4,4414,0
2026-03-24T11:30:00+05:30,399.4,402.1,398.8,401.4,4209,0
2026-03-24T11:45:00+05:30,401.25,404.8,401.25,404.2,8455,0
2026-03-24T12:00:00+05:30,404.25,404.25,401.1,401.5,6932,0
2026-03-24T12:15:00+05:30,401.95,407.0,401.5,405.0,12350,0
2026-03-24T12:30:00+05:30,405.0,407.5,404.6,406.3,11287,0
2026-03-24T12:45:00+05:30,406.3,408.1,405.05,405.8,10655,0
2026-03-24T13:00:00+05:30,405.95,407.65,404.0,407.65,14054,0
2026-03-24T13:15:00+05:30,407.75,407.85,406.0,406.2,2240,0
2026-03-24T13:30:00+05:30,406.4,407.0,405.05,405.7,5745,0
2026-03-24T13:45:00+05:30,405.65,406.2,403.7,404.75,6904,0
2026-03-24T14:00:00+05:30,404.25,406.0,404.15,405.0,15898,0
2026-03-24T14:15:00+05:30,405.45,407.65,404.35,405.2,12765,0
2026-03-24T14:30:00+05:30,405.7,406.5,402.8,403.45,12630,0
2026-03-24T14:45:00+05:30,403.35,405.75,403.35,404.85,5492,0
2026-03-24T15:00:00+05:30,404.8,406.65,402.75,404.65,20916,0
2026-03-24T15:15:00+05:30,404.05,406.0,402.4,403.0,31406,0
2026-03-25T09:15:00+05:30,404.45,412.0,404.45,410.4,52115,0
2026-03-25T09:30:00+05:30,410.85,413.0,408.15,411.0,27364,0
2026-03-25T09:45:00+05:30,411.0,412.8,410.05,410.45,15481,0
2026-03-25T10:00:00+05:30,410.95,412.1,410.1,411.9,10296,0
2026-03-25T10:15:00+05:30,411.6,411.95,409.15,409.8,7810,0
2026-03-25T10:30:00+05:30,410.0,411.0,409.9,410.65,10547,0
2026-03-25T10:45:00+05:30,411.0,411.0,409.6,409.6,8774,0
2026-03-25T11:00:00+05:30,409.8,410.95,409.8,410.5,1310,0
2026-03-25T11:15:00+05:30,410.1,410.5,407.2,407.6,13908,0
2026-03-25T11:30:00+05:30,407.75,408.0,406.0,406.5,7335,0
2026-03-25T11:45:00+05:30,406.8,408.6,405.8,406.0,13499,0
2026-03-25T12:00:00+05:30,406.0,407.6,405.0,407.45,16634,0
2026-03-25T12:15:00+05:30,407.5,408.0,405.85,407.1,4902,0
2026-03-25T12:30:00+05:30,406.7,408.5,406.45,408.4,6332,0
2026-03-25T12:45:00+05:30,408.4,408.5,405.8,406.65,11333,0
2026-03-25T13:00:00+05:30,406.25,407.45,406.25,407.45,1523,0
2026-03-25T13:15:00+05:30,406.85,407.45,405.85,406.75,3661,0
2026-03-25T13:30:00+05:30,406.75,407.5,406.2,406.9,2943,0
2026-03-25T13:45:00+05:30,406.9,407.95,406.3,407.0,3151,0
2026-03-25T14:00:00+05:30,407.0,407.95,406.0,406.4,7709,0
2026-03-25T14:15:00+05:30,406.0,406.8,405.0,405.6,7931,0
2026-03-25T14:30:00+05:30,405.6,407.4,405.0,406.15,9112,0
2026-03-25T14:45:00+05:30,405.8,406.2,405.0,405.0,8617,0
2026-03-25T15:00:00+05:30,405.6,406.0,404.5,404.5,8387,0
2026-03-25T15:15:00+05:30,404.5,405.45,403.3,404.35,30106,0
2026-03-27T09:15:00+05:30,403.0,403.0,392.4,397.4,57815,0
2026-03-27T09:30:00+05:30,396.85,398.45,395.2,396.9,24853,0
2026-03-27T09:45:00+05:30,396.5,396.5,392.65,393.4,20898,0
2026-03-27T10:00:00+05:30,393.4,394.55,391.1,391.5,14002,0
2026-03-27T10:15:00+05:30,391.65,392.55,390.2,391.55,16343,0
2026-03-27T10:30:00+05:30,391.3,392.7,390.3,390.5,11917,0
2026-03-27T10:45:00+05:30,390.5,392.0,390.05,390.4,12949,0
2026-03-27T11:00:00+05:30,390.9,391.8,390.15,390.65,6440,0
2026-03-27T11:15:00+05:30,390.95,391.65,389.75,390.1,11922,0
2026-03-27T11:30:00+05:30,390.1,392.15,389.7,390.45,16249,0
2026-03-27T11:45:00+05:30,391.15,392.95,390.4,390.65,25356,0
2026-03-27T12:00:00+05:30,390.95,391.8,389.0,390.85,12984,0
2026-03-27T12:15:00+05:30,390.8,392.1,389.25,390.75,11184,0
2026-03-27T12:30:00+05:30,390.6,391.4,390.0,391.05,5686,0
2026-03-27T12:45:00+05:30,391.15,391.85,390.05,390.5,11811,0
2026-03-27T13:00:00+05:30,390.5,391.1,389.3,389.65,5547,0
2026-03-27T13:15:00+05:30,390.05,391.6,390.0,390.3,10887,0
2026-03-27T13:30:00+05:30,390.3,391.35,390.0,391.2,7195,0
2026-03-27T13:45:00+05:30,391.0,392.15,390.35,390.35,8312,0
2026-03-27T14:00:00+05:30,390.35,391.9,389.55,391.9,7815,0
2026-03-27T14:15:00+05:30,391.6,391.6,389.0,389.35,79241,0
2026-03-27T14:30:00+05:30,389.35,390.05,388.2,388.6,29784,0
2026-03-27T14:45:00+05:30,389.05,389.5,387.35,387.6,24548,0
2026-03-27T15:00:00+05:30,388.05,388.15,385.35,386.0,37225,0
2026-03-27T15:15:00+05:30,385.6,386.3,382.0,383.0,68592,0
2026-03-30T09:15:00+05:30,380.95,387.2,373.65,386.85,115126,0
2026-03-30T09:30:00+05:30,386.25,405.8,386.25,394.95,185609,0
2026-03-30T09:45:00+05:30,394.75,396.3,388.2,389.5,50723,0
2026-03-30T10:00:00+05:30,389.15,390.3,385.1,387.15,29962,0
2026-03-30T10:15:00+05:30,387.15,388.35,383.15,383.15,20742,0
2026-03-30T10:30:00+05:30,383.4,384.95,380.8,381.9,30759,0
2026-03-30T10:45:00+05:30,382.3,383.6,380.2,380.55,10250,0
2026-03-30T11:00:00+05:30,380.3,382.6,379.05,381.6,21184,0
2026-03-30T11:15:00+05:30,381.85,384.15,378.15,379.15,38464,0
2026-03-30T11:30:00+05:30,379.3,385.25,379.15,382.35,37456,0
2026-03-30T11:45:00+05:30,382.65,384.0,381.05,383.2,8809,0
2026-03-30T12:00:00+05:30,383.2,388.0,382.75,386.0,67613,0
2026-03-30T12:15:00+05:30,386.0,387.45,383.5,383.8,26418,0
2026-03-30T12:30:00+05:30,384.0,385.6,382.7,385.0,4531,0
2026-03-30T12:45:00+05:30,385.0,385.0,381.6,384.05,16920,0
2026-03-30T13:00:00+05:30,384.0,385.65,379.65,380.9,23321,0
2026-03-30T13:15:00+05:30,380.55,382.3,380.05,381.25,9255,0
2026-03-30T13:30:00+05:30,381.2,383.05,380.2,380.2,7659,0
2026-03-30T13:45:00+05:30,380.4,380.8,378.8,379.9,14860,0
2026-03-30T14:00:00+05:30,379.9,384.2,379.55,381.6,23819,0
2026-03-30T14:15:00+05:30,381.35,381.4,379.55,379.9,8371,0
2026-03-30T14:30:00+05:30,379.9,380.7,376.0,377.05,30985,0
2026-03-30T14:45:00+05:30,377.05,377.85,374.0,374.55,18363,0
2026-03-30T15:00:00+05:30,374.5,375.4,370.0,372.5,46648,0
2026-03-30T15:15:00+05:30,372.5,375.4,366.0,371.0,101354,0
2026-04-01T09:15:00+05:30,383.95,392.0,381.35,390.95,72064,0
2026-04-01T09:30:00+05:30,390.95,405.85,389.05,404.0,136573,0
2026-04-01T09:45:00+05:30,403.85,408.5,401.0,408.0,125282,0
2026-04-01T10:00:00+05:30,408.0,411.0,393.45,393.45,128842,0
2026-04-01T10:15:00+05:30,394.1,395.0,389.5,390.1,66194,0
2026-04-01T10:30:00+05:30,390.7,392.9,388.25,389.45,29614,0
2026-04-01T10:45:00+05:30,389.1,390.55,388.1,389.3,17745,0
2026-04-01T11:00:00+05:30,389.3,394.45,387.05,390.85,28443,0
2026-04-01T11:15:00+05:30,391.4,393.8,389.85,390.35,17639,0
2026-04-01T11:30:00+05:30,390.1,393.5,390.0,393.5,14864,0
2026-04-01T11:45:00+05:30,393.5,393.5,389.7,391.45,24789,0
2026-04-01T12:00:00+05:30,391.25,394.65,391.15,392.15,25354,0
2026-04-01T12:15:00+05:30,392.8,396.05,391.2,395.8,29369,0
2026-04-01T12:30:00+05:30,395.75,396.9,393.3,394.05,21797,0
2026-04-01T12:45:00+05:30,394.5,396.0,392.05,392.65,29457,0
2026-04-01T13:00:00+05:30,392.5,395.35,392.15,394.2,23638,0
2026-04-01T13:15:00+05:30,393.85,394.65,391.1,392.7,17998,0
2026-04-01T13:30:00+05:30,392.6,394.0,390.0,391.55,37718,0
2026-04-01T13:45:00+05:30,391.75,392.25,390.3,390.4,14214,0
2026-04-01T14:00:00+05:30,390.7,393.8,390.4,393.5,13038,0
2026-04-01T14:15:00+05:30,393.5,394.1,391.65,392.8,18131,0
2026-04-01T14:30:00+05:30,392.4,392.85,391.5,391.65,20382,0
2026-04-01T14:45:00+05:30,391.8,393.8,390.0,391.8,23514,0
2026-04-01T15:00:00+05:30,392.2,393.45,389.05,390.45,37025,0
2026-04-01T15:15:00+05:30,390.9,395.5,390.1,394.0,79626,0
2026-04-02T09:15:00+05:30,387.0,387.0,379.1,383.9,60775,0
2026-04-02T09:30:00+05:30,383.4,384.3,382.35,383.55,12398,0
2026-04-02T09:45:00+05:30,383.35,383.7,380.15,380.3,23512,0
2026-04-02T10:00:00+05:30,380.25,382.05,379.1,382.0,8699,0
2026-04-02T10:15:00+05:30,381.65,381.65,379.2,380.95,11802,0
2026-04-02T10:30:00+05:30,380.9,381.8,380.2,381.8,5766,0
2026-04-02T10:45:00+05:30,382.0,383.95,380.9,383.65,5098,0
2026-04-02T11:00:00+05:30,383.65,383.65,381.7,381.95,4945,0
2026-04-02T11:15:00+05:30,382.55,383.9,381.8,383.9,4448,0
2026-04-02T11:30:00+05:30,383.75,385.5,383.75,385.5,10868,0
2026-04-02T11:45:00+05:30,385.5,387.9,385.05,387.0,8459,0
2026-04-02T12:00:00+05:30,386.5,387.5,385.45,386.7,3920,0
2026-04-02T12:15:00+05:30,387.0,393.95,387.0,391.0,36584,0
2026-04-02T12:30:00+05:30,391.0,393.2,390.7,392.2,12861,0
2026-04-02T12:45:00+05:30,392.55,395.6,392.15,394.7,16856,0
2026-04-02T13:00:00+05:30,394.7,395.0,390.15,392.0,16834,0
2026-04-02T13:15:00+05:30,391.75,394.65,391.6,394.65,8781,0
2026-04-02T13:30:00+05:30,394.5,397.15,393.05,396.75,15028,0
2026-04-02T13:45:00+05:30,397.15,399.0,395.1,396.5,29134,0
2026-04-02T14:00:00+05:30,396.95,397.0,394.3,396.65,13624,0
2026-04-02T14:15:00+05:30,396.5,398.4,395.55,397.0,10969,0
2026-04-02T14:30:00+05:30,397.0,397.7,392.3,392.45,12932,0
2026-04-02T14:45:00+05:30,392.3,394.0,392.3,393.05,11657,0
2026-04-02T15:00:00+05:30,393.5,397.5,393.5,396.95,17604,0
2026-04-02T15:15:00+05:30,396.7,397.5,395.0,397.3,22244,0
2026-04-06T09:15:00+05:30,397.35,401.05,390.1,390.55,45754,0
2026-04-06T09:30:00+05:30,390.65,399.45,390.0,396.6,37532,0
2026-04-06T09:45:00+05:30,396.6,397.55,391.8,392.9,5976,0
2026-04-06T10:00:00+05:30,392.35,397.15,391.6,395.55,8493,0
2026-04-06T10:15:00+05:30,396.1,397.95,394.85,396.65,12119,0
2026-04-06T10:30:00+05:30,396.15,399.0,395.0,398.55,28784,0
2026-04-06T10:45:00+05:30,398.95,400.5,397.2,398.8,12620,0
2026-04-06T11:00:00+05:30,398.8,398.85,394.1,394.85,6099,0
2026-04-06T11:15:00+05:30,394.5,397.0,394.5,397.0,3905,0
2026-04-06T11:30:00+05:30,396.7,400.2,396.5,398.0,9597,0
2026-04-06T11:45:00+05:30,398.2,403.3,398.2,401.95,29132,0
2026-04-06T12:00:00+05:30,401.95,401.95,397.7,398.0,13511,0
2026-04-06T12:15:00+05:30,397.95,400.0,396.85,399.9,4952,0
2026-04-06T12:30:00+05:30,399.5,400.05,396.6,397.35,6671,0
2026-04-06T12:45:00+05:30,397.35,399.6,397.35,399.55,3072,0
2026-04-06T13:00:00+05:30,399.0,399.7,397.3,399.7,7177,0
2026-04-06T13:15:00+05:30,399.7,399.7,398.0,398.0,3219,0
2026-04-06T13:30:00+05:30,398.5,399.5,396.65,398.2,4743,0
2026-04-06T13:45:00+05:30,398.3,399.6,398.3,399.4,3911,0
2026-04-06T14:00:00+05:30,399.35,400.0,398.5,399.4,3351,0
2026-04-06T14:15:00+05:30,399.7,401.0,398.75,399.3,9585,0
2026-04-06T14:30:00+05:30,399.8,400.6,399.1,400.1,7993,0
2026-04-06T14:45:00+05:30,400.1,400.1,398.05,398.55,7368,0
2026-04-06T15:00:00+05:30,398.9,401.35,398.55,401.35,16569,0
2026-04-06T15:15:00+05:30,401.05,402.0,397.65,401.0,37505,0
2026-04-07T09:15:00+05:30,400.0,410.0,393.85,405.9,58501,0
2026-04-07T09:30:00+05:30,406.35,406.5,399.4,399.4,35620,0
2026-04-07T09:45:00+05:30,399.9,403.3,399.35,402.95,5768,0
2026-04-07T10:00:00+05:30,402.55,403.7,401.55,402.35,10880,0
2026-04-07T10:15:00+05:30,402.2,404.95,401.6,404.2,7936,0
2026-04-07T10:30:00+05:30,404.8,404.85,402.0,404.45,8011,0
2026-04-07T10:45:00+05:30,404.4,405.9,402.8,403.6,15993,0
2026-04-07T11:00:00+05:30,403.05,404.0,402.6,403.55,5533,0
2026-04-07T11:15:00+05:30,403.45,405.2,402.95,405.0,3633,0
2026-04-07T11:30:00+05:30,404.5,405.2,404.0,404.2,5540,0
2026-04-07T11:45:00+05:30,405.0,406.3,404.5,405.95,8645,0
2026-04-07T12:00:00+05:30,406.0,406.0,403.1,404.75,12640,0
2026-04-07T12:15:00+05:30,404.5,405.85,403.6,405.65,7295,0
2026-04-07T12:30:00+05:30,405.6,405.85,403.65,404.65,1890,0
2026-04-07T12:45:00+05:30,404.65,404.9,403.9,403.9,1639,0
2026-04-07T13:00:00+05:30,403.9,404.55,403.0,404.55,4905,0
2026-04-07T13:15:00+05:30,404.55,404.55,403.45,404.5,576,0
2026-04-07T13:30:00+05:30,404.0,406.5,404.0,406.5,3573,0
2026-04-07T13:45:00+05:30,406.0,406.35,404.0,404.05,3701,0
2026-04-07T14:00:00+05:30,404.8,406.15,403.55,404.0,6573,0
2026-04-07T14:15:00+05:30,404.55,404.7,403.05,403.7,5521,0
2026-04-07T14:30:00+05:30,404.35,404.4,402.0,403.75,4041,0
2026-04-07T14:45:00+05:30,403.75,404.35,403.5,403.75,2889,0
2026-04-07T15:00:00+05:30,404.3,404.8,402.9,403.25,11653,0
2026-04-07T15:15:00+05:30,403.35,403.65,398.25,402.0,43937,0
2026-04-08T09:15:00+05:30,416.0,418.75,408.8,410.2,118589,0
2026-04-08T09:30:00+05:30,410.25,414.4,409.55,414.4,33137,0
2026-04-08T09:45:00+05:30,414.45,417.25,412.85,414.7,51338,0
2026-04-08T10:00:00+05:30,414.25,415.4,413.25,414.4,9392,0
2026-04-08T10:15:00+05:30,414.5,415.45,413.05,414.6,12651,0
2026-04-08T10:30:00+05:30,414.85,416.5,414.5,415.05,16536,0
2026-04-08T10:45:00+05:30,414.95,418.0,413.05,418.0,14148,0
2026-04-08T11:00:00+05:30,417.9,418.0,415.1,416.0,20956,0
2026-04-08T11:15:00+05:30,416.05,417.0,415.1,415.2,4355,0
2026-04-08T11:30:00+05:30,415.15,415.8,414.2,414.4,9019,0
2026-04-08T11:45:00+05:30,414.8,415.05,413.4,414.6,14269,0
2026-04-08T12:00:00+05:30,415.0,415.0,413.8,414.6,3915,0
2026-04-08T12:15:00+05:30,414.3,415.8,414.0,414.3,8710,0
2026-04-08T12:30:00+05:30,414.0,414.0,412.0,413.1,6371,0
2026-04-08T12:45:00+05:30,413.55,416.75,412.0,416.0,24460,0
2026-04-08T13:00:00+05:30,416.0,417.4,415.2,417.3,15353,0
2026-04-08T13:15:00+05:30,416.95,417.35,415.3,416.65,4014,0
2026-04-08T13:30:00+05:30,416.65,417.6,415.4,416.65,7962,0
2026-04-08T13:45:00+05:30,416.15,416.8,414.6,415.2,3830,0
2026-04-08T14:00:00+05:30,415.25,415.6,414.0,415.0,5308,0
2026-04-08T14:15:00+05:30,415.0,416.0,414.5,415.95,2552,0
2026-04-08T14:30:00+05:30,415.95,417.35,415.1,417.0,10436,0
2026-04-08T14:45:00+05:30,416.45,417.7,416.0,416.3,18543,0
2026-04-08T15:00:00+05:30,416.35,419.5,415.25,418.3,24549,0
2026-04-08T15:15:00+05:30,418.35,421.0,418.0,419.35,42652,0
2026-04-09T09:15:00+05:30,419.35,425.0,418.0,424.6,55805,0
2026-04-09T09:30:00+05:30,424.6,425.0,416.25,418.35,57634,0
2026-04-09T09:45:00+05:30,418.45,435.4,417.35,425.65,187799,0
2026-04-09T10:00:00+05:30,425.75,432.55,424.1,428.7,65176,0
2026-04-09T10:15:00+05:30,428.35,436.0,427.45,430.25,94838,0
2026-04-09T10:30:00+05:30,430.75,433.95,429.15,430.3,28244,0
2026-04-09T10:45:00+05:30,430.3,432.15,429.3,431.15,16684,0
2026-04-09T11:00:00+05:30,431.0,433.15,429.55,433.0,17872,0
2026-04-09T11:15:00+05:30,432.85,441.45,430.55,441.25,67346,0
2026-04-09T11:30:00+05:30,440.75,445.0,436.65,436.7,125340,0
2026-04-09T11:45:00+05:30,437.35,437.45,435.25,436.0,19012,0
2026-04-09T12:00:00+05:30,436.2,441.4,435.45,438.6,32373,0
2026-04-09T12:15:00+05:30,438.9,439.9,438.0,439.4,18520,0
2026-04-09T12:30:00+05:30,438.6,439.15,436.75,437.8,11666,0
2026-04-09T12:45:00+05:30,437.25,437.7,435.2,436.15,11532,0
2026-04-09T13:00:00+05:30,436.2,436.95,433.1,433.85,16719,0
2026-04-09T13:15:00+05:30,433.55,434.2,431.05,431.7,29074,0
2026-04-09T13:30:00+05:30,431.7,432.5,429.4,430.15,20061,0
2026-04-09T13:45:00+05:30,430.6,431.8,430.2,431.0,10912,0
2026-04-09T14:00:00+05:30,430.8,434.0,430.3,432.0,13341,0
2026-04-09T14:15:00+05:30,432.0,432.0,429.0,430.0,11850,0
2026-04-09T14:30:00+05:30,430.0,430.1,427.7,429.55,13429,0
2026-04-09T14:45:00+05:30,429.4,429.95,428.4,429.5,11947,0
2026-04-09T15:00:00+05:30,429.45,432.3,428.4,431.05,18942,0
2026-04-09T15:15:00+05:30,431.0,431.7,427.85,430.0,63194,0
2026-04-10T09:15:00+05:30,432.0,437.7,429.9,434.25,59334,0
2026-04-10T09:30:00+05:30,434.85,442.0,434.8,439.45,59634,0
2026-04-10T09:45:00+05:30,439.1,439.7,437.55,438.1,27190,0
2026-04-10T10:00:00+05:30,438.15,440.4,436.55,440.0,28602,0
2026-04-10T10:15:00+05:30,440.3,441.7,439.4,439.55,26176,0
2026-04-10T10:30:00+05:30,439.25,440.0,437.8,438.7,5415,0
2026-04-10T10:45:00+05:30,438.2,438.2,437.0,437.65,4940,0
2026-04-10T11:00:00+05:30,437.9,438.5,437.0,437.85,6484,0
2026-04-10T11:15:00+05:30,437.85,438.15,437.0,437.9,3141,0
2026-04-10T11:30:00+05:30,437.95,439.0,437.5,438.0,3882,0
2026-04-10T11:45:00+05:30,438.0,438.0,436.5,437.3,4794,0
2026-04-10T12:00:00+05:30,437.35,438.55,437.1,438.2,2449,0
2026-04-10T12:15:00+05:30,437.8,438.65,436.9,437.75,5616,0
2026-04-10T12:30:00+05:30,437.7,438.3,437.0,437.05,3826,0
2026-04-10T12:45:00+05:30,437.55,438.4,437.0,437.9,3588,0
2026-04-10T13:00:00+05:30,437.4,439.5,437.15,438.7,8530,0
2026-04-10T13:15:00+05:30,438.7,438.85,437.4,438.0,5180,0
2026-04-10T13:30:00+05:30,438.55,438.75,437.3,438.25,2832,0
2026-04-10T13:45:00+05:30,438.6,438.6,437.1,438.0,2384,0
2026-04-10T14:00:00+05:30,437.55,438.2,436.65,436.7,4014,0
2026-04-10T14:15:00+05:30,436.7,439.0,434.9,435.5,33629,0
2026-04-10T14:30:00+05:30,435.25,435.95,434.5,435.15,7095,0
2026-04-10T14:45:00+05:30,435.15,435.5,434.25,435.0,5551,0
2026-04-10T15:00:00+05:30,435.0,438.0,435.0,438.0,12972,0
2026-04-10T15:15:00+05:30,437.45,440.0,430.85,434.8,80638,0
2026-04-13T09:15:00+05:30,427.3,428.15,417.05,427.1,93142,0
2026-04-13T09:30:00+05:30,427.2,427.7,422.7,423.9,22575,0
2026-04-13T09:45:00+05:30,423.8,426.1,423.8,425.75,6676,0
2026-04-13T10:00:00+05:30,425.45,426.1,423.45,426.0,11729,0
2026-04-13T10:15:00+05:30,425.75,429.0,424.0,428.2,20434,0
2026-04-13T10:30:00+05:30,428.7,431.5,427.05,431.35,16562,0
2026-04-13T10:45:00+05:30,431.35,434.95,430.8,432.85,16092,0
2026-04-13T11:00:00+05:30,432.8,434.95,431.7,433.75,8021,0
2026-04-13T11:15:00+05:30,433.75,437.9,433.2,436.1,17041,0
2026-04-13T11:30:00+05:30,435.6,442.9,435.0,439.0,31724,0
2026-04-13T11:45:00+05:30,438.65,439.6,437.0,438.0,11709,0
2026-04-13T12:00:00+05:30,437.25,438.45,435.25,436.0,9154,0
2026-04-13T12:15:00+05:30,436.6,437.85,435.05,436.9,3343,0
2026-04-13T12:30:00+05:30,437.0,437.0,435.15,435.25,5396,0
2026-04-13T12:45:00+05:30,435.1,436.1,432.65,433.25,5243,0
2026-04-13T13:00:00+05:30,433.3,434.25,432.25,433.9,4993,0
2026-04-13T13:15:00+05:30,433.5,435.2,433.45,434.0,6130,0
2026-04-13T13:30:00+05:30,434.0,436.15,433.8,435.05,4399,0
2026-04-13T13:45:00+05:30,435.1,439.7,435.1,438.55,12871,0
2026-04-13T14:00:00+05:30,438.7,438.7,435.0,436.0,4264,0
2026-04-13T14:15:00+05:30,436.35,438.3,435.7,437.6,5766,0
2026-04-13T14:30:00+05:30,437.6,438.7,437.05,438.0,9659,0
2026-04-13T14:45:00+05:30,438.0,438.7,436.5,436.5,6951,0
2026-04-13T15:00:00+05:30,436.75,439.0,434.3,437.55,17526,0
2026-04-13T15:15:00+05:30,437.4,441.0,437.05,439.0,43949,0
2026-04-15T09:15:00+05:30,445.0,453.0,444.7,447.6,107155,0
2026-04-15T09:30:00+05:30,447.65,450.6,447.05,450.15,28286,0
2026-04-15T09:45:00+05:30,450.15,455.0,450.0,452.45,52367,0
2026-04-15T10:00:00+05:30,452.95,452.95,448.85,451.7,19681,0
2026-04-15T10:15:00+05:30,451.35,460.0,451.25,458.15,76717,0
2026-04-15T10:30:00+05:30,458.1,464.9,458.1,460.0,106813,0
2026-04-15T10:45:00+05:30,460.05,461.95,457.2,461.0,30787,0
2026-04-15T11:00:00+05:30,461.55,463.0,457.25,459.55,35911,0
2026-04-15T11:15:00+05:30,459.55,461.35,457.9,458.95,12887,0
2026-04-15T11:30:00+05:30,458.95,459.9,458.1,459.25,6402,0
2026-04-15T11:45:00+05:30,459.25,461.6,458.2,460.95,10458,0
2026-04-15T12:00:00+05:30,460.85,462.2,458.75,461.2,23017,0
2026-04-15T12:15:00+05:30,461.1,461.9,460.0,460.65,10080,0
2026-04-15T12:30:00+05:30,460.7,461.1,458.85,459.05,10993,0
2026-04-15T12:45:00+05:30,459.05,461.15,458.05,458.5,10622,0
2026-04-15T13:00:00+05:30,458.3,459.9,458.05,459.85,5097,0
2026-04-15T13:15:00+05:30,459.55,460.85,458.9,459.55,9494,0
2026-04-15T13:30:00+05:30,459.2,460.0,457.8,459.4,12641,0
2026-04-15T13:45:00+05:30,459.5,459.65,458.15,458.65,5508,0
2026-04-15T14:00:00+05:30,458.55,459.4,458.0,458.35,4943,0
2026-04-15T14:15:00+05:30,458.45,459.25,457.3,459.25,10904,0
2026-04-15T14:30:00+05:30,459.0,459.95,459.0,459.25,5114,0
2026-04-15T14:45:00+05:30,459.2,461.0,458.95,460.05,14030,0
2026-04-15T15:00:00+05:30,460.05,460.05,455.3,456.35,45612,0
2026-04-15T15:15:00+05:30,456.35,459.0,455.15,456.2,61271,0
2026-04-16T09:15:00+05:30,459.9,471.5,459.9,470.1,74783,0
2026-04-16T09:30:00+05:30,470.5,470.7,460.55,460.6,39868,0
2026-04-16T09:45:00+05:30,460.6,460.7,457.25,458.0,30945,0
2026-04-16T10:00:00+05:30,457.85,460.7,456.15,459.15,21731,0
2026-04-16T10:15:00+05:30,459.1,461.95,458.15,461.05,8856,0
2026-04-16T10:30:00+05:30,461.0,463.6,461.0,462.35,16596,0
2026-04-16T10:45:00+05:30,462.3,463.1,461.7,462.0,6753,0
2026-04-16T11:00:00+05:30,461.9,464.4,461.3,464.4,7526,0
2026-04-16T11:15:00+05:30,464.4,465.75,463.1,464.6,18109,0
2026-04-16T11:30:00+05:30,464.6,465.3,461.85,462.25,4449,0
2026-04-16T11:45:00+05:30,461.9,461.9,458.95,459.05,9965,0
2026-04-16T12:00:00+05:30,459.1,460.25,458.0,460.25,8426,0
2026-04-16T12:15:00+05:30,459.65,461.0,459.5,460.25,4314,0
2026-04-16T12:30:00+05:30,459.55,460.0,458.35,458.55,4881,0
2026-04-16T12:45:00+05:30,459.05,461.0,458.4,460.45,7419,0
2026-04-16T13:00:00+05:30,461.0,462.05,460.0,460.65,11806,0
2026-04-16T13:15:00+05:30,460.2,462.7,460.15,461.8,6615,0
2026-04-16T13:30:00+05:30,462.35,463.2,461.85,462.05,4790,0
2026-04-16T13:45:00+05:30,462.45,463.9,462.45,463.1,2770,0
2026-04-16T14:00:00+05:30,463.1,463.5,460.9,461.35,3089,0
2026-04-16T14:15:00+05:30,461.95,463.0,461.25,463.0,4824,0
2026-04-16T14:30:00+05:30,462.65,465.5,462.5,465.0,10841,0
2026-04-16T14:45:00+05:30,465.0,466.5,464.35,466.0,16384,0
2026-04-16T15:00:00+05:30,466.3,467.0,464.2,466.35,31350,0
2026-04-16T15:15:00+05:30,465.7,467.75,464.5,464.5,48162,0
2026-04-17T09:15:00+05:30,464.05,475.95,464.05,474.75,100870,0
2026-04-17T09:30:00+05:30,474.6,474.9,468.5,471.85,32458,0
2026-04-17T09:45:00+05:30,471.95,474.0,470.1,470.75,25101,0
2026-04-17T10:00:00+05:30,471.2,472.0,468.5,470.45,11829,0
2026-04-17T10:15:00+05:30,470.8,472.15,469.5,470.0,5809,0
2026-04-17T10:30:00+05:30,469.65,470.05,467.45,469.15,20874,0
2026-04-17T10:45:00+05:30,469.4,471.95,469.4,470.0,16196,0
2026-04-17T11:00:00+05:30,469.55,469.9,467.0,468.25,10327,0
2026-04-17T11:15:00+05:30,468.2,468.95,467.3,468.85,13606,0
2026-04-17T11:30:00+05:30,468.85,468.9,467.95,468.9,2834,0
2026-04-17T11:45:00+05:30,468.95,469.5,467.7,467.7,9306,0
2026-04-17T12:00:00+05:30,468.0,468.1,466.0,467.05,8064,0
2026-04-17T12:15:00+05:30,466.5,466.9,465.8,466.0,6474,0
2026-04-17T12:30:00+05:30,466.0,467.95,465.15,467.55,9834,0
2026-04-17T12:45:00+05:30,467.55,469.6,465.75,466.0,12195,0
2026-04-17T13:00:00+05:30,466.35,467.4,466.25,466.75,5718,0
2026-04-17T13:15:00+05:30,466.7,469.0,466.65,467.95,4505,0
2026-04-17T13:30:00+05:30,467.45,468.7,467.25,468.0,3537,0
2026-04-17T13:45:00+05:30,468.0,468.95,467.5,468.5,9590,0
2026-04-17T14:00:00+05:30,468.75,469.5,468.0,468.95,9305,0
2026-04-17T14:15:00+05:30,468.95,470.0,468.6,469.5,5487,0
2026-04-17T14:30:00+05:30,469.5,471.5,468.5,470.75,13970,0
2026-04-17T14:45:00+05:30,470.75,474.9,469.85,472.5,39811,0
2026-04-17T15:00:00+05:30,472.5,478.9,471.65,478.3,67135,0
2026-04-17T15:15:00+05:30,478.15,480.0,475.0,477.9,95401,0
2026-04-20T09:15:00+05:30,477.0,479.2,464.2,473.4,76495,0
2026-04-20T09:30:00+05:30,473.85,474.0,468.35,468.35,23350,0
2026-04-20T09:45:00+05:30,468.35,472.95,468.0,469.7,15194,0
2026-04-20T10:00:00+05:30,469.7,473.55,468.85,472.1,10673,0
2026-04-20T10:15:00+05:30,472.25,473.95,471.0,472.55,9264,0
2026-04-20T10:30:00+05:30,472.55,474.55,472.4,473.6,4621,0
2026-04-20T10:45:00+05:30,473.15,473.95,470.55,472.75,2894,0
2026-04-20T11:00:00+05:30,472.2,473.0,470.4,472.25,4158,0
2026-04-20T11:15:00+05:30,472.7,473.65,472.0,473.05,2375,0
2026-04-20T11:30:00+05:30,473.05,473.2,470.3,471.2,4215,0
2026-04-20T11:45:00+05:30,471.0,471.85,470.55,471.85,3572,0
2026-04-20T12:00:00+05:30,471.35,471.65,469.25,470.65,7899,0
2026-04-20T12:15:00+05:30,470.65,470.95,469.55,470.25,5000,0
2026-04-20T12:30:00+05:30,470.4,470.6,469.35,470.35,2112,0
2026-04-20T12:45:00+05:30,469.75,470.9,469.65,470.5,2996,0
2026-04-20T13:00:00+05:30,470.5,472.0,468.85,469.5,10414,0
2026-04-20T13:15:00+05:30,469.0,469.0,462.2,464.9,17037,0
2026-04-20T13:30:00+05:30,464.4,465.9,463.4,463.4,9223,0
2026-04-20T13:45:00+05:30,463.5,465.05,463.25,463.5,4572,0
2026-04-20T14:00:00+05:30,463.6,464.75,463.05,463.9,3908,0
2026-04-20T14:15:00+05:30,464.1,465.95,464.0,465.95,4658,0
2026-04-20T14:30:00+05:30,465.95,466.85,463.3,463.7,3241,0
2026-04-20T14:45:00+05:30,463.95,464.55,462.85,464.35,6594,0
2026-04-20T15:00:00+05:30,464.05,464.05,461.5,462.0,16572,0
2026-04-20T15:15:00+05:30,461.7,462.75,460.0,462.75,32893,0
2026-04-21T09:15:00+05:30,459.05,468.4,459.05,465.3,23605,0
2026-04-21T09:30:00+05:30,465.4,486.7,464.2,483.85,133356,0
2026-04-21T09:45:00+05:30,483.85,494.8,482.6,483.5,290052,0
2026-04-21T10:00:00+05:30,483.2,484.9,479.2,482.25,40316,0
2026-04-21T10:15:00+05:30,482.15,483.4,477.45,479.7,43087,0
2026-04-21T10:30:00+05:30,479.8,482.0,478.85,480.65,21007,0
2026-04-21T10:45:00+05:30,480.4,481.85,478.7,479.9,20871,0
2026-04-21T11:00:00+05:30,479.9,481.0,478.7,481.0,9234,0
2026-04-21T11:15:00+05:30,481.0,481.0,478.2,479.5,4061,0
2026-04-21T11:30:00+05:30,479.5,479.75,477.7,478.75,13295,0
2026-04-21T11:45:00+05:30,478.75,478.75,476.0,477.3,11413,0
2026-04-21T12:00:00+05:30,477.3,477.6,476.0,476.2,12051,0
2026-04-21T12:15:00+05:30,476.2,478.5,476.0,477.1,11136,0
2026-04-21T12:30:00+05:30,477.6,477.65,476.0,477.6,5241,0
2026-04-21T12:45:00+05:30,477.05,478.0,476.5,476.65,3305,0
2026-04-21T13:00:00+05:30,476.65,477.9,476.5,477.4,4750,0
2026-04-21T13:15:00+05:30,477.4,477.8,476.8,477.0,3045,0
2026-04-21T13:30:00+05:30,476.6,478.5,476.5,478.5,7987,0
2026-04-21T13:45:00+05:30,478.45,482.0,478.3,482.0,14605,0
2026-04-21T14:00:00+05:30,481.6,484.5,479.55,483.55,28674,0
2026-04-21T14:15:00+05:30,483.35,485.4,481.05,482.05,41010,0
2026-04-21T14:30:00+05:30,482.2,483.75,481.0,482.4,21294,0
2026-04-21T14:45:00+05:30,482.45,484.5,481.7,483.0,24207,0
2026-04-21T15:00:00+05:30,482.85,483.5,481.3,482.75,42540,0
2026-04-21T15:15:00+05:30,482.55,488.0,481.0,485.8,80418,0
2026-04-22T09:15:00+05:30,483.1,531.9,481.9,530.35,485929,0
2026-04-22T09:30:00+05:30,530.0,538.9,518.65,520.55,907249,0
2026-04-22T09:45:00+05:30,520.35,520.9,514.65,515.4,223138,0
2026-04-22T10:00:00+05:30,515.5,531.75,514.65,530.0,307429,0
2026-04-22T10:15:00+05:30,530.0,538.8,523.25,532.6,684814,0
2026-04-22T10:30:00+05:30,532.5,536.0,523.05,535.6,517076,0
2026-04-22T10:45:00+05:30,535.6,536.75,530.0,534.3,324022,0
2026-04-22T11:00:00+05:30,534.3,551.0,533.05,548.55,996075,0
2026-04-22T11:15:00+05:30,548.7,559.45,547.05,554.5,1373905,0
2026-04-22T11:30:00+05:30,554.1,555.85,548.3,551.0,559721,0
2026-04-22T11:45:00+05:30,551.0,553.0,548.05,551.3,356949,0
2026-04-22T12:00:00+05:30,551.55,552.6,546.15,551.15,332231,0
2026-04-22T12:15:00+05:30,551.5,551.95,546.85,551.15,217074,0
2026-04-22T12:30:00+05:30,551.2,552.0,546.5,547.45,165648,0
2026-04-22T12:45:00+05:30,547.55,551.2,543.0,548.2,417665,0
2026-04-22T13:00:00+05:30,548.5,549.0,544.0,545.05,141791,0
2026-04-22T13:15:00+05:30,545.2,546.0,541.6,544.4,180089,0
2026-04-22T13:30:00+05:30,544.15,560.0,544.15,556.0,1072000,0
2026-04-22T13:45:00+05:30,556.0,565.0,552.0,561.85,836165,0
2026-04-22T14:00:00+05:30,561.8,568.75,556.3,563.0,698404,0
2026-04-22T14:15:00+05:30,563.0,567.2,551.25,554.2,876859,0
2026-04-22T14:30:00+05:30,554.2,556.8,548.1,551.95,777070,0
2026-04-22T14:45:00+05:30,551.55,562.4,550.0,559.5,692635,0
2026-04-22T15:00:00+05:30,559.45,561.0,541.2,544.6,1110234,0
2026-04-22T15:15:00+05:30,544.3,549.4,533.1,539.45,909440,0
2026-04-23T09:15:00+05:30,546.1,548.8,534.25,540.95,342773,0
2026-04-23T09:30:00+05:30,540.35,543.0,535.0,536.85,125610,0
2026-04-23T09:45:00+05:30,536.75,540.5,536.45,539.0,73499,0
2026-04-23T10:00:00+05:30,539.0,540.85,534.4,535.7,64287,0
2026-04-23T10:15:00+05:30,535.15,537.3,535.1,535.9,17629,0
2026-04-23T10:30:00+05:30,535.95,536.65,533.0,534.0,30090,0
2026-04-23T10:45:00+05:30,533.3,533.8,531.75,532.25,25114,0
2026-04-23T11:00:00+05:30,532.6,533.5,531.25,532.6,40976,0
2026-04-23T11:15:00+05:30,533.0,533.65,532.55,533.5,11162,0
2026-04-23T11:30:00+05:30,533.5,533.5,531.0,531.2,17510,0
2026-04-23T11:45:00+05:30,531.2,534.3,530.1,533.6,34416,0
2026-04-23T12:00:00+05:30,533.7,534.0,532.55,532.8,11002,0
2026-04-23T12:15:00+05:30,532.8,535.05,532.0,533.5,18896,0
2026-04-23T12:30:00+05:30,533.1,533.25,531.25,532.6,13880,0
2026-04-23T12:45:00+05:30,532.1,533.5,530.85,532.05,17996,0
2026-04-23T13:00:00+05:30,532.5,534.45,531.25,531.65,11167,0
2026-04-23T13:15:00+05:30,531.8,532.9,531.1,532.7,10249,0
2026-04-23T13:30:00+05:30,532.7,533.1,530.55,531.25,16522,0
2026-04-23T13:45:00+05:30,531.25,532.9,530.9,532.05,32800,0
2026-04-23T14:00:00+05:30,532.05,532.05,527.1,528.3,38868,0
2026-04-23T14:15:00+05:30,528.45,528.45,525.6,527.35,26191,0
2026-04-23T14:30:00+05:30,527.3,527.85,525.55,526.5,27876,0
2026-04-23T14:45:00+05:30,526.4,529.5,525.0,526.5,35246,0
2026-04-23T15:00:00+05:30,526.9,529.55,525.55,528.25,41493,0
2026-04-23T15:15:00+05:30,528.3,531.0,527.5,529.95,78175,0
2026-04-24T09:15:00+05:30,530.0,540.45,521.15,521.7,189924,0
2026-04-24T09:30:00+05:30,522.55,532.2,520.85,524.6,78444,0
2026-04-24T09:45:00+05:30,524.0,524.0,517.1,518.65,59191,0
2026-04-24T10:00:00+05:30,518.5,530.8,518.4,525.35,73081,0
2026-04-24T10:15:00+05:30,525.9,526.0,521.3,524.0,14798,0
2026-04-24T10:30:00+05:30,523.95,524.0,520.2,520.25,6731,0
2026-04-24T10:45:00+05:30,520.75,520.75,518.05,518.9,11973,0
2026-04-24T11:00:00+05:30,518.55,518.55,516.0,516.9,21727,0
2026-04-24T11:15:00+05:30,516.35,516.75,514.55,515.1,21822,0
2026-04-24T11:30:00+05:30,515.05,515.15,511.5,513.75,26123,0
2026-04-24T11:45:00+05:30,513.65,513.8,512.05,512.8,7743,0
2026-04-24T12:00:00+05:30,513.25,515.4,512.2,514.85,13527,0
2026-04-24T12:15:00+05:30,514.65,516.55,512.7,513.15,15390,0
2026-04-24T12:30:00+05:30,513.45,518.95,513.05,516.55,17767,0
2026-04-24T12:45:00+05:30,517.0,517.95,516.0,516.6,6142,0
2026-04-24T13:00:00+05:30,516.95,517.45,513.35,513.35,9434,0
2026-04-24T13:15:00+05:30,513.55,514.7,513.25,514.0,4440,0
2026-04-24T13:30:00+05:30,514.0,514.25,512.4,512.45,7434,0
2026-04-24T13:45:00+05:30,512.75,516.15,512.75,514.2,11530,0
2026-04-24T14:00:00+05:30,514.2,515.0,512.0,514.6,9304,0
2026-04-24T14:15:00+05:30,514.05,518.5,513.05,516.5,16197,0
2026-04-24T14:30:00+05:30,516.85,518.25,516.4,517.1,10401,0
2026-04-24T14:45:00+05:30,517.0,518.2,515.8,517.0,7873,0
2026-04-24T15:00:00+05:30,516.65,517.0,513.0,514.5,23519,0
2026-04-24T15:15:00+05:30,514.55,517.6,513.6,515.45,47041,0
2026-04-27T09:15:00+05:30,518.7,525.0,511.05,520.85,78977,0
2026-04-27T09:30:00+05:30,520.0,522.95,516.85,519.0,54639,0
2026-04-27T09:45:00+05:30,519.35,525.0,518.6,523.2,42678,0
2026-04-27T10:00:00+05:30,523.2,533.45,521.25,532.95,62083,0
2026-04-27T10:15:00+05:30,532.8,554.5,532.6,548.9,318371,0
2026-04-27T10:30:00+05:30,549.3,553.1,545.1,547.6,163130,0
2026-04-27T10:45:00+05:30,547.1,557.9,546.2,549.95,152139,0
2026-04-27T11:00:00+05:30,549.9,550.55,546.4,547.7,45359,0
2026-04-27T11:15:00+05:30,547.75,550.0,546.5,547.5,40353,0
2026-04-27T11:30:00+05:30,547.75,548.95,545.0,548.2,35382,0
2026-04-27T11:45:00+05:30,548.6,551.45,547.4,550.05,26851,0
2026-04-27T12:00:00+05:30,550.65,550.75,547.3,548.3,19367,0
2026-04-27T12:15:00+05:30,548.45,549.95,547.0,549.7,20858,0
2026-04-27T12:30:00+05:30,549.5,550.95,548.2,550.2,21957,0
2026-04-27T12:45:00+05:30,550.2,550.95,547.2,548.25,27512,0
2026-04-27T13:00:00+05:30,548.5,550.15,548.1,549.55,16072,0
2026-04-27T13:15:00+05:30,549.15,552.25,548.85,551.45,43051,0
2026-04-27T13:30:00+05:30,551.4,554.35,549.05,551.5,35927,0
2026-04-27T13:45:00+05:30,551.5,562.5,551.5,556.15,224957,0
2026-04-27T14:00:00+05:30,556.15,560.45,554.1,556.35,99863,0
2026-04-27T14:15:00+05:30,556.3,556.95,552.8,553.7,40825,0
2026-04-27T14:30:00+05:30,553.95,555.6,552.5,553.55,33330,0
2026-04-27T14:45:00+05:30,553.6,556.5,552.35,553.4,58844,0
2026-04-27T15:00:00+05:30,553.4,553.45,548.0,548.0,83744,0
2026-04-27T15:15:00+05:30,548.05,551.0,546.25,549.0,120867,0
2026-04-28T09:15:00+05:30,547.6,560.85,546.0,559.55,131107,0
2026-04-28T09:30:00+05:30,559.0,559.45,553.3,555.2,90012,0
2026-04-28T09:45:00+05:30,555.9,562.0,554.35,558.8,93337,0
2026-04-28T10:00:00+05:30,559.3,563.9,556.05,563.7,63221,0
2026-04-28T10:15:00+05:30,563.3,565.0,560.1,560.5,66329,0
2026-04-28T10:30:00+05:30,560.6,560.95,556.05,559.25,48892,0
2026-04-28T10:45:00+05:30,559.35,565.5,558.2,562.4,69705,0
2026-04-28T11:00:00+05:30,562.05,563.55,561.0,562.3,22382,0
2026-04-28T11:15:00+05:30,563.0,569.8,562.4,568.85,95896,0
2026-04-28T11:30:00+05:30,568.45,580.0,568.2,570.0,301953,0
2026-04-28T11:45:00+05:30,570.0,574.75,564.05,573.0,109874,0
2026-04-28T12:00:00+05:30,572.85,578.05,571.0,574.45,80825,0
2026-04-28T12:15:00+05:30,574.45,574.5,572.0,572.95,29578,0
2026-04-28T12:30:00+05:30,572.9,573.0,564.0,565.35,85557,0
2026-04-28T12:45:00+05:30,565.35,567.7,564.15,566.55,26918,0
2026-04-28T13:00:00+05:30,566.45,570.15,566.2,569.8,20833,0
2026-04-28T13:15:00+05:30,569.8,574.9,569.35,573.6,34856,0
2026-04-28T13:30:00+05:30,573.6,574.0,571.05,572.0,25929,0
2026-04-28T13:45:00+05:30,571.9,573.0,571.2,571.9,15660,0
2026-04-28T14:00:00+05:30,571.9,572.25,566.0,568.3,55077,0
2026-04-28T14:15:00+05:30,568.25,569.55,566.1,569.2,19241,0
2026-04-28T14:30:00+05:30,569.15,572.15,568.7,571.1,24690,0
2026-04-28T14:45:00+05:30,571.2,571.9,568.0,569.4,41693,0
2026-04-28T15:00:00+05:30,569.35,569.45,563.35,567.35,55039,0
2026-04-28T15:15:00+05:30,567.65,569.0,565.1,567.55,102492,0
2026-04-29T09:15:00+05:30,578.9,604.5,577.55,599.1,669914,0
2026-04-29T09:30:00+05:30,599.35,617.0,597.6,610.0,766191,0
2026-04-29T09:45:00+05:30,609.6,621.0,607.1,616.8,540701,0
2026-04-29T10:00:00+05:30,616.2,616.35,605.15,608.8,289681,0
2026-04-29T10:15:00+05:30,608.75,615.9,606.0,608.05,217337,0
2026-04-29T10:30:00+05:30,608.15,609.0,602.25,604.0,146023,0
2026-04-29T10:45:00+05:30,604.0,620.0,603.0,614.45,295264,0
2026-04-29T11:00:00+05:30,614.05,622.2,607.2,609.75,466804,0
2026-04-29T11:15:00+05:30,609.75,613.1,603.0,605.5,157780,0
2026-04-29T11:30:00+05:30,605.5,608.85,602.5,605.25,75507,0
2026-04-29T11:45:00+05:30,605.5,606.5,603.75,606.0,56817,0
2026-04-29T12:00:00+05:30,605.65,609.35,601.7,602.5,107774,0
2026-04-29T12:15:00+05:30,602.5,604.65,602.5,603.75,32245,0
2026-04-29T12:30:00+05:30,603.75,605.15,603.4,604.45,34284,0
2026-04-29T12:45:00+05:30,603.95,604.9,603.0,603.45,40414,0
2026-04-29T13:00:00+05:30,603.85,607.45,603.0,606.6,47450,0
2026-04-29T13:15:00+05:30,606.6,606.6,602.2,602.85,42006,0
2026-04-29T13:30:00+05:30,602.85,603.0,590.35,593.65,187060,0
2026-04-29T13:45:00+05:30,593.25,595.55,593.1,593.9,53752,0
2026-04-29T14:00:00+05:30,593.9,594.0,588.55,593.5,76056,0
2026-04-29T14:15:00+05:30,593.6,598.65,592.15,597.0,61083,0
2026-04-29T14:30:00+05:30,597.0,603.65,596.75,599.9,107207,0
2026-04-29T14:45:00+05:30,599.95,601.0,596.1,597.6,64563,0
2026-04-29T15:00:00+05:30,597.6,601.8,596.85,600.55,86141,0
2026-04-29T15:15:00+05:30,600.55,606.8,599.2,602.5,217289,0
2026-04-30T09:15:00+05:30,603.0,605.95,590.25,594.0,212331,0
2026-04-30T09:30:00+05:30,594.5,599.65,589.0,592.95,85065,0
2026-04-30T09:45:00+05:30,592.4,592.45,586.0,588.65,44832,0
2026-04-30T10:00:00+05:30,588.05,588.6,583.3,584.4,41039,0
2026-04-30T10:15:00+05:30,583.65,587.55,581.3,586.55,64334,0
2026-04-30T10:30:00+05:30,586.5,591.5,585.05,589.1,60898,0
2026-04-30T10:45:00+05:30,588.25,588.25,583.2,585.1,39383,0
2026-04-30T11:00:00+05:30,585.15,602.0,585.1,601.3,103956,0
2026-04-30T11:15:00+05:30,601.95,603.0,594.95,598.3,74379,0
2026-04-30T11:30:00+05:30,598.85,599.65,595.85,598.65,28475,0
2026-04-30T11:45:00+05:30,598.1,610.0,596.0,602.5,163652,0
2026-04-30T12:00:00+05:30,602.55,605.0,600.0,601.0,37446,0
2026-04-30T12:15:00+05:30,601.55,606.0,601.0,604.25,36853,0
2026-04-30T12:30:00+05:30,603.75,604.5,601.5,602.4,22275,0
2026-04-30T12:45:00+05:30,602.35,603.85,601.7,603.15,16272,0
2026-04-30T13:00:00+05:30,602.6,603.2,600.35,602.0,12815,0
2026-04-30T13:15:00+05:30,602.0,603.0,601.25,602.5,11198,0
2026-04-30T13:30:00+05:30,602.5,607.0,601.1,606.6,36534,0
2026-04-30T13:45:00+05:30,606.65,619.0,606.65,610.15,188255,0
2026-04-30T14:00:00+05:30,610.85,612.3,605.2,608.55,61384,0
2026-04-30T14:15:00+05:30,608.5,608.95,600.05,603.45,58337,0
2026-04-30T14:30:00+05:30,603.05,606.85,603.05,604.45,25655,0
2026-04-30T14:45:00+05:30,605.25,609.0,605.0,608.45,30538,0
2026-04-30T15:00:00+05:30,608.25,610.8,602.0,606.3,99535,0
2026-04-30T15:15:00+05:30,606.75,614.8,605.7,614.05,154053,0
2026-05-04T09:15:00+05:30,710.0,715.9,682.6,710.9,3149353,0
2026-05-04T09:30:00+05:30,710.85,712.0,695.0,697.05,850753,0
2026-05-04T09:45:00+05:30,697.05,707.1,691.2,698.8,690477,0
2026-05-04T10:00:00+05:30,698.5,703.85,697.15,700.45,231629,0
2026-05-04T10:15:00+05:30,700.45,714.0,700.25,711.95,602905,0
2026-05-04T10:30:00+05:30,712.4,724.0,710.0,722.0,936172,0
2026-05-04T10:45:00+05:30,721.5,731.0,720.0,731.0,967372,0
2026-05-04T11:00:00+05:30,731.0,731.0,731.0,731.0,40257,0
2026-05-04T11:15:00+05:30,731.0,731.0,731.0,731.0,28755,0
2026-05-04T11:30:00+05:30,731.0,731.0,731.0,731.0,19102,0
2026-05-04T11:45:00+05:30,731.0,731.0,731.0,731.0,24954,0
2026-05-04T12:00:00+05:30,731.0,731.0,731.0,731.0,8268,0
2026-05-04T12:15:00+05:30,731.0,731.0,731.0,731.0,10491,0
2026-05-04T12:30:00+05:30,731.0,731.0,731.0,731.0,9509,0
2026-05-04T12:45:00+05:30,731.0,731.0,731.0,731.0,6705,0
2026-05-04T13:00:00+05:30,731.0,731.0,731.0,731.0,12943,0
2026-05-04T13:15:00+05:30,731.0,731.0,731.0,731.0,4349,0
2026-05-04T13:30:00+05:30,731.0,731.0,731.0,731.0,16128,0
2026-05-04T13:45:00+05:30,731.0,731.0,731.0,731.0,10648,0
2026-05-04T14:00:00+05:30,731.0,731.0,731.0,731.0,4973,0
2026-05-04T14:15:00+05:30,731.0,731.0,731.0,731.0,5593,0
2026-05-04T14:30:00+05:30,731.0,731.0,731.0,731.0,4936,0
2026-05-04T14:45:00+05:30,731.0,731.0,731.0,731.0,6569,0
2026-05-04T15:00:00+05:30,731.0,731.0,731.0,731.0,8154,0
2026-05-04T15:15:00+05:30,731.0,731.0,731.0,731.0,28791,0
2026-05-05T09:15:00+05:30,751.0,794.4,745.15,758.15,4060068,0
2026-05-05T09:30:00+05:30,758.75,784.0,757.1,776.85,1132080,0
2026-05-05T09:45:00+05:30,776.9,790.0,773.05,789.55,835480,0
2026-05-05T10:00:00+05:30,789.55,796.3,776.05,785.0,1039313,0
2026-05-05T10:15:00+05:30,785.0,789.0,778.2,787.75,323645,0
2026-05-05T10:30:00+05:30,788.2,789.95,777.8,780.7,245725,0
2026-05-05T10:45:00+05:30,780.15,787.0,777.05,782.4,186667,0
2026-05-05T11:00:00+05:30,782.5,784.5,778.5,783.1,116063,0
2026-05-05T11:15:00+05:30,783.7,788.0,781.3,781.8,104383,0
2026-05-05T11:30:00+05:30,781.5,788.4,781.15,785.8,134125,0
2026-05-05T11:45:00+05:30,786.0,797.8,785.5,792.75,547104,0
2026-05-05T12:00:00+05:30,792.75,798.9,788.95,797.25,290400,0
2026-05-05T12:15:00+05:30,797.4,804.1,794.3,804.1,805694,0
2026-05-05T12:30:00+05:30,804.1,804.1,804.1,804.1,86861,0
2026-05-05T12:45:00+05:30,804.1,804.1,804.1,804.1,28509,0
2026-05-05T13:00:00+05:30,804.1,804.1,804.1,804.1,14502,0
2026-05-05T13:15:00+05:30,804.1,804.1,804.1,804.1,49349,0
2026-05-05T13:30:00+05:30,804.1,804.1,804.1,804.1,10493,0
2026-05-05T13:45:00+05:30,804.1,804.1,804.1,804.1,11750,0
2026-05-05T14:00:00+05:30,804.1,804.1,804.1,804.1,10954,0
2026-05-05T14:15:00+05:30,804.1,804.1,804.1,804.1,13857,0
2026-05-05T14:30:00+05:30,804.1,804.1,804.1,804.1,6865,0
2026-05-05T14:45:00+05:30,804.1,804.1,772.3,804.1,1401159,0
2026-05-05T15:00:00+05:30,804.1,804.1,804.1,804.1,105702,0
2026-05-05T15:15:00+05:30,804.1,804.1,804.1,804.1,25435,0
2026-05-06T09:15:00+05:30,814.7,839.0,807.2,824.65,1649903,0
2026-05-06T09:30:00+05:30,824.6,844.0,822.45,839.8,827978,0
2026-05-06T09:45:00+05:30,839.8,849.35,825.0,838.5,844279,0
2026-05-06T10:00:00+05:30,838.05,839.4,808.1,813.7,626293,0
2026-05-06T10:15:00+05:30,813.75,826.9,798.0,823.0,819349,0
2026-05-06T10:30:00+05:30,823.0,826.0,818.0,820.75,174770,0
2026-05-06T10:45:00+05:30,819.0,821.05,813.6,816.2,119117,0
2026-05-06T11:00:00+05:30,816.45,824.95,815.9,820.45,115860,0
2026-05-06T11:15:00+05:30,820.05,820.45,816.2,817.4,76619,0
2026-05-06T11:30:00+05:30,817.0,817.6,812.0,815.5,101713,0
2026-05-06T11:45:00+05:30,815.65,832.0,812.55,829.3,222904,0
2026-05-06T12:00:00+05:30,829.5,830.0,821.0,823.0,141677,0
2026-05-06T12:15:00+05:30,823.45,823.45,815.25,816.3,92581,0
2026-05-06T12:30:00+05:30,816.5,820.0,815.0,815.7,47315,0
2026-05-06T12:45:00+05:30,815.6,817.0,812.0,814.55,77108,0
2026-05-06T13:00:00+05:30,814.55,819.0,812.0,815.65,90596,0
2026-05-06T13:15:00+05:30,815.8,819.7,815.0,816.8,42944,0
2026-05-06T13:30:00+05:30,816.5,817.0,811.3,815.0,71086,0
2026-05-06T13:45:00+05:30,815.0,815.0,810.1,812.6,50726,0
2026-05-06T14:00:00+05:30,812.9,824.4,812.2,821.35,170422,0
2026-05-06T14:15:00+05:30,821.35,825.9,817.0,818.35,107090,0
2026-05-06T14:30:00+05:30,818.8,820.7,813.5,817.45,112853,0
2026-05-06T14:45:00+05:30,817.45,821.9,815.05,817.0,107811,0
2026-05-06T15:00:00+05:30,817.0,822.4,812.0,813.9,163821,0
2026-05-06T15:15:00+05:30,813.9,819.95,790.6,813.0,575840,0
2026-05-07T09:15:00+05:30,819.8,819.8,790.25,802.55,425275,0
2026-05-07T09:30:00+05:30,802.55,804.45,795.0,795.55,146044,0
2026-05-07T09:45:00+05:30,795.75,798.0,790.0,792.5,134990,0
2026-05-07T10:00:00+05:30,792.9,804.0,790.25,798.35,118954,0
2026-05-07T10:15:00+05:30,798.65,810.0,798.4,806.65,180575,0
2026-05-07T10:30:00+05:30,807.0,810.0,802.15,808.8,84668,0
2026-05-07T10:45:00+05:30,808.1,808.55,804.05,806.4,36020,0
2026-05-07T11:00:00+05:30,806.6,807.25,798.1,802.0,64940,0
2026-05-07T11:15:00+05:30,802.0,805.35,801.7,802.55,25910,0
2026-05-07T11:30:00+05:30,802.6,803.5,797.0,797.2,31751,0
2026-05-07T11:45:00+05:30,797.4,799.25,796.5,796.6,28052,0
2026-05-07T12:00:00+05:30,796.8,800.0,795.05,797.65,23595,0
2026-05-07T12:15:00+05:30,798.0,801.45,796.0,796.5,51405,0
2026-05-07T12:30:00+05:30,796.5,796.65,786.6,787.1,138540,0
2026-05-07T12:45:00+05:30,787.1,794.6,787.1,793.5,44788,0
2026-05-07T13:00:00+05:30,793.45,793.55,790.0,791.05,29598,0
2026-05-07T13:15:00+05:30,791.0,792.8,787.5,791.0,33139,0
2026-05-07T13:30:00+05:30,790.75,795.0,790.6,793.4,42529,0
2026-05-07T13:45:00+05:30,793.4,794.4,790.3,793.05,29807,0
2026-05-07T14:00:00+05:30,793.2,794.25,791.45,793.35,18802,0
2026-05-07T14:15:00+05:30,793.45,796.0,791.05,795.9,36442,0
2026-05-07T14:30:00+05:30,795.9,797.95,793.1,793.35,48789,0
2026-05-07T14:45:00+05:30,793.35,794.65,792.0,792.0,26484,0
2026-05-07T15:00:00+05:30,792.05,793.0,786.4,787.0,69116,0
2026-05-07T15:15:00+05:30,787.5,799.0,785.3,796.8,187550,0
2026-05-08T09:15:00+05:30,795.0,807.0,762.0,763.1,318634,0
2026-05-08T09:30:00+05:30,763.3,775.2,758.45,772.5,193958,0
2026-05-08T09:45:00+05:30,772.05,776.2,767.15,773.45,73050,0
2026-05-08T10:00:00+05:30,773.4,775.0,769.05,773.1,50187,0
2026-05-08T10:15:00+05:30,773.4,784.25,770.25,779.05,137585,0
2026-05-08T10:30:00+05:30,779.2,785.9,776.3,783.2,43605,0
2026-05-08T10:45:00+05:30,783.85,795.0,782.45,792.0,98443,0
2026-05-08T11:00:00+05:30,792.0,824.0,791.0,821.0,342922,0
2026-05-08T11:15:00+05:30,821.3,832.0,813.55,827.9,508262,0
2026-05-08T11:30:00+05:30,827.5,828.7,816.0,817.0,177789,0
2026-05-08T11:45:00+05:30,817.0,820.3,815.6,818.95,78973,0
2026-05-08T12:00:00+05:30,818.95,821.75,816.6,818.8,40147,0
2026-05-08T12:15:00+05:30,818.9,820.0,813.65,815.1,65785,0
2026-05-08T12:30:00+05:30,815.45,815.45,804.4,810.8,133285,0
2026-05-08T12:45:00+05:30,810.8,814.45,803.2,811.55,79846,0
2026-05-08T13:00:00+05:30,811.55,815.0,810.05,813.45,30615,0
2026-05-08T13:15:00+05:30,813.9,814.1,810.0,812.75,28800,0
2026-05-08T13:30:00+05:30,812.75,812.95,808.6,810.05,22388,0
2026-05-08T13:45:00+05:30,810.35,811.0,808.5,808.5,21995,0
2026-05-08T14:00:00+05:30,808.5,812.0,807.45,808.0,31011,0
2026-05-08T14:15:00+05:30,808.3,811.0,805.0,810.4,25916,0
2026-05-08T14:30:00+05:30,810.4,821.0,809.55,817.05,95313,0
2026-05-08T14:45:00+05:30,817.3,819.0,811.2,813.9,64293,0
2026-05-08T15:00:00+05:30,814.1,816.1,809.95,810.5,71024,0
2026-05-08T15:15:00+05:30,811.0,818.8,810.0,812.8,194032,0
2026-05-11T09:15:00+05:30,814.0,820.0,802.0,809.2,212677,0
2026-05-11T09:30:00+05:30,809.25,810.0,793.55,799.6,129934,0
2026-05-11T09:45:00+05:30,799.5,801.0,790.0,791.25,69719,0
2026-05-11T10:00:00+05:30,791.2,797.0,790.0,795.7,48290,0
2026-05-11T10:15:00+05:30,795.25,797.0,792.45,795.45,32386,0
2026-05-11T10:30:00+05:30,795.0,797.0,793.0,794.55,19016,0
2026-05-11T10:45:00+05:30,794.8,795.0,790.65,793.55,31104,0
2026-05-11T11:00:00+05:30,793.2,795.0,792.15,794.9,17395,0
2026-05-11T11:15:00+05:30,794.85,797.5,794.0,796.0,20511,0
2026-05-11T11:30:00+05:30,796.0,801.7,795.0,801.7,26516,0
2026-05-11T11:45:00+05:30,801.6,804.8,797.35,802.95,29026,0
2026-05-11T12:00:00+05:30,802.95,802.95,796.0,796.95,18596,0
2026-05-11T12:15:00+05:30,797.0,798.75,796.45,797.55,12794,0
2026-05-11T12:30:00+05:30,797.3,798.6,795.0,798.3,9758,0
2026-05-11T12:45:00+05:30,798.55,799.95,796.0,797.85,16048,0
2026-05-11T13:00:00+05:30,798.2,799.0,795.95,797.65,10448,0
2026-05-11T13:15:00+05:30,797.75,799.6,795.0,797.6,8939,0
2026-05-11T13:30:00+05:30,797.6,802.55,796.35,797.05,21880,0
2026-05-11T13:45:00+05:30,797.55,798.95,795.0,795.5,15098,0
2026-05-11T14:00:00+05:30,795.5,797.8,794.15,796.1,11136,0
2026-05-11T14:15:00+05:30,796.3,796.95,795.0,796.2,9801,0
2026-05-11T14:30:00+05:30,796.2,799.9,796.2,798.0,20906,0
2026-05-11T14:45:00+05:30,798.4,799.5,795.6,798.45,14515,0
2026-05-11T15:00:00+05:30,798.75,801.3,793.0,794.25,41197,0
2026-05-11T15:15:00+05:30,794.5,796.9,792.0,795.5,103204,0
2026-05-12T09:15:00+05:30,795.15,796.95,768.0,768.8,158295,0
2026-05-12T09:30:00+05:30,769.05,780.9,764.45,779.75,111169,0
2026-05-12T09:45:00+05:30,779.65,786.25,779.25,781.3,57041,0
2026-05-12T10:00:00+05:30,781.25,786.5,778.1,786.0,36173,0
2026-05-12T10:15:00+05:30,786.0,790.0,782.05,784.0,26502,0
2026-05-12T10:30:00+05:30,783.95,784.75,773.2,775.0,32797,0
2026-05-12T10:45:00+05:30,774.7,774.95,770.1,771.05,22904,0
2026-05-12T11:00:00+05:30,771.5,773.65,770.1,771.6,22694,0
2026-05-12T11:15:00+05:30,771.5,771.6,768.0,770.05,26810,0
2026-05-12T11:30:00+05:30,769.5,773.05,766.3,768.1,29970,0
2026-05-12T11:45:00+05:30,768.1,769.35,764.45,768.5,26766,0
2026-05-12T12:00:00+05:30,768.5,769.0,760.7,762.4,21747,0
2026-05-12T12:15:00+05:30,762.4,765.95,761.9,764.55,17117,0
2026-05-12T12:30:00+05:30,764.45,764.55,752.0,755.85,57032,0
2026-05-12T12:45:00+05:30,755.75,759.65,755.5,758.6,20618,0
2026-05-12T13:00:00+05:30,758.7,759.0,752.0,753.9,26290,0
2026-05-12T13:15:00+05:30,753.85,755.0,750.2,753.6,33780,0
2026-05-12T13:30:00+05:30,754.0,757.3,745.5,747.4,49897,0
2026-05-12T13:45:00+05:30,748.0,752.95,746.5,747.9,42178,0
2026-05-12T14:00:00+05:30,747.5,748.0,733.1,733.95,89750,0
2026-05-12T14:15:00+05:30,734.05,735.5,720.3,735.0,158151,0
2026-05-12T14:30:00+05:30,735.0,737.5,727.3,734.3,62413,0
2026-05-12T14:45:00+05:30,734.4,737.45,730.0,732.7,55502,0
2026-05-12T15:00:00+05:30,732.25,732.7,720.0,727.75,108307,0
2026-05-12T15:15:00+05:30,727.3,744.25,727.25,742.1,152011,0
2026-05-13T09:15:00+05:30,732.2,766.95,732.2,759.7,223703,0
2026-05-13T09:30:00+05:30,759.45,763.6,749.95,761.0,114310,0
2026-05-13T09:45:00+05:30,761.0,786.0,760.8,783.8,209728,0
2026-05-13T10:00:00+05:30,784.0,798.5,778.0,790.85,357483,0
2026-05-13T10:15:00+05:30,790.85,791.9,783.0,786.2,143647,0
2026-05-13T10:30:00+05:30,786.45,789.0,783.4,788.45,46538,0
2026-05-13T10:45:00+05:30,788.35,789.6,776.35,777.7,81485,0
2026-05-13T11:00:00+05:30,777.05,779.4,769.0,773.45,99596,0
2026-05-13T11:15:00+05:30,773.45,779.5,771.0,774.2,61951,0
2026-05-13T11:30:00+05:30,774.4,778.0,771.0,772.0,36984,0
2026-05-13T11:45:00+05:30,772.4,777.3,770.2,776.9,29801,0
2026-05-13T12:00:00+05:30,776.9,782.4,776.2,782.4,46694,0
2026-05-13T12:15:00+05:30,782.4,784.6,776.2,776.85,40978,0
2026-05-13T12:30:00+05:30,776.85,779.2,766.3,772.5,48486,0
2026-05-13T12:45:00+05:30,772.5,777.6,772.05,776.3,18406,0
2026-05-13T13:00:00+05:30,776.4,776.7,771.0,774.8,21279,0
2026-05-13T13:15:00+05:30,774.3,777.85,771.85,777.5,31543,0
2026-05-13T13:30:00+05:30,777.5,780.0,776.75,778.5,22750,0
2026-05-13T13:45:00+05:30,778.9,779.0,776.0,777.8,18870,0
2026-05-13T14:00:00+05:30,777.8,782.0,777.8,781.25,38187,0
2026-05-13T14:15:00+05:30,781.4,785.0,777.85,779.25,37994,0
2026-05-13T14:30:00+05:30,779.5,784.0,775.25,777.75,27444,0
2026-05-13T14:45:00+05:30,777.2,777.9,773.5,775.3,26520,0
2026-05-13T15:00:00+05:30,775.15,775.5,768.0,768.1,62517,0
2026-05-13T15:15:00+05:30,768.1,774.0,766.5,771.0,66170,0
2026-05-14T09:15:00+05:30,780.05,803.3,777.95,801.1,238888,0
2026-05-14T09:30:00+05:30,800.95,823.0,800.15,817.55,544339,0
2026-05-14T09:45:00+05:30,817.3,824.7,803.3,805.8,331024,0
2026-05-14T10:00:00+05:30,806.0,837.15,803.05,834.25,498336,0
2026-05-14T10:15:00+05:30,833.7,839.0,830.2,832.1,308508,0
2026-05-14T10:30:00+05:30,831.95,836.5,825.1,831.9,138652,0
2026-05-14T10:45:00+05:30,831.9,833.75,821.2,823.85,101868,0
2026-05-14T11:00:00+05:30,824.0,828.55,822.1,826.45,66634,0
2026-05-14T11:15:00+05:30,826.4,832.85,823.2,828.8,88448,0
2026-05-14T11:30:00+05:30,828.3,832.85,824.35,830.0,57505,0
2026-05-14T11:45:00+05:30,830.5,838.0,829.35,835.0,109314,0
2026-05-14T12:00:00+05:30,835.0,844.4,832.55,843.0,296299,0
2026-05-14T12:15:00+05:30,843.0,845.0,840.0,842.25,124631,0
2026-05-14T12:30:00+05:30,842.75,845.0,837.5,844.2,144165,0
2026-05-14T12:45:00+05:30,844.2,848.0,823.85,832.4,408185,0
2026-05-14T13:00:00+05:30,833.25,833.8,830.0,832.05,51030,0
2026-05-14T13:15:00+05:30,832.2,844.7,831.3,844.7,91348,0
2026-05-14T13:30:00+05:30,844.0,845.0,840.05,840.55,70034,0
2026-05-14T13:45:00+05:30,841.65,845.0,840.55,843.15,43169,0
2026-05-14T14:00:00+05:30,843.95,845.0,841.05,844.5,48336,0
2026-05-14T14:15:00+05:30,844.5,848.2,844.25,848.2,298790,0
2026-05-14T14:30:00+05:30,848.2,848.2,848.2,848.2,25590,0
2026-05-14T14:45:00+05:30,848.2,848.2,848.2,848.2,11747,0
2026-05-14T15:00:00+05:30,848.2,848.2,848.2,848.2,9029,0
2026-05-14T15:15:00+05:30,848.2,848.2,848.2,848.2,17218,0
2026-05-15T09:15:00+05:30,875.0,888.0,836.65,839.7,1075512,0
2026-05-15T09:30:00+05:30,839.55,851.75,834.0,842.9,243628,0
2026-05-15T09:45:00+05:30,843.45,854.8,842.25,842.75,104628,0
2026-05-15T10:00:00+05:30,842.3,842.45,825.65,831.6,167450,0
2026-05-15T10:15:00+05:30,831.25,834.4,828.2,833.0,54500,0
2026-05-15T10:30:00+05:30,833.2,843.15,828.85,837.4,65565,0
2026-05-15T10:45:00+05:30,837.4,849.0,833.5,845.45,91093,0
2026-05-15T11:00:00+05:30,845.4,845.9,837.05,838.65,41898,0
2026-05-15T11:15:00+05:30,838.15,839.3,834.0,836.1,36301,0
2026-05-15T11:30:00+05:30,835.6,837.85,831.95,835.9,23240,0
2026-05-15T11:45:00+05:30,835.55,839.15,831.0,831.9,21804,0
2026-05-15T12:00:00+05:30,832.0,835.6,816.0,822.85,62474,0
2026-05-15T12:15:00+05:30,822.7,826.65,818.0,821.05,81509,0
2026-05-15T12:30:00+05:30,821.0,821.0,802.2,817.5,161783,0
2026-05-15T12:45:00+05:30,817.8,825.9,816.45,823.0,39223,0
2026-05-15T13:00:00+05:30,823.4,824.85,820.0,823.35,20037,0
2026-05-15T13:15:00+05:30,823.1,825.75,815.55,823.0,30507,0
2026-05-15T13:30:00+05:30,823.0,827.05,822.0,823.95,32201,0
2026-05-15T13:45:00+05:30,824.3,824.7,820.05,823.0,39055,0
2026-05-15T14:00:00+05:30,823.0,827.0,821.8,823.05,17618,0
2026-05-15T14:15:00+05:30,823.15,825.35,821.6,823.25,22397,0
2026-05-15T14:30:00+05:30,823.15,832.75,821.8,831.95,61428,0
2026-05-15T14:45:00+05:30,831.95,833.65,808.85,818.7,98850,0
2026-05-15T15:00:00+05:30,818.1,821.1,814.7,817.0,107424,0
2026-05-15T15:15:00+05:30,817.4,823.75,815.05,819.0,136303,0
2026-05-18T09:15:00+05:30,803.0,834.95,801.7,812.4,294202,0
2026-05-18T09:30:00+05:30,812.5,812.95,784.2,787.15,177188,0
2026-05-18T09:45:00+05:30,786.45,790.0,777.5,784.95,118900,0
2026-05-18T10:00:00+05:30,785.0,788.55,778.5,785.9,37190,0
2026-05-18T10:15:00+05:30,785.45,787.5,761.1,761.75,91860,0
2026-05-18T10:30:00+05:30,762.0,778.95,761.95,775.15,86718,0
2026-05-18T10:45:00+05:30,774.9,779.8,770.45,775.55,36569,0
2026-05-18T11:00:00+05:30,776.0,782.95,773.25,777.4,20534,0
2026-05-18T11:15:00+05:30,777.7,786.0,777.0,784.25,29395,0
2026-05-18T11:30:00+05:30,784.25,790.05,782.4,784.65,41048,0
2026-05-18T11:45:00+05:30,785.2,787.1,780.05,780.7,29299,0
2026-05-18T12:00:00+05:30,780.7,789.0,780.7,786.1,19349,0
2026-05-18T12:15:00+05:30,786.7,796.85,783.0,793.35,41447,0
2026-05-18T12:30:00+05:30,793.0,794.95,790.1,791.1,17751,0
2026-05-18T12:45:00+05:30,791.35,794.4,786.9,792.5,26246,0
2026-05-18T13:00:00+05:30,792.65,793.25,762.0,791.05,111141,0
2026-05-18T13:15:00+05:30,791.0,792.5,789.0,790.15,23027,0
2026-05-18T13:30:00+05:30,790.9,794.8,790.6,794.0,14931,0
2026-05-18T13:45:00+05:30,793.55,797.35,792.25,796.05,17802,0
2026-05-18T14:00:00+05:30,796.05,796.05,790.9,795.15,29859,0
2026-05-18T14:15:00+05:30,794.5,804.85,793.2,803.6,65732,0
2026-05-18T14:30:00+05:30,803.6,810.85,800.0,810.35,50647,0
2026-05-18T14:45:00+05:30,810.4,824.9,810.4,821.2,114910,0
2026-05-18T15:00:00+05:30,821.2,824.6,814.0,821.0,68930,0
2026-05-18T15:15:00+05:30,821.7,822.9,810.25,816.0,82063,0
2026-05-19T09:15:00+05:30,780.4,817.0,777.1,777.7,95574,0
2026-05-19T09:30:00+05:30,781.6,784.0,776.85,776.85,32666,0
2026-05-19T09:45:00+05:30,776.85,776.85,776.85,776.85,6295,0
2026-05-19T10:00:00+05:30,776.85,790.0,776.85,790.0,48647,0
2026-05-19T10:15:00+05:30,788.0,790.0,776.85,780.0,32405,0
2026-05-19T10:30:00+05:30,780.0,780.0,776.85,779.95,30940,0
2026-05-19T10:45:00+05:30,779.95,784.75,777.0,780.0,9339,0
2026-05-19T11:00:00+05:30,780.0,786.8,778.05,784.9,11107,0
2026-05-19T11:15:00+05:30,784.65,787.4,776.85,776.9,15749,0
2026-05-19T11:30:00+05:30,776.9,776.9,776.85,776.85,5805,0
2026-05-19T11:45:00+05:30,776.85,776.85,776.85,776.85,1539,0
2026-05-19T12:00:00+05:30,776.85,776.85,776.85,776.85,2520,0
2026-05-19T12:15:00+05:30,776.85,777.0,776.85,777.0,6031,0
2026-05-19T12:30:00+05:30,777.0,779.95,776.85,776.85,14601,0
2026-05-19T12:45:00+05:30,776.85,778.55,776.85,776.85,3497,0
2026-05-19T13:00:00+05:30,776.85,777.35,776.85,776.85,5907,0
2026-05-19T13:15:00+05:30,776.85,776.85,776.85,776.85,1759,0
2026-05-19T13:30:00+05:30,776.85,776.85,776.85,776.85,2123,0
2026-05-19T13:45:00+05:30,776.85,776.85,776.85,776.85,937,0
2026-05-19T14:00:00+05:30,776.85,776.85,776.85,776.85,3249,0
2026-05-19T14:15:00+05:30,776.85,776.85,776.85,776.85,1079,0
2026-05-19T14:30:00+05:30,776.85,776.85,776.85,776.85,814,0
2026-05-19T14:45:00+05:30,776.85,776.85,776.85,776.85,1330,0
2026-05-19T15:00:00+05:30,776.85,776.85,776.85,776.85,1354,0
2026-05-19T15:15:00+05:30,776.85,776.85,776.85,776.85,2712,0
2026-05-20T09:15:00+05:30,746.0,756.0,738.05,749.0,115968,0
2026-05-20T09:30:00+05:30,749.0,755.0,739.5,749.2,40369,0
2026-05-20T09:45:00+05:30,749.2,756.0,747.0,753.0,22329,0
2026-05-20T10:00:00+05:30,756.0,758.8,745.0,754.6,22613,0
2026-05-20T10:15:00+05:30,754.0,757.5,751.0,753.0,8021,0
2026-05-20T10:30:00+05:30,753.0,759.8,751.0,755.8,10908,0
2026-05-20T10:45:00+05:30,755.8,764.0,751.0,764.0,16740,0
2026-05-20T11:00:00+05:30,764.4,771.25,760.0,764.0,21199,0
2026-05-20T11:15:00+05:30,763.9,766.0,760.0,764.0,5142,0
2026-05-20T11:30:00+05:30,764.0,769.95,762.1,764.3,12514,0
2026-05-20T11:45:00+05:30,764.3,764.5,761.4,762.0,4240,0
2026-05-20T12:00:00+05:30,762.0,768.95,761.5,765.0,4987,0
2026-05-20T12:15:00+05:30,766.15,766.15,752.1,760.0,5872,0
2026-05-20T12:30:00+05:30,760.0,764.95,759.0,763.0,2094,0
2026-05-20T12:45:00+05:30,763.0,764.0,761.2,761.7,1791,0
2026-05-20T13:00:00+05:30,761.6,764.0,754.0,754.1,3354,0
2026-05-20T13:15:00+05:30,754.9,754.9,751.0,753.25,3473,0
2026-05-20T13:30:00+05:30,751.0,754.2,750.0,751.45,5730,0
2026-05-20T13:45:00+05:30,750.1,754.2,746.0,751.0,7151,0
2026-05-20T14:00:00+05:30,751.0,753.35,748.5,750.0,4708,0
2026-05-20T14:15:00+05:30,750.0,755.0,747.25,748.35,6393,0
2026-05-20T14:30:00+05:30,748.35,754.3,748.0,748.9,4600,0
2026-05-20T14:45:00+05:30,748.0,756.0,748.0,755.0,7441,0
2026-05-20T15:00:00+05:30,756.0,760.0,751.0,751.5,9789,0
2026-05-20T15:15:00+05:30,751.0,757.0,748.1,748.1,22685,0
2026-05-21T09:15:00+05:30,756.0,769.5,738.0,754.9,63889,0
2026-05-21T09:30:00+05:30,754.9,754.9,750.0,752.5,21449,0
2026-05-21T09:45:00+05:30,751.2,753.0,748.0,753.0,14104,0
2026-05-21T10:00:00+05:30,752.95,753.0,742.2,744.0,15924,0
2026-05-21T10:15:00+05:30,742.2,749.0,740.3,749.0,12003,0
2026-05-21T10:30:00+05:30,748.1,749.0,741.15,743.0,5863,0
2026-05-21T10:45:00+05:30,744.0,750.0,741.1,748.0,11241,0
2026-05-21T11:00:00+05:30,745.0,748.75,743.0,747.9,5859,0
2026-05-21T11:15:00+05:30,745.0,748.0,740.3,742.0,7250,0
2026-05-21T11:30:00+05:30,742.0,744.0,740.4,743.9,2267,0
2026-05-21T11:45:00+05:30,743.9,743.9,740.5,743.65,3347,0
2026-05-21T12:00:00+05:30,743.65,743.65,740.0,740.0,8930,0
2026-05-21T12:15:00+05:30,741.0,742.0,738.5,741.8,6313,0
2026-05-21T12:30:00+05:30,739.0,741.8,733.0,734.0,13979,0
2026-05-21T12:45:00+05:30,734.1,738.0,727.0,735.5,15028,0
2026-05-21T13:00:00+05:30,735.5,737.95,733.0,735.0,4768,0
2026-05-21T13:15:00+05:30,735.0,737.95,730.15,735.5,5733,0
2026-05-21T13:30:00+05:30,735.5,737.95,730.5,735.0,6317,0
2026-05-21T13:45:00+05:30,735.0,739.0,732.0,735.0,1863,0
2026-05-21T14:00:00+05:30,735.0,739.0,730.0,739.0,6640,0
2026-05-21T14:15:00+05:30,738.95,740.0,734.0,738.1,3600,0
2026-05-21T14:30:00+05:30,738.1,741.55,738.1,741.55,4157,0
2026-05-21T14:45:00+05:30,741.55,745.0,740.0,743.05,6850,0
2026-05-21T15:00:00+05:30,743.75,745.5,735.0,736.05,11041,0
2026-05-21T15:15:00+05:30,738.0,741.5,736.0,739.05,18046,0
2026-05-22T09:15:00+05:30,739.05,746.0,728.35,738.95,18036,0
2026-05-22T09:30:00+05:30,738.95,738.95,731.0,738.1,11785,0
2026-05-22T09:45:00+05:30,738.25,769.0,732.9,766.0,71971,0
2026-05-22T10:00:00+05:30,765.9,766.4,760.05,762.7,18959,0
2026-05-22T10:15:00+05:30,762.7,763.0,755.05,760.0,11726,0
2026-05-22T10:30:00+05:30,760.0,765.0,757.05,761.0,37456,0
2026-05-22T10:45:00+05:30,761.0,765.0,760.0,763.1,6363,0
2026-05-22T11:00:00+05:30,764.9,765.0,758.0,764.0,12625,0
2026-05-22T11:15:00+05:30,760.0,775.95,760.0,772.2,87853,0
2026-05-22T11:30:00+05:30,772.2,775.95,771.0,775.95,17346,0
2026-05-22T11:45:00+05:30,775.95,775.95,775.95,775.95,4379,0
2026-05-22T12:00:00+05:30,775.95,775.95,775.95,775.95,1033,0
2026-05-22T12:15:00+05:30,775.95,775.95,775.95,775.95,1992,0
2026-05-22T12:30:00+05:30,775.95,775.95,775.95,775.95,1359,0
2026-05-22T12:45:00+05:30,775.95,775.95,775.95,775.95,1814,0
2026-05-22T13:00:00+05:30,775.95,775.95,775.95,775.95,1047,0
2026-05-22T13:15:00+05:30,775.95,775.95,775.95,775.95,413,0
2026-05-22T13:30:00+05:30,775.95,775.95,775.95,775.95,2743,0
2026-05-22T13:45:00+05:30,775.95,775.95,775.95,775.95,2235,0
2026-05-22T14:00:00+05:30,775.95,775.95,775.95,775.95,1175,0
2026-05-22T14:15:00+05:30,775.95,775.95,775.95,775.95,854,0
2026-05-22T14:30:00+05:30,775.95,775.95,775.95,775.95,4142,0
2026-05-22T14:45:00+05:30,775.95,775.95,775.95,775.95,1686,0
2026-05-22T15:00:00+05:30,775.95,775.95,775.95,775.95,3947,0
2026-05-22T15:15:00+05:30,775.95,775.95,775.95,775.95,4651,0
2026-05-25T09:15:00+05:30,814.0,814.7,810.0,814.7,125596,0
2026-05-25T09:30:00+05:30,814.7,814.7,814.7,814.7,12722,0
2026-05-25T09:45:00+05:30,814.7,814.7,814.7,814.7,5118,0
2026-05-25T10:00:00+05:30,814.7,814.7,814.7,814.7,3822,0
2026-05-25T10:15:00+05:30,814.7,814.7,814.7,814.7,3970,0
2026-05-25T10:30:00+05:30,814.7,814.7,814.7,814.7,3305,0
2026-05-25T10:45:00+05:30,814.7,814.7,814.7,814.7,2473,0
2026-05-25T11:00:00+05:30,814.7,814.7,814.7,814.7,2748,0
2026-05-25T11:15:00+05:30,814.7,814.7,814.7,814.7,4696,0
2026-05-25T11:30:00+05:30,814.7,814.7,814.7,814.7,2115,0
2026-05-25T11:45:00+05:30,814.7,814.7,814.7,814.7,2666,0
2026-05-25T12:00:00+05:30,814.7,814.7,814.7,814.7,1336,0
2026-05-25T12:15:00+05:30,814.7,814.7,814.7,814.7,1042,0
2026-05-25T12:30:00+05:30,814.7,814.7,814.7,814.7,1332,0
2026-05-25T12:45:00+05:30,814.7,814.7,814.7,814.7,3112,0
2026-05-25T13:00:00+05:30,814.7,814.7,814.7,814.7,799,0
2026-05-25T13:15:00+05:30,814.7,814.7,814.7,814.7,1799,0
2026-05-25T13:30:00+05:30,814.7,814.7,814.7,814.7,871,0
2026-05-25T13:45:00+05:30,814.7,814.7,814.7,814.7,2514,0
2026-05-25T14:00:00+05:30,814.7,814.7,814.7,814.7,4759,0
2026-05-25T14:15:00+05:30,814.7,814.7,814.7,814.7,1786,0
2026-05-25T14:30:00+05:30,814.7,814.7,814.7,814.7,5052,0
2026-05-25T14:45:00+05:30,814.7,814.7,814.7,814.7,1550,0
2026-05-25T15:00:00+05:30,814.7,814.7,814.7,814.7,2380,0
2026-05-25T15:15:00+05:30,814.7,814.7,814.7,814.7,2804,0
2026-05-26T09:15:00+05:30,845.0,855.4,830.0,855.4,263211,0
2026-05-26T09:30:00+05:30,855.4,855.4,855.4,855.4,17406,0
2026-05-26T09:45:00+05:30,855.4,855.4,855.4,855.4,9225,0
2026-05-26T10:00:00+05:30,855.4,855.4,855.4,855.4,11220,0
2026-05-26T10:15:00+05:30,855.4,855.4,855.4,855.4,5284,0
2026-05-26T10:30:00+05:30,855.4,855.4,855.4,855.4,5079,0
2026-05-26T10:45:00+05:30,855.4,855.4,855.4,855.4,7022,0
2026-05-26T11:00:00+05:30,855.4,855.4,855.4,855.4,3068,0
2026-05-26T11:15:00+05:30,855.4,855.4,855.4,855.4,4737,0
2026-05-26T11:30:00+05:30,855.4,855.4,855.4,855.4,5495,0
2026-05-26T11:45:00+05:30,855.4,855.4,855.4,855.4,3881,0
2026-05-26T12:00:00+05:30,855.4,855.4,855.4,855.4,4546,0
2026-05-26T12:15:00+05:30,855.4,855.4,855.4,855.4,66457,0
2026-05-26T12:30:00+05:30,855.4,855.4,855.4,855.4,24422,0
2026-05-26T12:45:00+05:30,855.4,855.4,855.4,855.4,15484,0
2026-05-26T13:00:00+05:30,855.4,855.4,855.4,855.4,13729,0
2026-05-26T13:15:00+05:30,855.4,855.4,852.0,855.4,57304,0
2026-05-26T13:30:00+05:30,855.4,855.4,854.0,855.4,14814,0
2026-05-26T13:45:00+05:30,855.4,855.4,853.55,855.4,15547,0
2026-05-26T14:00:00+05:30,855.4,855.4,855.4,855.4,4194,0
2026-05-26T14:15:00+05:30,855.4,855.4,855.4,855.4,5315,0
2026-05-26T14:30:00+05:30,855.4,855.4,855.4,855.4,3552,0
2026-05-26T14:45:00+05:30,855.4,855.4,855.4,855.4,24932,0
2026-05-26T15:00:00+05:30,855.4,855.4,855.4,855.4,4066,0
2026-05-26T15:15:00+05:30,855.4,855.4,855.4,855.4,5671,0
2026-05-27T09:15:00+05:30,842.0,882.0,822.0,879.0,182300,0
2026-05-27T09:30:00+05:30,879.0,879.8,830.0,840.0,70607,0
2026-05-27T09:45:00+05:30,840.0,859.9,830.2,859.0,31527,0
2026-05-27T10:00:00+05:30,859.0,865.0,838.2,846.5,18449,0
2026-05-27T10:15:00+05:30,846.5,849.8,839.0,840.0,27411,0
2026-05-27T10:30:00+05:30,840.0,840.0,829.0,837.9,30748,0
2026-05-27T10:45:00+05:30,834.85,848.05,834.85,848.05,11084,0
2026-05-27T11:00:00+05:30,848.7,850.5,835.15,839.0,10797,0
2026-05-27T11:15:00+05:30,839.3,850.1,835.0,837.0,12721,0
2026-05-27T11:30:00+05:30,835.0,853.0,835.0,844.05,16243,0
2026-05-27T11:45:00+05:30,844.1,855.0,843.0,852.0,16573,0
2026-05-27T12:00:00+05:30,851.0,866.0,843.0,860.0,29442,0
2026-05-27T12:15:00+05:30,858.55,870.0,858.0,860.0,19684,0
2026-05-27T12:30:00+05:30,860.0,860.85,854.0,858.6,4007,0
2026-05-27T12:45:00+05:30,858.6,865.0,855.0,865.0,7558,0
2026-05-27T13:00:00+05:30,863.0,866.0,858.0,858.0,10341,0
2026-05-27T13:15:00+05:30,858.0,860.5,856.4,857.0,4413,0
2026-05-27T13:30:00+05:30,858.95,859.4,855.0,855.0,6053,0
2026-05-27T13:45:00+05:30,855.0,855.0,842.1,844.0,11222,0
2026-05-27T14:00:00+05:30,845.0,852.0,842.1,849.0,6238,0
2026-05-27T14:15:00+05:30,850.0,850.3,843.0,848.0,6899,0
2026-05-27T14:30:00+05:30,848.0,850.0,844.0,846.0,8466,0
2026-05-27T14:45:00+05:30,846.05,850.0,843.1,844.0,7072,0
2026-05-27T15:00:00+05:30,844.2,849.0,843.5,847.0,6896,0
2026-05-27T15:15:00+05:30,847.0,850.0,838.0,840.0,22685,0
2026-05-29T09:15:00+05:30,880.0,880.0,853.15,863.0,60993,0
2026-05-29T09:30:00+05:30,862.6,865.5,854.0,856.95,20687,0
2026-05-29T09:45:00+05:30,856.95,856.95,845.5,852.0,11775,0
2026-05-29T10:00:00+05:30,852.0,858.9,850.0,854.0,15422,0
2026-05-29T10:15:00+05:30,853.1,867.5,853.1,867.5,17971,0
2026-05-29T10:30:00+05:30,867.6,879.0,866.0,878.1,39465,0
2026-05-29T10:45:00+05:30,878.0,879.45,861.1,873.0,22577,0
2026-05-29T11:00:00+05:30,870.0,874.0,866.05,871.0,6901,0
2026-05-29T11:15:00+05:30,871.0,873.95,866.7,871.0,9060,0
2026-05-29T11:30:00+05:30,871.0,874.0,867.05,870.0,9084,0
2026-05-29T11:45:00+05:30,870.0,872.9,865.0,868.0,8790,0
2026-05-29T12:00:00+05:30,866.6,870.0,863.0,865.55,6017,0
2026-05-29T12:15:00+05:30,869.4,870.0,860.0,863.0,9639,0
2026-05-29T12:30:00+05:30,862.0,870.0,860.6,863.9,3782,0
2026-05-29T12:45:00+05:30,863.0,864.0,855.25,863.85,6626,0
2026-05-29T13:00:00+05:30,857.5,863.8,856.55,860.0,5427,0
2026-05-29T13:15:00+05:30,860.0,862.0,856.75,860.0,7308,0
2026-05-29T13:30:00+05:30,861.0,861.0,852.0,860.0,8288,0
2026-05-29T13:45:00+05:30,860.0,861.5,854.0,856.2,5443,0
2026-05-29T14:00:00+05:30,856.25,860.5,855.45,860.3,13313,0
2026-05-29T14:15:00+05:30,857.05,862.5,851.5,856.0,8270,0
2026-05-29T14:30:00+05:30,852.5,861.0,850.0,861.0,14220,0
2026-05-29T14:45:00+05:30,860.0,864.0,815.3,850.0,27684,0
2026-05-29T15:00:00+05:30,850.0,856.0,835.0,845.0,19911,0
2026-05-29T15:15:00+05:30,842.0,850.0,835.65,842.75,16845,0
2026-06-01T09:15:00+05:30,856.0,866.0,819.0,830.0,42993,0
2026-06-01T09:30:00+05:30,830.0,835.0,802.75,802.75,52393,0
2026-06-01T09:45:00+05:30,802.75,809.8,802.75,802.75,67276,0
2026-06-01T10:00:00+05:30,802.75,802.75,802.75,802.75,16502,0
2026-06-01T10:15:00+05:30,802.75,802.75,802.75,802.75,10530,0
2026-06-01T10:30:00+05:30,802.75,805.0,802.75,805.0,13150,0
2026-06-01T10:45:00+05:30,806.0,840.0,805.0,838.0,20782,0
2026-06-01T11:00:00+05:30,838.8,838.8,830.0,832.1,6420,0
2026-06-01T11:15:00+05:30,832.85,837.8,829.0,829.0,9433,0
2026-06-01T11:30:00+05:30,829.0,830.0,818.0,821.5,4797,0
2026-06-01T11:45:00+05:30,821.5,825.0,820.0,822.0,2712,0
2026-06-01T12:00:00+05:30,820.0,825.0,810.0,820.45,6078,0
2026-06-01T12:15:00+05:30,820.45,824.0,809.6,816.0,1824,0
2026-06-01T12:30:00+05:30,815.8,816.0,804.0,808.0,10093,0
2026-06-01T12:45:00+05:30,806.1,808.0,803.0,803.2,10979,0
2026-06-01T13:00:00+05:30,804.0,816.0,804.0,809.0,3169,0
2026-06-01T13:15:00+05:30,810.15,819.0,804.0,806.0,3524,0
2026-06-01T13:30:00+05:30,806.0,817.9,805.0,813.0,5285,0
2026-06-01T13:45:00+05:30,813.0,813.8,805.0,811.9,2957,0
2026-06-01T14:00:00+05:30,811.9,812.0,803.25,808.0,5058,0
2026-06-01T14:15:00+05:30,808.95,809.0,803.25,804.0,6415,0
2026-06-01T14:30:00+05:30,804.5,807.95,804.0,807.85,5084,0
2026-06-01T14:45:00+05:30,805.5,810.0,804.0,804.05,4816,0
2026-06-01T15:00:00+05:30,805.5,808.0,804.0,808.0,14992,0
2026-06-01T15:15:00+05:30,808.7,810.0,803.0,806.2,23931,0
2026-06-02T09:15:00+05:30,805.0,819.0,776.8,815.1,39150,0
2026-06-02T09:30:00+05:30,816.0,823.5,805.75,809.0,20490,0
2026-06-02T09:45:00+05:30,808.95,815.55,805.6,807.0,8300,0
2026-06-02T10:00:00+05:30,809.0,824.8,807.0,822.0,17133,0
2026-06-02T10:15:00+05:30,822.0,824.0,814.6,818.0,5352,0
2026-06-02T10:30:00+05:30,818.0,825.0,816.2,825.0,6765,0
2026-06-02T10:45:00+05:30,825.0,825.0,818.0,823.05,6572,0
2026-06-02T11:00:00+05:30,823.05,841.7,820.0,840.8,25438,0
2026-06-02T11:15:00+05:30,840.0,841.7,825.1,834.0,10733,0
2026-06-02T11:30:00+05:30,834.0,834.5,831.0,832.9,4287,0
2026-06-02T11:45:00+05:30,832.4,833.25,832.0,833.25,3516,0
2026-06-02T12:00:00+05:30,833.2,840.0,832.05,836.0,11036,0
2026-06-02T12:15:00+05:30,837.8,838.0,830.1,836.9,3991,0
2026-06-02T12:30:00+05:30,836.0,837.0,830.1,836.0,4648,0
2026-06-02T12:45:00+05:30,836.5,836.95,832.0,835.0,5756,0
2026-06-02T13:00:00+05:30,835.0,835.0,832.0,834.9,4789,0
2026-06-02T13:15:00+05:30,834.9,834.95,834.7,834.7,6460,0
2026-06-02T13:30:00+05:30,834.7,834.8,833.0,834.0,8539,0
2026-06-02T13:45:00+05:30,834.0,834.5,833.1,834.0,3703,0
2026-06-02T14:00:00+05:30,834.0,834.95,833.15,833.15,5896,0
2026-06-02T14:15:00+05:30,833.15,834.0,832.7,833.75,8438,0
2026-06-02T14:30:00+05:30,833.75,833.75,829.0,830.0,9929,0
2026-06-02T14:45:00+05:30,830.0,830.0,825.0,829.3,7416,0
2026-06-02T15:00:00+05:30,829.0,830.0,827.75,829.0,11464,0
2026-06-02T15:15:00+05:30,829.9,829.95,826.0,826.0,21774,0
2026-06-03T09:15:00+05:30,839.0,839.9,806.8,816.0,30918,0
2026-06-03T09:30:00+05:30,816.0,816.0,810.55,815.0,12363,0
2026-06-03T09:45:00+05:30,815.0,816.0,812.05,812.55,8496,0
2026-06-03T10:00:00+05:30,812.55,816.0,810.0,812.0,5715,0
2026-06-03T10:15:00+05:30,812.0,825.0,807.0,825.0,7144,0
2026-06-03T10:30:00+05:30,825.0,830.0,812.0,820.0,5829,0
2026-06-03T10:45:00+05:30,820.0,823.8,815.1,820.9,3223,0
2026-06-03T11:00:00+05:30,815.25,822.9,812.0,813.0,3886,0
2026-06-03T11:15:00+05:30,812.0,828.7,812.0,825.0,3045,0
2026-06-03T11:30:00+05:30,825.0,830.0,815.05,820.1,5921,0
2026-06-03T11:45:00+05:30,820.95,824.9,813.2,815.0,2110,0
2026-06-03T12:00:00+05:30,816.0,822.95,809.0,810.0,8481,0
2026-06-03T12:15:00+05:30,810.0,815.0,809.0,815.0,4124,0
2026-06-03T12:30:00+05:30,815.0,822.85,812.0,822.0,1839,0
2026-06-03T12:45:00+05:30,820.0,822.85,815.1,822.0,1022,0
2026-06-03T13:00:00+05:30,817.9,822.8,816.15,818.0,1873,0
2026-06-03T13:15:00+05:30,816.9,823.0,815.0,823.0,1832,0
2026-06-03T13:30:00+05:30,823.0,824.0,818.85,820.0,2290,0
2026-06-03T13:45:00+05:30,820.0,828.0,818.7,820.9,2706,0
2026-06-03T14:00:00+05:30,820.9,830.0,819.0,829.0,6156,0
2026-06-03T14:15:00+05:30,829.0,830.0,823.0,824.0,3342,0
2026-06-03T14:30:00+05:30,824.0,828.25,819.95,828.0,4313,0
2026-06-03T14:45:00+05:30,820.0,828.0,818.5,822.0,3471,0
2026-06-03T15:00:00+05:30,822.0,870.0,820.0,856.0,97410,0
2026-06-03T15:15:00+05:30,856.0,865.0,852.1,860.0,101242,0
2026-06-04T09:15:00+05:30,900.0,900.0,889.9,900.0,357103,0
2026-06-04T09:30:00+05:30,900.0,900.0,900.0,900.0,19846,0
2026-06-04T09:45:00+05:30,900.0,900.0,900.0,900.0,16270,0
2026-06-04T10:00:00+05:30,900.0,900.0,900.0,900.0,5971,0
2026-06-04T10:15:00+05:30,900.0,900.0,900.0,900.0,8241,0
2026-06-04T10:30:00+05:30,900.0,900.0,900.0,900.0,5731,0
2026-06-04T10:45:00+05:30,900.0,900.0,900.0,900.0,4802,0
2026-06-04T11:00:00+05:30,900.0,900.0,900.0,900.0,1892,0
2026-06-04T11:15:00+05:30,900.0,900.0,900.0,900.0,2342,0
2026-06-04T11:30:00+05:30,900.0,900.0,900.0,900.0,2988,0
2026-06-04T11:45:00+05:30,900.0,900.0,900.0,900.0,2671,0
2026-06-04T12:00:00+05:30,900.0,900.0,900.0,900.0,3051,0
2026-06-04T12:15:00+05:30,900.0,900.0,900.0,900.0,1122,0
2026-06-04T12:30:00+05:30,900.0,900.0,900.0,900.0,1672,0
2026-06-04T12:45:00+05:30,900.0,900.0,900.0,900.0,1007,0
2026-06-04T13:00:00+05:30,900.0,900.0,900.0,900.0,1660,0
2026-06-04T13:15:00+05:30,900.0,900.0,900.0,900.0,724,0
2026-06-04T13:30:00+05:30,900.0,900.0,900.0,900.0,4819,0
2026-06-04T13:45:00+05:30,900.0,900.0,900.0,900.0,2172,0
2026-06-04T14:00:00+05:30,900.0,900.0,900.0,900.0,1393,0
2026-06-04T14:15:00+05:30,900.0,900.0,900.0,900.0,1334,0
2026-06-04T14:30:00+05:30,900.0,900.0,900.0,900.0,1141,0
2026-06-04T14:45:00+05:30,900.0,900.0,900.0,900.0,2467,0
2026-06-04T15:00:00+05:30,900.0,900.0,900.0,900.0,1369,0
2026-06-04T15:15:00+05:30,900.0,900.0,900.0,900.0,4189,0
2026-06-05T09:15:00+05:30,945.0,945.0,945.0,945.0,111645,0
2026-06-05T09:30:00+05:30,945.0,945.0,945.0,945.0,10713,0
2026-06-05T09:45:00+05:30,945.0,945.0,945.0,945.0,5779,0
2026-06-05T10:00:00+05:30,945.0,945.0,945.0,945.0,8356,0
2026-06-05T10:15:00+05:30,945.0,945.0,945.0,945.0,6268,0
2026-06-05T10:30:00+05:30,945.0,945.0,945.0,945.0,15788,0
2026-06-05T10:45:00+05:30,945.0,945.0,945.0,945.0,10639,0
2026-06-05T11:00:00+05:30,945.0,945.0,945.0,945.0,2249,0
2026-06-05T11:15:00+05:30,945.0,945.0,945.0,945.0,3722,0
2026-06-05T11:30:00+05:30,945.0,945.0,945.0,945.0,2268,0
2026-06-05T11:45:00+05:30,945.0,945.0,945.0,945.0,1405,0
2026-06-05T12:00:00+05:30,945.0,945.0,945.0,945.0,1631,0
2026-06-05T12:15:00+05:30,945.0,945.0,945.0,945.0,1153,0
2026-06-05T12:30:00+05:30,945.0,945.0,945.0,945.0,2679,0
2026-06-05T12:45:00+05:30,945.0,945.0,945.0,945.0,1483,0
2026-06-05T13:00:00+05:30,945.0,945.0,945.0,945.0,860,0
2026-06-05T13:15:00+05:30,945.0,945.0,945.0,945.0,3602,0
2026-06-05T13:30:00+05:30,945.0,945.0,945.0,945.0,6015,0
2026-06-05T13:45:00+05:30,945.0,945.0,945.0,945.0,2055,0
2026-06-05T14:00:00+05:30,945.0,945.0,945.0,945.0,1617,0
2026-06-05T14:15:00+05:30,945.0,945.0,945.0,945.0,2749,0
2026-06-05T14:30:00+05:30,945.0,945.0,945.0,945.0,1525,0
2026-06-05T14:45:00+05:30,945.0,945.0,945.0,945.0,1320,0
2026-06-05T15:00:00+05:30,945.0,945.0,945.0,945.0,11934,0
2026-06-05T15:15:00+05:30,945.0,945.0,945.0,945.0,3896,0
2026-06-08T09:15:00+05:30,939.95,992.25,915.3,992.0,474329,0
2026-06-08T09:30:00+05:30,992.0,992.25,990.0,992.25,42610,0
2026-06-08T09:45:00+05:30,992.25,992.25,992.25,992.25,29785,0
2026-06-08T10:00:00+05:30,992.25,992.25,992.25,992.25,14136,0
2026-06-08T10:15:00+05:30,992.25,992.25,992.25,992.25,8563,0
2026-06-08T10:30:00+05:30,992.25,992.25,992.25,992.25,23710,0
2026-06-08T10:45:00+05:30,992.25,992.25,985.0,992.25,41592,0
2026-06-08T11:00:00+05:30,992.25,992.25,991.5,992.25,19487,0
2026-06-08T11:15:00+05:30,992.25,992.25,990.55,990.55,18004,0
2026-06-08T11:30:00+05:30,990.5,992.25,985.1,991.05,37397,0
2026-06-08T11:45:00+05:30,991.95,992.25,988.0,992.25,27237,0
2026-06-08T12:00:00+05:30,992.25,992.25,957.0,974.0,37334,0
2026-06-08T12:15:00+05:30,974.0,976.0,962.0,962.5,32990,0
2026-06-08T12:30:00+05:30,964.0,986.5,962.0,984.5,21042,0
2026-06-08T12:45:00+05:30,986.5,990.0,968.0,968.0,14338,0
2026-06-08T13:00:00+05:30,968.0,975.0,949.0,965.0,32694,0
2026-06-08T13:15:00+05:30,965.0,965.0,951.0,958.0,12747,0
2026-06-08T13:30:00+05:30,958.0,970.0,957.0,969.8,11435,0
2026-06-08T13:45:00+05:30,969.8,980.0,960.05,977.0,15891,0
2026-06-08T14:00:00+05:30,977.0,977.95,971.0,975.0,14379,0
2026-06-08T14:15:00+05:30,975.0,975.0,954.0,955.5,11666,0
2026-06-08T14:30:00+05:30,957.1,965.0,950.0,963.9,11966,0
2026-06-08T14:45:00+05:30,964.0,975.0,961.0,965.0,13482,0
2026-06-08T15:00:00+05:30,969.95,979.0,930.0,930.0,54288,0
2026-06-08T15:15:00+05:30,930.0,949.9,917.1,948.0,97359,0
2026-06-09T09:15:00+05:30,920.0,968.0,913.0,945.0,88033,0
2026-06-09T09:30:00+05:30,945.95,959.8,942.0,958.9,21518,0
2026-06-09T09:45:00+05:30,958.9,985.35,957.0,982.4,119009,0
2026-06-09T10:00:00+05:30,982.4,982.4,970.0,975.0,16292,0
2026-06-09T10:15:00+05:30,975.0,979.9,972.2,977.0,9618,0
2026-06-09T10:30:00+05:30,976.0,979.9,961.0,963.9,12508,0
2026-06-09T10:45:00+05:30,963.9,964.0,950.0,960.0,9246,0
2026-06-09T11:00:00+05:30,960.0,963.0,950.0,959.3,6844,0
2026-06-09T11:15:00+05:30,959.3,960.0,940.0,946.0,18846,0
2026-06-09T11:30:00+05:30,946.0,963.0,942.1,961.0,10607,0
2026-06-09T11:45:00+05:30,961.0,965.0,953.0,961.0,7161,0
2026-06-09T12:00:00+05:30,961.0,965.0,955.1,965.0,7233,0
2026-06-09T12:15:00+05:30,964.0,965.0,958.3,965.0,3693,0
2026-06-09T12:30:00+05:30,965.0,965.0,960.05,961.0,4323,0
2026-06-09T12:45:00+05:30,961.0,961.0,956.0,957.0,8996,0
2026-06-09T13:00:00+05:30,956.5,957.0,950.05,952.45,14350,0
2026-06-09T13:15:00+05:30,952.45,954.0,950.05,950.1,21689,0
2026-06-09T13:30:00+05:30,950.05,959.0,950.0,958.0,5627,0
2026-06-09T13:45:00+05:30,958.45,970.0,951.1,960.0,12455,0
2026-06-09T14:00:00+05:30,964.0,969.45,960.0,969.0,3958,0
2026-06-09T14:15:00+05:30,969.0,970.0,966.0,968.9,5441,0
2026-06-09T14:30:00+05:30,967.1,968.0,951.3,962.5,11140,0
2026-06-09T14:45:00+05:30,963.0,970.0,960.0,960.2,10526,0
2026-06-09T15:00:00+05:30,960.2,970.0,952.0,969.75,15328,0
2026-06-09T15:15:00+05:30,969.75,970.0,958.0,970.0,21691,0
2026-06-10T09:15:00+05:30,976.0,987.9,934.0,953.95,62496,0
2026-06-10T09:30:00+05:30,953.9,955.0,931.0,933.0,42506,0
2026-06-10T09:45:00+05:30,933.0,947.5,930.0,938.0,14956,0
2026-06-10T10:00:00+05:30,937.15,947.05,935.0,940.0,8644,0
2026-06-10T10:15:00+05:30,936.1,940.0,935.0,939.9,7330,0
2026-06-10T10:30:00+05:30,939.95,948.05,936.0,944.0,9517,0
2026-06-10T10:45:00+05:30,944.0,944.0,938.1,942.0,6012,0
2026-06-10T11:00:00+05:30,942.0,942.5,933.55,935.0,9196,0
2026-06-10T11:15:00+05:30,934.0,938.0,924.4,935.0,24075,0
2026-06-10T11:30:00+05:30,937.3,937.3,924.4,927.0,12153,0
2026-06-10T11:45:00+05:30,927.0,940.0,925.2,937.0,8573,0
2026-06-10T12:00:00+05:30,937.0,940.0,931.0,933.0,2889,0
2026-06-10T12:15:00+05:30,933.0,937.65,930.0,930.5,4281,0
2026-06-10T12:30:00+05:30,930.8,940.0,930.1,932.1,7103,0
2026-06-10T12:45:00+05:30,932.0,939.0,928.25,930.0,7984,0
2026-06-10T13:00:00+05:30,930.0,940.0,929.0,940.0,5052,0
2026-06-10T13:15:00+05:30,940.0,940.0,930.0,930.0,2741,0
2026-06-10T13:30:00+05:30,930.0,936.0,930.0,934.0,2577,0
2026-06-10T13:45:00+05:30,934.0,937.0,927.0,930.0,7104,0
2026-06-10T14:00:00+05:30,927.2,935.0,926.1,928.0,8557,0
2026-06-10T14:15:00+05:30,927.65,929.95,924.9,929.6,9086,0
2026-06-10T14:30:00+05:30,929.6,929.6,921.3,924.9,7636,0
2026-06-10T14:45:00+05:30,924.9,924.9,916.7,916.7,41196,0
2026-06-10T15:00:00+05:30,916.7,916.7,916.7,916.7,4954,0
2026-06-10T15:15:00+05:30,916.7,916.7,916.7,916.7,7839,0
2026-06-11T09:15:00+05:30,870.9,910.4,870.9,892.4,125384,0
2026-06-11T09:30:00+05:30,892.5,897.9,882.0,897.9,22767,0
2026-06-11T09:45:00+05:30,897.5,900.0,885.0,890.0,23722,0
2026-06-11T10:00:00+05:30,889.0,896.0,885.0,892.6,14839,0
2026-06-11T10:15:00+05:30,893.0,899.9,890.0,895.0,9838,0
2026-06-11T10:30:00+05:30,898.0,900.0,885.0,888.05,7710,0
2026-06-11T10:45:00+05:30,886.25,891.0,880.0,880.0,7021,0
2026-06-11T11:00:00+05:30,881.0,891.0,870.9,871.1,59394,0
2026-06-11T11:15:00+05:30,873.0,900.2,870.9,890.0,22658,0
2026-06-11T11:30:00+05:30,889.95,891.7,880.55,886.0,2863,0
2026-06-11T11:45:00+05:30,885.0,886.75,876.6,884.0,4006,0
2026-06-11T12:00:00+05:30,880.0,884.0,875.0,880.0,6433,0
2026-06-11T12:15:00+05:30,880.0,885.0,875.0,883.0,6586,0
2026-06-11T12:30:00+05:30,878.6,885.0,872.65,875.6,5115,0
2026-06-11T12:45:00+05:30,880.0,880.0,870.9,870.9,18576,0
2026-06-11T13:00:00+05:30,870.9,870.9,870.9,870.9,3812,0
2026-06-11T13:15:00+05:30,870.9,870.9,870.9,870.9,1618,0
2026-06-11T13:30:00+05:30,870.9,870.9,870.9,870.9,1035,0
2026-06-11T13:45:00+05:30,870.9,870.9,870.9,870.9,1238,0
2026-06-11T14:00:00+05:30,870.9,870.9,870.9,870.9,1676,0
2026-06-11T14:15:00+05:30,870.9,870.9,870.9,870.9,11319,0
2026-06-11T14:30:00+05:30,870.9,870.9,870.9,870.9,3028,0
2026-06-11T14:45:00+05:30,870.9,870.9,870.9,870.9,2119,0
2026-06-11T15:00:00+05:30,870.9,870.9,870.9,870.9,2660,0
2026-06-11T15:15:00+05:30,870.9,870.9,870.9,870.9,9682,0
2026-06-12T09:15:00+05:30,880.2,900.0,860.0,860.6,43304,0
2026-06-12T09:30:00+05:30,860.6,873.8,852.3,867.95,33193,0
2026-06-12T09:45:00+05:30,867.95,874.85,861.2,863.5,10081,0
2026-06-12T10:00:00+05:30,863.5,869.95,860.1,866.0,9068,0
2026-06-12T10:15:00+05:30,867.0,868.25,859.95,864.9,18340,0
2026-06-12T10:30:00+05:30,864.9,868.8,860.4,867.95,11161,0
2026-06-12T10:45:00+05:30,867.95,873.9,866.0,872.0,7618,0
2026-06-12T11:00:00+05:30,870.45,873.4,870.0,872.5,5533,0
2026-06-12T11:15:00+05:30,872.5,887.65,872.0,885.0,18795,0
2026-06-12T11:30:00+05:30,885.0,887.6,881.2,884.9,15686,0
2026-06-12T11:45:00+05:30,884.9,889.0,880.05,888.9,6199,0
2026-06-12T12:00:00+05:30,888.9,889.0,884.0,888.0,4184,0
2026-06-12T12:15:00+05:30,888.0,889.9,881.0,884.0,5324,0
2026-06-12T12:30:00+05:30,884.75,888.0,877.15,881.8,4198,0
2026-06-12T12:45:00+05:30,881.8,881.8,861.0,865.3,10462,0
2026-06-12T13:00:00+05:30,866.0,869.0,862.0,869.0,8566,0
2026-06-12T13:15:00+05:30,869.0,869.35,863.05,869.0,2321,0
2026-06-12T13:30:00+05:30,866.0,870.0,866.0,870.0,3303,0
2026-06-12T13:45:00+05:30,870.0,870.0,867.1,869.95,5302,0
2026-06-12T14:00:00+05:30,870.0,892.0,868.05,889.0,21656,0
2026-06-12T14:15:00+05:30,889.7,890.0,872.3,883.05,6861,0
2026-06-12T14:30:00+05:30,883.05,883.45,869.5,876.95,19650,0
2026-06-12T14:45:00+05:30,876.95,880.0,868.0,869.5,15288,0
2026-06-12T15:00:00+05:30,869.0,870.0,865.0,869.9,15541,0
2026-06-12T15:15:00+05:30,869.9,870.0,867.2,870.0,33398,0
2026-06-15T09:15:00+05:30,890.0,898.0,860.0,861.95,47213,0
2026-06-15T09:30:00+05:30,861.1,891.0,851.3,891.0,48951,0
2026-06-15T09:45:00+05:30,891.0,895.0,871.05,881.95,16789,0
2026-06-15T10:00:00+05:30,881.85,881.85,860.0,870.0,12350,0
2026-06-15T10:15:00+05:30,870.0,875.8,860.0,875.8,10147,0
2026-06-15T10:30:00+05:30,873.2,877.0,862.5,871.0,8987,0
2026-06-15T10:45:00+05:30,871.0,875.55,866.0,870.0,4523,0
2026-06-15T11:00:00+05:30,870.0,885.0,867.25,875.1,14555,0
2026-06-15T11:15:00+05:30,875.1,882.85,875.0,880.0,5783,0
2026-06-15T11:30:00+05:30,881.5,890.0,880.0,887.75,9298,0
2026-06-15T11:45:00+05:30,885.2,888.0,884.0,888.0,3828,0
2026-06-15T12:00:00+05:30,888.0,895.0,888.0,893.0,9168,0
2026-06-15T12:15:00+05:30,893.0,896.0,890.0,893.95,10138,0
2026-06-15T12:30:00+05:30,893.0,893.95,883.0,883.0,5953,0
2026-06-15T12:45:00+05:30,883.0,885.0,879.0,880.0,4095,0
2026-06-15T13:00:00+05:30,879.95,879.95,875.0,879.8,4137,0
2026-06-15T13:15:00+05:30,879.8,890.0,879.5,887.95,3284,0
2026-06-15T13:30:00+05:30,887.9,887.95,881.0,886.0,1923,0
2026-06-15T13:45:00+05:30,881.0,887.7,875.0,885.15,7140,0
2026-06-15T14:00:00+05:30,885.0,889.5,881.2,884.0,5869,0
2026-06-15T14:15:00+05:30,884.0,884.0,877.05,880.95,2058,0
2026-06-15T14:30:00+05:30,880.95,888.0,878.0,883.0,5032,0
2026-06-15T14:45:00+05:30,883.0,887.8,878.0,878.0,3148,0
2026-06-15T15:00:00+05:30,880.0,881.0,856.0,864.0,16119,0
2026-06-15T15:15:00+05:30,864.0,870.0,860.0,870.0,25545,0
2026-06-16T09:15:00+05:30,868.0,874.0,856.55,857.0,15756,0
2026-06-16T09:30:00+05:30,857.0,864.0,845.0,855.5,29279,0
2026-06-16T09:45:00+05:30,855.5,862.2,850.0,856.65,8619,0
2026-06-16T10:00:00+05:30,859.85,860.0,850.0,856.95,5788,0
2026-06-16T10:15:00+05:30,856.9,859.85,847.1,859.0,17427,0
2026-06-16T10:30:00+05:30,859.0,862.2,857.7,862.2,4768,0
2026-06-16T10:45:00+05:30,862.2,862.2,852.4,853.65,7051,0
2026-06-16T11:00:00+05:30,853.65,859.75,851.0,859.45,2093,0
2026-06-16T11:15:00+05:30,857.2,859.45,852.0,859.4,2490,0
2026-06-16T11:30:00+05:30,857.2,862.2,855.0,861.0,2025,0
2026-06-16T11:45:00+05:30,860.95,861.95,858.1,861.9,2580,0
2026-06-16T12:00:00+05:30,861.9,864.95,861.5,864.0,3022,0
2026-06-16T12:15:00+05:30,863.7,864.0,861.15,861.5,4007,0
2026-06-16T12:30:00+05:30,861.5,863.0,860.0,861.5,4617,0
2026-06-16T12:45:00+05:30,861.5,870.2,860.0,870.2,9588,0
2026-06-16T13:00:00+05:30,870.0,884.4,870.0,874.8,16575,0
2026-06-16T13:15:00+05:30,875.0,876.9,871.0,874.0,2713,0
2026-06-16T13:30:00+05:30,875.0,880.0,875.0,877.1,2659,0
2026-06-16T13:45:00+05:30,877.1,881.0,871.1,880.0,5341,0
2026-06-16T14:00:00+05:30,880.0,884.0,872.15,882.0,4845,0
2026-06-16T14:15:00+05:30,881.95,882.75,877.1,879.75,4834,0
2026-06-16T14:30:00+05:30,878.0,899.0,878.0,890.05,37529,0
2026-06-16T14:45:00+05:30,895.95,908.05,890.05,908.05,51850,0
2026-06-16T15:00:00+05:30,908.05,908.05,908.05,908.05,2590,0
2026-06-16T15:15:00+05:30,908.05,908.05,908.05,908.05,1627,0
2026-06-17T09:15:00+05:30,942.0,942.0,915.0,925.0,97628,0
2026-06-17T09:30:00+05:30,922.3,925.9,910.4,922.75,21479,0
2026-06-17T09:45:00+05:30,922.75,926.8,915.0,922.0,17707,0
2026-06-17T10:00:00+05:30,920.0,920.0,915.1,916.0,5096,0
2026-06-17T10:15:00+05:30,915.1,920.0,911.0,912.0,11695,0
2026-06-17T10:30:00+05:30,912.0,912.0,892.0,904.0,23035,0
2026-06-17T10:45:00+05:30,904.95,904.95,892.0,897.0,9209,0
2026-06-17T11:00:00+05:30,897.0,903.9,895.0,900.3,3321,0
2026-06-17T11:15:00+05:30,900.3,908.0,900.0,903.1,2958,0
2026-06-17T11:30:00+05:30,906.0,906.0,890.0,902.0,7863,0
2026-06-17T11:45:00+05:30,898.0,908.8,898.0,908.8,5563,0
2026-06-17T12:00:00+05:30,908.0,912.0,908.0,912.0,7749,0
2026-06-17T12:15:00+05:30,910.1,912.0,898.2,904.5,7376,0
2026-06-17T12:30:00+05:30,904.5,913.0,897.0,909.6,7486,0
2026-06-17T12:45:00+05:30,909.95,914.8,901.0,908.0,5573,0
2026-06-17T13:00:00+05:30,910.0,914.0,906.6,913.9,3416,0
2026-06-17T13:15:00+05:30,910.0,915.0,909.0,914.9,7542,0
2026-06-17T13:30:00+05:30,911.0,920.0,911.0,911.1,6775,0
2026-06-17T13:45:00+05:30,911.1,915.0,909.0,909.0,4460,0
2026-06-17T14:00:00+05:30,909.0,915.0,907.0,909.0,4568,0
2026-06-17T14:15:00+05:30,909.9,915.0,905.0,912.8,4717,0
2026-06-17T14:30:00+05:30,912.8,914.8,907.9,914.55,4545,0
2026-06-17T14:45:00+05:30,910.0,915.9,910.0,915.0,7686,0
2026-06-17T15:00:00+05:30,915.0,939.0,915.0,930.0,51219,0
2026-06-17T15:15:00+05:30,930.7,936.75,925.0,930.05,34628,0
2026-06-18T09:15:00+05:30,926.0,926.9,905.45,910.0,29384,0
2026-06-18T09:30:00+05:30,910.0,918.0,905.05,918.0,21658,0
2026-06-18T09:45:00+05:30,917.0,919.8,909.3,910.0,12578,0
2026-06-18T10:00:00+05:30,910.0,910.0,904.6,909.0,11341,0
2026-06-18T10:15:00+05:30,909.0,918.0,907.95,917.95,5057,0
2026-06-18T10:30:00+05:30,917.9,919.0,910.0,910.0,6955,0
2026-06-18T10:45:00+05:30,914.0,919.7,910.0,910.05,5673,0
2026-06-18T11:00:00+05:30,911.8,917.9,911.1,911.3,1980,0
2026-06-18T11:15:00+05:30,915.0,916.9,911.1,912.0,2334,0
2026-06-18T11:30:00+05:30,911.1,915.75,905.0,905.6,9706,0
2026-06-18T11:45:00+05:30,906.1,915.2,906.1,912.0,2624,0
2026-06-18T12:00:00+05:30,912.0,913.0,905.0,911.9,4706,0
2026-06-18T12:15:00+05:30,911.9,915.75,906.0,915.75,3613,0
2026-06-18T12:30:00+05:30,913.0,915.5,911.0,911.5,1601,0
2026-06-18T12:45:00+05:30,911.5,915.8,906.2,910.0,4460,0
2026-06-18T13:00:00+05:30,913.95,915.0,905.0,914.7,5270,0
2026-06-18T13:15:00+05:30,914.6,917.0,911.0,915.95,5011,0
2026-06-18T13:30:00+05:30,915.0,915.95,912.0,912.5,2318,0
2026-06-18T13:45:00+05:30,912.5,917.5,912.0,917.5,2715,0
2026-06-18T14:00:00+05:30,917.5,921.0,912.0,920.0,6251,0
2026-06-18T14:15:00+05:30,920.0,924.0,915.0,920.0,6640,0
2026-06-18T14:30:00+05:30,920.0,922.5,916.0,919.95,7529,0
2026-06-18T14:45:00+05:30,919.95,920.9,916.25,920.0,8055,0
2026-06-18T15:00:00+05:30,920.0,921.9,911.0,920.25,11281,0
2026-06-18T15:15:00+05:30,920.25,921.1,914.2,921.0,19292,0
2026-06-19T09:15:00+05:30,918.9,922.8,886.05,918.0,37246,0
2026-06-19T09:30:00+05:30,919.8,950.0,916.0,939.95,52940,0
2026-06-19T09:45:00+05:30,939.95,950.0,935.0,937.0,39743,0
2026-06-19T10:00:00+05:30,936.3,938.5,933.0,938.0,13770,0
2026-06-19T10:15:00+05:30,938.0,945.0,936.0,938.0,10444,0
2026-06-19T10:30:00+05:30,939.0,939.0,931.0,937.8,7998,0
2026-06-19T10:45:00+05:30,936.0,940.0,925.05,939.0,20105,0
2026-06-19T11:00:00+05:30,938.0,939.9,931.1,937.0,4825,0
2026-06-19T11:15:00+05:30,937.0,938.0,931.05,932.0,4370,0
2026-06-19T11:30:00+05:30,934.0,934.0,926.35,926.35,3184,0
2026-06-19T11:45:00+05:30,930.0,934.95,926.0,934.95,7153,0
2026-06-19T12:00:00+05:30,934.0,936.0,930.0,930.0,4002,0
2026-06-19T12:15:00+05:30,930.0,937.0,930.0,935.0,2793,0
2026-06-19T12:30:00+05:30,935.0,936.95,932.0,933.0,1920,0
2026-06-19T12:45:00+05:30,933.0,934.9,926.0,926.1,4635,0
2026-06-19T13:00:00+05:30,926.1,934.9,925.0,929.3,3787,0
2026-06-19T13:15:00+05:30,929.0,929.0,924.0,927.0,2533,0
2026-06-19T13:30:00+05:30,927.0,934.9,920.55,921.0,6514,0
2026-06-19T13:45:00+05:30,925.0,928.8,921.1,927.0,3871,0
2026-06-19T14:00:00+05:30,927.0,927.0,922.0,925.9,3199,0
2026-06-19T14:15:00+05:30,925.1,927.0,922.1,922.8,3192,0
2026-06-19T14:30:00+05:30,922.8,923.1,920.1,923.0,2823,0
2026-06-19T14:45:00+05:30,923.0,932.0,920.0,931.0,10928,0
2026-06-19T15:00:00+05:30,931.0,933.5,926.35,930.0,6971,0
2026-06-19T15:15:00+05:30,931.0,934.0,923.6,931.0,19450,0
2026-06-22T09:15:00+05:30,936.1,937.0,911.05,918.7,29431,0
2026-06-22T09:30:00+05:30,917.6,919.0,911.05,913.0,11098,0
2026-06-22T09:45:00+05:30,913.0,917.0,910.0,915.0,13636,0
2026-06-22T10:00:00+05:30,915.0,918.0,910.25,912.7,4596,0
2026-06-22T10:15:00+05:30,915.0,915.0,906.8,910.0,10554,0
2026-06-22T10:30:00+05:30,910.0,910.0,900.0,907.0,19067,0
2026-06-22T10:45:00+05:30,905.0,906.15,899.0,900.5,12358,0
2026-06-22T11:00:00+05:30,901.0,903.0,890.55,899.0,17875,0
2026-06-22T11:15:00+05:30,900.0,900.0,892.25,895.0,8907,0
2026-06-22T11:30:00+05:30,895.0,911.05,895.0,906.0,7708,0
2026-06-22T11:45:00+05:30,906.0,916.0,900.0,901.2,6772,0
2026-06-22T12:00:00+05:30,903.9,912.35,901.45,909.9,3565,0
2026-06-22T12:15:00+05:30,906.0,911.45,905.0,906.0,3337,0
2026-06-22T12:30:00+05:30,906.0,908.75,900.05,908.75,6414,0
2026-06-22T12:45:00+05:30,904.0,910.0,901.1,905.0,2096,0
2026-06-22T13:00:00+05:30,905.0,909.95,901.65,905.5,2543,0
2026-06-22T13:15:00+05:30,908.85,909.0,905.0,905.0,2923,0
2026-06-22T13:30:00+05:30,905.0,906.9,901.4,902.0,4398,0
2026-06-22T13:45:00+05:30,901.75,905.0,901.7,902.25,3195,0
2026-06-22T14:00:00+05:30,902.25,905.0,900.05,900.5,8485,0
2026-06-22T14:15:00+05:30,900.5,901.9,896.0,898.95,13020,0
2026-06-22T14:30:00+05:30,898.95,900.0,896.0,897.5,9077,0
2026-06-22T14:45:00+05:30,900.0,900.0,897.0,899.85,6475,0
2026-06-22T15:00:00+05:30,899.75,899.9,893.0,893.0,17111,0
2026-06-22T15:15:00+05:30,894.0,898.95,885.25,894.55,52773,0
2026-06-23T09:15:00+05:30,894.0,908.5,867.0,875.95,36251,0
2026-06-23T09:30:00+05:30,875.95,879.0,867.0,870.0,24408,0
2026-06-23T09:45:00+05:30,870.0,887.0,870.0,882.0,9399,0
2026-06-23T10:00:00+05:30,882.0,899.8,881.3,897.0,10900,0
2026-06-23T10:15:00+05:30,897.0,899.0,880.0,882.0,10220,0
2026-06-23T10:30:00+05:30,882.0,889.9,875.0,885.0,14579,0
2026-06-23T10:45:00+05:30,878.0,880.0,871.95,875.95,6111,0
2026-06-23T11:00:00+05:30,875.95,878.0,870.0,876.2,10173,0
2026-06-23T11:15:00+05:30,876.1,876.4,871.0,872.0,5089,0
2026-06-23T11:30:00+05:30,872.5,889.0,867.0,868.0,11785,0
2026-06-23T11:45:00+05:30,868.0,872.9,855.3,859.95,24033,0
2026-06-23T12:00:00+05:30,860.0,864.0,850.55,860.0,19773,0
2026-06-23T12:15:00+05:30,860.0,865.0,857.8,865.0,4512,0
2026-06-23T12:30:00+05:30,865.0,869.9,853.1,865.1,4989,0
2026-06-23T12:45:00+05:30,865.1,865.1,856.5,860.0,4885,0
2026-06-23T13:00:00+05:30,861.0,872.8,860.0,870.05,5912,0
2026-06-23T13:15:00+05:30,872.7,873.0,861.15,869.0,3716,0
2026-06-23T13:30:00+05:30,862.5,870.05,862.0,863.0,8584,0
2026-06-23T13:45:00+05:30,867.05,874.0,862.0,867.95,2302,0
2026-06-23T14:00:00+05:30,867.9,867.9,860.7,864.0,3948,0
2026-06-23T14:15:00+05:30,862.0,865.0,857.0,862.0,6450,0
2026-06-23T14:30:00+05:30,865.0,865.0,857.0,864.85,5599,0
2026-06-23T14:45:00+05:30,864.85,868.95,856.65,864.75,4814,0
2026-06-23T15:00:00+05:30,864.75,865.0,862.0,864.85,7392,0
2026-06-23T15:15:00+05:30,864.85,864.9,853.05,860.0,19538,0
2026-06-24T09:15:00+05:30,859.0,880.0,858.0,863.2,23264,0
2026-06-24T09:30:00+05:30,865.5,866.0,860.0,860.0,10972,0
2026-06-24T09:45:00+05:30,860.0,860.0,840.1,845.2,21899,0
2026-06-24T10:00:00+05:30,846.0,857.95,845.25,850.0,8587,0
2026-06-24T10:15:00+05:30,853.0,854.0,845.2,850.0,5601,0
2026-06-24T10:30:00+05:30,850.0,850.0,847.0,849.0,6142,0
2026-06-24T10:45:00+05:30,848.0,849.0,842.0,842.0,11572,0
2026-06-24T11:00:00+05:30,842.0,853.0,841.6,844.25,9749,0
2026-06-24T11:15:00+05:30,844.2,844.9,841.0,843.0,3977,0
2026-06-24T11:30:00+05:30,841.35,844.95,841.0,843.0,8161,0
2026-06-24T11:45:00+05:30,843.0,843.0,826.0,830.0,32788,0
2026-06-24T12:00:00+05:30,830.0,835.0,826.0,829.95,10747,0
2026-06-24T12:15:00+05:30,826.65,829.95,817.45,817.45,42588,0
2026-06-24T12:30:00+05:30,817.45,817.45,817.45,817.45,11245,0
2026-06-24T12:45:00+05:30,817.45,817.45,817.45,817.45,11716,0
2026-06-24T13:00:00+05:30,817.45,827.7,817.45,824.95,24164,0
2026-06-24T13:15:00+05:30,824.95,834.15,820.0,825.1,9039,0
2026-06-24T13:30:00+05:30,825.85,833.0,825.85,826.3,5683,0
2026-06-24T13:45:00+05:30,826.0,830.0,822.05,826.0,7855,0
2026-06-24T14:00:00+05:30,827.0,832.9,822.15,822.15,4521,0
2026-06-24T14:15:00+05:30,822.15,822.15,817.45,817.45,25852,0
2026-06-24T14:30:00+05:30,817.45,830.95,817.45,820.0,14419,0
2026-06-24T14:45:00+05:30,820.0,826.75,817.45,817.45,12701,0
2026-06-24T15:00:00+05:30,817.45,817.45,817.45,817.45,9745,0
2026-06-24T15:15:00+05:30,817.45,817.45,817.45,817.45,6898,0
2026-06-25T09:15:00+05:30,814.85,816.0,785.3,799.9,66148,0
2026-06-25T09:30:00+05:30,800.0,808.9,794.0,807.0,15944,0
2026-06-25T09:45:00+05:30,807.4,818.45,805.1,815.0,16236,0
2026-06-25T10:00:00+05:30,818.45,824.0,803.0,804.9,16102,0
2026-06-25T10:15:00+05:30,804.9,817.9,803.0,814.9,6894,0
2026-06-25T10:30:00+05:30,814.9,820.0,812.0,819.7,3281,0
2026-06-25T10:45:00+05:30,819.7,821.0,810.0,821.0,5238,0
2026-06-25T11:00:00+05:30,821.0,827.0,819.9,825.5,7656,0
2026-06-25T11:15:00+05:30,825.0,827.0,818.9,823.0,5077,0
2026-06-25T11:30:00+05:30,823.0,827.0,820.0,820.0,7127,0
2026-06-25T11:45:00+05:30,820.0,826.0,820.0,821.5,17270,0
2026-06-25T12:00:00+05:30,824.5,826.0,820.25,824.95,6445,0
2026-06-25T12:15:00+05:30,824.95,827.0,820.0,820.6,20425,0
2026-06-25T12:30:00+05:30,820.0,825.0,820.0,821.0,6036,0
2026-06-25T12:45:00+05:30,821.0,825.0,821.0,822.0,1994,0
2026-06-25T13:00:00+05:30,821.6,825.05,821.0,825.0,5302,0
2026-06-25T13:15:00+05:30,825.05,826.0,822.5,822.5,2880,0
2026-06-25T13:30:00+05:30,822.5,825.0,822.5,825.0,1567,0
2026-06-25T13:45:00+05:30,825.0,827.0,823.0,824.65,3692,0
2026-06-25T14:00:00+05:30,824.65,828.0,824.6,825.0,9332,0
2026-06-25T14:15:00+05:30,825.0,827.0,825.0,825.05,8182,0
2026-06-25T14:30:00+05:30,825.1,827.0,825.0,825.0,10739,0
2026-06-25T14:45:00+05:30,825.0,827.0,821.0,825.0,15752,0
2026-06-25T15:00:00+05:30,825.95,827.0,825.0,827.0,8655,0
2026-06-25T15:15:00+05:30,826.2,826.95,820.0,824.0,50705,0
2026-06-29T09:15:00+05:30,819.0,819.0,786.6,794.9,28745,0
2026-06-29T09:30:00+05:30,793.0,804.9,792.25,802.8,14250,0
2026-06-29T09:45:00+05:30,802.5,803.0,800.0,802.5,8666,0
2026-06-29T10:00:00+05:30,802.5,805.0,798.0,802.25,8079,0
2026-06-29T10:15:00+05:30,802.25,809.5,798.85,808.75,5578,0
2026-06-29T10:30:00+05:30,808.75,809.95,805.1,809.35,2596,0
2026-06-29T10:45:00+05:30,809.0,809.5,805.1,809.1,2530,0
2026-06-29T11:00:00+05:30,809.1,814.9,805.1,811.0,3538,0
2026-06-29T11:15:00+05:30,811.0,816.4,808.0,815.0,2910,0
2026-06-29T11:30:00+05:30,811.55,811.55,805.1,809.5,2641,0
2026-06-29T11:45:00+05:30,809.5,815.0,805.1,809.95,3924,0
2026-06-29T12:00:00+05:30,809.95,810.0,805.1,809.9,2490,0
2026-06-29T12:15:00+05:30,809.9,810.0,805.5,808.0,2935,0
2026-06-29T12:30:00+05:30,808.0,810.0,807.0,808.7,1835,0
2026-06-29T12:45:00+05:30,808.7,810.0,805.15,810.0,4511,0
2026-06-29T13:00:00+05:30,810.0,811.0,807.0,808.0,2052,0
2026-06-29T13:15:00+05:30,807.0,810.25,807.0,810.25,1267,0
2026-06-29T13:30:00+05:30,810.5,815.0,810.5,815.0,3512,0
2026-06-29T13:45:00+05:30,814.85,816.0,814.85,814.9,1345,0
2026-06-29T14:00:00+05:30,814.9,816.0,811.0,815.9,2527,0
2026-06-29T14:15:00+05:30,815.9,815.9,807.0,814.8,4406,0
2026-06-29T14:30:00+05:30,811.0,814.75,809.0,812.0,2404,0
2026-06-29T14:45:00+05:30,812.0,813.0,809.0,811.9,2266,0
2026-06-29T15:00:00+05:30,811.7,815.0,805.9,811.0,6133,0
2026-06-29T15:15:00+05:30,811.0,814.25,805.9,805.9,7924,0
2026-06-30T09:15:00+05:30,810.95,824.95,795.0,815.0,13993,0
2026-06-30T09:30:00+05:30,815.0,823.9,807.0,819.0,9946,0
2026-06-30T09:45:00+05:30,819.0,821.0,810.0,817.95,8611,0
2026-06-30T10:00:00+05:30,818.0,823.9,811.05,817.0,5681,0
2026-06-30T10:15:00+05:30,817.0,818.6,812.6,816.5,3249,0
2026-06-30T10:30:00+05:30,813.25,819.0,812.6,819.0,3305,0
2026-06-30T10:45:00+05:30,818.0,819.0,814.05,815.0,2399,0
2026-06-30T11:00:00+05:30,815.0,817.0,811.0,816.0,7563,0
2026-06-30T11:15:00+05:30,816.0,821.95,812.0,820.25,7012,0
2026-06-30T11:30:00+05:30,820.5,822.0,818.0,821.4,4497,0
2026-06-30T11:45:00+05:30,821.5,825.0,820.0,825.0,6490,0
2026-06-30T12:00:00+05:30,821.4,825.0,821.0,824.95,4735,0
2026-06-30T12:15:00+05:30,825.0,826.0,821.0,826.0,7111,0
2026-06-30T12:30:00+05:30,826.0,826.0,821.0,823.8,4420,0
2026-06-30T12:45:00+05:30,825.0,830.0,824.0,827.5,7452,0
2026-06-30T13:00:00+05:30,824.35,829.0,824.0,826.0,1881,0
2026-06-30T13:15:00+05:30,826.0,828.9,825.05,825.05,3732,0
2026-06-30T13:30:00+05:30,826.0,826.0,821.05,823.8,1587,0
2026-06-30T13:45:00+05:30,823.0,823.95,816.05,816.05,6942,0
2026-06-30T14:00:00+05:30,818.0,824.0,816.0,822.0,5108,0
2026-06-30T14:15:00+05:30,822.0,824.0,818.1,820.0,5611,0
2026-06-30T14:30:00+05:30,820.0,820.0,816.3,817.0,1427,0
2026-06-30T14:45:00+05:30,817.0,820.0,815.0,819.0,3654,0
2026-06-30T15:00:00+05:30,819.0,819.0,811.1,814.4,6971,0
2026-06-30T15:15:00+05:30,814.35,820.0,814.0,819.5,9677,0
2026-07-01T09:15:00+05:30,816.0,829.0,815.0,819.85,8608,0
2026-07-01T09:30:00+05:30,819.85,819.9,815.0,819.0,8879,0
2026-07-01T09:45:00+05:30,819.0,825.0,815.0,818.5,6214,0
2026-07-01T10:00:00+05:30,818.5,820.0,815.0,815.0,3278,0
2026-07-01T10:15:00+05:30,815.05,816.0,810.0,810.15,4181,0
2026-07-01T10:30:00+05:30,816.0,818.8,810.15,815.8,2697,0
2026-07-01T10:45:00+05:30,815.8,824.0,812.0,820.0,3461,0
2026-07-01T11:00:00+05:30,822.0,824.0,819.8,822.0,3298,0
2026-07-01T11:15:00+05:30,822.0,824.0,819.8,823.8,4549,0
2026-07-01T11:30:00+05:30,823.8,823.8,820.0,821.9,1856,0
2026-07-01T11:45:00+05:30,821.9,850.5,821.0,849.0,24484,0
2026-07-01T12:00:00+05:30,849.0,856.4,842.6,856.4,44527,0
2026-07-01T12:15:00+05:30,856.4,856.4,856.4,856.4,6582,0
2026-07-01T12:30:00+05:30,856.4,856.4,856.4,856.4,5429,0
2026-07-01T12:45:00+05:30,856.4,856.4,856.4,856.4,2357,0
2026-07-01T13:00:00+05:30,856.4,856.4,856.4,856.4,3192,0
2026-07-01T13:15:00+05:30,856.4,856.4,856.4,856.4,1067,0
2026-07-01T13:30:00+05:30,856.4,856.4,856.4,856.4,1847,0
2026-07-01T13:45:00+05:30,856.4,856.4,856.4,856.4,914,0
2026-07-01T14:00:00+05:30,856.4,856.4,856.4,856.4,1183,0
2026-07-01T14:15:00+05:30,856.4,856.4,856.4,856.4,1020,0
2026-07-01T14:30:00+05:30,856.4,856.4,856.4,856.4,2452,0
2026-07-01T14:45:00+05:30,856.4,856.4,856.4,856.4,1374,0
2026-07-01T15:00:00+05:30,856.4,856.4,856.4,856.4,2752,0
2026-07-01T15:15:00+05:30,856.4,856.4,856.4,856.4,1259,0
2026-07-02T09:15:00+05:30,876.0,876.0,840.3,844.0,61402,0
2026-07-02T09:30:00+05:30,844.0,852.0,842.0,846.0,13110,0
2026-07-02T09:45:00+05:30,847.5,853.5,845.0,850.8,9191,0
2026-07-02T10:00:00+05:30,850.8,853.35,845.05,848.0,7088,0
2026-07-02T10:15:00+05:30,845.05,857.35,845.0,853.0,7093,0
2026-07-02T10:30:00+05:30,853.0,854.0,845.05,851.0,3109,0
2026-07-02T10:45:00+05:30,851.0,853.15,847.35,850.0,1878,0
2026-07-02T11:00:00+05:30,850.0,851.0,843.0,847.0,3990,0
2026-07-02T11:15:00+05:30,847.0,850.35,845.0,848.0,3296,0
2026-07-02T11:30:00+05:30,848.0,857.35,847.05,851.2,12273,0
2026-07-02T11:45:00+05:30,851.2,856.0,851.2,855.15,7159,0
2026-07-02T12:00:00+05:30,855.15,858.0,851.65,856.15,3697,0
2026-07-02T12:15:00+05:30,857.4,865.0,856.15,861.0,5276,0
2026-07-02T12:30:00+05:30,861.5,870.0,858.05,863.65,7486,0
2026-07-02T12:45:00+05:30,861.0,872.0,851.05,860.0,15359,0
2026-07-02T13:00:00+05:30,860.0,865.0,856.2,864.0,2933,0
2026-07-02T13:15:00+05:30,862.8,864.8,855.5,864.8,2047,0
2026-07-02T13:30:00+05:30,857.2,864.0,855.2,855.5,1954,0
2026-07-02T13:45:00+05:30,855.5,862.0,851.05,854.55,2594,0
2026-07-02T14:00:00+05:30,853.0,855.0,851.0,851.0,1272,0
2026-07-02T14:15:00+05:30,854.75,855.0,846.4,848.0,3574,0
2026-07-02T14:30:00+05:30,848.0,848.0,845.0,845.1,5302,0
2026-07-02T14:45:00+05:30,847.0,848.0,840.0,848.0,11027,0
2026-07-02T15:00:00+05:30,848.0,850.0,845.0,848.0,3071,0
2026-07-02T15:15:00+05:30,848.0,855.0,843.0,848.0,11739,0
2026-07-03T09:15:00+05:30,857.9,857.9,825.0,832.0,20381,0
2026-07-03T09:30:00+05:30,835.75,839.0,825.0,830.05,17331,0
2026-07-03T09:45:00+05:30,839.0,839.0,830.0,830.0,4414,0
2026-07-03T10:00:00+05:30,830.3,847.0,830.3,834.0,6211,0
2026-07-03T10:15:00+05:30,834.2,836.0,830.0,831.0,8563,0
2026-07-03T10:30:00+05:30,831.0,835.0,830.0,833.0,7966,0
2026-07-03T10:45:00+05:30,830.1,836.0,827.55,830.5,6433,0
2026-07-03T11:00:00+05:30,830.0,838.0,827.0,834.95,3818,0
2026-07-03T11:15:00+05:30,834.95,834.95,827.0,827.0,4938,0
2026-07-03T11:30:00+05:30,826.5,830.0,821.0,823.75,8234,0
2026-07-03T11:45:00+05:30,823.85,823.85,820.0,821.1,6279,0
2026-07-03T12:00:00+05:30,822.7,824.0,821.1,823.8,3363,0
2026-07-03T12:15:00+05:30,823.8,824.9,821.1,824.0,3316,0
2026-07-03T12:30:00+05:30,824.0,826.0,821.2,826.0,4901,0
2026-07-03T12:45:00+05:30,826.0,828.0,821.2,825.0,2554,0
2026-07-03T13:00:00+05:30,825.0,826.95,821.15,821.15,1929,0
2026-07-03T13:15:00+05:30,821.85,821.85,821.0,821.1,2515,0
2026-07-03T13:30:00+05:30,821.1,823.7,820.0,820.25,4709,0
2026-07-03T13:45:00+05:30,821.0,821.85,818.0,818.25,8658,0
2026-07-03T14:00:00+05:30,821.85,823.25,816.8,821.0,4610,0
2026-07-03T14:15:00+05:30,821.25,825.0,821.0,824.95,1094,0
2026-07-03T14:30:00+05:30,825.0,825.0,818.0,820.0,3082,0
2026-07-03T14:45:00+05:30,820.0,820.15,816.6,819.0,3038,0
2026-07-03T15:00:00+05:30,819.0,825.55,816.8,820.0,7943,0
2026-07-03T15:15:00+05:30,820.0,824.95,818.2,821.05,8530,0
2026-07-06T09:15:00+05:30,832.0,859.0,829.6,858.7,40505,0
2026-07-06T09:30:00+05:30,858.0,862.0,854.0,857.95,31680,0
2026-07-06T09:45:00+05:30,857.95,860.0,855.0,859.0,10838,0
2026-07-06T10:00:00+05:30,858.3,860.0,854.65,858.0,12874,0
2026-07-06T10:15:00+05:30,858.0,861.9,854.0,860.0,9792,0
2026-07-06T10:30:00+05:30,860.0,860.0,854.0,858.5,7949,0
2026-07-06T10:45:00+05:30,859.65,859.95,854.0,854.0,4761,0
2026-07-06T11:00:00+05:30,858.0,859.0,854.0,856.0,3229,0
2026-07-06T11:15:00+05:30,856.0,859.0,854.05,855.0,2900,0
2026-07-06T11:30:00+05:30,855.0,859.0,846.0,856.0,6386,0
2026-07-06T11:45:00+05:30,854.0,858.9,848.1,854.0,2835,0
2026-07-06T12:00:00+05:30,854.0,857.0,851.2,854.0,2550,0
2026-07-06T12:15:00+05:30,854.0,856.95,851.3,851.55,2268,0
2026-07-06T12:30:00+05:30,856.95,856.95,851.0,854.0,3442,0
2026-07-06T12:45:00+05:30,854.0,857.5,846.0,846.35,6340,0
2026-07-06T13:00:00+05:30,850.6,850.6,845.0,845.4,5785,0
2026-07-06T13:15:00+05:30,850.0,854.9,850.0,850.0,3588,0
2026-07-06T13:30:00+05:30,854.8,855.0,846.5,854.0,1614,0
2026-07-06T13:45:00+05:30,854.0,857.3,849.0,850.15,3936,0
2026-07-06T14:00:00+05:30,850.15,857.5,850.15,851.05,6899,0
2026-07-06T14:15:00+05:30,851.05,858.0,851.05,852.0,4189,0
2026-07-06T14:30:00+05:30,856.0,856.0,850.1,854.0,4210,0
2026-07-06T14:45:00+05:30,853.0,856.95,850.0,853.75,6805,0
2026-07-06T15:00:00+05:30,853.45,856.9,851.0,855.05,2851,0
2026-07-06T15:15:00+05:30,856.35,856.5,850.0,854.5,13441,0
2026-07-07T09:15:00+05:30,855.0,866.8,838.0,840.0,14807,0
2026-07-07T09:30:00+05:30,840.0,848.0,830.0,832.0,12260,0
2026-07-07T09:45:00+05:30,837.85,837.85,830.6,833.9,3721,0
2026-07-07T10:00:00+05:30,833.95,839.9,830.7,837.0,4488,0
2026-07-07T10:15:00+05:30,831.0,839.25,830.0,833.0,5700,0
2026-07-07T10:30:00+05:30,836.95,837.9,830.0,832.85,2951,0
2026-07-07T10:45:00+05:30,832.85,832.85,828.0,828.9,4876,0
2026-07-07T11:00:00+05:30,828.9,835.0,825.4,835.0,4844,0
2026-07-07T11:15:00+05:30,836.0,837.5,830.0,836.95,3301,0
2026-07-07T11:30:00+05:30,836.9,836.9,827.1,835.0,4137,0
2026-07-07T11:45:00+05:30,835.0,837.45,828.0,837.45,1038,0
2026-07-07T12:00:00+05:30,837.9,838.0,830.0,836.95,1073,0
2026-07-07T12:15:00+05:30,836.95,842.3,832.0,840.0,5887,0
2026-07-07T12:30:00+05:30,842.05,844.8,833.0,835.0,2766,0
2026-07-07T12:45:00+05:30,835.0,843.95,833.5,840.0,3632,0
2026-07-07T13:00:00+05:30,840.0,843.9,836.0,840.05,4054,0
2026-07-07T13:15:00+05:30,840.05,842.0,833.0,833.0,3706,0
2026-07-07T13:30:00+05:30,842.0,843.4,833.0,843.0,1611,0
2026-07-07T13:45:00+05:30,840.0,848.0,840.0,842.0,3793,0
2026-07-07T14:00:00+05:30,842.0,846.95,835.0,840.0,9408,0
2026-07-07T14:15:00+05:30,840.0,842.2,833.2,841.6,1248,0
2026-07-07T14:30:00+05:30,835.5,842.2,835.5,836.0,1424,0
2026-07-07T14:45:00+05:30,842.2,842.2,836.0,838.05,2704,0
2026-07-07T15:00:00+05:30,839.5,841.0,838.1,840.75,3436,0
2026-07-07T15:15:00+05:30,840.0,844.9,833.0,839.8,14867,0
2026-07-08T09:15:00+05:30,832.0,874.0,821.1,861.0,60022,0
2026-07-08T09:30:00+05:30,861.0,864.95,844.0,852.0,24891,0
2026-07-08T09:45:00+05:30,851.0,853.15,842.5,853.15,9822,0
2026-07-08T10:00:00+05:30,853.5,864.0,850.0,851.0,4526,0
2026-07-08T10:15:00+05:30,851.0,853.0,846.7,846.8,3949,0
2026-07-08T10:30:00+05:30,847.0,850.0,845.0,847.1,2643,0
2026-07-08T10:45:00+05:30,847.0,851.9,845.0,851.9,9304,0
2026-07-08T11:00:00+05:30,851.9,856.0,850.0,856.0,4413,0
2026-07-08T11:15:00+05:30,855.0,859.0,850.0,856.0,1798,0
2026-07-08T11:30:00+05:30,856.0,860.0,856.0,858.0,6137,0
2026-07-08T11:45:00+05:30,857.0,860.0,855.05,855.05,3223,0
2026-07-08T12:00:00+05:30,855.05,861.3,855.0,860.0,7562,0
2026-07-08T12:15:00+05:30,860.0,861.9,855.05,860.0,5829,0
2026-07-08T12:30:00+05:30,857.3,860.0,850.0,858.0,4265,0
2026-07-08T12:45:00+05:30,857.1,870.0,857.1,862.05,18083,0
2026-07-08T13:00:00+05:30,863.1,868.9,862.0,866.1,4570,0
2026-07-08T13:15:00+05:30,866.1,867.9,861.9,864.0,3056,0
2026-07-08T13:30:00+05:30,862.5,865.0,862.0,863.0,2470,0
2026-07-08T13:45:00+05:30,863.0,865.0,850.0,851.0,12214,0
2026-07-08T14:00:00+05:30,850.5,855.0,840.0,841.0,21778,0
2026-07-08T14:15:00+05:30,841.8,849.0,838.0,842.25,27075,0
2026-07-08T14:30:00+05:30,842.25,855.0,838.0,850.1,14853,0
2026-07-08T14:45:00+05:30,850.1,853.0,850.0,851.75,14152,0
2026-07-08T15:00:00+05:30,852.05,859.8,850.0,859.05,21782,0
2026-07-08T15:15:00+05:30,859.05,870.0,859.0,863.05,25550,0
2026-07-09T09:15:00+05:30,859.85,861.0,844.0,857.0,17715,0
2026-07-09T09:30:00+05:30,852.5,865.0,850.0,855.5,8004,0
2026-07-09T09:45:00+05:30,855.5,863.4,855.0,856.15,7723,0
2026-07-09T10:00:00+05:30,856.2,860.0,850.5,853.45,7453,0
2026-07-09T10:15:00+05:30,853.45,858.4,850.0,856.95,6097,0
2026-07-09T10:30:00+05:30,856.9,857.85,855.0,857.3,3142,0
2026-07-09T10:45:00+05:30,857.3,858.3,850.0,857.9,5532,0
2026-07-09T11:00:00+05:30,857.95,858.0,850.0,853.0,6082,0
2026-07-09T11:15:00+05:30,853.0,857.0,851.1,855.0,5380,0
2026-07-09T11:30:00+05:30,852.0,855.65,850.0,852.0,3213,0
2026-07-09T11:45:00+05:30,851.4,854.9,851.0,852.0,1258,0
2026-07-09T12:00:00+05:30,852.2,855.0,852.0,852.0,3588,0
2026-07-09T12:15:00+05:30,852.0,858.0,851.0,858.0,5476,0
2026-07-09T12:30:00+05:30,858.0,858.8,851.5,852.05,1263,0
2026-07-09T12:45:00+05:30,852.05,858.0,852.0,852.0,3271,0
2026-07-09T13:00:00+05:30,853.0,860.0,852.0,859.0,2850,0
2026-07-09T13:15:00+05:30,857.0,864.0,852.1,858.35,5776,0
2026-07-09T13:30:00+05:30,855.0,864.0,853.0,862.0,2211,0
2026-07-09T13:45:00+05:30,861.5,864.1,855.1,863.0,5507,0
2026-07-09T14:00:00+05:30,864.0,864.1,850.0,855.0,4650,0
2026-07-09T14:15:00+05:30,855.05,863.0,855.0,860.0,2856,0
2026-07-09T14:30:00+05:30,857.2,862.95,852.5,852.5,6998,0
2026-07-09T14:45:00+05:30,856.75,863.0,852.0,856.0,7244,0
2026-07-09T15:00:00+05:30,860.0,862.0,850.0,852.0,13666,0
2026-07-09T15:15:00+05:30,851.75,865.0,850.0,860.0,16163,0
2026-07-10T09:15:00+05:30,861.1,885.0,860.0,865.2,23641,0
2026-07-10T09:30:00+05:30,869.0,879.0,865.0,868.5,20085,0
2026-07-10T09:45:00+05:30,874.9,874.9,865.1,871.9,7539,0
2026-07-10T10:00:00+05:30,872.0,875.0,865.1,873.0,13256,0
2026-07-10T10:15:00+05:30,873.0,874.8,870.1,870.1,8857,0
2026-07-10T10:30:00+05:30,870.1,875.0,870.0,871.1,6268,0
2026-07-10T10:45:00+05:30,871.1,900.75,871.1,900.75,136263,0
2026-07-10T11:00:00+05:30,900.75,900.75,900.75,900.75,55738,0
2026-07-10T11:15:00+05:30,900.75,900.75,900.75,900.75,9185,0
2026-07-10T11:30:00+05:30,900.75,900.75,900.75,900.75,9989,0
2026-07-10T11:45:00+05:30,900.75,900.75,900.75,900.75,7804,0
2026-07-10T12:00:00+05:30,900.75,900.75,900.75,900.75,6785,0
2026-07-10T12:15:00+05:30,900.75,900.75,900.75,900.75,5684,0
2026-07-10T12:30:00+05:30,900.75,900.75,900.75,900.75,4983,0
2026-07-10T12:45:00+05:30,900.75,900.75,900.75,900.75,7331,0
2026-07-10T13:00:00+05:30,900.75,900.75,900.75,900.75,6260,0
2026-07-10T13:15:00+05:30,900.75,900.75,900.0,900.0,17774,0
2026-07-10T13:30:00+05:30,900.0,900.75,895.1,900.75,10060,0
2026-07-10T13:45:00+05:30,900.75,900.75,900.75,900.75,1844,0
2026-07-10T14:00:00+05:30,900.75,900.75,900.75,900.75,2821,0
2026-07-10T14:15:00+05:30,900.75,900.75,900.75,900.75,1900,0
2026-07-10T14:30:00+05:30,900.75,900.75,900.75,900.75,2477,0
2026-07-10T14:45:00+05:30,900.75,900.75,900.75,900.75,4068,0
2026-07-10T15:00:00+05:30,900.75,900.75,900.75,900.75,2785,0
2026-07-10T15:15:00+05:30,900.75,900.75,900.75,900.75,3323,0
2026-07-13T09:15:00+05:30,895.0,928.0,893.0,901.0,112316,0
2026-07-13T09:30:00+05:30,900.45,919.8,900.0,916.0,33928,0
2026-07-13T09:45:00+05:30,918.8,927.0,916.0,925.0,58754,0
2026-07-13T10:00:00+05:30,926.0,928.0,905.35,909.85,32108,0
2026-07-13T10:15:00+05:30,909.85,918.9,905.05,912.0,7414,0
2026-07-13T10:30:00+05:30,912.95,924.85,910.0,911.3,6278,0
2026-07-13T10:45:00+05:30,914.0,916.9,910.0,915.0,4713,0
2026-07-13T11:00:00+05:30,914.0,931.0,912.05,931.0,35261,0
2026-07-13T11:15:00+05:30,924.1,930.9,924.0,926.0,7998,0
2026-07-13T11:30:00+05:30,926.0,930.5,925.0,926.1,10489,0
2026-07-13T11:45:00+05:30,926.1,931.3,925.2,931.3,13706,0
2026-07-13T12:00:00+05:30,931.1,935.0,930.0,930.0,18916,0
2026-07-13T12:15:00+05:30,928.75,932.0,925.0,925.0,7386,0
2026-07-13T12:30:00+05:30,926.0,930.0,925.0,925.0,4285,0
2026-07-13T12:45:00+05:30,927.45,931.0,925.0,925.05,6623,0
2026-07-13T13:00:00+05:30,925.05,930.0,925.05,929.9,3510,0
2026-07-13T13:15:00+05:30,929.9,932.0,921.0,922.0,11755,0
2026-07-13T13:30:00+05:30,921.1,921.9,915.0,915.0,4061,0
2026-07-13T13:45:00+05:30,915.5,919.0,910.0,910.0,3774,0
2026-07-13T14:00:00+05:30,910.0,919.95,909.0,912.0,8863,0
2026-07-13T14:15:00+05:30,911.1,916.8,908.0,916.8,4680,0
2026-07-13T14:30:00+05:30,912.0,919.2,909.0,911.0,8920,0
2026-07-13T14:45:00+05:30,912.8,917.95,911.0,916.95,2203,0
2026-07-13T15:00:00+05:30,916.95,916.95,908.0,911.0,5442,0
2026-07-13T15:15:00+05:30,910.0,912.0,901.0,909.0,15091,0
2026-07-14T09:15:00+05:30,918.0,918.0,870.15,890.5,36688,0
2026-07-14T09:30:00+05:30,890.5,904.0,890.0,893.0,19220,0
2026-07-14T09:45:00+05:30,893.0,893.0,876.05,881.0,18131,0
2026-07-14T10:00:00+05:30,882.0,902.4,881.0,901.95,9297,0
2026-07-14T10:15:00+05:30,901.95,909.95,895.0,898.0,6718,0
2026-07-14T10:30:00+05:30,898.0,903.9,890.0,902.0,3923,0
2026-07-14T10:45:00+05:30,902.0,905.0,895.0,897.0,5672,0
2026-07-14T11:00:00+05:30,900.0,912.0,895.0,905.0,5182,0
2026-07-14T11:15:00+05:30,908.0,911.85,904.8,910.0,6388,0
2026-07-14T11:30:00+05:30,904.8,911.85,904.8,911.85,5351,0
2026-07-14T11:45:00+05:30,911.0,911.0,901.0,904.0,1856,0
2026-07-14T12:00:00+05:30,904.0,910.0,900.0,901.0,8508,0
2026-07-14T12:15:00+05:30,901.1,909.0,895.2,907.9,2984,0
2026-07-14T12:30:00+05:30,907.9,908.0,896.0,904.45,2094,0
2026-07-14T12:45:00+05:30,904.45,906.45,900.0,900.0,689,0
2026-07-14T13:00:00+05:30,905.7,905.85,900.0,900.1,3379,0
2026-07-14T13:15:00+05:30,900.2,904.5,900.2,900.25,1790,0
2026-07-14T13:30:00+05:30,900.2,902.35,899.0,900.0,3137,0
2026-07-14T13:45:00+05:30,900.0,904.5,895.0,900.0,3192,0
2026-07-14T14:00:00+05:30,899.9,904.5,895.0,900.0,2086,0
2026-07-14T14:15:00+05:30,900.0,904.0,896.0,900.8,5742,0
2026-07-14T14:30:00+05:30,900.8,903.0,900.0,903.0,8021,0
2026-07-14T14:45:00+05:30,900.0,904.5,900.0,900.0,3902,0
2026-07-14T15:00:00+05:30,904.0,904.5,900.0,901.5,9120,0
2026-07-14T15:15:00+05:30,901.5,907.0,900.0,906.0,14733,0
2026-07-15T09:15:00+05:30,905.0,914.9,881.1,901.95,13722,0
2026-07-15T09:30:00+05:30,901.95,902.95,892.5,901.85,5454,0
2026-07-15T09:45:00+05:30,899.1,901.8,893.3,898.0,4611,0
2026-07-15T10:00:00+05:30,893.5,899.95,886.0,888.0,7718,0
2026-07-15T10:15:00+05:30,888.0,903.0,887.0,903.0,12307,0
2026-07-15T10:30:00+05:30,899.35,914.9,899.35,910.6,15821,0
2026-07-15T10:45:00+05:30,912.0,914.55,896.05,896.15,9048,0
2026-07-15T11:00:00+05:30,900.0,915.0,896.15,907.35,8162,0
2026-07-15T11:15:00+05:30,907.2,914.8,904.15,905.0,25567,0
2026-07-15T11:30:00+05:30,909.45,909.45,900.0,900.0,2271,0
2026-07-15T11:45:00+05:30,900.0,906.0,896.0,905.5,10456,0
2026-07-15T12:00:00+05:30,905.5,905.5,900.0,903.0,2829,0
2026-07-15T12:15:00+05:30,900.1,900.1,891.0,892.5,3961,0
2026-07-15T12:30:00+05:30,892.5,892.5,891.0,891.4,2499,0
2026-07-15T12:45:00+05:30,892.5,892.5,885.1,886.0,7051,0
2026-07-15T13:00:00+05:30,886.05,890.0,882.0,882.9,5693,0
2026-07-15T13:15:00+05:30,882.9,889.95,882.9,888.0,1425,0
2026-07-15T13:30:00+05:30,888.0,888.0,882.9,887.95,3289,0
2026-07-15T13:45:00+05:30,884.2,887.95,879.1,880.0,12441,0
2026-07-15T14:00:00+05:30,884.95,884.95,879.1,884.0,1703,0
2026-07-15T14:15:00+05:30,884.0,885.0,880.0,885.0,4081,0
2026-07-15T14:30:00+05:30,885.0,885.0,880.0,883.0,2367,0
2026-07-15T14:45:00+05:30,883.0,888.0,877.0,883.0,4646,0
2026-07-15T15:00:00+05:30,878.5,880.0,874.0,875.0,13982,0
2026-07-15T15:15:00+05:30,875.0,885.0,874.4,877.85,30989,0
2026-07-16T09:15:00+05:30,877.85,895.0,871.0,873.0,10076,0
2026-07-16T09:30:00+05:30,873.0,878.0,860.1,869.25,8443,0
2026-07-16T09:45:00+05:30,869.25,874.0,861.0,868.5,13443,0
2026-07-16T10:00:00+05:30,872.85,873.9,865.0,865.0,5130,0
2026-07-16T10:15:00+05:30,866.0,867.9,854.0,866.6,12145,0
2026-07-16T10:30:00+05:30,866.5,866.5,860.0,864.9,1820,0
2026-07-16T10:45:00+05:30,864.9,864.9,847.85,858.8,19662,0
2026-07-16T11:00:00+05:30,858.95,864.8,850.0,863.9,4324,0
2026-07-16T11:15:00+05:30,862.5,862.75,858.0,861.0,1612,0
2026-07-16T11:30:00+05:30,861.0,861.0,851.1,857.0,3545,0
2026-07-16T11:45:00+05:30,857.0,860.0,851.15,857.0,4603,0
2026-07-16T12:00:00+05:30,857.0,857.0,850.0,853.0,5828,0
2026-07-16T12:15:00+05:30,852.75,864.0,852.05,860.0,13695,0
2026-07-16T12:30:00+05:30,860.0,862.0,855.0,862.0,2986,0
2026-07-16T12:45:00+05:30,862.0,862.0,855.0,859.0,2983,0
2026-07-16T13:00:00+05:30,859.0,860.0,853.0,859.3,9423,0
2026-07-16T13:15:00+05:30,859.3,859.5,852.0,858.0,1061,0
2026-07-16T13:30:00+05:30,857.75,858.95,852.0,852.0,7905,0
2026-07-16T13:45:00+05:30,854.25,861.95,851.0,857.0,9734,0
2026-07-16T14:00:00+05:30,857.0,857.0,850.55,852.0,3187,0
2026-07-16T14:15:00+05:30,855.9,859.9,852.0,858.65,5500,0
2026-07-16T14:30:00+05:30,858.65,858.85,850.0,858.6,4144,0
2026-07-16T14:45:00+05:30,858.85,858.85,854.0,856.8,1884,0
2026-07-16T15:00:00+05:30,856.8,856.8,848.0,852.65,9112,0
2026-07-16T15:15:00+05:30,852.65,863.9,849.75,855.0,21614,0
2026-07-17T09:15:00+05:30,854.0,855.0,836.0,842.0,20098,0
2026-07-17T09:30:00+05:30,842.0,847.85,838.0,844.0,9219,0
2026-07-17T09:45:00+05:30,845.9,847.0,838.0,838.0,13285,0
2026-07-17T10:00:00+05:30,837.75,838.0,825.0,833.7,24470,0
2026-07-17T10:15:00+05:30,833.9,833.9,829.5,832.9,6377,0
2026-07-17T10:30:00+05:30,832.9,838.75,830.1,838.7,12312,0
2026-07-17T10:45:00+05:30,838.7,838.75,836.75,838.65,2619,0
2026-07-17T11:00:00+05:30,838.65,842.9,838.0,838.0,1988,0
2026-07-17T11:15:00+05:30,838.95,839.95,832.0,832.0,2480,0
2026-07-17T11:30:00+05:30,835.75,837.3,827.9,827.95,5268,0
2026-07-17T11:45:00+05:30,827.95,834.9,827.0,830.0,2068,0
2026-07-17T12:00:00+05:30,830.0,834.8,827.0,830.0,2092,0
2026-07-17T12:15:00+05:30,830.0,834.5,827.0,829.95,3368,0
2026-07-17T12:30:00+05:30,829.95,829.95,825.0,828.7,14845,0
2026-07-17T12:45:00+05:30,828.7,828.7,825.0,827.2,3194,0
2026-07-17T13:00:00+05:30,827.2,827.2,824.0,827.0,5023,0
2026-07-17T13:15:00+05:30,827.0,827.0,822.2,825.0,14120,0
2026-07-17T13:30:00+05:30,825.0,827.0,822.0,826.95,6759,0
2026-07-17T13:45:00+05:30,826.95,827.0,823.0,827.0,2554,0
2026-07-17T14:00:00+05:30,827.0,834.9,826.95,832.8,3553,0
2026-07-17T14:15:00+05:30,830.25,834.5,829.05,832.25,1427,0
2026-07-17T14:30:00+05:30,833.9,834.0,825.5,830.0,1545,0
2026-07-17T14:45:00+05:30,830.0,841.0,829.0,838.0,10143,0
2026-07-17T15:00:00+05:30,838.0,844.9,836.5,844.2,6419,0
2026-07-17T15:15:00+05:30,844.2,849.0,844.0,844.1,13309,0
2026-07-20T09:15:00+05:30,851.8,874.0,845.0,855.0,28635,0
2026-07-20T09:30:00+05:30,858.95,870.15,853.3,865.05,19918,0
2026-07-20T09:45:00+05:30,868.7,868.7,855.5,863.35,4386,0
2026-07-20T10:00:00+05:30,862.45,863.35,850.0,857.95,7379,0
2026-07-20T10:15:00+05:30,857.95,858.0,850.0,858.0,3989,0
2026-07-20T10:30:00+05:30,858.0,865.0,857.25,860.0,3111,0
2026-07-20T10:45:00+05:30,859.5,865.0,856.0,858.0,2635,0
2026-07-20T11:00:00+05:30,861.85,861.85,854.3,860.0,1938,0
2026-07-20T11:15:00+05:30,860.0,860.0,855.1,859.8,463,0
2026-07-20T11:30:00+05:30,859.8,860.0,852.05,856.9,2427,0
2026-07-20T11:45:00+05:30,856.9,860.0,852.0,860.0,2439,0
2026-07-20T12:00:00+05:30,860.0,860.0,852.1,858.9,2094,0
2026-07-20T12:15:00+05:30,858.9,860.0,852.15,859.4,1643,0
2026-07-20T12:30:00+05:30,859.3,859.3,857.5,858.85,1200,0
2026-07-20T12:45:00+05:30,858.85,861.0,857.5,859.5,4287,0
2026-07-20T13:00:00+05:30,859.5,861.0,857.5,859.0,2159,0
2026-07-20T13:15:00+05:30,859.0,861.0,852.5,860.5,3772,0
2026-07-20T13:30:00+05:30,860.5,870.7,854.25,860.0,10621,0
2026-07-20T13:45:00+05:30,860.0,864.95,857.0,860.0,1440,0
2026-07-20T14:00:00+05:30,860.0,863.9,859.1,860.0,1178,0
2026-07-20T14:15:00+05:30,860.0,865.0,859.1,863.95,1882,0
2026-07-20T14:30:00+05:30,863.95,872.0,855.05,857.2,11994,0
2026-07-20T14:45:00+05:30,857.2,865.0,855.0,860.0,2182,0
2026-07-20T15:00:00+05:30,860.0,864.95,855.25,858.5,2451,0
2026-07-20T15:15:00+05:30,858.5,864.9,852.0,855.0,9031,0
2026-07-21T09:15:00+05:30,857.3,864.9,855.0,860.9,7446,0
2026-07-21T09:30:00+05:30,864.0,864.0,854.0,854.0,5768,0
2026-07-21T09:45:00+05:30,855.0,857.9,851.2,855.85,3252,0
2026-07-21T10:00:00+05:30,855.85,855.85,850.2,854.0,1310,0
2026-07-21T10:15:00+05:30,854.0,854.0,845.75,849.0,5807,0
2026-07-21T10:30:00+05:30,849.75,853.9,845.0,846.1,2477,0
2026-07-21T10:45:00+05:30,846.1,859.95,845.05,853.6,4041,0
2026-07-21T11:00:00+05:30,855.85,855.85,845.0,848.65,1668,0
2026-07-21T11:15:00+05:30,848.5,853.7,848.0,849.0,1023,0
2026-07-21T11:30:00+05:30,853.45,853.45,846.0,848.0,2236,0
2026-07-21T11:45:00+05:30,848.0,849.0,838.55,849.0,11314,0
2026-07-21T12:00:00+05:30,849.0,849.0,839.0,846.8,3130,0
2026-07-21T12:15:00+05:30,846.8,846.95,842.5,844.9,2768,0
2026-07-21T12:30:00+05:30,844.9,847.0,842.5,842.5,1310,0
2026-07-21T12:45:00+05:30,842.5,847.0,842.0,845.8,1571,0
2026-07-21T13:00:00+05:30,842.5,847.0,841.0,846.0,688,0
2026-07-21T13:15:00+05:30,846.0,847.0,841.1,841.1,1755,0
2026-07-21T13:30:00+05:30,845.0,845.0,841.0,845.0,701,0
2026-07-21T13:45:00+05:30,844.95,847.9,843.0,847.9,1033,0
2026-07-21T14:00:00+05:30,845.0,847.9,840.0,844.25,2980,0
2026-07-21T14:15:00+05:30,843.0,847.9,840.5,846.45,1706,0
2026-07-21T14:30:00+05:30,846.85,857.8,844.6,853.0,6781,0
2026-07-21T14:45:00+05:30,854.0,859.85,845.2,850.0,4327,0
2026-07-21T15:00:00+05:30,850.0,850.0,847.0,848.0,2000,0
2026-07-21T15:15:00+05:30,849.0,853.9,848.0,850.0,9297,0
2026-07-22T09:15:00+05:30,840.1,850.0,835.0,844.95,6689,0
2026-07-22T09:30:00+05:30,844.95,850.0,838.0,844.95,3943,0
2026-07-22T09:45:00+05:30,845.0,845.0,835.0,838.95,5935,0
2026-07-22T10:00:00+05:30,839.0,849.1,839.0,849.1,6276,0
2026-07-22T10:15:00+05:30,849.1,855.0,840.0,848.0,5993,0
2026-07-22T10:30:00+05:30,848.0,858.25,846.4,851.2,43785,0
2026-07-22T10:45:00+05:30,853.0,855.0,849.05,852.75,1987,0
2026-07-22T11:00:00+05:30,852.75,856.0,850.0,855.0,9865,0
2026-07-22T11:15:00+05:30,855.0,864.7,854.95,856.95,21410,0
2026-07-22T11:30:00+05:30,856.95,860.0,855.0,857.85,6930,0
2026-07-22T11:45:00+05:30,857.9,859.25,856.7,858.0,4150,0
2026-07-22T12:00:00+05:30,858.4,860.0,857.0,859.95,7154,0
2026-07-22T12:15:00+05:30,859.95,860.1,858.0,859.95,7802,0
2026-07-22T12:30:00+05:30,859.95,862.0,858.0,859.9,5004,0
2026-07-22T12:45:00+05:30,859.9,862.0,859.5,860.0,2247,0
2026-07-22T13:00:00+05:30,860.4,862.0,859.5,860.0,2008,0
2026-07-22T13:15:00+05:30,860.0,863.7,859.5,861.1,2688,0
2026-07-22T13:30:00+05:30,861.1,864.5,860.0,862.25,3455,0
2026-07-22T13:45:00+05:30,862.25,864.4,860.0,862.95,1992,0
2026-07-22T14:00:00+05:30,862.95,863.0,859.5,861.0,4771,0
2026-07-22T14:15:00+05:30,859.85,861.0,859.5,859.65,4720,0
2026-07-22T14:30:00+05:30,859.65,862.0,859.5,860.25,3920,0
2026-07-22T14:45:00+05:30,860.25,864.0,860.0,862.4,4341,0
2026-07-22T15:00:00+05:30,862.0,864.9,860.0,860.05,5975,0
2026-07-22T15:15:00+05:30,861.1,864.5,859.5,862.05,11518,0
2026-07-23T09:15:00+05:30,855.0,864.0,855.0,858.9,9345,0
2026-07-23T09:30:00+05:30,858.9,858.9,854.0,854.0,4237,0
2026-07-23T09:45:00+05:30,853.5,870.0,852.0,863.0,10815,0
2026-07-23T10:00:00+05:30,863.0,868.4,860.8,865.8,1973,0
2026-07-23T10:15:00+05:30,865.8,869.95,861.25,866.75,3128,0
2026-07-23T10:30:00+05:30,865.0,868.0,861.25,864.15,2492,0
2026-07-23T10:45:00+05:30,864.15,868.0,861.5,865.0,1248,0
2026-07-23T11:00:00+05:30,864.9,865.0,860.0,864.55,4649,0
2026-07-23T11:15:00+05:30,864.9,864.9,860.0,861.0,1360,0
2026-07-23T11:30:00+05:30,862.0,865.0,855.0,857.35,5237,0
2026-07-23T11:45:00+05:30,858.0,864.95,857.0,857.5,5313,0
2026-07-23T12:00:00+05:30,860.0,860.0,857.0,858.5,1032,0
2026-07-23T12:15:00+05:30,857.0,864.5,857.0,860.0,1156,0
2026-07-23T12:30:00+05:30,860.0,862.4,858.0,859.55,2862,0
2026-07-23T12:45:00+05:30,860.0,863.5,857.0,860.0,3608,0
2026-07-23T13:00:00+05:30,860.0,860.0,857.0,857.0,786,0
2026-07-23T13:15:00+05:30,857.1,863.0,857.0,860.7,859,0
2026-07-23T13:30:00+05:30,860.0,865.0,860.0,860.0,3396,0
2026-07-23T13:45:00+05:30,860.05,861.8,860.0,860.0,750,0
2026-07-23T14:00:00+05:30,861.75,865.0,860.0,864.2,2705,0
2026-07-23T14:15:00+05:30,864.9,864.9,860.0,864.05,9519,0
2026-07-23T14:30:00+05:30,864.75,865.0,860.0,864.95,4773,0
2026-07-23T14:45:00+05:30,864.95,867.0,860.0,863.0,8474,0
2026-07-23T15:00:00+05:30,862.95,865.0,860.0,864.2,8611,0
2026-07-23T15:15:00+05:30,864.55,864.55,858.3,861.0,6106,0
2026-07-24T09:15:00+05:30,849.0,872.6,844.7,869.75,26847,0
2026-07-24T09:30:00+05:30,869.4,899.0,868.5,876.0,42658,0
2026-07-24T09:45:00+05:30,877.5,895.0,865.1,875.0,20135,0
2026-07-24T10:00:00+05:30,875.0,875.0,865.1,867.55,8165,0
2026-07-24T10:15:00+05:30,871.0,872.95,861.0,866.0,5666,0
2026-07-24T10:30:00+05:30,866.0,870.0,862.0,869.0,2318,0
2026-07-24T10:45:00+05:30,870.0,870.0,862.5,865.95,2538,0
2026-07-24T11:00:00+05:30,865.9,870.0,862.5,865.95,1384,0
2026-07-24T11:15:00+05:30,865.95,870.0,861.15,870.0,3224,0
2026-07-24T11:30:00+05:30,870.0,870.0,864.0,869.95,1784,0
2026-07-24T11:45:00+05:30,870.0,870.0,862.4,868.25,828,0
2026-07-24T12:00:00+05:30,867.55,874.9,866.25,869.95,24674,0
2026-07-24T12:15:00+05:30,869.95,874.55,865.05,873.75,1275,0
2026-07-24T12:30:00+05:30,873.9,874.0,863.15,869.0,1570,0
2026-07-24T12:45:00+05:30,868.65,872.0,863.5,869.9,2463,0
2026-07-24T13:00:00+05:30,869.9,872.0,865.5,871.0,1798,0
2026-07-24T13:15:00+05:30,872.0,872.0,866.0,870.15,806,0
2026-07-24T13:30:00+05:30,870.15,870.5,866.1,869.8,548,0
2026-07-24T13:45:00+05:30,869.8,870.3,866.35,870.0,1026,0
2026-07-24T14:00:00+05:30,870.0,870.45,866.35,870.45,789,0
2026-07-24T14:15:00+05:30,870.45,870.45,867.6,869.75,1341,0
2026-07-24T14:30:00+05:30,869.85,870.2,865.0,870.0,1554,0
2026-07-24T14:45:00+05:30,869.9,870.3,863.0,870.0,2255,0
2026-07-24T15:00:00+05:30,870.0,870.2,864.0,869.0,980,0
2026-07-24T15:15:00+05:30,868.85,874.4,868.0,873.0,5703,0
2026-07-27T09:15:00+05:30,870.65,884.9,861.0,865.0,8598,0
2026-07-27T09:30:00+05:30,865.0,869.9,858.0,864.0,5895,0
2026-07-27T09:45:00+05:30,864.5,865.0,857.0,858.6,7483,0
2026-07-27T10:00:00+05:30,858.6,876.2,858.0,862.5,10113,0
2026-07-27T10:15:00+05:30,873.7,873.7,862.0,872.65,4311,0
2026-07-27T10:30:00+05:30,871.0,874.0,864.0,866.0,2400,0
2026-07-27T10:45:00+05:30,867.5,873.4,866.0,873.4,2330,0
2026-07-27T11:00:00+05:30,873.4,873.4,866.3,873.0,2836,0
2026-07-27T11:15:00+05:30,873.0,873.0,867.0,870.0,1661,0
2026-07-27T11:30:00+05:30,869.45,870.0,861.4,869.0,2119,0
2026-07-27T11:45:00+05:30,869.0,869.0,861.4,869.0,1109,0
2026-07-27T12:00:00+05:30,869.0,870.0,861.4,869.0,2478,0
2026-07-27T12:15:00+05:30,869.0,872.75,867.35,870.0,1433,0
2026-07-27T12:30:00+05:30,870.0,872.7,863.4,863.4,2442,0
2026-07-27T12:45:00+05:30,863.5,872.4,862.85,863.0,2581,0
2026-07-27T13:00:00+05:30,865.0,866.9,862.35,865.0,2343,0
2026-07-27T13:15:00+05:30,865.0,866.9,860.0,866.8,5074,0
2026-07-27T13:30:00+05:30,866.8,866.9,860.0,860.0,3278,0
2026-07-27T13:45:00+05:30,860.65,865.0,859.05,864.0,2694,0
2026-07-27T14:00:00+05:30,860.25,864.5,859.2,864.45,13881,0
2026-07-27T14:15:00+05:30,864.45,864.5,860.0,860.0,8826,0
2026-07-27T14:30:00+05:30,860.0,864.4,860.0,860.25,3812,0
2026-07-27T14:45:00+05:30,860.25,864.3,860.0,860.0,3991,0
2026-07-27T15:00:00+05:30,860.0,864.2,859.6,860.0,5796,0
2026-07-27T15:15:00+05:30,860.0,863.0,859.0,860.55,12194,0
2026-07-28T09:15:00+05:30,860.0,863.2,846.0,850.0,42483,0
2026-07-28T09:30:00+05:30,850.0,850.0,844.0,844.0,8215,0
2026-07-28T09:45:00+05:30,846.5,850.5,840.0,849.3,19255,0
2026-07-28T10:00:00+05:30,846.5,850.0,841.3,847.5,4465,0
2026-07-28T10:15:00+05:30,846.0,849.85,841.0,847.7,9374,0
2026-07-28T10:30:00+05:30,847.7,848.7,842.5,846.95,1652,0
2026-07-28T10:45:00+05:30,843.0,847.0,843.0,846.9,2844,0
2026-07-28T11:00:00+05:30,846.95,847.45,843.0,844.0,2331,0
2026-07-28T11:15:00+05:30,845.9,846.0,843.0,846.0,1822,0
2026-07-28T11:30:00+05:30,846.0,847.75,844.0,844.0,2820,0
2026-07-28T11:45:00+05:30,844.0,848.85,844.0,846.8,1718,0
2026-07-28T12:00:00+05:30,846.8,848.95,840.0,846.0,14126,0
2026-07-28T12:15:00+05:30,842.3,848.0,841.0,842.0,7393,0
2026-07-28T12:30:00+05:30,842.0,845.0,842.0,842.25,1306,0
2026-07-28T12:45:00+05:30,842.25,847.9,842.0,845.0,1654,0
2026-07-28T13:00:00+05:30,842.0,851.0,842.0,842.0,6408,0
2026-07-28T13:15:00+05:30,842.0,845.0,841.0,845.0,4663,0
2026-07-28T13:30:00+05:30,845.0,851.0,841.0,849.6,5841,0
2026-07-28T13:45:00+05:30,849.6,849.6,842.5,848.9,3726,0
2026-07-28T14:00:00+05:30,848.9,848.9,844.0,848.0,1115,0
2026-07-28T14:15:00+05:30,848.0,848.0,843.5,845.0,2514,0
2026-07-28T14:30:00+05:30,844.0,848.0,844.0,845.0,5417,0
2026-07-28T14:45:00+05:30,845.0,849.95,845.0,849.85,1413,0
2026-07-28T15:00:00+05:30,845.05,849.8,845.0,849.25,1355,0
2026-07-28T15:15:00+05:30,847.95,851.45,844.0,847.0,9777,0
2026-07-29T09:15:00+05:30,847.95,858.9,847.95,850.1,3893,0
2026-07-29T09:30:00+05:30,852.0,857.85,850.1,853.5,3080,0
2026-07-29T09:45:00+05:30,854.0,855.4,852.0,853.0,1620,0
2026-07-29T10:00:00+05:30,853.0,855.0,851.0,851.0,4538,0
2026-07-29T10:15:00+05:30,851.0,855.0,851.0,852.65,3578,0
2026-07-29T10:30:00+05:30,852.65,852.65,851.0,851.0,4179,0
2026-07-29T10:45:00+05:30,852.0,854.6,850.0,850.0,2800,0
2026-07-29T11:00:00+05:30,851.55,853.15,849.9,851.1,4813,0
2026-07-29T11:15:00+05:30,851.1,851.1,848.0,848.95,2951,0
2026-07-29T11:30:00+05:30,848.95,849.85,848.0,848.0,1084,0
2026-07-29T11:45:00+05:30,848.0,851.0,848.0,848.0,1268,0
2026-07-29T12:00:00+05:30,848.0,850.0,848.0,848.0,2240,0
2026-07-29T12:15:00+05:30,850.0,850.1,847.0,847.1,1718,0
2026-07-29T12:30:00+05:30,847.1,848.6,847.1,847.6,1890,0
2026-07-29T12:45:00+05:30,847.6,848.6,846.0,846.0,2937,0
2026-07-29T13:00:00+05:30,847.0,848.6,846.0,846.0,1244,0
2026-07-29T13:15:00+05:30,846.1,850.5,846.0,848.0,3588,0
2026-07-29T13:30:00+05:30,848.0,852.0,846.0,849.45,2410,0
2026-07-29T13:45:00+05:30,847.1,850.7,847.0,847.0,1667,0
2026-07-29T14:00:00+05:30,848.95,849.4,847.0,847.0,1835,0
2026-07-29T14:15:00+05:30,847.7,848.45,847.0,848.45,7739,0
2026-07-29T14:30:00+05:30,847.0,850.0,846.0,846.1,1575,0
2026-07-29T14:45:00+05:30,846.2,850.05,846.2,848.0,5951,0
2026-07-29T15:00:00+05:30,848.5,850.7,847.5,849.6,3563,0
2026-07-29T15:15:00+05:30,849.6,851.0,847.0,850.1,11075,0
2026-07-30T09:15:00+05:30,850.1,858.0,846.5,846.6,7702,0
2026-07-30T09:30:00+05:30,850.0,853.0,846.5,850.0,8330,0
2026-07-30T09:45:00+05:30,850.2,853.0,846.6,850.1,6200,0
2026-07-30T10:00:00+05:30,850.1,850.1,846.9,849.4,5315,0
2026-07-30T10:15:00+05:30,850.0,852.0,840.1,851.0,9720,0
2026-07-30T10:30:00+05:30,851.5,851.5,849.85,851.0,4964,0
2026-07-30T10:45:00+05:30,851.0,852.4,851.0,851.0,3864,0
2026-07-30T11:00:00+05:30,851.05,851.05,850.0,851.0,11083,0
2026-07-30T11:15:00+05:30,851.0,852.4,850.0,851.0,3628,0
2026-07-30T11:30:00+05:30,851.0,851.75,851.0,851.0,5366,0
2026-07-30T11:45:00+05:30,851.0,851.2,851.0,851.0,1967,0
2026-07-30T12:00:00+05:30,851.0,851.1,847.55,851.0,8899,0
2026-07-30T12:15:00+05:30,851.0,851.1,847.55,850.5,3288,0
2026-07-30T12:30:00+05:30,850.5,851.05,850.5,851.0,1632,0
2026-07-30T12:45:00+05:30,851.05,852.0,851.0,851.0,643,0
2026-07-30T13:00:00+05:30,851.0,851.05,850.0,851.05,5264,0
2026-07-30T13:15:00+05:30,851.05,855.0,850.0,851.0,5618,0
2026-07-30T13:30:00+05:30,851.0,851.05,850.0,851.05,3395,0
2026-07-30T13:45:00+05:30,851.05,851.85,850.0,851.0,4160,0
2026-07-30T14:00:00+05:30,851.65,851.65,851.0,851.0,2168,0
2026-07-30T14:15:00+05:30,851.0,851.55,848.05,851.1,3574,0
2026-07-30T14:30:00+05:30,851.1,852.0,850.0,851.0,6262,0
2026-07-30T14:45:00+05:30,851.0,851.1,850.0,850.8,1960,0
2026-07-30T15:00:00+05:30,850.0,851.1,849.9,851.1,2139,0
2026-07-30T15:15:00+05:30,851.1,852.0,851.0,851.0,5429,0
2026-07-31T09:15:00+05:30,851.0,860.0,850.25,853.0,6672,0
2026-07-31T09:30:00+05:30,853.0,865.0,851.0,858.15,8800,0
2026-07-31T09:45:00+05:30,858.2,863.95,855.0,858.1,3336,0
2026-07-31T10:00:00+05:30,859.65,865.0,855.0,865.0,6464,0
2026-07-31T10:15:00+05:30,865.0,865.0,859.0,864.85,4292,0
2026-07-31T10:30:00+05:30,864.85,865.0,860.0,860.75,10405,0
2026-07-31T10:45:00+05:30,860.75,864.9,855.0,856.1,4601,0
2026-07-31T11:00:00+05:30,863.95,864.85,856.85,860.0,616,0
2026-07-31T11:15:00+05:30,860.0,863.5,856.75,862.9,1138,0
2026-07-31T11:30:00+05:30,862.85,862.9,856.0,860.0,2610,0
2026-07-31T11:45:00+05:30,859.95,868.9,855.0,865.5,11856,0
2026-07-31T12:00:00+05:30,866.25,877.7,865.0,876.6,16418,0
2026-07-31T12:15:00+05:30,877.4,879.9,870.0,870.0,13630,0
2026-07-31T12:30:00+05:30,871.0,878.0,866.15,870.7,9796,0
2026-07-31T12:45:00+05:30,870.7,878.0,870.1,874.0,1365,0
2026-07-31T13:00:00+05:30,874.0,874.0,870.2,871.0,683,0
2026-07-31T13:15:00+05:30,871.0,877.0,870.2,871.1,3153,0
2026-07-31T13:30:00+05:30,871.1,871.25,870.0,870.0,2828,0
2026-07-31T13:45:00+05:30,870.0,874.75,868.5,874.4,2200,0
2026-07-31T14:00:00+05:30,874.4,875.0,867.1,870.5,6301,0
2026-07-31T14:15:00+05:30,871.0,875.0,870.0,870.0,2357,0
2026-07-31T14:30:00+05:30,870.0,874.95,870.0,870.1,1843,0
2026-07-31T14:45:00+05:30,874.95,875.7,870.0,875.0,8172,0
2026-07-31T15:00:00+05:30,875.0,879.0,870.0,875.75,16570,0
2026-07-31T15:15:00+05:30,875.75,879.35,874.8,879.25,14182,0
2026-08-03T09:15:00+05:30,892.0,899.0,870.05,891.0,21959,0
2026-08-03T09:30:00+05:30,891.5,895.0,885.55,890.0,17587,0
2026-08-03T09:45:00+05:30,889.95,895.0,887.0,888.0,8751,0
2026-08-03T10:00:00+05:30,888.0,888.0,883.5,886.0,8728,0
2026-08-03T10:15:00+05:30,888.0,893.9,883.0,890.0,4929,0
2026-08-03T10:30:00+05:30,885.0,893.5,883.1,889.85,2970,0
2026-08-03T10:45:00+05:30,892.0,893.9,880.0,880.1,8580,0
2026-08-03T11:00:00+05:30,882.7,894.0,880.6,883.1,4571,0
2026-08-03T11:15:00+05:30,885.45,892.95,885.2,892.0,1843,0
2026-08-03T11:30:00+05:30,892.85,894.0,892.0,893.9,6555,0
2026-08-03T11:45:00+05:30,892.0,894.0,885.0,886.8,3424,0
2026-08-03T12:00:00+05:30,886.8,893.3,886.8,887.0,1022,0
2026-08-03T12:15:00+05:30,887.1,887.1,885.0,885.0,1269,0
2026-08-03T12:30:00+05:30,885.0,893.95,885.0,892.0,1448,0
2026-08-03T12:45:00+05:30,889.7,893.6,880.65,882.0,3279,0
2026-08-03T13:00:00+05:30,881.0,882.0,880.0,880.05,1300,0
2026-08-03T13:15:00+05:30,882.0,882.0,880.1,882.0,1390,0
2026-08-03T13:30:00+05:30,882.0,884.0,880.1,881.0,1990,0
2026-08-03T13:45:00+05:30,883.95,890.0,881.0,883.7,1592,0
2026-08-03T14:00:00+05:30,883.0,894.0,880.1,880.1,4886,0
2026-08-03T14:15:00+05:30,890.0,894.0,880.1,892.25,2855,0
2026-08-03T14:30:00+05:30,892.25,893.0,881.0,887.9,2352,0
2026-08-03T14:45:00+05:30,886.0,892.0,880.15,880.2,2806,0
2026-08-03T15:00:00+05:30,880.8,893.0,880.2,888.65,3850,0
2026-08-03T15:15:00+05:30,888.0,888.65,883.0,887.9,4489,0
2026-08-04T09:15:00+05:30,896.7,896.7,880.0,885.0,13704,0
2026-08-04T09:30:00+05:30,884.0,892.85,881.05,890.0,8313,0
2026-08-04T09:45:00+05:30,890.0,890.0,880.25,888.0,6512,0
2026-08-04T10:00:00+05:30,888.0,892.0,888.0,890.75,4390,0
2026-08-04T10:15:00+05:30,890.75,892.0,888.0,890.0,5284,0
2026-08-04T10:30:00+05:30,890.0,890.0,882.0,883.75,3463,0
2026-08-04T10:45:00+05:30,883.75,890.0,882.2,885.1,3597,0
2026-08-04T11:00:00+05:30,885.15,889.4,882.5,885.55,1483,0
2026-08-04T11:15:00+05:30,885.55,888.0,882.0,885.0,2342,0
2026-08-04T11:30:00+05:30,885.0,889.0,881.3,885.0,2605,0
2026-08-04T11:45:00+05:30,885.0,888.9,873.9,873.9,5608,0
2026-08-04T12:00:00+05:30,875.0,880.0,870.1,872.0,3934,0
2026-08-04T12:15:00+05:30,874.0,880.0,870.0,880.0,3149,0
2026-08-04T12:30:00+05:30,877.8,888.0,872.0,886.0,1761,0
2026-08-04T12:45:00+05:30,878.05,886.9,878.0,880.0,605,0
2026-08-04T13:00:00+05:30,885.0,888.0,880.15,888.0,1167,0
2026-08-04T13:15:00+05:30,887.0,888.0,880.0,880.0,1960,0
2026-08-04T13:30:00+05:30,886.0,889.7,880.0,881.0,2350,0
2026-08-04T13:45:00+05:30,888.6,888.65,880.2,881.2,1270,0
2026-08-04T14:00:00+05:30,887.2,887.2,880.0,881.0,1610,0
2026-08-04T14:15:00+05:30,881.0,890.0,878.0,886.0,4983,0
2026-08-04T14:30:00+05:30,886.0,889.0,882.0,884.9,937,0
2026-08-04T14:45:00+05:30,884.9,885.9,882.2,885.9,1069,0
2026-08-04T15:00:00+05:30,885.0,885.9,880.05,882.25,2803,0
2026-08-04T15:15:00+05:30,896.7,896.7,877.05,880.0,352543,0
2026-08-05T09:15:00+05:30,884.95,884.95,865.0,876.05,13212,0
2026-08-05T09:30:00+05:30,876.05,878.6,865.0,875.0,7175,0
2026-08-05T09:45:00+05:30,874.25,874.25,865.0,865.0,6753,0
2026-08-05T10:00:00+05:30,868.0,875.0,866.0,868.0,3746,0
2026-08-05T10:15:00+05:30,869.0,874.5,867.25,873.5,2619,0
2026-08-05T10:30:00+05:30,873.5,875.0,865.0,874.0,5278,0
2026-08-05T10:45:00+05:30,874.0,875.0,866.2,870.5,2845,0
2026-08-05T11:00:00+05:30,874.25,874.25,866.0,873.85,2094,0
2026-08-05T11:15:00+05:30,870.35,873.85,870.3,873.5,1356,0
2026-08-05T11:30:00+05:30,871.0,873.5,865.1,870.0,4055,0
2026-08-05T11:45:00+05:30,870.0,873.4,866.05,870.0,1819,0
2026-08-05T12:00:00+05:30,870.0,873.4,867.0,873.35,3868,0
2026-08-05T12:15:00+05:30,873.35,873.4,865.0,873.4,9675,0
2026-08-05T12:30:00+05:30,870.35,873.35,870.0,873.2,301,0
2026-08-05T12:45:00+05:30,870.7,873.4,870.7,873.4,1827,0
2026-08-05T13:00:00+05:30,873.0,877.0,872.0,874.0,2644,0
2026-08-05T13:15:00+05:30,874.0,885.0,873.0,875.25,5072,0
2026-08-05T13:30:00+05:30,875.0,876.25,871.4,873.0,1285,0
2026-08-05T13:45:00+05:30,873.2,874.0,865.0,874.0,6336,0
2026-08-05T14:00:00+05:30,873.0,874.0,872.0,873.5,2700,0
2026-08-05T14:15:00+05:30,873.5,874.0,872.0,872.0,3401,0
2026-08-05T14:30:00+05:30,874.0,874.0,870.0,873.0,781,0
2026-08-05T14:45:00+05:30,873.1,874.0,872.25,872.6,6226,0
2026-08-05T15:00:00+05:30,872.6,874.0,865.1,871.0,8258,0
2026-08-05T15:15:00+05:30,872.3,874.0,868.0,871.6,2782,0
2026-08-06T09:15:00+05:30,871.6,890.0,860.0,888.0,9435,0
2026-08-06T09:30:00+05:30,888.0,895.0,885.8,893.55,15234,0
2026-08-06T09:45:00+05:30,894.9,916.0,893.9,916.0,53532,0
2026-08-06T10:00:00+05:30,916.0,916.0,916.0,916.0,9283,0
2026-08-06T10:15:00+05:30,916.0,916.0,916.0,916.0,3868,0
2026-08-06T10:30:00+05:30,916.0,916.0,916.0,916.0,2844,0
2026-08-06T10:45:00+05:30,916.0,916.0,916.0,916.0,2630,0
2026-08-06T11:00:00+05:30,916.0,916.0,916.0,916.0,1621,0
2026-08-06T11:15:00+05:30,916.0,916.0,916.0,916.0,1482,0
2026-08-06T11:30:00+05:30,916.0,916.0,916.0,916.0,2150,0
2026-08-06T11:45:00+05:30,916.0,916.0,916.0,916.0,1090,0
2026-08-06T12:00:00+05:30,916.0,916.0,916.0,916.0,1357,0
2026-08-06T12:15:00+05:30,916.0,916.0,916.0,916.0,501,0
2026-08-06T12:30:00+05:30,916.0,916.0,916.0,916.0,504,0
2026-08-06T12:45:00+05:30,916.0,916.0,916.0,916.0,623,0
2026-08-06T13:00:00+05:30,916.0,916.0,916.0,916.0,536,0
2026-08-06T13:15:00+05:30,916.0,916.0,916.0,916.0,379,0
2026-08-06T13:30:00+05:30,916.0,916.0,916.0,916.0,656,0
2026-08-06T13:45:00+05:30,916.0,916.0,916.0,916.0,868,0
2026-08-06T14:00:00+05:30,916.0,916.0,916.0,916.0,403,0
2026-08-06T14:15:00+05:30,916.0,916.0,916.0,916.0,1755,0
2026-08-06T14:30:00+05:30,916.0,916.0,916.0,916.0,1234,0
2026-08-06T14:45:00+05:30,916.0,916.0,916.0,916.0,458,0
2026-08-06T15:00:00+05:30,916.0,916.0,916.0,916.0,359,0
2026-08-06T15:15:00+05:30,916.0,916.0,916.0,916.0,1446,0
2026-08-07T09:15:00+05:30,937.0,946.95,900.0,916.0,85199,0
2026-08-07T09:30:00+05:30,916.0,916.95,900.0,901.7,21362,0
2026-08-07T09:45:00+05:30,904.8,909.0,900.0,907.95,13767,0
2026-08-07T10:00:00+05:30,907.95,915.0,900.0,914.95,6459,0
2026-08-07T10:15:00+05:30,912.2,917.0,909.0,910.0,6712,0
2026-08-07T10:30:00+05:30,915.95,915.95,899.95,904.5,15532,0
2026-08-07T10:45:00+05:30,902.5,904.95,901.0,902.9,6092,0
2026-08-07T11:00:00+05:30,903.05,904.9,900.0,900.0,4635,0
2026-08-07T11:15:00+05:30,900.0,915.0,898.0,910.0,9353,0
2026-08-07T11:30:00+05:30,910.0,915.0,902.0,914.0,11222,0
2026-08-07T11:45:00+05:30,914.0,915.0,908.0,913.95,8169,0
2026-08-07T12:00:00+05:30,914.0,915.0,910.0,915.0,2299,0
2026-08-07T12:15:00+05:30,915.0,917.0,910.0,916.0,1654,0
2026-08-07T12:30:00+05:30,916.0,928.0,910.0,927.0,6480,0
2026-08-07T12:45:00+05:30,925.0,930.0,910.1,915.2,5301,0
2026-08-07T13:00:00+05:30,915.2,924.0,912.25,919.75,1119,0
2026-08-07T13:15:00+05:30,919.0,919.75,912.2,917.25,1237,0
2026-08-07T13:30:00+05:30,917.25,917.25,911.1,912.0,2176,0
2026-08-07T13:45:00+05:30,910.1,919.0,909.0,910.0,3566,0
2026-08-07T14:00:00+05:30,913.0,916.0,905.0,905.0,8338,0
2026-08-07T14:15:00+05:30,905.0,911.9,905.0,910.8,3808,0
2026-08-07T14:30:00+05:30,910.8,916.0,905.5,906.0,5238,0
2026-08-07T14:45:00+05:30,907.0,914.85,905.55,910.0,4048,0
2026-08-07T15:00:00+05:30,910.0,915.0,906.7,910.5,5373,0
2026-08-07T15:15:00+05:30,914.0,919.0,906.75,919.0,11842,0
2026-08-10T09:15:00+05:30,918.9,922.5,901.0,906.2,23517,0
2026-08-10T09:30:00+05:30,906.2,915.0,897.2,900.0,9914,0
2026-08-10T09:45:00+05:30,902.7,907.7,880.0,900.5,10703,0
2026-08-10T10:00:00+05:30,905.0,907.0,895.0,905.0,4147,0
2026-08-10T10:15:00+05:30,905.0,905.0,882.1,893.0,6103,0
2026-08-10T10:30:00+05:30,900.0,906.0,892.5,905.0,15568,0
2026-08-10T10:45:00+05:30,905.0,907.0,903.05,903.5,9106,0
2026-08-10T11:00:00+05:30,903.5,904.5,903.35,904.0,2122,0
2026-08-10T11:15:00+05:30,904.25,907.7,903.75,903.8,10718,0
2026-08-10T11:30:00+05:30,907.4,907.4,903.6,904.0,2159,0
2026-08-10T11:45:00+05:30,904.0,907.7,899.9,907.0,12809,0
2026-08-10T12:00:00+05:30,903.05,908.9,899.0,903.05,5846,0
2026-08-10T12:15:00+05:30,904.0,909.0,903.05,908.5,3374,0
2026-08-10T12:30:00+05:30,907.0,910.0,904.0,908.45,4304,0
2026-08-10T12:45:00+05:30,909.0,912.85,903.0,911.0,8112,0
2026-08-10T13:00:00+05:30,905.0,911.0,904.0,904.0,2596,0
2026-08-10T13:15:00+05:30,904.0,910.0,899.0,902.0,2963,0
2026-08-10T13:30:00+05:30,902.0,910.85,899.0,902.0,14129,0
2026-08-10T13:45:00+05:30,910.0,913.65,897.0,908.7,5010,0
2026-08-10T14:00:00+05:30,905.0,910.8,905.0,907.8,7391,0
2026-08-10T14:15:00+05:30,907.8,914.0,905.0,911.0,10483,0
2026-08-10T14:30:00+05:30,911.0,915.0,905.0,910.0,4056,0
2026-08-10T14:45:00+05:30,912.0,915.0,900.1,903.0,25832,0
2026-08-10T15:00:00+05:30,903.0,904.85,890.0,897.0,35757,0
2026-08-10T15:15:00+05:30,897.0,910.0,895.0,902.1,10596,0
2026-08-11T09:15:00+05:30,852.9,852.9,852.9,852.9,15319,0
2026-08-11T09:30:00+05:30,852.9,852.9,852.9,852.9,3194,0
2026-08-11T09:45:00+05:30,852.9,852.9,852.9,852.9,1789,0
2026-08-11T10:00:00+05:30,852.9,852.9,852.9,852.9,3293,0
2026-08-11T10:15:00+05:30,852.9,852.9,852.9,852.9,1707,0
2026-08-11T10:30:00+05:30,852.9,852.9,852.9,852.9,1425,0
2026-08-11T10:45:00+05:30,852.9,852.9,852.9,852.9,4971,0
2026-08-11T11:00:00+05:30,852.9,852.9,852.9,852.9,5372,0
2026-08-11T11:15:00+05:30,852.9,852.9,852.9,852.9,1594,0
2026-08-11T11:30:00+05:30,852.9,852.9,852.9,852.9,527,0
2026-08-11T11:45:00+05:30,852.9,852.9,852.9,852.9,63911,0
2026-08-11T12:00:00+05:30,852.9,852.9,852.9,852.9,5792,0
2026-08-11T12:15:00+05:30,852.9,870.0,852.9,858.7,451061,0
2026-08-11T12:30:00+05:30,858.0,860.0,852.9,852.9,79150,0
2026-08-11T12:45:00+05:30,852.9,852.9,852.9,852.9,1059,0
2026-08-11T13:00:00+05:30,852.9,852.9,852.9,852.9,906,0
2026-08-11T13:15:00+05:30,852.9,852.9,852.9,852.9,1017,0
2026-08-11T13:30:00+05:30,852.9,852.9,852.9,852.9,2643,0
2026-08-11T13:45:00+05:30,852.9,852.9,852.9,852.9,1296,0
2026-08-11T14:00:00+05:30,852.9,852.9,852.9,852.9,1714,0
2026-08-11T14:15:00+05:30,852.9,852.9,852.9,852.9,1683,0
2026-08-11T14:30:00+05:30,852.9,852.9,852.9,852.9,5870,0
2026-08-11T14:45:00+05:30,852.9,852.9,852.9,852.9,2017,0
2026-08-11T15:00:00+05:30,852.9,852.9,852.9,852.9,832,0
2026-08-11T15:15:00+05:30,852.9,852.9,852.9,852.9,4187,0
2026-08-12T09:15:00+05:30,810.3,824.4,810.3,810.3,187011,0
2026-08-12T09:30:00+05:30,810.3,810.3,810.3,810.3,9145,0
2026-08-12T09:45:00+05:30,810.3,810.3,810.3,810.3,6349,0
2026-08-12T10:00:00+05:30,810.3,810.3,810.3,810.3,7513,0
2026-08-12T10:15:00+05:30,810.3,810.3,810.3,810.3,5493,0
2026-08-12T10:30:00+05:30,810.3,810.3,810.3,810.3,3179,0
2026-08-12T10:45:00+05:30,810.3,810.3,810.3,810.3,2657,0
2026-08-12T11:00:00+05:30,810.3,810.3,810.3,810.3,2025,0
2026-08-12T11:15:00+05:30,810.3,810.3,810.3,810.3,4928,0
2026-08-12T11:30:00+05:30,810.3,810.3,810.3,810.3,513,0
2026-08-12T11:45:00+05:30,810.3,810.3,810.3,810.3,837,0
2026-08-12T12:00:00+05:30,810.3,810.3,810.3,810.3,509,0
2026-08-12T12:15:00+05:30,810.3,810.3,810.3,810.3,1278,0
2026-08-12T12:30:00+05:30,810.3,819.65,810.3,813.5,369125,0
2026-08-12T12:45:00+05:30,814.4,820.05,810.3,814.7,181554,0
2026-08-12T13:00:00+05:30,814.7,814.9,810.3,810.3,158334,0
2026-08-12T13:15:00+05:30,810.3,810.3,810.3,810.3,4866,0
2026-08-12T13:30:00+05:30,810.3,810.3,810.3,810.3,1652,0
2026-08-12T13:45:00+05:30,810.3,810.3,810.3,810.3,1454,0
2026-08-12T14:00:00+05:30,810.3,810.3,810.3,810.3,13703,0
2026-08-12T14:15:00+05:30,810.3,810.3,810.3,810.3,2230,0
2026-08-12T14:30:00+05:30,810.3,810.3,810.3,810.3,2140,0
2026-08-12T14:45:00+05:30,810.3,810.3,810.3,810.3,3231,0
2026-08-12T15:00:00+05:30,810.3,810.3,810.3,810.3,3687,0
2026-08-12T15:15:00+05:30,810.3,810.3,810.3,810.3,5009,0
2026-08-13T09:15:00+05:30,795.0,805.0,777.3,782.6,211884,0
2026-08-13T09:30:00+05:30,781.85,796.3,775.65,784.85,152871,0
2026-08-13T09:45:00+05:30,784.85,787.7,776.35,778.1,67583,0
2026-08-13T10:00:00+05:30,779.35,782.7,776.0,778.1,46804,0
2026-08-13T10:15:00+05:30,778.4,783.95,777.65,782.0,28639,0
2026-08-13T10:30:00+05:30,781.5,781.6,773.35,776.7,40363,0
2026-08-13T10:45:00+05:30,777.0,777.7,772.7,774.0,39397,0
2026-08-13T11:00:00+05:30,774.0,776.0,769.8,769.8,256881,0
2026-08-13T11:15:00+05:30,769.8,769.8,769.8,769.8,12030,0
2026-08-13T11:30:00+05:30,769.8,774.0,769.8,769.8,58455,0
2026-08-13T11:45:00+05:30,769.8,769.8,769.8,769.8,4259,0
2026-08-13T12:00:00+05:30,769.8,769.8,769.8,769.8,2463,0
2026-08-13T12:15:00+05:30,769.8,769.8,769.8,769.8,5260,0
2026-08-13T12:30:00+05:30,769.8,769.8,769.8,769.8,1497,0
2026-08-13T12:45:00+05:30,769.8,769.8,769.8,769.8,1883,0
2026-08-13T13:00:00+05:30,769.8,769.8,769.8,769.8,1676,0
2026-08-13T13:15:00+05:30,769.8,769.8,769.8,769.8,1112,0
2026-08-13T13:30:00+05:30,769.8,769.8,769.8,769.8,1403,0
2026-08-13T13:45:00+05:30,769.8,785.0,769.8,771.0,222504,0
2026-08-13T14:00:00+05:30,771.0,779.1,769.8,772.95,79971,0
2026-08-13T14:15:00+05:30,772.95,777.65,769.8,769.8,50628,0
2026-08-13T14:30:00+05:30,770.0,772.0,769.8,770.6,15217,0
2026-08-13T14:45:00+05:30,770.6,781.9,770.0,780.0,30090,0
2026-08-13T15:00:00+05:30,780.05,786.95,772.35,779.8,69140,0
2026-08-13T15:15:00+05:30,779.8,786.5,778.15,782.0,40600,0
2026-08-14T09:15:00+05:30,778.1,805.0,770.0,794.9,93725,0
2026-08-14T09:30:00+05:30,794.95,797.3,785.55,787.3,47532,0
2026-08-14T09:45:00+05:30,787.75,796.3,783.1,796.3,93095,0
2026-08-14T10:00:00+05:30,796.5,801.95,790.1,797.25,36203,0
2026-08-14T10:15:00+05:30,797.25,804.85,796.0,797.35,39596,0
2026-08-14T10:30:00+05:30,797.35,797.35,789.85,792.7,21257,0
2026-08-14T10:45:00+05:30,792.8,792.85,787.15,791.05,12945,0
2026-08-14T11:00:00+05:30,791.8,797.0,791.1,796.0,6702,0
2026-08-14T11:15:00+05:30,795.8,796.0,790.6,796.0,5296,0
2026-08-14T11:30:00+05:30,796.35,798.1,792.6,795.8,8015,0
2026-08-14T11:45:00+05:30,795.8,795.9,790.55,794.85,5092,0
2026-08-14T12:00:00+05:30,795.25,796.0,794.0,795.95,2218,0
2026-08-14T12:15:00+05:30,795.95,798.8,795.0,798.0,9725,0
2026-08-14T12:30:00+05:30,798.0,809.25,796.75,801.35,40141,0
2026-08-14T12:45:00+05:30,801.35,804.95,796.0,800.4,9181,0
2026-08-14T13:00:00+05:30,800.4,807.05,800.0,806.35,15953,0
2026-08-14T13:15:00+05:30,806.3,806.5,790.75,800.15,21676,0
2026-08-14T13:30:00+05:30,800.15,820.85,800.0,820.85,287720,0
2026-08-14T13:45:00+05:30,820.85,820.85,820.85,820.85,5269,0
2026-08-14T14:00:00+05:30,820.85,820.85,820.85,820.85,7875,0
2026-08-14T14:15:00+05:30,820.85,820.85,820.85,820.85,2463,0
2026-08-14T14:30:00+05:30,820.85,820.85,820.85,820.85,1277,0
2026-08-14T14:45:00+05:30,820.85,820.85,820.85,820.85,746,0
2026-08-14T15:00:00+05:30,820.85,820.85,820.85,820.85,11348,0
2026-08-14T15:15:00+05:30,820.85,820.85,820.85,820.85,1073,0
2026-08-17T09:15:00+05:30,820.95,828.5,796.8,798.75,89552,0
2026-08-17T09:30:00+05:30,799.55,813.0,796.8,802.0,47092,0
2026-08-17T09:45:00+05:30,802.65,805.85,799.0,799.05,22845,0
2026-08-17T10:00:00+05:30,799.25,805.3,799.0,802.0,12943,0
2026-08-17T10:15:00+05:30,802.2,803.2,789.85,793.0,27215,0
2026-08-17T10:30:00+05:30,792.5,797.9,787.25,797.65,26943,0
2026-08-17T10:45:00+05:30,798.0,799.75,793.0,796.4,7922,0
2026-08-17T11:00:00+05:30,796.7,797.45,791.2,791.6,7998,0
2026-08-17T11:15:00+05:30,792.3,799.1,791.4,797.2,11121,0
2026-08-17T11:30:00+05:30,797.2,797.5,794.75,794.75,8612,0
2026-08-17T11:45:00+05:30,794.45,799.7,790.35,799.0,18320,0
2026-08-17T12:00:00+05:30,798.0,800.5,793.6,794.35,8322,0
2026-08-17T12:15:00+05:30,795.0,796.0,790.6,795.0,7631,0
2026-08-17T12:30:00+05:30,795.75,795.75,792.05,792.55,4895,0
2026-08-17T12:45:00+05:30,792.75,796.0,790.6,793.25,15685,0
2026-08-17T13:00:00+05:30,794.15,797.8,792.8,797.05,5305,0
2026-08-17T13:15:00+05:30,797.05,798.45,794.0,796.0,7241,0
2026-08-17T13:30:00+05:30,795.8,801.0,792.25,800.0,11380,0
2026-08-17T13:45:00+05:30,800.0,802.1,796.8,797.55,7754,0
2026-08-17T14:00:00+05:30,797.55,797.6,794.15,795.3,4429,0
2026-08-17T14:15:00+05:30,795.4,797.35,792.1,795.05,8018,0
2026-08-17T14:30:00+05:30,795.05,796.85,793.1,795.1,6482,0
2026-08-17T14:45:00+05:30,795.1,797.0,792.1,792.1,13719,0
2026-08-17T15:00:00+05:30,792.5,797.6,792.5,795.35,16020,0
2026-08-17T15:15:00+05:30,795.7,797.35,793.15,796.5,21143,0
2026-08-18T09:15:00+05:30,780.0,829.7,780.0,822.65,203951,0
2026-08-18T09:30:00+05:30,822.5,833.9,814.55,832.5,103557,0
2026-08-18T09:45:00+05:30,832.1,834.85,823.6,828.0,183587,0
2026-08-18T10:00:00+05:30,828.75,832.4,820.0,824.7,30355,0
2026-08-18T10:15:00+05:30,824.7,829.0,823.2,826.3,11130,0
2026-08-18T10:30:00+05:30,827.0,834.85,825.2,831.05,44706,0
2026-08-18T10:45:00+05:30,832.75,834.85,828.0,828.85,114307,0
2026-08-18T11:00:00+05:30,828.85,828.9,825.0,828.0,12055,0
2026-08-18T11:15:00+05:30,828.0,829.95,827.0,828.1,10500,0
2026-08-18T11:30:00+05:30,828.1,830.0,825.5,830.0,13610,0
2026-08-18T11:45:00+05:30,830.0,831.0,827.25,829.5,6390,0
2026-08-18T12:00:00+05:30,829.5,831.5,828.0,831.5,11736,0
2026-08-18T12:15:00+05:30,831.0,834.85,829.0,834.85,79060,0
2026-08-18T12:30:00+05:30,834.85,834.85,834.85,834.85,4670,0
2026-08-18T12:45:00+05:30,834.85,834.85,834.85,834.85,1147,0
2026-08-18T13:00:00+05:30,834.85,834.85,834.85,834.85,1429,0
2026-08-18T13:15:00+05:30,834.85,834.85,834.85,834.85,1073,0
2026-08-18T13:30:00+05:30,834.85,834.85,834.85,834.85,2217,0
2026-08-18T13:45:00+05:30,834.85,834.85,834.85,834.85,9997,0
2026-08-18T14:00:00+05:30,834.85,834.85,834.85,834.85,2415,0
2026-08-18T14:15:00+05:30,834.85,834.85,834.85,834.85,1127,0
2026-08-18T14:30:00+05:30,834.85,834.85,834.85,834.85,2185,0
2026-08-18T14:45:00+05:30,834.85,834.85,834.85,834.85,2229,0
2026-08-18T15:00:00+05:30,834.85,834.85,834.85,834.85,2771,0
2026-08-18T15:15:00+05:30,834.85,834.85,834.85,834.85,2511,0
2026-08-19T09:15:00+05:30,862.0,876.55,846.2,852.5,632283,0
2026-08-19T09:30:00+05:30,852.0,854.9,827.1,831.5,98976,0
2026-08-19T09:45:00+05:30,832.4,840.0,831.3,836.5,23971,0
2026-08-19T10:00:00+05:30,836.75,836.95,826.2,835.0,32574,0
2026-08-19T10:15:00+05:30,835.0,840.0,832.0,833.75,19762,0
2026-08-19T10:30:00+05:30,833.7,838.65,830.0,830.1,13807,0
2026-08-19T10:45:00+05:30,830.1,832.95,825.0,831.95,22020,0
2026-08-19T11:00:00+05:30,831.95,833.5,826.2,829.4,9078,0
2026-08-19T11:15:00+05:30,829.35,830.0,820.1,822.55,15682,0
2026-08-19T11:30:00+05:30,822.55,827.85,820.85,824.25,7104,0
2026-08-19T11:45:00+05:30,823.45,830.0,820.05,827.1,15072,0
2026-08-19T12:00:00+05:30,828.15,842.8,826.0,839.15,29710,0
2026-08-19T12:15:00+05:30,839.9,842.65,831.85,839.25,11967,0
2026-08-19T12:30:00+05:30,839.25,842.6,836.4,837.95,3867,0
2026-08-19T12:45:00+05:30,837.2,837.4,833.55,834.25,5464,0
2026-08-19T13:00:00+05:30,834.25,839.35,831.0,836.9,9838,0
2026-08-19T13:15:00+05:30,836.9,840.25,834.65,835.3,9201,0
2026-08-19T13:30:00+05:30,835.35,837.0,834.0,835.35,2900,0
2026-08-19T13:45:00+05:30,835.35,836.0,834.0,835.85,5313,0
2026-08-19T14:00:00+05:30,835.75,835.85,834.0,834.95,3715,0
2026-08-19T14:15:00+05:30,834.0,834.95,826.6,830.45,11264,0
2026-08-19T14:30:00+05:30,830.5,834.65,828.75,831.4,5572,0
2026-08-19T14:45:00+05:30,831.4,833.2,829.0,831.7,5575,0
2026-08-19T15:00:00+05:30,831.7,831.7,822.25,825.7,40601,0
2026-08-19T15:15:00+05:30,825.7,828.0,821.85,826.1,30502,0
2026-08-20T09:15:00+05:30,836.0,836.0,818.6,832.75,35404,0
2026-08-20T09:30:00+05:30,832.75,832.85,824.45,826.95,20207,0
2026-08-20T09:45:00+05:30,826.05,828.0,817.5,821.9,20615,0
2026-08-20T10:00:00+05:30,821.1,822.0,818.2,819.75,5589,0
2026-08-20T10:15:00+05:30,819.75,820.0,813.0,817.0,11042,0
2026-08-20T10:30:00+05:30,817.0,819.0,816.0,818.6,3484,0
2026-08-20T10:45:00+05:30,818.6,819.0,816.3,817.95,3306,0
2026-08-20T11:00:00+05:30,817.0,818.0,803.5,811.3,57194,0
2026-08-20T11:15:00+05:30,811.3,812.0,808.2,811.0,12535,0
2026-08-20T11:30:00+05:30,811.0,812.0,810.0,811.75,3907,0
2026-08-20T11:45:00+05:30,811.2,816.35,811.2,815.05,6934,0
2026-08-20T12:00:00+05:30,814.95,816.55,813.5,814.6,4090,0
2026-08-20T12:15:00+05:30,814.0,814.0,811.85,813.0,2909,0
2026-08-20T12:30:00+05:30,812.5,815.95,811.6,814.85,3074,0
2026-08-20T12:45:00+05:30,814.85,815.25,812.7,813.45,2321,0
2026-08-20T13:00:00+05:30,813.55,817.2,811.2,817.0,4431,0
2026-08-20T13:15:00+05:30,817.0,817.0,812.65,813.45,7115,0
2026-08-20T13:30:00+05:30,813.5,816.4,812.05,816.0,3964,0
2026-08-20T13:45:00+05:30,816.0,817.0,816.0,816.0,2308,0
2026-08-20T14:00:00+05:30,816.0,816.65,791.2,808.0,64671,0
2026-08-20T14:15:00+05:30,808.0,809.6,806.3,808.7,7807,0
2026-08-20T14:30:00+05:30,808.8,809.9,806.15,809.0,8269,0
2026-08-20T14:45:00+05:30,809.1,809.15,807.05,808.25,4099,0
2026-08-20T15:00:00+05:30,808.3,809.0,804.35,807.0,11238,0
2026-08-20T15:15:00+05:30,807.95,809.0,804.2,806.0,21553,0
2026-08-21T09:15:00+05:30,814.95,821.4,809.3,810.85,37333,0
2026-08-21T09:30:00+05:30,811.3,811.95,805.2,809.45,13402,0
2026-08-21T09:45:00+05:30,809.4,815.0,807.0,810.6,13194,0
2026-08-21T10:00:00+05:30,810.0,816.95,810.0,815.9,13889,0
2026-08-21T10:15:00+05:30,815.0,836.4,815.0,830.1,53182,0
2026-08-21T10:30:00+05:30,829.4,843.4,829.4,833.0,67080,0
2026-08-21T10:45:00+05:30,833.0,846.0,832.0,839.55,54449,0
2026-08-21T11:00:00+05:30,839.0,841.3,830.7,834.35,12435,0
2026-08-21T11:15:00+05:30,834.2,836.55,831.1,836.55,10926,0
2026-08-21T11:30:00+05:30,835.55,840.0,834.0,834.0,4116,0
2026-08-21T11:45:00+05:30,834.0,836.95,833.0,833.2,3450,0
2026-08-21T12:00:00+05:30,833.2,834.6,832.0,832.7,2154,0
2026-08-21T12:15:00+05:30,834.35,834.35,827.0,827.0,16016,0
2026-08-21T12:30:00+05:30,827.0,829.0,825.65,827.55,3748,0
2026-08-21T12:45:00+05:30,827.55,829.0,790.0,801.3,172370,0
2026-08-21T13:00:00+05:30,800.85,817.7,800.0,809.9,48524,0
2026-08-21T13:15:00+05:30,810.7,813.8,800.05,813.8,92902,0
2026-08-21T13:30:00+05:30,813.8,814.5,810.9,811.7,4263,0
2026-08-21T13:45:00+05:30,811.65,817.15,810.45,815.35,7845,0
2026-08-21T14:00:00+05:30,815.95,821.0,815.0,818.9,15261,0
2026-08-21T14:15:00+05:30,819.0,826.0,817.05,825.3,13815,0
2026-08-21T14:30:00+05:30,825.3,825.3,815.85,815.85,20980,0
2026-08-21T14:45:00+05:30,816.5,816.65,807.7,815.25,109621,0
2026-08-21T15:00:00+05:30,815.0,815.3,810.2,813.2,10909,0
2026-08-21T15:15:00+05:30,813.2,814.15,809.4,812.0,18365,0
2026-08-24T09:15:00+05:30,816.95,822.45,808.55,809.0,23226,0
2026-08-24T09:30:00+05:30,808.95,811.9,807.0,810.35,8487,0
2026-08-24T09:45:00+05:30,810.35,816.45,808.0,814.5,20381,0
2026-08-24T10:00:00+05:30,814.35,814.95,809.5,809.5,8988,0
2026-08-24T10:15:00+05:30,809.45,810.0,806.3,806.9,10590,0
2026-08-24T10:30:00+05:30,806.9,809.4,806.0,807.05,7906,0
2026-08-24T10:45:00+05:30,807.05,809.75,805.05,805.95,6695,0
2026-08-24T11:00:00+05:30,805.15,806.95,804.0,804.0,6260,0
2026-08-24T11:15:00+05:30,804.0,805.3,801.2,802.35,7447,0
2026-08-24T11:30:00+05:30,802.35,805.3,801.1,805.0,7126,0
2026-08-24T11:45:00+05:30,804.5,805.5,803.4,804.15,4046,0
2026-08-24T12:00:00+05:30,804.1,805.35,803.2,804.05,3376,0
2026-08-24T12:15:00+05:30,804.2,804.2,801.05,802.0,5831,0
2026-08-24T12:30:00+05:30,802.0,804.0,801.15,803.0,3067,0
2026-08-24T12:45:00+05:30,802.7,804.0,801.55,801.75,3751,0
2026-08-24T13:00:00+05:30,802.95,803.95,801.05,802.3,5138,0
2026-08-24T13:15:00+05:30,802.4,804.45,802.0,803.8,4567,0
2026-08-24T13:30:00+05:30,803.0,804.45,801.05,803.6,7251,0
2026-08-24T13:45:00+05:30,802.55,804.5,802.5,803.95,3489,0
2026-08-24T14:00:00+05:30,803.95,804.5,802.0,803.35,3581,0
2026-08-24T14:15:00+05:30,803.35,804.7,797.0,798.3,13392,0
2026-08-24T14:30:00+05:30,798.3,801.7,797.8,798.6,6896,0
2026-08-24T14:45:00+05:30,799.2,801.9,795.0,799.0,8511,0
2026-08-24T15:00:00+05:30,799.0,799.0,795.0,798.0,13917,0
2026-08-24T15:15:00+05:30,798.0,804.0,795.0,798.45,26695,0
2026-08-25T09:15:00+05:30,800.0,806.25,792.9,795.85,39519,0
2026-08-25T09:30:00+05:30,795.85,798.45,794.2,796.75,11486,0
2026-08-25T09:45:00+05:30,796.05,796.95,788.0,788.4,14283,0
2026-08-25T10:00:00+05:30,788.4,788.6,783.05,783.55,24191,0
2026-08-25T10:15:00+05:30,783.55,787.2,782.0,784.35,14233,0
2026-08-25T10:30:00+05:30,784.4,787.0,784.1,786.0,7775,0
2026-08-25T10:45:00+05:30,785.9,795.0,785.2,791.5,31964,0
2026-08-25T11:00:00+05:30,791.95,792.9,788.05,789.25,5098,0
2026-08-25T11:15:00+05:30,789.2,789.2,786.0,787.15,4150,0
2026-08-25T11:30:00+05:30,786.95,786.95,778.05,778.05,25946,0
2026-08-25T11:45:00+05:30,778.55,782.35,776.8,781.65,18235,0
2026-08-25T12:00:00+05:30,781.1,781.45,779.0,779.8,4500,0
2026-08-25T12:15:00+05:30,779.65,783.9,777.0,783.45,12264,0
2026-08-25T12:30:00+05:30,783.3,784.65,780.0,783.05,5123,0
2026-08-25T12:45:00+05:30,783.05,785.8,781.95,784.05,5713,0
2026-08-25T13:00:00+05:30,783.95,784.95,782.0,782.6,2783,0
2026-08-25T13:15:00+05:30,782.6,783.7,781.15,782.7,2684,0
2026-08-25T13:30:00+05:30,782.95,784.4,782.4,783.0,2021,0
2026-08-25T13:45:00+05:30,783.0,783.85,780.0,781.0,14205,0
2026-08-25T14:00:00+05:30,781.0,783.4,778.55,782.0,8247,0
2026-08-25T14:15:00+05:30,782.0,783.1,779.7,780.85,17766,0
2026-08-25T14:30:00+05:30,780.25,782.45,780.0,781.9,3079,0
2026-08-25T14:45:00+05:30,781.9,786.4,781.9,786.05,8009,0
2026-08-25T15:00:00+05:30,786.35,789.0,786.0,787.0,13612,0
2026-08-25T15:15:00+05:30,787.0,793.0,786.0,792.0,20530,0
2026-08-26T09:15:00+05:30,796.0,805.0,794.4,800.05,21211,0
2026-08-26T09:30:00+05:30,799.75,799.85,794.45,796.6,9276,0
2026-08-26T09:45:00+05:30,796.6,796.6,793.0,793.4,6426,0
2026-08-26T10:00:00+05:30,793.4,793.95,790.85,792.35,6545,0
2026-08-26T10:15:00+05:30,792.7,792.7,790.25,791.8,2718,0
2026-08-26T10:30:00+05:30,791.95,792.3,788.0,788.25,7180,0
2026-08-26T10:45:00+05:30,788.3,790.9,787.55,790.1,6659,0
2026-08-26T11:00:00+05:30,790.25,796.55,790.0,796.2,16900,0
2026-08-26T11:15:00+05:30,796.0,802.0,795.55,801.15,11535,0
2026-08-26T11:30:00+05:30,801.1,806.0,801.0,802.3,9302,0
2026-08-26T11:45:00+05:30,802.1,805.65,801.15,802.5,6812,0
2026-08-26T12:00:00+05:30,802.6,805.35,802.0,803.65,3691,0
2026-08-26T12:15:00+05:30,803.65,811.0,801.0,801.35,34830,0
2026-08-26T12:30:00+05:30,801.95,803.55,798.0,799.55,9667,0
2026-08-26T12:45:00+05:30,799.55,800.0,797.35,798.4,5591,0
2026-08-26T13:00:00+05:30,798.35,798.95,795.3,796.75,5365,0
2026-08-26T13:15:00+05:30,796.8,799.05,796.0,798.2,2909,0
2026-08-26T13:30:00+05:30,798.3,800.1,798.2,799.9,16114,0
2026-08-26T13:45:00+05:30,799.9,805.35,798.35,804.7,16568,0
2026-08-26T14:00:00+05:30,804.05,806.45,801.75,804.0,9676,0
2026-08-26T14:15:00+05:30,803.95,804.0,801.25,804.0,4753,0
2026-08-26T14:30:00+05:30,803.8,806.5,803.8,805.5,10323,0
2026-08-26T14:45:00+05:30,805.5,808.8,804.8,807.0,10734,0
2026-08-26T15:00:00+05:30,807.1,808.8,804.3,807.0,15040,0
2026-08-26T15:15:00+05:30,808.0,808.0,804.9,805.0,14272,0
2026-08-27T09:15:00+05:30,814.0,816.25,808.05,814.3,19931,0
2026-08-27T09:30:00+05:30,814.4,816.95,812.55,813.6,9037,0
2026-08-27T09:45:00+05:30,814.0,817.0,809.6,811.25,11779,0
2026-08-27T10:00:00+05:30,811.15,819.55,810.05,817.7,10169,0
2026-08-27T10:15:00+05:30,817.6,821.3,814.8,817.45,14952,0
2026-08-27T10:30:00+05:30,817.15,817.95,816.0,816.3,4050,0
2026-08-27T10:45:00+05:30,816.3,816.3,813.15,814.0,3280,0
2026-08-27T11:00:00+05:30,814.0,814.5,811.2,814.0,4766,0
2026-08-27T11:15:00+05:30,814.7,817.2,813.0,814.05,5777,0
2026-08-27T11:30:00+05:30,814.1,815.0,812.75,813.95,3075,0
2026-08-27T11:45:00+05:30,813.95,814.0,812.05,813.65,1698,0
2026-08-27T12:00:00+05:30,813.65,813.95,808.6,811.75,4899,0
2026-08-27T12:15:00+05:30,811.75,814.2,810.0,811.55,4000,0
2026-08-27T12:30:00+05:30,811.55,811.55,808.8,809.95,1858,0
2026-08-27T12:45:00+05:30,809.95,811.45,809.0,810.25,2353,0
2026-08-27T13:00:00+05:30,810.25,810.35,808.5,808.55,1928,0
2026-08-27T13:15:00+05:30,809.25,809.65,806.6,807.5,4671,0
2026-08-27T13:30:00+05:30,807.5,807.95,806.4,807.9,1360,0
2026-08-27T13:45:00+05:30,807.75,807.8,806.0,807.0,1547,0
2026-08-27T14:00:00+05:30,806.3,809.0,805.95,808.7,1712,0
2026-08-27T14:15:00+05:30,808.2,808.8,803.45,807.0,8388,0
2026-08-27T14:30:00+05:30,807.0,807.75,805.15,806.3,3179,0
2026-08-27T14:45:00+05:30,806.05,810.0,806.0,808.0,7294,0
2026-08-27T15:00:00+05:30,808.0,808.1,803.1,803.5,8111,0
2026-08-27T15:15:00+05:30,803.5,809.0,803.1,808.0,16344,0
2026-08-28T09:15:00+05:30,811.9,817.0,803.7,805.0,19974,0
2026-08-28T09:30:00+05:30,804.45,805.0,796.2,801.6,16392,0
2026-08-28T09:45:00+05:30,802.1,814.0,801.55,814.0,15293,0
2026-08-28T10:00:00+05:30,814.8,826.55,814.8,822.8,40265,0
2026-08-28T10:15:00+05:30,822.8,823.15,813.25,815.0,14289,0
2026-08-28T10:30:00+05:30,815.05,818.7,814.6,818.5,7344,0
2026-08-28T10:45:00+05:30,818.5,827.5,817.7,819.55,31991,0
2026-08-28T11:00:00+05:30,819.55,823.9,816.55,817.85,7764,0
2026-08-28T11:15:00+05:30,817.75,819.3,815.2,818.25,3022,0
2026-08-28T11:30:00+05:30,818.95,819.0,815.1,817.5,3932,0
2026-08-28T11:45:00+05:30,817.15,818.6,816.0,816.95,3217,0
2026-08-28T12:00:00+05:30,816.95,827.9,814.6,824.95,20634,0
2026-08-28T12:15:00+05:30,823.65,824.9,808.9,808.9,43605,0
2026-08-28T12:30:00+05:30,809.9,809.95,803.0,804.7,13458,0
2026-08-28T12:45:00+05:30,804.7,804.75,799.55,802.45,43788,0
2026-08-28T13:00:00+05:30,802.45,807.4,802.05,806.4,6642,0
2026-08-28T13:15:00+05:30,806.3,807.0,803.6,806.0,2009,0
2026-08-28T13:30:00+05:30,806.0,806.8,804.3,805.25,5259,0
2026-08-28T13:45:00+05:30,805.3,806.35,803.15,804.5,3525,0
2026-08-28T14:00:00+05:30,804.5,804.5,801.1,804.0,4882,0
2026-08-28T14:15:00+05:30,803.3,804.3,802.55,803.5,3114,0
2026-08-28T14:30:00+05:30,803.5,807.0,802.05,804.95,7119,0
2026-08-28T14:45:00+05:30,804.75,806.5,800.0,806.35,21533,0
2026-08-28T15:00:00+05:30,806.1,808.75,803.95,807.2,10934,0
2026-08-28T15:15:00+05:30,807.4,814.0,805.0,813.0,19524,0
2026-08-31T09:15:00+05:30,815.4,817.9,797.05,798.9,20827,0
2026-08-31T09:30:00+05:30,800.0,800.0,790.5,791.5,20445,0
2026-08-31T09:45:00+05:30,791.0,795.65,787.05,791.0,14750,0
2026-08-31T10:00:00+05:30,791.0,792.95,785.6,789.15,20163,0
2026-08-31T10:15:00+05:30,789.45,791.95,787.1,789.85,14322,0
2026-08-31T10:30:00+05:30,789.75,794.0,789.0,793.2,9261,0
2026-08-31T10:45:00+05:30,793.2,794.6,790.0,791.2,5771,0
2026-08-31T11:00:00+05:30,791.45,793.65,790.2,791.05,2886,0
2026-08-31T11:15:00+05:30,791.05,797.0,791.05,796.5,7878,0
2026-08-31T11:30:00+05:30,795.5,799.95,794.55,799.45,10014,0
2026-08-31T11:45:00+05:30,799.5,806.2,797.1,803.75,10738,0
2026-08-31T12:00:00+05:30,803.5,808.75,801.3,806.25,4786,0
2026-08-31T12:15:00+05:30,805.9,808.5,804.55,806.65,6203,0
2026-08-31T12:30:00+05:30,806.75,808.6,803.1,804.75,4681,0
2026-08-31T12:45:00+05:30,804.5,805.0,797.35,797.95,4307,0
2026-08-31T13:00:00+05:30,797.3,798.8,796.05,796.8,2347,0
2026-08-31T13:15:00+05:30,796.5,798.2,795.3,796.45,3151,0
2026-08-31T13:30:00+05:30,796.4,797.55,795.15,795.85,1969,0
2026-08-31T13:45:00+05:30,795.6,798.0,792.95,797.7,5865,0
2026-08-31T14:00:00+05:30,797.95,799.95,797.0,798.4,4069,0
2026-08-31T14:15:00+05:30,798.0,800.0,798.0,798.85,6009,0
2026-08-31T14:30:00+05:30,799.5,800.2,798.0,798.75,5049,0
2026-08-31T14:45:00+05:30,798.55,800.35,797.5,798.4,6897,0
2026-08-31T15:00:00+05:30,798.4,798.55,794.4,796.0,12899,0
2026-08-31T15:15:00+05:30,795.9,797.3,790.0,795.0,20087,0
2026-09-01T09:15:00+05:30,795.25,804.0,784.3,785.7,28535,0
2026-09-01T09:30:00+05:30,784.8,789.45,783.0,783.0,15494,0
2026-09-01T09:45:00+05:30,783.2,788.8,777.6,788.35,16853,0
2026-09-01T10:00:00+05:30,788.35,794.0,787.0,792.05,9689,0
2026-09-01T10:15:00+05:30,793.0,796.8,791.7,794.15,9320,0
2026-09-01T10:30:00+05:30,794.0,794.15,790.05,791.8,4908,0
2026-09-01T10:45:00+05:30,791.5,801.0,791.0,798.9,13894,0
2026-09-01T11:00:00+05:30,798.9,804.9,797.55,802.0,9825,0
2026-09-01T11:15:00+05:30,801.45,809.0,800.3,807.9,12825,0
2026-09-01T11:30:00+05:30,807.9,808.65,805.35,806.35,6069,0
2026-09-01T11:45:00+05:30,806.45,808.0,799.0,799.1,7209,0
2026-09-01T12:00:00+05:30,799.8,800.95,787.9,788.15,22190,0
2026-09-01T12:15:00+05:30,788.1,794.0,785.3,788.05,38844,0
2026-09-01T12:30:00+05:30,788.0,791.4,788.0,791.05,2724,0
2026-09-01T12:45:00+05:30,791.05,792.55,789.1,790.6,3509,0
2026-09-01T13:00:00+05:30,790.2,790.9,787.1,788.2,4986,0
2026-09-01T13:15:00+05:30,788.3,789.7,787.0,787.4,1705,0
2026-09-01T13:30:00+05:30,787.4,788.45,785.25,785.85,6191,0
2026-09-01T13:45:00+05:30,786.1,786.15,783.0,784.0,6469,0
2026-09-01T14:00:00+05:30,784.0,784.6,778.05,780.55,16803,0
2026-09-01T14:15:00+05:30,780.85,782.45,777.7,779.95,21887,0
2026-09-01T14:30:00+05:30,779.95,783.55,779.95,781.9,8566,0
2026-09-01T14:45:00+05:30,781.25,783.75,780.1,783.65,9210,0
2026-09-01T15:00:00+05:30,783.75,786.55,781.6,784.15,15751,0
2026-09-01T15:15:00+05:30,782.75,785.0,782.0,783.0,11830,0
2026-09-02T09:15:00+05:30,780.0,792.2,778.0,784.45,28631,0
2026-09-02T09:30:00+05:30,784.75,786.1,782.05,783.95,8909,0
2026-09-02T09:45:00+05:30,784.0,785.3,780.3,784.85,5975,0
2026-09-02T10:00:00+05:30,784.85,786.8,782.35,783.6,6676,0
2026-09-02T10:15:00+05:30,783.45,787.2,780.75,786.65,12800,0
2026-09-02T10:30:00+05:30,786.4,787.0,775.1,779.8,14178,0
2026-09-02T10:45:00+05:30,780.35,783.15,776.75,778.1,6758,0
2026-09-02T11:00:00+05:30,777.9,779.0,776.05,776.8,5041,0
2026-09-02T11:15:00+05:30,776.8,777.0,773.1,776.6,13425,0
2026-09-02T11:30:00+05:30,776.9,777.5,775.0,775.65,4384,0
2026-09-02T11:45:00+05:30,775.65,776.0,773.0,774.1,5030,0
2026-09-02T12:00:00+05:30,774.0,775.2,773.0,775.2,2952,0
2026-09-02T12:15:00+05:30,775.2,775.7,772.0,772.95,6062,0
2026-09-02T12:30:00+05:30,773.0,774.7,772.15,774.6,3039,0
2026-09-02T12:45:00+05:30,774.55,775.5,773.5,775.3,4530,0
2026-09-02T13:00:00+05:30,775.3,776.5,774.95,775.9,1918,0
2026-09-02T13:15:00+05:30,776.0,776.2,773.5,774.5,5875,0
2026-09-02T13:30:00+05:30,774.6,775.45,769.0,771.3,15906,0
2026-09-02T13:45:00+05:30,771.25,774.3,771.1,773.2,2295,0
2026-09-02T14:00:00+05:30,773.0,774.0,772.0,773.95,2105,0
2026-09-02T14:15:00+05:30,773.95,773.95,770.95,771.75,4198,0
2026-09-02T14:30:00+05:30,771.75,772.0,770.5,770.9,6537,0
2026-09-02T14:45:00+05:30,770.9,772.0,769.9,771.8,14901,0
2026-09-02T15:00:00+05:30,771.45,771.45,768.4,770.0,14544,0
2026-09-02T15:15:00+05:30,770.0,772.2,768.1,769.2,18033,0
