timestamp,open,high,low,close,volume,oi
2026-02-26T09:15:00+05:30,222.36,222.48,221.85,221.95,1767,0
2026-02-26T09:30:00+05:30,222.57,223.19,222.4,223.19,2287,0
2026-02-26T09:45:00+05:30,223.19,223.93,223.0,223.0,1629,0
2026-02-26T10:00:00+05:30,223.17,223.57,222.82,223.17,624,0
2026-02-26T10:15:00+05:30,223.17,224.15,223.17,224.03,456,0
2026-02-26T10:30:00+05:30,224.42,224.8,224.14,224.14,1071,0
2026-02-26T10:45:00+05:30,224.38,224.4,223.6,223.6,1411,0
2026-02-26T11:00:00+05:30,223.58,227.58,223.43,227.51,10148,0
2026-02-26T11:15:00+05:30,227.4,227.51,226.43,226.43,4457,0
2026-02-26T11:30:00+05:30,226.44,226.5,225.5,225.73,1876,0
2026-02-26T11:45:00+05:30,225.56,226.55,225.5,225.63,3099,0
2026-02-26T12:00:00+05:30,225.63,226.11,225.5,225.5,2361,0
2026-02-26T12:15:00+05:30,225.5,227.9,225.49,227.04,5329,0
2026-02-26T12:30:00+05:30,227.28,227.74,226.97,227.41,1070,0
2026-02-26T12:45:00+05:30,227.41,229.19,227.4,228.0,6325,0
2026-02-26T13:00:00+05:30,228.03,228.14,227.36,227.41,1590,0
2026-02-26T13:15:00+05:30,227.38,228.24,227.21,227.59,1100,0
2026-02-26T13:30:00+05:30,227.59,227.59,227.1,227.1,497,0
2026-02-26T13:45:00+05:30,227.1,227.11,227.1,227.1,11,0
2026-02-26T14:00:00+05:30,227.1,227.4,227.1,227.4,200,0
2026-02-26T14:15:00+05:30,227.4,227.4,227.01,227.33,233,0
2026-02-26T14:30:00+05:30,227.32,227.5,227.0,227.0,255,0
2026-02-26T14:45:00+05:30,227.35,227.4,227.1,227.23,516,0
2026-02-26T15:00:00+05:30,227.22,227.38,226.58,226.63,1786,0
2026-02-26T15:15:00+05:30,226.82,227.0,226.0,226.2,6300,0
2026-02-27T09:15:00+05:30,225.0,225.18,223.89,223.97,2801,0
2026-02-27T09:30:00+05:30,224.64,224.64,222.43,222.43,535,0
2026-02-27T09:45:00+05:30,222.01,224.78,220.61,221.48,15792,0
2026-02-27T10:00:00+05:30,221.48,222.01,221.21,221.52,1974,0
2026-02-27T10:15:00+05:30,221.3,221.59,220.5,221.0,1578,0
2026-02-27T10:30:00+05:30,221.44,221.55,220.32,220.32,3224,0
2026-02-27T10:45:00+05:30,220.32,220.41,220.0,220.15,2105,0
2026-02-27T11:00:00+05:30,220.0,220.63,220.0,220.5,736,0
2026-02-27T11:15:00+05:30,220.5,220.57,220.0,220.0,658,0
2026-02-27T11:30:00+05:30,220.0,220.22,220.0,220.0,180,0
2026-02-27T11:45:00+05:30,220.21,223.0,220.21,221.73,5219,0
2026-02-27T12:00:00+05:30,221.73,221.93,221.13,221.66,800,0
2026-02-27T12:15:00+05:30,221.65,221.83,221.18,221.18,813,0
2026-02-27T12:30:00+05:30,221.18,221.6,221.18,221.6,85,0
2026-02-27T12:45:00+05:30,221.6,223.0,221.53,221.53,1750,0
2026-02-27T13:00:00+05:30,221.51,221.51,221.03,221.51,330,0
2026-02-27T13:15:00+05:30,221.51,222.0,221.51,221.52,462,0
2026-02-27T13:30:00+05:30,221.52,221.52,221.52,221.52,0,0
2026-02-27T13:45:00+05:30,221.52,223.0,221.52,222.89,203,0
2026-02-27T14:00:00+05:30,222.89,222.89,222.51,222.51,12,0
2026-02-27T14:15:00+05:30,222.51,222.88,221.86,221.86,598,0
2026-02-27T14:30:00+05:30,222.1,224.78,222.1,222.87,1907,0
2026-02-27T14:45:00+05:30,222.87,223.68,222.82,223.68,119,0
2026-02-27T15:00:00+05:30,223.59,224.99,223.15,224.4,2332,0
2026-02-27T15:15:00+05:30,224.07,228.0,221.0,221.0,6012,0
2026-03-02T09:15:00+05:30,219.0,220.0,216.22,218.5,14456,0
2026-03-02T09:30:00+05:30,218.68,218.75,217.6,218.33,4676,0
2026-03-02T09:45:00+05:30,218.33,220.0,218.33,218.4,6364,0
2026-03-02T10:00:00+05:30,218.4,218.41,217.01,218.06,4800,0
2026-03-02T10:15:00+05:30,217.89,217.9,217.01,217.79,1075,0
2026-03-02T10:30:00+05:30,217.74,217.75,217.1,217.1,172,0
2026-03-02T10:45:00+05:30,217.0,217.19,216.35,216.35,2528,0
2026-03-02T11:00:00+05:30,216.35,216.44,215.15,216.24,4511,0
2026-03-02T11:15:00+05:30,216.24,216.24,215.02,215.16,1332,0
2026-03-02T11:30:00+05:30,215.16,215.65,215.07,215.54,374,0
2026-03-02T11:45:00+05:30,215.54,215.54,214.01,214.24,3621,0
2026-03-02T12:00:00+05:30,214.24,214.33,213.18,213.2,1085,0
2026-03-02T12:15:00+05:30,213.35,213.55,213.0,213.55,4379,0
2026-03-02T12:30:00+05:30,213.26,213.26,211.52,212.7,3467,0
2026-03-02T12:45:00+05:30,212.7,213.09,211.15,212.5,4052,0
2026-03-02T13:00:00+05:30,212.75,212.88,212.5,212.55,799,0
2026-03-02T13:15:00+05:30,212.55,212.7,211.24,211.5,2738,0
2026-03-02T13:30:00+05:30,211.8,211.84,209.42,209.86,6003,0
2026-03-02T13:45:00+05:30,209.86,209.92,208.0,208.71,7592,0
2026-03-02T14:00:00+05:30,208.83,211.05,208.19,210.34,5225,0
2026-03-02T14:15:00+05:30,210.34,211.28,209.67,210.1,2676,0
2026-03-02T14:30:00+05:30,210.06,212.0,209.87,211.72,6039,0
2026-03-02T14:45:00+05:30,211.72,214.0,210.0,214.0,16224,0
2026-03-02T15:00:00+05:30,213.96,217.12,213.01,216.81,7085,0
2026-03-02T15:15:00+05:30,216.81,219.0,216.0,217.75,10063,0
2026-03-04T09:15:00+05:30,208.3,214.0,208.3,209.71,2442,0
2026-03-04T09:30:00+05:30,210.2,210.45,207.64,209.75,14902,0
2026-03-04T09:45:00+05:30,210.39,211.5,209.33,210.31,8399,0
2026-03-04T10:00:00+05:30,210.31,210.9,209.86,209.94,2882,0
2026-03-04T10:15:00+05:30,210.36,210.39,209.5,210.0,6055,0
2026-03-04T10:30:00+05:30,210.0,210.34,209.6,210.19,1027,0
2026-03-04T10:45:00+05:30,210.19,210.19,208.85,208.86,784,0
2026-03-04T11:00:00+05:30,208.86,210.34,208.78,210.34,2443,0
2026-03-04T11:15:00+05:30,210.0,211.67,209.83,211.25,3008,0
2026-03-04T11:30:00+05:30,211.25,211.44,210.75,211.0,4153,0
2026-03-04T11:45:00+05:30,211.0,212.0,210.95,211.78,3259,0
2026-03-04T12:00:00+05:30,211.78,212.0,209.76,209.76,7132,0
2026-03-04T12:15:00+05:30,209.72,210.0,209.15,209.75,8463,0
2026-03-04T12:30:00+05:30,209.75,209.75,209.05,209.21,704,0
2026-03-04T12:45:00+05:30,209.01,211.0,209.0,211.0,2461,0
2026-03-04T13:00:00+05:30,210.64,211.15,210.63,211.15,242,0
2026-03-04T13:15:00+05:30,211.15,211.35,210.72,211.3,32,0
2026-03-04T13:30:00+05:30,211.3,211.3,210.99,211.05,46,0
2026-03-04T13:45:00+05:30,211.05,211.05,210.21,210.21,839,0
2026-03-04T14:00:00+05:30,210.21,212.2,210.21,212.2,536,0
2026-03-04T14:15:00+05:30,212.2,212.9,211.92,211.94,391,0
2026-03-04T14:30:00+05:30,211.94,211.99,211.52,211.6,657,0
2026-03-04T14:45:00+05:30,211.6,216.67,211.0,216.67,12228,0
2026-03-04T15:00:00+05:30,216.5,216.9,215.01,216.05,6347,0
2026-03-04T15:15:00+05:30,216.01,217.9,215.12,217.75,5779,0
2026-03-05T09:15:00+05:30,218.98,218.98,215.9,216.78,5521,0
2026-03-05T09:30:00+05:30,216.17,216.17,215.3,215.5,1770,0
2026-03-05T09:45:00+05:30,215.5,217.3,215.3,216.9,773,0
2026-03-05T10:00:00+05:30,216.8,217.31,216.8,217.31,386,0
2026-03-05T10:15:00+05:30,217.31,217.32,216.88,216.96,151,0
2026-03-05T10:30:00+05:30,216.96,217.0,216.8,216.8,599,0
2026-03-05T10:45:00+05:30,216.8,216.9,216.8,216.9,1290,0
2026-03-05T11:00:00+05:30,216.9,216.9,216.9,216.9,10,0
2026-03-05T11:15:00+05:30,216.9,216.9,216.67,216.67,240,0
2026-03-05T11:30:00+05:30,216.67,216.9,216.0,216.56,6313,0
2026-03-05T11:45:00+05:30,216.56,216.67,216.0,216.67,1233,0
2026-03-05T12:00:00+05:30,216.67,216.67,216.34,216.46,123,0
2026-03-05T12:15:00+05:30,216.65,216.65,216.59,216.64,1358,0
2026-03-05T12:30:00+05:30,216.64,217.0,216.43,216.95,1032,0
2026-03-05T12:45:00+05:30,216.94,216.94,216.0,216.22,3027,0
2026-03-05T13:00:00+05:30,216.22,216.22,213.95,213.95,7259,0
2026-03-05T13:15:00+05:30,213.95,213.96,212.32,212.32,1645,0
2026-03-05T13:30:00+05:30,212.32,216.0,212.32,214.01,8190,0
2026-03-05T13:45:00+05:30,214.01,214.01,211.5,211.5,6581,0
2026-03-05T14:00:00+05:30,211.5,212.76,210.0,210.0,11526,0
2026-03-05T14:15:00+05:30,210.0,211.02,209.83,210.99,10071,0
2026-03-05T14:30:00+05:30,210.97,211.03,209.96,210.0,3203,0
2026-03-05T14:45:00+05:30,210.0,210.39,210.0,210.16,17518,0
2026-03-05T15:00:00+05:30,211.38,216.5,210.17,213.85,29767,0
2026-03-05T15:15:00+05:30,214.65,215.89,213.85,215.6,8117,0
2026-03-06T09:15:00+05:30,214.0,214.81,213.13,213.43,2177,0
2026-03-06T09:30:00+05:30,213.38,213.38,212.1,212.1,1193,0
2026-03-06T09:45:00+05:30,212.1,212.54,211.84,212.0,1858,0
2026-03-06T10:00:00+05:30,212.0,217.0,212.0,214.99,20661,0
2026-03-06T10:15:00+05:30,215.0,216.0,214.7,215.5,810,0
2026-03-06T10:30:00+05:30,215.5,215.5,214.08,214.08,611,0
2026-03-06T10:45:00+05:30,214.08,215.25,214.08,214.73,1144,0
2026-03-06T11:00:00+05:30,214.73,215.78,214.73,215.52,1702,0
2026-03-06T11:15:00+05:30,215.52,215.65,215.21,215.52,1720,0
2026-03-06T11:30:00+05:30,215.52,216.0,215.52,215.95,525,0
2026-03-06T11:45:00+05:30,215.95,215.95,215.46,215.46,510,0
2026-03-06T12:00:00+05:30,215.46,215.46,215.03,215.03,144,0
2026-03-06T12:15:00+05:30,215.0,215.28,214.73,214.73,363,0
2026-03-06T12:30:00+05:30,214.73,215.03,214.73,214.84,13,0
2026-03-06T12:45:00+05:30,214.84,215.39,214.76,214.76,736,0
2026-03-06T13:00:00+05:30,215.48,215.84,215.48,215.84,111,0
2026-03-06T13:15:00+05:30,215.84,215.84,215.2,215.58,357,0
2026-03-06T13:30:00+05:30,215.58,215.7,215.58,215.7,35,0
2026-03-06T13:45:00+05:30,215.7,215.7,215.4,215.4,33,0
2026-03-06T14:00:00+05:30,215.21,215.83,215.21,215.83,584,0
2026-03-06T14:15:00+05:30,215.83,215.92,215.51,215.92,36,0
2026-03-06T14:30:00+05:30,215.92,215.92,215.25,215.25,763,0
2026-03-06T14:45:00+05:30,215.25,215.99,214.2,214.2,583,0
2026-03-06T15:00:00+05:30,214.08,214.08,211.62,213.26,3504,0
2026-03-06T15:15:00+05:30,213.26,213.97,211.5,212.2,5294,0
2026-03-09T09:15:00+05:30,210.0,210.03,203.02,205.32,20547,0
2026-03-09T09:30:00+05:30,203.98,206.2,201.6,202.28,9078,0
2026-03-09T09:45:00+05:30,203.58,203.58,200.6,201.52,6237,0
2026-03-09T10:00:00+05:30,201.52,203.0,201.4,203.0,1788,0
2026-03-09T10:15:00+05:30,203.65,205.5,203.01,204.74,8109,0
2026-03-09T10:30:00+05:30,204.5,206.08,203.73,206.08,7857,0
2026-03-09T10:45:00+05:30,205.56,206.5,204.82,206.5,2662,0
2026-03-09T11:00:00+05:30,206.5,207.41,205.8,206.03,1625,0
2026-03-09T11:15:00+05:30,205.9,207.0,204.82,206.99,7120,0
2026-03-09T11:30:00+05:30,206.44,206.44,201.99,205.0,54816,0
2026-03-09T11:45:00+05:30,204.98,206.0,204.33,205.78,10172,0
2026-03-09T12:00:00+05:30,205.78,206.29,205.0,206.01,635,0
2026-03-09T12:15:00+05:30,206.09,206.1,203.5,204.86,28654,0
2026-03-09T12:30:00+05:30,204.86,205.52,204.65,204.66,20529,0
2026-03-09T12:45:00+05:30,204.98,206.11,204.64,206.07,2505,0
2026-03-09T13:00:00+05:30,205.65,205.65,204.8,205.03,574,0
2026-03-09T13:15:00+05:30,205.03,205.12,204.65,205.12,413,0
2026-03-09T13:30:00+05:30,204.77,205.62,204.77,205.37,774,0
2026-03-09T13:45:00+05:30,205.37,205.37,204.72,204.76,534,0
2026-03-09T14:00:00+05:30,204.75,206.0,204.25,205.51,7484,0
2026-03-09T14:15:00+05:30,205.51,206.12,204.42,206.0,2185,0
2026-03-09T14:30:00+05:30,206.0,208.5,205.97,207.95,16294,0
2026-03-09T14:45:00+05:30,207.46,213.0,207.46,211.93,15376,0
2026-03-09T15:00:00+05:30,212.28,212.45,206.25,207.77,14676,0
2026-03-09T15:15:00+05:30,207.89,209.0,206.1,207.0,10552,0
2026-03-10T09:15:00+05:30,211.6,211.6,208.75,210.0,6563,0
2026-03-10T09:30:00+05:30,210.37,210.38,208.0,208.69,3266,0
2026-03-10T09:45:00+05:30,208.69,210.19,208.36,209.41,2791,0
2026-03-10T10:00:00+05:30,209.41,210.44,209.41,210.44,802,0
2026-03-10T10:15:00+05:30,210.44,210.59,208.81,210.07,2941,0
2026-03-10T10:30:00+05:30,210.24,210.49,210.01,210.49,323,0
2026-03-10T10:45:00+05:30,210.49,210.71,209.48,209.75,4469,0
2026-03-10T11:00:00+05:30,209.75,211.67,209.5,211.66,6229,0
2026-03-10T11:15:00+05:30,211.67,212.71,211.67,212.33,1529,0
2026-03-10T11:30:00+05:30,212.4,214.0,212.4,213.31,15542,0
2026-03-10T11:45:00+05:30,213.68,214.0,211.83,212.74,8324,0
2026-03-10T12:00:00+05:30,212.74,213.45,212.0,213.45,3010,0
2026-03-10T12:15:00+05:30,212.91,213.39,212.45,212.45,1514,0
2026-03-10T12:30:00+05:30,212.45,213.81,212.45,213.78,7443,0
2026-03-10T12:45:00+05:30,213.78,214.0,213.35,213.84,4417,0
2026-03-10T13:00:00+05:30,213.84,214.0,213.0,213.0,949,0
2026-03-10T13:15:00+05:30,213.0,213.17,212.47,212.69,5697,0
2026-03-10T13:30:00+05:30,212.75,213.22,211.66,212.11,3820,0
2026-03-10T13:45:00+05:30,212.11,212.79,212.11,212.79,2893,0
2026-03-10T14:00:00+05:30,212.79,213.54,212.16,213.54,967,0
2026-03-10T14:15:00+05:30,213.54,213.54,212.9,212.9,1146,0
2026-03-10T14:30:00+05:30,212.9,212.99,212.26,212.35,632,0
2026-03-10T14:45:00+05:30,212.35,215.0,212.11,215.0,6893,0
2026-03-10T15:00:00+05:30,214.49,214.49,212.25,212.26,2819,0
2026-03-10T15:15:00+05:30,212.11,212.11,210.4,210.4,19759,0
2026-03-11T09:15:00+05:30,210.0,213.19,210.0,212.79,3752,0
2026-03-11T09:30:00+05:30,213.18,215.04,212.83,213.01,8337,0
2026-03-11T09:45:00+05:30,213.01,214.0,213.0,214.0,4798,0
2026-03-11T10:00:00+05:30,214.0,214.0,210.59,212.3,10493,0
2026-03-11T10:15:00+05:30,212.3,212.73,212.06,212.73,1348,0
2026-03-11T10:30:00+05:30,212.66,213.5,212.25,212.25,925,0
2026-03-11T10:45:00+05:30,212.05,212.5,210.72,212.06,2963,0
2026-03-11T11:00:00+05:30,212.06,212.6,212.06,212.5,1284,0
2026-03-11T11:15:00+05:30,212.5,212.52,212.06,212.5,1246,0
2026-03-11T11:30:00+05:30,212.5,213.12,212.35,213.12,1203,0
2026-03-11T11:45:00+05:30,213.12,213.12,212.75,213.0,1614,0
2026-03-11T12:00:00+05:30,213.0,213.0,212.94,212.99,525,0
2026-03-11T12:15:00+05:30,212.99,213.5,212.61,212.92,3304,0
2026-03-11T12:30:00+05:30,212.92,213.68,212.92,213.0,885,0
2026-03-11T12:45:00+05:30,213.0,213.5,213.0,213.01,554,0
2026-03-11T13:00:00+05:30,213.01,213.9,213.0,213.0,1253,0
2026-03-11T13:15:00+05:30,213.0,213.59,213.0,213.27,1471,0
2026-03-11T13:30:00+05:30,213.27,214.24,213.23,213.91,2982,0
2026-03-11T13:45:00+05:30,213.91,214.0,213.12,214.0,1898,0
2026-03-11T14:00:00+05:30,213.97,213.97,212.77,213.2,4766,0
2026-03-11T14:15:00+05:30,213.2,213.2,212.0,212.47,3741,0
2026-03-11T14:30:00+05:30,213.0,213.54,212.52,213.1,4247,0
2026-03-11T14:45:00+05:30,213.1,213.69,212.0,213.26,3116,0
2026-03-11T15:00:00+05:30,213.26,213.26,211.0,212.0,1674,0
2026-03-11T15:15:00+05:30,212.17,213.12,210.0,210.0,8063,0
2026-03-12T09:15:00+05:30,210.74,210.74,206.17,206.84,7777,0
2026-03-12T09:30:00+05:30,207.33,207.34,203.8,205.27,14859,0
2026-03-12T09:45:00+05:30,205.37,206.09,204.7,206.07,3343,0
2026-03-12T10:00:00+05:30,206.07,206.49,202.75,202.75,20914,0
2026-03-12T10:15:00+05:30,203.27,205.19,203.13,205.19,5411,0
2026-03-12T10:30:00+05:30,205.78,207.1,205.2,205.63,3744,0
2026-03-12T10:45:00+05:30,205.63,205.93,204.61,205.89,681,0
2026-03-12T11:00:00+05:30,205.89,206.79,205.79,206.5,1115,0
2026-03-12T11:15:00+05:30,206.5,206.5,205.32,205.78,144,0
2026-03-12T11:30:00+05:30,205.78,206.5,205.7,205.78,1910,0
2026-03-12T11:45:00+05:30,205.78,206.9,205.4,206.9,5987,0
2026-03-12T12:00:00+05:30,206.9,207.57,205.6,206.94,5006,0
2026-03-12T12:15:00+05:30,206.94,207.4,206.94,207.2,105,0
2026-03-12T12:30:00+05:30,207.2,208.63,207.16,208.57,7017,0
2026-03-12T12:45:00+05:30,208.57,209.59,208.03,208.64,9884,0
2026-03-12T13:00:00+05:30,208.64,208.88,207.0,207.59,5943,0
2026-03-12T13:15:00+05:30,207.59,207.59,206.46,207.12,43084,0
2026-03-12T13:30:00+05:30,207.95,209.6,207.95,208.87,29951,0
2026-03-12T13:45:00+05:30,208.87,208.87,206.36,207.06,6263,0
2026-03-12T14:00:00+05:30,206.39,208.62,206.39,208.35,17992,0
2026-03-12T14:15:00+05:30,208.35,208.8,208.25,208.25,741,0
2026-03-12T14:30:00+05:30,208.25,208.25,207.52,207.9,1165,0
2026-03-12T14:45:00+05:30,207.9,207.94,207.0,207.54,1558,0
2026-03-12T15:00:00+05:30,207.23,207.3,203.49,204.48,22645,0
2026-03-12T15:15:00+05:30,204.47,204.47,202.1,202.3,25927,0
2026-03-13T09:15:00+05:30,204.0,209.97,203.0,209.9,18955,0
2026-03-13T09:30:00+05:30,209.84,210.01,205.0,205.49,40738,0
2026-03-13T09:45:00+05:30,205.72,206.25,203.1,203.6,3317,0
2026-03-13T10:00:00+05:30,203.62,204.59,203.6,204.59,1959,0
2026-03-13T10:15:00+05:30,203.88,204.57,202.61,203.35,1751,0
2026-03-13T10:30:00+05:30,203.24,204.0,202.0,202.0,6534,0
2026-03-13T10:45:00+05:30,202.3,203.23,202.0,202.57,275,0
2026-03-13T11:00:00+05:30,202.57,202.64,201.9,202.01,468,0
2026-03-13T11:15:00+05:30,202.01,202.26,201.61,202.26,1203,0
2026-03-13T11:30:00+05:30,202.26,202.65,201.75,202.12,263,0
2026-03-13T11:45:00+05:30,202.12,202.12,199.5,199.8,6187,0
2026-03-13T12:00:00+05:30,199.74,199.74,198.55,199.4,4278,0
2026-03-13T12:15:00+05:30,199.41,199.5,197.5,197.76,3970,0
2026-03-13T12:30:00+05:30,198.38,198.99,197.61,198.09,1912,0
2026-03-13T12:45:00+05:30,197.66,198.79,197.5,198.06,4960,0
2026-03-13T13:00:00+05:30,198.06,198.34,196.5,196.5,4366,0
2026-03-13T13:15:00+05:30,196.5,198.13,195.5,196.71,20075,0
2026-03-13T13:30:00+05:30,196.33,196.69,196.16,196.27,437,0
2026-03-13T13:45:00+05:30,196.27,196.52,194.99,195.5,2833,0
2026-03-13T14:00:00+05:30,195.5,196.0,195.06,195.8,29598,0
2026-03-13T14:15:00+05:30,196.0,196.01,191.0,194.49,19599,0
2026-03-13T14:30:00+05:30,194.67,196.0,194.28,195.6,15458,0
2026-03-13T14:45:00+05:30,195.6,196.0,195.31,195.64,2445,0
2026-03-13T15:00:00+05:30,195.64,196.0,192.0,193.0,15057,0
2026-03-13T15:15:00+05:30,192.51,199.95,191.56,196.0,22294,0
2026-03-16T09:15:00+05:30,195.0,195.91,189.34,189.34,21155,0
2026-03-16T09:30:00+05:30,189.9,191.3,189.11,191.3,11188,0
2026-03-16T09:45:00+05:30,191.45,192.4,191.1,191.1,6170,0
2026-03-16T10:00:00+05:30,191.08,191.09,189.5,190.82,11010,0
2026-03-16T10:15:00+05:30,190.82,190.97,189.51,189.51,7110,0
2026-03-16T10:30:00+05:30,189.61,192.28,189.31,192.0,14444,0
2026-03-16T10:45:00+05:30,192.0,192.31,191.0,192.31,4038,0
2026-03-16T11:00:00+05:30,192.27,195.0,192.23,194.12,8919,0
2026-03-16T11:15:00+05:30,194.14,196.26,193.89,194.65,1558,0
2026-03-16T11:30:00+05:30,194.57,195.35,194.4,195.35,4192,0
2026-03-16T11:45:00+05:30,194.78,194.86,194.28,194.63,2060,0
2026-03-16T12:00:00+05:30,194.48,197.73,194.42,196.77,4262,0
2026-03-16T12:15:00+05:30,196.68,197.04,195.88,196.49,1851,0
2026-03-16T12:30:00+05:30,196.49,196.69,195.21,196.69,1255,0
2026-03-16T12:45:00+05:30,196.69,197.0,196.51,196.8,3899,0
2026-03-16T13:00:00+05:30,196.76,199.0,196.7,198.0,5369,0
2026-03-16T13:15:00+05:30,198.26,198.63,197.93,198.15,1053,0
2026-03-16T13:30:00+05:30,198.15,198.94,197.61,198.22,13650,0
2026-03-16T13:45:00+05:30,198.3,198.42,197.41,197.42,1529,0
2026-03-16T14:00:00+05:30,197.41,197.62,195.31,195.8,12215,0
2026-03-16T14:15:00+05:30,195.41,196.87,195.15,196.56,3888,0
2026-03-16T14:30:00+05:30,196.24,197.25,195.75,197.25,1945,0
2026-03-16T14:45:00+05:30,197.23,197.54,196.52,197.54,7508,0
2026-03-16T15:00:00+05:30,197.16,197.16,193.0,194.59,6822,0
2026-03-16T15:15:00+05:30,194.8,199.02,192.61,199.02,17477,0
2026-03-17T09:15:00+05:30,195.0,197.67,195.0,197.01,3785,0
2026-03-17T09:30:00+05:30,197.82,198.15,195.96,196.98,6954,0
2026-03-17T09:45:00+05:30,196.82,198.0,196.82,197.38,1012,0
2026-03-17T10:00:00+05:30,197.44,197.96,197.38,197.42,490,0
2026-03-17T10:15:00+05:30,197.45,198.33,197.36,197.44,6563,0
2026-03-17T10:30:00+05:30,197.45,198.26,197.02,197.33,1255,0
2026-03-17T10:45:00+05:30,197.28,197.99,197.19,197.61,234,0
2026-03-17T11:00:00+05:30,197.66,198.31,197.48,197.66,3005,0
2026-03-17T11:15:00+05:30,197.67,198.58,197.0,197.11,2345,0
2026-03-17T11:30:00+05:30,197.13,197.55,197.03,197.05,230,0
2026-03-17T11:45:00+05:30,197.06,197.6,197.06,197.31,302,0
2026-03-17T12:00:00+05:30,197.31,197.79,197.3,197.47,633,0
2026-03-17T12:15:00+05:30,197.47,198.38,197.3,197.3,5820,0
2026-03-17T12:30:00+05:30,197.3,197.3,196.0,196.0,6223,0
2026-03-17T12:45:00+05:30,196.08,196.62,196.07,196.2,311,0
2026-03-17T13:00:00+05:30,196.23,196.23,195.5,195.64,4531,0
2026-03-17T13:15:00+05:30,195.65,195.95,195.55,195.63,941,0
2026-03-17T13:30:00+05:30,195.63,195.92,195.35,195.35,2140,0
2026-03-17T13:45:00+05:30,195.37,195.53,195.3,195.53,457,0
2026-03-17T14:00:00+05:30,195.53,196.1,195.53,196.1,1301,0
2026-03-17T14:15:00+05:30,196.1,196.1,195.8,195.8,382,0
2026-03-17T14:30:00+05:30,195.99,196.95,195.99,196.95,2289,0
2026-03-17T14:45:00+05:30,196.95,197.44,196.59,197.25,335,0
2026-03-17T15:00:00+05:30,197.25,197.25,196.54,197.19,291,0
2026-03-17T15:15:00+05:30,196.79,197.81,196.5,196.5,4391,0
2026-03-18T09:15:00+05:30,196.9,199.8,196.07,199.41,4283,0
2026-03-18T09:30:00+05:30,199.82,199.82,199.0,199.0,1399,0
2026-03-18T09:45:00+05:30,199.0,200.51,198.0,198.01,7409,0
2026-03-18T10:00:00+05:30,198.03,198.15,196.62,196.62,4799,0
2026-03-18T10:15:00+05:30,197.07,197.99,196.0,197.25,11020,0
2026-03-18T10:30:00+05:30,197.25,198.94,197.17,198.88,3165,0
2026-03-18T10:45:00+05:30,198.88,198.88,198.15,198.15,275,0
2026-03-18T11:00:00+05:30,198.15,199.11,198.15,198.64,1207,0
2026-03-18T11:15:00+05:30,198.64,198.75,197.5,198.0,4885,0
2026-03-18T11:30:00+05:30,198.0,201.37,198.0,199.0,13135,0
2026-03-18T11:45:00+05:30,200.09,200.09,198.16,199.51,6433,0
2026-03-18T12:00:00+05:30,199.51,199.51,198.0,198.0,7163,0
2026-03-18T12:15:00+05:30,198.15,199.0,198.02,199.0,678,0
2026-03-18T12:30:00+05:30,199.0,199.3,199.0,199.3,155,0
2026-03-18T12:45:00+05:30,199.3,199.35,199.25,199.35,365,0
2026-03-18T13:00:00+05:30,199.35,199.65,199.0,199.41,3309,0
2026-03-18T13:15:00+05:30,199.41,199.81,199.41,199.41,1191,0
2026-03-18T13:30:00+05:30,199.41,202.59,199.41,200.62,17114,0
2026-03-18T13:45:00+05:30,200.62,201.12,200.62,201.11,26,0
2026-03-18T14:00:00+05:30,200.84,201.76,199.5,199.5,5510,0
2026-03-18T14:15:00+05:30,199.87,200.18,198.22,200.08,4766,0
2026-03-18T14:30:00+05:30,200.08,200.08,198.17,198.33,3385,0
2026-03-18T14:45:00+05:30,198.15,198.55,198.01,198.55,1215,0
2026-03-18T15:00:00+05:30,198.97,199.25,198.01,198.05,5069,0
2026-03-18T15:15:00+05:30,198.23,198.87,197.0,198.28,21321,0
2026-03-19T09:15:00+05:30,196.5,196.66,190.5,192.99,13806,0
2026-03-19T09:30:00+05:30,192.99,195.51,192.53,195.51,12975,0
2026-03-19T09:45:00+05:30,195.51,195.65,194.81,194.87,2349,0
2026-03-19T10:00:00+05:30,194.9,195.42,194.76,194.76,633,0
2026-03-19T10:15:00+05:30,194.76,194.76,193.82,193.93,1792,0
2026-03-19T10:30:00+05:30,193.92,194.67,193.85,194.03,830,0
2026-03-19T10:45:00+05:30,194.19,194.71,193.87,194.13,454,0
2026-03-19T11:00:00+05:30,194.11,194.5,193.67,193.7,444,0
2026-03-19T11:15:00+05:30,193.68,194.31,193.61,193.67,1695,0
2026-03-19T11:30:00+05:30,193.66,193.98,193.65,193.73,446,0
2026-03-19T11:45:00+05:30,193.65,194.62,193.65,193.81,2240,0
2026-03-19T12:00:00+05:30,193.81,195.5,193.81,195.5,1647,0
2026-03-19T12:15:00+05:30,195.5,196.8,195.28,196.5,6033,0
2026-03-19T12:30:00+05:30,196.5,196.97,195.42,195.45,1795,0
2026-03-19T12:45:00+05:30,195.49,195.49,194.11,194.42,3889,0
2026-03-19T13:00:00+05:30,194.46,194.46,194.19,194.19,994,0
2026-03-19T13:15:00+05:30,194.24,194.95,194.24,194.27,1020,0
2026-03-19T13:30:00+05:30,194.27,194.29,193.75,193.75,649,0
2026-03-19T13:45:00+05:30,193.75,194.21,193.6,194.21,324,0
2026-03-19T14:00:00+05:30,194.0,194.2,193.68,193.68,472,0
2026-03-19T14:15:00+05:30,193.68,193.99,193.5,193.6,10580,0
2026-03-19T14:30:00+05:30,193.6,195.35,193.5,194.42,9783,0
2026-03-19T14:45:00+05:30,194.42,195.0,193.5,193.5,16746,0
2026-03-19T15:00:00+05:30,193.58,193.58,192.16,192.77,1661,0
2026-03-19T15:15:00+05:30,192.7,193.65,191.17,193.65,21533,0
2026-03-20T09:15:00+05:30,190.99,196.42,190.99,196.06,7302,0
2026-03-20T09:30:00+05:30,196.08,196.73,195.58,195.58,1950,0
2026-03-20T09:45:00+05:30,195.58,196.0,195.58,195.8,487,0
2026-03-20T10:00:00+05:30,195.8,195.8,195.6,195.79,124,0
2026-03-20T10:15:00+05:30,195.61,195.7,195.04,195.68,207,0
2026-03-20T10:30:00+05:30,195.68,197.1,195.02,197.1,3186,0
2026-03-20T10:45:00+05:30,196.83,197.42,196.78,196.95,571,0
2026-03-20T11:00:00+05:30,196.95,197.4,196.56,197.2,652,0
2026-03-20T11:15:00+05:30,197.2,197.45,197.15,197.15,2186,0
2026-03-20T11:30:00+05:30,196.68,197.19,196.6,196.6,735,0
2026-03-20T11:45:00+05:30,196.6,196.74,195.99,196.7,398,0
2026-03-20T12:00:00+05:30,196.7,196.82,195.99,196.38,7331,0
2026-03-20T12:15:00+05:30,196.38,196.75,196.07,196.07,187,0
2026-03-20T12:30:00+05:30,196.43,197.4,196.43,197.4,8377,0
2026-03-20T12:45:00+05:30,197.16,197.4,196.45,196.82,12185,0
2026-03-20T13:00:00+05:30,196.82,201.52,196.0,201.0,30933,0
2026-03-20T13:15:00+05:30,200.63,202.45,200.63,201.97,22630,0
2026-03-20T13:30:00+05:30,202.25,202.9,200.06,200.7,26983,0
2026-03-20T13:45:00+05:30,201.0,202.0,200.53,200.53,1745,0
2026-03-20T14:00:00+05:30,200.53,201.2,199.67,200.4,11013,0
2026-03-20T14:15:00+05:30,200.4,200.73,200.29,200.29,91,0
2026-03-20T14:30:00+05:30,200.29,200.76,198.86,199.0,9762,0
2026-03-20T14:45:00+05:30,199.0,199.7,198.95,199.0,15461,0
2026-03-20T15:00:00+05:30,199.0,199.38,198.9,199.0,4348,0
2026-03-20T15:15:00+05:30,199.22,199.7,198.9,199.0,4021,0
2026-03-23T09:15:00+05:30,196.1,196.1,191.65,191.95,9773,0
2026-03-23T09:30:00+05:30,191.65,191.96,190.85,191.24,4536,0
2026-03-23T09:45:00+05:30,191.24,191.24,188.6,189.02,17253,0
2026-03-23T10:00:00+05:30,189.08,189.09,186.11,186.73,15775,0
2026-03-23T10:15:00+05:30,186.74,187.65,186.03,186.03,5933,0
2026-03-23T10:30:00+05:30,186.03,188.78,185.5,186.67,28399,0
2026-03-23T10:45:00+05:30,186.51,187.78,186.5,187.19,2829,0
2026-03-23T11:00:00+05:30,187.01,187.01,185.5,186.28,23455,0
2026-03-23T11:15:00+05:30,186.19,186.38,185.0,185.38,27368,0
2026-03-23T11:30:00+05:30,185.38,186.2,185.17,185.76,21373,0
2026-03-23T11:45:00+05:30,185.76,186.24,185.6,185.67,12107,0
2026-03-23T12:00:00+05:30,185.67,186.57,185.16,185.33,10708,0
2026-03-23T12:15:00+05:30,185.05,185.22,184.16,184.18,16378,0
2026-03-23T12:30:00+05:30,184.21,184.94,183.17,183.21,2287,0
2026-03-23T12:45:00+05:30,183.21,184.52,183.21,183.77,5389,0
2026-03-23T13:00:00+05:30,183.89,183.89,183.0,183.0,997,0
2026-03-23T13:15:00+05:30,183.13,183.83,179.03,181.92,13903,0
2026-03-23T13:30:00+05:30,181.91,182.31,180.16,182.2,24674,0
2026-03-23T13:45:00+05:30,182.2,183.6,181.63,182.94,5519,0
2026-03-23T14:00:00+05:30,182.94,183.34,182.5,183.0,5094,0
2026-03-23T14:15:00+05:30,183.0,184.5,182.5,182.76,2099,0
2026-03-23T14:30:00+05:30,183.07,183.07,180.79,180.93,2799,0
2026-03-23T14:45:00+05:30,181.61,182.12,180.0,180.69,22950,0
2026-03-23T15:00:00+05:30,180.65,184.4,180.0,184.0,19397,0
2026-03-23T15:15:00+05:30,184.01,186.0,183.99,185.9,14664,0
2026-03-24T09:15:00+05:30,187.5,192.99,186.0,189.18,7360,0
2026-03-24T09:30:00+05:30,189.14,189.15,186.02,187.04,4364,0
2026-03-24T09:45:00+05:30,187.04,187.23,186.2,186.59,3971,0
2026-03-24T10:00:00+05:30,186.59,186.59,186.02,186.02,2004,0
2026-03-24T10:15:00+05:30,186.08,186.37,186.02,186.2,21178,0
2026-03-24T10:30:00+05:30,186.39,186.5,183.1,183.1,35473,0
2026-03-24T10:45:00+05:30,183.1,185.0,183.1,184.1,14304,0
2026-03-24T11:00:00+05:30,184.32,184.67,184.04,184.04,21032,0
2026-03-24T11:15:00+05:30,184.04,184.44,182.02,182.5,16461,0
2026-03-24T11:30:00+05:30,182.57,184.2,182.47,183.01,8019,0
2026-03-24T11:45:00+05:30,183.01,184.7,183.0,183.81,12848,0
2026-03-24T12:00:00+05:30,183.52,184.1,182.62,182.94,14040,0
2026-03-24T12:15:00+05:30,182.91,186.19,182.62,185.0,242451,0
2026-03-24T12:30:00+05:30,184.99,189.94,184.91,187.3,40808,0
2026-03-24T12:45:00+05:30,187.39,188.92,187.08,188.27,2078,0
2026-03-24T13:00:00+05:30,188.26,188.48,187.1,187.77,6392,0
2026-03-24T13:15:00+05:30,187.76,188.19,183.25,186.62,29276,0
2026-03-24T13:30:00+05:30,186.62,187.28,185.81,187.22,883,0
2026-03-24T13:45:00+05:30,187.22,187.22,185.25,185.79,1720,0
2026-03-24T14:00:00+05:30,185.69,186.53,185.56,186.36,1887,0
2026-03-24T14:15:00+05:30,186.36,186.67,185.44,185.53,7315,0
2026-03-24T14:30:00+05:30,185.53,185.93,184.26,184.38,4604,0
2026-03-24T14:45:00+05:30,184.28,184.99,183.32,184.46,10105,0
2026-03-24T15:00:00+05:30,184.04,185.19,183.28,184.56,10840,0
2026-03-24T15:15:00+05:30,184.62,184.68,182.16,183.5,23901,0
2026-03-25T09:15:00+05:30,184.79,192.0,184.79,190.7,13687,0
2026-03-25T09:30:00+05:30,190.51,192.0,189.7,190.39,17368,0
2026-03-25T09:45:00+05:30,190.79,191.82,190.79,191.49,4368,0
2026-03-25T10:00:00+05:30,191.49,191.85,190.21,191.25,8061,0
2026-03-25T10:15:00+05:30,191.26,196.37,191.25,194.63,46916,0
2026-03-25T10:30:00+05:30,195.02,196.8,194.2,196.46,16109,0
2026-03-25T10:45:00+05:30,196.56,199.9,196.04,198.02,63175,0
2026-03-25T11:00:00+05:30,197.7,198.79,195.3,197.0,45845,0
2026-03-25T11:15:00+05:30,196.85,196.85,194.4,194.45,1764,0
2026-03-25T11:30:00+05:30,194.51,194.74,194.0,194.04,19423,0
2026-03-25T11:45:00+05:30,194.0,195.0,194.0,194.0,1208,0
2026-03-25T12:00:00+05:30,194.0,194.35,193.42,193.66,4728,0
2026-03-25T12:15:00+05:30,193.66,194.07,193.2,193.36,2285,0
2026-03-25T12:30:00+05:30,193.39,200.76,193.0,200.5,23616,0
2026-03-25T12:45:00+05:30,200.17,200.17,196.42,197.15,148824,0
2026-03-25T13:00:00+05:30,197.1,198.3,196.22,197.56,13521,0
2026-03-25T13:15:00+05:30,197.63,197.79,197.5,197.54,11776,0
2026-03-25T13:30:00+05:30,197.67,198.3,197.5,197.53,4760,0
2026-03-25T13:45:00+05:30,197.58,199.99,197.5,198.91,8474,0
2026-03-25T14:00:00+05:30,198.91,198.94,196.51,197.09,9365,0
2026-03-25T14:15:00+05:30,197.5,197.5,196.0,196.01,8076,0
2026-03-25T14:30:00+05:30,196.01,196.99,196.01,196.1,4251,0
2026-03-25T14:45:00+05:30,196.52,196.97,196.1,196.21,12333,0
2026-03-25T15:00:00+05:30,196.2,199.23,196.0,198.49,81068,0
2026-03-25T15:15:00+05:30,197.83,200.24,196.51,198.0,36705,0
2026-03-27T09:15:00+05:30,197.01,198.21,194.97,198.0,10049,0
2026-03-27T09:30:00+05:30,198.18,198.47,195.4,195.61,3671,0
2026-03-27T09:45:00+05:30,195.53,195.85,193.6,193.6,16553,0
2026-03-27T10:00:00+05:30,193.62,193.62,191.58,191.58,1715,0
2026-03-27T10:15:00+05:30,191.58,193.47,191.15,193.27,4338,0
2026-03-27T10:30:00+05:30,193.2,194.95,192.65,192.75,6726,0
2026-03-27T10:45:00+05:30,192.71,194.07,187.97,189.83,32149,0
2026-03-27T11:00:00+05:30,189.78,189.79,187.83,189.1,3727,0
2026-03-27T11:15:00+05:30,188.65,189.0,187.0,187.4,9614,0
2026-03-27T11:30:00+05:30,187.4,188.84,187.0,188.84,2951,0
2026-03-27T11:45:00+05:30,188.73,189.38,186.82,188.67,10456,0
2026-03-27T12:00:00+05:30,188.79,188.96,187.08,187.22,18195,0
2026-03-27T12:15:00+05:30,187.24,187.24,185.76,186.4,16715,0
2026-03-27T12:30:00+05:30,186.5,186.5,185.5,185.77,5874,0
2026-03-27T12:45:00+05:30,185.71,187.59,184.96,185.49,29235,0
2026-03-27T13:00:00+05:30,185.49,186.65,185.43,186.26,3880,0
2026-03-27T13:15:00+05:30,186.26,187.35,185.5,186.01,4788,0
2026-03-27T13:30:00+05:30,186.03,186.48,184.62,185.71,6667,0
2026-03-27T13:45:00+05:30,185.71,185.8,184.5,185.0,3823,0
2026-03-27T14:00:00+05:30,185.3,185.3,183.56,183.6,7028,0
2026-03-27T14:15:00+05:30,183.61,185.59,183.6,184.48,9818,0
2026-03-27T14:30:00+05:30,184.48,185.72,183.8,185.19,14928,0
2026-03-27T14:45:00+05:30,185.01,185.18,183.1,183.49,13939,0
2026-03-27T15:00:00+05:30,183.1,183.31,182.0,182.88,19039,0
2026-03-27T15:15:00+05:30,182.26,183.0,181.0,182.9,98617,0
2026-03-30T09:15:00+05:30,182.51,184.9,181.5,184.28,30403,0
2026-03-30T09:30:00+05:30,184.11,186.39,184.11,186.0,10712,0
2026-03-30T09:45:00+05:30,185.99,186.91,184.9,185.03,14636,0
2026-03-30T10:00:00+05:30,185.0,185.0,183.29,183.84,14671,0
2026-03-30T10:15:00+05:30,183.92,184.0,183.29,183.43,4130,0
2026-03-30T10:30:00+05:30,183.38,184.19,183.28,183.58,9224,0
2026-03-30T10:45:00+05:30,183.31,184.09,183.28,183.28,5438,0
2026-03-30T11:00:00+05:30,183.28,183.5,183.28,183.33,2186,0
2026-03-30T11:15:00+05:30,183.3,184.22,183.28,183.31,2598,0
2026-03-30T11:30:00+05:30,183.31,183.99,183.3,183.42,1572,0
2026-03-30T11:45:00+05:30,183.42,184.75,183.05,184.35,95099,0
2026-03-30T12:00:00+05:30,184.37,185.48,183.89,185.0,113143,0
2026-03-30T12:15:00+05:30,185.0,190.39,184.68,187.89,128663,0
2026-03-30T12:30:00+05:30,187.6,189.63,187.06,189.22,126145,0
2026-03-30T12:45:00+05:30,188.79,190.1,188.51,189.09,128137,0
2026-03-30T13:00:00+05:30,188.87,189.34,187.49,188.28,130731,0
2026-03-30T13:15:00+05:30,187.84,189.49,187.68,188.98,130543,0
2026-03-30T13:30:00+05:30,188.6,201.0,188.2,198.1,184729,0
2026-03-30T13:45:00+05:30,198.17,200.9,195.82,198.06,277616,0
2026-03-30T14:00:00+05:30,198.34,199.95,196.55,196.96,247738,0
2026-03-30T14:15:00+05:30,196.7,197.33,193.64,194.54,267730,0
2026-03-30T14:30:00+05:30,194.7,196.86,193.01,195.31,161468,0
2026-03-30T14:45:00+05:30,195.68,195.68,191.0,192.62,162459,0
2026-03-30T15:00:00+05:30,192.36,192.52,190.34,191.27,49504,0
2026-03-30T15:15:00+05:30,191.2,192.52,186.35,187.1,75146,0
2026-04-01T09:15:00+05:30,195.82,199.55,195.82,197.8,51030,0
2026-04-01T09:30:00+05:30,197.86,198.27,195.41,196.18,8373,0
2026-04-01T09:45:00+05:30,196.02,197.45,196.0,196.42,1465,0
2026-04-01T10:00:00+05:30,196.42,196.74,195.01,195.3,4317,0
2026-04-01T10:15:00+05:30,195.3,196.06,193.5,193.52,9256,0
2026-04-01T10:30:00+05:30,193.52,195.45,193.52,195.45,5014,0
2026-04-01T10:45:00+05:30,195.45,196.54,195.04,195.16,1180,0
2026-04-01T11:00:00+05:30,195.42,195.59,193.51,194.04,2787,0
2026-04-01T11:15:00+05:30,193.83,194.54,193.79,194.42,551,0
2026-04-01T11:30:00+05:30,194.31,195.5,194.31,194.84,810,0
2026-04-01T11:45:00+05:30,194.75,195.12,194.04,194.41,2050,0
2026-04-01T12:00:00+05:30,194.57,195.68,194.5,194.87,1012,0
2026-04-01T12:15:00+05:30,194.63,197.19,194.61,195.87,6442,0
2026-04-01T12:30:00+05:30,195.79,196.87,195.79,196.47,515,0
2026-04-01T12:45:00+05:30,196.47,197.19,196.47,196.84,299,0
2026-04-01T13:00:00+05:30,196.84,197.79,196.51,197.36,8432,0
2026-04-01T13:15:00+05:30,197.36,198.35,197.35,197.63,3512,0
2026-04-01T13:30:00+05:30,198.0,198.39,194.49,195.03,5943,0
2026-04-01T13:45:00+05:30,195.3,196.92,195.3,196.39,2273,0
2026-04-01T14:00:00+05:30,196.39,196.84,195.46,196.31,2197,0
2026-04-01T14:15:00+05:30,196.2,197.95,195.68,197.74,3032,0
2026-04-01T14:30:00+05:30,197.83,198.76,196.0,196.63,19572,0
2026-04-01T14:45:00+05:30,196.24,196.24,193.82,195.0,14044,0
2026-04-01T15:00:00+05:30,195.77,195.99,194.7,194.72,1288,0
2026-04-01T15:15:00+05:30,194.77,197.05,193.25,196.66,14682,0
2026-04-02T09:15:00+05:30,193.0,193.75,189.15,190.93,11048,0
2026-04-02T09:30:00+05:30,191.22,191.66,190.33,190.9,1451,0
2026-04-02T09:45:00+05:30,190.9,190.9,189.45,189.96,2546,0
2026-04-02T10:00:00+05:30,189.96,190.79,189.23,190.32,2766,0
2026-04-02T10:15:00+05:30,190.05,190.86,189.02,189.46,1707,0
2026-04-02T10:30:00+05:30,189.52,190.42,189.0,190.42,1635,0
2026-04-02T10:45:00+05:30,190.3,190.31,189.53,189.89,89,0
2026-04-02T11:00:00+05:30,189.89,192.0,189.89,191.46,1596,0
2026-04-02T11:15:00+05:30,191.26,191.27,190.31,190.72,1267,0
2026-04-02T11:30:00+05:30,190.77,192.05,190.77,191.96,633,0
2026-04-02T11:45:00+05:30,191.98,192.79,191.89,192.45,925,0
2026-04-02T12:00:00+05:30,192.05,193.0,192.04,192.62,1290,0
2026-04-02T12:15:00+05:30,192.78,193.32,192.16,192.97,2256,0
2026-04-02T12:30:00+05:30,192.97,194.55,192.94,193.4,2644,0
2026-04-02T12:45:00+05:30,193.9,194.28,193.38,194.28,2307,0
2026-04-02T13:00:00+05:30,194.28,194.62,193.36,193.49,915,0
2026-04-02T13:15:00+05:30,193.9,194.73,193.9,194.47,1706,0
2026-04-02T13:30:00+05:30,194.6,194.9,193.31,193.62,12897,0
2026-04-02T13:45:00+05:30,193.4,194.39,193.4,193.88,1215,0
2026-04-02T14:00:00+05:30,193.94,194.37,193.46,194.36,671,0
2026-04-02T14:15:00+05:30,194.36,195.99,193.55,195.41,5556,0
2026-04-02T14:30:00+05:30,195.24,195.75,193.36,193.36,1703,0
2026-04-02T14:45:00+05:30,193.3,193.95,193.3,193.95,213,0
2026-04-02T15:00:00+05:30,194.68,196.89,194.68,195.76,2058,0
2026-04-02T15:15:00+05:30,195.67,198.8,194.66,198.79,4415,0
2026-04-06T09:15:00+05:30,199.99,199.99,193.39,195.46,4758,0
2026-04-06T09:30:00+05:30,195.03,197.05,194.57,195.39,2339,0
2026-04-06T09:45:00+05:30,195.39,196.16,193.82,194.07,2106,0
2026-04-06T10:00:00+05:30,194.07,194.84,193.51,194.26,675,0
2026-04-06T10:15:00+05:30,194.75,196.02,194.74,195.21,477,0
2026-04-06T10:30:00+05:30,195.21,196.26,195.21,196.19,1286,0
2026-04-06T10:45:00+05:30,196.19,197.68,196.07,197.47,3831,0
2026-04-06T11:00:00+05:30,197.47,197.47,195.42,195.46,541,0
2026-04-06T11:15:00+05:30,195.46,195.96,195.36,195.96,241,0
2026-04-06T11:30:00+05:30,195.96,196.9,195.96,196.46,320,0
2026-04-06T11:45:00+05:30,196.46,197.81,196.46,197.81,1420,0
2026-04-06T12:00:00+05:30,197.81,197.81,196.96,196.99,262,0
2026-04-06T12:15:00+05:30,196.99,196.99,196.57,196.7,144,0
2026-04-06T12:30:00+05:30,196.7,196.8,196.7,196.8,2,0
2026-04-06T12:45:00+05:30,196.8,196.92,196.68,196.92,182,0
2026-04-06T13:00:00+05:30,196.92,196.92,196.92,196.92,0,0
2026-04-06T13:15:00+05:30,196.92,197.4,196.92,197.4,51,0
2026-04-06T13:30:00+05:30,197.4,197.4,197.0,197.0,50,0
2026-04-06T13:45:00+05:30,197.0,197.0,196.44,196.5,1104,0
2026-04-06T14:00:00+05:30,196.5,197.28,196.29,197.28,1609,0
2026-04-06T14:15:00+05:30,197.28,199.99,197.28,199.29,7349,0
2026-04-06T14:30:00+05:30,199.29,201.71,198.76,198.77,5745,0
2026-04-06T14:45:00+05:30,198.81,198.81,198.55,198.55,251,0
2026-04-06T15:00:00+05:30,198.55,199.25,198.46,198.94,1675,0
2026-04-06T15:15:00+05:30,198.78,199.4,198.0,198.0,6111,0
2026-04-07T09:15:00+05:30,200.73,200.74,199.39,199.39,652,0
2026-04-07T09:30:00+05:30,199.01,199.38,195.92,195.92,3114,0
2026-04-07T09:45:00+05:30,195.92,196.99,195.62,196.27,979,0
2026-04-07T10:00:00+05:30,196.27,197.24,196.27,197.19,360,0
2026-04-07T10:15:00+05:30,197.19,198.79,197.19,197.54,1101,0
2026-04-07T10:30:00+05:30,197.54,198.58,197.5,197.5,671,0
2026-04-07T10:45:00+05:30,197.5,198.57,197.5,197.57,420,0
2026-04-07T11:00:00+05:30,197.58,197.67,196.48,197.51,6604,0
2026-04-07T11:15:00+05:30,197.09,198.11,197.09,197.5,4840,0
2026-04-07T11:30:00+05:30,197.5,197.5,196.84,197.1,491,0
2026-04-07T11:45:00+05:30,197.1,197.1,196.5,196.86,1241,0
2026-04-07T12:00:00+05:30,196.83,196.91,196.58,196.82,1039,0
2026-04-07T12:15:00+05:30,196.82,197.12,196.62,196.69,1295,0
2026-04-07T12:30:00+05:30,196.69,197.0,196.69,197.0,100,0
2026-04-07T12:45:00+05:30,196.34,196.42,196.0,196.0,1161,0
2026-04-07T13:00:00+05:30,195.83,195.83,195.24,195.53,2417,0
2026-04-07T13:15:00+05:30,195.53,196.44,195.35,196.17,1162,0
2026-04-07T13:30:00+05:30,196.17,196.99,196.17,196.85,904,0
2026-04-07T13:45:00+05:30,196.85,196.85,195.54,195.54,2197,0
2026-04-07T14:00:00+05:30,195.84,196.0,195.5,195.92,701,0
2026-04-07T14:15:00+05:30,195.92,196.58,195.34,196.06,1676,0
2026-04-07T14:30:00+05:30,195.73,196.06,195.69,196.0,1612,0
2026-04-07T14:45:00+05:30,196.0,196.7,196.0,196.7,1688,0
2026-04-07T15:00:00+05:30,196.5,197.58,196.5,197.55,1947,0
2026-04-07T15:15:00+05:30,196.57,197.0,196.0,196.0,5545,0
2026-04-08T09:15:00+05:30,208.0,208.0,201.0,203.35,25250,0
2026-04-08T09:30:00+05:30,202.95,207.62,202.94,207.49,6810,0
2026-04-08T09:45:00+05:30,207.49,207.62,205.16,205.45,2627,0
2026-04-08T10:00:00+05:30,205.5,206.01,203.38,203.83,4088,0
2026-04-08T10:15:00+05:30,203.85,205.64,203.36,204.48,4289,0
2026-04-08T10:30:00+05:30,204.81,206.74,204.08,205.09,1913,0
2026-04-08T10:45:00+05:30,205.1,208.5,204.46,207.42,8062,0
2026-04-08T11:00:00+05:30,208.11,210.49,207.17,209.07,11898,0
2026-04-08T11:15:00+05:30,209.07,212.9,209.07,212.08,13400,0
2026-04-08T11:30:00+05:30,212.08,212.6,211.3,211.72,3088,0
2026-04-08T11:45:00+05:30,211.72,211.8,211.32,211.38,220,0
2026-04-08T12:00:00+05:30,211.43,213.5,211.16,212.35,6728,0
2026-04-08T12:15:00+05:30,212.35,213.23,211.0,212.83,3049,0
2026-04-08T12:30:00+05:30,212.83,213.45,212.18,213.39,2529,0
2026-04-08T12:45:00+05:30,212.86,214.89,212.86,214.86,2526,0
2026-04-08T13:00:00+05:30,214.86,214.89,213.21,214.06,1404,0
2026-04-08T13:15:00+05:30,214.06,215.2,213.75,214.31,3396,0
2026-04-08T13:30:00+05:30,214.4,215.18,214.28,214.37,1868,0
2026-04-08T13:45:00+05:30,214.37,215.79,214.37,215.11,4726,0
2026-04-08T14:00:00+05:30,215.11,216.9,215.02,216.18,3950,0
2026-04-08T14:15:00+05:30,215.85,217.9,214.75,216.42,9402,0
2026-04-08T14:30:00+05:30,215.8,216.45,215.25,215.32,1812,0
2026-04-08T14:45:00+05:30,215.32,217.5,215.25,217.5,4916,0
2026-04-08T15:00:00+05:30,216.84,217.43,209.76,216.24,41094,0
2026-04-08T15:15:00+05:30,216.42,217.39,212.5,213.01,24670,0
2026-04-09T09:15:00+05:30,213.7,216.68,204.5,215.49,13071,0
2026-04-09T09:30:00+05:30,214.87,215.1,210.01,210.98,12078,0
2026-04-09T09:45:00+05:30,210.98,211.56,210.0,210.6,6662,0
2026-04-09T10:00:00+05:30,210.25,211.19,210.25,210.46,601,0
2026-04-09T10:15:00+05:30,210.26,211.55,210.25,211.0,1288,0
2026-04-09T10:30:00+05:30,211.19,214.17,211.19,213.62,8391,0
2026-04-09T10:45:00+05:30,213.62,216.0,213.62,216.0,6076,0
2026-04-09T11:00:00+05:30,216.0,216.9,214.82,215.31,3705,0
2026-04-09T11:15:00+05:30,215.31,215.57,214.5,215.14,2904,0
2026-04-09T11:30:00+05:30,215.14,216.26,214.32,214.32,2466,0
2026-04-09T11:45:00+05:30,214.39,215.5,214.16,215.28,1450,0
2026-04-09T12:00:00+05:30,215.28,215.28,214.67,214.9,11,0
2026-04-09T12:15:00+05:30,214.9,216.9,214.87,216.29,5124,0
2026-04-09T12:30:00+05:30,216.29,216.29,214.62,214.62,1048,0
2026-04-09T12:45:00+05:30,214.62,214.63,213.63,213.63,1617,0
2026-04-09T13:00:00+05:30,214.28,214.98,214.28,214.61,233,0
2026-04-09T13:15:00+05:30,214.45,214.82,213.71,213.71,2817,0
2026-04-09T13:30:00+05:30,213.71,214.48,213.0,213.5,2217,0
2026-04-09T13:45:00+05:30,213.3,213.91,213.23,213.34,35,0
2026-04-09T14:00:00+05:30,213.34,215.36,213.34,215.36,1762,0
2026-04-09T14:15:00+05:30,215.0,215.5,213.65,213.7,2710,0
2026-04-09T14:30:00+05:30,213.7,214.2,213.7,213.8,1093,0
2026-04-09T14:45:00+05:30,214.0,215.99,213.8,215.99,3484,0
2026-04-09T15:00:00+05:30,215.17,216.27,214.65,215.21,3677,0
2026-04-09T15:15:00+05:30,215.74,215.74,213.8,215.5,14524,0
2026-04-10T09:15:00+05:30,213.01,221.25,213.01,219.83,5247,0
2026-04-10T09:30:00+05:30,220.4,221.5,219.01,220.87,6753,0
2026-04-10T09:45:00+05:30,221.42,222.8,220.68,221.35,3605,0
2026-04-10T10:00:00+05:30,221.65,223.9,221.2,223.16,6023,0
2026-04-10T10:15:00+05:30,222.89,223.9,222.35,223.54,1928,0
2026-04-10T10:30:00+05:30,223.48,229.7,223.48,227.18,22319,0
2026-04-10T10:45:00+05:30,227.18,228.28,226.35,226.81,2844,0
2026-04-10T11:00:00+05:30,226.81,226.83,226.18,226.5,1144,0
2026-04-10T11:15:00+05:30,226.5,226.59,225.7,226.07,2708,0
2026-04-10T11:30:00+05:30,226.07,227.02,225.0,225.33,3483,0
2026-04-10T11:45:00+05:30,225.0,225.0,223.55,224.03,1176,0
2026-04-10T12:00:00+05:30,224.87,226.33,224.48,225.99,2581,0
2026-04-10T12:15:00+05:30,225.66,227.0,225.0,226.15,3309,0
2026-04-10T12:30:00+05:30,226.77,228.0,225.0,227.38,10699,0
2026-04-10T12:45:00+05:30,227.43,228.5,227.11,227.8,2208,0
2026-04-10T13:00:00+05:30,227.8,229.95,227.8,229.03,14918,0
2026-04-10T13:15:00+05:30,229.03,229.51,228.56,228.56,174,0
2026-04-10T13:30:00+05:30,228.56,230.0,228.43,229.21,3582,0
2026-04-10T13:45:00+05:30,229.79,231.84,229.7,230.91,5154,0
2026-04-10T14:00:00+05:30,230.91,230.91,228.56,228.56,1729,0
2026-04-10T14:15:00+05:30,228.57,228.57,225.8,226.06,6243,0
2026-04-10T14:30:00+05:30,226.8,229.47,226.23,226.41,9493,0
2026-04-10T14:45:00+05:30,226.77,228.27,226.51,227.76,2244,0
2026-04-10T15:00:00+05:30,227.76,230.0,227.76,229.52,4214,0
2026-04-10T15:15:00+05:30,228.61,230.91,226.99,229.0,16215,0
2026-04-13T09:15:00+05:30,221.8,221.8,217.3,220.84,14363,0
2026-04-13T09:30:00+05:30,220.84,222.26,220.83,221.79,2253,0
2026-04-13T09:45:00+05:30,221.1,222.93,221.1,222.6,558,0
2026-04-13T10:00:00+05:30,222.6,222.88,221.15,222.22,1710,0
2026-04-13T10:15:00+05:30,222.12,224.69,221.47,223.29,1722,0
2026-04-13T10:30:00+05:30,223.24,223.41,222.41,223.2,1068,0
2026-04-13T10:45:00+05:30,223.3,224.8,223.15,224.54,636,0
2026-04-13T11:00:00+05:30,224.54,225.0,223.26,224.04,2540,0
2026-04-13T11:15:00+05:30,224.04,224.59,223.25,223.29,907,0
2026-04-13T11:30:00+05:30,223.29,223.75,222.85,222.85,424,0
2026-04-13T11:45:00+05:30,223.19,224.8,223.19,224.23,1326,0
2026-04-13T12:00:00+05:30,224.2,224.2,222.73,222.73,613,0
2026-04-13T12:15:00+05:30,222.73,222.95,222.69,222.87,121,0
2026-04-13T12:30:00+05:30,222.87,222.87,222.3,222.61,251,0
2026-04-13T12:45:00+05:30,222.61,222.88,219.35,220.3,6685,0
2026-04-13T13:00:00+05:30,220.3,220.49,219.79,219.79,146,0
2026-04-13T13:15:00+05:30,219.89,220.76,219.89,220.0,283,0
2026-04-13T13:30:00+05:30,220.03,220.46,220.0,220.46,638,0
2026-04-13T13:45:00+05:30,220.46,221.44,220.16,220.86,780,0
2026-04-13T14:00:00+05:30,220.86,220.86,219.5,219.5,394,0
2026-04-13T14:15:00+05:30,219.5,219.75,219.1,219.5,2496,0
2026-04-13T14:30:00+05:30,219.49,219.5,218.21,218.21,2289,0
2026-04-13T14:45:00+05:30,218.33,219.26,216.66,218.19,5395,0
2026-04-13T15:00:00+05:30,218.27,218.7,215.69,217.2,7784,0
2026-04-13T15:15:00+05:30,218.28,219.92,216.0,217.0,7881,0
2026-04-15T09:15:00+05:30,219.2,227.8,219.2,221.8,7099,0
2026-04-15T09:30:00+05:30,221.77,222.92,219.22,222.67,13532,0
2026-04-15T09:45:00+05:30,222.21,222.21,221.28,221.82,2628,0
2026-04-15T10:00:00+05:30,221.46,221.82,221.2,221.59,1189,0
2026-04-15T10:15:00+05:30,221.27,222.8,221.26,222.59,1613,0
2026-04-15T10:30:00+05:30,222.59,222.59,221.25,221.3,101,0
2026-04-15T10:45:00+05:30,221.3,221.79,221.0,221.0,2064,0
2026-04-15T11:00:00+05:30,220.27,220.97,220.27,220.58,185,0
2026-04-15T11:15:00+05:30,220.58,221.15,220.5,221.13,1442,0
2026-04-15T11:30:00+05:30,221.0,221.24,218.01,220.49,9831,0
2026-04-15T11:45:00+05:30,220.37,221.08,219.05,219.05,2673,0
2026-04-15T12:00:00+05:30,219.06,220.36,217.0,220.05,22738,0
2026-04-15T12:15:00+05:30,220.05,220.05,219.44,219.44,146,0
2026-04-15T12:30:00+05:30,219.37,220.41,219.03,220.07,1839,0
2026-04-15T12:45:00+05:30,220.07,220.07,219.35,219.72,2168,0
2026-04-15T13:00:00+05:30,219.72,219.72,219.35,219.63,12,0
2026-04-15T13:15:00+05:30,219.6,220.91,219.6,219.81,1271,0
2026-04-15T13:30:00+05:30,219.81,220.48,219.81,220.4,41,0
2026-04-15T13:45:00+05:30,220.4,220.4,220.1,220.1,11,0
2026-04-15T14:00:00+05:30,220.1,220.59,219.65,219.8,701,0
2026-04-15T14:15:00+05:30,219.8,219.8,217.0,217.89,10254,0
2026-04-15T14:30:00+05:30,217.89,218.56,217.89,218.14,149,0
2026-04-15T14:45:00+05:30,218.59,218.59,217.9,218.36,2137,0
2026-04-15T15:00:00+05:30,218.36,218.36,217.0,217.0,4479,0
2026-04-15T15:15:00+05:30,216.35,218.3,215.5,217.0,5749,0
2026-04-16T09:15:00+05:30,219.0,222.0,218.81,218.92,12383,0
2026-04-16T09:30:00+05:30,218.59,218.59,217.62,217.9,2824,0
2026-04-16T09:45:00+05:30,217.9,218.84,217.5,218.12,4611,0
2026-04-16T10:00:00+05:30,218.89,218.91,217.74,218.91,1169,0
2026-04-16T10:15:00+05:30,218.91,218.91,217.16,218.31,2460,0
2026-04-16T10:30:00+05:30,218.31,219.56,217.7,218.19,3304,0
2026-04-16T10:45:00+05:30,218.19,218.76,218.19,218.62,163,0
2026-04-16T11:00:00+05:30,218.29,218.66,218.29,218.31,108,0
2026-04-16T11:15:00+05:30,218.31,218.45,218.19,218.19,583,0
2026-04-16T11:30:00+05:30,218.19,218.19,217.0,217.0,3565,0
2026-04-16T11:45:00+05:30,216.41,216.89,215.35,215.88,4473,0
2026-04-16T12:00:00+05:30,215.42,215.99,215.41,215.42,1236,0
2026-04-16T12:15:00+05:30,215.42,215.97,215.42,215.93,242,0
2026-04-16T12:30:00+05:30,215.84,215.99,215.79,215.99,120,0
2026-04-16T12:45:00+05:30,215.99,216.32,215.98,216.19,74,0
2026-04-16T13:00:00+05:30,216.19,216.75,215.95,216.12,2575,0
2026-04-16T13:15:00+05:30,216.12,216.56,216.12,216.56,50,0
2026-04-16T13:30:00+05:30,216.51,216.87,216.22,216.86,593,0
2026-04-16T13:45:00+05:30,216.53,218.18,216.53,218.18,6411,0
2026-04-16T14:00:00+05:30,218.15,219.59,218.0,219.5,6165,0
2026-04-16T14:15:00+05:30,219.5,219.9,218.69,219.79,2596,0
2026-04-16T14:30:00+05:30,219.62,219.86,219.03,219.03,608,0
2026-04-16T14:45:00+05:30,219.18,219.86,219.0,219.2,615,0
2026-04-16T15:00:00+05:30,219.22,219.24,217.9,218.01,5172,0
2026-04-16T15:15:00+05:30,218.6,218.61,215.17,215.65,11978,0
2026-04-17T09:15:00+05:30,217.81,220.39,217.78,218.5,1428,0
2026-04-17T09:30:00+05:30,218.93,219.13,217.25,218.5,1512,0
2026-04-17T09:45:00+05:30,217.95,218.93,217.95,218.78,185,0
2026-04-17T10:00:00+05:30,218.94,219.54,217.62,218.3,2222,0
2026-04-17T10:15:00+05:30,218.3,218.96,218.19,218.79,1473,0
2026-04-17T10:30:00+05:30,219.02,220.09,219.0,220.05,4379,0
2026-04-17T10:45:00+05:30,220.05,221.01,219.51,219.66,2426,0
2026-04-17T11:00:00+05:30,219.66,219.94,219.5,219.94,1731,0
2026-04-17T11:15:00+05:30,219.94,220.5,219.92,220.02,444,0
2026-04-17T11:30:00+05:30,220.06,220.44,219.52,220.38,1318,0
2026-04-17T11:45:00+05:30,219.99,220.04,219.5,219.5,850,0
2026-04-17T12:00:00+05:30,219.5,219.55,219.41,219.44,538,0
2026-04-17T12:15:00+05:30,219.44,219.44,219.44,219.44,71,0
2026-04-17T12:30:00+05:30,219.44,220.0,219.44,219.62,501,0
2026-04-17T12:45:00+05:30,219.61,219.61,219.61,219.61,1,0
2026-04-17T13:00:00+05:30,219.61,219.88,219.61,219.87,55,0
2026-04-17T13:15:00+05:30,219.63,219.93,219.4,219.61,432,0
2026-04-17T13:30:00+05:30,219.61,220.02,219.61,220.01,186,0
2026-04-17T13:45:00+05:30,220.01,220.58,219.75,219.76,1195,0
2026-04-17T14:00:00+05:30,220.06,220.9,220.01,220.3,1634,0
2026-04-17T14:15:00+05:30,220.3,220.3,220.0,220.02,518,0
2026-04-17T14:30:00+05:30,220.02,220.02,220.02,220.02,0,0
2026-04-17T14:45:00+05:30,220.02,220.83,220.02,220.55,144,0
2026-04-17T15:00:00+05:30,220.55,220.67,220.03,220.03,884,0
2026-04-17T15:15:00+05:30,220.2,221.0,220.01,221.0,5299,0
2026-04-20T09:15:00+05:30,218.06,222.0,217.06,218.0,5327,0
2026-04-20T09:30:00+05:30,218.29,219.0,218.0,218.01,5319,0
2026-04-20T09:45:00+05:30,218.01,218.68,217.23,218.68,2320,0
2026-04-20T10:00:00+05:30,218.68,219.5,218.68,219.5,2900,0
2026-04-20T10:15:00+05:30,219.5,219.99,218.89,219.99,486,0
2026-04-20T10:30:00+05:30,219.83,219.83,219.26,219.43,707,0
2026-04-20T10:45:00+05:30,219.47,219.63,219.21,219.32,486,0
2026-04-20T11:00:00+05:30,219.32,219.48,215.81,217.98,13996,0
2026-04-20T11:15:00+05:30,217.68,218.96,217.5,218.3,1888,0
2026-04-20T11:30:00+05:30,218.3,218.85,217.81,217.81,499,0
2026-04-20T11:45:00+05:30,217.96,218.77,217.74,218.33,364,0
2026-04-20T12:00:00+05:30,218.34,218.34,217.69,217.95,1542,0
2026-04-20T12:15:00+05:30,217.6,217.99,217.6,217.8,215,0
2026-04-20T12:30:00+05:30,218.23,218.39,217.3,217.84,3561,0
2026-04-20T12:45:00+05:30,217.84,217.93,217.23,217.23,379,0
2026-04-20T13:00:00+05:30,217.27,217.93,217.26,217.93,529,0
2026-04-20T13:15:00+05:30,217.27,217.36,216.0,216.31,4176,0
2026-04-20T13:30:00+05:30,216.96,216.97,215.11,215.3,4422,0
2026-04-20T13:45:00+05:30,215.35,215.92,215.35,215.92,147,0
2026-04-20T14:00:00+05:30,215.81,216.36,215.42,216.04,248,0
2026-04-20T14:15:00+05:30,216.04,216.6,216.04,216.6,3447,0
2026-04-20T14:30:00+05:30,216.6,216.6,215.79,215.86,1096,0
2026-04-20T14:45:00+05:30,216.17,216.17,214.91,216.0,5346,0
2026-04-20T15:00:00+05:30,215.55,216.0,215.02,215.75,3025,0
2026-04-20T15:15:00+05:30,215.94,216.0,212.27,216.0,5624,0
2026-04-21T09:15:00+05:30,217.5,223.8,216.19,216.92,4379,0
2026-04-21T09:30:00+05:30,216.79,217.33,216.19,217.09,2520,0
2026-04-21T09:45:00+05:30,217.09,217.09,215.53,216.01,2310,0
2026-04-21T10:00:00+05:30,216.01,216.56,215.71,216.21,191,0
2026-04-21T10:15:00+05:30,216.4,217.12,216.1,217.12,2686,0
2026-04-21T10:30:00+05:30,216.56,217.36,216.54,217.02,1577,0
2026-04-21T10:45:00+05:30,217.02,217.02,216.5,216.95,2062,0
2026-04-21T11:00:00+05:30,216.94,217.02,215.7,215.7,4248,0
2026-04-21T11:15:00+05:30,215.92,216.49,215.92,216.49,233,0
2026-04-21T11:30:00+05:30,216.5,218.07,216.4,218.0,4969,0
2026-04-21T11:45:00+05:30,217.57,217.57,217.0,217.17,1071,0
2026-04-21T12:00:00+05:30,217.17,218.14,217.17,218.05,547,0
2026-04-21T12:15:00+05:30,218.05,218.25,218.05,218.14,207,0
2026-04-21T12:30:00+05:30,218.25,219.0,218.25,219.0,364,0
2026-04-21T12:45:00+05:30,218.7,218.7,218.5,218.5,4046,0
2026-04-21T13:00:00+05:30,218.5,218.51,218.5,218.5,1623,0
2026-04-21T13:15:00+05:30,218.5,218.51,218.5,218.5,2003,0
2026-04-21T13:30:00+05:30,218.51,218.51,218.5,218.5,623,0
2026-04-21T13:45:00+05:30,218.5,219.18,218.5,218.51,1012,0
2026-04-21T14:00:00+05:30,218.5,218.5,218.05,218.15,2916,0
2026-04-21T14:15:00+05:30,218.15,218.3,218.05,218.24,940,0
2026-04-21T14:30:00+05:30,218.1,218.16,218.05,218.1,2585,0
2026-04-21T14:45:00+05:30,218.08,218.09,215.67,215.81,4684,0
2026-04-21T15:00:00+05:30,216.14,217.0,214.51,214.58,6766,0
2026-04-21T15:15:00+05:30,214.56,217.38,213.98,215.2,17187,0
2026-04-22T09:15:00+05:30,215.99,216.0,214.64,214.64,1370,0
2026-04-22T09:30:00+05:30,214.75,216.39,214.61,215.6,1072,0
2026-04-22T09:45:00+05:30,215.57,215.58,215.01,215.01,2441,0
2026-04-22T10:00:00+05:30,215.0,215.1,214.11,214.99,1108,0
2026-04-22T10:15:00+05:30,214.95,214.95,214.51,214.51,88,0
2026-04-22T10:30:00+05:30,214.51,215.1,214.29,214.58,1149,0
2026-04-22T10:45:00+05:30,214.93,215.25,214.64,215.24,424,0
2026-04-22T11:00:00+05:30,215.24,215.24,214.6,214.6,2,0
2026-04-22T11:15:00+05:30,214.6,214.93,213.26,213.26,2231,0
2026-04-22T11:30:00+05:30,213.49,213.62,212.47,213.0,1856,0
2026-04-22T11:45:00+05:30,212.78,213.0,212.15,212.5,7611,0
2026-04-22T12:00:00+05:30,212.5,212.5,211.54,212.18,4434,0
2026-04-22T12:15:00+05:30,212.18,212.2,211.61,211.97,2575,0
2026-04-22T12:30:00+05:30,211.97,211.97,210.1,210.86,5642,0
2026-04-22T12:45:00+05:30,211.0,211.39,209.63,209.89,11082,0
2026-04-22T13:00:00+05:30,209.89,210.36,208.51,208.86,8134,0
2026-04-22T13:15:00+05:30,208.86,209.12,208.3,208.79,1929,0
2026-04-22T13:30:00+05:30,208.76,209.19,208.37,208.87,5956,0
2026-04-22T13:45:00+05:30,208.56,209.42,207.8,207.85,11718,0
2026-04-22T14:00:00+05:30,207.85,208.4,207.85,208.06,6228,0
2026-04-22T14:15:00+05:30,208.2,208.5,206.3,206.72,4305,0
2026-04-22T14:30:00+05:30,206.72,207.42,205.52,206.18,8535,0
2026-04-22T14:45:00+05:30,206.51,206.75,204.86,206.35,11793,0
2026-04-22T15:00:00+05:30,206.36,206.93,204.86,206.1,17580,0
2026-04-22T15:15:00+05:30,205.41,205.8,199.35,201.2,64297,0
2026-04-23T09:15:00+05:30,200.9,202.59,199.0,199.39,54102,0
2026-04-23T09:30:00+05:30,199.39,201.0,197.48,199.59,25861,0
2026-04-23T09:45:00+05:30,199.86,201.0,199.48,200.5,13618,0
2026-04-23T10:00:00+05:30,200.5,201.5,199.63,199.63,13162,0
2026-04-23T10:15:00+05:30,199.63,201.0,199.63,200.47,9465,0
2026-04-23T10:30:00+05:30,200.47,200.87,199.54,200.19,20935,0
2026-04-23T10:45:00+05:30,200.24,201.5,199.51,200.39,19032,0
2026-04-23T11:00:00+05:30,200.39,201.69,200.39,201.37,3651,0
2026-04-23T11:15:00+05:30,201.37,201.66,199.91,199.91,7052,0
2026-04-23T11:30:00+05:30,199.9,199.9,199.05,199.06,2915,0
2026-04-23T11:45:00+05:30,199.06,199.5,198.04,199.18,4963,0
2026-04-23T12:00:00+05:30,199.14,199.78,199.09,199.49,660,0
2026-04-23T12:15:00+05:30,199.17,199.58,197.8,198.1,9600,0
2026-04-23T12:30:00+05:30,198.1,198.58,197.51,198.1,2500,0
2026-04-23T12:45:00+05:30,198.1,199.5,196.64,199.13,73237,0
2026-04-23T13:00:00+05:30,199.17,199.62,198.41,199.03,7259,0
2026-04-23T13:15:00+05:30,199.06,199.69,198.59,199.42,3042,0
2026-04-23T13:30:00+05:30,199.01,199.24,198.61,198.63,1435,0
2026-04-23T13:45:00+05:30,198.62,198.71,196.99,197.62,24320,0
2026-04-23T14:00:00+05:30,197.62,198.06,197.62,198.0,70,0
2026-04-23T14:15:00+05:30,198.0,198.47,197.71,198.0,1049,0
2026-04-23T14:30:00+05:30,197.98,197.99,197.0,197.36,6552,0
2026-04-23T14:45:00+05:30,197.36,198.0,197.14,197.18,5357,0
2026-04-23T15:00:00+05:30,197.19,197.58,193.84,195.72,38593,0
2026-04-23T15:15:00+05:30,195.77,197.26,195.0,195.62,15132,0
2026-04-24T09:15:00+05:30,197.0,200.9,197.0,200.44,29852,0
2026-04-24T09:30:00+05:30,200.23,201.9,197.61,199.71,11255,0
2026-04-24T09:45:00+05:30,199.65,199.65,197.76,197.99,7993,0
2026-04-24T10:00:00+05:30,198.38,200.85,198.37,200.58,7899,0
2026-04-24T10:15:00+05:30,200.58,201.25,199.85,200.26,6053,0
2026-04-24T10:30:00+05:30,200.27,200.39,199.42,199.42,759,0
2026-04-24T10:45:00+05:30,199.66,199.67,196.05,196.22,10718,0
2026-04-24T11:00:00+05:30,196.21,196.75,195.7,196.75,7082,0
2026-04-24T11:15:00+05:30,196.74,197.39,196.5,196.98,15180,0
2026-04-24T11:30:00+05:30,196.77,197.57,196.66,197.0,2685,0
2026-04-24T11:45:00+05:30,197.0,197.0,196.11,196.25,797,0
2026-04-24T12:00:00+05:30,196.25,196.61,196.17,196.61,458,0
2026-04-24T12:15:00+05:30,196.89,196.99,195.92,195.92,2889,0
2026-04-24T12:30:00+05:30,195.92,196.79,195.84,196.54,827,0
2026-04-24T12:45:00+05:30,196.54,196.79,195.87,196.48,3291,0
2026-04-24T13:00:00+05:30,196.35,196.35,195.5,195.5,1366,0
2026-04-24T13:15:00+05:30,195.36,195.63,195.14,195.63,243,0
2026-04-24T13:30:00+05:30,195.58,196.0,194.16,194.58,3619,0
2026-04-24T13:45:00+05:30,194.58,194.73,194.3,194.3,357,0
2026-04-24T14:00:00+05:30,194.38,194.44,193.0,193.83,2266,0
2026-04-24T14:15:00+05:30,193.3,195.83,193.3,195.32,9178,0
2026-04-24T14:30:00+05:30,194.74,196.0,194.69,195.47,2638,0
2026-04-24T14:45:00+05:30,195.47,195.82,195.22,195.41,2127,0
2026-04-24T15:00:00+05:30,195.83,196.5,195.18,195.41,5219,0
2026-04-24T15:15:00+05:30,195.56,196.1,195.18,195.5,10018,0
2026-04-27T09:15:00+05:30,198.89,198.89,196.4,197.0,4814,0
2026-04-27T09:30:00+05:30,197.0,197.43,195.85,196.45,1384,0
2026-04-27T09:45:00+05:30,196.68,197.32,192.02,196.14,19260,0
2026-04-27T10:00:00+05:30,196.0,196.99,195.71,196.99,3049,0
2026-04-27T10:15:00+05:30,196.99,197.23,196.28,196.99,2030,0
2026-04-27T10:30:00+05:30,197.2,197.78,196.12,196.74,2296,0
2026-04-27T10:45:00+05:30,196.94,197.8,196.45,196.51,16721,0
2026-04-27T11:00:00+05:30,196.52,197.59,196.51,197.01,3648,0
2026-04-27T11:15:00+05:30,197.01,197.2,196.51,196.51,84,0
2026-04-27T11:30:00+05:30,196.5,196.91,196.26,196.75,905,0
2026-04-27T11:45:00+05:30,196.98,196.99,196.38,196.51,204,0
2026-04-27T12:00:00+05:30,196.94,197.8,196.64,196.8,4215,0
2026-04-27T12:15:00+05:30,196.95,198.45,196.56,197.68,3169,0
2026-04-27T12:30:00+05:30,197.68,197.88,197.19,197.65,265,0
2026-04-27T12:45:00+05:30,197.15,197.45,197.05,197.09,221,0
2026-04-27T13:00:00+05:30,197.09,197.98,197.07,197.46,553,0
2026-04-27T13:15:00+05:30,197.46,198.53,197.46,198.28,1036,0
2026-04-27T13:30:00+05:30,198.53,198.8,198.08,198.29,1690,0
2026-04-27T13:45:00+05:30,198.2,198.68,198.05,198.68,1251,0
2026-04-27T14:00:00+05:30,198.86,198.86,198.32,198.82,1846,0
2026-04-27T14:15:00+05:30,198.82,198.82,197.52,197.55,10533,0
2026-04-27T14:30:00+05:30,197.35,197.98,197.0,197.11,4271,0
2026-04-27T14:45:00+05:30,197.11,197.69,197.03,197.29,272,0
2026-04-27T15:00:00+05:30,197.03,197.45,196.5,197.39,12393,0
2026-04-27T15:15:00+05:30,197.09,198.4,195.46,197.41,12108,0
2026-04-28T09:15:00+05:30,197.98,198.79,196.86,198.79,8014,0
2026-04-28T09:30:00+05:30,198.52,199.39,197.65,197.65,2587,0
2026-04-28T09:45:00+05:30,197.65,198.78,197.65,198.65,1021,0
2026-04-28T10:00:00+05:30,198.65,199.39,197.25,199.16,3615,0
2026-04-28T10:15:00+05:30,198.84,200.99,198.77,200.39,5522,0
2026-04-28T10:30:00+05:30,200.48,201.7,199.27,200.35,15317,0
2026-04-28T10:45:00+05:30,200.36,200.56,199.91,200.11,1342,0
2026-04-28T11:00:00+05:30,200.13,201.55,200.13,201.05,2467,0
2026-04-28T11:15:00+05:30,201.05,201.05,199.38,199.38,1727,0
2026-04-28T11:30:00+05:30,199.35,199.38,198.23,198.77,7137,0
2026-04-28T11:45:00+05:30,198.77,199.59,198.77,199.25,276,0
2026-04-28T12:00:00+05:30,199.5,199.5,198.92,199.28,85,0
2026-04-28T12:15:00+05:30,199.28,199.91,198.96,199.89,415,0
2026-04-28T12:30:00+05:30,199.96,200.0,199.77,199.77,109,0
2026-04-28T12:45:00+05:30,199.77,200.11,199.21,200.0,875,0
2026-04-28T13:00:00+05:30,199.18,199.51,199.11,199.11,768,0
2026-04-28T13:15:00+05:30,199.12,199.48,198.15,198.69,2517,0
2026-04-28T13:30:00+05:30,198.99,199.13,198.81,198.81,305,0
2026-04-28T13:45:00+05:30,198.81,199.0,198.81,198.9,231,0
2026-04-28T14:00:00+05:30,198.9,198.9,198.23,198.32,521,0
2026-04-28T14:15:00+05:30,198.2,198.59,198.05,198.54,487,0
2026-04-28T14:30:00+05:30,198.54,198.69,197.41,197.41,2201,0
2026-04-28T14:45:00+05:30,197.43,198.08,197.43,198.08,1968,0
2026-04-28T15:00:00+05:30,198.5,200.52,198.5,200.52,15806,0
2026-04-28T15:15:00+05:30,200.11,201.57,200.0,201.0,8268,0
2026-04-29T09:15:00+05:30,201.57,204.95,199.81,202.0,11833,0
2026-04-29T09:30:00+05:30,202.34,202.45,200.3,200.9,2723,0
2026-04-29T09:45:00+05:30,200.9,201.49,200.0,200.59,1458,0
2026-04-29T10:00:00+05:30,200.41,201.6,200.21,201.6,750,0
2026-04-29T10:15:00+05:30,201.6,202.04,201.22,201.25,1468,0
2026-04-29T10:30:00+05:30,201.26,201.43,200.24,200.28,617,0
2026-04-29T10:45:00+05:30,200.3,200.69,200.27,200.56,1472,0
2026-04-29T11:00:00+05:30,200.56,207.01,200.31,204.29,38955,0
2026-04-29T11:15:00+05:30,204.29,205.39,204.0,204.1,4906,0
2026-04-29T11:30:00+05:30,204.1,207.55,204.0,206.01,27488,0
2026-04-29T11:45:00+05:30,206.01,206.54,205.62,205.62,2625,0
2026-04-29T12:00:00+05:30,205.62,206.9,205.17,206.6,4569,0
2026-04-29T12:15:00+05:30,206.62,206.99,206.57,206.61,1181,0
2026-04-29T12:30:00+05:30,206.61,207.02,206.6,206.74,974,0
2026-04-29T12:45:00+05:30,206.74,206.79,205.63,206.2,3664,0
2026-04-29T13:00:00+05:30,205.82,207.31,205.82,207.11,2928,0
2026-04-29T13:15:00+05:30,207.11,208.9,206.23,207.98,7554,0
2026-04-29T13:30:00+05:30,207.74,213.15,207.64,211.68,34287,0
2026-04-29T13:45:00+05:30,211.69,213.0,211.27,211.77,9480,0
2026-04-29T14:00:00+05:30,211.77,212.39,211.0,211.9,16259,0
2026-04-29T14:15:00+05:30,211.51,212.25,211.0,211.48,24653,0
2026-04-29T14:30:00+05:30,211.12,211.95,211.0,211.0,4069,0
2026-04-29T14:45:00+05:30,211.23,211.43,210.06,210.1,5633,0
2026-04-29T15:00:00+05:30,210.23,210.93,210.02,210.22,5410,0
2026-04-29T15:15:00+05:30,210.1,210.1,208.1,209.0,25529,0
2026-04-30T09:15:00+05:30,206.5,209.79,205.2,206.59,10730,0
2026-04-30T09:30:00+05:30,207.31,207.47,204.0,204.4,7646,0
2026-04-30T09:45:00+05:30,204.3,204.59,202.92,203.79,8683,0
2026-04-30T10:00:00+05:30,203.79,203.79,201.36,201.76,7384,0
2026-04-30T10:15:00+05:30,201.72,201.99,201.1,201.44,2743,0
2026-04-30T10:30:00+05:30,201.32,202.0,201.1,201.55,1646,0
2026-04-30T10:45:00+05:30,201.55,201.55,200.49,200.75,4092,0
2026-04-30T11:00:00+05:30,200.7,202.79,200.39,201.4,6163,0
2026-04-30T11:15:00+05:30,201.4,203.34,200.97,202.74,15756,0
2026-04-30T11:30:00+05:30,202.06,202.06,199.1,199.5,26620,0
2026-04-30T11:45:00+05:30,199.56,201.0,199.56,200.76,7725,0
2026-04-30T12:00:00+05:30,200.6,202.18,200.6,201.45,5967,0
2026-04-30T12:15:00+05:30,201.74,202.59,201.48,202.59,6579,0
2026-04-30T12:30:00+05:30,202.4,202.59,201.32,201.89,1501,0
2026-04-30T12:45:00+05:30,201.9,202.7,201.9,202.7,6032,0
2026-04-30T13:00:00+05:30,202.01,202.99,202.01,202.02,774,0
2026-04-30T13:15:00+05:30,202.01,202.7,201.3,202.1,1349,0
2026-04-30T13:30:00+05:30,201.76,203.0,201.76,203.0,6192,0
2026-04-30T13:45:00+05:30,203.0,203.54,202.5,203.54,3460,0
2026-04-30T14:00:00+05:30,203.54,203.54,202.11,202.8,2803,0
2026-04-30T14:15:00+05:30,202.8,204.38,202.11,202.68,3504,0
2026-04-30T14:30:00+05:30,202.85,204.98,202.66,204.98,1148,0
2026-04-30T14:45:00+05:30,204.11,204.2,203.18,203.69,923,0
2026-04-30T15:00:00+05:30,203.91,203.94,202.64,202.86,3544,0
2026-04-30T15:15:00+05:30,202.85,204.69,200.25,202.0,13581,0
2026-05-04T09:15:00+05:30,202.66,205.7,202.0,205.5,7622,0
2026-05-04T09:30:00+05:30,205.7,206.79,204.61,205.62,7857,0
2026-05-04T09:45:00+05:30,205.86,206.79,205.86,206.7,1437,0
2026-05-04T10:00:00+05:30,206.7,207.59,206.23,206.65,1940,0
2026-05-04T10:15:00+05:30,206.65,208.65,206.65,208.01,3653,0
2026-05-04T10:30:00+05:30,208.43,217.49,207.61,217.49,49687,0
2026-05-04T10:45:00+05:30,217.05,218.4,213.84,214.09,23069,0
2026-05-04T11:00:00+05:30,214.04,216.0,213.0,216.0,20317,0
2026-05-04T11:15:00+05:30,215.81,216.73,215.0,216.58,5236,0
2026-05-04T11:30:00+05:30,216.55,219.0,215.15,218.0,10953,0
2026-05-04T11:45:00+05:30,217.8,221.48,217.0,220.99,18079,0
2026-05-04T12:00:00+05:30,220.62,222.0,216.64,218.38,28868,0
2026-05-04T12:15:00+05:30,218.32,218.32,216.62,217.59,3884,0
2026-05-04T12:30:00+05:30,217.52,217.6,217.0,217.6,3854,0
2026-05-04T12:45:00+05:30,217.55,217.79,216.5,216.57,13348,0
2026-05-04T13:00:00+05:30,216.98,217.79,216.98,217.78,308,0
2026-05-04T13:15:00+05:30,217.78,218.54,217.0,217.0,4037,0
2026-05-04T13:30:00+05:30,217.57,218.06,217.0,218.06,1675,0
2026-05-04T13:45:00+05:30,217.36,218.3,217.0,218.0,1534,0
2026-05-04T14:00:00+05:30,218.0,218.0,217.54,217.92,231,0
2026-05-04T14:15:00+05:30,217.82,218.53,217.82,218.38,3208,0
2026-05-04T14:30:00+05:30,218.37,218.57,217.41,218.18,1107,0
2026-05-04T14:45:00+05:30,217.74,217.74,216.86,217.06,12465,0
2026-05-04T15:00:00+05:30,217.06,218.99,217.0,217.89,3291,0
2026-05-04T15:15:00+05:30,217.62,219.85,217.04,218.9,10842,0
2026-05-05T09:15:00+05:30,219.49,219.6,213.0,215.15,8922,0
2026-05-05T09:30:00+05:30,215.49,216.51,215.42,215.67,1700,0
2026-05-05T09:45:00+05:30,215.67,217.35,215.67,216.58,2389,0
2026-05-05T10:00:00+05:30,216.73,216.76,215.68,216.0,666,0
2026-05-05T10:15:00+05:30,216.0,216.55,215.85,215.95,2046,0
2026-05-05T10:30:00+05:30,215.95,216.24,214.39,214.62,3760,0
2026-05-05T10:45:00+05:30,214.66,214.99,214.66,214.67,1122,0
2026-05-05T11:00:00+05:30,214.66,214.66,214.04,214.4,249,0
2026-05-05T11:15:00+05:30,214.4,214.6,214.4,214.6,5,0
2026-05-05T11:30:00+05:30,214.6,214.6,214.3,214.3,230,0
2026-05-05T11:45:00+05:30,214.3,214.4,214.16,214.4,134,0
2026-05-05T12:00:00+05:30,214.2,214.2,213.59,213.78,786,0
2026-05-05T12:15:00+05:30,213.78,214.37,213.78,214.37,1049,0
2026-05-05T12:30:00+05:30,214.37,214.71,214.18,214.71,59,0
2026-05-05T12:45:00+05:30,214.71,215.59,214.71,215.15,974,0
2026-05-05T13:00:00+05:30,215.15,215.83,215.15,215.68,559,0
2026-05-05T13:15:00+05:30,215.68,216.16,215.46,216.0,1662,0
2026-05-05T13:30:00+05:30,216.0,219.92,215.89,218.35,8817,0
2026-05-05T13:45:00+05:30,218.98,224.99,218.48,223.43,28070,0
2026-05-05T14:00:00+05:30,223.43,224.01,220.63,224.0,16544,0
2026-05-05T14:15:00+05:30,224.32,225.59,223.24,225.0,27479,0
2026-05-05T14:30:00+05:30,225.0,225.0,222.23,222.47,3435,0
2026-05-05T14:45:00+05:30,222.82,223.0,222.25,222.84,1594,0
2026-05-05T15:00:00+05:30,222.78,223.48,220.25,221.59,10473,0
2026-05-05T15:15:00+05:30,221.77,222.99,220.0,222.99,14404,0
2026-05-06T09:15:00+05:30,223.05,223.05,220.5,220.64,8790,0
2026-05-06T09:30:00+05:30,221.2,223.45,221.15,222.67,11702,0
2026-05-06T09:45:00+05:30,222.02,222.7,220.81,221.63,8462,0
2026-05-06T10:00:00+05:30,221.51,221.98,221.03,221.14,1812,0
2026-05-06T10:15:00+05:30,221.03,223.39,221.03,222.99,6267,0
2026-05-06T10:30:00+05:30,222.41,222.41,221.0,221.5,1517,0
2026-05-06T10:45:00+05:30,221.22,224.9,221.18,223.91,28145,0
2026-05-06T11:00:00+05:30,223.84,224.89,222.63,223.31,2844,0
2026-05-06T11:15:00+05:30,223.02,223.02,221.62,222.04,3806,0
2026-05-06T11:30:00+05:30,222.04,223.78,222.04,222.8,3117,0
2026-05-06T11:45:00+05:30,223.05,224.0,222.5,223.05,3771,0
2026-05-06T12:00:00+05:30,223.12,223.9,222.02,223.12,4142,0
2026-05-06T12:15:00+05:30,223.12,223.18,220.99,221.07,6623,0
2026-05-06T12:30:00+05:30,221.35,221.79,220.5,221.49,1062,0
2026-05-06T12:45:00+05:30,220.93,220.94,219.96,220.0,2378,0
2026-05-06T13:00:00+05:30,220.0,220.24,219.44,220.24,942,0
2026-05-06T13:15:00+05:30,220.32,221.96,220.32,221.21,982,0
2026-05-06T13:30:00+05:30,221.21,223.33,220.25,221.9,2703,0
2026-05-06T13:45:00+05:30,221.76,222.09,221.51,222.09,153,0
2026-05-06T14:00:00+05:30,221.72,222.33,221.21,222.31,2367,0
2026-05-06T14:15:00+05:30,222.31,223.0,221.7,223.0,620,0
2026-05-06T14:30:00+05:30,222.62,223.9,222.54,222.84,2553,0
2026-05-06T14:45:00+05:30,222.89,223.45,222.89,222.99,971,0
2026-05-06T15:00:00+05:30,223.24,224.5,223.24,224.0,9023,0
2026-05-06T15:15:00+05:30,224.29,226.0,223.85,225.0,10922,0
2026-05-07T09:15:00+05:30,223.8,228.88,223.8,224.84,4465,0
2026-05-07T09:30:00+05:30,224.84,227.0,224.01,226.03,5342,0
2026-05-07T09:45:00+05:30,226.0,226.02,225.25,225.25,388,0
2026-05-07T10:00:00+05:30,225.25,225.71,225.03,225.11,441,0
2026-05-07T10:15:00+05:30,225.15,225.5,225.06,225.09,262,0
2026-05-07T10:30:00+05:30,225.09,225.15,225.09,225.12,14,0
2026-05-07T10:45:00+05:30,225.12,225.75,225.06,225.75,607,0
2026-05-07T11:00:00+05:30,225.75,226.58,225.35,226.55,1331,0
2026-05-07T11:15:00+05:30,226.55,226.55,225.97,226.12,101,0
2026-05-07T11:30:00+05:30,226.12,226.98,226.12,226.89,625,0
2026-05-07T11:45:00+05:30,226.94,227.0,225.97,227.0,4844,0
2026-05-07T12:00:00+05:30,226.96,227.0,226.94,227.0,1069,0
2026-05-07T12:15:00+05:30,227.0,227.35,226.61,226.61,253,0
2026-05-07T12:30:00+05:30,226.61,227.87,226.53,227.87,1088,0
2026-05-07T12:45:00+05:30,227.87,227.87,227.03,227.26,1412,0
2026-05-07T13:00:00+05:30,227.32,228.0,227.31,227.35,997,0
2026-05-07T13:15:00+05:30,227.64,227.64,227.09,227.09,1138,0
2026-05-07T13:30:00+05:30,227.09,227.78,227.06,227.06,607,0
2026-05-07T13:45:00+05:30,227.02,227.99,227.02,227.3,774,0
2026-05-07T14:00:00+05:30,227.3,227.37,226.62,227.2,228,0
2026-05-07T14:15:00+05:30,227.33,227.33,223.8,225.58,5995,0
2026-05-07T14:30:00+05:30,225.58,225.97,225.58,225.97,41,0
2026-05-07T14:45:00+05:30,225.97,225.97,224.19,224.35,3961,0
2026-05-07T15:00:00+05:30,224.45,225.58,224.3,225.0,1146,0
2026-05-07T15:15:00+05:30,224.98,227.0,224.98,227.0,3566,0
2026-05-08T09:15:00+05:30,224.01,225.07,220.18,224.03,3302,0
2026-05-08T09:30:00+05:30,224.29,224.33,221.82,222.39,4160,0
2026-05-08T09:45:00+05:30,222.49,222.49,220.05,222.0,7839,0
2026-05-08T10:00:00+05:30,222.0,225.19,222.0,223.6,12712,0
2026-05-08T10:15:00+05:30,223.6,225.0,223.6,224.73,1491,0
2026-05-08T10:30:00+05:30,224.73,224.89,220.5,224.17,9691,0
2026-05-08T10:45:00+05:30,224.17,224.17,222.63,223.48,266,0
2026-05-08T11:00:00+05:30,223.48,223.48,220.15,221.39,7126,0
2026-05-08T11:15:00+05:30,220.43,220.43,219.0,219.0,4941,0
2026-05-08T11:30:00+05:30,219.01,225.39,218.0,219.69,101779,0
2026-05-08T11:45:00+05:30,219.79,220.16,218.95,219.4,6357,0
2026-05-08T12:00:00+05:30,219.4,219.96,219.03,219.81,1310,0
2026-05-08T12:15:00+05:30,219.8,219.92,219.0,219.08,7691,0
2026-05-08T12:30:00+05:30,219.08,219.99,219.08,219.39,1126,0
2026-05-08T12:45:00+05:30,219.39,219.49,218.55,218.55,2410,0
2026-05-08T13:00:00+05:30,218.55,219.3,218.55,218.66,537,0
2026-05-08T13:15:00+05:30,218.66,219.09,218.62,218.62,1058,0
2026-05-08T13:30:00+05:30,218.62,218.98,218.6,218.73,973,0
2026-05-08T13:45:00+05:30,218.73,218.98,218.7,218.74,177,0
2026-05-08T14:00:00+05:30,218.97,219.55,218.04,218.61,3980,0
2026-05-08T14:15:00+05:30,218.61,219.16,218.59,218.86,1341,0
2026-05-08T14:30:00+05:30,218.82,218.91,218.41,218.41,2375,0
2026-05-08T14:45:00+05:30,218.41,220.72,218.0,219.16,5511,0
2026-05-08T15:00:00+05:30,219.49,220.8,219.3,219.5,4889,0
2026-05-08T15:15:00+05:30,219.62,222.0,218.17,219.9,12065,0
2026-05-11T09:15:00+05:30,215.2,217.78,215.15,217.78,2009,0
2026-05-11T09:30:00+05:30,217.66,217.9,214.51,214.59,6642,0
2026-05-11T09:45:00+05:30,214.59,215.24,214.59,215.0,2788,0
2026-05-11T10:00:00+05:30,215.04,215.04,214.59,214.66,437,0
2026-05-11T10:15:00+05:30,214.66,214.7,213.61,214.7,4938,0
2026-05-11T10:30:00+05:30,214.7,214.7,213.85,213.85,71,0
2026-05-11T10:45:00+05:30,213.85,215.0,213.85,214.98,318,0
2026-05-11T11:00:00+05:30,214.98,215.04,214.95,215.0,3559,0
2026-05-11T11:15:00+05:30,215.0,215.0,214.53,214.53,96,0
2026-05-11T11:30:00+05:30,214.92,215.2,214.56,215.12,518,0
2026-05-11T11:45:00+05:30,215.18,215.18,214.87,214.99,2551,0
2026-05-11T12:00:00+05:30,214.99,214.99,214.75,214.75,862,0
2026-05-11T12:15:00+05:30,214.75,215.0,214.05,214.5,1131,0
2026-05-11T12:30:00+05:30,214.5,214.93,214.5,214.5,131,0
2026-05-11T12:45:00+05:30,214.5,214.79,214.15,214.15,158,0
2026-05-11T13:00:00+05:30,214.15,214.63,214.15,214.63,121,0
2026-05-11T13:15:00+05:30,214.63,214.63,214.35,214.35,49,0
2026-05-11T13:30:00+05:30,214.17,214.5,214.15,214.42,148,0
2026-05-11T13:45:00+05:30,214.82,215.58,214.48,214.76,2667,0
2026-05-11T14:00:00+05:30,214.76,215.0,214.76,215.0,3905,0
2026-05-11T14:15:00+05:30,215.0,215.0,214.76,215.0,326,0
2026-05-11T14:30:00+05:30,215.0,215.05,214.01,214.54,5101,0
2026-05-11T14:45:00+05:30,214.58,214.66,214.23,214.65,433,0
2026-05-11T15:00:00+05:30,214.59,215.0,212.66,212.85,4021,0
2026-05-11T15:15:00+05:30,212.99,215.0,212.05,212.85,5136,0
2026-05-12T09:15:00+05:30,211.0,212.8,210.11,210.11,2858,0
2026-05-12T09:30:00+05:30,210.11,212.01,210.0,211.54,3848,0
2026-05-12T09:45:00+05:30,212.33,212.64,212.0,212.64,301,0
2026-05-12T10:00:00+05:30,212.64,212.88,203.36,209.5,42978,0
2026-05-12T10:15:00+05:30,209.65,210.59,207.11,208.71,4713,0
2026-05-12T10:30:00+05:30,208.35,208.64,207.37,207.43,1291,0
2026-05-12T10:45:00+05:30,207.44,207.95,207.11,207.55,2387,0
2026-05-12T11:00:00+05:30,207.24,207.84,206.32,206.5,1518,0
2026-05-12T11:15:00+05:30,206.91,207.26,206.61,207.2,2029,0
2026-05-12T11:30:00+05:30,207.2,207.33,206.44,206.53,980,0
2026-05-12T11:45:00+05:30,206.53,206.83,205.77,206.38,3186,0
2026-05-12T12:00:00+05:30,206.38,206.91,205.41,206.21,866,0
2026-05-12T12:15:00+05:30,206.21,206.7,205.41,205.41,859,0
2026-05-12T12:30:00+05:30,205.41,205.97,204.03,205.05,2685,0
2026-05-12T12:45:00+05:30,204.68,205.32,204.05,204.05,1350,0
2026-05-12T13:00:00+05:30,204.05,205.2,204.05,204.8,838,0
2026-05-12T13:15:00+05:30,205.19,205.2,204.49,204.49,154,0
2026-05-12T13:30:00+05:30,204.5,204.5,203.21,203.35,7746,0
2026-05-12T13:45:00+05:30,203.35,203.75,203.0,203.45,1449,0
2026-05-12T14:00:00+05:30,203.45,203.74,202.21,202.21,1115,0
2026-05-12T14:15:00+05:30,202.21,202.96,202.21,202.65,188,0
2026-05-12T14:30:00+05:30,202.65,202.68,199.37,201.64,10552,0
2026-05-12T14:45:00+05:30,202.17,202.3,200.4,201.0,6114,0
2026-05-12T15:00:00+05:30,200.64,201.19,200.0,200.48,6415,0
2026-05-12T15:15:00+05:30,200.31,202.6,199.53,200.51,10208,0
2026-05-13T09:15:00+05:30,205.14,205.14,201.84,203.0,4266,0
2026-05-13T09:30:00+05:30,202.38,202.44,198.51,200.0,28144,0
2026-05-13T09:45:00+05:30,200.0,200.98,199.21,200.06,870,0
2026-05-13T10:00:00+05:30,200.06,200.52,200.06,200.07,601,0
2026-05-13T10:15:00+05:30,200.18,202.25,200.07,201.97,5711,0
2026-05-13T10:30:00+05:30,202.17,202.2,201.75,201.75,429,0
2026-05-13T10:45:00+05:30,201.75,202.17,201.0,201.39,3153,0
2026-05-13T11:00:00+05:30,201.39,201.39,201.31,201.31,5,0
2026-05-13T11:15:00+05:30,201.31,202.13,201.31,202.13,772,0
2026-05-13T11:30:00+05:30,202.31,202.66,201.82,202.66,611,0
2026-05-13T11:45:00+05:30,202.89,203.71,202.32,202.32,2508,0
2026-05-13T12:00:00+05:30,202.32,202.82,202.32,202.79,207,0
2026-05-13T12:15:00+05:30,202.79,202.79,202.5,202.5,225,0
2026-05-13T12:30:00+05:30,202.5,202.79,201.54,201.54,1250,0
2026-05-13T12:45:00+05:30,201.54,202.07,201.21,201.88,658,0
2026-05-13T13:00:00+05:30,202.54,203.0,201.34,202.51,2017,0
2026-05-13T13:15:00+05:30,202.51,202.51,201.55,201.56,735,0
2026-05-13T13:30:00+05:30,201.56,203.18,201.56,203.14,5536,0
2026-05-13T13:45:00+05:30,203.14,203.25,202.41,202.41,845,0
2026-05-13T14:00:00+05:30,202.41,203.03,202.41,203.0,283,0
2026-05-13T14:15:00+05:30,203.0,203.0,202.54,202.54,738,0
2026-05-13T14:30:00+05:30,202.74,202.81,202.5,202.5,280,0
2026-05-13T14:45:00+05:30,202.55,202.83,202.0,202.83,3533,0
2026-05-13T15:00:00+05:30,202.54,202.63,201.9,202.13,1691,0
2026-05-13T15:15:00+05:30,202.04,202.39,200.5,200.66,6323,0
2026-05-14T09:15:00+05:30,201.79,204.17,201.79,203.28,1676,0
2026-05-14T09:30:00+05:30,203.52,203.53,199.0,199.0,2526,0
2026-05-14T09:45:00+05:30,198.36,199.79,197.51,197.78,4159,0
2026-05-14T10:00:00+05:30,197.78,198.75,196.46,198.14,10212,0
2026-05-14T10:15:00+05:30,198.01,198.39,197.48,197.78,1932,0
2026-05-14T10:30:00+05:30,197.78,197.79,196.56,196.56,1194,0
2026-05-14T10:45:00+05:30,196.72,197.18,196.58,196.58,1339,0
2026-05-14T11:00:00+05:30,196.58,197.17,196.1,197.13,2054,0
2026-05-14T11:15:00+05:30,197.16,197.16,196.6,196.6,480,0
2026-05-14T11:30:00+05:30,196.6,197.83,196.6,197.53,1772,0
2026-05-14T11:45:00+05:30,197.59,198.97,197.59,198.97,1499,0
2026-05-14T12:00:00+05:30,198.47,198.79,197.83,197.94,299,0
2026-05-14T12:15:00+05:30,197.92,200.06,197.92,200.06,1733,0
2026-05-14T12:30:00+05:30,199.55,200.08,199.06,199.95,1200,0
2026-05-14T12:45:00+05:30,199.95,200.25,199.4,199.92,1210,0
2026-05-14T13:00:00+05:30,200.18,202.11,200.18,202.06,1023,0
2026-05-14T13:15:00+05:30,201.8,201.99,201.0,201.14,2396,0
2026-05-14T13:30:00+05:30,201.14,202.07,201.14,201.15,918,0
2026-05-14T13:45:00+05:30,201.16,201.53,200.24,200.26,2095,0
2026-05-14T14:00:00+05:30,200.25,201.59,200.25,201.59,1964,0
2026-05-14T14:15:00+05:30,201.47,201.68,200.43,200.87,1505,0
2026-05-14T14:30:00+05:30,200.76,201.29,200.6,200.61,696,0
2026-05-14T14:45:00+05:30,200.61,200.85,195.35,199.85,20182,0
2026-05-14T15:00:00+05:30,199.02,201.2,199.0,200.51,10165,0
2026-05-14T15:15:00+05:30,200.51,202.32,197.25,198.2,8613,0
2026-05-15T09:15:00+05:30,199.4,199.78,198.45,198.57,5268,0
2026-05-15T09:30:00+05:30,198.57,200.54,198.49,200.53,1736,0
2026-05-15T09:45:00+05:30,200.53,201.99,200.53,201.14,571,0
2026-05-15T10:00:00+05:30,201.14,201.29,200.92,201.29,1424,0
2026-05-15T10:15:00+05:30,201.29,201.93,200.76,201.18,338,0
2026-05-15T10:30:00+05:30,201.19,201.19,200.94,201.03,55,0
2026-05-15T10:45:00+05:30,201.03,201.03,201.03,201.03,0,0
2026-05-15T11:00:00+05:30,201.03,201.64,197.2,198.99,19077,0
2026-05-15T11:15:00+05:30,198.99,199.99,198.99,199.38,3526,0
2026-05-15T11:30:00+05:30,199.38,199.54,198.55,198.88,2102,0
2026-05-15T11:45:00+05:30,198.88,199.53,198.88,199.53,207,0
2026-05-15T12:00:00+05:30,199.2,199.88,199.2,199.88,42,0
2026-05-15T12:15:00+05:30,199.88,199.88,199.11,199.11,1090,0
2026-05-15T12:30:00+05:30,199.37,199.37,199.01,199.27,58,0
2026-05-15T12:45:00+05:30,199.45,199.51,199.18,199.2,1052,0
2026-05-15T13:00:00+05:30,199.2,199.2,199.0,199.0,11,0
2026-05-15T13:15:00+05:30,199.14,199.14,198.71,198.9,655,0
2026-05-15T13:30:00+05:30,198.9,198.92,198.62,198.75,369,0
2026-05-15T13:45:00+05:30,198.75,198.75,198.06,198.44,101,0
2026-05-15T14:00:00+05:30,198.18,198.24,197.55,198.24,3780,0
2026-05-15T14:15:00+05:30,197.86,198.47,197.79,198.0,215,0
2026-05-15T14:30:00+05:30,197.57,197.99,197.55,197.6,197,0
2026-05-15T14:45:00+05:30,197.6,198.2,197.44,197.44,1949,0
2026-05-15T15:00:00+05:30,197.44,198.32,197.11,197.55,2216,0
2026-05-15T15:15:00+05:30,197.06,198.2,196.5,196.7,4829,0
2026-05-18T09:15:00+05:30,199.19,199.19,194.0,194.01,2602,0
2026-05-18T09:30:00+05:30,194.38,194.38,191.42,193.32,3372,0
2026-05-18T09:45:00+05:30,193.45,194.16,189.78,192.18,14911,0
2026-05-18T10:00:00+05:30,192.45,193.0,191.5,191.99,2494,0
2026-05-18T10:15:00+05:30,191.46,192.1,189.25,189.9,8758,0
2026-05-18T10:30:00+05:30,189.9,191.58,189.0,189.0,5697,0
2026-05-18T10:45:00+05:30,189.03,192.13,189.03,191.53,1892,0
2026-05-18T11:00:00+05:30,190.42,191.74,190.4,191.15,280,0
2026-05-18T11:15:00+05:30,191.38,192.59,191.38,191.42,1949,0
2026-05-18T11:30:00+05:30,191.42,193.61,191.21,192.59,3010,0
2026-05-18T11:45:00+05:30,192.59,192.59,191.13,191.13,247,0
2026-05-18T12:00:00+05:30,191.13,192.38,191.0,191.66,189,0
2026-05-18T12:15:00+05:30,191.66,192.07,191.01,191.57,544,0
2026-05-18T12:30:00+05:30,191.57,192.39,190.0,191.35,3931,0
2026-05-18T12:45:00+05:30,191.54,191.57,191.01,191.01,563,0
2026-05-18T13:00:00+05:30,191.01,192.27,191.01,191.72,1445,0
2026-05-18T13:15:00+05:30,191.63,191.9,190.0,191.23,3284,0
2026-05-18T13:30:00+05:30,191.33,191.67,191.13,191.13,100,0
2026-05-18T13:45:00+05:30,191.13,191.75,191.03,191.03,315,0
2026-05-18T14:00:00+05:30,191.61,192.17,191.03,191.63,202,0
2026-05-18T14:15:00+05:30,191.63,192.39,191.29,192.32,863,0
2026-05-18T14:30:00+05:30,191.91,192.24,190.05,190.78,5987,0
2026-05-18T14:45:00+05:30,190.86,191.48,190.24,191.48,697,0
2026-05-18T15:00:00+05:30,191.07,192.71,191.07,192.5,4479,0
2026-05-18T15:15:00+05:30,192.49,192.8,191.05,191.05,3785,0
2026-05-19T09:15:00+05:30,191.02,195.13,191.02,194.38,1273,0
2026-05-19T09:30:00+05:30,194.89,194.98,193.18,194.36,1262,0
2026-05-19T09:45:00+05:30,194.51,194.53,193.96,193.96,637,0
2026-05-19T10:00:00+05:30,193.96,194.73,193.81,194.73,346,0
2026-05-19T10:15:00+05:30,194.73,194.73,194.22,194.67,350,0
2026-05-19T10:30:00+05:30,194.67,196.05,194.67,195.74,1386,0
2026-05-19T10:45:00+05:30,195.74,195.78,195.5,195.5,1058,0
2026-05-19T11:00:00+05:30,195.5,196.99,195.43,196.03,1302,0
2026-05-19T11:15:00+05:30,195.96,196.04,195.38,195.38,626,0
2026-05-19T11:30:00+05:30,195.38,195.98,194.56,194.56,1168,0
2026-05-19T11:45:00+05:30,194.56,194.63,194.11,194.11,463,0
2026-05-19T12:00:00+05:30,194.11,194.18,194.11,194.18,26,0
2026-05-19T12:15:00+05:30,194.18,194.82,192.28,193.1,1669,0
2026-05-19T12:30:00+05:30,193.1,193.84,193.1,193.84,92,0
2026-05-19T12:45:00+05:30,193.84,193.84,193.3,193.31,252,0
2026-05-19T13:00:00+05:30,193.31,193.34,193.31,193.31,36,0
2026-05-19T13:15:00+05:30,193.31,193.79,193.31,193.79,111,0
2026-05-19T13:30:00+05:30,193.79,194.19,193.79,193.8,299,0
2026-05-19T13:45:00+05:30,193.8,193.97,193.5,193.97,1769,0
2026-05-19T14:00:00+05:30,193.97,194.48,193.73,193.99,322,0
2026-05-19T14:15:00+05:30,193.99,194.55,193.99,194.55,242,0
2026-05-19T14:30:00+05:30,194.55,194.55,194.0,194.0,350,0
2026-05-19T14:45:00+05:30,194.01,194.18,193.68,193.8,2020,0
2026-05-19T15:00:00+05:30,193.8,195.32,193.8,194.98,896,0
2026-05-19T15:15:00+05:30,194.62,194.74,192.7,192.7,3662,0
2026-05-20T09:15:00+05:30,192.53,192.72,191.02,191.79,1719,0
2026-05-20T09:30:00+05:30,192.13,192.83,191.8,192.25,971,0
2026-05-20T09:45:00+05:30,192.25,192.25,190.61,191.99,1566,0
2026-05-20T10:00:00+05:30,191.86,192.16,190.93,191.01,5123,0
2026-05-20T10:15:00+05:30,191.25,191.28,190.75,190.87,991,0
2026-05-20T10:30:00+05:30,190.87,191.19,190.54,190.8,921,0
2026-05-20T10:45:00+05:30,190.8,191.11,190.66,191.11,1995,0
2026-05-20T11:00:00+05:30,191.26,192.08,191.05,191.4,1343,0
2026-05-20T11:15:00+05:30,191.4,191.66,191.23,191.23,591,0
2026-05-20T11:30:00+05:30,191.23,191.76,191.1,191.17,2302,0
2026-05-20T11:45:00+05:30,191.52,191.69,191.12,191.69,830,0
2026-05-20T12:00:00+05:30,191.69,191.7,191.5,191.7,231,0
2026-05-20T12:15:00+05:30,191.52,191.95,191.5,191.95,85,0
2026-05-20T12:30:00+05:30,191.95,191.95,191.5,191.5,347,0
2026-05-20T12:45:00+05:30,191.5,191.5,191.5,191.5,0,0
2026-05-20T13:00:00+05:30,191.51,192.0,191.5,192.0,1648,0
2026-05-20T13:15:00+05:30,192.0,192.0,191.11,191.13,1126,0
2026-05-20T13:30:00+05:30,191.61,191.82,191.15,191.53,2104,0
2026-05-20T13:45:00+05:30,191.53,191.57,191.11,191.57,528,0
2026-05-20T14:00:00+05:30,191.57,191.78,191.57,191.78,54,0
2026-05-20T14:15:00+05:30,191.82,193.79,191.82,193.79,3846,0
2026-05-20T14:30:00+05:30,193.58,194.22,193.21,193.21,3454,0
2026-05-20T14:45:00+05:30,193.21,194.0,193.21,193.66,1307,0
2026-05-20T15:00:00+05:30,193.66,195.43,193.65,194.85,3958,0
2026-05-20T15:15:00+05:30,194.05,195.05,193.64,193.64,1716,0
2026-05-21T09:15:00+05:30,199.0,200.74,196.24,200.34,7140,0
2026-05-21T09:30:00+05:30,200.95,202.9,200.21,202.48,11629,0
2026-05-21T09:45:00+05:30,202.37,202.48,202.0,202.0,757,0
2026-05-21T10:00:00+05:30,202.0,205.0,202.0,204.25,10420,0
2026-05-21T10:15:00+05:30,204.32,204.92,203.07,203.84,2960,0
2026-05-21T10:30:00+05:30,203.93,207.36,203.9,205.45,7127,0
2026-05-21T10:45:00+05:30,205.69,206.36,205.43,205.73,2680,0
2026-05-21T11:00:00+05:30,205.73,205.73,205.0,205.5,827,0
2026-05-21T11:15:00+05:30,205.5,206.38,205.24,206.2,1071,0
2026-05-21T11:30:00+05:30,206.2,206.6,205.22,205.53,3998,0
2026-05-21T11:45:00+05:30,205.53,206.75,205.53,205.82,1770,0
2026-05-21T12:00:00+05:30,205.82,205.87,205.66,205.81,651,0
2026-05-21T12:15:00+05:30,205.81,208.4,205.68,206.66,7681,0
2026-05-21T12:30:00+05:30,207.51,207.89,206.0,207.0,2544,0
2026-05-21T12:45:00+05:30,207.0,207.19,204.35,207.0,12777,0
2026-05-21T13:00:00+05:30,207.0,207.78,206.85,207.36,3622,0
2026-05-21T13:15:00+05:30,207.27,209.79,207.27,207.66,12283,0
2026-05-21T13:30:00+05:30,207.89,209.2,207.25,209.2,2927,0
2026-05-21T13:45:00+05:30,209.17,209.4,208.31,208.98,3305,0
2026-05-21T14:00:00+05:30,208.95,208.98,207.71,207.92,3208,0
2026-05-21T14:15:00+05:30,207.92,211.9,207.71,210.02,16206,0
2026-05-21T14:30:00+05:30,210.82,212.89,210.4,212.5,20374,0
2026-05-21T14:45:00+05:30,211.98,212.14,210.4,211.0,6895,0
2026-05-21T15:00:00+05:30,211.0,212.29,210.55,210.63,6686,0
2026-05-21T15:15:00+05:30,210.86,212.79,209.81,211.0,14032,0
2026-05-22T09:15:00+05:30,212.2,213.0,208.0,210.5,6275,0
2026-05-22T09:30:00+05:30,210.6,210.6,208.59,208.61,1730,0
2026-05-22T09:45:00+05:30,208.59,208.61,207.01,208.24,2035,0
2026-05-22T10:00:00+05:30,208.24,208.38,207.02,208.38,1343,0
2026-05-22T10:15:00+05:30,208.38,209.65,208.1,209.01,1847,0
2026-05-22T10:30:00+05:30,209.53,211.99,209.13,211.99,2673,0
2026-05-22T10:45:00+05:30,211.01,211.05,210.43,210.43,182,0
2026-05-22T11:00:00+05:30,210.43,210.5,210.33,210.5,410,0
2026-05-22T11:15:00+05:30,210.32,210.5,209.31,210.5,1711,0
2026-05-22T11:30:00+05:30,210.5,210.5,209.3,209.77,401,0
2026-05-22T11:45:00+05:30,209.77,209.98,209.3,209.3,502,0
2026-05-22T12:00:00+05:30,209.3,209.32,209.26,209.26,26,0
2026-05-22T12:15:00+05:30,209.64,209.79,209.12,209.12,96,0
2026-05-22T12:30:00+05:30,209.12,209.12,209.12,209.12,0,0
2026-05-22T12:45:00+05:30,209.12,209.15,208.29,209.0,1195,0
2026-05-22T13:00:00+05:30,208.89,209.69,208.47,208.96,2377,0
2026-05-22T13:15:00+05:30,208.96,208.96,207.21,207.74,1608,0
2026-05-22T13:30:00+05:30,207.74,208.0,206.42,207.51,1317,0
2026-05-22T13:45:00+05:30,207.5,207.5,206.61,207.15,1340,0
2026-05-22T14:00:00+05:30,207.15,216.9,207.12,212.85,36367,0
2026-05-22T14:15:00+05:30,212.88,213.99,212.44,213.26,2433,0
2026-05-22T14:30:00+05:30,213.26,214.0,212.61,213.36,3441,0
2026-05-22T14:45:00+05:30,213.36,213.59,213.29,213.59,1291,0
2026-05-22T15:00:00+05:30,213.59,215.6,213.43,215.6,6213,0
2026-05-22T15:15:00+05:30,215.03,216.0,213.37,215.67,7564,0
2026-05-25T09:15:00+05:30,214.75,217.19,214.75,216.0,5232,0
2026-05-25T09:30:00+05:30,216.37,216.39,213.73,214.5,3308,0
2026-05-25T09:45:00+05:30,214.5,215.08,214.2,215.06,1101,0
2026-05-25T10:00:00+05:30,215.06,215.5,214.71,215.5,1338,0
2026-05-25T10:15:00+05:30,215.74,216.16,215.21,215.89,334,0
2026-05-25T10:30:00+05:30,215.49,217.79,215.21,216.72,6181,0
2026-05-25T10:45:00+05:30,216.6,216.6,215.11,215.11,933,0
2026-05-25T11:00:00+05:30,215.11,215.69,215.11,215.31,828,0
2026-05-25T11:15:00+05:30,215.31,216.01,215.11,216.01,759,0
2026-05-25T11:30:00+05:30,216.01,216.01,213.99,214.0,5635,0
2026-05-25T11:45:00+05:30,214.0,214.93,214.0,214.15,508,0
2026-05-25T12:00:00+05:30,214.88,214.88,214.15,214.5,1330,0
2026-05-25T12:15:00+05:30,214.5,214.55,214.4,214.55,351,0
2026-05-25T12:30:00+05:30,214.23,214.49,214.03,214.18,175,0
2026-05-25T12:45:00+05:30,214.18,214.27,213.51,213.51,1205,0
2026-05-25T13:00:00+05:30,213.51,214.01,213.51,214.0,1154,0
2026-05-25T13:15:00+05:30,214.0,214.35,214.0,214.35,96,0
2026-05-25T13:30:00+05:30,214.27,214.36,214.06,214.06,62,0
2026-05-25T13:45:00+05:30,214.06,214.06,214.0,214.0,228,0
2026-05-25T14:00:00+05:30,214.0,214.01,214.0,214.01,202,0
2026-05-25T14:15:00+05:30,214.01,214.01,213.15,213.15,633,0
2026-05-25T14:30:00+05:30,213.15,213.23,212.9,212.91,499,0
2026-05-25T14:45:00+05:30,212.91,213.28,211.65,212.0,2104,0
2026-05-25T15:00:00+05:30,212.0,212.79,211.53,211.55,641,0
2026-05-25T15:15:00+05:30,211.16,213.56,210.6,210.65,7245,0
2026-05-26T09:15:00+05:30,212.0,213.05,210.0,213.0,4860,0
2026-05-26T09:30:00+05:30,213.33,218.82,213.3,217.0,11435,0
2026-05-26T09:45:00+05:30,217.43,217.98,216.0,216.43,2162,0
2026-05-26T10:00:00+05:30,216.43,216.47,215.41,215.41,1126,0
2026-05-26T10:15:00+05:30,215.41,216.66,215.41,216.22,352,0
2026-05-26T10:30:00+05:30,216.22,216.5,215.5,215.5,168,0
2026-05-26T10:45:00+05:30,215.5,216.33,215.5,215.91,478,0
2026-05-26T11:00:00+05:30,216.32,216.32,215.0,215.0,1095,0
2026-05-26T11:15:00+05:30,215.0,216.19,214.51,214.51,1843,0
2026-05-26T11:30:00+05:30,214.51,216.17,214.51,216.17,842,0
2026-05-26T11:45:00+05:30,216.17,216.53,216.17,216.53,546,0
2026-05-26T12:00:00+05:30,216.53,216.53,215.01,215.24,1987,0
2026-05-26T12:15:00+05:30,215.24,216.82,214.61,214.85,2429,0
2026-05-26T12:30:00+05:30,215.49,215.65,215.43,215.6,128,0
2026-05-26T12:45:00+05:30,215.6,215.6,214.84,214.84,145,0
2026-05-26T13:00:00+05:30,214.5,214.91,214.03,214.91,460,0
2026-05-26T13:15:00+05:30,214.91,214.91,214.91,214.91,0,0
2026-05-26T13:30:00+05:30,214.91,215.23,213.82,215.09,1504,0
2026-05-26T13:45:00+05:30,215.09,215.09,214.04,214.13,3,0
2026-05-26T14:00:00+05:30,214.13,214.31,214.08,214.09,196,0
2026-05-26T14:15:00+05:30,214.09,214.09,213.0,213.02,1576,0
2026-05-26T14:30:00+05:30,213.13,214.0,210.56,210.6,6839,0
2026-05-26T14:45:00+05:30,210.6,211.94,210.25,211.63,1181,0
2026-05-26T15:00:00+05:30,211.63,212.75,209.06,212.33,3660,0
2026-05-26T15:15:00+05:30,210.37,212.75,210.03,211.1,6470,0
2026-05-27T09:15:00+05:30,212.3,217.0,208.0,214.78,8589,0
2026-05-27T09:30:00+05:30,214.66,225.0,214.66,224.99,37601,0
2026-05-27T09:45:00+05:30,224.27,234.78,222.95,232.02,96175,0
2026-05-27T10:00:00+05:30,232.02,235.7,228.0,228.74,172470,0
2026-05-27T10:15:00+05:30,228.9,231.16,224.4,226.57,77568,0
2026-05-27T10:30:00+05:30,226.39,227.98,225.0,227.32,22033,0
2026-05-27T10:45:00+05:30,227.68,230.41,226.61,227.58,30504,0
2026-05-27T11:00:00+05:30,227.58,228.5,227.15,227.15,5127,0
2026-05-27T11:15:00+05:30,227.17,229.41,227.0,228.87,25084,0
2026-05-27T11:30:00+05:30,228.88,229.9,227.0,227.41,5936,0
2026-05-27T11:45:00+05:30,227.41,231.0,226.0,226.99,36479,0
2026-05-27T12:00:00+05:30,226.97,228.54,226.0,228.0,12721,0
2026-05-27T12:15:00+05:30,228.01,228.47,228.0,228.01,3379,0
2026-05-27T12:30:00+05:30,228.32,228.49,226.5,227.63,6427,0
2026-05-27T12:45:00+05:30,227.63,228.5,227.01,227.96,5855,0
2026-05-27T13:00:00+05:30,227.96,228.88,227.46,227.46,12622,0
2026-05-27T13:15:00+05:30,227.11,232.0,226.23,231.77,26561,0
2026-05-27T13:30:00+05:30,231.62,231.81,228.0,230.62,22290,0
2026-05-27T13:45:00+05:30,231.42,232.61,229.0,229.0,16124,0
2026-05-27T14:00:00+05:30,230.42,231.0,229.0,230.3,20213,0
2026-05-27T14:15:00+05:30,230.45,230.85,228.01,230.59,21214,0
2026-05-27T14:30:00+05:30,230.14,231.0,229.26,230.0,10546,0
2026-05-27T14:45:00+05:30,230.02,232.0,230.0,230.0,16895,0
2026-05-27T15:00:00+05:30,230.25,232.11,221.0,230.66,201434,0
2026-05-27T15:15:00+05:30,231.79,238.0,225.25,235.55,192220,0
2026-05-29T09:15:00+05:30,231.0,253.0,231.0,241.26,257623,0
2026-05-29T09:30:00+05:30,241.16,244.5,240.0,243.61,43423,0
2026-05-29T09:45:00+05:30,243.48,243.97,240.48,240.93,27782,0
2026-05-29T10:00:00+05:30,240.93,241.2,238.5,238.7,28137,0
2026-05-29T10:15:00+05:30,238.73,239.39,235.9,237.03,27309,0
2026-05-29T10:30:00+05:30,237.0,240.98,236.86,239.32,14883,0
2026-05-29T10:45:00+05:30,239.32,243.0,239.32,241.0,32197,0
2026-05-29T11:00:00+05:30,240.93,243.0,239.0,242.05,29754,0
2026-05-29T11:15:00+05:30,242.04,249.8,241.63,249.46,66998,0
2026-05-29T11:30:00+05:30,249.51,250.0,246.8,248.0,56702,0
2026-05-29T11:45:00+05:30,248.0,249.35,246.01,247.0,31110,0
2026-05-29T12:00:00+05:30,246.94,248.0,245.56,246.24,12510,0
2026-05-29T12:15:00+05:30,245.96,246.59,245.01,246.12,4098,0
2026-05-29T12:30:00+05:30,246.13,246.57,245.01,245.24,15463,0
2026-05-29T12:45:00+05:30,245.05,245.76,242.06,243.65,21680,0
2026-05-29T13:00:00+05:30,244.11,246.76,243.15,243.15,7682,0
2026-05-29T13:15:00+05:30,243.15,244.9,243.15,244.9,7433,0
2026-05-29T13:30:00+05:30,244.34,245.39,243.0,243.0,10139,0
2026-05-29T13:45:00+05:30,243.5,245.98,241.68,242.03,27183,0
2026-05-29T14:00:00+05:30,242.56,242.92,241.0,241.42,8087,0
2026-05-29T14:15:00+05:30,241.91,241.94,238.0,238.21,12429,0
2026-05-29T14:30:00+05:30,238.7,244.44,238.58,242.0,32750,0
2026-05-29T14:45:00+05:30,242.05,242.67,240.94,241.48,4733,0
2026-05-29T15:00:00+05:30,241.14,241.34,235.6,236.6,25322,0
2026-05-29T15:15:00+05:30,236.61,239.66,233.0,235.0,46393,0
2026-06-01T09:15:00+05:30,236.39,239.0,235.0,235.7,10766,0
2026-06-01T09:30:00+05:30,235.17,235.17,232.4,232.4,8141,0
2026-06-01T09:45:00+05:30,232.5,233.33,230.24,231.12,12104,0
2026-06-01T10:00:00+05:30,231.51,231.89,225.31,230.76,22494,0
2026-06-01T10:15:00+05:30,230.35,230.62,228.24,228.67,4226,0
2026-06-01T10:30:00+05:30,228.53,229.57,228.25,228.62,955,0
2026-06-01T10:45:00+05:30,228.97,233.59,228.95,233.39,5003,0
2026-06-01T11:00:00+05:30,233.48,233.64,232.0,233.05,4383,0
2026-06-01T11:15:00+05:30,233.05,233.33,232.58,233.09,1654,0
2026-06-01T11:30:00+05:30,233.09,233.09,232.07,232.07,310,0
2026-06-01T11:45:00+05:30,232.07,232.84,232.07,232.83,98,0
2026-06-01T12:00:00+05:30,232.15,232.15,230.42,231.0,3059,0
2026-06-01T12:15:00+05:30,231.0,231.01,230.36,230.5,1039,0
2026-06-01T12:30:00+05:30,230.5,230.77,230.33,230.74,1082,0
2026-06-01T12:45:00+05:30,230.74,231.17,230.0,230.0,738,0
2026-06-01T13:00:00+05:30,229.57,229.57,228.1,228.4,5499,0
2026-06-01T13:15:00+05:30,228.4,230.0,228.4,229.54,2548,0
2026-06-01T13:30:00+05:30,229.54,229.55,229.01,229.3,242,0
2026-06-01T13:45:00+05:30,229.3,229.3,228.59,228.59,2,0
2026-06-01T14:00:00+05:30,228.59,228.61,228.06,228.36,804,0
2026-06-01T14:15:00+05:30,228.05,228.56,227.11,227.94,1844,0
2026-06-01T14:30:00+05:30,227.94,227.99,227.0,227.99,3125,0
2026-06-01T14:45:00+05:30,227.87,228.35,227.06,227.58,281,0
2026-06-01T15:00:00+05:30,227.58,227.97,224.45,226.0,20785,0
2026-06-01T15:15:00+05:30,226.7,227.52,223.6,224.5,27656,0
2026-06-02T09:15:00+05:30,225.0,225.0,221.0,222.69,16517,0
2026-06-02T09:30:00+05:30,222.84,222.84,220.96,221.0,17780,0
2026-06-02T09:45:00+05:30,220.99,222.04,220.42,221.68,9055,0
2026-06-02T10:00:00+05:30,221.68,222.71,220.35,220.61,12166,0
2026-06-02T10:15:00+05:30,220.61,221.67,220.25,221.67,1154,0
2026-06-02T10:30:00+05:30,221.13,221.73,219.12,221.6,6811,0
2026-06-02T10:45:00+05:30,221.1,222.26,221.1,221.35,2860,0
2026-06-02T11:00:00+05:30,221.32,221.37,219.94,220.54,6371,0
2026-06-02T11:15:00+05:30,220.54,221.23,220.54,221.1,381,0
2026-06-02T11:30:00+05:30,221.1,221.57,220.0,220.18,1449,0
2026-06-02T11:45:00+05:30,220.18,220.67,218.41,219.29,3743,0
2026-06-02T12:00:00+05:30,219.29,220.79,219.25,219.94,1088,0
2026-06-02T12:15:00+05:30,219.94,220.39,219.11,219.52,655,0
2026-06-02T12:30:00+05:30,219.52,220.05,219.34,219.77,593,0
2026-06-02T12:45:00+05:30,219.77,221.97,219.77,221.16,2096,0
2026-06-02T13:00:00+05:30,221.58,221.79,218.82,220.45,2693,0
2026-06-02T13:15:00+05:30,220.45,221.58,220.45,221.0,5734,0
2026-06-02T13:30:00+05:30,221.47,235.78,221.34,229.99,94930,0
2026-06-02T13:45:00+05:30,230.01,230.94,226.43,228.83,33869,0
2026-06-02T14:00:00+05:30,228.66,231.37,228.66,230.68,7344,0
2026-06-02T14:15:00+05:30,230.87,231.5,230.15,230.61,3826,0
2026-06-02T14:30:00+05:30,230.58,232.8,230.01,230.94,14038,0
2026-06-02T14:45:00+05:30,231.0,231.48,230.14,230.3,4176,0
2026-06-02T15:00:00+05:30,230.84,231.0,225.35,229.57,22061,0
2026-06-02T15:15:00+05:30,229.57,229.72,224.55,225.0,38893,0
2026-06-03T09:15:00+05:30,225.45,225.45,222.92,223.77,4759,0
2026-06-03T09:30:00+05:30,223.77,223.77,222.49,222.8,785,0
2026-06-03T09:45:00+05:30,222.8,223.7,222.3,223.0,3467,0
2026-06-03T10:00:00+05:30,223.05,223.49,223.0,223.49,604,0
2026-06-03T10:15:00+05:30,223.49,224.71,223.0,224.21,2499,0
2026-06-03T10:30:00+05:30,224.29,224.51,223.42,224.0,1020,0
2026-06-03T10:45:00+05:30,224.0,224.19,223.78,223.78,72,0
2026-06-03T11:00:00+05:30,223.78,223.98,222.61,223.06,3447,0
2026-06-03T11:15:00+05:30,223.06,223.49,223.06,223.09,504,0
2026-06-03T11:30:00+05:30,223.52,223.89,223.48,223.81,319,0
2026-06-03T11:45:00+05:30,223.81,224.18,223.21,223.69,626,0
2026-06-03T12:00:00+05:30,223.69,223.69,223.26,223.34,2519,0
2026-06-03T12:15:00+05:30,223.34,224.39,223.34,224.21,1835,0
2026-06-03T12:30:00+05:30,224.21,226.26,224.21,226.25,3324,0
2026-06-03T12:45:00+05:30,226.25,226.25,225.73,225.73,126,0
2026-06-03T13:00:00+05:30,225.73,226.57,225.49,225.95,341,0
2026-06-03T13:15:00+05:30,225.7,226.02,225.7,225.96,72,0
2026-06-03T13:30:00+05:30,226.08,226.45,225.69,225.69,776,0
2026-06-03T13:45:00+05:30,225.69,225.72,225.69,225.7,100,0
2026-06-03T14:00:00+05:30,225.7,227.01,225.63,226.42,2712,0
2026-06-03T14:15:00+05:30,226.97,228.0,225.14,227.19,6885,0
2026-06-03T14:30:00+05:30,227.12,227.38,226.26,226.65,565,0
2026-06-03T14:45:00+05:30,226.99,227.79,226.59,227.27,1637,0
2026-06-03T15:00:00+05:30,227.27,228.72,226.81,227.84,5865,0
2026-06-03T15:15:00+05:30,227.14,227.83,224.1,225.0,5721,0
2026-06-04T09:15:00+05:30,224.0,229.5,224.0,226.78,8723,0
2026-06-04T09:30:00+05:30,226.45,227.29,225.94,225.94,1279,0
2026-06-04T09:45:00+05:30,225.94,227.0,225.94,226.99,427,0
2026-06-04T10:00:00+05:30,226.99,227.3,226.44,227.3,1528,0
2026-06-04T10:15:00+05:30,228.19,234.9,228.19,234.0,17257,0
2026-06-04T10:30:00+05:30,233.51,237.02,232.58,233.46,13702,0
2026-06-04T10:45:00+05:30,233.46,237.39,232.3,236.26,15614,0
2026-06-04T11:00:00+05:30,236.27,236.34,233.22,234.15,1504,0
2026-06-04T11:15:00+05:30,233.69,235.0,233.69,234.68,2890,0
2026-06-04T11:30:00+05:30,234.25,235.21,233.92,234.79,999,0
2026-06-04T11:45:00+05:30,234.79,237.35,234.62,236.43,10359,0
2026-06-04T12:00:00+05:30,236.51,238.9,236.25,238.18,20439,0
2026-06-04T12:15:00+05:30,238.18,238.18,237.02,237.79,1518,0
2026-06-04T12:30:00+05:30,237.79,237.99,233.82,234.86,7123,0
2026-06-04T12:45:00+05:30,234.86,234.86,234.17,234.43,375,0
2026-06-04T13:00:00+05:30,234.43,235.51,234.4,234.4,2590,0
2026-06-04T13:15:00+05:30,234.4,236.01,233.99,235.8,2965,0
2026-06-04T13:30:00+05:30,235.8,236.03,235.0,235.59,333,0
2026-06-04T13:45:00+05:30,235.01,235.95,235.0,235.95,793,0
2026-06-04T14:00:00+05:30,235.95,237.19,235.95,236.99,610,0
2026-06-04T14:15:00+05:30,236.99,237.41,236.35,236.9,1937,0
2026-06-04T14:30:00+05:30,236.9,236.9,235.05,235.76,2801,0
2026-06-04T14:45:00+05:30,235.92,236.18,235.0,235.45,1297,0
2026-06-04T15:00:00+05:30,235.45,235.45,234.0,234.04,4355,0
2026-06-04T15:15:00+05:30,234.09,236.0,232.6,232.6,13667,0
2026-06-05T09:15:00+05:30,233.93,237.28,233.93,237.0,5222,0
2026-06-05T09:30:00+05:30,236.8,236.85,234.68,235.82,6660,0
2026-06-05T09:45:00+05:30,235.44,236.47,235.12,236.09,3595,0
2026-06-05T10:00:00+05:30,235.54,238.0,234.31,236.91,7061,0
2026-06-05T10:15:00+05:30,237.31,243.85,235.81,241.95,16707,0
2026-06-05T10:30:00+05:30,241.95,243.99,237.61,237.9,20135,0
2026-06-05T10:45:00+05:30,237.97,238.86,235.52,237.91,6895,0
2026-06-05T11:00:00+05:30,238.4,242.09,238.31,239.86,6642,0
2026-06-05T11:15:00+05:30,239.86,240.75,238.43,239.02,2236,0
2026-06-05T11:30:00+05:30,239.0,240.21,238.88,240.21,3209,0
2026-06-05T11:45:00+05:30,240.0,240.36,234.0,235.61,22022,0
2026-06-05T12:00:00+05:30,235.35,236.01,234.2,234.22,3661,0
2026-06-05T12:15:00+05:30,234.22,235.83,234.22,235.0,2424,0
2026-06-05T12:30:00+05:30,235.0,235.0,234.0,234.5,3624,0
2026-06-05T12:45:00+05:30,234.5,234.5,231.18,232.34,6194,0
2026-06-05T13:00:00+05:30,232.0,233.39,231.36,232.5,1444,0
2026-06-05T13:15:00+05:30,232.5,233.09,230.01,231.61,10701,0
2026-06-05T13:30:00+05:30,231.61,231.61,228.98,230.01,20817,0
2026-06-05T13:45:00+05:30,230.04,230.51,229.41,230.4,3270,0
2026-06-05T14:00:00+05:30,230.39,230.64,230.04,230.04,142,0
2026-06-05T14:15:00+05:30,230.04,230.69,229.22,230.69,543,0
2026-06-05T14:30:00+05:30,230.6,230.94,230.0,230.0,606,0
2026-06-05T14:45:00+05:30,230.83,231.0,229.71,230.18,2769,0
2026-06-05T15:00:00+05:30,230.18,237.44,229.53,237.2,21456,0
2026-06-05T15:15:00+05:30,237.18,237.96,236.0,236.99,15586,0
2026-06-08T09:15:00+05:30,232.0,238.28,230.03,236.16,33137,0
2026-06-08T09:30:00+05:30,236.1,242.0,235.0,236.14,36763,0
2026-06-08T09:45:00+05:30,236.12,240.59,235.0,240.59,17694,0
2026-06-08T10:00:00+05:30,240.04,240.04,237.08,238.0,4678,0
2026-06-08T10:15:00+05:30,237.99,238.49,237.07,238.14,2027,0
2026-06-08T10:30:00+05:30,238.53,240.59,238.53,240.12,11872,0
2026-06-08T10:45:00+05:30,240.12,242.0,240.12,241.5,3420,0
2026-06-08T11:00:00+05:30,241.57,249.95,241.5,246.6,43488,0
2026-06-08T11:15:00+05:30,246.96,246.98,242.73,243.0,5977,0
2026-06-08T11:30:00+05:30,243.1,244.87,242.5,243.5,5861,0
2026-06-08T11:45:00+05:30,243.5,245.04,243.23,244.02,8365,0
2026-06-08T12:00:00+05:30,244.04,246.78,243.21,245.23,5249,0
2026-06-08T12:15:00+05:30,244.89,247.22,243.91,243.99,17811,0
2026-06-08T12:30:00+05:30,243.99,245.77,242.46,244.5,7580,0
2026-06-08T12:45:00+05:30,244.5,249.78,241.11,246.6,44185,0
2026-06-08T13:00:00+05:30,245.82,247.84,244.97,245.53,11666,0
2026-06-08T13:15:00+05:30,245.53,247.19,238.0,244.14,93338,0
2026-06-08T13:30:00+05:30,244.14,244.98,241.21,242.46,5807,0
2026-06-08T13:45:00+05:30,242.46,242.46,240.49,241.04,849,0
2026-06-08T14:00:00+05:30,240.71,241.52,240.0,240.01,8583,0
2026-06-08T14:15:00+05:30,240.38,240.75,239.15,240.75,19956,0
2026-06-08T14:30:00+05:30,240.75,242.06,240.07,241.91,3649,0
2026-06-08T14:45:00+05:30,241.32,242.83,240.03,241.6,5528,0
2026-06-08T15:00:00+05:30,241.51,242.08,240.01,240.63,9293,0
2026-06-08T15:15:00+05:30,241.09,241.9,239.16,240.0,31814,0
2026-06-09T09:15:00+05:30,239.89,249.95,239.89,247.62,31948,0
2026-06-09T09:30:00+05:30,248.12,249.9,247.62,248.44,10066,0
2026-06-09T09:45:00+05:30,247.98,250.0,247.21,248.65,15182,0
2026-06-09T10:00:00+05:30,248.65,249.15,247.73,248.87,3687,0
2026-06-09T10:15:00+05:30,248.87,249.06,247.71,248.0,2627,0
2026-06-09T10:30:00+05:30,248.0,248.0,247.08,247.78,287,0
2026-06-09T10:45:00+05:30,247.82,248.5,246.3,246.3,1736,0
2026-06-09T11:00:00+05:30,246.3,246.77,245.72,246.09,1166,0
2026-06-09T11:15:00+05:30,245.87,246.28,244.94,244.94,3572,0
2026-06-09T11:30:00+05:30,244.94,245.09,244.05,244.24,2378,0
2026-06-09T11:45:00+05:30,244.24,250.0,244.24,247.94,11938,0
2026-06-09T12:00:00+05:30,247.94,250.35,245.6,248.85,14895,0
2026-06-09T12:15:00+05:30,248.85,249.92,248.23,249.0,2161,0
2026-06-09T12:30:00+05:30,248.9,249.11,248.02,249.01,3050,0
2026-06-09T12:45:00+05:30,249.01,249.01,248.0,248.0,432,0
2026-06-09T13:00:00+05:30,248.0,249.0,248.0,249.0,968,0
2026-06-09T13:15:00+05:30,248.88,249.0,248.03,248.38,904,0
2026-06-09T13:30:00+05:30,248.38,248.65,248.25,248.65,288,0
2026-06-09T13:45:00+05:30,248.65,248.65,247.21,247.21,1653,0
2026-06-09T14:00:00+05:30,247.21,247.21,245.8,246.34,3219,0
2026-06-09T14:15:00+05:30,245.87,245.87,242.6,243.59,12967,0
2026-06-09T14:30:00+05:30,243.37,250.0,242.5,249.0,24641,0
2026-06-09T14:45:00+05:30,248.41,256.0,246.99,252.62,49938,0
2026-06-09T15:00:00+05:30,252.62,259.35,247.35,251.67,73624,0
2026-06-09T15:15:00+05:30,251.61,253.84,250.15,250.15,19715,0
2026-06-10T09:15:00+05:30,253.0,254.0,248.18,249.4,17896,0
2026-06-10T09:30:00+05:30,249.21,250.56,248.81,249.49,5298,0
2026-06-10T09:45:00+05:30,249.49,251.68,248.84,248.85,2332,0
2026-06-10T10:00:00+05:30,249.46,249.56,246.49,246.49,4471,0
2026-06-10T10:15:00+05:30,246.98,247.91,246.52,247.2,2591,0
2026-06-10T10:30:00+05:30,247.11,247.59,246.01,247.35,3781,0
2026-06-10T10:45:00+05:30,247.51,248.01,246.68,247.11,2952,0
2026-06-10T11:00:00+05:30,247.17,248.19,246.31,247.11,2946,0
2026-06-10T11:15:00+05:30,247.11,248.5,246.81,247.39,3928,0
2026-06-10T11:30:00+05:30,247.39,247.39,246.55,246.62,654,0
2026-06-10T11:45:00+05:30,247.07,247.49,247.07,247.49,219,0
2026-06-10T12:00:00+05:30,247.49,247.49,246.75,246.75,80,0
2026-06-10T12:15:00+05:30,246.75,247.91,246.33,247.91,3387,0
2026-06-10T12:30:00+05:30,247.91,248.17,246.41,246.51,4579,0
2026-06-10T12:45:00+05:30,246.43,246.93,246.05,246.73,1834,0
2026-06-10T13:00:00+05:30,246.73,248.71,246.0,246.96,4461,0
2026-06-10T13:15:00+05:30,246.96,248.0,246.96,247.61,750,0
2026-06-10T13:30:00+05:30,247.33,247.43,239.71,243.08,30754,0
2026-06-10T13:45:00+05:30,243.08,243.44,242.54,243.26,113,0
2026-06-10T14:00:00+05:30,243.01,243.59,242.45,243.14,1780,0
2026-06-10T14:15:00+05:30,242.98,243.83,242.98,243.5,1117,0
2026-06-10T14:30:00+05:30,243.0,243.39,241.26,242.0,4659,0
2026-06-10T14:45:00+05:30,242.0,242.36,241.21,241.86,1510,0
2026-06-10T15:00:00+05:30,242.19,242.34,240.81,241.0,5583,0
2026-06-10T15:15:00+05:30,241.0,242.89,240.0,241.0,14667,0
2026-06-11T09:15:00+05:30,242.0,244.17,240.0,242.17,7587,0
2026-06-11T09:30:00+05:30,242.17,247.97,241.75,245.5,12783,0
2026-06-11T09:45:00+05:30,245.52,245.52,243.35,243.35,1178,0
2026-06-11T10:00:00+05:30,243.15,244.57,242.63,243.44,1042,0
2026-06-11T10:15:00+05:30,243.44,243.59,242.0,242.83,2164,0
2026-06-11T10:30:00+05:30,242.83,244.19,241.44,241.74,2919,0
2026-06-11T10:45:00+05:30,242.12,242.58,241.46,242.19,721,0
2026-06-11T11:00:00+05:30,241.67,241.99,240.8,241.99,2293,0
2026-06-11T11:15:00+05:30,241.75,241.82,240.83,241.35,758,0
2026-06-11T11:30:00+05:30,241.35,242.39,241.35,241.44,778,0
2026-06-11T11:45:00+05:30,241.44,241.82,240.0,240.12,14901,0
2026-06-11T12:00:00+05:30,240.7,241.7,240.21,240.21,1129,0
2026-06-11T12:15:00+05:30,240.21,240.52,240.13,240.13,132,0
2026-06-11T12:30:00+05:30,240.13,240.31,240.13,240.3,61,0
2026-06-11T12:45:00+05:30,240.3,240.5,240.0,240.0,12960,0
2026-06-11T13:00:00+05:30,240.13,240.13,238.2,238.2,989,0
2026-06-11T13:15:00+05:30,238.15,238.28,234.36,236.54,14352,0
2026-06-11T13:30:00+05:30,236.54,236.99,230.55,234.53,15948,0
2026-06-11T13:45:00+05:30,234.68,236.19,234.66,235.31,885,0
2026-06-11T14:00:00+05:30,235.62,235.89,234.92,234.92,188,0
2026-06-11T14:15:00+05:30,234.92,236.65,234.92,236.64,124,0
2026-06-11T14:30:00+05:30,236.64,237.79,235.64,235.93,4303,0
2026-06-11T14:45:00+05:30,235.93,235.93,234.16,234.16,2149,0
2026-06-11T15:00:00+05:30,234.66,235.48,233.15,234.89,6061,0
2026-06-11T15:15:00+05:30,234.23,235.75,232.0,234.0,15641,0
2026-06-12T09:15:00+05:30,238.21,242.65,238.21,240.63,9034,0
2026-06-12T09:30:00+05:30,240.63,240.63,237.46,238.61,13366,0
2026-06-12T09:45:00+05:30,238.52,238.52,237.64,237.65,4225,0
2026-06-12T10:00:00+05:30,237.65,238.6,236.35,238.24,4794,0
2026-06-12T10:15:00+05:30,238.24,238.5,238.0,238.5,2484,0
2026-06-12T10:30:00+05:30,238.5,238.5,237.11,237.64,2500,0
2026-06-12T10:45:00+05:30,237.64,237.86,235.39,235.84,4804,0
2026-06-12T11:00:00+05:30,235.84,236.4,235.84,235.85,1355,0
2026-06-12T11:15:00+05:30,236.09,236.99,236.08,236.28,3030,0
2026-06-12T11:30:00+05:30,236.28,236.59,234.91,236.0,8743,0
2026-06-12T11:45:00+05:30,236.52,238.09,236.02,237.27,1126,0
2026-06-12T12:00:00+05:30,237.37,237.5,236.57,237.18,2387,0
2026-06-12T12:15:00+05:30,236.87,237.04,236.74,236.79,35,0
2026-06-12T12:30:00+05:30,236.79,236.79,235.5,235.5,12659,0
2026-06-12T12:45:00+05:30,235.71,236.02,235.33,235.86,127,0
2026-06-12T13:00:00+05:30,235.79,235.86,235.78,235.86,175,0
2026-06-12T13:15:00+05:30,235.86,236.44,235.41,236.13,586,0
2026-06-12T13:30:00+05:30,236.39,237.64,236.16,237.33,702,0
2026-06-12T13:45:00+05:30,237.46,247.37,237.4,243.42,34668,0
2026-06-12T14:00:00+05:30,243.41,244.88,242.76,243.56,6672,0
2026-06-12T14:15:00+05:30,243.58,244.0,242.85,243.61,2289,0
2026-06-12T14:30:00+05:30,243.61,245.55,241.61,242.02,8836,0
2026-06-12T14:45:00+05:30,242.02,247.4,242.02,246.0,18947,0
2026-06-12T15:00:00+05:30,245.99,246.0,244.01,244.01,9638,0
2026-06-12T15:15:00+05:30,244.0,244.04,240.1,240.45,28475,0
2026-06-15T09:15:00+05:30,245.9,246.75,242.67,243.7,17657,0
2026-06-15T09:30:00+05:30,243.99,245.19,242.92,244.7,2322,0
2026-06-15T09:45:00+05:30,244.41,245.62,243.64,243.68,2847,0
2026-06-15T10:00:00+05:30,243.41,244.39,242.82,243.62,2706,0
2026-06-15T10:15:00+05:30,243.62,243.62,243.25,243.26,571,0
2026-06-15T10:30:00+05:30,243.26,244.18,241.46,243.09,7282,0
2026-06-15T10:45:00+05:30,243.09,245.0,243.09,245.0,1648,0
2026-06-15T11:00:00+05:30,245.4,246.51,245.12,245.57,2916,0
2026-06-15T11:15:00+05:30,245.57,245.96,244.5,245.14,2308,0
2026-06-15T11:30:00+05:30,245.17,249.5,244.93,247.21,6442,0
2026-06-15T11:45:00+05:30,247.22,249.9,247.02,248.0,17402,0
2026-06-15T12:00:00+05:30,248.07,252.44,248.07,251.6,11435,0
2026-06-15T12:15:00+05:30,252.44,252.8,247.05,248.0,12540,0
2026-06-15T12:30:00+05:30,248.26,248.26,246.85,247.33,3212,0
2026-06-15T12:45:00+05:30,247.78,248.49,246.01,248.02,5915,0
2026-06-15T13:00:00+05:30,248.1,249.61,248.1,249.0,1903,0
2026-06-15T13:15:00+05:30,249.0,249.01,248.0,248.0,956,0
2026-06-15T13:30:00+05:30,248.0,248.77,248.0,248.32,1217,0
2026-06-15T13:45:00+05:30,248.32,249.87,248.32,249.87,6261,0
2026-06-15T14:00:00+05:30,249.9,250.5,248.26,248.26,17578,0
2026-06-15T14:15:00+05:30,248.27,248.68,247.55,247.55,2750,0
2026-06-15T14:30:00+05:30,247.55,247.71,246.25,246.47,1342,0
2026-06-15T14:45:00+05:30,246.47,246.73,244.63,245.93,4266,0
2026-06-15T15:00:00+05:30,245.99,245.99,243.0,243.73,3298,0
2026-06-15T15:15:00+05:30,243.01,247.67,242.35,243.0,19813,0
2026-06-16T09:15:00+05:30,243.28,248.03,243.28,247.28,2001,0
2026-06-16T09:30:00+05:30,247.54,251.38,246.63,250.05,31088,0
2026-06-16T09:45:00+05:30,250.06,250.06,247.34,248.03,6567,0
2026-06-16T10:00:00+05:30,248.03,249.9,247.82,249.43,4852,0
2026-06-16T10:15:00+05:30,249.43,250.0,248.51,248.99,1674,0
2026-06-16T10:30:00+05:30,248.94,250.0,247.47,248.36,5697,0
2026-06-16T10:45:00+05:30,248.36,248.96,247.5,247.5,1342,0
2026-06-16T11:00:00+05:30,247.43,247.77,246.21,246.46,1368,0
2026-06-16T11:15:00+05:30,246.53,246.87,246.53,246.65,42,0
2026-06-16T11:30:00+05:30,246.65,247.98,246.22,247.28,4134,0
2026-06-16T11:45:00+05:30,247.28,248.31,246.49,246.5,2356,0
2026-06-16T12:00:00+05:30,246.5,247.0,246.5,246.75,473,0
2026-06-16T12:15:00+05:30,246.93,247.52,246.52,247.52,1690,0
2026-06-16T12:30:00+05:30,247.52,249.0,247.49,248.77,1193,0
2026-06-16T12:45:00+05:30,248.77,249.0,248.26,248.38,496,0
2026-06-16T13:00:00+05:30,248.72,248.87,247.93,248.32,1489,0
2026-06-16T13:15:00+05:30,248.32,248.32,247.71,248.32,1044,0
2026-06-16T13:30:00+05:30,248.32,248.49,248.0,248.0,53,0
2026-06-16T13:45:00+05:30,247.6,248.0,247.25,247.31,1797,0
2026-06-16T14:00:00+05:30,247.69,247.97,247.11,247.6,2614,0
2026-06-16T14:15:00+05:30,247.6,248.18,246.5,247.03,2825,0
2026-06-16T14:30:00+05:30,247.05,247.05,246.49,246.91,1924,0
2026-06-16T14:45:00+05:30,246.91,247.56,246.83,247.49,234,0
2026-06-16T15:00:00+05:30,247.49,249.79,247.2,247.2,2464,0
2026-06-16T15:15:00+05:30,247.2,249.95,246.81,249.95,7007,0
2026-06-17T09:15:00+05:30,247.25,247.85,245.03,245.62,1928,0
2026-06-17T09:30:00+05:30,245.62,247.01,245.21,246.5,7732,0
2026-06-17T09:45:00+05:30,246.48,246.65,245.01,245.95,1429,0
2026-06-17T10:00:00+05:30,245.17,245.17,244.0,244.33,4483,0
2026-06-17T10:15:00+05:30,244.33,245.19,244.21,244.68,3559,0
2026-06-17T10:30:00+05:30,244.68,244.89,244.68,244.89,50,0
2026-06-17T10:45:00+05:30,244.89,244.89,244.35,244.36,199,0
2026-06-17T11:00:00+05:30,244.69,245.95,244.5,245.38,3232,0
2026-06-17T11:15:00+05:30,245.03,245.41,244.25,245.01,5955,0
2026-06-17T11:30:00+05:30,245.02,245.51,244.74,244.83,848,0
2026-06-17T11:45:00+05:30,244.92,245.59,244.83,244.83,893,0
2026-06-17T12:00:00+05:30,245.22,245.25,245.0,245.0,189,0
2026-06-17T12:15:00+05:30,245.0,245.72,245.0,245.35,338,0
2026-06-17T12:30:00+05:30,245.65,245.65,244.62,245.24,1727,0
2026-06-17T12:45:00+05:30,245.21,245.26,244.62,245.18,361,0
2026-06-17T13:00:00+05:30,244.73,245.73,242.15,242.16,7732,0
2026-06-17T13:15:00+05:30,242.16,243.27,242.16,242.89,5519,0
2026-06-17T13:30:00+05:30,242.99,243.85,242.5,243.85,8684,0
2026-06-17T13:45:00+05:30,243.72,244.5,240.96,242.0,5802,0
2026-06-17T14:00:00+05:30,242.23,243.58,241.8,242.8,3107,0
2026-06-17T14:15:00+05:30,242.8,243.0,240.97,241.7,9509,0
2026-06-17T14:30:00+05:30,241.64,242.38,241.64,241.9,508,0
2026-06-17T14:45:00+05:30,242.05,242.59,241.33,242.04,1171,0
2026-06-17T15:00:00+05:30,242.35,243.66,242.07,243.61,7737,0
2026-06-17T15:15:00+05:30,243.6,244.05,241.45,241.45,15048,0
2026-06-18T09:15:00+05:30,241.18,244.73,241.18,244.22,3095,0
2026-06-18T09:30:00+05:30,244.22,244.95,244.0,244.51,2157,0
2026-06-18T09:45:00+05:30,244.51,244.52,242.89,242.89,3085,0
2026-06-18T10:00:00+05:30,242.89,243.73,242.89,243.3,79,0
2026-06-18T10:15:00+05:30,243.3,243.88,242.07,243.26,922,0
2026-06-18T10:30:00+05:30,242.85,243.03,242.01,242.62,1522,0
2026-06-18T10:45:00+05:30,242.62,243.0,242.47,243.0,80,0
2026-06-18T11:00:00+05:30,242.44,242.79,242.14,242.14,443,0
2026-06-18T11:15:00+05:30,242.14,242.14,242.0,242.05,601,0
2026-06-18T11:30:00+05:30,242.05,242.61,242.0,242.0,2474,0
2026-06-18T11:45:00+05:30,242.0,242.19,242.0,242.19,102,0
2026-06-18T12:00:00+05:30,242.19,242.49,240.36,240.55,3982,0
2026-06-18T12:15:00+05:30,240.55,241.71,240.55,241.71,2487,0
2026-06-18T12:30:00+05:30,241.55,241.77,241.29,241.38,300,0
2026-06-18T12:45:00+05:30,241.38,241.74,241.1,241.71,280,0
2026-06-18T13:00:00+05:30,241.71,241.82,241.01,241.01,3329,0
2026-06-18T13:15:00+05:30,241.01,241.98,241.01,241.56,529,0
2026-06-18T13:30:00+05:30,241.56,242.32,241.56,242.25,792,0
2026-06-18T13:45:00+05:30,242.25,243.5,242.02,242.02,4355,0
2026-06-18T14:00:00+05:30,242.02,242.28,241.83,241.83,2,0
2026-06-18T14:15:00+05:30,241.83,241.83,241.16,241.5,4141,0
2026-06-18T14:30:00+05:30,241.5,241.82,241.0,241.09,1214,0
2026-06-18T14:45:00+05:30,241.09,241.47,237.88,240.0,20777,0
2026-06-18T15:00:00+05:30,240.0,243.34,239.61,242.54,4587,0
2026-06-18T15:15:00+05:30,243.49,247.45,242.53,247.0,15760,0
2026-06-19T09:15:00+05:30,245.0,248.95,245.0,245.02,16648,0
2026-06-19T09:30:00+05:30,245.02,246.97,244.27,244.36,2502,0
2026-06-19T09:45:00+05:30,244.42,246.39,244.13,246.39,1396,0
2026-06-19T10:00:00+05:30,246.43,247.59,246.21,246.21,3823,0
2026-06-19T10:15:00+05:30,246.21,249.39,246.21,249.01,13183,0
2026-06-19T10:30:00+05:30,249.54,250.0,248.1,249.13,11805,0
2026-06-19T10:45:00+05:30,249.5,252.0,248.3,249.29,45674,0
2026-06-19T11:00:00+05:30,249.3,249.53,248.0,248.58,1111,0
2026-06-19T11:15:00+05:30,248.58,248.6,247.5,248.59,762,0
2026-06-19T11:30:00+05:30,248.59,249.07,247.95,248.61,2236,0
2026-06-19T11:45:00+05:30,248.61,248.61,246.6,246.89,2289,0
2026-06-19T12:00:00+05:30,246.89,247.0,246.35,246.43,496,0
2026-06-19T12:15:00+05:30,246.35,247.44,246.26,246.91,5487,0
2026-06-19T12:30:00+05:30,247.19,247.57,246.27,246.63,4413,0
2026-06-19T12:45:00+05:30,246.63,247.53,246.29,247.53,1183,0
2026-06-19T13:00:00+05:30,247.57,247.8,245.26,245.64,2285,0
2026-06-19T13:15:00+05:30,245.64,245.96,244.41,245.42,2158,0
2026-06-19T13:30:00+05:30,245.58,245.58,245.09,245.58,15,0
2026-06-19T13:45:00+05:30,245.58,245.79,245.41,245.45,133,0
2026-06-19T14:00:00+05:30,245.45,246.59,245.42,245.97,1932,0
2026-06-19T14:15:00+05:30,245.97,246.03,245.5,245.5,3017,0
2026-06-19T14:30:00+05:30,245.5,246.5,245.5,245.86,5242,0
2026-06-19T14:45:00+05:30,245.86,247.58,245.86,247.2,3441,0
2026-06-19T15:00:00+05:30,247.45,250.6,247.45,250.0,10509,0
2026-06-19T15:15:00+05:30,250.23,250.48,249.2,249.2,16259,0
2026-06-22T09:15:00+05:30,249.47,251.51,248.63,249.39,4223,0
2026-06-22T09:30:00+05:30,249.0,249.54,248.95,249.02,630,0
2026-06-22T09:45:00+05:30,249.23,249.85,248.2,249.08,3662,0
2026-06-22T10:00:00+05:30,249.08,249.39,248.61,249.39,1057,0
2026-06-22T10:15:00+05:30,249.39,249.58,249.24,249.4,1522,0
2026-06-22T10:30:00+05:30,249.4,249.5,248.22,248.97,3137,0
2026-06-22T10:45:00+05:30,248.97,249.18,247.01,249.14,7779,0
2026-06-22T11:00:00+05:30,249.23,249.25,246.8,246.8,5052,0
2026-06-22T11:15:00+05:30,246.8,247.12,246.0,246.81,1338,0
2026-06-22T11:30:00+05:30,246.76,247.38,246.01,246.67,3575,0
2026-06-22T11:45:00+05:30,246.67,246.67,245.5,245.56,1990,0
2026-06-22T12:00:00+05:30,245.57,247.57,245.55,247.57,1006,0
2026-06-22T12:15:00+05:30,247.57,247.62,246.7,246.81,898,0
2026-06-22T12:30:00+05:30,246.81,247.36,246.68,247.02,1273,0
2026-06-22T12:45:00+05:30,247.02,247.02,246.95,246.95,26,0
2026-06-22T13:00:00+05:30,246.95,247.2,246.81,246.81,1383,0
2026-06-22T13:15:00+05:30,246.81,248.7,246.81,247.88,3913,0
2026-06-22T13:30:00+05:30,247.88,247.88,247.33,247.33,202,0
2026-06-22T13:45:00+05:30,247.33,247.45,247.07,247.07,27,0
2026-06-22T14:00:00+05:30,247.07,247.07,246.81,246.81,232,0
2026-06-22T14:15:00+05:30,246.81,247.5,245.64,246.18,4017,0
2026-06-22T14:30:00+05:30,246.23,247.18,246.1,247.0,3515,0
2026-06-22T14:45:00+05:30,247.0,247.46,246.61,247.04,1030,0
2026-06-22T15:00:00+05:30,247.03,247.73,246.5,247.69,3348,0
2026-06-22T15:15:00+05:30,247.69,249.0,245.55,249.0,6005,0
2026-06-23T09:15:00+05:30,248.25,248.25,245.62,245.65,1840,0
2026-06-23T09:30:00+05:30,246.22,246.5,245.0,245.28,3738,0
2026-06-23T09:45:00+05:30,245.28,245.52,244.75,244.75,1471,0
2026-06-23T10:00:00+05:30,244.89,245.0,244.27,244.92,1425,0
2026-06-23T10:15:00+05:30,244.92,244.92,243.71,244.16,2621,0
2026-06-23T10:30:00+05:30,243.69,244.47,243.69,243.81,209,0
2026-06-23T10:45:00+05:30,243.81,244.17,243.21,244.17,814,0
2026-06-23T11:00:00+05:30,243.61,244.01,243.49,243.5,1940,0
2026-06-23T11:15:00+05:30,243.22,243.5,240.8,242.45,8236,0
2026-06-23T11:30:00+05:30,242.52,242.52,241.24,241.51,1678,0
2026-06-23T11:45:00+05:30,241.51,241.52,239.0,239.6,10562,0
2026-06-23T12:00:00+05:30,239.82,239.88,237.62,238.56,4047,0
2026-06-23T12:15:00+05:30,238.56,239.22,235.89,237.31,20442,0
2026-06-23T12:30:00+05:30,237.34,238.78,235.65,238.0,13122,0
2026-06-23T12:45:00+05:30,238.33,240.27,238.33,239.88,7182,0
2026-06-23T13:00:00+05:30,239.88,240.7,239.76,240.01,1895,0
2026-06-23T13:15:00+05:30,239.81,240.01,239.61,240.0,1746,0
2026-06-23T13:30:00+05:30,240.0,240.48,240.0,240.48,258,0
2026-06-23T13:45:00+05:30,240.48,241.39,240.48,240.57,1585,0
2026-06-23T14:00:00+05:30,240.57,241.1,240.2,241.1,742,0
2026-06-23T14:15:00+05:30,241.29,241.5,240.52,240.8,5043,0
2026-06-23T14:30:00+05:30,241.22,241.43,241.0,241.43,2282,0
2026-06-23T14:45:00+05:30,241.43,242.87,241.1,242.87,5927,0
2026-06-23T15:00:00+05:30,242.89,245.71,242.88,244.0,23224,0
2026-06-23T15:15:00+05:30,244.21,245.65,244.0,245.2,20197,0
2026-06-24T09:15:00+05:30,243.14,249.0,243.14,248.0,6037,0
2026-06-24T09:30:00+05:30,248.26,250.3,247.8,249.7,9872,0
2026-06-24T09:45:00+05:30,249.69,253.17,246.06,252.27,25458,0
2026-06-24T10:00:00+05:30,252.0,252.0,250.5,250.61,7369,0
2026-06-24T10:15:00+05:30,250.61,251.0,250.05,250.65,1729,0
2026-06-24T10:30:00+05:30,250.65,250.65,249.2,250.0,4426,0
2026-06-24T10:45:00+05:30,250.0,254.8,249.98,254.0,14585,0
2026-06-24T11:00:00+05:30,254.21,257.23,254.0,256.79,32587,0
2026-06-24T11:15:00+05:30,256.19,257.8,255.21,257.3,8858,0
2026-06-24T11:30:00+05:30,257.34,263.29,256.0,260.26,43775,0
2026-06-24T11:45:00+05:30,260.95,262.0,257.9,259.85,24850,0
2026-06-24T12:00:00+05:30,260.02,261.88,259.9,260.5,15923,0
2026-06-24T12:15:00+05:30,260.5,261.23,259.96,260.21,11431,0
2026-06-24T12:30:00+05:30,260.28,262.0,256.15,260.59,41167,0
2026-06-24T12:45:00+05:30,260.23,260.59,258.06,260.37,14704,0
2026-06-24T13:00:00+05:30,260.08,260.47,259.37,260.17,7169,0
2026-06-24T13:15:00+05:30,260.17,262.0,260.04,261.57,5612,0
2026-06-24T13:30:00+05:30,261.46,261.5,260.04,260.59,6632,0
2026-06-24T13:45:00+05:30,260.05,260.05,257.68,257.86,2998,0
2026-06-24T14:00:00+05:30,258.2,258.99,257.42,258.15,4984,0
2026-06-24T14:15:00+05:30,257.84,259.5,257.01,258.45,13582,0
2026-06-24T14:30:00+05:30,258.56,261.0,257.85,261.0,14941,0
2026-06-24T14:45:00+05:30,260.67,261.16,260.41,260.5,7297,0
2026-06-24T15:00:00+05:30,260.42,261.0,259.36,259.92,9656,0
2026-06-24T15:15:00+05:30,259.32,261.06,258.05,261.0,29218,0
2026-06-25T09:15:00+05:30,261.3,262.9,259.62,261.27,16883,0
2026-06-25T09:30:00+05:30,261.3,262.03,260.02,261.33,9489,0
2026-06-25T09:45:00+05:30,261.83,262.75,261.29,262.74,8183,0
2026-06-25T10:00:00+05:30,262.73,263.8,261.65,263.8,7312,0
2026-06-25T10:15:00+05:30,263.8,265.0,262.81,264.25,9213,0
2026-06-25T10:30:00+05:30,264.0,265.0,262.76,264.0,9689,0
2026-06-25T10:45:00+05:30,264.49,265.7,263.22,264.08,21707,0
2026-06-25T11:00:00+05:30,264.08,264.79,263.2,264.79,1513,0
2026-06-25T11:15:00+05:30,264.79,264.79,263.42,264.49,2609,0
2026-06-25T11:30:00+05:30,264.44,264.44,262.98,263.6,9321,0
2026-06-25T11:45:00+05:30,263.59,264.0,262.51,263.01,2623,0
2026-06-25T12:00:00+05:30,263.01,263.01,260.5,261.97,8756,0
2026-06-25T12:15:00+05:30,261.97,261.97,260.25,260.99,3969,0
2026-06-25T12:30:00+05:30,260.99,262.71,260.01,262.12,2705,0
2026-06-25T12:45:00+05:30,262.12,263.01,261.6,261.65,3519,0
2026-06-25T13:00:00+05:30,261.65,261.66,260.0,260.01,3560,0
2026-06-25T13:15:00+05:30,260.52,262.05,260.02,261.86,2841,0
2026-06-25T13:30:00+05:30,261.57,262.83,261.56,262.83,1231,0
2026-06-25T13:45:00+05:30,262.83,262.83,260.99,262.0,2995,0
2026-06-25T14:00:00+05:30,262.0,262.51,261.77,262.51,5665,0
2026-06-25T14:15:00+05:30,262.51,263.7,261.5,262.9,5249,0
2026-06-25T14:30:00+05:30,262.9,265.35,262.8,265.0,10273,0
2026-06-25T14:45:00+05:30,264.53,264.53,261.19,261.4,9592,0
2026-06-25T15:00:00+05:30,261.0,261.01,258.35,259.85,9029,0
2026-06-25T15:15:00+05:30,260.2,261.54,255.0,256.15,14532,0
2026-06-29T09:15:00+05:30,258.1,259.75,254.42,256.36,7035,0
2026-06-29T09:30:00+05:30,256.38,258.77,255.5,257.74,4782,0
2026-06-29T09:45:00+05:30,257.73,258.54,257.01,258.03,3443,0
2026-06-29T10:00:00+05:30,258.03,258.03,257.24,257.36,667,0
2026-06-29T10:15:00+05:30,257.36,257.36,255.72,257.22,831,0
2026-06-29T10:30:00+05:30,257.0,257.33,255.51,255.51,575,0
2026-06-29T10:45:00+05:30,255.51,258.1,255.51,256.08,3197,0
2026-06-29T11:00:00+05:30,256.79,256.79,256.27,256.27,102,0
2026-06-29T11:15:00+05:30,256.33,256.33,256.0,256.0,169,0
2026-06-29T11:30:00+05:30,256.0,256.0,254.26,254.26,1915,0
2026-06-29T11:45:00+05:30,254.25,254.44,254.05,254.44,933,0
2026-06-29T12:00:00+05:30,254.44,254.44,253.41,253.43,1699,0
2026-06-29T12:15:00+05:30,253.43,254.0,253.35,253.62,195,0
2026-06-29T12:30:00+05:30,253.62,253.93,253.41,253.5,82,0
2026-06-29T12:45:00+05:30,253.9,253.99,253.4,253.48,1739,0
2026-06-29T13:00:00+05:30,253.48,255.18,253.48,255.18,1025,0
2026-06-29T13:15:00+05:30,254.43,254.99,254.0,254.0,727,0
2026-06-29T13:30:00+05:30,254.0,254.71,254.0,254.5,1190,0
2026-06-29T13:45:00+05:30,253.84,254.18,253.62,254.02,257,0
2026-06-29T14:00:00+05:30,254.02,254.81,254.02,254.23,127,0
2026-06-29T14:15:00+05:30,254.23,254.49,254.23,254.43,300,0
2026-06-29T14:30:00+05:30,254.43,255.38,254.43,255.38,1736,0
2026-06-29T14:45:00+05:30,255.23,256.99,254.47,255.38,2191,0
2026-06-29T15:00:00+05:30,255.32,255.32,254.0,254.12,1561,0
2026-06-29T15:15:00+05:30,254.15,255.51,254.01,255.3,5930,0
2026-06-30T09:15:00+05:30,253.39,256.19,253.39,255.26,1578,0
2026-06-30T09:30:00+05:30,255.34,255.34,254.15,254.15,69,0
2026-06-30T09:45:00+05:30,254.0,254.0,253.11,253.29,1185,0
2026-06-30T10:00:00+05:30,253.29,254.59,253.29,254.59,437,0
2026-06-30T10:15:00+05:30,254.59,254.59,253.28,253.28,1211,0
2026-06-30T10:30:00+05:30,253.28,253.79,253.28,253.28,446,0
2026-06-30T10:45:00+05:30,253.28,254.28,251.43,252.59,5463,0
2026-06-30T11:00:00+05:30,252.14,253.28,252.14,252.75,405,0
2026-06-30T11:15:00+05:30,252.84,254.38,252.75,254.38,686,0
2026-06-30T11:30:00+05:30,254.34,255.38,253.96,254.27,2692,0
2026-06-30T11:45:00+05:30,254.64,254.79,254.55,254.79,155,0
2026-06-30T12:00:00+05:30,254.79,254.79,253.83,253.83,32,0
2026-06-30T12:15:00+05:30,253.83,254.65,253.46,254.65,669,0
2026-06-30T12:30:00+05:30,254.65,255.0,253.92,254.4,1233,0
2026-06-30T12:45:00+05:30,254.4,256.0,254.4,256.0,8899,0
2026-06-30T13:00:00+05:30,255.53,255.53,254.83,254.96,211,0
2026-06-30T13:15:00+05:30,254.96,254.96,254.16,254.62,1093,0
2026-06-30T13:30:00+05:30,254.62,254.72,254.62,254.72,27,0
2026-06-30T13:45:00+05:30,254.72,254.72,254.3,254.45,23,0
2026-06-30T14:00:00+05:30,254.45,255.98,252.52,252.67,3791,0
2026-06-30T14:15:00+05:30,252.67,254.19,252.67,253.93,2204,0
2026-06-30T14:30:00+05:30,253.93,254.06,249.69,251.95,26670,0
2026-06-30T14:45:00+05:30,251.95,253.5,251.95,252.11,4285,0
2026-06-30T15:00:00+05:30,252.42,252.91,251.71,251.71,2388,0
2026-06-30T15:15:00+05:30,251.88,252.4,251.0,252.4,8294,0
2026-07-01T09:15:00+05:30,251.0,254.0,251.0,252.0,3257,0
2026-07-01T09:30:00+05:30,252.4,256.55,252.0,256.0,14403,0
2026-07-01T09:45:00+05:30,256.0,256.0,254.05,255.0,4362,0
2026-07-01T10:00:00+05:30,255.0,256.9,254.1,255.5,6600,0
2026-07-01T10:15:00+05:30,255.5,255.65,252.15,254.5,7181,0
2026-07-01T10:30:00+05:30,254.5,256.75,254.5,256.65,4331,0
2026-07-01T10:45:00+05:30,256.6,258.3,256.15,258.15,8008,0
2026-07-01T11:00:00+05:30,258.0,260.0,258.0,258.85,7986,0
2026-07-01T11:15:00+05:30,258.85,258.95,257.1,257.1,873,0
2026-07-01T11:30:00+05:30,257.1,257.75,257.0,257.75,7634,0
2026-07-01T11:45:00+05:30,257.75,257.75,256.35,256.4,1742,0
2026-07-01T12:00:00+05:30,256.35,258.95,256.35,257.45,4256,0
2026-07-01T12:15:00+05:30,257.45,257.45,256.8,257.2,1126,0
2026-07-01T12:30:00+05:30,257.2,257.7,256.0,256.85,2510,0
2026-07-01T12:45:00+05:30,257.0,257.0,256.35,256.5,557,0
2026-07-01T13:00:00+05:30,256.5,256.5,256.4,256.4,14,0
2026-07-01T13:15:00+05:30,256.4,256.6,256.0,256.0,1453,0
2026-07-01T13:30:00+05:30,256.0,256.6,255.55,255.9,84,0
2026-07-01T13:45:00+05:30,255.9,256.2,255.0,255.05,805,0
2026-07-01T14:00:00+05:30,255.05,255.5,254.35,254.35,776,0
2026-07-01T14:15:00+05:30,254.9,256.45,254.9,256.45,1358,0
2026-07-01T14:30:00+05:30,256.1,256.1,254.3,254.3,678,0
2026-07-01T14:45:00+05:30,254.3,255.0,254.2,254.4,1698,0
2026-07-01T15:00:00+05:30,254.45,255.15,253.1,254.25,4026,0
2026-07-01T15:15:00+05:30,253.6,253.8,250.55,253.8,14948,0
2026-07-02T09:15:00+05:30,253.7,259.0,253.7,257.4,12997,0
2026-07-02T09:30:00+05:30,258.35,262.4,258.35,258.9,29889,0
2026-07-02T09:45:00+05:30,258.5,258.55,256.4,256.8,8252,0
2026-07-02T10:00:00+05:30,256.5,257.45,256.5,257.4,1103,0
2026-07-02T10:15:00+05:30,257.4,257.4,256.95,257.3,85,0
2026-07-02T10:30:00+05:30,257.3,263.85,257.3,262.05,21142,0
2026-07-02T10:45:00+05:30,261.9,263.2,261.8,263.0,7237,0
2026-07-02T11:00:00+05:30,263.0,263.75,263.0,263.0,5752,0
2026-07-02T11:15:00+05:30,263.0,268.2,262.5,266.4,37093,0
2026-07-02T11:30:00+05:30,266.25,266.5,264.55,265.25,9007,0
2026-07-02T11:45:00+05:30,265.35,265.5,263.7,264.0,7707,0
2026-07-02T12:00:00+05:30,264.05,264.95,263.7,264.95,4972,0
2026-07-02T12:15:00+05:30,264.1,264.85,264.0,264.0,3180,0
2026-07-02T12:30:00+05:30,264.0,264.3,262.45,264.0,5147,0
2026-07-02T12:45:00+05:30,264.0,264.0,260.1,260.1,5195,0
2026-07-02T13:00:00+05:30,260.05,262.5,260.05,261.5,5017,0
2026-07-02T13:15:00+05:30,261.9,261.95,260.75,260.85,433,0
2026-07-02T13:30:00+05:30,260.9,260.9,259.0,259.15,3343,0
2026-07-02T13:45:00+05:30,259.75,260.2,259.3,259.7,1640,0
2026-07-02T14:00:00+05:30,259.7,260.0,259.1,259.3,343,0
2026-07-02T14:15:00+05:30,259.3,259.45,258.1,258.15,1187,0
2026-07-02T14:30:00+05:30,258.5,258.55,257.65,258.0,2403,0
2026-07-02T14:45:00+05:30,258.0,259.75,258.0,259.75,3828,0
2026-07-02T15:00:00+05:30,259.75,260.6,259.35,260.05,3440,0
2026-07-02T15:15:00+05:30,260.2,263.2,259.5,262.2,19504,0
2026-07-03T09:15:00+05:30,263.05,263.05,258.85,259.55,1616,0
2026-07-03T09:30:00+05:30,259.55,262.45,259.05,260.85,4761,0
2026-07-03T09:45:00+05:30,260.85,261.9,260.8,261.75,748,0
2026-07-03T10:00:00+05:30,261.9,262.65,261.0,261.3,2073,0
2026-07-03T10:15:00+05:30,261.3,262.7,260.85,261.1,3525,0
2026-07-03T10:30:00+05:30,261.9,261.9,260.3,260.35,235,0
2026-07-03T10:45:00+05:30,260.35,261.85,258.9,258.9,2278,0
2026-07-03T11:00:00+05:30,258.9,260.1,258.55,259.95,6347,0
2026-07-03T11:15:00+05:30,259.15,260.0,259.05,259.05,2176,0
2026-07-03T11:30:00+05:30,259.05,259.75,258.7,259.15,436,0
2026-07-03T11:45:00+05:30,259.15,259.15,258.5,258.55,408,0
2026-07-03T12:00:00+05:30,258.55,259.05,258.55,258.65,413,0
2026-07-03T12:15:00+05:30,258.65,259.5,258.6,259.5,2560,0
2026-07-03T12:30:00+05:30,259.55,260.0,259.5,259.65,765,0
2026-07-03T12:45:00+05:30,259.65,260.0,259.65,259.65,110,0
2026-07-03T13:00:00+05:30,260.0,260.0,259.5,260.0,484,0
2026-07-03T13:15:00+05:30,260.0,260.1,257.75,259.2,2544,0
2026-07-03T13:30:00+05:30,257.95,259.65,257.95,258.55,634,0
2026-07-03T13:45:00+05:30,258.55,258.7,258.25,258.7,40,0
2026-07-03T14:00:00+05:30,258.7,258.7,258.45,258.7,14,0
2026-07-03T14:15:00+05:30,258.7,259.1,258.0,258.35,1991,0
2026-07-03T14:30:00+05:30,258.75,258.85,257.65,257.9,256,0
2026-07-03T14:45:00+05:30,257.9,258.0,256.2,256.25,3985,0
2026-07-03T15:00:00+05:30,256.15,257.25,256.0,257.0,8740,0
2026-07-03T15:15:00+05:30,257.0,257.25,255.8,255.8,13586,0
2026-07-06T09:15:00+05:30,256.7,256.95,255.2,256.4,2278,0
2026-07-06T09:30:00+05:30,256.4,256.4,255.3,255.3,1672,0
2026-07-06T09:45:00+05:30,255.3,257.7,255.3,257.0,3080,0
2026-07-06T10:00:00+05:30,257.5,257.9,253.55,255.1,10221,0
2026-07-06T10:15:00+05:30,255.45,257.3,255.45,256.4,2920,0
2026-07-06T10:30:00+05:30,256.35,256.5,254.8,255.4,2516,0
2026-07-06T10:45:00+05:30,255.5,256.15,255.4,255.95,1418,0
2026-07-06T11:00:00+05:30,255.7,256.45,254.7,254.7,5582,0
2026-07-06T11:15:00+05:30,254.7,255.95,254.7,255.95,843,0
2026-07-06T11:30:00+05:30,255.95,256.15,255.25,255.7,354,0
2026-07-06T11:45:00+05:30,255.7,256.35,255.7,256.05,92,0
2026-07-06T12:00:00+05:30,256.05,256.45,255.6,255.6,563,0
2026-07-06T12:15:00+05:30,255.6,256.1,255.15,255.55,536,0
2026-07-06T12:30:00+05:30,255.55,256.15,255.55,255.55,30,0
2026-07-06T12:45:00+05:30,255.55,256.0,255.55,255.95,1003,0
2026-07-06T13:00:00+05:30,255.95,255.95,255.8,255.8,15,0
2026-07-06T13:15:00+05:30,255.8,256.1,255.05,255.85,507,0
2026-07-06T13:30:00+05:30,255.85,255.95,255.1,255.1,477,0
2026-07-06T13:45:00+05:30,255.1,256.15,255.1,255.5,116,0
2026-07-06T14:00:00+05:30,255.5,256.2,255.5,255.6,774,0
2026-07-06T14:15:00+05:30,255.6,256.5,255.5,256.0,1732,0
2026-07-06T14:30:00+05:30,256.1,257.0,255.1,257.0,3638,0
2026-07-06T14:45:00+05:30,257.0,257.35,257.0,257.35,253,0
2026-07-06T15:00:00+05:30,256.75,258.65,256.75,257.65,3209,0
2026-07-06T15:15:00+05:30,258.15,259.0,258.1,258.45,4353,0
2026-07-07T09:15:00+05:30,254.6,258.9,254.5,257.0,3126,0
2026-07-07T09:30:00+05:30,257.0,257.0,255.8,256.4,1308,0
2026-07-07T09:45:00+05:30,256.4,256.9,256.1,256.85,590,0
2026-07-07T10:00:00+05:30,256.75,258.6,256.75,257.75,1728,0
2026-07-07T10:15:00+05:30,257.75,257.85,256.85,256.85,812,0
2026-07-07T10:30:00+05:30,257.35,257.35,256.7,257.2,377,0
2026-07-07T10:45:00+05:30,257.2,257.55,257.2,257.3,936,0
2026-07-07T11:00:00+05:30,257.3,257.3,256.0,256.45,497,0
2026-07-07T11:15:00+05:30,256.0,256.5,255.15,256.5,2758,0
2026-07-07T11:30:00+05:30,256.5,257.2,256.5,257.2,168,0
2026-07-07T11:45:00+05:30,257.2,262.85,257.1,260.95,18271,0
2026-07-07T12:00:00+05:30,260.95,261.8,260.45,261.8,1455,0
2026-07-07T12:15:00+05:30,261.2,262.5,260.3,262.5,6857,0
2026-07-07T12:30:00+05:30,262.55,262.8,261.35,262.65,4807,0
2026-07-07T12:45:00+05:30,262.65,262.8,260.85,260.95,8001,0
2026-07-07T13:00:00+05:30,260.95,261.8,257.45,257.6,7180,0
2026-07-07T13:15:00+05:30,257.6,258.0,257.0,257.95,3751,0
2026-07-07T13:30:00+05:30,257.95,258.0,257.95,257.95,1012,0
2026-07-07T13:45:00+05:30,257.95,258.85,257.85,258.45,4883,0
2026-07-07T14:00:00+05:30,258.45,258.65,257.8,258.6,299,0
2026-07-07T14:15:00+05:30,258.6,258.9,258.55,258.7,110,0
2026-07-07T14:30:00+05:30,258.7,258.85,258.3,258.85,105,0
2026-07-07T14:45:00+05:30,258.2,258.9,258.05,258.8,101,0
2026-07-07T15:00:00+05:30,258.8,259.05,258.05,258.7,2697,0
2026-07-07T15:15:00+05:30,258.5,258.95,254.55,254.55,8066,0
2026-07-08T09:15:00+05:30,255.9,258.6,254.0,258.6,4972,0
2026-07-08T09:30:00+05:30,258.6,258.6,252.15,254.4,8504,0
2026-07-08T09:45:00+05:30,254.4,254.85,253.2,253.65,1957,0
2026-07-08T10:00:00+05:30,253.95,254.1,253.25,253.5,3916,0
2026-07-08T10:15:00+05:30,253.55,254.2,253.1,254.15,1520,0
2026-07-08T10:30:00+05:30,254.15,256.0,252.95,253.35,5164,0
2026-07-08T10:45:00+05:30,253.0,253.0,249.65,250.9,21382,0
2026-07-08T11:00:00+05:30,250.9,251.85,250.35,251.35,1206,0
2026-07-08T11:15:00+05:30,251.3,254.15,251.0,254.15,8403,0
2026-07-08T11:30:00+05:30,253.75,254.5,253.4,253.8,33863,0
2026-07-08T11:45:00+05:30,253.8,254.0,253.6,253.75,1995,0
2026-07-08T12:00:00+05:30,253.75,253.8,253.5,253.6,1243,0
2026-07-08T12:15:00+05:30,253.65,255.45,252.85,253.5,35757,0
2026-07-08T12:30:00+05:30,253.5,256.0,253.5,253.9,5143,0
2026-07-08T12:45:00+05:30,253.9,256.6,253.75,256.45,19011,0
2026-07-08T13:00:00+05:30,256.55,257.25,256.3,256.4,1123,0
2026-07-08T13:15:00+05:30,256.5,256.5,254.05,255.0,2709,0
2026-07-08T13:30:00+05:30,255.0,255.05,254.0,255.0,12248,0
2026-07-08T13:45:00+05:30,255.05,255.15,253.05,253.05,9735,0
2026-07-08T14:00:00+05:30,253.5,254.0,252.25,252.25,26738,0
2026-07-08T14:15:00+05:30,252.25,254.8,250.45,254.0,43000,0
2026-07-08T14:30:00+05:30,253.6,254.0,252.45,252.5,1905,0
2026-07-08T14:45:00+05:30,252.5,253.05,249.95,252.75,20625,0
2026-07-08T15:00:00+05:30,252.75,253.95,250.15,251.95,10796,0
2026-07-08T15:15:00+05:30,252.25,257.9,252.25,253.1,10211,0
2026-07-09T09:15:00+05:30,254.1,256.95,254.0,255.8,1950,0
2026-07-09T09:30:00+05:30,256.45,257.4,255.9,256.5,3206,0
2026-07-09T09:45:00+05:30,256.5,257.1,255.95,256.35,821,0
2026-07-09T10:00:00+05:30,256.35,259.0,256.35,258.35,3604,0
2026-07-09T10:15:00+05:30,258.35,259.55,255.9,255.9,3732,0
2026-07-09T10:30:00+05:30,255.9,255.95,254.95,255.95,7872,0
2026-07-09T10:45:00+05:30,255.95,255.95,254.9,254.9,759,0
2026-07-09T11:00:00+05:30,254.9,255.55,254.7,255.5,1510,0
2026-07-09T11:15:00+05:30,255.4,256.45,254.95,256.0,3361,0
2026-07-09T11:30:00+05:30,256.4,257.5,256.15,256.5,2611,0
2026-07-09T11:45:00+05:30,256.5,257.5,256.35,257.0,1510,0
2026-07-09T12:00:00+05:30,257.6,259.0,257.55,258.05,1582,0
2026-07-09T12:15:00+05:30,258.05,258.25,256.85,257.15,1024,0
2026-07-09T12:30:00+05:30,257.15,257.4,256.5,256.5,291,0
2026-07-09T12:45:00+05:30,256.45,256.95,256.45,256.9,551,0
2026-07-09T13:00:00+05:30,256.9,263.5,256.9,261.8,11560,0
2026-07-09T13:15:00+05:30,261.8,266.6,261.8,263.75,25517,0
2026-07-09T13:30:00+05:30,263.75,264.3,262.65,263.1,1843,0
2026-07-09T13:45:00+05:30,263.1,263.1,261.85,262.65,1353,0
2026-07-09T14:00:00+05:30,262.65,262.65,261.15,262.35,4951,0
2026-07-09T14:15:00+05:30,262.35,262.65,261.9,262.55,262,0
2026-07-09T14:30:00+05:30,262.55,262.55,261.5,261.5,1470,0
2026-07-09T14:45:00+05:30,261.1,261.9,260.6,260.7,3695,0
2026-07-09T15:00:00+05:30,260.7,261.15,258.55,258.85,4068,0
2026-07-09T15:15:00+05:30,258.75,262.0,258.1,260.0,12141,0
2026-07-10T09:15:00+05:30,262.95,262.95,260.45,262.1,2090,0
2026-07-10T09:30:00+05:30,262.2,262.9,262.2,262.9,1132,0
2026-07-10T09:45:00+05:30,262.55,262.9,261.6,261.9,2359,0
2026-07-10T10:00:00+05:30,261.9,262.75,260.8,262.7,2575,0
2026-07-10T10:15:00+05:30,262.7,264.0,261.65,263.8,2808,0
2026-07-10T10:30:00+05:30,263.8,266.25,263.75,266.0,9100,0
2026-07-10T10:45:00+05:30,266.0,266.0,264.1,264.3,3026,0
2026-07-10T11:00:00+05:30,264.3,269.05,263.4,269.05,19111,0
2026-07-10T11:15:00+05:30,269.35,273.95,268.1,268.45,23499,0
2026-07-10T11:30:00+05:30,268.4,271.0,268.3,270.35,7716,0
2026-07-10T11:45:00+05:30,270.1,271.4,269.05,271.0,10956,0
2026-07-10T12:00:00+05:30,270.35,270.35,267.75,269.05,7856,0
2026-07-10T12:15:00+05:30,269.55,270.0,267.3,267.3,11085,0
2026-07-10T12:30:00+05:30,267.4,269.0,266.65,268.95,7496,0
2026-07-10T12:45:00+05:30,269.1,269.4,268.35,269.05,1917,0
2026-07-10T13:00:00+05:30,269.1,269.7,269.0,269.05,806,0
2026-07-10T13:15:00+05:30,269.0,269.1,268.95,269.05,312,0
2026-07-10T13:30:00+05:30,269.05,271.3,269.05,270.45,7742,0
2026-07-10T13:45:00+05:30,270.45,271.45,269.6,270.65,2984,0
2026-07-10T14:00:00+05:30,270.65,270.8,269.8,270.15,1678,0
2026-07-10T14:15:00+05:30,270.15,270.15,269.5,269.85,1086,0
2026-07-10T14:30:00+05:30,269.85,272.0,269.85,271.2,9336,0
2026-07-10T14:45:00+05:30,271.2,272.0,269.85,272.0,4410,0
2026-07-10T15:00:00+05:30,271.2,271.25,268.2,268.75,10189,0
2026-07-10T15:15:00+05:30,268.75,270.0,268.2,269.7,8926,0
2026-07-13T09:15:00+05:30,267.0,275.0,265.75,272.05,27819,0
2026-07-13T09:30:00+05:30,272.05,273.4,271.95,272.8,1416,0
2026-07-13T09:45:00+05:30,272.85,274.75,272.15,274.7,16944,0
2026-07-13T10:00:00+05:30,274.5,275.0,273.0,273.0,8603,0
2026-07-13T10:15:00+05:30,273.0,274.2,272.5,272.7,5273,0
2026-07-13T10:30:00+05:30,272.7,272.7,271.85,272.05,2565,0
2026-07-13T10:45:00+05:30,272.05,275.0,269.1,269.2,10291,0
2026-07-13T11:00:00+05:30,269.2,271.15,269.2,271.0,632,0
2026-07-13T11:15:00+05:30,270.7,270.85,269.1,269.1,4880,0
2026-07-13T11:30:00+05:30,269.7,276.6,269.25,273.3,33504,0
2026-07-13T11:45:00+05:30,273.2,276.0,271.0,272.25,24273,0
2026-07-13T12:00:00+05:30,272.25,272.85,272.05,272.55,366,0
2026-07-13T12:15:00+05:30,272.3,272.3,271.4,271.55,8574,0
2026-07-13T12:30:00+05:30,271.95,272.1,270.25,270.85,2094,0
2026-07-13T12:45:00+05:30,270.85,270.95,270.25,270.9,329,0
2026-07-13T13:00:00+05:30,270.9,271.15,266.9,268.05,13141,0
2026-07-13T13:15:00+05:30,268.05,268.3,267.5,267.9,2378,0
2026-07-13T13:30:00+05:30,267.5,269.2,267.5,269.0,2390,0
2026-07-13T13:45:00+05:30,269.0,269.0,266.85,267.2,4720,0
2026-07-13T14:00:00+05:30,267.2,268.3,267.05,267.8,2000,0
2026-07-13T14:15:00+05:30,267.8,268.9,267.8,267.85,666,0
2026-07-13T14:30:00+05:30,267.85,268.9,267.7,268.25,1871,0
2026-07-13T14:45:00+05:30,268.25,269.9,267.15,269.7,7897,0
2026-07-13T15:00:00+05:30,269.6,270.05,268.8,269.25,1285,0
2026-07-13T15:15:00+05:30,269.25,270.75,266.75,270.75,22517,0
2026-07-14T09:15:00+05:30,269.0,269.0,265.5,265.5,5519,0
2026-07-14T09:30:00+05:30,265.5,266.7,264.05,264.2,5383,0
2026-07-14T09:45:00+05:30,264.2,265.3,262.4,263.4,5574,0
2026-07-14T10:00:00+05:30,263.9,266.0,263.3,263.85,2800,0
2026-07-14T10:15:00+05:30,264.25,264.75,263.5,263.5,752,0
2026-07-14T10:30:00+05:30,263.5,264.5,263.3,264.5,1223,0
2026-07-14T10:45:00+05:30,264.5,265.2,264.0,265.2,567,0
2026-07-14T11:00:00+05:30,264.95,264.95,264.25,264.25,153,0
2026-07-14T11:15:00+05:30,264.0,264.5,263.1,263.65,6057,0
2026-07-14T11:30:00+05:30,263.65,264.5,263.65,263.85,446,0
2026-07-14T11:45:00+05:30,263.75,263.75,263.35,263.35,1199,0
2026-07-14T12:00:00+05:30,263.1,263.5,262.85,263.35,1104,0
2026-07-14T12:15:00+05:30,263.35,263.35,262.85,262.85,164,0
2026-07-14T12:30:00+05:30,262.85,262.85,261.8,262.25,1641,0
2026-07-14T12:45:00+05:30,262.25,263.0,261.45,261.45,3678,0
2026-07-14T13:00:00+05:30,261.85,262.4,261.8,262.4,2800,0
2026-07-14T13:15:00+05:30,262.35,262.5,261.9,261.9,2883,0
2026-07-14T13:30:00+05:30,261.9,262.0,261.9,262.0,204,0
2026-07-14T13:45:00+05:30,262.0,262.0,262.0,262.0,0,0
2026-07-14T14:00:00+05:30,262.0,262.4,261.9,261.9,225,0
2026-07-14T14:15:00+05:30,261.9,262.3,261.85,262.3,122,0
2026-07-14T14:30:00+05:30,262.3,262.3,261.0,262.2,1215,0
2026-07-14T14:45:00+05:30,262.2,263.75,261.75,263.65,3546,0
2026-07-14T15:00:00+05:30,264.3,264.95,263.1,263.75,2797,0
2026-07-14T15:15:00+05:30,263.95,264.0,261.75,264.0,4079,0
2026-07-15T09:15:00+05:30,263.05,267.5,263.05,265.05,3228,0
2026-07-15T09:30:00+05:30,265.05,266.65,265.05,266.65,4229,0
2026-07-15T09:45:00+05:30,266.65,267.3,265.65,265.7,2893,0
2026-07-15T10:00:00+05:30,265.7,266.0,265.7,265.9,316,0
2026-07-15T10:15:00+05:30,265.6,265.95,265.45,265.65,641,0
2026-07-15T10:30:00+05:30,265.65,265.65,265.6,265.6,314,0
2026-07-15T10:45:00+05:30,265.65,265.9,265.6,265.9,709,0
2026-07-15T11:00:00+05:30,265.65,265.65,262.65,264.0,5594,0
2026-07-15T11:15:00+05:30,264.2,265.35,264.2,265.35,445,0
2026-07-15T11:30:00+05:30,265.35,265.5,265.0,265.0,489,0
2026-07-15T11:45:00+05:30,265.0,265.0,265.0,265.0,0,0
2026-07-15T12:00:00+05:30,265.1,267.95,265.1,267.95,5126,0
2026-07-15T12:15:00+05:30,267.9,272.5,267.05,271.65,13249,0
2026-07-15T12:30:00+05:30,271.8,272.0,271.0,271.0,15419,0
2026-07-15T12:45:00+05:30,271.0,271.75,271.0,271.0,5365,0
2026-07-15T13:00:00+05:30,271.0,271.3,268.4,271.25,28572,0
2026-07-15T13:15:00+05:30,270.9,270.9,268.5,268.5,1413,0
2026-07-15T13:30:00+05:30,269.0,269.2,268.0,268.0,1363,0
2026-07-15T13:45:00+05:30,267.3,267.7,265.5,267.0,7249,0
2026-07-15T14:00:00+05:30,267.0,267.6,267.0,267.1,320,0
2026-07-15T14:15:00+05:30,267.1,267.65,267.0,267.0,452,0
2026-07-15T14:30:00+05:30,267.0,267.0,264.65,265.0,8230,0
2026-07-15T14:45:00+05:30,265.0,268.55,265.0,267.95,11345,0
2026-07-15T15:00:00+05:30,268.15,270.0,267.8,269.55,4691,0
2026-07-15T15:15:00+05:30,269.5,273.0,267.1,273.0,32602,0
2026-07-16T09:15:00+05:30,270.95,275.45,265.05,272.55,12759,0
2026-07-16T09:30:00+05:30,272.55,272.6,272.05,272.6,3342,0
2026-07-16T09:45:00+05:30,272.25,273.0,272.25,272.3,1896,0
2026-07-16T10:00:00+05:30,272.3,272.3,271.0,271.0,581,0
2026-07-16T10:15:00+05:30,271.0,271.0,269.35,270.7,1797,0
2026-07-16T10:30:00+05:30,271.0,272.15,271.0,271.45,1212,0
2026-07-16T10:45:00+05:30,271.1,271.5,270.8,271.45,394,0
2026-07-16T11:00:00+05:30,270.9,272.15,270.8,271.1,639,0
2026-07-16T11:15:00+05:30,271.6,272.7,271.3,272.6,1719,0
2026-07-16T11:30:00+05:30,272.6,272.75,272.0,272.75,774,0
2026-07-16T11:45:00+05:30,272.75,272.75,272.0,272.0,1586,0
2026-07-16T12:00:00+05:30,272.0,273.5,272.0,273.05,2607,0
2026-07-16T12:15:00+05:30,273.45,274.0,272.3,272.95,1284,0
2026-07-16T12:30:00+05:30,272.95,272.95,271.4,272.0,1306,0
2026-07-16T12:45:00+05:30,272.0,272.0,271.5,272.0,1097,0
2026-07-16T13:00:00+05:30,272.0,272.05,272.0,272.0,400,0
2026-07-16T13:15:00+05:30,272.0,272.05,272.0,272.0,273,0
2026-07-16T13:30:00+05:30,272.0,272.0,269.45,270.1,732,0
2026-07-16T13:45:00+05:30,270.1,270.5,270.0,270.5,843,0
2026-07-16T14:00:00+05:30,270.35,270.55,270.1,270.1,510,0
2026-07-16T14:15:00+05:30,270.2,270.9,270.1,270.9,545,0
2026-07-16T14:30:00+05:30,270.9,270.9,270.2,270.8,3,0
2026-07-16T14:45:00+05:30,270.8,271.05,270.8,271.0,1736,0
2026-07-16T15:00:00+05:30,271.0,272.25,271.0,271.6,1186,0
2026-07-16T15:15:00+05:30,271.55,272.7,271.55,272.7,5701,0
2026-07-17T09:15:00+05:30,270.75,270.75,267.25,267.25,1586,0
2026-07-17T09:30:00+05:30,267.6,268.1,267.5,268.05,497,0
2026-07-17T09:45:00+05:30,268.05,268.05,266.2,266.2,461,0
2026-07-17T10:00:00+05:30,266.2,266.7,263.75,265.2,10169,0
2026-07-17T10:15:00+05:30,265.05,266.85,264.9,265.9,4077,0
2026-07-17T10:30:00+05:30,265.9,265.9,265.15,265.25,190,0
2026-07-17T10:45:00+05:30,265.6,265.65,265.25,265.6,211,0
2026-07-17T11:00:00+05:30,265.6,265.9,265.25,265.9,177,0
2026-07-17T11:15:00+05:30,265.4,265.4,264.45,264.7,1046,0
2026-07-17T11:30:00+05:30,264.7,264.95,263.45,263.45,2162,0
2026-07-17T11:45:00+05:30,263.45,263.95,263.35,263.55,305,0
2026-07-17T12:00:00+05:30,263.55,263.55,262.0,262.0,2795,0
2026-07-17T12:15:00+05:30,262.4,264.05,262.4,264.0,1129,0
2026-07-17T12:30:00+05:30,264.0,264.5,263.45,263.45,726,0
2026-07-17T12:45:00+05:30,263.45,263.55,263.05,263.15,210,0
2026-07-17T13:00:00+05:30,263.6,263.6,262.8,262.8,166,0
2026-07-17T13:15:00+05:30,262.8,263.55,262.8,263.5,176,0
2026-07-17T13:30:00+05:30,263.8,263.9,263.15,263.9,127,0
2026-07-17T13:45:00+05:30,263.9,263.95,263.5,263.95,108,0
2026-07-17T14:00:00+05:30,263.95,264.0,263.35,263.5,1072,0
2026-07-17T14:15:00+05:30,264.0,265.6,263.5,264.1,1051,0
2026-07-17T14:30:00+05:30,264.1,264.4,263.1,263.1,260,0
2026-07-17T14:45:00+05:30,263.7,264.4,263.15,264.0,1550,0
2026-07-17T15:00:00+05:30,264.0,273.05,264.0,271.15,20781,0
2026-07-17T15:15:00+05:30,270.95,271.45,269.0,269.25,7913,0
2026-07-20T09:15:00+05:30,267.65,267.65,265.1,266.2,1652,0
2026-07-20T09:30:00+05:30,265.5,266.2,265.1,265.8,2489,0
2026-07-20T09:45:00+05:30,265.8,266.2,265.55,265.75,357,0
2026-07-20T10:00:00+05:30,265.55,267.05,265.45,265.8,1176,0
2026-07-20T10:15:00+05:30,265.8,266.8,265.45,265.55,839,0
2026-07-20T10:30:00+05:30,265.55,266.7,265.55,266.55,968,0
2026-07-20T10:45:00+05:30,266.55,266.55,265.75,266.0,70,0
2026-07-20T11:00:00+05:30,266.0,266.0,265.6,265.6,220,0
2026-07-20T11:15:00+05:30,265.6,266.0,265.6,266.0,574,0
2026-07-20T11:30:00+05:30,266.0,266.2,265.0,265.15,1983,0
2026-07-20T11:45:00+05:30,265.15,265.45,263.15,263.2,4062,0
2026-07-20T12:00:00+05:30,263.2,263.2,262.05,262.25,1161,0
2026-07-20T12:15:00+05:30,262.05,263.0,261.6,263.0,1162,0
2026-07-20T12:30:00+05:30,263.0,263.0,262.25,262.9,108,0
2026-07-20T12:45:00+05:30,262.9,263.6,262.7,263.55,1129,0
2026-07-20T13:00:00+05:30,262.95,263.35,262.7,263.35,296,0
2026-07-20T13:15:00+05:30,263.35,264.35,263.35,264.35,142,0
2026-07-20T13:30:00+05:30,264.35,264.65,263.6,264.65,1032,0
2026-07-20T13:45:00+05:30,264.65,266.15,263.85,266.15,2475,0
2026-07-20T14:00:00+05:30,266.15,268.45,266.15,266.75,1276,0
2026-07-20T14:15:00+05:30,267.0,267.0,265.35,265.85,492,0
2026-07-20T14:30:00+05:30,265.85,266.2,265.85,265.95,61,0
2026-07-20T14:45:00+05:30,265.95,265.95,265.05,265.5,672,0
2026-07-20T15:00:00+05:30,265.4,268.25,265.25,266.3,2955,0
2026-07-20T15:15:00+05:30,267.1,267.2,265.0,266.45,1960,0
2026-07-21T09:15:00+05:30,265.9,268.3,263.85,265.9,2715,0
2026-07-21T09:30:00+05:30,266.6,267.5,265.95,266.15,1644,0
2026-07-21T09:45:00+05:30,266.15,266.15,265.5,265.55,1217,0
2026-07-21T10:00:00+05:30,265.45,266.0,265.1,265.1,79,0
2026-07-21T10:15:00+05:30,265.1,265.1,265.0,265.0,133,0
2026-07-21T10:30:00+05:30,265.0,265.55,265.0,265.0,970,0
2026-07-21T10:45:00+05:30,265.0,265.15,265.0,265.0,78,0
2026-07-21T11:00:00+05:30,265.0,265.2,265.0,265.1,62,0
2026-07-21T11:15:00+05:30,265.1,265.35,262.1,265.0,9346,0
2026-07-21T11:30:00+05:30,265.0,265.95,265.0,265.15,353,0
2026-07-21T11:45:00+05:30,265.15,265.95,265.1,265.15,148,0
2026-07-21T12:00:00+05:30,265.15,265.65,265.1,265.65,67,0
2026-07-21T12:15:00+05:30,265.65,265.65,265.1,265.1,55,0
2026-07-21T12:30:00+05:30,265.1,266.0,265.1,266.0,303,0
2026-07-21T12:45:00+05:30,265.75,266.4,265.6,265.65,292,0
2026-07-21T13:00:00+05:30,265.65,265.65,265.35,265.35,25,0
2026-07-21T13:15:00+05:30,265.35,266.25,265.0,265.6,2256,0
2026-07-21T13:30:00+05:30,266.05,266.2,265.25,265.55,328,0
2026-07-21T13:45:00+05:30,266.15,266.25,265.75,266.2,103,0
2026-07-21T14:00:00+05:30,266.3,268.0,266.0,267.15,1603,0
2026-07-21T14:15:00+05:30,267.15,271.2,267.15,270.3,10103,0
2026-07-21T14:30:00+05:30,270.0,270.0,269.3,269.6,14362,0
2026-07-21T14:45:00+05:30,269.65,269.95,269.5,269.5,1402,0
2026-07-21T15:00:00+05:30,269.5,271.0,269.5,270.75,5431,0
2026-07-21T15:15:00+05:30,270.5,271.9,269.15,271.0,6600,0
2026-07-22T09:15:00+05:30,270.0,272.55,268.9,270.25,5057,0
2026-07-22T09:30:00+05:30,270.25,271.0,270.1,271.0,1628,0
2026-07-22T09:45:00+05:30,270.75,271.8,270.6,271.8,1720,0
2026-07-22T10:00:00+05:30,271.6,273.0,271.6,272.2,7554,0
2026-07-22T10:15:00+05:30,272.0,272.0,270.7,270.95,7991,0
2026-07-22T10:30:00+05:30,270.95,272.0,270.8,271.1,1051,0
2026-07-22T10:45:00+05:30,271.1,271.15,270.2,271.1,551,0
2026-07-22T11:00:00+05:30,271.1,271.1,270.0,270.65,1434,0
2026-07-22T11:15:00+05:30,270.65,271.15,270.65,271.05,69,0
2026-07-22T11:30:00+05:30,271.1,271.5,271.05,271.05,272,0
2026-07-22T11:45:00+05:30,271.1,271.1,271.0,271.0,1818,0
2026-07-22T12:00:00+05:30,271.0,271.0,270.0,270.0,144,0
2026-07-22T12:15:00+05:30,270.0,270.0,267.7,268.55,4315,0
2026-07-22T12:30:00+05:30,268.5,268.5,266.9,267.35,9293,0
2026-07-22T12:45:00+05:30,267.35,268.0,267.0,267.5,3412,0
2026-07-22T13:00:00+05:30,267.5,267.5,266.5,266.95,639,0
2026-07-22T13:15:00+05:30,266.95,266.95,266.5,266.5,141,0
2026-07-22T13:30:00+05:30,266.5,267.0,266.5,266.8,653,0
2026-07-22T13:45:00+05:30,266.95,267.0,266.5,266.5,1477,0
2026-07-22T14:00:00+05:30,266.5,267.0,266.5,267.0,1300,0
2026-07-22T14:15:00+05:30,266.85,267.0,266.85,266.95,445,0
2026-07-22T14:30:00+05:30,266.6,266.6,263.7,263.75,11812,0
2026-07-22T14:45:00+05:30,264.4,265.2,263.0,263.1,3371,0
2026-07-22T15:00:00+05:30,263.1,265.5,263.1,265.3,3454,0
2026-07-22T15:15:00+05:30,265.8,267.0,265.0,267.0,6646,0
2026-07-23T09:15:00+05:30,262.35,265.1,260.6,264.7,3929,0
2026-07-23T09:30:00+05:30,264.7,264.7,261.6,261.6,859,0
2026-07-23T09:45:00+05:30,261.6,263.65,261.6,263.6,1832,0
2026-07-23T10:00:00+05:30,263.6,265.0,263.15,264.85,1090,0
2026-07-23T10:15:00+05:30,264.85,264.85,263.55,264.2,1050,0
2026-07-23T10:30:00+05:30,264.2,264.2,264.2,264.2,0,0
2026-07-23T10:45:00+05:30,264.2,265.45,264.2,265.45,347,0
2026-07-23T11:00:00+05:30,265.45,265.45,264.85,264.85,33,0
2026-07-23T11:15:00+05:30,264.85,264.85,264.0,264.1,50,0
2026-07-23T11:30:00+05:30,264.1,264.1,264.1,264.1,0,0
2026-07-23T11:45:00+05:30,264.1,264.6,262.85,264.0,1034,0
2026-07-23T12:00:00+05:30,263.95,264.9,263.95,264.2,372,0
2026-07-23T12:15:00+05:30,264.5,264.5,263.65,264.35,236,0
2026-07-23T12:30:00+05:30,264.05,264.05,261.6,262.65,3827,0
2026-07-23T12:45:00+05:30,262.45,262.45,260.8,260.85,1600,0
2026-07-23T13:00:00+05:30,261.4,261.95,260.9,261.95,204,0
2026-07-23T13:15:00+05:30,261.95,261.95,261.75,261.85,71,0
2026-07-23T13:30:00+05:30,261.85,263.5,261.8,261.8,1551,0
2026-07-23T13:45:00+05:30,261.8,262.65,261.7,262.65,970,0
2026-07-23T14:00:00+05:30,262.65,264.0,262.25,262.25,1788,0
2026-07-23T14:15:00+05:30,262.25,267.2,262.25,267.15,3389,0
2026-07-23T14:30:00+05:30,267.15,268.15,266.1,266.1,594,0
2026-07-23T14:45:00+05:30,266.1,266.1,264.4,264.45,3578,0
2026-07-23T15:00:00+05:30,264.45,264.45,261.85,262.0,3145,0
2026-07-23T15:15:00+05:30,262.4,267.0,261.55,267.0,3927,0
2026-07-24T09:15:00+05:30,262.7,262.8,260.6,260.6,2102,0
2026-07-24T09:30:00+05:30,260.6,261.65,257.6,258.85,8199,0
2026-07-24T09:45:00+05:30,258.85,259.1,258.5,258.9,646,0
2026-07-24T10:00:00+05:30,258.9,258.9,257.75,257.75,1283,0
2026-07-24T10:15:00+05:30,257.75,258.05,257.5,258.05,662,0
2026-07-24T10:30:00+05:30,258.05,258.65,257.5,258.65,1195,0
2026-07-24T10:45:00+05:30,258.65,258.75,257.55,257.6,292,0
2026-07-24T11:00:00+05:30,257.6,258.15,257.6,258.0,730,0
2026-07-24T11:15:00+05:30,258.0,259.6,258.0,259.6,1408,0
2026-07-24T11:30:00+05:30,259.25,259.8,259.0,259.75,335,0
2026-07-24T11:45:00+05:30,259.75,259.95,258.45,259.0,3484,0
2026-07-24T12:00:00+05:30,259.0,259.75,259.0,259.15,135,0
2026-07-24T12:15:00+05:30,259.15,260.25,259.15,260.25,61,0
2026-07-24T12:30:00+05:30,260.25,261.0,259.7,260.5,829,0
2026-07-24T12:45:00+05:30,260.5,260.5,260.0,260.1,40,0
2026-07-24T13:00:00+05:30,260.1,260.1,260.0,260.0,564,0
2026-07-24T13:15:00+05:30,260.05,260.05,260.0,260.0,78,0
2026-07-24T13:30:00+05:30,260.0,260.0,257.55,257.95,2934,0
2026-07-24T13:45:00+05:30,257.95,258.45,257.95,258.1,162,0
2026-07-24T14:00:00+05:30,257.55,261.0,257.55,261.0,7124,0
2026-07-24T14:15:00+05:30,259.45,259.45,258.9,258.9,487,0
2026-07-24T14:30:00+05:30,258.9,258.95,257.9,257.9,427,0
2026-07-24T14:45:00+05:30,257.9,258.6,257.0,258.5,1259,0
2026-07-24T15:00:00+05:30,258.35,260.55,257.05,260.0,2490,0
2026-07-24T15:15:00+05:30,260.75,262.75,260.2,260.4,6069,0
2026-07-27T09:15:00+05:30,261.0,264.25,261.0,263.25,1623,0
2026-07-27T09:30:00+05:30,263.55,263.55,262.85,263.35,43,0
2026-07-27T09:45:00+05:30,263.35,263.7,262.6,263.7,835,0
2026-07-27T10:00:00+05:30,263.45,263.6,262.4,263.0,695,0
2026-07-27T10:15:00+05:30,263.0,274.95,262.6,273.8,32661,0
2026-07-27T10:30:00+05:30,272.8,274.5,269.9,271.15,14169,0
2026-07-27T10:45:00+05:30,271.15,271.25,269.35,269.45,1842,0
2026-07-27T11:00:00+05:30,269.8,271.25,269.7,269.85,549,0
2026-07-27T11:15:00+05:30,269.85,270.45,268.95,269.5,994,0
2026-07-27T11:30:00+05:30,269.5,269.5,268.55,269.3,601,0
2026-07-27T11:45:00+05:30,269.05,269.5,268.55,268.55,606,0
2026-07-27T12:00:00+05:30,268.55,269.5,268.25,269.45,688,0
2026-07-27T12:15:00+05:30,269.0,269.5,268.75,268.95,826,0
2026-07-27T12:30:00+05:30,268.95,269.2,268.2,268.95,2756,0
2026-07-27T12:45:00+05:30,268.95,269.0,268.3,268.9,1080,0
2026-07-27T13:00:00+05:30,268.9,269.0,268.45,269.0,654,0
2026-07-27T13:15:00+05:30,269.0,269.0,268.95,269.0,53,0
2026-07-27T13:30:00+05:30,269.0,269.0,268.3,268.35,332,0
2026-07-27T13:45:00+05:30,268.35,268.9,267.8,268.0,2514,0
2026-07-27T14:00:00+05:30,268.0,268.0,267.3,267.3,84,0
2026-07-27T14:15:00+05:30,267.3,267.85,267.2,267.85,197,0
2026-07-27T14:30:00+05:30,267.85,268.0,267.05,267.55,394,0
2026-07-27T14:45:00+05:30,267.55,267.75,266.35,267.45,1383,0
2026-07-27T15:00:00+05:30,267.0,269.0,266.55,268.0,3420,0
2026-07-27T15:15:00+05:30,268.45,269.5,266.25,269.5,7294,0
2026-07-28T09:15:00+05:30,269.85,273.6,265.15,265.8,1752,0
2026-07-28T09:30:00+05:30,265.8,266.1,264.5,265.8,2827,0
2026-07-28T09:45:00+05:30,266.35,268.7,266.35,267.75,3569,0
2026-07-28T10:00:00+05:30,267.65,272.4,266.8,272.4,6086,0
2026-07-28T10:15:00+05:30,272.4,273.3,269.6,270.15,18593,0
2026-07-28T10:30:00+05:30,270.15,270.2,268.5,269.25,737,0
2026-07-28T10:45:00+05:30,269.25,270.15,269.05,270.05,1609,0
2026-07-28T11:00:00+05:30,270.05,271.15,270.05,270.6,1292,0
2026-07-28T11:15:00+05:30,270.6,272.0,265.0,265.3,14426,0
2026-07-28T11:30:00+05:30,265.55,270.2,265.1,270.0,19116,0
2026-07-28T11:45:00+05:30,270.0,270.0,268.85,269.1,388,0
2026-07-28T12:00:00+05:30,269.35,269.4,268.8,268.8,62,0
2026-07-28T12:15:00+05:30,268.8,269.7,268.8,269.7,418,0
2026-07-28T12:30:00+05:30,269.7,269.7,269.45,269.45,798,0
2026-07-28T12:45:00+05:30,269.45,269.45,268.75,268.8,193,0
2026-07-28T13:00:00+05:30,268.8,268.8,268.45,268.45,192,0
2026-07-28T13:15:00+05:30,268.45,268.45,268.45,268.45,0,0
2026-07-28T13:30:00+05:30,268.45,269.5,268.45,268.7,961,0
2026-07-28T13:45:00+05:30,268.7,269.4,268.7,268.8,160,0
2026-07-28T14:00:00+05:30,268.8,269.35,268.8,269.0,83,0
2026-07-28T14:15:00+05:30,268.55,268.55,268.45,268.45,45,0
2026-07-28T14:30:00+05:30,268.45,268.45,267.3,267.6,534,0
2026-07-28T14:45:00+05:30,267.6,269.55,267.5,269.05,5366,0
2026-07-28T15:00:00+05:30,269.05,270.0,269.0,269.7,17251,0
2026-07-28T15:15:00+05:30,269.75,270.0,268.2,268.2,8550,0
2026-07-29T09:15:00+05:30,268.6,269.9,265.75,268.8,1903,0
2026-07-29T09:30:00+05:30,268.55,268.55,268.25,268.35,12,0
2026-07-29T09:45:00+05:30,268.85,268.85,265.9,268.0,10370,0
2026-07-29T10:00:00+05:30,268.0,268.0,265.75,267.0,576,0
2026-07-29T10:15:00+05:30,267.35,267.8,266.4,266.4,261,0
2026-07-29T10:30:00+05:30,266.4,267.0,266.4,266.55,2202,0
2026-07-29T10:45:00+05:30,266.55,266.9,265.3,265.3,3852,0
2026-07-29T11:00:00+05:30,265.6,265.8,265.6,265.8,56,0
2026-07-29T11:15:00+05:30,265.8,265.85,265.8,265.85,54,0
2026-07-29T11:30:00+05:30,265.85,267.2,265.85,266.95,360,0
2026-07-29T11:45:00+05:30,266.95,267.55,266.95,267.55,295,0
2026-07-29T12:00:00+05:30,267.0,272.5,267.0,270.0,42272,0
2026-07-29T12:15:00+05:30,270.0,274.35,270.0,272.95,4807,0
2026-07-29T12:30:00+05:30,272.95,273.45,272.2,273.3,5205,0
2026-07-29T12:45:00+05:30,273.3,273.3,272.2,272.75,3607,0
2026-07-29T13:00:00+05:30,272.7,272.7,271.0,271.0,2767,0
2026-07-29T13:15:00+05:30,270.95,282.0,268.8,273.75,104894,0
2026-07-29T13:30:00+05:30,274.3,280.0,274.0,277.65,23945,0
2026-07-29T13:45:00+05:30,278.4,278.4,274.9,275.85,4904,0
2026-07-29T14:00:00+05:30,275.85,275.85,273.2,275.6,3984,0
2026-07-29T14:15:00+05:30,274.85,276.0,273.45,274.2,3252,0
2026-07-29T14:30:00+05:30,273.95,274.0,272.8,272.9,1922,0
2026-07-29T14:45:00+05:30,272.9,275.0,272.3,275.0,7407,0
2026-07-29T15:00:00+05:30,274.5,292.0,257.6,271.0,817344,0
2026-07-29T15:15:00+05:30,270.95,274.9,261.15,266.2,159388,0
2026-07-30T09:15:00+05:30,267.15,267.15,257.3,259.1,61926,0
2026-07-30T09:30:00+05:30,259.9,260.5,257.45,257.65,12094,0
2026-07-30T09:45:00+05:30,257.8,261.3,257.8,260.55,15191,0
2026-07-30T10:00:00+05:30,260.65,261.65,260.0,260.0,9432,0
2026-07-30T10:15:00+05:30,260.0,264.95,260.0,262.75,19591,0
2026-07-30T10:30:00+05:30,263.4,263.6,261.0,261.0,5429,0
2026-07-30T10:45:00+05:30,261.15,262.15,261.0,261.6,4152,0
2026-07-30T11:00:00+05:30,261.6,262.95,260.95,262.25,987,0
2026-07-30T11:15:00+05:30,262.25,262.3,261.3,261.55,326,0
2026-07-30T11:30:00+05:30,261.55,262.4,259.05,260.0,6861,0
2026-07-30T11:45:00+05:30,260.0,260.4,259.5,259.5,7901,0
2026-07-30T12:00:00+05:30,259.5,260.1,259.5,260.0,3458,0
2026-07-30T12:15:00+05:30,260.0,260.0,259.5,259.95,2485,0
2026-07-30T12:30:00+05:30,259.55,259.95,259.35,259.8,2533,0
2026-07-30T12:45:00+05:30,259.8,260.7,259.65,259.8,22727,0
2026-07-30T13:00:00+05:30,259.8,260.1,259.0,259.0,10766,0
2026-07-30T13:15:00+05:30,259.0,260.75,259.0,259.3,16757,0
2026-07-30T13:30:00+05:30,259.3,260.0,259.2,259.75,2006,0
2026-07-30T13:45:00+05:30,259.3,262.0,259.05,260.75,12756,0
2026-07-30T14:00:00+05:30,260.75,261.0,260.2,260.3,277,0
2026-07-30T14:15:00+05:30,260.3,263.8,259.3,262.85,23824,0
2026-07-30T14:30:00+05:30,263.45,265.0,261.2,263.25,14812,0
2026-07-30T14:45:00+05:30,263.05,264.2,262.5,263.0,3880,0
2026-07-30T15:00:00+05:30,263.2,263.2,260.45,260.45,11193,0
2026-07-30T15:15:00+05:30,260.65,261.0,258.1,258.1,21628,0
2026-07-31T09:15:00+05:30,260.55,261.6,258.85,260.5,4988,0
2026-07-31T09:30:00+05:30,260.5,260.85,259.0,260.1,4064,0
2026-07-31T09:45:00+05:30,260.5,262.05,259.65,261.55,6439,0
2026-07-31T10:00:00+05:30,262.05,262.9,262.0,262.2,1964,0
2026-07-31T10:15:00+05:30,262.2,262.25,260.1,260.4,3194,0
2026-07-31T10:30:00+05:30,260.45,261.9,260.4,261.6,2579,0
2026-07-31T10:45:00+05:30,261.1,261.95,260.4,260.4,1960,0
2026-07-31T11:00:00+05:30,260.4,261.2,260.4,260.9,1204,0
2026-07-31T11:15:00+05:30,260.9,261.25,260.25,260.25,770,0
2026-07-31T11:30:00+05:30,260.65,260.8,258.1,258.7,7803,0
2026-07-31T11:45:00+05:30,258.7,258.9,258.1,258.15,1615,0
2026-07-31T12:00:00+05:30,258.15,258.75,256.65,257.45,7893,0
2026-07-31T12:15:00+05:30,257.45,257.45,254.2,255.0,6836,0
2026-07-31T12:30:00+05:30,255.0,255.45,254.0,254.1,2419,0
2026-07-31T12:45:00+05:30,254.7,255.7,254.3,255.1,1273,0
2026-07-31T13:00:00+05:30,255.1,255.55,255.1,255.55,211,0
2026-07-31T13:15:00+05:30,255.55,256.6,255.5,256.4,2373,0
2026-07-31T13:30:00+05:30,256.4,256.4,255.15,255.7,635,0
2026-07-31T13:45:00+05:30,255.7,255.7,255.0,255.6,263,0
2026-07-31T14:00:00+05:30,255.6,255.9,255.1,255.9,1866,0
2026-07-31T14:15:00+05:30,255.9,255.9,254.75,254.75,3711,0
2026-07-31T14:30:00+05:30,254.75,254.95,254.1,254.45,1182,0
2026-07-31T14:45:00+05:30,254.3,254.3,253.5,254.0,1617,0
2026-07-31T15:00:00+05:30,254.0,254.0,248.1,250.15,17980,0
2026-07-31T15:15:00+05:30,250.25,250.75,247.75,248.1,17929,0
2026-08-03T09:15:00+05:30,250.25,252.7,248.75,251.5,7199,0
2026-08-03T09:30:00+05:30,251.5,251.75,250.85,250.85,2486,0
2026-08-03T09:45:00+05:30,250.9,251.25,250.1,250.75,7006,0
2026-08-03T10:00:00+05:30,250.75,253.0,250.75,252.45,3167,0
2026-08-03T10:15:00+05:30,252.45,252.5,251.65,252.5,974,0
2026-08-03T10:30:00+05:30,252.5,252.5,251.45,252.25,6335,0
2026-08-03T10:45:00+05:30,252.25,252.25,251.05,252.0,1916,0
2026-08-03T11:00:00+05:30,252.0,252.0,251.75,252.0,35,0
2026-08-03T11:15:00+05:30,251.15,251.35,250.2,250.75,4224,0
2026-08-03T11:30:00+05:30,250.75,251.9,249.1,249.9,4805,0
2026-08-03T11:45:00+05:30,249.45,250.2,248.3,248.65,3183,0
2026-08-03T12:00:00+05:30,248.65,248.65,248.25,248.5,910,0
2026-08-03T12:15:00+05:30,248.5,248.65,248.2,248.25,1605,0
2026-08-03T12:30:00+05:30,248.55,248.85,248.25,248.85,434,0
2026-08-03T12:45:00+05:30,248.85,249.9,248.7,249.0,12890,0
2026-08-03T13:00:00+05:30,249.0,249.45,249.0,249.0,1817,0
2026-08-03T13:15:00+05:30,249.0,249.35,248.6,248.6,996,0
2026-08-03T13:30:00+05:30,248.75,249.95,248.5,249.95,1810,0
2026-08-03T13:45:00+05:30,248.9,249.6,248.9,249.6,3147,0
2026-08-03T14:00:00+05:30,249.6,249.6,249.0,249.0,25,0
2026-08-03T14:15:00+05:30,249.0,249.55,249.0,249.55,1,0
2026-08-03T14:30:00+05:30,249.55,249.55,249.0,249.1,7192,0
2026-08-03T14:45:00+05:30,249.1,249.1,248.0,248.0,12438,0
2026-08-03T15:00:00+05:30,248.0,248.35,243.05,244.4,8974,0
2026-08-03T15:15:00+05:30,244.7,245.0,243.1,243.1,6722,0
2026-08-04T09:15:00+05:30,245.25,246.95,244.0,246.15,6750,0
2026-08-04T09:30:00+05:30,246.05,246.95,244.5,244.95,10117,0
2026-08-04T09:45:00+05:30,244.9,245.0,243.0,244.0,18001,0
2026-08-04T10:00:00+05:30,244.0,244.0,242.05,242.85,8199,0
2026-08-04T10:15:00+05:30,242.85,243.15,241.55,242.9,3331,0
2026-08-04T10:30:00+05:30,242.5,242.5,241.3,242.3,2680,0
2026-08-04T10:45:00+05:30,242.15,242.7,240.55,241.0,32179,0
2026-08-04T11:00:00+05:30,241.0,241.6,241.0,241.55,1512,0
2026-08-04T11:15:00+05:30,241.55,242.0,240.8,240.8,3250,0
2026-08-04T11:30:00+05:30,240.8,241.1,240.15,240.15,909,0
2026-08-04T11:45:00+05:30,240.15,240.8,240.15,240.2,557,0
2026-08-04T12:00:00+05:30,240.7,241.65,237.0,238.6,51913,0
2026-08-04T12:15:00+05:30,238.5,239.5,238.5,239.1,2343,0
2026-08-04T12:30:00+05:30,239.1,239.2,239.0,239.0,112,0
2026-08-04T12:45:00+05:30,238.85,241.1,238.8,241.1,1583,0
2026-08-04T13:00:00+05:30,240.65,241.7,240.45,240.45,1150,0
2026-08-04T13:15:00+05:30,240.3,240.4,239.85,239.85,273,0
2026-08-04T13:30:00+05:30,239.95,240.25,239.2,239.65,1355,0
2026-08-04T13:45:00+05:30,239.65,240.0,238.9,238.9,6135,0
2026-08-04T14:00:00+05:30,239.35,239.6,239.35,239.6,1188,0
2026-08-04T14:15:00+05:30,239.55,240.0,239.3,239.85,19871,0
2026-08-04T14:30:00+05:30,239.85,239.95,238.8,238.8,1868,0
2026-08-04T14:45:00+05:30,238.6,239.2,238.1,238.45,1911,0
2026-08-04T15:00:00+05:30,238.45,239.95,238.0,238.05,13118,0
2026-08-04T15:15:00+05:30,245.25,245.25,235.9,237.0,795176,0
2026-08-05T09:15:00+05:30,240.0,240.45,239.1,239.25,2510,0
2026-08-05T09:30:00+05:30,239.25,240.0,238.55,238.8,1824,0
2026-08-05T09:45:00+05:30,238.8,238.95,237.8,238.1,1192,0
2026-08-05T10:00:00+05:30,238.1,240.0,238.0,239.9,10749,0
2026-08-05T10:15:00+05:30,240.0,240.0,239.2,239.95,15224,0
2026-08-05T10:30:00+05:30,239.9,239.95,237.8,239.8,5006,0
2026-08-05T10:45:00+05:30,239.8,239.8,237.85,237.85,3140,0
2026-08-05T11:00:00+05:30,237.85,238.95,237.85,238.25,847,0
2026-08-05T11:15:00+05:30,238.25,238.5,238.25,238.5,1713,0
2026-08-05T11:30:00+05:30,238.5,238.5,238.0,238.05,808,0
2026-08-05T11:45:00+05:30,238.05,238.25,235.2,237.6,14904,0
2026-08-05T12:00:00+05:30,237.6,237.95,237.55,237.85,2938,0
2026-08-05T12:15:00+05:30,237.85,238.0,237.65,237.95,5686,0
2026-08-05T12:30:00+05:30,237.95,238.0,237.5,237.5,868,0
2026-08-05T12:45:00+05:30,237.45,237.85,237.0,237.5,1261,0
2026-08-05T13:00:00+05:30,237.5,237.7,237.0,237.6,1386,0
2026-08-05T13:15:00+05:30,237.5,237.5,237.3,237.3,614,0
2026-08-05T13:30:00+05:30,237.3,238.8,237.05,238.3,16850,0
2026-08-05T13:45:00+05:30,238.3,238.3,236.35,236.45,11050,0
2026-08-05T14:00:00+05:30,236.45,236.8,236.0,236.1,1348,0
2026-08-05T14:15:00+05:30,236.1,236.25,235.85,236.1,571,0
2026-08-05T14:30:00+05:30,236.1,236.5,233.85,234.3,22730,0
2026-08-05T14:45:00+05:30,235.0,235.0,233.5,233.7,27055,0
2026-08-05T15:00:00+05:30,233.7,234.6,233.1,234.0,14904,0
2026-08-05T15:15:00+05:30,233.8,236.0,232.1,232.1,15122,0
2026-08-06T09:15:00+05:30,235.0,236.45,232.4,233.0,53623,0
2026-08-06T09:30:00+05:30,233.0,234.15,230.7,232.3,54928,0
2026-08-06T09:45:00+05:30,232.3,233.75,232.1,233.4,4283,0
2026-08-06T10:00:00+05:30,233.4,233.4,232.5,232.5,1485,0
2026-08-06T10:15:00+05:30,232.5,232.7,231.15,232.7,3970,0
2026-08-06T10:30:00+05:30,232.7,233.45,232.7,232.85,11440,0
2026-08-06T10:45:00+05:30,232.85,233.85,232.85,233.15,1944,0
2026-08-06T11:00:00+05:30,233.55,233.7,233.4,233.45,410,0
2026-08-06T11:15:00+05:30,232.95,234.05,232.8,233.85,1789,0
2026-08-06T11:30:00+05:30,233.85,235.2,233.85,234.25,19239,0
2026-08-06T11:45:00+05:30,234.3,234.3,233.05,233.85,2635,0
2026-08-06T12:00:00+05:30,233.85,234.4,233.4,234.3,1606,0
2026-08-06T12:15:00+05:30,234.3,234.5,234.0,234.3,936,0
2026-08-06T12:30:00+05:30,234.3,234.5,233.85,233.85,4387,0
2026-08-06T12:45:00+05:30,233.5,233.5,232.9,232.9,12222,0
2026-08-06T13:00:00+05:30,232.9,233.2,232.8,232.8,1182,0
2026-08-06T13:15:00+05:30,232.8,235.8,232.7,233.95,7648,0
2026-08-06T13:30:00+05:30,233.95,235.45,233.4,234.0,4147,0
2026-08-06T13:45:00+05:30,234.0,234.55,234.0,234.0,1084,0
2026-08-06T14:00:00+05:30,234.0,234.95,234.0,234.3,1100,0
2026-08-06T14:15:00+05:30,234.9,235.0,234.5,234.5,237,0
2026-08-06T14:30:00+05:30,234.5,234.7,234.05,234.25,292,0
2026-08-06T14:45:00+05:30,234.25,234.25,233.75,234.2,1325,0
2026-08-06T15:00:00+05:30,234.2,234.8,233.8,234.55,2461,0
2026-08-06T15:15:00+05:30,234.55,234.8,232.15,232.15,15029,0
2026-08-07T09:15:00+05:30,231.6,234.45,231.6,233.3,3389,0
2026-08-07T09:30:00+05:30,233.4,233.95,232.3,232.8,1950,0
2026-08-07T09:45:00+05:30,232.8,233.5,232.55,233.5,5541,0
2026-08-07T10:00:00+05:30,233.5,233.5,232.7,233.0,6065,0
2026-08-07T10:15:00+05:30,233.0,233.0,232.0,232.0,1668,0
2026-08-07T10:30:00+05:30,232.45,232.45,231.75,232.3,1151,0
2026-08-07T10:45:00+05:30,232.45,232.55,232.0,232.0,943,0
2026-08-07T11:00:00+05:30,232.0,232.0,231.5,231.5,3636,0
2026-08-07T11:15:00+05:30,231.55,231.75,231.25,231.75,1363,0
2026-08-07T11:30:00+05:30,231.75,231.85,231.75,231.85,9,0
2026-08-07T11:45:00+05:30,231.85,232.2,231.25,232.2,978,0
2026-08-07T12:00:00+05:30,232.2,232.2,232.0,232.05,1984,0
2026-08-07T12:15:00+05:30,232.05,232.2,231.8,232.2,195,0
2026-08-07T12:30:00+05:30,232.2,232.2,231.75,232.15,43,0
2026-08-07T12:45:00+05:30,232.15,232.15,231.75,231.75,106,0
2026-08-07T13:00:00+05:30,231.75,232.0,231.75,232.0,238,0
2026-08-07T13:15:00+05:30,232.0,232.0,232.0,232.0,26,0
2026-08-07T13:30:00+05:30,232.35,233.0,232.1,232.5,5161,0
2026-08-07T13:45:00+05:30,232.5,232.5,232.1,232.5,1558,0
2026-08-07T14:00:00+05:30,232.5,232.8,231.9,232.5,3075,0
2026-08-07T14:15:00+05:30,232.1,232.5,231.5,232.5,1916,0
2026-08-07T14:30:00+05:30,232.35,232.8,230.7,232.5,15153,0
2026-08-07T14:45:00+05:30,231.85,232.95,229.0,229.25,18505,0
2026-08-07T15:00:00+05:30,229.95,229.95,229.15,229.5,1580,0
2026-08-07T15:15:00+05:30,229.85,230.0,225.65,225.65,9786,0
2026-08-10T09:15:00+05:30,230.95,238.4,230.6,236.5,19126,0
2026-08-10T09:30:00+05:30,236.35,237.45,235.0,235.45,6659,0
2026-08-10T09:45:00+05:30,235.7,237.3,235.7,236.85,5958,0
2026-08-10T10:00:00+05:30,237.5,238.0,236.3,237.35,6045,0
2026-08-10T10:15:00+05:30,237.35,237.35,236.3,236.8,2570,0
2026-08-10T10:30:00+05:30,236.8,244.4,236.7,243.0,32298,0
2026-08-10T10:45:00+05:30,243.0,243.9,241.55,242.1,8856,0
2026-08-10T11:00:00+05:30,242.1,242.1,240.0,240.95,18582,0
2026-08-10T11:15:00+05:30,241.0,241.3,239.7,240.9,31532,0
2026-08-10T11:30:00+05:30,241.9,242.3,241.65,241.7,2953,0
2026-08-10T11:45:00+05:30,241.7,241.7,240.5,240.5,1301,0
2026-08-10T12:00:00+05:30,240.5,244.05,240.5,244.0,7667,0
2026-08-10T12:15:00+05:30,244.0,244.2,241.8,242.8,1061,0
2026-08-10T12:30:00+05:30,242.8,243.1,241.95,242.2,954,0
2026-08-10T12:45:00+05:30,242.0,243.15,241.5,242.5,3209,0
2026-08-10T13:00:00+05:30,242.5,242.95,241.55,241.75,1376,0
2026-08-10T13:15:00+05:30,241.75,243.2,241.45,243.1,3153,0
2026-08-10T13:30:00+05:30,243.1,243.1,241.95,241.95,284,0
2026-08-10T13:45:00+05:30,241.95,242.9,241.5,241.75,862,0
2026-08-10T14:00:00+05:30,241.85,242.95,241.75,241.85,2500,0
2026-08-10T14:15:00+05:30,241.85,242.05,241.6,241.85,1320,0
2026-08-10T14:30:00+05:30,242.0,243.15,241.9,242.75,1499,0
2026-08-10T14:45:00+05:30,242.6,243.1,242.0,242.25,2766,0
2026-08-10T15:00:00+05:30,242.25,244.25,240.65,242.25,12482,0
2026-08-10T15:15:00+05:30,241.85,244.85,241.0,244.0,22427,0
2026-08-11T09:15:00+05:30,243.8,245.75,242.55,243.7,6948,0
2026-08-11T09:30:00+05:30,243.7,244.55,242.75,244.15,1908,0
2026-08-11T09:45:00+05:30,244.25,244.95,243.0,243.9,5081,0
2026-08-11T10:00:00+05:30,243.9,244.4,243.75,244.0,963,0
2026-08-11T10:15:00+05:30,244.05,245.65,244.0,245.65,2474,0
2026-08-11T10:30:00+05:30,245.65,246.55,243.1,244.75,16855,0
2026-08-11T10:45:00+05:30,244.4,244.7,244.0,244.7,323,0
2026-08-11T11:00:00+05:30,244.7,244.9,244.45,244.5,45,0
2026-08-11T11:15:00+05:30,244.5,244.9,244.0,244.0,436,0
2026-08-11T11:30:00+05:30,244.0,244.2,244.0,244.15,26,0
2026-08-11T11:45:00+05:30,244.25,244.6,244.05,244.6,188,0
2026-08-11T12:00:00+05:30,244.1,245.95,244.0,245.95,2187,0
2026-08-11T12:15:00+05:30,245.95,246.45,245.65,246.0,2563,0
2026-08-11T12:30:00+05:30,246.0,247.15,245.6,247.0,3493,0
2026-08-11T12:45:00+05:30,247.0,247.8,246.6,247.65,3330,0
2026-08-11T13:00:00+05:30,247.65,248.55,247.0,248.4,8652,0
2026-08-11T13:15:00+05:30,248.4,248.75,248.1,248.5,1359,0
2026-08-11T13:30:00+05:30,248.5,249.5,248.35,249.45,4488,0
2026-08-11T13:45:00+05:30,249.45,253.05,248.3,252.0,23299,0
2026-08-11T14:00:00+05:30,251.95,252.55,249.35,249.95,4514,0
2026-08-11T14:15:00+05:30,249.95,251.35,248.85,250.3,5886,0
2026-08-11T14:30:00+05:30,250.3,250.3,248.9,250.0,1725,0
2026-08-11T14:45:00+05:30,249.15,249.45,248.5,248.5,2233,0
2026-08-11T15:00:00+05:30,248.75,250.0,247.0,247.1,6038,0
2026-08-11T15:15:00+05:30,247.7,249.45,247.65,249.4,6205,0
2026-08-12T09:15:00+05:30,252.1,252.1,245.55,247.15,7999,0
2026-08-12T09:30:00+05:30,247.15,247.15,245.45,245.5,720,0
2026-08-12T09:45:00+05:30,245.5,245.5,243.0,243.8,4949,0
2026-08-12T10:00:00+05:30,243.8,244.2,243.1,244.2,976,0
2026-08-12T10:15:00+05:30,244.2,244.2,243.8,243.8,105,0
2026-08-12T10:30:00+05:30,243.8,244.5,242.85,244.5,7865,0
2026-08-12T10:45:00+05:30,245.0,245.8,245.0,245.8,3121,0
2026-08-12T11:00:00+05:30,245.8,246.05,245.0,245.0,786,0
2026-08-12T11:15:00+05:30,245.0,245.0,244.85,245.0,349,0
2026-08-12T11:30:00+05:30,245.0,245.05,244.5,245.0,861,0
2026-08-12T11:45:00+05:30,245.0,245.0,244.3,245.0,901,0
2026-08-12T12:00:00+05:30,244.6,245.3,244.6,244.65,800,0
2026-08-12T12:15:00+05:30,244.65,244.65,244.65,244.65,189,0
2026-08-12T12:30:00+05:30,244.65,245.55,244.65,245.55,1742,0
2026-08-12T12:45:00+05:30,245.3,250.0,245.3,246.9,18944,0
2026-08-12T13:00:00+05:30,246.9,248.0,246.3,246.9,5317,0
2026-08-12T13:15:00+05:30,246.9,247.05,245.7,246.05,5868,0
2026-08-12T13:30:00+05:30,246.05,246.3,246.05,246.3,1,0
2026-08-12T13:45:00+05:30,246.3,246.3,245.2,245.4,4617,0
2026-08-12T14:00:00+05:30,245.4,246.05,245.25,246.05,214,0
2026-08-12T14:15:00+05:30,246.05,246.05,244.65,244.9,2369,0
2026-08-12T14:30:00+05:30,244.9,246.0,244.9,245.6,1872,0
2026-08-12T14:45:00+05:30,245.6,246.15,245.05,245.7,894,0
2026-08-12T15:00:00+05:30,245.65,247.05,244.65,245.5,3767,0
2026-08-12T15:15:00+05:30,246.45,247.9,245.2,247.2,3450,0
2026-08-13T09:15:00+05:30,246.1,246.1,241.55,244.45,24706,0
2026-08-13T09:30:00+05:30,244.45,244.7,242.1,242.35,3235,0
2026-08-13T09:45:00+05:30,242.35,242.7,240.8,241.35,15241,0
2026-08-13T10:00:00+05:30,241.35,244.9,241.35,244.15,6130,0
2026-08-13T10:15:00+05:30,244.6,245.85,244.0,245.85,5330,0
2026-08-13T10:30:00+05:30,245.85,245.95,245.3,245.8,1876,0
2026-08-13T10:45:00+05:30,245.8,247.2,244.55,246.2,2860,0
2026-08-13T11:00:00+05:30,246.2,246.3,245.6,245.6,47,0
2026-08-13T11:15:00+05:30,245.6,245.6,244.9,244.95,2299,0
2026-08-13T11:30:00+05:30,245.05,245.05,244.4,244.95,141,0
2026-08-13T11:45:00+05:30,244.95,244.95,244.4,244.4,100,0
2026-08-13T12:00:00+05:30,244.9,245.45,244.8,244.95,369,0
2026-08-13T12:15:00+05:30,244.95,244.95,244.95,244.95,0,0
2026-08-13T12:30:00+05:30,245.0,245.0,245.0,245.0,770,0
2026-08-13T12:45:00+05:30,245.0,245.0,244.35,244.35,230,0
2026-08-13T13:00:00+05:30,244.35,244.35,244.35,244.35,0,0
2026-08-13T13:15:00+05:30,244.45,244.45,244.0,244.0,441,0
2026-08-13T13:30:00+05:30,244.0,245.0,244.0,245.0,926,0
2026-08-13T13:45:00+05:30,245.0,245.5,245.0,245.1,1655,0
2026-08-13T14:00:00+05:30,245.1,246.9,245.1,246.9,1216,0
2026-08-13T14:15:00+05:30,246.4,247.5,246.4,247.5,3538,0
2026-08-13T14:30:00+05:30,247.5,247.5,246.25,246.55,1599,0
2026-08-13T14:45:00+05:30,246.55,247.25,246.55,247.0,997,0
2026-08-13T15:00:00+05:30,247.0,247.5,245.6,247.5,4673,0
2026-08-13T15:15:00+05:30,248.0,250.05,247.05,249.0,21627,0
2026-08-14T09:15:00+05:30,248.0,248.0,244.8,244.8,23444,0
2026-08-14T09:30:00+05:30,244.5,244.8,242.0,242.0,11135,0
2026-08-14T09:45:00+05:30,242.0,243.5,241.9,243.3,3923,0
2026-08-14T10:00:00+05:30,243.3,244.0,243.3,244.0,1130,0
2026-08-14T10:15:00+05:30,243.55,243.65,242.85,242.85,110,0
2026-08-14T10:30:00+05:30,242.6,242.85,242.25,242.5,2319,0
2026-08-14T10:45:00+05:30,242.6,242.9,241.35,241.35,16939,0
2026-08-14T11:00:00+05:30,241.35,244.25,240.35,243.95,29604,0
2026-08-14T11:15:00+05:30,244.0,244.5,242.45,243.5,22639,0
2026-08-14T11:30:00+05:30,242.5,243.0,240.85,241.9,7888,0
2026-08-14T11:45:00+05:30,241.75,242.6,241.75,242.0,3012,0
2026-08-14T12:00:00+05:30,242.0,242.0,239.6,241.65,12973,0
2026-08-14T12:15:00+05:30,241.65,242.0,240.0,240.7,3353,0
2026-08-14T12:30:00+05:30,240.7,242.0,240.4,242.0,5520,0
2026-08-14T12:45:00+05:30,242.0,242.0,241.5,241.5,1518,0
2026-08-14T13:00:00+05:30,241.5,241.55,239.05,240.55,10528,0
2026-08-14T13:15:00+05:30,239.8,240.05,238.6,239.1,5715,0
2026-08-14T13:30:00+05:30,239.1,239.1,238.2,238.85,462,0
2026-08-14T13:45:00+05:30,238.85,239.3,237.2,239.3,9056,0
2026-08-14T14:00:00+05:30,239.3,240.75,239.3,240.75,14920,0
2026-08-14T14:15:00+05:30,240.75,241.5,240.4,241.5,3919,0
2026-08-14T14:30:00+05:30,241.5,242.9,241.5,241.7,4220,0
2026-08-14T14:45:00+05:30,241.55,242.6,237.45,239.05,71419,0
2026-08-14T15:00:00+05:30,239.05,239.2,238.0,238.1,12203,0
2026-08-14T15:15:00+05:30,237.85,241.0,237.35,241.0,21245,0
2026-08-17T09:15:00+05:30,238.4,243.35,238.3,242.6,11013,0
2026-08-17T09:30:00+05:30,242.6,245.75,242.6,245.35,7952,0
2026-08-17T09:45:00+05:30,245.25,245.6,242.45,244.0,32336,0
2026-08-17T10:00:00+05:30,244.0,246.5,241.9,243.85,28297,0
2026-08-17T10:15:00+05:30,243.85,245.0,242.2,243.4,25857,0
2026-08-17T10:30:00+05:30,243.35,243.95,242.55,243.7,16878,0
2026-08-17T10:45:00+05:30,243.25,245.85,243.0,245.45,17379,0
2026-08-17T11:00:00+05:30,245.45,246.4,242.0,242.95,16294,0
2026-08-17T11:15:00+05:30,243.45,243.9,242.1,243.0,9816,0
2026-08-17T11:30:00+05:30,243.0,243.7,242.65,243.7,1985,0
2026-08-17T11:45:00+05:30,243.7,243.7,241.5,243.2,67152,0
2026-08-17T12:00:00+05:30,243.25,245.0,243.25,245.0,3088,0
2026-08-17T12:15:00+05:30,245.0,245.0,243.95,244.7,295,0
2026-08-17T12:30:00+05:30,244.65,244.9,243.5,244.9,1318,0
2026-08-17T12:45:00+05:30,244.9,244.9,244.25,244.35,764,0
2026-08-17T13:00:00+05:30,244.35,245.0,243.85,243.85,1004,0
2026-08-17T13:15:00+05:30,244.25,244.25,244.25,244.25,75,0
2026-08-17T13:30:00+05:30,244.25,244.25,244.25,244.25,2,0
2026-08-17T13:45:00+05:30,244.25,244.65,244.0,244.65,1248,0
2026-08-17T14:00:00+05:30,245.25,245.3,244.25,244.5,13426,0
2026-08-17T14:15:00+05:30,244.5,244.95,244.45,244.5,1020,0
2026-08-17T14:30:00+05:30,244.55,246.1,244.0,246.1,11429,0
2026-08-17T14:45:00+05:30,245.55,246.4,245.0,245.1,33105,0
2026-08-17T15:00:00+05:30,245.05,247.6,244.5,246.1,16991,0
2026-08-17T15:15:00+05:30,247.0,249.0,246.45,249.0,17369,0
2026-08-18T09:15:00+05:30,247.0,251.0,246.55,249.8,7367,0
2026-08-18T09:30:00+05:30,249.8,251.7,249.8,251.7,3162,0
2026-08-18T09:45:00+05:30,251.6,253.65,250.55,253.65,6517,0
2026-08-18T10:00:00+05:30,253.5,256.4,253.45,254.9,19587,0
2026-08-18T10:15:00+05:30,254.9,254.9,253.3,254.9,1334,0
2026-08-18T10:30:00+05:30,254.3,257.4,254.25,256.85,12079,0
2026-08-18T10:45:00+05:30,256.5,257.2,256.5,256.6,1909,0
2026-08-18T11:00:00+05:30,256.6,256.6,253.6,253.8,10579,0
2026-08-18T11:15:00+05:30,254.25,257.4,253.0,257.35,15489,0
2026-08-18T11:30:00+05:30,256.35,257.0,252.5,254.0,10207,0
2026-08-18T11:45:00+05:30,254.0,254.0,251.0,251.0,13274,0
2026-08-18T12:00:00+05:30,251.0,251.5,249.0,251.0,5622,0
2026-08-18T12:15:00+05:30,251.0,251.0,250.0,250.65,863,0
2026-08-18T12:30:00+05:30,250.65,250.85,250.0,250.0,820,0
2026-08-18T12:45:00+05:30,250.0,250.9,250.0,250.65,282,0
2026-08-18T13:00:00+05:30,250.65,250.65,250.0,250.2,495,0
2026-08-18T13:15:00+05:30,250.2,250.2,250.0,250.0,2,0
2026-08-18T13:30:00+05:30,250.0,250.6,249.85,250.6,1190,0
2026-08-18T13:45:00+05:30,250.6,251.35,250.55,250.55,2435,0
2026-08-18T14:00:00+05:30,250.55,252.05,250.55,251.1,2003,0
2026-08-18T14:15:00+05:30,251.1,251.65,250.2,251.5,4059,0
2026-08-18T14:30:00+05:30,251.5,252.0,249.9,250.95,10780,0
2026-08-18T14:45:00+05:30,250.95,250.95,250.3,250.3,196,0
2026-08-18T15:00:00+05:30,250.5,252.15,250.3,250.3,16538,0
2026-08-18T15:15:00+05:30,250.3,251.25,250.0,250.15,3220,0
2026-08-19T09:15:00+05:30,250.2,251.4,249.5,249.8,3139,0
2026-08-19T09:30:00+05:30,250.2,250.2,248.85,250.15,15301,0
2026-08-19T09:45:00+05:30,250.2,251.15,249.5,250.0,3080,0
2026-08-19T10:00:00+05:30,250.0,251.15,249.85,249.85,5618,0
2026-08-19T10:15:00+05:30,249.85,249.85,249.5,249.5,511,0
2026-08-19T10:30:00+05:30,249.5,250.15,249.5,249.5,198,0
2026-08-19T10:45:00+05:30,249.5,251.15,249.5,251.0,6488,0
2026-08-19T11:00:00+05:30,251.0,253.15,251.0,252.4,4220,0
2026-08-19T11:15:00+05:30,252.4,252.4,250.2,250.2,620,0
2026-08-19T11:30:00+05:30,250.2,250.7,250.15,250.15,124,0
2026-08-19T11:45:00+05:30,250.15,250.15,250.15,250.15,2,0
2026-08-19T12:00:00+05:30,250.15,251.35,249.0,249.4,2481,0
2026-08-19T12:15:00+05:30,249.4,250.8,249.4,250.0,3283,0
2026-08-19T12:30:00+05:30,250.6,250.6,250.0,250.15,755,0
2026-08-19T12:45:00+05:30,250.15,251.9,250.15,250.9,1670,0
2026-08-19T13:00:00+05:30,251.1,251.1,250.8,250.9,238,0
2026-08-19T13:15:00+05:30,250.9,251.95,250.5,251.05,4394,0
2026-08-19T13:30:00+05:30,251.05,252.0,250.8,251.3,2125,0
2026-08-19T13:45:00+05:30,251.3,253.8,251.0,251.05,6305,0
2026-08-19T14:00:00+05:30,251.45,251.9,250.0,250.05,686,0
2026-08-19T14:15:00+05:30,250.05,251.05,249.95,250.7,2118,0
2026-08-19T14:30:00+05:30,250.7,251.55,249.55,251.55,1718,0
2026-08-19T14:45:00+05:30,251.2,252.1,251.0,252.0,6838,0
2026-08-19T15:00:00+05:30,252.05,252.35,250.0,250.3,6274,0
2026-08-19T15:15:00+05:30,250.35,250.6,250.0,250.4,9518,0
2026-08-20T09:15:00+05:30,252.0,252.45,250.65,251.0,863,0
2026-08-20T09:30:00+05:30,251.0,252.95,251.0,252.1,853,0
2026-08-20T09:45:00+05:30,252.1,252.95,248.05,251.0,7857,0
2026-08-20T10:00:00+05:30,251.0,251.0,250.0,250.05,1049,0
2026-08-20T10:15:00+05:30,250.05,250.15,249.5,250.0,2380,0
2026-08-20T10:30:00+05:30,250.0,250.0,249.6,249.6,31,0
2026-08-20T10:45:00+05:30,250.05,250.25,249.5,250.15,1031,0
2026-08-20T11:00:00+05:30,250.15,250.15,249.0,250.0,3505,0
2026-08-20T11:15:00+05:30,250.05,250.05,249.0,250.0,1708,0
2026-08-20T11:30:00+05:30,250.0,250.55,249.5,250.0,2227,0
2026-08-20T11:45:00+05:30,250.0,250.35,250.0,250.0,252,0
2026-08-20T12:00:00+05:30,250.0,250.0,249.6,249.6,274,0
2026-08-20T12:15:00+05:30,249.6,250.0,249.5,250.0,724,0
2026-08-20T12:30:00+05:30,250.0,250.95,249.0,250.95,1921,0
2026-08-20T12:45:00+05:30,250.95,251.45,250.95,251.45,2536,0
2026-08-20T13:00:00+05:30,251.45,251.45,251.2,251.2,15,0
2026-08-20T13:15:00+05:30,251.2,251.8,251.2,251.8,326,0
2026-08-20T13:30:00+05:30,251.8,252.15,251.8,252.15,200,0
2026-08-20T13:45:00+05:30,252.15,252.15,251.0,251.05,529,0
2026-08-20T14:00:00+05:30,251.05,252.1,251.0,251.5,24533,0
2026-08-20T14:15:00+05:30,251.05,252.0,251.0,252.0,1820,0
2026-08-20T14:30:00+05:30,252.0,252.05,252.0,252.0,1698,0
2026-08-20T14:45:00+05:30,252.0,252.35,251.5,251.6,5545,0
2026-08-20T15:00:00+05:30,251.7,252.1,251.5,251.9,2991,0
2026-08-20T15:15:00+05:30,251.9,252.0,251.0,252.0,14358,0
2026-08-21T09:15:00+05:30,254.0,256.0,251.1,255.05,3062,0
2026-08-21T09:30:00+05:30,254.55,255.85,253.75,255.5,3042,0
2026-08-21T09:45:00+05:30,255.5,255.5,254.45,254.85,593,0
2026-08-21T10:00:00+05:30,254.25,255.3,253.6,255.3,3191,0
2026-08-21T10:15:00+05:30,255.5,258.1,253.85,254.9,14196,0
2026-08-21T10:30:00+05:30,254.9,255.05,254.25,254.5,332,0
2026-08-21T10:45:00+05:30,254.5,254.5,252.0,252.65,6585,0
2026-08-21T11:00:00+05:30,252.65,253.2,252.4,252.55,1531,0
2026-08-21T11:15:00+05:30,252.55,253.0,252.5,252.5,193,0
2026-08-21T11:30:00+05:30,252.5,253.15,252.5,253.15,76,0
2026-08-21T11:45:00+05:30,253.15,255.0,252.2,254.15,10567,0
2026-08-21T12:00:00+05:30,254.65,255.7,253.35,254.75,2211,0
2026-08-21T12:15:00+05:30,254.65,254.65,253.35,253.55,247,0
2026-08-21T12:30:00+05:30,253.55,254.1,253.55,254.1,504,0
2026-08-21T12:45:00+05:30,254.1,254.1,253.5,253.5,66,0
2026-08-21T13:00:00+05:30,253.5,254.0,253.5,253.95,29,0
2026-08-21T13:15:00+05:30,253.95,253.95,253.1,253.1,303,0
2026-08-21T13:30:00+05:30,253.4,253.4,252.35,252.5,348,0
2026-08-21T13:45:00+05:30,252.5,253.0,251.7,252.15,3661,0
2026-08-21T14:00:00+05:30,252.6,252.7,251.9,252.6,360,0
2026-08-21T14:15:00+05:30,252.6,252.85,252.4,252.4,32,0
2026-08-21T14:30:00+05:30,252.35,252.65,252.0,252.45,2667,0
2026-08-21T14:45:00+05:30,252.45,253.35,251.6,252.8,5998,0
2026-08-21T15:00:00+05:30,253.2,253.2,251.65,253.0,4888,0
2026-08-21T15:15:00+05:30,253.0,254.0,252.0,253.05,19142,0
2026-08-24T09:15:00+05:30,253.35,256.0,253.05,255.7,16242,0
2026-08-24T09:30:00+05:30,255.9,257.85,255.9,256.9,6895,0
2026-08-24T09:45:00+05:30,256.95,257.2,256.0,256.7,2866,0
2026-08-24T10:00:00+05:30,256.4,256.4,255.0,255.15,3190,0
2026-08-24T10:15:00+05:30,255.5,260.7,255.0,260.6,33967,0
2026-08-24T10:30:00+05:30,260.1,264.7,259.8,263.6,24991,0
2026-08-24T10:45:00+05:30,263.45,263.45,260.6,263.0,8821,0
2026-08-24T11:00:00+05:30,263.0,263.5,262.05,262.05,6604,0
2026-08-24T11:15:00+05:30,262.05,263.5,260.55,263.5,8032,0
2026-08-24T11:30:00+05:30,263.5,263.65,261.6,262.5,9872,0
2026-08-24T11:45:00+05:30,262.5,262.55,261.95,262.2,2231,0
2026-08-24T12:00:00+05:30,262.5,262.5,261.15,261.95,1912,0
2026-08-24T12:15:00+05:30,261.95,261.95,261.05,261.3,797,0
2026-08-24T12:30:00+05:30,261.0,261.8,260.45,260.45,1992,0
2026-08-24T12:45:00+05:30,260.8,261.7,260.65,261.7,1278,0
2026-08-24T13:00:00+05:30,260.75,261.95,260.7,261.4,1423,0
2026-08-24T13:15:00+05:30,261.4,263.0,261.4,262.4,1439,0
2026-08-24T13:30:00+05:30,261.95,262.05,261.3,261.8,593,0
2026-08-24T13:45:00+05:30,261.8,261.85,261.6,261.6,138,0
2026-08-24T14:00:00+05:30,261.6,261.65,261.05,261.05,757,0
2026-08-24T14:15:00+05:30,261.55,262.4,261.05,262.4,3468,0
2026-08-24T14:30:00+05:30,262.5,263.0,262.05,262.3,1370,0
2026-08-24T14:45:00+05:30,262.3,262.5,261.05,261.05,2064,0
2026-08-24T15:00:00+05:30,261.0,262.35,260.85,262.05,5471,0
2026-08-24T15:15:00+05:30,262.05,264.75,261.5,263.9,15126,0
2026-08-25T09:15:00+05:30,261.45,262.45,258.35,260.6,7364,0
2026-08-25T09:30:00+05:30,260.6,261.05,260.0,260.4,1463,0
2026-08-25T09:45:00+05:30,260.4,261.0,260.0,260.1,2236,0
2026-08-25T10:00:00+05:30,260.1,260.55,260.0,260.5,740,0
2026-08-25T10:15:00+05:30,260.5,260.5,258.35,258.85,4643,0
2026-08-25T10:30:00+05:30,258.85,259.15,258.7,258.7,62,0
2026-08-25T10:45:00+05:30,258.7,259.0,258.4,258.4,130,0
2026-08-25T11:00:00+05:30,258.45,258.9,258.45,258.7,186,0
2026-08-25T11:15:00+05:30,258.7,258.75,257.75,257.75,1309,0
2026-08-25T11:30:00+05:30,257.75,258.7,257.25,258.7,799,0
2026-08-25T11:45:00+05:30,258.7,258.7,257.5,257.5,181,0
2026-08-25T12:00:00+05:30,257.5,259.0,257.5,258.25,1172,0
2026-08-25T12:15:00+05:30,258.25,258.25,258.0,258.0,179,0
2026-08-25T12:30:00+05:30,258.0,258.0,257.1,257.1,496,0
2026-08-25T12:45:00+05:30,257.1,257.4,257.1,257.4,9,0
2026-08-25T13:00:00+05:30,257.4,258.05,257.0,257.9,4867,0
2026-08-25T13:15:00+05:30,257.9,259.95,257.9,258.15,3657,0
2026-08-25T13:30:00+05:30,258.6,259.65,258.0,258.35,1751,0
2026-08-25T13:45:00+05:30,258.35,258.5,258.35,258.5,23,0
2026-08-25T14:00:00+05:30,258.5,259.1,258.15,258.15,2399,0
2026-08-25T14:15:00+05:30,258.15,258.15,257.0,257.75,53108,0
2026-08-25T14:30:00+05:30,257.75,258.8,257.75,258.8,39,0
2026-08-25T14:45:00+05:30,258.55,258.7,258.05,258.05,639,0
2026-08-25T15:00:00+05:30,258.4,259.0,257.75,258.9,1293,0
2026-08-25T15:15:00+05:30,258.9,259.0,255.1,257.0,8620,0
2026-08-26T09:15:00+05:30,257.55,260.2,257.55,258.6,3826,0
2026-08-26T09:30:00+05:30,258.6,258.7,258.15,258.6,661,0
2026-08-26T09:45:00+05:30,258.6,259.0,258.0,258.3,5396,0
2026-08-26T10:00:00+05:30,258.3,260.0,258.3,260.0,6128,0
2026-08-26T10:15:00+05:30,260.0,260.0,258.55,258.55,6518,0
2026-08-26T10:30:00+05:30,258.55,258.7,257.8,258.7,202,0
2026-08-26T10:45:00+05:30,258.7,258.95,258.5,258.95,566,0
2026-08-26T11:00:00+05:30,258.95,258.95,258.95,258.95,0,0
2026-08-26T11:15:00+05:30,258.95,258.95,256.05,256.1,6211,0
2026-08-26T11:30:00+05:30,256.1,256.9,255.1,256.9,7304,0
2026-08-26T11:45:00+05:30,256.9,256.9,256.05,256.55,161,0
2026-08-26T12:00:00+05:30,256.55,257.7,256.55,257.7,6210,0
2026-08-26T12:15:00+05:30,257.7,257.7,257.3,257.35,211,0
2026-08-26T12:30:00+05:30,257.35,257.35,257.35,257.35,26,0
2026-08-26T12:45:00+05:30,257.7,257.95,257.4,257.95,180,0
2026-08-26T13:00:00+05:30,257.95,258.0,257.45,258.0,9,0
2026-08-26T13:15:00+05:30,258.0,258.35,257.05,257.05,2213,0
2026-08-26T13:30:00+05:30,257.05,259.5,257.0,259.45,2133,0
2026-08-26T13:45:00+05:30,259.05,259.45,258.35,258.85,262,0
2026-08-26T14:00:00+05:30,258.85,259.5,258.05,259.5,2292,0
2026-08-26T14:15:00+05:30,259.5,259.5,259.0,259.0,10,0
2026-08-26T14:30:00+05:30,258.8,258.8,257.0,257.45,15923,0
2026-08-26T14:45:00+05:30,257.45,258.75,257.0,258.75,3738,0
2026-08-26T15:00:00+05:30,257.55,260.0,257.15,260.0,6932,0
2026-08-26T15:15:00+05:30,259.4,260.05,258.2,260.0,6181,0
