timestamp,open,high,low,close,volume,oi
2026-02-26T09:15:00+05:30,111.72,113.0,111.72,111.8,39248,0
2026-02-26T09:30:00+05:30,111.8,113.0,111.23,112.6,34528,0
2026-02-26T09:45:00+05:30,112.52,113.31,112.52,112.76,18865,0
2026-02-26T10:00:00+05:30,112.83,113.27,112.46,112.78,10947,0
2026-02-26T10:15:00+05:30,112.78,112.89,112.72,112.85,1181,0
2026-02-26T10:30:00+05:30,112.83,112.83,112.45,112.64,7010,0
2026-02-26T10:45:00+05:30,112.55,112.7,112.03,112.06,7287,0
2026-02-26T11:00:00+05:30,112.17,112.34,111.88,112.05,8796,0
2026-02-26T11:15:00+05:30,112.1,112.49,112.1,112.49,6760,0
2026-02-26T11:30:00+05:30,112.31,112.39,111.8,111.8,22470,0
2026-02-26T11:45:00+05:30,111.8,112.08,111.65,111.66,4018,0
2026-02-26T12:00:00+05:30,111.72,111.94,111.61,111.75,4458,0
2026-02-26T12:15:00+05:30,111.7,111.77,111.3,111.38,6914,0
2026-02-26T12:30:00+05:30,111.37,111.5,111.11,111.5,3935,0
2026-02-26T12:45:00+05:30,111.43,111.43,111.07,111.16,9504,0
2026-02-26T13:00:00+05:30,111.07,111.35,111.0,111.22,3454,0
2026-02-26T13:15:00+05:30,111.22,111.23,110.95,111.23,12706,0
2026-02-26T13:30:00+05:30,111.22,111.42,111.1,111.34,3031,0
2026-02-26T13:45:00+05:30,111.34,111.34,110.8,111.15,6926,0
2026-02-26T14:00:00+05:30,111.15,111.27,110.94,111.04,7991,0
2026-02-26T14:15:00+05:30,111.25,111.27,111.02,111.27,3640,0
2026-02-26T14:30:00+05:30,111.27,111.7,111.21,111.7,2724,0
2026-02-26T14:45:00+05:30,111.69,111.84,111.32,111.7,12960,0
2026-02-26T15:00:00+05:30,111.7,112.4,111.5,112.37,23426,0
2026-02-26T15:15:00+05:30,112.23,112.36,112.0,112.13,31774,0
2026-02-27T09:15:00+05:30,111.8,113.01,111.11,112.06,51065,0
2026-02-27T09:30:00+05:30,112.16,112.17,111.4,111.53,20533,0
2026-02-27T09:45:00+05:30,111.53,111.7,111.0,111.28,18213,0
2026-02-27T10:00:00+05:30,111.2,111.2,110.22,110.81,46106,0
2026-02-27T10:15:00+05:30,110.8,111.01,110.59,110.84,9133,0
2026-02-27T10:30:00+05:30,110.84,110.92,110.67,110.75,3492,0
2026-02-27T10:45:00+05:30,110.7,110.88,110.62,110.72,4859,0
2026-02-27T11:00:00+05:30,110.72,111.01,110.7,110.87,3765,0
2026-02-27T11:15:00+05:30,110.86,110.99,110.66,110.66,4375,0
2026-02-27T11:30:00+05:30,110.66,110.71,110.4,110.42,6182,0
2026-02-27T11:45:00+05:30,110.42,110.81,110.42,110.68,6041,0
2026-02-27T12:00:00+05:30,110.68,110.95,110.46,110.69,5904,0
2026-02-27T12:15:00+05:30,110.69,110.82,110.65,110.82,1024,0
2026-02-27T12:30:00+05:30,110.82,110.95,110.82,110.82,459,0
2026-02-27T12:45:00+05:30,110.75,110.84,110.62,110.73,3301,0
2026-02-27T13:00:00+05:30,110.73,110.79,110.57,110.78,1440,0
2026-02-27T13:15:00+05:30,110.78,110.85,110.75,110.83,3214,0
2026-02-27T13:30:00+05:30,110.84,110.99,110.77,110.95,2153,0
2026-02-27T13:45:00+05:30,110.95,111.55,110.95,111.44,4349,0
2026-02-27T14:00:00+05:30,111.5,111.9,111.35,111.48,15116,0
2026-02-27T14:15:00+05:30,111.48,111.52,111.12,111.32,2896,0
2026-02-27T14:30:00+05:30,111.32,111.41,111.01,111.21,3585,0
2026-02-27T14:45:00+05:30,111.29,111.39,111.2,111.32,3854,0
2026-02-27T15:00:00+05:30,111.32,111.32,110.01,110.55,29275,0
2026-02-27T15:15:00+05:30,110.6,110.83,110.5,110.63,27063,0
2026-03-02T09:15:00+05:30,107.0,107.8,105.2,107.15,75146,0
2026-03-02T09:30:00+05:30,107.06,107.77,106.81,107.69,26210,0
2026-03-02T09:45:00+05:30,107.78,108.3,107.32,108.15,22310,0
2026-03-02T10:00:00+05:30,108.2,108.21,107.33,107.69,11895,0
2026-03-02T10:15:00+05:30,107.74,107.85,107.05,107.53,16418,0
2026-03-02T10:30:00+05:30,107.55,107.83,107.08,107.08,3090,0
2026-03-02T10:45:00+05:30,107.1,107.2,106.66,107.14,8093,0
2026-03-02T11:00:00+05:30,107.13,107.23,106.76,106.8,5827,0
2026-03-02T11:15:00+05:30,106.8,106.84,106.32,106.32,7391,0
2026-03-02T11:30:00+05:30,106.31,106.4,106.0,106.0,5122,0
2026-03-02T11:45:00+05:30,106.12,106.21,105.9,105.9,8259,0
2026-03-02T12:00:00+05:30,105.96,106.15,105.85,105.93,9649,0
2026-03-02T12:15:00+05:30,105.91,105.98,104.9,105.36,58803,0
2026-03-02T12:30:00+05:30,105.36,105.36,104.6,104.8,36959,0
2026-03-02T12:45:00+05:30,104.81,105.02,104.7,104.75,13074,0
2026-03-02T13:00:00+05:30,104.74,105.23,104.74,104.99,11322,0
2026-03-02T13:15:00+05:30,104.99,105.0,104.64,104.66,1929,0
2026-03-02T13:30:00+05:30,104.66,104.66,103.86,104.31,18782,0
2026-03-02T13:45:00+05:30,104.32,104.42,103.5,103.56,9856,0
2026-03-02T14:00:00+05:30,103.52,104.8,103.28,104.39,154426,0
2026-03-02T14:15:00+05:30,104.51,104.64,104.21,104.24,7503,0
2026-03-02T14:30:00+05:30,104.26,105.26,103.99,105.04,23071,0
2026-03-02T14:45:00+05:30,105.04,105.09,104.47,104.9,6529,0
2026-03-02T15:00:00+05:30,104.9,105.1,104.59,105.08,18303,0
2026-03-02T15:15:00+05:30,105.05,105.44,104.63,105.25,55163,0
2026-03-04T09:15:00+05:30,102.23,102.88,99.22,100.51,182731,0
2026-03-04T09:30:00+05:30,100.52,101.25,99.94,100.8,41942,0
2026-03-04T09:45:00+05:30,100.79,101.24,100.25,100.39,30032,0
2026-03-04T10:00:00+05:30,100.32,101.34,100.06,101.28,17531,0
2026-03-04T10:15:00+05:30,101.27,101.27,100.27,101.1,33658,0
2026-03-04T10:30:00+05:30,101.16,101.16,100.3,100.66,10505,0
2026-03-04T10:45:00+05:30,100.66,100.93,100.4,100.47,9319,0
2026-03-04T11:00:00+05:30,100.46,101.0,100.42,100.9,9924,0
2026-03-04T11:15:00+05:30,100.8,100.81,100.1,100.1,9781,0
2026-03-04T11:30:00+05:30,100.1,100.24,99.8,99.8,19398,0
2026-03-04T11:45:00+05:30,99.9,100.2,99.8,99.98,5284,0
2026-03-04T12:00:00+05:30,100.03,100.19,99.85,99.85,7796,0
2026-03-04T12:15:00+05:30,99.9,99.91,99.75,99.8,8093,0
2026-03-04T12:30:00+05:30,99.8,100.06,99.71,99.87,9916,0
2026-03-04T12:45:00+05:30,99.97,100.2,99.76,100.2,5056,0
2026-03-04T13:00:00+05:30,100.07,100.4,100.0,100.25,12874,0
2026-03-04T13:15:00+05:30,100.25,100.39,100.01,100.32,8653,0
2026-03-04T13:30:00+05:30,100.32,100.34,100.0,100.2,7285,0
2026-03-04T13:45:00+05:30,100.11,100.12,99.8,99.81,6296,0
2026-03-04T14:00:00+05:30,99.81,100.58,99.71,100.46,13164,0
2026-03-04T14:15:00+05:30,100.57,100.74,99.9,100.12,12380,0
2026-03-04T14:30:00+05:30,100.1,100.64,100.0,100.49,10015,0
2026-03-04T14:45:00+05:30,100.55,100.89,100.27,100.73,19078,0
2026-03-04T15:00:00+05:30,100.79,100.8,100.05,100.19,21680,0
2026-03-04T15:15:00+05:30,100.06,100.19,99.5,99.95,47637,0
2026-03-05T09:15:00+05:30,100.7,102.8,100.7,101.12,82358,0
2026-03-05T09:30:00+05:30,101.18,101.8,100.8,101.14,66658,0
2026-03-05T09:45:00+05:30,101.1,102.3,101.1,101.36,31306,0
2026-03-05T10:00:00+05:30,101.6,101.78,101.14,101.17,4930,0
2026-03-05T10:15:00+05:30,101.16,101.21,100.96,101.01,22877,0
2026-03-05T10:30:00+05:30,101.0,101.35,100.95,101.26,12141,0
2026-03-05T10:45:00+05:30,101.23,101.25,101.08,101.12,3864,0
2026-03-05T11:00:00+05:30,101.13,101.25,101.12,101.21,1507,0
2026-03-05T11:15:00+05:30,101.2,101.4,100.96,101.1,21394,0
2026-03-05T11:30:00+05:30,101.1,101.2,100.96,100.96,29050,0
2026-03-05T11:45:00+05:30,100.96,100.97,100.05,100.1,27057,0
2026-03-05T12:00:00+05:30,100.1,100.12,99.57,100.05,17911,0
2026-03-05T12:15:00+05:30,100.05,100.49,99.91,100.49,2308,0
2026-03-05T12:30:00+05:30,100.49,100.6,100.25,100.28,2387,0
2026-03-05T12:45:00+05:30,100.28,100.7,100.25,100.7,4010,0
2026-03-05T13:00:00+05:30,100.65,100.79,100.51,100.76,5349,0
2026-03-05T13:15:00+05:30,100.79,100.8,100.31,100.64,9948,0
2026-03-05T13:30:00+05:30,100.74,100.74,100.32,100.4,6460,0
2026-03-05T13:45:00+05:30,100.4,100.62,99.7,99.78,14084,0
2026-03-05T14:00:00+05:30,99.77,99.93,99.45,99.45,11140,0
2026-03-05T14:15:00+05:30,99.35,99.78,99.27,99.78,17752,0
2026-03-05T14:30:00+05:30,99.67,101.1,99.33,101.1,16112,0
2026-03-05T14:45:00+05:30,101.11,101.85,100.81,101.72,47540,0
2026-03-05T15:00:00+05:30,101.68,101.92,101.32,101.75,51722,0
2026-03-05T15:15:00+05:30,101.53,102.28,101.11,101.3,90737,0
2026-03-06T09:15:00+05:30,101.25,103.98,100.17,103.25,87811,0
2026-03-06T09:30:00+05:30,103.24,104.35,102.86,103.3,33120,0
2026-03-06T09:45:00+05:30,103.12,103.61,102.27,102.35,66187,0
2026-03-06T10:00:00+05:30,102.35,102.88,102.1,102.75,11055,0
2026-03-06T10:15:00+05:30,102.63,102.8,102.29,102.54,15239,0
2026-03-06T10:30:00+05:30,102.51,102.51,101.4,101.84,18304,0
2026-03-06T10:45:00+05:30,101.48,101.5,100.57,100.57,19299,0
2026-03-06T11:00:00+05:30,100.59,101.1,100.59,100.61,28565,0
2026-03-06T11:15:00+05:30,100.61,100.89,100.53,100.73,9789,0
2026-03-06T11:30:00+05:30,100.76,100.93,100.59,100.76,4621,0
2026-03-06T11:45:00+05:30,100.73,101.57,100.68,101.17,10367,0
2026-03-06T12:00:00+05:30,101.07,101.07,100.8,100.88,5076,0
2026-03-06T12:15:00+05:30,100.98,100.98,100.61,100.81,6377,0
2026-03-06T12:30:00+05:30,100.61,100.8,100.4,100.8,7467,0
2026-03-06T12:45:00+05:30,100.79,100.82,100.6,100.66,9356,0
2026-03-06T13:00:00+05:30,100.66,100.86,100.58,100.86,8139,0
2026-03-06T13:15:00+05:30,100.81,100.88,100.56,100.62,4893,0
2026-03-06T13:30:00+05:30,100.8,100.86,100.58,100.75,2597,0
2026-03-06T13:45:00+05:30,100.8,100.8,100.58,100.64,3195,0
2026-03-06T14:00:00+05:30,100.64,100.88,100.6,100.86,9840,0
2026-03-06T14:15:00+05:30,100.87,101.07,100.75,100.9,7174,0
2026-03-06T14:30:00+05:30,101.02,101.02,100.7,100.77,5261,0
2026-03-06T14:45:00+05:30,100.76,100.76,100.0,100.27,25622,0
2026-03-06T15:00:00+05:30,100.29,100.61,99.75,100.14,42203,0
2026-03-06T15:15:00+05:30,100.15,100.29,99.0,99.5,87179,0
2026-03-09T09:15:00+05:30,97.5,97.5,93.61,95.24,86582,0
2026-03-09T09:30:00+05:30,95.32,95.75,94.9,95.25,20249,0
2026-03-09T09:45:00+05:30,95.3,96.0,94.97,95.8,25935,0
2026-03-09T10:00:00+05:30,95.8,96.32,95.54,96.23,11129,0
2026-03-09T10:15:00+05:30,96.01,96.12,95.6,95.83,7702,0
2026-03-09T10:30:00+05:30,95.9,95.9,95.03,95.14,9377,0
2026-03-09T10:45:00+05:30,95.2,95.97,95.06,95.79,9256,0
2026-03-09T11:00:00+05:30,95.79,95.92,95.55,95.74,3163,0
2026-03-09T11:15:00+05:30,95.67,96.35,95.61,96.35,17814,0
2026-03-09T11:30:00+05:30,96.35,96.9,96.06,96.56,13646,0
2026-03-09T11:45:00+05:30,96.56,96.78,95.98,96.07,8685,0
2026-03-09T12:00:00+05:30,96.15,96.2,95.56,95.83,3310,0
2026-03-09T12:15:00+05:30,95.8,95.95,95.68,95.69,5415,0
2026-03-09T12:30:00+05:30,95.8,96.29,95.8,96.26,5621,0
2026-03-09T12:45:00+05:30,96.29,96.63,95.86,96.63,10686,0
2026-03-09T13:00:00+05:30,96.54,96.54,95.6,96.0,9463,0
2026-03-09T13:15:00+05:30,96.11,96.36,95.78,96.07,94333,0
2026-03-09T13:30:00+05:30,96.15,96.53,96.1,96.3,5608,0
2026-03-09T13:45:00+05:30,96.2,96.28,95.94,95.98,9863,0
2026-03-09T14:00:00+05:30,95.9,96.1,95.65,95.7,14271,0
2026-03-09T14:15:00+05:30,95.82,95.99,95.53,95.88,7335,0
2026-03-09T14:30:00+05:30,96.0,96.09,95.76,95.9,4312,0
2026-03-09T14:45:00+05:30,95.89,96.31,95.83,96.15,10660,0
2026-03-09T15:00:00+05:30,96.14,96.5,96.06,96.37,26530,0
2026-03-09T15:15:00+05:30,96.34,96.67,96.05,96.12,40000,0
2026-03-10T09:15:00+05:30,98.99,99.99,97.7,98.27,80012,0
2026-03-10T09:30:00+05:30,98.29,98.63,97.7,98.5,40237,0
2026-03-10T09:45:00+05:30,98.67,99.78,98.38,99.05,55611,0
2026-03-10T10:00:00+05:30,99.06,99.74,99.0,99.4,50616,0
2026-03-10T10:15:00+05:30,99.31,100.9,99.31,100.74,59779,0
2026-03-10T10:30:00+05:30,100.72,100.85,100.18,100.18,22631,0
2026-03-10T10:45:00+05:30,100.34,100.99,99.88,100.09,28525,0
2026-03-10T11:00:00+05:30,100.1,100.62,99.51,99.75,12559,0
2026-03-10T11:15:00+05:30,99.89,100.29,99.89,100.0,13233,0
2026-03-10T11:30:00+05:30,100.0,100.37,99.99,100.23,27458,0
2026-03-10T11:45:00+05:30,100.16,100.16,99.53,99.86,5083,0
2026-03-10T12:00:00+05:30,99.86,101.6,99.27,99.57,104657,0
2026-03-10T12:15:00+05:30,99.57,99.62,99.26,99.43,6050,0
2026-03-10T12:30:00+05:30,99.37,99.75,99.09,99.71,19934,0
2026-03-10T12:45:00+05:30,99.7,100.25,99.69,100.0,22884,0
2026-03-10T13:00:00+05:30,100.0,100.59,99.95,100.5,26397,0
2026-03-10T13:15:00+05:30,100.5,100.8,100.1,100.78,26125,0
2026-03-10T13:30:00+05:30,100.87,101.5,100.66,101.0,30531,0
2026-03-10T13:45:00+05:30,101.02,101.06,100.52,101.06,14075,0
2026-03-10T14:00:00+05:30,100.99,101.44,100.84,101.4,10056,0
2026-03-10T14:15:00+05:30,101.48,102.0,101.34,101.39,43124,0
2026-03-10T14:30:00+05:30,101.4,103.0,101.33,102.75,54700,0
2026-03-10T14:45:00+05:30,102.74,102.87,102.2,102.28,19440,0
2026-03-10T15:00:00+05:30,102.28,103.9,102.05,103.44,75264,0
2026-03-10T15:15:00+05:30,103.45,103.71,102.8,103.04,67122,0
2026-03-11T09:15:00+05:30,103.2,106.5,103.2,104.42,127021,0
2026-03-11T09:30:00+05:30,104.5,104.99,104.21,104.81,19937,0
2026-03-11T09:45:00+05:30,104.87,106.05,104.83,105.41,44155,0
2026-03-11T10:00:00+05:30,105.45,105.68,105.04,105.35,19318,0
2026-03-11T10:15:00+05:30,105.26,105.6,104.76,105.0,22911,0
2026-03-11T10:30:00+05:30,105.1,105.6,104.62,104.65,14272,0
2026-03-11T10:45:00+05:30,104.66,104.92,104.4,104.92,15476,0
2026-03-11T11:00:00+05:30,104.83,105.16,104.63,104.63,5398,0
2026-03-11T11:15:00+05:30,104.67,104.79,104.2,104.79,9875,0
2026-03-11T11:30:00+05:30,104.79,104.79,104.44,104.62,6147,0
2026-03-11T11:45:00+05:30,104.55,104.79,104.4,104.79,19803,0
2026-03-11T12:00:00+05:30,104.81,105.2,104.61,105.0,16861,0
2026-03-11T12:15:00+05:30,105.0,105.27,104.44,104.89,19444,0
2026-03-11T12:30:00+05:30,104.89,105.03,104.4,104.93,5400,0
2026-03-11T12:45:00+05:30,104.93,104.93,104.52,104.52,2682,0
2026-03-11T13:00:00+05:30,104.51,104.71,103.67,103.82,9288,0
2026-03-11T13:15:00+05:30,103.91,104.37,103.77,104.37,16882,0
2026-03-11T13:30:00+05:30,104.48,104.71,104.15,104.37,7890,0
2026-03-11T13:45:00+05:30,104.22,104.7,104.01,104.07,14141,0
2026-03-11T14:00:00+05:30,104.15,104.21,103.77,104.0,3285,0
2026-03-11T14:15:00+05:30,104.0,104.1,103.36,103.95,7640,0
2026-03-11T14:30:00+05:30,104.2,104.2,103.14,103.14,4783,0
2026-03-11T14:45:00+05:30,103.33,103.65,103.21,103.3,8096,0
2026-03-11T15:00:00+05:30,103.37,103.5,103.06,103.16,13240,0
2026-03-11T15:15:00+05:30,103.14,103.67,102.33,102.9,53543,0
2026-03-12T09:15:00+05:30,101.8,101.8,99.75,100.9,53336,0
2026-03-12T09:30:00+05:30,100.75,101.09,100.54,100.89,15504,0
2026-03-12T09:45:00+05:30,100.88,101.47,100.71,101.4,13722,0
2026-03-12T10:00:00+05:30,101.41,101.65,101.05,101.1,17434,0
2026-03-12T10:15:00+05:30,101.0,101.15,100.35,100.93,9352,0
2026-03-12T10:30:00+05:30,100.75,101.2,99.5,100.61,53751,0
2026-03-12T10:45:00+05:30,100.61,101.6,100.61,101.6,15914,0
2026-03-12T11:00:00+05:30,101.58,102.42,101.36,101.8,30613,0
2026-03-12T11:15:00+05:30,101.81,102.16,100.76,101.33,14215,0
2026-03-12T11:30:00+05:30,101.19,101.86,100.9,101.86,10790,0
2026-03-12T11:45:00+05:30,101.85,102.65,101.62,102.4,11224,0
2026-03-12T12:00:00+05:30,102.49,102.7,102.03,102.68,8704,0
2026-03-12T12:15:00+05:30,102.68,103.8,102.13,103.01,47024,0
2026-03-12T12:30:00+05:30,103.14,103.19,102.69,102.75,5275,0
2026-03-12T12:45:00+05:30,102.8,103.43,102.77,103.16,22476,0
2026-03-12T13:00:00+05:30,103.16,103.32,102.4,102.96,12502,0
2026-03-12T13:15:00+05:30,103.1,103.75,103.0,103.66,24566,0
2026-03-12T13:30:00+05:30,103.63,104.3,103.63,103.81,27731,0
2026-03-12T13:45:00+05:30,103.86,104.1,103.54,103.61,18186,0
2026-03-12T14:00:00+05:30,103.77,103.94,102.81,103.18,33537,0
2026-03-12T14:15:00+05:30,103.18,103.26,102.91,103.0,15951,0
2026-03-12T14:30:00+05:30,102.99,103.06,102.55,102.55,7398,0
2026-03-12T14:45:00+05:30,102.52,102.64,102.1,102.27,5846,0
2026-03-12T15:00:00+05:30,102.3,102.79,102.0,102.43,25193,0
2026-03-12T15:15:00+05:30,102.59,103.95,102.26,103.0,38946,0
2026-03-13T09:15:00+05:30,102.0,102.0,100.63,101.09,41404,0
2026-03-13T09:30:00+05:30,101.0,101.3,100.3,100.35,28695,0
2026-03-13T09:45:00+05:30,100.35,100.37,100.0,100.06,33719,0
2026-03-13T10:00:00+05:30,100.17,100.22,99.7,99.97,45537,0
2026-03-13T10:15:00+05:30,99.97,100.16,99.83,99.98,6879,0
2026-03-13T10:30:00+05:30,100.09,100.12,99.66,99.71,14758,0
2026-03-13T10:45:00+05:30,99.7,100.04,99.62,99.97,13573,0
2026-03-13T11:00:00+05:30,99.95,99.97,99.8,99.8,3718,0
2026-03-13T11:15:00+05:30,99.8,100.01,99.6,100.01,3903,0
2026-03-13T11:30:00+05:30,100.0,100.02,99.7,99.87,8156,0
2026-03-13T11:45:00+05:30,99.85,99.85,98.5,98.88,38457,0
2026-03-13T12:00:00+05:30,98.85,98.85,97.79,98.4,68521,0
2026-03-13T12:15:00+05:30,98.41,98.46,98.01,98.32,6486,0
2026-03-13T12:30:00+05:30,98.23,98.23,97.86,97.95,18813,0
2026-03-13T12:45:00+05:30,98.02,98.13,97.8,98.03,11899,0
2026-03-13T13:00:00+05:30,97.96,98.21,97.95,98.11,7431,0
2026-03-13T13:15:00+05:30,98.04,98.31,98.0,98.29,12476,0
2026-03-13T13:30:00+05:30,98.29,98.52,98.1,98.1,9570,0
2026-03-13T13:45:00+05:30,98.11,98.19,98.0,98.0,10334,0
2026-03-13T14:00:00+05:30,98.01,98.2,98.0,98.15,8292,0
2026-03-13T14:15:00+05:30,98.14,98.43,98.03,98.26,8293,0
2026-03-13T14:30:00+05:30,98.12,98.55,98.09,98.31,14992,0
2026-03-13T14:45:00+05:30,98.25,98.29,97.75,97.9,17134,0
2026-03-13T15:00:00+05:30,97.9,98.04,97.38,98.01,38221,0
2026-03-13T15:15:00+05:30,97.81,97.98,96.58,97.63,58174,0
2026-03-16T09:15:00+05:30,98.29,98.29,96.01,96.63,58925,0
2026-03-16T09:30:00+05:30,96.63,98.12,96.55,98.02,28274,0
2026-03-16T09:45:00+05:30,97.98,97.98,97.0,97.05,18051,0
2026-03-16T10:00:00+05:30,97.05,97.17,96.41,96.41,19118,0
2026-03-16T10:15:00+05:30,96.32,96.32,94.47,94.86,38875,0
2026-03-16T10:30:00+05:30,94.88,95.55,94.72,95.0,14604,0
2026-03-16T10:45:00+05:30,95.0,95.66,94.58,95.46,13444,0
2026-03-16T11:00:00+05:30,95.46,95.46,94.31,94.32,30731,0
2026-03-16T11:15:00+05:30,94.39,95.65,94.39,95.16,17072,0
2026-03-16T11:30:00+05:30,95.23,95.68,95.13,95.24,6464,0
2026-03-16T11:45:00+05:30,95.3,95.72,95.3,95.58,7689,0
2026-03-16T12:00:00+05:30,95.58,95.63,95.03,95.23,11605,0
2026-03-16T12:15:00+05:30,95.23,95.95,95.0,95.4,15221,0
2026-03-16T12:30:00+05:30,95.43,96.19,95.43,95.62,12656,0
2026-03-16T12:45:00+05:30,95.69,95.69,95.25,95.41,2339,0
2026-03-16T13:00:00+05:30,95.41,95.64,94.68,95.04,5303,0
2026-03-16T13:15:00+05:30,95.15,95.27,94.99,95.13,2447,0
2026-03-16T13:30:00+05:30,95.13,95.29,95.09,95.2,1647,0
2026-03-16T13:45:00+05:30,95.2,95.29,94.5,95.05,22450,0
2026-03-16T14:00:00+05:30,94.88,95.21,94.79,95.1,3687,0
2026-03-16T14:15:00+05:30,95.0,96.07,94.9,95.79,22399,0
2026-03-16T14:30:00+05:30,95.78,97.09,95.75,96.96,33066,0
2026-03-16T14:45:00+05:30,96.96,97.15,96.8,96.8,11101,0
2026-03-16T15:00:00+05:30,96.8,96.84,96.25,96.78,13315,0
2026-03-16T15:15:00+05:30,96.83,96.89,95.9,96.36,44728,0
2026-03-17T09:15:00+05:30,96.8,97.44,96.08,96.98,41129,0
2026-03-17T09:30:00+05:30,96.97,97.44,96.57,97.29,13357,0
2026-03-17T09:45:00+05:30,97.17,97.51,96.87,97.35,18685,0
2026-03-17T10:00:00+05:30,97.46,97.75,97.4,97.5,12509,0
2026-03-17T10:15:00+05:30,97.54,98.42,97.54,97.72,24518,0
2026-03-17T10:30:00+05:30,97.72,97.86,97.18,97.7,23236,0
2026-03-17T10:45:00+05:30,97.7,97.9,97.45,97.56,4550,0
2026-03-17T11:00:00+05:30,97.61,97.73,97.42,97.44,3889,0
2026-03-17T11:15:00+05:30,97.53,97.53,97.06,97.23,3977,0
2026-03-17T11:30:00+05:30,97.23,97.58,97.07,97.3,6454,0
2026-03-17T11:45:00+05:30,97.3,97.75,97.3,97.51,3611,0
2026-03-17T12:00:00+05:30,97.51,97.66,97.4,97.49,2951,0
2026-03-17T12:15:00+05:30,97.49,97.49,97.33,97.33,1546,0
2026-03-17T12:30:00+05:30,97.4,97.57,97.31,97.54,2247,0
2026-03-17T12:45:00+05:30,97.54,97.69,97.54,97.68,345,0
2026-03-17T13:00:00+05:30,97.73,98.2,97.7,98.19,12894,0
2026-03-17T13:15:00+05:30,98.15,98.45,98.0,98.4,17271,0
2026-03-17T13:30:00+05:30,98.4,98.55,97.85,98.01,23122,0
2026-03-17T13:45:00+05:30,98.0,98.15,97.72,97.86,6658,0
2026-03-17T14:00:00+05:30,97.86,98.0,97.7,98.0,3712,0
2026-03-17T14:15:00+05:30,97.99,97.99,97.66,97.83,2383,0
2026-03-17T14:30:00+05:30,97.8,98.11,97.32,98.02,10288,0
2026-03-17T14:45:00+05:30,98.02,98.6,97.85,98.6,5873,0
2026-03-17T15:00:00+05:30,98.49,98.59,97.86,98.0,15128,0
2026-03-17T15:15:00+05:30,98.2,98.2,97.1,97.7,49228,0
2026-03-18T09:15:00+05:30,98.9,101.96,98.36,100.59,99162,0
2026-03-18T09:30:00+05:30,100.57,102.68,100.56,102.54,78958,0
2026-03-18T09:45:00+05:30,102.63,103.39,102.05,102.15,50154,0
2026-03-18T10:00:00+05:30,102.26,102.3,101.63,101.79,32651,0
2026-03-18T10:15:00+05:30,101.83,102.26,101.6,101.8,34018,0
2026-03-18T10:30:00+05:30,101.8,102.08,101.73,101.73,7781,0
2026-03-18T10:45:00+05:30,101.74,102.76,101.74,102.53,10133,0
2026-03-18T11:00:00+05:30,102.5,102.68,102.17,102.57,14149,0
2026-03-18T11:15:00+05:30,102.5,102.55,101.98,102.4,12074,0
2026-03-18T11:30:00+05:30,102.4,102.86,102.35,102.55,14202,0
2026-03-18T11:45:00+05:30,102.63,102.63,102.12,102.48,14872,0
2026-03-18T12:00:00+05:30,102.5,102.57,101.75,101.75,13745,0
2026-03-18T12:15:00+05:30,101.75,102.05,101.75,101.8,4567,0
2026-03-18T12:30:00+05:30,101.78,102.22,101.74,102.22,5938,0
2026-03-18T12:45:00+05:30,102.29,102.71,102.26,102.45,16417,0
2026-03-18T13:00:00+05:30,102.45,102.94,102.38,102.9,16262,0
2026-03-18T13:15:00+05:30,102.89,103.35,102.82,103.02,32697,0
2026-03-18T13:30:00+05:30,103.05,103.38,103.02,103.25,10995,0
2026-03-18T13:45:00+05:30,103.2,103.25,102.83,102.83,4270,0
2026-03-18T14:00:00+05:30,102.85,103.2,102.64,102.93,12025,0
2026-03-18T14:15:00+05:30,102.93,103.22,102.85,103.12,3714,0
2026-03-18T14:30:00+05:30,103.24,103.25,102.32,102.65,8566,0
2026-03-18T14:45:00+05:30,102.76,102.78,102.45,102.63,9305,0
2026-03-18T15:00:00+05:30,102.59,102.99,102.32,102.9,22669,0
2026-03-18T15:15:00+05:30,102.85,103.3,102.34,102.67,56888,0
2026-03-19T09:15:00+05:30,100.0,101.06,99.31,100.81,85423,0
2026-03-19T09:30:00+05:30,100.81,101.26,100.41,100.57,23400,0
2026-03-19T09:45:00+05:30,100.7,100.7,100.0,100.08,17051,0
2026-03-19T10:00:00+05:30,100.07,100.38,99.9,100.07,6094,0
2026-03-19T10:15:00+05:30,100.0,100.23,99.81,100.0,7288,0
2026-03-19T10:30:00+05:30,100.02,100.65,100.02,100.34,9511,0
2026-03-19T10:45:00+05:30,100.34,100.4,99.83,99.83,6646,0
2026-03-19T11:00:00+05:30,99.87,100.1,99.74,100.03,7712,0
2026-03-19T11:15:00+05:30,100.0,100.28,99.7,99.71,11656,0
2026-03-19T11:30:00+05:30,99.71,100.11,99.7,100.0,2920,0
2026-03-19T11:45:00+05:30,99.92,100.03,99.72,99.72,1860,0
2026-03-19T12:00:00+05:30,99.7,99.83,99.31,99.83,7434,0
2026-03-19T12:15:00+05:30,99.83,99.93,99.57,99.75,10123,0
2026-03-19T12:30:00+05:30,99.75,99.93,99.6,99.6,6164,0
2026-03-19T12:45:00+05:30,99.6,99.8,99.6,99.7,3862,0
2026-03-19T13:00:00+05:30,99.7,99.78,99.51,99.51,2041,0
2026-03-19T13:15:00+05:30,99.51,99.55,99.31,99.31,3540,0
2026-03-19T13:30:00+05:30,99.31,99.4,99.31,99.32,5161,0
2026-03-19T13:45:00+05:30,99.37,99.4,99.0,99.0,11416,0
2026-03-19T14:00:00+05:30,99.0,99.05,98.51,98.54,11866,0
2026-03-19T14:15:00+05:30,98.54,98.9,98.41,98.6,9384,0
2026-03-19T14:30:00+05:30,98.65,98.81,98.25,98.52,10496,0
2026-03-19T14:45:00+05:30,98.48,98.82,98.1,98.19,15796,0
2026-03-19T15:00:00+05:30,98.19,98.49,98.12,98.44,12843,0
2026-03-19T15:15:00+05:30,98.41,99.3,98.31,99.3,31336,0
2026-03-20T09:15:00+05:30,101.99,110.6,99.55,109.73,1604705,0
2026-03-20T09:30:00+05:30,109.61,111.0,107.29,108.85,2067843,0
2026-03-20T09:45:00+05:30,108.85,109.5,107.11,107.41,1228820,0
2026-03-20T10:00:00+05:30,107.41,108.15,105.2,106.02,1058567,0
2026-03-20T10:15:00+05:30,105.84,105.84,104.3,105.19,676872,0
2026-03-20T10:30:00+05:30,105.12,107.0,104.82,105.25,581296,0
2026-03-20T10:45:00+05:30,105.3,106.32,104.54,105.24,308843,0
2026-03-20T11:00:00+05:30,105.24,105.9,104.82,105.77,214118,0
2026-03-20T11:15:00+05:30,105.74,110.5,105.3,109.75,1513094,0
2026-03-20T11:30:00+05:30,109.87,110.01,107.21,108.4,1541424,0
2026-03-20T11:45:00+05:30,108.39,109.19,105.58,106.63,1173388,0
2026-03-20T12:00:00+05:30,106.65,108.5,106.1,106.67,885191,0
2026-03-20T12:15:00+05:30,106.65,106.65,104.2,105.83,817874,0
2026-03-20T12:30:00+05:30,105.94,106.3,105.0,105.94,407980,0
2026-03-20T12:45:00+05:30,105.94,106.57,105.6,106.19,259440,0
2026-03-20T13:00:00+05:30,106.19,106.29,105.2,105.72,282773,0
2026-03-20T13:15:00+05:30,105.71,105.99,104.7,105.17,210533,0
2026-03-20T13:30:00+05:30,105.12,105.5,104.14,104.81,320029,0
2026-03-20T13:45:00+05:30,104.9,104.99,103.31,103.56,453407,0
2026-03-20T14:00:00+05:30,103.55,106.8,103.41,105.62,1063380,0
2026-03-20T14:15:00+05:30,105.65,106.55,105.0,105.0,476783,0
2026-03-20T14:30:00+05:30,105.0,105.49,104.0,104.98,551932,0
2026-03-20T14:45:00+05:30,104.98,105.14,103.65,104.54,349735,0
2026-03-20T15:00:00+05:30,104.56,105.39,101.1,101.75,751728,0
2026-03-20T15:15:00+05:30,101.68,101.84,100.3,100.5,830606,0
2026-03-23T09:15:00+05:30,100.8,100.8,97.8,98.37,338132,0
2026-03-23T09:30:00+05:30,98.37,98.78,98.03,98.78,136946,0
2026-03-23T09:45:00+05:30,98.71,99.2,98.09,98.19,92878,0
2026-03-23T10:00:00+05:30,98.19,98.53,97.9,98.05,36197,0
2026-03-23T10:15:00+05:30,98.0,98.14,97.68,97.81,21689,0
2026-03-23T10:30:00+05:30,97.78,98.7,97.6,98.6,75931,0
2026-03-23T10:45:00+05:30,98.51,98.51,97.36,97.84,37103,0
2026-03-23T11:00:00+05:30,97.88,98.33,97.61,97.83,17077,0
2026-03-23T11:15:00+05:30,97.89,98.02,97.62,97.77,10974,0
2026-03-23T11:30:00+05:30,97.78,97.91,97.65,97.8,8767,0
2026-03-23T11:45:00+05:30,97.76,98.13,97.65,97.88,9880,0
2026-03-23T12:00:00+05:30,97.88,98.11,97.66,97.97,6937,0
2026-03-23T12:15:00+05:30,97.88,98.15,97.6,98.02,5329,0
2026-03-23T12:30:00+05:30,98.01,98.08,97.5,97.51,18637,0
2026-03-23T12:45:00+05:30,97.51,97.67,96.9,97.37,45807,0
2026-03-23T13:00:00+05:30,97.29,97.64,97.08,97.64,6477,0
2026-03-23T13:15:00+05:30,97.7,98.0,97.44,97.58,6027,0
2026-03-23T13:30:00+05:30,97.57,97.86,97.23,97.57,10872,0
2026-03-23T13:45:00+05:30,97.57,97.86,97.57,97.72,10240,0
2026-03-23T14:00:00+05:30,97.73,98.11,97.5,98.04,10088,0
2026-03-23T14:15:00+05:30,97.96,98.1,97.5,97.56,11002,0
2026-03-23T14:30:00+05:30,97.67,98.1,97.41,97.98,27242,0
2026-03-23T14:45:00+05:30,97.96,97.96,97.38,97.38,9092,0
2026-03-23T15:00:00+05:30,97.4,97.5,94.1,94.75,162643,0
2026-03-23T15:15:00+05:30,94.7,94.7,93.15,94.3,188082,0
2026-03-24T09:15:00+05:30,97.1,97.8,95.62,96.05,312358,0
2026-03-24T09:30:00+05:30,96.03,96.09,94.81,95.0,56595,0
2026-03-24T09:45:00+05:30,94.97,95.2,94.8,94.99,37610,0
2026-03-24T10:00:00+05:30,94.99,95.64,94.55,95.05,72763,0
2026-03-24T10:15:00+05:30,95.0,95.39,94.95,95.26,20107,0
2026-03-24T10:30:00+05:30,95.37,95.38,94.5,94.7,30430,0
2026-03-24T10:45:00+05:30,94.59,95.0,94.16,94.25,19054,0
2026-03-24T11:00:00+05:30,94.16,94.99,94.16,94.85,18468,0
2026-03-24T11:15:00+05:30,94.86,95.65,94.85,95.6,56817,0
2026-03-24T11:30:00+05:30,95.62,96.78,95.26,96.48,47058,0
2026-03-24T11:45:00+05:30,96.48,96.6,95.68,95.89,56571,0
2026-03-24T12:00:00+05:30,95.96,96.0,95.57,95.77,10571,0
2026-03-24T12:15:00+05:30,95.77,96.44,95.4,95.47,11072,0
2026-03-24T12:30:00+05:30,95.44,96.32,95.44,96.09,23492,0
2026-03-24T12:45:00+05:30,96.09,96.56,95.96,96.38,55222,0
2026-03-24T13:00:00+05:30,96.39,96.59,96.1,96.36,24109,0
2026-03-24T13:15:00+05:30,96.42,97.3,96.36,97.11,42328,0
2026-03-24T13:30:00+05:30,97.13,97.25,96.73,97.15,14906,0
2026-03-24T13:45:00+05:30,97.15,97.33,95.88,96.2,145923,0
2026-03-24T14:00:00+05:30,96.21,96.67,96.11,96.11,21225,0
2026-03-24T14:15:00+05:30,96.14,96.51,96.0,96.3,9545,0
2026-03-24T14:30:00+05:30,96.35,96.47,95.65,95.74,32498,0
2026-03-24T14:45:00+05:30,95.7,96.49,95.59,96.25,31367,0
2026-03-24T15:00:00+05:30,96.24,97.0,95.85,96.3,56365,0
2026-03-24T15:15:00+05:30,96.29,96.7,96.03,96.5,94180,0
2026-03-25T09:15:00+05:30,97.2,100.78,97.12,100.6,231964,0
2026-03-25T09:30:00+05:30,100.54,100.59,98.94,99.44,68871,0
2026-03-25T09:45:00+05:30,99.39,100.49,99.27,100.11,76173,0
2026-03-25T10:00:00+05:30,100.02,100.36,99.47,100.25,55917,0
2026-03-25T10:15:00+05:30,100.29,100.29,99.51,99.77,32217,0
2026-03-25T10:30:00+05:30,99.77,101.3,99.5,101.02,85244,0
2026-03-25T10:45:00+05:30,101.11,101.19,100.0,100.0,39807,0
2026-03-25T11:00:00+05:30,100.1,100.68,99.8,99.97,43003,0
2026-03-25T11:15:00+05:30,100.1,100.21,99.55,99.65,18139,0
2026-03-25T11:30:00+05:30,99.63,99.94,99.39,99.49,42048,0
2026-03-25T11:45:00+05:30,99.49,99.89,99.26,99.59,10420,0
2026-03-25T12:00:00+05:30,99.59,100.06,99.51,100.06,15687,0
2026-03-25T12:15:00+05:30,100.06,100.06,99.73,99.85,5468,0
2026-03-25T12:30:00+05:30,99.85,99.9,99.18,99.64,39926,0
2026-03-25T12:45:00+05:30,99.61,99.68,99.0,99.0,20751,0
2026-03-25T13:00:00+05:30,99.01,99.02,98.7,98.9,23262,0
2026-03-25T13:15:00+05:30,98.9,98.96,98.76,98.8,7989,0
2026-03-25T13:30:00+05:30,98.8,99.0,98.7,98.86,14545,0
2026-03-25T13:45:00+05:30,98.86,99.0,98.77,98.96,8763,0
2026-03-25T14:00:00+05:30,98.86,99.44,98.57,98.57,83862,0
2026-03-25T14:15:00+05:30,98.57,98.74,98.07,98.54,25116,0
2026-03-25T14:30:00+05:30,98.46,98.54,98.25,98.49,19470,0
2026-03-25T14:45:00+05:30,98.47,98.6,98.2,98.6,57543,0
2026-03-25T15:00:00+05:30,98.59,98.6,97.8,97.99,72682,0
2026-03-25T15:15:00+05:30,97.81,98.0,96.5,97.16,185285,0
2026-03-27T09:15:00+05:30,97.0,97.72,95.28,97.1,134223,0
2026-03-27T09:30:00+05:30,97.03,97.78,95.9,95.9,46075,0
2026-03-27T09:45:00+05:30,95.87,96.31,95.2,95.45,66538,0
2026-03-27T10:00:00+05:30,95.35,95.56,94.65,94.84,41876,0
2026-03-27T10:15:00+05:30,94.84,94.85,94.25,94.54,35405,0
2026-03-27T10:30:00+05:30,94.54,94.75,94.05,94.14,28199,0
2026-03-27T10:45:00+05:30,94.14,94.53,94.03,94.37,13631,0
2026-03-27T11:00:00+05:30,94.32,94.5,93.88,94.15,23070,0
2026-03-27T11:15:00+05:30,94.1,94.63,94.0,94.42,19962,0
2026-03-27T11:30:00+05:30,94.42,94.79,94.02,94.29,27141,0
2026-03-27T11:45:00+05:30,94.29,94.5,93.88,93.92,19878,0
2026-03-27T12:00:00+05:30,93.93,94.29,93.69,94.13,11927,0
2026-03-27T12:15:00+05:30,94.13,94.55,94.02,94.3,17035,0
2026-03-27T12:30:00+05:30,94.32,94.43,93.81,94.39,20426,0
2026-03-27T12:45:00+05:30,94.3,94.38,94.0,94.0,26603,0
2026-03-27T13:00:00+05:30,94.17,94.4,93.95,94.4,15741,0
2026-03-27T13:15:00+05:30,94.38,94.72,94.35,94.39,12352,0
2026-03-27T13:30:00+05:30,94.41,95.48,94.39,95.25,34940,0
2026-03-27T13:45:00+05:30,95.25,95.49,95.11,95.12,18960,0
2026-03-27T14:00:00+05:30,95.17,95.59,95.06,95.59,25508,0
2026-03-27T14:15:00+05:30,95.63,95.65,95.21,95.26,20434,0
2026-03-27T14:30:00+05:30,95.33,95.5,95.0,95.09,29257,0
2026-03-27T14:45:00+05:30,95.1,95.3,95.0,95.01,24130,0
2026-03-27T15:00:00+05:30,95.08,95.2,94.43,94.43,177880,0
2026-03-27T15:15:00+05:30,94.56,94.56,93.8,94.1,82994,0
2026-03-30T09:15:00+05:30,94.25,94.4,91.33,92.35,103270,0
2026-03-30T09:30:00+05:30,92.41,93.76,92.41,93.31,74333,0
2026-03-30T09:45:00+05:30,93.39,93.71,92.05,92.17,50817,0
2026-03-30T10:00:00+05:30,92.17,92.27,91.16,91.36,36234,0
2026-03-30T10:15:00+05:30,91.44,91.47,91.06,91.18,33797,0
2026-03-30T10:30:00+05:30,91.19,91.4,90.58,90.9,37791,0
2026-03-30T10:45:00+05:30,90.96,91.34,90.73,90.76,19954,0
2026-03-30T11:00:00+05:30,90.73,90.98,90.5,90.92,24128,0
2026-03-30T11:15:00+05:30,90.97,91.43,90.35,90.49,14327,0
2026-03-30T11:30:00+05:30,90.61,91.27,90.57,90.95,6280,0
2026-03-30T11:45:00+05:30,90.92,90.92,90.56,90.64,7546,0
2026-03-30T12:00:00+05:30,90.64,91.5,90.64,90.91,26172,0
2026-03-30T12:15:00+05:30,90.92,90.98,90.6,90.64,18337,0
2026-03-30T12:30:00+05:30,90.71,91.08,90.66,90.96,7752,0
2026-03-30T12:45:00+05:30,90.97,90.97,90.5,90.72,22623,0
2026-03-30T13:00:00+05:30,90.72,91.08,90.61,90.7,6408,0
2026-03-30T13:15:00+05:30,90.7,90.84,90.5,90.5,9277,0
2026-03-30T13:30:00+05:30,90.51,90.72,90.39,90.59,23105,0
2026-03-30T13:45:00+05:30,90.58,90.62,90.1,90.1,25977,0
2026-03-30T14:00:00+05:30,90.1,90.7,90.02,90.1,20127,0
2026-03-30T14:15:00+05:30,90.1,90.28,89.75,89.94,31851,0
2026-03-30T14:30:00+05:30,89.84,89.95,89.04,89.31,36942,0
2026-03-30T14:45:00+05:30,89.33,89.34,89.05,89.08,13873,0
2026-03-30T15:00:00+05:30,89.06,89.24,88.41,88.6,82503,0
2026-03-30T15:15:00+05:30,88.63,89.48,88.0,88.95,117568,0
2026-04-01T09:15:00+05:30,93.78,96.0,92.05,95.78,194004,0
2026-04-01T09:30:00+05:30,95.75,96.49,94.65,95.31,80420,0
2026-04-01T09:45:00+05:30,95.31,96.66,95.12,96.34,64689,0
2026-04-01T10:00:00+05:30,96.39,96.86,96.12,96.15,41896,0
2026-04-01T10:15:00+05:30,96.21,96.5,95.3,95.43,28209,0
2026-04-01T10:30:00+05:30,95.55,96.47,95.47,96.29,26519,0
2026-04-01T10:45:00+05:30,96.29,96.69,95.37,95.67,40267,0
2026-04-01T11:00:00+05:30,95.66,96.05,95.2,95.38,25047,0
2026-04-01T11:15:00+05:30,95.4,96.1,95.39,95.87,34522,0
2026-04-01T11:30:00+05:30,95.97,96.52,95.97,96.52,15699,0
2026-04-01T11:45:00+05:30,96.51,96.51,95.5,95.98,10209,0
2026-04-01T12:00:00+05:30,96.06,96.76,96.06,96.55,14479,0
2026-04-01T12:15:00+05:30,96.57,97.0,96.39,97.0,15078,0
2026-04-01T12:30:00+05:30,96.99,97.0,96.26,96.26,41596,0
2026-04-01T12:45:00+05:30,96.3,96.8,96.26,96.36,12992,0
2026-04-01T13:00:00+05:30,96.36,96.75,96.32,96.66,14959,0
2026-04-01T13:15:00+05:30,96.8,96.81,95.9,96.11,29270,0
2026-04-01T13:30:00+05:30,96.14,96.14,95.05,95.39,56932,0
2026-04-01T13:45:00+05:30,95.35,96.14,95.3,95.96,13518,0
2026-04-01T14:00:00+05:30,95.82,96.5,95.81,96.28,12766,0
2026-04-01T14:15:00+05:30,96.36,96.5,96.0,96.4,16008,0
2026-04-01T14:30:00+05:30,96.45,96.53,95.5,95.53,38272,0
2026-04-01T14:45:00+05:30,95.63,95.97,95.49,95.94,19944,0
2026-04-01T15:00:00+05:30,95.93,96.48,95.91,96.43,39406,0
2026-04-01T15:15:00+05:30,96.32,97.4,96.12,96.79,110136,0
2026-04-02T09:15:00+05:30,93.53,94.0,92.48,93.3,116846,0
2026-04-02T09:30:00+05:30,93.27,93.27,92.55,93.09,33523,0
2026-04-02T09:45:00+05:30,93.1,93.35,93.02,93.15,10395,0
2026-04-02T10:00:00+05:30,93.06,93.22,92.7,93.0,8802,0
2026-04-02T10:15:00+05:30,93.06,93.06,92.51,92.73,10900,0
2026-04-02T10:30:00+05:30,92.73,93.19,92.73,93.13,8137,0
2026-04-02T10:45:00+05:30,93.04,93.16,92.8,93.1,4345,0
2026-04-02T11:00:00+05:30,93.16,93.47,93.16,93.27,7589,0
2026-04-02T11:15:00+05:30,93.27,93.4,93.15,93.29,11245,0
2026-04-02T11:30:00+05:30,93.29,93.7,93.27,93.61,13724,0
2026-04-02T11:45:00+05:30,93.61,94.5,93.6,94.3,28161,0
2026-04-02T12:00:00+05:30,94.17,94.24,93.71,94.01,11497,0
2026-04-02T12:15:00+05:30,93.96,94.08,93.38,93.66,7361,0
2026-04-02T12:30:00+05:30,93.71,94.4,93.71,94.35,19503,0
2026-04-02T12:45:00+05:30,94.28,94.75,94.2,94.74,9821,0
2026-04-02T13:00:00+05:30,94.75,94.85,94.36,94.79,11162,0
2026-04-02T13:15:00+05:30,94.85,95.79,94.85,95.78,19901,0
2026-04-02T13:30:00+05:30,95.78,95.78,95.1,95.55,18988,0
2026-04-02T13:45:00+05:30,95.56,95.86,95.51,95.69,9143,0
2026-04-02T14:00:00+05:30,95.68,96.3,95.56,96.03,28245,0
2026-04-02T14:15:00+05:30,96.03,96.4,96.0,96.23,11040,0
2026-04-02T14:30:00+05:30,96.23,96.4,94.71,94.9,27298,0
2026-04-02T14:45:00+05:30,94.99,95.42,94.94,95.42,9056,0
2026-04-02T15:00:00+05:30,95.43,96.8,95.43,96.4,37925,0
2026-04-02T15:15:00+05:30,96.46,96.55,95.7,95.86,48189,0
2026-04-06T09:15:00+05:30,98.0,98.0,94.4,94.4,81778,0
2026-04-06T09:30:00+05:30,94.39,96.23,94.26,95.4,53707,0
2026-04-06T09:45:00+05:30,95.39,95.7,94.36,94.52,39557,0
2026-04-06T10:00:00+05:30,94.52,95.42,94.21,95.4,28791,0
2026-04-06T10:15:00+05:30,95.49,96.45,95.18,96.28,38291,0
2026-04-06T10:30:00+05:30,96.24,97.31,96.07,97.08,35862,0
2026-04-06T10:45:00+05:30,97.13,97.67,96.9,97.49,29613,0
2026-04-06T11:00:00+05:30,97.49,97.54,96.06,96.27,30060,0
2026-04-06T11:15:00+05:30,96.27,96.79,96.13,96.79,14736,0
2026-04-06T11:30:00+05:30,96.79,97.74,96.67,97.39,22011,0
2026-04-06T11:45:00+05:30,97.36,97.48,96.98,97.26,17390,0
2026-04-06T12:00:00+05:30,97.26,97.39,96.77,97.03,5887,0
2026-04-06T12:15:00+05:30,96.94,97.56,96.87,97.55,14878,0
2026-04-06T12:30:00+05:30,97.52,97.52,96.99,96.99,4415,0
2026-04-06T12:45:00+05:30,97.0,97.52,97.0,97.52,8580,0
2026-04-06T13:00:00+05:30,97.42,97.54,97.14,97.47,10620,0
2026-04-06T13:15:00+05:30,97.47,97.79,97.32,97.49,14325,0
2026-04-06T13:30:00+05:30,97.53,97.8,97.13,97.28,11817,0
2026-04-06T13:45:00+05:30,97.15,97.34,97.06,97.23,4402,0
2026-04-06T14:00:00+05:30,97.19,97.54,97.19,97.38,8206,0
2026-04-06T14:15:00+05:30,97.39,97.83,97.24,97.44,31212,0
2026-04-06T14:30:00+05:30,97.48,97.61,97.25,97.31,3320,0
2026-04-06T14:45:00+05:30,97.25,97.5,96.92,97.24,8162,0
2026-04-06T15:00:00+05:30,97.23,98.35,97.06,98.2,67254,0
2026-04-06T15:15:00+05:30,98.2,98.4,97.5,97.9,64670,0
2026-04-07T09:15:00+05:30,97.85,99.35,96.3,98.5,124329,0
2026-04-07T09:30:00+05:30,98.59,98.68,96.23,96.7,76351,0
2026-04-07T09:45:00+05:30,96.66,97.35,96.36,97.15,61188,0
2026-04-07T10:00:00+05:30,97.25,98.03,97.2,97.85,42859,0
2026-04-07T10:15:00+05:30,97.91,98.25,97.53,98.14,12374,0
2026-04-07T10:30:00+05:30,98.3,98.49,97.61,98.21,18786,0
2026-04-07T10:45:00+05:30,98.21,98.51,97.63,97.85,23629,0
2026-04-07T11:00:00+05:30,97.67,97.79,97.41,97.42,12596,0
2026-04-07T11:15:00+05:30,97.55,98.0,97.5,98.0,4466,0
2026-04-07T11:30:00+05:30,97.97,98.28,97.65,97.65,6614,0
2026-04-07T11:45:00+05:30,97.78,98.6,97.78,98.22,6291,0
2026-04-07T12:00:00+05:30,98.3,98.41,97.77,97.94,7716,0
2026-04-07T12:15:00+05:30,97.9,98.1,97.8,97.87,3209,0
2026-04-07T12:30:00+05:30,97.81,98.0,97.79,97.84,4199,0
2026-04-07T12:45:00+05:30,97.84,97.89,97.65,97.65,4520,0
2026-04-07T13:00:00+05:30,97.6,97.66,97.41,97.5,8581,0
2026-04-07T13:15:00+05:30,97.5,97.72,97.5,97.71,3250,0
2026-04-07T13:30:00+05:30,97.71,98.34,97.71,98.19,5578,0
2026-04-07T13:45:00+05:30,98.19,98.3,97.8,97.8,9701,0
2026-04-07T14:00:00+05:30,97.8,98.09,97.8,97.86,3933,0
2026-04-07T14:15:00+05:30,97.75,97.95,97.54,97.73,3941,0
2026-04-07T14:30:00+05:30,97.61,97.79,97.25,97.6,12307,0
2026-04-07T14:45:00+05:30,97.59,97.95,97.55,97.77,8741,0
2026-04-07T15:00:00+05:30,97.77,98.2,97.63,97.92,19201,0
2026-04-07T15:15:00+05:30,97.95,98.0,97.29,97.7,55703,0
2026-04-08T09:15:00+05:30,103.7,104.0,101.3,101.54,264535,0
2026-04-08T09:30:00+05:30,101.54,102.38,101.51,102.16,115470,0
2026-04-08T09:45:00+05:30,102.25,102.99,101.88,101.9,64374,0
2026-04-08T10:00:00+05:30,101.9,102.6,101.9,102.24,22081,0
2026-04-08T10:15:00+05:30,102.05,102.86,101.86,102.57,18725,0
2026-04-08T10:30:00+05:30,102.66,103.69,102.58,103.34,72069,0
2026-04-08T10:45:00+05:30,103.33,103.8,103.03,103.48,52229,0
2026-04-08T11:00:00+05:30,103.49,103.62,103.12,103.19,24154,0
2026-04-08T11:15:00+05:30,103.13,103.45,102.8,102.92,21493,0
2026-04-08T11:30:00+05:30,102.86,103.2,102.86,103.2,11185,0
2026-04-08T11:45:00+05:30,103.15,103.62,102.86,103.01,30436,0
2026-04-08T12:00:00+05:30,103.01,105.56,102.99,104.0,169910,0
2026-04-08T12:15:00+05:30,104.0,104.43,103.92,104.1,25513,0
2026-04-08T12:30:00+05:30,104.08,104.14,103.6,103.84,23763,0
2026-04-08T12:45:00+05:30,103.82,103.99,103.67,103.76,8349,0
2026-04-08T13:00:00+05:30,103.84,104.0,103.68,103.89,7257,0
2026-04-08T13:15:00+05:30,103.9,104.0,103.73,103.81,5303,0
2026-04-08T13:30:00+05:30,103.81,104.14,103.81,104.0,6428,0
2026-04-08T13:45:00+05:30,104.08,104.26,103.87,104.26,12313,0
2026-04-08T14:00:00+05:30,104.24,104.25,103.9,104.0,5575,0
2026-04-08T14:15:00+05:30,103.91,104.86,103.9,104.47,19091,0
2026-04-08T14:30:00+05:30,104.47,104.52,104.21,104.32,14609,0
2026-04-08T14:45:00+05:30,104.37,104.38,103.9,104.1,27298,0
2026-04-08T15:00:00+05:30,104.18,104.45,103.81,103.96,45432,0
2026-04-08T15:15:00+05:30,104.11,104.6,103.39,104.03,91268,0
2026-04-09T09:15:00+05:30,104.47,106.48,103.47,105.53,140593,0
2026-04-09T09:30:00+05:30,105.59,105.65,103.8,104.04,70855,0
2026-04-09T09:45:00+05:30,104.18,104.22,103.09,103.25,50921,0
2026-04-09T10:00:00+05:30,103.16,103.84,102.9,103.68,44286,0
2026-04-09T10:15:00+05:30,103.69,104.37,103.35,104.15,27312,0
2026-04-09T10:30:00+05:30,104.36,105.45,104.36,105.11,45817,0
2026-04-09T10:45:00+05:30,105.14,105.28,104.86,105.0,17248,0
2026-04-09T11:00:00+05:30,104.94,105.21,104.63,104.93,16248,0
2026-04-09T11:15:00+05:30,105.05,105.2,104.5,105.15,11707,0
2026-04-09T11:30:00+05:30,105.06,105.5,105.06,105.34,16679,0
2026-04-09T11:45:00+05:30,105.36,105.5,105.15,105.25,10017,0
2026-04-09T12:00:00+05:30,105.25,105.44,104.95,105.11,7561,0
2026-04-09T12:15:00+05:30,105.15,105.31,104.9,105.0,9520,0
2026-04-09T12:30:00+05:30,105.0,105.41,105.0,105.17,17463,0
2026-04-09T12:45:00+05:30,105.21,105.3,104.91,105.0,9205,0
2026-04-09T13:00:00+05:30,105.01,105.14,104.71,104.71,4555,0
2026-04-09T13:15:00+05:30,104.71,104.71,104.2,104.25,18567,0
2026-04-09T13:30:00+05:30,104.27,104.58,104.01,104.09,7120,0
2026-04-09T13:45:00+05:30,104.09,104.59,103.77,104.4,12124,0
2026-04-09T14:00:00+05:30,104.42,104.5,104.21,104.29,7240,0
2026-04-09T14:15:00+05:30,104.29,104.29,103.65,103.87,19636,0
2026-04-09T14:30:00+05:30,103.87,103.99,103.75,103.8,6389,0
2026-04-09T14:45:00+05:30,103.9,104.2,103.82,103.88,14144,0
2026-04-09T15:00:00+05:30,104.03,104.54,103.82,104.42,18910,0
2026-04-09T15:15:00+05:30,104.34,104.5,103.53,103.99,85024,0
2026-04-10T09:15:00+05:30,104.95,107.6,104.94,107.58,199886,0
2026-04-10T09:30:00+05:30,107.54,107.77,106.11,107.01,84297,0
2026-04-10T09:45:00+05:30,107.0,108.54,106.8,106.82,129711,0
2026-04-10T10:00:00+05:30,106.83,107.55,106.4,107.55,37911,0
2026-04-10T10:15:00+05:30,107.6,108.1,107.4,107.69,67724,0
2026-04-10T10:30:00+05:30,107.69,107.79,106.8,107.5,55308,0
2026-04-10T10:45:00+05:30,107.49,107.49,107.19,107.21,13067,0
2026-04-10T11:00:00+05:30,107.3,107.47,106.96,107.25,11666,0
2026-04-10T11:15:00+05:30,107.11,107.28,107.06,107.23,8015,0
2026-04-10T11:30:00+05:30,107.12,107.23,106.8,106.8,15818,0
2026-04-10T11:45:00+05:30,106.88,106.92,106.56,106.64,22563,0
2026-04-10T12:00:00+05:30,106.65,107.08,106.65,107.02,11565,0
2026-04-10T12:15:00+05:30,107.07,107.2,106.88,107.05,7844,0
2026-04-10T12:30:00+05:30,107.06,107.16,106.85,106.85,6572,0
2026-04-10T12:45:00+05:30,106.85,107.08,106.85,106.96,9337,0
2026-04-10T13:00:00+05:30,106.96,107.27,106.96,107.16,5977,0
2026-04-10T13:15:00+05:30,107.25,107.25,107.06,107.22,3306,0
2026-04-10T13:30:00+05:30,107.21,107.25,106.94,107.09,19211,0
2026-04-10T13:45:00+05:30,106.99,107.09,106.83,106.99,12016,0
2026-04-10T14:00:00+05:30,106.99,107.0,106.71,106.71,14135,0
2026-04-10T14:15:00+05:30,106.78,106.94,106.25,106.45,45731,0
2026-04-10T14:30:00+05:30,106.4,106.69,106.35,106.42,16593,0
2026-04-10T14:45:00+05:30,106.45,106.7,106.32,106.7,7636,0
2026-04-10T15:00:00+05:30,106.65,107.0,106.25,106.73,47430,0
2026-04-10T15:15:00+05:30,106.73,106.87,106.0,106.7,104386,0
2026-04-13T09:15:00+05:30,104.0,104.0,102.06,103.54,113273,0
2026-04-13T09:30:00+05:30,103.6,104.6,103.27,104.22,43274,0
2026-04-13T09:45:00+05:30,104.36,104.99,104.11,104.88,46068,0
2026-04-13T10:00:00+05:30,104.98,105.2,104.69,104.94,25264,0
2026-04-13T10:15:00+05:30,104.95,106.2,104.32,105.83,64932,0
2026-04-13T10:30:00+05:30,105.86,106.0,105.5,105.71,11817,0
2026-04-13T10:45:00+05:30,105.91,106.9,105.91,106.66,30119,0
2026-04-13T11:00:00+05:30,106.57,106.57,105.73,106.0,40863,0
2026-04-13T11:15:00+05:30,106.08,106.75,106.08,106.53,7300,0
2026-04-13T11:30:00+05:30,106.34,106.86,106.28,106.37,5922,0
2026-04-13T11:45:00+05:30,106.37,107.25,106.37,106.76,20511,0
2026-04-13T12:00:00+05:30,106.76,106.89,106.49,106.7,5920,0
2026-04-13T12:15:00+05:30,106.83,106.95,106.3,106.93,11525,0
2026-04-13T12:30:00+05:30,106.84,106.89,106.45,106.45,6656,0
2026-04-13T12:45:00+05:30,106.45,106.78,106.04,106.1,7475,0
2026-04-13T13:00:00+05:30,106.15,106.15,105.75,105.81,7984,0
2026-04-13T13:15:00+05:30,105.96,106.3,105.91,106.03,4617,0
2026-04-13T13:30:00+05:30,106.03,106.6,106.03,106.6,6007,0
2026-04-13T13:45:00+05:30,106.55,107.1,106.47,107.03,9031,0
2026-04-13T14:00:00+05:30,106.99,107.0,106.25,106.49,12463,0
2026-04-13T14:15:00+05:30,106.61,107.0,106.43,106.79,10552,0
2026-04-13T14:30:00+05:30,106.8,106.8,106.3,106.44,9941,0
2026-04-13T14:45:00+05:30,106.3,106.79,106.3,106.73,15775,0
2026-04-13T15:00:00+05:30,106.72,106.83,106.2,106.61,52039,0
2026-04-13T15:15:00+05:30,106.54,107.4,106.41,107.32,98572,0
2026-04-15T09:15:00+05:30,109.0,110.26,108.55,109.35,142415,0
2026-04-15T09:30:00+05:30,109.37,110.5,109.25,110.39,105442,0
2026-04-15T09:45:00+05:30,110.39,110.39,109.35,109.42,31337,0
2026-04-15T10:00:00+05:30,109.6,110.25,109.43,109.71,16770,0
2026-04-15T10:15:00+05:30,109.92,110.17,109.91,109.96,10521,0
2026-04-15T10:30:00+05:30,109.97,110.15,109.69,109.74,16381,0
2026-04-15T10:45:00+05:30,109.86,109.93,109.51,109.6,8227,0
2026-04-15T11:00:00+05:30,109.57,109.89,109.55,109.65,11158,0
2026-04-15T11:15:00+05:30,109.65,110.15,109.65,110.04,15200,0
2026-04-15T11:30:00+05:30,110.0,110.89,110.0,110.77,64787,0
2026-04-15T11:45:00+05:30,110.87,111.28,110.52,110.74,47549,0
2026-04-15T12:00:00+05:30,110.74,111.13,110.58,110.95,16610,0
2026-04-15T12:15:00+05:30,110.86,111.14,110.46,110.63,10096,0
2026-04-15T12:30:00+05:30,110.63,110.81,110.47,110.65,8065,0
2026-04-15T12:45:00+05:30,110.62,110.62,110.02,110.3,27035,0
2026-04-15T13:00:00+05:30,110.3,110.5,109.99,110.39,23852,0
2026-04-15T13:15:00+05:30,110.33,110.52,110.05,110.44,20192,0
2026-04-15T13:30:00+05:30,110.46,110.68,110.3,110.59,9253,0
2026-04-15T13:45:00+05:30,110.59,114.43,110.55,113.05,340249,0
2026-04-15T14:00:00+05:30,113.05,113.64,112.3,112.89,141148,0
2026-04-15T14:15:00+05:30,112.89,114.66,112.42,114.4,201966,0
2026-04-15T14:30:00+05:30,114.24,114.5,113.31,114.1,154891,0
2026-04-15T14:45:00+05:30,114.1,114.15,112.85,113.18,54251,0
2026-04-15T15:00:00+05:30,113.1,113.11,112.31,112.59,109367,0
2026-04-15T15:15:00+05:30,112.7,112.99,112.1,112.5,138622,0
2026-04-16T09:15:00+05:30,113.8,116.4,113.8,114.78,272073,0
2026-04-16T09:30:00+05:30,114.99,115.02,111.99,112.35,101551,0
2026-04-16T09:45:00+05:30,112.3,112.97,111.77,112.3,104350,0
2026-04-16T10:00:00+05:30,112.33,113.0,112.06,112.82,35792,0
2026-04-16T10:15:00+05:30,112.84,114.2,112.36,114.0,78793,0
2026-04-16T10:30:00+05:30,113.99,114.47,113.62,114.0,35263,0
2026-04-16T10:45:00+05:30,114.0,114.23,113.87,114.2,9406,0
2026-04-16T11:00:00+05:30,114.18,115.1,114.11,114.87,47760,0
2026-04-16T11:15:00+05:30,115.0,115.5,114.64,115.0,48655,0
2026-04-16T11:30:00+05:30,115.0,115.29,114.7,114.95,27480,0
2026-04-16T11:45:00+05:30,114.77,114.77,114.01,114.01,27239,0
2026-04-16T12:00:00+05:30,114.01,114.39,113.15,113.96,38644,0
2026-04-16T12:15:00+05:30,113.96,114.48,113.72,114.04,18240,0
2026-04-16T12:30:00+05:30,114.18,114.8,113.71,114.48,12935,0
2026-04-16T12:45:00+05:30,114.46,114.5,114.0,114.2,13994,0
2026-04-16T13:00:00+05:30,114.2,114.54,114.01,114.23,17476,0
2026-04-16T13:15:00+05:30,114.23,114.87,114.02,114.52,16959,0
2026-04-16T13:30:00+05:30,114.52,114.81,114.5,114.8,12586,0
2026-04-16T13:45:00+05:30,114.85,115.6,114.72,115.33,50892,0
2026-04-16T14:00:00+05:30,115.17,115.43,114.8,114.94,30972,0
2026-04-16T14:15:00+05:30,114.94,115.13,114.83,115.0,11177,0
2026-04-16T14:30:00+05:30,114.98,115.75,114.92,115.31,68739,0
2026-04-16T14:45:00+05:30,115.48,116.0,115.43,115.7,81025,0
2026-04-16T15:00:00+05:30,115.7,116.0,115.0,115.6,60855,0
2026-04-16T15:15:00+05:30,115.59,115.9,115.0,115.55,119661,0
2026-04-17T09:15:00+05:30,115.55,118.19,115.55,117.29,129007,0
2026-04-17T09:30:00+05:30,117.45,117.47,116.26,116.65,42483,0
2026-04-17T09:45:00+05:30,116.71,117.26,116.51,116.6,25431,0
2026-04-17T10:00:00+05:30,116.6,117.49,116.3,117.25,31895,0
2026-04-17T10:15:00+05:30,117.25,117.25,116.55,116.84,17867,0
2026-04-17T10:30:00+05:30,116.69,116.69,116.03,116.24,19868,0
2026-04-17T10:45:00+05:30,116.24,116.52,116.17,116.22,8189,0
2026-04-17T11:00:00+05:30,116.22,116.35,115.71,115.98,27812,0
2026-04-17T11:15:00+05:30,116.01,116.01,115.63,115.96,17235,0
2026-04-17T11:30:00+05:30,116.0,116.16,115.8,115.99,9107,0
2026-04-17T11:45:00+05:30,115.97,116.11,115.6,115.92,10614,0
2026-04-17T12:00:00+05:30,115.81,115.94,115.76,115.94,2903,0
2026-04-17T12:15:00+05:30,115.82,115.82,115.5,115.58,9327,0
2026-04-17T12:30:00+05:30,115.5,115.58,115.01,115.28,18121,0
2026-04-17T12:45:00+05:30,115.32,115.47,115.19,115.42,3172,0
2026-04-17T13:00:00+05:30,115.56,115.71,115.32,115.52,5223,0
2026-04-17T13:15:00+05:30,115.5,115.79,115.49,115.79,5054,0
2026-04-17T13:30:00+05:30,115.79,115.91,115.59,115.91,5994,0
2026-04-17T13:45:00+05:30,115.91,116.2,115.74,116.2,6502,0
2026-04-17T14:00:00+05:30,116.08,116.14,115.7,115.7,7381,0
2026-04-17T14:15:00+05:30,115.7,115.87,115.6,115.63,21086,0
2026-04-17T14:30:00+05:30,115.52,115.7,115.5,115.7,9734,0
2026-04-17T14:45:00+05:30,115.7,115.89,115.7,115.8,14033,0
2026-04-17T15:00:00+05:30,115.75,115.75,115.33,115.59,30380,0
2026-04-17T15:15:00+05:30,115.5,115.88,115.3,115.4,106340,0
2026-04-20T09:15:00+05:30,115.64,116.28,113.17,114.28,113757,0
2026-04-20T09:30:00+05:30,114.2,114.32,113.2,113.2,38145,0
2026-04-20T09:45:00+05:30,113.15,114.49,113.15,114.05,30447,0
2026-04-20T10:00:00+05:30,114.05,115.49,113.8,114.9,33736,0
2026-04-20T10:15:00+05:30,114.97,115.49,114.9,115.06,11288,0
2026-04-20T10:30:00+05:30,115.14,115.49,115.14,115.2,7252,0
2026-04-20T10:45:00+05:30,115.2,115.21,114.74,114.92,15824,0
2026-04-20T11:00:00+05:30,115.02,115.11,114.6,114.7,4503,0
2026-04-20T11:15:00+05:30,114.65,115.27,114.65,115.2,5369,0
2026-04-20T11:30:00+05:30,115.18,115.25,114.85,115.18,3724,0
2026-04-20T11:45:00+05:30,115.01,115.29,114.94,115.27,6361,0
2026-04-20T12:00:00+05:30,115.34,115.56,114.93,115.0,11364,0
2026-04-20T12:15:00+05:30,115.0,115.61,115.0,115.6,7272,0
2026-04-20T12:30:00+05:30,115.62,115.8,115.24,115.49,6334,0
2026-04-20T12:45:00+05:30,115.37,115.59,115.27,115.31,3431,0
2026-04-20T13:00:00+05:30,115.32,115.35,114.65,114.73,8185,0
2026-04-20T13:15:00+05:30,114.88,114.99,113.5,113.5,19103,0
2026-04-20T13:30:00+05:30,113.52,114.49,113.5,113.87,35170,0
2026-04-20T13:45:00+05:30,113.95,114.0,113.63,114.0,10630,0
2026-04-20T14:00:00+05:30,114.0,114.08,113.5,113.56,13627,0
2026-04-20T14:15:00+05:30,113.67,114.0,113.64,113.94,10647,0
2026-04-20T14:30:00+05:30,114.03,114.32,113.8,113.83,11835,0
2026-04-20T14:45:00+05:30,113.83,114.12,113.7,113.94,7431,0
2026-04-20T15:00:00+05:30,113.91,114.19,113.5,113.75,31650,0
2026-04-20T15:15:00+05:30,113.56,113.89,112.96,113.1,77828,0
2026-04-21T09:15:00+05:30,113.59,117.86,113.28,114.32,84984,0
2026-04-21T09:30:00+05:30,114.3,116.49,114.11,116.4,49553,0
2026-04-21T09:45:00+05:30,116.37,116.5,114.84,115.13,30224,0
2026-04-21T10:00:00+05:30,115.3,116.5,115.22,116.38,20727,0
2026-04-21T10:15:00+05:30,116.37,118.19,116.27,116.8,119198,0
2026-04-21T10:30:00+05:30,116.71,117.14,116.57,116.57,16419,0
2026-04-21T10:45:00+05:30,116.62,116.69,115.72,116.26,22701,0
2026-04-21T11:00:00+05:30,116.26,116.83,116.15,116.32,14479,0
2026-04-21T11:15:00+05:30,116.49,116.51,116.02,116.07,8355,0
2026-04-21T11:30:00+05:30,116.08,116.28,115.8,115.9,15752,0
2026-04-21T11:45:00+05:30,115.9,116.08,115.7,115.81,4162,0
2026-04-21T12:00:00+05:30,115.81,116.02,115.72,116.0,8192,0
2026-04-21T12:15:00+05:30,116.0,116.0,115.63,115.75,4799,0
2026-04-21T12:30:00+05:30,115.9,115.93,115.65,115.87,5555,0
2026-04-21T12:45:00+05:30,115.87,115.91,115.68,115.81,4808,0
2026-04-21T13:00:00+05:30,115.81,115.81,115.66,115.71,830,0
2026-04-21T13:15:00+05:30,115.71,116.04,115.6,115.6,13734,0
2026-04-21T13:30:00+05:30,115.61,115.77,115.22,115.35,6396,0
2026-04-21T13:45:00+05:30,115.35,115.5,115.2,115.39,3022,0
2026-04-21T14:00:00+05:30,115.39,115.5,114.98,115.25,11044,0
2026-04-21T14:15:00+05:30,115.02,115.28,114.97,115.2,2531,0
2026-04-21T14:30:00+05:30,115.28,115.36,114.7,114.75,11280,0
2026-04-21T14:45:00+05:30,114.88,114.95,114.62,114.8,4962,0
2026-04-21T15:00:00+05:30,114.65,114.95,114.35,114.89,33288,0
2026-04-21T15:15:00+05:30,114.76,115.08,114.35,114.88,52313,0
2026-04-22T09:15:00+05:30,114.3,115.85,113.74,114.77,80678,0
2026-04-22T09:30:00+05:30,114.76,116.6,114.73,116.12,65109,0
2026-04-22T09:45:00+05:30,116.12,116.19,115.25,115.25,29473,0
2026-04-22T10:00:00+05:30,115.23,117.0,114.61,115.8,45084,0
2026-04-22T10:15:00+05:30,115.8,115.82,115.16,115.63,25482,0
2026-04-22T10:30:00+05:30,115.57,116.0,115.48,115.97,8222,0
2026-04-22T10:45:00+05:30,115.96,116.7,115.85,116.0,34089,0
2026-04-22T11:00:00+05:30,116.0,116.38,115.74,115.78,27127,0
2026-04-22T11:15:00+05:30,115.9,116.3,115.7,116.14,9065,0
2026-04-22T11:30:00+05:30,116.27,116.55,116.0,116.54,14363,0
2026-04-22T11:45:00+05:30,116.54,117.18,116.22,116.85,42393,0
2026-04-22T12:00:00+05:30,116.85,118.5,116.61,117.9,189755,0
2026-04-22T12:15:00+05:30,117.9,118.0,117.0,117.0,80530,0
2026-04-22T12:30:00+05:30,117.1,121.88,116.88,120.06,555010,0
2026-04-22T12:45:00+05:30,120.19,120.19,119.01,119.19,107622,0
2026-04-22T13:00:00+05:30,119.14,119.51,118.86,118.88,50298,0
2026-04-22T13:15:00+05:30,118.88,119.19,118.6,119.05,20999,0
2026-04-22T13:30:00+05:30,119.19,119.66,119.0,119.48,24672,0
2026-04-22T13:45:00+05:30,119.5,119.64,119.0,119.25,19565,0
2026-04-22T14:00:00+05:30,119.19,119.2,118.6,118.75,20027,0
2026-04-22T14:15:00+05:30,118.8,118.8,118.37,118.52,29641,0
2026-04-22T14:30:00+05:30,118.7,118.74,118.1,118.34,19055,0
2026-04-22T14:45:00+05:30,118.25,118.66,118.1,118.5,47576,0
2026-04-22T15:00:00+05:30,118.34,118.5,117.75,118.01,89926,0
2026-04-22T15:15:00+05:30,118.01,118.49,117.91,118.31,85598,0
2026-04-23T09:15:00+05:30,117.55,118.69,117.0,117.49,77729,0
2026-04-23T09:30:00+05:30,117.44,118.06,117.2,117.55,29554,0
2026-04-23T09:45:00+05:30,117.62,118.0,117.45,117.58,17842,0
2026-04-23T10:00:00+05:30,117.72,118.5,117.32,117.58,29246,0
2026-04-23T10:15:00+05:30,117.5,119.0,117.5,118.0,40359,0
2026-04-23T10:30:00+05:30,118.01,118.01,117.25,117.29,29276,0
2026-04-23T10:45:00+05:30,117.33,117.39,117.16,117.39,19083,0
2026-04-23T11:00:00+05:30,117.39,117.7,117.39,117.52,7893,0
2026-04-23T11:15:00+05:30,117.5,117.58,117.2,117.41,3928,0
2026-04-23T11:30:00+05:30,117.4,117.54,117.15,117.15,4482,0
2026-04-23T11:45:00+05:30,117.15,117.56,117.05,117.5,4208,0
2026-04-23T12:00:00+05:30,117.5,118.1,117.5,118.1,5237,0
2026-04-23T12:15:00+05:30,117.8,118.1,117.5,117.5,5593,0
2026-04-23T12:30:00+05:30,117.35,117.65,117.3,117.5,5285,0
2026-04-23T12:45:00+05:30,117.5,117.85,117.3,117.71,1883,0
2026-04-23T13:00:00+05:30,117.72,118.09,117.62,117.73,3142,0
2026-04-23T13:15:00+05:30,117.85,118.1,117.54,118.1,2060,0
2026-04-23T13:30:00+05:30,118.0,118.1,117.61,117.75,4441,0
2026-04-23T13:45:00+05:30,117.74,117.92,117.59,117.76,2865,0
2026-04-23T14:00:00+05:30,117.88,117.88,117.2,117.24,13484,0
2026-04-23T14:15:00+05:30,117.24,117.36,117.0,117.1,14391,0
2026-04-23T14:30:00+05:30,117.1,117.16,116.32,116.32,32991,0
2026-04-23T14:45:00+05:30,116.43,116.76,116.13,116.66,9012,0
2026-04-23T15:00:00+05:30,116.45,116.8,116.26,116.79,39293,0
2026-04-23T15:15:00+05:30,116.61,116.77,116.01,116.4,32624,0
2026-04-24T09:15:00+05:30,116.99,117.59,114.2,114.48,76936,0
2026-04-24T09:30:00+05:30,114.36,114.65,113.1,113.73,85389,0
2026-04-24T09:45:00+05:30,113.55,113.55,112.5,113.01,58993,0
2026-04-24T10:00:00+05:30,112.95,114.93,112.83,114.5,50582,0
2026-04-24T10:15:00+05:30,114.38,114.45,113.5,113.77,14037,0
2026-04-24T10:30:00+05:30,113.61,113.74,113.3,113.3,6132,0
2026-04-24T10:45:00+05:30,113.3,113.43,113.0,113.02,13407,0
2026-04-24T11:00:00+05:30,113.02,113.12,112.79,112.89,9317,0
2026-04-24T11:15:00+05:30,112.82,113.06,112.75,112.9,4607,0
2026-04-24T11:30:00+05:30,112.96,113.19,112.75,112.75,13497,0
2026-04-24T11:45:00+05:30,112.75,112.85,112.2,112.4,37386,0
2026-04-24T12:00:00+05:30,112.27,113.02,112.25,112.94,11109,0
2026-04-24T12:15:00+05:30,113.0,113.6,112.7,112.7,25681,0
2026-04-24T12:30:00+05:30,112.73,112.9,112.71,112.72,4389,0
2026-04-24T12:45:00+05:30,112.73,113.32,112.73,113.0,3504,0
2026-04-24T13:00:00+05:30,113.0,113.15,112.72,112.78,8942,0
2026-04-24T13:15:00+05:30,112.7,112.94,112.57,112.8,1344,0
2026-04-24T13:30:00+05:30,112.99,113.0,112.46,112.46,10907,0
2026-04-24T13:45:00+05:30,112.4,112.77,112.32,112.36,2572,0
2026-04-24T14:00:00+05:30,112.36,112.47,112.25,112.33,2708,0
2026-04-24T14:15:00+05:30,112.34,113.3,112.34,113.3,10470,0
2026-04-24T14:30:00+05:30,113.3,113.75,113.3,113.65,23366,0
2026-04-24T14:45:00+05:30,113.65,113.95,113.65,113.72,18464,0
2026-04-24T15:00:00+05:30,113.72,113.93,113.31,113.51,22000,0
2026-04-24T15:15:00+05:30,113.5,114.27,113.0,113.69,61906,0
2026-04-27T09:15:00+05:30,115.0,115.5,114.05,114.83,71769,0
2026-04-27T09:30:00+05:30,114.97,115.98,114.94,115.8,37506,0
2026-04-27T09:45:00+05:30,115.8,116.98,115.8,116.33,51364,0
2026-04-27T10:00:00+05:30,116.2,116.5,115.9,116.16,6012,0
2026-04-27T10:15:00+05:30,116.15,116.79,116.15,116.66,7036,0
2026-04-27T10:30:00+05:30,116.79,117.98,116.57,117.51,42789,0
2026-04-27T10:45:00+05:30,117.44,120.93,117.23,118.8,233652,0
2026-04-27T11:00:00+05:30,118.8,119.27,118.7,119.1,52111,0
2026-04-27T11:15:00+05:30,119.06,119.13,118.27,118.55,35961,0
2026-04-27T11:30:00+05:30,118.55,119.0,118.25,118.41,54848,0
2026-04-27T11:45:00+05:30,118.41,118.8,118.31,118.63,12554,0
2026-04-27T12:00:00+05:30,118.79,118.79,118.31,118.56,14670,0
2026-04-27T12:15:00+05:30,118.58,118.69,118.12,118.55,14227,0
2026-04-27T12:30:00+05:30,118.42,118.87,118.42,118.71,13800,0
2026-04-27T12:45:00+05:30,118.71,118.85,118.62,118.85,11624,0
2026-04-27T13:00:00+05:30,118.8,119.49,118.8,119.18,38254,0
2026-04-27T13:15:00+05:30,119.18,120.6,119.18,120.0,109571,0
2026-04-27T13:30:00+05:30,120.0,120.35,119.84,119.95,34537,0
2026-04-27T13:45:00+05:30,119.99,120.14,119.52,119.76,15648,0
2026-04-27T14:00:00+05:30,119.74,119.74,119.33,119.46,11585,0
2026-04-27T14:15:00+05:30,119.6,119.63,119.0,119.0,20051,0
2026-04-27T14:30:00+05:30,119.09,119.11,118.6,118.93,17436,0
2026-04-27T14:45:00+05:30,118.9,119.68,118.82,119.49,35462,0
2026-04-27T15:00:00+05:30,119.49,119.6,119.2,119.46,62065,0
2026-04-27T15:15:00+05:30,119.46,119.53,118.75,119.27,92297,0
2026-04-28T09:15:00+05:30,119.99,119.99,118.75,119.47,58758,0
2026-04-28T09:30:00+05:30,119.46,121.37,119.21,120.19,73827,0
2026-04-28T09:45:00+05:30,120.06,120.95,119.94,120.2,49367,0
2026-04-28T10:00:00+05:30,120.3,120.3,119.4,119.63,12578,0
2026-04-28T10:15:00+05:30,119.64,120.39,119.36,119.95,18887,0
2026-04-28T10:30:00+05:30,119.8,119.95,119.01,119.01,11981,0
2026-04-28T10:45:00+05:30,119.01,120.19,119.01,120.18,16100,0
2026-04-28T11:00:00+05:30,120.19,120.45,119.89,120.45,24994,0
2026-04-28T11:15:00+05:30,120.35,120.45,119.4,119.84,20320,0
2026-04-28T11:30:00+05:30,119.72,120.0,119.51,119.89,19320,0
2026-04-28T11:45:00+05:30,119.9,120.14,119.6,119.67,10414,0
2026-04-28T12:00:00+05:30,119.74,119.78,119.25,119.63,17140,0
2026-04-28T12:15:00+05:30,119.64,119.8,119.2,119.39,11850,0
2026-04-28T12:30:00+05:30,119.39,119.44,118.61,119.13,15866,0
2026-04-28T12:45:00+05:30,119.13,119.35,118.82,119.0,5737,0
2026-04-28T13:00:00+05:30,118.99,119.38,118.88,119.06,4349,0
2026-04-28T13:15:00+05:30,119.0,119.56,118.96,119.56,4055,0
2026-04-28T13:30:00+05:30,119.5,119.5,118.84,118.92,4592,0
2026-04-28T13:45:00+05:30,118.99,119.1,118.8,118.95,7560,0
2026-04-28T14:00:00+05:30,118.95,119.0,118.48,118.6,5806,0
2026-04-28T14:15:00+05:30,118.44,119.0,118.3,118.64,9492,0
2026-04-28T14:30:00+05:30,118.79,119.55,118.79,119.5,38093,0
2026-04-28T14:45:00+05:30,119.5,120.7,119.5,120.0,71019,0
2026-04-28T15:00:00+05:30,120.0,120.43,119.41,120.21,63351,0
2026-04-28T15:15:00+05:30,120.21,120.35,119.81,120.15,78436,0
2026-04-29T09:15:00+05:30,120.11,125.0,120.11,122.0,238861,0
2026-04-29T09:30:00+05:30,122.1,122.48,120.8,120.8,54715,0
2026-04-29T09:45:00+05:30,120.8,121.07,120.4,120.93,45180,0
2026-04-29T10:00:00+05:30,121.09,121.88,120.71,120.94,27886,0
2026-04-29T10:15:00+05:30,120.94,121.99,120.62,121.43,35051,0
2026-04-29T10:30:00+05:30,121.34,121.34,120.7,120.7,4515,0
2026-04-29T10:45:00+05:30,120.7,120.93,120.5,120.74,11276,0
2026-04-29T11:00:00+05:30,120.74,120.95,120.63,120.7,4316,0
2026-04-29T11:15:00+05:30,120.65,121.48,120.55,120.81,9298,0
2026-04-29T11:30:00+05:30,120.81,120.85,120.4,120.4,12234,0
2026-04-29T11:45:00+05:30,120.4,120.77,120.25,120.55,9917,0
2026-04-29T12:00:00+05:30,120.42,120.58,120.1,120.5,12068,0
2026-04-29T12:15:00+05:30,120.33,120.75,120.33,120.4,9165,0
2026-04-29T12:30:00+05:30,120.4,120.44,120.11,120.12,4931,0
2026-04-29T12:45:00+05:30,120.28,120.36,120.1,120.2,5997,0
2026-04-29T13:00:00+05:30,120.15,120.4,120.14,120.24,7895,0
2026-04-29T13:15:00+05:30,120.37,120.37,119.34,119.48,36145,0
2026-04-29T13:30:00+05:30,119.61,119.61,118.84,119.0,25355,0
2026-04-29T13:45:00+05:30,118.92,119.3,118.42,119.12,15768,0
2026-04-29T14:00:00+05:30,119.24,119.24,118.32,118.72,14749,0
2026-04-29T14:15:00+05:30,118.77,118.77,118.0,118.53,21385,0
2026-04-29T14:30:00+05:30,118.47,118.81,118.24,118.81,10626,0
2026-04-29T14:45:00+05:30,118.78,118.85,118.44,118.6,13988,0
2026-04-29T15:00:00+05:30,118.72,118.97,118.22,118.39,37093,0
2026-04-29T15:15:00+05:30,118.42,118.97,118.3,118.8,56301,0
2026-04-30T09:15:00+05:30,117.12,118.0,116.18,117.32,54173,0
2026-04-30T09:30:00+05:30,117.15,117.88,116.43,117.29,21014,0
2026-04-30T09:45:00+05:30,117.18,117.4,116.62,116.8,30563,0
2026-04-30T10:00:00+05:30,116.61,116.69,114.8,115.01,95011,0
2026-04-30T10:15:00+05:30,115.02,115.41,114.81,114.9,13495,0
2026-04-30T10:30:00+05:30,114.9,115.81,114.8,115.73,27714,0
2026-04-30T10:45:00+05:30,115.66,115.7,114.92,115.04,9430,0
2026-04-30T11:00:00+05:30,115.04,115.79,115.04,115.25,4274,0
2026-04-30T11:15:00+05:30,115.24,116.18,115.24,116.18,11248,0
2026-04-30T11:30:00+05:30,116.16,116.31,115.87,116.0,6342,0
2026-04-30T11:45:00+05:30,115.82,115.95,115.65,115.66,3717,0
2026-04-30T12:00:00+05:30,115.8,116.25,115.77,116.2,4605,0
2026-04-30T12:15:00+05:30,116.25,116.58,116.25,116.49,5612,0
2026-04-30T12:30:00+05:30,116.49,116.6,116.0,116.04,4863,0
2026-04-30T12:45:00+05:30,116.04,116.6,115.82,116.39,11197,0
2026-04-30T13:00:00+05:30,116.4,116.53,115.92,116.14,9423,0
2026-04-30T13:15:00+05:30,116.26,116.52,115.81,116.16,25894,0
2026-04-30T13:30:00+05:30,116.19,116.61,115.86,116.61,5745,0
2026-04-30T13:45:00+05:30,116.64,116.8,116.51,116.8,7652,0
2026-04-30T14:00:00+05:30,116.8,116.84,116.06,116.29,3274,0
2026-04-30T14:15:00+05:30,116.24,116.25,115.78,115.91,20666,0
2026-04-30T14:30:00+05:30,115.91,116.62,115.77,116.6,23337,0
2026-04-30T14:45:00+05:30,116.6,116.7,116.17,116.7,6469,0
2026-04-30T15:00:00+05:30,116.63,116.71,115.7,115.95,41545,0
2026-04-30T15:15:00+05:30,115.89,116.5,115.0,115.0,69714,0
2026-05-04T09:15:00+05:30,116.88,118.7,116.88,118.7,49709,0
2026-05-04T09:30:00+05:30,118.69,118.94,117.25,117.5,48052,0
2026-05-04T09:45:00+05:30,117.5,118.98,117.38,118.38,36517,0
2026-05-04T10:00:00+05:30,118.64,118.87,117.73,117.94,15280,0
2026-05-04T10:15:00+05:30,117.75,118.2,117.71,118.19,8939,0
2026-05-04T10:30:00+05:30,118.39,118.75,118.15,118.45,15175,0
2026-05-04T10:45:00+05:30,118.46,118.78,118.34,118.38,9815,0
2026-05-04T11:00:00+05:30,118.38,119.48,118.38,119.43,29935,0
2026-05-04T11:15:00+05:30,119.31,119.89,119.31,119.35,45000,0
2026-05-04T11:30:00+05:30,119.5,119.67,119.21,119.38,17373,0
2026-05-04T11:45:00+05:30,119.38,119.51,118.81,118.85,12288,0
2026-05-04T12:00:00+05:30,118.77,118.86,118.22,118.25,24522,0
2026-05-04T12:15:00+05:30,118.3,118.47,118.1,118.24,4796,0
2026-05-04T12:30:00+05:30,118.24,118.51,117.9,118.16,9652,0
2026-05-04T12:45:00+05:30,118.18,118.39,118.0,118.06,9771,0
2026-05-04T13:00:00+05:30,118.06,118.37,118.0,118.37,4425,0
2026-05-04T13:15:00+05:30,118.29,118.41,117.6,117.6,9504,0
2026-05-04T13:30:00+05:30,117.55,118.07,117.2,118.03,9477,0
2026-05-04T13:45:00+05:30,118.0,118.15,117.38,117.55,2334,0
2026-05-04T14:00:00+05:30,117.61,118.26,117.6,118.05,2015,0
2026-05-04T14:15:00+05:30,118.14,118.36,117.65,117.69,2677,0
2026-05-04T14:30:00+05:30,117.82,117.86,117.3,117.3,2847,0
2026-05-04T14:45:00+05:30,117.41,117.76,117.31,117.76,6146,0
2026-05-04T15:00:00+05:30,117.76,117.99,117.01,117.32,21241,0
2026-05-04T15:15:00+05:30,117.32,118.49,117.26,118.0,53459,0
2026-05-05T09:15:00+05:30,117.5,121.19,116.8,119.72,146785,0
2026-05-05T09:30:00+05:30,119.72,122.37,119.7,122.1,162113,0
2026-05-05T09:45:00+05:30,121.85,124.3,121.32,122.05,409502,0
2026-05-05T10:00:00+05:30,122.1,122.1,120.52,120.75,112626,0
2026-05-05T10:15:00+05:30,120.65,121.11,120.43,120.5,39197,0
2026-05-05T10:30:00+05:30,120.5,120.99,119.91,120.0,40530,0
2026-05-05T10:45:00+05:30,120.06,120.6,119.72,119.92,24064,0
2026-05-05T11:00:00+05:30,120.07,120.13,119.41,119.5,20031,0
2026-05-05T11:15:00+05:30,119.6,120.0,119.45,119.68,22299,0
2026-05-05T11:30:00+05:30,119.67,120.72,119.51,120.29,21465,0
2026-05-05T11:45:00+05:30,120.08,120.96,120.0,120.94,39792,0
2026-05-05T12:00:00+05:30,120.92,120.92,120.59,120.79,5491,0
2026-05-05T12:15:00+05:30,120.9,121.18,120.51,120.83,17019,0
2026-05-05T12:30:00+05:30,120.94,121.4,120.74,121.02,32825,0
2026-05-05T12:45:00+05:30,120.97,121.28,120.88,121.13,10004,0
2026-05-05T13:00:00+05:30,121.25,121.46,120.93,121.2,14557,0
2026-05-05T13:15:00+05:30,121.38,121.41,120.61,120.68,8554,0
2026-05-05T13:30:00+05:30,120.82,120.92,120.42,120.78,6656,0
2026-05-05T13:45:00+05:30,120.7,121.09,120.7,120.83,7135,0
2026-05-05T14:00:00+05:30,120.73,120.97,120.51,120.7,8804,0
2026-05-05T14:15:00+05:30,120.7,120.88,120.4,120.75,13182,0
2026-05-05T14:30:00+05:30,120.75,120.75,120.33,120.6,6423,0
2026-05-05T14:45:00+05:30,120.6,120.7,120.31,120.53,10593,0
2026-05-05T15:00:00+05:30,120.55,120.68,120.16,120.3,47334,0
2026-05-05T15:15:00+05:30,120.33,120.72,119.7,119.7,102965,0
2026-05-06T09:15:00+05:30,121.1,122.68,121.06,122.68,120158,0
2026-05-06T09:30:00+05:30,122.52,122.68,121.1,121.21,35269,0
2026-05-06T09:45:00+05:30,121.38,121.48,121.0,121.0,15428,0
2026-05-06T10:00:00+05:30,121.0,121.62,120.5,121.3,35887,0
2026-05-06T10:15:00+05:30,121.31,121.31,120.41,120.63,15944,0
2026-05-06T10:30:00+05:30,120.63,120.78,120.11,120.51,11572,0
2026-05-06T10:45:00+05:30,120.56,120.6,119.76,120.08,30380,0
2026-05-06T11:00:00+05:30,120.24,120.5,119.98,120.48,5667,0
2026-05-06T11:15:00+05:30,120.48,120.85,120.33,120.44,4098,0
2026-05-06T11:30:00+05:30,120.46,120.68,120.28,120.56,2775,0
2026-05-06T11:45:00+05:30,120.43,120.55,120.21,120.46,2134,0
2026-05-06T12:00:00+05:30,120.31,120.49,120.22,120.29,1467,0
2026-05-06T12:15:00+05:30,120.26,120.5,119.75,119.84,7632,0
2026-05-06T12:30:00+05:30,119.84,119.96,119.53,119.7,10203,0
2026-05-06T12:45:00+05:30,119.7,120.0,119.4,119.55,8203,0
2026-05-06T13:00:00+05:30,119.43,120.62,119.41,120.4,13776,0
2026-05-06T13:15:00+05:30,120.5,120.65,120.09,120.4,8025,0
2026-05-06T13:30:00+05:30,120.46,120.59,119.92,120.09,22266,0
2026-05-06T13:45:00+05:30,120.3,121.25,120.3,120.77,39205,0
2026-05-06T14:00:00+05:30,120.68,120.93,120.6,120.67,7117,0
2026-05-06T14:15:00+05:30,120.69,121.95,120.69,121.72,29500,0
2026-05-06T14:30:00+05:30,121.75,121.75,121.35,121.73,13867,0
2026-05-06T14:45:00+05:30,121.75,121.94,121.33,121.6,25068,0
2026-05-06T15:00:00+05:30,121.69,121.9,121.0,121.23,41035,0
2026-05-06T15:15:00+05:30,121.36,122.0,121.0,122.0,122202,0
2026-05-07T09:15:00+05:30,121.62,122.48,120.55,121.26,144696,0
2026-05-07T09:30:00+05:30,121.15,121.94,120.98,121.5,29688,0
2026-05-07T09:45:00+05:30,121.4,121.52,120.85,120.85,49425,0
2026-05-07T10:00:00+05:30,120.8,122.18,120.8,121.85,30089,0
2026-05-07T10:15:00+05:30,121.85,122.3,121.71,121.84,18711,0
2026-05-07T10:30:00+05:30,121.98,122.32,121.5,121.9,33674,0
2026-05-07T10:45:00+05:30,121.89,122.0,121.03,121.21,11923,0
2026-05-07T11:00:00+05:30,121.21,121.5,121.21,121.39,10444,0
2026-05-07T11:15:00+05:30,121.39,121.44,120.7,121.0,59036,0
2026-05-07T11:30:00+05:30,121.24,121.52,121.05,121.25,20546,0
2026-05-07T11:45:00+05:30,121.25,121.6,121.05,121.23,15599,0
2026-05-07T12:00:00+05:30,121.23,121.5,121.2,121.43,3225,0
2026-05-07T12:15:00+05:30,121.36,122.0,121.33,121.5,14733,0
2026-05-07T12:30:00+05:30,121.6,122.0,121.24,121.84,15332,0
2026-05-07T12:45:00+05:30,121.9,121.98,121.6,121.93,10747,0
2026-05-07T13:00:00+05:30,121.8,122.6,121.8,122.08,38878,0
2026-05-07T13:15:00+05:30,122.0,122.13,121.26,121.85,16899,0
2026-05-07T13:30:00+05:30,121.83,122.0,121.68,121.68,5325,0
2026-05-07T13:45:00+05:30,121.82,121.94,121.67,121.9,4750,0
2026-05-07T14:00:00+05:30,121.92,121.99,121.56,121.8,7698,0
2026-05-07T14:15:00+05:30,121.79,121.89,121.52,121.84,13093,0
2026-05-07T14:30:00+05:30,121.84,121.84,121.51,121.69,6097,0
2026-05-07T14:45:00+05:30,121.71,121.88,121.45,121.88,13987,0
2026-05-07T15:00:00+05:30,121.88,121.99,121.26,121.47,41208,0
2026-05-07T15:15:00+05:30,121.46,121.92,121.1,121.69,87387,0
2026-05-08T09:15:00+05:30,121.49,122.39,120.62,121.76,76382,0
2026-05-08T09:30:00+05:30,121.68,121.75,120.31,120.5,52062,0
2026-05-08T09:45:00+05:30,120.31,121.0,120.05,120.78,52752,0
2026-05-08T10:00:00+05:30,120.75,120.78,120.3,120.62,17095,0
2026-05-08T10:15:00+05:30,120.7,120.8,120.51,120.62,4820,0
2026-05-08T10:30:00+05:30,120.62,120.8,120.5,120.67,9101,0
2026-05-08T10:45:00+05:30,120.81,120.83,120.17,120.43,10711,0
2026-05-08T11:00:00+05:30,120.43,120.69,120.25,120.41,6185,0
2026-05-08T11:15:00+05:30,120.46,120.66,120.46,120.55,7981,0
2026-05-08T11:30:00+05:30,120.51,120.82,120.31,120.8,3837,0
2026-05-08T11:45:00+05:30,120.8,120.8,120.41,120.62,2984,0
2026-05-08T12:00:00+05:30,120.62,120.62,120.32,120.55,11110,0
2026-05-08T12:15:00+05:30,120.53,120.55,120.18,120.21,4048,0
2026-05-08T12:30:00+05:30,120.46,120.49,119.59,120.07,21023,0
2026-05-08T12:45:00+05:30,120.1,120.1,119.64,119.89,6590,0
2026-05-08T13:00:00+05:30,119.88,120.33,119.72,120.17,3313,0
2026-05-08T13:15:00+05:30,120.21,120.31,120.05,120.05,8277,0
2026-05-08T13:30:00+05:30,120.13,120.15,119.7,119.8,5561,0
2026-05-08T13:45:00+05:30,119.82,119.97,119.5,119.5,6550,0
2026-05-08T14:00:00+05:30,119.61,119.8,119.0,119.24,13763,0
2026-05-08T14:15:00+05:30,119.48,119.73,119.3,119.58,3330,0
2026-05-08T14:30:00+05:30,119.68,120.15,119.47,120.0,7121,0
2026-05-08T14:45:00+05:30,120.0,120.14,119.94,120.0,7194,0
2026-05-08T15:00:00+05:30,120.12,120.12,119.51,119.94,21012,0
2026-05-08T15:15:00+05:30,119.75,120.27,119.3,120.2,54682,0
2026-05-11T09:15:00+05:30,117.8,118.9,117.5,117.93,38482,0
2026-05-11T09:30:00+05:30,118.11,118.4,116.91,117.17,37196,0
2026-05-11T09:45:00+05:30,117.17,117.48,116.9,117.01,14500,0
2026-05-11T10:00:00+05:30,117.04,118.0,117.04,117.85,15455,0
2026-05-11T10:15:00+05:30,117.79,117.99,117.36,117.98,10910,0
2026-05-11T10:30:00+05:30,117.98,118.19,117.6,117.77,10702,0
2026-05-11T10:45:00+05:30,117.77,118.0,117.5,118.0,7376,0
2026-05-11T11:00:00+05:30,118.0,118.44,118.0,118.3,14129,0
2026-05-11T11:15:00+05:30,118.3,118.69,118.3,118.46,5371,0
2026-05-11T11:30:00+05:30,118.53,118.53,118.16,118.4,4273,0
2026-05-11T11:45:00+05:30,118.25,118.55,118.25,118.4,1924,0
2026-05-11T12:00:00+05:30,118.4,118.4,117.97,118.07,11332,0
2026-05-11T12:15:00+05:30,118.31,118.45,118.01,118.38,7041,0
2026-05-11T12:30:00+05:30,118.38,118.38,117.72,118.02,7269,0
2026-05-11T12:45:00+05:30,118.02,118.2,117.72,118.06,3151,0
2026-05-11T13:00:00+05:30,118.08,118.16,117.68,117.8,3107,0
2026-05-11T13:15:00+05:30,117.93,118.07,117.86,118.0,3310,0
2026-05-11T13:30:00+05:30,118.04,118.47,117.9,118.03,6195,0
2026-05-11T13:45:00+05:30,118.03,118.44,118.03,118.36,3014,0
2026-05-11T14:00:00+05:30,118.23,118.23,117.86,117.86,6943,0
2026-05-11T14:15:00+05:30,117.86,117.86,117.6,117.64,6553,0
2026-05-11T14:30:00+05:30,117.64,118.08,117.5,117.5,4563,0
2026-05-11T14:45:00+05:30,117.5,117.67,117.2,117.2,12127,0
2026-05-11T15:00:00+05:30,117.2,117.25,116.25,116.61,52437,0
2026-05-11T15:15:00+05:30,116.69,116.99,116.22,116.8,33149,0
2026-05-12T09:15:00+05:30,116.4,117.0,115.11,115.2,43582,0
2026-05-12T09:30:00+05:30,115.2,115.94,114.3,115.7,76298,0
2026-05-12T09:45:00+05:30,115.7,115.9,115.4,115.45,11218,0
2026-05-12T10:00:00+05:30,115.52,115.88,115.01,115.88,11789,0
2026-05-12T10:15:00+05:30,115.85,116.53,115.67,115.75,14406,0
2026-05-12T10:30:00+05:30,115.75,115.9,114.61,115.58,32049,0
2026-05-12T10:45:00+05:30,115.59,115.59,114.81,115.41,3008,0
2026-05-12T11:00:00+05:30,115.41,115.44,114.65,114.75,9224,0
2026-05-12T11:15:00+05:30,114.66,115.12,114.62,114.76,2533,0
2026-05-12T11:30:00+05:30,114.76,115.0,114.47,114.75,12297,0
2026-05-12T11:45:00+05:30,114.72,114.85,114.42,114.78,11829,0
2026-05-12T12:00:00+05:30,114.91,114.91,114.22,114.24,7958,0
2026-05-12T12:15:00+05:30,114.22,114.59,114.2,114.49,7904,0
2026-05-12T12:30:00+05:30,114.13,114.13,113.46,113.79,21515,0
2026-05-12T12:45:00+05:30,113.71,114.29,113.71,113.98,7336,0
2026-05-12T13:00:00+05:30,114.0,114.49,113.6,113.81,8108,0
2026-05-12T13:15:00+05:30,113.85,114.38,113.61,114.21,9619,0
2026-05-12T13:30:00+05:30,114.21,114.39,113.21,113.21,8057,0
2026-05-12T13:45:00+05:30,113.38,113.91,113.24,113.52,6942,0
2026-05-12T14:00:00+05:30,113.38,113.38,112.73,112.75,15738,0
2026-05-12T14:15:00+05:30,112.75,113.25,112.5,112.63,7732,0
2026-05-12T14:30:00+05:30,112.75,112.99,112.2,112.61,20469,0
2026-05-12T14:45:00+05:30,112.35,112.72,111.52,111.61,25792,0
2026-05-12T15:00:00+05:30,111.79,112.07,111.3,111.64,30492,0
2026-05-12T15:15:00+05:30,111.47,112.49,111.36,112.49,72674,0
2026-05-13T09:15:00+05:30,111.83,114.0,111.83,113.01,32493,0
2026-05-13T09:30:00+05:30,113.0,113.26,111.5,113.26,47129,0
2026-05-13T09:45:00+05:30,113.45,113.65,112.3,113.25,26981,0
2026-05-13T10:00:00+05:30,113.22,114.2,113.15,114.0,10346,0
2026-05-13T10:15:00+05:30,114.19,114.48,113.97,114.32,9754,0
2026-05-13T10:30:00+05:30,114.17,114.17,113.75,113.96,3782,0
2026-05-13T10:45:00+05:30,114.0,114.13,113.0,113.18,3166,0
2026-05-13T11:00:00+05:30,113.09,113.79,113.08,113.27,4078,0
2026-05-13T11:15:00+05:30,113.41,113.86,113.26,113.82,3741,0
2026-05-13T11:30:00+05:30,113.82,114.2,113.82,114.2,4283,0
2026-05-13T11:45:00+05:30,114.16,114.29,113.84,113.86,6600,0
2026-05-13T12:00:00+05:30,113.96,114.39,113.82,114.39,6585,0
2026-05-13T12:15:00+05:30,114.4,114.79,114.3,114.4,5217,0
2026-05-13T12:30:00+05:30,114.56,114.59,114.0,114.23,8816,0
2026-05-13T12:45:00+05:30,114.1,114.78,114.08,114.77,5220,0
2026-05-13T13:00:00+05:30,114.72,114.8,114.41,114.48,5555,0
2026-05-13T13:15:00+05:30,114.67,114.75,114.26,114.5,3012,0
2026-05-13T13:30:00+05:30,114.5,114.79,114.5,114.67,10586,0
2026-05-13T13:45:00+05:30,114.7,114.76,114.15,114.4,5545,0
2026-05-13T14:00:00+05:30,114.39,114.68,114.26,114.68,8623,0
2026-05-13T14:15:00+05:30,114.68,114.68,114.0,114.35,10272,0
2026-05-13T14:30:00+05:30,114.49,114.68,114.2,114.23,8033,0
2026-05-13T14:45:00+05:30,114.21,114.39,114.02,114.39,9275,0
2026-05-13T15:00:00+05:30,114.3,114.3,113.56,113.65,34710,0
2026-05-13T15:15:00+05:30,113.65,114.55,113.57,114.55,43772,0
2026-05-14T09:15:00+05:30,114.19,116.6,114.19,116.32,42475,0
2026-05-14T09:30:00+05:30,116.16,116.16,114.0,114.18,25492,0
2026-05-14T09:45:00+05:30,114.03,115.12,113.64,113.68,20310,0
2026-05-14T10:00:00+05:30,113.74,114.75,113.59,114.47,12570,0
2026-05-14T10:15:00+05:30,114.68,114.89,114.01,114.29,26006,0
2026-05-14T10:30:00+05:30,114.29,114.43,113.9,113.9,21719,0
2026-05-14T10:45:00+05:30,113.9,113.99,113.31,113.47,12286,0
2026-05-14T11:00:00+05:30,113.3,113.39,112.91,113.38,10240,0
2026-05-14T11:15:00+05:30,113.36,113.69,113.27,113.57,7784,0
2026-05-14T11:30:00+05:30,113.59,114.62,113.53,114.62,9791,0
2026-05-14T11:45:00+05:30,114.54,114.75,114.3,114.6,7481,0
2026-05-14T12:00:00+05:30,114.44,114.6,113.86,114.13,19999,0
2026-05-14T12:15:00+05:30,114.13,114.66,114.01,114.36,3767,0
2026-05-14T12:30:00+05:30,114.36,114.6,114.22,114.6,4780,0
2026-05-14T12:45:00+05:30,114.6,114.88,114.38,114.39,2655,0
2026-05-14T13:00:00+05:30,114.4,114.6,114.31,114.41,4276,0
2026-05-14T13:15:00+05:30,114.41,114.69,114.12,114.39,4443,0
2026-05-14T13:30:00+05:30,114.31,114.9,114.05,114.62,8625,0
2026-05-14T13:45:00+05:30,114.72,114.72,114.3,114.7,6128,0
2026-05-14T14:00:00+05:30,114.79,115.0,114.61,115.0,5710,0
2026-05-14T14:15:00+05:30,114.99,115.35,114.75,114.94,8058,0
2026-05-14T14:30:00+05:30,114.92,115.25,114.74,114.74,5335,0
2026-05-14T14:45:00+05:30,114.92,114.92,114.4,114.86,9079,0
2026-05-14T15:00:00+05:30,114.86,114.86,114.22,114.63,11605,0
2026-05-14T15:15:00+05:30,114.5,115.0,114.41,115.0,31462,0
2026-05-15T09:15:00+05:30,115.1,115.39,112.69,112.98,33736,0
2026-05-15T09:30:00+05:30,112.98,114.4,112.7,114.08,12971,0
2026-05-15T09:45:00+05:30,114.24,114.65,114.11,114.59,10569,0
2026-05-15T10:00:00+05:30,114.46,114.46,114.1,114.18,2765,0
2026-05-15T10:15:00+05:30,114.13,114.16,113.53,114.03,5847,0
2026-05-15T10:30:00+05:30,114.03,114.07,113.71,113.84,4221,0
2026-05-15T10:45:00+05:30,113.93,114.23,113.88,113.97,4849,0
2026-05-15T11:00:00+05:30,113.97,114.19,113.61,113.7,2627,0
2026-05-15T11:15:00+05:30,113.7,113.81,113.51,113.7,3171,0
2026-05-15T11:30:00+05:30,113.68,113.68,113.26,113.44,3599,0
2026-05-15T11:45:00+05:30,113.44,113.61,113.37,113.54,1034,0
2026-05-15T12:00:00+05:30,113.49,113.88,113.49,113.66,2323,0
2026-05-15T12:15:00+05:30,113.66,113.83,113.25,113.43,4999,0
2026-05-15T12:30:00+05:30,113.47,113.6,113.46,113.6,645,0
2026-05-15T12:45:00+05:30,113.65,113.71,113.5,113.51,2521,0
2026-05-15T13:00:00+05:30,113.51,113.68,113.5,113.63,1739,0
2026-05-15T13:15:00+05:30,113.86,114.05,113.67,114.0,5913,0
2026-05-15T13:30:00+05:30,113.91,114.0,113.55,113.79,2424,0
2026-05-15T13:45:00+05:30,113.79,113.79,113.26,113.66,5598,0
2026-05-15T14:00:00+05:30,113.46,113.6,113.0,113.12,6647,0
2026-05-15T14:15:00+05:30,113.12,113.3,112.75,112.84,2284,0
2026-05-15T14:30:00+05:30,112.84,113.01,112.74,113.01,7782,0
2026-05-15T14:45:00+05:30,113.01,113.01,112.5,112.64,14196,0
2026-05-15T15:00:00+05:30,112.64,112.69,112.5,112.68,5601,0
2026-05-15T15:15:00+05:30,112.68,112.75,112.2,112.5,31270,0
2026-05-18T09:15:00+05:30,111.0,111.0,109.1,109.32,49514,0
2026-05-18T09:30:00+05:30,109.31,109.98,109.0,109.64,23162,0
2026-05-18T09:45:00+05:30,109.52,109.83,108.71,109.1,30169,0
2026-05-18T10:00:00+05:30,109.17,109.55,108.61,108.98,14125,0
2026-05-18T10:15:00+05:30,108.84,109.25,108.01,108.04,14151,0
2026-05-18T10:30:00+05:30,108.1,109.22,108.02,108.88,17636,0
2026-05-18T10:45:00+05:30,108.88,109.21,108.72,109.03,10620,0
2026-05-18T11:00:00+05:30,109.03,109.5,109.03,109.49,5512,0
2026-05-18T11:15:00+05:30,109.36,109.81,109.3,109.8,6535,0
2026-05-18T11:30:00+05:30,109.7,110.49,109.7,110.07,14289,0
2026-05-18T11:45:00+05:30,109.94,110.21,109.12,109.27,11138,0
2026-05-18T12:00:00+05:30,109.27,109.5,109.12,109.15,9410,0
2026-05-18T12:15:00+05:30,109.41,109.87,109.22,109.86,2447,0
2026-05-18T12:30:00+05:30,109.86,110.18,109.6,109.97,5789,0
2026-05-18T12:45:00+05:30,109.77,110.0,109.6,109.89,1354,0
2026-05-18T13:00:00+05:30,110.05,110.14,109.71,109.89,6669,0
2026-05-18T13:15:00+05:30,109.9,110.09,109.7,109.9,4335,0
2026-05-18T13:30:00+05:30,109.88,110.23,109.68,110.18,5941,0
2026-05-18T13:45:00+05:30,110.06,110.43,109.98,110.2,7180,0
2026-05-18T14:00:00+05:30,110.34,110.78,110.05,110.78,6938,0
2026-05-18T14:15:00+05:30,110.61,110.61,110.04,110.21,7279,0
2026-05-18T14:30:00+05:30,110.13,110.24,110.0,110.03,1605,0
2026-05-18T14:45:00+05:30,110.03,110.23,110.01,110.01,1620,0
2026-05-18T15:00:00+05:30,110.15,110.88,110.15,110.53,25203,0
2026-05-18T15:15:00+05:30,110.64,111.39,110.56,111.39,51912,0
2026-05-19T09:15:00+05:30,110.0,112.9,110.0,112.64,33414,0
2026-05-19T09:30:00+05:30,112.47,113.42,111.6,113.14,45025,0
2026-05-19T09:45:00+05:30,112.82,112.98,112.28,112.28,12436,0
2026-05-19T10:00:00+05:30,112.48,113.62,112.48,113.4,37986,0
2026-05-19T10:15:00+05:30,113.4,113.62,112.99,113.62,15583,0
2026-05-19T10:30:00+05:30,113.59,114.0,113.5,113.92,11749,0
2026-05-19T10:45:00+05:30,113.92,114.45,113.92,114.4,36772,0
2026-05-19T11:00:00+05:30,114.29,114.31,113.68,113.9,20453,0
2026-05-19T11:15:00+05:30,113.84,113.85,112.92,113.0,18758,0
2026-05-19T11:30:00+05:30,112.98,113.47,112.9,113.31,6301,0
2026-05-19T11:45:00+05:30,113.31,113.32,113.08,113.29,807,0
2026-05-19T12:00:00+05:30,113.12,113.12,112.81,112.9,5594,0
2026-05-19T12:15:00+05:30,112.9,113.33,112.71,113.33,10246,0
2026-05-19T12:30:00+05:30,113.19,113.24,112.91,113.0,8001,0
2026-05-19T12:45:00+05:30,113.16,113.38,112.87,113.13,3255,0
2026-05-19T13:00:00+05:30,113.0,113.21,113.0,113.11,1137,0
2026-05-19T13:15:00+05:30,113.04,113.29,113.01,113.11,1756,0
2026-05-19T13:30:00+05:30,113.11,113.2,112.73,112.76,8535,0
2026-05-19T13:45:00+05:30,112.76,113.13,112.76,112.87,2696,0
2026-05-19T14:00:00+05:30,113.0,113.0,112.85,112.86,432,0
2026-05-19T14:15:00+05:30,112.86,113.17,112.8,113.0,1407,0
2026-05-19T14:30:00+05:30,113.06,113.08,112.32,112.33,15151,0
2026-05-19T14:45:00+05:30,112.33,112.78,112.28,112.33,5953,0
2026-05-19T15:00:00+05:30,112.34,112.52,112.28,112.39,6303,0
2026-05-19T15:15:00+05:30,112.45,112.63,112.28,112.28,36820,0
2026-05-20T09:15:00+05:30,111.0,111.89,110.6,111.85,37415,0
2026-05-20T09:30:00+05:30,111.89,112.37,111.68,111.68,12449,0
2026-05-20T09:45:00+05:30,111.76,111.98,111.76,111.97,4348,0
2026-05-20T10:00:00+05:30,111.88,111.92,111.06,111.67,6404,0
2026-05-20T10:15:00+05:30,111.51,111.62,111.27,111.5,4918,0
2026-05-20T10:30:00+05:30,111.6,112.1,111.44,111.95,7714,0
2026-05-20T10:45:00+05:30,112.1,112.84,111.84,112.56,17673,0
2026-05-20T11:00:00+05:30,112.55,112.9,112.5,112.6,7611,0
2026-05-20T11:15:00+05:30,112.47,112.83,112.47,112.8,1625,0
2026-05-20T11:30:00+05:30,112.8,112.8,112.32,112.6,2999,0
2026-05-20T11:45:00+05:30,112.59,112.8,112.3,112.74,4968,0
2026-05-20T12:00:00+05:30,112.8,112.8,112.35,112.72,6431,0
2026-05-20T12:15:00+05:30,112.72,113.38,112.72,112.8,25458,0
2026-05-20T12:30:00+05:30,112.77,112.97,112.7,112.82,3827,0
2026-05-20T12:45:00+05:30,112.82,113.04,112.72,112.9,3373,0
2026-05-20T13:00:00+05:30,112.9,112.9,112.63,112.71,2115,0
2026-05-20T13:15:00+05:30,112.81,112.81,112.35,112.35,3430,0
2026-05-20T13:30:00+05:30,112.44,112.71,112.44,112.44,3091,0
2026-05-20T13:45:00+05:30,112.44,112.46,112.26,112.34,1489,0
2026-05-20T14:00:00+05:30,112.45,112.75,112.3,112.74,3400,0
2026-05-20T14:15:00+05:30,112.65,112.76,112.5,112.62,2418,0
2026-05-20T14:30:00+05:30,112.7,112.92,112.66,112.67,3186,0
2026-05-20T14:45:00+05:30,112.7,113.13,112.7,113.13,11324,0
2026-05-20T15:00:00+05:30,113.02,113.29,112.75,113.29,15551,0
2026-05-20T15:15:00+05:30,113.24,113.47,113.1,113.12,28070,0
2026-05-21T09:15:00+05:30,113.56,115.3,113.56,114.55,57146,0
2026-05-21T09:30:00+05:30,114.45,116.5,114.32,116.11,79261,0
2026-05-21T09:45:00+05:30,116.2,116.2,115.61,115.69,16312,0
2026-05-21T10:00:00+05:30,115.79,116.2,115.58,115.8,11088,0
2026-05-21T10:15:00+05:30,115.65,115.79,115.55,115.7,5060,0
2026-05-21T10:30:00+05:30,115.7,115.84,115.2,115.7,13405,0
2026-05-21T10:45:00+05:30,115.56,115.7,115.14,115.16,5780,0
2026-05-21T11:00:00+05:30,115.17,115.39,115.0,115.01,13461,0
2026-05-21T11:15:00+05:30,115.06,115.52,114.62,115.52,12102,0
2026-05-21T11:30:00+05:30,115.25,115.52,114.96,115.37,7484,0
2026-05-21T11:45:00+05:30,115.37,115.42,115.07,115.4,6317,0
2026-05-21T12:00:00+05:30,115.26,115.73,115.26,115.48,22020,0
2026-05-21T12:15:00+05:30,115.23,115.7,114.9,115.11,14285,0
2026-05-21T12:30:00+05:30,115.1,115.38,114.81,114.91,6369,0
2026-05-21T12:45:00+05:30,115.0,115.1,114.89,114.96,8134,0
2026-05-21T13:00:00+05:30,114.97,115.07,114.64,114.92,8938,0
2026-05-21T13:15:00+05:30,114.9,115.35,114.9,115.0,6371,0
2026-05-21T13:30:00+05:30,115.2,115.4,115.19,115.25,3682,0
2026-05-21T13:45:00+05:30,115.34,115.79,115.34,115.71,7884,0
2026-05-21T14:00:00+05:30,115.71,115.98,115.62,115.78,7253,0
2026-05-21T14:15:00+05:30,115.88,115.88,115.65,115.79,5111,0
2026-05-21T14:30:00+05:30,115.79,115.79,115.6,115.61,1783,0
2026-05-21T14:45:00+05:30,115.78,116.41,115.65,115.92,29862,0
2026-05-21T15:00:00+05:30,115.92,116.0,115.6,115.6,10717,0
2026-05-21T15:15:00+05:30,115.6,115.95,115.2,115.67,37709,0
2026-05-22T09:15:00+05:30,115.58,116.7,115.2,116.1,44717,0
2026-05-22T09:30:00+05:30,116.23,116.5,115.83,116.05,11912,0
2026-05-22T09:45:00+05:30,116.05,116.24,115.75,116.04,6957,0
2026-05-22T10:00:00+05:30,115.77,116.08,115.56,116.05,4967,0
2026-05-22T10:15:00+05:30,116.05,116.19,115.74,116.09,3182,0
2026-05-22T10:30:00+05:30,116.2,116.55,115.82,116.5,8504,0
2026-05-22T10:45:00+05:30,116.55,117.0,116.26,116.42,26982,0
2026-05-22T11:00:00+05:30,116.42,116.47,116.2,116.2,5408,0
2026-05-22T11:15:00+05:30,116.2,116.2,115.76,116.11,8402,0
2026-05-22T11:30:00+05:30,116.05,116.1,115.9,116.0,2284,0
2026-05-22T11:45:00+05:30,116.02,116.29,116.0,116.1,2834,0
2026-05-22T12:00:00+05:30,116.06,116.06,115.7,115.71,5146,0
2026-05-22T12:15:00+05:30,115.71,115.88,115.33,115.82,10409,0
2026-05-22T12:30:00+05:30,115.8,115.8,115.54,115.65,1656,0
2026-05-22T12:45:00+05:30,115.72,115.8,115.7,115.8,1389,0
2026-05-22T13:00:00+05:30,115.71,115.89,115.7,115.7,732,0
2026-05-22T13:15:00+05:30,115.65,115.72,115.51,115.6,4132,0
2026-05-22T13:30:00+05:30,115.6,115.71,115.24,115.65,6549,0
2026-05-22T13:45:00+05:30,115.65,115.66,115.3,115.5,3071,0
2026-05-22T14:00:00+05:30,115.5,115.58,115.3,115.34,1904,0
2026-05-22T14:15:00+05:30,115.34,115.5,115.11,115.11,3771,0
2026-05-22T14:30:00+05:30,115.12,115.28,114.85,115.26,10271,0
2026-05-22T14:45:00+05:30,115.14,115.18,114.92,114.94,2249,0
2026-05-22T15:00:00+05:30,115.0,115.44,114.99,115.06,12887,0
2026-05-22T15:15:00+05:30,115.21,115.3,114.92,115.01,27190,0
2026-05-25T09:15:00+05:30,117.2,117.32,116.5,116.88,27662,0
2026-05-25T09:30:00+05:30,116.88,117.9,116.85,117.35,28276,0
2026-05-25T09:45:00+05:30,117.48,118.2,117.21,117.55,19282,0
2026-05-25T10:00:00+05:30,117.58,117.89,117.44,117.46,8961,0
2026-05-25T10:15:00+05:30,117.59,117.75,117.36,117.52,4993,0
2026-05-25T10:30:00+05:30,117.51,117.57,116.9,117.13,12172,0
2026-05-25T10:45:00+05:30,117.2,117.39,116.92,117.11,12073,0
2026-05-25T11:00:00+05:30,117.15,117.2,116.82,117.2,5575,0
2026-05-25T11:15:00+05:30,117.17,117.33,117.0,117.0,5130,0
2026-05-25T11:30:00+05:30,116.97,117.05,116.91,116.93,2260,0
2026-05-25T11:45:00+05:30,117.08,117.28,116.9,116.96,7987,0
2026-05-25T12:00:00+05:30,116.92,117.0,116.81,116.9,1464,0
2026-05-25T12:15:00+05:30,116.9,117.45,116.67,117.45,5969,0
2026-05-25T12:30:00+05:30,117.32,117.32,116.75,117.04,7679,0
2026-05-25T12:45:00+05:30,117.04,117.04,116.62,116.79,7332,0
2026-05-25T13:00:00+05:30,116.79,117.09,116.79,117.08,3324,0
2026-05-25T13:15:00+05:30,116.92,117.16,116.81,117.16,2743,0
2026-05-25T13:30:00+05:30,117.18,117.19,116.97,116.98,2335,0
2026-05-25T13:45:00+05:30,116.99,117.07,116.8,116.86,2705,0
2026-05-25T14:00:00+05:30,116.86,117.0,116.57,116.57,2653,0
2026-05-25T14:15:00+05:30,116.55,116.75,116.55,116.75,2896,0
2026-05-25T14:30:00+05:30,116.74,116.85,116.57,116.62,1510,0
2026-05-25T14:45:00+05:30,116.62,116.85,116.62,116.79,5721,0
2026-05-25T15:00:00+05:30,116.65,116.93,116.55,116.75,12428,0
2026-05-25T15:15:00+05:30,116.81,116.95,116.55,116.89,32256,0
2026-05-26T09:15:00+05:30,116.05,116.87,115.47,116.53,27958,0
2026-05-26T09:30:00+05:30,116.53,117.67,116.16,117.1,22911,0
2026-05-26T09:45:00+05:30,117.28,117.66,116.48,116.92,23195,0
2026-05-26T10:00:00+05:30,116.92,118.49,116.66,118.38,39107,0
2026-05-26T10:15:00+05:30,118.39,118.5,117.74,118.41,46182,0
2026-05-26T10:30:00+05:30,118.35,119.52,117.9,118.0,72460,0
2026-05-26T10:45:00+05:30,117.81,118.04,117.7,117.77,16880,0
2026-05-26T11:00:00+05:30,117.89,117.89,117.45,117.72,19146,0
2026-05-26T11:15:00+05:30,117.56,117.79,117.44,117.65,9514,0
2026-05-26T11:30:00+05:30,117.8,118.06,117.56,117.77,6288,0
2026-05-26T11:45:00+05:30,117.77,117.86,117.24,117.71,18508,0
2026-05-26T12:00:00+05:30,117.71,117.83,117.31,117.61,5929,0
2026-05-26T12:15:00+05:30,117.61,117.95,117.41,117.63,9322,0
2026-05-26T12:30:00+05:30,117.71,118.22,117.55,117.95,7063,0
2026-05-26T12:45:00+05:30,117.89,117.89,117.3,117.45,7036,0
2026-05-26T13:00:00+05:30,117.45,117.64,117.34,117.57,6895,0
2026-05-26T13:15:00+05:30,117.43,117.53,117.12,117.2,5073,0
2026-05-26T13:30:00+05:30,117.15,117.46,117.02,117.02,9065,0
2026-05-26T13:45:00+05:30,117.18,117.19,116.5,116.67,16614,0
2026-05-26T14:00:00+05:30,116.66,116.76,116.25,116.5,14073,0
2026-05-26T14:15:00+05:30,116.5,116.96,116.43,116.5,3727,0
2026-05-26T14:30:00+05:30,116.55,116.87,116.4,116.72,12351,0
2026-05-26T14:45:00+05:30,116.6,116.75,116.3,116.75,5736,0
2026-05-26T15:00:00+05:30,116.75,117.0,116.6,116.88,12051,0
2026-05-26T15:15:00+05:30,116.88,117.75,116.65,116.72,53887,0
2026-05-27T09:15:00+05:30,117.8,118.4,117.03,117.63,51367,0
2026-05-27T09:30:00+05:30,117.5,118.9,117.25,118.2,34495,0
2026-05-27T09:45:00+05:30,118.33,119.39,118.29,118.83,50120,0
2026-05-27T10:00:00+05:30,118.77,119.7,118.67,119.7,38299,0
2026-05-27T10:15:00+05:30,119.7,120.99,119.24,120.3,164627,0
2026-05-27T10:30:00+05:30,120.3,120.6,119.31,119.54,34289,0
2026-05-27T10:45:00+05:30,119.52,120.0,119.25,119.96,17358,0
2026-05-27T11:00:00+05:30,119.95,119.95,119.07,119.3,20269,0
2026-05-27T11:15:00+05:30,119.34,119.73,119.15,119.21,15518,0
2026-05-27T11:30:00+05:30,119.21,119.42,118.81,119.2,16062,0
2026-05-27T11:45:00+05:30,119.2,119.2,118.65,118.85,9657,0
2026-05-27T12:00:00+05:30,118.85,119.25,118.7,119.01,9313,0
2026-05-27T12:15:00+05:30,119.01,119.01,118.76,118.89,8096,0
2026-05-27T12:30:00+05:30,118.77,119.45,118.77,119.4,14071,0
2026-05-27T12:45:00+05:30,119.19,119.19,119.0,119.06,4698,0
2026-05-27T13:00:00+05:30,119.01,119.13,118.77,119.13,11823,0
2026-05-27T13:15:00+05:30,119.11,119.22,118.9,119.0,9345,0
2026-05-27T13:30:00+05:30,119.04,119.05,118.76,118.91,8549,0
2026-05-27T13:45:00+05:30,118.9,118.93,118.76,118.85,5142,0
2026-05-27T14:00:00+05:30,119.0,119.0,118.32,118.32,12893,0
2026-05-27T14:15:00+05:30,118.35,118.59,118.32,118.41,12321,0
2026-05-27T14:30:00+05:30,118.41,118.52,118.32,118.32,13390,0
2026-05-27T14:45:00+05:30,118.32,118.7,118.32,118.7,10802,0
2026-05-27T15:00:00+05:30,118.7,118.78,118.4,118.54,16879,0
2026-05-27T15:15:00+05:30,118.55,119.0,118.36,119.0,41015,0
2026-05-29T09:15:00+05:30,118.67,119.8,118.31,118.57,44153,0
2026-05-29T09:30:00+05:30,118.53,119.1,118.22,118.22,27733,0
2026-05-29T09:45:00+05:30,118.34,119.38,118.34,118.8,16507,0
2026-05-29T10:00:00+05:30,118.6,118.99,118.35,118.82,13783,0
2026-05-29T10:15:00+05:30,118.82,118.99,118.63,118.63,3208,0
2026-05-29T10:30:00+05:30,118.63,119.09,118.61,118.69,24200,0
2026-05-29T10:45:00+05:30,118.71,118.71,118.35,118.5,4821,0
2026-05-29T11:00:00+05:30,118.51,118.7,118.51,118.51,2902,0
2026-05-29T11:15:00+05:30,118.51,118.71,117.65,118.23,10740,0
2026-05-29T11:30:00+05:30,118.06,118.13,117.83,118.0,5063,0
2026-05-29T11:45:00+05:30,118.0,118.02,117.87,118.02,2988,0
2026-05-29T12:00:00+05:30,118.02,118.16,117.5,117.51,13215,0
2026-05-29T12:15:00+05:30,117.51,117.79,117.4,117.61,5752,0
2026-05-29T12:30:00+05:30,117.66,117.95,117.52,117.89,5202,0
2026-05-29T12:45:00+05:30,117.8,117.93,117.41,117.41,6900,0
2026-05-29T13:00:00+05:30,117.52,117.59,117.0,117.06,17968,0
2026-05-29T13:15:00+05:30,117.07,117.24,117.06,117.24,3583,0
2026-05-29T13:30:00+05:30,117.24,117.24,117.02,117.02,1867,0
2026-05-29T13:45:00+05:30,117.02,117.05,116.65,116.86,14473,0
2026-05-29T14:00:00+05:30,116.86,116.87,116.65,116.83,3481,0
2026-05-29T14:15:00+05:30,116.69,116.88,116.68,116.88,2894,0
2026-05-29T14:30:00+05:30,117.0,117.1,116.8,116.88,13236,0
2026-05-29T14:45:00+05:30,116.89,117.19,116.89,116.9,10524,0
2026-05-29T15:00:00+05:30,116.9,116.9,115.56,116.15,29693,0
2026-05-29T15:15:00+05:30,116.0,116.2,115.47,116.05,36545,0
2026-06-01T09:15:00+05:30,115.5,116.28,114.46,114.67,101725,0
2026-06-01T09:30:00+05:30,114.63,114.84,113.6,113.77,30366,0
2026-06-01T09:45:00+05:30,113.77,114.39,113.52,113.85,28845,0
2026-06-01T10:00:00+05:30,113.76,114.1,113.4,114.08,15414,0
2026-06-01T10:15:00+05:30,113.92,113.92,113.65,113.74,2146,0
2026-06-01T10:30:00+05:30,113.71,113.88,113.23,113.88,6972,0
2026-06-01T10:45:00+05:30,113.88,115.6,113.88,115.05,27227,0
2026-06-01T11:00:00+05:30,115.2,115.83,115.16,115.6,6271,0
2026-06-01T11:15:00+05:30,115.76,115.76,115.23,115.33,11348,0
2026-06-01T11:30:00+05:30,115.29,115.6,115.01,115.6,6293,0
2026-06-01T11:45:00+05:30,115.34,115.8,114.94,115.01,19710,0
2026-06-01T12:00:00+05:30,115.01,115.92,114.49,115.09,33259,0
2026-06-01T12:15:00+05:30,115.28,115.52,115.07,115.31,5843,0
2026-06-01T12:30:00+05:30,115.31,115.31,115.12,115.13,1621,0
2026-06-01T12:45:00+05:30,115.12,115.3,114.81,114.81,6741,0
2026-06-01T13:00:00+05:30,114.81,115.0,114.43,114.79,4115,0
2026-06-01T13:15:00+05:30,114.79,114.79,114.17,114.44,4651,0
2026-06-01T13:30:00+05:30,114.44,114.44,114.0,114.12,7745,0
2026-06-01T13:45:00+05:30,114.12,114.24,113.86,114.04,22097,0
2026-06-01T14:00:00+05:30,114.04,114.04,113.28,113.4,31596,0
2026-06-01T14:15:00+05:30,113.4,113.45,113.11,113.19,12999,0
2026-06-01T14:30:00+05:30,113.19,113.5,113.19,113.45,16857,0
2026-06-01T14:45:00+05:30,113.43,113.9,113.26,113.29,9496,0
2026-06-01T15:00:00+05:30,113.44,114.09,113.26,114.06,15716,0
2026-06-01T15:15:00+05:30,114.0,114.32,113.2,113.9,42480,0
2026-06-02T09:15:00+05:30,113.0,114.0,111.41,112.29,25090,0
2026-06-02T09:30:00+05:30,112.23,113.75,111.75,113.26,55654,0
2026-06-02T09:45:00+05:30,113.26,113.43,112.93,113.2,6309,0
2026-06-02T10:00:00+05:30,113.2,113.6,113.2,113.4,8553,0
2026-06-02T10:15:00+05:30,113.27,113.88,113.0,113.88,8544,0
2026-06-02T10:30:00+05:30,113.9,114.1,113.53,114.04,10290,0
2026-06-02T10:45:00+05:30,114.04,114.04,113.16,113.4,10136,0
2026-06-02T11:00:00+05:30,113.4,113.52,113.22,113.4,1986,0
2026-06-02T11:15:00+05:30,113.4,114.0,113.24,113.7,6824,0
2026-06-02T11:30:00+05:30,113.72,113.72,113.13,113.19,13112,0
2026-06-02T11:45:00+05:30,113.19,113.33,112.8,112.8,2476,0
2026-06-02T12:00:00+05:30,112.92,112.95,112.66,112.84,1529,0
2026-06-02T12:15:00+05:30,112.7,112.7,112.26,112.26,5539,0
2026-06-02T12:30:00+05:30,112.21,112.45,112.2,112.45,2564,0
2026-06-02T12:45:00+05:30,112.45,113.5,112.4,113.41,9248,0
2026-06-02T13:00:00+05:30,113.41,114.55,113.39,114.25,19249,0
2026-06-02T13:15:00+05:30,114.1,114.45,114.09,114.32,13542,0
2026-06-02T13:30:00+05:30,114.32,114.67,114.1,114.47,7901,0
2026-06-02T13:45:00+05:30,114.47,114.5,114.21,114.29,3867,0
2026-06-02T14:00:00+05:30,114.29,115.2,114.29,114.57,12702,0
2026-06-02T14:15:00+05:30,114.57,115.01,114.31,114.73,16424,0
2026-06-02T14:30:00+05:30,114.77,114.77,114.0,114.19,8190,0
2026-06-02T14:45:00+05:30,114.32,114.42,114.07,114.25,2990,0
2026-06-02T15:00:00+05:30,114.25,115.25,114.0,115.22,13855,0
2026-06-02T15:15:00+05:30,115.11,115.4,114.4,115.4,30915,0
2026-06-03T09:15:00+05:30,115.3,115.9,113.3,113.49,19263,0
2026-06-03T09:30:00+05:30,113.34,113.34,112.79,112.95,24499,0
2026-06-03T09:45:00+05:30,113.0,113.59,112.76,113.03,20097,0
2026-06-03T10:00:00+05:30,113.0,113.17,112.77,112.9,17363,0
2026-06-03T10:15:00+05:30,112.9,113.15,112.87,112.97,6067,0
2026-06-03T10:30:00+05:30,112.99,113.05,112.28,112.6,20413,0
2026-06-03T10:45:00+05:30,112.7,112.84,112.4,112.47,5600,0
2026-06-03T11:00:00+05:30,112.46,112.46,111.85,111.85,8197,0
2026-06-03T11:15:00+05:30,111.82,112.1,111.75,111.97,7998,0
2026-06-03T11:30:00+05:30,111.96,112.09,111.72,111.88,4507,0
2026-06-03T11:45:00+05:30,111.85,111.86,111.42,111.42,7960,0
2026-06-03T12:00:00+05:30,111.42,111.45,111.14,111.14,7170,0
2026-06-03T12:15:00+05:30,111.26,111.5,111.25,111.5,5043,0
2026-06-03T12:30:00+05:30,111.58,112.49,111.45,112.39,11966,0
2026-06-03T12:45:00+05:30,112.38,112.72,112.38,112.6,15526,0
2026-06-03T13:00:00+05:30,112.6,112.6,112.2,112.29,11463,0
2026-06-03T13:15:00+05:30,112.38,112.84,112.31,112.77,4452,0
2026-06-03T13:30:00+05:30,112.83,112.95,112.72,112.95,12724,0
2026-06-03T13:45:00+05:30,112.94,113.4,112.94,113.25,10277,0
2026-06-03T14:00:00+05:30,113.24,113.24,113.05,113.1,2931,0
2026-06-03T14:15:00+05:30,113.05,113.44,113.05,113.18,15824,0
2026-06-03T14:30:00+05:30,113.32,113.64,113.16,113.56,9772,0
2026-06-03T14:45:00+05:30,113.62,114.44,113.62,114.18,26385,0
2026-06-03T15:00:00+05:30,114.32,114.39,113.51,114.03,23404,0
2026-06-03T15:15:00+05:30,114.05,114.21,112.8,112.8,22748,0
2026-06-04T09:15:00+05:30,113.2,114.49,113.01,113.82,33551,0
2026-06-04T09:30:00+05:30,113.82,114.41,113.03,113.49,29678,0
2026-06-04T09:45:00+05:30,113.51,114.87,113.51,114.71,18895,0
2026-06-04T10:00:00+05:30,114.72,114.78,114.39,114.62,8159,0
2026-06-04T10:15:00+05:30,114.62,115.44,114.62,114.87,21939,0
2026-06-04T10:30:00+05:30,114.97,114.99,114.22,114.42,8705,0
2026-06-04T10:45:00+05:30,114.46,114.9,114.46,114.77,2183,0
2026-06-04T11:00:00+05:30,114.78,114.8,114.3,114.77,4306,0
2026-06-04T11:15:00+05:30,114.77,114.84,114.4,114.4,5133,0
2026-06-04T11:30:00+05:30,114.33,114.66,113.94,114.66,12861,0
2026-06-04T11:45:00+05:30,114.65,114.75,113.96,114.37,13888,0
2026-06-04T12:00:00+05:30,114.37,114.52,114.0,114.31,18803,0
2026-06-04T12:15:00+05:30,114.4,116.5,114.03,114.44,96890,0
2026-06-04T12:30:00+05:30,114.4,114.5,113.99,114.07,17657,0
2026-06-04T12:45:00+05:30,114.01,114.12,113.51,113.86,16453,0
2026-06-04T13:00:00+05:30,113.85,114.04,113.05,113.1,14222,0
2026-06-04T13:15:00+05:30,113.02,113.54,112.8,113.4,9294,0
2026-06-04T13:30:00+05:30,113.33,113.35,113.16,113.25,5006,0
2026-06-04T13:45:00+05:30,113.13,113.31,113.1,113.31,3022,0
2026-06-04T14:00:00+05:30,113.24,113.5,113.24,113.26,5821,0
2026-06-04T14:15:00+05:30,113.28,113.41,113.25,113.25,14115,0
2026-06-04T14:30:00+05:30,113.27,113.66,113.25,113.54,8995,0
2026-06-04T14:45:00+05:30,113.56,113.69,113.31,113.64,6301,0
2026-06-04T15:00:00+05:30,113.57,113.6,113.23,113.25,19830,0
2026-06-04T15:15:00+05:30,113.24,113.61,113.02,113.1,29177,0
2026-06-05T09:15:00+05:30,114.02,115.23,114.02,114.6,63724,0
2026-06-05T09:30:00+05:30,114.51,115.01,114.1,115.0,23850,0
2026-06-05T09:45:00+05:30,115.1,115.2,114.27,114.5,21835,0
2026-06-05T10:00:00+05:30,114.54,114.99,114.0,114.68,18665,0
2026-06-05T10:15:00+05:30,114.67,116.2,114.56,114.89,74408,0
2026-06-05T10:30:00+05:30,115.09,115.32,114.03,114.16,24811,0
2026-06-05T10:45:00+05:30,114.2,114.65,113.82,114.65,16114,0
2026-06-05T11:00:00+05:30,114.65,116.24,114.62,116.04,42795,0
2026-06-05T11:15:00+05:30,115.94,116.0,114.51,114.74,24638,0
2026-06-05T11:30:00+05:30,114.74,115.08,114.41,114.62,10941,0
2026-06-05T11:45:00+05:30,114.62,114.7,114.3,114.42,1038,0
2026-06-05T12:00:00+05:30,114.42,114.42,113.96,114.4,20571,0
2026-06-05T12:15:00+05:30,114.39,114.45,114.13,114.32,3681,0
2026-06-05T12:30:00+05:30,114.2,114.2,113.6,113.6,7443,0
2026-06-05T12:45:00+05:30,113.65,113.97,113.5,113.5,9380,0
2026-06-05T13:00:00+05:30,113.5,113.73,113.12,113.29,9931,0
2026-06-05T13:15:00+05:30,113.16,113.39,112.86,112.9,13728,0
2026-06-05T13:30:00+05:30,112.9,112.9,112.28,112.48,16218,0
2026-06-05T13:45:00+05:30,112.5,112.61,112.5,112.59,6142,0
2026-06-05T14:00:00+05:30,112.84,112.85,112.59,112.83,4186,0
2026-06-05T14:15:00+05:30,112.8,112.83,112.54,112.83,4723,0
2026-06-05T14:30:00+05:30,112.9,113.24,112.7,113.12,10537,0
2026-06-05T14:45:00+05:30,113.12,113.29,112.87,112.96,13247,0
2026-06-05T15:00:00+05:30,112.9,113.17,112.62,113.15,31255,0
2026-06-05T15:15:00+05:30,113.15,113.36,112.91,113.0,48264,0
2026-06-08T09:15:00+05:30,111.5,112.64,111.03,111.51,39472,0
2026-06-08T09:30:00+05:30,111.59,112.0,111.03,111.21,25452,0
2026-06-08T09:45:00+05:30,111.23,111.7,110.81,111.7,15779,0
2026-06-08T10:00:00+05:30,111.8,111.89,111.1,111.64,9004,0
2026-06-08T10:15:00+05:30,111.64,111.64,111.16,111.16,2511,0
2026-06-08T10:30:00+05:30,111.28,111.67,111.11,111.65,3453,0
2026-06-08T10:45:00+05:30,111.65,111.65,111.4,111.59,3584,0
2026-06-08T11:00:00+05:30,111.59,111.63,111.25,111.25,7240,0
2026-06-08T11:15:00+05:30,111.25,111.58,111.0,111.13,21591,0
2026-06-08T11:30:00+05:30,111.13,111.2,111.03,111.2,1924,0
2026-06-08T11:45:00+05:30,111.2,111.29,110.94,110.94,5044,0
2026-06-08T12:00:00+05:30,110.99,111.4,110.92,111.34,9623,0
2026-06-08T12:15:00+05:30,111.34,111.34,111.0,111.04,2399,0
2026-06-08T12:30:00+05:30,111.07,111.48,111.04,111.26,6256,0
2026-06-08T12:45:00+05:30,111.26,111.34,111.15,111.33,839,0
2026-06-08T13:00:00+05:30,111.33,111.33,110.92,110.92,3825,0
2026-06-08T13:15:00+05:30,111.0,111.18,110.81,110.81,4332,0
2026-06-08T13:30:00+05:30,110.81,110.85,110.55,110.6,7376,0
2026-06-08T13:45:00+05:30,110.55,110.6,110.3,110.48,8450,0
2026-06-08T14:00:00+05:30,110.36,110.5,110.31,110.31,1708,0
2026-06-08T14:15:00+05:30,110.35,110.46,110.2,110.29,5700,0
2026-06-08T14:30:00+05:30,110.3,110.43,110.08,110.43,9088,0
2026-06-08T14:45:00+05:30,110.43,110.55,110.27,110.43,2063,0
2026-06-08T15:00:00+05:30,110.43,110.7,110.1,110.28,29026,0
2026-06-08T15:15:00+05:30,110.27,110.6,109.04,110.0,41787,0
2026-06-09T09:15:00+05:30,111.79,111.8,110.36,110.8,32717,0
2026-06-09T09:30:00+05:30,110.86,111.98,110.83,110.94,38066,0
2026-06-09T09:45:00+05:30,110.91,111.74,110.91,110.99,15897,0
2026-06-09T10:00:00+05:30,111.02,111.34,110.81,111.15,8783,0
2026-06-09T10:15:00+05:30,111.28,111.39,111.0,111.0,4458,0
2026-06-09T10:30:00+05:30,111.0,111.16,110.65,111.12,8633,0
2026-06-09T10:45:00+05:30,111.12,111.22,110.6,110.83,5737,0
2026-06-09T11:00:00+05:30,110.83,111.26,110.83,111.06,4060,0
2026-06-09T11:15:00+05:30,110.93,111.35,110.5,110.9,10512,0
2026-06-09T11:30:00+05:30,110.92,111.4,110.89,111.35,5344,0
2026-06-09T11:45:00+05:30,111.34,111.85,111.29,111.49,13327,0
2026-06-09T12:00:00+05:30,111.49,113.21,111.38,113.11,67417,0
2026-06-09T12:15:00+05:30,113.03,113.15,111.88,112.74,24574,0
2026-06-09T12:30:00+05:30,112.74,112.86,112.26,112.65,12736,0
2026-06-09T12:45:00+05:30,112.7,112.8,112.25,112.42,6738,0
2026-06-09T13:00:00+05:30,112.42,112.42,112.01,112.3,4563,0
2026-06-09T13:15:00+05:30,112.3,112.42,112.0,112.0,8811,0
2026-06-09T13:30:00+05:30,112.02,112.31,111.9,112.2,4415,0
2026-06-09T13:45:00+05:30,112.2,112.2,111.95,112.04,3750,0
2026-06-09T14:00:00+05:30,112.09,112.1,111.97,112.0,2374,0
2026-06-09T14:15:00+05:30,112.0,112.57,112.0,112.35,5390,0
2026-06-09T14:30:00+05:30,112.35,112.67,112.08,112.54,5767,0
2026-06-09T14:45:00+05:30,112.54,113.14,112.44,113.08,13349,0
2026-06-09T15:00:00+05:30,113.0,113.71,112.61,113.65,48193,0
2026-06-09T15:15:00+05:30,113.58,113.9,112.55,113.8,57542,0
2026-06-10T09:15:00+05:30,113.2,114.45,112.46,113.44,40876,0
2026-06-10T09:30:00+05:30,113.23,113.48,112.36,112.86,18561,0
2026-06-10T09:45:00+05:30,112.85,113.18,112.58,112.8,14771,0
2026-06-10T10:00:00+05:30,112.8,112.87,112.31,112.31,11796,0
2026-06-10T10:15:00+05:30,112.25,112.59,112.13,112.3,2652,0
2026-06-10T10:30:00+05:30,112.31,114.2,112.26,113.51,73889,0
2026-06-10T10:45:00+05:30,113.51,113.51,112.78,112.9,18462,0
2026-06-10T11:00:00+05:30,112.79,114.3,112.74,112.98,34984,0
2026-06-10T11:15:00+05:30,112.98,113.23,112.47,113.23,13818,0
2026-06-10T11:30:00+05:30,113.22,113.25,112.59,112.66,5671,0
2026-06-10T11:45:00+05:30,112.75,113.25,112.61,112.89,7005,0
2026-06-10T12:00:00+05:30,112.89,112.99,112.3,112.3,4254,0
2026-06-10T12:15:00+05:30,112.48,112.6,112.1,112.17,9715,0
2026-06-10T12:30:00+05:30,112.17,112.3,111.93,112.0,5565,0
2026-06-10T12:45:00+05:30,112.0,112.24,111.71,112.24,6847,0
2026-06-10T13:00:00+05:30,112.24,112.51,112.09,112.32,2887,0
2026-06-10T13:15:00+05:30,112.3,112.3,111.84,111.99,4203,0
2026-06-10T13:30:00+05:30,112.16,112.19,111.71,111.94,5176,0
2026-06-10T13:45:00+05:30,111.94,111.94,111.5,111.61,4641,0
2026-06-10T14:00:00+05:30,111.61,111.61,111.25,111.25,11160,0
2026-06-10T14:15:00+05:30,111.25,111.7,111.17,111.5,7571,0
2026-06-10T14:30:00+05:30,111.44,111.47,110.7,110.81,12708,0
2026-06-10T14:45:00+05:30,110.93,111.0,110.81,110.91,6638,0
2026-06-10T15:00:00+05:30,110.95,111.87,110.5,111.41,47422,0
2026-06-10T15:15:00+05:30,111.26,111.5,110.5,110.53,32028,0
2026-06-11T09:15:00+05:30,110.7,111.9,108.54,109.69,61409,0
2026-06-11T09:30:00+05:30,109.68,109.68,109.03,109.36,12541,0
2026-06-11T09:45:00+05:30,109.36,109.57,108.5,108.71,19485,0
2026-06-11T10:00:00+05:30,108.71,109.31,108.43,109.15,9310,0
2026-06-11T10:15:00+05:30,109.19,109.64,109.13,109.5,6331,0
2026-06-11T10:30:00+05:30,109.5,109.68,109.17,109.31,3694,0
2026-06-11T10:45:00+05:30,109.3,109.4,108.75,108.87,4182,0
2026-06-11T11:00:00+05:30,108.87,108.92,108.6,108.6,2697,0
2026-06-11T11:15:00+05:30,108.6,109.25,108.5,109.2,5125,0
2026-06-11T11:30:00+05:30,109.26,109.26,108.7,108.73,4287,0
2026-06-11T11:45:00+05:30,108.73,109.28,108.73,109.06,3143,0
2026-06-11T12:00:00+05:30,109.06,109.27,108.84,108.84,1812,0
2026-06-11T12:15:00+05:30,108.84,108.98,108.7,108.7,4703,0
2026-06-11T12:30:00+05:30,108.7,109.06,108.7,108.7,5978,0
2026-06-11T12:45:00+05:30,108.7,108.7,108.4,108.64,10402,0
2026-06-11T13:00:00+05:30,108.64,108.65,108.1,108.1,6781,0
2026-06-11T13:15:00+05:30,108.16,108.23,107.68,107.91,15854,0
2026-06-11T13:30:00+05:30,107.91,108.14,107.6,107.6,3417,0
2026-06-11T13:45:00+05:30,107.65,107.82,107.5,107.77,3271,0
2026-06-11T14:00:00+05:30,107.77,107.98,107.71,107.85,1880,0
2026-06-11T14:15:00+05:30,107.73,108.6,107.68,108.6,11892,0
2026-06-11T14:30:00+05:30,108.57,108.88,108.12,108.12,6960,0
2026-06-11T14:45:00+05:30,108.27,108.27,107.51,107.82,10012,0
2026-06-11T15:00:00+05:30,107.85,108.49,107.5,108.21,25754,0
2026-06-11T15:15:00+05:30,108.24,108.71,107.88,108.35,37710,0
2026-06-12T09:15:00+05:30,109.5,112.04,109.5,110.6,62098,0
2026-06-12T09:30:00+05:30,110.63,111.22,110.33,110.81,12975,0
2026-06-12T09:45:00+05:30,110.85,111.09,110.52,110.65,20865,0
2026-06-12T10:00:00+05:30,110.7,110.97,110.3,110.97,8484,0
2026-06-12T10:15:00+05:30,110.97,111.34,110.92,111.05,20870,0
2026-06-12T10:30:00+05:30,111.1,111.17,110.71,110.84,4464,0
2026-06-12T10:45:00+05:30,110.84,110.89,110.31,110.89,6110,0
2026-06-12T11:00:00+05:30,110.8,111.0,110.63,110.86,3338,0
2026-06-12T11:15:00+05:30,110.89,111.26,110.88,111.26,7175,0
2026-06-12T11:30:00+05:30,111.21,112.65,111.21,112.59,50685,0
2026-06-12T11:45:00+05:30,112.64,113.4,112.26,113.3,74733,0
2026-06-12T12:00:00+05:30,113.3,113.58,112.32,112.32,34021,0
2026-06-12T12:15:00+05:30,112.32,112.8,112.2,112.8,6133,0
2026-06-12T12:30:00+05:30,112.8,112.9,112.49,112.55,7859,0
2026-06-12T12:45:00+05:30,112.55,112.55,111.86,112.0,15729,0
2026-06-12T13:00:00+05:30,111.99,111.99,109.9,110.89,121376,0
2026-06-12T13:15:00+05:30,110.89,111.3,110.88,111.25,11125,0
2026-06-12T13:30:00+05:30,111.26,112.07,111.26,112.07,18373,0
2026-06-12T13:45:00+05:30,112.08,112.48,111.98,112.48,18535,0
2026-06-12T14:00:00+05:30,112.39,112.48,112.2,112.33,7331,0
2026-06-12T14:15:00+05:30,112.35,112.55,112.27,112.31,13244,0
2026-06-12T14:30:00+05:30,112.31,112.45,112.13,112.45,8668,0
2026-06-12T14:45:00+05:30,112.45,112.5,112.2,112.4,18941,0
2026-06-12T15:00:00+05:30,112.4,112.8,112.3,112.4,18140,0
2026-06-12T15:15:00+05:30,112.41,113.01,112.2,112.4,73232,0
2026-06-15T09:15:00+05:30,114.5,116.5,114.5,116.19,131174,0
2026-06-15T09:30:00+05:30,116.2,116.45,115.84,116.31,32268,0
2026-06-15T09:45:00+05:30,116.4,116.47,115.5,115.5,19396,0
2026-06-15T10:00:00+05:30,115.52,116.29,115.52,115.82,10789,0
2026-06-15T10:15:00+05:30,115.99,116.03,115.16,115.74,35323,0
2026-06-15T10:30:00+05:30,115.89,116.04,115.49,115.67,9751,0
2026-06-15T10:45:00+05:30,115.62,115.96,115.42,115.76,7360,0
2026-06-15T11:00:00+05:30,115.78,115.87,115.56,115.87,3663,0
2026-06-15T11:15:00+05:30,115.7,116.1,115.5,116.1,11862,0
2026-06-15T11:30:00+05:30,115.71,115.87,115.55,115.84,4779,0
2026-06-15T11:45:00+05:30,115.84,115.9,115.55,115.86,5811,0
2026-06-15T12:00:00+05:30,115.86,115.94,115.16,115.6,11248,0
2026-06-15T12:15:00+05:30,115.64,115.75,115.03,115.06,8196,0
2026-06-15T12:30:00+05:30,115.06,115.54,115.02,115.54,5254,0
2026-06-15T12:45:00+05:30,115.54,115.54,115.25,115.47,2259,0
2026-06-15T13:00:00+05:30,115.3,115.48,115.13,115.38,4624,0
2026-06-15T13:15:00+05:30,115.48,115.5,115.26,115.32,2070,0
2026-06-15T13:30:00+05:30,115.32,115.36,114.94,115.06,9489,0
2026-06-15T13:45:00+05:30,115.06,115.16,114.9,115.16,6657,0
2026-06-15T14:00:00+05:30,115.06,115.17,114.91,114.95,6389,0
2026-06-15T14:15:00+05:30,114.95,115.05,113.86,113.9,60089,0
2026-06-15T14:30:00+05:30,113.94,114.18,113.61,113.75,32660,0
2026-06-15T14:45:00+05:30,113.75,113.84,113.41,113.41,11401,0
2026-06-15T15:00:00+05:30,113.57,113.6,113.03,113.19,24539,0
2026-06-15T15:15:00+05:30,113.13,113.75,112.73,113.75,48287,0
2026-06-16T09:15:00+05:30,113.6,114.92,113.5,114.81,37873,0
2026-06-16T09:30:00+05:30,114.85,116.21,114.74,115.95,57352,0
2026-06-16T09:45:00+05:30,115.82,117.9,115.35,116.6,152043,0
2026-06-16T10:00:00+05:30,116.6,116.8,116.19,116.19,44857,0
2026-06-16T10:15:00+05:30,116.18,116.67,116.16,116.26,18948,0
2026-06-16T10:30:00+05:30,116.26,116.6,115.9,116.54,25073,0
2026-06-16T10:45:00+05:30,116.52,118.19,116.5,116.59,104393,0
2026-06-16T11:00:00+05:30,116.59,120.7,116.25,120.24,248916,0
2026-06-16T11:15:00+05:30,120.16,121.6,118.53,119.17,606470,0
2026-06-16T11:30:00+05:30,119.26,119.3,117.3,117.41,95975,0
2026-06-16T11:45:00+05:30,117.47,117.89,116.8,117.2,76302,0
2026-06-16T12:00:00+05:30,117.19,117.25,116.06,117.1,110242,0
2026-06-16T12:15:00+05:30,117.09,117.28,116.15,117.2,51828,0
2026-06-16T12:30:00+05:30,117.15,117.23,115.9,116.27,47063,0
2026-06-16T12:45:00+05:30,116.23,116.99,115.9,116.5,39913,0
2026-06-16T13:00:00+05:30,116.47,118.65,116.22,118.65,217508,0
2026-06-16T13:15:00+05:30,118.5,120.4,118.42,119.31,275900,0
2026-06-16T13:30:00+05:30,119.31,120.7,119.3,119.6,169985,0
2026-06-16T13:45:00+05:30,119.68,119.77,119.3,119.3,94925,0
2026-06-16T14:00:00+05:30,119.3,119.81,119.12,119.24,46242,0
2026-06-16T14:15:00+05:30,119.28,120.0,119.05,119.53,94988,0
2026-06-16T14:30:00+05:30,119.52,119.85,119.1,119.36,59000,0
2026-06-16T14:45:00+05:30,119.36,119.45,119.1,119.4,17322,0
2026-06-16T15:00:00+05:30,119.4,119.41,119.1,119.1,45643,0
2026-06-16T15:15:00+05:30,119.19,119.6,119.01,119.2,148234,0
2026-06-17T09:15:00+05:30,120.0,120.49,118.07,119.3,144804,0
2026-06-17T09:30:00+05:30,119.3,122.5,118.8,121.8,302697,0
2026-06-17T09:45:00+05:30,121.81,123.3,121.23,122.56,304075,0
2026-06-17T10:00:00+05:30,122.48,123.0,121.55,122.5,77002,0
2026-06-17T10:15:00+05:30,122.49,122.75,120.47,120.75,93211,0
2026-06-17T10:30:00+05:30,120.7,121.05,120.65,120.8,15946,0
2026-06-17T10:45:00+05:30,120.79,121.8,120.5,120.87,55285,0
2026-06-17T11:00:00+05:30,120.87,121.08,120.75,120.86,15621,0
2026-06-17T11:15:00+05:30,120.88,121.26,120.81,121.03,9620,0
2026-06-17T11:30:00+05:30,121.03,121.16,120.47,120.57,22270,0
2026-06-17T11:45:00+05:30,120.6,120.88,120.4,120.78,12951,0
2026-06-17T12:00:00+05:30,120.66,121.22,120.4,120.93,20003,0
2026-06-17T12:15:00+05:30,121.1,121.5,120.71,121.33,14596,0
2026-06-17T12:30:00+05:30,121.35,122.5,121.23,122.02,47096,0
2026-06-17T12:45:00+05:30,121.97,122.15,121.32,121.8,16799,0
2026-06-17T13:00:00+05:30,121.8,121.8,121.51,121.65,14595,0
2026-06-17T13:15:00+05:30,121.6,121.76,121.41,121.75,8075,0
2026-06-17T13:30:00+05:30,121.75,121.75,121.4,121.45,5510,0
2026-06-17T13:45:00+05:30,121.45,121.7,121.08,121.35,16602,0
2026-06-17T14:00:00+05:30,121.21,122.79,120.97,121.6,66078,0
2026-06-17T14:15:00+05:30,121.6,121.86,121.43,121.43,14499,0
2026-06-17T14:30:00+05:30,121.41,121.55,121.22,121.35,8050,0
2026-06-17T14:45:00+05:30,121.34,121.5,120.9,121.41,17777,0
2026-06-17T15:00:00+05:30,121.4,121.79,121.08,121.19,43370,0
2026-06-17T15:15:00+05:30,121.2,121.2,120.2,120.45,98721,0
2026-06-18T09:15:00+05:30,120.45,121.7,120.21,121.29,76883,0
2026-06-18T09:30:00+05:30,121.29,121.7,120.2,121.02,39521,0
2026-06-18T09:45:00+05:30,121.02,122.32,120.52,121.77,53308,0
2026-06-18T10:00:00+05:30,121.75,124.5,121.51,123.33,216705,0
2026-06-18T10:15:00+05:30,123.33,123.48,122.26,122.26,64378,0
2026-06-18T10:30:00+05:30,122.26,122.8,121.73,122.26,48089,0
2026-06-18T10:45:00+05:30,122.36,122.69,122.25,122.3,15530,0
2026-06-18T11:00:00+05:30,122.4,122.88,121.5,121.6,30456,0
2026-06-18T11:15:00+05:30,121.6,121.74,121.11,121.64,18805,0
2026-06-18T11:30:00+05:30,121.64,121.7,120.39,120.85,120129,0
2026-06-18T11:45:00+05:30,120.83,121.44,120.83,121.44,25851,0
2026-06-18T12:00:00+05:30,121.44,123.23,121.44,121.84,47801,0
2026-06-18T12:15:00+05:30,121.85,122.16,121.85,122.02,8735,0
2026-06-18T12:30:00+05:30,122.09,122.3,121.9,121.99,10842,0
2026-06-18T12:45:00+05:30,121.99,122.1,121.9,122.04,3627,0
2026-06-18T13:00:00+05:30,122.0,122.0,121.43,121.7,6253,0
2026-06-18T13:15:00+05:30,121.85,121.85,121.52,121.52,3905,0
2026-06-18T13:30:00+05:30,121.52,121.9,121.52,121.86,7031,0
2026-06-18T13:45:00+05:30,121.86,121.86,121.01,121.34,8695,0
2026-06-18T14:00:00+05:30,121.46,121.69,121.02,121.14,7512,0
2026-06-18T14:15:00+05:30,121.14,121.47,120.74,121.35,21502,0
2026-06-18T14:30:00+05:30,121.25,121.52,121.06,121.37,5318,0
2026-06-18T14:45:00+05:30,121.38,121.62,120.92,121.18,9356,0
2026-06-18T15:00:00+05:30,121.21,121.8,121.21,121.7,49463,0
2026-06-18T15:15:00+05:30,121.76,121.76,120.1,120.8,116309,0
2026-06-19T09:15:00+05:30,119.6,122.7,119.6,120.43,87896,0
2026-06-19T09:30:00+05:30,120.43,121.37,120.35,121.37,28795,0
2026-06-19T09:45:00+05:30,121.38,122.5,120.51,121.94,73897,0
2026-06-19T10:00:00+05:30,121.8,122.99,121.64,122.63,106117,0
2026-06-19T10:15:00+05:30,122.73,122.99,122.27,122.67,39922,0
2026-06-19T10:30:00+05:30,122.66,125.35,122.38,123.18,198362,0
2026-06-19T10:45:00+05:30,123.26,123.86,122.35,122.8,45963,0
2026-06-19T11:00:00+05:30,122.8,122.8,121.9,122.3,38285,0
2026-06-19T11:15:00+05:30,122.18,122.25,121.7,121.93,25697,0
2026-06-19T11:30:00+05:30,121.93,122.18,121.78,121.9,7366,0
2026-06-19T11:45:00+05:30,121.81,121.81,119.4,121.21,119018,0
2026-06-19T12:00:00+05:30,121.33,121.42,121.19,121.24,6058,0
2026-06-19T12:15:00+05:30,121.28,121.61,121.21,121.61,11524,0
2026-06-19T12:30:00+05:30,121.45,121.56,120.92,121.0,15998,0
2026-06-19T12:45:00+05:30,121.0,121.36,120.91,120.91,6186,0
2026-06-19T13:00:00+05:30,120.91,120.91,120.3,120.53,30819,0
2026-06-19T13:15:00+05:30,120.64,120.87,120.54,120.85,5931,0
2026-06-19T13:30:00+05:30,120.85,121.49,120.78,121.25,20332,0
2026-06-19T13:45:00+05:30,121.39,121.56,121.12,121.38,6224,0
2026-06-19T14:00:00+05:30,121.36,121.4,121.2,121.35,5026,0
2026-06-19T14:15:00+05:30,121.35,121.43,120.8,121.07,12218,0
2026-06-19T14:30:00+05:30,121.07,121.43,120.82,121.05,7195,0
2026-06-19T14:45:00+05:30,121.05,121.49,120.5,120.57,27648,0
2026-06-19T15:00:00+05:30,120.54,121.4,120.44,121.18,78970,0
2026-06-19T15:15:00+05:30,121.17,121.8,121.01,121.8,91256,0
2026-06-22T09:15:00+05:30,121.49,123.7,121.49,122.46,63397,0
2026-06-22T09:30:00+05:30,122.46,124.09,122.43,123.29,95114,0
2026-06-22T09:45:00+05:30,123.29,123.56,122.5,123.35,42610,0
2026-06-22T10:00:00+05:30,123.35,123.4,122.86,123.03,22844,0
2026-06-22T10:15:00+05:30,123.02,123.16,122.5,122.76,16301,0
2026-06-22T10:30:00+05:30,122.63,122.83,122.3,122.78,30672,0
2026-06-22T10:45:00+05:30,122.78,122.89,122.33,122.61,16034,0
2026-06-22T11:00:00+05:30,122.45,122.63,122.1,122.23,9643,0
2026-06-22T11:15:00+05:30,122.21,122.37,122.19,122.2,3430,0
2026-06-22T11:30:00+05:30,122.2,122.67,122.2,122.27,8461,0
2026-06-22T11:45:00+05:30,122.38,122.63,122.03,122.1,20152,0
2026-06-22T12:00:00+05:30,122.25,122.34,122.08,122.15,4670,0
2026-06-22T12:15:00+05:30,122.28,122.29,122.12,122.29,3736,0
2026-06-22T12:30:00+05:30,122.29,122.29,121.35,121.77,75540,0
2026-06-22T12:45:00+05:30,121.77,121.97,121.6,121.61,5761,0
2026-06-22T13:00:00+05:30,121.62,121.79,121.4,121.5,6924,0
2026-06-22T13:15:00+05:30,121.57,121.75,121.41,121.46,4549,0
2026-06-22T13:30:00+05:30,121.46,121.67,121.25,121.44,9601,0
2026-06-22T13:45:00+05:30,121.25,121.67,121.2,121.67,4932,0
2026-06-22T14:00:00+05:30,121.5,121.68,121.31,121.31,3305,0
2026-06-22T14:15:00+05:30,121.36,121.64,121.27,121.46,9829,0
2026-06-22T14:30:00+05:30,121.47,121.55,121.27,121.3,9668,0
2026-06-22T14:45:00+05:30,121.46,121.46,121.32,121.32,9757,0
2026-06-22T15:00:00+05:30,121.32,121.71,121.2,121.61,28357,0
2026-06-22T15:15:00+05:30,121.43,122.0,121.15,121.56,47879,0
2026-06-23T09:15:00+05:30,120.7,122.44,120.7,121.48,52327,0
2026-06-23T09:30:00+05:30,121.32,122.18,121.32,121.78,43655,0
2026-06-23T09:45:00+05:30,121.78,122.27,121.6,121.89,14694,0
2026-06-23T10:00:00+05:30,121.96,123.44,121.7,122.5,51924,0
2026-06-23T10:15:00+05:30,122.49,122.5,121.66,121.77,10469,0
2026-06-23T10:30:00+05:30,121.75,121.78,121.11,121.5,16297,0
2026-06-23T10:45:00+05:30,121.5,121.69,121.5,121.57,3904,0
2026-06-23T11:00:00+05:30,121.39,121.75,121.1,121.45,11477,0
2026-06-23T11:15:00+05:30,121.42,121.5,121.0,121.2,7555,0
2026-06-23T11:30:00+05:30,121.16,121.73,120.69,120.69,53806,0
2026-06-23T11:45:00+05:30,120.69,120.73,119.71,120.03,34446,0
2026-06-23T12:00:00+05:30,120.02,120.17,119.02,119.55,48465,0
2026-06-23T12:15:00+05:30,119.49,119.9,119.34,119.65,8044,0
2026-06-23T12:30:00+05:30,119.81,120.1,119.32,119.62,13716,0
2026-06-23T12:45:00+05:30,119.71,119.81,119.26,119.4,5097,0
2026-06-23T13:00:00+05:30,119.26,119.76,119.17,119.49,3116,0
2026-06-23T13:15:00+05:30,119.38,119.4,119.11,119.28,3342,0
2026-06-23T13:30:00+05:30,119.12,119.99,119.05,119.96,20639,0
2026-06-23T13:45:00+05:30,119.99,120.0,119.47,119.61,5159,0
2026-06-23T14:00:00+05:30,119.69,120.48,119.69,120.48,6795,0
2026-06-23T14:15:00+05:30,120.41,120.78,120.1,120.1,30193,0
2026-06-23T14:30:00+05:30,120.05,120.1,119.75,120.0,24263,0
2026-06-23T14:45:00+05:30,120.0,120.0,119.8,119.95,7982,0
2026-06-23T15:00:00+05:30,119.92,120.0,119.45,119.66,32199,0
2026-06-23T15:15:00+05:30,119.54,119.79,119.05,119.67,50127,0
2026-06-24T09:15:00+05:30,119.57,119.95,118.67,119.05,41782,0
2026-06-24T09:30:00+05:30,119.05,119.3,118.26,118.4,20593,0
2026-06-24T09:45:00+05:30,118.41,118.45,117.21,117.81,29684,0
2026-06-24T10:00:00+05:30,117.86,118.69,117.8,118.6,15119,0
2026-06-24T10:15:00+05:30,118.6,118.69,117.91,118.44,9393,0
2026-06-24T10:30:00+05:30,118.42,118.42,117.75,118.08,4573,0
2026-06-24T10:45:00+05:30,118.08,118.49,117.88,118.08,5850,0
2026-06-24T11:00:00+05:30,118.15,118.51,118.07,118.42,3443,0
2026-06-24T11:15:00+05:30,118.44,118.49,118.1,118.2,5898,0
2026-06-24T11:30:00+05:30,118.2,118.35,117.84,118.14,5381,0
2026-06-24T11:45:00+05:30,118.32,118.85,118.17,118.85,9708,0
2026-06-24T12:00:00+05:30,118.89,118.95,118.52,118.69,3098,0
2026-06-24T12:15:00+05:30,118.68,118.68,116.97,117.72,54892,0
2026-06-24T12:30:00+05:30,117.8,117.82,117.35,117.5,6959,0
2026-06-24T12:45:00+05:30,117.5,117.89,117.4,117.88,5170,0
2026-06-24T13:00:00+05:30,117.87,118.39,117.8,118.37,9565,0
2026-06-24T13:15:00+05:30,118.36,118.55,118.17,118.42,4251,0
2026-06-24T13:30:00+05:30,118.48,118.76,117.94,118.45,6077,0
2026-06-24T13:45:00+05:30,118.45,118.5,118.03,118.4,4978,0
2026-06-24T14:00:00+05:30,118.44,118.46,118.21,118.27,9001,0
2026-06-24T14:15:00+05:30,118.35,118.6,118.25,118.43,8230,0
2026-06-24T14:30:00+05:30,118.43,118.5,118.23,118.33,3826,0
2026-06-24T14:45:00+05:30,118.28,118.31,117.81,118.1,9784,0
2026-06-24T15:00:00+05:30,118.15,118.62,118.05,118.45,37748,0
2026-06-24T15:15:00+05:30,118.39,118.75,118.15,118.75,39170,0
2026-06-25T09:15:00+05:30,119.2,120.25,118.0,118.38,57810,0
2026-06-25T09:30:00+05:30,118.38,118.41,117.93,118.31,24135,0
2026-06-25T09:45:00+05:30,118.31,118.38,117.67,117.85,14281,0
2026-06-25T10:00:00+05:30,117.83,117.89,117.1,117.47,14606,0
2026-06-25T10:15:00+05:30,117.26,117.45,117.1,117.1,4231,0
2026-06-25T10:30:00+05:30,117.1,117.17,117.05,117.14,6552,0
2026-06-25T10:45:00+05:30,117.1,117.51,116.8,117.51,27332,0
2026-06-25T11:00:00+05:30,117.54,118.0,117.29,117.8,17229,0
2026-06-25T11:15:00+05:30,117.8,117.8,117.38,117.38,611,0
2026-06-25T11:30:00+05:30,117.38,117.38,117.0,117.21,5103,0
2026-06-25T11:45:00+05:30,117.37,117.37,116.81,117.29,7038,0
2026-06-25T12:00:00+05:30,117.29,117.35,117.05,117.22,5835,0
2026-06-25T12:15:00+05:30,117.3,117.3,117.0,117.0,2386,0
2026-06-25T12:30:00+05:30,117.0,117.06,116.82,117.0,3042,0
2026-06-25T12:45:00+05:30,116.98,116.98,116.8,116.96,2879,0
2026-06-25T13:00:00+05:30,116.96,117.0,116.81,116.96,1286,0
2026-06-25T13:15:00+05:30,116.96,116.96,116.71,116.73,2347,0
2026-06-25T13:30:00+05:30,116.71,116.82,116.51,116.8,2852,0
2026-06-25T13:45:00+05:30,116.8,116.99,116.5,116.73,7045,0
2026-06-25T14:00:00+05:30,116.6,116.78,116.53,116.72,1983,0
2026-06-25T14:15:00+05:30,116.72,116.72,116.21,116.45,5166,0
2026-06-25T14:30:00+05:30,116.37,116.67,116.37,116.66,2482,0
2026-06-25T14:45:00+05:30,116.6,116.84,116.37,116.65,2483,0
2026-06-25T15:00:00+05:30,116.61,117.0,116.48,116.5,29004,0
2026-06-25T15:15:00+05:30,116.5,116.56,115.1,115.89,61757,0
2026-06-29T09:15:00+05:30,116.0,116.58,114.51,114.75,35124,0
2026-06-29T09:30:00+05:30,114.7,114.99,114.14,114.92,15583,0
2026-06-29T09:45:00+05:30,114.74,114.84,114.31,114.46,10566,0
2026-06-29T10:00:00+05:30,114.46,115.23,114.31,114.8,8637,0
2026-06-29T10:15:00+05:30,114.8,115.35,114.65,115.0,9022,0
2026-06-29T10:30:00+05:30,115.06,115.13,114.71,114.94,4744,0
2026-06-29T10:45:00+05:30,114.9,115.0,114.42,114.75,7688,0
2026-06-29T11:00:00+05:30,114.55,114.75,114.25,114.25,3160,0
2026-06-29T11:15:00+05:30,114.2,114.47,113.82,113.82,12384,0
2026-06-29T11:30:00+05:30,113.89,114.0,113.71,113.71,2827,0
2026-06-29T11:45:00+05:30,113.71,113.8,113.41,113.77,8784,0
2026-06-29T12:00:00+05:30,113.76,114.06,112.8,112.8,35782,0
2026-06-29T12:15:00+05:30,112.93,114.75,112.85,114.0,61959,0
2026-06-29T12:30:00+05:30,114.0,114.27,113.51,114.0,16295,0
2026-06-29T12:45:00+05:30,114.21,114.34,113.9,114.1,2860,0
2026-06-29T13:00:00+05:30,114.07,114.75,113.92,113.92,31069,0
2026-06-29T13:15:00+05:30,113.92,114.17,113.9,113.9,2501,0
2026-06-29T13:30:00+05:30,113.9,113.98,113.66,113.67,6155,0
2026-06-29T13:45:00+05:30,113.67,113.68,113.29,113.5,7113,0
2026-06-29T14:00:00+05:30,113.52,114.2,113.51,114.08,7099,0
2026-06-29T14:15:00+05:30,114.08,114.08,113.74,113.74,1740,0
2026-06-29T14:30:00+05:30,113.75,113.98,113.25,113.98,11728,0
2026-06-29T14:45:00+05:30,113.82,114.0,113.51,113.72,10047,0
2026-06-29T15:00:00+05:30,113.61,114.88,113.5,113.5,41074,0
2026-06-29T15:15:00+05:30,113.5,114.55,113.01,114.55,66890,0
2026-06-30T09:15:00+05:30,114.43,115.0,113.67,113.96,25394,0
2026-06-30T09:30:00+05:30,113.79,113.79,113.16,113.2,17061,0
2026-06-30T09:45:00+05:30,113.15,113.59,112.71,113.19,14180,0
2026-06-30T10:00:00+05:30,113.32,113.81,113.21,113.5,10531,0
2026-06-30T10:15:00+05:30,113.57,113.64,113.07,113.46,4942,0
2026-06-30T10:30:00+05:30,113.3,113.97,113.3,113.49,12880,0
2026-06-30T10:45:00+05:30,113.54,114.4,113.44,113.72,25078,0
2026-06-30T11:00:00+05:30,113.72,114.27,113.21,114.27,7832,0
2026-06-30T11:15:00+05:30,114.11,114.4,113.54,114.17,6766,0
2026-06-30T11:30:00+05:30,114.0,114.08,113.74,114.0,3431,0
2026-06-30T11:45:00+05:30,113.84,114.39,113.55,114.21,18270,0
2026-06-30T12:00:00+05:30,114.28,114.28,113.0,113.5,23067,0
2026-06-30T12:15:00+05:30,113.5,113.84,113.4,113.75,5941,0
2026-06-30T12:30:00+05:30,113.74,113.93,113.43,113.86,8466,0
2026-06-30T12:45:00+05:30,113.97,114.06,113.6,113.77,5795,0
2026-06-30T13:00:00+05:30,113.78,114.04,113.72,113.8,3120,0
2026-06-30T13:15:00+05:30,113.81,114.03,113.8,113.8,1459,0
2026-06-30T13:30:00+05:30,113.8,113.99,113.73,113.9,2459,0
2026-06-30T13:45:00+05:30,113.99,113.99,113.73,113.85,2416,0
2026-06-30T14:00:00+05:30,113.84,113.84,113.51,113.69,4580,0
2026-06-30T14:15:00+05:30,113.69,114.2,113.4,113.91,10552,0
2026-06-30T14:30:00+05:30,113.79,114.01,113.4,113.87,8009,0
2026-06-30T14:45:00+05:30,113.87,113.92,113.51,113.92,4000,0
2026-06-30T15:00:00+05:30,113.72,114.85,113.44,114.35,48794,0
2026-06-30T15:15:00+05:30,114.4,114.5,114.25,114.25,77293,0
2026-07-01T09:15:00+05:30,114.9,115.7,114.52,115.15,53408,0
2026-07-01T09:30:00+05:30,115.15,115.25,114.5,114.7,21887,0
2026-07-01T09:45:00+05:30,114.8,114.95,114.5,114.59,6991,0
2026-07-01T10:00:00+05:30,114.72,116.0,114.5,115.98,44087,0
2026-07-01T10:15:00+05:30,115.98,116.7,115.7,115.95,58399,0
2026-07-01T10:30:00+05:30,115.95,115.95,115.25,115.25,7093,0
2026-07-01T10:45:00+05:30,115.31,115.88,115.3,115.87,6382,0
2026-07-01T11:00:00+05:30,115.85,116.3,115.53,115.65,9259,0
2026-07-01T11:15:00+05:30,115.74,116.3,115.74,115.78,5610,0
2026-07-01T11:30:00+05:30,115.9,116.09,115.61,116.09,11730,0
2026-07-01T11:45:00+05:30,115.96,116.2,115.61,115.85,4488,0
2026-07-01T12:00:00+05:30,115.86,116.0,115.62,115.81,12321,0
2026-07-01T12:15:00+05:30,115.81,115.81,114.21,115.0,36861,0
2026-07-01T12:30:00+05:30,114.9,115.07,114.8,114.8,3704,0
2026-07-01T12:45:00+05:30,114.8,114.8,114.46,114.69,5639,0
2026-07-01T13:00:00+05:30,114.69,114.7,114.44,114.67,3631,0
2026-07-01T13:15:00+05:30,114.67,115.0,114.53,114.74,1652,0
2026-07-01T13:30:00+05:30,114.77,114.97,114.25,114.41,6664,0
2026-07-01T13:45:00+05:30,114.41,114.73,114.41,114.46,5091,0
2026-07-01T14:00:00+05:30,114.46,114.5,114.22,114.4,6801,0
2026-07-01T14:15:00+05:30,114.4,114.4,114.22,114.27,4222,0
2026-07-01T14:30:00+05:30,114.27,114.41,113.61,114.02,38911,0
2026-07-01T14:45:00+05:30,114.02,114.19,113.83,114.19,10640,0
2026-07-01T15:00:00+05:30,114.2,114.87,114.19,114.61,22364,0
2026-07-01T15:15:00+05:30,114.52,114.65,114.4,114.5,31911,0
2026-07-02T09:15:00+05:30,114.61,116.29,114.61,116.18,52885,0
2026-07-02T09:30:00+05:30,115.92,116.16,115.51,116.03,22372,0
2026-07-02T09:45:00+05:30,115.8,116.18,115.6,116.1,13032,0
2026-07-02T10:00:00+05:30,116.16,117.36,115.82,116.98,90275,0
2026-07-02T10:15:00+05:30,116.92,117.34,116.6,117.0,23042,0
2026-07-02T10:30:00+05:30,117.0,117.0,116.09,116.66,21825,0
2026-07-02T10:45:00+05:30,116.68,116.68,116.35,116.66,6496,0
2026-07-02T11:00:00+05:30,116.52,116.66,115.5,115.6,21442,0
2026-07-02T11:15:00+05:30,115.61,116.03,115.06,115.98,25439,0
2026-07-02T11:30:00+05:30,116.0,116.0,115.55,115.7,7409,0
2026-07-02T11:45:00+05:30,115.74,115.8,115.56,115.76,4054,0
2026-07-02T12:00:00+05:30,115.65,115.92,115.6,115.73,5087,0
2026-07-02T12:15:00+05:30,115.73,116.02,115.73,116.02,2626,0
2026-07-02T12:30:00+05:30,116.02,116.02,115.86,115.95,624,0
2026-07-02T12:45:00+05:30,115.96,115.97,115.36,115.36,9675,0
2026-07-02T13:00:00+05:30,115.38,115.41,115.04,115.2,12453,0
2026-07-02T13:15:00+05:30,115.22,115.38,115.15,115.15,4927,0
2026-07-02T13:30:00+05:30,115.24,115.34,115.1,115.34,2750,0
2026-07-02T13:45:00+05:30,115.34,115.36,115.15,115.2,2789,0
2026-07-02T14:00:00+05:30,115.2,115.36,115.2,115.32,2895,0
2026-07-02T14:15:00+05:30,115.32,115.52,115.1,115.25,7941,0
2026-07-02T14:30:00+05:30,115.37,115.4,115.17,115.32,5005,0
2026-07-02T14:45:00+05:30,115.17,115.4,115.01,115.4,10549,0
2026-07-02T15:00:00+05:30,115.4,115.71,115.38,115.6,18701,0
2026-07-02T15:15:00+05:30,115.56,115.91,115.41,115.87,31675,0
2026-07-03T09:15:00+05:30,116.39,118.0,116.38,116.72,88181,0
2026-07-03T09:30:00+05:30,116.72,117.0,116.4,116.42,21856,0
2026-07-03T09:45:00+05:30,116.4,116.79,116.04,116.23,20274,0
2026-07-03T10:00:00+05:30,116.39,116.7,116.28,116.54,5087,0
2026-07-03T10:15:00+05:30,116.37,116.76,116.32,116.5,6196,0
2026-07-03T10:30:00+05:30,116.61,116.68,116.5,116.68,1092,0
2026-07-03T10:45:00+05:30,116.63,117.08,116.53,116.75,17593,0
2026-07-03T11:00:00+05:30,116.82,116.88,116.23,116.23,6018,0
2026-07-03T11:15:00+05:30,116.33,116.61,116.25,116.34,5843,0
2026-07-03T11:30:00+05:30,116.34,116.34,115.99,115.99,8984,0
2026-07-03T11:45:00+05:30,115.99,116.29,115.8,116.11,3603,0
2026-07-03T12:00:00+05:30,116.18,116.48,116.18,116.32,2037,0
2026-07-03T12:15:00+05:30,116.32,116.48,116.2,116.26,4163,0
2026-07-03T12:30:00+05:30,116.44,116.56,116.16,116.16,4166,0
2026-07-03T12:45:00+05:30,116.16,116.16,115.92,116.04,5753,0
2026-07-03T13:00:00+05:30,116.0,116.24,115.47,115.8,16377,0
2026-07-03T13:15:00+05:30,115.83,115.95,115.8,115.85,1001,0
2026-07-03T13:30:00+05:30,115.85,115.9,115.75,115.79,608,0
2026-07-03T13:45:00+05:30,115.79,116.3,115.79,115.88,8516,0
2026-07-03T14:00:00+05:30,115.88,116.25,115.88,116.25,2318,0
2026-07-03T14:15:00+05:30,116.23,116.33,116.12,116.13,3899,0
2026-07-03T14:30:00+05:30,116.19,116.19,116.0,116.0,4663,0
2026-07-03T14:45:00+05:30,116.15,116.38,116.1,116.1,4619,0
2026-07-03T15:00:00+05:30,116.1,116.96,116.1,116.74,14339,0
2026-07-03T15:15:00+05:30,116.74,116.75,116.4,116.45,31298,0
2026-07-06T09:15:00+05:30,116.5,116.9,115.2,115.2,28628,0
2026-07-06T09:30:00+05:30,115.2,116.14,115.2,115.84,20779,0
2026-07-06T09:45:00+05:30,115.84,116.0,115.64,115.85,6004,0
2026-07-06T10:00:00+05:30,115.94,116.0,115.5,115.55,21669,0
2026-07-06T10:15:00+05:30,115.48,115.74,115.4,115.55,6537,0
2026-07-06T10:30:00+05:30,115.55,115.55,115.2,115.21,2441,0
2026-07-06T10:45:00+05:30,115.21,115.21,114.6,114.6,14228,0
2026-07-06T11:00:00+05:30,114.6,114.89,113.44,113.61,45139,0
2026-07-06T11:15:00+05:30,113.64,114.02,113.55,114.02,6074,0
2026-07-06T11:30:00+05:30,113.97,114.14,113.91,114.05,4913,0
2026-07-06T11:45:00+05:30,114.05,114.29,113.98,114.0,6829,0
2026-07-06T12:00:00+05:30,113.99,114.0,113.95,114.0,3671,0
2026-07-06T12:15:00+05:30,114.0,114.0,113.9,113.9,3788,0
2026-07-06T12:30:00+05:30,113.89,113.97,113.61,113.61,3689,0
2026-07-06T12:45:00+05:30,113.61,114.0,113.61,113.88,6365,0
2026-07-06T13:00:00+05:30,113.85,113.85,113.52,113.62,8025,0
2026-07-06T13:15:00+05:30,113.62,113.92,113.62,113.9,3003,0
2026-07-06T13:30:00+05:30,113.9,113.99,113.9,113.9,6428,0
2026-07-06T13:45:00+05:30,113.96,113.96,113.9,113.94,3676,0
2026-07-06T14:00:00+05:30,113.9,114.0,113.9,113.94,2897,0
2026-07-06T14:15:00+05:30,113.9,113.94,113.9,113.9,1626,0
2026-07-06T14:30:00+05:30,113.94,114.0,113.9,114.0,3353,0
2026-07-06T14:45:00+05:30,114.0,114.0,113.9,113.9,8041,0
2026-07-06T15:00:00+05:30,113.94,114.0,113.7,113.7,42069,0
2026-07-06T15:15:00+05:30,113.62,113.75,113.5,113.75,30127,0
2026-07-07T09:15:00+05:30,114.01,114.09,112.6,112.91,39662,0
2026-07-07T09:30:00+05:30,112.89,113.22,112.6,112.75,17936,0
2026-07-07T09:45:00+05:30,112.75,112.94,112.25,112.56,13568,0
2026-07-07T10:00:00+05:30,112.62,112.77,112.51,112.6,10350,0
2026-07-07T10:15:00+05:30,112.55,112.58,112.34,112.35,4811,0
2026-07-07T10:30:00+05:30,112.37,112.69,112.02,112.38,11505,0
2026-07-07T10:45:00+05:30,112.35,112.49,112.05,112.05,5880,0
2026-07-07T11:00:00+05:30,112.05,112.05,111.52,111.8,39272,0
2026-07-07T11:15:00+05:30,111.74,111.83,111.6,111.79,3594,0
2026-07-07T11:30:00+05:30,111.86,112.04,111.73,112.0,4519,0
2026-07-07T11:45:00+05:30,111.92,112.19,111.86,111.95,6444,0
2026-07-07T12:00:00+05:30,111.95,112.15,111.93,112.0,3077,0
2026-07-07T12:15:00+05:30,112.0,112.1,111.75,112.03,5694,0
2026-07-07T12:30:00+05:30,112.03,112.03,111.78,111.8,2417,0
2026-07-07T12:45:00+05:30,111.8,111.85,111.65,111.7,4663,0
2026-07-07T13:00:00+05:30,111.7,111.85,111.55,111.58,9685,0
2026-07-07T13:15:00+05:30,111.59,111.67,111.16,111.5,9866,0
2026-07-07T13:30:00+05:30,111.5,111.5,111.4,111.4,5909,0
2026-07-07T13:45:00+05:30,111.4,111.83,111.4,111.69,3971,0
2026-07-07T14:00:00+05:30,111.72,112.02,111.72,111.85,4352,0
2026-07-07T14:15:00+05:30,111.85,111.91,111.75,111.91,1016,0
2026-07-07T14:30:00+05:30,111.85,111.99,111.5,111.57,11895,0
2026-07-07T14:45:00+05:30,111.73,111.73,111.46,111.51,2791,0
2026-07-07T15:00:00+05:30,111.64,111.64,111.29,111.55,14510,0
2026-07-07T15:15:00+05:30,111.57,112.0,111.55,111.65,43872,0
2026-07-08T09:15:00+05:30,111.68,111.86,109.82,109.88,42217,0
2026-07-08T09:30:00+05:30,109.92,110.19,109.51,109.79,23937,0
2026-07-08T09:45:00+05:30,109.85,110.28,109.51,110.11,24142,0
2026-07-08T10:00:00+05:30,110.1,111.0,110.1,110.69,16745,0
2026-07-08T10:15:00+05:30,110.69,110.9,110.1,110.34,12917,0
2026-07-08T10:30:00+05:30,110.32,110.8,110.28,110.74,4490,0
2026-07-08T10:45:00+05:30,110.79,111.29,110.74,111.09,7522,0
2026-07-08T11:00:00+05:30,110.91,111.09,110.72,111.08,4684,0
2026-07-08T11:15:00+05:30,110.99,111.4,110.88,111.36,8308,0
2026-07-08T11:30:00+05:30,111.44,111.48,111.09,111.42,6832,0
2026-07-08T11:45:00+05:30,111.42,111.42,111.07,111.3,3653,0
2026-07-08T12:00:00+05:30,111.32,111.36,111.14,111.14,1853,0
2026-07-08T12:15:00+05:30,111.18,111.27,110.89,110.89,1756,0
2026-07-08T12:30:00+05:30,110.89,111.3,110.83,111.2,6013,0
2026-07-08T12:45:00+05:30,111.07,111.47,111.06,111.33,7914,0
2026-07-08T13:00:00+05:30,111.33,111.6,111.33,111.41,3576,0
2026-07-08T13:15:00+05:30,111.41,111.55,111.18,111.23,8382,0
2026-07-08T13:30:00+05:30,111.22,112.5,110.92,111.63,34229,0
2026-07-08T13:45:00+05:30,111.64,111.83,109.8,109.84,16542,0
2026-07-08T14:00:00+05:30,109.85,109.85,108.31,108.58,45702,0
2026-07-08T14:15:00+05:30,108.39,109.02,108.0,108.15,32639,0
2026-07-08T14:30:00+05:30,108.15,108.3,107.1,107.84,50412,0
2026-07-08T14:45:00+05:30,107.79,107.89,107.07,107.1,16630,0
2026-07-08T15:00:00+05:30,107.22,107.87,107.1,107.6,31688,0
2026-07-08T15:15:00+05:30,107.53,108.49,107.53,108.0,46082,0
2026-07-09T09:15:00+05:30,108.75,109.5,108.22,109.18,42651,0
2026-07-09T09:30:00+05:30,109.17,109.8,109.11,109.65,20028,0
2026-07-09T09:45:00+05:30,109.65,110.22,109.53,109.99,17687,0
2026-07-09T10:00:00+05:30,109.99,110.3,109.67,109.8,10428,0
2026-07-09T10:15:00+05:30,109.8,109.87,109.1,109.1,16558,0
2026-07-09T10:30:00+05:30,109.08,109.7,109.0,109.45,6261,0
2026-07-09T10:45:00+05:30,109.59,109.6,109.03,109.03,6458,0
2026-07-09T11:00:00+05:30,109.03,109.03,108.66,108.79,8718,0
2026-07-09T11:15:00+05:30,108.81,109.2,108.35,108.84,18789,0
2026-07-09T11:30:00+05:30,108.82,108.94,108.4,108.46,7243,0
2026-07-09T11:45:00+05:30,108.62,108.71,108.5,108.59,3269,0
2026-07-09T12:00:00+05:30,108.59,109.0,108.59,108.98,2483,0
2026-07-09T12:15:00+05:30,108.97,109.29,108.81,108.82,14367,0
2026-07-09T12:30:00+05:30,108.83,109.2,108.8,108.89,14591,0
2026-07-09T12:45:00+05:30,108.83,109.16,108.83,109.03,2936,0
2026-07-09T13:00:00+05:30,109.03,109.62,109.03,109.38,10382,0
2026-07-09T13:15:00+05:30,109.26,109.45,109.14,109.24,4715,0
2026-07-09T13:30:00+05:30,109.24,109.6,109.24,109.45,10666,0
2026-07-09T13:45:00+05:30,109.45,109.58,109.37,109.37,670,0
2026-07-09T14:00:00+05:30,109.48,109.59,109.46,109.57,4928,0
2026-07-09T14:15:00+05:30,109.57,109.78,109.41,109.42,4684,0
2026-07-09T14:30:00+05:30,109.45,109.64,109.3,109.3,13302,0
2026-07-09T14:45:00+05:30,109.39,109.77,109.34,109.64,9599,0
2026-07-09T15:00:00+05:30,109.64,109.64,108.7,108.99,22089,0
2026-07-09T15:15:00+05:30,108.97,109.41,108.5,109.25,33035,0
2026-07-10T09:15:00+05:30,110.49,111.44,109.96,111.13,43312,0
2026-07-10T09:30:00+05:30,111.13,111.39,110.88,111.06,23172,0
2026-07-10T09:45:00+05:30,111.0,111.6,110.86,111.5,17649,0
2026-07-10T10:00:00+05:30,111.45,112.15,111.18,111.73,45409,0
2026-07-10T10:15:00+05:30,111.71,112.44,111.45,111.45,14424,0
2026-07-10T10:30:00+05:30,111.4,111.69,111.19,111.25,9010,0
2026-07-10T10:45:00+05:30,111.28,111.44,111.16,111.31,3864,0
2026-07-10T11:00:00+05:30,111.22,111.24,111.0,111.0,4367,0
2026-07-10T11:15:00+05:30,111.0,111.13,110.95,110.95,3342,0
2026-07-10T11:30:00+05:30,110.95,111.11,110.83,111.08,1666,0
2026-07-10T11:45:00+05:30,110.91,111.07,110.9,110.99,2637,0
2026-07-10T12:00:00+05:30,110.99,111.11,110.8,110.97,2366,0
2026-07-10T12:15:00+05:30,110.96,111.4,110.9,110.92,6689,0
2026-07-10T12:30:00+05:30,111.16,111.4,111.04,111.06,3139,0
2026-07-10T12:45:00+05:30,111.24,111.4,111.1,111.27,559,0
2026-07-10T13:00:00+05:30,111.31,111.48,111.07,111.07,2762,0
2026-07-10T13:15:00+05:30,111.1,111.21,110.91,110.96,5091,0
2026-07-10T13:30:00+05:30,111.09,111.37,111.09,111.35,3992,0
2026-07-10T13:45:00+05:30,111.27,111.5,111.12,111.5,6847,0
2026-07-10T14:00:00+05:30,111.55,111.64,111.1,111.45,10159,0
2026-07-10T14:15:00+05:30,111.45,111.5,111.22,111.27,1377,0
2026-07-10T14:30:00+05:30,111.31,111.49,110.89,110.89,8191,0
2026-07-10T14:45:00+05:30,110.89,111.2,110.62,110.65,11688,0
2026-07-10T15:00:00+05:30,110.85,111.31,110.63,111.16,7946,0
2026-07-10T15:15:00+05:30,111.18,111.49,111.01,111.3,29750,0
2026-07-13T09:15:00+05:30,110.8,111.06,109.72,111.03,29189,0
2026-07-13T09:30:00+05:30,111.01,111.86,111.0,111.57,15540,0
2026-07-13T09:45:00+05:30,111.44,113.01,111.1,112.85,36143,0
2026-07-13T10:00:00+05:30,112.85,112.99,111.56,111.71,7704,0
2026-07-13T10:15:00+05:30,111.57,111.99,111.57,111.75,5242,0
2026-07-13T10:30:00+05:30,111.77,112.01,111.61,111.74,20097,0
2026-07-13T10:45:00+05:30,111.73,112.03,111.51,111.84,15457,0
2026-07-13T11:00:00+05:30,111.84,112.02,111.2,111.22,19087,0
2026-07-13T11:15:00+05:30,111.31,111.5,111.23,111.3,5209,0
2026-07-13T11:30:00+05:30,111.23,111.23,110.7,110.84,16697,0
2026-07-13T11:45:00+05:30,110.86,111.0,110.7,110.95,6356,0
2026-07-13T12:00:00+05:30,110.95,111.28,110.6,111.0,16677,0
2026-07-13T12:15:00+05:30,111.0,111.43,110.8,111.16,16218,0
2026-07-13T12:30:00+05:30,111.07,111.6,110.93,111.58,4494,0
2026-07-13T12:45:00+05:30,111.58,111.95,111.36,111.8,6426,0
2026-07-13T13:00:00+05:30,111.84,111.84,111.36,111.68,1476,0
2026-07-13T13:15:00+05:30,111.67,111.69,110.95,111.0,40073,0
2026-07-13T13:30:00+05:30,111.18,111.58,111.05,111.49,4462,0
2026-07-13T13:45:00+05:30,111.49,111.6,111.28,111.6,2402,0
2026-07-13T14:00:00+05:30,111.6,111.65,111.48,111.65,396,0
2026-07-13T14:15:00+05:30,111.65,113.89,111.65,112.03,107202,0
2026-07-13T14:30:00+05:30,112.03,112.15,111.67,111.81,10442,0
2026-07-13T14:45:00+05:30,111.85,112.18,111.55,111.99,16243,0
2026-07-13T15:00:00+05:30,111.96,112.14,111.4,111.56,22490,0
2026-07-13T15:15:00+05:30,111.48,111.99,111.07,111.6,34733,0
2026-07-14T09:15:00+05:30,110.9,111.49,110.27,111.01,70796,0
2026-07-14T09:30:00+05:30,110.93,111.11,110.4,110.47,24434,0
2026-07-14T09:45:00+05:30,110.46,110.53,110.11,110.33,38041,0
2026-07-14T10:00:00+05:30,110.25,110.37,110.01,110.27,25159,0
2026-07-14T10:15:00+05:30,110.15,110.15,109.7,110.05,17261,0
2026-07-14T10:30:00+05:30,109.85,110.28,109.85,110.11,8533,0
2026-07-14T10:45:00+05:30,109.99,110.09,109.82,109.94,3156,0
2026-07-14T11:00:00+05:30,109.94,110.23,109.94,110.06,1757,0
2026-07-14T11:15:00+05:30,110.01,110.2,109.94,110.03,9653,0
2026-07-14T11:30:00+05:30,110.03,110.03,109.77,109.8,4724,0
2026-07-14T11:45:00+05:30,109.8,109.9,109.8,109.8,1404,0
2026-07-14T12:00:00+05:30,109.8,109.9,109.7,109.73,2648,0
2026-07-14T12:15:00+05:30,109.71,109.92,109.5,109.54,14586,0
2026-07-14T12:30:00+05:30,109.5,109.75,109.42,109.52,7567,0
2026-07-14T12:45:00+05:30,109.52,109.9,109.52,109.66,3110,0
2026-07-14T13:00:00+05:30,109.64,109.75,109.55,109.66,4446,0
2026-07-14T13:15:00+05:30,109.58,109.65,109.51,109.55,757,0
2026-07-14T13:30:00+05:30,109.55,109.73,109.52,109.62,2484,0
2026-07-14T13:45:00+05:30,109.63,109.78,109.57,109.57,1214,0
2026-07-14T14:00:00+05:30,109.57,109.58,109.35,109.58,7240,0
2026-07-14T14:15:00+05:30,109.58,109.59,109.32,109.32,4673,0
2026-07-14T14:30:00+05:30,109.32,109.38,109.02,109.17,17683,0
2026-07-14T14:45:00+05:30,109.2,109.25,108.97,109.03,22572,0
2026-07-14T15:00:00+05:30,109.03,109.73,109.03,109.56,28085,0
2026-07-14T15:15:00+05:30,109.57,109.9,109.0,109.79,57546,0
2026-07-15T09:15:00+05:30,109.81,110.4,109.75,110.16,24201,0
2026-07-15T09:30:00+05:30,110.35,110.64,110.21,110.49,8390,0
2026-07-15T09:45:00+05:30,110.31,110.44,110.06,110.18,12331,0
2026-07-15T10:00:00+05:30,110.32,110.44,110.11,110.25,4866,0
2026-07-15T10:15:00+05:30,110.25,110.39,110.03,110.03,10215,0
2026-07-15T10:30:00+05:30,110.04,110.22,109.5,110.0,10699,0
2026-07-15T10:45:00+05:30,109.96,109.96,109.43,109.47,8530,0
2026-07-15T11:00:00+05:30,109.48,109.58,109.25,109.52,20291,0
2026-07-15T11:15:00+05:30,109.5,109.52,109.15,109.21,6454,0
2026-07-15T11:30:00+05:30,109.09,109.25,109.04,109.24,7843,0
2026-07-15T11:45:00+05:30,109.15,109.24,109.0,109.1,6210,0
2026-07-15T12:00:00+05:30,109.02,109.24,108.75,109.02,14849,0
2026-07-15T12:15:00+05:30,109.11,109.53,108.5,108.97,22384,0
2026-07-15T12:30:00+05:30,108.97,109.12,108.72,108.74,2760,0
2026-07-15T12:45:00+05:30,108.75,108.89,108.29,108.48,10056,0
2026-07-15T13:00:00+05:30,108.48,108.6,108.31,108.45,2462,0
2026-07-15T13:15:00+05:30,108.45,108.71,108.45,108.58,2420,0
2026-07-15T13:30:00+05:30,108.5,108.66,108.4,108.4,1950,0
2026-07-15T13:45:00+05:30,108.4,108.52,108.4,108.52,849,0
2026-07-15T14:00:00+05:30,108.52,108.7,108.45,108.67,8633,0
2026-07-15T14:15:00+05:30,108.67,108.76,108.51,108.72,5151,0
2026-07-15T14:30:00+05:30,108.72,108.85,108.56,108.66,3956,0
2026-07-15T14:45:00+05:30,108.66,108.85,108.66,108.7,6198,0
2026-07-15T15:00:00+05:30,108.7,108.86,108.5,108.83,15352,0
2026-07-15T15:15:00+05:30,108.68,108.9,108.41,108.45,35554,0
2026-07-16T09:15:00+05:30,109.39,109.84,108.31,108.61,49669,0
2026-07-16T09:30:00+05:30,108.55,108.55,107.9,108.05,19018,0
2026-07-16T09:45:00+05:30,108.11,108.37,107.56,108.17,8314,0
2026-07-16T10:00:00+05:30,108.12,108.3,108.0,108.3,7062,0
2026-07-16T10:15:00+05:30,108.3,108.91,108.17,108.54,16130,0
2026-07-16T10:30:00+05:30,108.66,109.0,108.56,108.76,7736,0
2026-07-16T10:45:00+05:30,108.76,109.43,108.76,109.0,13441,0
2026-07-16T11:00:00+05:30,109.09,109.2,108.87,108.99,7020,0
2026-07-16T11:15:00+05:30,109.01,109.07,108.83,109.03,2094,0
2026-07-16T11:30:00+05:30,109.03,109.03,108.76,108.76,5148,0
2026-07-16T11:45:00+05:30,108.9,109.03,108.36,108.59,14222,0
2026-07-16T12:00:00+05:30,108.6,108.62,108.36,108.59,399,0
2026-07-16T12:15:00+05:30,108.49,108.6,107.82,108.45,29852,0
2026-07-16T12:30:00+05:30,108.45,108.5,107.98,108.08,3849,0
2026-07-16T12:45:00+05:30,108.08,108.19,107.9,107.9,2180,0
2026-07-16T13:00:00+05:30,108.01,108.09,107.9,108.04,1717,0
2026-07-16T13:15:00+05:30,108.04,108.04,107.9,107.9,2299,0
2026-07-16T13:30:00+05:30,107.9,107.91,107.5,107.66,6266,0
2026-07-16T13:45:00+05:30,107.65,108.02,107.59,108.02,2546,0
2026-07-16T14:00:00+05:30,108.01,108.15,107.88,108.02,1710,0
2026-07-16T14:15:00+05:30,108.02,108.29,107.79,108.04,5201,0
2026-07-16T14:30:00+05:30,107.86,107.98,107.03,107.87,13806,0
2026-07-16T14:45:00+05:30,107.87,108.07,107.6,108.01,2400,0
2026-07-16T15:00:00+05:30,108.07,108.22,107.2,108.11,32352,0
2026-07-16T15:15:00+05:30,107.85,108.0,107.6,107.8,25869,0
2026-07-17T09:15:00+05:30,107.0,107.82,106.59,106.72,44523,0
2026-07-17T09:30:00+05:30,106.88,107.01,106.3,106.33,30230,0
2026-07-17T09:45:00+05:30,106.3,106.91,106.2,106.8,32276,0
2026-07-17T10:00:00+05:30,106.78,106.78,106.25,106.5,5204,0
2026-07-17T10:15:00+05:30,106.6,107.45,106.6,107.2,11408,0
2026-07-17T10:30:00+05:30,107.2,107.27,107.03,107.03,1851,0
2026-07-17T10:45:00+05:30,107.08,107.21,106.96,107.1,3314,0
2026-07-17T11:00:00+05:30,107.1,107.1,106.64,106.69,6880,0
2026-07-17T11:15:00+05:30,106.69,106.74,106.52,106.54,2894,0
2026-07-17T11:30:00+05:30,106.54,106.54,106.36,106.36,2354,0
2026-07-17T11:45:00+05:30,106.36,106.54,106.34,106.48,3347,0
2026-07-17T12:00:00+05:30,106.48,106.48,106.05,106.38,11788,0
2026-07-17T12:15:00+05:30,106.38,106.62,106.32,106.46,1554,0
2026-07-17T12:30:00+05:30,106.46,106.49,106.32,106.4,898,0
2026-07-17T12:45:00+05:30,106.4,106.55,106.4,106.49,1718,0
2026-07-17T13:00:00+05:30,106.5,106.54,106.2,106.47,5847,0
2026-07-17T13:15:00+05:30,106.47,106.5,106.14,106.29,6531,0
2026-07-17T13:30:00+05:30,106.29,106.51,106.29,106.3,2242,0
2026-07-17T13:45:00+05:30,106.3,106.35,106.09,106.27,8286,0
2026-07-17T14:00:00+05:30,106.27,106.55,106.21,106.53,2323,0
2026-07-17T14:15:00+05:30,106.53,107.0,106.53,106.67,8227,0
2026-07-17T14:30:00+05:30,106.66,106.68,106.55,106.65,5668,0
2026-07-17T14:45:00+05:30,106.65,106.95,106.65,106.83,10045,0
2026-07-17T15:00:00+05:30,106.87,107.09,106.53,106.9,18911,0
2026-07-17T15:15:00+05:30,106.9,107.0,106.81,106.93,27220,0
2026-07-20T09:15:00+05:30,106.89,107.54,106.21,106.44,27105,0
2026-07-20T09:30:00+05:30,106.38,107.2,106.32,107.05,7153,0
2026-07-20T09:45:00+05:30,106.9,107.04,106.81,106.81,3858,0
2026-07-20T10:00:00+05:30,106.81,106.92,106.64,106.78,6825,0
2026-07-20T10:15:00+05:30,106.87,107.44,106.87,107.21,9918,0
2026-07-20T10:30:00+05:30,107.19,107.19,106.51,106.51,3176,0
2026-07-20T10:45:00+05:30,106.51,106.69,106.36,106.67,9501,0
2026-07-20T11:00:00+05:30,106.67,106.9,106.38,106.38,7871,0
2026-07-20T11:15:00+05:30,106.38,106.49,106.33,106.42,2834,0
2026-07-20T11:30:00+05:30,106.42,106.48,106.3,106.3,6409,0
2026-07-20T11:45:00+05:30,106.3,106.31,106.08,106.12,7813,0
2026-07-20T12:00:00+05:30,106.22,106.31,106.05,106.27,8859,0
2026-07-20T12:15:00+05:30,106.27,106.44,106.05,106.07,4933,0
2026-07-20T12:30:00+05:30,106.07,106.2,106.0,106.05,3543,0
2026-07-20T12:45:00+05:30,106.0,106.24,105.75,106.23,8229,0
2026-07-20T13:00:00+05:30,106.23,106.53,106.23,106.5,7365,0
2026-07-20T13:15:00+05:30,106.58,106.79,106.5,106.76,7987,0
2026-07-20T13:30:00+05:30,106.85,107.24,106.76,107.09,4985,0
2026-07-20T13:45:00+05:30,107.1,107.5,107.0,107.5,7692,0
2026-07-20T14:00:00+05:30,107.46,107.6,107.3,107.36,11324,0
2026-07-20T14:15:00+05:30,107.47,107.5,107.3,107.3,10701,0
2026-07-20T14:30:00+05:30,107.3,107.56,107.01,107.51,16341,0
2026-07-20T14:45:00+05:30,107.51,107.51,106.51,107.3,22569,0
2026-07-20T15:00:00+05:30,107.32,107.5,106.82,107.09,10723,0
2026-07-20T15:15:00+05:30,107.11,107.4,107.0,107.0,17480,0
2026-07-21T09:15:00+05:30,107.0,107.52,106.57,107.05,21449,0
2026-07-21T09:30:00+05:30,107.11,107.25,106.23,106.65,13477,0
2026-07-21T09:45:00+05:30,106.8,106.8,106.41,106.44,3724,0
2026-07-21T10:00:00+05:30,106.44,106.55,106.26,106.4,4032,0
2026-07-21T10:15:00+05:30,106.39,106.4,106.16,106.25,14018,0
2026-07-21T10:30:00+05:30,106.24,106.24,105.84,106.12,16583,0
2026-07-21T10:45:00+05:30,106.05,106.16,105.74,105.85,9396,0
2026-07-21T11:00:00+05:30,105.85,106.14,105.85,105.98,4753,0
2026-07-21T11:15:00+05:30,105.95,106.02,105.9,106.0,7538,0
2026-07-21T11:30:00+05:30,106.0,106.01,105.26,105.5,38487,0
2026-07-21T11:45:00+05:30,105.44,105.5,105.26,105.44,9032,0
2026-07-21T12:00:00+05:30,105.44,105.85,105.44,105.64,48944,0
2026-07-21T12:15:00+05:30,105.51,105.63,105.37,105.42,3009,0
2026-07-21T12:30:00+05:30,105.57,105.86,105.5,105.61,5201,0
2026-07-21T12:45:00+05:30,105.61,105.65,105.13,105.13,6014,0
2026-07-21T13:00:00+05:30,105.27,105.37,105.19,105.31,5082,0
2026-07-21T13:15:00+05:30,105.31,105.4,105.05,105.38,5345,0
2026-07-21T13:30:00+05:30,105.36,105.49,105.36,105.45,2611,0
2026-07-21T13:45:00+05:30,105.45,105.61,105.37,105.38,3601,0
2026-07-21T14:00:00+05:30,105.49,105.49,105.35,105.48,1319,0
2026-07-21T14:15:00+05:30,105.48,105.49,105.26,105.35,4833,0
2026-07-21T14:30:00+05:30,105.35,105.39,105.12,105.2,5579,0
2026-07-21T14:45:00+05:30,105.2,105.37,105.12,105.37,8518,0
2026-07-21T15:00:00+05:30,105.3,105.45,105.1,105.42,18388,0
2026-07-21T15:15:00+05:30,105.4,105.5,105.21,105.25,30087,0
2026-07-22T09:15:00+05:30,105.25,105.5,103.25,103.32,47194,0
2026-07-22T09:30:00+05:30,103.25,103.32,102.43,102.86,64433,0
2026-07-22T09:45:00+05:30,102.84,102.95,102.64,102.82,13886,0
2026-07-22T10:00:00+05:30,102.82,103.2,102.7,103.0,20497,0
2026-07-22T10:15:00+05:30,102.88,102.99,102.01,102.14,22499,0
2026-07-22T10:30:00+05:30,102.25,102.58,102.14,102.31,11608,0
2026-07-22T10:45:00+05:30,102.34,102.69,102.3,102.6,12366,0
2026-07-22T11:00:00+05:30,102.6,102.71,102.5,102.55,4221,0
2026-07-22T11:15:00+05:30,102.55,102.62,102.4,102.46,22605,0
2026-07-22T11:30:00+05:30,102.42,102.48,102.3,102.4,7113,0
2026-07-22T11:45:00+05:30,102.33,102.45,102.2,102.2,16805,0
2026-07-22T12:00:00+05:30,102.19,102.19,101.7,101.75,28345,0
2026-07-22T12:15:00+05:30,101.75,101.99,101.72,101.81,7520,0
2026-07-22T12:30:00+05:30,101.81,102.05,101.78,101.89,5116,0
2026-07-22T12:45:00+05:30,102.02,102.38,102.02,102.19,3291,0
2026-07-22T13:00:00+05:30,102.19,102.35,102.13,102.33,3558,0
2026-07-22T13:15:00+05:30,102.33,102.33,102.14,102.16,1106,0
2026-07-22T13:30:00+05:30,102.16,102.33,102.16,102.21,1540,0
2026-07-22T13:45:00+05:30,102.21,102.29,102.1,102.1,1768,0
2026-07-22T14:00:00+05:30,102.12,102.27,101.77,101.79,13138,0
2026-07-22T14:15:00+05:30,101.8,102.19,101.75,102.0,15619,0
2026-07-22T14:30:00+05:30,102.12,102.2,102.0,102.06,10428,0
2026-07-22T14:45:00+05:30,102.06,102.39,102.06,102.08,7199,0
2026-07-22T15:00:00+05:30,102.09,102.3,102.0,102.3,25588,0
2026-07-22T15:15:00+05:30,102.29,102.29,101.5,101.55,50649,0
2026-07-23T09:15:00+05:30,102.0,102.0,100.38,101.35,54663,0
2026-07-23T09:30:00+05:30,101.35,101.35,100.62,100.81,18301,0
2026-07-23T09:45:00+05:30,100.81,101.36,100.8,101.26,8241,0
2026-07-23T10:00:00+05:30,101.36,101.91,101.28,101.69,15535,0
2026-07-23T10:15:00+05:30,101.66,101.85,101.51,101.83,7987,0
2026-07-23T10:30:00+05:30,101.83,102.02,101.6,101.82,7348,0
2026-07-23T10:45:00+05:30,101.82,102.77,101.82,102.77,15508,0
2026-07-23T11:00:00+05:30,102.63,102.78,102.48,102.57,10627,0
2026-07-23T11:15:00+05:30,102.59,102.59,102.22,102.32,7032,0
2026-07-23T11:30:00+05:30,102.46,102.51,102.08,102.24,4130,0
2026-07-23T11:45:00+05:30,102.24,102.38,102.05,102.24,3423,0
2026-07-23T12:00:00+05:30,102.34,102.59,102.34,102.41,1586,0
2026-07-23T12:15:00+05:30,102.41,102.41,101.77,102.0,14180,0
2026-07-23T12:30:00+05:30,102.0,102.0,101.33,101.37,9078,0
2026-07-23T12:45:00+05:30,101.4,101.44,101.04,101.23,3361,0
2026-07-23T13:00:00+05:30,101.32,101.5,101.12,101.35,15761,0
2026-07-23T13:15:00+05:30,101.35,101.42,101.2,101.4,1966,0
2026-07-23T13:30:00+05:30,101.35,101.91,101.24,101.85,17360,0
2026-07-23T13:45:00+05:30,101.7,102.21,101.56,102.0,13317,0
2026-07-23T14:00:00+05:30,102.0,102.08,101.83,101.99,3450,0
2026-07-23T14:15:00+05:30,102.0,102.12,101.66,101.66,11557,0
2026-07-23T14:30:00+05:30,101.82,102.14,101.37,101.5,8566,0
2026-07-23T14:45:00+05:30,101.5,101.5,101.2,101.4,5129,0
2026-07-23T15:00:00+05:30,101.5,101.75,101.2,101.65,19010,0
2026-07-23T15:15:00+05:30,101.69,101.8,101.3,101.51,34287,0
2026-07-24T09:15:00+05:30,101.0,101.33,100.08,100.45,47988,0
2026-07-24T09:30:00+05:30,100.45,100.77,100.27,100.61,19917,0
2026-07-24T09:45:00+05:30,100.51,100.52,99.8,99.95,43842,0
2026-07-24T10:00:00+05:30,99.95,100.0,98.03,98.93,146956,0
2026-07-24T10:15:00+05:30,98.93,99.0,98.8,98.97,6401,0
2026-07-24T10:30:00+05:30,98.97,99.58,98.81,99.58,18861,0
2026-07-24T10:45:00+05:30,99.58,99.8,99.47,99.57,14596,0
2026-07-24T11:00:00+05:30,99.57,99.6,99.44,99.6,4369,0
2026-07-24T11:15:00+05:30,99.58,100.15,99.46,100.0,15624,0
2026-07-24T11:30:00+05:30,100.0,100.69,99.92,100.66,14060,0
2026-07-24T11:45:00+05:30,100.6,100.99,100.3,100.83,15994,0
2026-07-24T12:00:00+05:30,100.78,100.85,100.51,100.8,8739,0
2026-07-24T12:15:00+05:30,100.69,101.0,100.62,101.0,27100,0
2026-07-24T12:30:00+05:30,100.99,101.01,100.5,100.8,31719,0
2026-07-24T12:45:00+05:30,100.8,101.32,100.67,101.25,15478,0
2026-07-24T13:00:00+05:30,101.2,101.23,100.71,100.71,11150,0
2026-07-24T13:15:00+05:30,100.74,101.07,100.73,101.0,2637,0
2026-07-24T13:30:00+05:30,101.06,101.07,100.51,100.64,8587,0
2026-07-24T13:45:00+05:30,100.64,100.85,100.61,100.72,4139,0
2026-07-24T14:00:00+05:30,100.72,101.0,100.72,100.92,30378,0
2026-07-24T14:15:00+05:30,100.9,100.95,100.8,100.8,5444,0
2026-07-24T14:30:00+05:30,100.85,100.85,100.42,100.78,24946,0
2026-07-24T14:45:00+05:30,100.87,100.99,100.62,100.94,4942,0
2026-07-24T15:00:00+05:30,100.9,100.9,100.0,100.5,50866,0
2026-07-24T15:15:00+05:30,100.54,100.79,99.85,100.25,63613,0
2026-07-27T09:15:00+05:30,101.2,102.88,101.2,102.55,43307,0
2026-07-27T09:30:00+05:30,102.55,102.95,102.45,102.9,11460,0
2026-07-27T09:45:00+05:30,102.89,102.89,102.2,102.59,7647,0
2026-07-27T10:00:00+05:30,102.59,102.8,102.48,102.56,8068,0
2026-07-27T10:15:00+05:30,102.61,102.68,102.18,102.18,7550,0
2026-07-27T10:30:00+05:30,102.19,102.28,101.91,101.91,9650,0
2026-07-27T10:45:00+05:30,101.99,101.99,101.85,101.99,1853,0
2026-07-27T11:00:00+05:30,101.99,102.14,101.89,102.08,2747,0
2026-07-27T11:15:00+05:30,102.08,102.22,101.75,102.12,11900,0
2026-07-27T11:30:00+05:30,102.21,102.59,102.12,102.5,12057,0
2026-07-27T11:45:00+05:30,102.53,102.54,102.3,102.31,6426,0
2026-07-27T12:00:00+05:30,102.29,102.31,101.86,102.03,2014,0
2026-07-27T12:15:00+05:30,102.03,102.2,102.0,102.04,1278,0
2026-07-27T12:30:00+05:30,102.17,102.4,101.91,102.34,8643,0
2026-07-27T12:45:00+05:30,102.5,102.58,102.34,102.35,4307,0
2026-07-27T13:00:00+05:30,102.35,103.0,102.35,102.89,8089,0
2026-07-27T13:15:00+05:30,102.89,102.89,102.61,102.71,3054,0
2026-07-27T13:30:00+05:30,102.74,102.76,102.41,102.48,4454,0
2026-07-27T13:45:00+05:30,102.5,102.7,102.47,102.7,3145,0
2026-07-27T14:00:00+05:30,102.7,102.72,102.25,102.59,8869,0
2026-07-27T14:15:00+05:30,102.54,102.8,102.41,102.8,3827,0
2026-07-27T14:30:00+05:30,102.79,102.83,102.56,102.73,5438,0
2026-07-27T14:45:00+05:30,102.73,102.77,102.42,102.73,7694,0
2026-07-27T15:00:00+05:30,102.72,102.82,102.51,102.73,11865,0
2026-07-27T15:15:00+05:30,102.67,102.8,102.5,102.75,27088,0
2026-07-28T09:15:00+05:30,102.75,102.86,101.82,102.09,22060,0
2026-07-28T09:30:00+05:30,102.08,102.13,101.34,101.58,5974,0
2026-07-28T09:45:00+05:30,101.53,101.53,101.0,101.18,13171,0
2026-07-28T10:00:00+05:30,101.07,101.25,100.81,100.95,13824,0
2026-07-28T10:15:00+05:30,101.04,101.42,101.0,101.14,8980,0
2026-07-28T10:30:00+05:30,101.14,101.42,101.11,101.33,10827,0
2026-07-28T10:45:00+05:30,101.3,101.63,101.3,101.47,5984,0
2026-07-28T11:00:00+05:30,101.47,101.54,101.4,101.4,2371,0
2026-07-28T11:15:00+05:30,101.35,101.49,101.23,101.34,8529,0
2026-07-28T11:30:00+05:30,101.3,101.3,100.92,101.22,6997,0
2026-07-28T11:45:00+05:30,101.22,101.35,100.86,101.0,3069,0
2026-07-28T12:00:00+05:30,101.11,101.29,101.01,101.13,1904,0
2026-07-28T12:15:00+05:30,101.25,101.26,100.89,101.0,2689,0
2026-07-28T12:30:00+05:30,101.0,101.15,100.88,100.99,2330,0
2026-07-28T12:45:00+05:30,100.89,101.0,100.75,100.76,4409,0
2026-07-28T13:00:00+05:30,100.76,100.93,100.51,100.54,4455,0
2026-07-28T13:15:00+05:30,100.51,100.88,100.35,100.81,7847,0
2026-07-28T13:30:00+05:30,100.69,100.85,100.66,100.67,1451,0
2026-07-28T13:45:00+05:30,100.66,100.85,100.66,100.74,1930,0
2026-07-28T14:00:00+05:30,100.71,100.74,100.6,100.6,775,0
2026-07-28T14:15:00+05:30,100.6,100.6,100.12,100.25,15538,0
2026-07-28T14:30:00+05:30,100.27,100.38,100.0,100.23,3623,0
2026-07-28T14:45:00+05:30,100.23,100.36,100.1,100.24,3688,0
2026-07-28T15:00:00+05:30,100.24,100.39,100.16,100.37,10791,0
2026-07-28T15:15:00+05:30,100.35,100.5,100.16,100.5,21902,0
2026-07-29T09:15:00+05:30,101.4,102.4,100.7,101.9,40109,0
2026-07-29T09:30:00+05:30,102.04,102.2,101.57,101.88,11933,0
2026-07-29T09:45:00+05:30,101.89,102.29,101.7,101.7,8910,0
2026-07-29T10:00:00+05:30,101.7,101.83,101.54,101.54,4521,0
2026-07-29T10:15:00+05:30,101.54,101.76,101.5,101.59,6322,0
2026-07-29T10:30:00+05:30,101.5,101.6,101.4,101.44,3627,0
2026-07-29T10:45:00+05:30,101.44,101.5,101.32,101.33,2423,0
2026-07-29T11:00:00+05:30,101.33,101.77,101.32,101.77,2318,0
2026-07-29T11:15:00+05:30,101.62,101.72,101.47,101.67,1585,0
2026-07-29T11:30:00+05:30,101.6,101.87,101.4,101.8,3981,0
2026-07-29T11:45:00+05:30,101.87,101.87,101.55,101.72,2216,0
2026-07-29T12:00:00+05:30,101.72,101.94,101.52,101.52,6844,0
2026-07-29T12:15:00+05:30,101.67,101.67,101.0,101.32,19098,0
2026-07-29T12:30:00+05:30,101.32,101.5,101.21,101.25,3394,0
2026-07-29T12:45:00+05:30,101.39,101.46,101.22,101.24,1502,0
2026-07-29T13:00:00+05:30,101.24,101.67,101.24,101.51,3403,0
2026-07-29T13:15:00+05:30,101.51,101.66,101.21,101.21,3218,0
2026-07-29T13:30:00+05:30,101.46,101.76,101.43,101.57,6606,0
2026-07-29T13:45:00+05:30,101.57,101.89,101.57,101.57,3365,0
2026-07-29T14:00:00+05:30,101.57,101.85,101.57,101.65,6236,0
2026-07-29T14:15:00+05:30,101.65,101.88,101.65,101.8,980,0
2026-07-29T14:30:00+05:30,101.8,101.86,101.38,101.38,2713,0
2026-07-29T14:45:00+05:30,101.61,101.78,101.5,101.63,5415,0
2026-07-29T15:00:00+05:30,101.6,101.91,101.51,101.72,13616,0
2026-07-29T15:15:00+05:30,101.7,102.49,101.57,102.49,24591,0
2026-07-30T09:15:00+05:30,101.76,101.76,100.5,100.72,27247,0
2026-07-30T09:30:00+05:30,100.76,101.03,100.2,100.52,16177,0
2026-07-30T09:45:00+05:30,100.45,100.73,100.1,100.25,37256,0
2026-07-30T10:00:00+05:30,100.25,100.38,99.85,100.12,32794,0
2026-07-30T10:15:00+05:30,100.12,100.32,99.95,100.28,16606,0
2026-07-30T10:30:00+05:30,100.15,100.39,100.06,100.32,18631,0
2026-07-30T10:45:00+05:30,100.3,100.68,100.22,100.32,10405,0
2026-07-30T11:00:00+05:30,100.3,100.34,100.2,100.32,8322,0
2026-07-30T11:15:00+05:30,100.29,101.4,100.29,101.14,19767,0
2026-07-30T11:30:00+05:30,101.14,101.3,101.03,101.16,9196,0
2026-07-30T11:45:00+05:30,101.11,101.11,100.66,100.7,39240,0
2026-07-30T12:00:00+05:30,100.7,100.8,100.67,100.77,558,0
2026-07-30T12:15:00+05:30,100.8,100.93,100.73,100.73,5588,0
2026-07-30T12:30:00+05:30,100.79,101.6,100.69,101.4,15429,0
2026-07-30T12:45:00+05:30,101.4,101.58,101.4,101.49,2296,0
2026-07-30T13:00:00+05:30,101.43,101.48,101.21,101.25,4606,0
2026-07-30T13:15:00+05:30,101.25,101.37,101.11,101.14,3290,0
2026-07-30T13:30:00+05:30,101.14,101.3,101.13,101.3,1946,0
2026-07-30T13:45:00+05:30,101.3,101.3,101.06,101.06,2964,0
2026-07-30T14:00:00+05:30,101.06,101.21,101.0,101.0,7481,0
2026-07-30T14:15:00+05:30,101.04,101.05,101.0,101.0,2799,0
2026-07-30T14:30:00+05:30,101.01,101.11,101.0,101.0,5272,0
2026-07-30T14:45:00+05:30,101.0,101.53,101.0,101.2,13612,0
2026-07-30T15:00:00+05:30,101.15,101.68,101.1,101.41,25419,0
2026-07-30T15:15:00+05:30,101.4,101.7,101.3,101.5,23946,0
2026-07-31T09:15:00+05:30,102.0,102.2,101.16,102.05,27314,0
2026-07-31T09:30:00+05:30,102.05,102.5,101.51,102.5,21728,0
2026-07-31T09:45:00+05:30,102.6,103.49,102.38,102.8,48001,0
2026-07-31T10:00:00+05:30,102.82,102.94,102.51,102.67,6532,0
2026-07-31T10:15:00+05:30,102.65,102.73,102.17,102.25,12540,0
2026-07-31T10:30:00+05:30,102.25,102.25,101.81,101.94,32494,0
2026-07-31T10:45:00+05:30,101.86,102.25,101.85,102.07,12471,0
2026-07-31T11:00:00+05:30,102.16,102.16,101.91,101.91,12204,0
2026-07-31T11:15:00+05:30,101.91,102.47,101.88,101.88,8392,0
2026-07-31T11:30:00+05:30,101.93,102.0,101.88,101.97,1827,0
2026-07-31T11:45:00+05:30,101.88,101.89,101.68,101.88,2402,0
2026-07-31T12:00:00+05:30,101.88,101.91,101.75,101.88,1035,0
2026-07-31T12:15:00+05:30,101.88,102.0,101.81,102.0,9501,0
2026-07-31T12:30:00+05:30,101.99,102.0,101.89,102.0,8067,0
2026-07-31T12:45:00+05:30,102.0,102.15,101.88,102.15,4175,0
2026-07-31T13:00:00+05:30,102.03,102.14,101.88,101.91,1890,0
2026-07-31T13:15:00+05:30,101.91,102.33,101.91,102.14,7785,0
2026-07-31T13:30:00+05:30,102.14,102.2,101.9,102.2,9171,0
2026-07-31T13:45:00+05:30,102.22,102.31,102.0,102.01,36593,0
2026-07-31T14:00:00+05:30,102.16,102.19,101.9,102.06,5734,0
2026-07-31T14:15:00+05:30,102.06,102.19,101.9,102.13,6005,0
2026-07-31T14:30:00+05:30,102.13,102.15,102.01,102.12,1550,0
2026-07-31T14:45:00+05:30,102.12,102.12,101.86,101.87,6283,0
2026-07-31T15:00:00+05:30,101.86,102.05,101.74,101.86,7807,0
2026-07-31T15:15:00+05:30,101.84,101.97,101.25,101.25,41860,0
2026-08-03T09:15:00+05:30,102.15,103.8,102.15,103.15,45062,0
2026-08-03T09:30:00+05:30,103.2,103.59,102.75,103.5,19623,0
2026-08-03T09:45:00+05:30,103.4,104.39,103.28,104.19,28171,0
2026-08-03T10:00:00+05:30,104.1,104.21,103.65,103.92,9313,0
2026-08-03T10:15:00+05:30,103.9,104.18,103.77,103.9,9279,0
2026-08-03T10:30:00+05:30,103.99,104.1,103.7,103.88,5193,0
2026-08-03T10:45:00+05:30,103.88,104.1,103.62,103.82,7098,0
2026-08-03T11:00:00+05:30,103.82,104.18,103.61,103.61,5347,0
2026-08-03T11:15:00+05:30,103.61,104.19,103.53,103.82,8057,0
2026-08-03T11:30:00+05:30,103.82,104.07,103.82,104.01,5583,0
2026-08-03T11:45:00+05:30,104.01,104.15,103.91,104.1,4437,0
2026-08-03T12:00:00+05:30,104.1,104.15,103.87,103.95,3152,0
2026-08-03T12:15:00+05:30,103.94,104.03,103.86,104.02,1512,0
2026-08-03T12:30:00+05:30,104.0,104.0,103.63,103.64,27387,0
2026-08-03T12:45:00+05:30,103.77,103.77,103.6,103.6,3547,0
2026-08-03T13:00:00+05:30,103.6,103.75,103.4,103.41,5611,0
2026-08-03T13:15:00+05:30,103.41,103.49,103.41,103.45,1890,0
2026-08-03T13:30:00+05:30,103.43,103.61,103.43,103.48,1726,0
2026-08-03T13:45:00+05:30,103.59,103.71,103.48,103.71,976,0
2026-08-03T14:00:00+05:30,103.76,103.85,103.68,103.7,5161,0
2026-08-03T14:15:00+05:30,103.7,103.9,103.59,103.73,8829,0
2026-08-03T14:30:00+05:30,103.73,103.9,103.73,103.81,5197,0
2026-08-03T14:45:00+05:30,103.81,103.9,103.8,103.9,6466,0
2026-08-03T15:00:00+05:30,103.9,104.0,103.66,103.7,41032,0
2026-08-03T15:15:00+05:30,103.8,104.25,103.55,103.8,23553,0
2026-08-04T09:15:00+05:30,103.83,104.15,102.96,103.42,21588,0
2026-08-04T09:30:00+05:30,103.56,103.86,103.4,103.79,9221,0
2026-08-04T09:45:00+05:30,103.71,104.12,103.71,103.95,7820,0
2026-08-04T10:00:00+05:30,103.96,104.25,103.9,104.0,8206,0
2026-08-04T10:15:00+05:30,104.0,104.09,103.75,103.75,2192,0
2026-08-04T10:30:00+05:30,103.75,103.96,103.72,103.88,3274,0
2026-08-04T10:45:00+05:30,103.88,103.88,103.66,103.66,3972,0
2026-08-04T11:00:00+05:30,103.66,103.82,103.66,103.69,1662,0
2026-08-04T11:15:00+05:30,103.69,103.8,103.68,103.72,1819,0
2026-08-04T11:30:00+05:30,103.74,103.74,103.41,103.49,4438,0
2026-08-04T11:45:00+05:30,103.42,103.42,103.16,103.16,2645,0
2026-08-04T12:00:00+05:30,103.16,103.34,103.0,103.07,4612,0
2026-08-04T12:15:00+05:30,103.24,103.35,103.24,103.33,459,0
2026-08-04T12:30:00+05:30,103.3,103.3,103.19,103.19,3187,0
2026-08-04T12:45:00+05:30,103.22,103.4,103.22,103.37,732,0
2026-08-04T13:00:00+05:30,103.37,103.37,103.28,103.29,789,0
2026-08-04T13:15:00+05:30,103.29,103.5,103.29,103.49,2240,0
2026-08-04T13:30:00+05:30,103.46,103.58,103.46,103.58,1120,0
2026-08-04T13:45:00+05:30,103.58,103.7,103.46,103.56,1184,0
2026-08-04T14:00:00+05:30,103.56,103.62,103.33,103.5,8133,0
2026-08-04T14:15:00+05:30,103.5,103.5,103.4,103.4,6214,0
2026-08-04T14:30:00+05:30,103.4,103.5,103.4,103.4,2149,0
2026-08-04T14:45:00+05:30,103.36,103.36,102.92,103.18,26342,0
2026-08-04T15:00:00+05:30,103.06,103.6,103.01,103.25,13088,0
2026-08-04T15:15:00+05:30,103.83,103.83,103.02,103.17,578533,0
2026-08-05T09:15:00+05:30,103.99,104.55,103.49,104.18,30259,0
2026-08-05T09:30:00+05:30,104.18,104.54,103.76,104.3,13335,0
2026-08-05T09:45:00+05:30,104.31,104.59,104.07,104.4,25741,0
2026-08-05T10:00:00+05:30,104.4,105.3,104.26,105.04,21914,0
2026-08-05T10:15:00+05:30,105.0,105.0,104.3,104.3,14066,0
2026-08-05T10:30:00+05:30,104.25,104.59,104.1,104.55,6791,0
2026-08-05T10:45:00+05:30,104.38,104.95,104.38,104.78,4448,0
2026-08-05T11:00:00+05:30,104.78,104.81,104.39,104.48,6566,0
2026-08-05T11:15:00+05:30,104.55,104.66,104.11,104.11,4769,0
2026-08-05T11:30:00+05:30,104.24,104.24,103.86,104.13,6254,0
2026-08-05T11:45:00+05:30,104.13,104.13,103.82,103.82,1618,0
2026-08-05T12:00:00+05:30,103.82,104.01,103.82,103.95,4914,0
2026-08-05T12:15:00+05:30,103.95,104.11,103.86,103.94,1657,0
2026-08-05T12:30:00+05:30,103.94,103.94,103.56,103.84,4736,0
2026-08-05T12:45:00+05:30,103.84,103.84,103.59,103.73,2080,0
2026-08-05T13:00:00+05:30,103.73,103.88,103.67,103.77,2773,0
2026-08-05T13:15:00+05:30,103.77,103.99,103.71,103.99,2581,0
2026-08-05T13:30:00+05:30,103.9,104.17,103.67,103.68,3303,0
2026-08-05T13:45:00+05:30,103.68,103.88,103.68,103.85,1020,0
2026-08-05T14:00:00+05:30,103.85,103.85,103.67,103.69,3846,0
2026-08-05T14:15:00+05:30,103.69,104.28,103.69,104.28,6054,0
2026-08-05T14:30:00+05:30,104.1,104.14,103.79,103.94,3164,0
2026-08-05T14:45:00+05:30,103.83,104.08,103.76,104.0,6683,0
2026-08-05T15:00:00+05:30,104.0,104.64,104.0,104.47,26852,0
2026-08-05T15:15:00+05:30,104.52,104.64,104.0,104.0,20298,0
2026-08-06T09:15:00+05:30,104.33,104.5,103.85,104.27,9617,0
2026-08-06T09:30:00+05:30,104.44,104.45,104.05,104.1,14892,0
2026-08-06T09:45:00+05:30,104.25,104.37,104.0,104.37,5381,0
2026-08-06T10:00:00+05:30,104.35,104.37,104.0,104.36,2750,0
2026-08-06T10:15:00+05:30,104.34,104.43,104.12,104.43,3360,0
2026-08-06T10:30:00+05:30,104.39,104.39,104.09,104.09,3286,0
2026-08-06T10:45:00+05:30,104.09,104.09,103.78,103.95,5009,0
2026-08-06T11:00:00+05:30,103.88,104.01,103.88,103.88,387,0
2026-08-06T11:15:00+05:30,103.88,104.1,103.88,104.1,4780,0
2026-08-06T11:30:00+05:30,104.09,104.34,104.0,104.13,4594,0
2026-08-06T11:45:00+05:30,104.13,104.29,104.05,104.15,1485,0
2026-08-06T12:00:00+05:30,104.28,105.33,104.2,104.94,53627,0
2026-08-06T12:15:00+05:30,104.76,105.2,104.53,104.79,56981,0
2026-08-06T12:30:00+05:30,104.88,105.0,104.47,104.75,13416,0
2026-08-06T12:45:00+05:30,104.68,104.78,104.12,104.34,14217,0
2026-08-06T13:00:00+05:30,104.25,104.34,104.02,104.02,6415,0
2026-08-06T13:15:00+05:30,104.02,104.35,104.0,104.11,2799,0
2026-08-06T13:30:00+05:30,104.11,104.24,104.01,104.1,6925,0
2026-08-06T13:45:00+05:30,104.1,104.4,103.81,104.4,9504,0
2026-08-06T14:00:00+05:30,104.33,105.3,104.31,104.8,45435,0
2026-08-06T14:15:00+05:30,104.8,104.82,104.49,104.53,6832,0
2026-08-06T14:30:00+05:30,104.51,104.64,104.16,104.33,11194,0
2026-08-06T14:45:00+05:30,104.45,104.45,103.9,104.07,15262,0
2026-08-06T15:00:00+05:30,104.08,104.49,103.5,103.81,27061,0
2026-08-06T15:15:00+05:30,103.84,104.16,103.55,103.9,16330,0
2026-08-07T09:15:00+05:30,105.0,105.8,103.88,104.48,86790,0
2026-08-07T09:30:00+05:30,104.6,104.6,104.12,104.21,13016,0
2026-08-07T09:45:00+05:30,104.2,104.22,103.71,104.01,16164,0
2026-08-07T10:00:00+05:30,103.96,104.0,103.86,103.96,4222,0
2026-08-07T10:15:00+05:30,103.88,103.88,103.25,103.66,25652,0
2026-08-07T10:30:00+05:30,103.66,103.88,103.54,103.88,6822,0
2026-08-07T10:45:00+05:30,103.81,103.91,103.67,103.8,2856,0
2026-08-07T11:00:00+05:30,103.75,103.85,103.57,103.69,5931,0
2026-08-07T11:15:00+05:30,103.69,103.9,103.63,103.88,4228,0
2026-08-07T11:30:00+05:30,103.94,103.94,103.78,103.84,3476,0
2026-08-07T11:45:00+05:30,103.84,103.99,103.28,103.79,35939,0
2026-08-07T12:00:00+05:30,103.68,103.68,103.41,103.41,981,0
2026-08-07T12:15:00+05:30,103.41,103.65,103.41,103.65,1240,0
2026-08-07T12:30:00+05:30,103.64,103.85,103.63,103.85,1666,0
2026-08-07T12:45:00+05:30,103.85,103.87,103.69,103.76,1803,0
2026-08-07T13:00:00+05:30,103.75,103.76,103.64,103.76,1295,0
2026-08-07T13:15:00+05:30,103.71,103.79,103.71,103.79,396,0
2026-08-07T13:30:00+05:30,103.91,103.95,103.57,103.57,5999,0
2026-08-07T13:45:00+05:30,103.57,103.8,103.4,103.4,10269,0
2026-08-07T14:00:00+05:30,103.4,103.44,103.3,103.44,726,0
2026-08-07T14:15:00+05:30,103.3,103.47,103.27,103.27,1562,0
2026-08-07T14:30:00+05:30,103.27,103.56,103.25,103.49,6145,0
2026-08-07T14:45:00+05:30,103.49,103.7,103.41,103.41,3544,0
2026-08-07T15:00:00+05:30,103.43,103.89,103.43,103.66,32610,0
2026-08-07T15:15:00+05:30,103.68,104.0,103.5,104.0,18474,0
2026-08-10T09:15:00+05:30,103.77,103.94,103.0,103.2,13986,0
2026-08-10T09:30:00+05:30,103.12,103.12,102.37,102.48,19504,0
2026-08-10T09:45:00+05:30,102.48,102.78,102.48,102.74,13555,0
2026-08-10T10:00:00+05:30,102.75,103.25,102.6,103.08,12596,0
2026-08-10T10:15:00+05:30,103.11,103.93,103.11,103.71,12710,0
2026-08-10T10:30:00+05:30,103.8,103.92,103.53,103.92,11431,0
2026-08-10T10:45:00+05:30,103.92,103.95,103.68,103.79,1775,0
2026-08-10T11:00:00+05:30,103.79,103.9,103.79,103.9,251,0
2026-08-10T11:15:00+05:30,103.9,103.9,103.68,103.68,736,0
2026-08-10T11:30:00+05:30,103.68,103.75,103.51,103.52,2118,0
2026-08-10T11:45:00+05:30,103.51,103.61,103.39,103.56,2438,0
2026-08-10T12:00:00+05:30,103.56,103.6,103.45,103.6,2198,0
2026-08-10T12:15:00+05:30,103.52,103.83,103.46,103.47,3811,0
2026-08-10T12:30:00+05:30,103.5,103.75,103.47,103.54,2540,0
2026-08-10T12:45:00+05:30,103.54,103.71,103.38,103.57,4424,0
2026-08-10T13:00:00+05:30,103.65,103.65,103.34,103.59,2828,0
2026-08-10T13:15:00+05:30,103.58,103.58,103.49,103.49,680,0
2026-08-10T13:30:00+05:30,103.55,103.64,103.39,103.55,4955,0
2026-08-10T13:45:00+05:30,103.6,103.6,103.26,103.26,4584,0
2026-08-10T14:00:00+05:30,103.32,103.5,103.1,103.36,8885,0
2026-08-10T14:15:00+05:30,103.36,103.49,103.13,103.38,2825,0
2026-08-10T14:30:00+05:30,103.32,103.36,103.22,103.22,677,0
2026-08-10T14:45:00+05:30,103.22,103.33,102.91,102.96,11985,0
2026-08-10T15:00:00+05:30,102.92,103.5,102.89,102.95,21284,0
2026-08-10T15:15:00+05:30,102.96,103.37,102.82,103.08,9420,0
2026-08-11T09:15:00+05:30,103.1,103.31,102.51,102.57,17293,0
2026-08-11T09:30:00+05:30,102.54,102.83,102.32,102.51,10814,0
2026-08-11T09:45:00+05:30,102.68,102.78,102.21,102.67,14421,0
2026-08-11T10:00:00+05:30,102.67,102.7,102.54,102.54,2528,0
2026-08-11T10:15:00+05:30,102.6,102.7,102.43,102.51,3715,0
2026-08-11T10:30:00+05:30,102.51,103.02,102.51,102.69,20919,0
2026-08-11T10:45:00+05:30,102.69,102.78,102.58,102.75,876,0
2026-08-11T11:00:00+05:30,102.8,102.89,102.55,102.69,3056,0
2026-08-11T11:15:00+05:30,102.57,102.69,102.5,102.6,1295,0
2026-08-11T11:30:00+05:30,102.5,103.69,102.5,103.17,36231,0
2026-08-11T11:45:00+05:30,103.29,103.45,103.09,103.29,4388,0
2026-08-11T12:00:00+05:30,103.29,104.21,103.16,103.55,26192,0
2026-08-11T12:15:00+05:30,103.55,104.0,103.54,103.77,16431,0
2026-08-11T12:30:00+05:30,103.77,103.77,103.5,103.62,8274,0
2026-08-11T12:45:00+05:30,103.62,103.64,103.22,103.22,1836,0
2026-08-11T13:00:00+05:30,103.22,103.49,103.22,103.35,2703,0
2026-08-11T13:15:00+05:30,103.31,103.75,103.31,103.57,4976,0
2026-08-11T13:30:00+05:30,103.57,103.66,103.48,103.49,1076,0
2026-08-11T13:45:00+05:30,103.4,103.56,103.27,103.29,2096,0
2026-08-11T14:00:00+05:30,103.29,103.29,102.53,102.7,28983,0
2026-08-11T14:15:00+05:30,102.7,102.72,102.57,102.66,2480,0
2026-08-11T14:30:00+05:30,102.68,102.7,102.3,102.45,7443,0
2026-08-11T14:45:00+05:30,102.45,102.59,102.41,102.57,3296,0
2026-08-11T15:00:00+05:30,102.57,102.98,102.31,102.51,18569,0
2026-08-11T15:15:00+05:30,102.75,102.99,102.56,102.95,10551,0
2026-08-12T09:15:00+05:30,102.7,102.95,102.19,102.62,26350,0
2026-08-12T09:30:00+05:30,102.63,102.81,102.4,102.4,8825,0
2026-08-12T09:45:00+05:30,102.3,102.53,102.22,102.4,9557,0
2026-08-12T10:00:00+05:30,102.25,102.41,102.0,102.18,18638,0
2026-08-12T10:15:00+05:30,102.18,102.32,102.05,102.29,4282,0
2026-08-12T10:30:00+05:30,102.27,102.34,102.04,102.28,9639,0
2026-08-12T10:45:00+05:30,102.27,102.28,102.07,102.11,1931,0
2026-08-12T11:00:00+05:30,102.11,102.11,101.68,101.76,11281,0
2026-08-12T11:15:00+05:30,101.82,101.94,101.72,101.79,2865,0
2026-08-12T11:30:00+05:30,101.78,101.84,101.21,101.47,9975,0
2026-08-12T11:45:00+05:30,101.53,101.61,101.21,101.35,2722,0
2026-08-12T12:00:00+05:30,101.38,101.55,101.38,101.4,2014,0
2026-08-12T12:15:00+05:30,101.38,101.64,101.23,101.46,6309,0
2026-08-12T12:30:00+05:30,101.42,101.5,101.31,101.5,3079,0
2026-08-12T12:45:00+05:30,101.46,101.69,101.43,101.68,5309,0
2026-08-12T13:00:00+05:30,101.68,101.85,101.11,101.44,13940,0
2026-08-12T13:15:00+05:30,101.44,101.63,101.44,101.51,306,0
2026-08-12T13:30:00+05:30,101.51,101.63,101.17,101.17,8943,0
2026-08-12T13:45:00+05:30,101.28,101.36,100.73,101.14,14035,0
2026-08-12T14:00:00+05:30,101.09,101.14,100.87,100.87,6711,0
2026-08-12T14:15:00+05:30,100.95,101.8,100.88,101.69,23808,0
2026-08-12T14:30:00+05:30,101.56,102.06,101.56,102.03,22972,0
2026-08-12T14:45:00+05:30,102.03,102.7,102.03,102.55,26323,0
2026-08-12T15:00:00+05:30,102.49,103.69,102.06,102.51,65872,0
2026-08-12T15:15:00+05:30,102.5,106.0,102.5,105.0,219216,0
2026-08-13T09:15:00+05:30,107.02,107.84,104.6,104.93,171951,0
2026-08-13T09:30:00+05:30,104.86,106.9,104.69,106.71,84174,0
2026-08-13T09:45:00+05:30,106.7,107.7,106.0,106.5,94406,0
2026-08-13T10:00:00+05:30,106.57,107.59,106.51,106.94,88206,0
2026-08-13T10:15:00+05:30,107.0,107.08,106.4,106.66,27879,0
2026-08-13T10:30:00+05:30,106.8,107.7,106.51,107.25,64957,0
2026-08-13T10:45:00+05:30,107.31,108.23,106.65,106.75,159622,0
2026-08-13T11:00:00+05:30,106.85,106.93,105.71,105.73,41572,0
2026-08-13T11:15:00+05:30,105.74,106.0,105.5,106.0,29052,0
2026-08-13T11:30:00+05:30,106.0,106.0,105.73,105.91,7536,0
2026-08-13T11:45:00+05:30,105.81,106.37,105.81,106.35,10610,0
2026-08-13T12:00:00+05:30,106.35,106.78,106.0,106.25,16332,0
2026-08-13T12:15:00+05:30,106.18,107.09,106.17,106.72,45464,0
2026-08-13T12:30:00+05:30,106.72,106.72,106.39,106.39,9293,0
2026-08-13T12:45:00+05:30,106.39,106.67,106.39,106.67,1856,0
2026-08-13T13:00:00+05:30,106.67,106.95,106.41,106.5,6260,0
2026-08-13T13:15:00+05:30,106.52,106.71,106.37,106.37,6318,0
2026-08-13T13:30:00+05:30,106.31,106.66,106.22,106.44,6898,0
2026-08-13T13:45:00+05:30,106.42,106.44,106.0,106.0,30125,0
2026-08-13T14:00:00+05:30,105.99,106.12,105.83,105.83,8705,0
2026-08-13T14:15:00+05:30,105.83,105.99,105.23,105.63,28907,0
2026-08-13T14:30:00+05:30,105.64,105.84,104.65,104.91,39018,0
2026-08-13T14:45:00+05:30,104.9,104.95,104.14,104.76,23182,0
2026-08-13T15:00:00+05:30,104.81,105.3,104.54,104.81,32751,0
2026-08-13T15:15:00+05:30,104.81,104.99,104.0,104.49,41952,0
2026-08-14T09:15:00+05:30,103.0,104.62,102.11,102.53,92093,0
2026-08-14T09:30:00+05:30,102.53,102.9,102.42,102.69,24750,0
2026-08-14T09:45:00+05:30,102.78,102.83,102.01,102.02,35063,0
2026-08-14T10:00:00+05:30,102.36,102.42,102.12,102.12,10325,0
2026-08-14T10:15:00+05:30,102.12,102.16,101.42,101.48,31935,0
2026-08-14T10:30:00+05:30,101.48,101.49,100.21,100.99,64062,0
2026-08-14T10:45:00+05:30,100.97,101.33,100.97,101.01,12572,0
2026-08-14T11:00:00+05:30,101.02,101.53,100.83,101.35,21127,0
2026-08-14T11:15:00+05:30,101.33,101.48,101.22,101.29,5315,0
2026-08-14T11:30:00+05:30,101.29,101.47,101.0,101.25,10187,0
2026-08-14T11:45:00+05:30,101.23,101.35,101.1,101.35,4616,0
2026-08-14T12:00:00+05:30,101.35,101.35,101.13,101.29,1654,0
2026-08-14T12:15:00+05:30,101.29,101.6,101.29,101.4,10207,0
2026-08-14T12:30:00+05:30,101.4,101.44,101.02,101.22,7166,0
2026-08-14T12:45:00+05:30,101.11,101.31,101.09,101.25,4278,0
2026-08-14T13:00:00+05:30,101.24,101.34,101.09,101.3,13110,0
2026-08-14T13:15:00+05:30,101.3,101.34,101.2,101.3,3014,0
2026-08-14T13:30:00+05:30,101.3,101.3,101.15,101.29,4932,0
2026-08-14T13:45:00+05:30,101.3,101.51,101.09,101.16,20661,0
2026-08-14T14:00:00+05:30,101.31,101.83,101.21,101.62,19208,0
2026-08-14T14:15:00+05:30,101.54,101.62,101.09,101.43,15682,0
2026-08-14T14:30:00+05:30,101.35,101.59,101.25,101.36,4467,0
2026-08-14T14:45:00+05:30,101.27,101.45,100.65,100.77,29302,0
2026-08-14T15:00:00+05:30,100.77,101.0,100.5,100.61,64349,0
2026-08-14T15:15:00+05:30,100.61,100.8,100.33,100.8,44629,0
2026-08-17T09:15:00+05:30,100.63,101.94,100.1,100.18,58764,0
2026-08-17T09:30:00+05:30,100.25,101.0,100.13,100.7,15319,0
2026-08-17T09:45:00+05:30,100.84,101.6,100.8,101.51,22280,0
2026-08-17T10:00:00+05:30,101.5,101.5,101.3,101.5,6965,0
2026-08-17T10:15:00+05:30,101.48,101.75,101.32,101.65,11694,0
2026-08-17T10:30:00+05:30,101.65,101.74,101.33,101.45,1900,0
2026-08-17T10:45:00+05:30,101.32,101.49,101.21,101.4,1311,0
2026-08-17T11:00:00+05:30,101.4,101.49,101.27,101.4,2204,0
2026-08-17T11:15:00+05:30,101.4,101.4,101.27,101.36,589,0
2026-08-17T11:30:00+05:30,101.4,101.43,101.27,101.43,2646,0
2026-08-17T11:45:00+05:30,101.43,101.43,101.05,101.07,12050,0
2026-08-17T12:00:00+05:30,101.07,101.07,100.64,100.68,23294,0
2026-08-17T12:15:00+05:30,100.86,101.0,100.77,100.81,1514,0
2026-08-17T12:30:00+05:30,100.9,101.13,100.9,101.06,3981,0
2026-08-17T12:45:00+05:30,101.06,101.19,101.02,101.19,2303,0
2026-08-17T13:00:00+05:30,101.19,101.54,101.16,101.54,8241,0
2026-08-17T13:15:00+05:30,101.54,101.75,101.5,101.5,14517,0
2026-08-17T13:30:00+05:30,101.5,101.62,101.17,101.35,2275,0
2026-08-17T13:45:00+05:30,101.37,101.43,101.0,101.05,7703,0
2026-08-17T14:00:00+05:30,101.05,101.2,101.0,101.02,2919,0
2026-08-17T14:15:00+05:30,101.02,101.21,100.91,101.1,6073,0
2026-08-17T14:30:00+05:30,101.18,101.22,101.12,101.15,10946,0
2026-08-17T14:45:00+05:30,101.15,101.3,101.15,101.24,8399,0
2026-08-17T15:00:00+05:30,101.17,101.4,101.14,101.14,30917,0
2026-08-17T15:15:00+05:30,101.14,101.27,100.93,101.2,39941,0
2026-08-18T09:15:00+05:30,101.4,101.79,100.96,101.4,31940,0
2026-08-18T09:30:00+05:30,101.45,101.6,101.21,101.21,23804,0
2026-08-18T09:45:00+05:30,101.21,101.42,101.2,101.27,8149,0
2026-08-18T10:00:00+05:30,101.27,101.28,100.24,100.71,32119,0
2026-08-18T10:15:00+05:30,100.71,100.93,100.62,100.91,1213,0
2026-08-18T10:30:00+05:30,100.8,100.93,100.76,100.77,2343,0
2026-08-18T10:45:00+05:30,100.88,101.07,100.61,100.7,2073,0
2026-08-18T11:00:00+05:30,100.71,100.77,100.6,100.67,2581,0
2026-08-18T11:15:00+05:30,100.69,100.72,100.42,100.42,2653,0
2026-08-18T11:30:00+05:30,100.47,100.57,100.0,100.41,20452,0
2026-08-18T11:45:00+05:30,100.49,100.53,100.13,100.25,5776,0
2026-08-18T12:00:00+05:30,100.25,100.35,100.23,100.29,3453,0
2026-08-18T12:15:00+05:30,100.29,100.34,100.28,100.28,1569,0
2026-08-18T12:30:00+05:30,100.23,100.24,99.84,99.91,19811,0
2026-08-18T12:45:00+05:30,100.0,100.19,100.0,100.16,1353,0
2026-08-18T13:00:00+05:30,100.16,100.19,100.0,100.05,4090,0
2026-08-18T13:15:00+05:30,100.06,100.25,99.99,100.25,7877,0
2026-08-18T13:30:00+05:30,100.26,100.29,100.13,100.13,1976,0
2026-08-18T13:45:00+05:30,100.13,100.27,100.1,100.27,2197,0
2026-08-18T14:00:00+05:30,100.17,100.31,100.16,100.2,811,0
2026-08-18T14:15:00+05:30,100.2,100.25,100.19,100.19,2733,0
2026-08-18T14:30:00+05:30,100.2,100.2,99.91,99.99,9798,0
2026-08-18T14:45:00+05:30,99.99,100.1,99.91,100.04,8012,0
2026-08-18T15:00:00+05:30,100.08,100.3,100.0,100.14,31351,0
2026-08-18T15:15:00+05:30,100.01,100.16,99.8,99.99,18639,0
2026-08-19T09:15:00+05:30,101.0,101.0,99.5,99.5,21156,0
2026-08-19T09:30:00+05:30,99.58,99.84,99.14,99.42,15728,0
2026-08-19T09:45:00+05:30,99.42,99.9,99.38,99.74,8640,0
2026-08-19T10:00:00+05:30,99.74,99.83,99.47,99.47,11208,0
2026-08-19T10:15:00+05:30,99.68,99.73,99.41,99.51,7876,0
2026-08-19T10:30:00+05:30,99.51,99.78,99.38,99.45,5282,0
2026-08-19T10:45:00+05:30,99.45,99.92,99.45,99.7,2502,0
2026-08-19T11:00:00+05:30,99.7,99.73,99.4,99.59,3256,0
2026-08-19T11:15:00+05:30,99.59,99.73,99.52,99.52,5094,0
2026-08-19T11:30:00+05:30,99.52,99.52,99.49,99.49,2939,0
2026-08-19T11:45:00+05:30,99.5,99.8,99.49,99.76,2982,0
2026-08-19T12:00:00+05:30,99.76,99.78,99.52,99.73,2036,0
2026-08-19T12:15:00+05:30,99.73,99.73,99.52,99.52,1011,0
2026-08-19T12:30:00+05:30,99.59,99.65,99.44,99.64,7638,0
2026-08-19T12:45:00+05:30,99.6,99.73,99.51,99.64,2520,0
2026-08-19T13:00:00+05:30,99.72,99.73,99.62,99.66,3770,0
2026-08-19T13:15:00+05:30,99.63,99.63,99.35,99.49,4647,0
2026-08-19T13:30:00+05:30,99.49,99.5,99.31,99.48,1501,0
2026-08-19T13:45:00+05:30,99.48,99.48,99.31,99.39,1699,0
2026-08-19T14:00:00+05:30,99.32,99.39,99.32,99.32,1915,0
2026-08-19T14:15:00+05:30,99.33,99.33,99.15,99.21,4747,0
2026-08-19T14:30:00+05:30,99.35,99.39,99.22,99.24,5966,0
2026-08-19T14:45:00+05:30,99.25,99.39,98.7,98.95,20275,0
2026-08-19T15:00:00+05:30,98.88,99.0,98.25,98.77,47377,0
2026-08-19T15:15:00+05:30,98.75,98.9,98.5,98.55,24287,0
2026-08-20T09:15:00+05:30,99.56,100.5,99.56,100.01,27624,0
2026-08-20T09:30:00+05:30,100.18,101.0,100.06,100.21,20553,0
2026-08-20T09:45:00+05:30,100.22,100.26,100.01,100.23,7450,0
2026-08-20T10:00:00+05:30,100.23,100.29,99.8,100.11,11940,0
2026-08-20T10:15:00+05:30,100.11,100.12,100.02,100.11,2368,0
2026-08-20T10:30:00+05:30,100.12,100.37,100.12,100.28,5034,0
2026-08-20T10:45:00+05:30,100.28,100.37,100.18,100.31,3104,0
2026-08-20T11:00:00+05:30,100.31,100.32,100.09,100.2,3121,0
2026-08-20T11:15:00+05:30,100.14,100.24,100.14,100.22,2098,0
2026-08-20T11:30:00+05:30,100.23,100.47,100.2,100.4,8260,0
2026-08-20T11:45:00+05:30,100.41,100.44,100.11,100.31,4338,0
2026-08-20T12:00:00+05:30,100.31,100.35,100.07,100.1,2432,0
2026-08-20T12:15:00+05:30,100.19,100.34,100.13,100.18,5013,0
2026-08-20T12:30:00+05:30,100.18,101.17,100.18,100.92,39166,0
2026-08-20T12:45:00+05:30,100.97,100.97,100.5,100.58,15198,0
2026-08-20T13:00:00+05:30,100.58,100.94,100.46,100.8,6577,0
2026-08-20T13:15:00+05:30,100.67,100.83,100.5,100.83,4270,0
2026-08-20T13:30:00+05:30,100.76,100.87,100.67,100.67,809,0
2026-08-20T13:45:00+05:30,100.67,100.76,100.64,100.65,4371,0
2026-08-20T14:00:00+05:30,100.7,100.8,100.38,100.66,7441,0
2026-08-20T14:15:00+05:30,100.66,100.75,100.52,100.65,1402,0
2026-08-20T14:30:00+05:30,100.65,100.65,100.39,100.46,3968,0
2026-08-20T14:45:00+05:30,100.4,100.65,100.37,100.63,5377,0
2026-08-20T15:00:00+05:30,100.49,100.74,100.35,100.51,13700,0
2026-08-20T15:15:00+05:30,100.5,100.65,100.4,100.4,12996,0
2026-08-21T09:15:00+05:30,101.0,103.1,100.0,101.6,124363,0
2026-08-21T09:30:00+05:30,101.54,104.62,101.11,104.23,294412,0
2026-08-21T09:45:00+05:30,104.04,105.0,103.71,104.84,229852,0
2026-08-21T10:00:00+05:30,104.79,105.0,103.33,103.51,119628,0
2026-08-21T10:15:00+05:30,103.65,105.6,103.45,105.08,231448,0
2026-08-21T10:30:00+05:30,105.12,105.29,104.05,104.72,77304,0
2026-08-21T10:45:00+05:30,104.67,104.81,104.01,104.07,41418,0
2026-08-21T11:00:00+05:30,104.05,104.36,103.9,104.07,26878,0
2026-08-21T11:15:00+05:30,104.11,104.21,103.8,103.95,18439,0
2026-08-21T11:30:00+05:30,103.98,104.1,103.7,103.85,16559,0
2026-08-21T11:45:00+05:30,103.8,104.0,103.51,103.92,19059,0
2026-08-21T12:00:00+05:30,103.9,103.9,103.34,103.42,27638,0
2026-08-21T12:15:00+05:30,103.41,103.5,103.17,103.2,16926,0
2026-08-21T12:30:00+05:30,103.28,103.4,103.15,103.24,9357,0
2026-08-21T12:45:00+05:30,103.17,103.24,103.15,103.15,5656,0
2026-08-21T13:00:00+05:30,103.18,103.3,102.72,102.99,34679,0
2026-08-21T13:15:00+05:30,103.04,103.08,102.81,102.92,10536,0
2026-08-21T13:30:00+05:30,102.99,103.24,102.5,103.24,29391,0
2026-08-21T13:45:00+05:30,103.22,103.24,102.87,102.88,12860,0
2026-08-21T14:00:00+05:30,102.88,102.95,102.72,102.89,8530,0
2026-08-21T14:15:00+05:30,102.89,102.94,102.76,102.94,7017,0
2026-08-21T14:30:00+05:30,102.88,102.89,102.42,102.49,16446,0
2026-08-21T14:45:00+05:30,102.46,102.74,102.11,102.47,34369,0
2026-08-21T15:00:00+05:30,102.36,102.89,102.05,102.23,59203,0
2026-08-21T15:15:00+05:30,102.2,102.59,101.86,102.0,71061,0
2026-08-24T09:15:00+05:30,102.22,103.74,102.22,103.35,42325,0
2026-08-24T09:30:00+05:30,103.25,103.66,103.1,103.12,17283,0
2026-08-24T09:45:00+05:30,103.12,103.4,103.11,103.12,3991,0
2026-08-24T10:00:00+05:30,103.12,103.26,103.0,103.02,5112,0
2026-08-24T10:15:00+05:30,103.02,103.24,102.8,102.8,6982,0
2026-08-24T10:30:00+05:30,102.8,102.93,102.73,102.85,2214,0
2026-08-24T10:45:00+05:30,102.85,102.99,102.69,102.69,15167,0
2026-08-24T11:00:00+05:30,102.65,102.65,101.8,101.8,21737,0
2026-08-24T11:15:00+05:30,101.85,102.1,101.67,101.77,12119,0
2026-08-24T11:30:00+05:30,101.76,101.82,101.38,101.56,16426,0
2026-08-24T11:45:00+05:30,101.56,102.08,101.56,101.73,9620,0
2026-08-24T12:00:00+05:30,101.73,101.83,101.66,101.8,4463,0
2026-08-24T12:15:00+05:30,101.8,102.03,101.63,101.89,20933,0
2026-08-24T12:30:00+05:30,101.85,102.02,101.69,101.84,5280,0
2026-08-24T12:45:00+05:30,101.9,102.0,101.8,102.0,5241,0
2026-08-24T13:00:00+05:30,102.0,102.0,101.6,101.65,6255,0
2026-08-24T13:15:00+05:30,101.65,101.7,101.31,101.57,7697,0
2026-08-24T13:30:00+05:30,101.57,101.59,101.25,101.4,8020,0
2026-08-24T13:45:00+05:30,101.35,101.46,101.3,101.32,3085,0
2026-08-24T14:00:00+05:30,101.4,101.49,101.2,101.2,8280,0
2026-08-24T14:15:00+05:30,101.2,101.39,101.15,101.38,3616,0
2026-08-24T14:30:00+05:30,101.31,101.65,101.25,101.65,7490,0
2026-08-24T14:45:00+05:30,101.74,101.83,101.08,101.56,27522,0
2026-08-24T15:00:00+05:30,101.54,101.96,101.33,101.64,32231,0
2026-08-24T15:15:00+05:30,101.64,101.95,101.0,101.95,41909,0
2026-08-25T09:15:00+05:30,101.52,102.29,101.0,101.66,41366,0
2026-08-25T09:30:00+05:30,101.7,101.98,101.51,101.6,16662,0
2026-08-25T09:45:00+05:30,101.6,101.76,101.3,101.68,11669,0
2026-08-25T10:00:00+05:30,101.7,101.82,101.3,101.44,10065,0
2026-08-25T10:15:00+05:30,101.45,101.5,100.4,101.24,44675,0
2026-08-25T10:30:00+05:30,101.2,101.33,101.0,101.15,9054,0
2026-08-25T10:45:00+05:30,101.19,101.5,101.05,101.3,7404,0
2026-08-25T11:00:00+05:30,101.3,101.43,101.21,101.42,5842,0
2026-08-25T11:15:00+05:30,101.45,101.74,101.07,101.41,7548,0
2026-08-25T11:30:00+05:30,101.42,101.42,100.85,101.0,15822,0
2026-08-25T11:45:00+05:30,101.0,101.28,100.87,101.28,6386,0
2026-08-25T12:00:00+05:30,101.3,101.39,101.09,101.19,6401,0
2026-08-25T12:15:00+05:30,101.27,101.27,101.05,101.24,3305,0
2026-08-25T12:30:00+05:30,101.24,101.25,101.1,101.14,954,0
2026-08-25T12:45:00+05:30,101.14,101.16,100.83,100.98,6471,0
2026-08-25T13:00:00+05:30,100.98,100.98,100.72,100.88,2040,0
2026-08-25T13:15:00+05:30,100.88,100.88,100.65,100.66,4143,0
2026-08-25T13:30:00+05:30,100.66,100.78,100.47,100.71,16575,0
2026-08-25T13:45:00+05:30,100.71,100.83,100.5,100.6,4654,0
2026-08-25T14:00:00+05:30,100.6,100.78,100.6,100.77,1069,0
2026-08-25T14:15:00+05:30,100.76,100.78,100.6,100.74,1234,0
2026-08-25T14:30:00+05:30,100.75,100.94,100.75,100.89,4027,0
2026-08-25T14:45:00+05:30,100.93,101.09,100.87,100.97,5865,0
2026-08-25T15:00:00+05:30,100.97,101.65,100.97,101.56,31639,0
2026-08-25T15:15:00+05:30,101.52,101.65,101.35,101.64,21521,0
2026-08-26T09:15:00+05:30,102.4,102.55,101.93,101.96,16748,0
2026-08-26T09:30:00+05:30,101.97,102.17,101.97,102.14,6291,0
2026-08-26T09:45:00+05:30,102.15,102.24,101.9,102.0,8360,0
2026-08-26T10:00:00+05:30,102.0,102.0,101.75,101.92,3542,0
2026-08-26T10:15:00+05:30,101.93,101.96,101.8,101.8,1649,0
2026-08-26T10:30:00+05:30,101.81,102.24,101.81,102.1,5167,0
2026-08-26T10:45:00+05:30,102.1,102.1,101.56,101.62,7963,0
2026-08-26T11:00:00+05:30,101.62,101.92,101.62,101.71,1795,0
2026-08-26T11:15:00+05:30,101.71,101.8,101.63,101.74,1191,0
2026-08-26T11:30:00+05:30,101.74,101.74,101.36,101.56,6003,0
2026-08-26T11:45:00+05:30,101.58,101.63,101.5,101.53,435,0
2026-08-26T12:00:00+05:30,101.5,101.51,101.2,101.5,8082,0
2026-08-26T12:15:00+05:30,101.45,101.59,101.33,101.33,1228,0
2026-08-26T12:30:00+05:30,101.33,101.49,101.3,101.41,2933,0
2026-08-26T12:45:00+05:30,101.41,101.41,100.98,101.2,13371,0
2026-08-26T13:00:00+05:30,101.2,101.24,101.2,101.2,501,0
2026-08-26T13:15:00+05:30,101.27,101.39,101.13,101.14,2599,0
2026-08-26T13:30:00+05:30,101.14,101.25,101.14,101.14,1766,0
2026-08-26T13:45:00+05:30,101.14,101.14,100.9,101.02,7640,0
2026-08-26T14:00:00+05:30,101.0,101.2,101.0,101.06,3743,0
2026-08-26T14:15:00+05:30,101.11,101.32,101.0,101.0,5605,0
2026-08-26T14:30:00+05:30,101.01,101.37,101.0,101.25,5377,0
2026-08-26T14:45:00+05:30,101.3,101.45,101.0,101.13,8800,0
2026-08-26T15:00:00+05:30,101.13,102.34,101.13,102.28,27644,0
2026-08-26T15:15:00+05:30,102.25,102.29,101.57,102.0,11230,0
2026-08-27T09:15:00+05:30,102.0,102.4,101.46,102.0,33408,0
2026-08-27T09:30:00+05:30,102.0,102.06,101.91,101.98,2785,0
2026-08-27T09:45:00+05:30,101.98,102.0,101.55,101.69,8951,0
2026-08-27T10:00:00+05:30,101.69,101.7,101.28,101.58,4396,0
2026-08-27T10:15:00+05:30,101.58,101.72,101.4,101.66,3917,0
2026-08-27T10:30:00+05:30,101.66,101.66,101.27,101.27,2039,0
2026-08-27T10:45:00+05:30,101.27,101.43,101.16,101.28,3834,0
2026-08-27T11:00:00+05:30,101.28,101.39,101.25,101.31,8728,0
2026-08-27T11:15:00+05:30,101.21,101.28,100.97,101.14,15258,0
2026-08-27T11:30:00+05:30,101.14,101.37,101.13,101.3,3633,0
2026-08-27T11:45:00+05:30,101.3,101.3,101.12,101.17,7819,0
2026-08-27T12:00:00+05:30,101.15,101.15,100.76,101.0,19192,0
2026-08-27T12:15:00+05:30,101.0,101.0,100.86,100.98,1344,0
2026-08-27T12:30:00+05:30,100.88,101.12,100.87,101.1,797,0
2026-08-27T12:45:00+05:30,101.1,101.1,100.9,101.0,799,0
2026-08-27T13:00:00+05:30,101.0,101.1,100.9,100.95,1659,0
2026-08-27T13:15:00+05:30,100.95,101.06,100.3,100.3,14351,0
2026-08-27T13:30:00+05:30,100.3,100.36,99.47,100.14,68101,0
2026-08-27T13:45:00+05:30,100.14,100.15,99.71,100.0,11496,0
2026-08-27T14:00:00+05:30,100.0,100.08,99.87,100.08,7410,0
2026-08-27T14:15:00+05:30,100.08,100.24,99.98,100.14,6527,0
2026-08-27T14:30:00+05:30,100.14,100.14,100.0,100.0,4038,0
2026-08-27T14:45:00+05:30,100.0,100.2,99.99,100.03,6505,0
2026-08-27T15:00:00+05:30,100.01,100.49,99.93,100.33,27896,0
2026-08-27T15:15:00+05:30,100.0,100.33,99.82,100.33,14735,0
2026-08-28T09:15:00+05:30,100.91,101.0,100.27,100.68,30209,0
2026-08-28T09:30:00+05:30,100.7,100.84,100.5,100.8,11069,0
2026-08-28T09:45:00+05:30,100.8,100.8,100.29,100.4,9416,0
2026-08-28T10:00:00+05:30,100.35,100.54,100.28,100.52,3119,0
2026-08-28T10:15:00+05:30,100.55,100.7,100.51,100.6,4405,0
2026-08-28T10:30:00+05:30,100.6,100.65,100.41,100.57,2321,0
2026-08-28T10:45:00+05:30,100.55,100.61,100.46,100.49,1048,0
2026-08-28T11:00:00+05:30,100.43,100.74,100.32,100.43,7223,0
2026-08-28T11:15:00+05:30,100.42,100.59,100.24,100.35,2517,0
2026-08-28T11:30:00+05:30,100.34,100.48,100.15,100.35,7729,0
2026-08-28T11:45:00+05:30,100.36,100.4,100.1,100.1,4546,0
2026-08-28T12:00:00+05:30,100.15,100.15,99.8,99.91,11077,0
2026-08-28T12:15:00+05:30,99.94,100.17,99.91,99.92,5644,0
2026-08-28T12:30:00+05:30,99.93,100.0,99.92,99.99,3241,0
2026-08-28T12:45:00+05:30,99.92,99.99,99.8,99.8,5356,0
2026-08-28T13:00:00+05:30,99.8,99.99,99.8,99.94,3664,0
2026-08-28T13:15:00+05:30,99.96,99.96,99.8,99.84,2618,0
2026-08-28T13:30:00+05:30,99.89,99.95,99.66,99.68,6639,0
2026-08-28T13:45:00+05:30,99.68,99.89,99.68,99.8,3363,0
2026-08-28T14:00:00+05:30,99.8,99.86,99.75,99.76,3277,0
2026-08-28T14:15:00+05:30,99.76,99.86,99.7,99.86,2895,0
2026-08-28T14:30:00+05:30,99.8,99.86,99.71,99.77,2830,0
2026-08-28T14:45:00+05:30,99.77,99.85,99.76,99.79,2643,0
2026-08-28T15:00:00+05:30,99.78,100.85,99.78,99.94,40419,0
2026-08-28T15:15:00+05:30,99.94,100.8,99.89,100.33,22983,0
