timestamp,open,high,low,close,volume,oi
2026-03-16T09:15:00+05:30,940.0,940.0,909.7,915.4,13672,0
2026-03-16T09:30:00+05:30,915.9,922.6,913.9,921.6,13954,0
2026-03-16T09:45:00+05:30,921.5,924.0,916.2,917.6,7736,0
2026-03-16T10:00:00+05:30,917.6,918.1,901.1,902.1,11595,0
2026-03-16T10:15:00+05:30,901.7,902.0,894.0,897.5,13314,0
2026-03-16T10:30:00+05:30,897.7,900.0,890.5,892.0,9208,0
2026-03-16T10:45:00+05:30,892.0,896.6,890.1,895.9,7100,0
2026-03-16T11:00:00+05:30,895.5,897.9,893.0,894.6,3287,0
2026-03-16T11:15:00+05:30,894.7,900.4,892.0,893.0,6106,0
2026-03-16T11:30:00+05:30,892.2,898.5,892.0,895.8,7355,0
2026-03-16T11:45:00+05:30,896.2,896.2,892.0,892.3,5634,0
2026-03-16T12:00:00+05:30,892.6,897.5,892.5,893.3,3621,0
2026-03-16T12:15:00+05:30,894.0,894.5,892.0,892.4,5114,0
2026-03-16T12:30:00+05:30,892.2,893.5,888.0,889.7,7841,0
2026-03-16T12:45:00+05:30,890.0,890.6,887.8,889.5,5153,0
2026-03-16T13:00:00+05:30,889.1,890.2,885.3,886.2,8629,0
2026-03-16T13:15:00+05:30,886.3,888.5,886.0,886.3,5278,0
2026-03-16T13:30:00+05:30,886.7,887.3,885.2,885.6,5335,0
2026-03-16T13:45:00+05:30,886.0,888.8,885.6,886.0,4455,0
2026-03-16T14:00:00+05:30,886.1,887.3,885.5,885.7,3519,0
2026-03-16T14:15:00+05:30,886.1,896.0,885.5,892.5,14271,0
2026-03-16T14:30:00+05:30,892.6,896.0,892.2,894.7,12926,0
2026-03-16T14:45:00+05:30,895.0,897.0,891.4,892.7,18741,0
2026-03-16T15:00:00+05:30,892.0,892.7,885.5,887.6,19908,0
2026-03-16T15:15:00+05:30,888.4,890.1,885.0,886.3,20942,0
2026-03-17T09:15:00+05:30,890.0,894.4,877.2,880.1,24662,0
2026-03-17T09:30:00+05:30,881.5,884.6,878.1,883.2,5848,0
2026-03-17T09:45:00+05:30,883.2,892.6,880.8,891.6,5671,0
2026-03-17T10:00:00+05:30,891.6,899.7,891.6,897.7,13254,0
2026-03-17T10:15:00+05:30,898.3,906.0,894.5,895.0,9470,0
2026-03-17T10:30:00+05:30,895.2,895.2,885.8,887.8,4455,0
2026-03-17T10:45:00+05:30,887.9,890.0,878.2,878.2,7560,0
2026-03-17T11:00:00+05:30,878.3,880.8,875.6,876.8,6350,0
2026-03-17T11:15:00+05:30,876.7,878.0,873.6,876.0,6964,0
2026-03-17T11:30:00+05:30,876.0,876.1,870.1,872.1,8981,0
2026-03-17T11:45:00+05:30,872.1,874.0,871.0,873.0,7350,0
2026-03-17T12:00:00+05:30,873.0,881.0,870.6,879.0,8612,0
2026-03-17T12:15:00+05:30,879.0,880.8,875.0,875.4,2986,0
2026-03-17T12:30:00+05:30,875.4,879.8,874.5,879.0,3881,0
2026-03-17T12:45:00+05:30,878.9,884.3,873.2,873.9,11348,0
2026-03-17T13:00:00+05:30,873.9,876.4,871.2,874.7,7952,0
2026-03-17T13:15:00+05:30,874.7,879.1,873.9,875.7,3027,0
2026-03-17T13:30:00+05:30,875.6,877.4,869.0,869.9,22935,0
2026-03-17T13:45:00+05:30,869.8,871.9,869.8,871.0,10145,0
2026-03-17T14:00:00+05:30,871.0,875.1,870.9,875.0,2443,0
2026-03-17T14:15:00+05:30,875.0,875.0,869.1,869.1,6674,0
2026-03-17T14:30:00+05:30,869.0,871.1,869.0,869.5,11859,0
2026-03-17T14:45:00+05:30,869.5,870.7,868.1,870.0,4227,0
2026-03-17T15:00:00+05:30,869.6,869.8,866.3,869.4,13664,0
2026-03-17T15:15:00+05:30,868.9,872.4,866.5,869.8,29449,0
2026-03-18T09:15:00+05:30,870.0,906.0,869.0,902.4,32060,0
2026-03-18T09:30:00+05:30,904.4,904.9,886.8,888.5,14752,0
2026-03-18T09:45:00+05:30,889.9,890.0,882.0,884.0,11476,0
2026-03-18T10:00:00+05:30,884.0,884.4,876.1,878.6,7939,0
2026-03-18T10:15:00+05:30,879.0,895.0,879.0,886.8,64602,0
2026-03-18T10:30:00+05:30,887.4,887.6,876.0,878.1,42047,0
2026-03-18T10:45:00+05:30,879.0,896.7,877.6,892.7,27905,0
2026-03-18T11:00:00+05:30,893.5,893.9,882.0,884.6,6018,0
2026-03-18T11:15:00+05:30,884.5,884.8,878.7,883.0,9121,0
2026-03-18T11:30:00+05:30,883.0,887.0,881.8,882.2,10492,0
2026-03-18T11:45:00+05:30,882.1,883.1,876.0,876.6,12497,0
2026-03-18T12:00:00+05:30,876.7,878.3,871.5,872.7,12374,0
2026-03-18T12:15:00+05:30,873.4,875.5,872.7,874.9,4154,0
2026-03-18T12:30:00+05:30,875.0,878.5,874.1,877.3,18078,0
2026-03-18T12:45:00+05:30,877.9,880.0,874.3,878.4,10978,0
2026-03-18T13:00:00+05:30,878.8,886.9,878.8,883.8,8850,0
2026-03-18T13:15:00+05:30,884.1,892.7,881.3,890.6,12114,0
2026-03-18T13:30:00+05:30,890.7,903.0,890.3,899.0,25689,0
2026-03-18T13:45:00+05:30,900.0,924.0,897.4,919.0,54114,0
2026-03-18T14:00:00+05:30,920.0,925.0,897.2,899.2,48891,0
2026-03-18T14:15:00+05:30,899.2,902.0,897.4,901.7,19823,0
2026-03-18T14:30:00+05:30,901.7,901.8,888.1,889.4,33333,0
2026-03-18T14:45:00+05:30,889.9,893.4,888.0,890.0,64153,0
2026-03-18T15:00:00+05:30,889.6,890.0,880.0,881.2,31849,0
2026-03-18T15:15:00+05:30,881.0,883.5,875.0,878.3,94230,0
2026-03-19T09:15:00+05:30,873.0,878.4,853.0,875.9,15332,0
2026-03-19T09:30:00+05:30,876.6,879.7,870.2,874.7,6526,0
2026-03-19T09:45:00+05:30,875.5,878.3,871.4,872.4,3910,0
2026-03-19T10:00:00+05:30,872.3,873.9,871.0,873.9,2480,0
2026-03-19T10:15:00+05:30,872.8,874.8,871.0,872.0,1555,0
2026-03-19T10:30:00+05:30,872.1,874.9,870.4,873.5,1961,0
2026-03-19T10:45:00+05:30,873.5,874.0,864.0,864.5,7908,0
2026-03-19T11:00:00+05:30,865.0,865.5,857.5,860.0,8501,0
2026-03-19T11:15:00+05:30,860.9,864.5,860.3,861.9,4551,0
2026-03-19T11:30:00+05:30,861.5,867.4,861.2,865.6,2125,0
2026-03-19T11:45:00+05:30,866.7,867.4,865.6,865.7,769,0
2026-03-19T12:00:00+05:30,865.9,866.5,864.0,866.3,1109,0
2026-03-19T12:15:00+05:30,866.3,868.4,865.3,867.4,666,0
2026-03-19T12:30:00+05:30,867.7,872.3,867.5,870.2,2176,0
2026-03-19T12:45:00+05:30,870.2,873.3,868.0,872.5,1914,0
2026-03-19T13:00:00+05:30,872.1,874.6,870.7,872.7,1960,0
2026-03-19T13:15:00+05:30,872.7,872.7,869.0,870.0,1898,0
2026-03-19T13:30:00+05:30,869.8,872.0,866.1,869.0,2018,0
2026-03-19T13:45:00+05:30,868.9,869.9,866.1,867.0,1108,0
2026-03-19T14:00:00+05:30,867.0,867.0,861.7,863.0,1494,0
2026-03-19T14:15:00+05:30,863.0,866.1,862.1,862.9,1398,0
2026-03-19T14:30:00+05:30,862.1,864.7,861.1,864.6,2898,0
2026-03-19T14:45:00+05:30,864.6,866.3,859.0,859.8,4205,0
2026-03-19T15:00:00+05:30,860.0,864.5,858.0,864.4,7221,0
2026-03-19T15:15:00+05:30,864.5,871.0,862.1,871.0,12778,0
2026-03-20T09:15:00+05:30,876.6,878.7,868.9,877.0,10369,0
2026-03-20T09:30:00+05:30,877.9,878.9,870.6,871.4,2898,0
2026-03-20T09:45:00+05:30,872.0,878.4,868.1,878.4,5505,0
2026-03-20T10:00:00+05:30,878.5,878.5,873.2,873.6,4514,0
2026-03-20T10:15:00+05:30,873.5,874.8,870.0,873.3,3844,0
2026-03-20T10:30:00+05:30,872.7,879.1,872.7,877.3,3478,0
2026-03-20T10:45:00+05:30,878.1,882.4,877.0,880.2,4000,0
2026-03-20T11:00:00+05:30,881.1,881.5,878.7,880.0,786,0
2026-03-20T11:15:00+05:30,880.9,888.0,880.7,883.0,7157,0
2026-03-20T11:30:00+05:30,882.9,888.1,882.0,888.0,4008,0
2026-03-20T11:45:00+05:30,888.1,891.0,884.5,885.6,8286,0
2026-03-20T12:00:00+05:30,886.7,886.7,880.9,883.4,2269,0
2026-03-20T12:15:00+05:30,883.4,885.5,881.1,881.1,2847,0
2026-03-20T12:30:00+05:30,881.9,891.6,878.6,891.5,5105,0
2026-03-20T12:45:00+05:30,891.5,894.8,890.6,894.3,5312,0
2026-03-20T13:00:00+05:30,894.3,911.9,890.6,909.0,31909,0
2026-03-20T13:15:00+05:30,910.0,931.9,910.0,923.2,107920,0
2026-03-20T13:30:00+05:30,923.0,941.0,917.0,939.4,100797,0
2026-03-20T13:45:00+05:30,939.4,944.7,917.0,927.9,209811,0
2026-03-20T14:00:00+05:30,927.8,929.0,913.0,918.2,117605,0
2026-03-20T14:15:00+05:30,918.2,918.9,912.0,915.6,40914,0
2026-03-20T14:30:00+05:30,915.9,924.6,915.0,917.2,39781,0
2026-03-20T14:45:00+05:30,918.0,918.1,906.5,911.0,45267,0
2026-03-20T15:00:00+05:30,911.1,914.9,906.5,910.0,30074,0
2026-03-20T15:15:00+05:30,910.0,925.9,909.9,917.5,38815,0
2026-03-23T09:15:00+05:30,910.0,910.0,888.6,892.2,29537,0
2026-03-23T09:30:00+05:30,891.1,892.5,885.0,888.1,6669,0
2026-03-23T09:45:00+05:30,887.7,888.3,881.9,884.0,5304,0
2026-03-23T10:00:00+05:30,884.7,888.0,879.4,880.1,6322,0
2026-03-23T10:15:00+05:30,880.1,880.4,871.0,871.0,6168,0
2026-03-23T10:30:00+05:30,871.6,876.5,871.0,872.9,8618,0
2026-03-23T10:45:00+05:30,872.5,875.6,870.9,870.9,4204,0
2026-03-23T11:00:00+05:30,871.5,876.4,866.7,873.3,4521,0
2026-03-23T11:15:00+05:30,873.1,873.1,867.5,868.6,3514,0
2026-03-23T11:30:00+05:30,867.9,871.6,867.9,868.1,2690,0
2026-03-23T11:45:00+05:30,868.1,873.3,866.9,870.7,2330,0
2026-03-23T12:00:00+05:30,870.7,872.8,870.2,871.3,2529,0
2026-03-23T12:15:00+05:30,871.3,871.4,867.0,867.9,2105,0
2026-03-23T12:30:00+05:30,868.2,871.8,866.6,867.2,3148,0
2026-03-23T12:45:00+05:30,867.9,870.5,863.2,868.9,9070,0
2026-03-23T13:00:00+05:30,868.1,868.1,863.8,864.4,2193,0
2026-03-23T13:15:00+05:30,864.4,867.5,863.2,865.0,4363,0
2026-03-23T13:30:00+05:30,865.0,872.4,864.2,871.5,2782,0
2026-03-23T13:45:00+05:30,871.5,885.0,870.3,884.8,7690,0
2026-03-23T14:00:00+05:30,883.9,885.6,880.8,883.8,4486,0
2026-03-23T14:15:00+05:30,883.6,885.0,878.0,878.9,3296,0
2026-03-23T14:30:00+05:30,878.8,879.2,864.6,869.6,6800,0
2026-03-23T14:45:00+05:30,869.6,869.8,862.0,864.8,10422,0
2026-03-23T15:00:00+05:30,864.8,865.0,856.2,864.0,17086,0
2026-03-23T15:15:00+05:30,863.7,867.6,857.0,863.0,21895,0
2026-03-24T09:15:00+05:30,877.7,877.7,855.3,861.8,22288,0
2026-03-24T09:30:00+05:30,862.8,864.2,858.0,858.7,5950,0
2026-03-24T09:45:00+05:30,858.1,862.5,853.1,862.5,5849,0
2026-03-24T10:00:00+05:30,862.5,862.9,855.2,856.0,6513,0
2026-03-24T10:15:00+05:30,856.0,863.0,855.7,859.1,7078,0
2026-03-24T10:30:00+05:30,859.1,860.2,850.0,852.0,7711,0
2026-03-24T10:45:00+05:30,850.7,854.9,850.4,850.5,2290,0
2026-03-24T11:00:00+05:30,850.5,854.5,850.3,852.4,2237,0
2026-03-24T11:15:00+05:30,852.2,860.0,852.1,855.2,6912,0
2026-03-24T11:30:00+05:30,855.2,860.9,854.5,857.5,3735,0
2026-03-24T11:45:00+05:30,858.1,863.8,856.9,862.0,4597,0
2026-03-24T12:00:00+05:30,862.0,865.2,860.5,860.9,6388,0
2026-03-24T12:15:00+05:30,860.9,866.4,856.8,863.0,6643,0
2026-03-24T12:30:00+05:30,863.0,870.0,863.0,865.6,5200,0
2026-03-24T12:45:00+05:30,865.7,878.6,865.4,877.7,8744,0
2026-03-24T13:00:00+05:30,878.1,879.4,868.6,871.2,3253,0
2026-03-24T13:15:00+05:30,871.2,873.8,867.1,869.6,4528,0
2026-03-24T13:30:00+05:30,869.6,883.5,869.6,878.3,17681,0
2026-03-24T13:45:00+05:30,878.1,879.9,873.9,875.2,3686,0
2026-03-24T14:00:00+05:30,875.2,878.8,873.7,875.5,5660,0
2026-03-24T14:15:00+05:30,875.5,877.5,871.7,873.0,2302,0
2026-03-24T14:30:00+05:30,873.0,874.0,865.8,867.0,8588,0
2026-03-24T14:45:00+05:30,867.1,873.3,865.3,872.0,8952,0
2026-03-24T15:00:00+05:30,872.6,872.6,866.0,868.3,4544,0
2026-03-24T15:15:00+05:30,869.2,872.7,866.0,869.6,8158,0
2026-03-25T09:15:00+05:30,880.1,890.5,879.7,886.7,28621,0
2026-03-25T09:30:00+05:30,888.3,891.9,880.7,884.0,12726,0
2026-03-25T09:45:00+05:30,884.6,893.3,883.5,893.0,8163,0
2026-03-25T10:00:00+05:30,893.6,895.9,888.1,891.7,11677,0
2026-03-25T10:15:00+05:30,893.1,894.5,886.8,886.8,4942,0
2026-03-25T10:30:00+05:30,886.9,894.1,886.8,893.2,1988,0
2026-03-25T10:45:00+05:30,893.0,894.4,888.9,890.9,3298,0
2026-03-25T11:00:00+05:30,890.9,900.3,890.9,895.0,16960,0
2026-03-25T11:15:00+05:30,896.3,896.5,889.0,889.8,4522,0
2026-03-25T11:30:00+05:30,888.6,890.4,884.0,886.0,4406,0
2026-03-25T11:45:00+05:30,885.2,890.4,885.2,889.0,2608,0
2026-03-25T12:00:00+05:30,888.7,892.8,887.6,892.0,3548,0
2026-03-25T12:15:00+05:30,892.0,894.0,890.8,893.2,1897,0
2026-03-25T12:30:00+05:30,892.6,893.4,890.3,892.6,1857,0
2026-03-25T12:45:00+05:30,893.1,893.7,889.8,890.2,3933,0
2026-03-25T13:00:00+05:30,888.7,891.3,887.0,889.7,1176,0
2026-03-25T13:15:00+05:30,889.0,889.7,887.1,888.4,1899,0
2026-03-25T13:30:00+05:30,888.4,889.8,886.6,889.0,1172,0
2026-03-25T13:45:00+05:30,889.0,893.3,888.8,893.0,4639,0
2026-03-25T14:00:00+05:30,892.1,893.0,886.1,886.6,3455,0
2026-03-25T14:15:00+05:30,886.6,888.0,883.7,886.0,10734,0
2026-03-25T14:30:00+05:30,886.1,888.8,885.2,888.7,1330,0
2026-03-25T14:45:00+05:30,888.7,888.9,882.3,883.6,5551,0
2026-03-25T15:00:00+05:30,884.8,896.5,880.3,894.7,26952,0
2026-03-25T15:15:00+05:30,893.2,893.8,882.3,886.0,5774,0
2026-03-27T09:15:00+05:30,891.1,891.1,860.0,878.1,20099,0
2026-03-27T09:30:00+05:30,878.8,883.6,876.6,879.1,8572,0
2026-03-27T09:45:00+05:30,879.3,879.3,866.4,866.4,8615,0
2026-03-27T10:00:00+05:30,866.1,868.2,862.4,864.0,5419,0
2026-03-27T10:15:00+05:30,863.7,865.5,860.0,861.5,4708,0
2026-03-27T10:30:00+05:30,861.5,863.0,856.8,858.5,4079,0
2026-03-27T10:45:00+05:30,857.7,859.7,856.3,856.7,3823,0
2026-03-27T11:00:00+05:30,856.8,861.8,856.0,859.1,5423,0
2026-03-27T11:15:00+05:30,859.5,859.6,854.5,855.5,2198,0
2026-03-27T11:30:00+05:30,855.8,858.9,853.5,854.7,7559,0
2026-03-27T11:45:00+05:30,854.7,857.0,853.5,856.6,2729,0
2026-03-27T12:00:00+05:30,855.9,861.4,855.8,859.0,6286,0
2026-03-27T12:15:00+05:30,859.2,860.3,854.2,860.1,2324,0
2026-03-27T12:30:00+05:30,860.1,860.3,854.0,856.9,3928,0
2026-03-27T12:45:00+05:30,856.3,856.3,853.0,854.0,2567,0
2026-03-27T13:00:00+05:30,854.0,858.0,852.6,857.8,6679,0
2026-03-27T13:15:00+05:30,857.3,858.1,852.2,853.6,7475,0
2026-03-27T13:30:00+05:30,853.9,855.9,853.0,855.7,3124,0
2026-03-27T13:45:00+05:30,855.7,857.3,850.8,851.5,8220,0
2026-03-27T14:00:00+05:30,851.5,854.5,850.6,853.7,6904,0
2026-03-27T14:15:00+05:30,853.8,854.1,851.5,852.5,3898,0
2026-03-27T14:30:00+05:30,852.4,852.5,848.0,849.4,13517,0
2026-03-27T14:45:00+05:30,848.5,849.9,844.1,847.3,11894,0
2026-03-27T15:00:00+05:30,847.3,852.0,842.0,842.0,27490,0
2026-03-27T15:15:00+05:30,844.0,847.9,836.4,840.8,39986,0
2026-03-30T09:15:00+05:30,836.0,846.2,821.9,832.3,18158,0
2026-03-30T09:30:00+05:30,832.3,838.1,831.4,836.0,9712,0
2026-03-30T09:45:00+05:30,836.1,840.0,825.5,825.5,7440,0
2026-03-30T10:00:00+05:30,825.6,829.0,820.2,822.0,8133,0
2026-03-30T10:15:00+05:30,822.0,822.8,818.0,819.0,6212,0
2026-03-30T10:30:00+05:30,819.2,823.3,818.0,818.0,4602,0
2026-03-30T10:45:00+05:30,819.0,822.4,818.0,820.4,5845,0
2026-03-30T11:00:00+05:30,820.0,822.9,818.2,822.4,5326,0
2026-03-30T11:15:00+05:30,822.4,824.8,818.1,819.0,3556,0
2026-03-30T11:30:00+05:30,819.8,823.2,818.5,820.0,2684,0
2026-03-30T11:45:00+05:30,819.3,821.0,818.3,820.2,1390,0
2026-03-30T12:00:00+05:30,820.9,827.0,819.6,822.9,4892,0
2026-03-30T12:15:00+05:30,822.2,825.0,820.0,821.2,1562,0
2026-03-30T12:30:00+05:30,821.4,824.0,820.8,822.1,2348,0
2026-03-30T12:45:00+05:30,821.2,822.6,817.8,820.1,4558,0
2026-03-30T13:00:00+05:30,819.8,828.8,819.8,828.8,10164,0
2026-03-30T13:15:00+05:30,828.8,830.2,821.7,823.4,7341,0
2026-03-30T13:30:00+05:30,823.4,828.5,820.8,823.7,2214,0
2026-03-30T13:45:00+05:30,823.5,826.7,814.4,816.3,9246,0
2026-03-30T14:00:00+05:30,816.3,823.3,815.1,817.2,4846,0
2026-03-30T14:15:00+05:30,817.7,817.9,802.3,803.1,9539,0
2026-03-30T14:30:00+05:30,803.5,807.0,800.4,801.5,17499,0
2026-03-30T14:45:00+05:30,801.6,805.8,800.0,804.2,15425,0
2026-03-30T15:00:00+05:30,804.2,805.6,795.0,800.9,24472,0
2026-03-30T15:15:00+05:30,800.9,809.6,798.0,804.0,22433,0
2026-04-01T09:15:00+05:30,816.5,854.3,816.5,851.2,19502,0
2026-04-01T09:30:00+05:30,851.45,852.05,840.85,843.2,5754,0
2026-04-01T09:45:00+05:30,843.45,858.35,841.5,855.05,5684,0
2026-04-01T10:00:00+05:30,854.2,865.7,854.0,862.7,11890,0
2026-04-01T10:15:00+05:30,864.05,867.0,855.0,858.4,13450,0
2026-04-01T10:30:00+05:30,858.65,879.0,858.2,870.1,31515,0
2026-04-01T10:45:00+05:30,870.1,870.1,864.65,867.55,11115,0
2026-04-01T11:00:00+05:30,867.4,867.5,858.35,860.8,4853,0
2026-04-01T11:15:00+05:30,859.5,866.0,855.25,863.05,6730,0
2026-04-01T11:30:00+05:30,863.9,871.25,863.9,868.15,5203,0
2026-04-01T11:45:00+05:30,867.95,867.95,860.7,865.3,2405,0
2026-04-01T12:00:00+05:30,865.15,870.15,864.15,869.75,3351,0
2026-04-01T12:15:00+05:30,869.0,869.25,867.0,869.05,862,0
2026-04-01T12:30:00+05:30,868.45,868.95,866.5,867.5,1583,0
2026-04-01T12:45:00+05:30,867.5,869.9,864.65,864.8,3745,0
2026-04-01T13:00:00+05:30,865.55,867.95,863.5,866.65,2219,0
2026-04-01T13:15:00+05:30,866.15,866.75,860.65,863.3,1521,0
2026-04-01T13:30:00+05:30,862.75,863.4,850.1,857.0,7418,0
2026-04-01T13:45:00+05:30,858.0,867.95,856.5,862.05,4493,0
2026-04-01T14:00:00+05:30,862.25,865.05,862.15,864.1,1022,0
2026-04-01T14:15:00+05:30,864.15,867.0,862.0,864.9,5269,0
2026-04-01T14:30:00+05:30,865.0,866.05,856.15,856.8,3694,0
2026-04-01T14:45:00+05:30,857.2,860.5,856.15,860.4,2142,0
2026-04-01T15:00:00+05:30,860.85,864.05,859.25,860.0,3533,0
2026-04-01T15:15:00+05:30,860.7,867.0,858.6,866.05,10429,0
2026-04-02T09:15:00+05:30,850.0,851.95,822.4,843.6,24061,0
2026-04-02T09:30:00+05:30,843.85,847.95,842.45,847.9,2278,0
2026-04-02T09:45:00+05:30,848.0,848.0,838.95,839.2,3915,0
2026-04-02T10:00:00+05:30,839.75,839.9,833.05,838.45,9127,0
2026-04-02T10:15:00+05:30,836.75,836.75,831.5,835.0,2629,0
2026-04-02T10:30:00+05:30,835.6,838.15,834.95,837.1,2895,0
2026-04-02T10:45:00+05:30,837.7,841.6,835.4,841.6,1280,0
2026-04-02T11:00:00+05:30,841.95,842.35,838.55,840.6,1372,0
2026-04-02T11:15:00+05:30,840.75,843.75,840.0,843.1,516,0
2026-04-02T11:30:00+05:30,842.9,849.4,842.9,848.5,2116,0
2026-04-02T11:45:00+05:30,848.65,853.35,847.65,852.1,4177,0
2026-04-02T12:00:00+05:30,852.15,853.95,849.0,853.0,1481,0
2026-04-02T12:15:00+05:30,853.0,854.0,849.75,852.5,1027,0
2026-04-02T12:30:00+05:30,852.65,858.0,852.0,857.95,1189,0
2026-04-02T12:45:00+05:30,857.95,861.5,856.1,860.65,2564,0
2026-04-02T13:00:00+05:30,860.65,866.0,858.45,865.0,3230,0
2026-04-02T13:15:00+05:30,865.7,874.0,863.55,874.0,6038,0
2026-04-02T13:30:00+05:30,873.5,878.55,871.55,878.55,6061,0
2026-04-02T13:45:00+05:30,878.55,879.9,873.95,878.7,10612,0
2026-04-02T14:00:00+05:30,878.7,880.95,875.55,879.1,4905,0
2026-04-02T14:15:00+05:30,879.1,883.0,877.8,880.05,5567,0
2026-04-02T14:30:00+05:30,880.05,880.05,867.0,867.5,6247,0
2026-04-02T14:45:00+05:30,868.65,878.0,866.85,876.85,9081,0
2026-04-02T15:00:00+05:30,876.85,881.0,873.8,876.8,6998,0
2026-04-02T15:15:00+05:30,876.65,878.35,871.0,872.1,8811,0
2026-04-06T09:15:00+05:30,872.9,872.9,851.95,851.95,10019,0
2026-04-06T09:30:00+05:30,852.0,862.9,850.5,859.0,7547,0
2026-04-06T09:45:00+05:30,859.0,859.0,850.7,853.0,2652,0
2026-04-06T10:00:00+05:30,852.9,855.85,851.05,855.3,2721,0
2026-04-06T10:15:00+05:30,855.5,861.1,855.1,861.1,2242,0
2026-04-06T10:30:00+05:30,860.85,868.0,859.1,867.3,3338,0
2026-04-06T10:45:00+05:30,868.0,876.35,867.75,876.35,6047,0
2026-04-06T11:00:00+05:30,876.85,877.45,862.9,865.95,4186,0
2026-04-06T11:15:00+05:30,865.75,872.4,863.9,872.4,1475,0
2026-04-06T11:30:00+05:30,870.9,873.25,867.2,870.2,1886,0
2026-04-06T11:45:00+05:30,870.25,873.8,867.6,872.0,2949,0
2026-04-06T12:00:00+05:30,872.0,874.5,870.75,871.8,991,0
2026-04-06T12:15:00+05:30,871.8,877.85,870.7,876.95,1711,0
2026-04-06T12:30:00+05:30,876.95,878.2,872.65,872.85,1568,0
2026-04-06T12:45:00+05:30,872.85,878.75,872.85,878.05,1471,0
2026-04-06T13:00:00+05:30,878.75,879.45,875.85,878.05,1530,0
2026-04-06T13:15:00+05:30,878.3,880.5,876.0,876.55,1016,0
2026-04-06T13:30:00+05:30,876.5,878.85,875.0,875.3,636,0
2026-04-06T13:45:00+05:30,875.0,876.8,874.0,874.4,718,0
2026-04-06T14:00:00+05:30,874.55,875.15,871.65,872.2,1436,0
2026-04-06T14:15:00+05:30,872.2,875.95,872.0,872.1,1188,0
2026-04-06T14:30:00+05:30,872.7,880.0,872.7,876.0,2336,0
2026-04-06T14:45:00+05:30,877.15,877.15,873.1,875.55,1888,0
2026-04-06T15:00:00+05:30,875.6,881.0,873.15,878.7,3816,0
2026-04-06T15:15:00+05:30,878.7,900.0,873.05,881.7,8762,0
2026-04-07T09:15:00+05:30,879.65,893.3,871.65,889.7,12190,0
2026-04-07T09:30:00+05:30,889.0,892.85,876.7,878.1,4909,0
2026-04-07T09:45:00+05:30,878.1,884.95,876.5,883.45,1520,0
2026-04-07T10:00:00+05:30,883.95,887.4,883.25,883.25,1995,0
2026-04-07T10:15:00+05:30,884.0,886.15,882.35,885.6,847,0
2026-04-07T10:30:00+05:30,885.8,894.4,885.35,890.15,5431,0
2026-04-07T10:45:00+05:30,890.9,893.25,883.25,883.25,1371,0
2026-04-07T11:00:00+05:30,883.25,886.05,882.1,884.1,1236,0
2026-04-07T11:15:00+05:30,884.05,886.8,882.55,884.35,3634,0
2026-04-07T11:30:00+05:30,884.35,886.9,882.05,886.2,1482,0
2026-04-07T11:45:00+05:30,886.4,891.6,885.0,889.0,1732,0
2026-04-07T12:00:00+05:30,889.0,890.45,886.55,887.35,431,0
2026-04-07T12:15:00+05:30,887.6,888.5,886.05,886.65,667,0
2026-04-07T12:30:00+05:30,887.0,887.6,884.0,887.6,1268,0
2026-04-07T12:45:00+05:30,887.65,889.0,883.1,883.85,630,0
2026-04-07T13:00:00+05:30,883.85,885.85,882.8,883.5,539,0
2026-04-07T13:15:00+05:30,883.5,889.25,882.5,888.8,927,0
2026-04-07T13:30:00+05:30,888.8,892.0,886.55,892.0,2872,0
2026-04-07T13:45:00+05:30,892.0,892.0,886.3,887.8,2520,0
2026-04-07T14:00:00+05:30,888.8,889.6,887.15,888.0,576,0
2026-04-07T14:15:00+05:30,888.0,890.7,882.6,887.85,4919,0
2026-04-07T14:30:00+05:30,887.85,889.0,884.7,887.7,1932,0
2026-04-07T14:45:00+05:30,887.0,888.3,884.05,884.35,2064,0
2026-04-07T15:00:00+05:30,884.3,888.3,881.25,887.25,4481,0
2026-04-07T15:15:00+05:30,887.25,888.0,877.0,882.8,6808,0
2026-04-08T09:15:00+05:30,926.1,926.9,894.05,897.8,24757,0
2026-04-08T09:30:00+05:30,898.0,924.0,897.8,920.2,12840,0
2026-04-08T09:45:00+05:30,920.9,930.0,918.8,920.0,9021,0
2026-04-08T10:00:00+05:30,920.0,930.0,918.55,918.55,11140,0
2026-04-08T10:15:00+05:30,919.65,921.6,915.75,920.35,3460,0
2026-04-08T10:30:00+05:30,920.0,935.35,920.0,932.0,11312,0
2026-04-08T10:45:00+05:30,932.0,934.9,928.0,934.0,3018,0
2026-04-08T11:00:00+05:30,933.2,934.75,930.45,930.45,2652,0
2026-04-08T11:15:00+05:30,930.6,934.7,930.6,932.0,2594,0
2026-04-08T11:30:00+05:30,932.0,934.3,930.3,933.7,1167,0
2026-04-08T11:45:00+05:30,933.65,934.75,928.1,929.9,2523,0
2026-04-08T12:00:00+05:30,928.85,933.75,928.15,933.6,1168,0
2026-04-08T12:15:00+05:30,933.55,934.7,930.65,934.25,2184,0
2026-04-08T12:30:00+05:30,934.25,934.25,929.5,933.55,1839,0
2026-04-08T12:45:00+05:30,933.55,935.5,928.75,929.2,4610,0
2026-04-08T13:00:00+05:30,929.2,931.95,928.8,931.55,1068,0
2026-04-08T13:15:00+05:30,931.55,932.0,928.45,931.6,2447,0
2026-04-08T13:30:00+05:30,931.95,933.95,930.35,933.7,1408,0
2026-04-08T13:45:00+05:30,933.5,934.0,930.0,933.05,1161,0
2026-04-08T14:00:00+05:30,934.0,934.15,929.9,930.95,1352,0
2026-04-08T14:15:00+05:30,930.85,934.2,928.45,933.0,1594,0
2026-04-08T14:30:00+05:30,933.6,936.95,932.7,934.95,2802,0
2026-04-08T14:45:00+05:30,934.95,935.1,932.9,935.0,1281,0
2026-04-08T15:00:00+05:30,934.0,938.6,932.5,936.25,4030,0
2026-04-08T15:15:00+05:30,937.5,939.95,935.1,939.95,8994,0
2026-04-09T09:15:00+05:30,940.0,954.1,927.3,944.15,12812,0
2026-04-09T09:30:00+05:30,944.25,944.3,926.55,928.25,6853,0
2026-04-09T09:45:00+05:30,928.2,928.2,914.65,916.05,10180,0
2026-04-09T10:00:00+05:30,916.3,919.25,908.3,917.95,12645,0
2026-04-09T10:15:00+05:30,917.0,919.6,915.5,918.7,3283,0
2026-04-09T10:30:00+05:30,918.75,927.35,918.05,925.45,4119,0
2026-04-09T10:45:00+05:30,925.4,928.5,925.4,928.0,1650,0
2026-04-09T11:00:00+05:30,928.0,929.9,925.4,928.3,1022,0
2026-04-09T11:15:00+05:30,928.95,928.95,923.25,927.2,1749,0
2026-04-09T11:30:00+05:30,927.15,931.1,927.15,929.15,1689,0
2026-04-09T11:45:00+05:30,929.5,933.0,928.35,931.0,1281,0
2026-04-09T12:00:00+05:30,931.15,932.8,930.05,930.3,413,0
2026-04-09T12:15:00+05:30,930.0,940.0,929.5,933.7,9494,0
2026-04-09T12:30:00+05:30,933.7,935.4,932.8,933.85,1460,0
2026-04-09T12:45:00+05:30,933.85,935.0,930.05,932.9,2118,0
2026-04-09T13:00:00+05:30,931.65,934.95,929.5,934.1,9699,0
2026-04-09T13:15:00+05:30,934.1,934.7,929.5,929.5,9399,0
2026-04-09T13:30:00+05:30,929.7,929.7,921.8,921.95,3695,0
2026-04-09T13:45:00+05:30,921.95,928.05,921.15,926.7,2520,0
2026-04-09T14:00:00+05:30,925.9,930.7,925.6,929.0,1636,0
2026-04-09T14:15:00+05:30,928.15,930.75,921.75,923.0,3889,0
2026-04-09T14:30:00+05:30,922.5,925.3,921.95,924.15,1550,0
2026-04-09T14:45:00+05:30,923.05,925.95,920.95,923.25,1904,0
2026-04-09T15:00:00+05:30,923.25,929.0,923.2,927.5,3212,0
2026-04-09T15:15:00+05:30,927.25,928.1,920.0,924.0,8390,0
2026-04-10T09:15:00+05:30,948.0,951.85,925.2,946.15,30636,0
2026-04-10T09:30:00+05:30,946.0,951.65,940.5,947.8,6386,0
2026-04-10T09:45:00+05:30,947.0,955.8,942.6,947.2,12004,0
2026-04-10T10:00:00+05:30,947.2,948.55,938.15,947.7,6598,0
2026-04-10T10:15:00+05:30,948.25,950.15,945.9,947.1,2968,0
2026-04-10T10:30:00+05:30,947.1,948.0,945.1,947.85,1755,0
2026-04-10T10:45:00+05:30,947.0,947.0,944.15,946.1,2865,0
2026-04-10T11:00:00+05:30,946.85,947.0,944.65,946.55,470,0
2026-04-10T11:15:00+05:30,946.55,946.55,941.55,945.55,1079,0
2026-04-10T11:30:00+05:30,944.5,944.8,943.15,944.2,347,0
2026-04-10T11:45:00+05:30,944.2,944.65,939.0,940.7,3440,0
2026-04-10T12:00:00+05:30,940.6,944.95,939.9,943.5,1027,0
2026-04-10T12:15:00+05:30,944.2,952.35,941.95,951.95,4637,0
2026-04-10T12:30:00+05:30,952.55,952.55,949.0,949.65,1039,0
2026-04-10T12:45:00+05:30,949.55,952.0,948.55,951.85,2510,0
2026-04-10T13:00:00+05:30,951.9,956.45,951.3,952.7,5701,0
2026-04-10T13:15:00+05:30,952.7,955.25,951.5,955.1,3787,0
2026-04-10T13:30:00+05:30,955.1,955.5,945.4,946.45,8916,0
2026-04-10T13:45:00+05:30,946.45,953.85,942.1,944.25,8851,0
2026-04-10T14:00:00+05:30,944.25,950.75,943.4,948.55,4965,0
2026-04-10T14:15:00+05:30,947.8,948.0,940.1,940.85,6180,0
2026-04-10T14:30:00+05:30,940.8,942.0,938.9,938.9,2832,0
2026-04-10T14:45:00+05:30,938.55,940.25,937.0,938.75,2444,0
2026-04-10T15:00:00+05:30,938.75,942.8,938.0,941.65,5381,0
2026-04-10T15:15:00+05:30,942.1,942.15,935.0,940.0,14363,0
2026-04-13T09:15:00+05:30,920.0,924.9,901.25,914.55,13040,0
2026-04-13T09:30:00+05:30,914.55,922.0,911.75,917.6,5447,0
2026-04-13T09:45:00+05:30,917.05,925.0,915.3,924.9,7064,0
2026-04-13T10:00:00+05:30,924.9,931.35,921.05,926.8,3447,0
2026-04-13T10:15:00+05:30,927.15,933.3,922.6,932.7,2885,0
2026-04-13T10:30:00+05:30,932.7,934.4,930.0,934.4,1428,0
2026-04-13T10:45:00+05:30,933.8,943.0,933.7,942.75,6839,0
2026-04-13T11:00:00+05:30,941.15,942.15,933.9,933.9,1596,0
2026-04-13T11:15:00+05:30,933.2,935.2,930.45,930.7,2002,0
2026-04-13T11:30:00+05:30,931.85,933.75,930.0,931.25,696,0
2026-04-13T11:45:00+05:30,930.85,932.0,929.35,930.0,1413,0
2026-04-13T12:00:00+05:30,930.0,933.7,928.0,929.1,2024,0
2026-04-13T12:15:00+05:30,929.1,930.05,927.25,929.15,916,0
2026-04-13T12:30:00+05:30,929.15,929.9,928.0,928.0,519,0
2026-04-13T12:45:00+05:30,928.0,929.2,925.5,927.15,1769,0
2026-04-13T13:00:00+05:30,926.5,926.95,923.4,926.3,880,0
2026-04-13T13:15:00+05:30,927.0,928.05,924.85,926.5,967,0
2026-04-13T13:30:00+05:30,927.05,929.55,924.85,924.85,1280,0
2026-04-13T13:45:00+05:30,924.85,933.35,924.85,929.0,6361,0
2026-04-13T14:00:00+05:30,928.15,928.15,923.0,923.7,3005,0
2026-04-13T14:15:00+05:30,923.05,925.2,922.55,924.0,473,0
2026-04-13T14:30:00+05:30,924.45,926.05,923.0,923.45,744,0
2026-04-13T14:45:00+05:30,923.5,923.95,921.6,922.45,761,0
2026-04-13T15:00:00+05:30,922.5,923.5,920.2,920.75,5704,0
2026-04-13T15:15:00+05:30,920.65,921.95,920.5,921.8,3331,0
2026-04-15T09:15:00+05:30,940.95,948.65,935.0,938.4,14706,0
2026-04-15T09:30:00+05:30,937.9,944.65,934.15,943.25,11137,0
2026-04-15T09:45:00+05:30,943.4,948.05,941.5,942.45,7584,0
2026-04-15T10:00:00+05:30,942.45,948.8,942.45,945.8,4135,0
2026-04-15T10:15:00+05:30,945.0,946.85,943.1,946.0,3980,0
2026-04-15T10:30:00+05:30,946.05,961.8,945.0,956.55,22777,0
2026-04-15T10:45:00+05:30,956.1,957.6,949.0,954.15,8939,0
2026-04-15T11:00:00+05:30,953.25,954.0,948.55,951.5,3963,0
2026-04-15T11:15:00+05:30,951.4,952.35,950.0,951.3,1020,0
2026-04-15T11:30:00+05:30,951.2,951.85,941.0,942.4,11868,0
2026-04-15T11:45:00+05:30,942.15,945.0,932.2,933.1,14882,0
2026-04-15T12:00:00+05:30,933.2,940.0,930.2,935.55,30039,0
2026-04-15T12:15:00+05:30,935.0,937.7,934.65,936.15,2656,0
2026-04-15T12:30:00+05:30,936.15,944.75,936.0,939.2,10299,0
2026-04-15T12:45:00+05:30,938.45,939.65,937.05,937.8,3150,0
2026-04-15T13:00:00+05:30,937.8,939.7,935.0,937.55,6759,0
2026-04-15T13:15:00+05:30,938.65,939.95,935.7,937.0,4908,0
2026-04-15T13:30:00+05:30,937.8,940.0,936.2,937.0,7231,0
2026-04-15T13:45:00+05:30,938.8,938.8,933.0,938.7,4268,0
2026-04-15T14:00:00+05:30,937.7,938.7,936.15,937.85,1530,0
2026-04-15T14:15:00+05:30,937.85,938.8,937.0,937.0,1799,0
2026-04-15T14:30:00+05:30,937.1,938.75,935.75,935.8,3835,0
2026-04-15T14:45:00+05:30,936.1,937.0,934.2,935.65,3359,0
2026-04-15T15:00:00+05:30,936.0,939.75,935.35,936.15,3811,0
2026-04-15T15:15:00+05:30,937.0,939.0,929.75,935.0,23248,0
2026-04-16T09:15:00+05:30,945.0,955.9,943.2,944.15,15351,0
2026-04-16T09:30:00+05:30,944.2,945.0,928.3,929.0,20423,0
2026-04-16T09:45:00+05:30,928.3,929.85,910.15,920.7,29012,0
2026-04-16T10:00:00+05:30,920.7,922.55,918.1,921.55,4758,0
2026-04-16T10:15:00+05:30,922.0,923.35,919.2,921.0,4416,0
2026-04-16T10:30:00+05:30,921.7,924.85,921.7,924.8,1861,0
2026-04-16T10:45:00+05:30,924.8,927.3,924.3,925.4,3544,0
2026-04-16T11:00:00+05:30,926.25,929.8,921.15,923.6,8679,0
2026-04-16T11:15:00+05:30,923.6,925.85,922.6,924.75,4806,0
2026-04-16T11:30:00+05:30,925.45,926.15,922.0,922.15,4561,0
2026-04-16T11:45:00+05:30,922.15,922.65,918.0,918.9,6467,0
2026-04-16T12:00:00+05:30,918.6,918.6,914.35,914.9,14227,0
2026-04-16T12:15:00+05:30,915.0,916.2,913.5,914.0,9707,0
2026-04-16T12:30:00+05:30,914.75,915.35,913.0,913.45,4208,0
2026-04-16T12:45:00+05:30,913.5,914.3,911.6,914.0,4325,0
2026-04-16T13:00:00+05:30,914.0,914.55,912.0,912.5,4649,0
2026-04-16T13:15:00+05:30,912.5,914.0,911.0,912.65,3916,0
2026-04-16T13:30:00+05:30,912.5,914.8,911.8,913.0,7470,0
2026-04-16T13:45:00+05:30,913.1,915.2,912.55,915.2,11862,0
2026-04-16T14:00:00+05:30,915.85,918.85,912.6,913.85,12202,0
2026-04-16T14:15:00+05:30,913.85,914.8,912.65,914.2,7212,0
2026-04-16T14:30:00+05:30,914.2,922.85,914.2,921.1,10758,0
2026-04-16T14:45:00+05:30,921.1,925.0,920.95,921.9,10863,0
2026-04-16T15:00:00+05:30,922.8,924.0,918.15,923.2,11156,0
2026-04-16T15:15:00+05:30,923.2,924.95,921.0,924.0,13570,0
2026-04-17T09:15:00+05:30,929.0,941.95,924.2,928.15,18418,0
2026-04-17T09:30:00+05:30,927.6,927.6,917.8,922.05,10978,0
2026-04-17T09:45:00+05:30,922.4,929.15,921.9,927.2,4143,0
2026-04-17T10:00:00+05:30,927.65,933.85,924.7,933.85,6030,0
2026-04-17T10:15:00+05:30,933.5,934.45,930.0,932.0,4405,0
2026-04-17T10:30:00+05:30,932.5,937.5,931.25,933.5,9425,0
2026-04-17T10:45:00+05:30,933.5,936.85,932.5,932.75,3870,0
2026-04-17T11:00:00+05:30,933.6,935.75,931.4,935.45,3100,0
2026-04-17T11:15:00+05:30,934.65,972.4,933.0,947.4,73514,0
2026-04-17T11:30:00+05:30,947.95,953.3,943.2,950.7,17826,0
2026-04-17T11:45:00+05:30,950.2,953.9,944.05,946.2,7727,0
2026-04-17T12:00:00+05:30,945.9,950.55,941.45,945.65,10796,0
2026-04-17T12:15:00+05:30,945.55,949.85,944.0,948.85,14339,0
2026-04-17T12:30:00+05:30,948.75,948.75,943.0,943.4,5852,0
2026-04-17T12:45:00+05:30,943.65,945.95,943.5,944.85,2252,0
2026-04-17T13:00:00+05:30,944.5,947.35,944.5,946.7,2981,0
2026-04-17T13:15:00+05:30,947.3,950.65,942.0,949.35,15326,0
2026-04-17T13:30:00+05:30,949.55,968.55,949.55,964.0,38974,0
2026-04-17T13:45:00+05:30,965.0,966.2,960.6,961.95,7349,0
2026-04-17T14:00:00+05:30,962.0,963.4,961.05,962.5,3786,0
2026-04-17T14:15:00+05:30,963.05,963.45,955.65,958.35,6480,0
2026-04-17T14:30:00+05:30,958.8,959.9,957.2,959.45,3186,0
2026-04-17T14:45:00+05:30,959.2,959.75,954.45,955.7,8899,0
2026-04-17T15:00:00+05:30,955.6,957.5,952.7,956.0,8423,0
2026-04-17T15:15:00+05:30,956.0,958.25,945.35,955.0,17285,0
2026-04-20T09:15:00+05:30,955.0,955.8,935.0,939.2,25411,0
2026-04-20T09:30:00+05:30,939.4,939.6,926.0,927.5,21099,0
2026-04-20T09:45:00+05:30,927.45,933.45,925.95,928.3,10326,0
2026-04-20T10:00:00+05:30,927.55,929.85,926.2,928.7,4716,0
2026-04-20T10:15:00+05:30,929.0,931.95,928.6,930.5,4363,0
2026-04-20T10:30:00+05:30,931.0,932.85,930.05,931.0,6900,0
2026-04-20T10:45:00+05:30,931.65,932.15,930.2,930.2,3658,0
2026-04-20T11:00:00+05:30,930.75,933.9,928.4,929.15,8844,0
2026-04-20T11:15:00+05:30,929.85,932.0,929.0,930.6,4096,0
2026-04-20T11:30:00+05:30,931.1,934.0,930.3,933.15,3328,0
2026-04-20T11:45:00+05:30,933.0,935.0,933.0,934.3,1610,0
2026-04-20T12:00:00+05:30,935.0,935.0,933.0,933.5,2482,0
2026-04-20T12:15:00+05:30,933.5,934.65,933.0,934.65,992,0
2026-04-20T12:30:00+05:30,934.65,938.45,933.9,938.2,2747,0
2026-04-20T12:45:00+05:30,938.25,940.0,936.8,937.8,5132,0
2026-04-20T13:00:00+05:30,937.75,937.95,935.0,935.45,2390,0
2026-04-20T13:15:00+05:30,935.45,935.8,928.25,928.25,9007,0
2026-04-20T13:30:00+05:30,928.8,934.2,927.4,930.65,9884,0
2026-04-20T13:45:00+05:30,930.65,930.9,929.3,930.45,2146,0
2026-04-20T14:00:00+05:30,930.45,931.8,929.25,931.4,2283,0
2026-04-20T14:15:00+05:30,931.4,932.2,930.15,931.5,3670,0
2026-04-20T14:30:00+05:30,931.75,933.0,930.9,931.0,2332,0
2026-04-20T14:45:00+05:30,931.7,933.0,930.0,931.35,4431,0
2026-04-20T15:00:00+05:30,931.35,932.9,929.6,930.0,9297,0
2026-04-20T15:15:00+05:30,930.0,930.0,922.0,922.9,19701,0
2026-04-21T09:15:00+05:30,928.05,934.15,925.05,928.0,7794,0
2026-04-21T09:30:00+05:30,928.8,933.65,928.3,932.3,3311,0
2026-04-21T09:45:00+05:30,933.75,935.7,931.6,931.8,2674,0
2026-04-21T10:00:00+05:30,932.85,939.55,932.15,938.15,4521,0
2026-04-21T10:15:00+05:30,938.25,941.15,938.25,938.3,3147,0
2026-04-21T10:30:00+05:30,938.85,939.5,936.1,936.65,1369,0
2026-04-21T10:45:00+05:30,936.65,937.7,935.35,937.7,1385,0
2026-04-21T11:00:00+05:30,937.7,937.7,936.5,937.7,650,0
2026-04-21T11:15:00+05:30,937.7,937.7,934.25,934.25,1137,0
2026-04-21T11:30:00+05:30,934.25,934.4,932.1,932.2,1233,0
2026-04-21T11:45:00+05:30,932.2,937.75,932.2,936.6,3081,0
2026-04-21T12:00:00+05:30,936.55,945.9,933.35,943.25,13968,0
2026-04-21T12:15:00+05:30,944.05,947.0,943.0,944.15,5120,0
2026-04-21T12:30:00+05:30,944.0,945.75,942.25,942.75,2791,0
2026-04-21T12:45:00+05:30,942.55,944.15,938.2,939.7,4055,0
2026-04-21T13:00:00+05:30,939.65,941.9,938.85,940.1,1987,0
2026-04-21T13:15:00+05:30,940.75,942.8,938.15,941.05,1973,0
2026-04-21T13:30:00+05:30,941.15,942.7,936.15,937.85,2094,0
2026-04-21T13:45:00+05:30,937.9,939.5,937.0,938.25,2007,0
2026-04-21T14:00:00+05:30,938.25,938.45,930.4,930.9,8202,0
2026-04-21T14:15:00+05:30,931.7,938.6,931.4,935.2,5157,0
2026-04-21T14:30:00+05:30,935.2,936.1,932.2,933.1,4530,0
2026-04-21T14:45:00+05:30,933.8,936.6,931.85,936.1,3251,0
2026-04-21T15:00:00+05:30,935.5,937.5,932.0,932.15,8945,0
2026-04-21T15:15:00+05:30,932.15,937.5,932.15,935.5,5921,0
2026-04-22T09:15:00+05:30,937.0,939.8,928.1,930.4,13430,0
2026-04-22T09:30:00+05:30,929.35,945.0,929.35,943.0,8752,0
2026-04-22T09:45:00+05:30,943.0,943.4,933.85,933.85,2405,0
2026-04-22T10:00:00+05:30,933.75,934.95,931.0,932.05,3338,0
2026-04-22T10:15:00+05:30,932.05,932.05,930.5,931.6,1698,0
2026-04-22T10:30:00+05:30,931.8,935.5,930.6,933.0,2934,0
2026-04-22T10:45:00+05:30,932.8,938.5,932.65,938.15,1860,0
2026-04-22T11:00:00+05:30,938.15,938.5,935.5,935.55,609,0
2026-04-22T11:15:00+05:30,935.55,937.75,932.8,934.95,1367,0
2026-04-22T11:30:00+05:30,934.95,937.2,934.85,937.2,940,0
2026-04-22T11:45:00+05:30,936.75,937.1,933.0,936.55,3746,0
2026-04-22T12:00:00+05:30,936.6,939.85,935.45,937.2,2797,0
2026-04-22T12:15:00+05:30,937.5,969.95,937.45,949.45,50016,0
2026-04-22T12:30:00+05:30,949.45,952.5,947.0,949.25,9236,0
2026-04-22T12:45:00+05:30,949.25,950.75,947.2,949.6,4901,0
2026-04-22T13:00:00+05:30,949.55,963.8,949.3,956.35,9849,0
2026-04-22T13:15:00+05:30,955.2,957.65,951.05,953.35,5674,0
2026-04-22T13:30:00+05:30,953.35,966.9,952.5,964.1,14406,0
2026-04-22T13:45:00+05:30,964.1,979.4,962.95,976.8,28536,0
2026-04-22T14:00:00+05:30,976.0,978.9,963.05,963.8,14268,0
2026-04-22T14:15:00+05:30,963.9,967.8,959.35,961.0,7018,0
2026-04-22T14:30:00+05:30,961.0,964.8,960.2,964.0,3061,0
2026-04-22T14:45:00+05:30,964.0,970.0,962.15,969.0,9930,0
2026-04-22T15:00:00+05:30,969.35,972.3,961.3,962.45,20468,0
2026-04-22T15:15:00+05:30,962.0,966.2,960.8,961.0,18569,0
2026-04-23T09:15:00+05:30,965.2,967.1,952.45,953.15,8846,0
2026-04-23T09:30:00+05:30,953.2,961.3,951.85,957.4,6905,0
2026-04-23T09:45:00+05:30,957.2,961.45,955.7,959.5,5678,0
2026-04-23T10:00:00+05:30,960.0,965.0,959.55,961.75,2209,0
2026-04-23T10:15:00+05:30,961.7,962.15,960.0,960.65,892,0
2026-04-23T10:30:00+05:30,960.15,960.3,955.1,955.1,2699,0
2026-04-23T10:45:00+05:30,955.3,955.3,951.15,955.0,3552,0
2026-04-23T11:00:00+05:30,955.6,959.95,955.1,958.65,1946,0
2026-04-23T11:15:00+05:30,957.95,958.65,955.8,956.4,452,0
2026-04-23T11:30:00+05:30,955.8,956.85,952.0,952.1,1851,0
2026-04-23T11:45:00+05:30,952.1,955.65,952.1,955.2,2075,0
2026-04-23T12:00:00+05:30,954.4,955.8,954.0,954.15,843,0
2026-04-23T12:15:00+05:30,954.1,954.9,952.5,952.65,1283,0
2026-04-23T12:30:00+05:30,952.65,955.45,951.15,954.4,3704,0
2026-04-23T12:45:00+05:30,954.45,962.2,954.3,961.55,2821,0
2026-04-23T13:00:00+05:30,960.7,966.0,960.2,960.2,2358,0
2026-04-23T13:15:00+05:30,960.25,962.6,958.6,962.55,930,0
2026-04-23T13:30:00+05:30,961.35,963.25,957.0,958.65,3190,0
2026-04-23T13:45:00+05:30,958.65,960.0,957.3,959.0,3400,0
2026-04-23T14:00:00+05:30,958.5,959.4,953.2,955.55,1206,0
2026-04-23T14:15:00+05:30,955.55,956.0,952.0,952.05,1866,0
2026-04-23T14:30:00+05:30,952.05,953.35,945.5,946.35,5966,0
2026-04-23T14:45:00+05:30,945.6,949.05,945.0,948.4,1818,0
2026-04-23T15:00:00+05:30,949.1,952.15,947.8,948.95,6391,0
2026-04-23T15:15:00+05:30,948.35,952.0,945.0,952.0,7797,0
2026-04-24T09:15:00+05:30,950.0,954.75,931.15,935.0,15816,0
2026-04-24T09:30:00+05:30,935.5,937.8,927.0,929.85,7757,0
2026-04-24T09:45:00+05:30,931.05,931.1,924.05,926.45,5684,0
2026-04-24T10:00:00+05:30,926.9,934.8,926.9,933.45,2811,0
2026-04-24T10:15:00+05:30,933.3,934.0,926.1,928.6,2438,0
2026-04-24T10:30:00+05:30,928.65,928.65,923.0,924.1,5057,0
2026-04-24T10:45:00+05:30,923.5,924.25,921.15,922.4,4476,0
2026-04-24T11:00:00+05:30,922.4,923.0,921.2,922.0,2149,0
2026-04-24T11:15:00+05:30,922.2,923.85,921.75,922.35,1497,0
2026-04-24T11:30:00+05:30,923.3,925.6,922.75,923.05,1559,0
2026-04-24T11:45:00+05:30,922.75,922.75,920.0,922.1,3559,0
2026-04-24T12:00:00+05:30,922.0,924.85,920.0,924.85,2481,0
2026-04-24T12:15:00+05:30,924.85,925.9,920.75,920.75,1781,0
2026-04-24T12:30:00+05:30,921.2,923.25,920.0,921.0,1215,0
2026-04-24T12:45:00+05:30,920.5,922.4,920.0,922.3,1524,0
2026-04-24T13:00:00+05:30,922.3,922.55,918.15,918.15,2465,0
2026-04-24T13:15:00+05:30,918.6,921.1,917.5,921.1,3145,0
2026-04-24T13:30:00+05:30,921.4,922.05,918.0,918.65,2311,0
2026-04-24T13:45:00+05:30,919.45,925.85,918.8,920.0,2661,0
2026-04-24T14:00:00+05:30,920.2,921.8,919.15,921.1,1379,0
2026-04-24T14:15:00+05:30,921.1,921.95,920.35,921.5,941,0
2026-04-24T14:30:00+05:30,921.15,925.85,921.0,924.8,1891,0
2026-04-24T14:45:00+05:30,924.85,928.8,923.15,924.15,7106,0
2026-04-24T15:00:00+05:30,923.9,925.7,920.85,923.05,3519,0
2026-04-24T15:15:00+05:30,921.9,922.55,920.0,920.5,7018,0
2026-04-27T09:15:00+05:30,924.0,941.45,924.0,940.75,10735,0
2026-04-27T09:30:00+05:30,941.0,949.0,941.0,948.0,10210,0
2026-04-27T09:45:00+05:30,948.0,955.0,946.85,951.1,11207,0
2026-04-27T10:00:00+05:30,950.35,953.95,949.15,953.9,4127,0
2026-04-27T10:15:00+05:30,953.9,954.85,951.2,952.1,3244,0
2026-04-27T10:30:00+05:30,952.4,957.5,950.9,955.0,7823,0
2026-04-27T10:45:00+05:30,954.85,962.8,952.8,958.35,12644,0
2026-04-27T11:00:00+05:30,958.35,958.4,954.15,954.15,2634,0
2026-04-27T11:15:00+05:30,955.15,955.2,949.05,949.05,2620,0
2026-04-27T11:30:00+05:30,949.5,949.5,945.0,947.45,1679,0
2026-04-27T11:45:00+05:30,947.9,949.9,946.4,947.95,1353,0
2026-04-27T12:00:00+05:30,948.55,952.5,946.6,948.45,4492,0
2026-04-27T12:15:00+05:30,948.4,955.0,948.35,950.9,5975,0
2026-04-27T12:30:00+05:30,950.9,950.9,947.35,948.0,1832,0
2026-04-27T12:45:00+05:30,948.0,949.0,946.0,948.3,1358,0
2026-04-27T13:00:00+05:30,948.3,950.0,946.9,948.25,1895,0
2026-04-27T13:15:00+05:30,948.5,949.8,943.75,944.5,6390,0
2026-04-27T13:30:00+05:30,943.55,946.55,941.9,946.05,2042,0
2026-04-27T13:45:00+05:30,946.0,948.85,945.0,947.15,6682,0
2026-04-27T14:00:00+05:30,947.2,948.4,943.25,945.5,5893,0
2026-04-27T14:15:00+05:30,945.5,945.5,936.0,939.25,5679,0
2026-04-27T14:30:00+05:30,939.1,940.5,936.8,939.7,2301,0
2026-04-27T14:45:00+05:30,939.65,941.7,938.0,939.05,3821,0
2026-04-27T15:00:00+05:30,939.1,940.5,934.6,936.85,16041,0
2026-04-27T15:15:00+05:30,937.3,950.6,935.75,950.6,13013,0
2026-04-28T09:15:00+05:30,946.4,946.4,935.6,940.5,5315,0
2026-04-28T09:30:00+05:30,940.5,940.6,933.95,939.9,4622,0
2026-04-28T09:45:00+05:30,939.35,942.9,939.0,940.3,1596,0
2026-04-28T10:00:00+05:30,940.3,945.45,940.3,944.7,2056,0
2026-04-28T10:15:00+05:30,944.85,945.9,942.3,945.55,4755,0
2026-04-28T10:30:00+05:30,945.55,945.55,939.4,939.4,1602,0
2026-04-28T10:45:00+05:30,940.75,945.0,940.75,945.0,1166,0
2026-04-28T11:00:00+05:30,945.0,945.2,943.25,944.5,1193,0
2026-04-28T11:15:00+05:30,944.5,944.5,938.6,938.6,2383,0
2026-04-28T11:30:00+05:30,938.0,940.8,937.55,940.75,1110,0
2026-04-28T11:45:00+05:30,940.8,943.2,940.65,940.65,539,0
2026-04-28T12:00:00+05:30,940.65,940.65,938.0,938.7,1870,0
2026-04-28T12:15:00+05:30,939.0,940.0,938.05,938.4,789,0
2026-04-28T12:30:00+05:30,938.4,939.0,937.15,937.7,780,0
2026-04-28T12:45:00+05:30,937.8,938.4,937.0,937.0,867,0
2026-04-28T13:00:00+05:30,937.0,939.0,935.85,938.15,1175,0
2026-04-28T13:15:00+05:30,938.05,940.9,933.95,933.95,5579,0
2026-04-28T13:30:00+05:30,933.95,934.45,927.5,931.0,6559,0
2026-04-28T13:45:00+05:30,931.0,932.5,929.15,931.2,1359,0
2026-04-28T14:00:00+05:30,931.2,931.65,927.0,927.0,3332,0
2026-04-28T14:15:00+05:30,927.65,929.4,925.95,927.15,1830,0
2026-04-28T14:30:00+05:30,927.95,931.45,927.3,931.1,1775,0
2026-04-28T14:45:00+05:30,931.1,935.85,930.7,934.9,2231,0
2026-04-28T15:00:00+05:30,934.7,935.85,927.5,928.95,5575,0
2026-04-28T15:15:00+05:30,928.5,930.2,926.5,930.2,7615,0
2026-04-29T09:15:00+05:30,929.4,938.5,929.4,938.15,7208,0
2026-04-29T09:30:00+05:30,937.95,938.4,931.5,933.2,4351,0
2026-04-29T09:45:00+05:30,933.25,933.55,930.0,932.05,2354,0
2026-04-29T10:00:00+05:30,931.85,934.7,931.85,932.8,1077,0
2026-04-29T10:15:00+05:30,932.65,936.0,932.25,935.75,1920,0
2026-04-29T10:30:00+05:30,936.0,936.55,932.25,933.45,3380,0
2026-04-29T10:45:00+05:30,932.75,938.85,932.5,938.5,4181,0
2026-04-29T11:00:00+05:30,938.45,940.4,936.05,936.9,3650,0
2026-04-29T11:15:00+05:30,936.9,937.95,936.55,937.0,228,0
2026-04-29T11:30:00+05:30,937.7,938.45,937.0,937.85,1700,0
2026-04-29T11:45:00+05:30,937.4,938.2,936.1,937.55,2133,0
2026-04-29T12:00:00+05:30,938.2,941.0,938.2,939.75,2520,0
2026-04-29T12:15:00+05:30,939.3,940.25,937.95,938.4,677,0
2026-04-29T12:30:00+05:30,939.5,941.1,938.05,940.15,8268,0
2026-04-29T12:45:00+05:30,939.4,939.7,936.75,936.75,694,0
2026-04-29T13:00:00+05:30,936.75,937.7,935.0,935.0,755,0
2026-04-29T13:15:00+05:30,935.0,938.85,935.0,937.2,2005,0
2026-04-29T13:30:00+05:30,936.45,937.75,930.55,931.25,2981,0
2026-04-29T13:45:00+05:30,931.0,935.0,929.0,933.55,1373,0
2026-04-29T14:00:00+05:30,933.55,933.7,928.25,930.6,2573,0
2026-04-29T14:15:00+05:30,930.75,932.7,930.0,930.55,2383,0
2026-04-29T14:30:00+05:30,930.5,932.85,930.0,932.45,3959,0
2026-04-29T14:45:00+05:30,932.0,932.45,929.05,930.7,2201,0
2026-04-29T15:00:00+05:30,931.55,934.45,928.5,928.5,5591,0
2026-04-29T15:15:00+05:30,928.5,940.85,924.25,940.85,8049,0
2026-04-30T09:15:00+05:30,933.55,940.85,919.85,925.8,10281,0
2026-04-30T09:30:00+05:30,924.85,929.8,919.8,927.1,2962,0
2026-04-30T09:45:00+05:30,926.8,928.5,919.0,919.0,3638,0
2026-04-30T10:00:00+05:30,919.0,919.0,914.9,915.5,3502,0
2026-04-30T10:15:00+05:30,915.45,916.15,913.0,914.1,1455,0
2026-04-30T10:30:00+05:30,913.5,919.85,912.5,918.55,2223,0
2026-04-30T10:45:00+05:30,918.85,919.55,915.7,916.75,1866,0
2026-04-30T11:00:00+05:30,916.75,920.0,916.2,918.8,985,0
2026-04-30T11:15:00+05:30,918.8,919.85,917.05,919.75,878,0
2026-04-30T11:30:00+05:30,919.75,919.9,918.15,919.25,1025,0
2026-04-30T11:45:00+05:30,918.2,920.0,917.95,920.0,951,0
2026-04-30T12:00:00+05:30,919.8,923.3,919.5,922.4,433,0
2026-04-30T12:15:00+05:30,923.4,926.0,922.9,923.75,3065,0
2026-04-30T12:30:00+05:30,923.75,924.55,920.35,923.0,465,0
2026-04-30T12:45:00+05:30,923.0,925.0,922.25,924.85,1653,0
2026-04-30T13:00:00+05:30,924.85,925.45,922.5,924.5,832,0
2026-04-30T13:15:00+05:30,924.45,925.5,923.55,924.0,1201,0
2026-04-30T13:30:00+05:30,923.5,926.85,922.0,925.75,2262,0
2026-04-30T13:45:00+05:30,925.75,929.7,924.35,928.8,6185,0
2026-04-30T14:00:00+05:30,928.75,928.75,924.05,925.8,1616,0
2026-04-30T14:15:00+05:30,925.0,925.0,918.85,919.15,3511,0
2026-04-30T14:30:00+05:30,919.65,922.3,919.15,921.5,2031,0
2026-04-30T14:45:00+05:30,921.55,923.95,920.5,923.85,1067,0
2026-04-30T15:00:00+05:30,923.85,923.85,919.65,920.3,5928,0
2026-04-30T15:15:00+05:30,921.0,923.9,914.95,923.9,13748,0
2026-05-04T09:15:00+05:30,932.0,934.65,922.8,933.4,5434,0
2026-05-04T09:30:00+05:30,933.05,934.9,927.0,927.45,6610,0
2026-05-04T09:45:00+05:30,927.45,938.15,927.45,937.6,4917,0
2026-05-04T10:00:00+05:30,938.0,942.95,935.85,937.6,5898,0
2026-05-04T10:15:00+05:30,936.25,940.85,933.7,939.95,2872,0
2026-05-04T10:30:00+05:30,940.8,943.2,939.3,940.7,4063,0
2026-05-04T10:45:00+05:30,940.7,944.0,939.95,943.35,1808,0
2026-05-04T11:00:00+05:30,943.35,947.1,942.2,945.8,4736,0
2026-05-04T11:15:00+05:30,947.0,949.85,945.85,946.85,10148,0
2026-05-04T11:30:00+05:30,946.85,947.15,943.1,944.0,1129,0
2026-05-04T11:45:00+05:30,944.0,944.95,941.85,942.8,1481,0
2026-05-04T12:00:00+05:30,942.75,943.4,935.4,935.4,3168,0
2026-05-04T12:15:00+05:30,935.6,938.3,934.0,936.6,3825,0
2026-05-04T12:30:00+05:30,936.25,936.25,931.25,931.25,3891,0
2026-05-04T12:45:00+05:30,932.25,933.9,930.1,932.0,1424,0
2026-05-04T13:00:00+05:30,932.8,935.3,931.25,935.3,557,0
2026-05-04T13:15:00+05:30,933.65,933.9,926.75,926.85,7912,0
2026-05-04T13:30:00+05:30,926.25,932.5,925.0,931.35,3108,0
2026-05-04T13:45:00+05:30,930.85,931.95,928.15,928.3,276,0
2026-05-04T14:00:00+05:30,928.25,935.8,927.1,935.4,909,0
2026-05-04T14:15:00+05:30,935.4,938.5,934.05,934.15,1160,0
2026-05-04T14:30:00+05:30,934.6,936.25,932.95,933.7,1043,0
2026-05-04T14:45:00+05:30,934.35,934.35,930.2,933.55,821,0
2026-05-04T15:00:00+05:30,933.5,940.0,932.95,939.05,4271,0
2026-05-04T15:15:00+05:30,938.95,943.1,936.65,941.0,6931,0
2026-05-05T09:15:00+05:30,938.55,952.0,932.1,946.8,13793,0
2026-05-05T09:30:00+05:30,946.75,949.4,939.5,942.0,4835,0
2026-05-05T09:45:00+05:30,942.15,948.95,941.0,944.0,2922,0
2026-05-05T10:00:00+05:30,944.0,944.45,938.2,938.5,3331,0
2026-05-05T10:15:00+05:30,938.5,938.5,933.15,934.6,3392,0
2026-05-05T10:30:00+05:30,935.0,936.0,933.5,933.65,1920,0
2026-05-05T10:45:00+05:30,933.85,935.5,931.8,932.6,2184,0
2026-05-05T11:00:00+05:30,933.45,935.8,933.45,934.8,501,0
2026-05-05T11:15:00+05:30,935.5,936.0,932.3,935.6,2539,0
2026-05-05T11:30:00+05:30,935.55,936.6,933.85,934.65,1050,0
2026-05-05T11:45:00+05:30,933.65,934.8,927.0,928.4,2849,0
2026-05-05T12:00:00+05:30,928.5,932.0,928.15,931.65,3867,0
2026-05-05T12:15:00+05:30,931.65,936.45,931.15,934.8,1816,0
2026-05-05T12:30:00+05:30,934.1,936.05,934.1,935.95,648,0
2026-05-05T12:45:00+05:30,935.95,941.2,935.25,940.65,2374,0
2026-05-05T13:00:00+05:30,940.85,942.5,938.3,940.45,2154,0
2026-05-05T13:15:00+05:30,939.45,941.0,935.15,936.85,1531,0
2026-05-05T13:30:00+05:30,936.85,938.95,935.95,938.95,378,0
2026-05-05T13:45:00+05:30,938.75,938.9,936.2,937.2,497,0
2026-05-05T14:00:00+05:30,937.65,937.65,933.85,934.6,1316,0
2026-05-05T14:15:00+05:30,934.0,937.0,934.0,936.85,644,0
2026-05-05T14:30:00+05:30,936.85,939.0,936.7,938.9,1024,0
2026-05-05T14:45:00+05:30,938.85,943.0,937.55,941.8,2268,0
2026-05-05T15:00:00+05:30,941.8,941.95,938.9,939.4,2475,0
2026-05-05T15:15:00+05:30,938.9,942.9,935.8,942.2,4544,0
2026-05-06T09:15:00+05:30,950.0,950.05,943.6,949.85,4376,0
2026-05-06T09:30:00+05:30,949.65,964.0,949.65,960.35,21289,0
2026-05-06T09:45:00+05:30,961.35,969.45,960.05,966.0,17883,0
2026-05-06T10:00:00+05:30,965.3,966.2,957.7,961.0,9727,0
2026-05-06T10:15:00+05:30,961.0,961.0,955.85,960.8,2787,0
2026-05-06T10:30:00+05:30,960.8,961.75,956.1,959.15,2507,0
2026-05-06T10:45:00+05:30,958.4,959.8,957.9,959.6,1114,0
2026-05-06T11:00:00+05:30,959.2,961.5,958.4,961.05,2169,0
2026-05-06T11:15:00+05:30,961.1,968.5,960.05,968.25,3695,0
2026-05-06T11:30:00+05:30,967.2,968.6,957.0,958.85,6335,0
2026-05-06T11:45:00+05:30,958.8,959.3,955.5,955.95,1652,0
2026-05-06T12:00:00+05:30,955.95,957.35,952.05,952.75,3793,0
2026-05-06T12:15:00+05:30,953.5,953.8,948.1,948.5,1763,0
2026-05-06T12:30:00+05:30,948.5,949.8,946.7,946.7,2169,0
2026-05-06T12:45:00+05:30,947.5,947.5,944.0,945.5,3717,0
2026-05-06T13:00:00+05:30,944.8,948.75,943.8,947.3,1304,0
2026-05-06T13:15:00+05:30,947.3,951.2,947.15,949.25,1525,0
2026-05-06T13:30:00+05:30,949.0,951.65,949.0,950.15,531,0
2026-05-06T13:45:00+05:30,950.15,952.0,948.0,948.85,3953,0
2026-05-06T14:00:00+05:30,948.55,950.0,947.05,949.2,1484,0
2026-05-06T14:15:00+05:30,949.2,957.0,948.8,956.15,3157,0
2026-05-06T14:30:00+05:30,956.25,959.8,954.15,957.85,2865,0
2026-05-06T14:45:00+05:30,958.0,960.75,953.15,953.4,6178,0
2026-05-06T15:00:00+05:30,954.45,957.65,948.45,949.2,15013,0
2026-05-06T15:15:00+05:30,949.8,960.0,948.2,959.0,15844,0
2026-05-07T09:15:00+05:30,960.0,981.65,960.0,969.5,19890,0
2026-05-07T09:30:00+05:30,969.4,970.0,964.85,967.9,7526,0
2026-05-07T09:45:00+05:30,967.15,968.35,961.05,962.05,2942,0
2026-05-07T10:00:00+05:30,962.05,964.65,961.5,962.5,2464,0
2026-05-07T10:15:00+05:30,962.4,965.45,961.4,964.8,2400,0
2026-05-07T10:30:00+05:30,964.8,970.4,964.8,968.15,7717,0
2026-05-07T10:45:00+05:30,968.25,970.45,967.0,969.0,3775,0
2026-05-07T11:00:00+05:30,969.8,970.0,963.35,963.35,7206,0
2026-05-07T11:15:00+05:30,964.35,966.95,963.45,964.75,2893,0
2026-05-07T11:30:00+05:30,964.8,968.4,964.8,965.45,1200,0
2026-05-07T11:45:00+05:30,966.35,967.0,963.85,965.0,2840,0
2026-05-07T12:00:00+05:30,965.0,966.9,963.3,963.3,1356,0
2026-05-07T12:15:00+05:30,963.3,966.45,963.2,965.25,1537,0
2026-05-07T12:30:00+05:30,965.25,974.15,963.0,968.45,9685,0
2026-05-07T12:45:00+05:30,968.25,969.45,967.0,967.5,1886,0
2026-05-07T13:00:00+05:30,968.3,968.6,965.75,968.0,2665,0
2026-05-07T13:15:00+05:30,968.6,969.15,965.1,967.75,2015,0
2026-05-07T13:30:00+05:30,968.75,971.65,967.7,970.6,1665,0
2026-05-07T13:45:00+05:30,971.4,974.15,969.0,970.75,4175,0
2026-05-07T14:00:00+05:30,971.7,973.25,969.3,970.0,4715,0
2026-05-07T14:15:00+05:30,970.8,971.4,969.25,970.0,1392,0
2026-05-07T14:30:00+05:30,970.0,975.0,969.4,973.2,7007,0
2026-05-07T14:45:00+05:30,973.2,973.75,970.5,973.15,1878,0
2026-05-07T15:00:00+05:30,972.35,972.9,967.6,967.6,6604,0
2026-05-07T15:15:00+05:30,967.6,970.3,965.0,970.3,13167,0
2026-05-08T09:15:00+05:30,970.0,970.4,957.55,961.35,15257,0
2026-05-08T09:30:00+05:30,962.5,962.65,957.0,957.6,6020,0
2026-05-08T09:45:00+05:30,957.0,961.8,955.0,960.85,5232,0
2026-05-08T10:00:00+05:30,960.1,961.25,958.05,959.45,3046,0
2026-05-08T10:15:00+05:30,959.25,960.8,957.65,958.85,1400,0
2026-05-08T10:30:00+05:30,959.0,962.6,959.0,961.05,1550,0
2026-05-08T10:45:00+05:30,961.05,962.8,960.5,961.55,1068,0
2026-05-08T11:00:00+05:30,961.55,963.0,961.0,961.3,557,0
2026-05-08T11:15:00+05:30,961.5,962.3,957.55,958.5,1508,0
2026-05-08T11:30:00+05:30,958.5,961.95,957.55,960.55,1643,0
2026-05-08T11:45:00+05:30,960.55,960.8,959.0,960.7,1227,0
2026-05-08T12:00:00+05:30,960.7,961.85,959.45,960.75,1308,0
2026-05-08T12:15:00+05:30,961.55,964.0,960.9,963.05,1651,0
2026-05-08T12:30:00+05:30,963.05,963.85,961.25,962.2,357,0
2026-05-08T12:45:00+05:30,962.25,962.45,959.45,961.15,1213,0
2026-05-08T13:00:00+05:30,961.15,965.8,960.85,964.0,1415,0
2026-05-08T13:15:00+05:30,964.0,966.85,963.75,964.45,1098,0
2026-05-08T13:30:00+05:30,964.95,965.35,960.15,961.7,2563,0
2026-05-08T13:45:00+05:30,962.6,963.45,958.5,958.5,2350,0
2026-05-08T14:00:00+05:30,959.15,961.6,958.0,959.8,1874,0
2026-05-08T14:15:00+05:30,959.0,961.1,958.6,960.1,660,0
2026-05-08T14:30:00+05:30,960.1,962.9,960.1,962.45,1508,0
2026-05-08T14:45:00+05:30,961.25,962.65,959.5,960.3,3007,0
2026-05-08T15:00:00+05:30,961.4,961.4,956.0,958.05,3954,0
2026-05-08T15:15:00+05:30,957.15,957.45,953.35,957.0,7283,0
2026-05-11T09:15:00+05:30,935.0,948.95,931.65,937.25,9453,0
2026-05-11T09:30:00+05:30,938.7,941.7,932.2,934.15,5955,0
2026-05-11T09:45:00+05:30,934.1,935.25,930.0,931.55,6327,0
2026-05-11T10:00:00+05:30,931.5,941.5,931.1,939.6,4723,0
2026-05-11T10:15:00+05:30,940.3,945.15,938.5,945.15,2522,0
2026-05-11T10:30:00+05:30,945.0,947.55,943.85,945.05,2226,0
2026-05-11T10:45:00+05:30,945.85,949.0,945.05,945.65,1672,0
2026-05-11T11:00:00+05:30,946.25,954.5,945.55,953.25,3073,0
2026-05-11T11:15:00+05:30,953.0,956.35,950.35,955.3,3200,0
2026-05-11T11:30:00+05:30,954.2,957.2,951.0,957.2,3676,0
2026-05-11T11:45:00+05:30,957.85,960.0,954.45,956.85,4860,0
2026-05-11T12:00:00+05:30,956.95,976.95,954.85,975.3,19354,0
2026-05-11T12:15:00+05:30,975.4,1008.9,974.8,996.75,129656,0
2026-05-11T12:30:00+05:30,995.3,1045.0,993.0,1020.1,348720,0
2026-05-11T12:45:00+05:30,1020.75,1047.55,1010.0,1044.45,175042,0
2026-05-11T13:00:00+05:30,1044.45,1054.95,1025.05,1037.05,402691,0
2026-05-11T13:15:00+05:30,1037.2,1050.0,1031.45,1045.05,146976,0
2026-05-11T13:30:00+05:30,1046.1,1078.8,1044.05,1063.4,662418,0
2026-05-11T13:45:00+05:30,1063.85,1094.7,1060.1,1082.6,1119799,0
2026-05-11T14:00:00+05:30,1081.8,1096.0,1073.0,1092.0,777717,0
2026-05-11T14:15:00+05:30,1091.95,1126.9,1085.5,1093.85,1518826,0
2026-05-11T14:30:00+05:30,1093.9,1111.0,1090.0,1099.6,458593,0
2026-05-11T14:45:00+05:30,1099.0,1110.0,1096.15,1100.8,358222,0
2026-05-11T15:00:00+05:30,1101.8,1104.5,1070.0,1075.7,785277,0
2026-05-11T15:15:00+05:30,1075.75,1088.0,1048.0,1056.0,537031,0
2026-05-12T09:15:00+05:30,1041.05,1053.15,1018.5,1023.85,191053,0
2026-05-12T09:30:00+05:30,1023.85,1043.4,1015.9,1035.2,131692,0
2026-05-12T09:45:00+05:30,1035.1,1038.45,1030.0,1031.0,44500,0
2026-05-12T10:00:00+05:30,1031.85,1048.0,1026.45,1046.75,48034,0
2026-05-12T10:15:00+05:30,1046.25,1064.7,1035.7,1037.8,118145,0
2026-05-12T10:30:00+05:30,1038.05,1040.3,1029.5,1030.6,39886,0
2026-05-12T10:45:00+05:30,1031.7,1044.4,1030.8,1037.85,23439,0
2026-05-12T11:00:00+05:30,1037.85,1042.45,1034.9,1042.1,17356,0
2026-05-12T11:15:00+05:30,1041.6,1041.9,1035.95,1037.7,8707,0
2026-05-12T11:30:00+05:30,1037.15,1040.9,1035.0,1038.5,12260,0
2026-05-12T11:45:00+05:30,1038.5,1039.2,1033.0,1035.4,12929,0
2026-05-12T12:00:00+05:30,1035.0,1036.35,1030.4,1035.85,17925,0
2026-05-12T12:15:00+05:30,1035.15,1036.75,1032.25,1032.6,10316,0
2026-05-12T12:30:00+05:30,1032.25,1034.95,1028.7,1034.65,10843,0
2026-05-12T12:45:00+05:30,1034.85,1035.0,1022.45,1025.45,20857,0
2026-05-12T13:00:00+05:30,1026.35,1028.5,1023.65,1025.2,10563,0
2026-05-12T13:15:00+05:30,1026.15,1038.0,1025.1,1029.1,21555,0
2026-05-12T13:30:00+05:30,1029.1,1031.25,1026.5,1028.05,7510,0
2026-05-12T13:45:00+05:30,1028.15,1033.4,1026.1,1030.95,11849,0
2026-05-12T14:00:00+05:30,1030.95,1031.0,1016.2,1017.8,20435,0
2026-05-12T14:15:00+05:30,1017.8,1033.1,1011.85,1024.85,38014,0
2026-05-12T14:30:00+05:30,1024.85,1024.85,1016.6,1017.85,9846,0
2026-05-12T14:45:00+05:30,1017.3,1019.45,1011.65,1014.05,10970,0
2026-05-12T15:00:00+05:30,1014.3,1016.55,1006.5,1013.4,25721,0
2026-05-12T15:15:00+05:30,1012.85,1035.0,1000.0,1008.9,66961,0
2026-05-13T09:15:00+05:30,1005.45,1006.8,985.9,995.25,51428,0
2026-05-13T09:30:00+05:30,996.85,999.0,980.6,989.0,35522,0
2026-05-13T09:45:00+05:30,988.8,990.3,980.25,985.2,16145,0
2026-05-13T10:00:00+05:30,985.2,992.25,984.0,987.05,18440,0
2026-05-13T10:15:00+05:30,987.25,990.75,986.25,989.25,10766,0
2026-05-13T10:30:00+05:30,988.3,999.05,985.6,991.45,20242,0
2026-05-13T10:45:00+05:30,991.85,994.0,985.95,987.5,8650,0
2026-05-13T11:00:00+05:30,988.1,989.2,985.5,989.2,2995,0
2026-05-13T11:15:00+05:30,989.2,995.2,989.2,993.15,9273,0
2026-05-13T11:30:00+05:30,993.2,997.0,993.2,996.0,3140,0
2026-05-13T11:45:00+05:30,996.05,996.45,992.5,992.5,3523,0
2026-05-13T12:00:00+05:30,993.4,995.85,991.0,994.45,4993,0
2026-05-13T12:15:00+05:30,995.0,995.35,993.0,994.95,2864,0
2026-05-13T12:30:00+05:30,994.95,995.05,988.05,992.15,6036,0
2026-05-13T12:45:00+05:30,991.3,993.85,990.0,993.0,4633,0
2026-05-13T13:00:00+05:30,992.25,993.2,988.1,991.1,1831,0
2026-05-13T13:15:00+05:30,990.25,991.2,988.05,988.85,1776,0
2026-05-13T13:30:00+05:30,988.25,991.8,988.1,988.1,2152,0
2026-05-13T13:45:00+05:30,988.95,994.0,987.85,990.2,10314,0
2026-05-13T14:00:00+05:30,991.15,992.7,990.2,991.35,1848,0
2026-05-13T14:15:00+05:30,991.45,992.3,986.3,987.6,3375,0
2026-05-13T14:30:00+05:30,988.0,1023.0,988.0,1021.0,62171,0
2026-05-13T14:45:00+05:30,1020.15,1038.5,1015.45,1030.8,63290,0
2026-05-13T15:00:00+05:30,1031.0,1031.0,1018.0,1030.0,39509,0
2026-05-13T15:15:00+05:30,1029.95,1033.5,1021.7,1029.0,41299,0
2026-05-14T09:15:00+05:30,1028.95,1036.65,1017.0,1022.55,19867,0
2026-05-14T09:30:00+05:30,1023.75,1030.95,1002.0,1002.0,21851,0
2026-05-14T09:45:00+05:30,1002.85,1007.05,993.65,996.1,8408,0
2026-05-14T10:00:00+05:30,996.0,1003.55,994.0,1000.35,5601,0
2026-05-14T10:15:00+05:30,1000.5,1000.5,992.7,996.0,5626,0
2026-05-14T10:30:00+05:30,995.5,997.1,991.6,991.6,6096,0
2026-05-14T10:45:00+05:30,992.1,994.3,990.0,991.5,5791,0
2026-05-14T11:00:00+05:30,991.5,993.4,990.0,992.1,2669,0
2026-05-14T11:15:00+05:30,992.7,995.0,990.0,993.0,4317,0
2026-05-14T11:30:00+05:30,993.15,998.4,991.5,997.85,3701,0
2026-05-14T11:45:00+05:30,998.0,1001.95,996.8,1001.8,5844,0
2026-05-14T12:00:00+05:30,1001.8,1001.8,997.5,1000.65,3424,0
2026-05-14T12:15:00+05:30,1000.65,1001.4,999.1,1000.8,2396,0
2026-05-14T12:30:00+05:30,1000.0,1003.35,997.75,1002.0,4441,0
2026-05-14T12:45:00+05:30,1002.5,1002.5,998.5,1001.4,2968,0
2026-05-14T13:00:00+05:30,1001.4,1002.0,999.55,1001.8,1813,0
2026-05-14T13:15:00+05:30,1000.45,1005.7,1000.3,1004.0,4696,0
2026-05-14T13:30:00+05:30,1004.0,1004.25,1002.05,1003.45,1596,0
2026-05-14T13:45:00+05:30,1004.25,1005.15,999.4,1005.0,1894,0
2026-05-14T14:00:00+05:30,1004.75,1008.0,1002.7,1008.0,2972,0
2026-05-14T14:15:00+05:30,1008.35,1009.9,1004.6,1006.95,3364,0
2026-05-14T14:30:00+05:30,1007.05,1009.95,1005.15,1007.95,5381,0
2026-05-14T14:45:00+05:30,1008.0,1017.45,1005.2,1015.2,5745,0
2026-05-14T15:00:00+05:30,1015.85,1023.85,1013.4,1016.2,15718,0
2026-05-14T15:15:00+05:30,1015.45,1028.4,1011.0,1028.4,15621,0
2026-05-15T09:15:00+05:30,1028.4,1029.0,1010.1,1010.5,12040,0
2026-05-15T09:30:00+05:30,1010.5,1012.85,1004.65,1008.0,8932,0
2026-05-15T09:45:00+05:30,1007.9,1014.3,1007.9,1010.45,1256,0
2026-05-15T10:00:00+05:30,1010.4,1012.45,1008.45,1010.4,2260,0
2026-05-15T10:15:00+05:30,1011.6,1012.8,1010.05,1010.7,2345,0
2026-05-15T10:30:00+05:30,1011.55,1014.25,1009.45,1012.8,1505,0
2026-05-15T10:45:00+05:30,1012.95,1022.35,1012.95,1021.0,4726,0
2026-05-15T11:00:00+05:30,1019.8,1021.0,1016.15,1018.6,2630,0
2026-05-15T11:15:00+05:30,1018.2,1018.85,1016.85,1018.5,500,0
2026-05-15T11:30:00+05:30,1017.4,1017.45,1014.8,1017.45,697,0
2026-05-15T11:45:00+05:30,1017.45,1019.0,1016.1,1019.0,1556,0
2026-05-15T12:00:00+05:30,1018.85,1031.85,1017.7,1021.2,10197,0
2026-05-15T12:15:00+05:30,1021.0,1023.3,1017.25,1020.8,2839,0
2026-05-15T12:30:00+05:30,1021.05,1024.95,1019.7,1024.0,1419,0
2026-05-15T12:45:00+05:30,1024.0,1025.3,1016.3,1018.9,4526,0
2026-05-15T13:00:00+05:30,1018.9,1023.75,1014.75,1016.55,8988,0
2026-05-15T13:15:00+05:30,1016.55,1017.85,1015.5,1017.85,624,0
2026-05-15T13:30:00+05:30,1016.85,1018.3,1015.9,1017.35,969,0
2026-05-15T13:45:00+05:30,1017.3,1029.0,1017.2,1019.55,7472,0
2026-05-15T14:00:00+05:30,1019.3,1024.0,1018.15,1019.7,4615,0
2026-05-15T14:15:00+05:30,1019.7,1021.4,1016.8,1016.95,2594,0
2026-05-15T14:30:00+05:30,1017.0,1023.8,1011.05,1020.0,12095,0
2026-05-15T14:45:00+05:30,1021.95,1021.95,1015.7,1019.1,4662,0
2026-05-15T15:00:00+05:30,1018.15,1019.1,1012.0,1016.95,11780,0
2026-05-15T15:15:00+05:30,1016.6,1017.0,1009.0,1009.0,6313,0
2026-05-18T09:15:00+05:30,1004.55,1011.0,966.0,967.05,24503,0
2026-05-18T09:30:00+05:30,966.95,969.2,958.6,967.0,17502,0
2026-05-18T09:45:00+05:30,966.6,967.25,960.0,961.5,8667,0
2026-05-18T10:00:00+05:30,962.1,964.8,953.55,957.75,12113,0
2026-05-18T10:15:00+05:30,957.5,962.5,953.0,954.2,6977,0
2026-05-18T10:30:00+05:30,954.2,964.5,952.6,960.85,9829,0
2026-05-18T10:45:00+05:30,960.8,961.85,955.25,956.75,7250,0
2026-05-18T11:00:00+05:30,955.75,961.85,955.75,959.0,2212,0
2026-05-18T11:15:00+05:30,958.8,963.8,958.15,962.3,2954,0
2026-05-18T11:30:00+05:30,962.25,962.3,946.0,948.2,23669,0
2026-05-18T11:45:00+05:30,948.0,948.65,935.6,936.0,23708,0
2026-05-18T12:00:00+05:30,936.0,936.5,932.0,935.55,15786,0
2026-05-18T12:15:00+05:30,935.95,939.5,933.5,938.0,20907,0
2026-05-18T12:30:00+05:30,937.2,940.0,936.3,937.05,12247,0
2026-05-18T12:45:00+05:30,937.2,942.45,935.05,940.15,12358,0
2026-05-18T13:00:00+05:30,939.65,947.3,938.5,946.15,12153,0
2026-05-18T13:15:00+05:30,947.25,949.9,940.05,940.95,11907,0
2026-05-18T13:30:00+05:30,941.6,943.5,939.2,941.25,6233,0
2026-05-18T13:45:00+05:30,941.25,944.25,939.15,943.4,4006,0
2026-05-18T14:00:00+05:30,942.95,947.55,940.65,943.5,5210,0
2026-05-18T14:15:00+05:30,943.15,945.1,940.85,942.7,5647,0
2026-05-18T14:30:00+05:30,942.7,942.8,938.05,940.05,8008,0
2026-05-18T14:45:00+05:30,940.0,941.25,935.05,939.45,17294,0
2026-05-18T15:00:00+05:30,938.65,949.0,938.65,939.0,20603,0
2026-05-18T15:15:00+05:30,939.0,942.0,932.5,939.0,40738,0
2026-05-19T09:15:00+05:30,949.95,958.75,940.45,955.7,24898,0
2026-05-19T09:30:00+05:30,955.3,957.35,950.0,953.35,6713,0
2026-05-19T09:45:00+05:30,953.7,961.0,951.25,952.1,13417,0
2026-05-19T10:00:00+05:30,951.8,957.2,951.4,954.6,2587,0
2026-05-19T10:15:00+05:30,953.7,955.2,951.3,954.4,1529,0
2026-05-19T10:30:00+05:30,955.0,955.95,953.75,955.85,2022,0
2026-05-19T10:45:00+05:30,955.15,960.1,954.2,956.1,4805,0
2026-05-19T11:00:00+05:30,956.7,963.85,955.85,960.7,6197,0
2026-05-19T11:15:00+05:30,960.55,989.8,958.2,981.0,25819,0
2026-05-19T11:30:00+05:30,981.2,982.0,970.0,974.5,14773,0
2026-05-19T11:45:00+05:30,973.7,974.4,966.3,969.55,6577,0
2026-05-19T12:00:00+05:30,969.55,970.0,965.25,968.0,3898,0
2026-05-19T12:15:00+05:30,967.15,968.0,963.15,965.8,2233,0
2026-05-19T12:30:00+05:30,966.55,974.45,964.55,968.0,6343,0
2026-05-19T12:45:00+05:30,967.5,967.5,962.2,965.7,5495,0
2026-05-19T13:00:00+05:30,965.9,968.0,964.9,967.25,1360,0
2026-05-19T13:15:00+05:30,966.95,967.8,966.0,966.85,1765,0
2026-05-19T13:30:00+05:30,967.15,967.3,964.6,965.3,969,0
2026-05-19T13:45:00+05:30,965.3,970.0,964.0,966.5,4368,0
2026-05-19T14:00:00+05:30,966.5,970.0,965.6,965.6,4408,0
2026-05-19T14:15:00+05:30,965.6,970.0,965.6,968.5,3833,0
2026-05-19T14:30:00+05:30,969.05,969.1,966.15,968.6,2083,0
2026-05-19T14:45:00+05:30,967.9,970.0,966.8,968.9,4155,0
2026-05-19T15:00:00+05:30,968.9,969.85,965.3,966.95,7437,0
2026-05-19T15:15:00+05:30,966.65,968.0,962.0,967.95,15451,0
2026-05-20T09:15:00+05:30,980.0,1014.95,963.5,965.0,337697,0
2026-05-20T09:30:00+05:30,965.8,974.5,952.5,965.1,98547,0
2026-05-20T09:45:00+05:30,963.8,967.0,955.65,958.8,44549,0
2026-05-20T10:00:00+05:30,958.6,964.95,956.3,957.45,60033,0
2026-05-20T10:15:00+05:30,957.25,960.0,954.2,958.6,18438,0
2026-05-20T10:30:00+05:30,958.45,959.7,941.4,942.8,44561,0
2026-05-20T10:45:00+05:30,943.0,945.0,940.4,943.55,22250,0
2026-05-20T11:00:00+05:30,943.4,944.85,940.0,941.7,18285,0
2026-05-20T11:15:00+05:30,941.4,942.0,933.35,934.5,31286,0
2026-05-20T11:30:00+05:30,934.0,936.7,933.7,935.2,22158,0
2026-05-20T11:45:00+05:30,935.6,936.65,933.0,935.0,18613,0
2026-05-20T12:00:00+05:30,935.05,935.1,921.45,922.0,55047,0
2026-05-20T12:15:00+05:30,922.05,924.85,917.55,919.95,54047,0
2026-05-20T12:30:00+05:30,919.95,921.5,915.7,920.0,38716,0
2026-05-20T12:45:00+05:30,920.0,920.9,918.65,920.0,22792,0
2026-05-20T13:00:00+05:30,920.0,920.65,915.0,917.4,30243,0
2026-05-20T13:15:00+05:30,917.15,919.35,915.0,915.25,18019,0
2026-05-20T13:30:00+05:30,915.15,918.8,915.0,915.9,23396,0
2026-05-20T13:45:00+05:30,916.0,917.45,915.0,916.3,21006,0
2026-05-20T14:00:00+05:30,916.3,922.45,910.05,918.3,63944,0
2026-05-20T14:15:00+05:30,918.3,918.85,913.5,914.3,19242,0
2026-05-20T14:30:00+05:30,914.75,915.95,914.05,915.0,17000,0
2026-05-20T14:45:00+05:30,915.0,918.0,914.05,917.0,65078,0
2026-05-20T15:00:00+05:30,917.25,917.5,914.0,916.0,51108,0
2026-05-20T15:15:00+05:30,915.9,916.0,905.0,910.0,134399,0
2026-05-21T09:15:00+05:30,913.0,920.0,900.2,906.65,68293,0
2026-05-21T09:30:00+05:30,906.65,911.95,903.2,909.1,17855,0
2026-05-21T09:45:00+05:30,909.65,910.75,905.6,909.7,11345,0
2026-05-21T10:00:00+05:30,909.05,918.9,909.05,914.5,24083,0
2026-05-21T10:15:00+05:30,915.35,917.2,912.2,915.0,8108,0
2026-05-21T10:30:00+05:30,915.8,916.45,910.0,912.4,4785,0
2026-05-21T10:45:00+05:30,912.4,929.4,912.3,921.0,50336,0
2026-05-21T11:00:00+05:30,921.45,921.45,915.1,919.0,11920,0
2026-05-21T11:15:00+05:30,918.55,918.65,912.0,915.0,6613,0
2026-05-21T11:30:00+05:30,915.0,922.95,914.1,921.65,11570,0
2026-05-21T11:45:00+05:30,921.65,921.65,920.0,920.95,5563,0
2026-05-21T12:00:00+05:30,920.55,921.0,913.2,913.6,8042,0
2026-05-21T12:15:00+05:30,913.2,914.1,911.5,911.95,2879,0
2026-05-21T12:30:00+05:30,911.55,913.5,911.0,911.7,1934,0
2026-05-21T12:45:00+05:30,912.7,912.85,910.0,911.2,2266,0
2026-05-21T13:00:00+05:30,910.9,916.4,908.55,912.05,9552,0
2026-05-21T13:15:00+05:30,911.7,912.5,909.15,912.0,5806,0
2026-05-21T13:30:00+05:30,911.55,911.55,909.55,910.0,4972,0
2026-05-21T13:45:00+05:30,910.95,911.0,905.45,907.3,26237,0
2026-05-21T14:00:00+05:30,907.0,908.2,901.5,901.9,12801,0
2026-05-21T14:15:00+05:30,901.9,907.0,901.5,902.0,8098,0
2026-05-21T14:30:00+05:30,902.7,907.0,902.0,904.8,6897,0
2026-05-21T14:45:00+05:30,904.85,906.9,900.1,901.4,13116,0
2026-05-21T15:00:00+05:30,901.45,904.0,896.0,896.6,40113,0
2026-05-21T15:15:00+05:30,896.5,896.5,886.35,891.0,45579,0
2026-05-22T09:15:00+05:30,897.0,899.0,882.1,883.0,33643,0
2026-05-22T09:30:00+05:30,882.1,882.1,864.0,867.25,57636,0
2026-05-22T09:45:00+05:30,867.3,870.0,866.4,868.65,18447,0
2026-05-22T10:00:00+05:30,868.25,868.95,864.5,865.55,14859,0
2026-05-22T10:15:00+05:30,865.6,870.0,865.6,869.7,11815,0
2026-05-22T10:30:00+05:30,869.2,871.0,867.25,869.65,11253,0
2026-05-22T10:45:00+05:30,870.5,870.5,864.2,864.8,13320,0
2026-05-22T11:00:00+05:30,864.8,865.45,860.1,864.5,17920,0
2026-05-22T11:15:00+05:30,864.5,869.15,864.0,864.45,14046,0
2026-05-22T11:30:00+05:30,864.4,866.35,864.0,864.7,6479,0
2026-05-22T11:45:00+05:30,864.6,869.4,864.0,864.05,13400,0
2026-05-22T12:00:00+05:30,864.35,864.95,860.25,863.95,17939,0
2026-05-22T12:15:00+05:30,863.85,865.45,863.15,863.95,5720,0
2026-05-22T12:30:00+05:30,863.95,865.7,863.0,864.0,6000,0
2026-05-22T12:45:00+05:30,864.0,874.9,864.0,869.15,18770,0
2026-05-22T13:00:00+05:30,869.1,869.7,865.6,866.4,10476,0
2026-05-22T13:15:00+05:30,865.6,868.95,865.2,865.9,8740,0
2026-05-22T13:30:00+05:30,865.85,878.7,865.35,878.7,25743,0
2026-05-22T13:45:00+05:30,878.7,879.5,871.65,874.2,12137,0
2026-05-22T14:00:00+05:30,874.4,876.5,866.0,868.05,23398,0
2026-05-22T14:15:00+05:30,868.25,868.4,863.5,864.1,11212,0
2026-05-22T14:30:00+05:30,864.2,865.0,859.8,863.2,22436,0
2026-05-22T14:45:00+05:30,863.6,865.0,861.7,863.7,6292,0
2026-05-22T15:00:00+05:30,863.2,869.0,859.0,860.0,33334,0
2026-05-22T15:15:00+05:30,859.95,860.3,854.1,858.95,39367,0
2026-05-25T09:15:00+05:30,872.0,872.45,863.55,868.8,23241,0
2026-05-25T09:30:00+05:30,869.0,873.55,864.05,869.5,12067,0
2026-05-25T09:45:00+05:30,869.5,873.0,868.55,872.45,6194,0
2026-05-25T10:00:00+05:30,872.45,877.4,870.15,877.05,8728,0
2026-05-25T10:15:00+05:30,877.0,883.0,873.15,874.2,24499,0
2026-05-25T10:30:00+05:30,874.95,876.0,872.5,875.6,6334,0
2026-05-25T10:45:00+05:30,874.8,879.2,874.75,876.55,4051,0
2026-05-25T11:00:00+05:30,876.0,879.35,874.6,876.25,5275,0
2026-05-25T11:15:00+05:30,875.45,876.45,874.0,874.95,2540,0
2026-05-25T11:30:00+05:30,874.35,875.7,872.7,874.95,2258,0
2026-05-25T11:45:00+05:30,875.0,875.0,872.5,873.0,1814,0
2026-05-25T12:00:00+05:30,873.05,874.0,871.55,873.3,3755,0
2026-05-25T12:15:00+05:30,873.55,873.55,867.7,869.35,7726,0
2026-05-25T12:30:00+05:30,869.35,872.05,868.55,870.0,4700,0
2026-05-25T12:45:00+05:30,870.0,870.7,869.0,870.0,4522,0
2026-05-25T13:00:00+05:30,870.0,871.0,869.05,869.95,3320,0
2026-05-25T13:15:00+05:30,870.0,871.5,869.0,870.6,2601,0
2026-05-25T13:30:00+05:30,870.6,871.2,869.0,869.95,4780,0
2026-05-25T13:45:00+05:30,869.95,870.2,869.0,869.95,3468,0
2026-05-25T14:00:00+05:30,869.95,870.0,868.55,870.0,5024,0
2026-05-25T14:15:00+05:30,869.9,870.1,868.6,870.0,2406,0
2026-05-25T14:30:00+05:30,870.0,870.65,869.05,870.0,4764,0
2026-05-25T14:45:00+05:30,869.95,870.15,868.1,869.0,7000,0
2026-05-25T15:00:00+05:30,869.3,873.9,866.0,867.65,13807,0
2026-05-25T15:15:00+05:30,867.05,867.05,862.0,866.0,28846,0
2026-05-26T09:15:00+05:30,867.9,871.1,858.2,865.65,29829,0
2026-05-26T09:30:00+05:30,865.6,870.9,862.4,866.95,14530,0
2026-05-26T09:45:00+05:30,866.1,867.95,857.2,858.0,13824,0
2026-05-26T10:00:00+05:30,857.1,860.85,856.0,860.7,6066,0
2026-05-26T10:15:00+05:30,860.7,863.5,859.4,863.5,9682,0
2026-05-26T10:30:00+05:30,863.25,865.2,860.1,861.9,9508,0
2026-05-26T10:45:00+05:30,861.9,862.7,860.0,860.75,3161,0
2026-05-26T11:00:00+05:30,860.8,861.1,858.05,858.1,5059,0
2026-05-26T11:15:00+05:30,858.95,859.45,857.3,857.3,4309,0
2026-05-26T11:30:00+05:30,857.2,857.95,856.7,857.0,4516,0
2026-05-26T11:45:00+05:30,857.0,857.9,854.7,855.05,14283,0
2026-05-26T12:00:00+05:30,855.55,855.55,853.0,854.4,7949,0
2026-05-26T12:15:00+05:30,854.0,855.0,852.0,853.1,6652,0
2026-05-26T12:30:00+05:30,853.8,853.8,851.5,852.25,9321,0
2026-05-26T12:45:00+05:30,852.25,853.0,851.5,851.5,3437,0
2026-05-26T13:00:00+05:30,851.9,851.9,848.8,851.3,10215,0
2026-05-26T13:15:00+05:30,851.3,851.35,848.8,849.2,6793,0
2026-05-26T13:30:00+05:30,850.0,850.8,847.75,850.1,7095,0
2026-05-26T13:45:00+05:30,849.15,849.95,847.55,847.95,6336,0
2026-05-26T14:00:00+05:30,847.9,848.0,846.1,847.0,9847,0
2026-05-26T14:15:00+05:30,847.45,848.0,844.5,845.1,8927,0
2026-05-26T14:30:00+05:30,845.25,845.25,843.05,843.6,10058,0
2026-05-26T14:45:00+05:30,843.8,846.0,841.05,845.55,17233,0
2026-05-26T15:00:00+05:30,845.7,847.45,842.0,842.4,17452,0
2026-05-26T15:15:00+05:30,843.35,846.8,840.1,843.9,33618,0
2026-05-27T09:15:00+05:30,847.0,849.6,831.55,833.25,39632,0
2026-05-27T09:30:00+05:30,834.05,837.5,832.1,836.35,11342,0
2026-05-27T09:45:00+05:30,836.3,836.95,828.05,829.7,24726,0
2026-05-27T10:00:00+05:30,829.7,831.3,828.05,830.0,10100,0
2026-05-27T10:15:00+05:30,829.95,836.0,829.8,835.8,16165,0
2026-05-27T10:30:00+05:30,835.75,836.0,833.0,833.5,5711,0
2026-05-27T10:45:00+05:30,833.5,834.35,833.0,833.6,4190,0
2026-05-27T11:00:00+05:30,833.35,836.15,833.0,835.75,5947,0
2026-05-27T11:15:00+05:30,835.55,836.0,834.05,834.75,7865,0
2026-05-27T11:30:00+05:30,834.65,845.0,833.05,843.55,11800,0
2026-05-27T11:45:00+05:30,842.4,843.0,839.9,840.0,9970,0
2026-05-27T12:00:00+05:30,840.4,847.0,840.05,846.95,9443,0
2026-05-27T12:15:00+05:30,846.8,848.05,843.0,844.7,8007,0
2026-05-27T12:30:00+05:30,844.4,849.9,843.7,847.8,12936,0
2026-05-27T12:45:00+05:30,847.5,857.85,847.45,851.8,17491,0
2026-05-27T13:00:00+05:30,851.75,852.3,850.05,851.25,3757,0
2026-05-27T13:15:00+05:30,851.05,852.0,849.25,850.7,3414,0
2026-05-27T13:30:00+05:30,850.0,851.1,847.6,850.15,6478,0
2026-05-27T13:45:00+05:30,850.15,850.15,845.05,847.05,7854,0
2026-05-27T14:00:00+05:30,847.0,847.35,845.0,845.3,3964,0
2026-05-27T14:15:00+05:30,845.0,848.85,845.0,848.0,5170,0
2026-05-27T14:30:00+05:30,847.65,848.05,845.9,846.95,3828,0
2026-05-27T14:45:00+05:30,846.65,846.95,845.0,845.0,8738,0
2026-05-27T15:00:00+05:30,845.65,847.15,844.15,845.75,11919,0
2026-05-27T15:15:00+05:30,845.75,847.4,840.75,845.0,20813,0
2026-05-29T09:15:00+05:30,845.4,853.55,835.5,836.95,34444,0
2026-05-29T09:30:00+05:30,837.15,840.3,831.3,834.55,19191,0
2026-05-29T09:45:00+05:30,834.15,838.9,832.4,832.4,12172,0
2026-05-29T10:00:00+05:30,832.45,838.1,831.7,837.15,7643,0
2026-05-29T10:15:00+05:30,837.75,841.15,836.6,840.05,8711,0
2026-05-29T10:30:00+05:30,839.85,842.0,838.05,840.55,4530,0
2026-05-29T10:45:00+05:30,840.5,840.5,833.05,835.05,9257,0
2026-05-29T11:00:00+05:30,835.0,836.25,834.6,836.2,3405,0
2026-05-29T11:15:00+05:30,835.95,836.15,833.65,835.2,8983,0
2026-05-29T11:30:00+05:30,835.0,835.0,833.05,833.85,3310,0
2026-05-29T11:45:00+05:30,833.9,835.75,833.25,835.45,3798,0
2026-05-29T12:00:00+05:30,834.95,835.45,833.0,833.3,3738,0
2026-05-29T12:15:00+05:30,833.05,834.55,832.5,833.6,2198,0
2026-05-29T12:30:00+05:30,833.65,834.7,833.4,834.0,2718,0
2026-05-29T12:45:00+05:30,833.4,837.45,832.6,833.65,4797,0
2026-05-29T13:00:00+05:30,833.3,834.45,832.6,833.15,5504,0
2026-05-29T13:15:00+05:30,832.85,833.85,832.0,832.0,3206,0
2026-05-29T13:30:00+05:30,832.0,833.85,831.3,831.65,4315,0
2026-05-29T13:45:00+05:30,831.85,836.6,831.0,836.0,7178,0
2026-05-29T14:00:00+05:30,836.25,836.6,832.0,832.6,3348,0
2026-05-29T14:15:00+05:30,832.0,837.55,831.15,833.9,9278,0
2026-05-29T14:30:00+05:30,833.7,837.5,833.5,836.15,7058,0
2026-05-29T14:45:00+05:30,836.15,838.2,834.6,838.15,5300,0
2026-05-29T15:00:00+05:30,837.7,837.7,813.0,816.25,190106,0
2026-05-29T15:15:00+05:30,817.25,826.5,811.0,826.45,182083,0
2026-06-01T09:15:00+05:30,808.1,841.9,808.1,824.75,38653,0
2026-06-01T09:30:00+05:30,824.75,834.1,823.25,833.95,10599,0
2026-06-01T09:45:00+05:30,833.05,849.0,833.0,843.1,29976,0
2026-06-01T10:00:00+05:30,843.25,850.0,841.0,847.05,10606,0
2026-06-01T10:15:00+05:30,847.05,849.95,844.1,846.75,8692,0
2026-06-01T10:30:00+05:30,847.15,850.0,846.6,848.8,9535,0
2026-06-01T10:45:00+05:30,848.75,858.0,847.05,856.05,26615,0
2026-06-01T11:00:00+05:30,856.1,863.75,856.0,861.55,30806,0
2026-06-01T11:15:00+05:30,862.35,866.8,860.0,860.8,23329,0
2026-06-01T11:30:00+05:30,860.95,862.0,857.45,857.7,13289,0
2026-06-01T11:45:00+05:30,858.65,865.5,855.2,861.5,27236,0
2026-06-01T12:00:00+05:30,861.45,864.45,860.65,862.3,13048,0
2026-06-01T12:15:00+05:30,862.8,862.9,860.0,861.5,7538,0
2026-06-01T12:30:00+05:30,861.7,862.75,858.8,860.65,9722,0
2026-06-01T12:45:00+05:30,861.2,861.95,859.15,859.15,6948,0
2026-06-01T13:00:00+05:30,859.4,859.45,849.45,849.45,15176,0
2026-06-01T13:15:00+05:30,849.3,855.95,845.05,851.7,25263,0
2026-06-01T13:30:00+05:30,851.7,853.45,850.0,850.15,4846,0
2026-06-01T13:45:00+05:30,850.25,852.0,849.2,850.2,3949,0
2026-06-01T14:00:00+05:30,850.3,852.0,847.2,847.6,6560,0
2026-06-01T14:15:00+05:30,847.2,849.0,845.1,846.0,9134,0
2026-06-01T14:30:00+05:30,846.0,852.5,845.5,850.5,5993,0
2026-06-01T14:45:00+05:30,851.2,853.85,843.6,844.35,11442,0
2026-06-01T15:00:00+05:30,844.65,845.0,840.75,843.0,11771,0
2026-06-01T15:15:00+05:30,843.0,844.65,835.3,842.4,19931,0
2026-06-02T09:15:00+05:30,840.45,840.45,825.5,830.9,18725,0
2026-06-02T09:30:00+05:30,830.5,836.85,827.1,835.2,12376,0
2026-06-02T09:45:00+05:30,835.4,841.7,832.75,840.3,10467,0
2026-06-02T10:00:00+05:30,840.6,845.9,838.3,842.25,13912,0
2026-06-02T10:15:00+05:30,842.15,848.5,842.15,848.4,10983,0
2026-06-02T10:30:00+05:30,848.0,848.4,841.0,848.15,10669,0
2026-06-02T10:45:00+05:30,847.35,847.35,837.0,839.0,4786,0
2026-06-02T11:00:00+05:30,838.25,838.75,830.0,832.35,10353,0
2026-06-02T11:15:00+05:30,832.35,835.45,832.0,834.5,4639,0
2026-06-02T11:30:00+05:30,835.4,835.4,830.15,830.15,5003,0
2026-06-02T11:45:00+05:30,830.5,842.45,828.1,829.0,10954,0
2026-06-02T12:00:00+05:30,829.35,830.8,827.1,827.1,2909,0
2026-06-02T12:15:00+05:30,827.5,828.45,826.25,826.3,2144,0
2026-06-02T12:30:00+05:30,826.55,828.4,825.3,828.0,3303,0
2026-06-02T12:45:00+05:30,827.25,834.55,827.2,834.55,6076,0
2026-06-02T13:00:00+05:30,834.5,834.55,831.0,832.1,2101,0
2026-06-02T13:15:00+05:30,832.1,836.4,831.2,835.75,6371,0
2026-06-02T13:30:00+05:30,835.3,836.9,832.3,834.5,5180,0
2026-06-02T13:45:00+05:30,833.9,836.15,833.9,835.8,1702,0
2026-06-02T14:00:00+05:30,835.05,837.8,835.0,836.1,5141,0
2026-06-02T14:15:00+05:30,836.65,836.65,833.0,833.9,4574,0
2026-06-02T14:30:00+05:30,833.8,835.5,830.3,831.05,5546,0
2026-06-02T14:45:00+05:30,830.35,832.7,811.45,819.9,39783,0
2026-06-02T15:00:00+05:30,819.15,829.4,818.0,827.65,26196,0
2026-06-02T15:15:00+05:30,827.0,830.0,825.0,827.0,22307,0
2026-06-03T09:15:00+05:30,827.05,829.95,817.3,819.25,18330,0
2026-06-03T09:30:00+05:30,819.0,819.15,812.15,814.3,13967,0
2026-06-03T09:45:00+05:30,813.8,814.35,810.3,811.0,16027,0
2026-06-03T10:00:00+05:30,811.6,814.05,810.55,812.6,9698,0
2026-06-03T10:15:00+05:30,813.25,816.95,811.45,815.0,5852,0
2026-06-03T10:30:00+05:30,815.95,816.8,813.25,815.85,2221,0
2026-06-03T10:45:00+05:30,815.05,817.35,814.0,814.4,4808,0
2026-06-03T11:00:00+05:30,814.4,814.5,808.95,809.85,11170,0
2026-06-03T11:15:00+05:30,809.85,813.2,808.3,810.65,5965,0
2026-06-03T11:30:00+05:30,811.3,811.8,808.75,810.35,4295,0
2026-06-03T11:45:00+05:30,809.8,812.05,809.0,809.0,3027,0
2026-06-03T12:00:00+05:30,809.85,809.95,805.1,807.05,8310,0
2026-06-03T12:15:00+05:30,806.45,807.75,805.0,807.4,7190,0
2026-06-03T12:30:00+05:30,807.55,811.4,807.55,809.55,4752,0
2026-06-03T12:45:00+05:30,809.5,811.0,806.35,808.5,10407,0
2026-06-03T13:00:00+05:30,808.5,808.5,806.35,807.75,2986,0
2026-06-03T13:15:00+05:30,807.8,811.85,807.1,811.75,7443,0
2026-06-03T13:30:00+05:30,811.85,812.0,809.25,810.55,4685,0
2026-06-03T13:45:00+05:30,810.0,813.7,809.95,813.25,3867,0
2026-06-03T14:00:00+05:30,813.1,813.2,812.0,812.6,1219,0
2026-06-03T14:15:00+05:30,812.6,816.4,812.0,813.95,6314,0
2026-06-03T14:30:00+05:30,813.6,817.7,812.05,817.15,5236,0
2026-06-03T14:45:00+05:30,817.15,819.85,816.4,819.05,9770,0
2026-06-03T15:00:00+05:30,819.2,819.3,815.0,815.9,6841,0
2026-06-03T15:15:00+05:30,815.95,818.95,812.0,815.8,19499,0
2026-06-04T09:15:00+05:30,818.1,824.0,812.25,821.95,13002,0
2026-06-04T09:30:00+05:30,821.6,823.0,819.0,821.65,5734,0
2026-06-04T09:45:00+05:30,821.25,831.15,820.25,829.2,12554,0
2026-06-04T10:00:00+05:30,829.05,836.3,826.6,836.0,15381,0
2026-06-04T10:15:00+05:30,836.05,838.95,835.0,836.85,11016,0
2026-06-04T10:30:00+05:30,837.55,839.0,832.45,838.05,10527,0
2026-06-04T10:45:00+05:30,838.6,839.8,837.0,839.35,5363,0
2026-06-04T11:00:00+05:30,839.3,839.4,831.2,833.3,4807,0
2026-06-04T11:15:00+05:30,832.55,839.0,830.6,839.0,13825,0
2026-06-04T11:30:00+05:30,839.0,842.0,836.5,841.5,8285,0
2026-06-04T11:45:00+05:30,841.15,843.8,837.6,842.0,6221,0
2026-06-04T12:00:00+05:30,842.0,842.0,837.6,837.65,4436,0
2026-06-04T12:15:00+05:30,838.2,839.85,837.45,838.3,2110,0
2026-06-04T12:30:00+05:30,838.9,839.25,836.0,836.75,2572,0
2026-06-04T12:45:00+05:30,836.75,837.95,836.1,837.95,1710,0
2026-06-04T13:00:00+05:30,837.15,838.8,833.1,833.4,4827,0
2026-06-04T13:15:00+05:30,833.45,835.15,832.0,835.15,3232,0
2026-06-04T13:30:00+05:30,834.7,835.2,833.0,833.2,789,0
2026-06-04T13:45:00+05:30,833.8,838.2,830.05,833.75,4906,0
2026-06-04T14:00:00+05:30,833.05,834.85,832.6,834.8,2175,0
2026-06-04T14:15:00+05:30,834.8,834.8,831.95,831.95,1096,0
2026-06-04T14:30:00+05:30,831.9,835.75,831.9,833.55,2545,0
2026-06-04T14:45:00+05:30,833.9,838.0,833.1,837.1,4507,0
2026-06-04T15:00:00+05:30,837.1,837.75,832.05,833.15,3896,0
2026-06-04T15:15:00+05:30,833.15,835.2,826.2,828.35,14667,0
2026-06-05T09:15:00+05:30,831.8,844.0,830.6,831.95,12791,0
2026-06-05T09:30:00+05:30,831.5,837.5,828.9,837.5,8476,0
2026-06-05T09:45:00+05:30,837.0,837.5,831.15,832.25,3326,0
2026-06-05T10:00:00+05:30,831.65,835.8,828.15,834.8,3513,0
2026-06-05T10:15:00+05:30,834.8,835.9,829.25,831.3,1846,0
2026-06-05T10:30:00+05:30,832.5,833.05,828.0,828.8,3371,0
2026-06-05T10:45:00+05:30,828.8,833.7,828.0,832.35,1583,0
2026-06-05T11:00:00+05:30,832.95,838.95,832.95,834.3,5067,0
2026-06-05T11:15:00+05:30,834.8,839.8,834.1,835.9,2816,0
2026-06-05T11:30:00+05:30,836.75,837.45,830.1,835.8,6959,0
2026-06-05T11:45:00+05:30,835.2,840.0,835.0,835.6,4681,0
2026-06-05T12:00:00+05:30,835.6,838.5,835.0,837.4,6154,0
2026-06-05T12:15:00+05:30,837.0,853.95,836.65,851.0,23649,0
2026-06-05T12:30:00+05:30,850.45,874.0,850.0,865.0,132302,0
2026-06-05T12:45:00+05:30,864.95,868.95,856.05,856.05,57166,0
2026-06-05T13:00:00+05:30,856.25,860.3,852.8,852.8,21000,0
2026-06-05T13:15:00+05:30,853.0,862.95,848.05,849.0,31164,0
2026-06-05T13:30:00+05:30,849.0,850.8,844.1,846.2,12889,0
2026-06-05T13:45:00+05:30,846.15,855.0,844.1,854.0,12376,0
2026-06-05T14:00:00+05:30,854.5,856.3,851.0,854.3,8901,0
2026-06-05T14:15:00+05:30,854.25,857.85,852.0,854.95,5301,0
2026-06-05T14:30:00+05:30,854.9,859.0,853.05,858.1,7441,0
2026-06-05T14:45:00+05:30,858.1,859.8,855.0,857.75,9704,0
2026-06-05T15:00:00+05:30,858.0,858.0,846.0,849.7,18279,0
2026-06-05T15:15:00+05:30,849.8,858.8,849.1,852.1,38749,0
2026-06-08T09:15:00+05:30,836.35,847.7,835.7,840.65,11874,0
2026-06-08T09:30:00+05:30,841.1,844.7,838.0,843.85,4916,0
2026-06-08T09:45:00+05:30,843.85,848.6,840.75,848.6,6137,0
2026-06-08T10:00:00+05:30,848.5,855.0,845.9,853.15,14073,0
2026-06-08T10:15:00+05:30,853.15,865.0,849.85,861.05,16596,0
2026-06-08T10:30:00+05:30,861.2,864.0,859.1,861.95,8878,0
2026-06-08T10:45:00+05:30,861.95,863.4,860.3,861.85,5988,0
2026-06-08T11:00:00+05:30,861.1,862.75,857.55,857.55,4840,0
2026-06-08T11:15:00+05:30,858.0,860.2,855.45,857.75,4586,0
2026-06-08T11:30:00+05:30,857.7,869.7,856.0,865.1,15836,0
2026-06-08T11:45:00+05:30,865.1,865.9,857.65,859.95,3630,0
2026-06-08T12:00:00+05:30,859.4,860.0,857.5,858.8,2534,0
2026-06-08T12:15:00+05:30,859.2,861.7,858.0,861.7,2062,0
2026-06-08T12:30:00+05:30,860.55,861.4,857.15,858.55,1416,0
2026-06-08T12:45:00+05:30,858.55,860.7,857.15,860.0,2376,0
2026-06-08T13:00:00+05:30,860.05,860.65,852.95,855.0,5079,0
2026-06-08T13:15:00+05:30,855.05,856.55,852.95,855.35,3920,0
2026-06-08T13:30:00+05:30,856.0,856.0,852.5,852.9,3793,0
2026-06-08T13:45:00+05:30,852.9,852.95,850.1,851.45,3692,0
2026-06-08T14:00:00+05:30,852.3,852.9,848.25,848.7,1621,0
2026-06-08T14:15:00+05:30,848.15,850.0,845.1,846.65,4826,0
2026-06-08T14:30:00+05:30,846.85,848.25,845.0,848.25,2987,0
2026-06-08T14:45:00+05:30,848.5,851.9,847.8,849.05,4899,0
2026-06-08T15:00:00+05:30,849.2,849.2,837.2,841.05,12784,0
2026-06-08T15:15:00+05:30,840.65,842.9,838.0,838.4,10888,0
2026-06-09T09:15:00+05:30,845.0,847.9,837.75,840.75,10941,0
2026-06-09T09:30:00+05:30,841.05,851.8,840.2,847.35,8632,0
2026-06-09T09:45:00+05:30,848.25,849.0,842.5,842.8,2357,0
2026-06-09T10:00:00+05:30,842.55,845.9,840.7,843.85,3874,0
2026-06-09T10:15:00+05:30,842.95,847.65,842.85,846.35,2419,0
2026-06-09T10:30:00+05:30,846.35,846.4,842.45,843.2,1431,0
2026-06-09T10:45:00+05:30,842.9,845.9,842.2,843.3,1613,0
2026-06-09T11:00:00+05:30,842.8,851.8,838.9,850.9,7370,0
2026-06-09T11:15:00+05:30,851.1,851.8,847.0,850.0,7129,0
2026-06-09T11:30:00+05:30,849.45,851.5,848.75,850.8,1970,0
2026-06-09T11:45:00+05:30,850.8,854.7,850.6,852.95,2981,0
2026-06-09T12:00:00+05:30,852.2,855.05,850.0,855.0,5351,0
2026-06-09T12:15:00+05:30,855.0,875.0,854.95,867.95,44570,0
2026-06-09T12:30:00+05:30,867.9,869.7,865.0,865.2,10604,0
2026-06-09T12:45:00+05:30,865.3,867.85,865.0,866.75,10124,0
2026-06-09T13:00:00+05:30,867.3,867.7,865.0,867.2,3741,0
2026-06-09T13:15:00+05:30,867.7,868.95,865.0,865.05,4661,0
2026-06-09T13:30:00+05:30,865.05,868.6,865.0,866.5,7682,0
2026-06-09T13:45:00+05:30,866.65,866.65,863.55,865.15,5466,0
2026-06-09T14:00:00+05:30,865.2,866.3,864.5,865.0,1332,0
2026-06-09T14:15:00+05:30,865.0,865.55,864.4,865.05,1557,0
2026-06-09T14:30:00+05:30,865.05,868.95,865.0,866.35,6802,0
2026-06-09T14:45:00+05:30,866.45,871.7,865.05,870.0,7235,0
2026-06-09T15:00:00+05:30,869.8,878.8,868.1,878.7,29080,0
2026-06-09T15:15:00+05:30,878.7,885.0,872.2,883.8,38348,0
2026-06-10T09:15:00+05:30,882.0,900.8,880.0,886.4,43679,0
2026-06-10T09:30:00+05:30,886.8,889.35,880.1,882.55,15245,0
2026-06-10T09:45:00+05:30,882.7,885.0,874.25,876.75,39586,0
2026-06-10T10:00:00+05:30,876.75,880.0,873.1,873.5,7841,0
2026-06-10T10:15:00+05:30,873.1,874.0,871.35,873.65,4979,0
2026-06-10T10:30:00+05:30,873.8,876.25,873.1,875.5,2856,0
2026-06-10T10:45:00+05:30,875.1,875.5,871.2,872.15,1602,0
2026-06-10T11:00:00+05:30,872.3,872.55,869.0,871.0,6142,0
2026-06-10T11:15:00+05:30,871.4,878.35,871.4,875.5,3542,0
2026-06-10T11:30:00+05:30,875.2,877.45,871.75,872.25,2324,0
2026-06-10T11:45:00+05:30,872.2,872.35,870.0,872.0,1739,0
2026-06-10T12:00:00+05:30,871.05,871.75,869.5,871.5,2788,0
2026-06-10T12:15:00+05:30,871.5,871.5,867.65,867.75,2301,0
2026-06-10T12:30:00+05:30,867.75,868.75,865.0,865.0,5407,0
2026-06-10T12:45:00+05:30,865.3,868.05,865.0,867.65,1399,0
2026-06-10T13:00:00+05:30,867.65,868.85,866.4,866.4,1435,0
2026-06-10T13:15:00+05:30,866.4,868.1,865.6,867.0,1902,0
2026-06-10T13:30:00+05:30,867.0,869.4,865.2,869.15,1991,0
2026-06-10T13:45:00+05:30,869.05,877.25,868.5,871.45,6019,0
2026-06-10T14:00:00+05:30,871.55,872.0,869.0,870.65,4334,0
2026-06-10T14:15:00+05:30,870.6,879.0,869.9,874.4,6289,0
2026-06-10T14:30:00+05:30,874.35,876.2,871.8,874.75,3839,0
2026-06-10T14:45:00+05:30,875.0,879.0,872.95,874.8,9320,0
2026-06-10T15:00:00+05:30,874.95,875.0,860.4,860.4,13066,0
2026-06-10T15:15:00+05:30,860.4,861.0,851.0,855.2,19727,0
2026-06-11T09:15:00+05:30,855.2,856.05,843.7,848.35,19607,0
2026-06-11T09:30:00+05:30,848.75,851.45,845.0,847.0,9973,0
2026-06-11T09:45:00+05:30,846.0,847.75,840.1,841.65,12378,0
2026-06-11T10:00:00+05:30,841.65,845.8,841.1,844.85,3619,0
2026-06-11T10:15:00+05:30,844.45,846.55,842.1,844.9,4657,0
2026-06-11T10:30:00+05:30,844.85,847.15,844.15,845.75,2633,0
2026-06-11T10:45:00+05:30,845.9,847.0,841.05,842.85,4505,0
2026-06-11T11:00:00+05:30,842.55,846.8,841.75,843.75,2107,0
2026-06-11T11:15:00+05:30,844.5,847.0,843.4,846.3,814,0
2026-06-11T11:30:00+05:30,845.7,846.0,842.0,843.55,2713,0
2026-06-11T11:45:00+05:30,843.55,845.0,842.5,844.45,2304,0
2026-06-11T12:00:00+05:30,844.05,845.0,842.8,843.9,2485,0
2026-06-11T12:15:00+05:30,844.2,845.6,843.5,844.5,1873,0
2026-06-11T12:30:00+05:30,844.2,844.65,842.5,842.7,2909,0
2026-06-11T12:45:00+05:30,842.4,842.7,840.1,841.5,3887,0
2026-06-11T13:00:00+05:30,841.95,843.5,836.6,840.5,9004,0
2026-06-11T13:15:00+05:30,840.5,842.75,839.85,839.85,3301,0
2026-06-11T13:30:00+05:30,839.85,843.85,839.65,841.6,2028,0
2026-06-11T13:45:00+05:30,841.55,843.8,841.05,842.65,1470,0
2026-06-11T14:00:00+05:30,843.25,844.05,842.85,843.9,1316,0
2026-06-11T14:15:00+05:30,843.7,849.9,843.1,847.85,5857,0
2026-06-11T14:30:00+05:30,847.6,848.45,843.4,844.25,3155,0
2026-06-11T14:45:00+05:30,844.25,847.95,843.75,844.5,5338,0
2026-06-11T15:00:00+05:30,844.7,846.7,840.85,843.4,9478,0
2026-06-11T15:15:00+05:30,842.65,844.45,838.15,843.0,6865,0
2026-06-12T09:15:00+05:30,855.0,863.2,853.3,856.4,10999,0
2026-06-12T09:30:00+05:30,856.15,861.95,852.6,853.0,8074,0
2026-06-12T09:45:00+05:30,853.0,854.0,845.15,846.55,7660,0
2026-06-12T10:00:00+05:30,846.55,848.7,842.65,845.1,6062,0
2026-06-12T10:15:00+05:30,845.2,848.25,844.65,844.65,1991,0
2026-06-12T10:30:00+05:30,844.65,844.9,842.6,843.1,2312,0
2026-06-12T10:45:00+05:30,843.65,845.1,842.2,844.8,2546,0
2026-06-12T11:00:00+05:30,844.8,846.1,844.0,844.95,2559,0
2026-06-12T11:15:00+05:30,845.0,845.05,843.9,844.0,2490,0
2026-06-12T11:30:00+05:30,843.65,844.0,838.6,839.55,6137,0
2026-06-12T11:45:00+05:30,839.85,840.0,839.0,839.75,3579,0
2026-06-12T12:00:00+05:30,839.95,841.0,839.0,839.3,2552,0
2026-06-12T12:15:00+05:30,839.3,840.0,839.2,840.0,2114,0
2026-06-12T12:30:00+05:30,840.0,840.0,836.55,837.35,5265,0
2026-06-12T12:45:00+05:30,836.95,838.35,836.05,838.35,3052,0
2026-06-12T13:00:00+05:30,838.35,839.0,837.35,838.6,2023,0
2026-06-12T13:15:00+05:30,838.6,840.0,838.1,839.5,2478,0
2026-06-12T13:30:00+05:30,839.5,841.35,838.0,839.5,11563,0
2026-06-12T13:45:00+05:30,839.95,847.9,839.0,844.75,20274,0
2026-06-12T14:00:00+05:30,844.4,845.95,839.0,840.0,28268,0
2026-06-12T14:15:00+05:30,840.0,840.0,837.9,838.85,10676,0
2026-06-12T14:30:00+05:30,838.75,840.0,838.1,840.0,5274,0
2026-06-12T14:45:00+05:30,839.4,845.9,839.35,840.8,54628,0
2026-06-12T15:00:00+05:30,840.8,842.35,839.65,839.95,30560,0
2026-06-12T15:15:00+05:30,839.95,849.8,839.0,843.6,52777,0
2026-06-15T09:15:00+05:30,864.75,871.95,853.6,871.15,26344,0
2026-06-15T09:30:00+05:30,871.3,887.2,870.8,879.75,41690,0
2026-06-15T09:45:00+05:30,879.75,889.0,878.4,886.1,30956,0
2026-06-15T10:00:00+05:30,885.95,894.4,885.05,893.0,30973,0
2026-06-15T10:15:00+05:30,893.0,895.95,885.2,886.75,34732,0
2026-06-15T10:30:00+05:30,885.7,888.8,885.55,887.7,8262,0
2026-06-15T10:45:00+05:30,888.0,903.0,887.5,902.8,45081,0
2026-06-15T11:00:00+05:30,902.75,910.0,896.65,903.75,80213,0
2026-06-15T11:15:00+05:30,904.0,904.45,896.65,901.0,27207,0
2026-06-15T11:30:00+05:30,901.0,902.7,897.1,899.05,9679,0
2026-06-15T11:45:00+05:30,899.0,899.25,880.05,883.0,29997,0
2026-06-15T12:00:00+05:30,883.85,884.0,871.0,871.0,43269,0
2026-06-15T12:15:00+05:30,871.0,881.35,871.0,878.4,21888,0
2026-06-15T12:30:00+05:30,878.4,878.7,875.65,876.55,10870,0
2026-06-15T12:45:00+05:30,876.5,877.95,872.8,875.2,14119,0
2026-06-15T13:00:00+05:30,874.65,876.4,872.0,874.65,10215,0
2026-06-15T13:15:00+05:30,874.6,875.15,872.0,872.05,10446,0
2026-06-15T13:30:00+05:30,872.05,875.0,870.0,871.75,11507,0
2026-06-15T13:45:00+05:30,871.75,873.05,871.05,871.05,8955,0
2026-06-15T14:00:00+05:30,871.1,872.95,870.25,872.35,10303,0
2026-06-15T14:15:00+05:30,871.75,872.95,870.5,871.15,11446,0
2026-06-15T14:30:00+05:30,871.9,873.9,862.0,865.0,34421,0
2026-06-15T14:45:00+05:30,865.35,871.75,862.1,865.3,49993,0
2026-06-15T15:00:00+05:30,866.65,870.25,860.3,861.15,49133,0
2026-06-15T15:15:00+05:30,861.1,869.5,859.2,869.5,60197,0
2026-06-16T09:15:00+05:30,874.75,874.75,866.9,871.8,17785,0
2026-06-16T09:30:00+05:30,872.0,875.25,870.0,872.4,12037,0
2026-06-16T09:45:00+05:30,872.1,872.2,867.55,871.1,8366,0
2026-06-16T10:00:00+05:30,871.3,872.8,867.6,871.5,6023,0
2026-06-16T10:15:00+05:30,871.5,873.4,870.85,871.25,5635,0
2026-06-16T10:30:00+05:30,871.25,874.55,867.7,868.75,3357,0
2026-06-16T10:45:00+05:30,868.75,871.35,867.55,868.1,2243,0
2026-06-16T11:00:00+05:30,867.65,868.95,864.0,864.05,7861,0
2026-06-16T11:15:00+05:30,865.25,867.9,865.0,865.75,1763,0
2026-06-16T11:30:00+05:30,865.75,868.6,864.15,868.6,4396,0
2026-06-16T11:45:00+05:30,868.6,870.0,867.2,869.1,1526,0
2026-06-16T12:00:00+05:30,869.1,871.35,868.4,869.35,1096,0
2026-06-16T12:15:00+05:30,868.55,870.45,856.8,859.0,9918,0
2026-06-16T12:30:00+05:30,858.95,866.0,858.4,865.25,3342,0
2026-06-16T12:45:00+05:30,865.65,865.75,858.5,864.4,6227,0
2026-06-16T13:00:00+05:30,865.35,867.5,865.0,867.5,2043,0
2026-06-16T13:15:00+05:30,867.5,871.35,867.5,871.05,2166,0
2026-06-16T13:30:00+05:30,871.35,874.4,867.85,869.95,7735,0
2026-06-16T13:45:00+05:30,869.9,876.75,867.1,876.75,8696,0
2026-06-16T14:00:00+05:30,876.7,884.0,872.5,873.9,34652,0
2026-06-16T14:15:00+05:30,873.9,879.9,870.5,870.7,9533,0
2026-06-16T14:30:00+05:30,872.35,885.0,871.1,880.45,26417,0
2026-06-16T14:45:00+05:30,880.7,884.0,880.7,882.85,11160,0
2026-06-16T15:00:00+05:30,883.7,884.35,879.85,882.55,19841,0
2026-06-16T15:15:00+05:30,882.65,883.95,879.85,882.6,19421,0
2026-06-17T09:15:00+05:30,887.0,934.85,880.45,932.2,173670,0
2026-06-17T09:30:00+05:30,932.3,934.0,920.0,922.0,217872,0
2026-06-17T09:45:00+05:30,922.0,923.0,910.0,917.4,100112,0
2026-06-17T10:00:00+05:30,916.85,917.7,910.1,912.0,38512,0
2026-06-17T10:15:00+05:30,911.95,914.7,910.0,911.95,20766,0
2026-06-17T10:30:00+05:30,911.95,911.95,905.05,908.55,35569,0
2026-06-17T10:45:00+05:30,908.6,913.75,905.1,906.75,28706,0
2026-06-17T11:00:00+05:30,906.2,910.0,905.0,909.9,12592,0
2026-06-17T11:15:00+05:30,909.65,911.2,905.6,908.8,7613,0
2026-06-17T11:30:00+05:30,908.95,909.95,897.3,900.7,20507,0
2026-06-17T11:45:00+05:30,900.7,901.2,892.8,894.65,46510,0
2026-06-17T12:00:00+05:30,894.6,894.95,887.5,889.0,27790,0
2026-06-17T12:15:00+05:30,889.0,890.5,885.3,886.3,16111,0
2026-06-17T12:30:00+05:30,886.3,892.4,885.7,890.85,10851,0
2026-06-17T12:45:00+05:30,890.3,903.65,889.15,901.0,41057,0
2026-06-17T13:00:00+05:30,900.85,902.0,892.05,892.2,16813,0
2026-06-17T13:15:00+05:30,892.1,895.55,890.0,893.5,18934,0
2026-06-17T13:30:00+05:30,893.5,895.15,891.4,893.05,3589,0
2026-06-17T13:45:00+05:30,893.15,894.15,889.5,891.15,8823,0
2026-06-17T14:00:00+05:30,891.3,892.75,887.5,888.85,9833,0
2026-06-17T14:15:00+05:30,888.35,890.75,887.4,887.6,10555,0
2026-06-17T14:30:00+05:30,887.7,889.5,886.05,888.8,7092,0
2026-06-17T14:45:00+05:30,888.8,889.75,886.2,887.05,8693,0
2026-06-17T15:00:00+05:30,887.05,894.95,886.6,891.5,24074,0
2026-06-17T15:15:00+05:30,891.65,894.0,885.1,891.7,51686,0
2026-06-18T09:15:00+05:30,900.0,900.4,888.1,897.1,22826,0
2026-06-18T09:30:00+05:30,897.75,904.15,897.4,902.4,20645,0
2026-06-18T09:45:00+05:30,902.2,911.95,902.2,906.5,31491,0
2026-06-18T10:00:00+05:30,907.35,910.8,904.1,909.05,9091,0
2026-06-18T10:15:00+05:30,909.1,914.0,907.05,907.65,8350,0
2026-06-18T10:30:00+05:30,908.25,913.0,897.0,897.9,16303,0
2026-06-18T10:45:00+05:30,898.0,907.4,892.05,903.9,12662,0
2026-06-18T11:00:00+05:30,903.95,906.55,898.0,898.0,19224,0
2026-06-18T11:15:00+05:30,898.5,900.4,897.0,898.65,4790,0
2026-06-18T11:30:00+05:30,898.65,899.5,898.45,899.5,893,0
2026-06-18T11:45:00+05:30,899.6,901.15,898.5,900.0,1945,0
2026-06-18T12:00:00+05:30,900.7,904.0,900.4,902.85,4153,0
2026-06-18T12:15:00+05:30,901.9,904.85,901.4,904.2,1098,0
2026-06-18T12:30:00+05:30,904.6,904.6,900.65,901.35,3156,0
2026-06-18T12:45:00+05:30,901.4,904.75,900.8,904.45,2380,0
2026-06-18T13:00:00+05:30,904.7,904.9,899.0,900.05,4997,0
2026-06-18T13:15:00+05:30,900.7,902.0,897.6,899.4,6418,0
2026-06-18T13:30:00+05:30,898.5,900.0,898.0,898.0,2853,0
2026-06-18T13:45:00+05:30,898.1,899.2,898.0,898.0,2846,0
2026-06-18T14:00:00+05:30,898.85,901.95,898.05,900.5,2743,0
2026-06-18T14:15:00+05:30,900.5,901.1,898.5,898.6,7522,0
2026-06-18T14:30:00+05:30,898.6,901.45,896.05,901.0,12803,0
2026-06-18T14:45:00+05:30,901.0,901.85,897.0,897.55,7040,0
2026-06-18T15:00:00+05:30,898.0,898.0,889.2,889.4,32987,0
2026-06-18T15:15:00+05:30,889.4,894.2,886.2,892.0,29186,0
2026-06-19T09:15:00+05:30,889.9,889.9,873.0,873.45,29981,0
2026-06-19T09:30:00+05:30,873.35,878.0,872.05,877.5,12206,0
2026-06-19T09:45:00+05:30,877.4,883.9,876.0,882.6,6110,0
2026-06-19T10:00:00+05:30,882.6,889.45,880.65,889.45,10307,0
2026-06-19T10:15:00+05:30,889.45,890.85,886.2,886.45,7005,0
2026-06-19T10:30:00+05:30,886.7,894.7,886.0,893.85,7868,0
2026-06-19T10:45:00+05:30,893.75,894.7,889.8,892.95,7182,0
2026-06-19T11:00:00+05:30,891.55,895.95,890.05,893.65,6541,0
2026-06-19T11:15:00+05:30,894.25,895.0,881.55,884.7,10358,0
2026-06-19T11:30:00+05:30,884.2,886.95,882.0,885.0,7979,0
2026-06-19T11:45:00+05:30,885.35,886.15,883.4,885.45,2892,0
2026-06-19T12:00:00+05:30,885.9,888.0,884.65,886.1,1466,0
2026-06-19T12:15:00+05:30,886.45,887.7,884.6,885.55,1343,0
2026-06-19T12:30:00+05:30,886.0,886.05,882.6,882.6,2059,0
2026-06-19T12:45:00+05:30,883.0,884.95,882.7,884.45,1307,0
2026-06-19T13:00:00+05:30,884.8,884.8,880.7,881.65,2745,0
2026-06-19T13:15:00+05:30,882.0,883.95,881.05,882.85,1316,0
2026-06-19T13:30:00+05:30,883.35,884.5,882.6,883.65,1888,0
2026-06-19T13:45:00+05:30,883.65,884.0,881.1,882.9,1354,0
2026-06-19T14:00:00+05:30,883.75,886.95,882.5,884.4,5725,0
2026-06-19T14:15:00+05:30,884.3,888.45,884.0,887.5,6810,0
2026-06-19T14:30:00+05:30,887.5,890.0,887.0,889.35,4022,0
2026-06-19T14:45:00+05:30,889.5,894.05,884.55,884.9,10947,0
2026-06-19T15:00:00+05:30,885.8,891.85,884.9,889.25,8244,0
2026-06-19T15:15:00+05:30,889.25,891.2,884.95,888.0,21850,0
2026-06-22T09:15:00+05:30,889.95,904.95,889.35,903.0,18459,0
2026-06-22T09:30:00+05:30,904.2,904.7,894.4,894.9,8438,0
2026-06-22T09:45:00+05:30,895.05,898.9,894.55,896.95,2838,0
2026-06-22T10:00:00+05:30,896.0,897.8,894.0,896.3,6518,0
2026-06-22T10:15:00+05:30,896.5,899.2,895.1,897.15,3782,0
2026-06-22T10:30:00+05:30,896.7,898.0,895.1,895.9,1731,0
2026-06-22T10:45:00+05:30,895.8,898.95,895.35,897.75,953,0
2026-06-22T11:00:00+05:30,897.7,898.0,889.8,893.15,8214,0
2026-06-22T11:15:00+05:30,892.35,893.95,890.5,892.65,5337,0
2026-06-22T11:30:00+05:30,892.55,893.6,886.75,890.3,8250,0
2026-06-22T11:45:00+05:30,890.8,892.1,885.05,889.75,12630,0
2026-06-22T12:00:00+05:30,889.75,890.45,888.35,889.3,759,0
2026-06-22T12:15:00+05:30,889.65,890.45,888.9,888.9,1001,0
2026-06-22T12:30:00+05:30,888.9,890.0,888.9,889.95,416,0
2026-06-22T12:45:00+05:30,890.0,890.0,888.65,889.95,2212,0
2026-06-22T13:00:00+05:30,889.95,889.95,888.65,889.0,5240,0
2026-06-22T13:15:00+05:30,889.2,892.3,889.1,891.0,2346,0
2026-06-22T13:30:00+05:30,891.2,894.4,888.0,889.0,5222,0
2026-06-22T13:45:00+05:30,889.25,891.05,889.0,890.15,1185,0
2026-06-22T14:00:00+05:30,889.95,891.5,889.35,891.4,1174,0
2026-06-22T14:15:00+05:30,891.35,891.45,890.4,890.4,663,0
2026-06-22T14:30:00+05:30,890.1,890.95,888.55,889.4,1991,0
2026-06-22T14:45:00+05:30,889.4,892.2,889.1,891.7,4078,0
2026-06-22T15:00:00+05:30,891.7,894.8,890.25,891.65,8523,0
2026-06-22T15:15:00+05:30,891.25,893.9,885.0,893.9,15746,0
2026-06-23T09:15:00+05:30,895.0,899.0,882.55,886.35,14173,0
2026-06-23T09:30:00+05:30,885.6,886.45,881.0,885.0,12596,0
2026-06-23T09:45:00+05:30,884.95,889.9,882.5,882.95,5939,0
2026-06-23T10:00:00+05:30,883.7,886.9,883.25,885.1,1609,0
2026-06-23T10:15:00+05:30,885.8,885.8,881.85,882.0,3319,0
2026-06-23T10:30:00+05:30,881.6,883.45,877.0,877.45,6875,0
2026-06-23T10:45:00+05:30,877.45,878.4,875.6,878.25,4924,0
2026-06-23T11:00:00+05:30,878.25,878.75,876.75,877.5,2088,0
2026-06-23T11:15:00+05:30,877.5,878.4,876.65,877.4,3627,0
2026-06-23T11:30:00+05:30,877.0,877.4,873.0,874.65,4812,0
2026-06-23T11:45:00+05:30,874.45,874.5,871.1,871.85,5424,0
2026-06-23T12:00:00+05:30,871.8,872.05,871.0,871.0,2353,0
2026-06-23T12:15:00+05:30,871.45,873.95,870.0,872.5,4085,0
2026-06-23T12:30:00+05:30,872.4,872.55,871.0,871.0,1268,0
2026-06-23T12:45:00+05:30,871.0,871.55,870.0,870.1,1894,0
2026-06-23T13:00:00+05:30,870.15,872.45,868.55,868.85,7562,0
2026-06-23T13:15:00+05:30,868.85,869.75,868.05,868.05,1047,0
2026-06-23T13:30:00+05:30,868.65,870.0,867.3,868.1,1975,0
2026-06-23T13:45:00+05:30,868.6,869.65,867.95,867.95,1669,0
2026-06-23T14:00:00+05:30,868.0,870.0,867.45,868.95,3798,0
2026-06-23T14:15:00+05:30,869.05,873.25,868.2,870.15,6037,0
2026-06-23T14:30:00+05:30,869.6,874.2,869.5,874.0,2461,0
2026-06-23T14:45:00+05:30,874.0,875.15,870.1,873.9,8357,0
2026-06-23T15:00:00+05:30,873.1,879.2,870.6,871.25,18175,0
2026-06-23T15:15:00+05:30,871.35,885.0,861.35,883.0,32650,0
2026-06-24T09:15:00+05:30,888.0,889.6,870.6,873.15,41510,0
2026-06-24T09:30:00+05:30,873.6,879.85,867.3,873.1,11838,0
2026-06-24T09:45:00+05:30,873.1,874.45,865.55,868.2,7477,0
2026-06-24T10:00:00+05:30,868.2,871.0,863.2,867.85,6048,0
2026-06-24T10:15:00+05:30,868.15,874.0,864.0,865.0,11572,0
2026-06-24T10:30:00+05:30,865.0,865.0,863.2,864.25,3519,0
2026-06-24T10:45:00+05:30,864.0,864.95,863.2,864.35,5870,0
2026-06-24T11:00:00+05:30,864.6,865.0,863.1,864.8,3452,0
2026-06-24T11:15:00+05:30,864.8,864.95,863.2,863.2,2690,0
2026-06-24T11:30:00+05:30,863.2,864.95,862.0,862.5,1762,0
2026-06-24T11:45:00+05:30,862.55,863.4,862.55,862.65,1617,0
2026-06-24T12:00:00+05:30,862.95,863.85,862.5,863.85,2622,0
2026-06-24T12:15:00+05:30,863.85,864.05,862.0,862.45,3350,0
2026-06-24T12:30:00+05:30,862.45,862.45,860.0,860.65,3731,0
2026-06-24T12:45:00+05:30,860.6,863.0,860.0,862.1,2665,0
2026-06-24T13:00:00+05:30,862.1,864.0,861.1,864.0,2552,0
2026-06-24T13:15:00+05:30,863.15,864.25,862.3,863.2,3083,0
2026-06-24T13:30:00+05:30,863.2,868.0,863.1,868.0,10099,0
2026-06-24T13:45:00+05:30,867.4,869.0,861.05,862.75,7879,0
2026-06-24T14:00:00+05:30,863.4,866.0,862.5,864.25,3037,0
2026-06-24T14:15:00+05:30,864.3,865.0,863.6,864.0,2345,0
2026-06-24T14:30:00+05:30,864.2,864.45,861.6,864.45,3684,0
2026-06-24T14:45:00+05:30,864.9,865.0,863.2,864.7,3065,0
2026-06-24T15:00:00+05:30,864.7,867.0,862.0,862.4,13346,0
2026-06-24T15:15:00+05:30,862.35,863.25,856.1,860.0,23964,0
2026-06-25T09:15:00+05:30,862.0,873.0,862.0,866.3,18814,0
2026-06-25T09:30:00+05:30,866.95,869.4,864.0,865.5,6765,0
2026-06-25T09:45:00+05:30,866.0,867.0,863.55,863.7,2095,0
2026-06-25T10:00:00+05:30,864.1,873.3,863.8,869.0,11156,0
2026-06-25T10:15:00+05:30,869.05,869.05,861.7,862.1,2682,0
2026-06-25T10:30:00+05:30,861.5,862.0,859.0,859.9,3811,0
2026-06-25T10:45:00+05:30,860.05,861.2,858.0,858.4,6119,0
2026-06-25T11:00:00+05:30,859.15,859.2,853.0,853.95,6582,0
2026-06-25T11:15:00+05:30,853.6,854.65,853.05,854.2,3193,0
2026-06-25T11:30:00+05:30,854.2,854.4,849.0,852.8,12179,0
2026-06-25T11:45:00+05:30,852.65,853.3,851.0,853.0,4904,0
2026-06-25T12:00:00+05:30,853.0,853.05,852.15,852.7,1854,0
2026-06-25T12:15:00+05:30,852.7,853.0,851.5,852.7,1765,0
2026-06-25T12:30:00+05:30,852.9,854.5,851.5,853.0,6811,0
2026-06-25T12:45:00+05:30,853.0,853.0,850.0,851.95,5583,0
2026-06-25T13:00:00+05:30,851.75,852.0,850.0,851.3,5265,0
2026-06-25T13:15:00+05:30,851.65,852.0,850.1,852.0,2648,0
2026-06-25T13:30:00+05:30,852.0,852.8,851.55,852.0,3161,0
2026-06-25T13:45:00+05:30,852.0,852.0,850.25,851.65,2332,0
2026-06-25T14:00:00+05:30,851.65,852.3,851.0,852.0,2767,0
2026-06-25T14:15:00+05:30,852.0,852.0,847.5,848.9,8895,0
2026-06-25T14:30:00+05:30,848.85,849.9,848.0,849.5,4247,0
2026-06-25T14:45:00+05:30,848.9,850.75,848.0,849.5,7635,0
2026-06-25T15:00:00+05:30,850.0,850.15,839.25,840.15,35520,0
2026-06-25T15:15:00+05:30,840.25,841.6,834.0,836.2,44088,0
2026-06-29T09:15:00+05:30,840.65,842.5,834.0,837.55,11405,0
2026-06-29T09:30:00+05:30,838.95,841.15,835.15,838.8,7720,0
2026-06-29T09:45:00+05:30,838.0,843.9,837.3,843.4,5338,0
2026-06-29T10:00:00+05:30,843.35,846.0,842.1,844.0,4784,0
2026-06-29T10:15:00+05:30,843.0,849.8,842.0,848.4,10283,0
2026-06-29T10:30:00+05:30,848.2,848.4,842.0,844.05,4402,0
2026-06-29T10:45:00+05:30,844.05,844.3,835.3,838.0,5190,0
2026-06-29T11:00:00+05:30,838.0,840.0,836.8,837.5,4592,0
2026-06-29T11:15:00+05:30,837.9,838.95,836.3,837.85,876,0
2026-06-29T11:30:00+05:30,837.5,839.0,835.2,837.0,4371,0
2026-06-29T11:45:00+05:30,837.7,838.3,832.0,832.25,4170,0
2026-06-29T12:00:00+05:30,832.8,833.9,832.0,833.4,2350,0
2026-06-29T12:15:00+05:30,833.95,834.3,830.5,831.05,3735,0
2026-06-29T12:30:00+05:30,831.05,831.4,827.5,830.1,8201,0
2026-06-29T12:45:00+05:30,830.1,830.85,828.55,829.15,6617,0
2026-06-29T13:00:00+05:30,829.2,830.0,828.7,828.95,1662,0
2026-06-29T13:15:00+05:30,828.5,830.0,827.5,829.65,3786,0
2026-06-29T13:30:00+05:30,829.6,830.0,828.3,829.1,1093,0
2026-06-29T13:45:00+05:30,828.55,830.5,828.15,830.15,6893,0
2026-06-29T14:00:00+05:30,830.3,830.3,829.2,829.2,834,0
2026-06-29T14:15:00+05:30,829.75,830.0,828.5,829.95,3589,0
2026-06-29T14:30:00+05:30,830.0,832.9,828.45,832.05,14763,0
2026-06-29T14:45:00+05:30,832.75,832.75,823.05,823.65,14037,0
2026-06-29T15:00:00+05:30,824.0,826.25,820.0,820.0,12864,0
2026-06-29T15:15:00+05:30,820.0,820.45,814.05,820.0,45746,0
2026-06-30T09:15:00+05:30,826.8,829.2,817.0,820.0,18841,0
2026-06-30T09:30:00+05:30,820.0,820.25,816.0,816.65,9282,0
2026-06-30T09:45:00+05:30,816.4,819.45,812.7,813.8,12444,0
2026-06-30T10:00:00+05:30,813.8,816.0,813.45,815.15,7395,0
2026-06-30T10:15:00+05:30,814.95,816.0,814.0,815.0,3798,0
2026-06-30T10:30:00+05:30,815.0,815.55,813.35,813.7,2503,0
2026-06-30T10:45:00+05:30,813.45,814.3,811.65,812.0,7483,0
2026-06-30T11:00:00+05:30,812.0,813.15,811.7,812.0,5891,0
2026-06-30T11:15:00+05:30,812.0,815.45,811.85,812.0,13400,0
2026-06-30T11:30:00+05:30,812.0,812.0,810.0,811.45,9715,0
2026-06-30T11:45:00+05:30,811.45,812.0,810.55,811.35,3083,0
2026-06-30T12:00:00+05:30,811.8,812.05,808.35,810.0,7156,0
2026-06-30T12:15:00+05:30,810.0,811.6,809.1,810.05,3675,0
2026-06-30T12:30:00+05:30,810.05,810.95,809.5,810.0,1614,0
2026-06-30T12:45:00+05:30,810.0,810.55,809.35,810.55,2371,0
2026-06-30T13:00:00+05:30,810.0,813.1,808.0,809.15,13079,0
2026-06-30T13:15:00+05:30,809.8,810.0,808.7,809.0,1669,0
2026-06-30T13:30:00+05:30,809.4,811.85,808.45,809.55,10948,0
2026-06-30T13:45:00+05:30,809.55,822.3,809.5,818.6,53144,0
2026-06-30T14:00:00+05:30,818.6,818.7,809.5,812.7,18766,0
2026-06-30T14:15:00+05:30,812.75,814.0,810.7,812.55,5264,0
2026-06-30T14:30:00+05:30,812.9,813.0,811.2,813.0,4901,0
2026-06-30T14:45:00+05:30,812.25,813.0,809.05,811.5,9028,0
2026-06-30T15:00:00+05:30,811.35,811.55,808.5,809.85,15296,0
2026-06-30T15:15:00+05:30,810.05,813.0,808.0,812.0,30297,0
2026-07-01T09:15:00+05:30,813.95,823.95,813.5,821.85,22086,0
2026-07-01T09:30:00+05:30,822.1,827.2,818.6,822.75,21317,0
2026-07-01T09:45:00+05:30,822.5,825.3,820.6,821.65,4731,0
2026-07-01T10:00:00+05:30,821.65,823.05,819.0,821.25,4376,0
2026-07-01T10:15:00+05:30,821.65,824.2,820.95,821.0,2309,0
2026-07-01T10:30:00+05:30,821.45,823.0,817.0,817.45,3945,0
2026-07-01T10:45:00+05:30,817.5,822.3,817.5,822.1,2988,0
2026-07-01T11:00:00+05:30,822.05,834.4,821.5,828.15,22796,0
2026-07-01T11:15:00+05:30,828.8,860.9,828.6,858.2,89674,0
2026-07-01T11:30:00+05:30,858.15,863.35,841.55,843.0,98957,0
2026-07-01T11:45:00+05:30,842.9,848.4,840.35,841.7,22894,0
2026-07-01T12:00:00+05:30,841.8,851.45,837.5,847.7,41142,0
2026-07-01T12:15:00+05:30,848.0,862.85,848.0,852.3,94278,0
2026-07-01T12:30:00+05:30,852.3,860.0,845.0,845.6,74949,0
2026-07-01T12:45:00+05:30,846.35,869.4,844.0,863.7,134579,0
2026-07-01T13:00:00+05:30,863.5,870.5,862.0,864.05,160908,0
2026-07-01T13:15:00+05:30,864.15,866.05,856.0,862.5,74433,0
2026-07-01T13:30:00+05:30,861.8,869.8,861.15,865.05,57728,0
2026-07-01T13:45:00+05:30,865.05,882.0,861.2,875.6,242618,0
2026-07-01T14:00:00+05:30,876.1,878.0,862.5,865.0,230860,0
2026-07-01T14:15:00+05:30,864.9,868.0,863.0,864.1,67326,0
2026-07-01T14:30:00+05:30,864.05,864.45,848.0,849.45,120300,0
2026-07-01T14:45:00+05:30,849.25,860.0,845.95,848.4,95690,0
2026-07-01T15:00:00+05:30,848.4,850.0,844.0,845.6,68468,0
2026-07-01T15:15:00+05:30,845.6,855.0,840.0,845.0,94379,0
2026-07-02T09:15:00+05:30,852.6,861.8,848.65,858.45,49941,0
2026-07-02T09:30:00+05:30,858.2,870.0,855.15,866.9,46005,0
2026-07-02T09:45:00+05:30,866.85,897.0,863.8,895.6,153036,0
2026-07-02T10:00:00+05:30,895.6,914.0,894.0,904.5,415404,0
2026-07-02T10:15:00+05:30,903.55,912.9,900.0,909.9,172443,0
2026-07-02T10:30:00+05:30,909.9,918.0,891.0,893.15,313097,0
2026-07-02T10:45:00+05:30,892.95,898.0,890.45,893.6,54841,0
2026-07-02T11:00:00+05:30,893.25,893.25,883.5,887.5,87985,0
2026-07-02T11:15:00+05:30,888.0,909.5,886.05,907.9,107237,0
2026-07-02T11:30:00+05:30,907.9,914.85,900.1,908.65,149344,0
2026-07-02T11:45:00+05:30,908.65,909.3,902.0,905.85,66025,0
2026-07-02T12:00:00+05:30,905.85,927.0,905.0,916.6,369481,0
2026-07-02T12:15:00+05:30,917.25,918.65,911.0,913.2,112127,0
2026-07-02T12:30:00+05:30,912.65,918.9,911.0,915.15,63747,0
2026-07-02T12:45:00+05:30,915.15,919.0,911.0,912.7,87366,0
2026-07-02T13:00:00+05:30,913.15,918.9,913.0,914.55,46950,0
2026-07-02T13:15:00+05:30,914.55,914.9,911.1,912.45,37888,0
2026-07-02T13:30:00+05:30,912.15,913.75,910.1,911.05,40850,0
2026-07-02T13:45:00+05:30,911.1,917.65,910.15,916.7,44124,0
2026-07-02T14:00:00+05:30,916.7,917.05,912.3,912.7,35298,0
2026-07-02T14:15:00+05:30,913.5,913.95,910.1,912.5,41745,0
2026-07-02T14:30:00+05:30,912.5,918.0,911.4,916.4,59511,0
2026-07-02T14:45:00+05:30,915.8,922.8,910.2,913.0,154490,0
2026-07-02T15:00:00+05:30,914.0,914.9,907.55,911.0,92012,0
2026-07-02T15:15:00+05:30,911.0,922.0,909.85,918.15,132741,0
2026-07-03T09:15:00+05:30,916.55,932.1,906.55,921.8,104034,0
2026-07-03T09:30:00+05:30,922.0,923.35,913.45,916.05,38698,0
2026-07-03T09:45:00+05:30,916.75,917.6,910.5,914.4,14716,0
2026-07-03T10:00:00+05:30,913.35,927.35,911.05,926.45,31333,0
2026-07-03T10:15:00+05:30,926.85,929.9,920.3,921.3,39681,0
2026-07-03T10:30:00+05:30,921.75,921.75,918.55,919.35,11849,0
2026-07-03T10:45:00+05:30,919.1,923.45,916.05,920.4,16076,0
2026-07-03T11:00:00+05:30,920.4,939.5,919.0,930.8,112050,0
2026-07-03T11:15:00+05:30,930.8,938.5,922.5,924.7,51165,0
2026-07-03T11:30:00+05:30,925.0,927.35,924.35,925.25,9640,0
2026-07-03T11:45:00+05:30,925.6,939.9,925.2,936.5,42731,0
2026-07-03T12:00:00+05:30,937.0,942.95,935.65,937.4,53374,0
2026-07-03T12:15:00+05:30,937.45,939.0,936.05,937.0,18594,0
2026-07-03T12:30:00+05:30,937.15,937.15,934.7,937.0,22307,0
2026-07-03T12:45:00+05:30,936.8,938.1,935.5,936.75,16442,0
2026-07-03T13:00:00+05:30,936.85,938.0,935.1,937.9,17985,0
2026-07-03T13:15:00+05:30,937.3,942.5,930.8,940.4,27691,0
2026-07-03T13:30:00+05:30,940.35,944.7,939.75,944.0,38303,0
2026-07-03T13:45:00+05:30,944.05,944.45,940.1,942.0,22415,0
2026-07-03T14:00:00+05:30,942.0,943.0,937.45,938.3,23540,0
2026-07-03T14:15:00+05:30,938.3,940.0,936.9,938.6,19411,0
2026-07-03T14:30:00+05:30,939.1,944.7,932.0,937.85,42143,0
2026-07-03T14:45:00+05:30,937.75,939.9,936.55,937.55,6991,0
2026-07-03T15:00:00+05:30,938.15,940.4,937.0,938.95,32569,0
2026-07-03T15:15:00+05:30,938.45,940.0,931.1,936.0,47600,0
2026-07-06T09:15:00+05:30,940.1,954.8,926.55,952.25,91884,0
2026-07-06T09:30:00+05:30,952.9,972.25,951.9,957.7,173639,0
2026-07-06T09:45:00+05:30,957.65,957.95,943.0,943.05,28874,0
2026-07-06T10:00:00+05:30,943.55,960.0,942.5,955.2,47304,0
2026-07-06T10:15:00+05:30,955.2,958.85,952.3,956.0,12686,0
2026-07-06T10:30:00+05:30,955.55,955.9,950.35,955.15,9524,0
2026-07-06T10:45:00+05:30,955.3,955.9,951.0,952.95,12172,0
2026-07-06T11:00:00+05:30,952.9,952.95,944.85,947.05,14418,0
2026-07-06T11:15:00+05:30,947.0,949.45,944.15,948.35,13785,0
2026-07-06T11:30:00+05:30,948.1,953.5,945.05,952.25,9642,0
2026-07-06T11:45:00+05:30,952.8,954.85,948.5,949.05,10853,0
2026-07-06T12:00:00+05:30,949.6,953.6,945.0,953.6,22940,0
2026-07-06T12:15:00+05:30,953.7,961.0,947.0,947.45,42438,0
2026-07-06T12:30:00+05:30,948.55,951.3,945.6,946.8,14112,0
2026-07-06T12:45:00+05:30,946.6,948.2,942.55,948.0,14482,0
2026-07-06T13:00:00+05:30,948.0,949.4,945.95,947.1,2976,0
2026-07-06T13:15:00+05:30,946.65,953.1,945.8,950.7,4999,0
2026-07-06T13:30:00+05:30,950.7,953.45,949.05,949.5,7550,0
2026-07-06T13:45:00+05:30,949.5,951.25,948.2,949.1,3667,0
2026-07-06T14:00:00+05:30,948.25,950.65,948.0,948.0,1878,0
2026-07-06T14:15:00+05:30,948.05,949.8,948.0,949.0,1815,0
2026-07-06T14:30:00+05:30,949.35,949.35,943.0,945.35,11521,0
2026-07-06T14:45:00+05:30,945.2,947.6,942.5,947.6,19569,0
2026-07-06T15:00:00+05:30,947.55,950.0,943.75,949.0,18083,0
2026-07-06T15:15:00+05:30,948.5,950.0,943.8,947.0,39064,0
2026-07-07T09:15:00+05:30,947.0,968.0,936.5,958.25,64382,0
2026-07-07T09:30:00+05:30,958.05,962.6,955.5,962.0,26415,0
2026-07-07T09:45:00+05:30,961.5,962.95,956.2,957.6,15336,0
2026-07-07T10:00:00+05:30,958.0,961.9,956.3,956.75,14414,0
2026-07-07T10:15:00+05:30,956.1,967.95,956.0,960.6,36744,0
2026-07-07T10:30:00+05:30,960.15,960.8,952.5,953.6,23041,0
2026-07-07T10:45:00+05:30,953.65,961.0,951.55,959.7,10794,0
2026-07-07T11:00:00+05:30,959.7,964.25,957.7,962.7,10351,0
2026-07-07T11:15:00+05:30,962.75,976.15,961.2,975.3,60061,0
2026-07-07T11:30:00+05:30,975.5,976.0,962.0,964.7,25661,0
2026-07-07T11:45:00+05:30,964.3,969.45,964.0,967.0,12842,0
2026-07-07T12:00:00+05:30,967.0,968.05,961.4,962.5,8504,0
2026-07-07T12:15:00+05:30,962.75,963.3,959.25,959.7,6478,0
2026-07-07T12:30:00+05:30,959.45,959.8,956.85,958.3,4908,0
2026-07-07T12:45:00+05:30,958.0,960.05,957.2,958.1,5365,0
2026-07-07T13:00:00+05:30,958.1,958.7,955.0,956.2,6091,0
2026-07-07T13:15:00+05:30,955.4,956.65,955.0,955.6,2483,0
2026-07-07T13:30:00+05:30,955.6,958.8,955.15,956.8,2779,0
2026-07-07T13:45:00+05:30,956.6,965.8,956.6,961.8,15316,0
2026-07-07T14:00:00+05:30,961.9,965.75,960.0,963.0,8397,0
2026-07-07T14:15:00+05:30,963.0,965.3,961.55,963.5,9846,0
2026-07-07T14:30:00+05:30,964.25,965.0,962.0,963.0,7838,0
2026-07-07T14:45:00+05:30,963.25,965.0,962.6,963.35,10527,0
2026-07-07T15:00:00+05:30,963.35,963.35,954.8,956.95,13496,0
2026-07-07T15:15:00+05:30,956.9,957.45,952.1,954.5,27600,0
2026-07-08T09:15:00+05:30,948.8,959.0,940.1,957.0,56819,0
2026-07-08T09:30:00+05:30,956.75,957.0,940.0,941.0,26430,0
2026-07-08T09:45:00+05:30,941.0,944.55,937.85,941.0,10932,0
2026-07-08T10:00:00+05:30,940.85,943.7,939.0,940.5,5138,0
2026-07-08T10:15:00+05:30,940.4,941.1,937.95,938.5,4393,0
2026-07-08T10:30:00+05:30,937.95,940.25,936.2,937.55,9113,0
2026-07-08T10:45:00+05:30,938.15,943.7,936.0,943.0,5328,0
2026-07-08T11:00:00+05:30,942.95,943.0,939.55,940.0,2982,0
2026-07-08T11:15:00+05:30,939.25,942.5,939.0,939.05,4514,0
2026-07-08T11:30:00+05:30,939.0,942.05,939.0,942.0,1878,0
2026-07-08T11:45:00+05:30,941.85,946.2,941.5,945.75,5344,0
2026-07-08T12:00:00+05:30,945.8,947.95,944.0,944.25,4872,0
2026-07-08T12:15:00+05:30,945.0,945.25,942.3,943.0,855,0
2026-07-08T12:30:00+05:30,943.1,943.55,938.85,938.85,2808,0
2026-07-08T12:45:00+05:30,938.65,945.9,938.1,943.8,8764,0
2026-07-08T13:00:00+05:30,943.8,943.8,941.6,943.15,1627,0
2026-07-08T13:15:00+05:30,943.15,948.85,942.0,946.9,9682,0
2026-07-08T13:30:00+05:30,946.15,952.8,945.55,952.1,7500,0
2026-07-08T13:45:00+05:30,951.35,951.85,939.0,946.0,23639,0
2026-07-08T14:00:00+05:30,946.05,949.0,930.25,931.0,50740,0
2026-07-08T14:15:00+05:30,931.5,937.45,930.0,930.95,20893,0
2026-07-08T14:30:00+05:30,931.4,935.0,930.0,932.25,15985,0
2026-07-08T14:45:00+05:30,932.25,932.55,925.0,926.0,30243,0
2026-07-08T15:00:00+05:30,926.5,935.0,924.05,928.65,27551,0
2026-07-08T15:15:00+05:30,928.6,938.95,926.8,934.0,36946,0
2026-07-09T09:15:00+05:30,930.0,979.9,926.0,979.25,114564,0
2026-07-09T09:30:00+05:30,978.15,1005.0,977.75,989.75,484218,0
2026-07-09T09:45:00+05:30,989.65,998.6,986.0,992.05,204339,0
2026-07-09T10:00:00+05:30,992.75,995.8,985.5,988.85,102576,0
2026-07-09T10:15:00+05:30,988.85,993.65,987.0,991.6,49284,0
2026-07-09T10:30:00+05:30,991.0,994.95,985.0,989.2,60465,0
2026-07-09T10:45:00+05:30,989.3,989.9,980.8,983.0,74341,0
2026-07-09T11:00:00+05:30,983.05,986.75,980.2,980.8,30245,0
2026-07-09T11:15:00+05:30,980.8,993.0,980.5,991.9,62960,0
2026-07-09T11:30:00+05:30,991.2,993.0,987.35,991.85,32759,0
2026-07-09T11:45:00+05:30,991.65,992.9,988.45,989.25,16219,0
2026-07-09T12:00:00+05:30,989.45,997.75,989.2,997.35,29185,0
2026-07-09T12:15:00+05:30,997.4,1020.0,995.7,1013.05,421430,0
2026-07-09T12:30:00+05:30,1013.8,1035.0,1008.5,1030.2,460017,0
2026-07-09T12:45:00+05:30,1029.95,1047.0,1025.5,1036.6,643804,0
2026-07-09T13:00:00+05:30,1036.6,1060.9,1036.15,1055.25,700735,0
2026-07-09T13:15:00+05:30,1055.25,1066.0,1047.25,1058.75,506249,0
2026-07-09T13:30:00+05:30,1058.05,1065.0,1055.0,1058.0,279860,0
2026-07-09T13:45:00+05:30,1057.95,1068.0,1043.7,1049.2,566506,0
2026-07-09T14:00:00+05:30,1049.15,1056.1,1045.0,1048.45,238942,0
2026-07-09T14:15:00+05:30,1048.8,1069.0,1047.0,1060.75,353731,0
2026-07-09T14:30:00+05:30,1060.7,1094.0,1060.0,1079.9,808475,0
2026-07-09T14:45:00+05:30,1079.05,1080.0,1068.5,1075.75,290099,0
2026-07-09T15:00:00+05:30,1075.95,1078.0,1067.0,1071.25,301590,0
2026-07-09T15:15:00+05:30,1071.1,1081.1,1054.35,1060.25,435900,0
2026-07-10T09:15:00+05:30,1074.95,1093.95,1065.0,1083.0,305295,0
2026-07-10T09:30:00+05:30,1084.3,1085.0,1067.0,1075.7,125160,0
2026-07-10T09:45:00+05:30,1076.25,1093.5,1070.1,1073.0,118356,0
2026-07-10T10:00:00+05:30,1073.0,1084.95,1071.4,1081.15,41522,0
2026-07-10T10:15:00+05:30,1081.45,1084.5,1075.05,1077.7,30912,0
2026-07-10T10:30:00+05:30,1076.6,1081.9,1070.1,1077.6,30210,0
2026-07-10T10:45:00+05:30,1077.0,1077.0,1070.1,1071.95,12043,0
2026-07-10T11:00:00+05:30,1071.85,1072.35,1068.8,1071.15,24513,0
2026-07-10T11:15:00+05:30,1071.2,1076.2,1071.0,1073.0,12354,0
2026-07-10T11:30:00+05:30,1072.45,1081.0,1068.85,1071.2,25985,0
2026-07-10T11:45:00+05:30,1070.95,1075.25,1070.05,1074.15,7326,0
2026-07-10T12:00:00+05:30,1074.55,1079.25,1073.95,1076.05,18563,0
2026-07-10T12:15:00+05:30,1075.95,1081.3,1075.1,1077.1,11483,0
2026-07-10T12:30:00+05:30,1076.3,1085.0,1075.3,1083.35,19931,0
2026-07-10T12:45:00+05:30,1083.0,1104.25,1082.45,1088.1,121506,0
2026-07-10T13:00:00+05:30,1088.1,1090.0,1085.0,1089.6,23843,0
2026-07-10T13:15:00+05:30,1089.45,1106.7,1082.5,1098.1,109418,0
2026-07-10T13:30:00+05:30,1098.1,1104.0,1096.45,1101.25,71722,0
2026-07-10T13:45:00+05:30,1101.25,1114.8,1099.45,1111.3,79145,0
2026-07-10T14:00:00+05:30,1110.6,1116.7,1105.15,1106.15,68946,0
2026-07-10T14:15:00+05:30,1106.85,1109.85,1096.0,1097.35,74313,0
2026-07-10T14:30:00+05:30,1097.9,1098.95,1091.2,1091.2,33489,0
2026-07-10T14:45:00+05:30,1091.25,1092.95,1077.45,1081.7,67044,0
2026-07-10T15:00:00+05:30,1081.95,1087.2,1076.35,1083.25,48385,0
2026-07-10T15:15:00+05:30,1083.55,1088.85,1077.6,1081.05,58850,0
2026-07-13T09:15:00+05:30,1068.1,1119.8,1062.5,1096.25,205740,0
2026-07-13T09:30:00+05:30,1095.0,1124.4,1093.2,1114.0,151773,0
2026-07-13T09:45:00+05:30,1114.05,1123.45,1110.55,1120.0,82199,0
2026-07-13T10:00:00+05:30,1120.0,1124.4,1116.4,1121.15,38447,0
2026-07-13T10:15:00+05:30,1121.8,1131.95,1113.1,1126.8,84243,0
2026-07-13T10:30:00+05:30,1126.95,1152.15,1126.7,1131.6,263560,0
2026-07-13T10:45:00+05:30,1132.05,1137.55,1125.0,1129.7,56263,0
2026-07-13T11:00:00+05:30,1129.7,1166.2,1128.35,1159.05,219709,0
2026-07-13T11:15:00+05:30,1159.05,1174.65,1157.05,1172.6,274543,0
2026-07-13T11:30:00+05:30,1172.9,1183.9,1168.55,1176.3,375841,0
2026-07-13T11:45:00+05:30,1176.45,1184.9,1171.1,1175.05,196579,0
2026-07-13T12:00:00+05:30,1175.05,1189.0,1173.35,1182.05,190202,0
2026-07-13T12:15:00+05:30,1182.8,1186.8,1171.6,1177.95,176986,0
2026-07-13T12:30:00+05:30,1178.65,1180.0,1163.75,1174.0,161222,0
2026-07-13T12:45:00+05:30,1174.0,1177.55,1170.55,1176.0,46084,0
2026-07-13T13:00:00+05:30,1176.5,1180.95,1172.9,1175.0,53467,0
2026-07-13T13:15:00+05:30,1175.9,1176.0,1171.35,1173.55,33219,0
2026-07-13T13:30:00+05:30,1173.55,1184.0,1171.1,1178.75,66174,0
2026-07-13T13:45:00+05:30,1179.3,1180.55,1175.6,1177.85,31566,0
2026-07-13T14:00:00+05:30,1177.85,1179.55,1175.0,1178.95,35417,0
2026-07-13T14:15:00+05:30,1178.4,1183.6,1175.05,1182.15,52928,0
2026-07-13T14:30:00+05:30,1183.0,1218.0,1177.0,1214.3,426673,0
2026-07-13T14:45:00+05:30,1213.3,1217.0,1174.7,1183.2,501211,0
2026-07-13T15:00:00+05:30,1183.75,1192.0,1175.0,1182.6,155922,0
2026-07-13T15:15:00+05:30,1182.55,1196.6,1175.0,1183.0,266180,0
2026-07-14T09:15:00+05:30,1178.0,1228.95,1173.0,1226.8,310528,0
2026-07-14T09:30:00+05:30,1226.75,1231.95,1186.2,1193.9,288098,0
2026-07-14T09:45:00+05:30,1194.3,1199.85,1180.35,1183.0,82763,0
2026-07-14T10:00:00+05:30,1183.0,1186.3,1174.5,1177.85,50348,0
2026-07-14T10:15:00+05:30,1178.8,1185.0,1175.0,1181.4,29523,0
2026-07-14T10:30:00+05:30,1181.65,1184.95,1178.3,1178.5,20261,0
2026-07-14T10:45:00+05:30,1178.15,1182.85,1175.0,1178.7,13673,0
2026-07-14T11:00:00+05:30,1178.05,1181.0,1175.05,1176.8,14389,0
2026-07-14T11:15:00+05:30,1176.7,1192.55,1174.35,1181.0,43246,0
2026-07-14T11:30:00+05:30,1180.75,1185.75,1179.3,1182.7,7834,0
2026-07-14T11:45:00+05:30,1182.5,1182.9,1179.25,1180.3,3030,0
2026-07-14T12:00:00+05:30,1179.8,1180.5,1177.0,1178.15,6349,0
2026-07-14T12:15:00+05:30,1177.0,1185.6,1176.0,1179.45,9408,0
2026-07-14T12:30:00+05:30,1179.45,1182.1,1173.2,1175.8,14027,0
2026-07-14T12:45:00+05:30,1175.95,1189.1,1175.35,1186.1,33821,0
2026-07-14T13:00:00+05:30,1186.4,1187.0,1184.25,1185.4,8711,0
2026-07-14T13:15:00+05:30,1184.55,1185.15,1182.0,1182.8,6808,0
2026-07-14T13:30:00+05:30,1182.85,1191.4,1182.7,1191.1,14120,0
2026-07-14T13:45:00+05:30,1191.2,1193.25,1187.45,1190.0,23844,0
2026-07-14T14:00:00+05:30,1190.05,1191.5,1186.4,1187.75,8912,0
2026-07-14T14:15:00+05:30,1188.0,1190.0,1183.0,1186.0,20023,0
2026-07-14T14:30:00+05:30,1185.9,1188.3,1175.1,1179.6,26141,0
2026-07-14T14:45:00+05:30,1179.75,1191.85,1179.25,1186.15,32862,0
2026-07-14T15:00:00+05:30,1186.45,1188.0,1175.0,1180.8,45640,0
2026-07-14T15:15:00+05:30,1181.6,1184.85,1175.0,1179.0,54239,0
2026-07-15T09:15:00+05:30,1180.0,1193.15,1153.3,1180.05,175179,0
2026-07-15T09:30:00+05:30,1180.05,1180.15,1170.0,1171.0,23417,0
2026-07-15T09:45:00+05:30,1170.85,1180.0,1159.55,1177.5,48579,0
2026-07-15T10:00:00+05:30,1177.7,1186.0,1175.0,1180.0,25292,0
2026-07-15T10:15:00+05:30,1180.0,1183.15,1174.95,1175.2,10633,0
2026-07-15T10:30:00+05:30,1175.35,1180.0,1173.6,1175.5,11523,0
2026-07-15T10:45:00+05:30,1175.5,1179.85,1175.0,1175.0,6271,0
2026-07-15T11:00:00+05:30,1175.45,1176.45,1172.75,1173.35,8156,0
2026-07-15T11:15:00+05:30,1173.15,1177.45,1171.6,1174.05,22064,0
2026-07-15T11:30:00+05:30,1173.85,1175.35,1171.9,1172.75,8202,0
2026-07-15T11:45:00+05:30,1173.3,1178.75,1172.6,1176.3,2102,0
2026-07-15T12:00:00+05:30,1175.45,1178.3,1169.05,1171.85,22682,0
2026-07-15T12:15:00+05:30,1171.15,1174.8,1166.8,1171.15,11236,0
2026-07-15T12:30:00+05:30,1171.15,1172.25,1168.2,1170.0,8818,0
2026-07-15T12:45:00+05:30,1170.0,1171.55,1169.35,1170.0,4286,0
2026-07-15T13:00:00+05:30,1170.45,1171.55,1169.4,1170.0,3163,0
2026-07-15T13:15:00+05:30,1170.0,1182.95,1169.4,1179.0,10203,0
2026-07-15T13:30:00+05:30,1179.35,1179.95,1172.5,1174.75,3081,0
2026-07-15T13:45:00+05:30,1174.75,1178.05,1170.35,1175.05,6553,0
2026-07-15T14:00:00+05:30,1175.15,1178.35,1171.55,1172.05,11121,0
2026-07-15T14:15:00+05:30,1172.05,1183.0,1172.05,1180.3,11732,0
2026-07-15T14:30:00+05:30,1180.15,1181.7,1176.85,1180.25,6978,0
2026-07-15T14:45:00+05:30,1180.2,1180.5,1174.45,1174.65,5721,0
2026-07-15T15:00:00+05:30,1174.75,1177.5,1174.5,1175.5,12519,0
2026-07-15T15:15:00+05:30,1175.05,1179.3,1174.2,1174.2,26523,0
2026-07-16T09:15:00+05:30,1170.5,1189.3,1164.0,1178.2,59808,0
2026-07-16T09:30:00+05:30,1177.05,1181.8,1174.35,1175.05,17446,0
2026-07-16T09:45:00+05:30,1175.0,1177.0,1169.05,1174.35,30083,0
2026-07-16T10:00:00+05:30,1174.6,1174.6,1170.5,1173.05,7406,0
2026-07-16T10:15:00+05:30,1173.05,1178.9,1171.7,1177.2,8804,0
2026-07-16T10:30:00+05:30,1177.2,1180.0,1175.65,1177.7,6791,0
2026-07-16T10:45:00+05:30,1177.7,1186.2,1177.0,1179.85,8857,0
2026-07-16T11:00:00+05:30,1179.65,1193.0,1177.45,1186.35,21434,0
2026-07-16T11:15:00+05:30,1186.0,1186.75,1178.05,1178.05,9109,0
2026-07-16T11:30:00+05:30,1178.2,1190.0,1175.0,1185.1,13332,0
2026-07-16T11:45:00+05:30,1186.2,1186.25,1180.25,1180.85,2050,0
2026-07-16T12:00:00+05:30,1181.8,1181.8,1178.4,1178.4,1897,0
2026-07-16T12:15:00+05:30,1178.4,1180.0,1173.7,1177.75,3761,0
2026-07-16T12:30:00+05:30,1177.75,1178.65,1173.85,1175.0,5837,0
2026-07-16T12:45:00+05:30,1175.0,1177.0,1174.7,1175.25,1976,0
2026-07-16T13:00:00+05:30,1175.05,1180.05,1173.0,1175.0,5357,0
2026-07-16T13:15:00+05:30,1175.0,1180.05,1175.0,1176.3,5591,0
2026-07-16T13:30:00+05:30,1176.3,1179.0,1172.25,1177.2,24948,0
2026-07-16T13:45:00+05:30,1177.2,1182.85,1176.7,1181.2,7159,0
2026-07-16T14:00:00+05:30,1181.2,1184.7,1181.2,1182.5,3105,0
2026-07-16T14:15:00+05:30,1182.25,1184.95,1180.0,1181.55,9079,0
2026-07-16T14:30:00+05:30,1182.05,1193.5,1174.7,1176.45,30242,0
2026-07-16T14:45:00+05:30,1175.35,1181.25,1172.05,1181.25,21005,0
2026-07-16T15:00:00+05:30,1182.2,1183.2,1175.0,1181.8,19282,0
2026-07-16T15:15:00+05:30,1181.65,1182.8,1161.45,1181.0,32783,0
2026-07-17T09:15:00+05:30,1178.9,1192.0,1173.8,1177.35,48626,0
2026-07-17T09:30:00+05:30,1177.35,1180.2,1174.75,1174.8,11669,0
2026-07-17T09:45:00+05:30,1174.8,1176.05,1168.55,1170.95,13207,0
2026-07-17T10:00:00+05:30,1170.2,1174.4,1163.8,1171.7,30672,0
2026-07-17T10:15:00+05:30,1172.4,1178.85,1171.3,1173.7,4579,0
2026-07-17T10:30:00+05:30,1173.9,1174.65,1170.15,1174.2,2320,0
2026-07-17T10:45:00+05:30,1173.55,1187.9,1172.2,1181.95,14642,0
2026-07-17T11:00:00+05:30,1182.0,1191.5,1175.1,1175.65,21937,0
2026-07-17T11:15:00+05:30,1175.15,1180.0,1174.65,1176.65,9606,0
2026-07-17T11:30:00+05:30,1175.9,1177.95,1174.8,1175.75,3555,0
2026-07-17T11:45:00+05:30,1175.1,1177.45,1174.5,1176.5,1820,0
2026-07-17T12:00:00+05:30,1175.5,1180.35,1174.05,1175.1,9754,0
2026-07-17T12:15:00+05:30,1175.1,1178.85,1173.4,1176.3,8644,0
2026-07-17T12:30:00+05:30,1176.0,1177.45,1175.1,1176.3,1646,0
2026-07-17T12:45:00+05:30,1176.15,1179.1,1174.55,1177.4,2490,0
2026-07-17T13:00:00+05:30,1177.85,1178.3,1174.6,1175.6,2685,0
2026-07-17T13:15:00+05:30,1175.35,1175.8,1170.05,1170.2,7376,0
2026-07-17T13:30:00+05:30,1170.0,1170.65,1168.0,1168.15,2098,0
2026-07-17T13:45:00+05:30,1168.0,1169.0,1162.0,1162.75,6877,0
2026-07-17T14:00:00+05:30,1162.6,1167.6,1160.5,1166.5,4609,0
2026-07-17T14:15:00+05:30,1166.0,1178.9,1166.0,1177.35,8318,0
2026-07-17T14:30:00+05:30,1176.75,1180.85,1174.05,1177.7,12497,0
2026-07-17T14:45:00+05:30,1177.7,1178.45,1174.2,1175.2,3619,0
2026-07-17T15:00:00+05:30,1176.05,1176.7,1170.45,1172.7,13086,0
2026-07-17T15:15:00+05:30,1172.7,1180.0,1170.0,1180.0,23702,0
2026-07-20T09:15:00+05:30,1173.0,1181.4,1116.7,1128.1,66897,0
2026-07-20T09:30:00+05:30,1129.45,1148.85,1121.55,1136.05,26753,0
2026-07-20T09:45:00+05:30,1136.3,1143.05,1122.6,1134.6,22476,0
2026-07-20T10:00:00+05:30,1133.25,1135.05,1125.5,1125.55,10466,0
2026-07-20T10:15:00+05:30,1125.65,1128.25,1124.3,1126.0,5071,0
2026-07-20T10:30:00+05:30,1126.45,1129.55,1121.7,1126.9,6725,0
2026-07-20T10:45:00+05:30,1125.7,1130.55,1124.2,1128.65,10329,0
2026-07-20T11:00:00+05:30,1128.35,1129.0,1125.15,1126.3,3399,0
2026-07-20T11:15:00+05:30,1126.7,1126.7,1107.0,1109.45,51459,0
2026-07-20T11:30:00+05:30,1109.45,1119.0,1108.75,1116.85,15820,0
2026-07-20T11:45:00+05:30,1117.05,1118.0,1112.1,1113.5,6192,0
2026-07-20T12:00:00+05:30,1113.3,1115.0,1111.7,1113.0,4862,0
2026-07-20T12:15:00+05:30,1113.3,1118.0,1109.05,1111.65,9576,0
2026-07-20T12:30:00+05:30,1111.65,1112.95,1108.0,1108.7,8631,0
2026-07-20T12:45:00+05:30,1108.1,1108.4,1100.0,1103.2,20134,0
2026-07-20T13:00:00+05:30,1103.55,1117.8,1102.85,1115.2,16917,0
2026-07-20T13:15:00+05:30,1115.4,1120.1,1113.35,1116.75,13914,0
2026-07-20T13:30:00+05:30,1117.3,1119.0,1116.35,1118.1,5855,0
2026-07-20T13:45:00+05:30,1118.25,1128.0,1115.05,1115.75,18590,0
2026-07-20T14:00:00+05:30,1116.1,1116.7,1111.2,1114.45,9845,0
2026-07-20T14:15:00+05:30,1114.1,1114.1,1106.25,1107.0,7753,0
2026-07-20T14:30:00+05:30,1106.65,1107.0,1102.4,1104.5,21195,0
2026-07-20T14:45:00+05:30,1104.8,1111.0,1103.4,1107.45,10377,0
2026-07-20T15:00:00+05:30,1107.4,1108.75,1092.8,1094.0,32955,0
2026-07-20T15:15:00+05:30,1094.0,1105.1,1080.0,1105.0,66234,0
2026-07-21T09:15:00+05:30,1095.0,1121.95,1087.1,1117.85,55914,0
2026-07-21T09:30:00+05:30,1117.6,1117.6,1102.65,1105.85,11260,0
2026-07-21T09:45:00+05:30,1106.3,1111.15,1102.5,1103.5,6005,0
2026-07-21T10:00:00+05:30,1103.5,1104.5,1090.1,1093.05,23417,0
2026-07-21T10:15:00+05:30,1092.95,1094.75,1087.1,1088.0,6925,0
2026-07-21T10:30:00+05:30,1088.8,1089.0,1084.0,1085.9,7347,0
2026-07-21T10:45:00+05:30,1085.9,1086.0,1065.15,1071.0,33187,0
2026-07-21T11:00:00+05:30,1070.4,1075.9,1070.1,1073.35,5580,0
2026-07-21T11:15:00+05:30,1073.35,1087.25,1073.1,1075.0,14879,0
2026-07-21T11:30:00+05:30,1073.45,1091.25,1073.05,1087.2,18713,0
2026-07-21T11:45:00+05:30,1087.2,1091.0,1083.95,1085.7,6309,0
2026-07-21T12:00:00+05:30,1085.65,1087.9,1085.5,1086.3,1070,0
2026-07-21T12:15:00+05:30,1086.4,1090.0,1082.0,1082.55,2744,0
2026-07-21T12:30:00+05:30,1082.55,1083.7,1071.4,1072.0,17170,0
2026-07-21T12:45:00+05:30,1072.0,1075.6,1072.0,1074.1,5846,0
2026-07-21T13:00:00+05:30,1074.15,1075.0,1072.5,1072.9,2866,0
2026-07-21T13:15:00+05:30,1073.0,1074.3,1070.0,1072.1,12006,0
2026-07-21T13:30:00+05:30,1071.2,1078.85,1071.1,1073.35,8056,0
2026-07-21T13:45:00+05:30,1074.0,1080.95,1073.85,1073.85,9374,0
2026-07-21T14:00:00+05:30,1074.0,1074.8,1072.0,1073.65,4040,0
2026-07-21T14:15:00+05:30,1073.85,1076.5,1072.0,1072.2,4004,0
2026-07-21T14:30:00+05:30,1072.2,1074.5,1065.8,1068.55,10163,0
2026-07-21T14:45:00+05:30,1069.0,1078.85,1069.0,1072.1,13513,0
2026-07-21T15:00:00+05:30,1072.65,1077.55,1068.45,1068.55,18364,0
2026-07-21T15:15:00+05:30,1069.8,1070.0,1066.95,1068.85,20494,0
2026-07-22T09:15:00+05:30,1071.0,1091.6,1052.0,1054.2,40195,0
2026-07-22T09:30:00+05:30,1054.2,1057.4,1038.55,1055.0,47690,0
2026-07-22T09:45:00+05:30,1054.95,1062.3,1053.0,1054.6,14274,0
2026-07-22T10:00:00+05:30,1053.95,1060.6,1053.25,1057.8,2720,0
2026-07-22T10:15:00+05:30,1057.7,1057.7,1046.75,1047.95,6096,0
2026-07-22T10:30:00+05:30,1048.8,1051.4,1046.65,1049.0,2434,0
2026-07-22T10:45:00+05:30,1049.0,1053.0,1046.0,1050.7,3902,0
2026-07-22T11:00:00+05:30,1050.0,1054.1,1048.65,1051.5,3396,0
2026-07-22T11:15:00+05:30,1050.9,1053.4,1042.0,1048.05,6709,0
2026-07-22T11:30:00+05:30,1048.05,1048.05,1042.35,1042.9,12142,0
2026-07-22T11:45:00+05:30,1043.1,1046.5,1037.05,1037.9,21981,0
2026-07-22T12:00:00+05:30,1037.9,1048.9,1037.35,1047.3,8145,0
2026-07-22T12:15:00+05:30,1047.95,1051.2,1037.65,1037.7,12890,0
2026-07-22T12:30:00+05:30,1038.55,1041.95,1036.0,1039.1,6857,0
2026-07-22T12:45:00+05:30,1039.55,1043.85,1037.05,1037.2,2485,0
2026-07-22T13:00:00+05:30,1037.25,1039.55,1035.25,1037.1,2691,0
2026-07-22T13:15:00+05:30,1037.7,1039.0,1036.0,1037.45,1439,0
2026-07-22T13:30:00+05:30,1037.45,1041.3,1035.1,1038.25,8661,0
2026-07-22T13:45:00+05:30,1038.25,1038.4,1036.0,1037.0,1666,0
2026-07-22T14:00:00+05:30,1037.75,1037.85,1035.1,1035.9,3366,0
2026-07-22T14:15:00+05:30,1036.5,1037.85,1026.25,1028.9,16103,0
2026-07-22T14:30:00+05:30,1028.75,1034.0,1026.15,1030.25,11225,0
2026-07-22T14:45:00+05:30,1030.25,1037.75,1027.5,1036.5,16856,0
2026-07-22T15:00:00+05:30,1036.5,1043.75,1036.0,1041.0,15941,0
2026-07-22T15:15:00+05:30,1041.05,1054.95,1040.5,1050.55,27698,0
2026-07-23T09:15:00+05:30,1044.4,1097.8,1028.25,1092.1,114032,0
2026-07-23T09:30:00+05:30,1091.9,1109.8,1072.05,1091.05,270388,0
2026-07-23T09:45:00+05:30,1091.45,1091.75,1067.45,1074.0,110166,0
2026-07-23T10:00:00+05:30,1074.0,1077.7,1066.6,1073.05,46180,0
2026-07-23T10:15:00+05:30,1072.45,1087.4,1070.45,1071.3,40773,0
2026-07-23T10:30:00+05:30,1071.1,1074.25,1062.75,1065.3,29068,0
2026-07-23T10:45:00+05:30,1064.65,1076.1,1064.45,1071.15,21146,0
2026-07-23T11:00:00+05:30,1071.0,1084.35,1066.0,1075.3,38004,0
2026-07-23T11:15:00+05:30,1075.2,1079.45,1070.25,1070.25,19614,0
2026-07-23T11:30:00+05:30,1070.4,1071.9,1065.95,1066.8,17740,0
2026-07-23T11:45:00+05:30,1067.0,1070.8,1063.35,1070.3,13268,0
2026-07-23T12:00:00+05:30,1070.35,1105.0,1067.15,1104.0,130631,0
2026-07-23T12:15:00+05:30,1104.1,1129.3,1098.15,1110.5,372278,0
2026-07-23T12:30:00+05:30,1111.1,1111.4,1087.3,1091.9,211593,0
2026-07-23T12:45:00+05:30,1090.9,1094.4,1084.7,1086.1,78095,0
2026-07-23T13:00:00+05:30,1085.25,1085.65,1078.1,1083.65,53561,0
2026-07-23T13:15:00+05:30,1083.7,1100.1,1082.0,1083.0,82891,0
2026-07-23T13:30:00+05:30,1083.15,1087.95,1080.5,1083.65,20628,0
2026-07-23T13:45:00+05:30,1083.65,1087.95,1080.0,1083.25,24311,0
2026-07-23T14:00:00+05:30,1083.8,1089.3,1081.55,1084.0,15945,0
2026-07-23T14:15:00+05:30,1084.0,1085.55,1081.65,1082.05,11413,0
2026-07-23T14:30:00+05:30,1082.05,1086.2,1081.0,1081.0,15437,0
2026-07-23T14:45:00+05:30,1081.0,1083.3,1080.0,1081.0,18623,0
2026-07-23T15:00:00+05:30,1081.35,1087.5,1079.1,1080.6,57933,0
2026-07-23T15:15:00+05:30,1082.1,1086.65,1075.75,1083.85,80038,0
2026-07-24T09:15:00+05:30,1078.0,1115.0,1073.0,1091.65,97827,0
2026-07-24T09:30:00+05:30,1091.05,1093.05,1080.0,1082.6,38279,0
2026-07-24T09:45:00+05:30,1082.65,1088.0,1081.05,1086.0,11090,0
2026-07-24T10:00:00+05:30,1085.15,1085.7,1077.55,1081.4,8855,0
2026-07-24T10:15:00+05:30,1081.4,1085.1,1079.45,1080.95,9026,0
2026-07-24T10:30:00+05:30,1081.6,1086.2,1080.0,1082.75,4528,0
2026-07-24T10:45:00+05:30,1083.7,1088.85,1083.6,1086.0,11375,0
2026-07-24T11:00:00+05:30,1086.65,1087.85,1085.15,1087.35,3589,0
2026-07-24T11:15:00+05:30,1086.5,1096.35,1086.25,1093.15,14821,0
2026-07-24T11:30:00+05:30,1093.15,1098.5,1085.15,1095.0,12742,0
2026-07-24T11:45:00+05:30,1093.65,1099.0,1093.65,1094.9,7332,0
2026-07-24T12:00:00+05:30,1095.35,1095.75,1085.0,1092.9,7490,0
2026-07-24T12:15:00+05:30,1092.6,1099.5,1092.5,1098.95,6246,0
2026-07-24T12:30:00+05:30,1098.05,1100.0,1095.1,1099.0,5355,0
2026-07-24T12:45:00+05:30,1099.0,1099.9,1094.65,1099.35,4082,0
2026-07-24T13:00:00+05:30,1099.0,1099.35,1096.0,1097.05,4056,0
2026-07-24T13:15:00+05:30,1097.7,1104.3,1097.0,1098.95,8342,0
2026-07-24T13:30:00+05:30,1098.95,1099.5,1096.0,1097.3,4911,0
2026-07-24T13:45:00+05:30,1097.3,1103.9,1095.5,1103.9,5594,0
2026-07-24T14:00:00+05:30,1101.8,1112.25,1098.25,1108.2,21028,0
2026-07-24T14:15:00+05:30,1108.2,1109.5,1102.05,1103.6,10520,0
2026-07-24T14:30:00+05:30,1103.9,1106.7,1102.1,1103.1,5011,0
2026-07-24T14:45:00+05:30,1103.3,1108.95,1101.15,1106.5,9156,0
2026-07-24T15:00:00+05:30,1106.2,1108.6,1100.0,1107.05,15034,0
2026-07-24T15:15:00+05:30,1107.05,1135.0,1107.0,1130.0,71837,0
2026-07-27T09:15:00+05:30,1135.0,1164.95,1130.05,1157.3,92734,0
2026-07-27T09:30:00+05:30,1156.7,1167.95,1155.0,1158.5,41228,0
2026-07-27T09:45:00+05:30,1157.8,1167.0,1150.3,1161.6,35404,0
2026-07-27T10:00:00+05:30,1161.7,1163.25,1152.0,1158.45,14809,0
2026-07-27T10:15:00+05:30,1158.5,1159.2,1149.0,1150.7,8354,0
2026-07-27T10:30:00+05:30,1151.5,1152.95,1142.9,1143.85,10205,0
2026-07-27T10:45:00+05:30,1143.75,1148.0,1142.2,1145.05,5564,0
2026-07-27T11:00:00+05:30,1145.05,1150.1,1139.5,1142.7,6164,0
2026-07-27T11:15:00+05:30,1142.0,1143.3,1139.15,1142.5,4384,0
2026-07-27T11:30:00+05:30,1143.0,1148.95,1143.0,1144.0,5014,0
2026-07-27T11:45:00+05:30,1144.75,1146.15,1140.85,1144.4,4301,0
2026-07-27T12:00:00+05:30,1144.55,1144.95,1140.9,1141.6,1417,0
2026-07-27T12:15:00+05:30,1142.0,1143.8,1140.95,1141.9,2832,0
2026-07-27T12:30:00+05:30,1141.9,1142.95,1137.65,1141.1,2591,0
2026-07-27T12:45:00+05:30,1142.3,1146.05,1141.05,1142.15,4063,0
2026-07-27T13:00:00+05:30,1143.0,1143.0,1140.3,1140.3,918,0
2026-07-27T13:15:00+05:30,1140.2,1149.4,1139.1,1140.7,6652,0
2026-07-27T13:30:00+05:30,1140.9,1141.7,1139.65,1140.0,2633,0
2026-07-27T13:45:00+05:30,1140.0,1140.0,1136.4,1139.0,4109,0
2026-07-27T14:00:00+05:30,1139.85,1142.0,1136.9,1137.0,2282,0
2026-07-27T14:15:00+05:30,1137.45,1139.4,1135.1,1135.6,5059,0
2026-07-27T14:30:00+05:30,1136.45,1139.25,1135.55,1137.75,7446,0
2026-07-27T14:45:00+05:30,1137.85,1138.0,1132.95,1137.6,8815,0
2026-07-27T15:00:00+05:30,1137.2,1138.25,1130.1,1134.0,13248,0
2026-07-27T15:15:00+05:30,1134.0,1134.3,1128.0,1134.3,19203,0
2026-07-28T09:15:00+05:30,1132.1,1149.75,1132.1,1147.95,24877,0
2026-07-28T09:30:00+05:30,1146.5,1154.75,1130.1,1133.35,19575,0
2026-07-28T09:45:00+05:30,1133.0,1134.9,1127.5,1131.0,10100,0
2026-07-28T10:00:00+05:30,1130.85,1132.6,1124.7,1127.75,4393,0
2026-07-28T10:15:00+05:30,1128.0,1135.55,1121.05,1132.85,11965,0
2026-07-28T10:30:00+05:30,1132.3,1132.3,1124.8,1127.3,1119,0
2026-07-28T10:45:00+05:30,1127.1,1130.9,1124.7,1128.15,2541,0
2026-07-28T11:00:00+05:30,1127.9,1128.8,1125.0,1126.1,962,0
2026-07-28T11:15:00+05:30,1127.0,1128.65,1125.1,1125.1,1189,0
2026-07-28T11:30:00+05:30,1125.1,1126.5,1122.35,1126.5,1589,0
2026-07-28T11:45:00+05:30,1126.15,1135.4,1126.15,1130.75,9151,0
2026-07-28T12:00:00+05:30,1131.05,1136.0,1129.05,1134.25,1357,0
2026-07-28T12:15:00+05:30,1134.85,1134.85,1129.05,1129.7,1046,0
2026-07-28T12:30:00+05:30,1129.0,1130.9,1127.5,1127.8,1930,0
2026-07-28T12:45:00+05:30,1127.75,1129.4,1125.05,1125.65,563,0
2026-07-28T13:00:00+05:30,1125.65,1146.25,1125.65,1133.9,10730,0
2026-07-28T13:15:00+05:30,1133.9,1133.9,1129.0,1131.6,1873,0
2026-07-28T13:30:00+05:30,1132.35,1133.25,1130.9,1132.35,708,0
2026-07-28T13:45:00+05:30,1131.65,1136.25,1130.0,1132.7,2862,0
2026-07-28T14:00:00+05:30,1132.4,1132.4,1130.0,1130.1,904,0
2026-07-28T14:15:00+05:30,1130.1,1134.4,1130.0,1134.05,1596,0
2026-07-28T14:30:00+05:30,1134.0,1140.0,1130.8,1134.1,5857,0
2026-07-28T14:45:00+05:30,1134.1,1137.95,1132.4,1132.4,3035,0
2026-07-28T15:00:00+05:30,1133.3,1140.0,1131.45,1136.2,11090,0
2026-07-28T15:15:00+05:30,1136.9,1140.0,1133.9,1135.0,15007,0
2026-07-29T09:15:00+05:30,1145.0,1169.9,1141.85,1158.15,33579,0
2026-07-29T09:30:00+05:30,1158.7,1184.9,1158.7,1180.3,77579,0
2026-07-29T09:45:00+05:30,1180.3,1187.7,1165.35,1186.7,51832,0
2026-07-29T10:00:00+05:30,1185.55,1198.0,1185.0,1195.35,83188,0
2026-07-29T10:15:00+05:30,1195.4,1203.95,1191.4,1201.0,48521,0
2026-07-29T10:30:00+05:30,1200.1,1217.0,1192.75,1214.75,145404,0
2026-07-29T10:45:00+05:30,1214.45,1222.35,1196.0,1197.35,124176,0
2026-07-29T11:00:00+05:30,1197.35,1199.95,1184.25,1188.5,48445,0
2026-07-29T11:15:00+05:30,1187.8,1189.0,1180.0,1181.55,27115,0
2026-07-29T11:30:00+05:30,1182.25,1183.85,1168.4,1173.8,31140,0
2026-07-29T11:45:00+05:30,1173.8,1179.0,1169.0,1169.5,18220,0
2026-07-29T12:00:00+05:30,1169.6,1172.4,1156.95,1158.8,29393,0
2026-07-29T12:15:00+05:30,1158.8,1165.45,1156.05,1162.0,14184,0
2026-07-29T12:30:00+05:30,1162.85,1163.35,1158.4,1160.55,5012,0
2026-07-29T12:45:00+05:30,1160.55,1164.2,1160.25,1163.45,5453,0
2026-07-29T13:00:00+05:30,1163.45,1169.75,1161.9,1162.0,8998,0
2026-07-29T13:15:00+05:30,1162.2,1163.4,1160.8,1160.8,2079,0
2026-07-29T13:30:00+05:30,1161.35,1166.9,1161.35,1163.3,7066,0
2026-07-29T13:45:00+05:30,1164.3,1166.0,1162.4,1164.85,3550,0
2026-07-29T14:00:00+05:30,1164.75,1166.0,1161.9,1162.4,3676,0
2026-07-29T14:15:00+05:30,1162.1,1166.0,1160.0,1165.5,7128,0
2026-07-29T14:30:00+05:30,1165.5,1168.45,1163.05,1167.4,5979,0
2026-07-29T14:45:00+05:30,1167.4,1174.8,1165.0,1173.3,22264,0
2026-07-29T15:00:00+05:30,1172.8,1172.8,1158.45,1159.95,14551,0
2026-07-29T15:15:00+05:30,1159.7,1170.35,1157.0,1163.0,41230,0
2026-07-30T09:15:00+05:30,1165.0,1175.1,1157.5,1166.9,30735,0
2026-07-30T09:30:00+05:30,1166.55,1172.2,1161.95,1170.15,14056,0
2026-07-30T09:45:00+05:30,1169.7,1196.45,1165.0,1196.4,26300,0
2026-07-30T10:00:00+05:30,1196.45,1199.55,1180.0,1186.15,49734,0
2026-07-30T10:15:00+05:30,1186.2,1187.7,1180.0,1181.95,8682,0
2026-07-30T10:30:00+05:30,1181.95,1188.0,1180.0,1188.0,4764,0
2026-07-30T10:45:00+05:30,1188.0,1188.9,1180.0,1186.85,3896,0
2026-07-30T11:00:00+05:30,1186.3,1191.6,1181.3,1188.75,6498,0
2026-07-30T11:15:00+05:30,1189.6,1190.95,1180.6,1188.3,7560,0
2026-07-30T11:30:00+05:30,1188.2,1190.05,1186.3,1187.45,2819,0
2026-07-30T11:45:00+05:30,1187.3,1187.35,1181.45,1182.45,2491,0
2026-07-30T12:00:00+05:30,1183.45,1184.45,1181.4,1184.0,1881,0
2026-07-30T12:15:00+05:30,1183.2,1188.2,1181.85,1186.05,5640,0
2026-07-30T12:30:00+05:30,1185.85,1193.95,1184.85,1188.55,5782,0
2026-07-30T12:45:00+05:30,1189.7,1189.8,1186.35,1186.9,2476,0
2026-07-30T13:00:00+05:30,1187.85,1192.0,1185.8,1187.85,8228,0
2026-07-30T13:15:00+05:30,1188.85,1188.85,1184.1,1184.25,1188,0
2026-07-30T13:30:00+05:30,1184.0,1186.75,1183.8,1184.75,3653,0
2026-07-30T13:45:00+05:30,1184.75,1185.1,1181.65,1185.0,5223,0
2026-07-30T14:00:00+05:30,1184.05,1184.7,1177.05,1179.4,5176,0
2026-07-30T14:15:00+05:30,1179.45,1180.25,1175.5,1176.6,3427,0
2026-07-30T14:30:00+05:30,1176.6,1181.95,1175.0,1180.15,3323,0
2026-07-30T14:45:00+05:30,1180.6,1188.0,1180.1,1185.85,7865,0
2026-07-30T15:00:00+05:30,1185.95,1190.8,1183.1,1183.7,15174,0
2026-07-30T15:15:00+05:30,1184.6,1186.0,1175.3,1176.2,16193,0
2026-07-31T09:15:00+05:30,1192.15,1192.15,1158.35,1179.85,56830,0
2026-07-31T09:30:00+05:30,1180.1,1182.0,1168.5,1178.1,14191,0
2026-07-31T09:45:00+05:30,1179.3,1179.3,1170.7,1174.2,15033,0
2026-07-31T10:00:00+05:30,1173.55,1175.05,1171.0,1171.0,3125,0
2026-07-31T10:15:00+05:30,1171.0,1172.5,1164.35,1165.7,7110,0
2026-07-31T10:30:00+05:30,1166.35,1171.85,1166.15,1167.95,3199,0
2026-07-31T10:45:00+05:30,1167.5,1169.6,1166.4,1169.6,1895,0
2026-07-31T11:00:00+05:30,1169.25,1169.7,1166.1,1169.5,4293,0
2026-07-31T11:15:00+05:30,1167.45,1170.85,1166.7,1169.2,4002,0
2026-07-31T11:30:00+05:30,1169.1,1175.05,1167.05,1172.65,7291,0
2026-07-31T11:45:00+05:30,1174.2,1183.25,1168.65,1169.45,6408,0
2026-07-31T12:00:00+05:30,1169.35,1173.0,1167.8,1169.45,4151,0
2026-07-31T12:15:00+05:30,1169.0,1171.7,1166.0,1167.15,2438,0
2026-07-31T12:30:00+05:30,1167.15,1168.65,1166.5,1166.6,1428,0
2026-07-31T12:45:00+05:30,1166.6,1171.95,1166.6,1170.0,1457,0
2026-07-31T13:00:00+05:30,1169.95,1170.7,1166.0,1167.0,1769,0
2026-07-31T13:15:00+05:30,1167.0,1167.85,1165.0,1166.55,905,0
2026-07-31T13:30:00+05:30,1166.55,1166.6,1163.65,1164.4,1816,0
2026-07-31T13:45:00+05:30,1164.45,1167.15,1159.0,1165.25,7501,0
2026-07-31T14:00:00+05:30,1165.2,1173.35,1163.75,1169.8,7943,0
2026-07-31T14:15:00+05:30,1169.9,1175.6,1169.5,1174.0,5074,0
2026-07-31T14:30:00+05:30,1174.8,1177.45,1169.85,1175.05,5093,0
2026-07-31T14:45:00+05:30,1175.75,1178.55,1175.0,1177.4,4431,0
2026-07-31T15:00:00+05:30,1177.0,1182.95,1177.0,1181.25,9219,0
2026-07-31T15:15:00+05:30,1181.25,1189.9,1177.15,1189.0,13992,0
2026-08-03T09:15:00+05:30,1195.7,1217.4,1186.4,1196.0,53153,0
2026-08-03T09:30:00+05:30,1196.09,1202.2,1187.5,1188.5,14714,0
2026-08-03T09:45:00+05:30,1188.09,1199.5,1186.8,1194.0,8897,0
2026-08-03T10:00:00+05:30,1196.0,1207.4,1194.59,1205.8,15095,0
2026-08-03T10:15:00+05:30,1206.8,1214.5,1205.7,1209.0,15047,0
2026-08-03T10:30:00+05:30,1209.09,1209.09,1203.0,1205.5,5086,0
2026-08-03T10:45:00+05:30,1205.5,1207.9,1203.5,1204.0,5403,0
2026-08-03T11:00:00+05:30,1204.7,1208.4,1204.09,1205.0,3314,0
2026-08-03T11:15:00+05:30,1204.9,1206.8,1202.3,1204.0,2943,0
2026-08-03T11:30:00+05:30,1203.0,1204.0,1201.0,1201.3,4439,0
2026-08-03T11:45:00+05:30,1201.3,1203.2,1197.09,1197.09,6323,0
2026-08-03T12:00:00+05:30,1197.7,1204.0,1197.7,1200.59,4771,0
2026-08-03T12:15:00+05:30,1200.59,1201.2,1197.0,1197.5,3076,0
2026-08-03T12:30:00+05:30,1197.5,1200.0,1196.0,1199.0,1355,0
2026-08-03T12:45:00+05:30,1199.0,1200.0,1196.09,1197.0,1874,0
2026-08-03T13:00:00+05:30,1198.0,1198.5,1192.2,1192.5,9087,0
2026-08-03T13:15:00+05:30,1192.5,1194.59,1192.0,1194.0,1202,0
2026-08-03T13:30:00+05:30,1194.9,1194.9,1192.09,1192.3,979,0
2026-08-03T13:45:00+05:30,1192.4,1193.4,1191.0,1191.5,1747,0
2026-08-03T14:00:00+05:30,1191.59,1192.4,1191.0,1191.09,669,0
2026-08-03T14:15:00+05:30,1191.2,1192.7,1191.0,1191.4,1302,0
2026-08-03T14:30:00+05:30,1191.4,1196.59,1190.0,1194.4,2811,0
2026-08-03T14:45:00+05:30,1194.5,1194.7,1190.5,1192.9,2998,0
2026-08-03T15:00:00+05:30,1191.59,1198.4,1190.0,1193.4,12730,0
2026-08-03T15:15:00+05:30,1193.2,1202.9,1193.0,1194.0,13225,0
2026-08-04T09:15:00+05:30,1204.0,1209.8,1184.0,1186.09,20686,0
2026-08-04T09:30:00+05:30,1186.4,1196.7,1178.8,1193.59,11322,0
2026-08-04T09:45:00+05:30,1193.5,1196.9,1192.0,1193.5,2242,0
2026-08-04T10:00:00+05:30,1192.5,1193.5,1182.0,1187.0,12410,0
2026-08-04T10:15:00+05:30,1187.09,1190.0,1186.4,1188.59,2261,0
2026-08-04T10:30:00+05:30,1188.7,1204.8,1188.5,1198.59,11849,0
2026-08-04T10:45:00+05:30,1198.59,1200.9,1192.2,1193.59,7854,0
2026-08-04T11:00:00+05:30,1193.59,1195.5,1193.59,1195.5,924,0
2026-08-04T11:15:00+05:30,1194.5,1194.5,1186.09,1187.59,3405,0
2026-08-04T11:30:00+05:30,1187.3,1189.59,1181.0,1181.4,7670,0
2026-08-04T11:45:00+05:30,1181.9,1183.9,1181.0,1182.09,3798,0
2026-08-04T12:00:00+05:30,1183.0,1184.9,1182.5,1183.7,679,0
2026-08-04T12:15:00+05:30,1185.0,1189.0,1184.5,1187.2,2373,0
2026-08-04T12:30:00+05:30,1187.8,1188.5,1185.09,1185.9,835,0
2026-08-04T12:45:00+05:30,1185.9,1189.7,1185.9,1186.5,853,0
2026-08-04T13:00:00+05:30,1187.4,1193.2,1186.09,1192.0,2494,0
2026-08-04T13:15:00+05:30,1190.8,1206.9,1190.4,1203.59,13062,0
2026-08-04T13:30:00+05:30,1204.0,1214.0,1200.09,1202.0,19160,0
2026-08-04T13:45:00+05:30,1202.2,1203.0,1198.2,1200.7,3693,0
2026-08-04T14:00:00+05:30,1200.9,1202.59,1197.59,1201.2,2685,0
2026-08-04T14:15:00+05:30,1201.9,1206.0,1198.2,1198.7,5828,0
2026-08-04T14:30:00+05:30,1198.7,1206.0,1197.8,1201.8,3790,0
2026-08-04T14:45:00+05:30,1201.8,1206.5,1201.5,1203.09,5910,0
2026-08-04T15:00:00+05:30,1202.7,1206.0,1198.09,1199.3,7729,0
2026-08-04T15:15:00+05:30,1200.2,1200.2,1092.7,1109.0,123782,0
2026-08-05T09:15:00+05:30,1082.8,1082.8,1048.0,1072.5,314391,0
2026-08-05T09:30:00+05:30,1072.5,1096.2,1068.0,1090.5,158909,0
2026-08-05T09:45:00+05:30,1090.1,1093.0,1062.7,1077.1,114263,0
2026-08-05T10:00:00+05:30,1076.2,1095.5,1075.5,1095.5,61856,0
2026-08-05T10:15:00+05:30,1094.9,1095.0,1075.0,1076.0,71432,0
2026-08-05T10:30:00+05:30,1075.4,1077.3,1070.0,1075.6,33404,0
2026-08-05T10:45:00+05:30,1076.1,1078.2,1071.0,1073.1,18048,0
2026-08-05T11:00:00+05:30,1073.1,1074.3,1063.7,1065.4,48294,0
2026-08-05T11:15:00+05:30,1065.8,1066.4,1060.0,1062.8,35376,0
2026-08-05T11:30:00+05:30,1062.8,1064.9,1055.8,1056.7,40327,0
2026-08-05T11:45:00+05:30,1056.5,1061.2,1054.1,1059.6,35557,0
2026-08-05T12:00:00+05:30,1059.4,1062.0,1058.3,1058.6,16403,0
2026-08-05T12:15:00+05:30,1058.7,1066.5,1058.6,1061.6,23917,0
2026-08-05T12:30:00+05:30,1061.6,1062.8,1060.0,1061.4,8216,0
2026-08-05T12:45:00+05:30,1061.2,1062.5,1060.0,1061.7,11759,0
2026-08-05T13:00:00+05:30,1062.0,1065.8,1061.7,1062.3,10509,0
2026-08-05T13:15:00+05:30,1062.2,1065.5,1060.3,1063.6,11600,0
2026-08-05T13:30:00+05:30,1063.5,1064.6,1060.0,1061.0,7606,0
2026-08-05T13:45:00+05:30,1061.0,1062.0,1060.0,1060.0,5887,0
2026-08-05T14:00:00+05:30,1060.0,1061.5,1056.0,1058.6,28644,0
2026-08-05T14:15:00+05:30,1059.0,1059.0,1052.0,1055.1,28957,0
2026-08-05T14:30:00+05:30,1054.5,1060.6,1053.4,1060.4,36269,0
2026-08-05T14:45:00+05:30,1060.0,1061.6,1051.6,1056.0,38976,0
2026-08-05T15:00:00+05:30,1056.0,1056.5,1041.1,1045.0,95429,0
2026-08-05T15:15:00+05:30,1045.0,1050.0,1042.0,1049.0,61570,0
2026-08-06T09:15:00+05:30,1050.0,1058.9,1042.5,1052.1,67431,0
2026-08-06T09:30:00+05:30,1052.5,1054.1,1044.0,1047.5,13887,0
2026-08-06T09:45:00+05:30,1048.5,1051.2,1043.0,1049.1,9361,0
2026-08-06T10:00:00+05:30,1049.1,1054.0,1047.0,1053.4,7323,0
2026-08-06T10:15:00+05:30,1052.2,1054.0,1048.0,1048.7,6710,0
2026-08-06T10:30:00+05:30,1049.1,1049.9,1047.8,1048.4,1929,0
2026-08-06T10:45:00+05:30,1048.4,1049.7,1047.0,1048.7,3292,0
2026-08-06T11:00:00+05:30,1048.6,1050.9,1047.1,1047.8,3541,0
2026-08-06T11:15:00+05:30,1048.1,1050.4,1047.4,1048.0,2404,0
2026-08-06T11:30:00+05:30,1048.5,1050.9,1046.5,1048.3,4877,0
2026-08-06T11:45:00+05:30,1047.3,1058.0,1046.4,1055.2,11252,0
2026-08-06T12:00:00+05:30,1055.3,1059.2,1054.0,1055.7,6639,0
2026-08-06T12:15:00+05:30,1055.5,1071.4,1055.0,1069.2,31596,0
2026-08-06T12:30:00+05:30,1069.9,1076.0,1064.0,1067.4,34575,0
2026-08-06T12:45:00+05:30,1067.4,1074.9,1060.7,1061.1,15815,0
2026-08-06T13:00:00+05:30,1061.8,1062.5,1058.2,1060.9,4652,0
2026-08-06T13:15:00+05:30,1060.8,1063.0,1056.5,1056.5,2980,0
2026-08-06T13:30:00+05:30,1056.7,1061.9,1056.3,1059.0,3922,0
2026-08-06T13:45:00+05:30,1059.0,1067.9,1058.0,1065.8,7097,0
2026-08-06T14:00:00+05:30,1065.3,1067.0,1062.3,1063.0,2532,0
2026-08-06T14:15:00+05:30,1063.5,1068.9,1062.7,1065.3,7890,0
2026-08-06T14:30:00+05:30,1065.1,1066.9,1062.1,1063.1,3802,0
2026-08-06T14:45:00+05:30,1064.0,1071.5,1064.0,1067.5,18489,0
2026-08-06T15:00:00+05:30,1067.5,1071.9,1066.3,1070.0,23295,0
2026-08-06T15:15:00+05:30,1070.0,1074.7,1069.0,1070.0,21349,0
2026-08-07T09:15:00+05:30,1075.0,1075.0,1055.0,1055.6,24384,0
2026-08-07T09:30:00+05:30,1056.3,1062.3,1053.0,1054.3,10621,0
2026-08-07T09:45:00+05:30,1053.7,1055.8,1052.2,1053.0,5771,0
2026-08-07T10:00:00+05:30,1053.9,1054.4,1050.8,1052.7,4122,0
2026-08-07T10:15:00+05:30,1052.7,1053.4,1049.3,1050.5,6366,0
2026-08-07T10:30:00+05:30,1050.3,1052.6,1050.3,1051.0,2555,0
2026-08-07T10:45:00+05:30,1051.3,1053.4,1051.0,1053.0,2813,0
2026-08-07T11:00:00+05:30,1053.0,1053.0,1050.1,1050.6,1636,0
2026-08-07T11:15:00+05:30,1050.1,1052.7,1050.1,1052.2,1421,0
2026-08-07T11:30:00+05:30,1052.3,1052.8,1050.7,1052.5,3156,0
2026-08-07T11:45:00+05:30,1051.9,1053.2,1051.0,1051.0,1496,0
2026-08-07T12:00:00+05:30,1051.0,1057.9,1050.1,1053.3,9167,0
2026-08-07T12:15:00+05:30,1053.8,1053.8,1050.0,1052.0,4061,0
2026-08-07T12:30:00+05:30,1052.0,1052.5,1046.0,1048.9,3661,0
2026-08-07T12:45:00+05:30,1048.8,1048.8,1044.0,1047.3,13824,0
2026-08-07T13:00:00+05:30,1046.2,1050.3,1046.2,1047.4,2550,0
2026-08-07T13:15:00+05:30,1047.4,1048.8,1043.1,1044.5,6541,0
2026-08-07T13:30:00+05:30,1046.0,1046.0,1044.4,1045.0,1378,0
2026-08-07T13:45:00+05:30,1045.0,1045.2,1031.1,1042.3,26987,0
2026-08-07T14:00:00+05:30,1042.0,1042.3,1035.0,1037.7,7537,0
2026-08-07T14:15:00+05:30,1036.5,1036.5,1021.7,1022.0,25858,0
2026-08-07T14:30:00+05:30,1022.0,1024.4,1014.2,1019.3,26241,0
2026-08-07T14:45:00+05:30,1018.9,1020.0,1015.1,1018.7,14300,0
2026-08-07T15:00:00+05:30,1018.0,1019.5,1011.1,1017.8,30853,0
2026-08-07T15:15:00+05:30,1016.4,1018.0,1010.2,1016.7,40866,0
2026-08-10T09:15:00+05:30,1020.0,1022.4,1005.0,1007.0,32660,0
2026-08-10T09:30:00+05:30,1006.7,1007.7,998.7,1004.0,25374,0
2026-08-10T09:45:00+05:30,1004.3,1006.1,1000.0,1003.7,13077,0
2026-08-10T10:00:00+05:30,1003.5,1007.6,1002.2,1007.0,3152,0
2026-08-10T10:15:00+05:30,1006.8,1019.0,1006.8,1017.6,14731,0
2026-08-10T10:30:00+05:30,1017.5,1018.2,1007.1,1008.8,5198,0
2026-08-10T10:45:00+05:30,1008.6,1011.9,997.4,998.3,21453,0
2026-08-10T11:00:00+05:30,998.0,1002.0,998.0,1001.9,14444,0
2026-08-10T11:15:00+05:30,1001.9,1002.0,998.0,998.9,11004,0
2026-08-10T11:30:00+05:30,999.3,1001.9,998.2,1000.9,5673,0
2026-08-10T11:45:00+05:30,1000.9,1001.9,999.0,1000.0,3014,0
2026-08-10T12:00:00+05:30,1000.0,1000.0,998.0,999.5,3191,0
2026-08-10T12:15:00+05:30,999.4,1000.5,995.0,998.0,15246,0
2026-08-10T12:30:00+05:30,998.1,998.5,996.0,996.9,7206,0
2026-08-10T12:45:00+05:30,996.9,997.5,995.0,995.8,4084,0
2026-08-10T13:00:00+05:30,995.8,997.0,994.1,995.8,5865,0
2026-08-10T13:15:00+05:30,995.8,996.0,988.5,992.0,19401,0
2026-08-10T13:30:00+05:30,992.4,993.2,990.8,992.7,2603,0
2026-08-10T13:45:00+05:30,992.7,993.0,990.0,990.9,4347,0
2026-08-10T14:00:00+05:30,990.9,990.9,986.1,988.8,8734,0
2026-08-10T14:15:00+05:30,989.0,990.8,985.1,988.3,11091,0
2026-08-10T14:30:00+05:30,988.4,989.5,987.2,988.9,3049,0
2026-08-10T14:45:00+05:30,988.9,989.0,979.6,983.9,27409,0
2026-08-10T15:00:00+05:30,983.8,988.4,980.0,988.4,30588,0
2026-08-10T15:15:00+05:30,987.3,989.8,985.4,989.8,9636,0
2026-08-11T09:15:00+05:30,999.2,999.2,979.3,993.5,37420,0
2026-08-11T09:30:00+05:30,993.2,997.5,991.1,993.9,14979,0
2026-08-11T09:45:00+05:30,993.1,997.5,991.5,996.4,5897,0
2026-08-11T10:00:00+05:30,996.4,996.6,993.2,993.5,2725,0
2026-08-11T10:15:00+05:30,993.4,994.5,990.1,993.0,2430,0
2026-08-11T10:30:00+05:30,993.0,995.0,992.3,994.3,3725,0
2026-08-11T10:45:00+05:30,994.3,994.6,993.4,993.5,1283,0
2026-08-11T11:00:00+05:30,993.4,993.6,990.9,991.2,2349,0
2026-08-11T11:15:00+05:30,992.0,993.6,991.3,992.3,2589,0
2026-08-11T11:30:00+05:30,992.0,993.5,991.6,992.7,1311,0
2026-08-11T11:45:00+05:30,992.7,999.8,988.8,997.0,12672,0
2026-08-11T12:00:00+05:30,997.2,1003.0,996.5,1000.5,19649,0
2026-08-11T12:15:00+05:30,1000.6,1004.0,1000.0,1002.9,9640,0
2026-08-11T12:30:00+05:30,1003.1,1007.0,1002.9,1003.9,15920,0
2026-08-11T12:45:00+05:30,1003.1,1007.0,1002.9,1004.6,4692,0
2026-08-11T13:00:00+05:30,1004.4,1006.1,1003.5,1005.9,1676,0
2026-08-11T13:15:00+05:30,1005.3,1007.0,1004.9,1005.0,4416,0
2026-08-11T13:30:00+05:30,1005.0,1005.7,1003.0,1003.9,2227,0
2026-08-11T13:45:00+05:30,1004.3,1009.4,1004.0,1004.7,9544,0
2026-08-11T14:00:00+05:30,1004.4,1014.0,1004.4,1012.3,13171,0
2026-08-11T14:15:00+05:30,1013.0,1015.0,1005.6,1012.9,25286,0
2026-08-11T14:30:00+05:30,1012.9,1015.0,1010.6,1014.5,14372,0
2026-08-11T14:45:00+05:30,1014.6,1015.0,1012.8,1014.8,7003,0
2026-08-11T15:00:00+05:30,1014.4,1014.8,1010.4,1012.8,13996,0
2026-08-11T15:15:00+05:30,1012.1,1015.0,1010.0,1014.0,13100,0
2026-08-12T09:15:00+05:30,1018.3,1020.1,991.7,999.0,26204,0
2026-08-12T09:30:00+05:30,998.9,998.9,991.1,993.0,13380,0
2026-08-12T09:45:00+05:30,993.0,993.8,986.6,992.2,20391,0
2026-08-12T10:00:00+05:30,992.4,993.9,991.1,992.1,4832,0
2026-08-12T10:15:00+05:30,992.1,995.8,991.9,993.8,3098,0
2026-08-12T10:30:00+05:30,994.3,999.9,994.3,998.0,8242,0
2026-08-12T10:45:00+05:30,998.9,998.9,994.5,994.5,4936,0
2026-08-12T11:00:00+05:30,995.9,996.3,993.6,995.6,1941,0
2026-08-12T11:15:00+05:30,995.6,998.9,994.8,997.2,1353,0
2026-08-12T11:30:00+05:30,997.2,999.1,997.0,998.6,1437,0
2026-08-12T11:45:00+05:30,998.6,999.9,995.3,995.3,1573,0
2026-08-12T12:00:00+05:30,994.1,996.0,994.1,995.4,2325,0
2026-08-12T12:15:00+05:30,996.4,998.1,996.4,997.3,1889,0
2026-08-12T12:30:00+05:30,997.3,1000.7,996.1,999.2,8345,0
2026-08-12T12:45:00+05:30,995.0,1001.6,993.0,993.7,19364,0
2026-08-12T13:00:00+05:30,993.5,994.8,992.0,993.3,2289,0
2026-08-12T13:15:00+05:30,993.3,995.8,993.3,994.4,908,0
2026-08-12T13:30:00+05:30,994.4,996.2,993.9,995.1,1331,0
2026-08-12T13:45:00+05:30,995.0,995.1,993.9,994.3,1127,0
2026-08-12T14:00:00+05:30,996.0,996.0,994.0,994.2,1597,0
2026-08-12T14:15:00+05:30,995.4,998.1,994.3,998.0,2523,0
2026-08-12T14:30:00+05:30,998.7,1008.0,998.7,1008.0,9939,0
2026-08-12T14:45:00+05:30,1006.7,1007.8,1001.7,1001.9,9636,0
2026-08-12T15:00:00+05:30,1003.0,1003.0,993.4,996.9,8560,0
2026-08-12T15:15:00+05:30,996.2,997.0,995.0,995.0,7796,0
2026-08-13T09:15:00+05:30,996.2,1013.8,992.5,1007.3,20406,0
2026-08-13T09:30:00+05:30,1008.0,1009.2,990.5,993.2,22764,0
2026-08-13T09:45:00+05:30,993.1,994.5,990.1,993.0,5486,0
2026-08-13T10:00:00+05:30,992.0,992.6,990.5,992.2,2034,0
2026-08-13T10:15:00+05:30,992.5,993.1,988.8,991.0,6000,0
2026-08-13T10:30:00+05:30,990.5,994.9,990.5,992.7,4535,0
2026-08-13T10:45:00+05:30,993.1,997.0,992.4,994.0,4739,0
2026-08-13T11:00:00+05:30,994.0,994.7,992.1,993.1,1381,0
2026-08-13T11:15:00+05:30,993.0,995.5,993.0,994.6,661,0
2026-08-13T11:30:00+05:30,995.0,997.0,995.0,995.2,1396,0
2026-08-13T11:45:00+05:30,995.2,998.0,995.2,996.5,2184,0
2026-08-13T12:00:00+05:30,996.5,998.0,995.2,995.2,2201,0
2026-08-13T12:15:00+05:30,995.2,997.7,995.0,996.1,1801,0
2026-08-13T12:30:00+05:30,996.6,997.9,991.0,993.7,6286,0
2026-08-13T12:45:00+05:30,992.7,994.3,992.2,994.0,716,0
2026-08-13T13:00:00+05:30,993.1,994.4,992.4,993.0,849,0
2026-08-13T13:15:00+05:30,993.0,994.4,991.8,993.3,1660,0
2026-08-13T13:30:00+05:30,993.3,995.2,993.2,994.5,826,0
2026-08-13T13:45:00+05:30,994.5,997.1,994.0,994.2,2525,0
2026-08-13T14:00:00+05:30,994.6,996.0,993.4,994.3,1294,0
2026-08-13T14:15:00+05:30,994.3,996.2,993.6,993.6,628,0
2026-08-13T14:30:00+05:30,994.7,995.0,993.6,994.1,1366,0
2026-08-13T14:45:00+05:30,994.8,996.0,993.6,994.5,4837,0
2026-08-13T15:00:00+05:30,994.5,996.0,993.0,993.3,6437,0
2026-08-13T15:15:00+05:30,993.1,995.6,992.5,994.8,8777,0
2026-08-14T09:15:00+05:30,993.7,999.0,991.2,993.3,12059,0
2026-08-14T09:30:00+05:30,993.2,997.9,991.2,991.7,8871,0
2026-08-14T09:45:00+05:30,991.9,993.1,990.3,991.0,3063,0
2026-08-14T10:00:00+05:30,991.1,993.1,990.5,992.5,1656,0
2026-08-14T10:15:00+05:30,992.5,993.0,991.8,992.6,1179,0
2026-08-14T10:30:00+05:30,992.4,992.5,990.0,991.9,2308,0
2026-08-14T10:45:00+05:30,992.0,992.0,991.0,991.0,363,0
2026-08-14T11:00:00+05:30,991.0,992.0,990.9,991.9,795,0
2026-08-14T11:15:00+05:30,991.9,992.4,990.6,992.4,814,0
2026-08-14T11:30:00+05:30,992.2,992.6,991.1,991.7,1387,0
2026-08-14T11:45:00+05:30,992.6,996.0,991.3,996.0,3396,0
2026-08-14T12:00:00+05:30,995.4,996.9,994.7,996.0,1616,0
2026-08-14T12:15:00+05:30,995.9,996.8,994.8,995.6,2335,0
2026-08-14T12:30:00+05:30,996.3,997.0,991.5,994.0,5223,0
2026-08-14T12:45:00+05:30,994.0,995.1,992.5,995.1,1009,0
2026-08-14T13:00:00+05:30,995.0,995.3,992.6,994.2,1008,0
2026-08-14T13:15:00+05:30,994.2,995.0,993.2,993.5,265,0
2026-08-14T13:30:00+05:30,993.5,994.8,993.2,994.0,382,0
2026-08-14T13:45:00+05:30,994.0,994.7,992.3,993.4,846,0
2026-08-14T14:00:00+05:30,993.4,994.0,992.1,993.1,1008,0
2026-08-14T14:15:00+05:30,992.8,993.7,990.3,991.0,2921,0
2026-08-14T14:30:00+05:30,991.0,993.7,990.3,993.7,2965,0
2026-08-14T14:45:00+05:30,993.7,994.7,990.7,993.3,1402,0
2026-08-14T15:00:00+05:30,993.3,993.8,988.0,991.0,7642,0
2026-08-14T15:15:00+05:30,990.0,991.0,985.0,985.0,5232,0
2026-08-17T09:15:00+05:30,990.0,990.2,980.0,980.6,13467,0
2026-08-17T09:30:00+05:30,980.5,986.1,980.5,983.3,8126,0
2026-08-17T09:45:00+05:30,983.1,983.9,982.0,982.0,2750,0
2026-08-17T10:00:00+05:30,982.0,987.1,982.0,985.1,5052,0
2026-08-17T10:15:00+05:30,985.5,986.4,984.6,985.0,1387,0
2026-08-17T10:30:00+05:30,985.0,986.1,984.6,985.1,1036,0
2026-08-17T10:45:00+05:30,985.1,986.2,984.6,985.0,650,0
2026-08-17T11:00:00+05:30,985.0,986.5,984.5,984.7,982,0
2026-08-17T11:15:00+05:30,984.7,988.0,982.9,985.2,7977,0
2026-08-17T11:30:00+05:30,985.0,995.0,985.0,990.0,5161,0
2026-08-17T11:45:00+05:30,990.0,993.9,989.4,991.5,2337,0
2026-08-17T12:00:00+05:30,991.5,992.8,990.1,992.1,2463,0
2026-08-17T12:15:00+05:30,992.2,994.6,991.7,993.6,2294,0
2026-08-17T12:30:00+05:30,993.5,994.5,990.7,990.8,3319,0
2026-08-17T12:45:00+05:30,990.8,991.4,988.9,989.8,946,0
2026-08-17T13:00:00+05:30,988.9,990.9,988.8,989.4,635,0
2026-08-17T13:15:00+05:30,990.0,990.8,988.6,989.0,5323,0
2026-08-17T13:30:00+05:30,989.0,990.0,989.0,989.0,892,0
2026-08-17T13:45:00+05:30,989.0,997.8,989.0,993.0,18282,0
2026-08-17T14:00:00+05:30,993.0,993.1,990.9,991.8,2435,0
2026-08-17T14:15:00+05:30,991.7,992.3,990.0,990.8,2859,0
2026-08-17T14:30:00+05:30,990.7,992.4,990.3,991.5,1051,0
2026-08-17T14:45:00+05:30,991.9,993.0,991.4,991.5,2704,0
2026-08-17T15:00:00+05:30,992.0,992.0,991.5,991.5,8381,0
2026-08-17T15:15:00+05:30,991.8,995.0,991.6,992.6,7789,0
2026-08-18T09:15:00+05:30,991.9,993.2,985.2,988.6,5897,0
2026-08-18T09:30:00+05:30,987.9,989.5,986.3,988.2,2243,0
2026-08-18T09:45:00+05:30,988.2,992.0,988.2,991.0,1307,0
2026-08-18T10:00:00+05:30,990.9,1003.0,990.7,1002.0,20785,0
2026-08-18T10:15:00+05:30,1002.0,1009.9,1000.3,1006.4,34730,0
2026-08-18T10:30:00+05:30,1007.0,1013.3,1007.0,1010.5,17661,0
2026-08-18T10:45:00+05:30,1010.9,1015.0,1009.3,1011.1,13329,0
2026-08-18T11:00:00+05:30,1010.5,1013.5,1009.1,1012.1,4587,0
2026-08-18T11:15:00+05:30,1012.1,1012.3,1009.1,1010.8,3937,0
2026-08-18T11:30:00+05:30,1011.0,1019.0,1009.0,1016.3,20769,0
2026-08-18T11:45:00+05:30,1016.6,1018.2,1009.6,1010.7,9874,0
2026-08-18T12:00:00+05:30,1010.7,1014.9,1008.1,1012.5,4023,0
2026-08-18T12:15:00+05:30,1012.5,1013.5,1009.2,1009.2,3295,0
2026-08-18T12:30:00+05:30,1009.2,1012.4,1009.2,1010.6,2889,0
2026-08-18T12:45:00+05:30,1010.6,1011.0,1006.5,1008.4,5390,0
2026-08-18T13:00:00+05:30,1009.0,1011.5,1007.6,1011.0,2280,0
2026-08-18T13:15:00+05:30,1011.9,1012.5,1010.0,1011.4,1616,0
2026-08-18T13:30:00+05:30,1011.4,1012.2,1008.1,1010.2,3362,0
2026-08-18T13:45:00+05:30,1010.9,1012.9,1010.4,1010.6,3015,0
2026-08-18T14:00:00+05:30,1010.5,1010.9,1008.5,1008.9,652,0
2026-08-18T14:15:00+05:30,1008.9,1011.9,1008.8,1009.2,3613,0
2026-08-18T14:30:00+05:30,1009.7,1011.0,1009.0,1010.2,1650,0
2026-08-18T14:45:00+05:30,1010.2,1015.6,1010.0,1013.5,5884,0
2026-08-18T15:00:00+05:30,1013.9,1014.8,1008.4,1012.4,10377,0
2026-08-18T15:15:00+05:30,1013.0,1014.7,1010.7,1010.7,5413,0
2026-08-19T09:15:00+05:30,1012.4,1012.6,1003.0,1003.0,7789,0
2026-08-19T09:30:00+05:30,1003.9,1003.9,999.1,1000.0,4324,0
2026-08-19T09:45:00+05:30,1000.2,1007.3,999.2,1002.8,7274,0
2026-08-19T10:00:00+05:30,1003.6,1008.8,1003.6,1005.1,5490,0
2026-08-19T10:15:00+05:30,1005.4,1009.8,1003.3,1007.6,6092,0
2026-08-19T10:30:00+05:30,1008.0,1008.8,1005.0,1005.4,4557,0
2026-08-19T10:45:00+05:30,1005.4,1006.7,1005.0,1005.0,943,0
2026-08-19T11:00:00+05:30,1005.0,1006.0,1001.4,1001.7,3605,0
2026-08-19T11:15:00+05:30,1001.7,1004.7,1001.4,1003.0,3363,0
2026-08-19T11:30:00+05:30,1003.0,1003.2,1001.3,1002.4,729,0
2026-08-19T11:45:00+05:30,1002.4,1003.3,1001.8,1002.1,232,0
2026-08-19T12:00:00+05:30,1002.1,1003.2,1002.0,1002.0,471,0
2026-08-19T12:15:00+05:30,1002.4,1004.0,1002.3,1002.4,752,0
2026-08-19T12:30:00+05:30,1003.1,1007.1,1001.9,1006.2,3364,0
2026-08-19T12:45:00+05:30,1006.2,1006.9,1004.1,1006.3,1093,0
2026-08-19T13:00:00+05:30,1006.2,1007.0,1004.5,1004.6,463,0
2026-08-19T13:15:00+05:30,1005.1,1005.1,1003.0,1004.2,3950,0
2026-08-19T13:30:00+05:30,1004.1,1006.3,1003.0,1004.9,1824,0
2026-08-19T13:45:00+05:30,1004.8,1004.8,1003.3,1003.3,432,0
2026-08-19T14:00:00+05:30,1004.6,1009.3,1003.2,1006.9,4923,0
2026-08-19T14:15:00+05:30,1007.5,1007.8,1005.4,1007.8,2709,0
2026-08-19T14:30:00+05:30,1007.8,1008.9,1007.1,1008.5,860,0
2026-08-19T14:45:00+05:30,1008.4,1010.5,1006.5,1008.9,3953,0
2026-08-19T15:00:00+05:30,1008.6,1010.6,1003.0,1004.5,5378,0
2026-08-19T15:15:00+05:30,1005.2,1008.1,1003.4,1007.1,2466,0
2026-08-20T09:15:00+05:30,1010.0,1014.9,1009.8,1011.0,4182,0
2026-08-20T09:30:00+05:30,1012.0,1014.8,1011.0,1014.1,4143,0
2026-08-20T09:45:00+05:30,1014.1,1015.0,1013.0,1014.5,3262,0
2026-08-20T10:00:00+05:30,1014.4,1016.0,1013.0,1013.4,3949,0
2026-08-20T10:15:00+05:30,1013.4,1014.6,1012.1,1013.1,1235,0
2026-08-20T10:30:00+05:30,1012.5,1013.8,1011.4,1012.6,1562,0
2026-08-20T10:45:00+05:30,1013.0,1013.0,1011.6,1012.0,910,0
2026-08-20T11:00:00+05:30,1012.5,1012.5,1011.5,1012.4,328,0
2026-08-20T11:15:00+05:30,1011.7,1014.3,1010.8,1013.0,3059,0
2026-08-20T11:30:00+05:30,1013.1,1013.9,1011.5,1012.0,339,0
2026-08-20T11:45:00+05:30,1012.0,1013.8,1011.1,1012.6,658,0
2026-08-20T12:00:00+05:30,1013.0,1013.0,1011.1,1011.7,1092,0
2026-08-20T12:15:00+05:30,1011.7,1012.7,1010.2,1012.3,1311,0
2026-08-20T12:30:00+05:30,1012.3,1015.0,1010.0,1013.5,4183,0
2026-08-20T12:45:00+05:30,1014.0,1021.1,1013.3,1015.5,6306,0
2026-08-20T13:00:00+05:30,1015.7,1016.2,1014.6,1014.6,1035,0
2026-08-20T13:15:00+05:30,1015.0,1016.7,1014.2,1015.5,1796,0
2026-08-20T13:30:00+05:30,1016.1,1016.8,1014.8,1014.9,607,0
2026-08-20T13:45:00+05:30,1014.9,1016.3,1012.2,1013.8,1284,0
2026-08-20T14:00:00+05:30,1014.0,1015.3,1013.0,1015.2,2505,0
2026-08-20T14:15:00+05:30,1014.4,1014.9,1013.5,1013.6,1219,0
2026-08-20T14:30:00+05:30,1014.3,1016.0,1012.8,1013.5,3266,0
2026-08-20T14:45:00+05:30,1013.7,1013.9,1011.0,1013.7,6489,0
2026-08-20T15:00:00+05:30,1013.5,1014.4,1002.1,1004.3,7546,0
2026-08-20T15:15:00+05:30,1004.7,1008.0,1001.0,1006.0,4893,0
2026-08-21T09:15:00+05:30,1004.1,1004.1,992.1,996.4,10018,0
2026-08-21T09:30:00+05:30,996.9,998.5,995.1,997.5,1826,0
2026-08-21T09:45:00+05:30,997.6,1009.8,997.6,1006.0,8893,0
2026-08-21T10:00:00+05:30,1006.0,1008.0,1003.4,1007.1,2810,0
2026-08-21T10:15:00+05:30,1007.1,1007.1,1004.0,1004.2,2603,0
2026-08-21T10:30:00+05:30,1005.0,1005.0,1001.2,1002.7,819,0
2026-08-21T10:45:00+05:30,1002.6,1002.9,999.0,999.0,2751,0
2026-08-21T11:00:00+05:30,999.6,1000.9,997.2,997.6,3205,0
2026-08-21T11:15:00+05:30,997.5,998.8,996.6,997.5,1852,0
2026-08-21T11:30:00+05:30,997.5,999.5,996.1,998.0,1707,0
2026-08-21T11:45:00+05:30,998.0,999.2,997.1,998.0,708,0
2026-08-21T12:00:00+05:30,998.0,1002.0,997.2,998.0,5534,0
2026-08-21T12:15:00+05:30,998.1,1000.3,998.0,999.4,415,0
2026-08-21T12:30:00+05:30,999.3,1001.0,999.3,1000.0,345,0
2026-08-21T12:45:00+05:30,1000.7,1000.8,999.2,999.4,984,0
2026-08-21T13:00:00+05:30,999.4,1000.0,998.0,998.4,335,0
2026-08-21T13:15:00+05:30,998.4,999.3,997.0,997.0,800,0
2026-08-21T13:30:00+05:30,997.2,997.6,994.7,995.4,2675,0
2026-08-21T13:45:00+05:30,995.4,996.2,994.5,995.6,779,0
2026-08-21T14:00:00+05:30,996.2,998.1,993.1,993.4,4149,0
2026-08-21T14:15:00+05:30,993.4,993.4,978.7,982.2,27783,0
2026-08-21T14:30:00+05:30,982.7,985.1,981.0,984.6,6655,0
2026-08-21T14:45:00+05:30,984.7,987.5,983.6,984.5,5515,0
2026-08-21T15:00:00+05:30,984.5,986.8,981.0,983.7,10711,0
2026-08-21T15:15:00+05:30,983.2,990.0,982.4,990.0,8219,0
2026-08-24T09:15:00+05:30,992.7,1008.9,984.0,999.0,41199,0
2026-08-24T09:30:00+05:30,998.6,1001.9,995.0,997.0,8389,0
2026-08-24T09:45:00+05:30,996.0,997.3,989.1,991.6,9655,0
2026-08-24T10:00:00+05:30,991.5,991.6,980.4,984.4,15908,0
2026-08-24T10:15:00+05:30,984.8,986.3,980.5,984.0,15413,0
2026-08-24T10:30:00+05:30,984.1,986.4,982.6,983.9,8895,0
2026-08-24T10:45:00+05:30,983.9,984.6,973.7,974.5,16588,0
2026-08-24T11:00:00+05:30,974.4,975.9,973.1,974.6,5911,0
2026-08-24T11:15:00+05:30,974.6,975.5,970.6,972.3,3871,0
2026-08-24T11:30:00+05:30,972.1,972.8,967.5,970.8,6609,0
2026-08-24T11:45:00+05:30,970.9,973.4,969.8,971.0,3623,0
2026-08-24T12:00:00+05:30,971.8,974.1,970.4,972.4,2455,0
2026-08-24T12:15:00+05:30,972.4,973.1,971.4,972.5,1340,0
2026-08-24T12:30:00+05:30,972.3,973.2,971.4,971.8,2302,0
2026-08-24T12:45:00+05:30,972.5,972.6,969.1,969.6,1746,0
2026-08-24T13:00:00+05:30,969.6,971.8,968.4,970.7,5295,0
2026-08-24T13:15:00+05:30,970.2,974.4,969.7,974.3,4900,0
2026-08-24T13:30:00+05:30,974.3,978.4,973.8,977.9,3856,0
2026-08-24T13:45:00+05:30,977.5,977.9,973.8,976.0,3760,0
2026-08-24T14:00:00+05:30,976.2,977.7,975.0,975.5,1194,0
2026-08-24T14:15:00+05:30,975.5,975.6,973.9,974.7,2474,0
2026-08-24T14:30:00+05:30,974.2,975.0,974.0,974.6,1063,0
2026-08-24T14:45:00+05:30,974.6,974.9,969.4,971.2,7425,0
2026-08-24T15:00:00+05:30,971.3,971.5,955.1,958.1,34455,0
2026-08-24T15:15:00+05:30,958.2,965.8,956.2,964.5,17886,0
2026-08-25T09:15:00+05:30,966.9,970.6,960.6,963.0,16041,0
2026-08-25T09:30:00+05:30,962.9,966.5,962.6,962.9,5538,0
2026-08-25T09:45:00+05:30,963.5,964.9,961.3,963.0,2150,0
2026-08-25T10:00:00+05:30,963.0,967.0,962.8,964.5,3572,0
2026-08-25T10:15:00+05:30,964.6,965.7,963.2,963.9,1005,0
2026-08-25T10:30:00+05:30,964.4,965.0,963.4,963.9,571,0
2026-08-25T10:45:00+05:30,963.9,971.9,962.1,966.2,8498,0
2026-08-25T11:00:00+05:30,965.7,967.0,965.6,967.0,730,0
2026-08-25T11:15:00+05:30,966.4,967.0,965.4,965.5,578,0
2026-08-25T11:30:00+05:30,965.5,967.0,964.7,967.0,1501,0
2026-08-25T11:45:00+05:30,966.7,969.9,956.2,956.2,9327,0
2026-08-25T12:00:00+05:30,957.0,960.7,955.0,959.1,6712,0
2026-08-25T12:15:00+05:30,958.7,959.9,957.2,958.0,3754,0
2026-08-25T12:30:00+05:30,958.3,960.5,957.0,958.7,4174,0
2026-08-25T12:45:00+05:30,959.2,959.9,957.4,958.5,1936,0
2026-08-25T13:00:00+05:30,958.7,969.4,957.7,959.1,9310,0
2026-08-25T13:15:00+05:30,959.4,961.2,957.1,958.9,6055,0
2026-08-25T13:30:00+05:30,958.7,958.9,957.6,958.9,1952,0
2026-08-25T13:45:00+05:30,958.9,960.2,957.9,959.8,3361,0
2026-08-25T14:00:00+05:30,959.5,959.7,955.0,959.0,21679,0
2026-08-25T14:15:00+05:30,958.9,963.6,958.8,963.5,1573,0
2026-08-25T14:30:00+05:30,963.5,964.3,958.6,960.5,3008,0
2026-08-25T14:45:00+05:30,960.7,966.6,958.4,965.3,4557,0
2026-08-25T15:00:00+05:30,965.2,966.4,961.8,963.9,6557,0
2026-08-25T15:15:00+05:30,962.7,966.4,960.8,966.0,13859,0
2026-08-26T09:15:00+05:30,970.0,982.1,964.3,978.9,26508,0
2026-08-26T09:30:00+05:30,979.5,1012.5,976.0,1010.4,91262,0
2026-08-26T09:45:00+05:30,1011.1,1014.8,999.0,1011.4,99598,0
2026-08-26T10:00:00+05:30,1011.0,1014.8,1001.1,1005.1,59427,0
2026-08-26T10:15:00+05:30,1005.8,1025.0,1000.1,1006.4,151971,0
2026-08-26T10:30:00+05:30,1006.4,1012.7,1001.4,1010.8,32480,0
2026-08-26T10:45:00+05:30,1010.9,1014.4,1005.0,1006.2,27323,0
2026-08-26T11:00:00+05:30,1006.0,1008.4,1000.3,1004.5,21629,0
2026-08-26T11:15:00+05:30,1004.5,1004.5,1001.5,1003.7,4668,0
2026-08-26T11:30:00+05:30,1003.8,1005.0,998.4,1001.6,21984,0
2026-08-26T11:45:00+05:30,1001.0,1002.3,999.1,1001.3,5227,0
2026-08-26T12:00:00+05:30,1001.4,1010.6,1000.9,1007.1,12669,0
2026-08-26T12:15:00+05:30,1006.2,1013.5,1005.6,1012.3,16912,0
2026-08-26T12:30:00+05:30,1011.8,1022.0,1011.8,1021.0,39060,0
2026-08-26T12:45:00+05:30,1021.5,1021.5,1015.3,1018.1,18892,0
2026-08-26T13:00:00+05:30,1018.0,1029.0,1012.2,1012.8,51192,0
2026-08-26T13:15:00+05:30,1012.3,1015.4,1010.1,1013.2,17022,0
2026-08-26T13:30:00+05:30,1013.8,1015.6,1011.1,1013.2,6114,0
2026-08-26T13:45:00+05:30,1013.1,1013.2,1010.0,1012.2,7784,0
2026-08-26T14:00:00+05:30,1012.1,1015.1,1011.7,1013.7,4249,0
2026-08-26T14:15:00+05:30,1013.5,1015.5,1010.7,1014.9,9667,0
2026-08-26T14:30:00+05:30,1015.4,1016.7,1012.6,1013.6,6788,0
2026-08-26T14:45:00+05:30,1014.0,1015.5,1012.8,1012.8,6252,0
2026-08-26T15:00:00+05:30,1012.8,1018.2,1004.1,1006.4,31281,0
2026-08-26T15:15:00+05:30,1007.0,1011.0,1001.1,1006.2,28915,0
2026-08-27T09:15:00+05:30,1010.0,1017.0,1000.6,1014.7,18296,0
2026-08-27T09:30:00+05:30,1013.6,1021.0,1010.0,1011.5,14926,0
2026-08-27T09:45:00+05:30,1011.5,1015.9,1010.0,1010.5,5882,0
2026-08-27T10:00:00+05:30,1010.6,1010.7,1005.0,1005.7,4825,0
2026-08-27T10:15:00+05:30,1005.6,1007.0,1003.9,1007.0,2790,0
2026-08-27T10:30:00+05:30,1006.4,1013.9,1003.5,1011.4,5980,0
2026-08-27T10:45:00+05:30,1011.5,1013.9,1005.8,1007.6,4466,0
2026-08-27T11:00:00+05:30,1008.1,1011.6,1006.9,1007.9,3033,0
2026-08-27T11:15:00+05:30,1008.7,1011.1,1005.1,1011.1,3044,0
2026-08-27T11:30:00+05:30,1011.1,1011.9,1010.2,1011.8,693,0
2026-08-27T11:45:00+05:30,1011.8,1015.0,1010.0,1013.9,2213,0
2026-08-27T12:00:00+05:30,1013.2,1013.8,1010.5,1010.8,1751,0
2026-08-27T12:15:00+05:30,1010.8,1010.8,1007.8,1008.0,2099,0
2026-08-27T12:30:00+05:30,1007.1,1008.8,1006.6,1008.8,1729,0
2026-08-27T12:45:00+05:30,1007.7,1009.4,1006.3,1008.5,1967,0
2026-08-27T13:00:00+05:30,1009.5,1010.7,1008.6,1010.0,1340,0
2026-08-27T13:15:00+05:30,1009.6,1012.2,1007.7,1008.5,1987,0
2026-08-27T13:30:00+05:30,1008.5,1009.7,1006.7,1007.8,1180,0
2026-08-27T13:45:00+05:30,1007.8,1009.0,1004.5,1004.7,2620,0
2026-08-27T14:00:00+05:30,1005.0,1006.2,1002.8,1004.3,4270,0
2026-08-27T14:15:00+05:30,1004.6,1005.9,1003.3,1005.9,804,0
2026-08-27T14:30:00+05:30,1005.8,1005.9,1000.1,1001.4,3006,0
2026-08-27T14:45:00+05:30,1002.0,1002.0,978.0,978.7,47158,0
2026-08-27T15:00:00+05:30,978.9,981.7,975.0,978.0,18539,0
2026-08-27T15:15:00+05:30,978.0,979.0,970.0,973.0,19352,0
2026-08-28T09:15:00+05:30,981.0,989.9,976.1,987.3,27711,0
2026-08-28T09:30:00+05:30,988.8,992.9,987.5,990.6,10743,0
2026-08-28T09:45:00+05:30,989.9,991.1,986.5,987.0,2734,0
2026-08-28T10:00:00+05:30,987.7,988.9,986.6,987.9,876,0
2026-08-28T10:15:00+05:30,988.4,998.6,981.7,997.1,10778,0
2026-08-28T10:30:00+05:30,998.0,1011.0,997.3,999.7,23588,0
2026-08-28T10:45:00+05:30,999.3,1001.1,998.1,1000.0,2101,0
2026-08-28T11:00:00+05:30,1000.0,1000.0,991.1,994.6,5213,0
2026-08-28T11:15:00+05:30,994.6,994.8,984.9,986.0,9720,0
2026-08-28T11:30:00+05:30,986.0,988.3,980.0,983.1,18637,0
2026-08-28T11:45:00+05:30,983.1,983.2,978.2,978.7,6360,0
2026-08-28T12:00:00+05:30,978.7,980.6,972.9,976.5,16587,0
2026-08-28T12:15:00+05:30,976.5,978.8,975.0,978.6,2734,0
2026-08-28T12:30:00+05:30,978.5,981.5,978.0,980.5,3939,0
2026-08-28T12:45:00+05:30,980.5,981.2,978.8,979.0,958,0
2026-08-28T13:00:00+05:30,979.2,980.1,976.0,977.1,2049,0
2026-08-28T13:15:00+05:30,977.5,978.9,976.0,977.9,2978,0
2026-08-28T13:30:00+05:30,977.3,978.3,971.9,973.7,7269,0
2026-08-28T13:45:00+05:30,973.7,974.1,972.1,972.6,1865,0
2026-08-28T14:00:00+05:30,972.6,974.5,967.2,968.4,11872,0
2026-08-28T14:15:00+05:30,969.0,969.9,968.6,969.0,3341,0
2026-08-28T14:30:00+05:30,969.0,969.6,963.1,965.2,10824,0
2026-08-28T14:45:00+05:30,965.6,977.1,964.8,970.1,42059,0
2026-08-28T15:00:00+05:30,969.7,970.7,961.6,963.8,14495,0
2026-08-28T15:15:00+05:30,963.7,970.0,962.2,970.0,11190,0
2026-08-31T09:15:00+05:30,970.0,974.0,953.0,958.5,24218,0
2026-08-31T09:30:00+05:30,958.5,959.9,951.0,953.0,10769,0
2026-08-31T09:45:00+05:30,952.8,960.0,952.8,958.2,7730,0
2026-08-31T10:00:00+05:30,958.2,958.7,954.0,955.5,2158,0
2026-08-31T10:15:00+05:30,955.0,955.3,951.2,955.0,6025,0
2026-08-31T10:30:00+05:30,955.0,955.3,950.3,951.8,2931,0
2026-08-31T10:45:00+05:30,951.8,954.0,951.0,953.5,2445,0
2026-08-31T11:00:00+05:30,953.5,954.0,952.1,953.1,1295,0
2026-08-31T11:15:00+05:30,953.1,954.6,953.1,954.5,1174,0
2026-08-31T11:30:00+05:30,955.0,960.0,953.7,958.9,5724,0
2026-08-31T11:45:00+05:30,958.9,959.3,955.8,956.2,1961,0
2026-08-31T12:00:00+05:30,957.3,992.5,955.9,977.4,93778,0
2026-08-31T12:15:00+05:30,978.7,984.6,976.6,981.5,10382,0
2026-08-31T12:30:00+05:30,981.5,982.4,978.0,978.0,4688,0
2026-08-31T12:45:00+05:30,978.0,984.4,976.8,976.9,20275,0
2026-08-31T13:00:00+05:30,977.0,977.7,974.3,975.5,2514,0
2026-08-31T13:15:00+05:30,974.9,979.0,973.2,978.4,4296,0
2026-08-31T13:30:00+05:30,978.5,996.0,977.0,995.4,50754,0
2026-08-31T13:45:00+05:30,995.4,1004.3,980.0,996.7,85813,0
2026-08-31T14:00:00+05:30,996.9,1008.0,996.0,1000.0,39713,0
2026-08-31T14:15:00+05:30,1000.7,1011.1,997.1,1002.0,43768,0
2026-08-31T14:30:00+05:30,1002.7,1008.6,1000.8,1006.4,23456,0
2026-08-31T14:45:00+05:30,1006.8,1032.0,1005.6,1027.1,97644,0
2026-08-31T15:00:00+05:30,1027.1,1033.0,1000.0,1011.0,125946,0
2026-08-31T15:15:00+05:30,1009.4,1018.3,1002.4,1008.5,36594,0
2026-09-01T09:15:00+05:30,1004.7,1010.1,989.4,1000.5,20082,0
2026-09-01T09:30:00+05:30,1001.0,1004.1,998.5,1003.8,10607,0
2026-09-01T09:45:00+05:30,1004.1,1008.0,1004.1,1005.9,9313,0
2026-09-01T10:00:00+05:30,1004.7,1019.8,1000.0,1003.9,12160,0
2026-09-01T10:15:00+05:30,1003.9,1007.3,1003.8,1007.0,2044,0
2026-09-01T10:30:00+05:30,1006.9,1010.0,1004.3,1005.9,2980,0
2026-09-01T10:45:00+05:30,1005.0,1010.3,1004.6,1008.6,4296,0
2026-09-01T11:00:00+05:30,1008.7,1008.7,1006.7,1007.7,890,0
2026-09-01T11:15:00+05:30,1007.0,1010.0,1006.2,1008.1,2799,0
2026-09-01T11:30:00+05:30,1008.7,1011.8,1007.1,1007.3,1560,0
2026-09-01T11:45:00+05:30,1007.3,1007.3,1002.7,1003.6,3166,0
2026-09-01T12:00:00+05:30,1003.5,1004.3,1002.5,1002.8,929,0
2026-09-01T12:15:00+05:30,1002.0,1006.0,1001.6,1004.5,2730,0
2026-09-01T12:30:00+05:30,1004.9,1005.8,1003.4,1005.0,1014,0
2026-09-01T12:45:00+05:30,1005.2,1005.9,1002.2,1002.2,1140,0
2026-09-01T13:00:00+05:30,1002.2,1004.1,1000.1,1000.2,2603,0
2026-09-01T13:15:00+05:30,1001.1,1003.0,1000.0,1000.1,2213,0
2026-09-01T13:30:00+05:30,1001.0,1009.9,1001.0,1007.6,4100,0
2026-09-01T13:45:00+05:30,1007.5,1008.8,1001.1,1002.1,10315,0
2026-09-01T14:00:00+05:30,1002.1,1006.1,1001.1,1004.4,2560,0
2026-09-01T14:15:00+05:30,1004.4,1011.4,1002.9,1011.4,2653,0
2026-09-01T14:30:00+05:30,1011.4,1011.4,1002.0,1002.6,2511,0
2026-09-01T14:45:00+05:30,1003.3,1005.0,1002.1,1003.9,4241,0
2026-09-01T15:00:00+05:30,1004.0,1007.7,998.4,998.5,16160,0
2026-09-01T15:15:00+05:30,999.4,1001.5,991.1,995.0,8991,0
2026-09-02T09:15:00+05:30,999.8,1000.3,978.3,982.3,25371,0
2026-09-02T09:30:00+05:30,982.3,985.0,981.1,983.9,5739,0
2026-09-02T09:45:00+05:30,984.0,992.0,983.4,991.0,15524,0
2026-09-02T10:00:00+05:30,991.3,995.0,991.1,991.8,5345,0
2026-09-02T10:15:00+05:30,992.0,993.7,991.5,993.0,3152,0
2026-09-02T10:30:00+05:30,992.4,993.9,985.0,988.6,4086,0
2026-09-02T10:45:00+05:30,989.2,989.6,986.2,986.4,1576,0
2026-09-02T11:00:00+05:30,986.4,987.5,984.0,984.8,1509,0
2026-09-02T11:15:00+05:30,984.9,985.9,981.6,983.5,2640,0
2026-09-02T11:30:00+05:30,984.4,985.0,980.2,982.7,5924,0
2026-09-02T11:45:00+05:30,981.9,982.5,980.2,981.5,881,0
2026-09-02T12:00:00+05:30,981.5,984.3,981.0,983.9,1436,0
2026-09-02T12:15:00+05:30,984.2,984.7,983.2,983.7,598,0
2026-09-02T12:30:00+05:30,983.7,988.7,981.0,987.5,6469,0
2026-09-02T12:45:00+05:30,987.8,987.8,984.0,986.2,1588,0
2026-09-02T13:00:00+05:30,986.4,987.6,985.4,987.6,973,0
2026-09-02T13:15:00+05:30,987.3,989.5,987.0,988.7,2487,0
2026-09-02T13:30:00+05:30,988.7,989.9,988.0,989.2,615,0
2026-09-02T13:45:00+05:30,988.9,988.9,987.0,988.6,416,0
2026-09-02T14:00:00+05:30,987.8,987.8,985.0,986.2,3208,0
2026-09-02T14:15:00+05:30,986.0,987.0,983.5,987.0,2209,0
2026-09-02T14:30:00+05:30,987.0,987.0,985.0,985.0,1991,0
2026-09-02T14:45:00+05:30,986.2,986.5,982.9,984.0,4746,0
2026-09-02T15:00:00+05:30,983.5,985.5,980.0,982.1,7599,0
2026-09-02T15:15:00+05:30,982.0,986.0,980.1,985.0,7926,0
2026-09-03T09:15:00+05:30,992.0,998.0,983.0,984.0,21053,0
2026-09-03T09:30:00+05:30,985.1,985.1,981.0,983.0,7662,0
2026-09-03T09:45:00+05:30,983.1,984.8,981.9,983.2,2909,0
2026-09-03T10:00:00+05:30,983.3,985.0,981.6,982.2,4428,0
2026-09-03T10:15:00+05:30,982.1,983.5,981.1,982.8,1555,0
2026-09-03T10:30:00+05:30,983.5,985.0,982.2,984.3,3591,0
2026-09-03T10:45:00+05:30,984.3,987.3,983.4,985.0,2494,0
2026-09-03T11:00:00+05:30,985.0,987.0,984.3,985.0,2376,0
2026-09-03T11:15:00+05:30,985.4,987.2,983.0,987.0,4992,0
2026-09-03T11:30:00+05:30,987.0,987.1,985.4,986.7,834,0
2026-09-03T11:45:00+05:30,986.7,987.0,984.0,984.1,1624,0
2026-09-03T12:00:00+05:30,984.2,985.2,983.4,983.5,1336,0
2026-09-03T12:15:00+05:30,984.5,984.5,982.6,982.8,574,0
2026-09-03T12:30:00+05:30,982.6,983.8,963.1,970.5,31150,0
2026-09-03T12:45:00+05:30,970.4,973.9,970.4,971.6,9913,0
2026-09-03T13:00:00+05:30,971.0,971.9,970.2,970.6,1797,0
2026-09-03T13:15:00+05:30,970.6,971.8,970.3,970.3,1224,0
2026-09-03T13:30:00+05:30,970.3,972.0,969.2,971.0,2865,0
2026-09-03T13:45:00+05:30,971.7,971.9,968.9,969.7,3841,0
2026-09-03T14:00:00+05:30,969.9,971.0,966.6,968.7,4463,0
2026-09-03T14:15:00+05:30,969.1,972.9,968.7,971.7,4875,0
2026-09-03T14:30:00+05:30,971.5,972.8,971.0,971.0,902,0
2026-09-03T14:45:00+05:30,971.6,972.7,969.0,969.7,1846,0
2026-09-03T15:00:00+05:30,969.7,971.9,966.7,969.1,13011,0
2026-09-03T15:15:00+05:30,969.0,972.2,968.0,970.7,6391,0
2026-09-04T09:15:00+05:30,975.0,982.9,969.9,976.8,15975,0
2026-09-04T09:30:00+05:30,976.5,977.6,973.9,975.0,4032,0
2026-09-04T09:45:00+05:30,975.0,975.4,970.4,971.0,2722,0
2026-09-04T10:00:00+05:30,970.4,974.5,970.1,972.0,1844,0
2026-09-04T10:15:00+05:30,972.3,974.0,972.3,973.7,1208,0
2026-09-04T10:30:00+05:30,973.7,974.4,971.0,974.2,1557,0
2026-09-04T10:45:00+05:30,974.0,975.6,973.4,975.2,2158,0
2026-09-04T11:00:00+05:30,975.2,975.2,972.3,973.2,1222,0
2026-09-04T11:15:00+05:30,973.0,974.7,972.2,973.5,763,0
2026-09-04T11:30:00+05:30,973.8,973.8,972.1,972.3,695,0
2026-09-04T11:45:00+05:30,973.0,973.0,971.0,971.8,1032,0
2026-09-04T12:00:00+05:30,971.6,972.9,970.6,970.9,1427,0
2026-09-04T12:15:00+05:30,970.6,971.4,968.0,969.1,1495,0
2026-09-04T12:30:00+05:30,969.3,971.0,967.6,971.0,3038,0
2026-09-04T12:45:00+05:30,970.9,971.7,969.1,971.7,1232,0
2026-09-04T13:00:00+05:30,971.2,974.2,969.3,971.0,4537,0
2026-09-04T13:15:00+05:30,971.6,971.6,969.2,969.9,522,0
2026-09-04T13:30:00+05:30,969.9,973.0,969.7,972.9,1433,0
2026-09-04T13:45:00+05:30,972.9,973.1,971.4,972.0,321,0
2026-09-04T14:00:00+05:30,970.3,971.9,970.3,971.7,380,0
2026-09-04T14:15:00+05:30,971.8,971.9,970.1,970.8,663,0
2026-09-04T14:30:00+05:30,971.9,975.0,971.9,973.5,2326,0
2026-09-04T14:45:00+05:30,974.3,975.0,973.3,975.0,4872,0
2026-09-04T15:00:00+05:30,975.0,975.9,972.5,973.6,4603,0
2026-09-04T15:15:00+05:30,973.0,973.8,969.0,972.4,5399,0
2026-09-07T09:15:00+05:30,980.0,980.0,963.8,966.4,9913,0
2026-09-07T09:30:00+05:30,967.0,971.0,967.0,968.7,3607,0
2026-09-07T09:45:00+05:30,969.4,977.0,966.0,977.0,5721,0
2026-09-07T10:00:00+05:30,976.9,978.0,974.3,976.3,6902,0
2026-09-07T10:15:00+05:30,975.8,976.5,974.5,976.2,963,0
2026-09-07T10:30:00+05:30,976.0,976.6,974.5,974.6,2304,0
2026-09-07T10:45:00+05:30,975.4,975.4,973.6,974.7,2552,0
2026-09-07T11:00:00+05:30,974.7,976.4,973.6,975.2,2324,0
2026-09-07T11:15:00+05:30,975.5,976.5,974.0,974.2,1347,0
2026-09-07T11:30:00+05:30,974.2,975.1,970.8,971.1,3261,0
2026-09-07T11:45:00+05:30,971.1,971.6,969.0,969.6,413,0
2026-09-07T12:00:00+05:30,969.6,971.0,969.6,970.9,201,0
2026-09-07T12:15:00+05:30,970.1,970.5,969.0,969.4,2429,0
2026-09-07T12:30:00+05:30,969.4,969.8,968.8,968.8,1505,0
2026-09-07T12:45:00+05:30,968.6,969.2,967.5,968.3,997,0
2026-09-07T13:00:00+05:30,968.2,969.3,966.8,969.3,573,0
2026-09-07T13:15:00+05:30,968.8,968.9,967.3,968.4,787,0
2026-09-07T13:30:00+05:30,968.4,969.9,967.6,969.8,1076,0
2026-09-07T13:45:00+05:30,969.8,974.9,969.8,972.9,1503,0
2026-09-07T14:00:00+05:30,972.5,974.5,972.4,974.1,1130,0
2026-09-07T14:15:00+05:30,973.5,976.0,972.4,975.7,2392,0
2026-09-07T14:30:00+05:30,975.7,980.5,972.6,980.3,7904,0
2026-09-07T14:45:00+05:30,980.0,982.0,975.4,975.9,5118,0
2026-09-07T15:00:00+05:30,975.9,977.5,973.4,975.5,7797,0
2026-09-07T15:15:00+05:30,976.0,977.9,972.8,977.4,7876,0
2026-09-08T09:15:00+05:30,976.0,979.9,966.0,967.3,7908,0
2026-09-08T09:30:00+05:30,967.2,968.5,965.6,966.4,6438,0
2026-09-08T09:45:00+05:30,966.3,966.9,963.6,964.6,4459,0
2026-09-08T10:00:00+05:30,964.6,969.7,963.5,967.2,4427,0
2026-09-08T10:15:00+05:30,968.0,969.9,967.0,969.1,1652,0
2026-09-08T10:30:00+05:30,969.1,969.5,968.1,969.3,419,0
2026-09-08T10:45:00+05:30,969.3,972.6,969.2,971.6,3662,0
2026-09-08T11:00:00+05:30,971.6,973.8,970.3,972.7,4005,0
2026-09-08T11:15:00+05:30,972.4,972.7,970.7,971.7,879,0
2026-09-08T11:30:00+05:30,972.2,973.9,967.0,967.6,5497,0
2026-09-08T11:45:00+05:30,967.6,968.3,966.3,967.0,817,0
2026-09-08T12:00:00+05:30,967.3,967.7,966.4,967.5,2122,0
2026-09-08T12:15:00+05:30,966.8,970.2,966.7,969.2,3392,0
2026-09-08T12:30:00+05:30,969.5,970.8,967.8,968.7,3369,0
2026-09-08T12:45:00+05:30,969.0,969.2,966.3,967.7,3683,0
2026-09-08T13:00:00+05:30,967.7,970.7,966.0,968.7,4864,0
2026-09-08T13:15:00+05:30,968.7,972.5,968.4,970.0,3205,0
2026-09-08T13:30:00+05:30,969.9,972.5,969.5,972.5,4885,0
2026-09-08T13:45:00+05:30,971.7,972.6,968.5,968.8,2585,0
2026-09-08T14:00:00+05:30,968.8,979.0,968.8,971.8,9727,0
2026-09-08T14:15:00+05:30,972.4,980.8,971.7,972.0,17072,0
2026-09-08T14:30:00+05:30,972.0,972.0,968.5,968.5,5180,0
2026-09-08T14:45:00+05:30,968.5,970.6,968.5,970.0,2978,0
2026-09-08T15:00:00+05:30,970.0,972.0,965.0,972.0,9932,0
2026-09-08T15:15:00+05:30,970.3,972.0,968.5,970.0,5607,0
2026-09-09T09:15:00+05:30,968.8,970.0,958.9,959.7,11104,0
2026-09-09T09:30:00+05:30,959.7,962.5,959.7,960.4,4700,0
2026-09-09T09:45:00+05:30,961.0,961.2,955.1,956.6,13565,0
2026-09-09T10:00:00+05:30,956.4,957.5,955.1,957.2,3943,0
2026-09-09T10:15:00+05:30,956.6,959.4,956.2,958.6,2025,0
2026-09-09T10:30:00+05:30,958.6,959.8,957.0,958.0,3271,0
2026-09-09T10:45:00+05:30,958.5,959.8,958.1,959.7,1433,0
2026-09-09T11:00:00+05:30,959.1,960.0,956.5,956.6,1792,0
2026-09-09T11:15:00+05:30,956.6,957.8,956.0,956.7,1731,0
2026-09-09T11:30:00+05:30,956.7,957.5,956.0,957.2,1479,0
2026-09-09T11:45:00+05:30,957.8,958.4,957.1,958.0,686,0
2026-09-09T12:00:00+05:30,958.0,958.0,955.8,956.3,1206,0
2026-09-09T12:15:00+05:30,956.3,956.8,955.5,956.8,497,0
2026-09-09T12:30:00+05:30,956.8,960.0,956.7,959.4,1885,0
2026-09-09T12:45:00+05:30,958.5,959.9,957.9,959.3,1710,0
2026-09-09T13:00:00+05:30,959.7,959.7,957.9,958.0,456,0
2026-09-09T13:15:00+05:30,958.0,958.9,957.3,957.6,477,0
2026-09-09T13:30:00+05:30,958.3,958.5,956.7,957.5,1592,0
2026-09-09T13:45:00+05:30,957.5,957.7,956.0,957.0,1110,0
2026-09-09T14:00:00+05:30,957.5,958.5,956.7,957.8,1705,0
2026-09-09T14:15:00+05:30,957.2,958.4,956.6,958.1,958,0
2026-09-09T14:30:00+05:30,958.0,958.1,955.9,956.3,3322,0
2026-09-09T14:45:00+05:30,957.0,958.0,956.0,957.1,3034,0
2026-09-09T15:00:00+05:30,957.1,958.6,955.2,957.7,8315,0
2026-09-09T15:15:00+05:30,957.3,958.0,951.0,953.1,10813,0
2026-09-10T09:15:00+05:30,955.0,967.0,954.5,958.6,13269,0
2026-09-10T09:30:00+05:30,959.1,964.9,957.2,963.0,6986,0
2026-09-10T09:45:00+05:30,963.6,964.7,956.0,956.0,4405,0
2026-09-10T10:00:00+05:30,956.1,959.9,953.0,959.2,7527,0
2026-09-10T10:15:00+05:30,959.4,964.0,956.6,957.0,3853,0
2026-09-10T10:30:00+05:30,957.9,958.4,955.8,958.4,3731,0
2026-09-10T10:45:00+05:30,958.4,959.7,956.2,956.5,474,0
2026-09-10T11:00:00+05:30,956.8,956.8,946.1,950.9,16693,0
2026-09-10T11:15:00+05:30,950.3,951.0,946.2,947.7,4186,0
2026-09-10T11:30:00+05:30,948.7,951.7,947.2,948.6,3938,0
2026-09-10T11:45:00+05:30,948.4,950.6,947.4,949.6,1189,0
2026-09-10T12:00:00+05:30,949.0,950.6,948.4,949.5,2473,0
2026-09-10T12:15:00+05:30,949.5,958.1,948.9,955.9,5197,0
2026-09-10T12:30:00+05:30,955.9,956.6,950.8,950.8,3956,0
2026-09-10T12:45:00+05:30,950.8,951.7,950.3,951.6,584,0
2026-09-10T13:00:00+05:30,951.2,951.5,950.0,950.0,701,0
2026-09-10T13:15:00+05:30,950.0,950.8,949.0,950.2,476,0
2026-09-10T13:30:00+05:30,950.0,950.2,948.9,948.9,1246,0
2026-09-10T13:45:00+05:30,949.6,950.1,948.9,949.3,896,0
2026-09-10T14:00:00+05:30,950.0,950.0,948.9,949.0,706,0
2026-09-10T14:15:00+05:30,949.0,949.0,946.5,947.2,3341,0
2026-09-10T14:30:00+05:30,947.2,948.5,946.6,947.0,1312,0
2026-09-10T14:45:00+05:30,947.3,948.7,946.5,947.1,4963,0
2026-09-10T15:00:00+05:30,947.2,947.2,933.1,935.7,20343,0
2026-09-10T15:15:00+05:30,935.3,940.0,935.0,938.0,9448,0
2026-09-11T09:15:00+05:30,940.0,940.1,934.0,937.2,9309,0
2026-09-11T09:30:00+05:30,937.0,939.6,932.0,933.3,6483,0
2026-09-11T09:45:00+05:30,933.0,935.2,930.0,930.6,3708,0
2026-09-11T10:00:00+05:30,931.3,934.9,930.2,933.7,7620,0
2026-09-11T10:15:00+05:30,933.7,934.9,930.1,930.8,2545,0
2026-09-11T10:30:00+05:30,931.2,932.4,930.2,932.4,1704,0
2026-09-11T10:45:00+05:30,932.6,933.1,928.1,929.0,3102,0
2026-09-11T11:00:00+05:30,929.0,932.7,927.5,932.3,2469,0
2026-09-11T11:15:00+05:30,932.2,933.5,930.6,931.5,1835,0
2026-09-11T11:30:00+05:30,931.0,934.7,929.3,934.2,4506,0
2026-09-11T11:45:00+05:30,933.1,934.8,930.0,933.7,4720,0
2026-09-11T12:00:00+05:30,933.8,933.8,923.7,924.9,16810,0
2026-09-11T12:15:00+05:30,924.9,930.9,924.9,927.0,6957,0
2026-09-11T12:30:00+05:30,927.0,931.8,926.8,931.8,2450,0
2026-09-11T12:45:00+05:30,931.0,932.8,929.3,931.9,1012,0
2026-09-11T13:00:00+05:30,931.9,943.4,931.9,941.3,8853,0
2026-09-11T13:15:00+05:30,940.9,942.6,939.7,940.9,5186,0
2026-09-11T13:30:00+05:30,941.7,942.3,931.0,934.3,14928,0
2026-09-11T13:45:00+05:30,934.7,934.8,930.9,934.4,5091,0
2026-09-11T14:00:00+05:30,934.3,936.5,933.6,935.5,3027,0
2026-09-11T14:15:00+05:30,936.0,937.0,934.6,936.2,1647,0
2026-09-11T14:30:00+05:30,936.4,936.4,934.6,935.2,1376,0
2026-09-11T14:45:00+05:30,935.2,935.2,924.4,925.8,13592,0
2026-09-11T15:00:00+05:30,926.3,927.9,921.4,927.7,14160,0
2026-09-11T15:15:00+05:30,927.7,929.0,923.5,923.5,11363,0
2026-09-15T09:15:00+05:30,927.0,944.6,927.0,930.4,17287,0
2026-09-15T09:30:00+05:30,930.0,931.2,922.1,925.8,10476,0
2026-09-15T09:45:00+05:30,925.8,926.5,917.1,919.9,7236,0
2026-09-15T10:00:00+05:30,919.9,923.8,917.6,921.6,9604,0
2026-09-15T10:15:00+05:30,921.8,922.7,917.4,920.0,8111,0
2026-09-15T10:30:00+05:30,920.2,925.6,918.6,918.6,5372,0
2026-09-15T10:45:00+05:30,918.0,919.1,913.8,914.1,6278,0
2026-09-15T11:00:00+05:30,914.1,916.0,912.6,913.3,4151,0
2026-09-15T11:15:00+05:30,913.6,913.6,910.1,911.0,3695,0
2026-09-15T11:30:00+05:30,911.0,911.9,909.6,910.0,5320,0
2026-09-15T11:45:00+05:30,910.0,910.7,908.5,908.7,3144,0
2026-09-15T12:00:00+05:30,908.7,910.3,908.1,908.1,3461,0
2026-09-15T12:15:00+05:30,908.1,908.7,898.4,903.7,16798,0
2026-09-15T12:30:00+05:30,904.0,904.7,899.0,900.0,3104,0
2026-09-15T12:45:00+05:30,899.7,901.9,898.5,899.8,3331,0
2026-09-15T13:00:00+05:30,899.8,901.3,898.6,899.7,1678,0
2026-09-15T13:15:00+05:30,899.8,899.9,896.0,897.9,2680,0
2026-09-15T13:30:00+05:30,897.9,897.9,894.5,895.3,4695,0
2026-09-15T13:45:00+05:30,895.3,897.8,892.0,892.7,19296,0
2026-09-15T14:00:00+05:30,892.7,893.5,891.3,891.4,2287,0
2026-09-15T14:15:00+05:30,891.4,891.8,890.0,890.5,4341,0
2026-09-15T14:30:00+05:30,891.0,895.4,890.0,894.7,4625,0
2026-09-15T14:45:00+05:30,894.8,894.8,886.5,888.9,13459,0
2026-09-15T15:00:00+05:30,889.0,891.2,885.1,888.5,10839,0
2026-09-15T15:15:00+05:30,888.5,891.7,885.1,888.2,6322,0
2026-09-16T09:15:00+05:30,892.4,895.6,882.9,884.4,8030,0
2026-09-16T09:30:00+05:30,883.1,884.3,866.0,866.7,25298,0
2026-09-16T09:45:00+05:30,865.6,878.9,865.6,876.3,7066,0
2026-09-16T10:00:00+05:30,876.7,880.3,871.7,879.2,3436,0
2026-09-16T10:15:00+05:30,878.2,884.0,877.1,883.0,1985,0
2026-09-16T10:30:00+05:30,883.1,886.8,880.8,884.8,1328,0
2026-09-16T10:45:00+05:30,885.2,890.7,884.0,889.8,3221,0
2026-09-16T11:00:00+05:30,889.3,893.0,888.0,890.6,2397,0
2026-09-16T11:15:00+05:30,890.6,893.3,886.1,887.9,4975,0
2026-09-16T11:30:00+05:30,887.8,889.6,884.1,885.5,1691,0
2026-09-16T11:45:00+05:30,885.5,893.5,882.8,888.5,10795,0
2026-09-16T12:00:00+05:30,888.5,891.7,887.9,890.3,1793,0
2026-09-16T12:15:00+05:30,890.4,892.5,889.1,889.1,353,0
2026-09-16T12:30:00+05:30,890.1,892.3,888.8,889.4,1061,0
2026-09-16T12:45:00+05:30,890.3,890.3,887.0,887.0,348,0
2026-09-16T13:00:00+05:30,886.1,890.6,885.6,887.5,1162,0
2026-09-16T13:15:00+05:30,887.0,888.7,884.2,884.2,2291,0
2026-09-16T13:30:00+05:30,884.0,884.8,881.9,882.6,1845,0
2026-09-16T13:45:00+05:30,882.6,883.9,881.2,883.6,563,0
2026-09-16T14:00:00+05:30,883.6,885.3,881.8,885.3,1731,0
2026-09-16T14:15:00+05:30,885.7,886.6,884.6,885.3,570,0
2026-09-16T14:30:00+05:30,884.7,885.8,883.9,885.0,2001,0
2026-09-16T14:45:00+05:30,884.9,886.8,883.5,885.4,1303,0
2026-09-16T15:00:00+05:30,885.8,886.1,882.0,884.8,2623,0
2026-09-16T15:15:00+05:30,884.9,886.5,880.0,883.9,5727,0
2026-09-17T09:15:00+05:30,884.9,891.8,881.0,888.6,6985,0
2026-09-17T09:30:00+05:30,890.3,892.3,888.6,891.4,5844,0
2026-09-17T09:45:00+05:30,892.3,892.9,885.7,889.9,2075,0
2026-09-17T10:00:00+05:30,889.3,891.0,889.0,889.7,780,0
2026-09-17T10:15:00+05:30,889.7,890.8,887.2,888.6,560,0
2026-09-17T10:30:00+05:30,887.4,889.1,887.2,888.3,497,0
2026-09-17T10:45:00+05:30,888.3,889.8,887.8,888.6,441,0
2026-09-17T11:00:00+05:30,888.0,888.3,881.6,884.2,4721,0
2026-09-17T11:15:00+05:30,883.9,884.3,882.7,883.0,782,0
2026-09-17T11:30:00+05:30,883.0,887.4,882.6,885.7,3731,0
2026-09-17T11:45:00+05:30,886.5,889.1,884.8,887.6,854,0
2026-09-17T12:00:00+05:30,888.6,889.0,886.5,889.0,2968,0
2026-09-17T12:15:00+05:30,888.5,889.2,887.1,887.4,743,0
2026-09-17T12:30:00+05:30,887.4,890.2,887.2,887.2,1843,0
2026-09-17T12:45:00+05:30,888.4,888.4,887.1,888.0,355,0
2026-09-17T13:00:00+05:30,888.0,889.4,887.6,888.8,150,0
2026-09-17T13:15:00+05:30,888.1,889.5,885.6,885.6,1562,0
2026-09-17T13:30:00+05:30,886.0,889.1,885.1,888.3,875,0
2026-09-17T13:45:00+05:30,888.3,890.0,887.5,887.5,2077,0
2026-09-17T14:00:00+05:30,887.5,897.0,887.5,894.8,8542,0
2026-09-17T14:15:00+05:30,894.8,895.6,889.0,889.6,5478,0
2026-09-17T14:30:00+05:30,890.2,894.0,890.2,891.5,661,0
2026-09-17T14:45:00+05:30,891.5,892.9,889.0,889.4,2779,0
2026-09-17T15:00:00+05:30,890.6,897.8,885.6,889.5,10869,0
2026-09-17T15:15:00+05:30,889.6,890.9,885.0,886.9,4305,0
