timestamp,open,high,low,close,volume,oi
2025-08-21T09:15:00+05:30,130.55,131.8,130.55,131.39,2684,0
2025-08-21T09:30:00+05:30,131.6,132.0,131.0,131.15,3093,0
2025-08-21T09:45:00+05:30,131.05,132.84,131.01,132.11,4211,0
2025-08-21T10:00:00+05:30,132.51,132.51,132.0,132.0,510,0
2025-08-21T10:15:00+05:30,132.0,132.51,131.85,131.85,2663,0
2025-08-21T10:30:00+05:30,131.85,131.85,131.31,131.41,695,0
2025-08-21T10:45:00+05:30,131.41,132.04,131.41,132.04,2783,0
2025-08-21T11:00:00+05:30,132.04,132.04,131.82,132.03,202,0
2025-08-21T11:15:00+05:30,132.03,132.04,131.63,131.63,444,0
2025-08-21T11:30:00+05:30,131.63,131.96,131.63,131.64,128,0
2025-08-21T11:45:00+05:30,131.64,131.66,131.64,131.65,265,0
2025-08-21T12:00:00+05:30,131.65,131.66,131.65,131.65,138,0
2025-08-21T12:15:00+05:30,131.65,131.65,129.5,130.35,12769,0
2025-08-21T12:30:00+05:30,130.35,130.68,130.35,130.4,268,0
2025-08-21T12:45:00+05:30,130.4,130.45,129.68,129.95,7017,0
2025-08-21T13:00:00+05:30,130.0,130.0,129.1,129.74,5956,0
2025-08-21T13:15:00+05:30,129.9,130.0,129.74,129.75,298,0
2025-08-21T13:30:00+05:30,129.75,129.92,129.75,129.75,996,0
2025-08-21T13:45:00+05:30,129.75,130.15,129.75,130.0,940,0
2025-08-21T14:00:00+05:30,130.0,130.0,129.76,129.94,242,0
2025-08-21T14:15:00+05:30,129.94,129.99,129.81,129.99,622,0
2025-08-21T14:30:00+05:30,129.99,129.99,129.84,129.94,678,0
2025-08-21T14:45:00+05:30,129.94,129.97,129.4,129.9,2863,0
2025-08-21T15:00:00+05:30,129.9,129.9,129.28,129.28,1182,0
2025-08-21T15:15:00+05:30,129.33,129.75,128.8,128.8,6115,0
2025-08-22T09:15:00+05:30,129.32,129.33,128.81,129.0,1367,0
2025-08-22T09:30:00+05:30,129.0,129.1,128.28,128.8,2279,0
2025-08-22T09:45:00+05:30,128.51,129.9,128.32,129.62,1821,0
2025-08-22T10:00:00+05:30,129.62,129.62,128.77,129.3,1222,0
2025-08-22T10:15:00+05:30,129.3,129.34,128.02,128.39,3284,0
2025-08-22T10:30:00+05:30,128.11,128.94,128.11,128.61,361,0
2025-08-22T10:45:00+05:30,128.61,128.75,128.03,128.6,2344,0
2025-08-22T11:00:00+05:30,128.6,128.6,128.1,128.31,681,0
2025-08-22T11:15:00+05:30,128.31,128.48,128.17,128.48,51,0
2025-08-22T11:30:00+05:30,128.48,128.48,128.1,128.39,2746,0
2025-08-22T11:45:00+05:30,128.39,128.76,128.39,128.76,407,0
2025-08-22T12:00:00+05:30,128.76,128.76,128.1,128.5,1444,0
2025-08-22T12:15:00+05:30,128.5,128.5,128.15,128.15,255,0
2025-08-22T12:30:00+05:30,128.15,128.16,128.15,128.15,1100,0
2025-08-22T12:45:00+05:30,128.15,128.39,127.2,127.32,5789,0
2025-08-22T13:00:00+05:30,127.32,127.65,127.32,127.65,625,0
2025-08-22T13:15:00+05:30,127.41,127.64,127.4,127.64,346,0
2025-08-22T13:30:00+05:30,127.64,128.0,127.5,127.56,1642,0
2025-08-22T13:45:00+05:30,127.56,127.56,127.5,127.5,458,0
2025-08-22T14:00:00+05:30,127.5,127.7,127.0,127.4,3935,0
2025-08-22T14:15:00+05:30,127.4,127.4,127.01,127.01,1134,0
2025-08-22T14:30:00+05:30,127.47,127.47,127.06,127.4,653,0
2025-08-22T14:45:00+05:30,127.4,127.4,127.06,127.06,188,0
2025-08-22T15:00:00+05:30,127.06,127.3,126.25,126.61,5696,0
2025-08-22T15:15:00+05:30,126.7,126.79,126.0,126.6,9575,0
2025-08-25T09:15:00+05:30,126.63,127.9,126.62,126.67,3127,0
2025-08-25T09:30:00+05:30,126.89,127.01,126.62,126.62,1712,0
2025-08-25T09:45:00+05:30,126.8,127.5,126.8,127.2,1151,0
2025-08-25T10:00:00+05:30,127.2,127.37,126.87,127.21,970,0
2025-08-25T10:15:00+05:30,127.21,127.21,127.18,127.18,113,0
2025-08-25T10:30:00+05:30,127.18,127.18,126.23,126.89,2443,0
2025-08-25T10:45:00+05:30,126.89,126.9,126.7,126.83,655,0
2025-08-25T11:00:00+05:30,126.83,126.83,126.46,126.46,64,0
2025-08-25T11:15:00+05:30,126.46,126.5,126.46,126.5,82,0
2025-08-25T11:30:00+05:30,126.5,126.79,126.23,126.23,999,0
2025-08-25T11:45:00+05:30,126.23,126.45,126.1,126.15,842,0
2025-08-25T12:00:00+05:30,126.36,126.36,126.21,126.21,136,0
2025-08-25T12:15:00+05:30,126.18,126.4,126.05,126.4,502,0
2025-08-25T12:30:00+05:30,126.4,126.4,126.4,126.4,1,0
2025-08-25T12:45:00+05:30,126.4,126.64,126.4,126.64,800,0
2025-08-25T13:00:00+05:30,126.64,126.64,126.47,126.47,409,0
2025-08-25T13:15:00+05:30,126.47,126.61,126.47,126.61,10,0
2025-08-25T13:30:00+05:30,126.61,126.61,126.4,126.4,36,0
2025-08-25T13:45:00+05:30,126.4,126.4,126.27,126.35,508,0
2025-08-25T14:00:00+05:30,126.43,126.43,125.21,125.5,3424,0
2025-08-25T14:15:00+05:30,125.57,125.57,125.1,125.3,1389,0
2025-08-25T14:30:00+05:30,125.3,125.3,125.11,125.11,72,0
2025-08-25T14:45:00+05:30,125.11,125.65,125.11,125.65,459,0
2025-08-25T15:00:00+05:30,125.4,125.72,125.1,125.1,1604,0
2025-08-25T15:15:00+05:30,125.1,125.3,125.0,125.0,3278,0
2025-08-26T09:15:00+05:30,125.2,125.53,123.94,125.01,7711,0
2025-08-26T09:30:00+05:30,125.01,125.01,124.42,124.42,1428,0
2025-08-26T09:45:00+05:30,124.38,124.95,124.2,124.95,1987,0
2025-08-26T10:00:00+05:30,124.95,124.95,124.75,124.75,222,0
2025-08-26T10:15:00+05:30,124.95,124.95,124.75,124.75,1191,0
2025-08-26T10:30:00+05:30,124.95,124.95,123.76,124.53,3183,0
2025-08-26T10:45:00+05:30,124.53,124.53,123.9,123.9,390,0
2025-08-26T11:00:00+05:30,123.9,124.25,123.9,124.25,298,0
2025-08-26T11:15:00+05:30,124.25,124.25,123.22,123.89,3008,0
2025-08-26T11:30:00+05:30,123.89,124.21,123.51,123.51,1630,0
2025-08-26T11:45:00+05:30,123.51,124.0,123.41,123.5,468,0
2025-08-26T12:00:00+05:30,123.5,123.86,123.37,123.86,155,0
2025-08-26T12:15:00+05:30,123.86,123.86,123.72,123.72,258,0
2025-08-26T12:30:00+05:30,123.72,123.72,123.3,123.65,101,0
2025-08-26T12:45:00+05:30,123.65,123.65,123.5,123.5,30,0
2025-08-26T13:00:00+05:30,123.5,123.75,123.38,123.73,1441,0
2025-08-26T13:15:00+05:30,123.73,123.8,123.68,123.8,1550,0
2025-08-26T13:30:00+05:30,123.81,123.81,123.8,123.8,300,0
2025-08-26T13:45:00+05:30,123.8,123.8,122.5,122.5,7816,0
2025-08-26T14:00:00+05:30,122.89,122.96,121.5,122.17,4635,0
2025-08-26T14:15:00+05:30,122.17,122.49,122.17,122.19,1042,0
2025-08-26T14:30:00+05:30,122.21,122.5,122.21,122.49,1535,0
2025-08-26T14:45:00+05:30,122.48,122.6,122.19,122.59,2753,0
2025-08-26T15:00:00+05:30,122.53,122.53,121.9,122.02,2760,0
2025-08-26T15:15:00+05:30,122.05,122.6,121.5,122.0,4742,0
2025-08-28T09:15:00+05:30,122.03,122.03,120.34,121.0,4097,0
2025-08-28T09:30:00+05:30,121.0,121.73,121.0,121.46,1275,0
2025-08-28T09:45:00+05:30,121.51,123.26,121.51,122.85,2761,0
2025-08-28T10:00:00+05:30,123.19,123.99,123.19,123.48,1444,0
2025-08-28T10:15:00+05:30,123.48,123.48,123.47,123.47,115,0
2025-08-28T10:30:00+05:30,123.18,123.68,123.06,123.35,759,0
2025-08-28T10:45:00+05:30,123.35,123.4,123.14,123.4,160,0
2025-08-28T11:00:00+05:30,123.4,124.39,122.35,122.7,2521,0
2025-08-28T11:15:00+05:30,122.7,122.96,122.04,122.96,1138,0
2025-08-28T11:30:00+05:30,122.06,122.24,121.92,122.0,4044,0
2025-08-28T11:45:00+05:30,122.0,122.14,121.61,122.14,3440,0
2025-08-28T12:00:00+05:30,122.14,122.14,121.55,121.59,146,0
2025-08-28T12:15:00+05:30,121.59,121.64,121.59,121.59,2149,0
2025-08-28T12:30:00+05:30,121.59,121.99,121.5,121.5,1196,0
2025-08-28T12:45:00+05:30,121.35,121.5,121.28,121.5,669,0
2025-08-28T13:00:00+05:30,121.5,121.5,121.0,121.0,2040,0
2025-08-28T13:15:00+05:30,121.0,121.06,120.78,121.0,380,0
2025-08-28T13:30:00+05:30,120.62,121.27,120.6,120.98,812,0
2025-08-28T13:45:00+05:30,120.56,120.85,120.46,120.5,549,0
2025-08-28T14:00:00+05:30,120.5,120.7,120.37,120.37,479,0
2025-08-28T14:15:00+05:30,120.37,121.28,120.3,120.9,1137,0
2025-08-28T14:30:00+05:30,120.85,121.17,120.5,120.56,1771,0
2025-08-28T14:45:00+05:30,120.99,121.01,120.79,120.99,879,0
2025-08-28T15:00:00+05:30,120.75,122.89,120.4,121.0,5645,0
2025-08-28T15:15:00+05:30,121.01,122.9,121.01,121.4,4118,0
2025-08-29T09:15:00+05:30,121.69,122.5,121.39,122.5,1618,0
2025-08-29T09:30:00+05:30,122.5,123.29,121.01,123.29,1611,0
2025-08-29T09:45:00+05:30,123.29,124.11,123.2,123.93,2431,0
2025-08-29T10:00:00+05:30,123.93,124.79,123.57,124.56,3627,0
2025-08-29T10:15:00+05:30,124.56,125.44,124.56,125.0,4135,0
2025-08-29T10:30:00+05:30,125.09,125.2,124.41,125.0,3681,0
2025-08-29T10:45:00+05:30,125.0,125.39,124.85,125.39,2746,0
2025-08-29T11:00:00+05:30,125.39,125.39,125.0,125.28,264,0
2025-08-29T11:15:00+05:30,125.28,125.4,124.22,124.91,6153,0
2025-08-29T11:30:00+05:30,124.91,127.09,124.91,125.16,5151,0
2025-08-29T11:45:00+05:30,125.17,125.36,125.0,125.35,1024,0
2025-08-29T12:00:00+05:30,125.35,125.45,125.35,125.45,51,0
2025-08-29T12:15:00+05:30,125.22,125.22,125.0,125.0,414,0
2025-08-29T12:30:00+05:30,125.0,125.37,124.95,125.37,2440,0
2025-08-29T12:45:00+05:30,125.37,125.46,125.0,125.19,746,0
2025-08-29T13:00:00+05:30,125.19,125.23,124.87,125.07,2083,0
2025-08-29T13:15:00+05:30,125.07,125.23,125.0,125.22,965,0
2025-08-29T13:30:00+05:30,125.22,125.23,125.01,125.23,657,0
2025-08-29T13:45:00+05:30,125.23,125.9,125.0,125.9,1216,0
2025-08-29T14:00:00+05:30,125.9,126.99,124.6,125.22,11806,0
2025-08-29T14:15:00+05:30,125.38,125.42,125.11,125.41,228,0
2025-08-29T14:30:00+05:30,125.41,125.41,125.0,125.35,773,0
2025-08-29T14:45:00+05:30,125.11,126.99,125.0,125.8,4623,0
2025-08-29T15:00:00+05:30,125.65,126.68,125.13,126.07,5959,0
2025-08-29T15:15:00+05:30,126.5,127.9,126.0,126.1,16200,0
2025-09-01T09:15:00+05:30,126.25,127.39,124.51,127.34,3978,0
2025-09-01T09:30:00+05:30,127.34,127.39,127.1,127.11,407,0
2025-09-01T09:45:00+05:30,127.1,127.3,126.71,127.3,599,0
2025-09-01T10:00:00+05:30,127.07,127.35,126.57,127.0,533,0
2025-09-01T10:15:00+05:30,127.0,127.37,126.68,126.68,957,0
2025-09-01T10:30:00+05:30,126.68,126.91,126.49,126.49,366,0
2025-09-01T10:45:00+05:30,126.49,127.0,126.43,126.76,159,0
2025-09-01T11:00:00+05:30,126.76,127.0,126.62,126.62,82,0
2025-09-01T11:15:00+05:30,126.62,126.95,126.11,126.5,1909,0
2025-09-01T11:30:00+05:30,126.5,126.9,126.41,126.41,2,0
2025-09-01T11:45:00+05:30,126.41,126.84,126.41,126.84,10,0
2025-09-01T12:00:00+05:30,126.84,127.37,126.14,126.49,1100,0
2025-09-01T12:15:00+05:30,126.81,126.89,126.2,126.26,109,0
2025-09-01T12:30:00+05:30,126.42,126.42,125.56,125.56,717,0
2025-09-01T12:45:00+05:30,125.56,126.14,125.56,126.14,136,0
2025-09-01T13:00:00+05:30,126.0,126.3,125.61,125.61,963,0
2025-09-01T13:15:00+05:30,125.61,126.0,125.61,126.0,10,0
2025-09-01T13:30:00+05:30,126.0,127.19,126.0,127.19,1085,0
2025-09-01T13:45:00+05:30,126.66,127.23,126.65,126.73,186,0
2025-09-01T14:00:00+05:30,126.73,127.0,126.47,127.0,355,0
2025-09-01T14:15:00+05:30,126.99,126.99,126.13,126.5,747,0
2025-09-01T14:30:00+05:30,126.41,126.67,126.21,126.67,391,0
2025-09-01T14:45:00+05:30,126.67,126.67,126.11,126.11,379,0
2025-09-01T15:00:00+05:30,126.5,126.5,126.03,126.3,243,0
2025-09-01T15:15:00+05:30,126.44,127.0,125.15,125.15,1931,0
2025-09-02T09:15:00+05:30,126.9,126.9,125.28,125.85,1460,0
2025-09-02T09:30:00+05:30,125.85,126.92,125.85,126.92,803,0
2025-09-02T09:45:00+05:30,127.0,127.71,127.0,127.71,794,0
2025-09-02T10:00:00+05:30,127.69,128.81,127.01,128.25,4872,0
2025-09-02T10:15:00+05:30,128.25,128.25,127.66,127.66,230,0
2025-09-02T10:30:00+05:30,127.66,127.89,127.65,127.65,569,0
2025-09-02T10:45:00+05:30,127.5,127.59,127.5,127.5,22,0
2025-09-02T11:00:00+05:30,127.57,127.57,127.01,127.17,887,0
2025-09-02T11:15:00+05:30,127.17,127.17,126.9,126.9,144,0
2025-09-02T11:30:00+05:30,126.9,126.99,126.45,126.7,1466,0
2025-09-02T11:45:00+05:30,126.7,126.89,126.7,126.82,201,0
2025-09-02T12:00:00+05:30,126.82,126.82,126.82,126.82,1,0
2025-09-02T12:15:00+05:30,126.8,126.8,126.8,126.8,50,0
2025-09-02T12:30:00+05:30,126.8,126.8,126.8,126.8,0,0
2025-09-02T12:45:00+05:30,126.8,126.8,126.63,126.63,28,0
2025-09-02T13:00:00+05:30,126.63,126.64,126.6,126.64,428,0
2025-09-02T13:15:00+05:30,126.64,126.64,126.02,126.02,577,0
2025-09-02T13:30:00+05:30,126.02,126.18,124.61,125.0,3527,0
2025-09-02T13:45:00+05:30,124.96,125.98,124.25,125.19,2928,0
2025-09-02T14:00:00+05:30,125.19,125.19,124.5,124.84,100,0
2025-09-02T14:15:00+05:30,124.84,124.84,124.0,124.0,1326,0
2025-09-02T14:30:00+05:30,124.0,127.0,123.91,125.79,6205,0
2025-09-02T14:45:00+05:30,125.79,126.0,125.7,125.7,529,0
2025-09-02T15:00:00+05:30,125.7,125.86,125.4,125.61,168,0
2025-09-02T15:15:00+05:30,125.61,126.8,125.05,125.5,4224,0
2025-09-03T09:15:00+05:30,125.83,127.2,125.11,125.78,1930,0
2025-09-03T09:30:00+05:30,125.78,126.88,125.78,126.3,491,0
2025-09-03T09:45:00+05:30,126.29,126.29,126.26,126.26,13,0
2025-09-03T10:00:00+05:30,126.24,128.0,126.24,127.4,3484,0
2025-09-03T10:15:00+05:30,127.14,127.56,127.14,127.18,32,0
2025-09-03T10:30:00+05:30,127.18,127.49,126.77,126.77,306,0
2025-09-03T10:45:00+05:30,126.77,126.77,125.97,126.41,1299,0
2025-09-03T11:00:00+05:30,126.41,127.49,126.41,126.8,642,0
2025-09-03T11:15:00+05:30,126.84,127.48,126.7,127.48,1721,0
2025-09-03T11:30:00+05:30,127.48,127.49,127.26,127.26,152,0
2025-09-03T11:45:00+05:30,126.62,127.28,126.61,127.22,71,0
2025-09-03T12:00:00+05:30,127.22,127.22,126.71,126.71,484,0
2025-09-03T12:15:00+05:30,126.71,126.71,126.1,126.1,331,0
2025-09-03T12:30:00+05:30,126.1,126.59,126.1,126.59,376,0
2025-09-03T12:45:00+05:30,126.59,127.18,126.59,127.16,102,0
2025-09-03T13:00:00+05:30,127.16,127.16,126.69,126.69,23,0
2025-09-03T13:15:00+05:30,126.69,126.69,126.69,126.69,0,0
2025-09-03T13:30:00+05:30,126.69,127.0,126.55,126.56,283,0
2025-09-03T13:45:00+05:30,126.56,126.56,126.53,126.53,15,0
2025-09-03T14:00:00+05:30,126.53,126.53,126.32,126.32,141,0
2025-09-03T14:15:00+05:30,126.32,126.68,126.24,126.24,57,0
2025-09-03T14:30:00+05:30,126.24,126.69,125.9,126.0,1719,0
2025-09-03T14:45:00+05:30,126.0,126.59,125.91,126.58,717,0
2025-09-03T15:00:00+05:30,126.59,126.6,126.2,126.21,336,0
2025-09-03T15:15:00+05:30,126.21,126.99,125.9,126.8,2034,0
2025-09-04T09:15:00+05:30,126.37,127.5,126.29,126.43,1202,0
2025-09-04T09:30:00+05:30,126.5,126.75,125.95,126.75,3978,0
2025-09-04T09:45:00+05:30,126.75,127.9,126.25,127.03,2973,0
2025-09-04T10:00:00+05:30,127.03,127.29,126.43,126.46,1239,0
2025-09-04T10:15:00+05:30,126.46,127.59,126.4,126.87,2086,0
2025-09-04T10:30:00+05:30,126.87,127.35,126.37,126.37,656,0
2025-09-04T10:45:00+05:30,126.37,126.37,126.11,126.33,122,0
2025-09-04T11:00:00+05:30,126.5,126.65,126.33,126.36,28,0
2025-09-04T11:15:00+05:30,126.36,126.6,126.36,126.39,29,0
2025-09-04T11:30:00+05:30,126.39,126.39,126.38,126.38,21,0
2025-09-04T11:45:00+05:30,126.43,126.43,126.01,126.05,201,0
2025-09-04T12:00:00+05:30,126.05,126.47,126.05,126.17,24,0
2025-09-04T12:15:00+05:30,126.17,126.17,125.61,125.76,977,0
2025-09-04T12:30:00+05:30,125.76,126.03,125.71,125.82,124,0
2025-09-04T12:45:00+05:30,125.82,126.08,125.81,125.82,139,0
2025-09-04T13:00:00+05:30,125.83,126.03,125.81,125.82,32,0
2025-09-04T13:15:00+05:30,125.82,126.17,124.3,125.52,5360,0
2025-09-04T13:30:00+05:30,125.52,125.79,125.06,125.06,4072,0
2025-09-04T13:45:00+05:30,125.71,125.72,125.23,125.23,14,0
2025-09-04T14:00:00+05:30,125.23,125.23,125.23,125.23,0,0
2025-09-04T14:15:00+05:30,125.23,125.23,124.75,124.8,296,0
2025-09-04T14:30:00+05:30,124.8,125.01,124.8,125.0,101,0
2025-09-04T14:45:00+05:30,125.0,125.0,124.61,124.75,379,0
2025-09-04T15:00:00+05:30,124.75,125.79,123.11,124.55,14406,0
2025-09-04T15:15:00+05:30,124.9,126.0,124.2,126.0,4529,0
2025-09-05T09:15:00+05:30,124.25,125.27,124.25,125.26,309,0
2025-09-05T09:30:00+05:30,125.26,125.26,124.6,125.15,1001,0
2025-09-05T09:45:00+05:30,125.07,126.99,125.07,126.99,7251,0
2025-09-05T10:00:00+05:30,126.97,126.98,125.4,125.4,674,0
2025-09-05T10:15:00+05:30,125.4,125.99,125.4,125.56,244,0
2025-09-05T10:30:00+05:30,125.56,125.99,125.55,125.61,114,0
2025-09-05T10:45:00+05:30,125.61,125.9,125.34,125.42,111,0
2025-09-05T11:00:00+05:30,125.42,125.64,125.41,125.44,32,0
2025-09-05T11:15:00+05:30,125.44,125.52,125.05,125.14,171,0
2025-09-05T11:30:00+05:30,125.14,125.64,125.14,125.27,205,0
2025-09-05T11:45:00+05:30,125.27,125.27,125.05,125.1,203,0
2025-09-05T12:00:00+05:30,125.1,125.85,125.1,125.15,863,0
2025-09-05T12:15:00+05:30,125.17,125.19,124.3,124.91,1969,0
2025-09-05T12:30:00+05:30,124.91,124.91,124.89,124.89,59,0
2025-09-05T12:45:00+05:30,124.89,124.91,124.58,124.8,239,0
2025-09-05T13:00:00+05:30,124.8,125.11,124.8,124.86,343,0
2025-09-05T13:15:00+05:30,124.86,125.3,124.81,124.84,453,0
2025-09-05T13:30:00+05:30,124.84,125.13,124.84,125.13,35,0
2025-09-05T13:45:00+05:30,125.13,125.5,125.13,125.4,587,0
2025-09-05T14:00:00+05:30,125.4,125.5,125.4,125.5,200,0
2025-09-05T14:15:00+05:30,125.5,125.5,125.32,125.32,11,0
2025-09-05T14:30:00+05:30,125.32,125.32,125.32,125.32,0,0
2025-09-05T14:45:00+05:30,125.32,125.5,124.89,124.89,1209,0
2025-09-05T15:00:00+05:30,124.89,124.89,123.95,123.97,6905,0
2025-09-05T15:15:00+05:30,123.97,127.5,123.8,125.3,16095,0
2025-09-08T09:15:00+05:30,125.12,126.49,125.0,125.23,4471,0
2025-09-08T09:30:00+05:30,125.44,127.9,125.43,126.6,4757,0
2025-09-08T09:45:00+05:30,126.9,131.25,126.69,130.0,27440,0
2025-09-08T10:00:00+05:30,130.2,131.75,129.85,130.36,9334,0
2025-09-08T10:15:00+05:30,130.75,131.5,130.09,130.56,15300,0
2025-09-08T10:30:00+05:30,130.56,131.61,130.21,131.12,6720,0
2025-09-08T10:45:00+05:30,131.23,131.49,130.25,130.29,3362,0
2025-09-08T11:00:00+05:30,130.4,131.6,130.31,130.98,7742,0
2025-09-08T11:15:00+05:30,130.95,131.5,130.89,131.24,2337,0
2025-09-08T11:30:00+05:30,131.25,131.48,130.89,131.48,2040,0
2025-09-08T11:45:00+05:30,131.3,132.42,131.28,131.6,7271,0
2025-09-08T12:00:00+05:30,131.6,132.98,131.6,132.2,7469,0
2025-09-08T12:15:00+05:30,132.2,132.85,131.99,132.21,3558,0
2025-09-08T12:30:00+05:30,132.2,132.39,131.75,132.0,1626,0
2025-09-08T12:45:00+05:30,131.79,132.85,131.79,132.21,1723,0
2025-09-08T13:00:00+05:30,132.21,132.99,131.67,132.4,6223,0
2025-09-08T13:15:00+05:30,132.4,132.66,132.0,132.12,1998,0
2025-09-08T13:30:00+05:30,132.11,132.12,131.99,132.0,1492,0
2025-09-08T13:45:00+05:30,132.0,132.51,131.72,132.51,1833,0
2025-09-08T14:00:00+05:30,132.54,132.99,132.31,132.86,2711,0
2025-09-08T14:15:00+05:30,132.52,133.45,132.52,132.82,4317,0
2025-09-08T14:30:00+05:30,132.85,133.49,132.46,133.0,2375,0
2025-09-08T14:45:00+05:30,132.85,133.5,132.21,132.99,5745,0
2025-09-08T15:00:00+05:30,133.05,133.75,132.39,133.0,9628,0
2025-09-08T15:15:00+05:30,132.23,133.5,130.5,133.5,12430,0
2025-09-09T09:15:00+05:30,133.5,134.4,131.82,134.4,9606,0
2025-09-09T09:30:00+05:30,133.64,141.0,132.9,137.44,93602,0
2025-09-09T09:45:00+05:30,137.23,137.5,136.04,136.44,8371,0
2025-09-09T10:00:00+05:30,136.44,137.6,136.0,136.5,12313,0
2025-09-09T10:15:00+05:30,136.5,136.65,135.45,135.67,7782,0
2025-09-09T10:30:00+05:30,135.67,135.82,134.38,135.22,5340,0
2025-09-09T10:45:00+05:30,135.3,135.37,133.6,134.47,9443,0
2025-09-09T11:00:00+05:30,134.21,135.74,134.0,134.71,2536,0
2025-09-09T11:15:00+05:30,134.71,135.6,134.16,134.35,2327,0
2025-09-09T11:30:00+05:30,134.35,134.96,134.21,134.96,594,0
2025-09-09T11:45:00+05:30,134.93,135.0,134.3,134.32,3228,0
2025-09-09T12:00:00+05:30,134.32,134.34,133.6,133.6,2764,0
2025-09-09T12:15:00+05:30,133.6,134.53,133.0,133.8,1894,0
2025-09-09T12:30:00+05:30,133.8,134.14,133.8,134.0,261,0
2025-09-09T12:45:00+05:30,134.0,135.72,134.0,134.41,4370,0
2025-09-09T13:00:00+05:30,134.41,135.01,134.41,134.5,1030,0
2025-09-09T13:15:00+05:30,134.5,134.96,134.5,134.58,690,0
2025-09-09T13:30:00+05:30,134.58,134.8,134.5,134.8,283,0
2025-09-09T13:45:00+05:30,134.8,135.0,134.75,135.0,471,0
2025-09-09T14:00:00+05:30,134.6,135.0,134.58,134.59,1322,0
2025-09-09T14:15:00+05:30,134.59,134.9,134.59,134.76,110,0
2025-09-09T14:30:00+05:30,134.76,134.8,134.56,134.75,975,0
2025-09-09T14:45:00+05:30,134.75,135.0,134.6,134.6,1598,0
2025-09-09T15:00:00+05:30,134.54,134.66,133.4,134.19,5448,0
2025-09-09T15:15:00+05:30,134.09,135.88,132.2,135.88,12845,0
2025-09-10T09:15:00+05:30,134.0,137.5,133.99,135.0,14247,0
2025-09-10T09:30:00+05:30,135.09,137.5,135.09,136.0,15702,0
2025-09-10T09:45:00+05:30,136.0,136.45,135.52,135.73,1470,0
2025-09-10T10:00:00+05:30,135.74,136.13,134.93,135.35,4556,0
2025-09-10T10:15:00+05:30,135.35,135.5,135.35,135.35,309,0
2025-09-10T10:30:00+05:30,135.35,135.95,135.35,135.6,2130,0
2025-09-10T10:45:00+05:30,135.45,136.0,135.45,136.0,2024,0
2025-09-10T11:00:00+05:30,136.0,136.8,135.94,135.96,1977,0
2025-09-10T11:15:00+05:30,135.98,136.2,135.67,135.82,1260,0
2025-09-10T11:30:00+05:30,135.82,135.82,135.25,135.25,1121,0
2025-09-10T11:45:00+05:30,135.2,135.41,135.1,135.1,1150,0
2025-09-10T12:00:00+05:30,135.1,135.21,134.01,134.49,2054,0
2025-09-10T12:15:00+05:30,134.49,134.49,134.0,134.0,788,0
2025-09-10T12:30:00+05:30,134.0,134.2,134.0,134.0,909,0
2025-09-10T12:45:00+05:30,134.12,134.12,133.1,133.31,1738,0
2025-09-10T13:00:00+05:30,133.31,133.6,133.0,133.0,1320,0
2025-09-10T13:15:00+05:30,133.0,133.0,132.34,132.56,1149,0
2025-09-10T13:30:00+05:30,132.76,133.0,132.75,133.0,36,0
2025-09-10T13:45:00+05:30,133.0,133.1,132.86,133.0,232,0
2025-09-10T14:00:00+05:30,133.0,133.1,132.8,132.87,861,0
2025-09-10T14:15:00+05:30,132.87,133.36,132.8,133.36,614,0
2025-09-10T14:30:00+05:30,133.17,134.18,133.17,133.9,1023,0
2025-09-10T14:45:00+05:30,133.99,134.18,133.49,134.18,1115,0
2025-09-10T15:00:00+05:30,133.94,133.94,133.0,133.0,1823,0
2025-09-10T15:15:00+05:30,133.0,134.2,132.1,132.11,5511,0
2025-09-11T09:15:00+05:30,132.96,134.8,132.96,134.8,2848,0
2025-09-11T09:30:00+05:30,134.8,134.8,133.82,133.82,959,0
2025-09-11T09:45:00+05:30,134.28,134.4,133.0,133.78,1596,0
2025-09-11T10:00:00+05:30,133.86,133.9,133.37,133.5,311,0
2025-09-11T10:15:00+05:30,133.5,133.5,133.45,133.45,241,0
2025-09-11T10:30:00+05:30,133.4,133.69,133.01,133.59,849,0
2025-09-11T10:45:00+05:30,133.59,133.59,132.91,132.91,447,0
2025-09-11T11:00:00+05:30,132.91,133.0,132.91,133.0,189,0
2025-09-11T11:15:00+05:30,133.0,133.99,132.6,133.56,1506,0
2025-09-11T11:30:00+05:30,133.56,133.89,133.56,133.81,144,0
2025-09-11T11:45:00+05:30,133.81,133.81,133.41,133.6,202,0
2025-09-11T12:00:00+05:30,133.6,133.6,132.62,132.8,683,0
2025-09-11T12:15:00+05:30,132.8,132.8,132.65,132.8,29,0
2025-09-11T12:30:00+05:30,132.8,133.19,132.65,133.19,319,0
2025-09-11T12:45:00+05:30,133.19,133.25,133.0,133.0,185,0
2025-09-11T13:00:00+05:30,133.0,133.0,133.0,133.0,131,0
2025-09-11T13:15:00+05:30,133.0,133.6,133.0,133.6,150,0
2025-09-11T13:30:00+05:30,133.6,133.88,133.6,133.71,438,0
2025-09-11T13:45:00+05:30,133.71,133.85,133.62,133.85,1570,0
2025-09-11T14:00:00+05:30,133.85,134.5,133.31,133.93,1268,0
2025-09-11T14:15:00+05:30,133.93,134.0,133.41,134.0,863,0
2025-09-11T14:30:00+05:30,134.15,134.15,133.31,133.5,998,0
2025-09-11T14:45:00+05:30,133.42,133.79,133.31,133.79,441,0
2025-09-11T15:00:00+05:30,133.79,134.3,133.5,133.5,2455,0
2025-09-11T15:15:00+05:30,133.5,134.2,132.25,132.25,2768,0
2025-09-12T09:15:00+05:30,133.48,138.16,133.48,136.39,5031,0
2025-09-12T09:30:00+05:30,135.88,136.19,135.0,135.2,1442,0
2025-09-12T09:45:00+05:30,135.2,135.51,134.2,134.2,1212,0
2025-09-12T10:00:00+05:30,134.22,134.24,134.2,134.24,267,0
2025-09-12T10:15:00+05:30,134.24,134.78,134.24,134.4,164,0
2025-09-12T10:30:00+05:30,134.4,134.4,133.52,133.91,1831,0
2025-09-12T10:45:00+05:30,133.91,133.91,133.5,133.54,355,0
2025-09-12T11:00:00+05:30,133.54,133.7,133.51,133.52,559,0
2025-09-12T11:15:00+05:30,133.52,133.8,133.52,133.8,250,0
2025-09-12T11:30:00+05:30,133.8,134.12,133.03,134.01,2926,0
2025-09-12T11:45:00+05:30,134.01,134.17,133.81,134.17,545,0
2025-09-12T12:00:00+05:30,134.64,134.64,133.8,134.0,227,0
2025-09-12T12:15:00+05:30,134.0,134.0,133.6,133.74,509,0
2025-09-12T12:30:00+05:30,133.75,133.75,133.25,133.26,1443,0
2025-09-12T12:45:00+05:30,133.25,133.25,131.25,131.98,2692,0
2025-09-12T13:00:00+05:30,131.98,132.98,131.98,132.61,838,0
2025-09-12T13:15:00+05:30,132.61,132.75,132.5,132.56,409,0
2025-09-12T13:30:00+05:30,132.56,132.56,132.2,132.55,117,0
2025-09-12T13:45:00+05:30,132.55,132.79,132.5,132.66,113,0
2025-09-12T14:00:00+05:30,132.8,133.36,132.8,133.15,779,0
2025-09-12T14:15:00+05:30,133.15,133.17,133.0,133.0,158,0
2025-09-12T14:30:00+05:30,133.19,133.19,131.41,131.89,3310,0
2025-09-12T14:45:00+05:30,131.89,132.59,131.7,132.5,1349,0
2025-09-12T15:00:00+05:30,132.5,132.5,131.5,132.06,1401,0
2025-09-12T15:15:00+05:30,132.06,133.45,131.9,133.45,3291,0
2025-09-15T09:15:00+05:30,133.7,134.0,126.8,133.0,7205,0
2025-09-15T09:30:00+05:30,132.95,132.95,131.79,132.47,1937,0
2025-09-15T09:45:00+05:30,132.67,132.67,132.4,132.48,16,0
2025-09-15T10:00:00+05:30,132.48,132.48,131.73,131.73,265,0
2025-09-15T10:15:00+05:30,131.73,132.29,131.12,131.59,3355,0
2025-09-15T10:30:00+05:30,131.17,131.47,131.0,131.29,1231,0
2025-09-15T10:45:00+05:30,131.29,132.14,131.01,132.14,1726,0
2025-09-15T11:00:00+05:30,132.14,132.3,132.1,132.3,954,0
2025-09-15T11:15:00+05:30,132.3,132.3,132.19,132.3,300,0
2025-09-15T11:30:00+05:30,132.3,132.3,131.63,131.63,396,0
2025-09-15T11:45:00+05:30,131.63,131.8,130.44,131.08,3422,0
2025-09-15T12:00:00+05:30,131.35,131.58,131.24,131.58,407,0
2025-09-15T12:15:00+05:30,131.58,131.79,131.12,131.12,243,0
2025-09-15T12:30:00+05:30,131.12,131.69,130.41,130.64,1111,0
2025-09-15T12:45:00+05:30,130.64,130.72,129.2,129.4,6109,0
2025-09-15T13:00:00+05:30,129.5,130.29,129.21,130.29,1012,0
2025-09-15T13:15:00+05:30,130.29,130.29,129.52,129.52,600,0
2025-09-15T13:30:00+05:30,129.52,129.81,129.52,129.6,509,0
2025-09-15T13:45:00+05:30,129.6,130.0,129.6,130.0,51,0
2025-09-15T14:00:00+05:30,130.0,130.0,129.66,129.99,2029,0
2025-09-15T14:15:00+05:30,129.99,129.99,129.21,129.21,1428,0
2025-09-15T14:30:00+05:30,129.21,129.79,129.21,129.79,3406,0
2025-09-15T14:45:00+05:30,129.9,129.9,129.5,129.7,865,0
2025-09-15T15:00:00+05:30,129.7,129.7,129.2,129.3,5331,0
2025-09-15T15:15:00+05:30,129.3,129.81,128.4,129.5,10652,0
2025-09-16T09:15:00+05:30,129.5,131.86,129.5,131.46,7035,0
2025-09-16T09:30:00+05:30,131.08,131.62,130.21,130.57,2094,0
2025-09-16T09:45:00+05:30,130.72,131.62,130.72,131.41,2426,0
2025-09-16T10:00:00+05:30,131.16,131.47,130.02,130.38,1124,0
2025-09-16T10:15:00+05:30,130.38,130.59,130.38,130.49,266,0
2025-09-16T10:30:00+05:30,130.49,130.75,130.49,130.75,18,0
2025-09-16T10:45:00+05:30,130.75,131.5,130.49,131.13,2114,0
2025-09-16T11:00:00+05:30,131.48,131.63,131.33,131.63,623,0
2025-09-16T11:15:00+05:30,131.63,131.63,131.43,131.62,50,0
2025-09-16T11:30:00+05:30,131.62,131.63,131.27,131.27,831,0
2025-09-16T11:45:00+05:30,131.27,131.27,131.04,131.26,80,0
2025-09-16T12:00:00+05:30,131.26,131.26,130.0,130.56,3211,0
2025-09-16T12:15:00+05:30,130.56,131.04,130.56,130.7,28,0
2025-09-16T12:30:00+05:30,130.72,131.63,130.56,131.01,775,0
2025-09-16T12:45:00+05:30,131.01,131.02,130.98,131.02,69,0
2025-09-16T13:00:00+05:30,131.02,131.46,130.86,131.26,681,0
2025-09-16T13:15:00+05:30,131.26,131.26,130.73,131.0,560,0
2025-09-16T13:30:00+05:30,131.0,131.0,129.25,129.25,5256,0
2025-09-16T13:45:00+05:30,129.5,131.8,128.75,129.66,83519,0
2025-09-16T14:00:00+05:30,129.86,130.17,129.39,130.0,1163,0
2025-09-16T14:15:00+05:30,130.0,130.0,129.69,130.0,1933,0
2025-09-16T14:30:00+05:30,130.1,131.75,130.1,131.74,4704,0
2025-09-16T14:45:00+05:30,131.72,132.49,131.72,132.25,4670,0
2025-09-16T15:00:00+05:30,132.25,132.25,130.99,131.4,3144,0
2025-09-16T15:15:00+05:30,131.42,131.95,130.5,130.5,5649,0
2025-09-17T09:15:00+05:30,131.9,133.0,129.11,132.1,10863,0
2025-09-17T09:30:00+05:30,132.1,132.35,131.8,132.0,614,0
2025-09-17T09:45:00+05:30,132.33,132.6,131.81,132.29,3073,0
2025-09-17T10:00:00+05:30,132.25,132.51,132.25,132.51,1193,0
2025-09-17T10:15:00+05:30,132.51,132.51,132.28,132.28,36,0
2025-09-17T10:30:00+05:30,132.28,132.36,132.0,132.0,229,0
2025-09-17T10:45:00+05:30,131.68,132.19,131.68,132.03,308,0
2025-09-17T11:00:00+05:30,132.03,132.03,131.42,131.94,2108,0
2025-09-17T11:15:00+05:30,131.94,132.16,131.5,131.6,435,0
2025-09-17T11:30:00+05:30,131.61,131.62,131.42,131.51,112,0
2025-09-17T11:45:00+05:30,131.51,131.51,131.31,131.31,96,0
2025-09-17T12:00:00+05:30,131.32,131.74,131.31,131.74,176,0
2025-09-17T12:15:00+05:30,131.95,131.95,131.65,131.67,2193,0
2025-09-17T12:30:00+05:30,131.67,131.67,131.5,131.5,399,0
2025-09-17T12:45:00+05:30,131.5,131.5,130.55,130.89,777,0
2025-09-17T13:00:00+05:30,130.89,130.89,130.2,130.63,2801,0
2025-09-17T13:15:00+05:30,130.63,130.63,130.4,130.4,38,0
2025-09-17T13:30:00+05:30,130.4,130.83,130.4,130.83,501,0
2025-09-17T13:45:00+05:30,130.83,130.83,130.76,130.8,280,0
2025-09-17T14:00:00+05:30,130.8,130.8,130.3,130.46,453,0
2025-09-17T14:15:00+05:30,130.17,130.4,130.0,130.21,830,0
2025-09-17T14:30:00+05:30,130.26,130.46,129.9,130.0,3133,0
2025-09-17T14:45:00+05:30,130.0,130.0,130.0,130.0,1366,0
2025-09-17T15:00:00+05:30,130.0,130.46,129.97,130.21,2580,0
2025-09-17T15:15:00+05:30,130.11,130.2,129.01,129.11,2140,0
2025-09-18T09:15:00+05:30,129.82,131.46,129.82,130.61,2560,0
2025-09-18T09:30:00+05:30,130.61,130.61,130.02,130.61,481,0
2025-09-18T09:45:00+05:30,130.61,131.7,130.24,131.6,3899,0
2025-09-18T10:00:00+05:30,131.6,132.55,131.01,132.55,4271,0
2025-09-18T10:15:00+05:30,132.6,132.81,132.41,132.53,2670,0
2025-09-18T10:30:00+05:30,132.53,132.53,130.89,131.3,7255,0
2025-09-18T10:45:00+05:30,131.2,131.29,131.0,131.29,88,0
2025-09-18T11:00:00+05:30,131.29,132.15,131.29,132.12,2274,0
2025-09-18T11:15:00+05:30,132.15,133.43,131.91,133.43,7919,0
2025-09-18T11:30:00+05:30,133.3,137.49,133.3,136.57,38578,0
2025-09-18T11:45:00+05:30,136.56,136.56,134.11,134.11,9157,0
2025-09-18T12:00:00+05:30,134.11,135.0,134.0,134.48,8332,0
2025-09-18T12:15:00+05:30,134.5,134.5,133.42,133.7,3845,0
2025-09-18T12:30:00+05:30,133.7,133.7,133.37,133.5,2453,0
2025-09-18T12:45:00+05:30,133.5,133.78,133.17,133.26,1993,0
2025-09-18T13:00:00+05:30,133.43,133.56,133.1,133.15,2766,0
2025-09-18T13:15:00+05:30,133.15,133.15,132.64,132.95,2533,0
2025-09-18T13:30:00+05:30,132.95,132.95,132.75,132.85,512,0
2025-09-18T13:45:00+05:30,132.85,133.19,131.02,131.7,12092,0
2025-09-18T14:00:00+05:30,131.8,132.31,131.55,132.29,1809,0
2025-09-18T14:15:00+05:30,131.71,132.38,131.58,132.0,1457,0
2025-09-18T14:30:00+05:30,132.34,132.5,131.51,131.51,1320,0
2025-09-18T14:45:00+05:30,131.51,132.39,131.5,132.37,1015,0
2025-09-18T15:00:00+05:30,132.37,132.5,131.41,132.5,3076,0
2025-09-18T15:15:00+05:30,132.58,133.8,131.6,133.8,6411,0
2025-09-19T09:15:00+05:30,133.7,133.7,127.8,130.31,11629,0
2025-09-19T09:30:00+05:30,130.31,130.58,129.55,129.84,6230,0
2025-09-19T09:45:00+05:30,129.65,130.09,129.3,129.51,4390,0
2025-09-19T10:00:00+05:30,129.9,130.5,129.0,129.03,10194,0
2025-09-19T10:15:00+05:30,129.04,130.06,129.04,129.53,3933,0
2025-09-19T10:30:00+05:30,129.53,129.85,129.4,129.4,3576,0
2025-09-19T10:45:00+05:30,129.13,129.46,128.6,128.6,3947,0
2025-09-19T11:00:00+05:30,128.65,129.0,128.31,128.5,4082,0
2025-09-19T11:15:00+05:30,128.5,128.78,128.31,128.31,3466,0
2025-09-19T11:30:00+05:30,128.31,129.9,128.31,128.94,5533,0
2025-09-19T11:45:00+05:30,128.8,128.81,128.2,128.21,3009,0
2025-09-19T12:00:00+05:30,128.21,128.66,128.1,128.11,2802,0
2025-09-19T12:15:00+05:30,128.11,128.55,128.1,128.3,3173,0
2025-09-19T12:30:00+05:30,128.3,128.49,128.1,128.12,3155,0
2025-09-19T12:45:00+05:30,128.12,129.45,128.12,129.02,6880,0
2025-09-19T13:00:00+05:30,129.02,129.37,129.02,129.37,210,0
2025-09-19T13:15:00+05:30,129.37,129.48,129.37,129.48,124,0
2025-09-19T13:30:00+05:30,129.37,129.66,129.35,129.66,546,0
2025-09-19T13:45:00+05:30,129.66,129.9,129.65,129.9,213,0
2025-09-19T14:00:00+05:30,129.9,129.9,129.66,129.66,190,0
2025-09-19T14:15:00+05:30,129.66,129.96,129.66,129.66,460,0
2025-09-19T14:30:00+05:30,129.66,129.88,129.3,129.38,593,0
2025-09-19T14:45:00+05:30,129.38,129.42,129.21,129.42,198,0
2025-09-19T15:00:00+05:30,129.42,130.0,129.05,129.39,7784,0
2025-09-19T15:15:00+05:30,129.3,129.78,129.05,129.05,4355,0
2025-09-22T09:15:00+05:30,127.1,130.49,127.1,130.21,1497,0
2025-09-22T09:30:00+05:30,130.21,130.8,130.2,130.8,3227,0
2025-09-22T09:45:00+05:30,130.82,131.0,130.51,130.54,1925,0
2025-09-22T10:00:00+05:30,130.76,130.8,130.56,130.77,78,0
2025-09-22T10:15:00+05:30,130.77,130.77,129.63,129.63,1394,0
2025-09-22T10:30:00+05:30,129.96,130.04,129.59,129.87,214,0
2025-09-22T10:45:00+05:30,129.87,129.99,129.82,129.99,28,0
2025-09-22T11:00:00+05:30,129.99,130.77,129.94,130.36,1301,0
2025-09-22T11:15:00+05:30,129.92,129.92,129.22,129.4,1183,0
2025-09-22T11:30:00+05:30,129.4,129.4,129.0,129.0,303,0
2025-09-22T11:45:00+05:30,129.0,129.5,129.0,129.36,479,0
2025-09-22T12:00:00+05:30,129.54,132.1,129.54,132.07,9357,0
2025-09-22T12:15:00+05:30,132.07,132.07,131.28,131.28,607,0
2025-09-22T12:30:00+05:30,131.28,131.6,131.27,131.6,267,0
2025-09-22T12:45:00+05:30,131.6,131.6,130.51,130.51,748,0
2025-09-22T13:00:00+05:30,130.53,131.19,130.42,130.65,823,0
2025-09-22T13:15:00+05:30,130.65,131.29,130.65,131.29,35,0
2025-09-22T13:30:00+05:30,131.29,131.4,130.47,130.47,716,0
2025-09-22T13:45:00+05:30,130.47,130.47,130.23,130.23,308,0
2025-09-22T14:00:00+05:30,130.23,130.29,130.0,130.0,1541,0
2025-09-22T14:15:00+05:30,130.0,130.28,130.0,130.02,355,0
2025-09-22T14:30:00+05:30,130.18,130.18,129.87,130.08,291,0
2025-09-22T14:45:00+05:30,129.88,130.02,129.35,129.35,1160,0
2025-09-22T15:00:00+05:30,129.15,129.67,129.1,129.48,156,0
2025-09-22T15:15:00+05:30,129.44,131.28,129.23,131.28,3468,0
2025-09-23T09:15:00+05:30,129.11,132.0,129.11,131.8,4903,0
2025-09-23T09:30:00+05:30,131.85,131.99,130.59,131.67,2321,0
2025-09-23T09:45:00+05:30,131.64,131.64,130.35,130.35,1041,0
2025-09-23T10:00:00+05:30,130.35,130.79,130.35,130.41,381,0
2025-09-23T10:15:00+05:30,130.41,131.26,130.41,130.94,2924,0
2025-09-23T10:30:00+05:30,130.94,131.08,130.3,130.32,901,0
2025-09-23T10:45:00+05:30,130.32,136.79,130.32,133.03,49952,0
2025-09-23T11:00:00+05:30,133.4,133.47,131.42,132.52,16499,0
2025-09-23T11:15:00+05:30,132.52,133.5,132.17,132.31,1815,0
2025-09-23T11:30:00+05:30,132.31,132.74,132.29,132.34,665,0
2025-09-23T11:45:00+05:30,132.36,133.64,132.26,132.32,1800,0
2025-09-23T12:00:00+05:30,132.32,132.92,132.32,132.72,810,0
2025-09-23T12:15:00+05:30,133.01,133.01,132.66,132.72,1067,0
2025-09-23T12:30:00+05:30,132.72,132.9,132.7,132.71,427,0
2025-09-23T12:45:00+05:30,132.71,133.81,132.71,133.25,9379,0
2025-09-23T13:00:00+05:30,133.25,133.5,133.2,133.5,3677,0
2025-09-23T13:15:00+05:30,133.5,135.5,133.5,134.43,6928,0
2025-09-23T13:30:00+05:30,134.37,134.38,134.2,134.26,4868,0
2025-09-23T13:45:00+05:30,134.26,136.0,134.26,134.27,7212,0
2025-09-23T14:00:00+05:30,134.27,135.8,134.27,135.41,5296,0
2025-09-23T14:15:00+05:30,135.0,135.37,134.58,135.0,2446,0
2025-09-23T14:30:00+05:30,135.0,135.5,134.97,135.5,2701,0
2025-09-23T14:45:00+05:30,135.5,135.5,135.0,135.0,1935,0
2025-09-23T15:00:00+05:30,135.02,135.2,134.9,135.0,7173,0
2025-09-23T15:15:00+05:30,135.0,135.8,134.91,135.8,15413,0
2025-09-24T09:15:00+05:30,135.23,135.9,134.23,135.09,6033,0
2025-09-24T09:30:00+05:30,134.56,135.27,134.0,134.05,4235,0
2025-09-24T09:45:00+05:30,134.05,134.31,134.0,134.1,632,0
2025-09-24T10:00:00+05:30,134.1,134.44,134.1,134.1,415,0
2025-09-24T10:15:00+05:30,134.1,134.71,134.1,134.49,1462,0
2025-09-24T10:30:00+05:30,134.49,134.49,133.5,133.69,4230,0
2025-09-24T10:45:00+05:30,133.51,133.9,133.51,133.63,133,0
2025-09-24T11:00:00+05:30,133.63,133.63,133.5,133.61,1621,0
2025-09-24T11:15:00+05:30,133.61,133.64,133.6,133.64,778,0
2025-09-24T11:30:00+05:30,133.64,134.0,133.6,133.61,1533,0
2025-09-24T11:45:00+05:30,133.6,134.0,133.6,133.62,808,0
2025-09-24T12:00:00+05:30,133.62,133.62,133.16,133.6,1272,0
2025-09-24T12:15:00+05:30,133.6,133.6,133.6,133.6,246,0
2025-09-24T12:30:00+05:30,133.6,134.0,133.6,133.6,1092,0
2025-09-24T12:45:00+05:30,133.6,133.6,133.4,133.59,265,0
2025-09-24T13:00:00+05:30,133.59,133.59,133.25,133.25,226,0
2025-09-24T13:15:00+05:30,133.25,133.28,133.25,133.28,438,0
2025-09-24T13:30:00+05:30,133.28,133.58,133.28,133.58,571,0
2025-09-24T13:45:00+05:30,133.58,133.58,133.28,133.3,142,0
2025-09-24T14:00:00+05:30,133.3,133.56,133.13,133.32,412,0
2025-09-24T14:15:00+05:30,133.32,134.0,133.32,133.32,2485,0
2025-09-24T14:30:00+05:30,133.32,133.44,133.1,133.1,4595,0
2025-09-24T14:45:00+05:30,133.1,133.2,133.1,133.2,828,0
2025-09-24T15:00:00+05:30,133.2,133.27,133.13,133.13,54,0
2025-09-24T15:15:00+05:30,133.13,134.4,132.0,132.0,7905,0
2025-09-25T09:15:00+05:30,133.0,133.06,130.25,132.53,18677,0
2025-09-25T09:30:00+05:30,132.53,132.53,132.06,132.12,520,0
2025-09-25T09:45:00+05:30,132.12,132.13,132.12,132.13,88,0
2025-09-25T10:00:00+05:30,132.13,132.45,131.8,131.8,1485,0
2025-09-25T10:15:00+05:30,131.8,132.07,131.8,131.8,1038,0
2025-09-25T10:30:00+05:30,131.8,133.48,131.8,132.19,6196,0
2025-09-25T10:45:00+05:30,132.19,132.3,132.19,132.3,127,0
2025-09-25T11:00:00+05:30,132.3,132.3,132.14,132.3,300,0
2025-09-25T11:15:00+05:30,132.3,132.3,132.08,132.3,1143,0
2025-09-25T11:30:00+05:30,132.05,132.17,131.8,131.8,29,0
2025-09-25T11:45:00+05:30,131.7,131.7,131.25,131.51,703,0
2025-09-25T12:00:00+05:30,131.51,131.51,131.02,131.02,299,0
2025-09-25T12:15:00+05:30,131.29,131.79,131.2,131.32,546,0
2025-09-25T12:30:00+05:30,131.32,131.32,131.0,131.29,190,0
2025-09-25T12:45:00+05:30,131.29,131.34,131.29,131.34,48,0
2025-09-25T13:00:00+05:30,131.34,131.34,131.05,131.05,77,0
2025-09-25T13:15:00+05:30,131.05,131.11,131.05,131.1,154,0
2025-09-25T13:30:00+05:30,131.1,131.1,131.0,131.02,589,0
2025-09-25T13:45:00+05:30,131.02,131.19,131.0,131.0,70,0
2025-09-25T14:00:00+05:30,131.2,131.2,130.74,130.74,932,0
2025-09-25T14:15:00+05:30,130.74,130.78,130.43,130.78,540,0
2025-09-25T14:30:00+05:30,130.45,131.24,130.32,130.86,1031,0
2025-09-25T14:45:00+05:30,130.86,131.07,130.25,130.41,249,0
2025-09-25T15:00:00+05:30,130.41,131.0,130.0,130.37,2743,0
2025-09-25T15:15:00+05:30,130.34,132.5,130.17,130.3,7422,0
2025-09-26T09:15:00+05:30,130.45,130.57,129.25,129.5,3755,0
2025-09-26T09:30:00+05:30,129.5,129.5,128.72,129.05,3196,0
2025-09-26T09:45:00+05:30,129.05,129.74,129.0,129.7,1186,0
2025-09-26T10:00:00+05:30,129.7,129.7,129.47,129.47,205,0
2025-09-26T10:15:00+05:30,129.47,129.47,129.15,129.35,85,0
2025-09-26T10:30:00+05:30,129.35,129.5,129.27,129.5,325,0
2025-09-26T10:45:00+05:30,129.5,129.5,129.43,129.5,1025,0
2025-09-26T11:00:00+05:30,129.25,129.47,129.17,129.42,244,0
2025-09-26T11:15:00+05:30,129.42,129.42,129.1,129.1,120,0
2025-09-26T11:30:00+05:30,129.1,129.1,129.05,129.05,179,0
2025-09-26T11:45:00+05:30,129.05,129.07,128.81,128.83,514,0
2025-09-26T12:00:00+05:30,128.83,128.9,128.83,128.9,31,0
2025-09-26T12:15:00+05:30,128.9,129.04,128.83,128.83,1550,0
2025-09-26T12:30:00+05:30,128.83,128.84,128.41,128.44,1324,0
2025-09-26T12:45:00+05:30,128.68,128.69,128.5,128.5,197,0
2025-09-26T13:00:00+05:30,128.5,128.64,128.5,128.5,208,0
2025-09-26T13:15:00+05:30,128.51,128.6,128.2,128.2,567,0
2025-09-26T13:30:00+05:30,128.2,128.76,128.2,128.76,350,0
2025-09-26T13:45:00+05:30,128.76,128.76,128.22,128.26,1584,0
2025-09-26T14:00:00+05:30,128.27,128.5,128.26,128.33,825,0
2025-09-26T14:15:00+05:30,128.33,128.33,127.9,127.9,3409,0
2025-09-26T14:30:00+05:30,127.9,128.17,127.89,127.91,480,0
2025-09-26T14:45:00+05:30,127.91,128.21,127.91,127.91,937,0
2025-09-26T15:00:00+05:30,127.91,128.0,127.6,127.77,1044,0
2025-09-26T15:15:00+05:30,127.62,128.33,127.25,128.33,3536,0
2025-09-29T09:15:00+05:30,128.3,129.36,127.25,129.36,3112,0
2025-09-29T09:30:00+05:30,129.28,132.0,129.22,130.59,6068,0
2025-09-29T09:45:00+05:30,130.98,131.41,130.61,131.09,2099,0
2025-09-29T10:00:00+05:30,130.92,130.92,130.86,130.86,39,0
2025-09-29T10:15:00+05:30,130.86,131.06,130.24,130.5,2579,0
2025-09-29T10:30:00+05:30,130.5,130.5,129.72,129.98,389,0
2025-09-29T10:45:00+05:30,129.98,129.98,128.57,128.9,2236,0
2025-09-29T11:00:00+05:30,128.9,129.89,128.55,128.79,2152,0
2025-09-29T11:15:00+05:30,129.17,129.17,128.61,129.0,754,0
2025-09-29T11:30:00+05:30,129.0,129.0,128.42,128.93,1014,0
2025-09-29T11:45:00+05:30,128.93,128.93,128.0,128.0,897,0
2025-09-29T12:00:00+05:30,127.91,128.76,127.91,128.31,1647,0
2025-09-29T12:15:00+05:30,128.31,128.31,128.31,128.31,0,0
2025-09-29T12:30:00+05:30,128.31,128.58,128.31,128.5,240,0
2025-09-29T12:45:00+05:30,128.5,128.79,128.5,128.79,1,0
2025-09-29T13:00:00+05:30,128.79,128.79,128.79,128.79,0,0
2025-09-29T13:15:00+05:30,128.79,128.88,128.1,128.85,1550,0
2025-09-29T13:30:00+05:30,128.85,128.99,127.5,127.5,1838,0
2025-09-29T13:45:00+05:30,127.5,127.5,127.11,127.15,1658,0
2025-09-29T14:00:00+05:30,127.63,127.88,127.15,127.88,784,0
2025-09-29T14:15:00+05:30,127.88,128.5,127.88,128.5,428,0
2025-09-29T14:30:00+05:30,128.5,128.78,128.5,128.5,278,0
2025-09-29T14:45:00+05:30,128.5,129.1,128.21,129.1,1725,0
2025-09-29T15:00:00+05:30,129.13,129.68,128.51,128.62,1504,0
2025-09-29T15:15:00+05:30,128.68,130.22,128.0,130.0,5612,0
2025-09-30T09:15:00+05:30,129.27,131.0,129.27,130.5,2794,0
2025-09-30T09:30:00+05:30,130.94,131.0,130.13,130.33,570,0
2025-09-30T09:45:00+05:30,130.33,130.33,129.21,129.25,2024,0
2025-09-30T10:00:00+05:30,129.25,129.85,129.25,129.77,62,0
2025-09-30T10:15:00+05:30,129.74,129.74,129.25,129.25,1220,0
2025-09-30T10:30:00+05:30,129.25,129.5,129.25,129.37,636,0
2025-09-30T10:45:00+05:30,129.37,129.98,129.37,129.98,589,0
2025-09-30T11:00:00+05:30,129.98,129.98,129.62,129.74,260,0
2025-09-30T11:15:00+05:30,129.74,129.87,129.49,129.49,311,0
2025-09-30T11:30:00+05:30,129.49,129.49,129.49,129.49,0,0
2025-09-30T11:45:00+05:30,129.49,129.83,129.49,129.68,2,0
2025-09-30T12:00:00+05:30,129.68,129.85,129.54,129.85,235,0
2025-09-30T12:15:00+05:30,129.85,130.0,129.63,130.0,315,0
2025-09-30T12:30:00+05:30,130.0,130.0,129.83,129.83,2,0
2025-09-30T12:45:00+05:30,129.83,129.85,129.64,129.85,42,0
2025-09-30T13:00:00+05:30,129.85,129.85,129.18,129.2,1218,0
2025-09-30T13:15:00+05:30,129.2,129.2,129.05,129.2,725,0
2025-09-30T13:30:00+05:30,129.2,129.2,128.7,128.7,917,0
2025-09-30T13:45:00+05:30,128.7,128.71,128.11,128.11,1189,0
2025-09-30T14:00:00+05:30,128.11,128.12,128.11,128.11,52,0
2025-09-30T14:15:00+05:30,128.11,128.26,128.0,128.01,185,0
2025-09-30T14:30:00+05:30,128.01,128.21,128.0,128.12,1083,0
2025-09-30T14:45:00+05:30,128.1,128.27,128.08,128.27,83,0
2025-09-30T15:00:00+05:30,128.24,128.45,127.8,128.33,2176,0
2025-09-30T15:15:00+05:30,128.31,128.9,128.01,128.9,2308,0
2025-10-01T09:15:00+05:30,128.25,131.2,126.53,131.0,6238,0
2025-10-01T09:30:00+05:30,130.61,131.0,130.42,130.42,1243,0
2025-10-01T09:45:00+05:30,130.37,130.42,129.47,129.49,478,0
2025-10-01T10:00:00+05:30,129.51,129.75,129.51,129.75,22,0
2025-10-01T10:15:00+05:30,129.75,129.75,129.41,129.41,250,0
2025-10-01T10:30:00+05:30,129.41,129.64,129.41,129.5,99,0
2025-10-01T10:45:00+05:30,129.5,131.2,129.1,129.48,10607,0
2025-10-01T11:00:00+05:30,129.57,129.6,128.47,128.76,3532,0
2025-10-01T11:15:00+05:30,128.77,129.25,128.25,129.25,1563,0
2025-10-01T11:30:00+05:30,129.29,129.29,129.05,129.07,871,0
2025-10-01T11:45:00+05:30,129.07,129.07,128.73,128.73,178,0
2025-10-01T12:00:00+05:30,128.64,129.17,128.5,129.17,985,0
2025-10-01T12:15:00+05:30,129.17,129.26,129.17,129.26,100,0
2025-10-01T12:30:00+05:30,129.26,129.26,129.17,129.17,10,0
2025-10-01T12:45:00+05:30,129.17,129.24,129.17,129.24,1,0
2025-10-01T13:00:00+05:30,129.24,129.5,129.13,129.47,1142,0
2025-10-01T13:15:00+05:30,129.47,129.47,129.33,129.33,283,0
2025-10-01T13:30:00+05:30,129.33,129.5,129.32,129.38,1823,0
2025-10-01T13:45:00+05:30,129.38,129.84,129.12,129.65,3510,0
2025-10-01T14:00:00+05:30,129.78,129.9,129.18,129.18,241,0
2025-10-01T14:15:00+05:30,129.18,129.52,129.18,129.34,244,0
2025-10-01T14:30:00+05:30,129.34,129.46,128.51,129.46,3917,0
2025-10-01T14:45:00+05:30,129.46,129.46,129.43,129.43,467,0
2025-10-01T15:00:00+05:30,129.43,129.43,128.9,129.22,6541,0
2025-10-01T15:15:00+05:30,129.22,129.25,128.0,128.33,5384,0
2025-10-03T09:15:00+05:30,128.3,131.46,128.3,130.0,2329,0
2025-10-03T09:30:00+05:30,130.0,130.0,129.97,130.0,273,0
2025-10-03T09:45:00+05:30,130.0,130.0,129.2,129.83,594,0
2025-10-03T10:00:00+05:30,129.83,130.0,129.31,129.31,6005,0
2025-10-03T10:15:00+05:30,129.31,130.0,128.85,129.11,9138,0
2025-10-03T10:30:00+05:30,129.11,129.56,128.68,128.68,1880,0
2025-10-03T10:45:00+05:30,128.97,129.26,128.97,129.26,304,0
2025-10-03T11:00:00+05:30,129.26,129.26,129.22,129.22,183,0
2025-10-03T11:15:00+05:30,129.22,129.61,129.22,129.61,139,0
2025-10-03T11:30:00+05:30,129.61,129.61,129.4,129.58,105,0
2025-10-03T11:45:00+05:30,129.58,129.58,129.4,129.55,301,0
2025-10-03T12:00:00+05:30,129.4,129.6,129.23,129.43,2271,0
2025-10-03T12:15:00+05:30,129.43,129.43,129.2,129.2,28,0
2025-10-03T12:30:00+05:30,129.2,129.21,129.2,129.2,29,0
2025-10-03T12:45:00+05:30,129.2,129.44,129.0,129.32,1263,0
2025-10-03T13:00:00+05:30,129.32,129.32,129.07,129.07,110,0
2025-10-03T13:15:00+05:30,129.27,129.3,129.25,129.3,61,0
2025-10-03T13:30:00+05:30,129.3,129.3,129.27,129.27,1,0
2025-10-03T13:45:00+05:30,129.27,129.27,129.05,129.12,464,0
2025-10-03T14:00:00+05:30,129.12,129.12,128.86,129.12,406,0
2025-10-03T14:15:00+05:30,129.12,129.3,129.0,129.29,1141,0
2025-10-03T14:30:00+05:30,129.29,129.6,129.29,129.58,1415,0
2025-10-03T14:45:00+05:30,129.58,130.0,129.45,129.99,5520,0
2025-10-03T15:00:00+05:30,129.98,129.99,129.42,129.98,904,0
2025-10-03T15:15:00+05:30,129.61,129.99,129.0,129.95,2498,0
2025-10-06T09:15:00+05:30,130.0,130.65,128.91,129.86,3776,0
2025-10-06T09:30:00+05:30,129.75,129.8,128.6,128.9,1921,0
2025-10-06T09:45:00+05:30,128.9,129.59,128.71,128.99,1726,0
2025-10-06T10:00:00+05:30,128.99,128.99,128.71,128.71,36,0
2025-10-06T10:15:00+05:30,128.71,128.79,128.71,128.79,140,0
2025-10-06T10:30:00+05:30,128.79,129.21,128.79,129.0,486,0
2025-10-06T10:45:00+05:30,129.0,129.0,129.0,129.0,0,0
2025-10-06T11:00:00+05:30,128.99,128.99,128.27,128.55,975,0
2025-10-06T11:15:00+05:30,128.55,128.6,128.51,128.6,201,0
2025-10-06T11:30:00+05:30,128.6,129.38,128.6,128.82,1217,0
2025-10-06T11:45:00+05:30,128.82,128.82,128.2,128.78,371,0
2025-10-06T12:00:00+05:30,128.78,128.78,128.37,128.37,279,0
2025-10-06T12:15:00+05:30,128.37,128.4,127.57,127.6,3058,0
2025-10-06T12:30:00+05:30,127.59,127.9,127.57,127.9,434,0
2025-10-06T12:45:00+05:30,127.9,127.9,127.8,127.8,312,0
2025-10-06T13:00:00+05:30,127.8,127.94,127.8,127.94,51,0
2025-10-06T13:15:00+05:30,127.94,127.99,127.93,127.99,35,0
2025-10-06T13:30:00+05:30,127.99,127.99,127.36,127.36,1067,0
2025-10-06T13:45:00+05:30,127.36,127.4,127.22,127.3,171,0
2025-10-06T14:00:00+05:30,127.3,127.55,127.22,127.55,981,0
2025-10-06T14:15:00+05:30,127.54,127.55,127.34,127.34,362,0
2025-10-06T14:30:00+05:30,127.34,127.5,127.22,127.42,1649,0
2025-10-06T14:45:00+05:30,127.42,127.42,127.22,127.23,381,0
2025-10-06T15:00:00+05:30,127.23,127.42,127.15,127.2,271,0
2025-10-06T15:15:00+05:30,127.2,128.0,127.2,127.5,7411,0
2025-10-07T09:15:00+05:30,127.56,128.44,127.56,128.44,595,0
2025-10-07T09:30:00+05:30,128.44,128.89,128.22,128.89,993,0
2025-10-07T09:45:00+05:30,128.68,128.72,127.5,128.2,3576,0
2025-10-07T10:00:00+05:30,128.2,128.21,128.2,128.21,96,0
2025-10-07T10:15:00+05:30,128.21,128.21,127.1,127.61,3230,0
2025-10-07T10:30:00+05:30,127.62,127.75,127.32,127.55,505,0
2025-10-07T10:45:00+05:30,127.55,127.8,126.8,127.0,1154,0
2025-10-07T11:00:00+05:30,127.0,127.05,126.53,126.85,714,0
2025-10-07T11:15:00+05:30,126.85,126.97,126.5,126.5,336,0
2025-10-07T11:30:00+05:30,126.5,126.68,125.36,126.1,4291,0
2025-10-07T11:45:00+05:30,126.1,126.58,126.1,126.58,224,0
2025-10-07T12:00:00+05:30,126.58,126.58,126.1,126.1,333,0
2025-10-07T12:15:00+05:30,126.32,126.38,126.02,126.02,315,0
2025-10-07T12:30:00+05:30,126.02,126.05,126.02,126.05,36,0
2025-10-07T12:45:00+05:30,126.05,126.05,126.05,126.05,0,0
2025-10-07T13:00:00+05:30,126.06,126.06,125.5,125.94,2572,0
2025-10-07T13:15:00+05:30,125.91,125.91,125.3,125.3,3136,0
2025-10-07T13:30:00+05:30,125.3,125.59,125.3,125.59,20,0
2025-10-07T13:45:00+05:30,125.59,125.75,125.59,125.59,184,0
2025-10-07T14:00:00+05:30,125.59,125.59,125.41,125.42,85,0
2025-10-07T14:15:00+05:30,125.42,125.58,125.2,125.2,962,0
2025-10-07T14:30:00+05:30,125.11,125.2,124.72,125.0,3731,0
2025-10-07T14:45:00+05:30,125.0,125.3,125.0,125.26,128,0
2025-10-07T15:00:00+05:30,125.08,125.36,125.05,125.34,680,0
2025-10-07T15:15:00+05:30,125.34,125.59,125.0,125.48,3352,0
2025-10-08T09:15:00+05:30,124.2,126.3,124.2,125.3,6300,0
2025-10-08T09:30:00+05:30,125.3,125.49,124.64,125.49,6194,0
2025-10-08T09:45:00+05:30,125.49,125.49,124.96,125.11,901,0
2025-10-08T10:00:00+05:30,125.29,125.48,125.1,125.1,942,0
2025-10-08T10:15:00+05:30,125.1,125.37,125.09,125.16,1568,0
2025-10-08T10:30:00+05:30,125.16,125.49,124.87,125.28,5045,0
2025-10-08T10:45:00+05:30,125.28,125.49,125.23,125.23,666,0
2025-10-08T11:00:00+05:30,125.23,125.23,125.23,125.23,0,0
2025-10-08T11:15:00+05:30,125.23,125.23,124.0,124.1,7494,0
2025-10-08T11:30:00+05:30,124.33,124.76,124.0,124.52,672,0
2025-10-08T11:45:00+05:30,124.52,124.6,124.3,124.3,295,0
2025-10-08T12:00:00+05:30,124.3,124.8,124.3,124.8,2017,0
2025-10-08T12:15:00+05:30,124.8,124.8,123.5,123.87,5037,0
2025-10-08T12:30:00+05:30,123.87,124.36,123.87,124.04,546,0
2025-10-08T12:45:00+05:30,124.0,124.24,123.61,123.69,990,0
2025-10-08T13:00:00+05:30,123.69,124.1,123.69,124.1,237,0
2025-10-08T13:15:00+05:30,124.1,124.11,124.1,124.11,11,0
2025-10-08T13:30:00+05:30,124.11,124.15,123.9,123.9,193,0
2025-10-08T13:45:00+05:30,123.9,124.19,123.9,124.19,4,0
2025-10-08T14:00:00+05:30,124.19,124.19,123.66,123.66,337,0
2025-10-08T14:15:00+05:30,123.66,123.89,123.53,123.84,974,0
2025-10-08T14:30:00+05:30,123.84,124.29,123.84,124.1,2260,0
2025-10-08T14:45:00+05:30,124.1,124.3,124.1,124.28,194,0
2025-10-08T15:00:00+05:30,124.28,124.37,124.24,124.3,273,0
2025-10-08T15:15:00+05:30,124.3,124.78,124.11,124.78,1327,0
2025-10-09T09:15:00+05:30,123.2,124.89,123.2,124.35,284,0
2025-10-09T09:30:00+05:30,124.35,124.41,123.25,123.98,1999,0
2025-10-09T09:45:00+05:30,123.5,123.5,122.22,123.03,7861,0
2025-10-09T10:00:00+05:30,123.03,123.23,122.63,123.02,1114,0
2025-10-09T10:15:00+05:30,122.83,122.83,122.2,122.32,2625,0
2025-10-09T10:30:00+05:30,122.33,122.79,122.22,122.77,959,0
2025-10-09T10:45:00+05:30,122.77,122.83,122.2,122.2,587,0
2025-10-09T11:00:00+05:30,122.2,122.25,122.2,122.25,599,0
2025-10-09T11:15:00+05:30,122.25,122.71,122.25,122.5,87,0
2025-10-09T11:30:00+05:30,122.5,122.5,122.25,122.4,294,0
2025-10-09T11:45:00+05:30,122.4,122.42,122.0,122.0,2421,0
2025-10-09T12:00:00+05:30,122.0,122.33,122.0,122.33,400,0
2025-10-09T12:15:00+05:30,122.33,122.33,122.0,122.0,201,0
2025-10-09T12:30:00+05:30,122.06,122.57,122.03,122.4,206,0
2025-10-09T12:45:00+05:30,122.4,122.5,122.13,122.13,81,0
2025-10-09T13:00:00+05:30,122.13,122.4,122.13,122.4,8,0
2025-10-09T13:15:00+05:30,122.4,122.4,121.65,122.28,2401,0
2025-10-09T13:30:00+05:30,122.09,122.4,121.87,122.4,1361,0
2025-10-09T13:45:00+05:30,122.4,122.4,121.75,121.75,250,0
2025-10-09T14:00:00+05:30,122.09,122.4,121.95,122.4,487,0
2025-10-09T14:15:00+05:30,122.35,122.35,122.27,122.27,22,0
2025-10-09T14:30:00+05:30,122.27,122.35,122.02,122.34,561,0
2025-10-09T14:45:00+05:30,122.34,122.35,122.0,122.35,36,0
2025-10-09T15:00:00+05:30,122.35,122.4,121.81,122.03,1093,0
2025-10-09T15:15:00+05:30,122.22,122.37,121.99,122.37,3650,0
2025-10-10T09:15:00+05:30,121.01,124.0,121.01,123.61,3726,0
2025-10-10T09:30:00+05:30,123.81,124.53,123.17,124.18,2581,0
2025-10-10T09:45:00+05:30,124.18,124.18,124.0,124.0,1053,0
2025-10-10T10:00:00+05:30,123.98,127.0,123.69,125.58,77483,0
2025-10-10T10:15:00+05:30,125.61,125.95,125.0,125.35,3286,0
2025-10-10T10:30:00+05:30,125.35,125.35,123.2,123.48,5791,0
2025-10-10T10:45:00+05:30,123.49,124.01,123.48,123.68,1023,0
2025-10-10T11:00:00+05:30,123.68,124.18,123.64,124.01,1098,0
2025-10-10T11:15:00+05:30,124.01,124.2,123.75,123.76,470,0
2025-10-10T11:30:00+05:30,123.76,125.4,123.46,123.62,10319,0
2025-10-10T11:45:00+05:30,123.62,123.94,123.5,123.59,301,0
2025-10-10T12:00:00+05:30,123.59,123.9,123.55,123.56,516,0
2025-10-10T12:15:00+05:30,123.56,124.06,123.51,123.85,537,0
2025-10-10T12:30:00+05:30,123.85,124.19,123.75,123.79,293,0
2025-10-10T12:45:00+05:30,123.79,124.18,123.7,123.7,527,0
2025-10-10T13:00:00+05:30,123.7,124.13,123.6,123.63,464,0
2025-10-10T13:15:00+05:30,123.63,123.97,123.6,123.62,284,0
2025-10-10T13:30:00+05:30,123.64,124.11,123.6,123.7,482,0
2025-10-10T13:45:00+05:30,123.7,124.36,123.62,123.64,298,0
2025-10-10T14:00:00+05:30,123.64,123.97,123.5,123.5,676,0
2025-10-10T14:15:00+05:30,123.5,123.65,123.5,123.5,236,0
2025-10-10T14:30:00+05:30,123.5,124.44,123.5,124.25,437,0
2025-10-10T14:45:00+05:30,124.13,124.47,124.12,124.47,747,0
2025-10-10T15:00:00+05:30,124.47,124.47,123.55,124.0,1453,0
2025-10-10T15:15:00+05:30,123.74,124.75,120.9,121.82,21160,0
2025-10-13T09:15:00+05:30,122.35,123.01,121.5,122.45,4892,0
2025-10-13T09:30:00+05:30,122.59,122.59,121.92,122.2,1181,0
2025-10-13T09:45:00+05:30,122.2,122.93,122.18,122.18,1175,0
2025-10-13T10:00:00+05:30,122.42,122.98,122.42,122.98,794,0
2025-10-13T10:15:00+05:30,123.09,123.19,122.45,122.7,540,0
2025-10-13T10:30:00+05:30,122.7,122.9,122.67,122.67,181,0
2025-10-13T10:45:00+05:30,122.67,122.81,122.67,122.75,336,0
2025-10-13T11:00:00+05:30,122.57,122.75,122.57,122.74,95,0
2025-10-13T11:15:00+05:30,122.74,123.38,122.69,122.69,1376,0
2025-10-13T11:30:00+05:30,122.69,122.88,122.68,122.68,361,0
2025-10-13T11:45:00+05:30,122.5,122.5,122.21,122.21,276,0
2025-10-13T12:00:00+05:30,122.56,122.56,122.56,122.56,1,0
2025-10-13T12:15:00+05:30,122.53,122.53,122.16,122.16,801,0
2025-10-13T12:30:00+05:30,122.16,122.16,122.16,122.16,7,0
2025-10-13T12:45:00+05:30,122.42,122.59,122.42,122.59,181,0
2025-10-13T13:00:00+05:30,122.6,122.81,122.05,122.05,2500,0
2025-10-13T13:15:00+05:30,122.05,122.25,122.05,122.25,4,0
2025-10-13T13:30:00+05:30,122.25,122.47,122.11,122.47,103,0
2025-10-13T13:45:00+05:30,122.47,122.53,122.17,122.53,71,0
2025-10-13T14:00:00+05:30,122.46,122.46,122.46,122.46,1,0
2025-10-13T14:15:00+05:30,122.46,122.5,122.0,122.29,3911,0
2025-10-13T14:30:00+05:30,122.29,122.47,122.0,122.01,925,0
2025-10-13T14:45:00+05:30,122.01,122.01,121.05,121.05,1824,0
2025-10-13T15:00:00+05:30,121.32,121.53,121.05,121.49,449,0
2025-10-13T15:15:00+05:30,121.49,121.49,120.6,121.0,3099,0
2025-10-14T09:15:00+05:30,120.15,122.05,120.15,121.62,5250,0
2025-10-14T09:30:00+05:30,121.62,121.81,121.33,121.49,370,0
2025-10-14T09:45:00+05:30,121.49,121.49,120.31,120.78,1768,0
2025-10-14T10:00:00+05:30,120.78,120.78,120.3,120.3,391,0
2025-10-14T10:15:00+05:30,120.3,120.91,120.2,120.42,276,0
2025-10-14T10:30:00+05:30,120.42,120.75,120.3,120.45,295,0
2025-10-14T10:45:00+05:30,120.45,120.73,120.35,120.35,239,0
2025-10-14T11:00:00+05:30,120.35,120.63,119.21,119.97,3984,0
2025-10-14T11:15:00+05:30,119.77,120.4,119.1,119.52,3222,0
2025-10-14T11:30:00+05:30,119.52,120.02,119.52,120.01,126,0
2025-10-14T11:45:00+05:30,120.01,120.29,119.53,120.29,1089,0
2025-10-14T12:00:00+05:30,120.25,120.38,119.92,120.21,398,0
2025-10-14T12:15:00+05:30,120.2,120.39,119.8,119.8,635,0
2025-10-14T12:30:00+05:30,119.99,120.39,119.71,120.14,751,0
2025-10-14T12:45:00+05:30,120.14,120.14,120.1,120.1,4,0
2025-10-14T13:00:00+05:30,120.1,120.1,120.09,120.1,15,0
2025-10-14T13:15:00+05:30,120.0,120.0,118.5,118.95,4103,0
2025-10-14T13:30:00+05:30,119.01,119.47,119.01,119.01,154,0
2025-10-14T13:45:00+05:30,119.49,120.0,119.49,119.85,3789,0
2025-10-14T14:00:00+05:30,119.85,119.86,119.85,119.86,58,0
2025-10-14T14:15:00+05:30,119.89,119.89,119.25,119.5,794,0
2025-10-14T14:30:00+05:30,119.5,119.83,119.0,119.59,4216,0
2025-10-14T14:45:00+05:30,119.59,119.68,119.22,119.6,737,0
2025-10-14T15:00:00+05:30,119.6,119.6,118.81,118.82,1953,0
2025-10-14T15:15:00+05:30,118.82,119.15,118.0,118.75,3512,0
2025-10-15T09:15:00+05:30,118.67,119.84,118.67,119.7,543,0
2025-10-15T09:30:00+05:30,119.7,119.8,119.0,119.42,1814,0
2025-10-15T09:45:00+05:30,119.42,120.4,119.34,119.95,2105,0
2025-10-15T10:00:00+05:30,119.95,119.95,119.21,119.21,619,0
2025-10-15T10:15:00+05:30,119.21,120.19,119.21,120.19,682,0
2025-10-15T10:30:00+05:30,120.25,120.4,120.04,120.39,418,0
2025-10-15T10:45:00+05:30,120.39,120.39,119.97,120.07,235,0
2025-10-15T11:00:00+05:30,120.07,120.35,119.53,119.53,759,0
2025-10-15T11:15:00+05:30,119.53,120.03,119.0,119.05,1185,0
2025-10-15T11:30:00+05:30,119.02,119.9,119.0,119.22,1065,0
2025-10-15T11:45:00+05:30,119.41,119.59,119.02,119.5,583,0
2025-10-15T12:00:00+05:30,119.5,119.8,119.47,119.47,532,0
2025-10-15T12:15:00+05:30,119.47,119.47,119.0,119.0,425,0
2025-10-15T12:30:00+05:30,119.0,119.43,119.0,119.0,370,0
2025-10-15T12:45:00+05:30,119.0,119.44,118.8,119.01,1486,0
2025-10-15T13:00:00+05:30,119.01,119.36,118.5,119.21,1040,0
2025-10-15T13:15:00+05:30,119.21,119.5,118.51,119.17,1261,0
2025-10-15T13:30:00+05:30,119.14,119.29,118.81,118.81,1631,0
2025-10-15T13:45:00+05:30,118.81,119.18,118.81,118.82,1382,0
2025-10-15T14:00:00+05:30,118.82,119.44,118.82,119.44,281,0
2025-10-15T14:15:00+05:30,119.44,119.49,119.37,119.47,155,0
2025-10-15T14:30:00+05:30,119.47,119.5,119.37,119.5,150,0
2025-10-15T14:45:00+05:30,119.66,119.78,118.84,119.77,1611,0
2025-10-15T15:00:00+05:30,119.28,119.6,119.28,119.55,156,0
2025-10-15T15:15:00+05:30,119.55,119.8,119.0,119.0,2057,0
2025-10-16T09:15:00+05:30,119.64,121.29,119.5,121.0,1551,0
2025-10-16T09:30:00+05:30,121.1,121.26,120.77,120.82,768,0
2025-10-16T09:45:00+05:30,120.82,120.82,120.21,120.52,799,0
2025-10-16T10:00:00+05:30,120.52,120.99,120.47,120.96,330,0
2025-10-16T10:15:00+05:30,120.96,120.96,120.0,120.4,1917,0
2025-10-16T10:30:00+05:30,120.34,120.67,120.28,120.67,637,0
2025-10-16T10:45:00+05:30,120.67,120.67,120.5,120.5,488,0
2025-10-16T11:00:00+05:30,120.5,120.5,120.1,120.15,601,0
2025-10-16T11:15:00+05:30,120.15,120.39,120.15,120.17,61,0
2025-10-16T11:30:00+05:30,120.35,120.49,120.35,120.48,506,0
2025-10-16T11:45:00+05:30,120.48,120.85,120.48,120.85,506,0
2025-10-16T12:00:00+05:30,120.85,121.57,120.15,121.29,2151,0
2025-10-16T12:15:00+05:30,121.29,121.61,121.0,121.02,1697,0
2025-10-16T12:30:00+05:30,121.02,121.03,121.02,121.03,14,0
2025-10-16T12:45:00+05:30,121.03,121.63,121.0,121.43,454,0
2025-10-16T13:00:00+05:30,121.43,121.43,121.43,121.43,0,0
2025-10-16T13:15:00+05:30,121.43,121.79,121.31,121.31,1566,0
2025-10-16T13:30:00+05:30,121.31,121.46,121.02,121.02,462,0
2025-10-16T13:45:00+05:30,121.02,121.02,121.02,121.02,0,0
2025-10-16T14:00:00+05:30,121.02,121.4,121.02,121.35,494,0
2025-10-16T14:15:00+05:30,121.35,121.35,121.05,121.35,144,0
2025-10-16T14:30:00+05:30,121.35,121.74,121.35,121.74,650,0
2025-10-16T14:45:00+05:30,121.8,122.7,121.43,121.43,4617,0
2025-10-16T15:00:00+05:30,121.43,121.77,120.22,120.28,5371,0
2025-10-16T15:15:00+05:30,121.29,121.3,120.32,120.41,1446,0
2025-10-17T09:15:00+05:30,120.94,121.41,120.94,121.41,210,0
2025-10-17T09:30:00+05:30,121.41,121.41,121.04,121.04,45,0
2025-10-17T09:45:00+05:30,121.03,121.11,121.03,121.06,231,0
2025-10-17T10:00:00+05:30,121.06,121.12,121.06,121.11,182,0
2025-10-17T10:15:00+05:30,121.11,122.08,121.1,121.51,1312,0
2025-10-17T10:30:00+05:30,121.48,121.48,121.44,121.44,3,0
2025-10-17T10:45:00+05:30,121.44,121.99,121.14,121.39,948,0
2025-10-17T11:00:00+05:30,121.39,121.89,121.39,121.89,9,0
2025-10-17T11:15:00+05:30,121.89,121.99,121.57,121.99,106,0
2025-10-17T11:30:00+05:30,121.99,121.99,121.03,121.03,798,0
2025-10-17T11:45:00+05:30,121.03,121.04,121.03,121.04,604,0
2025-10-17T12:00:00+05:30,121.04,121.05,121.04,121.05,115,0
2025-10-17T12:15:00+05:30,121.05,121.05,121.04,121.04,798,0
2025-10-17T12:30:00+05:30,121.04,122.01,118.75,120.48,7029,0
2025-10-17T12:45:00+05:30,120.48,120.48,119.2,119.58,795,0
2025-10-17T13:00:00+05:30,119.58,120.02,119.3,120.02,1548,0
2025-10-17T13:15:00+05:30,120.0,120.0,119.58,119.58,270,0
2025-10-17T13:30:00+05:30,119.58,119.78,119.58,119.72,43,0
2025-10-17T13:45:00+05:30,119.72,120.04,119.5,119.5,303,0
2025-10-17T14:00:00+05:30,119.5,119.98,119.5,119.98,130,0
2025-10-17T14:15:00+05:30,119.98,119.98,119.25,119.25,1751,0
2025-10-17T14:30:00+05:30,119.81,119.98,119.51,119.98,7,0
2025-10-17T14:45:00+05:30,119.98,120.09,119.62,119.73,399,0
2025-10-17T15:00:00+05:30,119.73,119.73,119.68,119.73,20,0
2025-10-17T15:15:00+05:30,119.86,120.29,119.45,119.45,1254,0
2025-10-20T09:15:00+05:30,120.8,120.98,120.01,120.14,2123,0
2025-10-20T09:30:00+05:30,120.1,120.36,119.86,120.17,842,0
2025-10-20T09:45:00+05:30,120.17,120.17,119.45,119.97,330,0
2025-10-20T10:00:00+05:30,119.97,119.97,119.62,119.96,465,0
2025-10-20T10:15:00+05:30,119.96,119.96,119.12,119.59,728,0
2025-10-20T10:30:00+05:30,119.59,119.59,119.47,119.52,50,0
2025-10-20T10:45:00+05:30,119.52,119.52,119.06,119.28,209,0
2025-10-20T11:00:00+05:30,119.41,119.41,119.1,119.1,198,0
2025-10-20T11:15:00+05:30,119.1,119.14,119.0,119.01,113,0
2025-10-20T11:30:00+05:30,119.01,119.38,118.71,119.31,231,0
2025-10-20T11:45:00+05:30,119.31,119.35,119.31,119.35,1,0
2025-10-20T12:00:00+05:30,119.35,121.0,118.81,119.58,3271,0
2025-10-20T12:15:00+05:30,120.22,120.69,119.23,120.69,1228,0
2025-10-20T12:30:00+05:30,120.04,120.04,119.81,119.81,254,0
2025-10-20T12:45:00+05:30,119.81,120.88,119.81,120.22,320,0
2025-10-20T13:00:00+05:30,120.22,120.3,120.22,120.3,10,0
2025-10-20T13:15:00+05:30,120.3,120.76,120.3,120.76,22,0
2025-10-20T13:30:00+05:30,120.76,120.76,120.01,120.01,130,0
2025-10-20T13:45:00+05:30,120.01,120.01,120.01,120.01,0,0
2025-10-20T14:00:00+05:30,120.27,120.82,119.97,120.82,354,0
2025-10-20T14:15:00+05:30,120.82,120.82,120.08,120.15,220,0
2025-10-20T14:30:00+05:30,120.17,120.74,120.15,120.31,494,0
2025-10-20T14:45:00+05:30,120.31,120.88,120.15,120.2,652,0
2025-10-20T15:00:00+05:30,120.2,120.84,120.07,120.84,1420,0
2025-10-20T15:15:00+05:30,120.19,120.7,119.8,120.1,1348,0
2025-10-21T13:45:00+05:30,120.24,124.6,118.0,123.91,8798,0
2025-10-21T14:00:00+05:30,123.91,124.0,120.68,121.9,5796,0
2025-10-21T14:15:00+05:30,121.79,121.99,120.62,120.62,4030,0
2025-10-21T14:30:00+05:30,120.62,121.5,120.5,121.0,2702,0
2025-10-23T09:15:00+05:30,121.09,122.9,121.09,122.9,1948,0
2025-10-23T09:30:00+05:30,122.9,122.91,121.4,122.43,7392,0
2025-10-23T09:45:00+05:30,122.43,122.99,122.43,122.9,798,0
2025-10-23T10:00:00+05:30,122.9,122.9,122.0,122.0,880,0
2025-10-23T10:15:00+05:30,121.75,122.3,121.52,121.89,507,0
2025-10-23T10:30:00+05:30,121.89,121.89,121.36,121.74,588,0
2025-10-23T10:45:00+05:30,121.74,121.74,121.01,121.59,891,0
2025-10-23T11:00:00+05:30,121.59,121.59,121.3,121.3,18,0
2025-10-23T11:15:00+05:30,121.3,121.37,121.1,121.35,180,0
2025-10-23T11:30:00+05:30,121.2,121.25,120.93,120.93,561,0
2025-10-23T11:45:00+05:30,120.93,120.93,120.9,120.9,87,0
2025-10-23T12:00:00+05:30,121.12,121.25,121.0,121.22,145,0
2025-10-23T12:15:00+05:30,121.22,121.75,121.22,121.75,767,0
2025-10-23T12:30:00+05:30,121.75,121.75,121.35,121.35,50,0
2025-10-23T12:45:00+05:30,121.35,121.57,121.35,121.45,112,0
2025-10-23T13:00:00+05:30,121.45,121.45,121.13,121.13,219,0
2025-10-23T13:15:00+05:30,121.13,121.36,121.13,121.36,37,0
2025-10-23T13:30:00+05:30,121.4,121.4,121.37,121.37,911,0
2025-10-23T13:45:00+05:30,121.37,121.37,121.37,121.37,0,0
2025-10-23T14:00:00+05:30,121.37,121.37,121.1,121.3,316,0
2025-10-23T14:15:00+05:30,121.3,121.3,120.62,120.62,718,0
2025-10-23T14:30:00+05:30,120.89,120.9,120.85,120.88,1563,0
2025-10-23T14:45:00+05:30,120.86,120.9,120.68,120.68,2170,0
2025-10-23T15:00:00+05:30,120.9,121.4,120.7,120.98,2038,0
2025-10-23T15:15:00+05:30,120.98,120.99,120.5,120.5,2292,0
2025-10-24T09:15:00+05:30,120.78,124.59,120.78,122.63,5713,0
2025-10-24T09:30:00+05:30,122.94,123.36,122.32,122.32,3438,0
2025-10-24T09:45:00+05:30,122.32,123.5,122.3,123.35,4114,0
2025-10-24T10:00:00+05:30,123.5,124.4,123.36,124.03,8224,0
2025-10-24T10:15:00+05:30,124.03,124.03,122.85,123.9,1227,0
2025-10-24T10:30:00+05:30,123.9,123.9,123.01,123.3,680,0
2025-10-24T10:45:00+05:30,123.3,123.44,123.12,123.12,107,0
2025-10-24T11:00:00+05:30,123.12,123.3,122.5,122.56,465,0
2025-10-24T11:15:00+05:30,122.56,122.85,122.56,122.85,212,0
2025-10-24T11:30:00+05:30,122.85,123.0,122.4,122.46,1782,0
2025-10-24T11:45:00+05:30,122.46,122.46,122.46,122.46,10,0
2025-10-24T12:00:00+05:30,122.46,123.58,122.46,123.57,423,0
2025-10-24T12:15:00+05:30,123.57,123.57,122.72,122.72,43,0
2025-10-24T12:30:00+05:30,122.72,122.77,122.72,122.77,1,0
2025-10-24T12:45:00+05:30,122.77,123.0,122.77,122.77,106,0
2025-10-24T13:00:00+05:30,122.79,123.05,122.61,122.61,405,0
2025-10-24T13:15:00+05:30,122.61,122.83,122.6,122.6,18,0
2025-10-24T13:30:00+05:30,122.6,122.9,122.5,122.9,1146,0
2025-10-24T13:45:00+05:30,122.9,123.29,122.61,123.29,263,0
2025-10-24T14:00:00+05:30,123.29,123.29,122.98,122.98,16,0
2025-10-24T14:15:00+05:30,122.98,123.55,122.98,123.02,517,0
2025-10-24T14:30:00+05:30,123.02,123.02,121.4,121.5,8239,0
2025-10-24T14:45:00+05:30,121.5,122.29,121.5,122.29,1564,0
2025-10-24T15:00:00+05:30,122.29,122.99,122.29,122.98,1460,0
2025-10-24T15:15:00+05:30,122.98,122.98,122.0,122.0,2847,0
2025-10-27T09:15:00+05:30,122.65,126.0,122.65,124.64,17814,0
2025-10-27T09:30:00+05:30,124.85,125.0,124.24,124.25,5157,0
2025-10-27T09:45:00+05:30,124.25,124.49,124.06,124.47,508,0
2025-10-27T10:00:00+05:30,124.39,124.98,123.7,123.7,6763,0
2025-10-27T10:15:00+05:30,123.7,124.35,123.61,123.7,1943,0
2025-10-27T10:30:00+05:30,123.7,124.3,123.45,123.79,3186,0
2025-10-27T10:45:00+05:30,123.79,123.79,123.5,123.65,690,0
2025-10-27T11:00:00+05:30,123.94,124.5,123.94,124.14,4398,0
2025-10-27T11:15:00+05:30,124.4,124.94,124.08,124.94,1066,0
2025-10-27T11:30:00+05:30,124.16,124.19,124.16,124.16,440,0
2025-10-27T11:45:00+05:30,124.16,124.17,124.05,124.05,100,0
2025-10-27T12:00:00+05:30,124.05,124.06,124.03,124.03,51,0
2025-10-27T12:15:00+05:30,124.09,124.12,124.0,124.0,1233,0
2025-10-27T12:30:00+05:30,124.0,124.41,124.0,124.07,107,0
2025-10-27T12:45:00+05:30,124.07,124.07,124.0,124.0,105,0
2025-10-27T13:00:00+05:30,124.15,124.27,124.0,124.27,1300,0
2025-10-27T13:15:00+05:30,124.27,124.73,124.27,124.68,423,0
2025-10-27T13:30:00+05:30,124.67,124.7,124.0,124.12,4118,0
2025-10-27T13:45:00+05:30,124.12,124.13,124.12,124.13,5,0
2025-10-27T14:00:00+05:30,124.13,124.38,124.13,124.2,540,0
2025-10-27T14:15:00+05:30,124.2,124.58,124.2,124.41,491,0
2025-10-27T14:30:00+05:30,124.5,125.38,124.33,124.35,4688,0
2025-10-27T14:45:00+05:30,124.53,124.97,124.2,124.21,2669,0
2025-10-27T15:00:00+05:30,124.21,124.7,124.21,124.53,1646,0
2025-10-27T15:15:00+05:30,124.41,125.08,124.22,124.77,6619,0
2025-10-28T09:15:00+05:30,124.5,125.54,123.5,124.26,4817,0
2025-10-28T09:30:00+05:30,124.54,125.35,124.39,125.08,4179,0
2025-10-28T09:45:00+05:30,125.02,126.0,124.35,126.0,9924,0
2025-10-28T10:00:00+05:30,124.29,125.99,124.28,125.83,1403,0
2025-10-28T10:15:00+05:30,125.51,125.99,124.13,124.72,1526,0
2025-10-28T10:30:00+05:30,124.74,126.2,124.62,126.01,5056,0
2025-10-28T10:45:00+05:30,126.01,126.09,124.55,124.87,2130,0
2025-10-28T11:00:00+05:30,124.87,125.06,124.87,124.99,300,0
2025-10-28T11:15:00+05:30,125.0,125.35,125.0,125.25,1052,0
2025-10-28T11:30:00+05:30,125.25,125.35,125.01,125.16,957,0
2025-10-28T11:45:00+05:30,125.22,125.22,124.5,125.12,2410,0
2025-10-28T12:00:00+05:30,125.11,125.11,124.4,125.0,4522,0
2025-10-28T12:15:00+05:30,125.0,125.5,124.86,124.86,3491,0
2025-10-28T12:30:00+05:30,125.0,126.0,124.54,125.5,2436,0
2025-10-28T12:45:00+05:30,125.6,125.61,124.61,125.05,2088,0
2025-10-28T13:00:00+05:30,125.05,125.35,124.8,124.8,637,0
2025-10-28T13:15:00+05:30,124.8,126.0,124.8,125.51,1055,0
2025-10-28T13:30:00+05:30,125.86,125.99,125.17,125.39,859,0
2025-10-28T13:45:00+05:30,125.76,125.94,125.24,125.47,549,0
2025-10-28T14:00:00+05:30,125.68,125.9,124.83,125.66,1664,0
2025-10-28T14:15:00+05:30,125.74,126.1,121.01,122.14,35877,0
2025-10-28T14:30:00+05:30,122.77,123.76,121.6,122.69,13483,0
2025-10-28T14:45:00+05:30,123.5,123.9,121.5,123.9,14070,0
2025-10-28T15:00:00+05:30,123.91,124.17,122.0,123.84,14947,0
2025-10-28T15:15:00+05:30,123.83,124.0,122.1,122.64,13513,0
2025-10-29T09:15:00+05:30,122.1,122.17,119.36,119.61,13775,0
2025-10-29T09:30:00+05:30,119.61,119.61,116.31,116.93,23550,0
2025-10-29T09:45:00+05:30,116.84,117.73,116.0,116.83,20867,0
2025-10-29T10:00:00+05:30,116.83,117.0,115.31,115.95,17826,0
2025-10-29T10:15:00+05:30,115.95,116.72,115.77,116.72,11084,0
2025-10-29T10:30:00+05:30,116.7,117.28,116.45,116.68,6830,0
2025-10-29T10:45:00+05:30,116.65,117.15,116.61,117.07,1040,0
2025-10-29T11:00:00+05:30,117.12,117.85,117.0,117.13,11648,0
2025-10-29T11:15:00+05:30,117.33,117.48,117.0,117.0,2063,0
2025-10-29T11:30:00+05:30,117.17,117.25,116.4,116.85,3400,0
2025-10-29T11:45:00+05:30,116.85,116.85,116.7,116.7,853,0
2025-10-29T12:00:00+05:30,116.7,116.82,116.7,116.78,1240,0
2025-10-29T12:15:00+05:30,116.78,117.25,116.66,116.81,3223,0
2025-10-29T12:30:00+05:30,116.81,117.0,116.7,116.99,1556,0
2025-10-29T12:45:00+05:30,116.99,117.19,116.87,116.97,1435,0
2025-10-29T13:00:00+05:30,116.99,117.0,116.69,116.91,2443,0
2025-10-29T13:15:00+05:30,116.92,117.16,116.68,117.16,2634,0
2025-10-29T13:30:00+05:30,117.16,117.16,116.75,116.75,1896,0
2025-10-29T13:45:00+05:30,116.76,117.33,116.76,116.83,3096,0
2025-10-29T14:00:00+05:30,117.18,117.5,116.76,117.12,3083,0
2025-10-29T14:15:00+05:30,117.24,118.0,117.02,117.12,6447,0
2025-10-29T14:30:00+05:30,117.25,118.55,117.24,117.51,7198,0
2025-10-29T14:45:00+05:30,117.51,117.62,117.3,117.3,2297,0
2025-10-29T15:00:00+05:30,117.53,117.7,117.53,117.61,820,0
2025-10-29T15:15:00+05:30,117.61,117.69,117.0,117.39,11226,0
2025-10-30T09:15:00+05:30,117.0,119.14,116.59,118.0,4836,0
2025-10-30T09:30:00+05:30,118.0,118.44,118.0,118.44,3606,0
2025-10-30T09:45:00+05:30,118.31,118.31,117.62,117.62,1812,0
2025-10-30T10:00:00+05:30,117.72,118.37,117.72,118.12,850,0
2025-10-30T10:15:00+05:30,117.92,118.25,117.82,117.99,443,0
2025-10-30T10:30:00+05:30,117.99,118.25,117.88,118.2,1060,0
2025-10-30T10:45:00+05:30,118.2,118.25,117.9,118.0,1213,0
2025-10-30T11:00:00+05:30,118.0,118.19,118.0,118.19,25,0
2025-10-30T11:15:00+05:30,118.0,118.25,118.0,118.1,1005,0
2025-10-30T11:30:00+05:30,118.1,118.1,117.88,118.1,351,0
2025-10-30T11:45:00+05:30,118.1,118.1,117.88,118.09,282,0
2025-10-30T12:00:00+05:30,118.09,118.09,118.09,118.09,100,0
2025-10-30T12:15:00+05:30,118.09,118.25,117.9,118.1,793,0
2025-10-30T12:30:00+05:30,118.24,118.25,118.24,118.25,629,0
2025-10-30T12:45:00+05:30,118.25,118.25,118.15,118.25,283,0
2025-10-30T13:00:00+05:30,118.24,118.25,118.23,118.23,112,0
2025-10-30T13:15:00+05:30,118.23,118.23,117.88,117.88,740,0
2025-10-30T13:30:00+05:30,117.88,117.88,117.8,117.8,530,0
2025-10-30T13:45:00+05:30,117.65,117.98,117.0,117.17,3122,0
2025-10-30T14:00:00+05:30,117.62,117.8,117.62,117.8,11,0
2025-10-30T14:15:00+05:30,117.79,117.8,117.5,117.72,1333,0
2025-10-30T14:30:00+05:30,117.72,117.8,117.72,117.8,55,0
2025-10-30T14:45:00+05:30,117.98,117.99,117.51,117.51,734,0
2025-10-30T15:00:00+05:30,117.51,117.97,117.51,117.53,490,0
2025-10-30T15:15:00+05:30,117.53,118.13,117.53,117.53,561,0
2025-10-31T09:15:00+05:30,117.92,118.8,117.88,118.23,1359,0
2025-10-31T09:30:00+05:30,118.23,118.23,116.51,117.0,3149,0
2025-10-31T09:45:00+05:30,117.0,117.13,116.5,117.0,2893,0
2025-10-31T10:00:00+05:30,117.21,117.39,117.14,117.24,390,0
2025-10-31T10:15:00+05:30,117.24,117.42,117.21,117.4,907,0
2025-10-31T10:30:00+05:30,117.4,117.4,116.88,116.88,1116,0
2025-10-31T10:45:00+05:30,116.88,116.88,116.88,116.88,0,0
2025-10-31T11:00:00+05:30,116.88,116.92,116.88,116.89,812,0
2025-10-31T11:15:00+05:30,117.03,117.24,116.86,117.24,553,0
2025-10-31T11:30:00+05:30,117.24,117.24,117.17,117.17,2,0
2025-10-31T11:45:00+05:30,117.17,117.17,116.61,116.63,740,0
2025-10-31T12:00:00+05:30,116.63,116.67,116.0,116.2,2054,0
2025-10-31T12:15:00+05:30,116.2,116.61,116.2,116.2,30,0
2025-10-31T12:30:00+05:30,116.2,117.0,116.2,116.45,1035,0
2025-10-31T12:45:00+05:30,116.45,116.5,116.0,116.5,2136,0
2025-10-31T13:00:00+05:30,116.49,116.79,116.2,116.62,1675,0
2025-10-31T13:15:00+05:30,116.62,116.68,116.62,116.68,1,0
2025-10-31T13:30:00+05:30,116.68,116.68,116.68,116.68,0,0
2025-10-31T13:45:00+05:30,116.67,116.78,116.51,116.54,686,0
2025-10-31T14:00:00+05:30,116.54,116.93,116.54,116.93,34,0
2025-10-31T14:15:00+05:30,116.93,116.93,116.5,116.5,394,0
2025-10-31T14:30:00+05:30,116.79,116.79,116.7,116.78,130,0
2025-10-31T14:45:00+05:30,116.79,116.97,116.78,116.78,190,0
2025-10-31T15:00:00+05:30,116.78,116.95,116.5,116.81,2261,0
2025-10-31T15:15:00+05:30,116.81,117.0,116.2,117.0,4108,0
2025-11-03T09:15:00+05:30,116.63,117.66,115.0,117.43,2567,0
2025-11-03T09:30:00+05:30,117.45,117.45,116.96,117.08,652,0
2025-11-03T09:45:00+05:30,117.13,117.14,116.96,116.96,2537,0
2025-11-03T10:00:00+05:30,116.96,116.96,116.62,116.62,2036,0
2025-11-03T10:15:00+05:30,116.62,116.69,116.12,116.12,927,0
2025-11-03T10:30:00+05:30,116.14,117.0,116.14,116.95,2627,0
2025-11-03T10:45:00+05:30,116.95,117.0,116.51,117.0,901,0
2025-11-03T11:00:00+05:30,117.0,117.0,116.88,116.98,106,0
2025-11-03T11:15:00+05:30,116.98,116.98,116.67,116.67,148,0
2025-11-03T11:30:00+05:30,116.67,116.95,116.67,116.95,2,0
2025-11-03T11:45:00+05:30,116.95,118.06,116.95,118.06,2963,0
2025-11-03T12:00:00+05:30,117.84,117.96,117.66,117.66,955,0
2025-11-03T12:15:00+05:30,117.66,117.69,117.66,117.69,50,0
2025-11-03T12:30:00+05:30,117.69,117.69,117.69,117.69,0,0
2025-11-03T12:45:00+05:30,117.69,117.89,117.66,117.66,38,0
2025-11-03T13:00:00+05:30,117.66,118.5,117.66,118.5,2576,0
2025-11-03T13:15:00+05:30,118.5,118.5,118.0,118.0,242,0
2025-11-03T13:30:00+05:30,118.0,118.0,117.96,117.96,130,0
2025-11-03T13:45:00+05:30,117.96,118.49,117.95,118.49,600,0
2025-11-03T14:00:00+05:30,118.06,118.15,118.02,118.02,388,0
2025-11-03T14:15:00+05:30,118.02,118.02,118.01,118.01,69,0
2025-11-03T14:30:00+05:30,118.01,118.01,117.83,117.83,11,0
2025-11-03T14:45:00+05:30,117.83,118.48,117.7,117.7,1031,0
2025-11-03T15:00:00+05:30,117.7,117.7,116.64,117.41,1940,0
2025-11-03T15:15:00+05:30,116.8,118.0,116.01,118.0,3883,0
2025-11-04T09:15:00+05:30,116.16,117.22,116.16,116.55,517,0
2025-11-04T09:30:00+05:30,116.74,116.74,116.26,116.32,734,0
2025-11-04T09:45:00+05:30,116.32,116.72,116.32,116.58,78,0
2025-11-04T10:00:00+05:30,116.58,116.63,116.58,116.61,38,0
2025-11-04T10:15:00+05:30,116.61,116.96,116.55,116.55,1010,0
2025-11-04T10:30:00+05:30,116.55,117.0,116.55,116.99,602,0
2025-11-04T10:45:00+05:30,116.96,120.04,116.96,118.75,12688,0
2025-11-04T11:00:00+05:30,118.82,122.0,118.21,120.0,17965,0
2025-11-04T11:15:00+05:30,119.24,119.24,116.56,118.11,13592,0
2025-11-04T11:30:00+05:30,118.11,118.11,116.5,117.24,11358,0
2025-11-04T11:45:00+05:30,117.24,117.74,117.24,117.74,411,0
2025-11-04T12:00:00+05:30,117.74,117.96,117.5,117.5,1146,0
2025-11-04T12:15:00+05:30,117.5,117.88,117.35,117.4,645,0
2025-11-04T12:30:00+05:30,117.4,117.88,117.4,117.88,1091,0
2025-11-04T12:45:00+05:30,117.88,117.99,117.55,117.76,1145,0
2025-11-04T13:00:00+05:30,117.76,117.76,117.76,117.76,12,0
2025-11-04T13:15:00+05:30,117.76,117.76,117.2,117.21,3358,0
2025-11-04T13:30:00+05:30,117.21,117.33,117.21,117.33,2,0
2025-11-04T13:45:00+05:30,117.3,117.49,117.3,117.31,1217,0
2025-11-04T14:00:00+05:30,117.31,117.56,117.01,117.4,1015,0
2025-11-04T14:15:00+05:30,117.4,117.4,117.01,117.01,151,0
2025-11-04T14:30:00+05:30,117.01,117.82,117.01,117.82,870,0
2025-11-04T14:45:00+05:30,117.82,117.83,117.18,117.83,1286,0
2025-11-04T15:00:00+05:30,117.83,117.99,116.83,117.88,4074,0
2025-11-04T15:15:00+05:30,117.69,117.84,116.6,117.84,1433,0
2025-11-06T09:15:00+05:30,116.01,117.18,116.01,117.17,554,0
2025-11-06T09:30:00+05:30,117.17,117.18,117.11,117.18,32,0
2025-11-06T09:45:00+05:30,117.23,117.45,116.72,117.31,818,0
2025-11-06T10:00:00+05:30,117.31,117.42,116.54,116.54,867,0
2025-11-06T10:15:00+05:30,116.55,116.55,116.0,116.0,2912,0
2025-11-06T10:30:00+05:30,116.0,116.27,116.0,116.01,96,0
2025-11-06T10:45:00+05:30,116.01,116.2,116.01,116.03,248,0
2025-11-06T11:00:00+05:30,116.03,116.58,116.01,116.22,1318,0
2025-11-06T11:15:00+05:30,116.2,116.28,116.01,116.01,334,0
2025-11-06T11:30:00+05:30,116.01,116.22,116.0,116.0,756,0
2025-11-06T11:45:00+05:30,116.01,116.02,115.76,115.76,411,0
2025-11-06T12:00:00+05:30,115.79,116.58,115.76,115.96,1204,0
2025-11-06T12:15:00+05:30,115.95,115.96,115.51,115.55,1004,0
2025-11-06T12:30:00+05:30,115.56,115.77,115.15,115.16,2506,0
2025-11-06T12:45:00+05:30,115.16,115.5,115.15,115.5,385,0
2025-11-06T13:00:00+05:30,115.5,115.69,115.5,115.5,168,0
2025-11-06T13:15:00+05:30,115.5,115.94,115.4,115.5,898,0
2025-11-06T13:30:00+05:30,115.5,115.52,115.32,115.34,183,0
2025-11-06T13:45:00+05:30,115.35,115.37,115.32,115.34,156,0
2025-11-06T14:00:00+05:30,115.6,115.6,115.15,115.49,1562,0
2025-11-06T14:15:00+05:30,115.49,115.52,115.2,115.2,103,0
2025-11-06T14:30:00+05:30,115.38,115.55,115.38,115.55,31,0
2025-11-06T14:45:00+05:30,115.55,115.77,115.43,115.71,112,0
2025-11-06T15:00:00+05:30,115.66,115.75,115.64,115.75,356,0
2025-11-06T15:15:00+05:30,115.75,115.98,115.15,115.15,3059,0
2025-11-07T09:15:00+05:30,113.7,115.05,113.1,113.16,3727,0
2025-11-07T09:30:00+05:30,113.14,113.46,112.32,113.21,2687,0
2025-11-07T09:45:00+05:30,113.21,113.78,111.9,111.9,5307,0
2025-11-07T10:00:00+05:30,111.99,112.0,111.21,111.76,6452,0
2025-11-07T10:15:00+05:30,111.76,112.21,111.74,112.01,2969,0
2025-11-07T10:30:00+05:30,112.01,112.2,112.01,112.1,257,0
2025-11-07T10:45:00+05:30,112.1,112.21,112.1,112.15,742,0
2025-11-07T11:00:00+05:30,112.11,112.11,111.85,111.86,1271,0
2025-11-07T11:15:00+05:30,111.86,112.47,111.86,112.02,852,0
2025-11-07T11:30:00+05:30,112.02,112.5,111.7,112.25,3441,0
2025-11-07T11:45:00+05:30,112.25,112.5,112.1,112.26,1184,0
2025-11-07T12:00:00+05:30,112.26,112.42,112.1,112.21,943,0
2025-11-07T12:15:00+05:30,112.24,113.66,112.21,112.67,8100,0
2025-11-07T12:30:00+05:30,112.67,112.77,112.2,112.47,1334,0
2025-11-07T12:45:00+05:30,112.47,113.03,112.47,112.61,565,0
2025-11-07T13:00:00+05:30,112.66,113.89,112.66,113.16,1643,0
2025-11-07T13:15:00+05:30,113.2,113.29,112.61,112.65,1208,0
2025-11-07T13:30:00+05:30,112.71,113.35,112.5,112.84,1544,0
2025-11-07T13:45:00+05:30,112.87,113.49,112.53,112.68,1696,0
2025-11-07T14:00:00+05:30,112.98,113.29,112.74,112.86,721,0
2025-11-07T14:15:00+05:30,112.86,113.29,112.86,113.03,1065,0
2025-11-07T14:30:00+05:30,113.03,113.24,113.0,113.24,1509,0
2025-11-07T14:45:00+05:30,113.22,114.0,112.8,113.45,3285,0
2025-11-07T15:00:00+05:30,113.45,116.59,113.31,114.66,6757,0
2025-11-07T15:15:00+05:30,114.76,118.8,114.76,118.1,5951,0
2025-11-10T09:15:00+05:30,114.45,117.14,114.45,116.6,705,0
2025-11-10T09:30:00+05:30,117.04,117.39,116.33,116.33,2109,0
2025-11-10T09:45:00+05:30,116.33,116.86,116.01,116.28,1339,0
2025-11-10T10:00:00+05:30,116.15,116.61,116.15,116.54,904,0
2025-11-10T10:15:00+05:30,116.54,116.54,116.0,116.0,103,0
2025-11-10T10:30:00+05:30,116.0,116.01,115.5,115.61,421,0
2025-11-10T10:45:00+05:30,115.61,115.85,115.6,115.85,406,0
2025-11-10T11:00:00+05:30,115.8,115.85,115.5,115.5,762,0
2025-11-10T11:15:00+05:30,115.5,115.69,115.5,115.68,533,0
2025-11-10T11:30:00+05:30,115.5,115.5,115.5,115.5,249,0
2025-11-10T11:45:00+05:30,115.5,115.5,115.03,115.03,458,0
2025-11-10T12:00:00+05:30,115.03,115.31,115.0,115.0,391,0
2025-11-10T12:15:00+05:30,115.0,115.27,114.5,114.51,845,0
2025-11-10T12:30:00+05:30,114.6,114.9,114.6,114.6,143,0
2025-11-10T12:45:00+05:30,114.6,114.88,114.51,114.56,384,0
2025-11-10T13:00:00+05:30,114.6,114.67,114.6,114.65,190,0
2025-11-10T13:15:00+05:30,114.65,114.7,114.61,114.7,628,0
2025-11-10T13:30:00+05:30,114.7,114.7,114.7,114.7,100,0
2025-11-10T13:45:00+05:30,114.7,114.89,114.7,114.89,5,0
2025-11-10T14:00:00+05:30,114.89,114.98,114.8,114.97,565,0
2025-11-10T14:15:00+05:30,114.71,115.13,114.71,115.13,180,0
2025-11-10T14:30:00+05:30,115.0,115.27,114.51,114.51,842,0
2025-11-10T14:45:00+05:30,114.51,114.98,114.5,114.53,207,0
2025-11-10T15:00:00+05:30,114.53,114.9,114.25,114.25,1613,0
2025-11-10T15:15:00+05:30,114.34,114.84,113.1,114.77,3408,0
2025-11-11T09:15:00+05:30,114.77,115.1,112.51,114.26,6387,0
2025-11-11T09:30:00+05:30,114.26,114.26,113.83,114.19,448,0
2025-11-11T09:45:00+05:30,114.19,114.25,113.84,113.84,153,0
2025-11-11T10:00:00+05:30,114.01,114.01,113.06,113.55,1104,0
2025-11-11T10:15:00+05:30,113.55,114.11,113.05,113.48,1187,0
2025-11-11T10:30:00+05:30,113.48,113.98,113.48,113.98,160,0
2025-11-11T10:45:00+05:30,113.98,114.28,113.98,114.0,79,0
2025-11-11T11:00:00+05:30,114.0,114.0,113.1,113.1,642,0
2025-11-11T11:15:00+05:30,113.1,113.1,113.1,113.1,0,0
2025-11-11T11:30:00+05:30,113.47,113.58,113.11,113.48,10032,0
2025-11-11T11:45:00+05:30,113.48,113.48,113.22,113.22,40,0
2025-11-11T12:00:00+05:30,113.22,113.79,113.22,113.22,11,0
2025-11-11T12:15:00+05:30,113.22,113.22,113.1,113.1,2258,0
2025-11-11T12:30:00+05:30,113.1,113.72,113.1,113.13,1068,0
2025-11-11T12:45:00+05:30,113.13,113.95,113.13,113.95,300,0
2025-11-11T13:00:00+05:30,113.95,113.95,113.95,113.95,0,0
2025-11-11T13:15:00+05:30,113.95,113.95,112.52,112.53,1327,0
2025-11-11T13:30:00+05:30,112.53,113.35,112.0,112.55,2707,0
2025-11-11T13:45:00+05:30,112.55,112.99,112.11,112.84,1332,0
2025-11-11T14:00:00+05:30,112.84,112.94,112.4,112.73,1121,0
2025-11-11T14:15:00+05:30,112.73,112.99,112.52,112.54,790,0
2025-11-11T14:30:00+05:30,112.54,113.25,112.54,113.05,877,0
2025-11-11T14:45:00+05:30,113.39,113.39,112.54,113.39,526,0
2025-11-11T15:00:00+05:30,113.36,113.45,112.54,113.45,644,0
2025-11-11T15:15:00+05:30,113.04,113.75,112.94,112.94,3702,0
2025-11-12T09:15:00+05:30,113.1,114.2,112.54,114.13,2233,0
2025-11-12T09:30:00+05:30,114.2,114.5,114.2,114.45,295,0
2025-11-12T09:45:00+05:30,114.3,114.3,113.91,114.0,1072,0
2025-11-12T10:00:00+05:30,114.0,114.0,113.49,113.49,382,0
2025-11-12T10:15:00+05:30,113.49,113.75,113.11,113.16,717,0
2025-11-12T10:30:00+05:30,113.16,113.48,113.1,113.13,235,0
2025-11-12T10:45:00+05:30,113.13,113.47,113.01,113.1,747,0
2025-11-12T11:00:00+05:30,113.1,113.35,113.1,113.1,123,0
2025-11-12T11:15:00+05:30,113.1,113.2,113.1,113.1,176,0
2025-11-12T11:30:00+05:30,113.1,113.39,113.1,113.1,4704,0
2025-11-12T11:45:00+05:30,113.1,113.15,112.2,112.2,3587,0
2025-11-12T12:00:00+05:30,112.4,113.4,112.02,113.11,3912,0
2025-11-12T12:15:00+05:30,113.11,113.37,112.6,112.6,358,0
2025-11-12T12:30:00+05:30,112.6,113.09,112.57,112.71,157,0
2025-11-12T12:45:00+05:30,112.71,112.71,112.7,112.71,118,0
2025-11-12T13:00:00+05:30,112.71,113.47,112.71,113.19,709,0
2025-11-12T13:15:00+05:30,113.19,113.76,113.19,113.51,506,0
2025-11-12T13:30:00+05:30,113.51,113.74,113.34,113.7,240,0
2025-11-12T13:45:00+05:30,113.7,113.77,113.36,113.36,121,0
2025-11-12T14:00:00+05:30,113.69,114.7,113.69,114.7,2877,0
2025-11-12T14:15:00+05:30,114.7,114.7,114.31,114.31,115,0
2025-11-12T14:30:00+05:30,114.59,114.65,113.96,113.96,365,0
2025-11-12T14:45:00+05:30,113.96,114.8,113.96,114.01,1155,0
2025-11-12T15:00:00+05:30,114.01,115.0,114.01,114.99,300,0
2025-11-12T15:15:00+05:30,114.88,115.5,113.5,113.5,3337,0
2025-11-13T09:15:00+05:30,114.7,116.25,114.7,116.19,2287,0
2025-11-13T09:30:00+05:30,116.19,116.2,115.68,115.68,211,0
2025-11-13T09:45:00+05:30,115.68,115.68,115.37,115.39,146,0
2025-11-13T10:00:00+05:30,115.39,115.39,115.16,115.16,1,0
2025-11-13T10:15:00+05:30,115.16,115.41,115.16,115.41,52,0
2025-11-13T10:30:00+05:30,115.21,115.49,114.97,115.49,1156,0
2025-11-13T10:45:00+05:30,115.49,115.76,115.48,115.69,418,0
2025-11-13T11:00:00+05:30,115.69,115.69,115.4,115.4,48,0
2025-11-13T11:15:00+05:30,115.4,115.48,115.4,115.48,20,0
2025-11-13T11:30:00+05:30,115.48,115.48,115.48,115.48,0,0
2025-11-13T11:45:00+05:30,115.48,115.5,113.01,114.15,3855,0
2025-11-13T12:00:00+05:30,113.97,114.91,113.97,114.4,664,0
2025-11-13T12:15:00+05:30,114.6,115.0,114.6,114.81,1542,0
2025-11-13T12:30:00+05:30,114.81,114.83,114.76,114.76,261,0
2025-11-13T12:45:00+05:30,114.76,114.99,114.76,114.99,10,0
2025-11-13T13:00:00+05:30,114.99,114.99,114.93,114.95,53,0
2025-11-13T13:15:00+05:30,114.95,114.95,114.95,114.95,0,0
2025-11-13T13:30:00+05:30,114.95,114.95,114.3,114.3,737,0
2025-11-13T13:45:00+05:30,114.3,114.38,114.3,114.3,33,0
2025-11-13T14:00:00+05:30,114.3,114.3,114.0,114.0,478,0
2025-11-13T14:15:00+05:30,114.0,114.23,114.0,114.23,100,0
2025-11-13T14:30:00+05:30,114.23,114.23,113.8,113.8,206,0
2025-11-13T14:45:00+05:30,113.8,114.14,113.7,114.0,266,0
2025-11-13T15:00:00+05:30,114.0,114.0,113.5,113.5,160,0
2025-11-13T15:15:00+05:30,113.51,113.99,113.01,113.02,1493,0
2025-11-14T09:15:00+05:30,112.3,114.98,112.3,114.98,2001,0
2025-11-14T09:30:00+05:30,114.98,118.15,114.98,116.23,12769,0
2025-11-14T09:45:00+05:30,116.16,116.41,115.96,116.41,1159,0
2025-11-14T10:00:00+05:30,116.41,116.41,114.98,114.98,2628,0
2025-11-14T10:15:00+05:30,114.98,115.57,114.3,114.84,3368,0
2025-11-14T10:30:00+05:30,114.84,115.75,114.84,115.75,250,0
2025-11-14T10:45:00+05:30,115.38,115.69,114.95,115.69,748,0
2025-11-14T11:00:00+05:30,115.69,116.3,115.5,116.3,513,0
2025-11-14T11:15:00+05:30,116.3,116.3,115.7,115.75,103,0
2025-11-14T11:30:00+05:30,115.75,116.2,115.75,116.1,34,0
2025-11-14T11:45:00+05:30,116.1,116.1,115.7,115.9,174,0
2025-11-14T12:00:00+05:30,115.9,115.9,115.9,115.9,5,0
2025-11-14T12:15:00+05:30,115.9,115.9,115.9,115.9,1,0
2025-11-14T12:30:00+05:30,115.9,116.0,115.36,115.36,692,0
2025-11-14T12:45:00+05:30,115.36,116.41,115.36,116.4,2050,0
2025-11-14T13:00:00+05:30,116.4,116.4,115.27,116.3,615,0
2025-11-14T13:15:00+05:30,116.3,116.3,115.87,115.87,149,0
2025-11-14T13:30:00+05:30,115.94,116.01,115.0,115.64,2546,0
2025-11-14T13:45:00+05:30,115.64,115.64,115.64,115.64,0,0
2025-11-14T14:00:00+05:30,115.64,115.8,114.65,114.65,1849,0
2025-11-14T14:15:00+05:30,114.65,115.9,114.65,115.9,269,0
2025-11-14T14:30:00+05:30,115.9,115.9,115.29,115.29,86,0
2025-11-14T14:45:00+05:30,115.29,116.0,115.24,116.0,224,0
2025-11-14T15:00:00+05:30,116.0,116.25,115.57,115.65,460,0
2025-11-14T15:15:00+05:30,115.65,117.0,115.18,116.5,4638,0
2025-11-17T09:15:00+05:30,116.62,116.97,115.81,116.47,1279,0
2025-11-17T09:30:00+05:30,116.47,116.47,115.06,115.06,653,0
2025-11-17T09:45:00+05:30,115.51,115.62,114.9,114.9,1152,0
2025-11-17T10:00:00+05:30,114.9,116.08,114.9,116.07,2145,0
2025-11-17T10:15:00+05:30,116.07,116.07,115.35,115.35,745,0
2025-11-17T10:30:00+05:30,115.35,115.35,115.35,115.35,190,0
2025-11-17T10:45:00+05:30,115.35,115.7,115.21,115.21,11,0
2025-11-17T11:00:00+05:30,115.21,115.49,115.2,115.49,105,0
2025-11-17T11:15:00+05:30,115.49,115.49,115.47,115.49,211,0
2025-11-17T11:30:00+05:30,115.49,115.91,115.49,115.5,26,0
2025-11-17T11:45:00+05:30,115.6,116.18,115.49,116.18,872,0
2025-11-17T12:00:00+05:30,116.16,117.69,116.13,116.13,3132,0
2025-11-17T12:15:00+05:30,116.57,116.57,116.0,116.0,953,0
2025-11-17T12:30:00+05:30,116.0,116.0,115.84,115.87,123,0
2025-11-17T12:45:00+05:30,115.87,116.28,115.87,116.28,23,0
2025-11-17T13:00:00+05:30,115.9,116.2,115.89,116.2,107,0
2025-11-17T13:15:00+05:30,116.2,116.2,116.02,116.02,2,0
2025-11-17T13:30:00+05:30,116.23,116.23,116.23,116.23,11,0
2025-11-17T13:45:00+05:30,116.23,116.23,116.02,116.23,47,0
2025-11-17T14:00:00+05:30,116.23,116.23,116.0,116.0,16,0
2025-11-17T14:15:00+05:30,116.0,116.0,115.53,115.53,102,0
2025-11-17T14:30:00+05:30,115.53,116.39,115.48,116.39,1641,0
2025-11-17T14:45:00+05:30,116.39,116.39,116.39,116.39,0,0
2025-11-17T15:00:00+05:30,116.39,116.6,113.1,113.98,13334,0
2025-11-17T15:15:00+05:30,113.93,114.6,113.3,113.3,8234,0
2025-11-18T09:15:00+05:30,114.3,114.79,114.0,114.79,1644,0
2025-11-18T09:30:00+05:30,114.79,114.79,114.21,114.21,242,0
2025-11-18T09:45:00+05:30,114.21,114.21,114.0,114.0,208,0
2025-11-18T10:00:00+05:30,114.0,114.68,113.99,114.68,951,0
2025-11-18T10:15:00+05:30,114.34,114.7,114.34,114.56,51,0
2025-11-18T10:30:00+05:30,114.56,114.61,114.56,114.61,5,0
2025-11-18T10:45:00+05:30,114.61,114.69,114.03,114.69,66,0
2025-11-18T11:00:00+05:30,114.69,114.69,114.26,114.26,10,0
2025-11-18T11:15:00+05:30,114.26,114.26,114.0,114.01,165,0
2025-11-18T11:30:00+05:30,114.01,114.04,114.01,114.04,1,0
2025-11-18T11:45:00+05:30,114.04,114.27,114.04,114.27,1,0
2025-11-18T12:00:00+05:30,114.27,114.54,113.02,113.79,2268,0
2025-11-18T12:15:00+05:30,113.81,113.82,113.81,113.82,76,0
2025-11-18T12:30:00+05:30,113.82,114.29,113.82,114.17,127,0
2025-11-18T12:45:00+05:30,114.17,114.17,114.17,114.17,0,0
2025-11-18T13:00:00+05:30,114.17,114.17,114.17,114.17,0,0
2025-11-18T13:15:00+05:30,114.17,114.65,114.17,114.51,47,0
2025-11-18T13:30:00+05:30,114.51,114.51,114.42,114.42,45,0
2025-11-18T13:45:00+05:30,114.42,114.42,113.81,113.81,150,0
2025-11-18T14:00:00+05:30,114.39,114.39,113.55,113.55,501,0
2025-11-18T14:15:00+05:30,113.55,114.3,113.55,114.2,62,0
2025-11-18T14:30:00+05:30,114.2,114.2,114.02,114.19,138,0
2025-11-18T14:45:00+05:30,114.19,114.19,114.02,114.02,1001,0
2025-11-18T15:00:00+05:30,114.02,114.13,114.02,114.1,150,0
2025-11-18T15:15:00+05:30,114.1,116.58,113.1,116.0,9100,0
2025-11-19T09:15:00+05:30,115.49,116.5,115.3,115.99,1069,0
2025-11-19T09:30:00+05:30,115.94,117.2,115.82,115.82,9142,0
2025-11-19T09:45:00+05:30,115.82,116.49,115.82,116.44,1130,0
2025-11-19T10:00:00+05:30,116.44,116.44,116.43,116.44,118,0
2025-11-19T10:15:00+05:30,116.44,116.44,115.7,115.81,642,0
2025-11-19T10:30:00+05:30,115.81,116.13,115.75,116.11,513,0
2025-11-19T10:45:00+05:30,116.11,116.14,116.11,116.14,1,0
2025-11-19T11:00:00+05:30,116.14,116.14,115.28,115.4,1322,0
2025-11-19T11:15:00+05:30,115.4,116.0,115.4,116.0,1,0
2025-11-19T11:30:00+05:30,116.0,116.0,115.65,115.65,48,0
2025-11-19T11:45:00+05:30,115.65,115.78,115.11,115.78,303,0
2025-11-19T12:00:00+05:30,115.78,115.78,114.62,114.63,1246,0
2025-11-19T12:15:00+05:30,114.63,115.4,114.63,115.4,51,0
2025-11-19T12:30:00+05:30,115.4,115.4,115.35,115.4,100,0
2025-11-19T12:45:00+05:30,115.4,115.7,114.94,115.2,931,0
2025-11-19T13:00:00+05:30,115.2,115.2,114.85,114.85,120,0
2025-11-19T13:15:00+05:30,114.85,115.2,114.85,115.2,227,0
2025-11-19T13:30:00+05:30,115.2,115.2,114.32,115.0,312,0
2025-11-19T13:45:00+05:30,115.0,115.01,114.65,114.65,417,0
2025-11-19T14:00:00+05:30,114.65,114.8,114.61,114.67,121,0
2025-11-19T14:15:00+05:30,114.67,115.0,114.67,115.0,560,0
2025-11-19T14:30:00+05:30,115.0,115.0,114.56,114.57,1849,0
2025-11-19T14:45:00+05:30,114.57,114.98,114.49,114.98,359,0
2025-11-19T15:00:00+05:30,114.98,114.98,114.15,114.26,613,0
2025-11-19T15:15:00+05:30,114.26,114.43,114.02,114.05,2444,0
2025-11-20T09:15:00+05:30,113.0,115.84,113.0,115.47,1595,0
2025-11-20T09:30:00+05:30,115.46,115.49,114.82,114.82,246,0
2025-11-20T09:45:00+05:30,114.82,114.91,114.82,114.91,6,0
2025-11-20T10:00:00+05:30,114.91,115.19,114.91,115.12,5,0
2025-11-20T10:15:00+05:30,115.12,115.12,115.06,115.1,22,0
2025-11-20T10:30:00+05:30,115.1,115.1,115.1,115.1,0,0
2025-11-20T10:45:00+05:30,115.1,115.1,115.0,115.09,400,0
2025-11-20T11:00:00+05:30,115.09,115.09,114.43,114.43,214,0
2025-11-20T11:15:00+05:30,114.43,114.43,114.43,114.43,0,0
2025-11-20T11:30:00+05:30,114.43,115.0,114.43,115.0,479,0
2025-11-20T11:45:00+05:30,115.0,117.49,115.0,116.27,10239,0
2025-11-20T12:00:00+05:30,116.27,116.27,116.03,116.03,156,0
2025-11-20T12:15:00+05:30,116.03,116.03,116.0,116.0,103,0
2025-11-20T12:30:00+05:30,116.0,116.0,115.44,115.44,516,0
2025-11-20T12:45:00+05:30,115.44,115.46,115.44,115.46,1,0
2025-11-20T13:00:00+05:30,115.46,115.96,115.46,115.46,3,0
2025-11-20T13:15:00+05:30,115.46,115.46,115.46,115.46,2,0
2025-11-20T13:30:00+05:30,115.46,116.63,115.46,116.63,2456,0
2025-11-20T13:45:00+05:30,116.63,116.63,115.81,115.81,396,0
2025-11-20T14:00:00+05:30,115.81,115.82,115.77,115.77,155,0
2025-11-20T14:15:00+05:30,116.33,116.63,116.33,116.6,355,0
2025-11-20T14:30:00+05:30,116.62,116.65,116.16,116.65,962,0
2025-11-20T14:45:00+05:30,116.65,116.65,115.76,116.29,942,0
2025-11-20T15:00:00+05:30,116.29,116.29,115.56,115.6,334,0
2025-11-20T15:15:00+05:30,115.76,116.45,114.3,115.05,2128,0
2025-11-21T09:15:00+05:30,114.2,115.8,114.2,115.79,1012,0
2025-11-21T09:30:00+05:30,115.79,115.79,115.01,115.02,554,0
2025-11-21T09:45:00+05:30,115.02,115.25,114.37,114.87,608,0
2025-11-21T10:00:00+05:30,114.87,114.87,114.32,114.32,135,0
2025-11-21T10:15:00+05:30,114.32,114.35,114.32,114.35,12,0
2025-11-21T10:30:00+05:30,114.35,114.79,114.35,114.79,34,0
2025-11-21T10:45:00+05:30,114.79,114.88,114.41,114.41,549,0
2025-11-21T11:00:00+05:30,114.41,114.41,114.36,114.36,100,0
2025-11-21T11:15:00+05:30,114.36,114.36,114.35,114.35,268,0
2025-11-21T11:30:00+05:30,114.36,114.36,114.35,114.35,933,0
2025-11-21T11:45:00+05:30,114.35,114.6,114.35,114.6,67,0
2025-11-21T12:00:00+05:30,114.6,114.6,114.6,114.6,100,0
2025-11-21T12:15:00+05:30,114.6,114.89,114.6,114.89,10,0
2025-11-21T12:30:00+05:30,114.89,114.93,114.85,114.85,127,0
2025-11-21T12:45:00+05:30,114.85,114.85,114.76,114.76,171,0
2025-11-21T13:00:00+05:30,114.76,114.9,114.75,114.9,273,0
2025-11-21T13:15:00+05:30,114.9,114.9,114.73,114.82,10,0
2025-11-21T13:30:00+05:30,114.82,114.82,114.03,114.09,994,0
2025-11-21T13:45:00+05:30,114.09,114.1,114.05,114.1,85,0
2025-11-21T14:00:00+05:30,114.1,114.2,114.04,114.04,192,0
2025-11-21T14:15:00+05:30,114.1,114.1,114.1,114.1,11,0
2025-11-21T14:30:00+05:30,114.1,114.1,114.0,114.0,317,0
2025-11-21T14:45:00+05:30,114.0,114.1,114.0,114.1,290,0
2025-11-21T15:00:00+05:30,114.1,114.1,114.1,114.1,217,0
2025-11-21T15:15:00+05:30,114.01,114.8,114.01,114.5,1733,0
2025-11-24T09:15:00+05:30,114.24,114.99,113.42,114.97,1299,0
2025-11-24T09:30:00+05:30,114.97,115.19,114.41,114.83,827,0
2025-11-24T09:45:00+05:30,114.83,114.83,114.01,114.02,2254,0
2025-11-24T10:00:00+05:30,114.02,114.39,113.94,114.39,1842,0
2025-11-24T10:15:00+05:30,114.39,114.69,114.36,114.69,21,0
2025-11-24T10:30:00+05:30,114.76,114.76,114.2,114.2,113,0
2025-11-24T10:45:00+05:30,114.2,114.2,114.0,114.0,50,0
2025-11-24T11:00:00+05:30,114.0,114.28,114.0,114.0,85,0
2025-11-24T11:15:00+05:30,114.0,114.48,113.85,114.48,1023,0
2025-11-24T11:30:00+05:30,114.48,114.48,114.47,114.48,21,0
2025-11-24T11:45:00+05:30,114.48,114.48,113.61,113.61,420,0
2025-11-24T12:00:00+05:30,113.61,113.61,113.61,113.61,0,0
2025-11-24T12:15:00+05:30,113.61,113.73,113.61,113.67,365,0
2025-11-24T12:30:00+05:30,113.67,114.09,113.67,114.09,45,0
2025-11-24T12:45:00+05:30,114.09,114.09,113.7,113.7,4,0
2025-11-24T13:00:00+05:30,113.7,113.7,113.7,113.7,0,0
2025-11-24T13:15:00+05:30,113.7,113.99,113.63,113.63,553,0
2025-11-24T13:30:00+05:30,113.63,113.63,113.63,113.63,0,0
2025-11-24T13:45:00+05:30,113.63,113.63,113.63,113.63,0,0
2025-11-24T14:00:00+05:30,113.64,114.79,113.54,113.54,3019,0
2025-11-24T14:15:00+05:30,113.54,113.75,112.35,112.5,6623,0
2025-11-24T14:30:00+05:30,112.5,112.5,112.1,112.5,629,0
2025-11-24T14:45:00+05:30,112.73,112.79,112.55,112.79,76,0
2025-11-24T15:00:00+05:30,112.79,112.79,112.6,112.6,5,0
2025-11-24T15:15:00+05:30,112.79,115.0,111.25,115.0,4848,0
2025-11-25T09:15:00+05:30,112.43,113.7,112.43,113.68,1047,0
2025-11-25T09:30:00+05:30,113.68,113.68,113.05,113.05,74,0
2025-11-25T09:45:00+05:30,113.05,113.33,113.0,113.0,36,0
2025-11-25T10:00:00+05:30,113.0,113.4,110.82,111.12,9214,0
2025-11-25T10:15:00+05:30,111.12,112.0,110.7,112.0,2067,0
2025-11-25T10:30:00+05:30,112.0,112.0,111.7,111.7,117,0
2025-11-25T10:45:00+05:30,111.7,111.7,110.97,111.59,3613,0
2025-11-25T11:00:00+05:30,111.59,111.59,109.71,110.8,7287,0
2025-11-25T11:15:00+05:30,110.39,110.39,110.18,110.38,283,0
2025-11-25T11:30:00+05:30,110.38,110.75,109.75,110.09,2543,0
2025-11-25T11:45:00+05:30,110.09,110.29,110.01,110.09,928,0
2025-11-25T12:00:00+05:30,110.09,110.38,110.0,110.0,506,0
2025-11-25T12:15:00+05:30,110.0,110.78,110.0,110.04,2680,0
2025-11-25T12:30:00+05:30,110.04,110.05,110.04,110.04,210,0
2025-11-25T12:45:00+05:30,110.04,110.11,110.04,110.09,1244,0
2025-11-25T13:00:00+05:30,110.09,110.1,110.04,110.04,369,0
2025-11-25T13:15:00+05:30,110.04,110.1,109.7,109.86,2971,0
2025-11-25T13:30:00+05:30,109.86,110.1,109.86,110.0,794,0
2025-11-25T13:45:00+05:30,110.0,110.0,110.0,110.0,1,0
2025-11-25T14:00:00+05:30,110.0,110.1,110.0,110.1,79,0
2025-11-25T14:15:00+05:30,110.1,110.11,109.16,109.16,3936,0
2025-11-25T14:30:00+05:30,109.16,111.59,109.16,109.21,10120,0
2025-11-25T14:45:00+05:30,109.21,110.19,109.2,109.58,1916,0
2025-11-25T15:00:00+05:30,109.58,109.6,109.49,109.49,1195,0
2025-11-25T15:15:00+05:30,109.49,109.59,109.0,109.0,4195,0
2025-11-26T09:15:00+05:30,109.36,110.83,109.36,110.59,2427,0
2025-11-26T09:30:00+05:30,110.59,110.6,110.59,110.59,1043,0
2025-11-26T09:45:00+05:30,110.59,110.59,110.31,110.31,1,0
2025-11-26T10:00:00+05:30,110.31,111.44,109.21,110.5,4380,0
2025-11-26T10:15:00+05:30,110.5,110.6,110.4,110.4,9,0
2025-11-26T10:30:00+05:30,110.4,110.62,109.08,109.83,2059,0
2025-11-26T10:45:00+05:30,109.87,110.2,109.11,110.17,1540,0
2025-11-26T11:00:00+05:30,110.17,110.29,109.25,109.25,614,0
2025-11-26T11:15:00+05:30,109.25,110.0,109.25,110.0,299,0
2025-11-26T11:30:00+05:30,110.0,110.1,110.0,110.1,46,0
2025-11-26T11:45:00+05:30,110.1,110.11,110.05,110.1,236,0
2025-11-26T12:00:00+05:30,110.1,110.1,109.33,109.33,30,0
2025-11-26T12:15:00+05:30,109.7,110.1,109.7,109.77,95,0
2025-11-26T12:30:00+05:30,109.77,110.09,109.77,110.09,35,0
2025-11-26T12:45:00+05:30,110.09,110.09,110.09,110.09,0,0
2025-11-26T13:00:00+05:30,110.09,110.09,110.04,110.04,10,0
2025-11-26T13:15:00+05:30,110.04,110.04,109.34,109.34,750,0
2025-11-26T13:30:00+05:30,109.75,109.91,109.69,109.79,5703,0
2025-11-26T13:45:00+05:30,109.79,109.79,109.79,109.79,0,0
2025-11-26T14:00:00+05:30,109.79,109.83,109.41,109.83,101,0
2025-11-26T14:15:00+05:30,109.83,110.28,109.42,110.28,719,0
2025-11-26T14:30:00+05:30,110.28,110.41,109.43,109.43,904,0
2025-11-26T14:45:00+05:30,109.95,109.95,109.42,109.6,4750,0
2025-11-26T15:00:00+05:30,109.6,109.6,109.6,109.6,364,0
2025-11-26T15:15:00+05:30,109.59,109.98,109.1,109.39,5321,0
2025-11-27T09:15:00+05:30,110.23,111.59,110.23,110.55,2498,0
2025-11-27T09:30:00+05:30,110.61,111.48,110.2,110.2,2253,0
2025-11-27T09:45:00+05:30,110.2,110.6,110.2,110.54,1155,0
2025-11-27T10:00:00+05:30,110.53,110.53,109.67,109.79,2899,0
2025-11-27T10:15:00+05:30,109.79,109.79,109.79,109.79,16,0
2025-11-27T10:30:00+05:30,109.79,109.79,109.79,109.79,9,0
2025-11-27T10:45:00+05:30,109.79,110.5,109.75,110.11,1197,0
2025-11-27T11:00:00+05:30,110.11,110.11,110.11,110.11,0,0
2025-11-27T11:15:00+05:30,110.11,110.11,110.11,110.11,0,0
2025-11-27T11:30:00+05:30,110.11,110.11,110.11,110.11,0,0
2025-11-27T11:45:00+05:30,110.11,110.68,110.11,110.68,215,0
2025-11-27T12:00:00+05:30,110.68,111.0,110.42,110.5,1236,0
2025-11-27T12:15:00+05:30,110.5,110.5,110.5,110.5,0,0
2025-11-27T12:30:00+05:30,110.5,111.05,110.16,110.99,980,0
2025-11-27T12:45:00+05:30,110.99,110.99,110.2,110.2,112,0
2025-11-27T13:00:00+05:30,110.2,110.2,110.2,110.2,137,0
2025-11-27T13:15:00+05:30,110.2,110.2,110.1,110.1,284,0
2025-11-27T13:30:00+05:30,110.1,110.21,110.05,110.05,47,0
2025-11-27T13:45:00+05:30,110.05,110.28,110.05,110.28,20,0
2025-11-27T14:00:00+05:30,110.06,110.38,110.05,110.08,120,0
2025-11-27T14:15:00+05:30,110.08,110.08,110.08,110.08,0,0
2025-11-27T14:30:00+05:30,110.08,110.08,110.0,110.0,124,0
2025-11-27T14:45:00+05:30,110.0,110.4,110.0,110.04,341,0
2025-11-27T15:00:00+05:30,110.4,110.4,110.01,110.1,828,0
2025-11-27T15:15:00+05:30,110.18,111.03,110.1,110.15,5652,0
2025-11-28T09:15:00+05:30,110.51,111.49,109.71,111.01,2804,0
2025-11-28T09:30:00+05:30,110.98,111.5,110.4,110.61,2359,0
2025-11-28T09:45:00+05:30,110.39,110.44,110.2,110.44,75,0
2025-11-28T10:00:00+05:30,110.44,110.44,110.21,110.21,17,0
2025-11-28T10:15:00+05:30,110.21,110.21,110.07,110.07,1212,0
2025-11-28T10:30:00+05:30,110.07,110.19,109.75,110.19,614,0
2025-11-28T10:45:00+05:30,110.19,111.5,110.19,110.97,5263,0
2025-11-28T11:00:00+05:30,110.97,111.05,110.78,111.05,575,0
2025-11-28T11:15:00+05:30,111.05,111.05,111.05,111.05,0,0
2025-11-28T11:30:00+05:30,110.62,110.62,109.5,109.7,2741,0
2025-11-28T11:45:00+05:30,109.7,110.14,109.7,110.14,10,0
2025-11-28T12:00:00+05:30,110.14,110.14,110.12,110.14,60,0
2025-11-28T12:15:00+05:30,110.14,110.14,110.14,110.14,0,0
2025-11-28T12:30:00+05:30,110.14,110.14,109.71,109.71,139,0
2025-11-28T12:45:00+05:30,109.99,110.29,109.99,110.21,175,0
2025-11-28T13:00:00+05:30,110.21,110.21,109.5,109.5,871,0
2025-11-28T13:15:00+05:30,109.5,109.8,109.5,109.8,211,0
2025-11-28T13:30:00+05:30,109.8,109.8,109.42,109.42,10,0
2025-11-28T13:45:00+05:30,109.42,109.79,109.42,109.79,100,0
2025-11-28T14:00:00+05:30,109.79,109.79,109.4,109.43,92,0
2025-11-28T14:15:00+05:30,109.43,109.43,108.22,108.22,2430,0
2025-11-28T14:30:00+05:30,108.28,108.97,108.15,108.41,1096,0
2025-11-28T14:45:00+05:30,108.41,108.92,108.41,108.92,643,0
2025-11-28T15:00:00+05:30,108.92,108.93,108.9,108.9,86,0
2025-11-28T15:15:00+05:30,108.71,108.94,108.5,108.5,3844,0
2025-12-01T09:15:00+05:30,109.9,110.3,109.22,109.56,1785,0
2025-12-01T09:30:00+05:30,109.64,110.01,109.61,110.0,1685,0
2025-12-01T09:45:00+05:30,110.0,110.0,109.5,109.5,30,0
2025-12-01T10:00:00+05:30,109.5,109.55,109.49,109.5,934,0
2025-12-01T10:15:00+05:30,109.5,109.5,108.88,109.5,632,0
2025-12-01T10:30:00+05:30,109.43,109.43,109.03,109.03,561,0
2025-12-01T10:45:00+05:30,109.2,109.21,109.03,109.21,74,0
2025-12-01T11:00:00+05:30,109.21,109.4,108.81,108.81,2034,0
2025-12-01T11:15:00+05:30,108.81,109.0,108.81,109.0,25,0
2025-12-01T11:30:00+05:30,108.92,108.97,108.5,108.5,817,0
2025-12-01T11:45:00+05:30,108.51,108.85,108.51,108.51,190,0
2025-12-01T12:00:00+05:30,108.52,108.97,107.53,107.73,4212,0
2025-12-01T12:15:00+05:30,107.73,107.75,107.73,107.75,24,0
2025-12-01T12:30:00+05:30,107.75,109.39,107.75,108.26,2308,0
2025-12-01T12:45:00+05:30,108.26,108.26,108.26,108.26,0,0
2025-12-01T13:00:00+05:30,108.26,108.73,108.05,108.2,329,0
2025-12-01T13:15:00+05:30,108.2,109.39,108.2,109.39,142,0
2025-12-01T13:30:00+05:30,109.39,109.39,108.11,108.79,1003,0
2025-12-01T13:45:00+05:30,108.74,108.79,108.05,108.05,214,0
2025-12-01T14:00:00+05:30,108.49,108.49,108.49,108.49,1,0
2025-12-01T14:15:00+05:30,108.49,108.49,108.4,108.46,97,0
2025-12-01T14:30:00+05:30,108.46,108.63,108.46,108.5,789,0
2025-12-01T14:45:00+05:30,108.59,108.78,108.59,108.78,651,0
2025-12-01T15:00:00+05:30,108.78,108.78,108.54,108.54,576,0
2025-12-01T15:15:00+05:30,108.78,108.78,108.0,108.03,3829,0
2025-12-02T09:15:00+05:30,108.9,109.3,108.66,108.83,1114,0
2025-12-02T09:30:00+05:30,108.83,108.99,108.83,108.96,196,0
2025-12-02T09:45:00+05:30,108.96,109.24,108.62,108.62,278,0
2025-12-02T10:00:00+05:30,108.62,108.72,106.43,106.5,2916,0
2025-12-02T10:15:00+05:30,107.01,107.04,105.8,106.0,10686,0
2025-12-02T10:30:00+05:30,106.25,106.49,106.0,106.0,623,0
2025-12-02T10:45:00+05:30,106.02,106.24,104.99,105.7,4934,0
2025-12-02T11:00:00+05:30,105.59,106.0,105.59,105.99,470,0
2025-12-02T11:15:00+05:30,105.99,105.99,105.87,105.87,479,0
2025-12-02T11:30:00+05:30,105.94,106.5,105.94,106.5,1739,0
2025-12-02T11:45:00+05:30,106.51,106.53,105.92,105.99,705,0
2025-12-02T12:00:00+05:30,105.99,106.38,105.99,106.01,63,0
2025-12-02T12:15:00+05:30,106.01,106.01,106.01,106.01,0,0
2025-12-02T12:30:00+05:30,106.01,106.49,106.01,106.49,108,0
2025-12-02T12:45:00+05:30,106.49,106.49,106.32,106.32,35,0
2025-12-02T13:00:00+05:30,106.45,106.51,106.42,106.51,355,0
2025-12-02T13:15:00+05:30,106.43,106.43,106.03,106.03,123,0
2025-12-02T13:30:00+05:30,106.03,106.43,106.03,106.3,16,0
2025-12-02T13:45:00+05:30,106.3,106.3,106.01,106.01,465,0
2025-12-02T14:00:00+05:30,106.01,106.38,105.61,106.38,386,0
2025-12-02T14:15:00+05:30,106.3,107.22,106.01,107.01,3900,0
2025-12-02T14:30:00+05:30,107.01,107.01,107.01,107.01,0,0
2025-12-02T14:45:00+05:30,107.01,107.01,106.53,106.9,2429,0
2025-12-02T15:00:00+05:30,106.9,106.99,106.6,106.9,4209,0
2025-12-02T15:15:00+05:30,106.9,109.5,106.9,109.0,4448,0
2025-12-03T09:15:00+05:30,107.48,109.0,107.48,108.78,1474,0
2025-12-03T09:30:00+05:30,108.31,108.31,107.96,107.96,2,0
2025-12-03T09:45:00+05:30,107.95,108.3,107.95,108.3,210,0
2025-12-03T10:00:00+05:30,108.3,108.56,107.51,107.51,625,0
2025-12-03T10:15:00+05:30,107.51,107.51,107.18,107.5,980,0
2025-12-03T10:30:00+05:30,107.5,107.5,107.21,107.21,36,0
2025-12-03T10:45:00+05:30,107.21,107.21,107.21,107.21,0,0
2025-12-03T11:00:00+05:30,107.21,107.48,107.12,107.12,172,0
2025-12-03T11:15:00+05:30,107.12,107.23,107.12,107.23,150,0
2025-12-03T11:30:00+05:30,107.23,107.23,107.2,107.2,32,0
2025-12-03T11:45:00+05:30,107.2,107.47,107.2,107.21,21,0
2025-12-03T12:00:00+05:30,107.21,107.4,107.21,107.4,1,0
2025-12-03T12:15:00+05:30,107.4,107.4,107.3,107.3,1,0
2025-12-03T12:30:00+05:30,107.3,107.39,107.3,107.39,1,0
2025-12-03T12:45:00+05:30,107.39,107.39,107.39,107.39,0,0
2025-12-03T13:00:00+05:30,107.39,107.39,107.39,107.39,0,0
2025-12-03T13:15:00+05:30,107.39,107.39,107.21,107.39,212,0
2025-12-03T13:30:00+05:30,107.39,107.39,107.39,107.39,0,0
2025-12-03T13:45:00+05:30,107.39,107.4,107.11,107.11,1349,0
2025-12-03T14:00:00+05:30,107.11,107.11,103.35,104.51,11265,0
2025-12-03T14:15:00+05:30,104.78,106.0,104.42,104.42,4110,0
2025-12-03T14:30:00+05:30,104.43,105.9,104.26,104.4,2513,0
2025-12-03T14:45:00+05:30,104.83,105.49,104.83,105.43,279,0
2025-12-03T15:00:00+05:30,105.46,105.88,105.15,105.2,794,0
2025-12-03T15:15:00+05:30,105.2,105.38,103.7,105.0,6377,0
2025-12-04T09:15:00+05:30,105.78,107.52,105.16,106.5,3432,0
2025-12-04T09:30:00+05:30,106.51,107.25,106.17,106.17,521,0
2025-12-04T09:45:00+05:30,106.17,106.17,105.76,106.01,220,0
2025-12-04T10:00:00+05:30,106.01,106.3,106.01,106.3,100,0
2025-12-04T10:15:00+05:30,106.3,106.4,106.03,106.4,92,0
2025-12-04T10:30:00+05:30,106.4,106.84,106.4,106.75,246,0
2025-12-04T10:45:00+05:30,106.75,106.75,106.0,106.0,808,0
2025-12-04T11:00:00+05:30,106.0,106.0,104.48,104.8,1085,0
2025-12-04T11:15:00+05:30,104.8,104.8,104.35,104.35,655,0
2025-12-04T11:30:00+05:30,104.35,105.02,104.22,104.62,339,0
2025-12-04T11:45:00+05:30,104.62,104.94,104.62,104.78,12,0
2025-12-04T12:00:00+05:30,104.78,104.85,104.62,104.62,906,0
2025-12-04T12:15:00+05:30,104.68,104.68,104.62,104.62,100,0
2025-12-04T12:30:00+05:30,104.62,104.98,104.62,104.97,10,0
2025-12-04T12:45:00+05:30,104.97,104.97,104.81,104.84,49,0
2025-12-04T13:00:00+05:30,104.84,105.42,104.84,105.42,238,0
2025-12-04T13:15:00+05:30,105.65,105.65,105.65,105.65,1,0
2025-12-04T13:30:00+05:30,105.65,105.65,105.65,105.65,0,0
2025-12-04T13:45:00+05:30,105.65,106.42,105.14,105.49,506,0
2025-12-04T14:00:00+05:30,105.49,106.01,105.49,106.01,17,0
2025-12-04T14:15:00+05:30,106.01,106.02,106.01,106.02,5,0
2025-12-04T14:30:00+05:30,106.02,106.4,105.24,106.15,921,0
2025-12-04T14:45:00+05:30,106.02,106.28,105.24,105.95,460,0
2025-12-04T15:00:00+05:30,105.95,106.24,105.45,105.45,760,0
2025-12-04T15:15:00+05:30,105.45,109.0,105.36,108.0,4134,0
2025-12-05T09:15:00+05:30,106.89,107.6,106.89,107.6,961,0
2025-12-05T09:30:00+05:30,107.5,108.4,107.15,108.24,1546,0
2025-12-05T09:45:00+05:30,108.24,108.24,107.22,107.22,100,0
2025-12-05T10:00:00+05:30,107.22,107.29,107.22,107.22,116,0
2025-12-05T10:15:00+05:30,107.22,107.22,107.19,107.19,1,0
2025-12-05T10:30:00+05:30,107.19,107.19,107.19,107.19,5,0
2025-12-05T10:45:00+05:30,107.19,107.19,107.19,107.19,7,0
2025-12-05T11:00:00+05:30,107.19,107.19,107.0,107.0,20,0
2025-12-05T11:15:00+05:30,107.17,107.17,107.0,107.16,43,0
2025-12-05T11:30:00+05:30,107.16,107.19,107.16,107.19,54,0
2025-12-05T11:45:00+05:30,107.19,107.19,107.0,107.0,42,0
2025-12-05T12:00:00+05:30,107.0,107.0,105.93,106.21,353,0
2025-12-05T12:15:00+05:30,106.21,106.21,106.07,106.07,3,0
2025-12-05T12:30:00+05:30,106.07,106.07,105.82,105.82,13,0
2025-12-05T12:45:00+05:30,105.82,105.92,105.73,105.92,41,0
2025-12-05T13:00:00+05:30,105.92,106.18,105.78,106.01,198,0
2025-12-05T13:15:00+05:30,106.01,106.01,105.55,105.82,304,0
2025-12-05T13:30:00+05:30,105.82,106.3,105.5,106.0,235,0
2025-12-05T13:45:00+05:30,106.0,106.0,106.0,106.0,116,0
2025-12-05T14:00:00+05:30,106.0,106.0,106.0,106.0,149,0
2025-12-05T14:15:00+05:30,106.0,106.0,106.0,106.0,266,0
2025-12-05T14:30:00+05:30,106.0,106.0,106.0,106.0,26,0
2025-12-05T14:45:00+05:30,106.0,106.0,105.75,105.75,262,0
2025-12-05T15:00:00+05:30,105.75,106.0,105.75,106.0,206,0
2025-12-05T15:15:00+05:30,106.0,107.73,105.83,107.73,3552,0
2025-12-08T09:15:00+05:30,106.55,108.2,106.4,107.99,2886,0
2025-12-08T09:30:00+05:30,107.74,107.79,107.17,107.22,330,0
2025-12-08T09:45:00+05:30,107.22,107.23,106.84,107.15,104,0
2025-12-08T10:00:00+05:30,107.15,107.15,106.05,106.05,531,0
2025-12-08T10:15:00+05:30,106.05,106.29,105.5,106.25,2867,0
2025-12-08T10:30:00+05:30,106.25,106.47,105.81,106.47,102,0
2025-12-08T10:45:00+05:30,106.47,106.47,106.47,106.47,0,0
2025-12-08T11:00:00+05:30,106.47,106.47,106.47,106.47,0,0
2025-12-08T11:15:00+05:30,105.91,106.28,105.62,105.62,285,0
2025-12-08T11:30:00+05:30,106.19,106.97,106.19,106.8,958,0
2025-12-08T11:45:00+05:30,106.8,106.88,106.8,106.88,10,0
2025-12-08T12:00:00+05:30,106.88,106.9,106.31,106.31,1220,0
2025-12-08T12:15:00+05:30,106.31,106.9,106.0,106.83,1303,0
2025-12-08T12:30:00+05:30,106.83,106.83,106.83,106.83,0,0
2025-12-08T12:45:00+05:30,106.83,107.0,106.5,107.0,509,0
2025-12-08T13:00:00+05:30,107.0,107.0,105.78,106.38,425,0
2025-12-08T13:15:00+05:30,106.38,108.15,105.9,107.16,6478,0
2025-12-08T13:30:00+05:30,107.16,107.16,106.01,106.01,72,0
2025-12-08T13:45:00+05:30,106.01,106.03,105.74,105.78,463,0
2025-12-08T14:00:00+05:30,106.2,106.29,105.75,106.28,130,0
2025-12-08T14:15:00+05:30,106.28,106.28,105.61,105.62,962,0
2025-12-08T14:30:00+05:30,105.62,106.13,105.51,105.51,1259,0
2025-12-08T14:45:00+05:30,105.51,105.83,105.51,105.83,47,0
2025-12-08T15:00:00+05:30,106.0,107.09,105.85,105.85,787,0
2025-12-08T15:15:00+05:30,106.0,108.14,106.0,107.27,1659,0
2025-12-09T09:15:00+05:30,106.2,107.94,105.5,105.57,3409,0
2025-12-09T09:30:00+05:30,105.71,105.73,103.41,103.42,5515,0
2025-12-09T09:45:00+05:30,103.84,104.45,103.74,104.27,1145,0
2025-12-09T10:00:00+05:30,104.27,104.7,104.25,104.66,388,0
2025-12-09T10:15:00+05:30,104.65,105.98,104.65,105.47,289,0
2025-12-09T10:30:00+05:30,105.47,105.47,104.81,104.81,166,0
2025-12-09T10:45:00+05:30,104.81,106.32,104.81,106.0,701,0
2025-12-09T11:00:00+05:30,106.0,106.76,105.95,106.11,75,0
2025-12-09T11:15:00+05:30,106.11,106.45,106.08,106.45,298,0
2025-12-09T11:30:00+05:30,106.45,106.45,106.3,106.3,52,0
2025-12-09T11:45:00+05:30,106.3,106.38,106.3,106.38,1,0
2025-12-09T12:00:00+05:30,106.38,106.41,106.38,106.41,35,0
2025-12-09T12:15:00+05:30,106.4,106.97,106.4,106.52,525,0
2025-12-09T12:30:00+05:30,106.52,106.52,106.43,106.43,7,0
2025-12-09T12:45:00+05:30,106.43,106.44,106.43,106.43,6,0
2025-12-09T13:00:00+05:30,106.43,106.43,106.38,106.38,2,0
2025-12-09T13:15:00+05:30,106.38,106.38,106.38,106.38,0,0
2025-12-09T13:30:00+05:30,106.38,106.38,106.38,106.38,0,0
2025-12-09T13:45:00+05:30,106.38,106.38,106.27,106.27,40,0
2025-12-09T14:00:00+05:30,106.27,106.27,106.17,106.17,6,0
2025-12-09T14:15:00+05:30,106.17,106.67,106.17,106.67,50,0
2025-12-09T14:30:00+05:30,106.44,106.44,106.19,106.19,93,0
2025-12-09T14:45:00+05:30,106.19,107.38,106.19,107.38,146,0
2025-12-09T15:00:00+05:30,107.38,107.38,106.26,106.26,421,0
2025-12-09T15:15:00+05:30,106.26,107.38,106.0,107.38,838,0
2025-12-10T09:15:00+05:30,106.87,108.5,106.87,108.5,2067,0
2025-12-10T09:30:00+05:30,108.02,108.29,107.63,107.63,11,0
2025-12-10T09:45:00+05:30,107.63,108.0,107.47,108.0,90,0
2025-12-10T10:00:00+05:30,107.55,107.98,106.95,107.71,300,0
2025-12-10T10:15:00+05:30,107.71,107.98,107.71,107.98,59,0
2025-12-10T10:30:00+05:30,107.98,107.98,107.81,107.98,32,0
2025-12-10T10:45:00+05:30,107.98,107.98,107.71,107.71,120,0
2025-12-10T11:00:00+05:30,107.71,107.88,107.71,107.88,1,0
2025-12-10T11:15:00+05:30,107.88,107.88,107.88,107.88,5,0
2025-12-10T11:30:00+05:30,107.88,107.88,107.48,107.48,95,0
2025-12-10T11:45:00+05:30,107.48,107.48,107.22,107.22,1,0
2025-12-10T12:00:00+05:30,107.22,107.22,107.22,107.22,0,0
2025-12-10T12:15:00+05:30,107.22,107.65,105.15,106.41,2957,0
2025-12-10T12:30:00+05:30,106.41,106.62,106.41,106.42,41,0
2025-12-10T12:45:00+05:30,106.42,107.22,106.42,107.22,5,0
2025-12-10T13:00:00+05:30,107.22,107.22,106.91,106.91,6,0
2025-12-10T13:15:00+05:30,106.91,107.17,106.91,107.17,7,0
2025-12-10T13:30:00+05:30,107.17,107.17,107.17,107.17,0,0
2025-12-10T13:45:00+05:30,107.17,107.17,106.61,106.61,74,0
2025-12-10T14:00:00+05:30,106.61,106.65,106.61,106.65,14,0
2025-12-10T14:15:00+05:30,106.65,106.65,106.65,106.65,0,0
2025-12-10T14:30:00+05:30,106.65,106.65,106.31,106.31,6,0
2025-12-10T14:45:00+05:30,106.31,106.99,106.31,106.99,216,0
2025-12-10T15:00:00+05:30,106.97,107.17,106.73,106.73,192,0
2025-12-10T15:15:00+05:30,106.73,107.16,106.2,106.2,729,0
2025-12-11T09:15:00+05:30,107.09,107.65,106.95,107.26,1962,0
2025-12-11T09:30:00+05:30,106.55,107.58,106.55,106.94,24,0
2025-12-11T09:45:00+05:30,106.94,106.94,106.11,106.14,657,0
2025-12-11T10:00:00+05:30,106.53,106.53,106.14,106.21,15,0
2025-12-11T10:15:00+05:30,106.21,106.68,105.21,106.15,2661,0
2025-12-11T10:30:00+05:30,106.01,106.43,104.41,105.05,2996,0
2025-12-11T10:45:00+05:30,105.05,105.59,104.52,105.22,1352,0
2025-12-11T11:00:00+05:30,105.31,105.58,105.0,105.47,499,0
2025-12-11T11:15:00+05:30,105.47,105.47,105.47,105.47,0,0
2025-12-11T11:30:00+05:30,105.47,105.47,105.47,105.47,0,0
2025-12-11T11:45:00+05:30,105.47,105.99,105.47,105.77,349,0
2025-12-11T12:00:00+05:30,105.77,105.77,105.48,105.48,1,0
2025-12-11T12:15:00+05:30,105.48,105.6,105.48,105.6,486,0
2025-12-11T12:30:00+05:30,105.6,106.3,105.6,106.3,184,0
2025-12-11T12:45:00+05:30,106.3,106.3,106.0,106.02,60,0
2025-12-11T13:00:00+05:30,106.02,106.2,106.02,106.2,55,0
2025-12-11T13:15:00+05:30,106.2,106.2,106.0,106.01,96,0
2025-12-11T13:30:00+05:30,106.01,106.18,106.01,106.18,1,0
2025-12-11T13:45:00+05:30,106.18,106.2,106.18,106.2,215,0
2025-12-11T14:00:00+05:30,106.2,106.2,106.18,106.18,500,0
2025-12-11T14:15:00+05:30,106.18,106.18,106.18,106.18,0,0
2025-12-11T14:30:00+05:30,106.18,106.18,105.47,105.47,1801,0
2025-12-11T14:45:00+05:30,105.48,105.8,105.48,105.65,26,0
2025-12-11T15:00:00+05:30,105.65,106.89,105.65,106.5,1011,0
2025-12-11T15:15:00+05:30,105.7,106.01,105.47,105.49,2529,0
2025-12-12T09:15:00+05:30,106.73,107.34,106.68,106.85,689,0
2025-12-12T09:30:00+05:30,107.05,107.05,106.01,106.21,2045,0
2025-12-12T09:45:00+05:30,106.21,106.41,106.21,106.3,21,0
2025-12-12T10:00:00+05:30,106.3,106.3,106.29,106.3,224,0
2025-12-12T10:15:00+05:30,106.3,106.43,106.19,106.19,111,0
2025-12-12T10:30:00+05:30,106.43,106.56,106.26,106.56,58,0
2025-12-12T10:45:00+05:30,106.56,107.02,106.56,106.66,62,0
2025-12-12T11:00:00+05:30,106.66,106.66,106.66,106.66,0,0
2025-12-12T11:15:00+05:30,106.66,106.66,106.66,106.66,0,0
2025-12-12T11:30:00+05:30,106.66,107.38,106.66,107.05,183,0
2025-12-12T11:45:00+05:30,107.05,107.05,106.72,106.77,52,0
2025-12-12T12:00:00+05:30,106.77,106.77,106.51,106.51,21,0
2025-12-12T12:15:00+05:30,106.51,106.68,106.49,106.49,43,0
2025-12-12T12:30:00+05:30,106.49,106.49,106.22,106.22,141,0
2025-12-12T12:45:00+05:30,106.22,106.49,106.22,106.39,401,0
2025-12-12T13:00:00+05:30,106.39,106.39,105.99,106.05,1027,0
2025-12-12T13:15:00+05:30,106.05,106.05,106.05,106.05,0,0
2025-12-12T13:30:00+05:30,106.05,106.11,106.05,106.11,1,0
2025-12-12T13:45:00+05:30,106.11,106.15,106.11,106.15,1,0
2025-12-12T14:00:00+05:30,106.29,106.29,106.15,106.15,92,0
2025-12-12T14:15:00+05:30,106.15,106.15,106.15,106.15,0,0
2025-12-12T14:30:00+05:30,106.15,106.25,106.06,106.25,74,0
2025-12-12T14:45:00+05:30,106.25,106.5,106.25,106.3,107,0
2025-12-12T15:00:00+05:30,106.38,106.5,106.0,106.13,458,0
2025-12-12T15:15:00+05:30,106.1,106.45,105.98,106.45,2685,0
2025-12-15T09:15:00+05:30,106.5,106.99,106.5,106.89,350,0
2025-12-15T09:30:00+05:30,106.84,107.0,106.04,107.0,1610,0
2025-12-15T09:45:00+05:30,106.52,106.52,106.25,106.25,42,0
2025-12-15T10:00:00+05:30,106.25,106.32,105.98,106.09,1987,0
2025-12-15T10:15:00+05:30,106.09,106.1,105.21,105.83,689,0
2025-12-15T10:30:00+05:30,105.83,106.1,105.43,106.1,654,0
2025-12-15T10:45:00+05:30,106.1,106.1,105.43,106.0,1834,0
2025-12-15T11:00:00+05:30,106.07,107.0,106.07,107.0,3039,0
2025-12-15T11:15:00+05:30,107.0,107.0,106.2,106.2,79,0
2025-12-15T11:30:00+05:30,106.2,106.87,105.7,105.7,1384,0
2025-12-15T11:45:00+05:30,105.7,106.0,105.7,106.0,68,0
2025-12-15T12:00:00+05:30,106.0,106.02,106.0,106.0,65,0
2025-12-15T12:15:00+05:30,105.95,106.86,105.7,106.0,4192,0
2025-12-15T12:30:00+05:30,106.0,106.0,106.0,106.0,0,0
2025-12-15T12:45:00+05:30,106.0,106.0,106.0,106.0,0,0
2025-12-15T13:00:00+05:30,105.71,105.98,105.05,105.7,467,0
2025-12-15T13:15:00+05:30,105.73,105.94,105.72,105.94,33,0
2025-12-15T13:30:00+05:30,105.94,105.94,105.87,105.94,209,0
2025-12-15T13:45:00+05:30,105.94,105.98,105.73,105.73,51,0
2025-12-15T14:00:00+05:30,105.73,105.74,105.01,105.7,791,0
2025-12-15T14:15:00+05:30,105.7,105.72,105.01,105.7,1267,0
2025-12-15T14:30:00+05:30,105.7,106.0,105.7,105.98,422,0
2025-12-15T14:45:00+05:30,105.98,106.07,104.43,106.07,3826,0
2025-12-15T15:00:00+05:30,106.07,106.07,105.8,105.8,1591,0
2025-12-15T15:15:00+05:30,106.07,107.45,105.21,107.4,3183,0
2025-12-16T09:15:00+05:30,106.54,107.04,105.57,106.0,1430,0
2025-12-16T09:30:00+05:30,106.0,106.78,105.97,106.45,573,0
2025-12-16T09:45:00+05:30,106.45,106.45,106.45,106.45,0,0
2025-12-16T10:00:00+05:30,106.45,106.45,106.02,106.02,206,0
2025-12-16T10:15:00+05:30,106.02,106.4,106.02,106.37,66,0
2025-12-16T10:30:00+05:30,106.28,106.33,106.28,106.33,12,0
2025-12-16T10:45:00+05:30,106.33,106.33,105.81,105.81,51,0
2025-12-16T11:00:00+05:30,105.81,106.0,105.81,106.0,16,0
2025-12-16T11:15:00+05:30,106.0,106.0,103.82,104.0,7584,0
2025-12-16T11:30:00+05:30,103.96,104.49,103.96,104.43,2738,0
2025-12-16T11:45:00+05:30,104.43,105.5,104.2,105.5,4966,0
2025-12-16T12:00:00+05:30,105.12,105.5,105.0,105.5,355,0
2025-12-16T12:15:00+05:30,105.5,105.79,105.5,105.68,280,0
2025-12-16T12:30:00+05:30,105.68,105.98,105.66,105.98,40,0
2025-12-16T12:45:00+05:30,105.66,105.69,105.18,105.18,24,0
2025-12-16T13:00:00+05:30,105.18,105.18,104.34,104.34,528,0
2025-12-16T13:15:00+05:30,104.34,104.34,104.34,104.34,0,0
2025-12-16T13:30:00+05:30,104.34,104.94,104.34,104.94,8,0
2025-12-16T13:45:00+05:30,104.94,105.93,104.0,105.42,2276,0
2025-12-16T14:00:00+05:30,105.42,105.5,105.1,105.5,531,0
2025-12-16T14:15:00+05:30,105.5,105.52,105.42,105.42,182,0
2025-12-16T14:30:00+05:30,105.42,105.5,105.35,105.5,486,0
2025-12-16T14:45:00+05:30,105.5,105.59,105.46,105.5,4627,0
2025-12-16T15:00:00+05:30,105.59,106.0,105.5,105.67,788,0
2025-12-16T15:15:00+05:30,105.67,107.01,105.5,105.5,3362,0
2025-12-17T09:15:00+05:30,105.79,107.52,105.79,106.65,1414,0
2025-12-17T09:30:00+05:30,106.65,107.17,106.59,107.05,214,0
2025-12-17T09:45:00+05:30,107.05,107.05,106.52,106.52,252,0
2025-12-17T10:00:00+05:30,106.59,106.59,106.25,106.25,409,0
2025-12-17T10:15:00+05:30,106.25,106.27,106.25,106.27,41,0
2025-12-17T10:30:00+05:30,106.27,106.27,105.51,105.51,524,0
2025-12-17T10:45:00+05:30,105.51,106.15,105.51,105.51,110,0
2025-12-17T11:00:00+05:30,105.51,106.14,105.51,106.14,10,0
2025-12-17T11:15:00+05:30,106.02,106.02,105.51,105.51,78,0
2025-12-17T11:30:00+05:30,105.51,106.45,105.51,106.34,940,0
2025-12-17T11:45:00+05:30,106.34,106.45,106.34,106.45,200,0
2025-12-17T12:00:00+05:30,106.45,106.45,106.45,106.45,0,0
2025-12-17T12:15:00+05:30,106.45,106.45,106.45,106.45,50,0
2025-12-17T12:30:00+05:30,106.45,106.45,106.4,106.4,25,0
2025-12-17T12:45:00+05:30,106.4,106.4,106.4,106.4,0,0
2025-12-17T13:00:00+05:30,106.4,106.4,106.4,106.4,250,0
2025-12-17T13:15:00+05:30,106.4,106.4,105.01,105.05,801,0
2025-12-17T13:30:00+05:30,105.5,106.25,105.5,106.25,220,0
2025-12-17T13:45:00+05:30,106.25,106.25,106.0,106.01,154,0
2025-12-17T14:00:00+05:30,106.01,106.01,104.0,104.32,13114,0
2025-12-17T14:15:00+05:30,104.32,104.9,104.32,104.82,836,0
2025-12-17T14:30:00+05:30,104.82,104.82,104.25,104.3,3117,0
2025-12-17T14:45:00+05:30,104.3,104.3,104.25,104.3,3204,0
2025-12-17T15:00:00+05:30,104.3,104.76,104.25,104.76,1858,0
2025-12-17T15:15:00+05:30,104.5,104.5,104.25,104.5,2005,0
2025-12-18T09:15:00+05:30,103.27,104.17,103.27,103.98,568,0
2025-12-18T09:30:00+05:30,103.87,104.89,103.87,104.32,709,0
2025-12-18T09:45:00+05:30,104.32,104.32,104.31,104.31,1,0
2025-12-18T10:00:00+05:30,104.31,104.48,104.0,104.01,360,0
2025-12-18T10:15:00+05:30,104.01,105.8,104.01,104.86,1989,0
2025-12-18T10:30:00+05:30,104.86,105.23,104.52,105.23,366,0
2025-12-18T10:45:00+05:30,105.23,105.23,104.6,104.6,100,0
2025-12-18T11:00:00+05:30,104.6,104.6,104.6,104.6,0,0
2025-12-18T11:15:00+05:30,104.82,104.82,104.43,104.43,27,0
2025-12-18T11:30:00+05:30,104.43,104.43,104.43,104.43,0,0
2025-12-18T11:45:00+05:30,104.43,104.43,104.43,104.43,6,0
2025-12-18T12:00:00+05:30,104.43,104.43,104.43,104.43,0,0
2025-12-18T12:15:00+05:30,104.43,104.58,104.43,104.58,5,0
2025-12-18T12:30:00+05:30,104.58,104.58,104.58,104.58,2,0
2025-12-18T12:45:00+05:30,104.41,104.94,104.4,104.78,156,0
2025-12-18T13:00:00+05:30,104.78,104.78,104.43,104.5,213,0
2025-12-18T13:15:00+05:30,104.5,105.36,104.5,104.91,92,0
2025-12-18T13:30:00+05:30,104.91,104.91,104.81,104.81,51,0
2025-12-18T13:45:00+05:30,104.81,105.0,104.81,104.94,304,0
2025-12-18T14:00:00+05:30,104.97,104.97,104.97,104.97,1,0
2025-12-18T14:15:00+05:30,104.97,105.0,104.86,104.87,240,0
2025-12-18T14:30:00+05:30,104.87,105.0,104.0,104.0,1225,0
2025-12-18T14:45:00+05:30,104.02,104.02,101.5,102.1,6232,0
2025-12-18T15:00:00+05:30,102.1,103.35,102.1,103.0,1050,0
2025-12-18T15:15:00+05:30,103.0,103.51,102.2,103.4,1789,0
2025-12-19T09:15:00+05:30,103.15,103.89,103.11,103.78,576,0
2025-12-19T09:30:00+05:30,103.79,104.99,103.67,104.37,1206,0
2025-12-19T09:45:00+05:30,104.37,104.8,104.37,104.46,131,0
2025-12-19T10:00:00+05:30,104.46,104.69,104.46,104.46,68,0
2025-12-19T10:15:00+05:30,104.46,104.6,104.0,104.28,247,0
2025-12-19T10:30:00+05:30,104.28,104.32,103.67,103.67,1572,0
2025-12-19T10:45:00+05:30,103.67,104.33,103.67,104.33,139,0
2025-12-19T11:00:00+05:30,104.33,104.33,104.2,104.21,136,0
2025-12-19T11:15:00+05:30,104.21,104.21,104.2,104.2,8,0
2025-12-19T11:30:00+05:30,104.2,104.2,103.85,103.85,333,0
2025-12-19T11:45:00+05:30,103.85,103.88,103.85,103.88,13,0
2025-12-19T12:00:00+05:30,103.88,104.0,103.88,104.0,25,0
2025-12-19T12:15:00+05:30,104.0,104.0,104.0,104.0,62,0
2025-12-19T12:30:00+05:30,104.0,104.0,104.0,104.0,6,0
2025-12-19T12:45:00+05:30,104.0,104.37,104.0,104.18,377,0
2025-12-19T13:00:00+05:30,104.18,105.13,104.18,105.13,1021,0
2025-12-19T13:15:00+05:30,105.13,105.3,105.05,105.15,1987,0
2025-12-19T13:30:00+05:30,105.15,105.2,105.15,105.2,109,0
2025-12-19T13:45:00+05:30,105.2,105.28,104.51,104.51,720,0
2025-12-19T14:00:00+05:30,104.51,104.54,104.51,104.54,6,0
2025-12-19T14:15:00+05:30,104.54,104.97,104.51,104.97,146,0
2025-12-19T14:30:00+05:30,104.97,104.97,104.97,104.97,0,0
2025-12-19T14:45:00+05:30,104.97,105.36,104.97,105.36,333,0
2025-12-19T15:00:00+05:30,105.36,105.36,104.6,104.62,217,0
2025-12-19T15:15:00+05:30,104.62,105.0,104.02,104.02,2034,0
2025-12-22T09:15:00+05:30,104.93,105.69,104.93,105.59,1290,0
2025-12-22T09:30:00+05:30,105.47,106.87,105.47,106.53,1878,0
2025-12-22T09:45:00+05:30,106.32,106.39,106.31,106.39,75,0
2025-12-22T10:00:00+05:30,106.39,106.7,106.38,106.5,362,0
2025-12-22T10:15:00+05:30,106.5,106.59,106.5,106.5,20,0
2025-12-22T10:30:00+05:30,106.5,106.5,106.5,106.5,8,0
2025-12-22T10:45:00+05:30,106.5,106.71,106.46,106.57,234,0
2025-12-22T11:00:00+05:30,106.57,106.87,106.26,106.61,124,0
2025-12-22T11:15:00+05:30,106.85,106.85,106.85,106.85,6,0
2025-12-22T11:30:00+05:30,106.85,106.86,106.01,106.22,1103,0
2025-12-22T11:45:00+05:30,106.22,106.24,106.22,106.24,1,0
2025-12-22T12:00:00+05:30,106.24,106.24,106.22,106.22,187,0
2025-12-22T12:15:00+05:30,106.22,106.22,104.87,105.29,1028,0
2025-12-22T12:30:00+05:30,105.29,105.47,105.24,105.47,111,0
2025-12-22T12:45:00+05:30,105.47,105.47,105.24,105.46,15,0
2025-12-22T13:00:00+05:30,105.46,105.46,103.51,104.74,8033,0
2025-12-22T13:15:00+05:30,104.75,105.39,103.91,105.36,3132,0
2025-12-22T13:30:00+05:30,105.36,105.36,105.36,105.36,0,0
2025-12-22T13:45:00+05:30,105.36,105.36,105.36,105.36,0,0
2025-12-22T14:00:00+05:30,105.36,105.36,104.81,104.84,126,0
2025-12-22T14:15:00+05:30,104.84,104.84,104.0,104.46,1126,0
2025-12-22T14:30:00+05:30,104.46,104.46,102.98,104.02,4681,0
2025-12-22T14:45:00+05:30,104.1,104.45,104.1,104.45,335,0
2025-12-22T15:00:00+05:30,104.45,104.5,104.15,104.33,617,0
2025-12-22T15:15:00+05:30,104.4,104.4,102.81,103.49,3832,0
2025-12-23T09:15:00+05:30,103.01,104.5,103.01,104.45,1272,0
2025-12-23T09:30:00+05:30,104.45,105.3,104.45,105.0,1504,0
2025-12-23T09:45:00+05:30,105.0,105.26,105.0,105.0,1119,0
2025-12-23T10:00:00+05:30,105.0,105.4,105.0,105.4,200,0
2025-12-23T10:15:00+05:30,105.4,105.4,105.0,105.0,146,0
2025-12-23T10:30:00+05:30,105.0,106.6,105.0,106.0,1845,0
2025-12-23T10:45:00+05:30,105.87,106.0,105.53,105.53,658,0
2025-12-23T11:00:00+05:30,105.53,106.03,105.53,105.79,1502,0
2025-12-23T11:15:00+05:30,105.79,105.79,105.71,105.71,2,0
2025-12-23T11:30:00+05:30,105.71,105.85,105.71,105.85,232,0
2025-12-23T11:45:00+05:30,105.97,106.0,105.52,105.98,436,0
2025-12-23T12:00:00+05:30,105.98,105.98,105.96,105.96,1,0
2025-12-23T12:15:00+05:30,105.96,105.96,105.96,105.96,0,0
2025-12-23T12:30:00+05:30,105.96,106.6,105.96,106.04,1020,0
2025-12-23T12:45:00+05:30,106.04,106.04,106.04,106.04,0,0
2025-12-23T13:00:00+05:30,106.04,106.04,105.61,105.61,21,0
2025-12-23T13:15:00+05:30,105.61,105.68,105.36,105.36,284,0
2025-12-23T13:30:00+05:30,105.36,105.58,105.02,105.58,157,0
2025-12-23T13:45:00+05:30,105.58,105.59,105.07,105.07,30,0
2025-12-23T14:00:00+05:30,105.07,105.39,105.07,105.39,9,0
2025-12-23T14:15:00+05:30,105.39,105.39,105.11,105.39,38,0
2025-12-23T14:30:00+05:30,105.39,105.39,105.37,105.37,4,0
2025-12-23T14:45:00+05:30,105.37,105.37,105.37,105.37,0,0
2025-12-23T15:00:00+05:30,105.39,105.74,105.0,105.01,9013,0
2025-12-23T15:15:00+05:30,105.01,105.8,105.01,105.68,1286,0
2025-12-24T09:15:00+05:30,105.69,106.08,105.61,106.07,750,0
2025-12-24T09:30:00+05:30,106.14,106.88,105.91,105.91,1294,0
2025-12-24T09:45:00+05:30,105.91,105.94,105.91,105.91,314,0
2025-12-24T10:00:00+05:30,105.75,105.98,105.52,105.52,139,0
2025-12-24T10:15:00+05:30,105.52,105.52,105.52,105.52,0,0
2025-12-24T10:30:00+05:30,105.56,105.56,104.9,105.47,1198,0
2025-12-24T10:45:00+05:30,105.47,105.47,104.9,105.38,255,0
2025-12-24T11:00:00+05:30,105.38,105.5,105.31,105.5,583,0
2025-12-24T11:15:00+05:30,105.5,106.0,105.5,105.62,475,0
2025-12-24T11:30:00+05:30,105.9,105.9,105.9,105.9,6,0
2025-12-24T11:45:00+05:30,105.9,105.9,105.5,105.89,2012,0
2025-12-24T12:00:00+05:30,105.89,106.47,105.56,106.32,1753,0
2025-12-24T12:15:00+05:30,106.32,106.6,105.97,106.6,1715,0
2025-12-24T12:30:00+05:30,106.6,106.6,106.11,106.6,5246,0
2025-12-24T12:45:00+05:30,106.6,107.72,106.21,107.49,4307,0
2025-12-24T13:00:00+05:30,107.49,107.49,106.92,106.95,434,0
2025-12-24T13:15:00+05:30,106.95,107.72,106.66,106.66,867,0
2025-12-24T13:30:00+05:30,106.66,106.7,106.54,106.54,86,0
2025-12-24T13:45:00+05:30,106.54,106.57,106.54,106.57,30,0
2025-12-24T14:00:00+05:30,106.68,107.7,106.49,107.5,6412,0
2025-12-24T14:15:00+05:30,107.5,107.55,107.01,107.02,735,0
2025-12-24T14:30:00+05:30,107.02,107.05,106.89,107.05,2351,0
2025-12-24T14:45:00+05:30,107.05,107.75,107.0,107.75,646,0
2025-12-24T15:00:00+05:30,107.74,107.75,107.0,107.1,1223,0
2025-12-24T15:15:00+05:30,107.02,107.74,107.02,107.4,5436,0
2025-12-26T09:15:00+05:30,107.32,107.32,106.0,107.0,351,0
2025-12-26T09:30:00+05:30,106.99,107.12,106.22,106.55,521,0
2025-12-26T09:45:00+05:30,106.55,106.57,106.54,106.57,17,0
2025-12-26T10:00:00+05:30,106.54,106.61,106.02,106.39,1038,0
2025-12-26T10:15:00+05:30,106.39,106.45,106.39,106.45,46,0
2025-12-26T10:30:00+05:30,106.45,106.45,106.2,106.33,52,0
2025-12-26T10:45:00+05:30,106.33,106.33,106.29,106.3,31,0
2025-12-26T11:00:00+05:30,106.3,106.85,106.3,106.77,1039,0
2025-12-26T11:15:00+05:30,106.59,106.87,105.62,105.63,741,0
2025-12-26T11:30:00+05:30,105.63,105.83,105.63,105.83,262,0
2025-12-26T11:45:00+05:30,105.83,106.68,105.83,106.68,917,0
2025-12-26T12:00:00+05:30,106.68,106.68,106.01,106.01,1,0
2025-12-26T12:15:00+05:30,106.01,106.68,106.01,106.68,395,0
2025-12-26T12:30:00+05:30,106.68,106.88,106.56,106.85,98,0
2025-12-26T12:45:00+05:30,106.85,107.25,106.12,106.9,2142,0
2025-12-26T13:00:00+05:30,106.9,107.29,106.83,107.25,35,0
2025-12-26T13:15:00+05:30,107.25,107.25,107.09,107.09,21,0
2025-12-26T13:30:00+05:30,107.09,107.09,106.96,107.08,5,0
2025-12-26T13:45:00+05:30,107.08,107.08,106.57,106.57,295,0
2025-12-26T14:00:00+05:30,106.57,106.69,106.21,106.69,242,0
2025-12-26T14:15:00+05:30,106.69,106.79,106.49,106.79,8,0
2025-12-26T14:30:00+05:30,106.79,106.79,106.37,106.37,1,0
2025-12-26T14:45:00+05:30,106.37,106.79,106.37,106.58,76,0
2025-12-26T15:00:00+05:30,106.58,106.79,106.33,106.39,310,0
2025-12-26T15:15:00+05:30,106.75,106.75,106.0,106.0,1407,0
2025-12-29T09:15:00+05:30,107.1,107.8,106.26,107.39,2666,0
2025-12-29T09:30:00+05:30,106.83,106.83,105.11,105.74,1431,0
2025-12-29T09:45:00+05:30,105.74,105.74,105.0,105.45,439,0
2025-12-29T10:00:00+05:30,105.45,105.46,105.4,105.4,89,0
2025-12-29T10:15:00+05:30,105.4,105.4,105.1,105.1,300,0
2025-12-29T10:30:00+05:30,105.1,105.51,105.1,105.17,192,0
2025-12-29T10:45:00+05:30,105.17,105.3,105.0,105.0,646,0
2025-12-29T11:00:00+05:30,104.97,105.0,104.77,104.78,117,0
2025-12-29T11:15:00+05:30,104.78,104.78,104.6,104.78,347,0
2025-12-29T11:30:00+05:30,104.78,104.78,104.77,104.78,1586,0
2025-12-29T11:45:00+05:30,104.78,105.09,104.78,104.82,43,0
2025-12-29T12:00:00+05:30,104.82,104.82,104.82,104.82,0,0
2025-12-29T12:15:00+05:30,104.82,105.12,104.82,105.11,252,0
2025-12-29T12:30:00+05:30,105.11,105.11,104.82,104.82,1093,0
2025-12-29T12:45:00+05:30,104.82,105.1,104.82,104.83,708,0
2025-12-29T13:00:00+05:30,104.83,104.83,104.83,104.83,45,0
2025-12-29T13:15:00+05:30,104.83,104.9,104.83,104.9,123,0
2025-12-29T13:30:00+05:30,104.9,105.01,104.9,105.0,50,0
2025-12-29T13:45:00+05:30,105.0,105.18,105.0,105.0,454,0
2025-12-29T14:00:00+05:30,105.0,105.59,105.0,105.59,476,0
2025-12-29T14:15:00+05:30,105.69,106.34,105.69,106.25,3615,0
2025-12-29T14:30:00+05:30,106.25,106.25,105.64,105.79,30,0
2025-12-29T14:45:00+05:30,105.79,106.21,105.71,106.01,556,0
2025-12-29T15:00:00+05:30,106.16,106.39,106.16,106.39,483,0
2025-12-29T15:15:00+05:30,106.39,107.0,105.22,107.0,1507,0
2025-12-30T09:15:00+05:30,106.12,106.12,104.58,104.9,696,0
2025-12-30T09:30:00+05:30,104.86,104.97,104.63,104.75,9,0
2025-12-30T09:45:00+05:30,104.75,104.95,104.75,104.87,50,0
2025-12-30T10:00:00+05:30,104.87,105.29,104.8,105.29,568,0
2025-12-30T10:15:00+05:30,105.64,105.65,105.32,105.35,271,0
2025-12-30T10:30:00+05:30,105.35,105.54,105.35,105.54,26,0
2025-12-30T10:45:00+05:30,105.54,105.54,105.31,105.5,15,0
2025-12-30T11:00:00+05:30,105.5,105.5,105.45,105.46,19,0
2025-12-30T11:15:00+05:30,105.46,105.46,105.41,105.42,202,0
2025-12-30T11:30:00+05:30,105.42,105.42,105.17,105.17,1,0
2025-12-30T11:45:00+05:30,105.17,105.37,105.11,105.37,101,0
2025-12-30T12:00:00+05:30,105.37,105.37,105.33,105.36,25,0
2025-12-30T12:15:00+05:30,105.36,105.36,105.36,105.36,1,0
2025-12-30T12:30:00+05:30,105.36,105.36,104.75,104.75,300,0
2025-12-30T12:45:00+05:30,104.75,105.16,104.75,105.16,50,0
2025-12-30T13:00:00+05:30,105.16,105.16,105.16,105.16,0,0
2025-12-30T13:15:00+05:30,105.16,105.16,105.16,105.16,0,0
2025-12-30T13:30:00+05:30,105.16,105.27,105.15,105.27,50,0
2025-12-30T13:45:00+05:30,105.27,106.12,105.2,106.12,2240,0
2025-12-30T14:00:00+05:30,106.12,107.0,105.77,105.77,943,0
2025-12-30T14:15:00+05:30,105.77,105.84,105.77,105.84,90,0
2025-12-30T14:30:00+05:30,105.84,106.13,105.7,105.92,287,0
2025-12-30T14:45:00+05:30,105.92,105.92,105.9,105.92,21,0
2025-12-30T15:00:00+05:30,105.92,106.63,105.9,105.9,288,0
2025-12-30T15:15:00+05:30,105.9,107.68,105.9,106.89,1122,0
2025-12-31T09:15:00+05:30,104.82,106.15,104.75,106.15,895,0
2025-12-31T09:30:00+05:30,106.15,106.15,105.55,105.88,75,0
2025-12-31T09:45:00+05:30,105.88,106.11,105.26,105.6,609,0
2025-12-31T10:00:00+05:30,105.46,106.89,105.46,105.65,923,0
2025-12-31T10:15:00+05:30,105.65,106.4,105.65,106.4,146,0
2025-12-31T10:30:00+05:30,106.4,106.4,106.4,106.4,0,0
2025-12-31T10:45:00+05:30,106.4,106.4,106.0,106.0,724,0
2025-12-31T11:00:00+05:30,106.0,106.36,106.0,106.01,56,0
2025-12-31T11:15:00+05:30,106.01,107.18,105.99,106.9,2007,0
2025-12-31T11:30:00+05:30,106.9,106.9,106.9,106.9,90,0
2025-12-31T11:45:00+05:30,106.9,106.9,106.51,106.51,1,0
2025-12-31T12:00:00+05:30,106.51,106.89,106.22,106.89,293,0
2025-12-31T12:15:00+05:30,106.89,106.91,106.89,106.9,106,0
2025-12-31T12:30:00+05:30,106.9,106.9,105.46,106.34,1020,0
2025-12-31T12:45:00+05:30,106.34,106.34,106.33,106.33,100,0
2025-12-31T13:00:00+05:30,106.33,106.33,105.25,105.32,1365,0
2025-12-31T13:15:00+05:30,105.32,106.19,105.32,105.34,166,0
2025-12-31T13:30:00+05:30,105.8,106.78,105.8,106.56,1177,0
2025-12-31T13:45:00+05:30,106.56,106.56,106.56,106.56,0,0
2025-12-31T14:00:00+05:30,106.35,106.63,105.55,106.63,1000,0
2025-12-31T14:15:00+05:30,106.63,106.63,106.63,106.63,0,0
2025-12-31T14:30:00+05:30,106.63,107.51,106.5,107.51,1373,0
2025-12-31T14:45:00+05:30,107.51,107.51,106.8,106.9,72,0
2025-12-31T15:00:00+05:30,106.9,106.95,106.9,106.9,81,0
2025-12-31T15:15:00+05:30,106.92,107.02,106.9,107.0,2836,0
2026-01-01T09:15:00+05:30,104.1,107.04,104.1,106.84,143,0
2026-01-01T09:30:00+05:30,106.84,107.18,106.84,106.84,35,0
2026-01-01T09:45:00+05:30,106.84,107.03,105.32,105.69,1101,0
2026-01-01T10:00:00+05:30,105.69,106.0,105.41,105.41,1473,0
2026-01-01T10:15:00+05:30,105.41,105.52,105.41,105.52,6,0
2026-01-01T10:30:00+05:30,105.52,105.85,105.5,105.5,530,0
2026-01-01T10:45:00+05:30,105.5,105.77,105.5,105.68,165,0
2026-01-01T11:00:00+05:30,105.88,107.03,105.88,107.0,6924,0
2026-01-01T11:15:00+05:30,107.0,107.03,107.0,107.03,66,0
2026-01-01T11:30:00+05:30,107.03,107.03,107.0,107.0,525,0
2026-01-01T11:45:00+05:30,107.0,107.0,107.0,107.0,13,0
2026-01-01T12:00:00+05:30,107.0,107.03,106.85,106.85,45,0
2026-01-01T12:15:00+05:30,106.85,106.85,106.76,106.76,43,0
2026-01-01T12:30:00+05:30,106.76,106.76,106.76,106.76,0,0
2026-01-01T12:45:00+05:30,106.76,106.76,106.37,106.37,200,0
2026-01-01T13:00:00+05:30,106.37,106.7,106.23,106.34,1159,0
2026-01-01T13:15:00+05:30,106.34,106.34,106.34,106.34,0,0
2026-01-01T13:30:00+05:30,105.77,107.75,105.77,107.32,1375,0
2026-01-01T13:45:00+05:30,107.74,107.75,107.74,107.75,45,0
2026-01-01T14:00:00+05:30,107.75,107.75,107.25,107.5,256,0
2026-01-01T14:15:00+05:30,107.5,108.0,106.93,108.0,1173,0
2026-01-01T14:30:00+05:30,108.0,110.6,108.0,109.21,8602,0
2026-01-01T14:45:00+05:30,109.21,110.5,109.03,110.5,288,0
2026-01-01T15:00:00+05:30,110.5,110.5,109.17,109.27,328,0
2026-01-01T15:15:00+05:30,109.27,112.0,109.26,111.98,10162,0
2026-01-02T09:15:00+05:30,110.96,111.98,110.96,111.51,884,0
2026-01-02T09:30:00+05:30,111.57,111.98,111.57,111.98,1025,0
2026-01-02T09:45:00+05:30,111.98,111.98,111.9,111.97,249,0
2026-01-02T10:00:00+05:30,111.97,111.97,111.39,111.39,1061,0
2026-01-02T10:15:00+05:30,111.39,112.5,111.39,112.5,2605,0
2026-01-02T10:30:00+05:30,112.5,112.99,112.28,112.42,950,0
2026-01-02T10:45:00+05:30,112.42,113.43,112.14,113.14,4206,0
2026-01-02T11:00:00+05:30,113.14,113.14,112.94,112.94,109,0
2026-01-02T11:15:00+05:30,112.9,112.91,111.81,111.81,835,0
2026-01-02T11:30:00+05:30,112.36,112.58,112.04,112.3,104,0
2026-01-02T11:45:00+05:30,112.3,112.39,112.13,112.15,314,0
2026-01-02T12:00:00+05:30,112.38,112.39,112.38,112.39,42,0
2026-01-02T12:15:00+05:30,112.39,112.4,112.39,112.39,330,0
2026-01-02T12:30:00+05:30,112.39,112.45,111.71,112.04,833,0
2026-01-02T12:45:00+05:30,112.04,112.04,111.76,111.76,5,0
2026-01-02T13:00:00+05:30,111.76,112.1,111.76,111.8,1249,0
2026-01-02T13:15:00+05:30,111.8,111.8,111.4,111.4,357,0
2026-01-02T13:30:00+05:30,111.58,112.18,111.53,112.18,969,0
2026-01-02T13:45:00+05:30,112.18,112.18,111.71,111.71,16,0
2026-01-02T14:00:00+05:30,111.71,111.71,111.71,111.71,0,0
2026-01-02T14:15:00+05:30,111.71,111.92,111.61,111.61,128,0
2026-01-02T14:30:00+05:30,111.61,111.61,111.42,111.53,63,0
2026-01-02T14:45:00+05:30,111.53,111.53,111.3,111.48,619,0
2026-01-02T15:00:00+05:30,111.48,112.0,111.42,112.0,275,0
2026-01-02T15:15:00+05:30,111.34,113.0,111.34,113.0,1306,0
2026-01-05T09:15:00+05:30,113.3,117.79,113.29,114.69,7333,0
2026-01-05T09:30:00+05:30,114.69,114.82,114.61,114.61,1370,0
2026-01-05T09:45:00+05:30,114.69,114.69,114.01,114.03,988,0
2026-01-05T10:00:00+05:30,114.03,114.59,114.0,114.45,571,0
2026-01-05T10:15:00+05:30,114.45,115.0,114.41,114.73,523,0
2026-01-05T10:30:00+05:30,114.73,114.73,114.48,114.48,10,0
2026-01-05T10:45:00+05:30,114.48,114.56,114.26,114.32,84,0
2026-01-05T11:00:00+05:30,114.32,114.67,114.32,114.6,120,0
2026-01-05T11:15:00+05:30,114.6,114.6,114.4,114.4,175,0
2026-01-05T11:30:00+05:30,114.41,114.41,114.02,114.34,585,0
2026-01-05T11:45:00+05:30,114.34,114.36,114.12,114.2,19,0
2026-01-05T12:00:00+05:30,114.2,114.36,114.1,114.36,129,0
2026-01-05T12:15:00+05:30,114.36,114.36,114.36,114.36,0,0
2026-01-05T12:30:00+05:30,114.36,114.36,114.15,114.15,56,0
2026-01-05T12:45:00+05:30,114.15,114.36,114.15,114.35,305,0
2026-01-05T13:00:00+05:30,114.35,116.18,114.35,116.0,2024,0
2026-01-05T13:15:00+05:30,116.0,117.1,115.15,115.15,667,0
2026-01-05T13:30:00+05:30,115.15,115.15,114.7,114.75,11,0
2026-01-05T13:45:00+05:30,114.75,114.75,114.34,114.71,139,0
2026-01-05T14:00:00+05:30,114.71,114.71,113.83,113.89,1325,0
2026-01-05T14:15:00+05:30,113.89,113.98,112.5,112.5,3897,0
2026-01-05T14:30:00+05:30,112.5,112.82,112.5,112.52,197,0
2026-01-05T14:45:00+05:30,112.52,112.9,111.6,112.59,4841,0
2026-01-05T15:00:00+05:30,112.59,114.52,112.59,114.52,734,0
2026-01-05T15:15:00+05:30,114.53,115.0,112.65,114.5,4895,0
2026-01-06T09:15:00+05:30,112.7,112.7,112.01,112.22,368,0
2026-01-06T09:30:00+05:30,112.23,112.47,112.09,112.13,57,0
2026-01-06T09:45:00+05:30,112.13,112.69,111.6,111.7,1555,0
2026-01-06T10:00:00+05:30,111.7,111.82,111.5,111.5,313,0
2026-01-06T10:15:00+05:30,111.5,111.95,111.5,111.95,6,0
2026-01-06T10:30:00+05:30,111.95,111.95,111.6,111.87,130,0
2026-01-06T10:45:00+05:30,111.87,111.87,111.4,111.5,314,0
2026-01-06T11:00:00+05:30,111.4,111.4,111.18,111.18,23,0
2026-01-06T11:15:00+05:30,111.18,111.36,111.0,111.02,326,0
2026-01-06T11:30:00+05:30,111.02,111.5,111.02,111.46,321,0
2026-01-06T11:45:00+05:30,111.46,111.46,110.57,110.57,570,0
2026-01-06T12:00:00+05:30,110.57,110.79,110.57,110.79,58,0
2026-01-06T12:15:00+05:30,110.99,111.34,110.99,111.15,56,0
2026-01-06T12:30:00+05:30,111.35,111.35,111.35,111.35,5,0
2026-01-06T12:45:00+05:30,111.35,113.5,111.35,113.29,1419,0
2026-01-06T13:00:00+05:30,113.29,113.29,113.09,113.09,136,0
2026-01-06T13:15:00+05:30,113.09,114.79,112.25,114.03,2562,0
2026-01-06T13:30:00+05:30,114.02,114.07,114.0,114.0,1526,0
2026-01-06T13:45:00+05:30,114.0,114.0,113.83,113.83,3236,0
2026-01-06T14:00:00+05:30,113.27,114.0,112.59,114.0,3044,0
2026-01-06T14:15:00+05:30,114.02,114.02,113.41,113.98,473,0
2026-01-06T14:30:00+05:30,113.7,113.94,113.01,113.01,1059,0
2026-01-06T14:45:00+05:30,113.01,113.99,112.61,113.98,1040,0
2026-01-06T15:00:00+05:30,113.98,114.4,113.32,114.15,672,0
2026-01-06T15:15:00+05:30,114.15,116.0,112.61,116.0,5722,0
2026-01-07T09:15:00+05:30,114.99,115.4,113.85,114.62,2344,0
2026-01-07T09:30:00+05:30,114.62,115.01,114.57,115.01,476,0
2026-01-07T09:45:00+05:30,115.01,115.01,114.02,114.02,1790,0
2026-01-07T10:00:00+05:30,114.06,115.19,114.06,115.19,759,0
2026-01-07T10:15:00+05:30,115.01,115.4,115.01,115.4,637,0
2026-01-07T10:30:00+05:30,115.4,115.4,115.01,115.01,462,0
2026-01-07T10:45:00+05:30,115.01,115.49,115.0,115.25,1129,0
2026-01-07T11:00:00+05:30,115.25,115.25,115.25,115.25,504,0
2026-01-07T11:15:00+05:30,115.25,115.45,115.25,115.25,1064,0
2026-01-07T11:30:00+05:30,115.25,115.79,115.0,115.0,1460,0
2026-01-07T11:45:00+05:30,115.0,115.08,115.0,115.0,555,0
2026-01-07T12:00:00+05:30,115.0,115.2,115.0,115.2,1089,0
2026-01-07T12:15:00+05:30,115.2,117.1,115.07,117.0,3520,0
2026-01-07T12:30:00+05:30,117.0,117.36,116.44,116.86,4795,0
2026-01-07T12:45:00+05:30,116.86,118.37,116.22,116.95,11815,0
2026-01-07T13:00:00+05:30,116.97,123.0,116.95,121.02,45576,0
2026-01-07T13:15:00+05:30,121.02,121.6,120.3,121.02,4837,0
2026-01-07T13:30:00+05:30,121.02,122.5,120.3,120.48,7455,0
2026-01-07T13:45:00+05:30,120.84,122.0,120.51,121.68,4016,0
2026-01-07T14:00:00+05:30,121.68,123.0,121.06,122.9,14087,0
2026-01-07T14:15:00+05:30,122.49,124.7,122.13,122.5,18313,0
2026-01-07T14:30:00+05:30,122.49,122.78,122.1,122.5,8453,0
2026-01-07T14:45:00+05:30,122.51,122.51,120.35,121.9,8183,0
2026-01-07T15:00:00+05:30,121.9,121.98,120.5,121.58,7192,0
2026-01-07T15:15:00+05:30,120.69,122.2,120.69,122.0,6563,0
2026-01-08T09:15:00+05:30,121.46,123.11,121.0,122.2,4889,0
2026-01-08T09:30:00+05:30,122.18,124.08,121.93,124.08,6158,0
2026-01-08T09:45:00+05:30,123.86,125.0,123.31,123.36,23012,0
2026-01-08T10:00:00+05:30,124.03,124.03,122.55,123.0,9694,0
2026-01-08T10:15:00+05:30,123.0,124.5,122.96,123.0,3983,0
2026-01-08T10:30:00+05:30,123.0,123.68,122.99,123.36,1248,0
2026-01-08T10:45:00+05:30,123.36,124.94,123.01,123.01,3940,0
2026-01-08T11:00:00+05:30,123.01,123.5,122.79,123.03,1198,0
2026-01-08T11:15:00+05:30,122.9,123.0,122.12,123.0,3191,0
2026-01-08T11:30:00+05:30,122.56,122.89,122.44,122.7,1728,0
2026-01-08T11:45:00+05:30,122.7,123.0,122.42,122.7,2667,0
2026-01-08T12:00:00+05:30,122.7,122.88,121.0,121.82,4897,0
2026-01-08T12:15:00+05:30,121.82,122.36,121.54,122.36,1377,0
2026-01-08T12:30:00+05:30,122.36,123.39,122.0,122.07,3704,0
2026-01-08T12:45:00+05:30,122.07,122.28,122.0,122.01,374,0
2026-01-08T13:00:00+05:30,122.03,122.34,122.0,122.23,146,0
2026-01-08T13:15:00+05:30,122.23,122.23,122.0,122.0,376,0
2026-01-08T13:30:00+05:30,121.99,122.15,121.7,122.15,666,0
2026-01-08T13:45:00+05:30,122.25,122.3,122.0,122.0,971,0
2026-01-08T14:00:00+05:30,122.0,122.4,122.0,122.4,1133,0
2026-01-08T14:15:00+05:30,122.46,122.75,122.3,122.6,789,0
2026-01-08T14:30:00+05:30,122.6,122.73,122.44,122.73,156,0
2026-01-08T14:45:00+05:30,122.73,122.99,122.5,122.95,382,0
2026-01-08T15:00:00+05:30,122.95,123.0,121.99,122.0,9877,0
2026-01-08T15:15:00+05:30,122.98,122.98,121.1,122.69,3025,0
2026-01-09T09:15:00+05:30,122.43,122.43,118.7,120.0,905,0
2026-01-09T09:30:00+05:30,119.8,119.8,117.4,117.4,5170,0
2026-01-09T09:45:00+05:30,117.4,120.14,117.38,120.04,3830,0
2026-01-09T10:00:00+05:30,120.4,121.12,120.2,121.09,2213,0
2026-01-09T10:15:00+05:30,120.74,121.5,120.51,121.01,992,0
2026-01-09T10:30:00+05:30,121.01,121.85,121.01,121.16,226,0
2026-01-09T10:45:00+05:30,121.16,121.16,121.06,121.06,101,0
2026-01-09T11:00:00+05:30,121.06,121.49,120.96,121.14,2166,0
2026-01-09T11:15:00+05:30,121.14,121.48,120.59,121.0,565,0
2026-01-09T11:30:00+05:30,121.0,121.05,120.61,121.04,1802,0
2026-01-09T11:45:00+05:30,121.04,121.1,121.0,121.0,402,0
2026-01-09T12:00:00+05:30,121.0,121.4,120.71,121.39,2281,0
2026-01-09T12:15:00+05:30,121.39,121.4,120.93,120.99,705,0
2026-01-09T12:30:00+05:30,120.99,120.99,120.4,120.4,149,0
2026-01-09T12:45:00+05:30,120.4,120.4,118.77,118.77,1309,0
2026-01-09T13:00:00+05:30,118.77,119.49,118.77,119.47,73,0
2026-01-09T13:15:00+05:30,119.47,119.47,118.91,118.91,111,0
2026-01-09T13:30:00+05:30,118.91,120.0,118.51,119.61,1476,0
2026-01-09T13:45:00+05:30,119.61,120.87,119.61,120.87,1387,0
2026-01-09T14:00:00+05:30,120.87,120.87,120.87,120.87,0,0
2026-01-09T14:15:00+05:30,120.87,120.87,119.77,119.77,130,0
2026-01-09T14:30:00+05:30,119.77,119.95,119.03,119.03,920,0
2026-01-09T14:45:00+05:30,119.07,119.2,119.03,119.05,790,0
2026-01-09T15:00:00+05:30,119.05,119.42,117.5,117.52,5028,0
2026-01-09T15:15:00+05:30,118.94,118.96,117.55,117.55,2031,0
2026-01-12T09:15:00+05:30,117.0,119.1,116.95,119.1,3819,0
2026-01-12T09:30:00+05:30,119.09,122.59,119.09,121.63,13587,0
2026-01-12T09:45:00+05:30,121.63,122.0,121.03,121.64,3555,0
2026-01-12T10:00:00+05:30,121.66,121.66,119.5,120.74,4773,0
2026-01-12T10:15:00+05:30,120.66,121.57,120.31,121.31,544,0
2026-01-12T10:30:00+05:30,121.31,121.55,119.63,120.29,6095,0
2026-01-12T10:45:00+05:30,120.29,120.98,120.12,120.98,1200,0
2026-01-12T11:00:00+05:30,120.99,120.99,120.0,120.0,3341,0
2026-01-12T11:15:00+05:30,120.0,120.49,120.0,120.0,1895,0
2026-01-12T11:30:00+05:30,120.0,120.56,120.0,120.51,1705,0
2026-01-12T11:45:00+05:30,120.72,121.66,120.42,121.66,3202,0
2026-01-12T12:00:00+05:30,121.66,121.66,121.58,121.58,449,0
2026-01-12T12:15:00+05:30,121.58,124.7,121.58,124.7,13938,0
2026-01-12T12:30:00+05:30,124.68,125.3,122.84,124.37,11312,0
2026-01-12T12:45:00+05:30,124.37,124.37,123.62,123.87,1150,0
2026-01-12T13:00:00+05:30,123.87,125.5,123.61,124.36,9798,0
2026-01-12T13:15:00+05:30,124.36,124.57,124.0,124.34,1679,0
2026-01-12T13:30:00+05:30,124.34,126.0,124.34,125.12,8798,0
2026-01-12T13:45:00+05:30,125.12,125.54,124.42,125.45,6230,0
2026-01-12T14:00:00+05:30,125.14,125.14,124.36,124.38,3502,0
2026-01-12T14:15:00+05:30,124.38,124.5,124.38,124.42,2017,0
2026-01-12T14:30:00+05:30,124.48,125.0,124.4,124.99,7774,0
2026-01-12T14:45:00+05:30,124.88,125.85,124.47,125.83,7547,0
2026-01-12T15:00:00+05:30,125.69,125.79,124.0,125.39,8200,0
2026-01-12T15:15:00+05:30,125.7,126.01,125.0,126.0,8266,0
2026-01-13T09:15:00+05:30,126.0,128.5,125.99,126.52,13448,0
2026-01-13T09:30:00+05:30,126.6,126.6,125.03,125.25,2347,0
2026-01-13T09:45:00+05:30,125.41,127.0,124.99,126.19,3096,0
2026-01-13T10:00:00+05:30,126.25,126.26,125.81,125.88,248,0
2026-01-13T10:15:00+05:30,125.88,126.26,125.29,126.02,915,0
2026-01-13T10:30:00+05:30,126.02,126.57,125.68,125.7,2446,0
2026-01-13T10:45:00+05:30,125.68,126.47,125.68,126.0,648,0
2026-01-13T11:00:00+05:30,126.0,128.0,126.0,127.45,10476,0
2026-01-13T11:15:00+05:30,127.45,128.0,126.63,126.63,1247,0
2026-01-13T11:30:00+05:30,126.63,126.63,125.91,126.41,436,0
2026-01-13T11:45:00+05:30,126.38,127.01,126.01,126.08,387,0
2026-01-13T12:00:00+05:30,126.08,126.08,125.8,126.01,699,0
2026-01-13T12:15:00+05:30,126.01,126.95,125.8,125.8,588,0
2026-01-13T12:30:00+05:30,126.0,126.17,125.8,125.8,711,0
2026-01-13T12:45:00+05:30,125.8,126.59,125.8,126.59,630,0
2026-01-13T13:00:00+05:30,126.84,126.85,126.0,126.0,242,0
2026-01-13T13:15:00+05:30,126.07,126.63,125.51,125.71,976,0
2026-01-13T13:30:00+05:30,125.71,125.83,124.85,124.93,5565,0
2026-01-13T13:45:00+05:30,124.9,125.68,124.9,125.47,29,0
2026-01-13T14:00:00+05:30,125.47,125.47,125.3,125.4,75,0
2026-01-13T14:15:00+05:30,125.4,126.16,125.4,125.85,375,0
2026-01-13T14:30:00+05:30,125.85,126.0,125.55,125.55,1001,0
2026-01-13T14:45:00+05:30,125.55,126.0,125.55,125.89,300,0
2026-01-13T15:00:00+05:30,125.89,127.39,125.12,127.1,4310,0
2026-01-13T15:15:00+05:30,127.02,128.0,125.5,127.5,15590,0
2026-01-14T09:15:00+05:30,126.84,129.5,125.0,127.5,11558,0
2026-01-14T09:30:00+05:30,127.02,128.04,127.02,128.0,3890,0
2026-01-14T09:45:00+05:30,128.0,128.43,128.0,128.0,4156,0
2026-01-14T10:00:00+05:30,128.0,128.16,126.46,126.51,5876,0
2026-01-14T10:15:00+05:30,126.51,127.0,126.0,126.61,1943,0
2026-01-14T10:30:00+05:30,126.61,127.78,126.26,127.33,1261,0
2026-01-14T10:45:00+05:30,126.92,127.1,126.25,126.67,402,0
2026-01-14T11:00:00+05:30,126.67,128.29,126.43,128.1,2152,0
2026-01-14T11:15:00+05:30,127.77,127.77,126.41,127.45,3643,0
2026-01-14T11:30:00+05:30,127.45,127.59,126.65,126.65,252,0
2026-01-14T11:45:00+05:30,126.92,127.79,126.66,127.03,2325,0
2026-01-14T12:00:00+05:30,127.06,127.39,127.03,127.17,353,0
2026-01-14T12:15:00+05:30,127.21,127.21,127.15,127.18,444,0
2026-01-14T12:30:00+05:30,127.18,127.73,127.03,127.31,1273,0
2026-01-14T12:45:00+05:30,127.31,127.52,127.03,127.05,286,0
2026-01-14T13:00:00+05:30,127.05,127.65,126.82,127.0,1637,0
2026-01-14T13:15:00+05:30,126.95,126.96,126.57,126.57,515,0
2026-01-14T13:30:00+05:30,126.57,126.57,126.01,126.19,565,0
2026-01-14T13:45:00+05:30,126.19,126.48,125.92,126.13,329,0
2026-01-14T14:00:00+05:30,126.13,126.45,126.13,126.25,591,0
2026-01-14T14:15:00+05:30,126.25,126.5,126.19,126.48,1012,0
2026-01-14T14:30:00+05:30,126.48,126.57,126.21,126.47,632,0
2026-01-14T14:45:00+05:30,126.2,126.95,126.01,126.01,5151,0
2026-01-14T15:00:00+05:30,126.01,127.18,125.9,126.22,5240,0
2026-01-14T15:15:00+05:30,126.28,127.78,126.07,127.75,5874,0
2026-01-16T09:15:00+05:30,134.2,141.26,133.26,136.76,208499,0
2026-01-16T09:30:00+05:30,136.92,137.72,134.0,134.58,39356,0
2026-01-16T09:45:00+05:30,134.21,136.16,133.0,134.95,34463,0
2026-01-16T10:00:00+05:30,135.0,135.05,134.0,134.91,19470,0
2026-01-16T10:15:00+05:30,135.0,135.1,134.6,135.1,8722,0
2026-01-16T10:30:00+05:30,135.1,135.61,134.4,134.73,12758,0
2026-01-16T10:45:00+05:30,134.48,134.76,132.5,133.66,23842,0
2026-01-16T11:00:00+05:30,133.68,134.41,133.48,133.85,7774,0
2026-01-16T11:15:00+05:30,133.91,135.0,133.63,133.63,9220,0
2026-01-16T11:30:00+05:30,134.02,135.59,133.78,135.3,5424,0
2026-01-16T11:45:00+05:30,135.03,135.03,134.3,134.33,5815,0
2026-01-16T12:00:00+05:30,134.58,134.75,132.99,134.37,26445,0
2026-01-16T12:15:00+05:30,134.37,135.0,134.3,134.36,11617,0
2026-01-16T12:30:00+05:30,134.51,135.6,134.35,134.82,15237,0
2026-01-16T12:45:00+05:30,134.68,135.16,133.76,134.9,13672,0
2026-01-16T13:00:00+05:30,134.9,135.17,134.55,134.7,6930,0
2026-01-16T13:15:00+05:30,134.7,137.31,133.51,137.31,70480,0
2026-01-16T13:30:00+05:30,137.32,137.34,135.3,135.59,10314,0
2026-01-16T13:45:00+05:30,135.59,135.98,135.02,135.63,4133,0
2026-01-16T14:00:00+05:30,135.63,135.63,135.1,135.1,915,0
2026-01-16T14:15:00+05:30,135.07,135.53,134.71,135.53,2986,0
2026-01-16T14:30:00+05:30,135.53,135.53,135.35,135.38,1547,0
2026-01-16T14:45:00+05:30,135.45,137.34,135.22,136.63,13620,0
2026-01-16T15:00:00+05:30,136.89,136.89,133.26,133.38,31802,0
2026-01-16T15:15:00+05:30,133.48,134.0,127.5,129.6,131850,0
2026-01-19T09:15:00+05:30,130.0,130.0,126.0,128.12,20091,0
2026-01-19T09:30:00+05:30,128.19,130.8,128.09,130.08,14480,0
2026-01-19T09:45:00+05:30,130.08,130.79,130.0,130.57,4851,0
2026-01-19T10:00:00+05:30,130.57,130.57,128.5,129.1,14799,0
2026-01-19T10:15:00+05:30,128.79,129.7,128.5,128.5,6669,0
2026-01-19T10:30:00+05:30,128.5,128.65,128.5,128.5,2015,0
2026-01-19T10:45:00+05:30,128.35,128.35,128.0,128.18,8319,0
2026-01-19T11:00:00+05:30,128.18,128.22,127.75,128.09,2033,0
2026-01-19T11:15:00+05:30,128.09,128.54,128.07,128.21,716,0
2026-01-19T11:30:00+05:30,128.21,128.21,127.75,127.77,1607,0
2026-01-19T11:45:00+05:30,127.79,127.79,127.58,127.75,1954,0
2026-01-19T12:00:00+05:30,127.93,129.07,127.51,128.54,3776,0
2026-01-19T12:15:00+05:30,128.54,129.27,127.01,127.01,14896,0
2026-01-19T12:30:00+05:30,127.01,128.17,127.01,128.0,1827,0
2026-01-19T12:45:00+05:30,127.55,128.0,127.42,128.0,472,0
2026-01-19T13:00:00+05:30,128.0,128.04,127.68,127.72,503,0
2026-01-19T13:15:00+05:30,127.72,128.22,127.72,128.17,367,0
2026-01-19T13:30:00+05:30,128.17,128.17,127.63,127.63,202,0
2026-01-19T13:45:00+05:30,127.63,127.72,127.43,127.7,281,0
2026-01-19T14:00:00+05:30,127.94,128.14,127.61,127.62,320,0
2026-01-19T14:15:00+05:30,127.62,127.62,127.16,127.16,346,0
2026-01-19T14:30:00+05:30,127.16,127.87,127.16,127.53,1388,0
2026-01-19T14:45:00+05:30,127.53,127.76,127.5,127.5,74,0
2026-01-19T15:00:00+05:30,127.5,127.88,127.01,127.16,2197,0
2026-01-19T15:15:00+05:30,127.16,128.0,126.91,127.0,15124,0
2026-01-20T09:15:00+05:30,127.1,127.1,125.2,125.2,2255,0
2026-01-20T09:30:00+05:30,125.2,125.2,123.83,124.03,5851,0
2026-01-20T09:45:00+05:30,124.03,125.81,124.0,124.88,7762,0
2026-01-20T10:00:00+05:30,124.88,125.44,124.51,125.29,1548,0
2026-01-20T10:15:00+05:30,125.31,126.21,125.02,126.21,5770,0
2026-01-20T10:30:00+05:30,126.21,126.5,126.0,126.24,3138,0
2026-01-20T10:45:00+05:30,126.24,129.1,126.24,128.49,13792,0
2026-01-20T11:00:00+05:30,128.49,128.49,126.0,126.0,4647,0
2026-01-20T11:15:00+05:30,126.0,126.0,125.35,125.88,2633,0
2026-01-20T11:30:00+05:30,125.88,125.88,125.57,125.58,269,0
2026-01-20T11:45:00+05:30,125.58,125.81,124.78,125.53,3449,0
2026-01-20T12:00:00+05:30,125.49,125.65,125.49,125.5,1400,0
2026-01-20T12:15:00+05:30,125.5,126.29,125.22,125.87,2468,0
2026-01-20T12:30:00+05:30,125.87,125.87,124.61,125.63,3768,0
2026-01-20T12:45:00+05:30,125.63,125.79,125.01,125.29,357,0
2026-01-20T13:00:00+05:30,125.3,125.3,125.01,125.07,608,0
2026-01-20T13:15:00+05:30,125.07,125.32,124.01,125.13,7327,0
2026-01-20T13:30:00+05:30,125.36,125.36,124.14,124.87,1562,0
2026-01-20T13:45:00+05:30,124.68,124.92,124.01,124.04,2225,0
2026-01-20T14:00:00+05:30,124.04,124.29,124.0,124.0,3788,0
2026-01-20T14:15:00+05:30,124.0,124.2,123.8,124.2,2792,0
2026-01-20T14:30:00+05:30,124.35,124.35,123.89,123.9,1591,0
2026-01-20T14:45:00+05:30,123.9,124.0,123.5,123.55,4522,0
2026-01-20T15:00:00+05:30,123.55,123.55,122.9,122.95,2434,0
2026-01-20T15:15:00+05:30,122.95,122.95,120.38,120.9,7765,0
2026-01-21T09:15:00+05:30,120.9,123.11,120.9,123.11,1952,0
2026-01-21T09:30:00+05:30,123.21,123.21,122.0,122.0,1742,0
2026-01-21T09:45:00+05:30,121.93,123.09,121.25,122.58,3856,0
2026-01-21T10:00:00+05:30,122.58,122.58,121.46,122.0,656,0
2026-01-21T10:15:00+05:30,122.0,122.0,121.43,121.43,65,0
2026-01-21T10:30:00+05:30,121.43,121.43,121.21,121.21,356,0
2026-01-21T10:45:00+05:30,121.21,121.69,121.21,121.35,2363,0
2026-01-21T11:00:00+05:30,121.35,121.7,120.91,120.91,5073,0
2026-01-21T11:15:00+05:30,120.91,121.59,120.51,120.51,4348,0
2026-01-21T11:30:00+05:30,120.56,120.77,120.53,120.77,621,0
2026-01-21T11:45:00+05:30,120.77,121.49,120.7,120.7,1047,0
2026-01-21T12:00:00+05:30,120.7,121.59,120.7,120.81,1769,0
2026-01-21T12:15:00+05:30,120.81,121.78,120.7,120.74,2321,0
2026-01-21T12:30:00+05:30,120.74,124.96,120.74,123.74,16567,0
2026-01-21T12:45:00+05:30,123.74,124.27,123.5,123.61,2873,0
2026-01-21T13:00:00+05:30,123.58,124.0,123.0,123.06,1908,0
2026-01-21T13:15:00+05:30,123.06,123.98,122.35,122.35,16306,0
2026-01-21T13:30:00+05:30,122.35,123.71,122.11,123.11,3433,0
2026-01-21T13:45:00+05:30,123.26,123.28,122.8,122.8,209,0
2026-01-21T14:00:00+05:30,122.8,122.8,122.0,122.0,571,0
2026-01-21T14:15:00+05:30,121.79,123.25,121.75,123.17,2115,0
2026-01-21T14:30:00+05:30,123.15,123.21,121.61,122.35,4501,0
2026-01-21T14:45:00+05:30,122.35,123.4,122.01,123.05,1794,0
2026-01-21T15:00:00+05:30,122.98,123.76,120.0,122.76,13782,0
2026-01-21T15:15:00+05:30,122.7,126.98,121.8,121.8,24265,0
2026-01-22T09:15:00+05:30,122.45,126.58,122.45,126.02,1989,0
2026-01-22T09:30:00+05:30,126.02,127.0,126.02,126.75,736,0
2026-01-22T09:45:00+05:30,126.75,126.91,126.5,126.62,1999,0
2026-01-22T10:00:00+05:30,126.62,126.9,126.5,126.9,1431,0
2026-01-22T10:15:00+05:30,126.9,126.9,126.02,126.87,709,0
2026-01-22T10:30:00+05:30,126.87,126.87,126.38,126.68,135,0
2026-01-22T10:45:00+05:30,126.68,126.68,126.02,126.21,133,0
2026-01-22T11:00:00+05:30,126.02,126.02,125.22,125.22,483,0
2026-01-22T11:15:00+05:30,125.22,125.23,121.35,124.08,9517,0
2026-01-22T11:30:00+05:30,124.08,124.21,123.0,123.0,1561,0
2026-01-22T11:45:00+05:30,123.0,123.0,121.4,122.46,2458,0
2026-01-22T12:00:00+05:30,122.46,122.74,122.46,122.74,70,0
2026-01-22T12:15:00+05:30,122.74,125.09,122.74,124.29,5779,0
2026-01-22T12:30:00+05:30,124.03,124.4,124.03,124.4,217,0
2026-01-22T12:45:00+05:30,124.4,124.67,123.46,124.0,465,0
2026-01-22T13:00:00+05:30,124.0,124.01,123.38,123.38,234,0
2026-01-22T13:15:00+05:30,123.38,123.38,123.38,123.38,0,0
2026-01-22T13:30:00+05:30,123.38,123.38,123.11,123.21,126,0
2026-01-22T13:45:00+05:30,123.11,123.87,122.1,123.61,910,0
2026-01-22T14:00:00+05:30,123.61,124.0,123.61,124.0,8,0
2026-01-22T14:15:00+05:30,124.01,124.01,123.5,123.61,264,0
2026-01-22T14:30:00+05:30,123.96,126.18,123.2,126.0,6025,0
2026-01-22T14:45:00+05:30,126.0,126.0,124.97,125.95,444,0
2026-01-22T15:00:00+05:30,125.95,125.95,125.05,125.05,1008,0
2026-01-22T15:15:00+05:30,125.05,126.21,123.01,124.15,3477,0
2026-01-23T09:15:00+05:30,124.72,125.7,124.72,125.7,1715,0
2026-01-23T09:30:00+05:30,125.86,125.86,124.37,124.37,924,0
2026-01-23T09:45:00+05:30,124.27,125.38,123.7,123.7,2342,0
2026-01-23T10:00:00+05:30,123.41,123.7,123.12,123.59,833,0
2026-01-23T10:15:00+05:30,123.59,124.71,123.0,124.06,5712,0
2026-01-23T10:30:00+05:30,124.2,125.01,123.86,124.74,1704,0
2026-01-23T10:45:00+05:30,124.75,124.98,123.6,124.08,3442,0
2026-01-23T11:00:00+05:30,124.08,124.87,124.07,124.69,1063,0
2026-01-23T11:15:00+05:30,124.69,124.98,124.34,124.98,538,0
2026-01-23T11:30:00+05:30,124.98,124.98,124.04,124.29,90,0
2026-01-23T11:45:00+05:30,124.29,124.29,124.1,124.1,126,0
2026-01-23T12:00:00+05:30,124.1,124.1,122.3,122.96,2486,0
2026-01-23T12:15:00+05:30,122.96,122.96,122.31,122.79,106,0
2026-01-23T12:30:00+05:30,122.79,123.0,122.79,123.0,130,0
2026-01-23T12:45:00+05:30,123.0,123.0,122.29,122.94,604,0
2026-01-23T13:00:00+05:30,122.94,122.94,122.31,122.37,125,0
2026-01-23T13:15:00+05:30,122.57,122.78,122.01,122.78,2056,0
2026-01-23T13:30:00+05:30,122.78,122.78,122.01,122.4,325,0
2026-01-23T13:45:00+05:30,122.4,122.54,122.39,122.54,127,0
2026-01-23T14:00:00+05:30,122.54,122.54,122.01,122.43,415,0
2026-01-23T14:15:00+05:30,122.43,122.44,122.2,122.23,42,0
2026-01-23T14:30:00+05:30,122.21,122.5,122.2,122.5,63,0
2026-01-23T14:45:00+05:30,122.5,122.5,122.11,122.46,951,0
2026-01-23T15:00:00+05:30,122.46,122.48,122.01,122.01,1269,0
2026-01-23T15:15:00+05:30,122.02,122.13,121.81,121.81,3042,0
2026-01-27T09:15:00+05:30,122.0,122.22,120.13,120.47,1845,0
2026-01-27T09:30:00+05:30,120.19,121.06,119.12,120.88,524,0
2026-01-27T09:45:00+05:30,120.88,121.37,120.5,121.01,1251,0
2026-01-27T10:00:00+05:30,121.03,121.4,120.51,121.34,917,0
2026-01-27T10:15:00+05:30,121.34,121.51,120.52,120.63,1248,0
2026-01-27T10:30:00+05:30,120.66,120.78,118.25,119.81,6592,0
2026-01-27T10:45:00+05:30,119.81,119.81,118.07,118.07,1341,0
2026-01-27T11:00:00+05:30,118.09,119.66,118.07,119.66,580,0
2026-01-27T11:15:00+05:30,119.66,123.21,119.66,122.0,5938,0
2026-01-27T11:30:00+05:30,122.0,122.0,121.14,121.51,200,0
2026-01-27T11:45:00+05:30,121.51,121.95,121.51,121.51,174,0
2026-01-27T12:00:00+05:30,121.53,121.84,121.48,121.48,76,0
2026-01-27T12:15:00+05:30,121.48,121.48,121.48,121.48,0,0
2026-01-27T12:30:00+05:30,121.48,122.39,121.18,121.54,1159,0
2026-01-27T12:45:00+05:30,121.54,121.94,121.01,121.03,393,0
2026-01-27T13:00:00+05:30,121.03,121.48,121.03,121.48,52,0
2026-01-27T13:15:00+05:30,121.48,121.48,121.48,121.48,5,0
2026-01-27T13:30:00+05:30,121.48,121.51,121.0,121.32,653,0
2026-01-27T13:45:00+05:30,121.32,121.35,120.88,120.88,275,0
2026-01-27T14:00:00+05:30,120.88,120.9,120.88,120.9,98,0
2026-01-27T14:15:00+05:30,120.9,120.9,120.88,120.88,151,0
2026-01-27T14:30:00+05:30,120.88,121.52,120.47,121.5,1832,0
2026-01-27T14:45:00+05:30,121.66,123.0,121.66,123.0,1939,0
2026-01-27T15:00:00+05:30,123.2,123.74,123.0,123.3,402,0
2026-01-27T15:15:00+05:30,123.3,124.0,123.01,124.0,3164,0
2026-01-28T09:15:00+05:30,123.68,124.48,123.18,123.43,2173,0
2026-01-28T09:30:00+05:30,123.43,124.91,122.62,124.91,1679,0
2026-01-28T09:45:00+05:30,124.5,124.51,123.91,123.91,335,0
2026-01-28T10:00:00+05:30,123.91,123.91,123.77,123.77,1861,0
2026-01-28T10:15:00+05:30,123.77,123.79,123.35,123.75,649,0
2026-01-28T10:30:00+05:30,123.75,123.79,123.74,123.79,163,0
2026-01-28T10:45:00+05:30,123.79,123.79,123.2,123.47,281,0
2026-01-28T11:00:00+05:30,123.47,123.58,123.22,123.35,55,0
2026-01-28T11:15:00+05:30,123.35,123.55,122.79,122.79,407,0
2026-01-28T11:30:00+05:30,122.79,122.8,121.61,122.5,2178,0
2026-01-28T11:45:00+05:30,122.19,122.4,121.92,122.4,1689,0
2026-01-28T12:00:00+05:30,122.4,122.58,122.4,122.5,171,0
2026-01-28T12:15:00+05:30,122.5,122.73,121.92,121.92,2055,0
2026-01-28T12:30:00+05:30,121.92,122.66,121.0,122.37,2458,0
2026-01-28T12:45:00+05:30,122.37,123.36,122.37,123.0,1973,0
2026-01-28T13:00:00+05:30,123.0,123.15,122.9,122.9,224,0
2026-01-28T13:15:00+05:30,122.9,122.9,122.46,122.47,194,0
2026-01-28T13:30:00+05:30,122.47,122.7,121.65,121.66,786,0
2026-01-28T13:45:00+05:30,121.66,122.19,121.65,122.19,402,0
2026-01-28T14:00:00+05:30,122.19,122.19,121.6,121.79,598,0
2026-01-28T14:15:00+05:30,121.79,122.0,121.79,122.0,295,0
2026-01-28T14:30:00+05:30,122.24,122.42,122.24,122.42,486,0
2026-01-28T14:45:00+05:30,122.42,122.98,122.27,122.59,862,0
2026-01-28T15:00:00+05:30,122.93,122.95,121.05,121.1,2495,0
2026-01-28T15:15:00+05:30,121.15,123.0,121.0,122.8,3845,0
2026-01-29T09:15:00+05:30,121.74,122.58,121.68,121.83,1332,0
2026-01-29T09:30:00+05:30,121.72,121.72,121.21,121.22,327,0
2026-01-29T09:45:00+05:30,121.22,122.25,120.83,121.06,697,0
2026-01-29T10:00:00+05:30,121.06,121.06,119.35,119.9,2486,0
2026-01-29T10:15:00+05:30,119.91,121.18,119.62,120.0,1724,0
2026-01-29T10:30:00+05:30,120.0,120.0,118.81,119.2,2355,0
2026-01-29T10:45:00+05:30,119.58,120.0,116.2,119.75,7857,0
2026-01-29T11:00:00+05:30,119.59,119.95,118.0,119.92,7955,0
2026-01-29T11:15:00+05:30,119.59,119.59,118.1,119.04,3460,0
2026-01-29T11:30:00+05:30,119.04,119.49,119.0,119.23,351,0
2026-01-29T11:45:00+05:30,119.23,119.74,119.11,119.74,482,0
2026-01-29T12:00:00+05:30,119.74,120.0,119.71,119.99,1101,0
2026-01-29T12:15:00+05:30,119.99,119.99,119.86,119.9,243,0
2026-01-29T12:30:00+05:30,119.9,119.9,119.52,119.52,86,0
2026-01-29T12:45:00+05:30,119.54,119.66,117.2,119.04,6699,0
2026-01-29T13:00:00+05:30,119.04,119.07,118.77,118.77,1199,0
2026-01-29T13:15:00+05:30,118.77,118.88,118.77,118.88,5,0
2026-01-29T13:30:00+05:30,118.88,119.35,118.87,119.35,460,0
2026-01-29T13:45:00+05:30,119.42,119.96,119.35,119.66,1559,0
2026-01-29T14:00:00+05:30,119.66,119.95,117.01,118.48,7564,0
2026-01-29T14:15:00+05:30,118.48,118.49,117.28,118.0,5708,0
2026-01-29T14:30:00+05:30,118.0,118.42,117.91,118.3,4262,0
2026-01-29T14:45:00+05:30,118.13,118.17,117.91,118.05,2043,0
2026-01-29T15:00:00+05:30,118.16,119.0,118.0,118.0,7449,0
2026-01-29T15:15:00+05:30,118.12,118.12,117.0,117.01,10453,0
2026-01-30T09:15:00+05:30,117.21,117.27,114.08,116.23,9272,0
2026-01-30T09:30:00+05:30,116.34,116.48,114.08,116.24,8945,0
2026-01-30T09:45:00+05:30,116.35,117.16,115.06,116.58,8653,0
2026-01-30T10:00:00+05:30,116.58,117.2,115.12,117.2,4874,0
2026-01-30T10:15:00+05:30,117.2,117.59,116.6,117.09,1780,0
2026-01-30T10:30:00+05:30,116.84,117.08,115.82,116.68,1439,0
2026-01-30T10:45:00+05:30,116.68,116.85,116.68,116.85,83,0
2026-01-30T11:00:00+05:30,116.85,116.99,116.85,116.92,311,0
2026-01-30T11:15:00+05:30,116.92,116.92,115.18,116.13,4870,0
2026-01-30T11:30:00+05:30,116.05,116.67,116.05,116.32,211,0
2026-01-30T11:45:00+05:30,116.45,116.67,116.3,116.56,307,0
2026-01-30T12:00:00+05:30,116.56,116.73,116.56,116.72,136,0
2026-01-30T12:15:00+05:30,116.72,116.85,115.03,115.59,2446,0
2026-01-30T12:30:00+05:30,115.59,115.61,115.2,115.4,681,0
2026-01-30T12:45:00+05:30,115.4,115.5,115.01,115.34,153,0
2026-01-30T13:00:00+05:30,115.34,115.34,115.27,115.34,86,0
2026-01-30T13:15:00+05:30,115.34,116.38,115.3,115.99,2490,0
2026-01-30T13:30:00+05:30,115.99,116.15,115.61,115.9,1641,0
2026-01-30T13:45:00+05:30,115.67,116.0,115.05,115.93,1058,0
2026-01-30T14:00:00+05:30,115.93,116.22,115.93,116.19,490,0
2026-01-30T14:15:00+05:30,116.18,116.2,114.9,115.63,3039,0
2026-01-30T14:30:00+05:30,115.6,115.6,114.8,115.4,762,0
2026-01-30T14:45:00+05:30,115.4,115.4,113.9,114.23,5957,0
2026-01-30T15:00:00+05:30,114.67,114.8,114.32,114.5,4304,0
2026-01-30T15:15:00+05:30,114.5,114.99,110.4,111.95,17639,0
2026-02-01T09:15:00+05:30,112.1,112.1,111.1,111.95,4467,0
2026-02-01T09:30:00+05:30,111.69,112.0,111.67,112.0,266,0
2026-02-01T09:45:00+05:30,112.0,112.0,111.87,111.88,1388,0
2026-02-01T10:00:00+05:30,111.88,111.98,111.11,111.21,540,0
2026-02-01T10:15:00+05:30,111.21,112.5,110.22,110.91,6833,0
2026-02-01T10:30:00+05:30,111.0,112.24,110.9,111.9,992,0
2026-02-01T10:45:00+05:30,111.9,113.7,111.9,112.93,2088,0
2026-02-01T11:00:00+05:30,112.93,113.44,112.93,113.4,288,0
2026-02-01T11:15:00+05:30,113.35,113.7,112.51,112.93,1520,0
2026-02-01T11:30:00+05:30,112.93,113.39,112.93,112.94,264,0
2026-02-01T11:45:00+05:30,112.94,112.94,112.36,112.36,832,0
2026-02-01T12:00:00+05:30,112.36,112.36,107.8,108.85,13474,0
2026-02-01T12:15:00+05:30,108.85,108.85,107.0,107.25,3070,0
2026-02-01T12:30:00+05:30,107.1,109.24,106.5,109.24,2476,0
2026-02-01T12:45:00+05:30,109.0,110.5,109.0,110.5,1584,0
2026-02-01T13:00:00+05:30,110.48,110.5,109.55,109.55,1801,0
2026-02-01T13:15:00+05:30,109.55,109.99,109.55,109.98,162,0
2026-02-01T13:30:00+05:30,109.98,109.99,109.75,109.81,178,0
2026-02-01T13:45:00+05:30,109.81,109.85,109.41,109.41,681,0
2026-02-01T14:00:00+05:30,109.41,110.0,109.41,109.99,599,0
2026-02-01T14:15:00+05:30,109.99,109.99,109.8,109.81,18,0
2026-02-01T14:30:00+05:30,109.81,109.98,109.5,109.98,122,0
2026-02-01T14:45:00+05:30,109.98,112.3,109.56,112.3,5699,0
2026-02-01T15:00:00+05:30,112.3,113.7,110.54,113.0,6494,0
2026-02-01T15:15:00+05:30,113.0,113.0,111.0,111.99,2733,0
2026-02-02T09:15:00+05:30,112.4,112.4,110.48,110.99,976,0
2026-02-02T09:30:00+05:30,110.99,111.24,110.89,111.23,327,0
2026-02-02T09:45:00+05:30,111.23,111.63,111.0,111.47,922,0
2026-02-02T10:00:00+05:30,111.47,111.47,110.78,111.0,852,0
2026-02-02T10:15:00+05:30,111.0,111.06,111.0,111.05,249,0
2026-02-02T10:30:00+05:30,111.05,111.2,111.05,111.2,31,0
2026-02-02T10:45:00+05:30,111.2,111.2,110.78,110.78,555,0
2026-02-02T11:00:00+05:30,110.61,110.63,109.9,109.9,790,0
2026-02-02T11:15:00+05:30,109.9,110.02,108.42,108.71,1030,0
2026-02-02T11:30:00+05:30,108.71,110.6,108.71,109.95,1657,0
2026-02-02T11:45:00+05:30,109.86,110.09,109.28,109.35,975,0
2026-02-02T12:00:00+05:30,109.71,109.71,109.02,109.02,847,0
2026-02-02T12:15:00+05:30,109.19,109.88,109.19,109.7,629,0
2026-02-02T12:30:00+05:30,109.7,109.71,109.67,109.67,409,0
2026-02-02T12:45:00+05:30,109.67,109.69,109.04,109.32,1063,0
2026-02-02T13:00:00+05:30,109.31,111.08,109.0,110.3,5987,0
2026-02-02T13:15:00+05:30,110.23,110.23,109.45,109.45,604,0
2026-02-02T13:30:00+05:30,109.91,109.91,109.52,109.78,42,0
2026-02-02T13:45:00+05:30,109.78,109.98,109.77,109.98,630,0
2026-02-02T14:00:00+05:30,109.98,110.15,109.98,110.15,5,0
2026-02-02T14:15:00+05:30,110.15,110.15,110.15,110.15,2,0
2026-02-02T14:30:00+05:30,110.01,110.9,110.0,110.0,3698,0
2026-02-02T14:45:00+05:30,110.0,110.9,109.85,110.9,2632,0
2026-02-02T15:00:00+05:30,110.9,111.9,110.9,111.71,1233,0
2026-02-02T15:15:00+05:30,111.93,111.93,111.0,111.5,2254,0
2026-02-03T09:15:00+05:30,113.67,119.02,113.67,114.0,12485,0
2026-02-03T09:30:00+05:30,114.44,115.91,114.35,115.05,2994,0
2026-02-03T09:45:00+05:30,115.05,116.81,115.05,116.09,5309,0
2026-02-03T10:00:00+05:30,116.1,117.2,115.6,115.6,2328,0
2026-02-03T10:15:00+05:30,115.45,115.75,115.0,115.0,2756,0
2026-02-03T10:30:00+05:30,115.56,116.16,115.02,116.16,3498,0
2026-02-03T10:45:00+05:30,115.8,116.07,115.44,115.93,1485,0
2026-02-03T11:00:00+05:30,116.15,116.39,115.54,116.39,856,0
2026-02-03T11:15:00+05:30,116.39,116.99,116.39,116.99,1156,0
2026-02-03T11:30:00+05:30,116.82,117.0,116.33,116.95,1785,0
2026-02-03T11:45:00+05:30,116.95,117.67,116.74,117.67,1575,0
2026-02-03T12:00:00+05:30,117.51,117.75,117.04,117.61,1430,0
2026-02-03T12:15:00+05:30,117.61,117.76,117.5,117.61,745,0
2026-02-03T12:30:00+05:30,117.61,117.7,117.49,117.7,346,0
2026-02-03T12:45:00+05:30,117.7,117.7,117.04,117.44,442,0
2026-02-03T13:00:00+05:30,117.44,117.7,117.35,117.38,2876,0
2026-02-03T13:15:00+05:30,117.38,117.38,117.06,117.06,250,0
2026-02-03T13:30:00+05:30,117.06,117.35,117.06,117.35,46,0
2026-02-03T13:45:00+05:30,117.35,117.67,117.35,117.49,340,0
2026-02-03T14:00:00+05:30,117.49,117.59,117.44,117.59,315,0
2026-02-03T14:15:00+05:30,117.59,117.59,117.44,117.44,1,0
2026-02-03T14:30:00+05:30,117.44,117.44,117.44,117.44,2,0
2026-02-03T14:45:00+05:30,117.44,117.5,117.43,117.5,602,0
2026-02-03T15:00:00+05:30,117.5,117.65,117.49,117.49,552,0
2026-02-03T15:15:00+05:30,117.49,117.7,117.25,117.7,2297,0
2026-02-04T09:15:00+05:30,117.58,122.0,117.45,120.1,7822,0
2026-02-04T09:30:00+05:30,120.05,122.0,119.79,121.52,15147,0
2026-02-04T09:45:00+05:30,121.53,121.58,121.0,121.2,1290,0
2026-02-04T10:00:00+05:30,121.03,121.2,121.0,121.2,1147,0
2026-02-04T10:15:00+05:30,121.2,121.2,120.27,120.6,724,0
2026-02-04T10:30:00+05:30,120.6,120.6,119.53,120.31,1967,0
2026-02-04T10:45:00+05:30,120.31,120.31,119.1,119.58,1221,0
2026-02-04T11:00:00+05:30,119.58,119.87,119.58,119.78,61,0
2026-02-04T11:15:00+05:30,119.58,119.58,119.0,119.01,1999,0
2026-02-04T11:30:00+05:30,119.01,119.24,119.0,119.0,224,0
2026-02-04T11:45:00+05:30,119.1,119.24,119.0,119.24,327,0
2026-02-04T12:00:00+05:30,119.24,119.55,119.21,119.55,192,0
2026-02-04T12:15:00+05:30,119.55,119.55,119.55,119.55,10,0
2026-02-04T12:30:00+05:30,119.5,119.99,119.47,119.52,1037,0
2026-02-04T12:45:00+05:30,119.46,119.46,119.25,119.25,142,0
2026-02-04T13:00:00+05:30,119.25,119.51,119.22,119.22,213,0
2026-02-04T13:15:00+05:30,119.22,119.42,119.0,119.42,536,0
2026-02-04T13:30:00+05:30,119.23,119.35,119.23,119.35,91,0
2026-02-04T13:45:00+05:30,119.35,119.49,118.92,119.41,1866,0
2026-02-04T14:00:00+05:30,119.41,119.41,119.23,119.4,1067,0
2026-02-04T14:15:00+05:30,119.4,119.4,119.05,119.05,234,0
2026-02-04T14:30:00+05:30,119.05,119.82,119.05,119.82,1181,0
2026-02-04T14:45:00+05:30,119.82,119.97,119.5,119.97,9933,0
2026-02-04T15:00:00+05:30,119.97,120.23,119.5,120.02,2877,0
2026-02-04T15:15:00+05:30,120.1,121.5,120.0,121.09,1994,0
2026-02-05T09:15:00+05:30,120.22,120.22,119.02,119.24,1637,0
2026-02-05T09:30:00+05:30,119.67,120.28,118.35,118.35,4488,0
2026-02-05T09:45:00+05:30,118.35,118.94,118.35,118.94,1089,0
2026-02-05T10:00:00+05:30,118.94,118.99,118.5,118.99,1053,0
2026-02-05T10:15:00+05:30,118.96,119.48,118.89,119.48,1112,0
2026-02-05T10:30:00+05:30,119.49,119.49,118.61,118.61,1312,0
2026-02-05T10:45:00+05:30,118.61,119.19,118.5,119.13,814,0
2026-02-05T11:00:00+05:30,119.08,119.08,118.51,118.98,288,0
2026-02-05T11:15:00+05:30,118.94,119.16,118.94,119.14,489,0
2026-02-05T11:30:00+05:30,119.23,119.24,119.23,119.24,296,0
2026-02-05T11:45:00+05:30,119.24,119.61,118.5,118.5,2846,0
2026-02-05T12:00:00+05:30,118.5,119.03,118.5,119.03,98,0
2026-02-05T12:15:00+05:30,119.03,119.03,118.5,118.5,1700,0
2026-02-05T12:30:00+05:30,118.5,118.86,118.5,118.86,1,0
2026-02-05T12:45:00+05:30,118.86,118.86,118.52,118.52,2,0
2026-02-05T13:00:00+05:30,118.52,118.6,118.52,118.6,50,0
2026-02-05T13:15:00+05:30,118.78,119.11,118.78,119.11,149,0
2026-02-05T13:30:00+05:30,119.11,119.11,118.78,118.78,384,0
2026-02-05T13:45:00+05:30,118.78,118.97,118.0,118.43,1421,0
2026-02-05T14:00:00+05:30,118.55,118.56,117.8,117.81,1351,0
2026-02-05T14:15:00+05:30,118.05,118.3,117.81,118.18,863,0
2026-02-05T14:30:00+05:30,118.18,118.25,118.18,118.2,60,0
2026-02-05T14:45:00+05:30,118.2,118.33,117.61,118.1,1159,0
2026-02-05T15:00:00+05:30,118.1,118.12,117.35,117.35,477,0
2026-02-05T15:15:00+05:30,117.44,117.7,116.0,116.12,2752,0
2026-02-06T09:15:00+05:30,117.17,118.13,115.21,116.23,5093,0
2026-02-06T09:30:00+05:30,116.18,116.18,115.46,115.68,380,0
2026-02-06T09:45:00+05:30,115.68,116.0,114.93,115.0,1800,0
2026-02-06T10:00:00+05:30,115.36,115.39,113.35,115.06,4164,0
2026-02-06T10:15:00+05:30,115.06,115.29,114.91,115.29,316,0
2026-02-06T10:30:00+05:30,115.29,115.29,114.35,114.6,149,0
2026-02-06T10:45:00+05:30,114.6,114.71,114.6,114.71,3,0
2026-02-06T11:00:00+05:30,114.82,115.38,113.77,115.05,2010,0
2026-02-06T11:15:00+05:30,115.21,115.7,115.21,115.7,453,0
2026-02-06T11:30:00+05:30,115.7,115.7,115.3,115.3,163,0
2026-02-06T11:45:00+05:30,115.3,115.64,115.3,115.64,57,0
2026-02-06T12:00:00+05:30,115.64,115.64,115.64,115.64,0,0
2026-02-06T12:15:00+05:30,115.64,115.64,115.32,115.32,41,0
2026-02-06T12:30:00+05:30,115.32,115.32,115.0,115.05,208,0
2026-02-06T12:45:00+05:30,115.05,115.05,115.05,115.05,350,0
2026-02-06T13:00:00+05:30,115.05,115.05,115.05,115.05,0,0
2026-02-06T13:15:00+05:30,115.05,115.05,115.05,115.05,0,0
2026-02-06T13:30:00+05:30,115.05,116.34,115.05,116.24,1699,0
2026-02-06T13:45:00+05:30,116.24,116.94,115.99,116.24,1698,0
2026-02-06T14:00:00+05:30,116.21,116.21,116.0,116.0,26,0
2026-02-06T14:15:00+05:30,116.0,116.02,116.0,116.0,161,0
2026-02-06T14:30:00+05:30,116.18,116.18,116.15,116.15,21,0
2026-02-06T14:45:00+05:30,116.21,116.46,116.02,116.4,378,0
2026-02-06T15:00:00+05:30,116.4,116.69,116.4,116.54,1099,0
2026-02-06T15:15:00+05:30,116.54,116.54,115.88,116.0,2207,0
2026-02-09T09:15:00+05:30,117.1,119.77,116.15,118.95,4535,0
2026-02-09T09:30:00+05:30,119.15,119.8,118.6,118.6,3390,0
2026-02-09T09:45:00+05:30,118.96,119.4,116.5,117.0,27344,0
2026-02-09T10:00:00+05:30,117.0,119.34,117.0,118.79,1352,0
2026-02-09T10:15:00+05:30,118.73,119.5,118.73,119.47,1002,0
2026-02-09T10:30:00+05:30,119.42,119.48,119.08,119.08,844,0
2026-02-09T10:45:00+05:30,119.08,119.42,118.61,118.61,1090,0
2026-02-09T11:00:00+05:30,118.61,120.5,118.61,120.5,3924,0
2026-02-09T11:15:00+05:30,120.78,123.8,120.13,122.43,17262,0
2026-02-09T11:30:00+05:30,122.56,122.95,118.99,120.54,9030,0
2026-02-09T11:45:00+05:30,120.54,121.3,120.53,121.3,1043,0
2026-02-09T12:00:00+05:30,121.09,121.09,120.65,120.65,269,0
2026-02-09T12:15:00+05:30,120.67,120.67,120.42,120.56,218,0
2026-02-09T12:30:00+05:30,120.56,121.0,119.6,120.37,2548,0
2026-02-09T12:45:00+05:30,120.37,120.96,120.37,120.96,33,0
2026-02-09T13:00:00+05:30,120.96,120.96,120.41,120.43,354,0
2026-02-09T13:15:00+05:30,120.43,121.99,120.43,121.35,3592,0
2026-02-09T13:30:00+05:30,121.36,121.36,120.51,120.7,570,0
2026-02-09T13:45:00+05:30,120.71,120.71,120.23,120.47,496,0
2026-02-09T14:00:00+05:30,120.47,120.78,120.14,120.66,1385,0
2026-02-09T14:15:00+05:30,120.69,120.69,120.21,120.39,1070,0
2026-02-09T14:30:00+05:30,120.39,120.39,120.39,120.39,31,0
2026-02-09T14:45:00+05:30,120.62,121.98,120.62,121.98,5235,0
2026-02-09T15:00:00+05:30,121.98,122.53,121.75,122.5,4482,0
2026-02-09T15:15:00+05:30,122.5,123.19,120.21,123.0,4288,0
2026-02-10T09:15:00+05:30,123.0,123.4,121.13,122.89,681,0
2026-02-10T09:30:00+05:30,122.8,123.51,122.21,122.83,1528,0
2026-02-10T09:45:00+05:30,122.83,123.0,122.46,122.98,1485,0
2026-02-10T10:00:00+05:30,122.86,122.98,122.57,122.98,571,0
2026-02-10T10:15:00+05:30,122.94,123.0,122.5,122.5,1651,0
2026-02-10T10:30:00+05:30,122.5,122.99,122.5,122.7,261,0
2026-02-10T10:45:00+05:30,122.7,122.84,122.52,122.84,31,0
2026-02-10T11:00:00+05:30,122.84,123.49,122.7,123.01,962,0
2026-02-10T11:15:00+05:30,123.01,124.32,123.01,123.21,1287,0
2026-02-10T11:30:00+05:30,123.21,124.95,123.17,123.41,4789,0
2026-02-10T11:45:00+05:30,123.41,123.41,123.26,123.26,200,0
2026-02-10T12:00:00+05:30,123.26,123.68,123.26,123.68,15,0
2026-02-10T12:15:00+05:30,123.68,123.68,123.22,123.22,190,0
2026-02-10T12:30:00+05:30,123.22,123.23,123.22,123.23,3,0
2026-02-10T12:45:00+05:30,123.23,123.71,123.23,123.42,313,0
2026-02-10T13:00:00+05:30,123.42,123.55,123.35,123.35,85,0
2026-02-10T13:15:00+05:30,123.35,123.53,123.3,123.46,327,0
2026-02-10T13:30:00+05:30,123.46,123.46,122.91,122.91,308,0
2026-02-10T13:45:00+05:30,122.91,123.21,122.74,122.74,49,0
2026-02-10T14:00:00+05:30,122.74,122.97,122.56,122.97,33,0
2026-02-10T14:15:00+05:30,122.97,122.97,121.45,122.46,1657,0
2026-02-10T14:30:00+05:30,122.46,123.0,122.46,122.98,201,0
2026-02-10T14:45:00+05:30,122.98,122.98,122.5,122.98,756,0
2026-02-10T15:00:00+05:30,122.98,122.98,122.02,122.07,911,0
2026-02-10T15:15:00+05:30,122.69,122.98,122.01,122.01,769,0
2026-02-11T09:15:00+05:30,121.89,122.7,121.89,122.0,1065,0
2026-02-11T09:30:00+05:30,122.3,122.3,121.71,121.77,828,0
2026-02-11T09:45:00+05:30,121.77,122.3,121.77,122.3,577,0
2026-02-11T10:00:00+05:30,122.49,122.49,121.81,122.3,2231,0
2026-02-11T10:15:00+05:30,122.3,122.3,122.29,122.29,23,0
2026-02-11T10:30:00+05:30,122.29,122.29,121.77,122.12,416,0
2026-02-11T10:45:00+05:30,122.12,122.46,121.77,122.03,763,0
2026-02-11T11:00:00+05:30,122.03,122.03,121.77,121.77,1914,0
2026-02-11T11:15:00+05:30,121.77,121.77,121.77,121.77,1,0
2026-02-11T11:30:00+05:30,121.77,121.83,121.77,121.83,15,0
2026-02-11T11:45:00+05:30,121.83,122.13,121.83,122.13,184,0
2026-02-11T12:00:00+05:30,122.13,122.13,122.13,122.13,0,0
2026-02-11T12:15:00+05:30,122.13,122.18,121.92,121.92,211,0
2026-02-11T12:30:00+05:30,121.92,121.92,121.92,121.92,0,0
2026-02-11T12:45:00+05:30,121.92,122.3,121.92,122.3,231,0
2026-02-11T13:00:00+05:30,122.3,122.3,121.83,121.83,546,0
2026-02-11T13:15:00+05:30,121.83,121.84,121.77,121.77,1170,0
2026-02-11T13:30:00+05:30,121.77,121.77,120.05,120.17,3258,0
2026-02-11T13:45:00+05:30,120.17,120.17,119.03,119.8,3509,0
2026-02-11T14:00:00+05:30,119.8,120.0,119.05,119.25,1482,0
2026-02-11T14:15:00+05:30,119.25,119.75,118.42,118.86,3065,0
2026-02-11T14:30:00+05:30,118.86,119.02,118.0,118.75,2143,0
2026-02-11T14:45:00+05:30,118.9,120.0,117.73,119.76,11610,0
2026-02-11T15:00:00+05:30,119.76,119.9,118.5,118.5,3227,0
2026-02-11T15:15:00+05:30,118.43,118.5,117.65,117.66,5286,0
2026-02-12T09:15:00+05:30,119.3,119.3,118.01,118.96,387,0
2026-02-12T09:30:00+05:30,119.09,120.09,118.61,120.0,3439,0
2026-02-12T09:45:00+05:30,120.0,122.5,119.99,121.07,3147,0
2026-02-12T10:00:00+05:30,121.47,121.47,120.86,121.03,253,0
2026-02-12T10:15:00+05:30,121.03,121.03,120.5,120.5,1250,0
2026-02-12T10:30:00+05:30,120.71,120.8,120.25,120.7,585,0
2026-02-12T10:45:00+05:30,120.7,120.7,118.81,119.86,2381,0
2026-02-12T11:00:00+05:30,119.86,120.78,119.22,120.27,2332,0
2026-02-12T11:15:00+05:30,120.27,120.27,117.82,118.82,8219,0
2026-02-12T11:30:00+05:30,118.93,119.31,118.72,119.12,1196,0
2026-02-12T11:45:00+05:30,119.12,119.21,118.94,118.94,133,0
2026-02-12T12:00:00+05:30,118.94,119.35,118.94,119.17,247,0
2026-02-12T12:15:00+05:30,119.17,119.39,119.0,119.39,53,0
2026-02-12T12:30:00+05:30,119.19,119.46,118.61,119.09,506,0
2026-02-12T12:45:00+05:30,119.09,119.25,118.36,118.79,1634,0
2026-02-12T13:00:00+05:30,118.79,118.92,118.5,118.8,444,0
2026-02-12T13:15:00+05:30,118.8,119.16,118.8,119.16,717,0
2026-02-12T13:30:00+05:30,119.13,119.16,119.0,119.16,140,0
2026-02-12T13:45:00+05:30,119.16,119.16,118.73,118.78,487,0
2026-02-12T14:00:00+05:30,118.9,119.15,118.75,119.13,630,0
2026-02-12T14:15:00+05:30,119.13,119.13,119.13,119.13,0,0
2026-02-12T14:30:00+05:30,119.11,119.5,119.11,119.5,1110,0
2026-02-12T14:45:00+05:30,119.5,119.5,118.63,118.96,1133,0
2026-02-12T15:00:00+05:30,118.96,119.49,118.91,119.0,1575,0
2026-02-12T15:15:00+05:30,119.0,119.48,118.71,118.71,2513,0
2026-02-13T09:15:00+05:30,118.15,118.15,117.57,117.57,495,0
2026-02-13T09:30:00+05:30,118.05,118.13,117.96,118.13,3,0
2026-02-13T09:45:00+05:30,118.05,118.13,117.76,117.76,346,0
2026-02-13T10:00:00+05:30,117.76,118.09,117.76,118.09,2,0
2026-02-13T10:15:00+05:30,118.09,119.0,118.09,119.0,729,0
2026-02-13T10:30:00+05:30,119.0,119.16,119.0,119.16,23,0
2026-02-13T10:45:00+05:30,119.16,119.23,119.16,119.23,10,0
2026-02-13T11:00:00+05:30,119.23,119.23,117.76,117.76,1257,0
2026-02-13T11:15:00+05:30,117.76,118.11,117.76,118.11,43,0
2026-02-13T11:30:00+05:30,118.11,118.15,118.11,118.11,90,0
2026-02-13T11:45:00+05:30,118.11,118.11,117.99,117.99,1,0
2026-02-13T12:00:00+05:30,117.99,118.88,117.99,118.88,395,0
2026-02-13T12:15:00+05:30,118.88,118.98,118.7,118.7,4,0
2026-02-13T12:30:00+05:30,118.7,118.7,118.45,118.45,20,0
2026-02-13T12:45:00+05:30,118.45,118.45,118.45,118.45,0,0
2026-02-13T13:00:00+05:30,119.05,119.58,119.01,119.47,702,0
2026-02-13T13:15:00+05:30,119.47,119.47,119.09,119.09,84,0
2026-02-13T13:30:00+05:30,119.09,119.09,118.74,118.75,158,0
2026-02-13T13:45:00+05:30,118.75,118.97,118.58,118.58,47,0
2026-02-13T14:00:00+05:30,118.58,118.58,116.91,117.59,10045,0
2026-02-13T14:15:00+05:30,117.59,118.07,117.14,117.14,470,0
2026-02-13T14:30:00+05:30,117.14,117.15,117.14,117.15,100,0
2026-02-13T14:45:00+05:30,117.15,117.63,117.15,117.63,654,0
2026-02-13T15:00:00+05:30,117.78,117.9,117.78,117.81,246,0
2026-02-13T15:15:00+05:30,117.71,118.7,117.71,117.9,1733,0
2026-02-16T09:15:00+05:30,118.9,118.9,118.14,118.2,910,0
2026-02-16T09:30:00+05:30,117.52,118.0,116.71,117.35,3850,0
2026-02-16T09:45:00+05:30,117.47,117.48,117.1,117.4,704,0
2026-02-16T10:00:00+05:30,117.4,117.4,117.4,117.4,0,0
2026-02-16T10:15:00+05:30,117.4,117.4,117.0,117.02,1151,0
2026-02-16T10:30:00+05:30,117.02,117.79,117.02,117.64,713,0
2026-02-16T10:45:00+05:30,117.64,117.74,117.38,117.74,56,0
2026-02-16T11:00:00+05:30,117.74,117.8,117.73,117.78,72,0
2026-02-16T11:15:00+05:30,117.78,118.38,117.55,117.55,941,0
2026-02-16T11:30:00+05:30,117.55,117.55,117.25,117.26,250,0
2026-02-16T11:45:00+05:30,117.26,117.5,117.21,117.21,505,0
2026-02-16T12:00:00+05:30,117.21,117.29,117.0,117.29,346,0
2026-02-16T12:15:00+05:30,117.29,117.29,117.29,117.29,0,0
2026-02-16T12:30:00+05:30,117.36,117.42,117.08,117.08,255,0
2026-02-16T12:45:00+05:30,117.08,117.37,117.06,117.06,138,0
2026-02-16T13:00:00+05:30,117.06,117.06,117.06,117.06,0,0
2026-02-16T13:15:00+05:30,117.06,117.16,117.06,117.16,41,0
2026-02-16T13:30:00+05:30,117.16,117.16,117.11,117.11,600,0
2026-02-16T13:45:00+05:30,117.11,117.37,117.11,117.37,1,0
2026-02-16T14:00:00+05:30,117.37,117.37,117.22,117.3,401,0
2026-02-16T14:15:00+05:30,117.3,117.3,117.0,117.0,686,0
2026-02-16T14:30:00+05:30,117.0,117.38,117.0,117.33,166,0
2026-02-16T14:45:00+05:30,117.33,117.78,117.33,117.78,116,0
2026-02-16T15:00:00+05:30,117.78,117.78,117.11,117.11,300,0
2026-02-16T15:15:00+05:30,117.08,119.0,117.0,117.0,2194,0
2026-02-17T09:15:00+05:30,116.1,118.91,115.46,118.63,3981,0
2026-02-17T09:30:00+05:30,118.78,118.98,118.73,118.98,636,0
2026-02-17T09:45:00+05:30,118.98,120.22,118.7,120.22,5994,0
2026-02-17T10:00:00+05:30,120.44,121.0,120.16,120.5,1064,0
2026-02-17T10:15:00+05:30,120.5,120.72,120.0,120.72,1130,0
2026-02-17T10:30:00+05:30,120.72,120.72,120.0,120.0,1261,0
2026-02-17T10:45:00+05:30,120.0,120.0,119.12,119.43,400,0
2026-02-17T11:00:00+05:30,119.43,119.43,118.47,118.9,893,0
2026-02-17T11:15:00+05:30,118.9,118.9,118.75,118.75,100,0
2026-02-17T11:30:00+05:30,118.75,119.4,118.75,119.32,119,0
2026-02-17T11:45:00+05:30,119.32,119.43,119.32,119.35,31,0
2026-02-17T12:00:00+05:30,119.35,119.61,119.35,119.61,2,0
2026-02-17T12:15:00+05:30,119.61,119.61,119.6,119.6,50,0
2026-02-17T12:30:00+05:30,119.6,119.97,119.31,119.97,268,0
2026-02-17T12:45:00+05:30,119.97,120.0,119.88,119.88,540,0
2026-02-17T13:00:00+05:30,119.88,119.98,119.61,119.61,198,0
2026-02-17T13:15:00+05:30,119.91,119.97,119.42,119.42,1990,0
2026-02-17T13:30:00+05:30,119.42,119.63,119.42,119.63,4,0
2026-02-17T13:45:00+05:30,119.65,119.84,119.55,119.84,82,0
2026-02-17T14:00:00+05:30,119.51,119.51,119.31,119.35,289,0
2026-02-17T14:15:00+05:30,119.33,119.51,119.23,119.51,571,0
2026-02-17T14:30:00+05:30,119.51,119.51,119.29,119.3,482,0
2026-02-17T14:45:00+05:30,119.51,119.51,118.35,118.8,3197,0
2026-02-17T15:00:00+05:30,118.8,118.9,118.51,118.9,36,0
2026-02-17T15:15:00+05:30,118.66,119.84,118.66,119.5,2825,0
2026-02-18T09:15:00+05:30,120.8,121.92,120.62,121.59,1593,0
2026-02-18T09:30:00+05:30,121.61,122.34,120.75,120.75,5183,0
2026-02-18T09:45:00+05:30,120.75,121.63,120.0,121.04,2896,0
2026-02-18T10:00:00+05:30,121.04,122.23,120.93,122.2,5357,0
2026-02-18T10:15:00+05:30,122.2,122.8,122.07,122.19,2576,0
2026-02-18T10:30:00+05:30,122.19,122.8,122.19,122.53,3208,0
2026-02-18T10:45:00+05:30,122.55,122.79,122.32,122.55,1355,0
2026-02-18T11:00:00+05:30,122.69,122.8,122.39,122.39,1092,0
2026-02-18T11:15:00+05:30,122.38,122.38,122.12,122.15,137,0
2026-02-18T11:30:00+05:30,122.15,122.15,122.13,122.13,192,0
2026-02-18T11:45:00+05:30,122.13,122.13,122.11,122.13,113,0
2026-02-18T12:00:00+05:30,122.11,122.11,121.62,121.62,241,0
2026-02-18T12:15:00+05:30,121.62,121.94,121.62,121.94,201,0
2026-02-18T12:30:00+05:30,121.62,121.62,121.62,121.62,10,0
2026-02-18T12:45:00+05:30,121.62,121.62,121.62,121.62,0,0
2026-02-18T13:00:00+05:30,121.62,122.0,121.62,121.71,184,0
2026-02-18T13:15:00+05:30,121.91,121.91,121.6,121.6,1658,0
2026-02-18T13:30:00+05:30,121.6,121.91,121.6,121.72,115,0
2026-02-18T13:45:00+05:30,121.72,122.41,121.62,122.4,913,0
2026-02-18T14:00:00+05:30,122.65,122.69,122.11,122.11,1755,0
2026-02-18T14:15:00+05:30,122.17,122.22,122.11,122.22,141,0
2026-02-18T14:30:00+05:30,122.22,122.98,122.01,122.1,2620,0
2026-02-18T14:45:00+05:30,122.09,122.99,122.01,122.98,4975,0
2026-02-18T15:00:00+05:30,122.98,122.99,122.5,122.64,1237,0
2026-02-18T15:15:00+05:30,122.63,124.0,122.0,124.0,15201,0
2026-02-19T09:15:00+05:30,124.3,124.3,123.2,123.56,1561,0
2026-02-19T09:30:00+05:30,123.61,123.85,123.18,123.18,1911,0
2026-02-19T09:45:00+05:30,123.18,123.65,123.18,123.3,358,0
2026-02-19T10:00:00+05:30,123.25,123.25,123.0,123.0,1914,0
2026-02-19T10:15:00+05:30,123.0,123.18,122.86,122.86,349,0
2026-02-19T10:30:00+05:30,122.86,122.86,122.85,122.85,907,0
2026-02-19T10:45:00+05:30,122.85,122.85,120.35,121.05,2338,0
2026-02-19T11:00:00+05:30,121.05,121.81,121.05,121.31,805,0
2026-02-19T11:15:00+05:30,121.3,121.31,121.0,121.0,1105,0
2026-02-19T11:30:00+05:30,121.0,121.42,120.9,120.9,784,0
2026-02-19T11:45:00+05:30,120.9,120.92,120.7,120.7,338,0
2026-02-19T12:00:00+05:30,120.7,120.72,120.5,120.5,209,0
2026-02-19T12:15:00+05:30,120.5,120.5,120.12,120.12,135,0
2026-02-19T12:30:00+05:30,120.12,120.3,120.11,120.3,386,0
2026-02-19T12:45:00+05:30,120.3,122.01,120.12,122.01,1633,0
2026-02-19T13:00:00+05:30,122.03,122.39,121.99,122.0,729,0
2026-02-19T13:15:00+05:30,122.0,122.0,121.3,121.67,978,0
2026-02-19T13:30:00+05:30,121.67,121.67,121.3,121.3,473,0
2026-02-19T13:45:00+05:30,121.3,121.59,121.3,121.3,452,0
2026-02-19T14:00:00+05:30,121.3,121.65,121.01,121.01,724,0
2026-02-19T14:15:00+05:30,121.35,121.49,121.35,121.43,91,0
2026-02-19T14:30:00+05:30,121.43,121.56,121.3,121.56,104,0
2026-02-19T14:45:00+05:30,121.56,121.56,120.51,121.48,381,0
2026-02-19T15:00:00+05:30,121.48,121.55,120.51,120.51,370,0
2026-02-19T15:15:00+05:30,120.62,121.5,120.0,120.1,3458,0
2026-02-20T09:15:00+05:30,118.2,121.03,118.2,118.5,2098,0
2026-02-20T09:30:00+05:30,118.57,119.45,118.31,119.45,1480,0
2026-02-20T09:45:00+05:30,119.8,120.67,119.8,120.2,2300,0
2026-02-20T10:00:00+05:30,120.81,120.99,120.42,120.59,124,0
2026-02-20T10:15:00+05:30,120.59,120.59,120.25,120.56,86,0
2026-02-20T10:30:00+05:30,120.56,120.56,120.05,120.43,326,0
2026-02-20T10:45:00+05:30,120.37,120.39,120.1,120.39,353,0
2026-02-20T11:00:00+05:30,120.39,120.39,120.1,120.1,50,0
2026-02-20T11:15:00+05:30,120.1,120.1,120.05,120.06,299,0
2026-02-20T11:30:00+05:30,120.06,120.54,120.06,120.54,581,0
2026-02-20T11:45:00+05:30,120.54,121.2,120.07,120.07,1852,0
2026-02-20T12:00:00+05:30,120.07,120.07,120.07,120.07,0,0
2026-02-20T12:15:00+05:30,120.07,120.07,120.07,120.07,0,0
2026-02-20T12:30:00+05:30,120.07,120.14,120.07,120.14,1,0
2026-02-20T12:45:00+05:30,120.14,120.14,120.14,120.14,0,0
2026-02-20T13:00:00+05:30,120.14,120.14,120.05,120.07,402,0
2026-02-20T13:15:00+05:30,120.07,121.6,120.07,121.6,3003,0
2026-02-20T13:30:00+05:30,121.6,121.6,121.0,121.0,122,0
2026-02-20T13:45:00+05:30,121.0,121.0,121.0,121.0,0,0
2026-02-20T14:00:00+05:30,121.0,121.0,120.89,120.89,96,0
2026-02-20T14:15:00+05:30,120.75,120.77,120.75,120.77,37,0
2026-02-20T14:30:00+05:30,120.77,120.98,120.55,120.89,735,0
2026-02-20T14:45:00+05:30,120.89,121.0,120.89,121.0,349,0
2026-02-20T15:00:00+05:30,121.0,122.0,119.47,119.49,11981,0
2026-02-20T15:15:00+05:30,119.49,119.5,118.01,118.52,13484,0
2026-02-23T09:15:00+05:30,119.32,122.61,119.32,122.56,2500,0
2026-02-23T09:30:00+05:30,121.47,121.47,120.53,120.79,613,0
2026-02-23T09:45:00+05:30,120.79,120.79,120.75,120.76,265,0
2026-02-23T10:00:00+05:30,120.76,120.76,120.2,120.3,139,0
2026-02-23T10:15:00+05:30,120.3,120.3,119.42,120.0,495,0
2026-02-23T10:30:00+05:30,120.0,120.0,118.51,118.52,1276,0
2026-02-23T10:45:00+05:30,118.52,118.78,118.51,118.52,1303,0
2026-02-23T11:00:00+05:30,118.52,118.93,118.51,118.51,2042,0
2026-02-23T11:15:00+05:30,118.51,118.86,118.51,118.51,1407,0
2026-02-23T11:30:00+05:30,118.51,118.75,118.26,118.26,2037,0
2026-02-23T11:45:00+05:30,118.26,118.26,118.01,118.05,1182,0
2026-02-23T12:00:00+05:30,118.05,118.31,118.01,118.01,1661,0
2026-02-23T12:15:00+05:30,118.05,118.33,118.01,118.01,1126,0
2026-02-23T12:30:00+05:30,118.01,118.34,117.65,118.0,1210,0
2026-02-23T12:45:00+05:30,118.0,118.12,118.0,118.0,1087,0
2026-02-23T13:00:00+05:30,118.0,118.1,118.0,118.1,1136,0
2026-02-23T13:15:00+05:30,118.1,118.25,118.0,118.0,1437,0
2026-02-23T13:30:00+05:30,118.0,118.19,118.0,118.0,1204,0
2026-02-23T13:45:00+05:30,118.0,118.18,117.51,117.6,1916,0
2026-02-23T14:00:00+05:30,117.6,117.93,117.6,117.93,160,0
2026-02-23T14:15:00+05:30,117.93,117.93,117.2,117.71,2651,0
2026-02-23T14:30:00+05:30,117.71,118.68,117.71,118.07,2433,0
2026-02-23T14:45:00+05:30,118.07,118.69,118.07,118.69,146,0
2026-02-23T15:00:00+05:30,118.86,119.95,118.0,119.95,3081,0
2026-02-23T15:15:00+05:30,119.28,119.28,118.21,119.0,2353,0
2026-02-24T09:15:00+05:30,119.9,119.9,118.51,118.51,139,0
2026-02-24T09:30:00+05:30,118.82,118.82,117.03,117.31,464,0
2026-02-24T09:45:00+05:30,117.31,118.5,117.24,118.5,772,0
2026-02-24T10:00:00+05:30,118.5,118.59,118.46,118.46,158,0
2026-02-24T10:15:00+05:30,118.46,118.46,118.36,118.39,100,0
2026-02-24T10:30:00+05:30,118.39,118.39,118.39,118.39,0,0
2026-02-24T10:45:00+05:30,118.39,118.39,118.18,118.39,61,0
2026-02-24T11:00:00+05:30,118.39,118.46,118.33,118.46,94,0
2026-02-24T11:15:00+05:30,118.46,118.46,117.67,118.06,793,0
2026-02-24T11:30:00+05:30,118.06,118.06,118.06,118.06,0,0
2026-02-24T11:45:00+05:30,118.06,118.15,118.06,118.14,42,0
2026-02-24T12:00:00+05:30,118.14,118.14,117.98,117.98,700,0
2026-02-24T12:15:00+05:30,117.98,118.16,117.83,117.83,266,0
2026-02-24T12:30:00+05:30,117.83,117.83,117.83,117.83,0,0
2026-02-24T12:45:00+05:30,117.83,117.99,117.83,117.96,71,0
2026-02-24T13:00:00+05:30,117.96,117.96,117.96,117.96,0,0
2026-02-24T13:15:00+05:30,117.96,117.96,117.71,117.72,77,0
2026-02-24T13:30:00+05:30,117.72,117.72,117.25,117.5,981,0
2026-02-24T13:45:00+05:30,117.5,117.88,117.3,117.38,633,0
2026-02-24T14:00:00+05:30,117.61,117.72,117.59,117.72,150,0
2026-02-24T14:15:00+05:30,117.72,117.74,117.59,117.59,158,0
2026-02-24T14:30:00+05:30,117.59,117.75,117.33,117.75,32,0
2026-02-24T14:45:00+05:30,117.42,117.42,116.11,116.15,3632,0
2026-02-24T15:00:00+05:30,116.15,116.63,115.2,115.45,4885,0
2026-02-24T15:15:00+05:30,115.47,117.95,113.37,117.0,18060,0
2026-02-25T09:15:00+05:30,116.9,118.69,116.9,118.26,1336,0
2026-02-25T09:30:00+05:30,118.45,118.45,117.52,117.53,557,0
2026-02-25T09:45:00+05:30,117.53,117.98,117.35,117.53,773,0
2026-02-25T10:00:00+05:30,117.53,117.79,117.53,117.78,95,0
2026-02-25T10:15:00+05:30,117.78,117.78,117.78,117.78,0,0
2026-02-25T10:30:00+05:30,117.51,117.78,117.1,117.77,803,0
2026-02-25T10:45:00+05:30,117.77,117.77,117.26,117.57,166,0
2026-02-25T11:00:00+05:30,117.35,117.35,117.1,117.1,248,0
2026-02-25T11:15:00+05:30,117.1,117.25,117.1,117.21,12,0
2026-02-25T11:30:00+05:30,117.21,117.21,117.1,117.18,26,0
2026-02-25T11:45:00+05:30,117.18,117.18,117.1,117.14,430,0
2026-02-25T12:00:00+05:30,117.14,117.27,117.1,117.1,242,0
2026-02-25T12:15:00+05:30,117.1,117.2,117.1,117.2,279,0
2026-02-25T12:30:00+05:30,117.2,117.2,116.75,116.75,186,0
2026-02-25T12:45:00+05:30,116.75,116.75,116.75,116.75,0,0
2026-02-25T13:00:00+05:30,116.75,116.78,115.61,116.0,1710,0
2026-02-25T13:15:00+05:30,115.98,116.0,115.86,116.0,160,0
2026-02-25T13:30:00+05:30,115.86,116.11,115.86,116.11,287,0
2026-02-25T13:45:00+05:30,116.11,116.13,115.86,115.86,607,0
2026-02-25T14:00:00+05:30,115.86,116.29,114.83,115.45,2773,0
2026-02-25T14:15:00+05:30,115.45,115.8,115.45,115.8,171,0
2026-02-25T14:30:00+05:30,115.57,115.68,115.5,115.5,560,0
2026-02-25T14:45:00+05:30,115.5,116.68,115.5,116.48,847,0
2026-02-25T15:00:00+05:30,116.42,117.09,114.8,115.7,3130,0
2026-02-25T15:15:00+05:30,114.9,116.0,114.8,115.4,1421,0
2026-02-26T09:15:00+05:30,115.99,116.4,115.87,116.13,1345,0
2026-02-26T09:30:00+05:30,116.34,116.6,116.04,116.59,407,0
2026-02-26T09:45:00+05:30,116.34,117.0,116.34,117.0,600,0
2026-02-26T10:00:00+05:30,116.99,117.1,116.82,116.82,321,0
2026-02-26T10:15:00+05:30,116.82,116.97,116.82,116.82,19,0
2026-02-26T10:30:00+05:30,116.82,117.39,116.82,116.92,654,0
2026-02-26T10:45:00+05:30,116.92,116.92,116.42,116.42,65,0
2026-02-26T11:00:00+05:30,116.42,118.09,115.99,118.09,2662,0
2026-02-26T11:15:00+05:30,118.09,118.09,117.4,117.4,130,0
2026-02-26T11:30:00+05:30,117.4,117.8,117.3,117.35,849,0
2026-02-26T11:45:00+05:30,117.35,117.35,117.35,117.35,0,0
2026-02-26T12:00:00+05:30,117.35,117.35,117.35,117.35,0,0
2026-02-26T12:15:00+05:30,117.35,117.35,117.06,117.06,203,0
2026-02-26T12:30:00+05:30,117.28,117.28,117.27,117.27,5,0
2026-02-26T12:45:00+05:30,117.27,117.27,116.84,117.14,593,0
2026-02-26T13:00:00+05:30,117.14,117.14,117.14,117.14,10,0
2026-02-26T13:15:00+05:30,117.14,117.15,116.93,117.15,6,0
2026-02-26T13:30:00+05:30,117.15,117.15,117.01,117.01,63,0
2026-02-26T13:45:00+05:30,117.01,117.01,116.83,116.83,13,0
2026-02-26T14:00:00+05:30,116.83,116.83,116.63,116.63,100,0
2026-02-26T14:15:00+05:30,116.63,117.0,116.63,116.63,130,0
2026-02-26T14:30:00+05:30,116.63,117.1,116.63,117.1,165,0
2026-02-26T14:45:00+05:30,117.1,117.83,116.62,116.62,1291,0
2026-02-26T15:00:00+05:30,116.63,116.99,115.0,115.0,8378,0
2026-02-26T15:15:00+05:30,115.8,116.02,115.07,115.88,2387,0
2026-02-27T09:15:00+05:30,113.11,116.99,113.11,115.0,915,0
2026-02-27T09:30:00+05:30,115.34,115.76,115.22,115.76,78,0
2026-02-27T09:45:00+05:30,115.46,115.46,115.01,115.01,212,0
2026-02-27T10:00:00+05:30,115.01,115.45,115.01,115.22,197,0
2026-02-27T10:15:00+05:30,115.22,115.31,115.04,115.04,5,0
2026-02-27T10:30:00+05:30,115.04,115.43,115.04,115.43,6,0
2026-02-27T10:45:00+05:30,115.43,115.43,115.13,115.32,151,0
2026-02-27T11:00:00+05:30,115.14,115.31,115.01,115.01,81,0
2026-02-27T11:15:00+05:30,115.01,115.06,114.53,114.72,767,0
2026-02-27T11:30:00+05:30,114.72,114.78,114.72,114.78,105,0
2026-02-27T11:45:00+05:30,114.78,114.81,114.78,114.81,1,0
2026-02-27T12:00:00+05:30,114.81,115.44,114.81,115.44,108,0
2026-02-27T12:15:00+05:30,115.44,115.44,115.19,115.2,210,0
2026-02-27T12:30:00+05:30,115.02,115.02,115.0,115.0,44,0
2026-02-27T12:45:00+05:30,115.0,115.48,115.0,115.24,747,0
2026-02-27T13:00:00+05:30,115.43,115.43,115.34,115.36,181,0
2026-02-27T13:15:00+05:30,115.36,115.59,115.36,115.59,260,0
2026-02-27T13:30:00+05:30,115.59,115.59,115.52,115.52,8,0
2026-02-27T13:45:00+05:30,115.52,115.55,115.52,115.55,18,0
2026-02-27T14:00:00+05:30,115.55,115.58,115.55,115.58,19,0
2026-02-27T14:15:00+05:30,115.58,115.58,115.55,115.55,5,0
2026-02-27T14:30:00+05:30,115.48,115.98,115.31,115.31,491,0
2026-02-27T14:45:00+05:30,115.31,115.31,115.1,115.1,90,0
2026-02-27T15:00:00+05:30,115.1,115.36,114.8,115.3,450,0
2026-02-27T15:15:00+05:30,115.3,117.55,114.79,117.55,1355,0
2026-03-02T09:15:00+05:30,111.85,114.0,111.0,113.0,5440,0
2026-03-02T09:30:00+05:30,113.0,115.38,112.99,115.38,3264,0
2026-03-02T09:45:00+05:30,115.01,115.31,114.14,114.33,886,0
2026-03-02T10:00:00+05:30,114.33,114.45,114.33,114.42,65,0
2026-03-02T10:15:00+05:30,114.42,116.0,114.42,114.9,1887,0
2026-03-02T10:30:00+05:30,114.9,114.9,114.11,114.11,827,0
2026-03-02T10:45:00+05:30,114.0,114.42,114.0,114.11,237,0
2026-03-02T11:00:00+05:30,114.11,114.28,113.95,113.95,582,0
2026-03-02T11:15:00+05:30,113.95,114.15,113.95,114.0,234,0
2026-03-02T11:30:00+05:30,114.0,114.32,113.26,114.17,973,0
2026-03-02T11:45:00+05:30,114.17,114.22,113.72,114.0,549,0
2026-03-02T12:00:00+05:30,114.17,114.19,114.17,114.17,92,0
2026-03-02T12:15:00+05:30,114.17,114.17,114.0,114.0,1,0
2026-03-02T12:30:00+05:30,114.0,114.01,113.72,113.95,113,0
2026-03-02T12:45:00+05:30,113.92,114.0,113.06,114.0,1866,0
2026-03-02T13:00:00+05:30,114.0,114.16,114.0,114.16,36,0
2026-03-02T13:15:00+05:30,114.15,115.5,113.97,113.97,2552,0
2026-03-02T13:30:00+05:30,113.97,114.0,113.25,113.25,879,0
2026-03-02T13:45:00+05:30,113.71,114.06,113.46,114.0,580,0
2026-03-02T14:00:00+05:30,114.05,114.05,111.11,113.6,13055,0
2026-03-02T14:15:00+05:30,113.6,113.95,113.29,113.46,865,0
2026-03-02T14:30:00+05:30,113.46,114.0,113.39,114.0,615,0
2026-03-02T14:45:00+05:30,114.0,114.18,113.43,113.58,181,0
2026-03-02T15:00:00+05:30,113.51,113.55,112.67,113.42,3188,0
2026-03-02T15:15:00+05:30,113.4,114.4,112.15,114.15,3180,0
2026-03-04T09:15:00+05:30,112.78,112.78,110.25,111.29,3812,0
2026-03-04T09:30:00+05:30,111.49,113.42,111.25,112.49,4237,0
2026-03-04T09:45:00+05:30,112.53,112.53,110.64,110.9,2989,0
2026-03-04T10:00:00+05:30,110.9,111.48,110.9,111.45,427,0
2026-03-04T10:15:00+05:30,111.58,113.0,111.1,112.07,3471,0
2026-03-04T10:30:00+05:30,112.07,113.08,110.11,111.24,10767,0
2026-03-04T10:45:00+05:30,111.35,112.2,111.11,111.4,1916,0
2026-03-04T11:00:00+05:30,111.4,112.29,111.21,111.82,961,0
2026-03-04T11:15:00+05:30,111.79,111.79,110.2,110.2,1731,0
2026-03-04T11:30:00+05:30,110.2,110.98,110.11,110.11,1635,0
2026-03-04T11:45:00+05:30,110.11,110.18,110.1,110.1,1252,0
2026-03-04T12:00:00+05:30,110.1,110.89,109.8,110.89,3286,0
2026-03-04T12:15:00+05:30,110.89,111.21,110.89,110.92,111,0
2026-03-04T12:30:00+05:30,110.92,110.92,110.9,110.9,30,0
2026-03-04T12:45:00+05:30,110.9,110.9,110.8,110.81,850,0
2026-03-04T13:00:00+05:30,110.81,111.13,110.81,111.13,125,0
2026-03-04T13:15:00+05:30,111.13,112.15,111.13,112.07,512,0
2026-03-04T13:30:00+05:30,112.01,112.12,112.0,112.12,530,0
2026-03-04T13:45:00+05:30,112.12,112.12,112.12,112.12,0,0
2026-03-04T14:00:00+05:30,112.12,113.32,112.12,113.32,1368,0
2026-03-04T14:15:00+05:30,113.32,115.38,113.32,115.0,4167,0
2026-03-04T14:30:00+05:30,115.0,115.99,115.0,115.52,1019,0
2026-03-04T14:45:00+05:30,115.52,116.88,114.5,114.5,4620,0
2026-03-04T15:00:00+05:30,114.6,116.49,114.5,114.69,3621,0
2026-03-04T15:15:00+05:30,114.88,115.48,114.1,114.1,2570,0
2026-03-05T09:15:00+05:30,115.8,115.8,114.36,115.47,306,0
2026-03-05T09:30:00+05:30,115.43,115.58,114.73,114.99,496,0
2026-03-05T09:45:00+05:30,114.99,115.27,114.73,115.27,627,0
2026-03-05T10:00:00+05:30,115.27,115.27,115.01,115.01,300,0
2026-03-05T10:15:00+05:30,115.01,115.01,113.74,113.74,2235,0
2026-03-05T10:30:00+05:30,113.74,114.32,113.74,113.99,352,0
2026-03-05T10:45:00+05:30,114.0,114.21,114.0,114.21,72,0
2026-03-05T11:00:00+05:30,114.21,114.21,114.14,114.19,95,0
2026-03-05T11:15:00+05:30,114.19,114.19,113.31,113.31,845,0
2026-03-05T11:30:00+05:30,113.31,113.34,113.31,113.32,112,0
2026-03-05T11:45:00+05:30,113.32,114.5,113.32,113.55,1165,0
2026-03-05T12:00:00+05:30,113.78,114.0,113.62,113.86,438,0
2026-03-05T12:15:00+05:30,113.8,114.08,113.72,113.72,587,0
2026-03-05T12:30:00+05:30,113.7,113.7,113.7,113.7,1201,0
2026-03-05T12:45:00+05:30,113.7,114.06,113.6,113.71,702,0
2026-03-05T13:00:00+05:30,113.71,113.97,113.71,113.92,101,0
2026-03-05T13:15:00+05:30,113.92,113.92,113.6,113.9,986,0
2026-03-05T13:30:00+05:30,113.9,114.02,113.9,113.94,2268,0
2026-03-05T13:45:00+05:30,113.94,113.94,113.6,113.6,142,0
2026-03-05T14:00:00+05:30,113.6,113.6,113.3,113.34,1406,0
2026-03-05T14:15:00+05:30,113.34,114.19,113.34,113.72,728,0
2026-03-05T14:30:00+05:30,113.72,115.67,113.72,115.67,1845,0
2026-03-05T14:45:00+05:30,115.22,116.9,113.3,116.17,1503,0
2026-03-05T15:00:00+05:30,116.17,116.99,116.04,116.46,756,0
2026-03-05T15:15:00+05:30,116.23,119.08,115.62,118.8,7025,0
2026-03-06T09:15:00+05:30,116.99,118.59,115.79,117.16,3359,0
2026-03-06T09:30:00+05:30,117.54,117.54,116.5,117.24,637,0
2026-03-06T09:45:00+05:30,117.24,117.24,116.61,116.61,226,0
2026-03-06T10:00:00+05:30,116.61,117.59,116.61,117.59,1073,0
2026-03-06T10:15:00+05:30,117.3,117.3,117.3,117.3,1,0
2026-03-06T10:30:00+05:30,117.3,117.66,117.3,117.66,385,0
2026-03-06T10:45:00+05:30,117.66,117.78,117.06,117.06,991,0
2026-03-06T11:00:00+05:30,117.07,117.44,116.86,116.86,443,0
2026-03-06T11:15:00+05:30,116.86,117.41,116.86,117.41,54,0
2026-03-06T11:30:00+05:30,117.41,117.41,117.41,117.41,210,0
2026-03-06T11:45:00+05:30,117.41,117.5,117.41,117.5,1022,0
2026-03-06T12:00:00+05:30,117.59,117.59,117.5,117.5,205,0
2026-03-06T12:15:00+05:30,117.5,118.03,117.5,118.03,350,0
2026-03-06T12:30:00+05:30,118.03,118.03,118.03,118.03,0,0
2026-03-06T12:45:00+05:30,118.03,118.03,117.93,117.93,80,0
2026-03-06T13:00:00+05:30,117.93,117.93,117.02,117.08,942,0
2026-03-06T13:15:00+05:30,117.08,117.13,117.0,117.0,501,0
2026-03-06T13:30:00+05:30,117.44,117.44,116.91,116.91,80,0
2026-03-06T13:45:00+05:30,116.91,117.14,116.52,116.52,250,0
2026-03-06T14:00:00+05:30,116.96,116.96,116.96,116.96,1,0
2026-03-06T14:15:00+05:30,116.96,117.44,116.96,117.35,133,0
2026-03-06T14:30:00+05:30,117.35,117.59,117.29,117.29,77,0
2026-03-06T14:45:00+05:30,117.29,117.29,116.97,116.99,361,0
2026-03-06T15:00:00+05:30,116.93,116.95,116.51,116.56,1638,0
2026-03-06T15:15:00+05:30,118.0,118.04,118.0,118.0,4657,0
2026-03-09T09:15:00+05:30,116.0,116.0,111.8,114.36,1774,0
2026-03-09T09:30:00+05:30,114.36,116.0,114.36,115.0,3469,0
2026-03-09T09:45:00+05:30,115.0,115.0,115.0,115.0,330,0
2026-03-09T10:00:00+05:30,115.0,115.4,115.0,115.0,460,0
2026-03-09T10:15:00+05:30,115.0,115.08,115.0,115.08,2,0
2026-03-09T10:30:00+05:30,115.08,115.24,115.06,115.24,265,0
2026-03-09T10:45:00+05:30,115.24,116.5,115.23,116.5,2150,0
2026-03-09T11:00:00+05:30,116.5,117.29,115.94,116.22,1273,0
2026-03-09T11:15:00+05:30,116.22,116.33,116.22,116.33,19,0
2026-03-09T11:30:00+05:30,116.33,116.83,116.04,116.04,695,0
2026-03-09T11:45:00+05:30,116.04,116.48,116.04,116.16,45,0
2026-03-09T12:00:00+05:30,116.16,116.16,115.94,115.94,154,0
2026-03-09T12:15:00+05:30,115.94,115.94,115.52,115.52,33,0
2026-03-09T12:30:00+05:30,115.52,115.52,115.52,115.52,0,0
2026-03-09T12:45:00+05:30,115.52,115.52,115.52,115.52,0,0
2026-03-09T13:00:00+05:30,115.52,117.08,115.52,115.77,1518,0
2026-03-09T13:15:00+05:30,115.77,115.92,115.77,115.92,9,0
2026-03-09T13:30:00+05:30,115.92,115.92,115.41,115.45,257,0
2026-03-09T13:45:00+05:30,115.45,116.35,115.45,116.11,608,0
2026-03-09T14:00:00+05:30,116.59,116.59,116.37,116.37,130,0
2026-03-09T14:15:00+05:30,116.37,116.37,115.06,115.06,890,0
2026-03-09T14:30:00+05:30,115.06,116.0,115.06,116.0,674,0
2026-03-09T14:45:00+05:30,116.0,116.0,115.41,115.41,99,0
2026-03-09T15:00:00+05:30,115.41,116.86,115.41,116.07,245,0
2026-03-09T15:15:00+05:30,116.09,117.5,115.06,115.06,1419,0
2026-03-10T09:15:00+05:30,116.1,118.09,116.1,117.69,497,0
2026-03-10T09:30:00+05:30,117.69,119.3,117.55,118.51,2868,0
2026-03-10T09:45:00+05:30,118.51,119.47,118.5,118.73,1027,0
2026-03-10T10:00:00+05:30,118.73,119.2,118.01,118.1,3218,0
2026-03-10T10:15:00+05:30,118.1,118.1,116.38,117.22,3324,0
2026-03-10T10:30:00+05:30,117.22,119.09,117.18,119.09,7678,0
2026-03-10T10:45:00+05:30,119.09,120.78,119.09,120.18,6199,0
2026-03-10T11:00:00+05:30,120.1,120.1,117.99,118.05,6936,0
2026-03-10T11:15:00+05:30,118.05,118.4,118.01,118.29,198,0
2026-03-10T11:30:00+05:30,118.29,118.3,117.94,118.08,312,0
2026-03-10T11:45:00+05:30,118.08,118.39,117.51,117.53,1335,0
2026-03-10T12:00:00+05:30,117.61,117.7,117.61,117.67,109,0
2026-03-10T12:15:00+05:30,117.67,118.28,117.0,117.82,4171,0
2026-03-10T12:30:00+05:30,117.82,119.0,117.16,117.92,1866,0
2026-03-10T12:45:00+05:30,117.91,119.09,117.51,118.04,1708,0
2026-03-10T13:00:00+05:30,118.21,118.42,118.21,118.3,111,0
2026-03-10T13:15:00+05:30,118.3,119.2,117.31,118.55,2384,0
2026-03-10T13:30:00+05:30,118.55,118.61,118.43,118.48,258,0
2026-03-10T13:45:00+05:30,118.48,118.48,118.22,118.33,185,0
2026-03-10T14:00:00+05:30,118.33,118.54,118.28,118.36,129,0
2026-03-10T14:15:00+05:30,118.36,118.45,118.36,118.43,138,0
2026-03-10T14:30:00+05:30,118.44,118.85,118.32,118.33,954,0
2026-03-10T14:45:00+05:30,118.33,119.5,118.32,118.45,1997,0
2026-03-10T15:00:00+05:30,118.45,119.4,118.33,118.35,1262,0
2026-03-10T15:15:00+05:30,118.35,122.5,118.35,121.0,13510,0
2026-03-11T09:15:00+05:30,120.0,120.93,120.0,120.66,1249,0
2026-03-11T09:30:00+05:30,120.66,120.75,119.0,119.38,5018,0
2026-03-11T09:45:00+05:30,119.38,119.65,118.45,119.65,310,0
2026-03-11T10:00:00+05:30,119.76,119.85,119.42,119.78,616,0
2026-03-11T10:15:00+05:30,119.78,119.78,119.46,119.46,81,0
2026-03-11T10:30:00+05:30,119.46,119.51,119.46,119.46,197,0
2026-03-11T10:45:00+05:30,119.46,119.88,119.46,119.88,99,0
2026-03-11T11:00:00+05:30,120.04,120.04,119.53,119.75,69,0
2026-03-11T11:15:00+05:30,119.75,119.77,119.54,119.59,18,0
2026-03-11T11:30:00+05:30,119.59,119.59,119.59,119.59,0,0
2026-03-11T11:45:00+05:30,119.59,119.98,119.59,119.71,776,0
2026-03-11T12:00:00+05:30,119.71,124.2,119.63,123.74,18973,0
2026-03-11T12:15:00+05:30,123.5,123.5,122.67,122.86,2246,0
2026-03-11T12:30:00+05:30,122.86,123.95,121.83,122.22,7807,0
2026-03-11T12:45:00+05:30,122.35,126.5,122.35,125.71,12289,0
2026-03-11T13:00:00+05:30,125.47,126.39,125.0,125.3,5933,0
2026-03-11T13:15:00+05:30,125.64,129.58,125.0,126.87,19939,0
2026-03-11T13:30:00+05:30,126.21,126.42,125.28,126.0,3730,0
2026-03-11T13:45:00+05:30,126.0,127.3,126.0,127.3,7211,0
2026-03-11T14:00:00+05:30,126.65,127.15,125.6,126.42,685,0
2026-03-11T14:15:00+05:30,126.42,126.42,125.51,126.0,610,0
2026-03-11T14:30:00+05:30,126.0,126.0,125.5,125.5,1822,0
2026-03-11T14:45:00+05:30,125.77,126.43,125.5,126.4,3302,0
2026-03-11T15:00:00+05:30,126.41,127.5,126.32,127.0,8768,0
2026-03-11T15:15:00+05:30,127.29,127.3,125.05,125.05,11263,0
2026-03-12T09:15:00+05:30,127.0,127.33,124.45,125.65,5112,0
2026-03-12T09:30:00+05:30,125.97,125.97,123.5,123.51,4448,0
2026-03-12T09:45:00+05:30,123.89,124.66,123.5,124.66,2765,0
2026-03-12T10:00:00+05:30,124.27,124.6,124.0,124.0,1130,0
2026-03-12T10:15:00+05:30,124.0,124.39,124.0,124.1,170,0
2026-03-12T10:30:00+05:30,124.18,125.58,124.18,124.59,2312,0
2026-03-12T10:45:00+05:30,124.59,124.84,124.5,124.55,226,0
2026-03-12T11:00:00+05:30,124.6,126.0,124.42,126.0,2450,0
2026-03-12T11:15:00+05:30,126.25,126.5,125.99,125.99,940,0
2026-03-12T11:30:00+05:30,125.99,126.02,125.21,125.42,1545,0
2026-03-12T11:45:00+05:30,126.31,126.65,125.87,126.51,2366,0
2026-03-12T12:00:00+05:30,126.28,126.28,126.0,126.0,1750,0
2026-03-12T12:15:00+05:30,126.0,126.25,125.42,126.0,901,0
2026-03-12T12:30:00+05:30,126.0,126.0,126.0,126.0,248,0
2026-03-12T12:45:00+05:30,126.0,127.0,125.67,127.0,6400,0
2026-03-12T13:00:00+05:30,127.0,127.0,126.25,126.49,702,0
2026-03-12T13:15:00+05:30,126.49,126.95,126.49,126.95,152,0
2026-03-12T13:30:00+05:30,126.95,127.4,126.95,127.39,1192,0
2026-03-12T13:45:00+05:30,127.34,129.39,127.34,127.38,10538,0
2026-03-12T14:00:00+05:30,127.9,127.9,127.01,127.01,2241,0
2026-03-12T14:15:00+05:30,127.01,127.5,127.01,127.47,513,0
2026-03-12T14:30:00+05:30,127.47,127.47,126.26,126.26,2782,0
2026-03-12T14:45:00+05:30,126.26,127.5,126.26,127.21,903,0
2026-03-12T15:00:00+05:30,126.88,127.5,126.02,126.22,3747,0
2026-03-12T15:15:00+05:30,126.22,127.5,126.22,126.51,2599,0
2026-03-13T09:15:00+05:30,126.88,128.1,125.99,127.27,5031,0
2026-03-13T09:30:00+05:30,127.27,127.78,127.0,127.56,2381,0
2026-03-13T09:45:00+05:30,127.74,127.89,126.2,126.28,8529,0
2026-03-13T10:00:00+05:30,126.28,126.28,125.07,125.07,1398,0
2026-03-13T10:15:00+05:30,125.07,127.5,125.07,126.7,9543,0
2026-03-13T10:30:00+05:30,126.7,127.2,126.59,126.59,1501,0
2026-03-13T10:45:00+05:30,126.54,126.77,126.02,126.68,1429,0
2026-03-13T11:00:00+05:30,126.75,126.75,125.61,126.39,4000,0
2026-03-13T11:15:00+05:30,126.39,126.39,125.81,126.35,1613,0
2026-03-13T11:30:00+05:30,126.35,126.35,125.56,125.67,972,0
2026-03-13T11:45:00+05:30,125.67,125.94,125.41,125.77,1847,0
2026-03-13T12:00:00+05:30,125.84,125.84,124.0,124.48,2879,0
2026-03-13T12:15:00+05:30,124.16,124.47,123.01,123.46,4511,0
2026-03-13T12:30:00+05:30,123.46,123.82,122.81,123.09,973,0
2026-03-13T12:45:00+05:30,123.47,124.13,123.27,123.83,1032,0
2026-03-13T13:00:00+05:30,123.92,124.13,123.7,123.77,357,0
2026-03-13T13:15:00+05:30,123.82,123.82,123.22,123.31,288,0
2026-03-13T13:30:00+05:30,123.31,123.31,123.0,123.0,100,0
2026-03-13T13:45:00+05:30,123.0,123.14,119.9,120.8,10860,0
2026-03-13T14:00:00+05:30,120.77,121.68,120.5,121.47,851,0
2026-03-13T14:15:00+05:30,121.63,123.45,121.21,121.84,6739,0
2026-03-13T14:30:00+05:30,121.58,122.06,121.51,121.56,2145,0
2026-03-13T14:45:00+05:30,121.75,122.29,121.61,122.27,1563,0
2026-03-13T15:00:00+05:30,122.27,123.78,122.27,123.78,758,0
2026-03-13T15:15:00+05:30,123.24,123.8,120.2,123.8,6386,0
2026-03-16T09:15:00+05:30,123.5,123.5,121.0,122.05,2073,0
2026-03-16T09:30:00+05:30,122.63,123.26,122.0,122.33,624,0
2026-03-16T09:45:00+05:30,122.5,123.18,122.5,122.77,802,0
2026-03-16T10:00:00+05:30,122.77,122.77,121.7,122.0,781,0
2026-03-16T10:15:00+05:30,122.0,122.0,120.2,120.21,1140,0
2026-03-16T10:30:00+05:30,120.21,120.21,120.02,120.18,369,0
2026-03-16T10:45:00+05:30,120.31,120.48,119.5,119.5,691,0
2026-03-16T11:00:00+05:30,119.94,119.94,119.82,119.82,43,0
2026-03-16T11:15:00+05:30,119.93,122.59,119.93,121.91,2790,0
2026-03-16T11:30:00+05:30,121.91,123.0,121.79,123.0,985,0
2026-03-16T11:45:00+05:30,122.98,123.45,122.7,123.0,6067,0
2026-03-16T12:00:00+05:30,123.4,125.8,123.4,124.48,3241,0
2026-03-16T12:15:00+05:30,124.15,124.15,121.7,121.7,3106,0
2026-03-16T12:30:00+05:30,121.61,121.96,121.5,121.89,1050,0
2026-03-16T12:45:00+05:30,121.89,122.12,121.5,121.5,1070,0
2026-03-16T13:00:00+05:30,121.5,121.53,121.5,121.5,665,0
2026-03-16T13:15:00+05:30,121.5,121.5,121.5,121.5,0,0
2026-03-16T13:30:00+05:30,121.5,121.7,121.5,121.5,340,0
2026-03-16T13:45:00+05:30,121.65,121.93,121.65,121.93,187,0
2026-03-16T14:00:00+05:30,121.93,121.93,121.5,121.5,388,0
2026-03-16T14:15:00+05:30,121.5,121.89,121.4,121.89,643,0
2026-03-16T14:30:00+05:30,121.6,121.9,121.01,121.72,949,0
2026-03-16T14:45:00+05:30,121.72,124.98,121.72,123.98,4641,0
2026-03-16T15:00:00+05:30,123.98,124.0,123.03,123.03,580,0
2026-03-16T15:15:00+05:30,122.71,125.0,120.15,120.15,5995,0
2026-03-17T09:15:00+05:30,122.0,123.54,122.0,122.51,3810,0
2026-03-17T09:30:00+05:30,123.02,123.58,122.89,123.58,944,0
2026-03-17T09:45:00+05:30,123.58,123.9,121.2,123.15,6126,0
2026-03-17T10:00:00+05:30,123.15,123.75,123.15,123.71,366,0
2026-03-17T10:15:00+05:30,123.71,123.71,123.29,123.29,388,0
2026-03-17T10:30:00+05:30,123.27,123.27,122.58,122.83,2219,0
2026-03-17T10:45:00+05:30,122.83,123.03,122.78,122.78,115,0
2026-03-17T11:00:00+05:30,122.83,122.98,122.64,122.9,53,0
2026-03-17T11:15:00+05:30,122.87,122.97,122.63,122.66,140,0
2026-03-17T11:30:00+05:30,122.66,122.66,121.82,121.82,181,0
2026-03-17T11:45:00+05:30,121.82,122.41,121.63,122.32,787,0
2026-03-17T12:00:00+05:30,122.32,122.32,122.24,122.24,81,0
2026-03-17T12:15:00+05:30,122.24,122.24,122.02,122.02,100,0
2026-03-17T12:30:00+05:30,122.02,124.78,122.01,124.02,4829,0
2026-03-17T12:45:00+05:30,124.02,126.59,123.81,123.85,7034,0
2026-03-17T13:00:00+05:30,123.85,124.3,123.61,123.61,59,0
2026-03-17T13:15:00+05:30,123.61,123.61,123.61,123.61,0,0
2026-03-17T13:30:00+05:30,123.61,126.0,123.61,125.78,1025,0
2026-03-17T13:45:00+05:30,125.78,127.0,125.78,126.16,1459,0
2026-03-17T14:00:00+05:30,126.16,126.16,125.15,125.3,377,0
2026-03-17T14:15:00+05:30,125.3,126.99,125.3,125.89,1417,0
2026-03-17T14:30:00+05:30,125.89,125.9,125.81,125.81,83,0
2026-03-17T14:45:00+05:30,125.81,126.1,125.36,126.1,743,0
2026-03-17T15:00:00+05:30,126.18,126.8,126.0,126.52,1732,0
2026-03-17T15:15:00+05:30,126.51,128.0,126.11,127.0,9194,0
2026-03-18T09:15:00+05:30,127.0,127.0,121.2,124.36,24538,0
2026-03-18T09:30:00+05:30,124.43,124.99,123.5,123.73,6923,0
2026-03-18T09:45:00+05:30,123.73,124.49,123.02,123.02,5239,0
2026-03-18T10:00:00+05:30,123.1,123.52,123.0,123.1,3011,0
2026-03-18T10:15:00+05:30,123.1,123.59,122.7,122.7,3154,0
2026-03-18T10:30:00+05:30,122.52,123.77,122.5,122.88,3846,0
2026-03-18T10:45:00+05:30,122.88,123.0,122.3,122.31,2882,0
2026-03-18T11:00:00+05:30,122.82,122.82,121.74,122.12,3850,0
2026-03-18T11:15:00+05:30,122.12,122.37,121.52,121.78,3161,0
2026-03-18T11:30:00+05:30,121.86,121.96,121.21,121.21,2342,0
2026-03-18T11:45:00+05:30,121.2,122.1,121.2,121.24,3383,0
2026-03-18T12:00:00+05:30,121.24,121.25,121.17,121.17,710,0
2026-03-18T12:15:00+05:30,121.2,121.79,121.18,121.2,2089,0
2026-03-18T12:30:00+05:30,121.2,121.47,121.0,121.2,1704,0
2026-03-18T12:45:00+05:30,121.2,121.25,121.19,121.2,3395,0
2026-03-18T13:00:00+05:30,121.2,121.9,121.2,121.85,2983,0
2026-03-18T13:15:00+05:30,121.77,123.08,121.7,123.08,2650,0
2026-03-18T13:30:00+05:30,123.11,124.75,123.1,124.75,4312,0
2026-03-18T13:45:00+05:30,124.72,124.72,123.66,124.25,730,0
2026-03-18T14:00:00+05:30,124.46,125.74,124.26,124.47,4433,0
2026-03-18T14:15:00+05:30,124.47,125.13,123.52,124.33,2107,0
2026-03-18T14:30:00+05:30,124.25,124.74,123.74,123.74,1886,0
2026-03-18T14:45:00+05:30,124.37,124.49,123.75,123.75,431,0
2026-03-18T15:00:00+05:30,123.75,124.69,123.5,123.7,2476,0
2026-03-18T15:15:00+05:30,123.15,123.16,121.78,122.78,7026,0
2026-03-19T09:15:00+05:30,121.99,121.99,120.0,120.5,3715,0
2026-03-19T09:30:00+05:30,121.35,121.58,120.35,121.13,1017,0
2026-03-19T09:45:00+05:30,121.13,121.24,120.41,120.89,787,0
2026-03-19T10:00:00+05:30,120.89,120.93,120.11,120.84,1300,0
2026-03-19T10:15:00+05:30,120.85,121.0,120.0,120.01,2498,0
2026-03-19T10:30:00+05:30,120.01,121.0,120.01,120.54,1307,0
2026-03-19T10:45:00+05:30,120.54,120.54,120.2,120.51,142,0
2026-03-19T11:00:00+05:30,120.53,120.53,120.2,120.2,185,0
2026-03-19T11:15:00+05:30,120.2,120.42,119.95,119.95,1564,0
2026-03-19T11:30:00+05:30,119.95,119.95,119.95,119.95,0,0
2026-03-19T11:45:00+05:30,119.95,120.29,119.95,119.95,276,0
2026-03-19T12:00:00+05:30,119.95,119.95,119.95,119.95,0,0
2026-03-19T12:15:00+05:30,119.95,120.11,119.95,120.0,5103,0
2026-03-19T12:30:00+05:30,120.0,120.0,118.9,119.36,1130,0
2026-03-19T12:45:00+05:30,119.36,119.42,119.2,119.2,38,0
2026-03-19T13:00:00+05:30,119.2,119.5,119.2,119.5,159,0
2026-03-19T13:15:00+05:30,119.5,119.5,119.2,119.31,111,0
2026-03-19T13:30:00+05:30,119.31,119.98,119.18,119.18,1531,0
2026-03-19T13:45:00+05:30,119.18,119.27,119.18,119.27,25,0
2026-03-19T14:00:00+05:30,119.27,119.5,118.7,118.7,704,0
2026-03-19T14:15:00+05:30,118.7,118.79,118.7,118.79,1,0
2026-03-19T14:30:00+05:30,118.79,118.79,118.17,118.2,678,0
2026-03-19T14:45:00+05:30,118.2,118.4,117.11,118.25,1581,0
2026-03-19T15:00:00+05:30,118.25,118.25,117.11,117.32,909,0
2026-03-19T15:15:00+05:30,117.2,118.0,116.0,116.2,5864,0
2026-03-20T09:15:00+05:30,120.0,120.0,118.0,119.98,1827,0
2026-03-20T09:30:00+05:30,119.98,119.98,117.3,118.64,4724,0
2026-03-20T09:45:00+05:30,118.2,118.9,118.2,118.75,636,0
2026-03-20T10:00:00+05:30,118.85,122.95,118.85,119.42,37286,0
2026-03-20T10:15:00+05:30,119.94,120.9,119.5,119.5,2643,0
2026-03-20T10:30:00+05:30,119.71,120.04,119.44,120.04,449,0
2026-03-20T10:45:00+05:30,120.04,120.99,120.04,120.5,422,0
2026-03-20T11:00:00+05:30,120.5,120.85,120.3,120.3,609,0
2026-03-20T11:15:00+05:30,120.32,120.32,120.1,120.31,180,0
2026-03-20T11:30:00+05:30,120.31,120.53,119.0,119.49,5523,0
2026-03-20T11:45:00+05:30,119.79,119.99,119.66,119.66,456,0
2026-03-20T12:00:00+05:30,119.95,119.95,119.53,119.59,158,0
2026-03-20T12:15:00+05:30,119.59,119.69,118.75,119.15,900,0
2026-03-20T12:30:00+05:30,119.09,119.21,118.48,119.21,1137,0
2026-03-20T12:45:00+05:30,119.21,119.69,118.71,119.3,5116,0
2026-03-20T13:00:00+05:30,119.3,119.3,119.06,119.22,100,0
2026-03-20T13:15:00+05:30,119.22,119.78,119.22,119.78,323,0
2026-03-20T13:30:00+05:30,119.78,120.57,119.78,120.0,814,0
2026-03-20T13:45:00+05:30,120.0,120.04,119.85,119.85,167,0
2026-03-20T14:00:00+05:30,119.85,119.85,119.31,119.5,190,0
2026-03-20T14:15:00+05:30,119.38,119.41,119.01,119.01,471,0
2026-03-20T14:30:00+05:30,119.01,119.5,119.0,119.5,392,0
2026-03-20T14:45:00+05:30,119.1,119.78,118.51,119.78,725,0
2026-03-20T15:00:00+05:30,119.59,119.96,118.5,119.57,2414,0
2026-03-20T15:15:00+05:30,118.83,119.46,117.0,117.7,6397,0
2026-03-23T09:15:00+05:30,118.11,119.37,113.11,113.29,22451,0
2026-03-23T09:30:00+05:30,113.2,113.68,112.75,113.26,3643,0
2026-03-23T09:45:00+05:30,113.02,115.46,112.75,113.68,24017,0
2026-03-23T10:00:00+05:30,113.51,117.84,113.3,116.41,18376,0
2026-03-23T10:15:00+05:30,116.81,116.81,114.1,114.3,5312,0
2026-03-23T10:30:00+05:30,114.25,114.58,114.1,114.1,3574,0
2026-03-23T10:45:00+05:30,114.25,114.25,114.1,114.11,2903,0
2026-03-23T11:00:00+05:30,114.11,114.18,113.5,113.51,3423,0
2026-03-23T11:15:00+05:30,113.51,113.93,113.5,113.51,3189,0
2026-03-23T11:30:00+05:30,113.5,113.55,113.3,113.3,1859,0
2026-03-23T11:45:00+05:30,113.3,113.36,113.3,113.3,881,0
2026-03-23T12:00:00+05:30,113.3,113.3,113.26,113.3,221,0
2026-03-23T12:15:00+05:30,113.3,113.3,113.21,113.21,112,0
2026-03-23T12:30:00+05:30,113.3,113.3,113.3,113.3,573,0
2026-03-23T12:45:00+05:30,113.3,113.3,113.3,113.3,245,0
2026-03-23T13:00:00+05:30,113.3,113.3,113.2,113.3,329,0
2026-03-23T13:15:00+05:30,113.3,113.31,113.2,113.3,578,0
2026-03-23T13:30:00+05:30,113.3,113.3,113.2,113.3,603,0
2026-03-23T13:45:00+05:30,113.3,114.99,113.0,113.3,6101,0
2026-03-23T14:00:00+05:30,113.3,114.18,113.3,113.3,4544,0
2026-03-23T14:15:00+05:30,113.3,113.34,113.29,113.3,874,0
2026-03-23T14:30:00+05:30,113.3,113.31,113.07,113.3,843,0
2026-03-23T14:45:00+05:30,113.3,113.63,112.85,112.85,3679,0
2026-03-23T15:00:00+05:30,112.85,113.85,111.6,111.6,14038,0
2026-03-23T15:15:00+05:30,112.4,116.35,112.0,116.35,10894,0
2026-03-24T09:15:00+05:30,114.3,116.36,114.3,116.05,6268,0
2026-03-24T09:30:00+05:30,116.05,116.89,114.52,114.8,15000,0
2026-03-24T09:45:00+05:30,114.87,114.87,113.36,114.0,3922,0
2026-03-24T10:00:00+05:30,113.98,114.0,113.21,113.59,740,0
2026-03-24T10:15:00+05:30,113.59,113.7,112.5,112.58,1864,0
2026-03-24T10:30:00+05:30,112.58,113.82,111.2,111.62,12141,0
2026-03-24T10:45:00+05:30,111.7,112.71,111.27,112.09,1168,0
2026-03-24T11:00:00+05:30,112.07,112.34,111.1,111.86,3894,0
2026-03-24T11:15:00+05:30,111.82,112.32,111.73,112.0,1243,0
2026-03-24T11:30:00+05:30,112.0,112.22,111.78,112.01,551,0
2026-03-24T11:45:00+05:30,112.01,112.19,111.1,111.1,3089,0
2026-03-24T12:00:00+05:30,111.1,111.95,110.0,110.02,16345,0
2026-03-24T12:15:00+05:30,110.02,110.95,109.0,110.95,11970,0
2026-03-24T12:30:00+05:30,110.3,111.61,109.52,110.0,13367,0
2026-03-24T12:45:00+05:30,110.0,111.45,109.25,110.0,29281,0
2026-03-24T13:00:00+05:30,110.33,111.75,110.33,111.75,3764,0
2026-03-24T13:15:00+05:30,111.7,111.98,111.13,111.95,1178,0
2026-03-24T13:30:00+05:30,112.24,112.9,111.96,112.3,2859,0
2026-03-24T13:45:00+05:30,112.3,112.3,111.49,112.0,2077,0
2026-03-24T14:00:00+05:30,112.0,112.28,111.74,112.23,1128,0
2026-03-24T14:15:00+05:30,112.23,112.48,111.95,111.97,1641,0
2026-03-24T14:30:00+05:30,111.97,112.23,111.93,112.0,250,0
2026-03-24T14:45:00+05:30,112.18,112.5,112.0,112.11,3498,0
2026-03-24T15:00:00+05:30,112.12,112.35,112.0,112.05,3322,0
2026-03-24T15:15:00+05:30,112.06,112.24,112.0,112.0,5320,0
2026-03-25T09:15:00+05:30,112.55,113.6,111.35,111.92,9895,0
2026-03-25T09:30:00+05:30,111.86,112.14,111.02,111.07,10516,0
2026-03-25T09:45:00+05:30,111.05,113.2,111.05,112.5,13783,0
2026-03-25T10:00:00+05:30,112.5,115.28,112.5,115.09,30592,0
2026-03-25T10:15:00+05:30,115.09,115.11,113.11,113.14,5090,0
2026-03-25T10:30:00+05:30,113.14,113.57,112.2,113.07,6099,0
2026-03-25T10:45:00+05:30,113.02,113.41,112.25,112.27,6026,0
2026-03-25T11:00:00+05:30,112.25,113.23,112.2,112.21,5064,0
2026-03-25T11:15:00+05:30,112.21,112.68,112.01,112.01,5337,0
2026-03-25T11:30:00+05:30,112.04,112.98,111.21,111.56,12064,0
2026-03-25T11:45:00+05:30,111.56,112.09,111.24,111.61,6450,0
2026-03-25T12:00:00+05:30,111.32,111.99,111.31,111.77,7089,0
2026-03-25T12:15:00+05:30,111.34,111.94,111.31,111.32,7679,0
2026-03-25T12:30:00+05:30,111.33,111.86,111.2,111.27,8197,0
2026-03-25T12:45:00+05:30,111.27,111.65,111.0,111.0,7600,0
2026-03-25T13:00:00+05:30,111.0,112.56,111.0,112.46,6200,0
2026-03-25T13:15:00+05:30,112.46,113.59,112.16,112.73,6283,0
2026-03-25T13:30:00+05:30,112.76,112.77,112.22,112.36,2179,0
2026-03-25T13:45:00+05:30,112.36,112.96,112.36,112.96,938,0
2026-03-25T14:00:00+05:30,113.38,113.5,113.0,113.1,790,0
2026-03-25T14:15:00+05:30,113.1,113.28,113.1,113.23,216,0
2026-03-25T14:30:00+05:30,113.1,113.48,112.87,113.0,1014,0
2026-03-25T14:45:00+05:30,113.0,113.29,112.82,113.25,1228,0
2026-03-25T15:00:00+05:30,113.25,113.25,111.1,112.02,6293,0
2026-03-25T15:15:00+05:30,112.21,112.49,111.2,111.39,13033,0
2026-03-27T09:15:00+05:30,112.7,112.7,110.26,111.29,2143,0
2026-03-27T09:30:00+05:30,111.68,111.69,110.82,111.01,2872,0
2026-03-27T09:45:00+05:30,111.0,111.36,110.5,111.36,3299,0
2026-03-27T10:00:00+05:30,111.09,111.19,110.5,111.19,1475,0
2026-03-27T10:15:00+05:30,110.66,111.18,110.57,110.88,341,0
2026-03-27T10:30:00+05:30,110.88,110.99,110.57,110.99,159,0
2026-03-27T10:45:00+05:30,110.99,110.99,110.03,110.03,13587,0
2026-03-27T11:00:00+05:30,110.03,110.71,110.0,110.0,4409,0
2026-03-27T11:15:00+05:30,110.68,110.99,110.28,110.67,1019,0
2026-03-27T11:30:00+05:30,110.67,110.79,110.47,110.47,238,0
2026-03-27T11:45:00+05:30,110.47,112.08,109.76,110.44,15357,0
2026-03-27T12:00:00+05:30,110.44,110.74,110.25,110.68,3741,0
2026-03-27T12:15:00+05:30,110.68,112.02,109.0,110.64,13756,0
2026-03-27T12:30:00+05:30,110.41,110.74,109.54,109.64,2420,0
2026-03-27T12:45:00+05:30,109.65,109.96,108.2,108.94,18507,0
2026-03-27T13:00:00+05:30,108.94,109.33,108.94,109.33,355,0
2026-03-27T13:15:00+05:30,109.33,110.04,109.29,109.83,1050,0
2026-03-27T13:30:00+05:30,109.83,110.22,109.83,109.86,306,0
2026-03-27T13:45:00+05:30,109.92,109.94,109.75,109.81,151,0
2026-03-27T14:00:00+05:30,109.81,109.88,108.92,109.86,5911,0
2026-03-27T14:15:00+05:30,109.65,109.8,109.08,109.08,3422,0
2026-03-27T14:30:00+05:30,109.08,109.13,108.76,109.0,4016,0
2026-03-27T14:45:00+05:30,109.0,109.38,109.0,109.05,1279,0
2026-03-27T15:00:00+05:30,109.05,109.58,109.05,109.41,5619,0
2026-03-27T15:15:00+05:30,109.41,109.41,109.2,109.3,8697,0
2026-03-30T09:15:00+05:30,107.25,109.99,107.25,108.24,1707,0
2026-03-30T09:30:00+05:30,108.33,110.0,108.33,109.21,4752,0
2026-03-30T09:45:00+05:30,109.07,109.07,107.57,107.7,6488,0
2026-03-30T10:00:00+05:30,107.5,107.61,106.0,106.45,6199,0
2026-03-30T10:15:00+05:30,106.42,106.47,105.4,105.91,3943,0
2026-03-30T10:30:00+05:30,105.91,105.92,105.58,105.86,627,0
2026-03-30T10:45:00+05:30,105.58,105.88,105.16,105.36,1675,0
2026-03-30T11:00:00+05:30,105.61,105.61,105.1,105.53,1335,0
2026-03-30T11:15:00+05:30,105.53,105.53,105.16,105.36,68,0
2026-03-30T11:30:00+05:30,105.35,105.53,105.12,105.32,776,0
2026-03-30T11:45:00+05:30,105.32,105.39,105.01,105.23,3844,0
2026-03-30T12:00:00+05:30,105.23,105.4,105.23,105.37,370,0
2026-03-30T12:15:00+05:30,105.36,105.4,104.9,105.14,2007,0
2026-03-30T12:30:00+05:30,105.14,105.29,103.52,103.52,5225,0
2026-03-30T12:45:00+05:30,103.91,103.91,102.4,103.44,11668,0
2026-03-30T13:00:00+05:30,103.66,104.21,103.2,103.86,1498,0
2026-03-30T13:15:00+05:30,103.87,106.54,103.2,106.54,17669,0
2026-03-30T13:30:00+05:30,106.09,106.59,104.75,105.48,4516,0
2026-03-30T13:45:00+05:30,105.07,105.99,103.25,104.2,15882,0
2026-03-30T14:00:00+05:30,104.19,104.42,103.91,104.03,471,0
2026-03-30T14:15:00+05:30,104.19,104.19,103.2,103.2,9696,0
2026-03-30T14:30:00+05:30,103.58,103.58,102.0,102.0,6303,0
2026-03-30T14:45:00+05:30,102.1,103.6,101.8,103.18,10042,0
2026-03-30T15:00:00+05:30,103.18,103.33,102.46,103.17,1903,0
2026-03-30T15:15:00+05:30,103.49,103.49,102.0,102.0,3998,0
2026-04-01T09:15:00+05:30,103.5,109.39,103.5,108.26,6898,0
2026-04-01T09:30:00+05:30,108.26,108.26,106.04,107.17,3810,0
2026-04-01T09:45:00+05:30,106.99,108.16,106.99,107.99,1546,0
2026-04-01T10:00:00+05:30,107.73,107.75,107.69,107.69,201,0
2026-04-01T10:15:00+05:30,107.69,107.69,107.01,107.01,987,0
2026-04-01T10:30:00+05:30,107.02,107.34,107.0,107.34,343,0
2026-04-01T10:45:00+05:30,107.34,107.55,107.05,107.05,1187,0
2026-04-01T11:00:00+05:30,107.05,107.05,107.05,107.05,0,0
2026-04-01T11:15:00+05:30,107.05,107.78,107.05,107.57,384,0
2026-04-01T11:30:00+05:30,107.57,107.86,107.57,107.81,71,0
2026-04-01T11:45:00+05:30,107.92,107.92,107.87,107.91,400,0
2026-04-01T12:00:00+05:30,107.91,108.26,107.71,107.89,3427,0
2026-04-01T12:15:00+05:30,107.89,108.19,107.8,107.89,2474,0
2026-04-01T12:30:00+05:30,108.1,108.1,107.56,107.59,514,0
2026-04-01T12:45:00+05:30,107.59,107.59,107.59,107.59,0,0
2026-04-01T13:00:00+05:30,107.59,107.9,107.59,107.68,37,0
2026-04-01T13:15:00+05:30,107.68,107.99,107.55,107.99,316,0
2026-04-01T13:30:00+05:30,107.66,107.78,107.01,107.78,2702,0
2026-04-01T13:45:00+05:30,107.78,107.78,107.78,107.78,0,0
2026-04-01T14:00:00+05:30,107.78,107.78,107.56,107.56,4,0
2026-04-01T14:15:00+05:30,107.56,107.56,107.0,107.0,658,0
2026-04-01T14:30:00+05:30,107.0,107.31,107.0,107.2,219,0
2026-04-01T14:45:00+05:30,107.2,107.99,107.01,107.43,876,0
2026-04-01T15:00:00+05:30,107.43,108.15,107.21,107.91,1228,0
2026-04-01T15:15:00+05:30,107.93,108.11,107.06,108.1,2909,0
2026-04-02T09:15:00+05:30,106.0,106.02,105.31,105.61,613,0
2026-04-02T09:30:00+05:30,105.97,106.11,105.79,106.11,396,0
2026-04-02T09:45:00+05:30,106.11,106.13,106.01,106.04,115,0
2026-04-02T10:00:00+05:30,106.0,106.0,105.3,105.3,580,0
2026-04-02T10:15:00+05:30,105.3,105.35,105.3,105.35,83,0
2026-04-02T10:30:00+05:30,105.35,105.43,105.19,105.19,102,0
2026-04-02T10:45:00+05:30,105.58,105.58,105.58,105.58,100,0
2026-04-02T11:00:00+05:30,105.58,105.58,105.54,105.54,65,0
2026-04-02T11:15:00+05:30,105.54,105.81,105.54,105.79,144,0
2026-04-02T11:30:00+05:30,105.79,105.96,105.79,105.93,27,0
2026-04-02T11:45:00+05:30,105.93,106.34,105.93,106.34,3,0
2026-04-02T12:00:00+05:30,106.34,106.34,106.2,106.2,2,0
2026-04-02T12:15:00+05:30,106.16,107.4,106.16,107.4,1463,0
2026-04-02T12:30:00+05:30,107.4,107.4,107.0,107.0,145,0
2026-04-02T12:45:00+05:30,107.0,107.0,107.0,107.0,0,0
2026-04-02T13:00:00+05:30,107.0,107.98,107.0,107.68,258,0
2026-04-02T13:15:00+05:30,107.68,107.75,107.21,107.61,367,0
2026-04-02T13:30:00+05:30,107.61,108.5,107.61,108.5,1917,0
2026-04-02T13:45:00+05:30,108.5,108.5,108.01,108.21,326,0
2026-04-02T14:00:00+05:30,108.21,108.35,108.21,108.35,50,0
2026-04-02T14:15:00+05:30,108.35,108.38,108.35,108.38,1,0
2026-04-02T14:30:00+05:30,108.38,108.5,107.56,108.05,2213,0
2026-04-02T14:45:00+05:30,108.05,108.38,108.0,108.0,553,0
2026-04-02T15:00:00+05:30,108.0,108.5,108.0,108.49,862,0
2026-04-02T15:15:00+05:30,108.49,109.4,108.49,109.0,2082,0
2026-04-06T09:15:00+05:30,106.65,111.0,106.65,108.6,6200,0
2026-04-06T09:30:00+05:30,108.63,109.45,108.48,109.45,1110,0
2026-04-06T09:45:00+05:30,109.15,109.17,108.62,108.98,205,0
2026-04-06T10:00:00+05:30,108.98,108.98,108.63,108.97,101,0
2026-04-06T10:15:00+05:30,108.97,108.97,108.8,108.97,103,0
2026-04-06T10:30:00+05:30,108.97,109.3,108.49,108.49,1101,0
2026-04-06T10:45:00+05:30,108.49,110.79,108.49,109.69,2879,0
2026-04-06T11:00:00+05:30,109.69,109.69,109.69,109.69,0,0
2026-04-06T11:15:00+05:30,109.69,109.69,109.19,109.39,381,0
2026-04-06T11:30:00+05:30,109.39,110.0,109.39,110.0,365,0
2026-04-06T11:45:00+05:30,109.84,109.84,109.47,109.54,1162,0
2026-04-06T12:00:00+05:30,109.54,109.54,109.54,109.54,0,0
2026-04-06T12:15:00+05:30,109.54,109.55,109.54,109.54,73,0
2026-04-06T12:30:00+05:30,109.66,109.71,109.41,109.41,456,0
2026-04-06T12:45:00+05:30,109.41,109.79,109.41,109.79,1,0
2026-04-06T13:00:00+05:30,109.79,109.79,109.32,109.32,124,0
2026-04-06T13:15:00+05:30,109.32,109.32,109.32,109.32,0,0
2026-04-06T13:30:00+05:30,109.32,109.46,109.32,109.46,21,0
2026-04-06T13:45:00+05:30,109.46,109.47,109.46,109.47,33,0
2026-04-06T14:00:00+05:30,109.77,110.99,109.77,110.54,2565,0
2026-04-06T14:15:00+05:30,110.54,110.75,110.37,110.75,945,0
2026-04-06T14:30:00+05:30,110.75,110.75,109.55,109.63,652,0
2026-04-06T14:45:00+05:30,109.63,109.63,109.41,109.42,33,0
2026-04-06T15:00:00+05:30,109.83,110.75,109.8,110.35,2844,0
2026-04-06T15:15:00+05:30,110.35,110.7,110.08,110.7,2167,0
2026-04-07T09:15:00+05:30,110.99,111.0,109.92,110.35,3393,0
2026-04-07T09:30:00+05:30,110.35,110.36,109.71,109.89,1090,0
2026-04-07T09:45:00+05:30,109.89,109.89,109.0,109.76,2346,0
2026-04-07T10:00:00+05:30,109.76,110.0,109.76,109.98,118,0
2026-04-07T10:15:00+05:30,109.98,110.7,109.98,110.7,3690,0
2026-04-07T10:30:00+05:30,110.7,111.08,110.67,110.94,263,0
2026-04-07T10:45:00+05:30,110.94,111.04,110.55,110.55,40,0
2026-04-07T11:00:00+05:30,110.55,110.94,110.46,110.64,286,0
2026-04-07T11:15:00+05:30,110.64,111.29,110.64,110.7,550,0
2026-04-07T11:30:00+05:30,110.7,110.7,110.7,110.7,0,0
2026-04-07T11:45:00+05:30,110.7,110.7,110.7,110.7,7,0
2026-04-07T12:00:00+05:30,110.7,110.7,110.7,110.7,0,0
2026-04-07T12:15:00+05:30,110.6,110.6,110.6,110.6,1,0
2026-04-07T12:30:00+05:30,110.6,110.6,110.6,110.6,0,0
2026-04-07T12:45:00+05:30,110.21,110.21,109.61,109.61,1185,0
2026-04-07T13:00:00+05:30,109.61,109.9,109.5,109.9,521,0
2026-04-07T13:15:00+05:30,109.9,109.9,109.51,109.51,2,0
2026-04-07T13:30:00+05:30,109.51,109.89,109.51,109.89,172,0
2026-04-07T13:45:00+05:30,109.89,110.5,109.8,110.5,4090,0
2026-04-07T14:00:00+05:30,110.5,110.7,110.48,110.7,600,0
2026-04-07T14:15:00+05:30,110.69,110.69,110.5,110.5,115,0
2026-04-07T14:30:00+05:30,110.5,111.2,110.5,110.92,1467,0
2026-04-07T14:45:00+05:30,110.52,110.56,110.13,110.13,439,0
2026-04-07T15:00:00+05:30,110.13,110.78,110.13,110.5,387,0
2026-04-07T15:15:00+05:30,110.5,110.57,109.6,109.6,1750,0
2026-04-08T09:15:00+05:30,113.5,115.0,112.67,113.19,8578,0
2026-04-08T09:30:00+05:30,113.27,115.0,112.2,115.0,7175,0
2026-04-08T09:45:00+05:30,115.0,115.48,113.48,114.21,2963,0
2026-04-08T10:00:00+05:30,114.35,114.77,113.6,114.7,2993,0
2026-04-08T10:15:00+05:30,114.7,114.7,113.48,113.68,4309,0
2026-04-08T10:30:00+05:30,113.72,114.0,112.92,113.04,1768,0
2026-04-08T10:45:00+05:30,113.08,114.28,113.08,114.13,1038,0
2026-04-08T11:00:00+05:30,114.1,114.13,113.25,113.26,3102,0
2026-04-08T11:15:00+05:30,113.26,114.11,113.26,113.55,5392,0
2026-04-08T11:30:00+05:30,113.58,114.28,113.26,113.26,1436,0
2026-04-08T11:45:00+05:30,113.26,114.03,113.1,113.14,3899,0
2026-04-08T12:00:00+05:30,113.11,113.27,113.11,113.27,779,0
2026-04-08T12:15:00+05:30,113.24,113.6,113.24,113.24,779,0
2026-04-08T12:30:00+05:30,113.24,113.9,113.11,113.25,904,0
2026-04-08T12:45:00+05:30,113.25,113.8,113.11,113.2,929,0
2026-04-08T13:00:00+05:30,113.2,113.71,113.11,113.11,814,0
2026-04-08T13:15:00+05:30,113.11,113.12,113.05,113.05,782,0
2026-04-08T13:30:00+05:30,113.05,113.7,112.56,113.11,1296,0
2026-04-08T13:45:00+05:30,113.11,113.11,113.11,113.11,0,0
2026-04-08T14:00:00+05:30,113.61,113.65,113.17,113.17,4229,0
2026-04-08T14:15:00+05:30,113.17,113.85,113.17,113.85,688,0
2026-04-08T14:30:00+05:30,113.85,114.0,113.82,114.0,368,0
2026-04-08T14:45:00+05:30,114.1,114.6,114.1,114.13,688,0
2026-04-08T15:00:00+05:30,114.13,114.15,112.55,113.1,4978,0
2026-04-08T15:15:00+05:30,113.1,114.59,113.1,114.1,4689,0
2026-04-09T09:15:00+05:30,114.6,115.9,114.49,115.82,5038,0
2026-04-09T09:30:00+05:30,115.88,115.88,114.38,114.38,1702,0
2026-04-09T09:45:00+05:30,114.38,114.61,114.0,114.0,1120,0
2026-04-09T10:00:00+05:30,114.0,114.19,113.85,114.19,308,0
2026-04-09T10:15:00+05:30,114.35,114.46,114.14,114.14,211,0
2026-04-09T10:30:00+05:30,114.14,114.93,114.14,114.93,912,0
2026-04-09T10:45:00+05:30,114.5,114.95,114.36,114.54,470,0
2026-04-09T11:00:00+05:30,114.73,115.0,114.51,114.58,809,0
2026-04-09T11:15:00+05:30,114.98,114.98,114.69,114.84,72,0
2026-04-09T11:30:00+05:30,114.84,115.3,114.84,115.3,235,0
2026-04-09T11:45:00+05:30,115.3,115.5,115.1,115.5,941,0
2026-04-09T12:00:00+05:30,115.6,116.0,115.5,115.66,2913,0
2026-04-09T12:15:00+05:30,115.66,116.0,115.6,115.65,999,0
2026-04-09T12:30:00+05:30,115.65,115.97,115.65,115.66,443,0
2026-04-09T12:45:00+05:30,115.66,115.66,115.45,115.45,5,0
2026-04-09T13:00:00+05:30,115.45,115.45,115.0,115.02,906,0
2026-04-09T13:15:00+05:30,115.02,115.02,114.5,114.5,110,0
2026-04-09T13:30:00+05:30,114.5,114.52,114.41,114.41,584,0
2026-04-09T13:45:00+05:30,114.01,114.18,113.81,114.03,564,0
2026-04-09T14:00:00+05:30,114.28,114.37,114.08,114.23,57,0
2026-04-09T14:15:00+05:30,114.23,114.23,114.2,114.2,100,0
2026-04-09T14:30:00+05:30,114.2,114.2,113.1,114.0,2608,0
2026-04-09T14:45:00+05:30,114.0,114.08,113.11,113.7,1254,0
2026-04-09T15:00:00+05:30,113.7,114.31,113.7,114.31,238,0
2026-04-09T15:15:00+05:30,114.08,114.4,113.83,114.4,1667,0
2026-04-10T09:15:00+05:30,115.79,115.79,114.58,115.5,283,0
2026-04-10T09:30:00+05:30,115.27,115.34,115.1,115.1,250,0
2026-04-10T09:45:00+05:30,115.35,116.0,115.35,116.0,4116,0
2026-04-10T10:00:00+05:30,116.0,116.06,115.21,115.55,858,0
2026-04-10T10:15:00+05:30,115.55,116.19,115.41,116.02,716,0
2026-04-10T10:30:00+05:30,116.02,116.95,116.0,116.95,832,0
2026-04-10T10:45:00+05:30,116.95,117.7,116.6,117.04,6864,0
2026-04-10T11:00:00+05:30,117.14,124.61,117.14,121.22,47614,0
2026-04-10T11:15:00+05:30,121.24,121.24,119.21,119.5,3809,0
2026-04-10T11:30:00+05:30,119.5,120.0,119.27,119.51,1765,0
2026-04-10T11:45:00+05:30,119.51,119.51,119.21,119.32,1015,0
2026-04-10T12:00:00+05:30,119.5,119.5,119.01,119.19,985,0
2026-04-10T12:15:00+05:30,119.19,119.53,119.19,119.53,31,0
2026-04-10T12:30:00+05:30,119.59,119.69,119.15,119.16,2849,0
2026-04-10T12:45:00+05:30,119.16,120.0,119.15,120.0,1540,0
2026-04-10T13:00:00+05:30,120.0,120.19,119.98,120.05,1002,0
2026-04-10T13:15:00+05:30,120.05,120.05,119.79,119.79,200,0
2026-04-10T13:30:00+05:30,119.79,119.79,119.02,119.22,1265,0
2026-04-10T13:45:00+05:30,119.22,119.5,119.21,119.28,238,0
2026-04-10T14:00:00+05:30,119.28,119.69,118.63,118.84,2909,0
2026-04-10T14:15:00+05:30,118.84,119.25,118.77,119.21,1381,0
2026-04-10T14:30:00+05:30,119.21,119.23,118.81,118.94,295,0
2026-04-10T14:45:00+05:30,118.94,119.15,118.94,118.98,322,0
2026-04-10T15:00:00+05:30,118.98,119.6,118.98,119.48,8754,0
2026-04-10T15:15:00+05:30,119.78,122.0,118.8,120.0,8712,0
2026-04-13T09:15:00+05:30,118.9,118.9,115.91,117.19,2266,0
2026-04-13T09:30:00+05:30,117.56,117.99,117.0,117.4,3768,0
2026-04-13T09:45:00+05:30,117.4,118.44,116.62,118.33,3685,0
2026-04-13T10:00:00+05:30,118.32,118.7,117.22,117.99,1891,0
2026-04-13T10:15:00+05:30,117.99,118.59,117.01,118.59,3968,0
2026-04-13T10:30:00+05:30,118.59,119.19,118.36,119.19,1536,0
2026-04-13T10:45:00+05:30,118.82,119.38,118.62,119.31,502,0
2026-04-13T11:00:00+05:30,119.04,119.48,118.89,118.9,782,0
2026-04-13T11:15:00+05:30,118.94,118.94,118.9,118.9,125,0
2026-04-13T11:30:00+05:30,118.9,119.02,118.4,118.59,1474,0
2026-04-13T11:45:00+05:30,118.59,118.84,118.59,118.84,164,0
2026-04-13T12:00:00+05:30,118.65,119.0,118.41,118.71,941,0
2026-04-13T12:15:00+05:30,118.71,118.79,118.71,118.72,123,0
2026-04-13T12:30:00+05:30,118.5,118.54,118.5,118.52,21,0
2026-04-13T12:45:00+05:30,118.52,119.0,118.52,119.0,632,0
2026-04-13T13:00:00+05:30,119.0,119.0,118.4,118.4,110,0
2026-04-13T13:15:00+05:30,118.4,118.4,117.43,118.38,1261,0
2026-04-13T13:30:00+05:30,118.38,118.59,118.11,118.59,344,0
2026-04-13T13:45:00+05:30,118.59,118.74,118.59,118.74,20,0
2026-04-13T14:00:00+05:30,118.96,118.96,118.73,118.73,221,0
2026-04-13T14:15:00+05:30,118.73,118.73,118.6,118.6,10,0
2026-04-13T14:30:00+05:30,118.6,118.68,118.4,118.4,77,0
2026-04-13T14:45:00+05:30,118.57,118.57,118.23,118.4,151,0
2026-04-13T15:00:00+05:30,118.4,118.49,117.64,118.28,3027,0
2026-04-13T15:15:00+05:30,117.6,118.45,117.01,117.01,3555,0
2026-04-15T09:15:00+05:30,118.0,120.9,118.0,120.19,1976,0
2026-04-15T09:30:00+05:30,120.71,125.5,120.5,121.62,20820,0
2026-04-15T09:45:00+05:30,121.62,122.5,121.62,122.46,252,0
2026-04-15T10:00:00+05:30,122.46,123.0,121.22,122.41,9104,0
2026-04-15T10:15:00+05:30,122.41,122.89,122.22,122.41,1070,0
2026-04-15T10:30:00+05:30,122.41,122.68,122.2,122.41,1299,0
2026-04-15T10:45:00+05:30,122.41,123.6,122.41,123.04,8080,0
2026-04-15T11:00:00+05:30,123.08,123.72,122.42,122.74,1661,0
2026-04-15T11:15:00+05:30,122.69,124.0,122.5,122.52,1946,0
2026-04-15T11:30:00+05:30,122.52,123.79,122.52,122.72,1573,0
2026-04-15T11:45:00+05:30,122.72,123.33,122.51,122.51,302,0
2026-04-15T12:00:00+05:30,122.51,122.57,122.2,122.29,532,0
2026-04-15T12:15:00+05:30,122.29,124.0,122.23,122.35,2293,0
2026-04-15T12:30:00+05:30,122.35,127.69,122.3,125.2,50226,0
2026-04-15T12:45:00+05:30,125.1,125.35,124.1,124.15,3685,0
2026-04-15T13:00:00+05:30,124.15,125.7,124.1,125.0,3825,0
2026-04-15T13:15:00+05:30,125.03,127.89,125.0,126.6,14519,0
2026-04-15T13:30:00+05:30,126.6,126.99,126.6,126.69,1131,0
2026-04-15T13:45:00+05:30,126.74,126.94,126.0,126.68,3149,0
2026-04-15T14:00:00+05:30,126.68,126.68,125.97,125.97,733,0
2026-04-15T14:15:00+05:30,125.97,126.46,125.0,126.46,4999,0
2026-04-15T14:30:00+05:30,126.46,127.0,125.62,127.0,2523,0
2026-04-15T14:45:00+05:30,127.0,127.0,126.55,126.63,1045,0
2026-04-15T15:00:00+05:30,126.26,128.0,126.21,126.72,10123,0
2026-04-15T15:15:00+05:30,127.56,128.5,126.74,128.5,9175,0
2026-04-16T09:15:00+05:30,129.8,129.8,125.68,128.0,3102,0
2026-04-16T09:30:00+05:30,127.8,128.1,127.0,127.16,2496,0
2026-04-16T09:45:00+05:30,127.34,127.39,126.41,127.39,3825,0
2026-04-16T10:00:00+05:30,126.85,127.17,126.01,126.1,1698,0
2026-04-16T10:15:00+05:30,126.1,126.1,126.0,126.0,646,0
2026-04-16T10:30:00+05:30,126.01,128.19,126.01,127.97,4512,0
2026-04-16T10:45:00+05:30,127.12,129.0,127.05,127.88,4498,0
2026-04-16T11:00:00+05:30,127.35,128.0,127.35,127.75,305,0
2026-04-16T11:15:00+05:30,127.75,129.0,127.75,128.0,1153,0
2026-04-16T11:30:00+05:30,128.0,128.0,126.82,127.35,1280,0
2026-04-16T11:45:00+05:30,127.35,127.35,126.16,126.41,457,0
2026-04-16T12:00:00+05:30,126.82,127.02,125.55,125.98,4913,0
2026-04-16T12:15:00+05:30,125.98,126.63,125.94,125.94,626,0
2026-04-16T12:30:00+05:30,125.94,127.18,125.62,125.62,1147,0
2026-04-16T12:45:00+05:30,125.62,126.25,125.49,125.99,276,0
2026-04-16T13:00:00+05:30,125.99,126.11,125.99,126.11,104,0
2026-04-16T13:15:00+05:30,126.11,126.11,125.85,125.85,30,0
2026-04-16T13:30:00+05:30,125.85,125.87,125.85,125.85,50,0
2026-04-16T13:45:00+05:30,125.85,126.32,125.83,125.83,440,0
2026-04-16T14:00:00+05:30,125.83,126.8,125.83,126.34,1172,0
2026-04-16T14:15:00+05:30,126.34,126.55,126.13,126.44,684,0
2026-04-16T14:30:00+05:30,126.48,127.63,126.48,127.52,4897,0
2026-04-16T14:45:00+05:30,127.52,127.52,126.84,126.84,245,0
2026-04-16T15:00:00+05:30,126.84,127.62,126.84,127.62,269,0
2026-04-16T15:15:00+05:30,127.61,128.79,127.6,128.4,3464,0
2026-04-17T09:15:00+05:30,127.94,129.59,125.38,127.6,1400,0
2026-04-17T09:30:00+05:30,127.81,127.98,125.5,127.22,2258,0
2026-04-17T09:45:00+05:30,127.29,128.14,127.24,128.0,999,0
2026-04-17T10:00:00+05:30,128.0,128.11,126.82,126.82,1015,0
2026-04-17T10:15:00+05:30,127.21,127.98,126.93,127.36,621,0
2026-04-17T10:30:00+05:30,127.35,127.78,127.21,127.4,561,0
2026-04-17T10:45:00+05:30,127.4,127.4,126.41,126.55,1315,0
2026-04-17T11:00:00+05:30,126.55,126.55,126.55,126.55,0,0
2026-04-17T11:15:00+05:30,126.74,127.37,126.56,126.56,705,0
2026-04-17T11:30:00+05:30,126.56,127.16,126.56,127.08,39,0
2026-04-17T11:45:00+05:30,126.98,127.59,126.91,127.0,3161,0
2026-04-17T12:00:00+05:30,127.0,127.0,126.55,126.55,3,0
2026-04-17T12:15:00+05:30,126.55,126.95,126.41,126.69,1872,0
2026-04-17T12:30:00+05:30,126.68,126.76,126.66,126.76,150,0
2026-04-17T12:45:00+05:30,126.71,126.72,126.43,126.43,207,0
2026-04-17T13:00:00+05:30,126.43,126.5,126.41,126.5,210,0
2026-04-17T13:15:00+05:30,126.5,126.5,126.5,126.5,75,0
2026-04-17T13:30:00+05:30,126.5,126.5,126.41,126.41,75,0
2026-04-17T13:45:00+05:30,126.41,126.65,126.41,126.65,16,0
2026-04-17T14:00:00+05:30,126.65,126.65,124.21,125.5,5874,0
2026-04-17T14:15:00+05:30,125.5,126.5,125.5,125.89,550,0
2026-04-17T14:30:00+05:30,126.15,126.39,125.66,125.66,707,0
2026-04-17T14:45:00+05:30,125.58,125.79,125.58,125.79,676,0
2026-04-17T15:00:00+05:30,125.98,126.13,125.79,126.04,1518,0
2026-04-17T15:15:00+05:30,126.01,126.49,125.17,125.5,6808,0
2026-04-20T09:15:00+05:30,124.15,127.25,124.15,126.46,4662,0
2026-04-20T09:30:00+05:30,126.13,126.13,125.07,125.16,358,0
2026-04-20T09:45:00+05:30,125.16,125.24,123.98,124.95,747,0
2026-04-20T10:00:00+05:30,124.95,125.23,124.21,124.66,546,0
2026-04-20T10:15:00+05:30,124.66,125.95,124.66,125.02,1556,0
2026-04-20T10:30:00+05:30,125.02,125.78,125.02,125.78,264,0
2026-04-20T10:45:00+05:30,125.42,125.69,125.1,125.22,612,0
2026-04-20T11:00:00+05:30,125.22,125.27,125.1,125.1,159,0
2026-04-20T11:15:00+05:30,125.61,125.78,125.61,125.78,80,0
2026-04-20T11:30:00+05:30,125.78,125.78,125.17,125.32,208,0
2026-04-20T11:45:00+05:30,125.32,125.32,125.32,125.32,5,0
2026-04-20T12:00:00+05:30,125.21,125.21,124.52,124.52,572,0
2026-04-20T12:15:00+05:30,124.52,125.12,124.52,125.12,578,0
2026-04-20T12:30:00+05:30,125.12,125.31,124.02,124.91,904,0
2026-04-20T12:45:00+05:30,124.91,124.97,124.0,124.15,3190,0
2026-04-20T13:00:00+05:30,124.15,124.71,124.15,124.63,70,0
2026-04-20T13:15:00+05:30,124.63,124.63,124.15,124.34,218,0
2026-04-20T13:30:00+05:30,124.34,124.34,124.0,124.0,109,0
2026-04-20T13:45:00+05:30,124.0,124.0,122.15,122.46,4063,0
2026-04-20T14:00:00+05:30,122.9,123.96,122.9,123.96,2090,0
2026-04-20T14:15:00+05:30,123.96,123.96,123.55,123.56,25,0
2026-04-20T14:30:00+05:30,123.56,123.6,123.56,123.6,1,0
2026-04-20T14:45:00+05:30,123.6,123.79,123.4,123.4,520,0
2026-04-20T15:00:00+05:30,123.4,125.5,123.0,124.15,6448,0
2026-04-20T15:15:00+05:30,124.15,124.15,122.15,122.63,4670,0
2026-04-21T09:15:00+05:30,126.7,126.7,124.22,125.01,4460,0
2026-04-21T09:30:00+05:30,125.44,126.0,124.42,126.0,2373,0
2026-04-21T09:45:00+05:30,126.0,126.0,124.42,125.88,2369,0
2026-04-21T10:00:00+05:30,125.88,126.11,125.76,126.0,849,0
2026-04-21T10:15:00+05:30,125.78,125.86,125.42,125.42,264,0
2026-04-21T10:30:00+05:30,125.42,125.64,124.8,124.8,660,0
2026-04-21T10:45:00+05:30,124.8,125.5,124.8,125.5,956,0
2026-04-21T11:00:00+05:30,125.5,125.5,124.51,125.39,645,0
2026-04-21T11:15:00+05:30,125.39,125.39,125.0,125.0,2023,0
2026-04-21T11:30:00+05:30,125.0,125.0,124.92,124.98,195,0
2026-04-21T11:45:00+05:30,124.98,124.98,124.65,124.65,26,0
2026-04-21T12:00:00+05:30,124.65,124.94,124.65,124.94,15,0
2026-04-21T12:15:00+05:30,124.94,125.54,124.41,125.54,3210,0
2026-04-21T12:30:00+05:30,125.5,126.6,125.5,126.0,3357,0
2026-04-21T12:45:00+05:30,126.1,126.55,125.05,125.88,2733,0
2026-04-21T13:00:00+05:30,125.88,125.92,125.51,125.55,593,0
2026-04-21T13:15:00+05:30,125.51,125.69,125.1,125.16,1953,0
2026-04-21T13:30:00+05:30,125.16,125.53,125.04,125.04,541,0
2026-04-21T13:45:00+05:30,125.04,125.69,125.04,125.68,380,0
2026-04-21T14:00:00+05:30,125.68,125.99,125.64,125.99,345,0
2026-04-21T14:15:00+05:30,125.51,125.64,125.24,125.24,550,0
2026-04-21T14:30:00+05:30,125.24,125.98,125.24,125.69,1488,0
2026-04-21T14:45:00+05:30,125.69,125.69,125.27,125.27,719,0
2026-04-21T15:00:00+05:30,125.27,125.98,125.01,125.01,3030,0
2026-04-21T15:15:00+05:30,125.12,125.97,125.02,125.8,1921,0
2026-04-22T09:15:00+05:30,126.32,128.0,125.48,126.3,4778,0
2026-04-22T09:30:00+05:30,126.17,126.48,125.43,126.17,2872,0
2026-04-22T09:45:00+05:30,126.17,126.19,125.44,125.44,94,0
2026-04-22T10:00:00+05:30,125.44,125.65,125.01,125.6,644,0
2026-04-22T10:15:00+05:30,125.6,126.12,125.35,125.35,2025,0
2026-04-22T10:30:00+05:30,125.35,125.81,125.07,125.79,236,0
2026-04-22T10:45:00+05:30,126.02,126.3,126.0,126.05,297,0
2026-04-22T11:00:00+05:30,126.05,126.05,125.81,125.81,1124,0
2026-04-22T11:15:00+05:30,125.81,125.81,125.71,125.73,555,0
2026-04-22T11:30:00+05:30,125.73,125.73,125.73,125.73,0,0
2026-04-22T11:45:00+05:30,125.73,125.73,125.73,125.73,0,0
2026-04-22T12:00:00+05:30,125.73,125.73,125.72,125.72,21,0
2026-04-22T12:15:00+05:30,125.72,126.27,125.51,126.27,1050,0
2026-04-22T12:30:00+05:30,126.27,126.27,126.27,126.27,0,0
2026-04-22T12:45:00+05:30,126.27,126.72,126.09,126.72,957,0
2026-04-22T13:00:00+05:30,126.72,126.72,126.72,126.72,0,0
2026-04-22T13:15:00+05:30,126.72,126.72,126.02,126.22,110,0
2026-04-22T13:30:00+05:30,126.22,126.22,126.0,126.0,544,0
2026-04-22T13:45:00+05:30,126.0,126.0,126.0,126.0,40,0
2026-04-22T14:00:00+05:30,126.0,126.24,125.8,126.24,480,0
2026-04-22T14:15:00+05:30,126.24,126.24,125.76,126.2,700,0
2026-04-22T14:30:00+05:30,126.2,126.2,125.7,125.77,97,0
2026-04-22T14:45:00+05:30,125.77,125.99,125.77,125.99,453,0
2026-04-22T15:00:00+05:30,125.99,125.99,125.51,125.9,2192,0
2026-04-22T15:15:00+05:30,125.72,126.73,125.51,126.52,1702,0
2026-04-23T09:15:00+05:30,125.02,125.42,125.02,125.42,83,0
2026-04-23T09:30:00+05:30,125.85,125.85,124.02,124.41,3233,0
2026-04-23T09:45:00+05:30,124.55,124.9,124.5,124.9,106,0
2026-04-23T10:00:00+05:30,124.98,125.21,124.98,125.21,361,0
2026-04-23T10:15:00+05:30,125.41,125.47,124.99,124.99,566,0
2026-04-23T10:30:00+05:30,124.99,125.01,124.54,124.56,751,0
2026-04-23T10:45:00+05:30,124.56,124.56,123.75,124.39,2547,0
2026-04-23T11:00:00+05:30,124.39,124.39,123.77,123.77,275,0
2026-04-23T11:15:00+05:30,123.77,124.0,123.77,124.0,500,0
2026-04-23T11:30:00+05:30,124.0,124.0,124.0,124.0,0,0
2026-04-23T11:45:00+05:30,124.0,124.3,123.81,124.3,201,0
2026-04-23T12:00:00+05:30,124.3,124.3,124.1,124.25,157,0
2026-04-23T12:15:00+05:30,124.25,124.25,124.0,124.0,503,0
2026-04-23T12:30:00+05:30,124.0,124.0,123.71,123.75,395,0
2026-04-23T12:45:00+05:30,123.75,123.75,123.5,123.5,81,0
2026-04-23T13:00:00+05:30,123.47,123.99,123.05,123.78,1749,0
2026-04-23T13:15:00+05:30,123.56,124.38,123.56,123.82,647,0
2026-04-23T13:30:00+05:30,123.82,123.97,123.5,123.5,628,0
2026-04-23T13:45:00+05:30,123.95,123.97,123.21,123.21,929,0
2026-04-23T14:00:00+05:30,123.21,123.88,123.2,123.3,602,0
2026-04-23T14:15:00+05:30,123.3,123.3,123.3,123.3,0,0
2026-04-23T14:30:00+05:30,123.3,123.5,122.65,123.5,1034,0
2026-04-23T14:45:00+05:30,123.5,123.5,121.9,122.0,5284,0
2026-04-23T15:00:00+05:30,122.02,122.02,120.81,121.5,5634,0
2026-04-23T15:15:00+05:30,121.7,122.48,120.05,121.38,15081,0
2026-04-24T09:15:00+05:30,124.65,124.65,121.33,121.74,698,0
2026-04-24T09:30:00+05:30,121.76,121.76,120.25,120.25,681,0
2026-04-24T09:45:00+05:30,120.25,120.3,119.01,119.42,2315,0
2026-04-24T10:00:00+05:30,119.68,120.7,119.38,120.0,4813,0
2026-04-24T10:15:00+05:30,120.0,120.39,119.41,119.87,729,0
2026-04-24T10:30:00+05:30,119.87,120.0,119.72,119.72,413,0
2026-04-24T10:45:00+05:30,119.72,119.76,119.41,119.76,93,0
2026-04-24T11:00:00+05:30,119.41,119.41,118.36,119.0,7163,0
2026-04-24T11:15:00+05:30,118.95,118.98,117.9,118.3,4680,0
2026-04-24T11:30:00+05:30,118.59,119.99,118.59,118.81,1742,0
2026-04-24T11:45:00+05:30,118.81,118.81,118.81,118.81,0,0
2026-04-24T12:00:00+05:30,118.81,119.0,118.45,119.0,748,0
2026-04-24T12:15:00+05:30,119.0,119.0,119.0,119.0,0,0
2026-04-24T12:30:00+05:30,119.0,119.5,119.0,119.02,232,0
2026-04-24T12:45:00+05:30,119.02,119.02,119.02,119.02,0,0
2026-04-24T13:00:00+05:30,119.02,119.03,118.7,118.7,1154,0
2026-04-24T13:15:00+05:30,118.4,118.69,118.15,118.69,385,0
2026-04-24T13:30:00+05:30,118.51,118.51,118.31,118.43,662,0
2026-04-24T13:45:00+05:30,118.4,118.7,117.83,118.0,1596,0
2026-04-24T14:00:00+05:30,118.0,118.0,117.86,118.0,1229,0
2026-04-24T14:15:00+05:30,118.0,118.18,117.91,118.18,375,0
2026-04-24T14:30:00+05:30,118.18,119.26,118.18,118.82,2639,0
2026-04-24T14:45:00+05:30,118.75,119.17,118.45,118.45,959,0
2026-04-24T15:00:00+05:30,118.87,119.57,118.5,119.52,465,0
2026-04-24T15:15:00+05:30,118.69,119.12,118.5,118.5,1146,0
2026-04-27T09:15:00+05:30,119.6,121.79,117.81,120.12,1604,0
2026-04-27T09:30:00+05:30,120.12,121.19,119.89,121.19,653,0
2026-04-27T09:45:00+05:30,121.19,122.18,120.98,121.17,2008,0
2026-04-27T10:00:00+05:30,120.9,121.25,120.61,120.7,493,0
2026-04-27T10:15:00+05:30,120.7,120.98,120.23,120.97,752,0
2026-04-27T10:30:00+05:30,120.98,120.98,120.45,120.93,473,0
2026-04-27T10:45:00+05:30,120.93,120.95,120.0,120.0,4390,0
2026-04-27T11:00:00+05:30,120.0,120.0,120.0,120.0,502,0
2026-04-27T11:15:00+05:30,120.0,120.87,120.0,120.87,10,0
2026-04-27T11:30:00+05:30,120.87,120.87,120.21,120.21,253,0
2026-04-27T11:45:00+05:30,120.21,120.21,120.0,120.0,1697,0
2026-04-27T12:00:00+05:30,120.0,120.0,120.0,120.0,0,0
2026-04-27T12:15:00+05:30,120.0,120.59,120.0,120.59,125,0
2026-04-27T12:30:00+05:30,120.59,120.59,120.0,120.0,85,0
2026-04-27T12:45:00+05:30,120.0,120.09,119.02,120.09,732,0
2026-04-27T13:00:00+05:30,119.72,120.62,119.72,120.62,1738,0
2026-04-27T13:15:00+05:30,120.62,120.62,120.0,120.22,183,0
2026-04-27T13:30:00+05:30,120.22,121.1,120.22,121.05,1065,0
2026-04-27T13:45:00+05:30,121.05,121.05,120.1,120.69,646,0
2026-04-27T14:00:00+05:30,120.69,120.75,120.16,120.16,192,0
2026-04-27T14:15:00+05:30,120.75,120.99,120.62,120.62,257,0
2026-04-27T14:30:00+05:30,120.62,120.62,120.41,120.41,1,0
2026-04-27T14:45:00+05:30,120.41,120.89,120.32,120.89,51,0
2026-04-27T15:00:00+05:30,120.89,121.31,120.3,121.31,843,0
2026-04-27T15:15:00+05:30,121.01,121.14,119.3,119.9,1067,0
2026-04-28T09:15:00+05:30,120.41,123.45,120.41,122.5,1391,0
2026-04-28T09:30:00+05:30,122.5,122.5,121.31,121.93,1771,0
2026-04-28T09:45:00+05:30,121.93,122.33,121.8,121.82,354,0
2026-04-28T10:00:00+05:30,121.82,122.49,121.82,122.01,378,0
2026-04-28T10:15:00+05:30,122.01,122.18,121.8,122.18,163,0
2026-04-28T10:30:00+05:30,122.18,122.34,121.61,122.34,2065,0
2026-04-28T10:45:00+05:30,122.34,122.34,122.21,122.22,254,0
2026-04-28T11:00:00+05:30,122.22,122.72,121.65,121.65,1276,0
2026-04-28T11:15:00+05:30,121.65,121.68,121.61,121.61,2433,0
2026-04-28T11:30:00+05:30,121.53,121.53,120.0,120.33,1475,0
2026-04-28T11:45:00+05:30,120.33,120.65,120.33,120.65,1,0
2026-04-28T12:00:00+05:30,120.65,121.58,120.65,120.82,501,0
2026-04-28T12:15:00+05:30,120.82,120.82,120.82,120.82,0,0
2026-04-28T12:30:00+05:30,120.82,120.82,120.82,120.82,2,0
2026-04-28T12:45:00+05:30,120.82,120.82,120.65,120.65,1,0
2026-04-28T13:00:00+05:30,120.65,120.82,120.65,120.82,57,0
2026-04-28T13:15:00+05:30,120.82,120.82,120.7,120.7,219,0
2026-04-28T13:30:00+05:30,120.7,120.74,120.7,120.74,25,0
2026-04-28T13:45:00+05:30,120.74,120.95,120.74,120.77,84,0
2026-04-28T14:00:00+05:30,120.77,120.79,120.77,120.79,71,0
2026-04-28T14:15:00+05:30,120.79,120.99,120.79,120.99,254,0
2026-04-28T14:30:00+05:30,120.99,120.99,120.69,120.92,130,0
2026-04-28T14:45:00+05:30,120.92,120.92,120.69,120.79,77,0
2026-04-28T15:00:00+05:30,120.79,121.96,120.79,121.45,811,0
2026-04-28T15:15:00+05:30,121.46,122.63,120.88,121.65,2040,0
2026-04-29T09:15:00+05:30,122.4,122.4,122.03,122.15,603,0
2026-04-29T09:30:00+05:30,122.0,122.0,121.0,121.0,547,0
2026-04-29T09:45:00+05:30,121.0,121.3,121.0,121.3,1134,0
2026-04-29T10:00:00+05:30,121.3,121.71,121.02,121.02,278,0
2026-04-29T10:15:00+05:30,121.02,121.02,121.02,121.02,4,0
2026-04-29T10:30:00+05:30,121.02,121.78,121.02,121.78,318,0
2026-04-29T10:45:00+05:30,121.78,121.78,121.57,121.57,82,0
2026-04-29T11:00:00+05:30,121.57,121.57,121.01,121.14,136,0
2026-04-29T11:15:00+05:30,121.14,121.14,121.0,121.0,260,0
2026-04-29T11:30:00+05:30,121.0,122.25,121.0,122.06,2900,0
2026-04-29T11:45:00+05:30,122.06,122.06,121.98,121.98,25,0
2026-04-29T12:00:00+05:30,121.98,121.98,121.64,121.64,184,0
2026-04-29T12:15:00+05:30,121.64,122.0,121.41,122.0,638,0
2026-04-29T12:30:00+05:30,122.0,122.0,121.35,121.44,521,0
2026-04-29T12:45:00+05:30,121.44,121.44,121.01,121.11,604,0
2026-04-29T13:00:00+05:30,121.11,121.12,121.03,121.1,504,0
2026-04-29T13:15:00+05:30,121.1,121.1,121.0,121.0,1594,0
2026-04-29T13:30:00+05:30,121.0,121.98,121.0,121.02,1150,0
2026-04-29T13:45:00+05:30,121.02,121.02,121.02,121.02,0,0
2026-04-29T14:00:00+05:30,121.41,121.42,121.0,121.0,246,0
2026-04-29T14:15:00+05:30,121.0,121.58,121.0,121.01,251,0
2026-04-29T14:30:00+05:30,121.01,121.01,121.01,121.01,20,0
2026-04-29T14:45:00+05:30,121.01,121.17,121.0,121.0,477,0
2026-04-29T15:00:00+05:30,121.1,121.98,121.1,121.98,476,0
2026-04-29T15:15:00+05:30,121.79,121.98,121.0,121.0,2499,0
2026-04-30T09:15:00+05:30,120.51,120.51,120.02,120.02,228,0
2026-04-30T09:30:00+05:30,119.73,120.33,119.73,120.17,282,0
2026-04-30T09:45:00+05:30,120.17,120.34,120.17,120.2,1050,0
2026-04-30T10:00:00+05:30,120.2,120.98,120.0,120.72,2484,0
2026-04-30T10:15:00+05:30,120.72,120.95,118.51,118.85,11038,0
2026-04-30T10:30:00+05:30,119.0,119.07,118.21,119.07,1291,0
2026-04-30T10:45:00+05:30,119.07,119.69,119.02,119.02,547,0
2026-04-30T11:00:00+05:30,119.02,119.57,119.02,119.57,135,0
2026-04-30T11:15:00+05:30,119.33,119.33,119.3,119.3,41,0
2026-04-30T11:30:00+05:30,119.3,120.25,119.3,120.25,1623,0
2026-04-30T11:45:00+05:30,120.25,120.25,120.25,120.25,0,0
2026-04-30T12:00:00+05:30,120.25,120.27,120.25,120.27,13,0
2026-04-30T12:15:00+05:30,120.3,120.67,120.27,120.59,141,0
2026-04-30T12:30:00+05:30,120.59,120.7,119.82,119.82,65,0
2026-04-30T12:45:00+05:30,119.82,120.73,119.82,120.73,20,0
2026-04-30T13:00:00+05:30,120.73,124.19,120.72,124.19,5262,0
2026-04-30T13:15:00+05:30,122.98,125.0,122.75,123.82,3959,0
2026-04-30T13:30:00+05:30,124.4,124.5,123.75,123.75,3669,0
2026-04-30T13:45:00+05:30,123.75,124.45,123.01,124.44,654,0
2026-04-30T14:00:00+05:30,124.44,126.5,123.45,125.11,11313,0
2026-04-30T14:15:00+05:30,125.6,125.6,124.89,124.89,925,0
2026-04-30T14:30:00+05:30,124.55,126.0,123.55,125.11,3708,0
2026-04-30T14:45:00+05:30,125.21,125.88,125.21,125.41,3270,0
2026-04-30T15:00:00+05:30,125.41,125.41,124.81,124.81,3093,0
2026-04-30T15:15:00+05:30,124.84,126.5,124.84,125.75,10464,0
2026-05-04T09:15:00+05:30,125.87,129.0,125.87,126.06,8555,0
2026-05-04T09:30:00+05:30,125.9,125.95,125.55,125.55,2381,0
2026-05-04T09:45:00+05:30,125.55,126.26,125.55,126.0,1521,0
2026-05-04T10:00:00+05:30,125.57,125.85,124.25,125.62,3788,0
2026-05-04T10:15:00+05:30,125.76,126.1,125.02,126.09,2489,0
2026-05-04T10:30:00+05:30,126.09,126.98,126.01,126.75,2594,0
2026-05-04T10:45:00+05:30,126.75,127.0,126.27,126.95,908,0
2026-05-04T11:00:00+05:30,126.92,126.98,125.81,126.89,2007,0
2026-05-04T11:15:00+05:30,126.89,127.38,126.22,126.9,1477,0
2026-05-04T11:30:00+05:30,126.87,127.0,126.02,126.81,1304,0
2026-05-04T11:45:00+05:30,126.81,127.0,126.64,126.8,676,0
2026-05-04T12:00:00+05:30,126.8,127.0,126.25,126.5,1170,0
2026-05-04T12:15:00+05:30,126.5,127.0,126.22,126.79,1003,0
2026-05-04T12:30:00+05:30,126.8,126.8,125.61,126.79,1667,0
2026-05-04T12:45:00+05:30,126.8,126.8,126.57,126.6,785,0
2026-05-04T13:00:00+05:30,126.65,126.8,126.21,126.64,894,0
2026-05-04T13:15:00+05:30,126.64,126.8,126.64,126.8,1677,0
2026-05-04T13:30:00+05:30,126.8,127.0,126.0,126.44,1085,0
2026-05-04T13:45:00+05:30,126.44,127.0,126.22,126.86,1797,0
2026-05-04T14:00:00+05:30,126.75,127.4,126.41,127.4,1140,0
2026-05-04T14:15:00+05:30,127.18,127.18,126.25,127.0,832,0
2026-05-04T14:30:00+05:30,126.99,127.01,126.22,127.0,2299,0
2026-05-04T14:45:00+05:30,127.0,127.0,126.29,126.86,3296,0
2026-05-04T15:00:00+05:30,126.86,126.98,126.0,126.84,1407,0
2026-05-04T15:15:00+05:30,126.84,127.4,126.1,126.25,11633,0
2026-05-05T09:15:00+05:30,126.89,126.89,125.21,126.0,1945,0
2026-05-05T09:30:00+05:30,126.36,126.65,125.6,126.0,2805,0
2026-05-05T09:45:00+05:30,126.0,126.0,125.84,125.84,4,0
2026-05-05T10:00:00+05:30,125.84,125.9,125.47,125.5,3143,0
2026-05-05T10:15:00+05:30,125.5,125.79,125.35,125.35,1645,0
2026-05-05T10:30:00+05:30,125.35,126.18,125.35,125.65,1556,0
2026-05-05T10:45:00+05:30,125.65,127.79,125.58,127.23,5927,0
2026-05-05T11:00:00+05:30,127.23,127.23,126.82,126.84,901,0
2026-05-05T11:15:00+05:30,126.84,126.85,126.7,126.7,834,0
2026-05-05T11:30:00+05:30,126.7,126.7,126.7,126.7,0,0
2026-05-05T11:45:00+05:30,126.79,127.79,125.6,125.85,4789,0
2026-05-05T12:00:00+05:30,125.85,126.21,125.85,126.21,15,0
2026-05-05T12:15:00+05:30,126.21,126.44,126.21,126.44,37,0
2026-05-05T12:30:00+05:30,126.44,126.44,126.42,126.44,19,0
2026-05-05T12:45:00+05:30,126.44,126.46,126.3,126.4,255,0
2026-05-05T13:00:00+05:30,126.4,127.38,126.0,126.66,2288,0
2026-05-05T13:15:00+05:30,126.66,127.38,126.24,126.24,643,0
2026-05-05T13:30:00+05:30,126.24,127.13,126.24,126.34,410,0
2026-05-05T13:45:00+05:30,126.34,126.34,125.95,126.0,315,0
2026-05-05T14:00:00+05:30,126.11,126.95,125.95,125.95,849,0
2026-05-05T14:15:00+05:30,125.95,126.7,125.95,126.7,105,0
2026-05-05T14:30:00+05:30,126.7,126.88,126.1,126.88,935,0
2026-05-05T14:45:00+05:30,126.88,126.9,126.39,126.9,3056,0
2026-05-05T15:00:00+05:30,126.63,126.63,125.4,126.22,5642,0
2026-05-05T15:15:00+05:30,126.22,126.22,125.65,126.0,3223,0
2026-05-06T09:15:00+05:30,125.2,127.19,125.2,126.21,1280,0
2026-05-06T09:30:00+05:30,126.23,126.98,125.0,126.97,5937,0
2026-05-06T09:45:00+05:30,126.62,127.85,125.62,126.64,4114,0
2026-05-06T10:00:00+05:30,126.64,126.64,126.12,126.28,676,0
2026-05-06T10:15:00+05:30,126.13,126.13,125.89,125.95,373,0
2026-05-06T10:30:00+05:30,125.95,126.79,125.65,126.5,5077,0
2026-05-06T10:45:00+05:30,126.5,126.51,125.02,125.49,4630,0
2026-05-06T11:00:00+05:30,125.26,126.38,125.25,126.38,589,0
2026-05-06T11:15:00+05:30,126.39,126.64,126.0,126.63,805,0
2026-05-06T11:30:00+05:30,126.63,127.5,126.62,127.5,1553,0
2026-05-06T11:45:00+05:30,127.5,127.5,127.31,127.31,37,0
2026-05-06T12:00:00+05:30,127.31,127.5,127.0,127.0,1220,0
2026-05-06T12:15:00+05:30,127.0,127.5,126.95,126.96,553,0
2026-05-06T12:30:00+05:30,126.96,127.2,126.96,127.03,48,0
2026-05-06T12:45:00+05:30,127.03,127.17,126.17,127.17,1204,0
2026-05-06T13:00:00+05:30,127.17,127.17,127.17,127.17,78,0
2026-05-06T13:15:00+05:30,127.17,127.5,127.17,127.5,283,0
2026-05-06T13:30:00+05:30,127.5,127.7,127.22,127.7,1693,0
2026-05-06T13:45:00+05:30,127.7,129.0,127.32,127.83,17025,0
2026-05-06T14:00:00+05:30,127.8,128.21,127.8,128.21,564,0
2026-05-06T14:15:00+05:30,128.21,128.21,128.16,128.21,451,0
2026-05-06T14:30:00+05:30,128.21,128.21,127.55,127.77,491,0
2026-05-06T14:45:00+05:30,127.77,127.77,127.51,127.56,1211,0
2026-05-06T15:00:00+05:30,128.1,128.79,128.0,128.34,3864,0
2026-05-06T15:15:00+05:30,128.01,129.0,128.0,128.8,2385,0
2026-05-07T09:15:00+05:30,129.4,130.9,125.15,130.9,15255,0
2026-05-07T09:30:00+05:30,130.85,133.99,130.85,132.47,14891,0
2026-05-07T09:45:00+05:30,132.04,132.58,131.75,132.12,4187,0
2026-05-07T10:00:00+05:30,132.22,132.91,132.0,132.31,4688,0
2026-05-07T10:15:00+05:30,132.21,132.64,132.15,132.2,2038,0
2026-05-07T10:30:00+05:30,132.49,132.9,132.0,132.73,5256,0
2026-05-07T10:45:00+05:30,132.69,133.0,131.26,132.74,9038,0
2026-05-07T11:00:00+05:30,132.74,132.74,131.28,131.61,261,0
2026-05-07T11:15:00+05:30,131.61,134.71,131.0,134.71,18532,0
2026-05-07T11:30:00+05:30,134.25,135.19,133.84,134.78,10470,0
2026-05-07T11:45:00+05:30,134.97,138.6,133.89,138.0,32873,0
2026-05-07T12:00:00+05:30,137.99,139.28,137.01,139.28,35291,0
2026-05-07T12:15:00+05:30,139.3,142.0,138.41,139.8,43639,0
2026-05-07T12:30:00+05:30,139.45,140.0,138.0,139.45,22673,0
2026-05-07T12:45:00+05:30,139.45,139.45,137.6,138.68,6543,0
2026-05-07T13:00:00+05:30,138.1,138.1,137.01,137.66,4800,0
2026-05-07T13:15:00+05:30,137.66,137.83,137.0,137.2,3980,0
2026-05-07T13:30:00+05:30,137.2,137.88,137.0,137.88,7310,0
2026-05-07T13:45:00+05:30,137.55,138.78,137.51,137.91,4268,0
2026-05-07T14:00:00+05:30,137.65,138.0,137.2,137.27,4715,0
2026-05-07T14:15:00+05:30,137.32,137.6,137.01,137.41,4293,0
2026-05-07T14:30:00+05:30,137.41,137.48,137.03,137.32,2189,0
2026-05-07T14:45:00+05:30,137.29,137.49,137.01,137.12,4101,0
2026-05-07T15:00:00+05:30,137.12,137.41,136.6,137.04,5420,0
2026-05-07T15:15:00+05:30,137.04,137.49,136.51,136.51,19199,0
2026-05-08T09:15:00+05:30,136.3,140.15,135.41,139.7,27830,0
2026-05-08T09:30:00+05:30,139.0,139.99,137.21,137.21,10612,0
2026-05-08T09:45:00+05:30,137.64,138.46,137.01,137.22,3147,0
2026-05-08T10:00:00+05:30,137.25,138.99,136.22,138.15,8733,0
2026-05-08T10:15:00+05:30,138.07,138.37,137.3,137.91,5817,0
2026-05-08T10:30:00+05:30,138.2,139.99,137.9,139.0,7070,0
2026-05-08T10:45:00+05:30,138.79,139.9,138.01,139.0,5827,0
2026-05-08T11:00:00+05:30,139.0,139.86,139.0,139.12,5876,0
2026-05-08T11:15:00+05:30,139.22,143.0,139.0,141.25,40607,0
2026-05-08T11:30:00+05:30,141.11,141.87,140.2,141.13,13308,0
2026-05-08T11:45:00+05:30,141.17,142.0,140.83,142.0,10288,0
2026-05-08T12:00:00+05:30,141.8,142.0,140.22,140.52,4635,0
2026-05-08T12:15:00+05:30,140.65,141.03,140.12,140.22,3108,0
2026-05-08T12:30:00+05:30,140.22,140.78,140.0,140.28,4566,0
2026-05-08T12:45:00+05:30,140.02,140.9,140.0,140.62,5051,0
2026-05-08T13:00:00+05:30,140.8,141.19,140.21,140.44,5957,0
2026-05-08T13:15:00+05:30,140.59,141.12,140.21,140.21,2732,0
2026-05-08T13:30:00+05:30,140.21,140.89,140.21,140.33,630,0
2026-05-08T13:45:00+05:30,140.33,141.01,140.33,141.0,4688,0
2026-05-08T14:00:00+05:30,141.0,142.5,141.0,142.11,10199,0
2026-05-08T14:15:00+05:30,142.13,142.9,142.0,142.19,5757,0
2026-05-08T14:30:00+05:30,142.27,142.55,141.5,141.5,2617,0
2026-05-08T14:45:00+05:30,140.98,141.82,140.97,141.5,4330,0
2026-05-08T15:00:00+05:30,141.57,142.23,141.43,141.8,6315,0
2026-05-08T15:15:00+05:30,141.54,142.0,140.06,141.93,13951,0
2026-05-11T09:15:00+05:30,141.31,143.82,139.61,142.5,24840,0
2026-05-11T09:30:00+05:30,142.0,143.25,141.21,142.0,22142,0
2026-05-11T09:45:00+05:30,141.53,141.53,141.0,141.13,3785,0
2026-05-11T10:00:00+05:30,141.5,141.5,140.61,141.0,973,0
2026-05-11T10:15:00+05:30,140.99,141.38,140.76,141.37,1818,0
2026-05-11T10:30:00+05:30,141.37,141.37,140.21,140.82,2951,0
2026-05-11T10:45:00+05:30,140.82,140.82,139.03,139.7,7223,0
2026-05-11T11:00:00+05:30,139.7,140.21,139.42,139.91,2923,0
2026-05-11T11:15:00+05:30,139.91,141.0,139.61,140.6,6480,0
2026-05-11T11:30:00+05:30,140.43,140.87,139.94,139.94,1694,0
2026-05-11T11:45:00+05:30,140.0,140.58,139.43,140.55,1476,0
2026-05-11T12:00:00+05:30,140.55,140.55,139.62,139.89,795,0
2026-05-11T12:15:00+05:30,139.88,140.73,139.83,140.69,1079,0
2026-05-11T12:30:00+05:30,140.69,140.69,139.42,139.64,5339,0
2026-05-11T12:45:00+05:30,139.63,139.7,139.25,139.25,1423,0
2026-05-11T13:00:00+05:30,139.38,140.49,139.27,139.27,9707,0
2026-05-11T13:15:00+05:30,139.27,139.27,138.6,138.6,2499,0
2026-05-11T13:30:00+05:30,138.6,138.8,138.6,138.78,1353,0
2026-05-11T13:45:00+05:30,138.78,138.78,138.1,138.28,2351,0
2026-05-11T14:00:00+05:30,138.28,139.07,138.09,139.01,6258,0
2026-05-11T14:15:00+05:30,139.07,139.44,139.01,139.44,197,0
2026-05-11T14:30:00+05:30,139.44,139.45,138.6,139.0,9781,0
2026-05-11T14:45:00+05:30,139.0,139.44,139.0,139.0,5417,0
2026-05-11T15:00:00+05:30,139.0,139.11,138.02,138.1,7337,0
2026-05-11T15:15:00+05:30,138.1,140.0,137.23,140.0,8399,0
2026-05-12T09:15:00+05:30,137.0,139.5,137.0,137.26,7221,0
2026-05-12T09:30:00+05:30,137.26,137.26,135.61,136.0,4888,0
2026-05-12T09:45:00+05:30,136.0,136.5,135.88,136.07,999,0
2026-05-12T10:00:00+05:30,136.07,136.73,136.07,136.55,1140,0
2026-05-12T10:15:00+05:30,136.55,137.01,136.3,136.56,3061,0
2026-05-12T10:30:00+05:30,136.56,137.99,136.5,136.86,3242,0
2026-05-12T10:45:00+05:30,136.86,137.37,136.85,137.37,2928,0
2026-05-12T11:00:00+05:30,137.37,140.0,137.37,138.67,11617,0
2026-05-12T11:15:00+05:30,138.67,138.7,137.68,138.3,1776,0
2026-05-12T11:30:00+05:30,138.3,139.42,138.3,138.41,2209,0
2026-05-12T11:45:00+05:30,138.41,138.77,138.08,138.75,1429,0
2026-05-12T12:00:00+05:30,138.75,138.76,137.66,137.66,3718,0
2026-05-12T12:15:00+05:30,137.49,137.8,136.61,137.03,5958,0
2026-05-12T12:30:00+05:30,137.03,137.1,136.4,136.4,2058,0
2026-05-12T12:45:00+05:30,136.4,136.51,136.2,136.21,2026,0
2026-05-12T13:00:00+05:30,136.21,136.4,136.02,136.03,1537,0
2026-05-12T13:15:00+05:30,136.03,136.38,136.0,136.38,964,0
2026-05-12T13:30:00+05:30,136.38,136.38,136.0,136.0,76,0
2026-05-12T13:45:00+05:30,136.0,136.36,136.0,136.34,246,0
2026-05-12T14:00:00+05:30,136.22,136.22,136.0,136.01,793,0
2026-05-12T14:15:00+05:30,136.01,136.02,136.01,136.01,136,0
2026-05-12T14:30:00+05:30,136.01,136.05,134.43,135.35,3705,0
2026-05-12T14:45:00+05:30,135.01,135.39,134.7,134.7,360,0
2026-05-12T15:00:00+05:30,135.34,135.34,133.0,133.96,8196,0
2026-05-12T15:15:00+05:30,133.65,143.0,133.22,141.71,19046,0
2026-05-13T09:15:00+05:30,138.3,143.28,137.41,138.23,8011,0
2026-05-13T09:30:00+05:30,138.23,138.23,135.22,136.66,6829,0
2026-05-13T09:45:00+05:30,136.93,137.78,136.0,137.78,3519,0
2026-05-13T10:00:00+05:30,137.77,141.0,137.4,141.0,17529,0
2026-05-13T10:15:00+05:30,141.0,141.1,140.01,140.56,3830,0
2026-05-13T10:30:00+05:30,140.2,141.42,140.1,141.42,3782,0
2026-05-13T10:45:00+05:30,141.42,143.0,140.62,142.0,8547,0
2026-05-13T11:00:00+05:30,141.62,143.38,141.62,142.08,10153,0
2026-05-13T11:15:00+05:30,142.07,142.5,141.41,141.51,3527,0
2026-05-13T11:30:00+05:30,141.51,142.83,141.1,142.83,20148,0
2026-05-13T11:45:00+05:30,142.87,146.7,142.5,145.78,64386,0
2026-05-13T12:00:00+05:30,145.97,147.78,145.61,146.01,46764,0
2026-05-13T12:15:00+05:30,146.37,146.69,141.0,141.77,73462,0
2026-05-13T12:30:00+05:30,141.77,141.99,141.0,141.73,11327,0
2026-05-13T12:45:00+05:30,141.51,143.33,141.23,142.8,11479,0
2026-05-13T13:00:00+05:30,143.18,144.2,142.01,143.99,22793,0
2026-05-13T13:15:00+05:30,143.9,144.12,143.0,143.0,9957,0
2026-05-13T13:30:00+05:30,142.75,144.3,142.75,143.81,4886,0
2026-05-13T13:45:00+05:30,143.81,144.0,143.31,143.69,25056,0
2026-05-13T14:00:00+05:30,143.69,144.0,143.3,143.67,4673,0
2026-05-13T14:15:00+05:30,143.5,143.9,143.3,143.32,5815,0
2026-05-13T14:30:00+05:30,143.4,143.81,141.0,142.04,13769,0
2026-05-13T14:45:00+05:30,142.06,142.34,141.21,141.7,5853,0
2026-05-13T15:00:00+05:30,141.89,142.06,141.21,141.59,6362,0
2026-05-13T15:15:00+05:30,141.58,144.0,139.6,139.6,54967,0
2026-05-14T09:15:00+05:30,141.0,142.67,139.01,140.0,10287,0
2026-05-14T09:30:00+05:30,140.0,140.0,138.06,138.06,4392,0
2026-05-14T09:45:00+05:30,138.06,139.44,137.6,137.79,5710,0
2026-05-14T10:00:00+05:30,137.79,137.79,135.65,137.06,8887,0
2026-05-14T10:15:00+05:30,137.06,137.2,136.2,136.84,3505,0
2026-05-14T10:30:00+05:30,136.84,137.49,135.84,136.45,4212,0
2026-05-14T10:45:00+05:30,136.47,137.0,136.0,136.41,3651,0
2026-05-14T11:00:00+05:30,136.41,136.46,134.5,135.18,3516,0
2026-05-14T11:15:00+05:30,135.11,136.28,135.0,136.0,2010,0
2026-05-14T11:30:00+05:30,136.0,137.76,135.5,136.43,3596,0
2026-05-14T11:45:00+05:30,136.43,137.75,136.43,137.6,1586,0
2026-05-14T12:00:00+05:30,137.6,137.6,137.13,137.6,1103,0
2026-05-14T12:15:00+05:30,137.53,137.69,137.51,137.51,111,0
2026-05-14T12:30:00+05:30,137.51,137.52,137.5,137.5,260,0
2026-05-14T12:45:00+05:30,137.5,137.6,137.5,137.5,1513,0
2026-05-14T13:00:00+05:30,137.5,137.79,137.41,137.79,881,0
2026-05-14T13:15:00+05:30,137.79,138.63,137.79,137.8,787,0
2026-05-14T13:30:00+05:30,137.67,137.8,137.5,137.8,531,0
2026-05-14T13:45:00+05:30,137.8,137.8,137.0,137.0,1459,0
2026-05-14T14:00:00+05:30,137.29,159.9,137.29,147.57,573025,0
2026-05-14T14:15:00+05:30,147.89,149.8,141.2,144.88,158156,0
2026-05-14T14:30:00+05:30,144.45,149.19,143.1,148.0,77928,0
2026-05-14T14:45:00+05:30,148.36,150.49,144.24,146.84,81135,0
2026-05-14T15:00:00+05:30,146.68,148.0,144.1,145.61,47592,0
2026-05-14T15:15:00+05:30,146.0,146.26,144.01,145.9,83104,0
2026-05-15T09:15:00+05:30,153.99,157.0,148.65,149.6,264893,0
2026-05-15T09:30:00+05:30,149.69,152.0,148.66,149.74,52976,0
2026-05-15T09:45:00+05:30,149.97,151.7,149.65,150.04,32380,0
2026-05-15T10:00:00+05:30,149.75,150.0,149.12,149.2,12208,0
2026-05-15T10:15:00+05:30,149.3,151.4,149.12,150.93,27860,0
2026-05-15T10:30:00+05:30,150.8,151.37,149.51,149.6,13175,0
2026-05-15T10:45:00+05:30,149.6,149.87,148.7,148.7,10864,0
2026-05-15T11:00:00+05:30,148.7,148.88,147.61,147.73,19635,0
2026-05-15T11:15:00+05:30,147.73,147.9,146.16,146.99,18216,0
2026-05-15T11:30:00+05:30,146.9,146.99,146.4,146.62,9383,0
2026-05-15T11:45:00+05:30,146.79,147.4,146.6,146.84,6934,0
2026-05-15T12:00:00+05:30,146.85,147.48,146.8,147.05,2070,0
2026-05-15T12:15:00+05:30,147.05,147.05,145.7,146.26,17455,0
2026-05-15T12:30:00+05:30,146.26,146.38,146.0,146.05,2965,0
2026-05-15T12:45:00+05:30,146.06,146.78,144.55,144.92,44902,0
2026-05-15T13:00:00+05:30,144.92,145.86,144.76,145.64,4506,0
2026-05-15T13:15:00+05:30,145.68,146.0,144.87,145.19,12202,0
2026-05-15T13:30:00+05:30,145.34,145.34,144.76,145.01,3537,0
2026-05-15T13:45:00+05:30,145.17,145.22,144.26,144.26,18398,0
2026-05-15T14:00:00+05:30,144.57,144.87,144.26,144.63,4596,0
2026-05-15T14:15:00+05:30,144.7,144.98,144.4,144.62,2575,0
2026-05-15T14:30:00+05:30,144.62,144.63,144.26,144.26,9095,0
2026-05-15T14:45:00+05:30,144.26,144.59,143.91,144.0,23174,0
2026-05-15T15:00:00+05:30,144.0,147.89,143.91,145.4,25721,0
2026-05-15T15:15:00+05:30,145.5,146.87,145.0,145.0,32199,0
2026-05-18T09:15:00+05:30,145.91,146.0,142.41,144.84,24254,0
2026-05-18T09:30:00+05:30,144.74,145.2,144.2,144.9,6389,0
2026-05-18T09:45:00+05:30,144.9,145.0,144.11,144.67,2291,0
2026-05-18T10:00:00+05:30,144.56,144.72,144.01,144.3,6531,0
2026-05-18T10:15:00+05:30,144.3,144.5,144.01,144.03,2090,0
2026-05-18T10:30:00+05:30,144.03,144.39,143.01,143.6,12691,0
2026-05-18T10:45:00+05:30,143.6,144.22,143.6,143.9,522,0
2026-05-18T11:00:00+05:30,143.9,143.93,143.6,143.9,910,0
2026-05-18T11:15:00+05:30,143.9,144.34,143.61,144.0,1334,0
2026-05-18T11:30:00+05:30,144.0,144.39,143.89,144.39,317,0
2026-05-18T11:45:00+05:30,144.39,144.39,144.0,144.0,638,0
2026-05-18T12:00:00+05:30,144.0,144.02,143.01,143.01,4470,0
2026-05-18T12:15:00+05:30,143.01,143.6,143.01,143.51,4300,0
2026-05-18T12:30:00+05:30,143.51,144.22,143.51,144.0,863,0
2026-05-18T12:45:00+05:30,144.01,144.18,143.61,144.18,1013,0
2026-05-18T13:00:00+05:30,144.18,144.18,143.77,144.01,493,0
2026-05-18T13:15:00+05:30,144.25,144.25,142.61,142.71,19468,0
2026-05-18T13:30:00+05:30,142.61,143.0,142.51,142.85,2530,0
2026-05-18T13:45:00+05:30,142.97,143.45,142.97,143.4,3779,0
2026-05-18T14:00:00+05:30,143.4,143.69,143.08,143.38,1438,0
2026-05-18T14:15:00+05:30,143.38,144.18,143.12,144.18,968,0
2026-05-18T14:30:00+05:30,144.18,144.18,143.78,143.78,33,0
2026-05-18T14:45:00+05:30,143.78,144.18,143.6,143.6,2251,0
2026-05-18T15:00:00+05:30,143.84,143.96,142.9,143.75,7302,0
2026-05-18T15:15:00+05:30,143.75,143.88,142.51,142.51,17972,0
2026-05-19T09:15:00+05:30,143.15,148.01,143.15,146.2,29664,0
2026-05-19T09:30:00+05:30,146.78,147.49,145.6,146.75,9500,0
2026-05-19T09:45:00+05:30,146.75,146.95,146.0,146.3,2667,0
2026-05-19T10:00:00+05:30,146.59,149.0,146.39,148.51,21482,0
2026-05-19T10:15:00+05:30,148.51,152.98,148.51,152.53,60907,0
2026-05-19T10:30:00+05:30,152.56,152.78,150.01,150.99,37407,0
2026-05-19T10:45:00+05:30,151.0,151.0,149.38,149.62,6237,0
2026-05-19T11:00:00+05:30,149.63,149.82,149.42,149.6,3617,0
2026-05-19T11:15:00+05:30,149.6,149.6,148.04,149.01,4721,0
2026-05-19T11:30:00+05:30,149.01,149.37,148.67,149.0,2706,0
2026-05-19T11:45:00+05:30,149.0,149.0,148.01,148.7,3914,0
2026-05-19T12:00:00+05:30,148.7,148.94,148.3,148.54,1584,0
2026-05-19T12:15:00+05:30,148.54,148.88,148.3,148.85,1395,0
2026-05-19T12:30:00+05:30,148.65,149.28,148.5,148.82,3187,0
2026-05-19T12:45:00+05:30,149.11,149.5,148.86,149.01,7908,0
2026-05-19T13:00:00+05:30,149.01,149.99,149.01,149.6,2657,0
2026-05-19T13:15:00+05:30,149.93,149.93,149.01,149.45,1960,0
2026-05-19T13:30:00+05:30,149.45,150.0,149.15,149.49,10109,0
2026-05-19T13:45:00+05:30,149.49,149.51,149.25,149.5,2608,0
2026-05-19T14:00:00+05:30,149.5,152.0,149.36,150.42,53715,0
2026-05-19T14:15:00+05:30,150.52,150.89,149.51,150.19,14053,0
2026-05-19T14:30:00+05:30,150.36,150.68,149.33,149.35,4080,0
2026-05-19T14:45:00+05:30,149.5,149.5,148.6,148.74,8493,0
2026-05-19T15:00:00+05:30,148.94,148.94,147.67,147.95,12935,0
2026-05-19T15:15:00+05:30,148.0,148.9,148.0,148.8,12723,0
2026-05-20T09:15:00+05:30,147.5,159.0,146.11,154.94,262064,0
2026-05-20T09:30:00+05:30,154.6,155.8,153.29,154.69,34120,0
2026-05-20T09:45:00+05:30,154.63,155.48,154.0,154.8,17314,0
2026-05-20T10:00:00+05:30,154.76,154.81,154.16,154.46,3826,0
2026-05-20T10:15:00+05:30,154.2,154.95,148.12,150.0,68161,0
2026-05-20T10:30:00+05:30,150.52,154.36,149.82,153.56,31508,0
2026-05-20T10:45:00+05:30,153.57,153.97,153.0,153.31,4625,0
2026-05-20T11:00:00+05:30,153.33,153.89,153.0,153.89,4215,0
2026-05-20T11:15:00+05:30,153.67,153.79,153.04,153.5,1523,0
2026-05-20T11:30:00+05:30,153.5,153.5,153.0,153.17,13011,0
2026-05-20T11:45:00+05:30,153.01,153.13,152.6,152.88,1972,0
2026-05-20T12:00:00+05:30,152.88,153.09,152.5,152.6,2298,0
2026-05-20T12:15:00+05:30,152.6,153.05,152.5,152.55,1105,0
2026-05-20T12:30:00+05:30,152.5,153.0,151.8,151.98,5957,0
2026-05-20T12:45:00+05:30,151.98,152.0,151.09,151.97,1835,0
2026-05-20T13:00:00+05:30,151.96,152.08,151.22,151.61,1562,0
2026-05-20T13:15:00+05:30,151.59,151.99,151.39,151.99,1584,0
2026-05-20T13:30:00+05:30,151.55,151.99,150.01,150.6,4535,0
2026-05-20T13:45:00+05:30,150.6,152.27,150.38,152.0,7378,0
2026-05-20T14:00:00+05:30,152.29,152.88,151.87,152.0,1693,0
2026-05-20T14:15:00+05:30,152.07,152.49,151.12,151.34,3359,0
2026-05-20T14:30:00+05:30,151.34,151.34,150.15,151.19,4830,0
2026-05-20T14:45:00+05:30,151.01,151.39,150.71,150.95,1330,0
2026-05-20T15:00:00+05:30,150.95,150.95,149.11,150.88,12364,0
2026-05-20T15:15:00+05:30,150.82,151.08,150.53,150.9,21928,0
2026-05-21T09:15:00+05:30,152.0,152.78,150.1,151.35,11360,0
2026-05-21T09:30:00+05:30,151.09,151.09,146.52,149.5,45562,0
2026-05-21T09:45:00+05:30,149.59,150.1,149.0,149.7,5539,0
2026-05-21T10:00:00+05:30,149.6,149.6,148.0,148.82,4957,0
2026-05-21T10:15:00+05:30,148.99,149.19,147.52,148.75,8238,0
2026-05-21T10:30:00+05:30,148.75,148.75,148.03,148.29,1894,0
2026-05-21T10:45:00+05:30,148.46,148.54,147.91,148.12,1689,0
2026-05-21T11:00:00+05:30,148.38,148.4,147.51,147.8,3006,0
2026-05-21T11:15:00+05:30,147.52,148.2,147.51,148.15,3622,0
2026-05-21T11:30:00+05:30,147.99,148.01,147.61,148.01,1477,0
2026-05-21T11:45:00+05:30,148.01,149.24,148.01,148.5,9773,0
2026-05-21T12:00:00+05:30,148.55,149.0,148.1,148.15,4818,0
2026-05-21T12:15:00+05:30,148.58,148.59,147.05,147.21,7702,0
2026-05-21T12:30:00+05:30,147.5,147.72,147.01,147.5,2514,0
2026-05-21T12:45:00+05:30,147.21,147.6,146.7,147.2,17809,0
2026-05-21T13:00:00+05:30,147.2,148.33,147.1,148.33,4184,0
2026-05-21T13:15:00+05:30,148.33,148.99,148.33,148.6,1167,0
2026-05-21T13:30:00+05:30,148.37,149.0,148.0,149.0,5388,0
2026-05-21T13:45:00+05:30,149.0,149.5,148.55,149.15,1227,0
2026-05-21T14:00:00+05:30,149.15,149.15,148.73,148.73,2,0
2026-05-21T14:15:00+05:30,148.74,149.68,148.55,148.59,2168,0
2026-05-21T14:30:00+05:30,148.59,149.18,148.59,149.06,597,0
2026-05-21T14:45:00+05:30,149.06,149.48,148.97,148.97,1731,0
2026-05-21T15:00:00+05:30,148.91,149.4,148.0,148.92,25069,0
2026-05-21T15:15:00+05:30,148.96,149.63,148.01,148.15,12413,0
2026-05-22T09:15:00+05:30,149.69,152.0,148.68,150.01,12523,0
2026-05-22T09:30:00+05:30,150.14,150.58,149.15,150.11,2244,0
2026-05-22T09:45:00+05:30,150.11,150.11,149.5,149.88,2334,0
2026-05-22T10:00:00+05:30,149.88,150.89,149.5,149.5,3084,0
2026-05-22T10:15:00+05:30,149.5,149.8,149.1,149.47,2336,0
2026-05-22T10:30:00+05:30,149.48,149.48,149.3,149.34,50,0
2026-05-22T10:45:00+05:30,149.34,149.49,149.34,149.44,57,0
2026-05-22T11:00:00+05:30,149.44,149.88,149.22,149.88,962,0
2026-05-22T11:15:00+05:30,149.63,150.0,149.5,149.5,1334,0
2026-05-22T11:30:00+05:30,149.5,149.7,149.31,149.46,139,0
2026-05-22T11:45:00+05:30,149.46,149.71,149.11,149.5,1138,0
2026-05-22T12:00:00+05:30,149.49,151.96,149.49,150.9,11941,0
2026-05-22T12:15:00+05:30,150.9,150.9,149.52,150.2,2160,0
2026-05-22T12:30:00+05:30,150.53,150.93,150.11,150.62,2301,0
2026-05-22T12:45:00+05:30,150.64,150.66,150.03,150.06,1011,0
2026-05-22T13:00:00+05:30,150.38,150.38,149.63,149.8,1526,0
2026-05-22T13:15:00+05:30,149.86,149.86,149.02,149.81,2542,0
2026-05-22T13:30:00+05:30,149.91,149.94,149.31,149.94,813,0
2026-05-22T13:45:00+05:30,149.94,150.11,149.12,149.37,964,0
2026-05-22T14:00:00+05:30,149.58,150.01,149.4,149.98,1549,0
2026-05-22T14:15:00+05:30,149.98,150.0,149.06,149.35,2262,0
2026-05-22T14:30:00+05:30,149.35,149.91,148.79,149.49,2774,0
2026-05-22T14:45:00+05:30,149.49,149.63,148.51,149.5,4698,0
2026-05-22T15:00:00+05:30,149.49,149.59,148.95,148.99,6983,0
2026-05-22T15:15:00+05:30,148.96,149.0,148.21,149.0,10493,0
2026-05-25T09:15:00+05:30,151.0,155.78,149.25,154.46,34736,0
2026-05-25T09:30:00+05:30,154.0,154.0,150.98,151.86,17048,0
2026-05-25T09:45:00+05:30,151.81,151.81,151.0,151.12,2580,0
2026-05-25T10:00:00+05:30,151.36,151.55,150.02,150.82,7516,0
2026-05-25T10:15:00+05:30,150.82,151.2,150.38,150.57,773,0
2026-05-25T10:30:00+05:30,150.59,150.66,150.32,150.63,681,0
2026-05-25T10:45:00+05:30,150.66,151.0,150.52,150.63,556,0
2026-05-25T11:00:00+05:30,150.6,151.5,150.0,150.5,6499,0
2026-05-25T11:15:00+05:30,150.55,151.0,150.01,150.01,3513,0
2026-05-25T11:30:00+05:30,150.01,150.87,150.01,150.27,1161,0
2026-05-25T11:45:00+05:30,150.27,151.68,150.13,150.17,4079,0
2026-05-25T12:00:00+05:30,150.21,150.99,150.13,150.13,2779,0
2026-05-25T12:15:00+05:30,150.13,150.71,150.13,150.71,2535,0
2026-05-25T12:30:00+05:30,150.71,150.71,150.13,150.19,1044,0
2026-05-25T12:45:00+05:30,150.43,150.43,150.13,150.15,746,0
2026-05-25T13:00:00+05:30,150.15,150.43,150.13,150.13,570,0
2026-05-25T13:15:00+05:30,150.13,150.46,150.13,150.22,2298,0
2026-05-25T13:30:00+05:30,150.22,150.45,150.13,150.45,3233,0
2026-05-25T13:45:00+05:30,150.45,150.45,150.01,150.01,2076,0
2026-05-25T14:00:00+05:30,150.37,150.37,150.02,150.02,420,0
2026-05-25T14:15:00+05:30,150.02,150.34,149.51,149.97,3180,0
2026-05-25T14:30:00+05:30,149.97,149.97,149.0,149.3,5920,0
2026-05-25T14:45:00+05:30,149.49,149.81,149.23,149.81,1092,0
2026-05-25T15:00:00+05:30,149.81,149.93,149.27,149.77,3568,0
2026-05-25T15:15:00+05:30,149.7,150.0,149.33,149.52,16889,0
2026-05-26T09:15:00+05:30,149.0,151.8,148.6,151.2,9480,0
2026-05-26T09:30:00+05:30,151.28,151.69,149.34,150.71,16390,0
2026-05-26T09:45:00+05:30,150.72,150.72,149.25,149.74,5411,0
2026-05-26T10:00:00+05:30,149.74,149.74,148.81,149.54,6757,0
2026-05-26T10:15:00+05:30,149.54,149.74,149.13,149.74,1067,0
2026-05-26T10:30:00+05:30,149.74,150.28,149.59,149.99,3810,0
2026-05-26T10:45:00+05:30,149.8,150.58,149.4,149.78,2392,0
2026-05-26T11:00:00+05:30,149.78,150.0,149.78,149.78,12,0
2026-05-26T11:15:00+05:30,149.78,149.78,149.0,149.42,1101,0
2026-05-26T11:30:00+05:30,149.42,149.42,149.0,149.2,3429,0
2026-05-26T11:45:00+05:30,149.2,149.2,149.0,149.2,383,0
2026-05-26T12:00:00+05:30,149.2,149.8,148.96,149.44,726,0
2026-05-26T12:15:00+05:30,149.15,149.15,148.94,148.94,2400,0
2026-05-26T12:30:00+05:30,149.3,149.3,148.9,149.0,1220,0
2026-05-26T12:45:00+05:30,149.0,149.0,148.92,148.92,77,0
2026-05-26T13:00:00+05:30,148.92,149.18,148.84,148.84,16,0
2026-05-26T13:15:00+05:30,148.84,149.21,148.84,149.09,546,0
2026-05-26T13:30:00+05:30,149.08,149.1,148.81,148.81,1206,0
2026-05-26T13:45:00+05:30,148.81,148.85,148.69,148.85,1516,0
2026-05-26T14:00:00+05:30,148.95,149.0,148.61,148.71,3237,0
2026-05-26T14:15:00+05:30,148.71,148.9,148.61,148.61,1672,0
2026-05-26T14:30:00+05:30,148.61,148.91,148.61,148.84,2240,0
2026-05-26T14:45:00+05:30,148.84,148.98,148.51,148.97,7412,0
2026-05-26T15:00:00+05:30,148.97,148.97,148.51,148.74,2176,0
2026-05-26T15:15:00+05:30,148.76,151.0,148.52,148.8,11049,0
2026-05-27T09:15:00+05:30,150.0,151.01,149.01,149.01,13109,0
2026-05-27T09:30:00+05:30,149.06,150.49,148.91,150.0,15169,0
2026-05-27T09:45:00+05:30,149.89,151.13,149.14,149.4,6958,0
2026-05-27T10:00:00+05:30,149.4,150.66,149.02,150.66,1761,0
2026-05-27T10:15:00+05:30,150.6,150.6,149.21,149.21,1229,0
2026-05-27T10:30:00+05:30,149.4,150.59,149.1,150.18,8142,0
2026-05-27T10:45:00+05:30,150.49,152.4,150.0,150.82,24771,0
2026-05-27T11:00:00+05:30,150.72,151.0,150.0,150.29,5607,0
2026-05-27T11:15:00+05:30,150.29,150.68,150.0,150.04,2330,0
2026-05-27T11:30:00+05:30,150.13,150.25,150.0,150.01,2014,0
2026-05-27T11:45:00+05:30,150.01,150.5,150.0,150.0,1098,0
2026-05-27T12:00:00+05:30,150.0,150.4,150.0,150.4,651,0
2026-05-27T12:15:00+05:30,150.4,150.4,150.0,150.38,2888,0
2026-05-27T12:30:00+05:30,150.38,150.39,150.0,150.39,2735,0
2026-05-27T12:45:00+05:30,150.39,150.39,150.06,150.06,70,0
2026-05-27T13:00:00+05:30,150.06,150.8,150.02,150.43,1737,0
2026-05-27T13:15:00+05:30,150.43,150.58,150.22,150.22,41,0
2026-05-27T13:30:00+05:30,150.22,150.42,150.02,150.07,1485,0
2026-05-27T13:45:00+05:30,150.07,150.11,150.07,150.07,374,0
2026-05-27T14:00:00+05:30,150.07,150.45,149.16,149.16,863,0
2026-05-27T14:15:00+05:30,149.16,149.16,148.5,148.81,6517,0
2026-05-27T14:30:00+05:30,148.81,148.87,148.5,148.87,1203,0
2026-05-27T14:45:00+05:30,148.87,149.0,148.54,149.0,823,0
2026-05-27T15:00:00+05:30,149.1,149.5,148.86,149.0,2343,0
2026-05-27T15:15:00+05:30,149.25,149.85,148.41,148.41,5803,0
2026-05-29T09:15:00+05:30,149.01,150.0,148.83,149.0,2768,0
2026-05-29T09:30:00+05:30,148.82,149.15,148.41,148.41,8183,0
2026-05-29T09:45:00+05:30,148.42,148.67,148.1,148.34,3217,0
2026-05-29T10:00:00+05:30,148.34,148.34,147.91,148.2,7594,0
2026-05-29T10:15:00+05:30,148.2,148.37,148.2,148.37,2361,0
2026-05-29T10:30:00+05:30,148.02,148.04,148.0,148.0,2107,0
2026-05-29T10:45:00+05:30,148.02,148.05,148.0,148.0,704,0
2026-05-29T11:00:00+05:30,148.0,148.01,147.81,147.81,4712,0
2026-05-29T11:15:00+05:30,147.81,148.03,147.61,147.92,2112,0
2026-05-29T11:30:00+05:30,147.92,148.85,147.77,148.85,1080,0
2026-05-29T11:45:00+05:30,148.85,149.06,148.06,148.23,1167,0
2026-05-29T12:00:00+05:30,148.54,148.72,147.9,147.9,1786,0
2026-05-29T12:15:00+05:30,147.9,147.96,147.61,147.61,383,0
2026-05-29T12:30:00+05:30,147.61,147.79,147.61,147.62,207,0
2026-05-29T12:45:00+05:30,147.62,147.96,147.53,147.6,6030,0
2026-05-29T13:00:00+05:30,147.6,147.88,147.41,147.5,4673,0
2026-05-29T13:15:00+05:30,147.41,147.47,147.21,147.39,3861,0
2026-05-29T13:30:00+05:30,147.39,147.57,147.3,147.4,3904,0
2026-05-29T13:45:00+05:30,147.4,147.79,147.4,147.49,246,0
2026-05-29T14:00:00+05:30,147.73,147.73,147.41,147.72,247,0
2026-05-29T14:15:00+05:30,147.72,147.72,147.31,147.32,164,0
2026-05-29T14:30:00+05:30,147.32,147.75,145.82,146.0,19463,0
2026-05-29T14:45:00+05:30,146.0,146.88,146.0,146.4,3889,0
2026-05-29T15:00:00+05:30,146.4,146.4,144.6,144.6,13709,0
2026-05-29T15:15:00+05:30,144.6,145.0,144.35,144.35,11313,0
2026-06-01T09:15:00+05:30,145.17,145.49,141.75,143.2,9180,0
2026-06-01T09:30:00+05:30,143.67,144.08,143.11,144.08,5003,0
2026-06-01T09:45:00+05:30,144.0,144.98,143.88,144.47,1836,0
2026-06-01T10:00:00+05:30,144.06,144.27,143.01,143.01,3917,0
2026-06-01T10:15:00+05:30,143.01,143.4,143.01,143.4,2004,0
2026-06-01T10:30:00+05:30,143.04,143.5,142.91,143.06,9130,0
2026-06-01T10:45:00+05:30,143.06,144.75,142.91,144.1,7791,0
2026-06-01T11:00:00+05:30,144.1,144.82,144.02,144.82,779,0
2026-06-01T11:15:00+05:30,144.82,145.0,143.82,143.82,2634,0
2026-06-01T11:30:00+05:30,143.82,144.09,143.4,143.62,443,0
2026-06-01T11:45:00+05:30,143.62,143.93,143.62,143.65,45,0
2026-06-01T12:00:00+05:30,143.65,143.72,143.42,143.42,2703,0
2026-06-01T12:15:00+05:30,143.42,143.73,143.42,143.5,259,0
2026-06-01T12:30:00+05:30,143.5,143.72,143.4,143.4,345,0
2026-06-01T12:45:00+05:30,143.4,143.4,142.51,142.74,4292,0
2026-06-01T13:00:00+05:30,142.74,143.02,142.54,142.89,422,0
2026-06-01T13:15:00+05:30,142.54,142.87,142.51,142.87,53,0
2026-06-01T13:30:00+05:30,142.87,142.99,142.6,142.99,430,0
2026-06-01T13:45:00+05:30,142.99,142.99,142.5,142.5,1678,0
2026-06-01T14:00:00+05:30,142.5,142.62,142.41,142.62,3362,0
2026-06-01T14:15:00+05:30,142.62,142.78,142.11,142.49,3906,0
2026-06-01T14:30:00+05:30,142.27,142.97,142.22,142.85,609,0
2026-06-01T14:45:00+05:30,142.85,142.85,142.44,142.45,492,0
2026-06-01T15:00:00+05:30,142.44,142.44,142.01,142.12,2840,0
2026-06-01T15:15:00+05:30,142.21,144.01,142.01,142.02,8663,0
2026-06-02T09:15:00+05:30,140.67,144.5,140.26,142.0,11889,0
2026-06-02T09:30:00+05:30,142.11,142.44,141.58,142.22,2765,0
2026-06-02T09:45:00+05:30,142.48,143.0,142.16,142.94,3046,0
2026-06-02T10:00:00+05:30,142.79,143.19,142.37,142.5,350,0
2026-06-02T10:15:00+05:30,142.2,142.5,142.11,142.5,2013,0
2026-06-02T10:30:00+05:30,142.5,142.77,142.23,142.23,378,0
2026-06-02T10:45:00+05:30,142.23,142.7,142.11,142.13,1496,0
2026-06-02T11:00:00+05:30,142.11,142.43,142.01,142.01,845,0
2026-06-02T11:15:00+05:30,142.01,142.31,141.91,141.93,5291,0
2026-06-02T11:30:00+05:30,141.93,142.19,141.91,141.92,755,0
2026-06-02T11:45:00+05:30,141.95,142.21,141.91,142.14,451,0
2026-06-02T12:00:00+05:30,142.14,142.2,141.91,141.91,453,0
2026-06-02T12:15:00+05:30,141.91,142.14,141.91,141.91,607,0
2026-06-02T12:30:00+05:30,141.91,142.2,141.91,142.1,317,0
2026-06-02T12:45:00+05:30,142.1,142.39,141.91,142.11,887,0
2026-06-02T13:00:00+05:30,142.11,142.69,141.71,142.24,6349,0
2026-06-02T13:15:00+05:30,142.24,142.6,142.11,142.12,750,0
2026-06-02T13:30:00+05:30,142.12,142.93,141.78,142.48,2625,0
2026-06-02T13:45:00+05:30,142.48,142.78,142.26,142.28,498,0
2026-06-02T14:00:00+05:30,142.66,143.14,142.25,143.0,2804,0
2026-06-02T14:15:00+05:30,143.0,143.1,142.63,142.7,719,0
2026-06-02T14:30:00+05:30,142.7,142.8,142.01,142.01,914,0
2026-06-02T14:45:00+05:30,142.01,142.03,141.61,141.9,4636,0
2026-06-02T15:00:00+05:30,141.98,142.7,141.61,142.7,4587,0
2026-06-02T15:15:00+05:30,142.7,143.0,142.0,142.0,5553,0
2026-06-03T09:15:00+05:30,143.3,143.3,141.08,141.55,2970,0
2026-06-03T09:30:00+05:30,141.85,142.6,141.31,142.5,4557,0
2026-06-03T09:45:00+05:30,142.08,143.09,141.61,143.09,3218,0
2026-06-03T10:00:00+05:30,142.99,142.99,141.7,141.85,1204,0
2026-06-03T10:15:00+05:30,142.11,142.15,141.81,142.08,550,0
2026-06-03T10:30:00+05:30,142.08,142.84,141.9,141.9,1807,0
2026-06-03T10:45:00+05:30,142.07,142.16,141.51,141.57,1193,0
2026-06-03T11:00:00+05:30,141.57,141.82,141.51,141.51,406,0
2026-06-03T11:15:00+05:30,141.51,141.88,141.51,141.88,874,0
2026-06-03T11:30:00+05:30,141.88,141.88,141.51,141.51,553,0
2026-06-03T11:45:00+05:30,141.51,141.55,141.11,141.11,4678,0
2026-06-03T12:00:00+05:30,141.11,141.44,141.11,141.11,1083,0
2026-06-03T12:15:00+05:30,141.11,141.14,141.11,141.11,51,0
2026-06-03T12:30:00+05:30,141.14,142.25,141.11,142.11,711,0
2026-06-03T12:45:00+05:30,142.11,142.11,141.76,142.05,38,0
2026-06-03T13:00:00+05:30,142.05,142.05,141.98,141.98,23,0
2026-06-03T13:15:00+05:30,141.98,142.5,141.89,142.23,1678,0
2026-06-03T13:30:00+05:30,142.17,142.17,142.0,142.0,500,0
2026-06-03T13:45:00+05:30,142.0,142.08,141.9,141.9,640,0
2026-06-03T14:00:00+05:30,141.9,142.0,141.5,142.0,2400,0
2026-06-03T14:15:00+05:30,142.0,142.0,141.69,141.69,187,0
2026-06-03T14:30:00+05:30,141.69,142.21,141.46,142.21,2281,0
2026-06-03T14:45:00+05:30,142.21,142.94,141.64,142.62,4764,0
2026-06-03T15:00:00+05:30,142.62,142.62,141.32,141.32,1387,0
2026-06-03T15:15:00+05:30,141.32,142.5,141.32,141.5,4660,0
2026-06-04T09:15:00+05:30,141.9,143.05,141.49,142.92,2244,0
2026-06-04T09:30:00+05:30,142.92,143.8,142.45,143.18,2956,0
2026-06-04T09:45:00+05:30,143.64,144.5,143.5,144.12,5041,0
2026-06-04T10:00:00+05:30,144.41,144.5,143.7,144.0,4534,0
2026-06-04T10:15:00+05:30,143.96,144.98,143.66,144.97,3579,0
2026-06-04T10:30:00+05:30,144.97,144.97,143.16,143.46,6062,0
2026-06-04T10:45:00+05:30,143.46,144.19,143.16,143.16,1696,0
2026-06-04T11:00:00+05:30,143.16,143.32,142.58,143.06,999,0
2026-06-04T11:15:00+05:30,143.46,143.46,143.44,143.44,73,0
2026-06-04T11:30:00+05:30,143.44,144.13,142.83,143.0,3150,0
2026-06-04T11:45:00+05:30,143.0,143.44,142.75,143.01,2438,0
2026-06-04T12:00:00+05:30,143.4,143.4,142.74,143.0,302,0
2026-06-04T12:15:00+05:30,143.0,143.0,142.99,142.99,100,0
2026-06-04T12:30:00+05:30,142.76,142.76,142.45,142.45,341,0
2026-06-04T12:45:00+05:30,142.45,142.52,142.36,142.52,6,0
2026-06-04T13:00:00+05:30,142.52,142.52,141.72,141.95,1232,0
2026-06-04T13:15:00+05:30,141.95,142.33,141.88,142.29,617,0
2026-06-04T13:30:00+05:30,142.28,142.28,141.89,141.96,293,0
2026-06-04T13:45:00+05:30,141.96,141.97,141.8,141.97,195,0
2026-06-04T14:00:00+05:30,141.97,141.97,141.81,141.81,194,0
2026-06-04T14:15:00+05:30,141.81,142.09,141.21,141.35,9791,0
2026-06-04T14:30:00+05:30,141.35,141.71,141.01,141.1,4760,0
2026-06-04T14:45:00+05:30,141.44,141.5,141.12,141.5,2040,0
2026-06-04T15:00:00+05:30,141.5,141.83,140.76,141.46,10317,0
2026-06-04T15:15:00+05:30,141.99,143.44,141.57,143.44,3445,0
2026-06-05T09:15:00+05:30,141.48,142.59,141.48,142.59,2831,0
2026-06-05T09:30:00+05:30,142.59,142.59,141.42,141.42,537,0
2026-06-05T09:45:00+05:30,142.12,142.12,140.7,141.45,2947,0
2026-06-05T10:00:00+05:30,141.12,141.18,140.21,140.86,5515,0
2026-06-05T10:15:00+05:30,140.86,140.86,140.21,140.5,3028,0
2026-06-05T10:30:00+05:30,140.5,140.64,137.61,138.26,23738,0
2026-06-05T10:45:00+05:30,138.62,139.53,138.47,139.02,2016,0
2026-06-05T11:00:00+05:30,139.39,140.14,139.39,139.55,579,0
2026-06-05T11:15:00+05:30,139.55,139.57,139.1,139.1,474,0
2026-06-05T11:30:00+05:30,139.19,139.47,139.19,139.47,328,0
2026-06-05T11:45:00+05:30,139.41,139.47,138.5,138.71,3225,0
2026-06-05T12:00:00+05:30,138.71,138.83,138.5,138.5,1345,0
2026-06-05T12:15:00+05:30,138.5,139.55,138.5,139.24,2927,0
2026-06-05T12:30:00+05:30,139.24,139.24,138.66,139.0,712,0
2026-06-05T12:45:00+05:30,139.0,139.0,138.9,138.9,6,0
2026-06-05T13:00:00+05:30,138.9,138.9,138.3,138.3,1715,0
2026-06-05T13:15:00+05:30,138.3,138.58,138.3,138.3,1375,0
2026-06-05T13:30:00+05:30,138.3,138.67,138.1,138.27,2415,0
2026-06-05T13:45:00+05:30,138.27,138.79,138.11,138.79,500,0
2026-06-05T14:00:00+05:30,138.71,138.99,138.41,138.99,464,0
2026-06-05T14:15:00+05:30,138.99,138.99,138.75,138.79,182,0
2026-06-05T14:30:00+05:30,138.79,139.09,138.79,138.81,2177,0
2026-06-05T14:45:00+05:30,139.52,139.56,138.81,139.0,921,0
2026-06-05T15:00:00+05:30,138.96,139.4,138.95,139.4,1872,0
2026-06-05T15:15:00+05:30,139.1,139.21,138.1,138.11,6194,0
2026-06-08T09:15:00+05:30,139.75,139.75,136.29,139.15,3984,0
2026-06-08T09:30:00+05:30,139.03,139.79,138.11,139.79,6464,0
2026-06-08T09:45:00+05:30,139.41,140.48,139.35,140.48,1505,0
2026-06-08T10:00:00+05:30,140.18,144.21,139.99,143.74,8956,0
2026-06-08T10:15:00+05:30,143.36,144.2,141.0,141.01,12742,0
2026-06-08T10:30:00+05:30,141.48,145.0,141.2,144.21,8992,0
2026-06-08T10:45:00+05:30,144.21,149.0,144.0,145.01,27103,0
2026-06-08T11:00:00+05:30,145.01,145.77,144.7,145.08,5042,0
2026-06-08T11:15:00+05:30,145.18,145.25,143.61,144.39,2738,0
2026-06-08T11:30:00+05:30,144.39,145.0,144.02,145.0,3415,0
2026-06-08T11:45:00+05:30,145.0,145.24,144.34,145.24,732,0
2026-06-08T12:00:00+05:30,144.91,145.25,144.01,145.25,5384,0
2026-06-08T12:15:00+05:30,145.21,145.21,144.76,144.94,167,0
2026-06-08T12:30:00+05:30,144.66,144.87,144.43,144.5,1041,0
2026-06-08T12:45:00+05:30,144.5,144.83,144.32,144.56,1202,0
2026-06-08T13:00:00+05:30,144.6,145.25,143.56,143.64,3286,0
2026-06-08T13:15:00+05:30,143.95,144.0,142.5,143.48,5482,0
2026-06-08T13:30:00+05:30,143.55,143.55,142.55,142.55,3069,0
2026-06-08T13:45:00+05:30,142.62,142.62,141.96,142.02,5522,0
2026-06-08T14:00:00+05:30,142.35,143.25,142.13,142.5,3021,0
2026-06-08T14:15:00+05:30,142.58,142.99,142.04,142.16,1019,0
2026-06-08T14:30:00+05:30,142.16,144.99,142.16,142.81,7308,0
2026-06-08T14:45:00+05:30,142.81,143.43,142.47,142.84,901,0
2026-06-08T15:00:00+05:30,142.48,143.14,142.0,142.55,5351,0
2026-06-08T15:15:00+05:30,142.86,143.3,141.2,143.1,12690,0
2026-06-09T09:15:00+05:30,144.0,144.0,142.15,142.5,5008,0
2026-06-09T09:30:00+05:30,142.74,143.95,142.74,143.23,1278,0
2026-06-09T09:45:00+05:30,143.23,143.27,143.0,143.01,177,0
2026-06-09T10:00:00+05:30,143.01,143.34,142.96,143.07,45,0
2026-06-09T10:15:00+05:30,143.34,143.37,142.63,142.87,368,0
2026-06-09T10:30:00+05:30,142.87,143.39,142.69,142.71,1219,0
2026-06-09T10:45:00+05:30,142.7,148.5,142.7,147.41,30861,0
2026-06-09T11:00:00+05:30,147.44,148.32,146.22,146.81,16995,0
2026-06-09T11:15:00+05:30,146.64,147.0,146.01,146.35,6936,0
2026-06-09T11:30:00+05:30,146.35,146.41,146.0,146.2,1612,0
2026-06-09T11:45:00+05:30,146.2,147.26,146.0,147.26,2902,0
2026-06-09T12:00:00+05:30,147.04,150.99,146.59,150.02,20591,0
2026-06-09T12:15:00+05:30,150.03,150.4,149.02,149.03,8103,0
2026-06-09T12:30:00+05:30,149.27,150.5,149.01,150.1,5938,0
2026-06-09T12:45:00+05:30,150.0,151.0,149.69,150.13,12041,0
2026-06-09T13:00:00+05:30,150.13,150.86,150.01,150.02,1880,0
2026-06-09T13:15:00+05:30,150.44,155.0,150.35,154.92,92418,0
2026-06-09T13:30:00+05:30,154.92,155.99,152.5,155.14,190244,0
2026-06-09T13:45:00+05:30,155.2,155.62,152.29,153.35,57039,0
2026-06-09T14:00:00+05:30,153.3,167.8,152.01,165.04,724175,0
2026-06-09T14:15:00+05:30,165.06,167.7,164.11,166.74,285283,0
2026-06-09T14:30:00+05:30,166.59,170.0,162.38,168.35,385868,0
2026-06-09T14:45:00+05:30,168.25,168.43,164.67,166.55,226778,0
2026-06-09T15:00:00+05:30,166.6,170.9,165.81,170.8,503750,0
2026-06-09T15:15:00+05:30,170.8,170.9,168.21,170.9,309296,0
2026-06-10T09:15:00+05:30,172.69,181.0,171.1,178.6,910804,0
2026-06-10T09:30:00+05:30,178.82,183.0,175.5,176.02,502104,0
2026-06-10T09:45:00+05:30,175.97,176.52,171.0,175.18,293462,0
2026-06-10T10:00:00+05:30,175.01,175.4,173.31,174.0,58590,0
2026-06-10T10:15:00+05:30,173.91,175.0,172.71,174.24,52312,0
2026-06-10T10:30:00+05:30,174.23,175.9,173.0,174.8,75331,0
2026-06-10T10:45:00+05:30,174.68,174.7,173.39,174.4,27124,0
2026-06-10T11:00:00+05:30,174.36,174.5,173.1,174.46,24884,0
2026-06-10T11:15:00+05:30,174.48,174.8,173.01,174.11,20042,0
2026-06-10T11:30:00+05:30,173.93,174.16,173.0,173.32,20695,0
2026-06-10T11:45:00+05:30,173.13,173.31,163.55,166.4,295597,0
2026-06-10T12:00:00+05:30,166.39,166.39,164.25,165.66,52238,0
2026-06-10T12:15:00+05:30,165.95,167.4,165.5,166.61,54813,0
2026-06-10T12:30:00+05:30,166.61,167.14,165.15,165.73,29089,0
2026-06-10T12:45:00+05:30,165.6,167.02,165.12,166.79,15835,0
2026-06-10T13:00:00+05:30,166.94,167.78,166.07,166.1,26123,0
2026-06-10T13:15:00+05:30,166.1,166.17,164.82,165.74,23642,0
2026-06-10T13:30:00+05:30,165.52,167.0,165.49,166.42,19164,0
2026-06-10T13:45:00+05:30,166.42,166.61,166.25,166.54,4631,0
2026-06-10T14:00:00+05:30,166.4,170.8,165.25,168.94,68094,0
2026-06-10T14:15:00+05:30,168.92,168.99,165.61,167.3,31548,0
2026-06-10T14:30:00+05:30,167.2,167.22,166.29,166.73,22225,0
2026-06-10T14:45:00+05:30,166.6,166.76,164.32,165.56,38172,0
2026-06-10T15:00:00+05:30,165.58,165.81,162.11,164.57,101801,0
2026-06-10T15:15:00+05:30,164.42,165.62,161.5,163.0,126743,0
2026-06-11T09:15:00+05:30,162.0,166.88,161.9,164.09,47903,0
2026-06-11T09:30:00+05:30,164.1,165.88,163.7,165.88,14141,0
2026-06-11T09:45:00+05:30,165.51,166.35,164.11,164.74,12679,0
2026-06-11T10:00:00+05:30,164.64,165.88,164.5,164.5,6674,0
2026-06-11T10:15:00+05:30,164.51,165.66,164.3,164.46,3292,0
2026-06-11T10:30:00+05:30,164.6,164.6,163.7,163.7,4792,0
2026-06-11T10:45:00+05:30,163.74,164.88,163.7,164.4,5468,0
2026-06-11T11:00:00+05:30,164.4,164.98,163.15,163.25,10344,0
2026-06-11T11:15:00+05:30,163.44,165.0,163.25,164.02,12801,0
2026-06-11T11:30:00+05:30,164.09,164.75,163.9,164.3,2562,0
2026-06-11T11:45:00+05:30,164.75,164.77,163.71,163.77,4722,0
2026-06-11T12:00:00+05:30,163.74,164.45,163.05,163.14,5996,0
2026-06-11T12:15:00+05:30,163.33,164.0,163.19,163.71,5113,0
2026-06-11T12:30:00+05:30,163.69,163.83,162.01,162.56,13942,0
2026-06-11T12:45:00+05:30,162.68,163.31,162.5,163.31,2483,0
2026-06-11T13:00:00+05:30,163.21,163.96,163.0,163.45,4065,0
2026-06-11T13:15:00+05:30,163.17,163.33,163.0,163.33,1574,0
2026-06-11T13:30:00+05:30,163.37,163.43,163.0,163.0,1444,0
2026-06-11T13:45:00+05:30,163.03,168.02,162.93,165.71,33016,0
2026-06-11T14:00:00+05:30,165.91,167.98,165.16,166.0,28818,0
2026-06-11T14:15:00+05:30,165.99,167.41,165.0,166.86,19177,0
2026-06-11T14:30:00+05:30,166.8,169.9,166.8,167.7,44055,0
2026-06-11T14:45:00+05:30,167.53,167.78,166.1,166.22,9737,0
2026-06-11T15:00:00+05:30,166.24,166.79,166.0,166.22,15398,0
2026-06-11T15:15:00+05:30,166.32,166.79,165.61,166.25,17514,0
2026-06-12T09:15:00+05:30,167.8,171.37,167.27,169.0,70979,0
2026-06-12T09:30:00+05:30,169.01,170.22,168.46,169.0,18631,0
2026-06-12T09:45:00+05:30,169.14,169.63,168.46,169.0,19033,0
2026-06-12T10:00:00+05:30,169.0,169.09,165.43,166.01,30229,0
2026-06-12T10:15:00+05:30,165.88,166.85,165.31,166.5,3292,0
2026-06-12T10:30:00+05:30,166.5,166.78,166.05,166.17,2640,0
2026-06-12T10:45:00+05:30,166.63,170.34,165.87,169.49,24596,0
2026-06-12T11:00:00+05:30,169.3,169.93,168.21,169.26,4671,0
2026-06-12T11:15:00+05:30,168.66,169.66,168.31,168.7,6652,0
2026-06-12T11:30:00+05:30,168.94,169.39,168.48,168.48,4107,0
2026-06-12T11:45:00+05:30,168.48,168.9,167.72,168.74,2762,0
2026-06-12T12:00:00+05:30,168.74,168.93,168.01,168.92,1692,0
2026-06-12T12:15:00+05:30,168.75,169.24,167.76,168.52,5050,0
2026-06-12T12:30:00+05:30,168.42,169.37,167.64,167.89,36375,0
2026-06-12T12:45:00+05:30,167.89,168.58,167.09,167.77,2733,0
2026-06-12T13:00:00+05:30,167.78,167.9,167.71,167.71,227,0
2026-06-12T13:15:00+05:30,167.51,168.39,167.36,167.94,2955,0
2026-06-12T13:30:00+05:30,167.94,168.31,167.49,168.0,1441,0
2026-06-12T13:45:00+05:30,167.81,168.14,167.56,167.76,4320,0
2026-06-12T14:00:00+05:30,167.76,168.5,167.15,167.49,8621,0
2026-06-12T14:15:00+05:30,167.49,168.0,166.72,166.8,6105,0
2026-06-12T14:30:00+05:30,166.8,168.31,166.8,167.53,5456,0
2026-06-12T14:45:00+05:30,167.81,168.44,167.15,167.35,2484,0
2026-06-12T15:00:00+05:30,167.59,168.29,166.22,166.85,13315,0
2026-06-12T15:15:00+05:30,167.07,168.0,165.5,167.5,17809,0
2026-06-15T09:15:00+05:30,172.0,172.8,169.0,169.5,27099,0
2026-06-15T09:30:00+05:30,169.35,171.0,168.6,170.2,16288,0
2026-06-15T09:45:00+05:30,170.34,170.5,169.38,169.99,4560,0
2026-06-15T10:00:00+05:30,169.67,170.24,169.37,169.51,8000,0
2026-06-15T10:15:00+05:30,169.61,169.94,169.12,169.51,5924,0
2026-06-15T10:30:00+05:30,169.51,170.0,169.22,169.57,2589,0
2026-06-15T10:45:00+05:30,169.57,169.93,168.6,168.89,9036,0
2026-06-15T11:00:00+05:30,168.89,168.89,168.25,168.72,6031,0
2026-06-15T11:15:00+05:30,168.72,168.89,168.25,168.48,2641,0
2026-06-15T11:30:00+05:30,168.5,168.76,168.25,168.55,3332,0
2026-06-15T11:45:00+05:30,168.65,168.99,168.43,168.47,5067,0
2026-06-15T12:00:00+05:30,168.48,168.85,168.25,168.25,5136,0
2026-06-15T12:15:00+05:30,168.25,168.96,167.6,168.8,5470,0
2026-06-15T12:30:00+05:30,168.71,170.0,168.21,169.0,6163,0
2026-06-15T12:45:00+05:30,169.0,169.63,168.9,168.9,4062,0
2026-06-15T13:00:00+05:30,168.9,169.0,168.35,168.78,1203,0
2026-06-15T13:15:00+05:30,168.78,169.16,168.78,168.83,605,0
2026-06-15T13:30:00+05:30,168.83,168.96,168.21,168.21,1573,0
2026-06-15T13:45:00+05:30,168.21,168.47,168.21,168.47,1311,0
2026-06-15T14:00:00+05:30,168.31,169.0,168.22,168.46,2578,0
2026-06-15T14:15:00+05:30,168.23,169.05,168.23,169.01,2391,0
2026-06-15T14:30:00+05:30,169.01,169.01,168.49,168.49,996,0
2026-06-15T14:45:00+05:30,168.49,168.68,167.6,168.06,4228,0
2026-06-15T15:00:00+05:30,168.07,168.48,167.6,168.4,7501,0
2026-06-15T15:15:00+05:30,168.32,169.4,167.01,168.0,22871,0
2026-06-16T09:15:00+05:30,168.59,171.8,168.41,171.42,21420,0
2026-06-16T09:30:00+05:30,170.68,174.2,169.0,174.09,39275,0
2026-06-16T09:45:00+05:30,173.86,174.89,172.17,172.5,61445,0
2026-06-16T10:00:00+05:30,172.53,172.53,170.63,170.7,10735,0
2026-06-16T10:15:00+05:30,170.72,171.06,170.07,170.91,5086,0
2026-06-16T10:30:00+05:30,170.95,172.0,170.5,171.08,7927,0
2026-06-16T10:45:00+05:30,170.67,171.76,170.6,171.46,6071,0
2026-06-16T11:00:00+05:30,171.46,172.0,171.0,171.6,2003,0
2026-06-16T11:15:00+05:30,171.2,171.68,171.12,171.2,2664,0
2026-06-16T11:30:00+05:30,171.14,171.14,170.6,170.96,9008,0
2026-06-16T11:45:00+05:30,170.96,171.67,170.6,171.6,5626,0
2026-06-16T12:00:00+05:30,171.6,174.8,171.08,173.88,24236,0
2026-06-16T12:15:00+05:30,174.09,175.4,173.25,173.3,22678,0
2026-06-16T12:30:00+05:30,173.21,174.75,172.75,173.76,7306,0
2026-06-16T12:45:00+05:30,173.76,174.13,173.41,173.64,6672,0
2026-06-16T13:00:00+05:30,173.58,173.79,173.19,173.19,3691,0
2026-06-16T13:15:00+05:30,173.48,174.14,171.64,172.31,21042,0
2026-06-16T13:30:00+05:30,172.34,172.74,171.56,171.56,4350,0
2026-06-16T13:45:00+05:30,171.61,172.24,171.56,172.24,1473,0
2026-06-16T14:00:00+05:30,172.24,172.84,172.17,172.27,2168,0
2026-06-16T14:15:00+05:30,172.27,172.68,171.95,171.96,3536,0
2026-06-16T14:30:00+05:30,172.16,176.6,171.36,175.4,28307,0
2026-06-16T14:45:00+05:30,175.36,177.84,175.0,176.59,51721,0
2026-06-16T15:00:00+05:30,177.0,179.0,176.37,178.43,56230,0
2026-06-16T15:15:00+05:30,178.43,178.9,175.37,176.0,41104,0
2026-06-17T09:15:00+05:30,177.9,178.79,176.0,176.66,28386,0
2026-06-17T09:30:00+05:30,176.72,182.01,176.66,180.15,49182,0
2026-06-17T09:45:00+05:30,180.2,180.5,177.68,177.68,17266,0
2026-06-17T10:00:00+05:30,177.71,179.74,177.4,179.5,19203,0
2026-06-17T10:15:00+05:30,179.5,179.5,176.65,177.38,8855,0
2026-06-17T10:30:00+05:30,177.38,177.56,176.4,177.01,4949,0
2026-06-17T10:45:00+05:30,176.93,177.98,176.65,177.43,5623,0
2026-06-17T11:00:00+05:30,177.88,178.73,175.1,175.6,24268,0
2026-06-17T11:15:00+05:30,175.6,176.16,175.15,175.98,4633,0
2026-06-17T11:30:00+05:30,175.98,176.29,175.78,175.78,1186,0
2026-06-17T11:45:00+05:30,175.87,176.88,175.21,175.79,6002,0
2026-06-17T12:00:00+05:30,175.26,175.26,174.77,174.88,4935,0
2026-06-17T12:15:00+05:30,174.88,175.71,173.7,173.7,8098,0
2026-06-17T12:30:00+05:30,173.7,174.0,173.5,173.79,6801,0
2026-06-17T12:45:00+05:30,173.79,173.98,173.25,173.72,5632,0
2026-06-17T13:00:00+05:30,173.72,174.0,172.55,173.19,15767,0
2026-06-17T13:15:00+05:30,173.32,174.0,173.1,173.56,4715,0
2026-06-17T13:30:00+05:30,173.57,174.32,173.57,174.02,5745,0
2026-06-17T13:45:00+05:30,174.02,174.07,172.22,172.67,7956,0
2026-06-17T14:00:00+05:30,172.94,173.31,172.21,173.13,3974,0
2026-06-17T14:15:00+05:30,172.76,172.97,171.27,171.79,7807,0
2026-06-17T14:30:00+05:30,171.79,176.6,170.4,175.89,37646,0
2026-06-17T14:45:00+05:30,175.52,176.0,174.2,174.83,24607,0
2026-06-17T15:00:00+05:30,174.79,174.79,173.25,173.95,12715,0
2026-06-17T15:15:00+05:30,173.63,177.95,173.63,175.25,41100,0
2026-06-18T09:15:00+05:30,175.59,180.0,175.0,175.28,8727,0
2026-06-18T09:30:00+05:30,175.65,175.65,175.0,175.43,3668,0
2026-06-18T09:45:00+05:30,175.25,175.38,174.24,174.24,4526,0
2026-06-18T10:00:00+05:30,174.25,175.0,173.5,174.3,5536,0
2026-06-18T10:15:00+05:30,174.23,175.93,173.0,174.21,17678,0
2026-06-18T10:30:00+05:30,174.57,175.0,174.05,174.05,1681,0
2026-06-18T10:45:00+05:30,174.13,175.0,174.13,174.71,1567,0
2026-06-18T11:00:00+05:30,174.69,174.71,173.26,173.48,2175,0
2026-06-18T11:15:00+05:30,173.16,173.37,172.44,172.97,1503,0
2026-06-18T11:30:00+05:30,172.94,173.0,172.15,173.0,4373,0
2026-06-18T11:45:00+05:30,173.11,173.11,171.21,171.28,4210,0
2026-06-18T12:00:00+05:30,171.28,172.0,171.28,171.5,3678,0
2026-06-18T12:15:00+05:30,171.65,171.99,171.1,171.82,1930,0
2026-06-18T12:30:00+05:30,171.91,172.14,171.6,171.6,845,0
2026-06-18T12:45:00+05:30,171.6,172.0,171.34,172.0,1712,0
2026-06-18T13:00:00+05:30,171.39,171.8,171.27,171.78,817,0
2026-06-18T13:15:00+05:30,172.06,172.19,171.16,171.6,1508,0
2026-06-18T13:30:00+05:30,171.6,171.79,171.29,171.52,1689,0
2026-06-18T13:45:00+05:30,171.5,171.59,171.01,171.12,2424,0
2026-06-18T14:00:00+05:30,171.12,171.12,170.31,170.6,1487,0
2026-06-18T14:15:00+05:30,170.6,170.64,170.28,170.35,1355,0
2026-06-18T14:30:00+05:30,170.35,170.95,170.1,170.36,1648,0
2026-06-18T14:45:00+05:30,170.36,170.44,168.3,169.34,6949,0
2026-06-18T15:00:00+05:30,169.59,170.35,169.12,170.24,3604,0
2026-06-18T15:15:00+05:30,169.9,170.19,169.19,170.0,11779,0
2026-06-19T09:15:00+05:30,169.64,175.41,169.0,174.0,24627,0
2026-06-19T09:30:00+05:30,174.0,176.0,174.0,174.19,11809,0
2026-06-19T09:45:00+05:30,174.65,177.49,173.01,175.4,29063,0
2026-06-19T10:00:00+05:30,175.74,176.5,175.0,176.0,5766,0
2026-06-19T10:15:00+05:30,175.77,176.4,175.04,176.0,7447,0
2026-06-19T10:30:00+05:30,176.22,176.29,175.33,175.52,7554,0
2026-06-19T10:45:00+05:30,175.59,176.33,175.01,176.05,15108,0
2026-06-19T11:00:00+05:30,176.05,176.94,175.79,176.23,8649,0
2026-06-19T11:15:00+05:30,176.04,177.99,175.85,177.99,22861,0
2026-06-19T11:30:00+05:30,177.48,179.39,176.71,178.69,33323,0
2026-06-19T11:45:00+05:30,178.27,178.9,177.09,177.53,7404,0
2026-06-19T12:00:00+05:30,177.5,179.0,177.05,178.83,11539,0
2026-06-19T12:15:00+05:30,178.83,178.83,177.82,178.01,3264,0
2026-06-19T12:30:00+05:30,177.7,178.64,177.5,178.26,1555,0
2026-06-19T12:45:00+05:30,178.48,178.48,177.57,177.57,4626,0
2026-06-19T13:00:00+05:30,177.6,178.11,176.3,176.3,17585,0
2026-06-19T13:15:00+05:30,176.3,177.6,176.3,177.42,3161,0
2026-06-19T13:30:00+05:30,177.1,177.1,173.02,174.68,47161,0
2026-06-19T13:45:00+05:30,174.68,175.46,174.33,174.67,2491,0
2026-06-19T14:00:00+05:30,174.65,175.03,173.91,174.46,10761,0
2026-06-19T14:15:00+05:30,174.36,174.89,173.9,174.42,3786,0
2026-06-19T14:30:00+05:30,174.65,175.03,174.15,174.35,2609,0
2026-06-19T14:45:00+05:30,174.33,174.79,173.51,174.42,4687,0
2026-06-19T15:00:00+05:30,174.36,176.15,174.23,175.34,10524,0
2026-06-19T15:15:00+05:30,175.34,176.17,174.0,175.9,15355,0
2026-06-22T09:15:00+05:30,175.0,177.84,173.03,176.16,20583,0
2026-06-22T09:30:00+05:30,175.51,176.13,174.87,174.87,7431,0
2026-06-22T09:45:00+05:30,174.92,179.08,174.92,176.5,27255,0
2026-06-22T10:00:00+05:30,176.1,177.45,175.32,176.16,4989,0
2026-06-22T10:15:00+05:30,176.18,176.18,175.8,175.86,948,0
2026-06-22T10:30:00+05:30,175.86,176.67,175.2,176.22,4925,0
2026-06-22T10:45:00+05:30,176.22,176.26,175.21,175.51,1368,0
2026-06-22T11:00:00+05:30,175.51,175.74,174.9,175.0,3193,0
2026-06-22T11:15:00+05:30,175.0,175.41,174.63,175.12,1638,0
2026-06-22T11:30:00+05:30,175.12,177.77,175.12,176.61,13999,0
2026-06-22T11:45:00+05:30,176.24,176.93,175.95,176.66,3360,0
2026-06-22T12:00:00+05:30,176.66,176.66,173.35,174.27,16678,0
2026-06-22T12:15:00+05:30,174.61,174.67,174.1,174.13,1977,0
2026-06-22T12:30:00+05:30,174.13,174.32,173.48,174.19,3018,0
2026-06-22T12:45:00+05:30,174.19,174.19,173.3,174.0,2301,0
2026-06-22T13:00:00+05:30,174.26,174.49,173.46,173.82,3556,0
2026-06-22T13:15:00+05:30,173.82,176.11,173.82,174.94,13801,0
2026-06-22T13:30:00+05:30,174.65,174.98,174.22,174.48,821,0
2026-06-22T13:45:00+05:30,174.48,174.89,173.42,174.0,4782,0
2026-06-22T14:00:00+05:30,174.0,174.34,173.8,173.8,855,0
2026-06-22T14:15:00+05:30,173.8,174.39,173.75,173.81,1540,0
2026-06-22T14:30:00+05:30,173.81,174.38,173.61,173.68,863,0
2026-06-22T14:45:00+05:30,173.68,174.16,173.55,173.96,783,0
2026-06-22T15:00:00+05:30,173.96,173.96,172.24,172.6,10255,0
2026-06-22T15:15:00+05:30,172.53,173.38,171.45,171.45,9871,0
2026-06-23T09:15:00+05:30,174.05,176.37,172.81,174.26,27344,0
2026-06-23T09:30:00+05:30,174.26,175.81,174.03,175.01,5598,0
2026-06-23T09:45:00+05:30,174.97,175.07,172.81,173.3,4765,0
2026-06-23T10:00:00+05:30,173.67,176.79,173.46,175.17,14752,0
2026-06-23T10:15:00+05:30,175.22,175.56,173.78,173.78,3114,0
2026-06-23T10:30:00+05:30,173.78,174.04,173.21,173.35,1330,0
2026-06-23T10:45:00+05:30,173.23,173.87,173.01,173.46,1277,0
2026-06-23T11:00:00+05:30,173.4,173.49,172.9,173.49,668,0
2026-06-23T11:15:00+05:30,173.5,173.6,171.7,173.25,7643,0
2026-06-23T11:30:00+05:30,173.15,173.41,172.1,172.1,885,0
2026-06-23T11:45:00+05:30,172.1,172.49,171.0,171.56,6864,0
2026-06-23T12:00:00+05:30,171.01,171.73,170.59,171.46,1385,0
2026-06-23T12:15:00+05:30,171.57,171.86,171.0,171.35,1741,0
2026-06-23T12:30:00+05:30,171.5,171.5,170.26,171.31,2954,0
2026-06-23T12:45:00+05:30,171.31,171.31,170.56,170.91,342,0
2026-06-23T13:00:00+05:30,170.86,171.2,170.65,170.77,552,0
2026-06-23T13:15:00+05:30,170.77,170.77,168.47,169.75,7079,0
2026-06-23T13:30:00+05:30,170.05,170.05,169.02,169.44,527,0
2026-06-23T13:45:00+05:30,169.44,170.04,169.16,169.36,787,0
2026-06-23T14:00:00+05:30,169.36,169.69,169.36,169.49,171,0
2026-06-23T14:15:00+05:30,169.89,171.41,169.83,171.36,2207,0
2026-06-23T14:30:00+05:30,171.36,171.5,170.11,170.99,3239,0
2026-06-23T14:45:00+05:30,170.99,171.21,170.6,170.9,404,0
2026-06-23T15:00:00+05:30,170.86,171.8,170.24,170.77,7931,0
2026-06-23T15:15:00+05:30,170.65,171.65,167.2,169.0,17297,0
2026-06-24T09:15:00+05:30,168.9,171.11,168.34,169.0,14274,0
2026-06-24T09:30:00+05:30,168.98,172.59,168.7,170.56,15007,0
2026-06-24T09:45:00+05:30,170.4,170.47,168.2,169.51,2851,0
2026-06-24T10:00:00+05:30,169.12,169.34,168.21,168.44,1249,0
2026-06-24T10:15:00+05:30,168.7,169.39,168.54,169.39,1253,0
2026-06-24T10:30:00+05:30,169.31,169.31,168.37,168.37,2576,0
2026-06-24T10:45:00+05:30,168.37,171.59,168.37,169.51,12658,0
2026-06-24T11:00:00+05:30,169.51,170.9,169.41,170.15,3363,0
2026-06-24T11:15:00+05:30,170.86,171.28,170.11,170.8,960,0
2026-06-24T11:30:00+05:30,171.25,171.97,171.01,171.72,2189,0
2026-06-24T11:45:00+05:30,171.72,171.79,170.81,171.41,987,0
2026-06-24T12:00:00+05:30,171.45,173.0,171.37,172.0,12184,0
2026-06-24T12:15:00+05:30,172.0,172.06,171.49,171.69,550,0
2026-06-24T12:30:00+05:30,171.69,171.69,170.5,171.43,916,0
2026-06-24T12:45:00+05:30,171.36,171.55,170.44,170.97,1781,0
2026-06-24T13:00:00+05:30,170.57,170.57,169.79,170.42,578,0
2026-06-24T13:15:00+05:30,170.42,171.36,169.81,170.63,1251,0
2026-06-24T13:30:00+05:30,170.63,170.63,169.0,170.25,2005,0
2026-06-24T13:45:00+05:30,169.5,170.34,169.21,169.9,808,0
2026-06-24T14:00:00+05:30,170.34,170.34,169.61,169.74,159,0
2026-06-24T14:15:00+05:30,169.74,170.57,169.74,169.81,2591,0
2026-06-24T14:30:00+05:30,169.81,170.01,169.7,170.01,253,0
2026-06-24T14:45:00+05:30,170.01,170.09,169.5,169.5,586,0
2026-06-24T15:00:00+05:30,169.5,170.78,169.0,169.18,5186,0
2026-06-24T15:15:00+05:30,169.34,169.8,167.5,168.87,7316,0
2026-06-25T09:15:00+05:30,170.69,171.7,167.75,171.6,18503,0
2026-06-25T09:30:00+05:30,171.6,174.57,169.85,173.8,26922,0
2026-06-25T09:45:00+05:30,173.5,173.59,169.27,170.65,14854,0
2026-06-25T10:00:00+05:30,170.51,170.52,169.29,169.7,3164,0
2026-06-25T10:15:00+05:30,169.7,170.26,168.8,168.8,7095,0
2026-06-25T10:30:00+05:30,168.48,169.73,168.03,168.41,3421,0
2026-06-25T10:45:00+05:30,168.41,169.19,168.05,168.79,7766,0
2026-06-25T11:00:00+05:30,168.52,168.9,168.51,168.9,5313,0
2026-06-25T11:15:00+05:30,168.89,168.9,167.94,168.01,8163,0
2026-06-25T11:30:00+05:30,168.27,168.27,167.67,168.27,1631,0
2026-06-25T11:45:00+05:30,168.23,168.23,166.32,166.69,9667,0
2026-06-25T12:00:00+05:30,166.7,167.06,165.02,165.69,6038,0
2026-06-25T12:15:00+05:30,165.9,166.0,165.28,165.46,6789,0
2026-06-25T12:30:00+05:30,165.29,165.57,164.61,165.0,3868,0
2026-06-25T12:45:00+05:30,165.11,165.11,164.37,164.55,420,0
2026-06-25T13:00:00+05:30,164.6,164.99,164.6,164.9,927,0
2026-06-25T13:15:00+05:30,164.89,164.9,164.55,164.85,1076,0
2026-06-25T13:30:00+05:30,164.59,165.84,164.59,165.44,3152,0
2026-06-25T13:45:00+05:30,165.55,165.55,164.25,164.25,1893,0
2026-06-25T14:00:00+05:30,164.45,165.28,164.45,165.09,1114,0
2026-06-25T14:15:00+05:30,165.19,165.2,164.55,164.97,2931,0
2026-06-25T14:30:00+05:30,164.97,165.14,164.74,165.1,525,0
2026-06-25T14:45:00+05:30,165.1,165.23,162.1,164.15,12524,0
2026-06-25T15:00:00+05:30,164.05,164.05,160.0,161.54,38129,0
2026-06-25T15:15:00+05:30,161.29,164.48,159.65,160.8,31304,0
2026-06-29T09:15:00+05:30,161.0,161.7,153.62,153.62,6823,0
2026-06-29T09:30:00+05:30,153.62,153.62,153.62,153.62,2473,0
2026-06-29T09:45:00+05:30,153.62,153.62,153.62,153.62,4912,0
2026-06-29T10:00:00+05:30,153.62,153.62,153.62,153.62,2084,0
2026-06-29T10:15:00+05:30,153.62,153.62,153.62,153.62,2845,0
2026-06-29T10:30:00+05:30,153.62,153.7,153.62,153.7,2092,0
2026-06-29T10:45:00+05:30,154.3,155.0,153.62,153.62,3644,0
2026-06-29T11:00:00+05:30,153.62,161.0,153.62,161.0,2328,0
2026-06-29T11:15:00+05:30,161.0,161.7,157.55,161.7,3226,0
2026-06-29T11:30:00+05:30,161.7,161.7,154.89,154.89,908,0
2026-06-29T11:45:00+05:30,154.89,158.4,154.89,158.4,160,0
2026-06-29T12:00:00+05:30,154.89,155.0,153.62,155.0,2705,0
2026-06-29T12:15:00+05:30,155.0,158.4,153.62,154.0,7098,0
2026-06-29T12:30:00+05:30,154.0,155.0,153.7,153.7,3322,0
2026-06-29T12:45:00+05:30,153.7,153.7,153.65,153.7,1116,0
2026-06-29T13:00:00+05:30,153.7,153.7,153.62,153.7,299,0
2026-06-29T13:15:00+05:30,153.65,153.7,153.62,153.7,1124,0
2026-06-29T13:30:00+05:30,153.7,153.7,153.62,153.62,514,0
2026-06-29T13:45:00+05:30,153.62,153.7,153.62,153.62,819,0
2026-06-29T14:00:00+05:30,153.62,154.0,153.62,154.0,3215,0
2026-06-29T14:15:00+05:30,153.7,160.0,153.7,160.0,6423,0
2026-06-29T14:30:00+05:30,160.0,161.0,160.0,160.0,14812,0
2026-06-29T14:45:00+05:30,160.0,161.0,160.0,161.0,1989,0
2026-06-29T15:00:00+05:30,161.0,162.48,161.0,162.0,7759,0
2026-06-29T15:15:00+05:30,162.0,162.0,162.0,162.0,2395,0
2026-06-30T09:15:00+05:30,162.0,165.92,162.0,164.0,4127,0
2026-06-30T09:30:00+05:30,163.5,165.0,157.0,165.0,4038,0
2026-06-30T09:45:00+05:30,165.0,165.0,160.0,161.0,3367,0
2026-06-30T10:00:00+05:30,162.0,163.99,162.0,163.0,356,0
2026-06-30T10:15:00+05:30,163.0,163.99,162.0,162.0,1057,0
2026-06-30T10:30:00+05:30,162.0,166.0,162.0,164.45,2536,0
2026-06-30T10:45:00+05:30,164.45,166.0,164.45,166.0,1805,0
2026-06-30T11:00:00+05:30,165.5,167.9,164.34,167.9,2845,0
2026-06-30T11:15:00+05:30,167.9,167.9,165.0,167.01,1623,0
2026-06-30T11:30:00+05:30,167.01,170.0,166.91,167.0,38812,0
2026-06-30T11:45:00+05:30,167.0,170.0,166.2,169.49,648,0
2026-06-30T12:00:00+05:30,169.49,169.5,166.21,169.5,1234,0
2026-06-30T12:15:00+05:30,169.5,169.5,168.5,168.5,978,0
2026-06-30T12:30:00+05:30,168.5,168.5,166.5,166.5,1092,0
2026-06-30T12:45:00+05:30,166.5,167.0,160.8,167.0,29790,0
2026-06-30T13:00:00+05:30,166.37,167.0,165.83,166.17,2195,0
2026-06-30T13:15:00+05:30,166.0,167.0,165.83,166.99,2715,0
2026-06-30T13:30:00+05:30,166.99,166.99,166.0,166.0,1211,0
2026-06-30T13:45:00+05:30,165.83,166.0,164.34,166.0,1464,0
2026-06-30T14:00:00+05:30,166.0,166.0,165.0,165.0,1821,0
2026-06-30T14:15:00+05:30,165.0,165.29,165.0,165.29,150,0
2026-06-30T14:30:00+05:30,165.29,166.0,165.0,166.0,802,0
2026-06-30T14:45:00+05:30,166.0,166.0,165.0,165.0,545,0
2026-06-30T15:00:00+05:30,165.0,168.0,165.0,165.0,5012,0
2026-06-30T15:15:00+05:30,165.0,169.0,165.0,167.95,4222,0
2026-07-01T09:15:00+05:30,169.0,169.0,164.0,164.06,2067,0
2026-07-01T09:30:00+05:30,164.1,168.0,163.5,166.5,5828,0
2026-07-01T09:45:00+05:30,166.5,166.5,161.65,166.49,1736,0
2026-07-01T10:00:00+05:30,166.49,166.49,164.89,164.89,172,0
2026-07-01T10:15:00+05:30,164.89,164.89,162.0,162.11,529,0
2026-07-01T10:30:00+05:30,162.11,165.0,162.11,164.88,1230,0
2026-07-01T10:45:00+05:30,164.88,164.88,162.5,163.95,462,0
2026-07-01T11:00:00+05:30,163.95,163.95,163.0,163.0,3,0
2026-07-01T11:15:00+05:30,163.0,164.0,163.0,164.0,948,0
2026-07-01T11:30:00+05:30,163.94,164.0,163.94,163.94,444,0
2026-07-01T11:45:00+05:30,163.94,164.0,163.0,163.0,1252,0
2026-07-01T12:00:00+05:30,163.0,164.0,163.0,163.1,75,0
2026-07-01T12:15:00+05:30,163.1,165.8,163.1,165.79,1493,0
2026-07-01T12:30:00+05:30,165.79,165.79,165.79,165.79,237,0
2026-07-01T12:45:00+05:30,165.79,165.79,163.0,163.0,500,0
2026-07-01T13:00:00+05:30,163.0,165.78,163.0,165.0,307,0
2026-07-01T13:15:00+05:30,165.0,165.0,163.0,165.0,857,0
2026-07-01T13:30:00+05:30,165.0,165.0,165.0,165.0,154,0
2026-07-01T13:45:00+05:30,162.63,165.0,162.55,165.0,607,0
2026-07-01T14:00:00+05:30,163.6,163.96,162.0,163.96,923,0
2026-07-01T14:15:00+05:30,163.96,163.96,163.96,163.96,126,0
2026-07-01T14:30:00+05:30,163.96,164.0,162.1,162.11,1304,0
2026-07-01T14:45:00+05:30,163.5,164.0,162.0,164.0,531,0
2026-07-01T15:00:00+05:30,164.0,164.0,161.1,161.1,803,0
2026-07-01T15:15:00+05:30,161.1,164.98,161.0,162.1,1883,0
2026-07-02T09:15:00+05:30,163.0,165.9,161.0,161.0,1047,0
2026-07-02T09:30:00+05:30,161.01,163.5,161.0,162.0,607,0
2026-07-02T09:45:00+05:30,163.5,165.5,161.0,161.0,1974,0
2026-07-02T10:00:00+05:30,161.0,163.99,161.0,163.9,441,0
2026-07-02T10:15:00+05:30,163.9,166.0,161.3,165.6,1537,0
2026-07-02T10:30:00+05:30,165.6,165.6,157.5,157.55,7404,0
2026-07-02T10:45:00+05:30,157.55,159.0,157.55,158.2,907,0
2026-07-02T11:00:00+05:30,158.2,163.89,158.2,159.78,69,0
2026-07-02T11:15:00+05:30,159.78,162.0,159.0,159.0,478,0
2026-07-02T11:30:00+05:30,159.0,162.9,158.25,162.9,1472,0
2026-07-02T11:45:00+05:30,162.9,162.9,162.9,162.9,0,0
2026-07-02T12:00:00+05:30,162.9,162.9,158.5,160.0,470,0
2026-07-02T12:15:00+05:30,160.0,160.0,160.0,160.0,280,0
2026-07-02T12:30:00+05:30,160.0,162.49,160.0,162.49,211,0
2026-07-02T12:45:00+05:30,162.49,162.49,160.0,160.0,100,0
2026-07-02T13:00:00+05:30,160.0,162.0,160.0,162.0,224,0
2026-07-02T13:15:00+05:30,162.0,162.0,160.0,160.0,2607,0
2026-07-02T13:30:00+05:30,160.0,160.0,160.0,160.0,0,0
2026-07-02T13:45:00+05:30,160.2,161.78,160.0,160.0,467,0
2026-07-02T14:00:00+05:30,160.0,161.35,160.0,161.35,2232,0
2026-07-02T14:15:00+05:30,161.35,161.7,161.0,161.0,290,0
2026-07-02T14:30:00+05:30,161.0,161.0,161.0,161.0,4001,0
2026-07-02T14:45:00+05:30,161.0,162.48,159.0,159.5,3953,0
2026-07-02T15:00:00+05:30,159.5,162.48,159.5,162.48,660,0
2026-07-02T15:15:00+05:30,162.48,162.48,160.08,160.08,1447,0
2026-07-03T09:15:00+05:30,161.36,162.16,161.36,161.36,607,0
2026-07-03T09:30:00+05:30,161.0,162.14,158.1,158.7,1301,0
2026-07-03T09:45:00+05:30,158.7,160.0,158.7,159.94,409,0
2026-07-03T10:00:00+05:30,159.94,160.0,159.0,160.0,1181,0
2026-07-03T10:15:00+05:30,159.0,160.0,159.0,160.0,212,0
2026-07-03T10:30:00+05:30,160.0,160.0,158.0,160.0,6361,0
2026-07-03T10:45:00+05:30,160.0,161.98,160.0,161.97,1579,0
2026-07-03T11:00:00+05:30,161.97,161.98,160.05,161.89,881,0
2026-07-03T11:15:00+05:30,161.89,161.89,160.05,160.05,225,0
2026-07-03T11:30:00+05:30,160.05,166.6,160.05,163.05,2654,0
2026-07-03T11:45:00+05:30,165.89,166.79,163.0,166.5,2043,0
2026-07-03T12:00:00+05:30,166.5,168.5,163.7,163.75,5138,0
2026-07-03T12:15:00+05:30,163.75,168.0,163.75,167.9,387,0
2026-07-03T12:30:00+05:30,167.9,168.0,166.0,168.0,2681,0
2026-07-03T12:45:00+05:30,168.3,168.42,164.2,164.2,1307,0
2026-07-03T13:00:00+05:30,164.2,165.0,164.2,165.0,170,0
2026-07-03T13:15:00+05:30,165.0,165.0,164.2,164.2,738,0
2026-07-03T13:30:00+05:30,164.2,165.0,164.2,165.0,556,0
2026-07-03T13:45:00+05:30,165.0,168.0,165.0,165.0,1459,0
2026-07-03T14:00:00+05:30,165.0,165.99,165.0,165.99,5,0
2026-07-03T14:15:00+05:30,165.99,165.99,162.0,162.0,8034,0
2026-07-03T14:30:00+05:30,162.0,163.0,161.2,163.0,3811,0
2026-07-03T14:45:00+05:30,163.0,163.8,161.0,161.6,1667,0
2026-07-03T15:00:00+05:30,161.6,162.0,157.0,162.0,11066,0
2026-07-03T15:15:00+05:30,162.0,164.0,158.0,161.99,1892,0
2026-07-06T09:15:00+05:30,156.0,164.8,156.0,161.0,5812,0
2026-07-06T09:30:00+05:30,161.0,161.19,161.0,161.0,679,0
2026-07-06T09:45:00+05:30,161.0,161.1,161.0,161.0,3139,0
2026-07-06T10:00:00+05:30,161.19,163.77,161.0,161.0,2615,0
2026-07-06T10:15:00+05:30,161.0,164.93,161.0,164.93,5435,0
2026-07-06T10:30:00+05:30,164.93,164.93,161.1,161.15,994,0
2026-07-06T10:45:00+05:30,163.5,163.89,162.11,162.38,649,0
2026-07-06T11:00:00+05:30,162.5,163.89,162.38,162.4,638,0
2026-07-06T11:15:00+05:30,162.4,162.4,161.65,161.7,2329,0
2026-07-06T11:30:00+05:30,162.01,162.01,161.87,162.0,1656,0
2026-07-06T11:45:00+05:30,162.0,163.7,162.0,163.7,2342,0
2026-07-06T12:00:00+05:30,163.7,163.75,162.0,163.75,797,0
2026-07-06T12:15:00+05:30,163.75,165.5,163.75,165.0,30676,0
2026-07-06T12:30:00+05:30,165.0,166.0,165.0,165.0,2690,0
2026-07-06T12:45:00+05:30,165.0,165.79,165.0,165.0,5460,0
2026-07-06T13:00:00+05:30,165.0,165.55,165.0,165.0,11565,0
2026-07-06T13:15:00+05:30,165.0,165.59,165.0,165.0,1456,0
2026-07-06T13:30:00+05:30,165.0,165.2,165.0,165.2,275,0
2026-07-06T13:45:00+05:30,165.2,165.2,165.2,165.2,569,0
2026-07-06T14:00:00+05:30,165.2,165.2,165.0,165.1,1096,0
2026-07-06T14:15:00+05:30,165.1,166.0,165.0,166.0,8089,0
2026-07-06T14:30:00+05:30,166.0,166.7,166.0,166.7,5637,0
2026-07-06T14:45:00+05:30,166.7,166.7,166.0,166.7,8529,0
2026-07-06T15:00:00+05:30,166.7,166.7,166.7,166.7,12935,0
2026-07-06T15:15:00+05:30,166.7,166.7,166.7,166.7,781,0
2026-07-07T09:15:00+05:30,166.7,169.0,165.0,165.0,2281,0
2026-07-07T09:30:00+05:30,165.0,167.0,165.0,165.01,667,0
2026-07-07T09:45:00+05:30,165.01,167.0,164.9,166.9,933,0
2026-07-07T10:00:00+05:30,166.86,166.86,164.9,164.9,162,0
2026-07-07T10:15:00+05:30,164.9,166.0,164.9,165.01,363,0
2026-07-07T10:30:00+05:30,165.01,168.0,165.0,167.61,7093,0
2026-07-07T10:45:00+05:30,167.6,167.61,166.0,167.5,1663,0
2026-07-07T11:00:00+05:30,167.5,167.5,167.4,167.4,274,0
2026-07-07T11:15:00+05:30,167.4,167.5,167.3,167.47,342,0
2026-07-07T11:30:00+05:30,167.47,167.5,166.0,167.5,1355,0
2026-07-07T11:45:00+05:30,167.5,167.5,165.05,165.05,423,0
2026-07-07T12:00:00+05:30,165.05,167.44,165.05,167.2,1138,0
2026-07-07T12:15:00+05:30,167.2,167.4,166.0,166.0,750,0
2026-07-07T12:30:00+05:30,166.0,167.39,166.0,167.39,2340,0
2026-07-07T12:45:00+05:30,167.39,167.39,167.0,167.0,351,0
2026-07-07T13:00:00+05:30,167.0,167.15,165.0,167.0,4260,0
2026-07-07T13:15:00+05:30,167.0,167.5,167.0,167.0,2665,0
2026-07-07T13:30:00+05:30,167.0,167.0,167.0,167.0,63,0
2026-07-07T13:45:00+05:30,167.0,167.5,167.0,167.0,319,0
2026-07-07T14:00:00+05:30,167.0,167.0,167.0,167.0,1420,0
2026-07-07T14:15:00+05:30,167.0,168.0,167.0,168.0,2795,0
2026-07-07T14:30:00+05:30,168.0,169.0,165.1,169.0,2925,0
2026-07-07T14:45:00+05:30,169.0,169.0,168.0,168.0,2235,0
2026-07-07T15:00:00+05:30,168.0,169.25,168.0,168.0,5872,0
2026-07-07T15:15:00+05:30,168.0,174.0,168.0,168.2,8588,0
2026-07-08T09:15:00+05:30,171.0,174.95,171.0,173.0,5622,0
2026-07-08T09:30:00+05:30,173.0,173.83,170.1,171.0,1280,0
2026-07-08T09:45:00+05:30,171.0,172.8,171.0,172.5,1387,0
2026-07-08T10:00:00+05:30,172.5,172.5,172.5,172.5,792,0
2026-07-08T10:15:00+05:30,172.5,173.0,172.05,172.55,993,0
2026-07-08T10:30:00+05:30,172.5,173.0,172.5,173.0,2600,0
2026-07-08T10:45:00+05:30,173.0,173.5,172.85,173.5,2432,0
2026-07-08T11:00:00+05:30,173.15,173.8,173.1,173.5,269,0
2026-07-08T11:15:00+05:30,173.5,173.8,173.5,173.8,940,0
2026-07-08T11:30:00+05:30,173.8,173.8,173.2,173.2,689,0
2026-07-08T11:45:00+05:30,173.25,174.0,172.75,174.0,1862,0
2026-07-08T12:00:00+05:30,174.0,174.6,173.2,174.6,4642,0
2026-07-08T12:15:00+05:30,174.6,174.7,174.6,174.7,1744,0
2026-07-08T12:30:00+05:30,174.7,174.95,174.6,174.75,1724,0
2026-07-08T12:45:00+05:30,174.8,174.95,174.8,174.95,3429,0
2026-07-08T13:00:00+05:30,174.94,175.0,174.94,174.94,2409,0
2026-07-08T13:15:00+05:30,174.99,175.0,174.86,174.86,1429,0
2026-07-08T13:30:00+05:30,174.86,174.86,174.32,174.64,1808,0
2026-07-08T13:45:00+05:30,174.64,174.64,173.21,174.6,4526,0
2026-07-08T14:00:00+05:30,174.6,174.6,162.1,165.0,10181,0
2026-07-08T14:15:00+05:30,165.9,166.0,165.0,165.2,6310,0
2026-07-08T14:30:00+05:30,165.0,165.6,161.65,161.65,12500,0
2026-07-08T14:45:00+05:30,161.65,164.95,161.65,164.5,4866,0
2026-07-08T15:00:00+05:30,164.5,165.0,162.4,165.0,4172,0
2026-07-08T15:15:00+05:30,165.1,168.0,162.0,166.15,4716,0
2026-07-09T09:15:00+05:30,166.7,167.88,165.8,167.88,2274,0
2026-07-09T09:30:00+05:30,167.88,167.88,166.5,167.0,807,0
2026-07-09T09:45:00+05:30,167.0,169.95,167.0,168.0,489,0
2026-07-09T10:00:00+05:30,168.01,171.6,168.01,171.4,1017,0
2026-07-09T10:15:00+05:30,171.4,171.4,166.55,166.55,969,0
2026-07-09T10:30:00+05:30,166.59,170.0,166.5,166.55,902,0
2026-07-09T10:45:00+05:30,169.3,170.51,166.55,170.0,872,0
2026-07-09T11:00:00+05:30,170.0,171.5,167.0,167.01,1192,0
2026-07-09T11:15:00+05:30,167.01,167.93,167.01,167.05,267,0
2026-07-09T11:30:00+05:30,168.0,168.1,167.05,167.1,1441,0
2026-07-09T11:45:00+05:30,167.1,169.97,167.0,167.0,1081,0
2026-07-09T12:00:00+05:30,167.0,168.0,167.0,168.0,270,0
2026-07-09T12:15:00+05:30,168.0,170.85,168.0,170.0,255,0
2026-07-09T12:30:00+05:30,170.0,173.96,170.0,173.1,7562,0
2026-07-09T12:45:00+05:30,173.1,173.96,170.55,173.96,3968,0
2026-07-09T13:00:00+05:30,173.96,173.96,171.2,173.0,1460,0
2026-07-09T13:15:00+05:30,173.0,173.96,171.21,173.0,2411,0
2026-07-09T13:30:00+05:30,173.0,173.96,171.22,173.76,3099,0
2026-07-09T13:45:00+05:30,173.76,173.9,171.1,173.0,2520,0
2026-07-09T14:00:00+05:30,173.0,173.96,172.94,173.0,4809,0
2026-07-09T14:15:00+05:30,173.0,173.96,173.0,173.96,2023,0
2026-07-09T14:30:00+05:30,173.96,173.96,173.96,173.96,1448,0
2026-07-09T14:45:00+05:30,173.96,173.96,173.96,173.96,105,0
2026-07-09T15:00:00+05:30,173.96,173.96,173.0,173.0,4837,0
2026-07-09T15:15:00+05:30,173.0,173.96,173.0,173.05,5091,0
2026-07-10T09:15:00+05:30,175.7,180.0,174.0,176.99,5513,0
2026-07-10T09:30:00+05:30,176.99,177.89,175.0,176.99,2327,0
2026-07-10T09:45:00+05:30,176.99,176.99,175.0,176.6,539,0
2026-07-10T10:00:00+05:30,176.6,176.6,175.15,175.2,413,0
2026-07-10T10:15:00+05:30,175.2,175.5,175.0,175.0,2092,0
2026-07-10T10:30:00+05:30,174.5,175.0,173.5,174.99,621,0
2026-07-10T10:45:00+05:30,174.99,174.99,174.99,174.99,147,0
2026-07-10T11:00:00+05:30,174.99,174.99,170.88,173.04,770,0
2026-07-10T11:15:00+05:30,173.04,173.04,173.04,173.04,77,0
2026-07-10T11:30:00+05:30,173.04,173.9,173.04,173.04,564,0
2026-07-10T11:45:00+05:30,173.04,173.39,173.04,173.39,804,0
2026-07-10T12:00:00+05:30,173.39,173.42,173.3,173.42,874,0
2026-07-10T12:15:00+05:30,173.42,173.42,173.3,173.3,277,0
2026-07-10T12:30:00+05:30,173.3,175.95,173.3,175.95,4331,0
2026-07-10T12:45:00+05:30,175.95,175.95,173.04,174.56,259,0
2026-07-10T13:00:00+05:30,174.56,174.56,173.0,173.15,217,0
2026-07-10T13:15:00+05:30,173.25,173.25,173.25,173.25,113,0
2026-07-10T13:30:00+05:30,173.25,173.45,173.25,173.45,195,0
2026-07-10T13:45:00+05:30,173.45,177.0,173.45,174.5,1756,0
2026-07-10T14:00:00+05:30,174.5,174.5,174.5,174.5,263,0
2026-07-10T14:15:00+05:30,175.0,175.0,174.55,174.55,382,0
2026-07-10T14:30:00+05:30,174.55,174.55,174.55,174.55,151,0
2026-07-10T14:45:00+05:30,174.55,175.05,172.6,172.6,901,0
2026-07-10T15:00:00+05:30,172.6,174.0,170.0,173.25,3857,0
2026-07-10T15:15:00+05:30,173.25,173.99,170.0,173.9,4479,0
2026-07-13T09:15:00+05:30,176.9,176.9,170.0,172.86,3723,0
2026-07-13T09:30:00+05:30,172.86,174.94,172.0,173.0,628,0
2026-07-13T09:45:00+05:30,173.0,173.0,172.95,173.0,691,0
2026-07-13T10:00:00+05:30,173.0,173.0,171.0,171.0,1438,0
2026-07-13T10:15:00+05:30,171.0,173.0,171.0,173.0,876,0
2026-07-13T10:30:00+05:30,173.0,173.0,172.62,173.0,327,0
2026-07-13T10:45:00+05:30,173.0,174.0,172.35,174.0,605,0
2026-07-13T11:00:00+05:30,174.0,180.1,174.0,179.3,32286,0
2026-07-13T11:15:00+05:30,179.3,179.4,176.0,178.0,2394,0
2026-07-13T11:30:00+05:30,178.0,180.0,176.7,180.0,5365,0
2026-07-13T11:45:00+05:30,179.55,180.0,177.25,177.51,1901,0
2026-07-13T12:00:00+05:30,177.52,179.9,177.52,177.55,2114,0
2026-07-13T12:15:00+05:30,179.5,179.5,177.39,177.51,920,0
2026-07-13T12:30:00+05:30,177.51,177.51,176.5,177.51,605,0
2026-07-13T12:45:00+05:30,177.51,178.0,176.5,176.5,69,0
2026-07-13T13:00:00+05:30,176.5,179.9,176.45,176.7,6709,0
2026-07-13T13:15:00+05:30,176.7,177.16,176.7,176.7,103,0
2026-07-13T13:30:00+05:30,176.7,179.0,176.7,177.19,1417,0
2026-07-13T13:45:00+05:30,179.01,180.1,177.1,178.0,61365,0
2026-07-13T14:00:00+05:30,180.09,180.09,177.0,178.0,1737,0
2026-07-13T14:15:00+05:30,178.99,180.0,178.3,180.0,2103,0
2026-07-13T14:30:00+05:30,179.8,180.0,178.0,179.0,2313,0
2026-07-13T14:45:00+05:30,179.9,180.1,177.0,180.0,6166,0
2026-07-13T15:00:00+05:30,179.8,180.1,176.7,177.95,12457,0
2026-07-13T15:15:00+05:30,179.0,180.1,176.7,178.34,2944,0
2026-07-14T09:15:00+05:30,179.6,179.6,176.0,179.0,5304,0
2026-07-14T09:30:00+05:30,179.0,179.6,173.0,173.0,4545,0
2026-07-14T09:45:00+05:30,174.0,180.1,172.0,180.1,6044,0
2026-07-14T10:00:00+05:30,179.99,181.0,174.6,175.6,3414,0
2026-07-14T10:15:00+05:30,175.6,179.8,175.6,175.61,1355,0
2026-07-14T10:30:00+05:30,175.61,179.13,175.01,179.0,1017,0
2026-07-14T10:45:00+05:30,176.76,176.76,176.76,176.76,557,0
2026-07-14T11:00:00+05:30,178.8,178.8,178.79,178.8,367,0
2026-07-14T11:15:00+05:30,178.8,178.8,176.76,176.76,14,0
2026-07-14T11:30:00+05:30,176.76,178.8,176.76,177.0,45,0
2026-07-14T11:45:00+05:30,177.0,178.74,177.0,178.74,9,0
2026-07-14T12:00:00+05:30,178.74,178.74,175.5,178.74,2076,0
2026-07-14T12:15:00+05:30,178.74,178.8,175.56,175.6,362,0
2026-07-14T12:30:00+05:30,175.6,179.76,175.6,179.76,650,0
2026-07-14T12:45:00+05:30,179.76,179.76,175.8,175.9,1180,0
2026-07-14T13:00:00+05:30,175.9,178.99,175.9,176.0,505,0
2026-07-14T13:15:00+05:30,176.0,178.0,176.0,176.01,110,0
2026-07-14T13:30:00+05:30,176.01,177.0,176.01,177.0,91,0
2026-07-14T13:45:00+05:30,177.0,177.0,176.0,176.0,44,0
2026-07-14T14:00:00+05:30,176.0,176.01,176.0,176.01,843,0
2026-07-14T14:15:00+05:30,176.01,177.0,176.01,177.0,201,0
2026-07-14T14:30:00+05:30,177.0,177.0,175.6,175.6,1289,0
2026-07-14T14:45:00+05:30,175.6,177.99,175.6,177.99,260,0
2026-07-14T15:00:00+05:30,177.99,179.8,176.1,176.1,4514,0
2026-07-14T15:15:00+05:30,176.1,179.1,176.1,177.05,987,0
2026-07-15T09:15:00+05:30,181.8,182.67,176.1,180.0,7874,0
2026-07-15T09:30:00+05:30,180.0,182.0,179.0,179.0,6766,0
2026-07-15T09:45:00+05:30,179.0,182.0,176.3,177.11,1734,0
2026-07-15T10:00:00+05:30,177.11,177.56,177.11,177.5,1277,0
2026-07-15T10:15:00+05:30,177.5,178.5,177.5,177.5,540,0
2026-07-15T10:30:00+05:30,177.5,180.0,177.5,179.0,963,0
2026-07-15T10:45:00+05:30,179.0,179.0,178.5,178.5,55,0
2026-07-15T11:00:00+05:30,178.5,179.0,178.5,179.0,15,0
2026-07-15T11:15:00+05:30,179.0,179.0,178.0,178.0,397,0
2026-07-15T11:30:00+05:30,178.0,178.0,178.0,178.0,100,0
2026-07-15T11:45:00+05:30,178.0,178.0,177.51,177.51,436,0
2026-07-15T12:00:00+05:30,177.51,177.52,177.3,177.3,850,0
2026-07-15T12:15:00+05:30,177.3,177.3,177.15,177.3,331,0
2026-07-15T12:30:00+05:30,177.3,177.3,177.1,177.1,190,0
2026-07-15T12:45:00+05:30,177.1,177.3,177.08,177.08,357,0
2026-07-15T13:00:00+05:30,177.08,177.1,177.08,177.1,188,0
2026-07-15T13:15:00+05:30,177.1,177.6,177.1,177.6,152,0
2026-07-15T13:30:00+05:30,177.6,179.75,177.6,179.1,46,0
2026-07-15T13:45:00+05:30,179.1,179.1,179.1,179.1,93,0
2026-07-15T14:00:00+05:30,179.1,179.1,177.08,179.0,410,0
2026-07-15T14:15:00+05:30,178.0,179.0,178.0,179.0,790,0
2026-07-15T14:30:00+05:30,178.0,178.5,178.0,178.5,295,0
2026-07-15T14:45:00+05:30,178.5,180.3,178.0,180.3,3515,0
2026-07-15T15:00:00+05:30,180.3,181.0,179.2,181.0,4591,0
2026-07-15T15:15:00+05:30,181.0,182.5,180.9,181.6,5449,0
2026-07-16T09:15:00+05:30,181.0,181.0,173.2,175.69,3560,0
2026-07-16T09:30:00+05:30,173.3,178.35,172.07,174.1,9732,0
2026-07-16T09:45:00+05:30,174.1,180.85,174.1,179.95,1785,0
2026-07-16T10:00:00+05:30,179.95,179.95,178.0,178.0,99,0
2026-07-16T10:15:00+05:30,178.0,178.0,175.1,177.88,627,0
2026-07-16T10:30:00+05:30,177.88,177.88,176.0,176.0,376,0
2026-07-16T10:45:00+05:30,176.0,177.8,175.3,177.0,796,0
2026-07-16T11:00:00+05:30,177.0,177.79,176.0,177.0,626,0
2026-07-16T11:15:00+05:30,177.0,177.0,177.0,177.0,140,0
2026-07-16T11:30:00+05:30,177.0,177.0,176.0,176.9,191,0
2026-07-16T11:45:00+05:30,176.9,176.9,176.12,176.12,80,0
2026-07-16T12:00:00+05:30,176.12,176.12,175.95,175.95,1037,0
2026-07-16T12:15:00+05:30,175.96,176.0,175.8,176.0,341,0
2026-07-16T12:30:00+05:30,176.0,176.0,175.9,176.0,835,0
2026-07-16T12:45:00+05:30,176.0,188.0,175.9,187.8,59702,0
2026-07-16T13:00:00+05:30,187.8,190.17,186.0,190.17,51104,0
2026-07-16T13:15:00+05:30,190.17,190.17,190.17,190.17,6451,0
2026-07-16T13:30:00+05:30,190.17,190.17,190.17,190.17,26523,0
2026-07-16T13:45:00+05:30,190.17,190.17,190.17,190.17,1071,0
2026-07-16T14:00:00+05:30,190.17,190.17,190.17,190.17,5447,0
2026-07-16T14:15:00+05:30,190.17,190.17,190.17,190.17,5411,0
2026-07-16T14:30:00+05:30,190.17,190.17,190.17,190.17,2263,0
2026-07-16T14:45:00+05:30,190.17,190.17,190.17,190.17,1434,0
2026-07-16T15:00:00+05:30,190.17,190.17,190.17,190.17,1782,0
2026-07-16T15:15:00+05:30,190.17,190.17,190.17,190.17,6939,0
2026-07-17T09:15:00+05:30,199.0,199.67,195.15,198.0,133144,0
2026-07-17T09:30:00+05:30,198.0,199.0,196.0,198.7,16229,0
2026-07-17T09:45:00+05:30,198.65,199.67,196.0,199.67,24146,0
2026-07-17T10:00:00+05:30,199.67,199.67,195.0,198.0,14353,0
2026-07-17T10:15:00+05:30,198.0,199.67,198.0,199.67,7452,0
2026-07-17T10:30:00+05:30,199.67,199.67,199.67,199.67,2585,0
2026-07-17T10:45:00+05:30,199.67,199.67,199.67,199.67,3211,0
2026-07-17T11:00:00+05:30,199.67,199.67,199.67,199.67,1495,0
2026-07-17T11:15:00+05:30,199.67,199.67,199.67,199.67,2673,0
2026-07-17T11:30:00+05:30,199.67,199.67,199.67,199.67,7346,0
2026-07-17T11:45:00+05:30,199.67,199.67,199.67,199.67,4805,0
2026-07-17T12:00:00+05:30,199.67,199.67,199.67,199.67,380,0
2026-07-17T12:15:00+05:30,199.67,199.67,199.67,199.67,1971,0
2026-07-17T12:30:00+05:30,199.67,199.67,199.67,199.67,476,0
2026-07-17T12:45:00+05:30,199.67,199.67,199.67,199.67,397,0
2026-07-17T13:00:00+05:30,199.67,199.67,199.67,199.67,1856,0
2026-07-17T13:15:00+05:30,199.67,199.67,199.67,199.67,1059,0
2026-07-17T13:30:00+05:30,199.67,199.67,199.67,199.67,624,0
2026-07-17T13:45:00+05:30,199.67,199.67,199.67,199.67,1700,0
2026-07-17T14:00:00+05:30,199.67,199.67,199.67,199.67,570,0
2026-07-17T14:15:00+05:30,199.67,199.67,199.67,199.67,929,0
2026-07-17T14:30:00+05:30,199.67,199.67,199.67,199.67,1141,0
2026-07-17T14:45:00+05:30,199.67,199.67,199.67,199.67,534,0
2026-07-17T15:00:00+05:30,199.67,199.67,199.67,199.67,610,0
2026-07-17T15:15:00+05:30,199.67,199.67,199.67,199.67,1851,0
2026-07-20T09:15:00+05:30,209.65,209.65,201.67,209.65,164484,0
2026-07-20T09:30:00+05:30,209.62,209.65,207.0,209.65,22192,0
2026-07-20T09:45:00+05:30,209.65,209.65,209.0,209.65,18867,0
2026-07-20T10:00:00+05:30,209.65,209.65,209.65,209.65,29135,0
2026-07-20T10:15:00+05:30,209.65,209.65,209.65,209.65,1041,0
2026-07-20T10:30:00+05:30,209.65,209.65,209.65,209.65,103,0
2026-07-20T10:45:00+05:30,209.65,209.65,209.65,209.65,3275,0
2026-07-20T11:00:00+05:30,209.65,209.65,209.65,209.65,2824,0
2026-07-20T11:15:00+05:30,209.65,209.65,209.65,209.65,1418,0
2026-07-20T11:30:00+05:30,209.65,209.65,209.65,209.65,591,0
2026-07-20T11:45:00+05:30,209.65,209.65,209.65,209.65,314,0
2026-07-20T12:00:00+05:30,209.65,209.65,209.65,209.65,135,0
2026-07-20T12:15:00+05:30,209.65,209.65,209.65,209.65,701,0
2026-07-20T12:30:00+05:30,209.65,209.65,209.65,209.65,271,0
2026-07-20T12:45:00+05:30,209.65,209.65,209.65,209.65,31,0
2026-07-20T13:00:00+05:30,209.65,209.65,209.65,209.65,59,0
2026-07-20T13:15:00+05:30,209.65,209.65,209.65,209.65,127,0
2026-07-20T13:30:00+05:30,209.65,209.65,209.65,209.65,55,0
2026-07-20T13:45:00+05:30,209.65,209.65,209.65,209.65,25,0
2026-07-20T14:00:00+05:30,209.65,209.65,209.65,209.65,500,0
2026-07-20T14:15:00+05:30,209.65,209.65,209.65,209.65,121,0
2026-07-20T14:30:00+05:30,209.65,209.65,209.65,209.65,674,0
2026-07-20T14:45:00+05:30,209.65,209.65,209.65,209.65,684,0
2026-07-20T15:00:00+05:30,209.65,209.65,209.65,209.65,1563,0
2026-07-20T15:15:00+05:30,209.65,209.65,209.65,209.65,218,0
2026-07-21T09:15:00+05:30,213.4,213.4,199.17,202.95,56021,0
2026-07-21T09:30:00+05:30,202.95,206.0,200.0,206.0,15564,0
2026-07-21T09:45:00+05:30,205.7,206.0,203.0,205.9,6656,0
2026-07-21T10:00:00+05:30,205.9,207.0,203.1,205.95,11419,0
2026-07-21T10:15:00+05:30,205.95,209.0,203.1,209.0,6483,0
2026-07-21T10:30:00+05:30,208.99,209.0,203.1,204.3,7256,0
2026-07-21T10:45:00+05:30,208.88,208.88,204.35,207.0,622,0
2026-07-21T11:00:00+05:30,207.0,209.94,205.1,209.9,13987,0
2026-07-21T11:15:00+05:30,209.85,211.0,207.6,210.95,2846,0
2026-07-21T11:30:00+05:30,211.0,212.7,208.0,212.0,4165,0
2026-07-21T11:45:00+05:30,212.7,213.0,212.0,212.5,3345,0
2026-07-21T12:00:00+05:30,212.5,213.0,210.0,212.0,3480,0
2026-07-21T12:15:00+05:30,211.96,213.1,209.5,213.0,4640,0
2026-07-21T12:30:00+05:30,213.1,218.0,213.1,216.8,16499,0
2026-07-21T12:45:00+05:30,216.87,220.13,216.87,220.13,63104,0
2026-07-21T13:00:00+05:30,220.13,220.13,220.13,220.13,23218,0
2026-07-21T13:15:00+05:30,220.13,220.13,213.1,220.0,18898,0
2026-07-21T13:30:00+05:30,220.0,220.13,216.0,220.12,3520,0
2026-07-21T13:45:00+05:30,220.12,220.13,220.0,220.12,3520,0
2026-07-21T14:00:00+05:30,220.12,220.12,218.0,220.07,5260,0
2026-07-21T14:15:00+05:30,220.1,220.13,220.07,220.13,5345,0
2026-07-21T14:30:00+05:30,220.13,220.13,219.0,220.13,15828,0
2026-07-21T14:45:00+05:30,220.13,220.13,220.13,220.13,494,0
2026-07-21T15:00:00+05:30,220.13,220.13,220.13,220.13,4167,0
2026-07-21T15:15:00+05:30,220.13,220.13,220.13,220.13,9458,0
2026-07-22T09:15:00+05:30,220.11,220.11,208.1,212.0,16055,0
2026-07-22T09:30:00+05:30,211.16,214.0,207.23,210.5,24147,0
2026-07-22T09:45:00+05:30,210.0,212.99,210.0,212.8,4680,0
2026-07-22T10:00:00+05:30,212.79,214.0,212.0,213.0,4760,0
2026-07-22T10:15:00+05:30,213.0,213.0,211.0,211.0,1277,0
2026-07-22T10:30:00+05:30,211.0,214.5,211.0,212.36,3689,0
2026-07-22T10:45:00+05:30,212.0,213.99,211.0,213.98,1572,0
2026-07-22T11:00:00+05:30,211.0,214.0,210.0,213.2,2711,0
2026-07-22T11:15:00+05:30,213.0,213.0,209.0,212.0,1933,0
2026-07-22T11:30:00+05:30,212.0,212.0,209.0,210.0,2065,0
2026-07-22T11:45:00+05:30,210.0,216.8,209.7,215.95,6358,0
2026-07-22T12:00:00+05:30,215.95,215.95,210.0,214.99,839,0
2026-07-22T12:15:00+05:30,214.99,214.99,210.0,214.5,535,0
2026-07-22T12:30:00+05:30,214.5,214.5,210.01,214.4,579,0
2026-07-22T12:45:00+05:30,214.4,214.4,210.01,214.39,142,0
2026-07-22T13:00:00+05:30,214.39,214.39,208.1,209.0,1122,0
2026-07-22T13:15:00+05:30,209.01,213.39,209.0,209.0,3963,0
2026-07-22T13:30:00+05:30,209.0,211.1,208.1,208.1,725,0
2026-07-22T13:45:00+05:30,209.0,212.5,207.25,210.7,2731,0
2026-07-22T14:00:00+05:30,210.7,210.7,207.23,207.23,5951,0
2026-07-22T14:15:00+05:30,207.23,210.45,207.23,210.35,4362,0
2026-07-22T14:30:00+05:30,210.35,210.45,207.23,210.4,2979,0
2026-07-22T14:45:00+05:30,210.4,210.4,207.23,207.5,7156,0
2026-07-22T15:00:00+05:30,207.5,209.3,207.23,208.0,4065,0
2026-07-22T15:15:00+05:30,209.0,210.4,207.23,208.4,4334,0
2026-07-23T09:15:00+05:30,216.0,216.0,208.0,212.8,14120,0
2026-07-23T09:30:00+05:30,210.0,216.8,210.0,214.85,14626,0
2026-07-23T09:45:00+05:30,214.85,216.0,213.0,215.0,3827,0
2026-07-23T10:00:00+05:30,216.0,216.5,214.0,216.5,2284,0
2026-07-23T10:15:00+05:30,216.5,217.7,213.5,214.0,5734,0
2026-07-23T10:30:00+05:30,214.0,217.0,213.2,215.5,4065,0
2026-07-23T10:45:00+05:30,217.0,218.06,217.0,218.06,30294,0
2026-07-23T11:00:00+05:30,218.06,218.06,215.5,218.06,12889,0
2026-07-23T11:15:00+05:30,218.06,218.06,218.06,218.06,3240,0
2026-07-23T11:30:00+05:30,218.06,218.06,218.06,218.06,59,0
2026-07-23T11:45:00+05:30,218.06,218.06,218.06,218.06,4327,0
2026-07-23T12:00:00+05:30,218.06,218.06,218.06,218.06,251,0
2026-07-23T12:15:00+05:30,218.06,218.06,218.06,218.06,54,0
2026-07-23T12:30:00+05:30,218.06,218.06,218.06,218.06,3616,0
2026-07-23T12:45:00+05:30,218.06,218.06,218.06,218.06,1136,0
2026-07-23T13:00:00+05:30,218.06,218.06,218.06,218.06,10691,0
2026-07-23T13:15:00+05:30,218.06,218.06,218.06,218.06,5037,0
2026-07-23T13:30:00+05:30,218.06,218.06,218.0,218.06,1768,0
2026-07-23T13:45:00+05:30,218.06,218.06,214.3,214.55,1584,0
2026-07-23T14:00:00+05:30,214.55,218.06,214.55,216.0,1567,0
2026-07-23T14:15:00+05:30,216.0,218.0,215.0,217.0,1543,0
2026-07-23T14:30:00+05:30,217.0,218.06,214.0,218.06,2360,0
2026-07-23T14:45:00+05:30,218.06,218.06,215.0,216.0,712,0
2026-07-23T15:00:00+05:30,217.08,217.1,214.4,214.4,2406,0
2026-07-23T15:15:00+05:30,214.4,218.06,211.75,218.0,9227,0
2026-07-24T09:15:00+05:30,214.4,214.4,206.11,209.0,6501,0
2026-07-24T09:30:00+05:30,209.0,213.85,208.05,209.96,2266,0
2026-07-24T09:45:00+05:30,212.88,212.88,209.8,211.25,595,0
2026-07-24T10:00:00+05:30,210.0,211.22,208.05,211.19,2296,0
2026-07-24T10:15:00+05:30,211.19,211.25,208.0,210.0,9044,0
2026-07-24T10:30:00+05:30,210.0,210.0,208.2,210.0,2252,0
2026-07-24T10:45:00+05:30,210.0,210.0,208.2,209.8,2050,0
2026-07-24T11:00:00+05:30,209.8,211.25,207.1,211.24,3227,0
2026-07-24T11:15:00+05:30,211.24,211.24,208.6,211.0,514,0
2026-07-24T11:30:00+05:30,211.0,213.0,208.65,211.83,989,0
2026-07-24T11:45:00+05:30,211.83,211.83,210.0,211.79,871,0
2026-07-24T12:00:00+05:30,211.79,211.99,210.1,211.87,545,0
2026-07-24T12:15:00+05:30,211.86,213.0,210.1,212.95,2088,0
2026-07-24T12:30:00+05:30,212.95,213.0,212.0,212.0,2925,0
2026-07-24T12:45:00+05:30,213.0,215.25,212.0,215.25,4381,0
2026-07-24T13:00:00+05:30,215.25,215.5,211.05,215.0,3659,0
2026-07-24T13:15:00+05:30,215.0,216.0,211.1,211.1,2246,0
2026-07-24T13:30:00+05:30,211.1,215.75,211.05,214.0,2476,0
2026-07-24T13:45:00+05:30,214.0,217.5,214.0,215.07,1804,0
2026-07-24T14:00:00+05:30,217.6,217.65,214.0,217.0,399,0
2026-07-24T14:15:00+05:30,214.0,216.97,214.0,214.0,192,0
2026-07-24T14:30:00+05:30,214.0,216.59,211.12,213.9,381,0
2026-07-24T14:45:00+05:30,213.9,216.0,211.1,212.0,2451,0
2026-07-24T15:00:00+05:30,212.0,215.0,212.0,214.92,2064,0
2026-07-24T15:15:00+05:30,214.92,215.0,212.0,215.0,2674,0
2026-07-27T09:15:00+05:30,214.98,215.9,208.05,209.0,13980,0
2026-07-27T09:30:00+05:30,209.0,214.3,207.0,208.0,3012,0
2026-07-27T09:45:00+05:30,211.0,211.0,209.0,210.0,2318,0
2026-07-27T10:00:00+05:30,211.0,214.3,209.0,209.0,2975,0
2026-07-27T10:15:00+05:30,209.1,212.0,208.5,208.5,1017,0
2026-07-27T10:30:00+05:30,209.0,210.0,208.5,209.95,2914,0
2026-07-27T10:45:00+05:30,209.95,209.95,208.91,209.0,42,0
2026-07-27T11:00:00+05:30,209.0,211.88,208.0,211.88,2592,0
2026-07-27T11:15:00+05:30,211.88,211.88,210.99,210.99,32,0
2026-07-27T11:30:00+05:30,210.99,210.99,207.09,208.0,2048,0
2026-07-27T11:45:00+05:30,210.0,212.0,208.01,212.0,7054,0
2026-07-27T12:00:00+05:30,212.0,212.0,210.0,212.0,5586,0
2026-07-27T12:15:00+05:30,212.0,213.44,211.0,213.44,8888,0
2026-07-27T12:30:00+05:30,213.0,224.0,212.0,219.2,28197,0
2026-07-27T12:45:00+05:30,219.2,219.2,213.0,217.91,254,0
2026-07-27T13:00:00+05:30,217.91,220.0,213.0,220.0,1981,0
2026-07-27T13:15:00+05:30,220.0,222.0,214.0,215.5,1941,0
2026-07-27T13:30:00+05:30,221.5,222.0,215.75,216.0,1855,0
2026-07-27T13:45:00+05:30,221.95,221.95,217.77,217.77,1024,0
2026-07-27T14:00:00+05:30,221.8,222.0,218.0,218.0,904,0
2026-07-27T14:15:00+05:30,218.0,222.0,217.77,219.97,7371,0
2026-07-27T14:30:00+05:30,219.97,220.0,215.75,215.75,1256,0
2026-07-27T14:45:00+05:30,215.75,219.9,215.55,215.55,834,0
2026-07-27T15:00:00+05:30,215.55,219.0,215.55,217.0,233,0
2026-07-27T15:15:00+05:30,217.0,219.0,215.55,217.0,2493,0
2026-07-28T09:15:00+05:30,218.9,220.0,217.46,217.46,2734,0
2026-07-28T09:30:00+05:30,218.2,218.2,210.01,212.0,2657,0
2026-07-28T09:45:00+05:30,212.0,212.0,209.25,211.0,3687,0
2026-07-28T10:00:00+05:30,211.0,212.0,210.0,212.0,2897,0
2026-07-28T10:15:00+05:30,212.0,212.0,210.0,210.3,1292,0
2026-07-28T10:30:00+05:30,210.3,220.0,210.3,220.0,6979,0
2026-07-28T10:45:00+05:30,220.0,220.0,213.1,215.0,373,0
2026-07-28T11:00:00+05:30,215.0,219.0,215.0,219.0,1055,0
2026-07-28T11:15:00+05:30,219.0,219.0,214.0,219.0,308,0
2026-07-28T11:30:00+05:30,219.0,223.0,219.0,223.0,11393,0
2026-07-28T11:45:00+05:30,220.0,223.95,220.0,223.9,1089,0
2026-07-28T12:00:00+05:30,223.0,223.9,222.8,223.8,1395,0
2026-07-28T12:15:00+05:30,223.8,223.85,222.8,223.8,3235,0
2026-07-28T12:30:00+05:30,223.8,223.8,223.0,223.5,690,0
2026-07-28T12:45:00+05:30,223.5,224.45,222.8,224.35,7870,0
2026-07-28T13:00:00+05:30,224.0,225.95,224.0,225.5,2687,0
2026-07-28T13:15:00+05:30,225.5,226.0,225.0,225.0,4500,0
2026-07-28T13:30:00+05:30,226.0,226.5,225.0,226.0,952,0
2026-07-28T13:45:00+05:30,226.0,226.0,225.0,225.9,1175,0
2026-07-28T14:00:00+05:30,225.9,227.8,225.9,227.65,6480,0
2026-07-28T14:15:00+05:30,227.65,227.8,225.0,227.0,1821,0
2026-07-28T14:30:00+05:30,226.54,227.95,225.0,226.8,6656,0
2026-07-28T14:45:00+05:30,225.0,226.8,224.6,225.0,1989,0
2026-07-28T15:00:00+05:30,226.8,227.95,225.0,227.3,2997,0
2026-07-28T15:15:00+05:30,227.0,227.95,225.05,227.0,4027,0
2026-07-29T09:15:00+05:30,227.94,231.6,218.5,227.0,25389,0
2026-07-29T09:30:00+05:30,221.9,226.9,220.1,221.68,3983,0
2026-07-29T09:45:00+05:30,221.0,222.0,220.15,220.2,7417,0
2026-07-29T10:00:00+05:30,220.2,224.22,220.2,222.0,7701,0
2026-07-29T10:15:00+05:30,224.8,226.0,224.0,224.99,3437,0
2026-07-29T10:30:00+05:30,224.99,226.0,224.99,225.0,1003,0
2026-07-29T10:45:00+05:30,225.0,226.0,225.0,225.05,1873,0
2026-07-29T11:00:00+05:30,225.05,226.0,225.05,225.05,1613,0
2026-07-29T11:15:00+05:30,225.05,226.0,225.05,225.95,1263,0
2026-07-29T11:30:00+05:30,225.95,227.0,225.05,225.6,4109,0
2026-07-29T11:45:00+05:30,225.05,226.3,225.05,226.3,1565,0
2026-07-29T12:00:00+05:30,226.3,226.3,225.6,226.3,1635,0
2026-07-29T12:15:00+05:30,226.3,227.1,225.6,227.1,1794,0
2026-07-29T12:30:00+05:30,227.1,227.5,222.0,227.0,2864,0
2026-07-29T12:45:00+05:30,227.0,227.5,222.26,227.5,2948,0
2026-07-29T13:00:00+05:30,227.0,227.7,222.0,227.7,2234,0
2026-07-29T13:15:00+05:30,227.7,227.7,222.26,225.0,535,0
2026-07-29T13:30:00+05:30,223.95,223.95,222.84,222.84,991,0
2026-07-29T13:45:00+05:30,222.28,222.99,222.0,222.99,1542,0
2026-07-29T14:00:00+05:30,222.99,222.99,222.0,222.0,487,0
2026-07-29T14:15:00+05:30,222.99,222.99,222.99,222.99,707,0
2026-07-29T14:30:00+05:30,222.99,224.95,221.0,222.0,949,0
2026-07-29T14:45:00+05:30,222.0,222.0,220.05,220.05,3838,0
2026-07-29T15:00:00+05:30,220.05,221.76,218.0,218.0,4182,0
2026-07-29T15:15:00+05:30,218.0,220.6,218.0,220.0,2498,0
2026-07-30T09:15:00+05:30,216.0,221.25,208.61,211.42,12189,0
2026-07-30T09:30:00+05:30,215.9,216.0,210.01,215.9,1650,0
2026-07-30T09:45:00+05:30,215.9,215.9,211.0,214.0,1823,0
2026-07-30T10:00:00+05:30,211.5,214.0,211.5,211.5,925,0
2026-07-30T10:15:00+05:30,211.5,214.0,210.0,211.0,2444,0
2026-07-30T10:30:00+05:30,211.0,214.0,211.0,211.0,166,0
2026-07-30T10:45:00+05:30,211.0,214.95,210.0,214.95,5585,0
2026-07-30T11:00:00+05:30,214.95,214.95,210.5,213.45,678,0
2026-07-30T11:15:00+05:30,210.5,213.99,210.1,213.12,1040,0
2026-07-30T11:30:00+05:30,213.12,213.79,210.5,213.79,268,0
2026-07-30T11:45:00+05:30,213.79,213.79,212.49,212.49,239,0
2026-07-30T12:00:00+05:30,212.49,212.49,212.0,212.0,227,0
2026-07-30T12:15:00+05:30,212.47,212.48,211.0,211.0,1005,0
2026-07-30T12:30:00+05:30,211.0,212.0,210.25,210.33,1297,0
2026-07-30T12:45:00+05:30,210.33,211.9,210.3,211.9,101,0
2026-07-30T13:00:00+05:30,211.9,211.9,210.1,211.79,2413,0
2026-07-30T13:15:00+05:30,211.79,211.79,210.0,210.0,2050,0
2026-07-30T13:30:00+05:30,210.0,211.0,210.0,211.0,420,0
2026-07-30T13:45:00+05:30,211.0,212.0,209.5,212.0,3039,0
2026-07-30T14:00:00+05:30,212.5,214.95,209.5,214.95,2152,0
2026-07-30T14:15:00+05:30,214.95,215.0,209.1,214.75,3519,0
2026-07-30T14:30:00+05:30,215.0,215.0,209.0,213.98,3481,0
2026-07-30T14:45:00+05:30,214.92,215.15,210.2,215.15,1889,0
2026-07-30T15:00:00+05:30,215.15,215.76,213.02,213.02,760,0
2026-07-30T15:15:00+05:30,215.01,215.78,213.05,215.0,3858,0
2026-07-31T09:15:00+05:30,214.97,214.97,208.0,208.05,1983,0
2026-07-31T09:30:00+05:30,212.98,213.0,208.2,209.01,1052,0
2026-07-31T09:45:00+05:30,209.01,214.0,209.01,213.89,1695,0
2026-07-31T10:00:00+05:30,212.0,212.0,210.18,210.21,370,0
2026-07-31T10:15:00+05:30,210.21,213.9,210.21,212.0,423,0
2026-07-31T10:30:00+05:30,212.0,213.86,211.02,211.02,1651,0
2026-07-31T10:45:00+05:30,212.0,213.5,211.02,213.45,603,0
2026-07-31T11:00:00+05:30,211.14,213.49,211.14,213.4,702,0
2026-07-31T11:15:00+05:30,213.4,213.49,212.0,213.49,556,0
2026-07-31T11:30:00+05:30,213.49,213.5,211.5,213.5,2239,0
2026-07-31T11:45:00+05:30,213.5,214.0,213.5,214.0,619,0
2026-07-31T12:00:00+05:30,214.49,215.0,214.0,214.0,441,0
2026-07-31T12:15:00+05:30,214.0,215.0,214.0,214.1,177,0
2026-07-31T12:30:00+05:30,214.1,216.0,214.1,215.0,148,0
2026-07-31T12:45:00+05:30,215.0,216.0,215.0,215.99,682,0
2026-07-31T13:00:00+05:30,215.99,215.99,215.6,215.99,594,0
2026-07-31T13:15:00+05:30,215.99,215.99,214.0,215.9,316,0
2026-07-31T13:30:00+05:30,215.9,215.99,214.1,215.99,392,0
2026-07-31T13:45:00+05:30,215.0,215.99,212.01,212.01,1613,0
2026-07-31T14:00:00+05:30,214.5,216.0,212.2,216.0,1352,0
2026-07-31T14:15:00+05:30,216.0,216.0,212.6,212.6,320,0
2026-07-31T14:30:00+05:30,212.6,215.99,212.6,215.95,703,0
2026-07-31T14:45:00+05:30,215.95,215.95,212.5,212.5,1703,0
2026-07-31T15:00:00+05:30,212.5,212.5,211.05,211.05,3571,0
2026-07-31T15:15:00+05:30,211.05,212.5,209.0,210.05,8829,0
2026-08-03T09:15:00+05:30,214.0,216.85,210.59,216.0,10867,0
2026-08-03T09:30:00+05:30,216.74,221.11,216.74,221.11,36720,0
2026-08-03T09:45:00+05:30,221.11,221.11,216.0,219.04,11397,0
2026-08-03T10:00:00+05:30,220.01,220.95,219.04,220.95,1637,0
2026-08-03T10:15:00+05:30,220.0,221.11,219.95,221.11,8918,0
2026-08-03T10:30:00+05:30,221.11,221.11,221.0,221.11,2293,0
2026-08-03T10:45:00+05:30,221.11,221.11,221.11,221.11,79,0
2026-08-03T11:00:00+05:30,221.11,221.11,221.11,221.11,751,0
2026-08-03T11:15:00+05:30,221.11,221.11,221.0,221.11,564,0
2026-08-03T11:30:00+05:30,221.11,221.11,221.11,221.11,252,0
2026-08-03T11:45:00+05:30,221.11,221.11,220.0,220.1,1014,0
2026-08-03T12:00:00+05:30,221.0,221.11,219.1,221.11,5115,0
2026-08-03T12:15:00+05:30,221.11,221.11,221.11,221.11,1830,0
2026-08-03T12:30:00+05:30,221.11,221.11,221.11,221.11,45,0
2026-08-03T12:45:00+05:30,221.11,221.11,221.11,221.11,66,0
2026-08-03T13:00:00+05:30,221.11,221.11,221.11,221.11,0,0
2026-08-03T13:15:00+05:30,221.11,221.11,221.11,221.11,45,0
2026-08-03T13:30:00+05:30,221.11,221.11,221.1,221.11,1988,0
2026-08-03T13:45:00+05:30,221.11,221.11,221.11,221.11,363,0
2026-08-03T14:00:00+05:30,221.11,221.11,221.1,221.11,60,0
2026-08-03T14:15:00+05:30,221.1,221.11,214.0,221.11,7653,0
2026-08-03T14:30:00+05:30,221.11,221.11,221.0,221.11,1212,0
2026-08-03T14:45:00+05:30,221.11,221.11,221.11,221.11,5,0
2026-08-03T15:00:00+05:30,221.11,221.11,221.01,221.11,1250,0
2026-08-03T15:15:00+05:30,221.11,221.11,221.11,221.11,358,0
2026-08-04T09:15:00+05:30,222.0,231.9,222.0,227.96,12642,0
2026-08-04T09:30:00+05:30,225.2,232.14,225.2,232.14,34459,0
2026-08-04T09:45:00+05:30,232.1,232.14,231.55,232.14,4069,0
2026-08-04T10:00:00+05:30,232.14,232.14,232.14,232.14,627,0
2026-08-04T10:15:00+05:30,232.14,232.14,232.14,232.14,1090,0
2026-08-04T10:30:00+05:30,232.14,232.14,232.14,232.14,153,0
2026-08-04T10:45:00+05:30,232.14,232.14,232.14,232.14,504,0
2026-08-04T11:00:00+05:30,232.14,232.14,232.14,232.14,350,0
2026-08-04T11:15:00+05:30,232.14,232.14,232.14,232.14,1249,0
2026-08-04T11:30:00+05:30,232.14,232.14,232.14,232.14,498,0
2026-08-04T11:45:00+05:30,232.14,232.14,232.14,232.14,2,0
2026-08-04T12:00:00+05:30,232.14,232.14,232.14,232.14,401,0
2026-08-04T12:15:00+05:30,232.14,232.14,232.14,232.14,291,0
2026-08-04T12:30:00+05:30,232.14,232.14,232.14,232.14,89,0
2026-08-04T12:45:00+05:30,232.14,232.14,232.14,232.14,0,0
2026-08-04T13:00:00+05:30,232.14,232.14,232.14,232.14,55,0
2026-08-04T13:15:00+05:30,232.14,232.14,232.14,232.14,383,0
2026-08-04T13:30:00+05:30,232.14,232.14,232.14,232.14,114,0
2026-08-04T13:45:00+05:30,232.14,232.14,232.14,232.14,142,0
2026-08-04T14:00:00+05:30,232.14,232.14,232.14,232.14,1130,0
2026-08-04T14:15:00+05:30,232.14,232.14,232.14,232.14,1362,0
2026-08-04T14:30:00+05:30,232.14,232.14,232.14,232.14,648,0
2026-08-04T14:45:00+05:30,232.14,232.14,232.14,232.14,119,0
2026-08-04T15:00:00+05:30,232.14,232.14,232.14,232.14,100,0
2026-08-04T15:15:00+05:30,232.14,232.14,232.14,232.14,116,0
2026-08-05T09:15:00+05:30,234.0,241.0,234.0,235.0,36019,0
2026-08-05T09:30:00+05:30,235.0,235.0,232.74,234.0,6160,0
2026-08-05T09:45:00+05:30,233.55,234.0,226.1,229.5,10361,0
2026-08-05T10:00:00+05:30,229.5,230.0,223.0,225.9,2496,0
2026-08-05T10:15:00+05:30,225.9,229.2,225.0,227.0,2654,0
2026-08-05T10:30:00+05:30,227.0,229.9,223.51,225.98,1686,0
2026-08-05T10:45:00+05:30,229.89,235.0,225.2,225.25,3335,0
2026-08-05T11:00:00+05:30,225.25,232.0,225.0,226.65,880,0
2026-08-05T11:15:00+05:30,227.0,233.78,225.65,225.7,911,0
2026-08-05T11:30:00+05:30,225.7,233.0,225.7,226.15,189,0
2026-08-05T11:45:00+05:30,226.15,226.8,225.1,225.2,2195,0
2026-08-05T12:00:00+05:30,225.2,232.8,225.2,226.42,818,0
2026-08-05T12:15:00+05:30,226.42,226.42,225.2,225.3,2532,0
2026-08-05T12:30:00+05:30,225.3,227.0,225.3,225.95,136,0
2026-08-05T12:45:00+05:30,225.95,226.0,225.0,225.95,622,0
2026-08-05T13:00:00+05:30,225.95,231.0,224.15,227.0,1669,0
2026-08-05T13:15:00+05:30,227.0,235.0,227.0,227.0,2535,0
2026-08-05T13:30:00+05:30,227.0,232.0,227.0,227.0,1943,0
2026-08-05T13:45:00+05:30,227.0,234.9,227.0,227.0,704,0
2026-08-05T14:00:00+05:30,227.0,233.99,227.0,230.0,131,0
2026-08-05T14:15:00+05:30,230.0,230.1,230.0,230.0,50,0
2026-08-05T14:30:00+05:30,232.0,234.0,227.11,233.0,1303,0
2026-08-05T14:45:00+05:30,233.0,235.0,230.6,230.6,1905,0
2026-08-05T15:00:00+05:30,232.0,235.0,227.4,233.95,1811,0
2026-08-05T15:15:00+05:30,233.95,236.0,230.6,234.0,1083,0
2026-08-06T09:15:00+05:30,226.0,235.7,224.6,228.0,4166,0
2026-08-06T09:30:00+05:30,228.0,233.98,225.0,229.0,1794,0
2026-08-06T09:45:00+05:30,229.0,233.3,225.0,226.1,2579,0
2026-08-06T10:00:00+05:30,232.0,232.0,226.35,231.93,109,0
2026-08-06T10:15:00+05:30,231.93,231.93,226.4,227.0,1243,0
2026-08-06T10:30:00+05:30,231.9,231.9,229.05,231.89,250,0
2026-08-06T10:45:00+05:30,230.75,231.9,229.05,231.89,2067,0
2026-08-06T11:00:00+05:30,231.89,231.89,229.0,229.0,828,0
2026-08-06T11:15:00+05:30,229.0,230.75,229.0,230.75,192,0
2026-08-06T11:30:00+05:30,230.75,230.75,230.0,230.0,47,0
2026-08-06T11:45:00+05:30,230.75,231.49,229.0,231.49,104,0
2026-08-06T12:00:00+05:30,231.49,231.49,229.0,229.0,601,0
2026-08-06T12:15:00+05:30,229.0,230.5,227.6,230.5,1496,0
2026-08-06T12:30:00+05:30,230.45,230.5,227.65,227.65,17,0
2026-08-06T12:45:00+05:30,227.65,231.9,227.65,227.65,2621,0
2026-08-06T13:00:00+05:30,228.0,231.85,227.65,231.0,304,0
2026-08-06T13:15:00+05:30,231.0,231.0,227.65,227.65,29,0
2026-08-06T13:30:00+05:30,227.65,231.85,227.65,231.85,332,0
2026-08-06T13:45:00+05:30,231.85,231.9,228.85,231.9,761,0
2026-08-06T14:00:00+05:30,231.89,231.89,230.0,230.0,37,0
2026-08-06T14:15:00+05:30,230.0,231.9,227.8,231.0,412,0
2026-08-06T14:30:00+05:30,230.0,230.0,227.8,227.8,775,0
2026-08-06T14:45:00+05:30,227.8,230.0,227.8,229.9,209,0
2026-08-06T15:00:00+05:30,229.7,231.0,228.1,229.5,1439,0
2026-08-06T15:15:00+05:30,229.5,230.0,229.5,229.5,2170,0
2026-08-07T09:15:00+05:30,228.68,239.0,228.68,230.0,20872,0
2026-08-07T09:30:00+05:30,230.21,236.49,230.0,231.05,793,0
2026-08-07T09:45:00+05:30,234.9,236.0,231.05,232.05,1127,0
2026-08-07T10:00:00+05:30,232.05,234.88,231.05,233.68,775,0
2026-08-07T10:15:00+05:30,234.85,234.85,231.05,233.0,854,0
2026-08-07T10:30:00+05:30,233.0,234.7,231.5,231.5,700,0
2026-08-07T10:45:00+05:30,231.5,234.7,231.5,231.5,551,0
2026-08-07T11:00:00+05:30,231.51,231.51,231.5,231.5,1446,0
2026-08-07T11:15:00+05:30,234.68,234.68,231.5,233.0,306,0
2026-08-07T11:30:00+05:30,233.0,234.0,231.5,234.0,1060,0
2026-08-07T11:45:00+05:30,234.0,234.0,233.99,234.0,1434,0
2026-08-07T12:00:00+05:30,234.01,234.7,234.01,234.7,597,0
2026-08-07T12:15:00+05:30,234.7,234.7,234.0,234.05,1737,0
2026-08-07T12:30:00+05:30,234.05,235.45,234.0,235.17,1677,0
2026-08-07T12:45:00+05:30,235.17,235.45,234.05,235.0,771,0
2026-08-07T13:00:00+05:30,235.0,235.95,234.5,234.5,2573,0
2026-08-07T13:15:00+05:30,234.5,235.95,234.05,235.95,1027,0
2026-08-07T13:30:00+05:30,235.95,235.95,234.05,234.78,1592,0
2026-08-07T13:45:00+05:30,234.78,235.95,234.78,235.95,294,0
2026-08-07T14:00:00+05:30,236.0,236.95,235.05,236.22,2946,0
2026-08-07T14:15:00+05:30,236.95,236.95,235.1,235.1,819,0
2026-08-07T14:30:00+05:30,235.1,236.95,235.1,236.95,287,0
2026-08-07T14:45:00+05:30,236.95,237.95,235.33,237.95,3329,0
2026-08-07T15:00:00+05:30,237.95,238.0,236.27,238.0,1204,0
2026-08-07T15:15:00+05:30,236.4,238.0,235.1,237.8,6286,0
2026-08-10T09:15:00+05:30,242.1,244.62,242.1,242.5,14203,0
2026-08-10T09:30:00+05:30,242.5,243.98,242.12,242.12,3797,0
2026-08-10T09:45:00+05:30,242.13,243.0,242.12,243.0,2242,0
2026-08-10T10:00:00+05:30,243.0,243.5,242.11,243.5,1804,0
2026-08-10T10:15:00+05:30,243.98,247.0,243.98,247.0,11263,0
2026-08-10T10:30:00+05:30,245.0,247.99,245.0,247.0,4293,0
2026-08-10T10:45:00+05:30,247.98,247.99,243.55,247.45,1680,0
2026-08-10T11:00:00+05:30,247.4,248.99,243.6,244.0,6383,0
2026-08-10T11:15:00+05:30,244.0,248.99,244.0,248.9,2690,0
2026-08-10T11:30:00+05:30,248.9,249.0,245.0,245.0,3946,0
2026-08-10T11:45:00+05:30,247.0,249.0,245.0,245.0,5653,0
2026-08-10T12:00:00+05:30,245.0,249.0,245.0,247.5,4514,0
2026-08-10T12:15:00+05:30,248.5,249.0,247.5,248.0,386,0
2026-08-10T12:30:00+05:30,248.7,248.8,245.0,248.8,2649,0
2026-08-10T12:45:00+05:30,248.79,248.79,247.0,248.75,779,0
2026-08-10T13:00:00+05:30,248.75,248.8,248.75,248.75,682,0
2026-08-10T13:15:00+05:30,248.75,249.0,248.75,248.75,1103,0
2026-08-10T13:30:00+05:30,248.75,248.75,248.0,248.75,911,0
2026-08-10T13:45:00+05:30,248.75,248.8,247.0,248.8,541,0
2026-08-10T14:00:00+05:30,248.8,248.8,245.05,246.27,475,0
2026-08-10T14:15:00+05:30,246.27,248.0,246.27,248.0,162,0
2026-08-10T14:30:00+05:30,248.0,248.5,245.0,246.0,4950,0
2026-08-10T14:45:00+05:30,246.2,248.95,246.0,248.95,2227,0
2026-08-10T15:00:00+05:30,248.95,248.95,246.0,246.0,1933,0
2026-08-10T15:15:00+05:30,246.0,248.95,245.03,247.8,3895,0
2026-08-11T09:15:00+05:30,244.0,254.25,234.23,235.0,14237,0
2026-08-11T09:30:00+05:30,235.0,236.0,234.23,235.0,18611,0
2026-08-11T09:45:00+05:30,235.0,239.97,234.23,239.89,4044,0
2026-08-11T10:00:00+05:30,239.89,240.0,239.0,239.0,1530,0
2026-08-11T10:15:00+05:30,239.0,240.8,239.0,239.5,1232,0
2026-08-11T10:30:00+05:30,240.0,241.25,235.0,240.29,3708,0
2026-08-11T10:45:00+05:30,240.29,241.2,235.1,235.1,801,0
2026-08-11T11:00:00+05:30,235.1,240.25,235.1,238.99,196,0
2026-08-11T11:15:00+05:30,238.99,239.0,238.22,239.0,92,0
2026-08-11T11:30:00+05:30,239.0,241.25,235.15,239.98,939,0
2026-08-11T11:45:00+05:30,239.98,240.9,235.5,235.5,791,0
2026-08-11T12:00:00+05:30,238.95,240.7,236.0,238.55,970,0
2026-08-11T12:15:00+05:30,238.55,241.0,238.55,238.95,223,0
2026-08-11T12:30:00+05:30,238.95,241.25,235.5,238.95,1782,0
2026-08-11T12:45:00+05:30,238.95,241.0,238.95,240.0,180,0
2026-08-11T13:00:00+05:30,239.51,241.25,239.0,241.25,3401,0
2026-08-11T13:15:00+05:30,241.25,241.25,237.85,240.0,265,0
2026-08-11T13:30:00+05:30,240.0,242.95,236.0,240.9,1020,0
2026-08-11T13:45:00+05:30,240.9,242.95,240.0,240.0,7216,0
2026-08-11T14:00:00+05:30,240.0,240.0,235.5,237.0,1266,0
2026-08-11T14:15:00+05:30,239.41,242.95,239.41,242.0,217,0
2026-08-11T14:30:00+05:30,242.0,242.0,235.2,241.85,1640,0
2026-08-11T14:45:00+05:30,241.85,241.85,237.0,241.5,674,0
2026-08-11T15:00:00+05:30,241.5,241.5,234.5,240.0,6059,0
2026-08-11T15:15:00+05:30,239.2,242.95,236.0,242.95,2632,0
2026-08-12T09:15:00+05:30,244.0,246.0,237.22,243.0,4734,0
2026-08-12T09:30:00+05:30,243.99,243.99,237.3,242.5,1875,0
2026-08-12T09:45:00+05:30,242.5,242.5,241.0,241.95,156,0
2026-08-12T10:00:00+05:30,240.0,240.0,238.45,240.0,1129,0
2026-08-12T10:15:00+05:30,240.0,242.0,238.1,241.0,1805,0
2026-08-12T10:30:00+05:30,241.0,241.0,238.15,238.15,1005,0
2026-08-12T10:45:00+05:30,238.15,240.0,238.1,240.0,1536,0
2026-08-12T11:00:00+05:30,241.9,241.9,238.1,241.13,257,0
2026-08-12T11:15:00+05:30,240.6,241.13,238.0,238.0,1102,0
2026-08-12T11:30:00+05:30,238.0,241.8,237.4,237.4,667,0
2026-08-12T11:45:00+05:30,237.4,242.0,237.0,242.0,2464,0
2026-08-12T12:00:00+05:30,241.9,242.0,241.9,242.0,667,0
2026-08-12T12:15:00+05:30,241.9,242.0,238.0,238.0,2058,0
2026-08-12T12:30:00+05:30,238.0,242.0,238.0,241.5,152,0
2026-08-12T12:45:00+05:30,241.5,241.5,240.0,240.0,236,0
2026-08-12T13:00:00+05:30,240.0,241.0,240.0,241.0,179,0
2026-08-12T13:15:00+05:30,241.0,241.45,240.9,241.45,809,0
2026-08-12T13:30:00+05:30,241.45,241.45,240.0,241.45,76,0
2026-08-12T13:45:00+05:30,241.45,241.7,237.1,237.1,1795,0
2026-08-12T14:00:00+05:30,237.1,241.7,237.1,241.7,45,0
2026-08-12T14:15:00+05:30,241.7,242.0,241.7,242.0,1235,0
2026-08-12T14:30:00+05:30,242.0,242.0,241.5,241.99,400,0
2026-08-12T14:45:00+05:30,242.0,242.0,239.0,242.0,1379,0
2026-08-12T15:00:00+05:30,242.0,242.0,235.0,240.76,3884,0
2026-08-12T15:15:00+05:30,240.76,241.9,228.55,238.8,6171,0
2026-08-13T09:15:00+05:30,235.63,242.0,226.0,227.55,7456,0
2026-08-13T09:30:00+05:30,236.95,236.95,227.6,232.51,866,0
2026-08-13T09:45:00+05:30,232.51,236.95,231.5,235.0,459,0
2026-08-13T10:00:00+05:30,234.8,235.0,234.8,235.0,1020,0
2026-08-13T10:15:00+05:30,235.0,235.0,231.5,234.8,1351,0
2026-08-13T10:30:00+05:30,234.8,234.8,234.0,234.5,267,0
2026-08-13T10:45:00+05:30,234.5,234.5,232.0,234.5,669,0
2026-08-13T11:00:00+05:30,234.5,234.5,232.0,232.15,278,0
2026-08-13T11:15:00+05:30,232.0,233.5,232.0,233.45,605,0
2026-08-13T11:30:00+05:30,233.45,233.45,232.0,232.0,305,0
2026-08-13T11:45:00+05:30,232.0,234.5,232.0,234.5,746,0
2026-08-13T12:00:00+05:30,234.5,234.5,232.0,233.0,347,0
2026-08-13T12:15:00+05:30,233.0,234.8,233.0,234.8,911,0
2026-08-13T12:30:00+05:30,234.8,234.8,233.5,234.8,258,0
2026-08-13T12:45:00+05:30,234.8,234.8,234.8,234.8,416,0
2026-08-13T13:00:00+05:30,234.8,234.8,232.0,234.8,962,0
2026-08-13T13:15:00+05:30,234.8,234.8,232.0,234.8,371,0
2026-08-13T13:30:00+05:30,234.8,234.8,232.0,234.25,431,0
2026-08-13T13:45:00+05:30,234.25,234.8,233.3,234.8,371,0
2026-08-13T14:00:00+05:30,234.8,234.8,231.5,232.0,607,0
2026-08-13T14:15:00+05:30,232.0,232.0,231.5,232.0,1456,0
2026-08-13T14:30:00+05:30,232.0,232.0,231.55,232.0,631,0
2026-08-13T14:45:00+05:30,232.0,232.0,231.55,232.0,678,0
2026-08-13T15:00:00+05:30,232.0,234.8,231.5,234.8,3876,0
2026-08-13T15:15:00+05:30,234.8,239.0,231.5,238.0,4630,0
2026-08-14T09:15:00+05:30,234.72,237.95,229.5,237.45,1457,0
2026-08-14T09:30:00+05:30,231.2,237.0,229.6,237.0,5389,0
2026-08-14T09:45:00+05:30,237.0,237.0,229.6,236.9,1410,0
2026-08-14T10:00:00+05:30,236.9,237.0,230.0,230.0,2164,0
2026-08-14T10:15:00+05:30,230.0,232.3,228.5,229.0,3400,0
2026-08-14T10:30:00+05:30,229.0,232.0,228.5,230.0,630,0
2026-08-14T10:45:00+05:30,230.0,232.0,227.9,227.9,2257,0
2026-08-14T11:00:00+05:30,227.9,228.58,227.9,228.0,1101,0
2026-08-14T11:15:00+05:30,228.0,228.5,227.0,228.5,834,0
2026-08-14T11:30:00+05:30,228.5,228.5,227.0,227.0,1841,0
2026-08-14T11:45:00+05:30,227.0,227.0,227.0,227.0,542,0
2026-08-14T12:00:00+05:30,227.0,227.0,226.7,227.0,455,0
2026-08-14T12:15:00+05:30,227.0,228.5,227.0,228.0,598,0
2026-08-14T12:30:00+05:30,228.0,234.95,226.0,234.95,3423,0
2026-08-14T12:45:00+05:30,234.95,234.95,227.0,227.0,176,0
2026-08-14T13:00:00+05:30,227.0,230.0,227.0,229.0,8031,0
2026-08-14T13:15:00+05:30,229.5,230.0,229.0,229.0,800,0
2026-08-14T13:30:00+05:30,229.0,230.0,226.5,230.0,5210,0
2026-08-14T13:45:00+05:30,230.0,230.0,229.5,229.5,3900,0
2026-08-14T14:00:00+05:30,229.5,230.0,229.5,230.0,2759,0
2026-08-14T14:15:00+05:30,230.0,230.0,229.5,230.0,2416,0
2026-08-14T14:30:00+05:30,230.0,233.9,230.0,230.0,496,0
2026-08-14T14:45:00+05:30,230.0,234.9,230.0,230.9,465,0
2026-08-14T15:00:00+05:30,230.9,230.9,229.95,230.9,1773,0
2026-08-14T15:15:00+05:30,229.95,233.99,229.3,229.3,6310,0
2026-08-17T09:15:00+05:30,241.16,241.16,241.16,241.16,24796,0
2026-08-17T09:30:00+05:30,241.16,241.16,241.16,241.16,230,0
2026-08-17T09:45:00+05:30,241.16,241.16,241.16,241.16,182,0
2026-08-17T10:00:00+05:30,241.16,241.16,241.16,241.16,120,0
2026-08-17T10:15:00+05:30,241.16,241.16,241.16,241.16,179,0
2026-08-17T10:30:00+05:30,241.16,241.16,241.16,241.16,189,0
2026-08-17T10:45:00+05:30,241.16,241.16,241.16,241.16,202,0
2026-08-17T11:00:00+05:30,241.16,241.16,241.16,241.16,2019,0
2026-08-17T11:15:00+05:30,241.16,241.16,241.16,241.16,187,0
2026-08-17T11:30:00+05:30,241.16,241.16,241.16,241.16,25,0
2026-08-17T11:45:00+05:30,241.16,241.16,241.16,241.16,0,0
2026-08-17T12:00:00+05:30,241.16,241.16,241.16,241.16,192,0
2026-08-17T12:15:00+05:30,241.16,241.16,241.16,241.16,580,0
2026-08-17T12:30:00+05:30,241.16,241.16,241.16,241.16,0,0
2026-08-17T12:45:00+05:30,241.16,241.16,241.16,241.16,127,0
2026-08-17T13:00:00+05:30,241.16,241.16,241.16,241.16,434,0
2026-08-17T13:15:00+05:30,241.16,241.16,241.16,241.16,114,0
2026-08-17T13:30:00+05:30,241.16,241.16,241.16,241.16,25,0
2026-08-17T13:45:00+05:30,241.16,241.16,241.16,241.16,0,0
2026-08-17T14:00:00+05:30,241.16,241.16,241.16,241.16,19,0
2026-08-17T14:15:00+05:30,241.16,241.16,241.16,241.16,200,0
2026-08-17T14:30:00+05:30,241.16,241.16,241.16,241.16,100,0
2026-08-17T14:45:00+05:30,241.16,241.16,241.16,241.16,1601,0
2026-08-17T15:00:00+05:30,241.16,241.16,241.16,241.16,200,0
2026-08-17T15:15:00+05:30,241.16,241.16,241.16,241.16,256,0
2026-08-18T09:15:00+05:30,253.21,253.21,253.21,253.21,7682,0
2026-08-18T09:30:00+05:30,253.21,253.21,253.21,253.21,5422,0
2026-08-18T09:45:00+05:30,253.21,253.21,253.21,253.21,2493,0
2026-08-18T10:00:00+05:30,253.21,253.21,253.21,253.21,65,0
2026-08-18T10:15:00+05:30,253.21,253.21,253.21,253.21,1468,0
2026-08-18T10:30:00+05:30,253.21,253.21,253.21,253.21,828,0
2026-08-18T10:45:00+05:30,253.21,253.21,253.21,253.21,2526,0
2026-08-18T11:00:00+05:30,253.21,253.21,253.21,253.21,162,0
2026-08-18T11:15:00+05:30,253.21,253.21,253.21,253.21,121,0
2026-08-18T11:30:00+05:30,253.21,253.21,253.21,253.21,2218,0
2026-08-18T11:45:00+05:30,253.21,253.21,253.21,253.21,240,0
2026-08-18T12:00:00+05:30,253.21,253.21,253.21,253.21,147,0
2026-08-18T12:15:00+05:30,253.21,253.21,253.21,253.21,197,0
2026-08-18T12:30:00+05:30,253.21,253.21,253.21,253.21,30,0
2026-08-18T12:45:00+05:30,253.21,253.21,253.21,253.21,3,0
2026-08-18T13:00:00+05:30,253.21,253.21,253.21,253.21,20,0
2026-08-18T13:15:00+05:30,253.21,253.21,253.21,253.21,5,0
2026-08-18T13:30:00+05:30,253.21,253.21,253.21,253.21,688,0
2026-08-18T13:45:00+05:30,253.21,253.21,253.21,253.21,696,0
2026-08-18T14:00:00+05:30,253.21,253.21,253.21,253.21,238,0
2026-08-18T14:15:00+05:30,253.21,253.21,253.21,253.21,0,0
2026-08-18T14:30:00+05:30,253.21,253.21,253.21,253.21,31,0
2026-08-18T14:45:00+05:30,253.21,253.21,253.21,253.21,3802,0
2026-08-18T15:00:00+05:30,253.21,253.21,253.21,253.21,254,0
2026-08-18T15:15:00+05:30,253.21,253.21,253.21,253.21,225,0
2026-08-19T09:15:00+05:30,265.87,265.87,265.87,265.87,99431,0
2026-08-19T09:30:00+05:30,265.87,265.87,265.87,265.87,2156,0
2026-08-19T09:45:00+05:30,265.87,265.87,265.87,265.87,2686,0
2026-08-19T10:00:00+05:30,265.87,265.87,265.87,265.87,410,0
2026-08-19T10:15:00+05:30,265.87,265.87,265.87,265.87,1733,0
2026-08-19T10:30:00+05:30,265.87,265.87,265.87,265.87,619,0
2026-08-19T10:45:00+05:30,265.87,265.87,265.87,265.87,316,0
2026-08-19T11:00:00+05:30,265.87,265.87,265.87,265.87,269,0
2026-08-19T11:15:00+05:30,265.87,265.87,265.87,265.87,521,0
2026-08-19T11:30:00+05:30,265.87,265.87,265.87,265.87,177,0
2026-08-19T11:45:00+05:30,265.87,265.87,265.87,265.87,1059,0
2026-08-19T12:00:00+05:30,265.87,265.87,265.87,265.87,3839,0
2026-08-19T12:15:00+05:30,265.87,265.87,265.87,265.87,1133,0
2026-08-19T12:30:00+05:30,265.87,265.87,265.87,265.87,407,0
2026-08-19T12:45:00+05:30,265.87,265.87,265.87,265.87,5130,0
2026-08-19T13:00:00+05:30,265.87,265.87,265.87,265.87,808,0
2026-08-19T13:15:00+05:30,265.87,265.87,265.87,265.87,537,0
2026-08-19T13:30:00+05:30,265.87,265.87,265.87,265.87,5018,0
2026-08-19T13:45:00+05:30,265.87,265.87,265.87,265.87,3322,0
2026-08-19T14:00:00+05:30,265.87,265.87,265.87,265.87,3040,0
2026-08-19T14:15:00+05:30,265.87,265.87,265.87,265.87,181,0
2026-08-19T14:30:00+05:30,265.87,265.87,265.87,265.87,39,0
2026-08-19T14:45:00+05:30,265.87,265.87,265.87,265.87,46,0
2026-08-19T15:00:00+05:30,265.87,265.87,265.87,265.87,206,0
2026-08-19T15:15:00+05:30,265.87,265.87,265.87,265.87,85,0
2026-08-20T09:15:00+05:30,277.45,277.45,253.21,274.89,73790,0
2026-08-20T09:30:00+05:30,274.2,279.16,273.3,279.16,28851,0
2026-08-20T09:45:00+05:30,279.16,279.16,275.0,279.16,10397,0
2026-08-20T10:00:00+05:30,279.16,279.16,274.0,279.16,7035,0
2026-08-20T10:15:00+05:30,279.16,279.16,268.0,277.8,8207,0
2026-08-20T10:30:00+05:30,277.8,278.99,276.42,278.0,4969,0
2026-08-20T10:45:00+05:30,278.0,279.16,276.42,279.0,8162,0
2026-08-20T11:00:00+05:30,279.0,279.0,272.1,275.0,2930,0
2026-08-20T11:15:00+05:30,275.0,279.16,272.1,279.16,10692,0
2026-08-20T11:30:00+05:30,272.5,279.16,272.5,279.16,2270,0
2026-08-20T11:45:00+05:30,279.16,279.16,272.0,279.0,4188,0
2026-08-20T12:00:00+05:30,279.0,279.16,273.2,275.0,3759,0
2026-08-20T12:15:00+05:30,275.0,279.16,273.25,279.16,6898,0
2026-08-20T12:30:00+05:30,279.16,279.16,279.0,279.0,2141,0
2026-08-20T12:45:00+05:30,279.0,279.16,279.0,279.16,307,0
2026-08-20T13:00:00+05:30,279.16,279.16,279.16,279.16,100,0
2026-08-20T13:15:00+05:30,279.16,279.16,279.16,279.16,556,0
2026-08-20T13:30:00+05:30,279.16,279.16,279.16,279.16,83,0
2026-08-20T13:45:00+05:30,279.16,279.16,279.16,279.16,636,0
2026-08-20T14:00:00+05:30,279.16,279.16,279.16,279.16,889,0
2026-08-20T14:15:00+05:30,279.16,279.16,279.16,279.16,1576,0
2026-08-20T14:30:00+05:30,279.16,279.16,279.0,279.16,1551,0
2026-08-20T14:45:00+05:30,279.16,279.16,279.16,279.16,6728,0
2026-08-20T15:00:00+05:30,279.16,279.16,279.1,279.16,784,0
2026-08-20T15:15:00+05:30,279.16,279.16,279.14,279.16,399,0
2026-08-21T09:15:00+05:30,291.0,291.9,281.94,286.6,25933,0
2026-08-21T09:30:00+05:30,287.9,287.9,276.5,279.5,12243,0
2026-08-21T09:45:00+05:30,279.5,282.0,277.0,281.5,6896,0
2026-08-21T10:00:00+05:30,281.5,284.0,274.0,276.0,8395,0
2026-08-21T10:15:00+05:30,281.0,281.0,273.0,279.0,6363,0
2026-08-21T10:30:00+05:30,279.0,280.0,273.3,277.0,4035,0
2026-08-21T10:45:00+05:30,277.0,277.0,276.0,277.0,628,0
2026-08-21T11:00:00+05:30,277.0,277.0,273.0,276.0,1348,0
2026-08-21T11:15:00+05:30,277.0,277.0,270.0,275.0,4902,0
2026-08-21T11:30:00+05:30,275.0,277.0,274.0,276.0,1731,0
2026-08-21T11:45:00+05:30,277.0,277.0,270.0,276.95,3430,0
2026-08-21T12:00:00+05:30,273.0,277.0,267.5,270.0,4297,0
2026-08-21T12:15:00+05:30,270.0,276.0,268.0,268.0,1814,0
2026-08-21T12:30:00+05:30,273.6,273.6,270.0,271.0,1375,0
2026-08-21T12:45:00+05:30,271.0,273.6,270.0,271.0,1091,0
2026-08-21T13:00:00+05:30,271.0,272.0,267.65,267.65,3231,0
2026-08-21T13:15:00+05:30,270.0,273.6,268.91,272.0,5791,0
2026-08-21T13:30:00+05:30,272.0,273.6,269.2,273.6,1676,0
2026-08-21T13:45:00+05:30,273.6,276.0,272.0,276.0,819,0
2026-08-21T14:00:00+05:30,273.65,276.0,272.25,275.95,513,0
2026-08-21T14:15:00+05:30,275.95,275.95,267.5,267.5,6203,0
2026-08-21T14:30:00+05:30,267.5,274.99,267.5,272.0,3152,0
2026-08-21T14:45:00+05:30,272.0,276.99,272.0,276.0,891,0
2026-08-21T15:00:00+05:30,276.0,276.98,272.1,275.0,1768,0
2026-08-21T15:15:00+05:30,275.0,277.0,271.0,276.5,2521,0
2026-08-24T09:15:00+05:30,279.9,279.9,268.65,275.0,6429,0
2026-08-24T09:30:00+05:30,275.88,275.88,270.0,270.0,7244,0
2026-08-24T09:45:00+05:30,269.0,270.96,268.15,268.2,2130,0
2026-08-24T10:00:00+05:30,268.2,270.96,267.6,268.0,6541,0
2026-08-24T10:15:00+05:30,268.0,270.96,268.0,270.96,1316,0
2026-08-24T10:30:00+05:30,270.96,270.99,268.0,268.0,1599,0
2026-08-24T10:45:00+05:30,267.6,270.33,267.6,269.0,2742,0
2026-08-24T11:00:00+05:30,268.9,268.9,263.6,264.0,7698,0
2026-08-24T11:15:00+05:30,264.0,266.66,261.17,264.02,5500,0
2026-08-24T11:30:00+05:30,264.02,266.66,262.2,262.4,2362,0
2026-08-24T11:45:00+05:30,265.99,268.0,262.3,267.6,2274,0
2026-08-24T12:00:00+05:30,262.3,268.0,262.3,267.6,2079,0
2026-08-24T12:15:00+05:30,267.6,268.0,262.3,267.59,2396,0
2026-08-24T12:30:00+05:30,262.5,267.59,262.5,264.0,626,0
2026-08-24T12:45:00+05:30,264.0,267.0,264.0,266.97,640,0
2026-08-24T13:00:00+05:30,266.97,266.97,265.0,265.0,406,0
2026-08-24T13:15:00+05:30,265.0,265.0,264.0,264.99,1508,0
2026-08-24T13:30:00+05:30,264.99,264.99,264.0,264.88,1551,0
2026-08-24T13:45:00+05:30,264.88,264.88,262.3,264.0,628,0
2026-08-24T14:00:00+05:30,264.88,264.88,262.0,262.0,8074,0
2026-08-24T14:15:00+05:30,264.99,264.99,261.25,261.4,1851,0
2026-08-24T14:30:00+05:30,261.5,264.0,260.91,260.91,6523,0
2026-08-24T14:45:00+05:30,260.91,261.1,260.91,260.91,5467,0
2026-08-24T15:00:00+05:30,260.92,261.1,260.91,260.91,2128,0
2026-08-24T15:15:00+05:30,260.91,260.91,260.91,260.91,3727,0
2026-08-25T09:15:00+05:30,261.98,263.9,250.0,257.0,17762,0
2026-08-25T09:30:00+05:30,257.0,257.0,249.39,250.0,15572,0
2026-08-25T09:45:00+05:30,254.9,256.2,252.35,252.5,1687,0
2026-08-25T10:00:00+05:30,252.5,259.99,252.5,255.0,1793,0
2026-08-25T10:15:00+05:30,255.0,259.8,251.0,259.8,7758,0
2026-08-25T10:30:00+05:30,255.4,259.8,250.0,254.1,3494,0
2026-08-25T10:45:00+05:30,255.0,259.5,254.0,254.1,179,0
2026-08-25T11:00:00+05:30,258.85,258.85,254.25,255.82,590,0
2026-08-25T11:15:00+05:30,255.0,258.85,252.0,258.85,1315,0
2026-08-25T11:30:00+05:30,258.5,260.0,258.0,260.0,2487,0
2026-08-25T11:45:00+05:30,259.9,260.0,252.2,260.0,2799,0
2026-08-25T12:00:00+05:30,260.0,260.0,252.5,260.0,350,0
2026-08-25T12:15:00+05:30,260.0,260.0,255.0,255.0,278,0
2026-08-25T12:30:00+05:30,255.0,259.99,255.0,255.1,380,0
2026-08-25T12:45:00+05:30,255.1,260.0,255.1,255.3,1303,0
2026-08-25T13:00:00+05:30,256.57,260.0,255.3,260.0,408,0
2026-08-25T13:15:00+05:30,260.0,260.0,259.95,259.95,421,0
2026-08-25T13:30:00+05:30,259.95,259.95,258.5,258.5,369,0
2026-08-25T13:45:00+05:30,258.5,259.95,255.4,255.4,833,0
2026-08-25T14:00:00+05:30,259.95,260.0,253.0,253.0,15063,0
2026-08-25T14:15:00+05:30,253.0,259.92,252.4,253.0,3446,0
2026-08-25T14:30:00+05:30,253.0,259.2,252.0,255.0,3192,0
2026-08-25T14:45:00+05:30,255.0,258.94,255.0,255.05,315,0
2026-08-25T15:00:00+05:30,255.05,263.4,255.0,263.0,4466,0
2026-08-25T15:15:00+05:30,263.0,272.0,263.0,272.0,10016,0
