timestamp,open,high,low,close,volume,oi
2026-02-26T09:15:00+05:30,147.86,148.57,147.45,148.5,2775,0
2026-02-26T09:30:00+05:30,148.57,148.65,148.11,148.29,1091,0
2026-02-26T09:45:00+05:30,148.29,149.35,148.29,148.68,3344,0
2026-02-26T10:00:00+05:30,148.68,148.71,148.43,148.71,141,0
2026-02-26T10:15:00+05:30,148.71,148.71,148.43,148.47,1237,0
2026-02-26T10:30:00+05:30,148.47,148.47,148.28,148.3,490,0
2026-02-26T10:45:00+05:30,148.3,148.36,148.01,148.01,1512,0
2026-02-26T11:00:00+05:30,148.01,148.26,148.01,148.26,13,0
2026-02-26T11:15:00+05:30,148.26,148.34,148.26,148.34,181,0
2026-02-26T11:30:00+05:30,148.34,148.34,147.7,147.7,447,0
2026-02-26T11:45:00+05:30,147.8,147.8,147.62,147.75,462,0
2026-02-26T12:00:00+05:30,147.75,147.77,147.75,147.77,2,0
2026-02-26T12:15:00+05:30,147.77,148.06,147.77,148.06,226,0
2026-02-26T12:30:00+05:30,148.06,148.06,148.05,148.05,15,0
2026-02-26T12:45:00+05:30,148.05,148.05,147.99,147.99,1,0
2026-02-26T13:00:00+05:30,147.98,147.98,147.7,147.7,543,0
2026-02-26T13:15:00+05:30,147.7,147.95,147.7,147.95,110,0
2026-02-26T13:30:00+05:30,147.95,147.95,147.95,147.95,0,0
2026-02-26T13:45:00+05:30,147.95,147.98,147.6,147.73,15567,0
2026-02-26T14:00:00+05:30,147.73,148.09,147.19,147.19,3005,0
2026-02-26T14:15:00+05:30,147.19,147.62,147.19,147.62,141,0
2026-02-26T14:30:00+05:30,147.62,147.87,147.51,147.51,513,0
2026-02-26T14:45:00+05:30,147.75,148.0,147.75,147.9,3017,0
2026-02-26T15:00:00+05:30,147.9,148.34,147.9,147.95,900,0
2026-02-26T15:15:00+05:30,148.02,148.2,147.17,147.25,1544,0
2026-02-27T09:15:00+05:30,147.7,147.74,147.18,147.4,6402,0
2026-02-27T09:30:00+05:30,147.4,147.59,147.0,147.4,1486,0
2026-02-27T09:45:00+05:30,147.4,147.4,146.51,146.73,3738,0
2026-02-27T10:00:00+05:30,146.73,146.73,145.95,146.53,3928,0
2026-02-27T10:15:00+05:30,146.36,146.42,146.0,146.2,981,0
2026-02-27T10:30:00+05:30,146.2,146.79,146.2,146.79,308,0
2026-02-27T10:45:00+05:30,146.79,146.79,146.1,146.49,874,0
2026-02-27T11:00:00+05:30,146.49,146.49,146.0,146.0,1290,0
2026-02-27T11:15:00+05:30,146.0,146.6,145.92,146.01,3858,0
2026-02-27T11:30:00+05:30,146.19,146.9,145.7,145.7,105605,0
2026-02-27T11:45:00+05:30,146.09,148.78,145.69,147.51,232316,0
2026-02-27T12:00:00+05:30,147.51,147.61,146.91,146.91,2838,0
2026-02-27T12:15:00+05:30,147.09,147.18,146.64,146.64,2979,0
2026-02-27T12:30:00+05:30,146.64,146.99,146.6,146.82,1133,0
2026-02-27T12:45:00+05:30,146.82,146.82,146.8,146.8,1,0
2026-02-27T13:00:00+05:30,146.75,146.9,146.51,146.83,1005,0
2026-02-27T13:15:00+05:30,146.83,146.93,146.8,146.93,165,0
2026-02-27T13:30:00+05:30,146.94,147.0,146.8,146.8,1146,0
2026-02-27T13:45:00+05:30,146.8,146.8,146.34,146.74,1060,0
2026-02-27T14:00:00+05:30,146.88,147.0,146.41,147.0,2519,0
2026-02-27T14:15:00+05:30,147.0,147.0,146.75,146.96,1030,0
2026-02-27T14:30:00+05:30,146.94,146.94,146.74,146.74,273,0
2026-02-27T14:45:00+05:30,146.74,146.91,146.0,146.38,4066,0
2026-02-27T15:00:00+05:30,146.5,147.59,146.0,146.92,10542,0
2026-02-27T15:15:00+05:30,146.76,146.99,146.0,146.0,5694,0
2026-03-02T09:15:00+05:30,142.0,145.0,141.52,143.66,34005,0
2026-03-02T09:30:00+05:30,143.45,144.89,143.43,143.71,11089,0
2026-03-02T09:45:00+05:30,143.7,143.7,143.3,143.42,7481,0
2026-03-02T10:00:00+05:30,143.42,143.7,143.27,143.59,5707,0
2026-03-02T10:15:00+05:30,143.59,143.86,143.59,143.62,1812,0
2026-03-02T10:30:00+05:30,143.62,143.95,143.62,143.94,763,0
2026-03-02T10:45:00+05:30,143.81,143.81,143.25,143.33,8036,0
2026-03-02T11:00:00+05:30,143.26,143.48,142.95,142.99,13892,0
2026-03-02T11:15:00+05:30,142.99,143.22,142.96,142.96,1081,0
2026-03-02T11:30:00+05:30,142.96,143.04,142.64,142.64,295,0
2026-03-02T11:45:00+05:30,142.63,142.85,142.43,142.5,1572,0
2026-03-02T12:00:00+05:30,142.43,142.51,142.34,142.5,3477,0
2026-03-02T12:15:00+05:30,142.5,142.56,142.25,142.32,4625,0
2026-03-02T12:30:00+05:30,142.32,142.39,141.6,141.6,10709,0
2026-03-02T12:45:00+05:30,141.63,142.49,140.9,142.0,21346,0
2026-03-02T13:00:00+05:30,142.01,142.11,141.52,142.11,1491,0
2026-03-02T13:15:00+05:30,142.11,142.18,141.96,142.17,1092,0
2026-03-02T13:30:00+05:30,142.02,142.2,141.61,141.69,2044,0
2026-03-02T13:45:00+05:30,141.69,142.0,141.24,141.74,2812,0
2026-03-02T14:00:00+05:30,141.65,142.27,139.75,142.27,22146,0
2026-03-02T14:15:00+05:30,142.27,142.27,142.06,142.11,2006,0
2026-03-02T14:30:00+05:30,142.11,142.34,142.1,142.1,834,0
2026-03-02T14:45:00+05:30,142.23,142.3,142.0,142.26,10545,0
2026-03-02T15:00:00+05:30,142.1,142.27,142.06,142.06,1108,0
2026-03-02T15:15:00+05:30,142.1,142.58,140.25,142.51,16362,0
2026-03-04T09:15:00+05:30,140.76,141.0,139.89,139.89,5117,0
2026-03-04T09:30:00+05:30,139.89,140.5,139.67,140.37,9131,0
2026-03-04T09:45:00+05:30,140.24,140.65,138.71,138.95,36806,0
2026-03-04T10:00:00+05:30,138.9,139.27,138.38,139.27,19150,0
2026-03-04T10:15:00+05:30,139.27,139.5,138.55,139.14,7124,0
2026-03-04T10:30:00+05:30,139.02,139.04,137.7,137.99,32984,0
2026-03-04T10:45:00+05:30,138.2,140.68,138.0,139.31,34932,0
2026-03-04T11:00:00+05:30,139.41,139.89,139.2,139.59,1963,0
2026-03-04T11:15:00+05:30,139.15,139.31,138.6,138.6,2135,0
2026-03-04T11:30:00+05:30,138.89,140.32,138.82,138.99,30500,0
2026-03-04T11:45:00+05:30,138.99,139.2,138.55,139.07,2747,0
2026-03-04T12:00:00+05:30,139.07,139.07,138.56,138.7,2738,0
2026-03-04T12:15:00+05:30,138.7,138.72,138.3,138.33,3408,0
2026-03-04T12:30:00+05:30,138.33,139.09,138.01,138.01,7641,0
2026-03-04T12:45:00+05:30,138.39,138.96,138.3,138.3,2430,0
2026-03-04T13:00:00+05:30,138.5,138.63,138.33,138.63,1473,0
2026-03-04T13:15:00+05:30,138.63,138.75,138.55,138.75,897,0
2026-03-04T13:30:00+05:30,138.56,138.72,138.56,138.56,414,0
2026-03-04T13:45:00+05:30,138.56,138.57,138.4,138.47,1465,0
2026-03-04T14:00:00+05:30,138.47,138.62,138.3,138.3,5533,0
2026-03-04T14:15:00+05:30,138.59,138.61,138.38,138.58,2206,0
2026-03-04T14:30:00+05:30,138.58,138.85,138.58,138.85,2633,0
2026-03-04T14:45:00+05:30,138.85,139.11,138.71,138.9,1549,0
2026-03-04T15:00:00+05:30,139.0,139.03,138.55,138.79,2413,0
2026-03-04T15:15:00+05:30,138.79,139.22,137.2,137.22,16767,0
2026-03-05T09:15:00+05:30,138.51,139.9,138.51,138.99,3114,0
2026-03-05T09:30:00+05:30,138.99,139.0,138.59,138.59,1693,0
2026-03-05T09:45:00+05:30,139.06,141.12,139.0,140.58,10724,0
2026-03-05T10:00:00+05:30,140.61,140.61,140.31,140.31,346,0
2026-03-05T10:15:00+05:30,140.5,140.5,140.0,140.17,8479,0
2026-03-05T10:30:00+05:30,140.17,140.68,140.17,140.42,1184,0
2026-03-05T10:45:00+05:30,140.74,140.74,140.22,140.47,504,0
2026-03-05T11:00:00+05:30,140.47,140.47,140.0,140.0,713,0
2026-03-05T11:15:00+05:30,140.0,140.27,139.22,139.44,13543,0
2026-03-05T11:30:00+05:30,139.4,139.61,139.4,139.61,187,0
2026-03-05T11:45:00+05:30,139.48,139.52,139.17,139.31,354,0
2026-03-05T12:00:00+05:30,139.31,139.31,139.31,139.31,0,0
2026-03-05T12:15:00+05:30,139.31,139.74,139.31,139.74,10,0
2026-03-05T12:30:00+05:30,139.74,140.03,139.74,140.03,171,0
2026-03-05T12:45:00+05:30,140.03,140.03,139.99,139.99,26,0
2026-03-05T13:00:00+05:30,139.99,140.06,139.99,140.06,348,0
2026-03-05T13:15:00+05:30,140.06,140.06,139.79,139.81,234,0
2026-03-05T13:30:00+05:30,139.81,140.07,139.75,139.82,2388,0
2026-03-05T13:45:00+05:30,139.82,139.82,139.56,139.56,156,0
2026-03-05T14:00:00+05:30,139.56,139.56,139.21,139.21,100,0
2026-03-05T14:15:00+05:30,139.21,139.88,139.21,139.57,400,0
2026-03-05T14:30:00+05:30,139.57,140.36,139.5,140.36,3351,0
2026-03-05T14:45:00+05:30,140.31,141.0,140.29,141.0,2918,0
2026-03-05T15:00:00+05:30,141.35,141.45,140.0,141.01,41067,0
2026-03-05T15:15:00+05:30,140.03,141.87,140.01,141.87,4583,0
2026-03-06T09:15:00+05:30,140.86,141.7,140.43,141.67,4153,0
2026-03-06T09:30:00+05:30,141.67,142.0,141.0,141.0,6712,0
2026-03-06T09:45:00+05:30,141.01,141.36,140.61,140.61,1075,0
2026-03-06T10:00:00+05:30,140.75,141.12,140.75,141.12,97,0
2026-03-06T10:15:00+05:30,141.12,141.45,140.65,140.65,1449,0
2026-03-06T10:30:00+05:30,140.65,140.65,140.5,140.5,485,0
2026-03-06T10:45:00+05:30,140.5,140.5,139.51,139.51,3583,0
2026-03-06T11:00:00+05:30,139.51,140.05,139.51,140.05,148,0
2026-03-06T11:15:00+05:30,140.05,140.18,139.81,139.94,2382,0
2026-03-06T11:30:00+05:30,139.94,140.11,139.51,139.86,299,0
2026-03-06T11:45:00+05:30,139.86,140.16,139.86,140.16,26,0
2026-03-06T12:00:00+05:30,140.16,140.16,140.0,140.05,102,0
2026-03-06T12:15:00+05:30,140.05,140.05,139.12,139.12,3046,0
2026-03-06T12:30:00+05:30,139.12,139.15,139.12,139.15,1,0
2026-03-06T12:45:00+05:30,139.15,139.4,139.15,139.4,1,0
2026-03-06T13:00:00+05:30,139.54,139.59,139.32,139.59,58,0
2026-03-06T13:15:00+05:30,139.58,139.78,139.53,139.53,861,0
2026-03-06T13:30:00+05:30,139.53,140.13,139.53,140.13,1717,0
2026-03-06T13:45:00+05:30,140.13,140.13,139.72,139.72,117,0
2026-03-06T14:00:00+05:30,139.85,139.85,139.04,139.32,43411,0
2026-03-06T14:15:00+05:30,139.32,140.04,139.32,140.04,20097,0
2026-03-06T14:30:00+05:30,140.04,140.04,139.0,139.5,8427,0
2026-03-06T14:45:00+05:30,139.58,139.58,139.1,139.58,4287,0
2026-03-06T15:00:00+05:30,139.59,140.0,139.05,139.43,35255,0
2026-03-06T15:15:00+05:30,139.43,140.35,139.0,140.35,13174,0
2026-03-09T09:15:00+05:30,136.1,137.85,135.88,136.2,16392,0
2026-03-09T09:30:00+05:30,136.67,138.44,135.49,135.7,25961,0
2026-03-09T09:45:00+05:30,135.5,135.79,135.2,135.79,5682,0
2026-03-09T10:00:00+05:30,135.79,136.0,135.5,136.0,3590,0
2026-03-09T10:15:00+05:30,135.9,135.91,135.33,135.78,1550,0
2026-03-09T10:30:00+05:30,135.65,135.66,135.38,135.56,311,0
2026-03-09T10:45:00+05:30,135.56,135.56,134.55,135.5,8898,0
2026-03-09T11:00:00+05:30,135.53,135.62,134.66,135.13,2224,0
2026-03-09T11:15:00+05:30,135.2,135.96,135.1,135.75,2826,0
2026-03-09T11:30:00+05:30,135.79,135.96,135.79,135.96,321,0
2026-03-09T11:45:00+05:30,135.65,135.94,135.32,135.8,3950,0
2026-03-09T12:00:00+05:30,135.8,135.8,135.45,135.54,3430,0
2026-03-09T12:15:00+05:30,135.79,135.95,135.5,135.81,50795,0
2026-03-09T12:30:00+05:30,135.81,135.9,135.52,135.65,161,0
2026-03-09T12:45:00+05:30,135.65,135.94,135.65,135.89,309,0
2026-03-09T13:00:00+05:30,135.89,135.92,135.85,135.91,659,0
2026-03-09T13:15:00+05:30,135.91,135.91,135.5,135.5,1075,0
2026-03-09T13:30:00+05:30,135.5,137.79,135.5,136.96,17855,0
2026-03-09T13:45:00+05:30,136.96,136.97,135.0,135.74,13969,0
2026-03-09T14:00:00+05:30,135.74,136.14,135.74,136.0,85,0
2026-03-09T14:15:00+05:30,136.0,136.17,135.74,136.08,2999,0
2026-03-09T14:30:00+05:30,136.17,136.17,136.04,136.04,219,0
2026-03-09T14:45:00+05:30,136.17,137.16,135.86,137.16,611479,0
2026-03-09T15:00:00+05:30,137.16,138.16,137.15,138.01,10792,0
2026-03-09T15:15:00+05:30,138.01,138.01,137.47,137.75,11156,0
2026-03-10T09:15:00+05:30,138.36,139.01,138.36,138.68,6092,0
2026-03-10T09:30:00+05:30,138.68,138.68,138.1,138.2,1500,0
2026-03-10T09:45:00+05:30,138.2,138.4,138.1,138.4,1503,0
2026-03-10T10:00:00+05:30,138.29,138.84,138.23,138.84,1309,0
2026-03-10T10:15:00+05:30,138.81,139.13,138.8,138.84,1573,0
2026-03-10T10:30:00+05:30,138.84,139.1,138.79,138.98,9884,0
2026-03-10T10:45:00+05:30,138.98,138.98,138.68,138.79,430,0
2026-03-10T11:00:00+05:30,138.79,138.98,138.1,138.1,4239,0
2026-03-10T11:15:00+05:30,138.1,138.55,138.1,138.55,108,0
2026-03-10T11:30:00+05:30,138.55,138.84,138.4,138.78,11910,0
2026-03-10T11:45:00+05:30,138.78,138.78,138.22,138.7,2295,0
2026-03-10T12:00:00+05:30,138.7,138.7,138.45,138.45,125,0
2026-03-10T12:15:00+05:30,138.45,138.45,138.19,138.3,142,0
2026-03-10T12:30:00+05:30,138.3,139.0,138.3,138.77,16711,0
2026-03-10T12:45:00+05:30,138.77,138.77,138.3,138.6,2861,0
2026-03-10T13:00:00+05:30,138.87,138.98,138.43,138.43,856,0
2026-03-10T13:15:00+05:30,138.43,138.51,138.1,138.3,1415,0
2026-03-10T13:30:00+05:30,138.3,138.56,138.3,138.56,1975,0
2026-03-10T13:45:00+05:30,138.65,138.65,138.1,138.49,2065,0
2026-03-10T14:00:00+05:30,138.49,138.78,138.1,138.63,2968,0
2026-03-10T14:15:00+05:30,138.63,138.63,138.45,138.45,36,0
2026-03-10T14:30:00+05:30,138.45,138.65,138.3,138.3,802,0
2026-03-10T14:45:00+05:30,138.3,138.47,138.1,138.37,22103,0
2026-03-10T15:00:00+05:30,138.37,139.2,138.1,138.76,8558,0
2026-03-10T15:15:00+05:30,138.75,139.2,138.52,139.2,4848,0
2026-03-11T09:15:00+05:30,138.55,140.25,138.55,139.21,5022,0
2026-03-11T09:30:00+05:30,139.21,139.5,138.82,139.37,2151,0
2026-03-11T09:45:00+05:30,139.37,139.77,138.98,139.5,3516,0
2026-03-11T10:00:00+05:30,139.41,139.48,139.07,139.22,2010,0
2026-03-11T10:15:00+05:30,139.28,139.93,138.98,139.01,5452,0
2026-03-11T10:30:00+05:30,138.83,139.0,138.21,138.6,4437,0
2026-03-11T10:45:00+05:30,138.6,138.79,138.33,138.79,497,0
2026-03-11T11:00:00+05:30,138.79,138.79,138.33,138.33,801,0
2026-03-11T11:15:00+05:30,138.33,138.49,137.96,138.0,9073,0
2026-03-11T11:30:00+05:30,138.0,138.25,137.56,137.65,2250,0
2026-03-11T11:45:00+05:30,137.65,137.82,137.65,137.66,794,0
2026-03-11T12:00:00+05:30,137.66,138.04,137.66,137.99,292,0
2026-03-11T12:15:00+05:30,137.99,138.06,137.82,138.0,856,0
2026-03-11T12:30:00+05:30,138.0,138.28,137.82,138.24,361,0
2026-03-11T12:45:00+05:30,138.17,138.17,137.74,137.77,5783,0
2026-03-11T13:00:00+05:30,137.93,137.94,136.88,136.88,2332,0
2026-03-11T13:15:00+05:30,136.88,137.3,136.88,137.3,8315,0
2026-03-11T13:30:00+05:30,137.29,137.3,137.01,137.18,5770,0
2026-03-11T13:45:00+05:30,137.18,137.2,136.88,137.04,1637,0
2026-03-11T14:00:00+05:30,137.04,137.1,137.0,137.1,956,0
2026-03-11T14:15:00+05:30,137.1,137.28,136.83,136.9,1728,0
2026-03-11T14:30:00+05:30,136.91,137.3,136.91,137.03,1919,0
2026-03-11T14:45:00+05:30,137.03,137.19,136.99,137.14,4271,0
2026-03-11T15:00:00+05:30,137.14,137.17,136.8,136.84,1015,0
2026-03-11T15:15:00+05:30,136.83,137.3,136.69,137.3,2050,0
2026-03-12T09:15:00+05:30,136.88,136.88,133.7,134.69,16343,0
2026-03-12T09:30:00+05:30,134.6,134.6,134.0,134.2,1774,0
2026-03-12T09:45:00+05:30,134.2,134.77,134.15,134.5,5112,0
2026-03-12T10:00:00+05:30,134.87,134.87,134.31,134.4,3755,0
2026-03-12T10:15:00+05:30,134.4,134.61,134.38,134.61,1406,0
2026-03-12T10:30:00+05:30,134.65,134.8,134.24,134.71,1365,0
2026-03-12T10:45:00+05:30,134.71,135.24,134.71,135.24,2097,0
2026-03-12T11:00:00+05:30,135.25,136.0,135.25,135.41,4650,0
2026-03-12T11:15:00+05:30,135.41,135.7,135.2,135.55,2171,0
2026-03-12T11:30:00+05:30,135.55,135.98,135.5,135.59,1126,0
2026-03-12T11:45:00+05:30,135.59,136.04,135.59,136.04,871,0
2026-03-12T12:00:00+05:30,136.04,136.5,136.0,136.21,1530,0
2026-03-12T12:15:00+05:30,136.21,136.38,136.11,136.35,703,0
2026-03-12T12:30:00+05:30,136.35,136.35,135.98,136.02,1727,0
2026-03-12T12:45:00+05:30,136.02,136.35,136.01,136.31,920,0
2026-03-12T13:00:00+05:30,136.31,136.31,135.63,135.85,1817,0
2026-03-12T13:15:00+05:30,135.85,136.3,135.85,136.3,30,0
2026-03-12T13:30:00+05:30,136.32,136.91,135.98,136.8,5378,0
2026-03-12T13:45:00+05:30,136.65,136.75,135.94,135.94,4798,0
2026-03-12T14:00:00+05:30,135.74,135.89,135.0,135.3,20819,0
2026-03-12T14:15:00+05:30,135.3,135.7,135.3,135.65,249,0
2026-03-12T14:30:00+05:30,135.65,135.87,135.4,135.4,506,0
2026-03-12T14:45:00+05:30,135.78,135.9,134.8,135.36,9259,0
2026-03-12T15:00:00+05:30,135.36,135.99,135.11,135.5,2185,0
2026-03-12T15:15:00+05:30,135.37,136.1,135.2,136.1,3472,0
2026-03-13T09:15:00+05:30,136.25,136.25,133.9,134.9,6104,0
2026-03-13T09:30:00+05:30,134.68,134.7,133.69,133.69,7617,0
2026-03-13T09:45:00+05:30,133.68,133.8,133.03,133.11,10965,0
2026-03-13T10:00:00+05:30,133.41,133.44,132.05,132.7,5069,0
2026-03-13T10:15:00+05:30,132.57,132.7,132.31,132.39,3370,0
2026-03-13T10:30:00+05:30,132.94,132.94,132.5,132.81,959,0
2026-03-13T10:45:00+05:30,132.75,132.9,132.52,132.9,1128,0
2026-03-13T11:00:00+05:30,132.9,132.9,132.0,132.45,8455,0
2026-03-13T11:15:00+05:30,132.45,132.54,131.51,132.54,3739,0
2026-03-13T11:30:00+05:30,132.75,133.0,131.86,132.51,7110,0
2026-03-13T11:45:00+05:30,132.39,132.79,132.39,132.53,1577,0
2026-03-13T12:00:00+05:30,132.53,132.53,132.26,132.48,1440,0
2026-03-13T12:15:00+05:30,132.33,132.33,130.61,130.94,8856,0
2026-03-13T12:30:00+05:30,130.94,131.0,130.54,130.86,2691,0
2026-03-13T12:45:00+05:30,130.69,131.24,130.45,131.0,18132,0
2026-03-13T13:00:00+05:30,131.0,131.1,130.85,130.85,270,0
2026-03-13T13:15:00+05:30,130.76,131.2,130.6,131.04,5577,0
2026-03-13T13:30:00+05:30,131.04,131.04,130.73,130.73,466,0
2026-03-13T13:45:00+05:30,130.81,130.81,130.31,130.44,1966,0
2026-03-13T14:00:00+05:30,130.31,130.31,129.15,129.85,20242,0
2026-03-13T14:15:00+05:30,130.18,130.3,129.7,130.0,6619,0
2026-03-13T14:30:00+05:30,130.0,130.31,130.0,130.12,951,0
2026-03-13T14:45:00+05:30,130.29,130.45,129.83,129.98,10714,0
2026-03-13T15:00:00+05:30,129.98,129.98,128.4,128.51,14077,0
2026-03-13T15:15:00+05:30,128.51,129.72,128.0,129.3,36805,0
2026-03-16T09:15:00+05:30,128.0,129.01,126.99,127.4,14023,0
2026-03-16T09:30:00+05:30,127.25,128.41,127.03,128.28,4758,0
2026-03-16T09:45:00+05:30,128.42,129.25,127.81,127.81,3315,0
2026-03-16T10:00:00+05:30,127.97,128.2,127.45,127.58,4324,0
2026-03-16T10:15:00+05:30,127.55,127.55,126.46,126.46,6073,0
2026-03-16T10:30:00+05:30,126.46,126.99,126.35,126.35,924,0
2026-03-16T10:45:00+05:30,126.35,126.7,126.0,126.7,9637,0
2026-03-16T11:00:00+05:30,126.72,127.5,126.21,127.23,5919,0
2026-03-16T11:15:00+05:30,127.22,127.9,127.1,127.68,2578,0
2026-03-16T11:30:00+05:30,127.68,127.79,127.51,127.51,1317,0
2026-03-16T11:45:00+05:30,127.51,127.55,127.1,127.55,651,0
2026-03-16T12:00:00+05:30,127.55,127.55,125.61,126.66,11010,0
2026-03-16T12:15:00+05:30,126.66,127.0,126.61,127.0,1552,0
2026-03-16T12:30:00+05:30,127.0,127.1,126.0,126.67,3878,0
2026-03-16T12:45:00+05:30,126.64,126.64,126.55,126.55,54,0
2026-03-16T13:00:00+05:30,126.55,126.69,126.0,126.28,1888,0
2026-03-16T13:15:00+05:30,126.28,126.61,126.02,126.6,915,0
2026-03-16T13:30:00+05:30,126.6,126.6,126.07,126.4,380,0
2026-03-16T13:45:00+05:30,126.4,126.6,126.13,126.6,703,0
2026-03-16T14:00:00+05:30,126.6,128.29,126.57,127.71,19343,0
2026-03-16T14:15:00+05:30,127.64,128.73,127.45,128.35,3758,0
2026-03-16T14:30:00+05:30,128.36,128.36,127.81,128.2,4820,0
2026-03-16T14:45:00+05:30,128.2,128.2,127.21,127.68,3599,0
2026-03-16T15:00:00+05:30,127.71,127.71,126.85,127.12,2402,0
2026-03-16T15:15:00+05:30,127.57,127.76,126.91,127.59,9678,0
2026-03-17T09:15:00+05:30,126.78,128.0,126.78,128.0,9784,0
2026-03-17T09:30:00+05:30,128.0,128.8,127.53,128.73,4160,0
2026-03-17T09:45:00+05:30,128.73,129.32,128.0,128.6,16381,0
2026-03-17T10:00:00+05:30,128.6,129.01,128.49,128.6,2187,0
2026-03-17T10:15:00+05:30,128.6,129.7,128.31,128.91,3297,0
2026-03-17T10:30:00+05:30,128.91,128.91,128.4,128.9,362,0
2026-03-17T10:45:00+05:30,128.9,128.9,128.0,128.36,10637,0
2026-03-17T11:00:00+05:30,128.39,129.69,128.0,129.1,14406,0
2026-03-17T11:15:00+05:30,129.1,129.1,127.51,127.51,3649,0
2026-03-17T11:30:00+05:30,127.79,129.51,127.41,128.76,15545,0
2026-03-17T11:45:00+05:30,128.76,129.21,128.37,128.37,1253,0
2026-03-17T12:00:00+05:30,128.37,128.69,128.32,128.64,559,0
2026-03-17T12:15:00+05:30,128.37,129.5,128.24,128.64,6173,0
2026-03-17T12:30:00+05:30,128.61,128.61,128.02,128.4,1632,0
2026-03-17T12:45:00+05:30,128.4,128.9,127.5,128.48,5254,0
2026-03-17T13:00:00+05:30,128.65,128.69,127.62,128.02,1109,0
2026-03-17T13:15:00+05:30,128.2,128.33,128.0,128.18,204,0
2026-03-17T13:30:00+05:30,128.18,128.39,127.5,127.5,8060,0
2026-03-17T13:45:00+05:30,127.5,128.2,127.5,128.2,699,0
2026-03-17T14:00:00+05:30,128.2,128.2,127.59,128.1,2474,0
2026-03-17T14:15:00+05:30,128.1,128.16,128.0,128.16,641,0
2026-03-17T14:30:00+05:30,128.16,130.52,128.01,130.26,17751,0
2026-03-17T14:45:00+05:30,130.0,130.49,128.32,128.32,10706,0
2026-03-17T15:00:00+05:30,128.93,129.98,128.66,129.03,4781,0
2026-03-17T15:15:00+05:30,129.19,129.19,126.8,127.0,47940,0
2026-03-18T09:15:00+05:30,127.51,129.89,127.49,129.89,10850,0
2026-03-18T09:30:00+05:30,129.89,130.6,129.8,130.6,5094,0
2026-03-18T09:45:00+05:30,130.61,131.18,130.61,130.8,2331,0
2026-03-18T10:00:00+05:30,130.8,131.19,130.5,130.85,5831,0
2026-03-18T10:15:00+05:30,130.96,131.86,130.78,131.64,2531,0
2026-03-18T10:30:00+05:30,131.64,132.3,131.5,131.66,4433,0
2026-03-18T10:45:00+05:30,131.67,132.45,131.5,131.78,6905,0
2026-03-18T11:00:00+05:30,132.0,132.39,131.99,132.11,3734,0
2026-03-18T11:15:00+05:30,132.11,132.14,131.71,131.99,990,0
2026-03-18T11:30:00+05:30,131.99,131.99,131.4,131.74,1377,0
2026-03-18T11:45:00+05:30,131.74,132.1,131.0,132.1,5527,0
2026-03-18T12:00:00+05:30,132.01,132.5,129.5,131.09,17835,0
2026-03-18T12:15:00+05:30,131.09,131.3,130.83,130.85,887,0
2026-03-18T12:30:00+05:30,130.85,131.19,130.85,131.0,950,0
2026-03-18T12:45:00+05:30,131.0,132.45,131.0,132.38,8239,0
2026-03-18T13:00:00+05:30,132.37,133.11,132.37,132.65,17272,0
2026-03-18T13:15:00+05:30,132.65,132.81,132.47,132.8,363,0
2026-03-18T13:30:00+05:30,132.8,132.8,132.43,132.57,1890,0
2026-03-18T13:45:00+05:30,132.57,133.0,132.32,132.99,4395,0
2026-03-18T14:00:00+05:30,132.99,133.13,132.6,133.13,2287,0
2026-03-18T14:15:00+05:30,133.02,133.2,132.46,132.75,11439,0
2026-03-18T14:30:00+05:30,132.75,132.76,132.03,132.1,2549,0
2026-03-18T14:45:00+05:30,132.1,132.38,131.6,131.88,2810,0
2026-03-18T15:00:00+05:30,131.89,132.39,131.7,131.98,7104,0
2026-03-18T15:15:00+05:30,131.9,133.0,131.59,132.0,3940,0
2026-03-19T09:15:00+05:30,130.82,134.28,128.72,129.44,22982,0
2026-03-19T09:30:00+05:30,129.42,129.47,129.0,129.47,4729,0
2026-03-19T09:45:00+05:30,129.47,129.73,129.39,129.51,360,0
2026-03-19T10:00:00+05:30,129.7,129.7,129.3,129.43,1883,0
2026-03-19T10:15:00+05:30,129.43,129.6,129.2,129.6,2248,0
2026-03-19T10:30:00+05:30,129.52,129.73,129.49,129.5,2489,0
2026-03-19T10:45:00+05:30,129.5,129.72,129.5,129.72,1500,0
2026-03-19T11:00:00+05:30,129.72,129.72,129.27,129.3,750,0
2026-03-19T11:15:00+05:30,129.3,129.42,129.07,129.39,957,0
2026-03-19T11:30:00+05:30,129.39,129.51,129.36,129.51,672,0
2026-03-19T11:45:00+05:30,129.51,130.05,129.51,129.6,3461,0
2026-03-19T12:00:00+05:30,129.6,129.65,129.51,129.59,482,0
2026-03-19T12:15:00+05:30,129.59,129.59,129.13,129.36,901,0
2026-03-19T12:30:00+05:30,129.36,129.36,129.36,129.36,0,0
2026-03-19T12:45:00+05:30,129.36,129.6,129.1,129.45,1148,0
2026-03-19T13:00:00+05:30,129.45,129.45,129.0,129.4,3700,0
2026-03-19T13:15:00+05:30,128.82,129.19,127.4,128.18,11353,0
2026-03-19T13:30:00+05:30,127.83,128.48,127.8,128.19,3411,0
2026-03-19T13:45:00+05:30,128.28,128.4,127.4,128.1,2771,0
2026-03-19T14:00:00+05:30,128.1,128.1,127.6,127.9,333,0
2026-03-19T14:15:00+05:30,127.89,127.9,127.7,127.8,170,0
2026-03-19T14:30:00+05:30,127.8,128.0,127.8,127.99,36,0
2026-03-19T14:45:00+05:30,127.98,128.0,127.39,127.39,1454,0
2026-03-19T15:00:00+05:30,127.39,128.2,127.1,127.6,7272,0
2026-03-19T15:15:00+05:30,127.26,127.5,126.44,127.5,12028,0
2026-03-20T09:15:00+05:30,127.76,129.54,127.61,129.48,4837,0
2026-03-20T09:30:00+05:30,129.54,129.54,128.51,128.7,5368,0
2026-03-20T09:45:00+05:30,128.71,129.15,128.5,128.95,3812,0
2026-03-20T10:00:00+05:30,128.99,129.09,128.52,129.09,533,0
2026-03-20T10:15:00+05:30,129.09,129.18,128.42,128.52,4308,0
2026-03-20T10:30:00+05:30,128.52,129.05,128.52,128.84,1768,0
2026-03-20T10:45:00+05:30,128.84,129.39,128.84,129.24,4873,0
2026-03-20T11:00:00+05:30,129.24,129.88,129.24,129.66,7815,0
2026-03-20T11:15:00+05:30,129.66,129.91,129.66,129.9,885,0
2026-03-20T11:30:00+05:30,129.9,129.9,129.54,129.86,678,0
2026-03-20T11:45:00+05:30,129.89,129.96,129.41,129.73,1644,0
2026-03-20T12:00:00+05:30,129.51,129.51,128.74,129.07,6500,0
2026-03-20T12:15:00+05:30,129.07,129.07,127.58,127.83,4433,0
2026-03-20T12:30:00+05:30,127.65,127.68,127.44,127.44,3660,0
2026-03-20T12:45:00+05:30,127.44,127.92,127.44,127.7,623,0
2026-03-20T13:00:00+05:30,127.7,129.0,127.7,128.62,28121,0
2026-03-20T13:15:00+05:30,128.62,128.82,128.45,128.82,146,0
2026-03-20T13:30:00+05:30,128.82,128.82,128.17,128.17,16,0
2026-03-20T13:45:00+05:30,128.17,128.19,127.7,127.71,931,0
2026-03-20T14:00:00+05:30,127.71,128.38,127.7,128.38,636,0
2026-03-20T14:15:00+05:30,128.38,128.38,127.8,128.31,1591,0
2026-03-20T14:30:00+05:30,128.31,128.31,127.77,127.77,32,0
2026-03-20T14:45:00+05:30,127.77,128.0,127.7,127.94,568,0
2026-03-20T15:00:00+05:30,127.94,128.06,126.94,127.08,9600,0
2026-03-20T15:15:00+05:30,127.25,127.59,126.58,127.0,6513,0
2026-03-23T09:15:00+05:30,125.0,127.25,124.49,126.14,25337,0
2026-03-23T09:30:00+05:30,125.77,126.17,125.1,125.1,9370,0
2026-03-23T09:45:00+05:30,125.09,125.09,124.5,124.61,3538,0
2026-03-23T10:00:00+05:30,124.5,124.9,124.0,124.47,10195,0
2026-03-23T10:15:00+05:30,124.2,124.33,123.6,123.6,4433,0
2026-03-23T10:30:00+05:30,123.6,123.8,123.5,123.53,1291,0
2026-03-23T10:45:00+05:30,123.75,123.8,123.53,123.6,3408,0
2026-03-23T11:00:00+05:30,123.5,127.38,123.5,126.9,39209,0
2026-03-23T11:15:00+05:30,127.01,127.46,127.0,127.05,4111,0
2026-03-23T11:30:00+05:30,127.05,127.33,126.8,127.14,13144,0
2026-03-23T11:45:00+05:30,127.14,127.25,126.91,127.25,3294,0
2026-03-23T12:00:00+05:30,127.25,127.25,127.0,127.25,905,0
2026-03-23T12:15:00+05:30,127.25,127.25,126.71,127.0,14422,0
2026-03-23T12:30:00+05:30,127.1,127.1,126.91,126.91,3276,0
2026-03-23T12:45:00+05:30,126.91,127.1,126.91,127.0,904,0
2026-03-23T13:00:00+05:30,127.0,127.1,127.0,127.05,2905,0
2026-03-23T13:15:00+05:30,127.05,127.05,127.0,127.0,10536,0
2026-03-23T13:30:00+05:30,127.0,127.25,125.37,127.07,13361,0
2026-03-23T13:45:00+05:30,127.07,127.18,127.0,127.05,109,0
2026-03-23T14:00:00+05:30,127.19,127.19,127.0,127.0,1311,0
2026-03-23T14:15:00+05:30,127.0,127.15,126.91,127.15,1416,0
2026-03-23T14:30:00+05:30,127.15,127.15,125.24,125.39,3026,0
2026-03-23T14:45:00+05:30,125.39,125.69,124.18,124.18,4299,0
2026-03-23T15:00:00+05:30,124.17,124.18,123.25,123.64,16313,0
2026-03-23T15:15:00+05:30,123.78,124.16,123.12,124.0,7493,0
2026-03-24T09:15:00+05:30,125.5,126.12,125.0,126.12,4765,0
2026-03-24T09:30:00+05:30,126.13,126.27,125.11,125.14,2172,0
2026-03-24T09:45:00+05:30,125.14,126.44,124.93,126.06,64875,0
2026-03-24T10:00:00+05:30,126.45,127.21,126.19,126.68,7391,0
2026-03-24T10:15:00+05:30,126.65,126.8,125.78,125.97,38060,0
2026-03-24T10:30:00+05:30,125.97,125.99,125.1,125.45,13318,0
2026-03-24T10:45:00+05:30,125.44,125.52,125.29,125.47,712,0
2026-03-24T11:00:00+05:30,125.47,125.53,125.11,125.53,924,0
2026-03-24T11:15:00+05:30,125.53,125.82,125.23,125.72,5220,0
2026-03-24T11:30:00+05:30,125.69,125.7,125.3,125.5,3165,0
2026-03-24T11:45:00+05:30,125.5,125.8,125.5,125.57,8631,0
2026-03-24T12:00:00+05:30,125.73,125.8,125.2,125.38,16650,0
2026-03-24T12:15:00+05:30,125.7,126.33,125.01,126.33,17554,0
2026-03-24T12:30:00+05:30,126.33,126.38,125.61,126.0,3601,0
2026-03-24T12:45:00+05:30,126.0,129.12,126.0,128.47,26220,0
2026-03-24T13:00:00+05:30,128.45,128.45,127.17,127.91,4189,0
2026-03-24T13:15:00+05:30,128.19,128.23,127.71,128.1,2423,0
2026-03-24T13:30:00+05:30,128.1,128.1,127.82,127.82,2447,0
2026-03-24T13:45:00+05:30,127.82,127.82,127.0,127.03,2202,0
2026-03-24T14:00:00+05:30,127.03,127.88,127.03,127.83,1386,0
2026-03-24T14:15:00+05:30,127.83,128.22,127.4,127.5,648,0
2026-03-24T14:30:00+05:30,127.5,127.69,122.69,124.3,36727,0
2026-03-24T14:45:00+05:30,124.02,125.0,124.0,124.9,13892,0
2026-03-24T15:00:00+05:30,124.9,126.0,124.81,124.99,26894,0
2026-03-24T15:15:00+05:30,125.43,125.81,124.74,124.85,11956,0
2026-03-25T09:15:00+05:30,126.08,128.76,125.28,128.56,13505,0
2026-03-25T09:30:00+05:30,128.58,129.1,128.5,128.51,6552,0
2026-03-25T09:45:00+05:30,128.52,129.5,128.51,128.95,3797,0
2026-03-25T10:00:00+05:30,129.05,129.49,128.61,128.97,3147,0
2026-03-25T10:15:00+05:30,128.97,128.97,128.7,128.97,834,0
2026-03-25T10:30:00+05:30,128.97,129.54,128.94,129.15,4460,0
2026-03-25T10:45:00+05:30,129.54,129.85,129.22,129.25,3248,0
2026-03-25T11:00:00+05:30,129.47,129.88,129.47,129.66,1013,0
2026-03-25T11:15:00+05:30,129.66,129.7,129.2,129.25,1584,0
2026-03-25T11:30:00+05:30,129.25,129.45,129.16,129.16,2978,0
2026-03-25T11:45:00+05:30,129.16,129.4,129.15,129.4,197,0
2026-03-25T12:00:00+05:30,129.4,129.45,129.0,129.0,2603,0
2026-03-25T12:15:00+05:30,129.07,129.07,129.0,129.0,4108,0
2026-03-25T12:30:00+05:30,128.95,131.5,128.95,131.13,18826,0
2026-03-25T12:45:00+05:30,131.15,131.15,130.52,130.52,2557,0
2026-03-25T13:00:00+05:30,130.52,131.14,130.42,130.8,2970,0
2026-03-25T13:15:00+05:30,130.99,131.15,130.69,130.75,5265,0
2026-03-25T13:30:00+05:30,130.76,131.0,130.25,130.5,6890,0
2026-03-25T13:45:00+05:30,130.5,130.56,128.56,128.56,20770,0
2026-03-25T14:00:00+05:30,128.57,128.65,128.24,128.33,5456,0
2026-03-25T14:15:00+05:30,128.35,128.87,128.2,128.6,10872,0
2026-03-25T14:30:00+05:30,128.45,128.63,127.85,127.85,4765,0
2026-03-25T14:45:00+05:30,128.19,128.46,128.0,128.46,11017,0
2026-03-25T15:00:00+05:30,128.3,128.3,127.8,127.87,8087,0
2026-03-25T15:15:00+05:30,127.82,129.59,127.29,128.0,18029,0
2026-03-27T09:15:00+05:30,127.34,127.67,125.83,126.83,8442,0
2026-03-27T09:30:00+05:30,126.65,126.71,125.78,125.88,3173,0
2026-03-27T09:45:00+05:30,125.88,125.9,125.17,125.25,1488,0
2026-03-27T10:00:00+05:30,125.25,126.82,125.05,126.43,14171,0
2026-03-27T10:15:00+05:30,126.43,127.1,125.63,126.18,36223,0
2026-03-27T10:30:00+05:30,126.18,126.57,126.18,126.3,639,0
2026-03-27T10:45:00+05:30,126.3,126.39,126.11,126.23,1390,0
2026-03-27T11:00:00+05:30,126.23,126.28,125.91,126.06,2698,0
2026-03-27T11:15:00+05:30,126.06,126.97,125.91,126.97,8312,0
2026-03-27T11:30:00+05:30,126.97,127.1,125.82,125.82,2662,0
2026-03-27T11:45:00+05:30,125.8,125.8,124.8,125.0,12082,0
2026-03-27T12:00:00+05:30,125.0,125.0,123.69,123.75,26819,0
2026-03-27T12:15:00+05:30,123.75,125.03,123.75,124.64,5836,0
2026-03-27T12:30:00+05:30,124.64,125.38,124.64,125.09,6274,0
2026-03-27T12:45:00+05:30,125.22,125.39,124.51,125.1,2964,0
2026-03-27T13:00:00+05:30,125.1,125.41,124.5,125.41,8916,0
2026-03-27T13:15:00+05:30,125.41,125.41,124.91,125.0,5948,0
2026-03-27T13:30:00+05:30,124.76,125.15,124.76,125.1,2331,0
2026-03-27T13:45:00+05:30,125.1,125.57,125.1,125.2,5307,0
2026-03-27T14:00:00+05:30,125.24,125.24,124.0,124.67,9977,0
2026-03-27T14:15:00+05:30,124.67,125.95,124.5,125.7,10420,0
2026-03-27T14:30:00+05:30,125.7,126.47,125.5,125.5,13175,0
2026-03-27T14:45:00+05:30,125.5,126.0,125.5,126.0,4057,0
2026-03-27T15:00:00+05:30,126.19,126.48,125.5,125.8,10583,0
2026-03-27T15:15:00+05:30,125.97,126.0,125.5,126.0,45577,0
2026-03-30T09:15:00+05:30,124.8,125.14,124.07,124.81,9397,0
2026-03-30T09:30:00+05:30,124.98,125.5,124.83,125.1,2910,0
2026-03-30T09:45:00+05:30,125.1,125.2,123.9,123.9,14086,0
2026-03-30T10:00:00+05:30,123.99,123.99,122.6,123.37,33244,0
2026-03-30T10:15:00+05:30,123.34,123.35,122.66,122.66,1058,0
2026-03-30T10:30:00+05:30,122.66,123.09,122.6,122.85,573,0
2026-03-30T10:45:00+05:30,122.82,123.15,122.79,123.09,1104,0
2026-03-30T11:00:00+05:30,123.09,123.1,122.79,122.82,1528,0
2026-03-30T11:15:00+05:30,122.82,123.0,122.8,122.81,957,0
2026-03-30T11:30:00+05:30,122.81,123.25,122.81,122.91,535,0
2026-03-30T11:45:00+05:30,123.08,123.25,122.82,122.97,5114,0
2026-03-30T12:00:00+05:30,123.0,123.25,122.86,123.01,5997,0
2026-03-30T12:15:00+05:30,123.01,123.5,122.85,122.98,9027,0
2026-03-30T12:30:00+05:30,122.98,124.22,122.98,124.0,16529,0
2026-03-30T12:45:00+05:30,124.01,124.5,123.96,123.97,4785,0
2026-03-30T13:00:00+05:30,123.97,124.24,123.81,123.81,1487,0
2026-03-30T13:15:00+05:30,123.81,123.82,123.5,123.51,1816,0
2026-03-30T13:30:00+05:30,123.56,123.8,123.5,123.8,605,0
2026-03-30T13:45:00+05:30,123.8,123.8,123.42,123.5,1397,0
2026-03-30T14:00:00+05:30,123.5,124.71,123.46,123.79,26172,0
2026-03-30T14:15:00+05:30,123.79,124.08,123.79,124.08,761,0
2026-03-30T14:30:00+05:30,123.83,123.83,122.82,122.86,23347,0
2026-03-30T14:45:00+05:30,122.86,123.3,122.8,122.8,6880,0
2026-03-30T15:00:00+05:30,122.8,123.2,121.5,121.81,32455,0
2026-03-30T15:15:00+05:30,122.08,122.49,121.5,122.0,15141,0
2026-04-01T09:15:00+05:30,125.0,126.4,124.29,126.15,44426,0
2026-04-01T09:30:00+05:30,126.38,126.99,125.51,125.51,10231,0
2026-04-01T09:45:00+05:30,125.51,126.72,125.51,126.4,3840,0
2026-04-01T10:00:00+05:30,126.4,126.63,126.2,126.4,544,0
2026-04-01T10:15:00+05:30,126.4,126.42,125.5,125.5,3475,0
2026-04-01T10:30:00+05:30,125.5,126.43,125.5,126.43,1933,0
2026-04-01T10:45:00+05:30,126.45,127.26,126.45,127.04,8704,0
2026-04-01T11:00:00+05:30,127.04,132.48,126.95,130.5,102261,0
2026-04-01T11:15:00+05:30,130.45,131.2,130.3,131.0,10601,0
2026-04-01T11:30:00+05:30,131.05,132.5,131.01,131.1,31536,0
2026-04-01T11:45:00+05:30,131.21,131.21,130.21,130.69,5193,0
2026-04-01T12:00:00+05:30,130.69,130.79,130.5,130.79,2109,0
2026-04-01T12:15:00+05:30,130.84,130.89,130.53,130.87,889,0
2026-04-01T12:30:00+05:30,130.87,131.09,130.79,130.79,3265,0
2026-04-01T12:45:00+05:30,131.05,131.16,130.31,130.45,3579,0
2026-04-01T13:00:00+05:30,130.59,130.79,130.37,130.55,1753,0
2026-04-01T13:15:00+05:30,130.55,131.19,130.2,130.2,1932,0
2026-04-01T13:30:00+05:30,130.25,130.29,129.38,129.56,5821,0
2026-04-01T13:45:00+05:30,129.56,130.49,129.43,130.31,2121,0
2026-04-01T14:00:00+05:30,130.26,130.49,130.26,130.29,55,0
2026-04-01T14:15:00+05:30,130.29,130.78,130.29,130.54,434,0
2026-04-01T14:30:00+05:30,130.54,130.9,130.0,130.08,2645,0
2026-04-01T14:45:00+05:30,130.27,130.47,129.88,130.29,792,0
2026-04-01T15:00:00+05:30,130.29,130.42,130.01,130.14,2219,0
2026-04-01T15:15:00+05:30,130.13,130.7,129.79,130.5,12924,0
2026-04-02T09:15:00+05:30,127.5,127.85,126.38,127.58,7577,0
2026-04-02T09:30:00+05:30,127.66,127.7,127.01,127.4,2211,0
2026-04-02T09:45:00+05:30,127.4,127.4,126.51,127.17,5328,0
2026-04-02T10:00:00+05:30,127.17,127.17,126.38,126.53,1790,0
2026-04-02T10:15:00+05:30,126.53,126.54,126.3,126.38,1500,0
2026-04-02T10:30:00+05:30,126.38,127.12,126.38,126.72,3617,0
2026-04-02T10:45:00+05:30,126.72,126.92,126.6,126.92,928,0
2026-04-02T11:00:00+05:30,126.88,127.27,126.88,127.27,1292,0
2026-04-02T11:15:00+05:30,127.23,127.49,127.22,127.22,1715,0
2026-04-02T11:30:00+05:30,127.22,127.75,127.22,127.75,1033,0
2026-04-02T11:45:00+05:30,127.75,128.26,127.75,128.05,738,0
2026-04-02T12:00:00+05:30,128.24,128.24,127.91,128.1,197,0
2026-04-02T12:15:00+05:30,128.1,128.15,128.1,128.1,1966,0
2026-04-02T12:30:00+05:30,128.1,128.5,128.1,128.5,1810,0
2026-04-02T12:45:00+05:30,128.5,128.77,128.5,128.5,2138,0
2026-04-02T13:00:00+05:30,128.5,128.68,128.27,128.27,2025,0
2026-04-02T13:15:00+05:30,128.27,129.18,128.2,129.17,7089,0
2026-04-02T13:30:00+05:30,129.2,129.2,129.0,129.2,765,0
2026-04-02T13:45:00+05:30,129.2,129.56,129.0,129.21,899,0
2026-04-02T14:00:00+05:30,129.21,129.6,129.21,129.6,962,0
2026-04-02T14:15:00+05:30,129.6,129.79,129.24,129.79,1048,0
2026-04-02T14:30:00+05:30,129.79,129.79,129.0,129.42,2239,0
2026-04-02T14:45:00+05:30,129.42,129.42,128.9,129.35,1218,0
2026-04-02T15:00:00+05:30,129.36,130.0,128.81,130.0,2894,0
2026-04-02T15:15:00+05:30,130.34,130.74,128.75,129.99,6473,0
2026-04-06T09:15:00+05:30,129.5,130.0,127.54,127.54,9538,0
2026-04-06T09:30:00+05:30,127.54,129.18,127.54,128.2,7458,0
2026-04-06T09:45:00+05:30,128.24,128.84,127.56,127.66,3105,0
2026-04-06T10:00:00+05:30,127.94,128.23,127.4,128.18,11940,0
2026-04-06T10:15:00+05:30,128.4,129.22,128.4,129.0,1446,0
2026-04-06T10:30:00+05:30,129.0,131.5,128.82,131.38,10885,0
2026-04-06T10:45:00+05:30,131.05,131.65,131.0,131.58,15298,0
2026-04-06T11:00:00+05:30,131.5,131.54,131.0,131.0,2998,0
2026-04-06T11:15:00+05:30,131.0,131.3,131.0,131.25,1070,0
2026-04-06T11:30:00+05:30,131.41,131.9,131.41,131.52,2909,0
2026-04-06T11:45:00+05:30,131.52,131.71,131.44,131.71,146,0
2026-04-06T12:00:00+05:30,131.71,132.04,131.45,132.04,2514,0
2026-04-06T12:15:00+05:30,132.04,132.5,131.85,132.0,3610,0
2026-04-06T12:30:00+05:30,132.0,132.19,131.82,132.13,2005,0
2026-04-06T12:45:00+05:30,132.13,133.09,131.91,132.84,4169,0
2026-04-06T13:00:00+05:30,132.76,133.87,132.76,133.04,23471,0
2026-04-06T13:15:00+05:30,133.04,133.6,133.04,133.6,100,0
2026-04-06T13:30:00+05:30,133.6,133.6,133.0,133.3,1275,0
2026-04-06T13:45:00+05:30,133.3,133.3,133.24,133.24,15,0
2026-04-06T14:00:00+05:30,133.24,133.41,133.05,133.41,1683,0
2026-04-06T14:15:00+05:30,133.41,133.45,133.0,133.18,1857,0
2026-04-06T14:30:00+05:30,133.18,133.4,133.18,133.3,13352,0
2026-04-06T14:45:00+05:30,133.3,133.39,133.3,133.39,7607,0
2026-04-06T15:00:00+05:30,133.39,135.0,133.3,134.6,14812,0
2026-04-06T15:15:00+05:30,134.79,134.79,133.3,134.75,17515,0
2026-04-07T09:15:00+05:30,134.75,137.02,132.99,135.14,14956,0
2026-04-07T09:30:00+05:30,135.21,135.58,133.5,133.5,12487,0
2026-04-07T09:45:00+05:30,133.5,134.05,132.8,133.27,17525,0
2026-04-07T10:00:00+05:30,133.28,133.28,131.87,131.91,14747,0
2026-04-07T10:15:00+05:30,131.85,132.05,131.77,132.0,3319,0
2026-04-07T10:30:00+05:30,132.05,132.05,131.5,131.75,7581,0
2026-04-07T10:45:00+05:30,131.75,131.75,130.71,130.71,5229,0
2026-04-07T11:00:00+05:30,130.76,130.9,128.81,129.3,37372,0
2026-04-07T11:15:00+05:30,129.49,130.08,129.3,129.49,14636,0
2026-04-07T11:30:00+05:30,129.49,130.24,129.35,129.5,20061,0
2026-04-07T11:45:00+05:30,129.5,129.8,129.3,129.65,5765,0
2026-04-07T12:00:00+05:30,129.5,129.63,129.21,129.21,5872,0
2026-04-07T12:15:00+05:30,129.21,129.25,127.9,128.0,21531,0
2026-04-07T12:30:00+05:30,128.0,128.14,127.99,128.0,5439,0
2026-04-07T12:45:00+05:30,128.12,128.15,127.51,127.78,5982,0
2026-04-07T13:00:00+05:30,127.58,127.98,127.56,127.85,2689,0
2026-04-07T13:15:00+05:30,127.96,128.2,127.76,128.0,8785,0
2026-04-07T13:30:00+05:30,128.0,128.74,128.0,128.7,3357,0
2026-04-07T13:45:00+05:30,128.88,128.88,128.1,128.35,10465,0
2026-04-07T14:00:00+05:30,128.34,128.35,127.8,128.0,16804,0
2026-04-07T14:15:00+05:30,128.0,128.27,127.81,128.0,6918,0
2026-04-07T14:30:00+05:30,128.0,128.22,127.75,127.85,16084,0
2026-04-07T14:45:00+05:30,127.85,127.95,127.75,127.95,5674,0
2026-04-07T15:00:00+05:30,127.8,128.48,127.7,128.4,23151,0
2026-04-07T15:15:00+05:30,128.35,129.0,128.06,128.5,20707,0
2026-04-08T09:15:00+05:30,131.5,134.0,131.5,132.5,31593,0
2026-04-08T09:30:00+05:30,132.41,132.9,132.0,132.49,9571,0
2026-04-08T09:45:00+05:30,132.71,133.26,132.52,132.61,18190,0
2026-04-08T10:00:00+05:30,132.78,132.78,132.1,132.59,5170,0
2026-04-08T10:15:00+05:30,132.49,132.64,132.38,132.5,1523,0
2026-04-08T10:30:00+05:30,132.64,133.0,132.6,133.0,7526,0
2026-04-08T10:45:00+05:30,133.0,133.35,132.64,133.2,2548,0
2026-04-08T11:00:00+05:30,133.14,133.19,132.95,132.95,235,0
2026-04-08T11:15:00+05:30,132.99,133.2,132.7,132.92,3042,0
2026-04-08T11:30:00+05:30,132.9,132.99,132.78,132.92,3725,0
2026-04-08T11:45:00+05:30,132.92,132.93,132.29,132.29,1197,0
2026-04-08T12:00:00+05:30,132.69,132.83,132.66,132.83,582,0
2026-04-08T12:15:00+05:30,132.83,132.83,132.51,132.69,673,0
2026-04-08T12:30:00+05:30,132.69,132.69,132.44,132.44,805,0
2026-04-08T12:45:00+05:30,132.44,132.76,132.4,132.62,820,0
2026-04-08T13:00:00+05:30,132.62,132.7,132.4,132.7,1410,0
2026-04-08T13:15:00+05:30,132.7,132.89,132.7,132.89,200,0
2026-04-08T13:30:00+05:30,132.89,132.89,132.7,132.7,101,0
2026-04-08T13:45:00+05:30,132.7,132.8,132.69,132.8,2484,0
2026-04-08T14:00:00+05:30,132.8,133.6,132.6,133.23,15339,0
2026-04-08T14:15:00+05:30,133.24,133.6,133.24,133.6,3255,0
2026-04-08T14:30:00+05:30,133.6,134.0,133.31,133.81,8414,0
2026-04-08T14:45:00+05:30,134.0,134.0,133.53,133.67,1025,0
2026-04-08T15:00:00+05:30,133.61,133.85,133.55,133.84,11976,0
2026-04-08T15:15:00+05:30,133.9,134.1,133.65,133.65,11171,0
2026-04-09T09:15:00+05:30,133.7,134.95,132.3,134.68,10662,0
2026-04-09T09:30:00+05:30,134.42,134.42,133.1,133.11,2418,0
2026-04-09T09:45:00+05:30,133.21,133.7,132.82,132.86,2912,0
2026-04-09T10:00:00+05:30,132.84,132.99,132.67,132.9,164,0
2026-04-09T10:15:00+05:30,132.9,133.49,132.9,133.37,384,0
2026-04-09T10:30:00+05:30,133.37,134.0,133.11,133.69,4400,0
2026-04-09T10:45:00+05:30,133.69,134.0,133.69,133.7,1193,0
2026-04-09T11:00:00+05:30,133.89,133.95,133.89,133.94,44,0
2026-04-09T11:15:00+05:30,133.94,133.94,133.55,133.55,269,0
2026-04-09T11:30:00+05:30,133.55,133.88,133.55,133.88,150,0
2026-04-09T11:45:00+05:30,133.53,133.87,133.53,133.87,9,0
2026-04-09T12:00:00+05:30,133.87,133.87,133.87,133.87,0,0
2026-04-09T12:15:00+05:30,133.87,133.87,133.6,133.6,56,0
2026-04-09T12:30:00+05:30,133.56,133.78,133.5,133.78,635,0
2026-04-09T12:45:00+05:30,133.56,133.56,133.01,133.01,1121,0
2026-04-09T13:00:00+05:30,133.01,133.04,133.0,133.0,483,0
2026-04-09T13:15:00+05:30,133.0,133.0,132.35,132.35,1615,0
2026-04-09T13:30:00+05:30,132.35,132.56,132.15,132.15,1391,0
2026-04-09T13:45:00+05:30,132.16,132.4,131.8,131.8,4436,0
2026-04-09T14:00:00+05:30,131.8,131.82,131.5,131.82,5060,0
2026-04-09T14:15:00+05:30,131.82,131.89,131.31,131.69,2829,0
2026-04-09T14:30:00+05:30,131.49,131.64,131.4,131.61,348,0
2026-04-09T14:45:00+05:30,131.61,131.67,131.55,131.61,566,0
2026-04-09T15:00:00+05:30,131.61,132.14,131.61,132.0,2218,0
2026-04-09T15:15:00+05:30,131.81,132.06,131.7,131.99,3338,0
2026-04-10T09:15:00+05:30,132.75,134.5,132.74,134.14,18197,0
2026-04-10T09:30:00+05:30,134.14,134.15,133.51,133.9,1353,0
2026-04-10T09:45:00+05:30,133.9,134.9,133.9,134.01,12077,0
2026-04-10T10:00:00+05:30,134.1,134.4,133.51,134.0,4715,0
2026-04-10T10:15:00+05:30,134.0,134.34,134.0,134.01,196,0
2026-04-10T10:30:00+05:30,134.01,134.01,133.51,133.59,378,0
2026-04-10T10:45:00+05:30,133.59,134.0,133.59,134.0,1200,0
2026-04-10T11:00:00+05:30,134.0,136.5,133.99,135.45,22150,0
2026-04-10T11:15:00+05:30,135.76,136.0,135.01,135.23,4045,0
2026-04-10T11:30:00+05:30,135.23,135.54,135.1,135.29,434,0
2026-04-10T11:45:00+05:30,135.29,135.29,135.0,135.01,465,0
2026-04-10T12:00:00+05:30,135.01,135.36,135.01,135.32,578,0
2026-04-10T12:15:00+05:30,135.32,135.35,135.11,135.19,526,0
2026-04-10T12:30:00+05:30,135.25,135.25,134.51,134.8,6688,0
2026-04-10T12:45:00+05:30,134.8,135.07,134.8,134.97,310,0
2026-04-10T13:00:00+05:30,134.97,135.05,134.97,135.0,392,0
2026-04-10T13:15:00+05:30,135.0,135.13,134.93,135.12,782,0
2026-04-10T13:30:00+05:30,135.12,135.44,135.12,135.44,1211,0
2026-04-10T13:45:00+05:30,135.44,135.44,135.21,135.25,518,0
2026-04-10T14:00:00+05:30,135.25,135.43,135.15,135.15,190,0
2026-04-10T14:15:00+05:30,135.15,135.15,134.75,134.92,2543,0
2026-04-10T14:30:00+05:30,134.92,134.92,133.92,133.93,4336,0
2026-04-10T14:45:00+05:30,133.93,134.2,133.93,134.1,1276,0
2026-04-10T15:00:00+05:30,134.1,135.0,134.1,134.38,5300,0
2026-04-10T15:15:00+05:30,134.78,135.7,134.53,135.4,6799,0
2026-04-13T09:15:00+05:30,132.95,133.51,131.0,132.45,19718,0
2026-04-13T09:30:00+05:30,132.45,133.13,132.33,132.94,2440,0
2026-04-13T09:45:00+05:30,132.94,133.4,132.9,133.35,2798,0
2026-04-13T10:00:00+05:30,133.5,133.75,133.5,133.75,3261,0
2026-04-13T10:15:00+05:30,133.75,134.3,133.6,134.2,3403,0
2026-04-13T10:30:00+05:30,134.2,134.71,133.96,134.0,10314,0
2026-04-13T10:45:00+05:30,134.25,135.5,134.25,135.5,3684,0
2026-04-13T11:00:00+05:30,135.51,135.9,135.45,135.48,3111,0
2026-04-13T11:15:00+05:30,135.28,135.58,135.0,135.17,1907,0
2026-04-13T11:30:00+05:30,135.17,135.17,134.95,134.95,200,0
2026-04-13T11:45:00+05:30,134.95,134.95,134.95,134.95,0,0
2026-04-13T12:00:00+05:30,135.03,135.03,134.62,134.62,114,0
2026-04-13T12:15:00+05:30,134.63,134.84,134.21,134.45,1757,0
2026-04-13T12:30:00+05:30,134.45,134.45,134.1,134.45,122,0
2026-04-13T12:45:00+05:30,134.45,134.45,134.0,134.0,474,0
2026-04-13T13:00:00+05:30,133.75,134.08,133.54,133.82,1321,0
2026-04-13T13:15:00+05:30,133.82,134.05,133.82,134.01,844,0
2026-04-13T13:30:00+05:30,134.01,134.03,134.01,134.03,40,0
2026-04-13T13:45:00+05:30,134.03,134.48,134.03,134.48,147,0
2026-04-13T14:00:00+05:30,134.69,134.7,134.13,134.26,1323,0
2026-04-13T14:15:00+05:30,134.3,134.31,133.28,133.28,3914,0
2026-04-13T14:30:00+05:30,133.28,133.53,133.28,133.5,49,0
2026-04-13T14:45:00+05:30,133.5,133.9,133.5,133.9,539,0
2026-04-13T15:00:00+05:30,133.75,134.0,133.75,134.0,1128,0
2026-04-13T15:15:00+05:30,133.81,134.6,133.6,134.0,4952,0
2026-04-15T09:15:00+05:30,135.05,137.0,135.05,135.42,10285,0
2026-04-15T09:30:00+05:30,135.42,136.1,135.42,136.08,6784,0
2026-04-15T09:45:00+05:30,135.82,135.98,135.5,135.87,1550,0
2026-04-15T10:00:00+05:30,135.87,136.95,135.71,136.49,10817,0
2026-04-15T10:15:00+05:30,136.39,136.58,136.39,136.5,583,0
2026-04-15T10:30:00+05:30,136.5,136.58,136.28,136.58,2932,0
2026-04-15T10:45:00+05:30,136.58,136.78,136.41,136.78,1513,0
2026-04-15T11:00:00+05:30,136.78,136.78,136.0,136.49,7464,0
2026-04-15T11:15:00+05:30,136.37,136.4,136.0,136.19,5495,0
2026-04-15T11:30:00+05:30,136.19,136.4,134.43,135.77,18613,0
2026-04-15T11:45:00+05:30,135.77,135.89,135.63,135.87,17,0
2026-04-15T12:00:00+05:30,135.87,136.31,135.67,136.31,1715,0
2026-04-15T12:15:00+05:30,136.33,136.4,135.41,135.93,5151,0
2026-04-15T12:30:00+05:30,135.93,136.3,135.92,136.09,685,0
2026-04-15T12:45:00+05:30,136.14,136.23,136.0,136.23,489,0
2026-04-15T13:00:00+05:30,136.23,136.25,136.23,136.23,262,0
2026-04-15T13:15:00+05:30,136.23,136.23,135.5,135.5,6476,0
2026-04-15T13:30:00+05:30,135.5,135.5,135.2,135.5,1086,0
2026-04-15T13:45:00+05:30,135.5,135.51,134.95,135.18,6527,0
2026-04-15T14:00:00+05:30,135.18,135.23,135.01,135.17,1052,0
2026-04-15T14:15:00+05:30,135.06,135.68,135.06,135.65,1140,0
2026-04-15T14:30:00+05:30,135.65,135.65,135.28,135.28,541,0
2026-04-15T14:45:00+05:30,135.28,135.55,135.28,135.29,179,0
2026-04-15T15:00:00+05:30,135.49,135.58,135.1,135.39,3785,0
2026-04-15T15:15:00+05:30,135.24,135.89,135.12,135.8,15985,0
2026-04-16T09:15:00+05:30,135.8,137.5,135.8,137.05,8630,0
2026-04-16T09:30:00+05:30,137.05,137.3,136.31,137.0,11105,0
2026-04-16T09:45:00+05:30,137.0,137.19,136.45,137.0,10566,0
2026-04-16T10:00:00+05:30,137.13,137.61,137.0,137.14,11409,0
2026-04-16T10:15:00+05:30,137.01,137.3,137.0,137.25,2083,0
2026-04-16T10:30:00+05:30,137.25,137.5,137.03,137.17,2401,0
2026-04-16T10:45:00+05:30,137.42,137.58,137.2,137.28,768,0
2026-04-16T11:00:00+05:30,137.28,137.29,137.23,137.23,138,0
2026-04-16T11:15:00+05:30,137.23,137.41,137.23,137.41,588,0
2026-04-16T11:30:00+05:30,137.41,137.41,136.76,137.0,3517,0
2026-04-16T11:45:00+05:30,137.0,137.0,136.5,136.62,692,0
2026-04-16T12:00:00+05:30,136.62,136.65,136.31,136.47,1289,0
2026-04-16T12:15:00+05:30,136.47,137.0,136.47,136.62,2580,0
2026-04-16T12:30:00+05:30,136.62,136.62,136.6,136.6,154,0
2026-04-16T12:45:00+05:30,136.6,136.9,136.55,136.61,1156,0
2026-04-16T13:00:00+05:30,136.86,139.52,136.86,139.1,30686,0
2026-04-16T13:15:00+05:30,139.1,141.41,139.0,139.8,24024,0
2026-04-16T13:30:00+05:30,139.7,139.7,139.04,139.04,2612,0
2026-04-16T13:45:00+05:30,139.04,139.26,139.02,139.15,4893,0
2026-04-16T14:00:00+05:30,139.15,139.41,139.0,139.19,3437,0
2026-04-16T14:15:00+05:30,139.19,139.41,139.12,139.21,832,0
2026-04-16T14:30:00+05:30,139.18,140.04,139.18,139.7,9230,0
2026-04-16T14:45:00+05:30,139.7,141.4,139.44,141.4,12454,0
2026-04-16T15:00:00+05:30,141.4,151.74,141.0,150.93,212178,0
2026-04-16T15:15:00+05:30,150.19,155.9,148.5,148.5,319700,0
2026-04-17T09:15:00+05:30,147.25,149.98,147.0,148.07,30543,0
2026-04-17T09:30:00+05:30,147.92,148.94,147.73,148.0,13740,0
2026-04-17T09:45:00+05:30,148.03,148.8,148.03,148.16,3901,0
2026-04-17T10:00:00+05:30,148.34,148.7,147.95,148.25,3045,0
2026-04-17T10:15:00+05:30,148.25,148.7,147.95,148.07,4389,0
2026-04-17T10:30:00+05:30,148.07,148.33,147.18,147.5,11776,0
2026-04-17T10:45:00+05:30,147.5,147.88,147.4,147.85,1727,0
2026-04-17T11:00:00+05:30,147.85,147.85,147.26,147.51,587,0
2026-04-17T11:15:00+05:30,147.51,147.65,147.31,147.62,594,0
2026-04-17T11:30:00+05:30,147.62,147.68,147.35,147.4,3308,0
2026-04-17T11:45:00+05:30,147.4,152.0,147.4,150.61,28017,0
2026-04-17T12:00:00+05:30,150.67,151.99,150.52,150.6,24267,0
2026-04-17T12:15:00+05:30,150.6,150.82,150.21,150.54,3980,0
2026-04-17T12:30:00+05:30,150.54,150.58,149.81,150.21,30322,0
2026-04-17T12:45:00+05:30,150.21,150.37,150.0,150.37,1251,0
2026-04-17T13:00:00+05:30,150.37,150.6,150.08,150.08,4918,0
2026-04-17T13:15:00+05:30,150.08,150.5,150.07,150.09,914,0
2026-04-17T13:30:00+05:30,150.09,150.59,150.0,150.51,8483,0
2026-04-17T13:45:00+05:30,150.51,151.56,150.26,151.56,12413,0
2026-04-17T14:00:00+05:30,151.56,152.0,151.09,151.09,14888,0
2026-04-17T14:15:00+05:30,151.09,153.11,151.0,152.5,21617,0
2026-04-17T14:30:00+05:30,152.88,152.92,151.49,151.49,59299,0
2026-04-17T14:45:00+05:30,151.49,152.5,151.0,152.0,132987,0
2026-04-17T15:00:00+05:30,152.27,159.0,152.0,158.03,144796,0
2026-04-17T15:15:00+05:30,158.14,162.6,157.5,160.1,276045,0
2026-04-20T09:15:00+05:30,158.75,158.75,155.52,157.57,35141,0
2026-04-20T09:30:00+05:30,157.53,157.53,154.08,154.12,43094,0
2026-04-20T09:45:00+05:30,154.12,155.0,152.03,152.81,40210,0
2026-04-20T10:00:00+05:30,152.8,153.0,152.12,152.67,10041,0
2026-04-20T10:15:00+05:30,152.29,154.5,152.19,153.38,24767,0
2026-04-20T10:30:00+05:30,153.41,153.71,152.76,153.03,2785,0
2026-04-20T10:45:00+05:30,153.35,153.42,153.06,153.37,5691,0
2026-04-20T11:00:00+05:30,153.37,153.41,153.0,153.39,2489,0
2026-04-20T11:15:00+05:30,153.39,153.75,153.0,153.51,2337,0
2026-04-20T11:30:00+05:30,153.51,153.81,153.46,153.64,2150,0
2026-04-20T11:45:00+05:30,153.67,153.73,153.36,153.73,1598,0
2026-04-20T12:00:00+05:30,153.68,153.74,153.23,153.42,1857,0
2026-04-20T12:15:00+05:30,153.48,153.75,153.18,153.75,1627,0
2026-04-20T12:30:00+05:30,153.75,153.94,153.5,153.51,3163,0
2026-04-20T12:45:00+05:30,153.51,153.78,153.51,153.74,438,0
2026-04-20T13:00:00+05:30,153.52,153.6,153.22,153.33,1939,0
2026-04-20T13:15:00+05:30,153.54,153.55,152.96,152.96,4821,0
2026-04-20T13:30:00+05:30,153.12,153.12,152.76,153.0,1988,0
2026-04-20T13:45:00+05:30,153.0,153.3,152.81,153.3,4226,0
2026-04-20T14:00:00+05:30,153.3,155.0,153.0,154.43,13426,0
2026-04-20T14:15:00+05:30,154.44,154.89,154.22,154.22,1201,0
2026-04-20T14:30:00+05:30,154.22,154.22,150.35,150.4,77848,0
2026-04-20T14:45:00+05:30,150.6,151.5,150.5,151.12,7192,0
2026-04-20T15:00:00+05:30,151.2,151.5,151.01,151.36,6532,0
2026-04-20T15:15:00+05:30,151.25,151.5,151.0,151.39,62650,0
2026-04-21T09:15:00+05:30,152.0,152.3,151.33,151.53,5095,0
2026-04-21T09:30:00+05:30,151.53,152.0,151.33,151.68,2489,0
2026-04-21T09:45:00+05:30,151.68,151.89,151.68,151.7,397,0
2026-04-21T10:00:00+05:30,151.89,152.34,151.89,152.0,1108,0
2026-04-21T10:15:00+05:30,152.1,152.42,152.0,152.03,1730,0
2026-04-21T10:30:00+05:30,152.24,152.24,152.0,152.0,413,0
2026-04-21T10:45:00+05:30,152.0,152.2,151.85,152.06,2684,0
2026-04-21T11:00:00+05:30,152.06,152.06,150.61,150.61,10884,0
2026-04-21T11:15:00+05:30,150.8,151.37,150.18,150.18,5440,0
2026-04-21T11:30:00+05:30,150.18,150.3,149.51,149.76,4345,0
2026-04-21T11:45:00+05:30,149.76,150.05,149.76,150.04,625,0
2026-04-21T12:00:00+05:30,150.04,150.39,149.9,149.9,10177,0
2026-04-21T12:15:00+05:30,149.95,149.98,149.51,149.64,3740,0
2026-04-21T12:30:00+05:30,149.94,150.0,149.66,149.66,3126,0
2026-04-21T12:45:00+05:30,149.66,150.0,149.66,150.0,531,0
2026-04-21T13:00:00+05:30,150.0,150.0,149.72,149.72,896,0
2026-04-21T13:15:00+05:30,149.72,150.0,149.72,149.8,220,0
2026-04-21T13:30:00+05:30,150.0,150.0,149.99,150.0,1098,0
2026-04-21T13:45:00+05:30,150.0,150.0,149.72,149.76,699,0
2026-04-21T14:00:00+05:30,149.96,149.98,149.8,149.8,366,0
2026-04-21T14:15:00+05:30,149.73,149.99,149.7,149.99,315,0
2026-04-21T14:30:00+05:30,149.99,149.99,149.71,149.71,340,0
2026-04-21T14:45:00+05:30,149.71,149.8,149.69,149.69,1114,0
2026-04-21T15:00:00+05:30,149.69,149.85,148.75,149.73,11515,0
2026-04-21T15:15:00+05:30,149.48,149.71,148.46,149.5,13402,0
2026-04-22T09:15:00+05:30,150.0,150.25,145.99,148.95,14368,0
2026-04-22T09:30:00+05:30,148.95,150.5,148.95,150.5,5246,0
2026-04-22T09:45:00+05:30,150.26,150.28,149.16,149.99,7520,0
2026-04-22T10:00:00+05:30,150.0,150.49,149.62,150.42,1322,0
2026-04-22T10:15:00+05:30,150.42,150.5,150.11,150.36,2422,0
2026-04-22T10:30:00+05:30,150.36,150.39,149.95,149.95,346,0
2026-04-22T10:45:00+05:30,149.95,150.35,149.95,150.28,160,0
2026-04-22T11:00:00+05:30,150.28,150.39,149.46,149.55,1692,0
2026-04-22T11:15:00+05:30,149.61,149.61,149.32,149.32,740,0
2026-04-22T11:30:00+05:30,149.32,149.63,149.32,149.63,115,0
2026-04-22T11:45:00+05:30,149.63,149.65,149.21,149.56,728,0
2026-04-22T12:00:00+05:30,149.56,149.72,149.41,149.72,657,0
2026-04-22T12:15:00+05:30,149.44,149.46,148.5,149.11,7505,0
2026-04-22T12:30:00+05:30,149.11,149.76,148.42,148.42,3549,0
2026-04-22T12:45:00+05:30,148.42,148.68,148.13,148.14,1544,0
2026-04-22T13:00:00+05:30,148.21,148.4,147.51,147.78,5103,0
2026-04-22T13:15:00+05:30,147.78,147.89,147.55,147.55,428,0
2026-04-22T13:30:00+05:30,147.55,147.83,147.55,147.83,817,0
2026-04-22T13:45:00+05:30,147.69,147.8,147.56,147.56,436,0
2026-04-22T14:00:00+05:30,147.56,147.82,147.56,147.82,1621,0
2026-04-22T14:15:00+05:30,147.6,147.81,147.5,147.5,2698,0
2026-04-22T14:30:00+05:30,147.5,147.5,146.56,147.28,13692,0
2026-04-22T14:45:00+05:30,147.28,147.53,147.2,147.2,3610,0
2026-04-22T15:00:00+05:30,147.2,147.36,146.6,146.6,1945,0
2026-04-22T15:15:00+05:30,146.65,146.9,146.4,146.88,15481,0
2026-04-23T09:15:00+05:30,146.67,147.88,146.67,147.88,2569,0
2026-04-23T09:30:00+05:30,147.88,147.9,147.01,147.35,5216,0
2026-04-23T09:45:00+05:30,147.21,147.55,146.25,146.25,3996,0
2026-04-23T10:00:00+05:30,146.49,147.5,145.58,145.61,17623,0
2026-04-23T10:15:00+05:30,145.97,146.44,145.75,145.75,3056,0
2026-04-23T10:30:00+05:30,145.7,145.82,145.5,145.5,1565,0
2026-04-23T10:45:00+05:30,145.5,145.92,145.47,145.62,3316,0
2026-04-23T11:00:00+05:30,145.74,146.36,145.72,146.36,2800,0
2026-04-23T11:15:00+05:30,146.36,146.36,145.79,145.79,1263,0
2026-04-23T11:30:00+05:30,145.79,145.79,145.42,145.73,360,0
2026-04-23T11:45:00+05:30,145.73,145.79,145.52,145.7,522,0
2026-04-23T12:00:00+05:30,145.7,145.8,145.5,145.8,1435,0
2026-04-23T12:15:00+05:30,145.8,145.8,145.62,145.62,333,0
2026-04-23T12:30:00+05:30,145.6,145.6,145.36,145.36,1527,0
2026-04-23T12:45:00+05:30,145.59,145.6,145.0,145.32,5081,0
2026-04-23T13:00:00+05:30,145.32,145.4,145.11,145.4,103,0
2026-04-23T13:15:00+05:30,145.4,145.43,144.55,144.98,5617,0
2026-04-23T13:30:00+05:30,144.89,145.19,144.61,144.88,2793,0
2026-04-23T13:45:00+05:30,144.89,145.0,144.89,145.0,375,0
2026-04-23T14:00:00+05:30,145.01,145.1,144.9,144.9,2157,0
2026-04-23T14:15:00+05:30,144.9,145.16,144.7,144.99,1851,0
2026-04-23T14:30:00+05:30,144.91,144.92,144.55,144.78,2508,0
2026-04-23T14:45:00+05:30,144.78,144.93,144.0,144.27,6148,0
2026-04-23T15:00:00+05:30,144.2,144.47,144.0,144.25,2042,0
2026-04-23T15:15:00+05:30,144.01,144.5,144.0,144.45,7557,0
2026-04-24T09:15:00+05:30,144.39,145.41,143.0,143.33,4614,0
2026-04-24T09:30:00+05:30,143.28,144.0,142.71,142.99,3578,0
2026-04-24T09:45:00+05:30,142.99,142.99,141.75,142.1,11354,0
2026-04-24T10:00:00+05:30,142.48,143.21,142.11,142.91,2314,0
2026-04-24T10:15:00+05:30,142.91,143.09,142.6,143.0,2213,0
2026-04-24T10:30:00+05:30,143.0,143.0,142.61,142.87,235,0
2026-04-24T10:45:00+05:30,142.62,142.8,142.35,142.8,670,0
2026-04-24T11:00:00+05:30,142.8,142.8,142.26,142.29,919,0
2026-04-24T11:15:00+05:30,142.29,142.59,142.14,142.59,953,0
2026-04-24T11:30:00+05:30,142.59,142.79,142.31,142.42,242,0
2026-04-24T11:45:00+05:30,142.42,143.75,142.42,143.0,3088,0
2026-04-24T12:00:00+05:30,143.0,144.66,143.0,143.91,3950,0
2026-04-24T12:15:00+05:30,143.91,144.0,143.5,143.5,510,0
2026-04-24T12:30:00+05:30,143.5,143.5,143.11,143.37,401,0
2026-04-24T12:45:00+05:30,143.37,143.37,142.61,142.89,1957,0
2026-04-24T13:00:00+05:30,142.89,142.89,142.5,142.5,146,0
2026-04-24T13:15:00+05:30,142.5,142.67,142.31,142.67,513,0
2026-04-24T13:30:00+05:30,142.5,142.68,142.3,142.34,595,0
2026-04-24T13:45:00+05:30,142.34,142.66,142.34,142.66,22,0
2026-04-24T14:00:00+05:30,142.66,142.7,142.39,142.39,638,0
2026-04-24T14:15:00+05:30,142.39,142.69,142.39,142.69,293,0
2026-04-24T14:30:00+05:30,142.65,143.0,142.35,143.0,1832,0
2026-04-24T14:45:00+05:30,143.0,143.34,143.0,143.0,89,0
2026-04-24T15:00:00+05:30,143.0,143.61,142.91,143.5,2131,0
2026-04-24T15:15:00+05:30,143.17,144.0,143.0,143.8,4957,0
2026-04-27T09:15:00+05:30,144.0,145.27,144.0,144.3,6130,0
2026-04-27T09:30:00+05:30,144.3,145.5,144.3,145.31,7308,0
2026-04-27T09:45:00+05:30,145.31,146.67,145.31,145.63,2446,0
2026-04-27T10:00:00+05:30,146.0,146.28,145.6,146.28,2794,0
2026-04-27T10:15:00+05:30,146.28,146.28,145.86,145.86,185,0
2026-04-27T10:30:00+05:30,145.86,146.11,145.81,146.11,466,0
2026-04-27T10:45:00+05:30,146.11,146.11,146.0,146.11,542,0
2026-04-27T11:00:00+05:30,146.11,146.28,146.11,146.25,795,0
2026-04-27T11:15:00+05:30,145.95,146.24,145.83,146.24,171,0
2026-04-27T11:30:00+05:30,146.24,146.55,146.12,146.51,3563,0
2026-04-27T11:45:00+05:30,146.49,146.57,146.19,146.21,181,0
2026-04-27T12:00:00+05:30,146.26,146.38,146.15,146.15,131,0
2026-04-27T12:15:00+05:30,146.15,146.3,143.3,144.8,32764,0
2026-04-27T12:30:00+05:30,144.8,144.98,144.52,144.89,391,0
2026-04-27T12:45:00+05:30,144.89,144.9,144.53,144.6,1209,0
2026-04-27T13:00:00+05:30,144.6,144.93,144.6,144.93,1026,0
2026-04-27T13:15:00+05:30,144.99,145.25,144.88,145.21,1784,0
2026-04-27T13:30:00+05:30,145.21,145.23,145.1,145.22,172,0
2026-04-27T13:45:00+05:30,145.23,145.23,145.1,145.1,277,0
2026-04-27T14:00:00+05:30,145.1,145.24,145.08,145.1,6210,0
2026-04-27T14:15:00+05:30,145.1,145.4,145.1,145.4,394,0
2026-04-27T14:30:00+05:30,145.4,145.4,145.14,145.36,412,0
2026-04-27T14:45:00+05:30,145.36,145.36,144.51,144.93,3488,0
2026-04-27T15:00:00+05:30,145.22,145.97,144.81,145.05,6473,0
2026-04-27T15:15:00+05:30,145.39,145.95,144.59,145.95,15862,0
2026-04-28T09:15:00+05:30,146.0,147.45,145.99,146.98,6098,0
2026-04-28T09:30:00+05:30,146.97,147.0,146.04,146.04,4112,0
2026-04-28T09:45:00+05:30,146.15,146.43,146.0,146.37,573,0
2026-04-28T10:00:00+05:30,146.39,146.68,146.14,146.39,3444,0
2026-04-28T10:15:00+05:30,146.02,146.89,146.01,146.86,1910,0
2026-04-28T10:30:00+05:30,146.86,146.86,146.5,146.62,3013,0
2026-04-28T10:45:00+05:30,146.57,146.9,146.55,146.89,1246,0
2026-04-28T11:00:00+05:30,146.89,146.96,146.83,146.95,675,0
2026-04-28T11:15:00+05:30,146.96,146.96,146.48,146.5,640,0
2026-04-28T11:30:00+05:30,146.5,146.88,146.27,146.27,2938,0
2026-04-28T11:45:00+05:30,146.27,146.5,146.11,146.32,876,0
2026-04-28T12:00:00+05:30,146.32,146.41,146.04,146.14,383,0
2026-04-28T12:15:00+05:30,146.14,147.0,146.14,146.51,5333,0
2026-04-28T12:30:00+05:30,146.33,146.56,146.3,146.3,1811,0
2026-04-28T12:45:00+05:30,146.3,146.3,146.3,146.3,0,0
2026-04-28T13:00:00+05:30,146.3,146.55,146.19,146.21,685,0
2026-04-28T13:15:00+05:30,146.21,146.46,146.2,146.46,110,0
2026-04-28T13:30:00+05:30,146.46,146.48,146.18,146.18,197,0
2026-04-28T13:45:00+05:30,146.18,146.2,146.1,146.1,100,0
2026-04-28T14:00:00+05:30,146.1,146.1,145.69,145.69,242,0
2026-04-28T14:15:00+05:30,145.69,145.74,145.41,145.41,866,0
2026-04-28T14:30:00+05:30,145.52,145.75,144.75,144.94,5001,0
2026-04-28T14:45:00+05:30,144.75,145.48,144.75,145.48,1490,0
2026-04-28T15:00:00+05:30,145.48,145.73,145.25,145.68,348,0
2026-04-28T15:15:00+05:30,145.31,145.84,144.61,144.7,3491,0
2026-04-29T09:15:00+05:30,145.1,145.72,145.1,145.47,264,0
2026-04-29T09:30:00+05:30,145.49,145.89,144.91,145.12,1415,0
2026-04-29T09:45:00+05:30,145.12,145.12,144.7,144.76,865,0
2026-04-29T10:00:00+05:30,145.06,145.12,144.97,145.12,1233,0
2026-04-29T10:15:00+05:30,144.98,145.23,144.75,145.19,1554,0
2026-04-29T10:30:00+05:30,145.19,145.19,144.7,144.71,540,0
2026-04-29T10:45:00+05:30,144.73,144.83,144.7,144.83,770,0
2026-04-29T11:00:00+05:30,144.86,145.1,144.2,144.95,6135,0
2026-04-29T11:15:00+05:30,144.95,144.95,144.57,144.65,5301,0
2026-04-29T11:30:00+05:30,144.65,145.09,144.65,145.05,178,0
2026-04-29T11:45:00+05:30,145.05,145.05,144.82,144.82,1132,0
2026-04-29T12:00:00+05:30,144.82,144.89,144.77,144.89,948,0
2026-04-29T12:15:00+05:30,144.89,145.57,144.89,145.06,2222,0
2026-04-29T12:30:00+05:30,145.06,145.45,145.06,145.41,769,0
2026-04-29T12:45:00+05:30,144.97,144.97,144.31,144.79,4109,0
2026-04-29T13:00:00+05:30,144.79,144.82,144.56,144.7,914,0
2026-04-29T13:15:00+05:30,144.96,144.96,144.96,144.96,5,0
2026-04-29T13:30:00+05:30,144.96,144.96,144.31,144.58,606,0
2026-04-29T13:45:00+05:30,144.58,144.96,144.3,144.58,1916,0
2026-04-29T14:00:00+05:30,144.58,144.88,144.37,144.61,503,0
2026-04-29T14:15:00+05:30,144.61,144.66,144.36,144.36,1202,0
2026-04-29T14:30:00+05:30,144.4,144.76,144.4,144.5,2050,0
2026-04-29T14:45:00+05:30,144.5,144.51,144.33,144.5,4133,0
2026-04-29T15:00:00+05:30,144.35,145.4,144.31,144.31,5981,0
2026-04-29T15:15:00+05:30,144.32,144.63,141.55,142.6,63820,0
2026-04-30T09:15:00+05:30,142.82,142.83,141.21,142.59,5928,0
2026-04-30T09:30:00+05:30,142.59,143.0,142.01,142.68,2402,0
2026-04-30T09:45:00+05:30,142.81,143.38,142.5,142.51,2053,0
2026-04-30T10:00:00+05:30,142.71,142.71,141.25,141.25,4462,0
2026-04-30T10:15:00+05:30,141.5,146.08,141.3,145.07,23320,0
2026-04-30T10:30:00+05:30,145.07,146.4,145.0,146.33,5374,0
2026-04-30T10:45:00+05:30,146.3,146.35,145.27,145.7,1486,0
2026-04-30T11:00:00+05:30,145.7,145.7,145.33,145.53,262,0
2026-04-30T11:15:00+05:30,145.53,145.74,145.01,145.32,3239,0
2026-04-30T11:30:00+05:30,145.32,146.2,145.01,146.2,2587,0
2026-04-30T11:45:00+05:30,146.2,146.2,145.72,146.03,579,0
2026-04-30T12:00:00+05:30,146.03,146.03,145.55,145.73,1255,0
2026-04-30T12:15:00+05:30,145.81,145.85,145.57,145.62,182,0
2026-04-30T12:30:00+05:30,145.62,146.16,145.62,146.16,761,0
2026-04-30T12:45:00+05:30,146.16,146.19,146.16,146.19,829,0
2026-04-30T13:00:00+05:30,146.19,146.19,145.68,146.18,541,0
2026-04-30T13:15:00+05:30,146.18,146.71,146.1,146.49,4848,0
2026-04-30T13:30:00+05:30,146.49,146.6,145.62,145.62,2678,0
2026-04-30T13:45:00+05:30,145.82,146.04,145.32,145.32,2359,0
2026-04-30T14:00:00+05:30,145.37,145.42,145.35,145.38,1509,0
2026-04-30T14:15:00+05:30,145.38,145.79,145.36,145.79,554,0
2026-04-30T14:30:00+05:30,145.5,145.74,145.37,145.74,1058,0
2026-04-30T14:45:00+05:30,145.74,145.74,145.25,145.25,2484,0
2026-04-30T15:00:00+05:30,145.32,145.56,145.0,145.0,4011,0
2026-04-30T15:15:00+05:30,145.03,145.7,145.0,145.17,6769,0
2026-05-04T09:15:00+05:30,146.0,147.0,144.81,146.03,10026,0
2026-05-04T09:30:00+05:30,146.03,147.09,146.03,146.65,2273,0
2026-05-04T09:45:00+05:30,146.65,146.96,146.41,146.96,418,0
2026-05-04T10:00:00+05:30,146.99,147.0,146.33,146.33,1365,0
2026-05-04T10:15:00+05:30,146.33,151.0,146.33,151.0,27295,0
2026-05-04T10:30:00+05:30,150.47,151.0,150.0,150.43,11790,0
2026-05-04T10:45:00+05:30,150.43,150.43,148.11,148.88,8052,0
2026-05-04T11:00:00+05:30,148.88,148.88,148.0,148.0,3208,0
2026-05-04T11:15:00+05:30,148.0,148.0,147.31,147.31,1277,0
2026-05-04T11:30:00+05:30,147.31,147.58,147.01,147.26,1107,0
2026-05-04T11:45:00+05:30,147.56,147.92,147.32,147.9,2568,0
2026-05-04T12:00:00+05:30,147.9,147.9,146.5,146.5,2356,0
2026-05-04T12:15:00+05:30,146.72,146.84,146.38,146.8,6473,0
2026-05-04T12:30:00+05:30,146.8,146.8,146.38,146.38,426,0
2026-05-04T12:45:00+05:30,146.38,148.59,146.06,148.34,16175,0
2026-05-04T13:00:00+05:30,148.34,148.34,147.61,147.82,1036,0
2026-05-04T13:15:00+05:30,147.82,148.19,147.55,147.65,289,0
2026-05-04T13:30:00+05:30,147.65,147.65,146.62,146.64,1517,0
2026-05-04T13:45:00+05:30,147.16,148.28,147.0,147.45,2424,0
2026-05-04T14:00:00+05:30,147.45,147.57,147.11,147.11,515,0
2026-05-04T14:15:00+05:30,147.2,148.0,147.0,147.41,9504,0
2026-05-04T14:30:00+05:30,147.41,147.78,147.41,147.65,345,0
2026-05-04T14:45:00+05:30,147.65,148.02,147.59,147.59,387,0
2026-05-04T15:00:00+05:30,147.98,148.78,147.7,147.78,4093,0
2026-05-04T15:15:00+05:30,147.79,147.9,146.5,146.5,13645,0
2026-05-05T09:15:00+05:30,147.34,147.34,146.41,146.45,2330,0
2026-05-05T09:30:00+05:30,146.45,147.27,146.45,146.8,1099,0
2026-05-05T09:45:00+05:30,147.24,147.68,146.81,146.83,1207,0
2026-05-05T10:00:00+05:30,147.14,147.14,146.21,146.31,1403,0
2026-05-05T10:15:00+05:30,146.31,146.49,146.0,146.04,1186,0
2026-05-05T10:30:00+05:30,146.04,146.35,145.2,145.2,1552,0
2026-05-05T10:45:00+05:30,145.57,151.78,145.57,151.0,66182,0
2026-05-05T11:00:00+05:30,151.0,153.85,151.0,152.68,38468,0
2026-05-05T11:15:00+05:30,152.71,152.71,149.01,150.65,299464,0
2026-05-05T11:30:00+05:30,150.75,153.72,149.5,153.33,186552,0
2026-05-05T11:45:00+05:30,153.29,153.29,152.0,152.66,61357,0
2026-05-05T12:00:00+05:30,152.66,152.78,152.11,152.78,2563,0
2026-05-05T12:15:00+05:30,152.61,152.82,152.05,152.78,3787,0
2026-05-05T12:30:00+05:30,152.5,153.95,152.5,153.0,11215,0
2026-05-05T12:45:00+05:30,153.01,153.38,152.5,152.62,2071,0
2026-05-05T13:00:00+05:30,152.64,153.09,152.5,153.05,2186,0
2026-05-05T13:15:00+05:30,153.01,153.01,152.3,152.76,5093,0
2026-05-05T13:30:00+05:30,152.76,153.7,152.14,153.52,9729,0
2026-05-05T13:45:00+05:30,153.24,153.94,152.81,152.91,7115,0
2026-05-05T14:00:00+05:30,152.88,152.88,152.49,152.49,3089,0
2026-05-05T14:15:00+05:30,152.5,153.41,152.15,153.3,14368,0
2026-05-05T14:30:00+05:30,153.47,155.35,153.04,154.62,62322,0
2026-05-05T14:45:00+05:30,154.85,154.9,149.15,149.3,52239,0
2026-05-05T15:00:00+05:30,149.3,151.0,149.3,150.31,14263,0
2026-05-05T15:15:00+05:30,150.49,150.68,149.7,149.7,27721,0
2026-05-06T09:15:00+05:30,154.0,154.0,150.75,151.13,23489,0
2026-05-06T09:30:00+05:30,151.44,152.2,151.31,151.43,11729,0
2026-05-06T09:45:00+05:30,151.32,151.43,151.15,151.34,1027,0
2026-05-06T10:00:00+05:30,151.43,151.43,150.51,151.0,4034,0
2026-05-06T10:15:00+05:30,150.93,151.0,150.61,150.68,1484,0
2026-05-06T10:30:00+05:30,150.72,150.76,150.66,150.75,404,0
2026-05-06T10:45:00+05:30,150.75,150.96,150.75,150.96,102,0
2026-05-06T11:00:00+05:30,150.96,150.96,150.66,150.87,313,0
2026-05-06T11:15:00+05:30,150.87,151.0,150.75,150.75,1281,0
2026-05-06T11:30:00+05:30,150.75,150.99,150.66,150.67,539,0
2026-05-06T11:45:00+05:30,150.67,150.67,150.5,150.5,1000,0
2026-05-06T12:00:00+05:30,150.85,151.0,150.01,150.02,2996,0
2026-05-06T12:15:00+05:30,150.02,150.37,149.75,150.01,2414,0
2026-05-06T12:30:00+05:30,149.79,150.43,149.79,150.34,2217,0
2026-05-06T12:45:00+05:30,150.34,150.34,149.03,149.53,6075,0
2026-05-06T13:00:00+05:30,149.53,149.53,149.0,149.17,1823,0
2026-05-06T13:15:00+05:30,149.17,150.52,149.17,149.5,19272,0
2026-05-06T13:30:00+05:30,149.5,149.7,149.5,149.58,649,0
2026-05-06T13:45:00+05:30,149.58,149.7,149.5,149.57,6504,0
2026-05-06T14:00:00+05:30,149.7,149.87,149.5,149.61,3408,0
2026-05-06T14:15:00+05:30,149.61,150.36,149.54,150.31,5007,0
2026-05-06T14:30:00+05:30,150.31,151.25,149.6,150.85,14251,0
2026-05-06T14:45:00+05:30,150.85,150.85,150.17,150.57,1771,0
2026-05-06T15:00:00+05:30,150.56,151.16,150.0,150.73,9307,0
2026-05-06T15:15:00+05:30,150.48,150.73,150.0,150.33,6620,0
2026-05-07T09:15:00+05:30,150.53,151.24,149.57,150.04,10072,0
2026-05-07T09:30:00+05:30,149.8,150.23,149.71,150.16,1593,0
2026-05-07T09:45:00+05:30,150.01,150.36,149.6,149.65,1675,0
2026-05-07T10:00:00+05:30,149.96,149.96,149.07,149.4,4111,0
2026-05-07T10:15:00+05:30,149.15,149.48,149.07,149.45,764,0
2026-05-07T10:30:00+05:30,149.25,149.81,149.25,149.81,1578,0
2026-05-07T10:45:00+05:30,149.81,149.81,149.6,149.8,4364,0
2026-05-07T11:00:00+05:30,149.8,150.0,149.5,149.54,2709,0
2026-05-07T11:15:00+05:30,149.5,149.5,149.06,149.49,6481,0
2026-05-07T11:30:00+05:30,149.5,149.84,149.5,149.5,3449,0
2026-05-07T11:45:00+05:30,149.5,150.55,149.5,150.01,5379,0
2026-05-07T12:00:00+05:30,150.01,150.35,149.64,149.64,2207,0
2026-05-07T12:15:00+05:30,149.64,149.67,149.01,149.01,6033,0
2026-05-07T12:30:00+05:30,149.45,150.08,149.14,149.4,1613,0
2026-05-07T12:45:00+05:30,149.4,149.4,149.3,149.4,275,0
2026-05-07T13:00:00+05:30,149.4,149.63,149.16,149.39,574,0
2026-05-07T13:15:00+05:30,149.37,149.4,148.52,148.88,2884,0
2026-05-07T13:30:00+05:30,148.88,149.05,148.65,149.0,1550,0
2026-05-07T13:45:00+05:30,148.78,149.26,148.63,148.63,1130,0
2026-05-07T14:00:00+05:30,148.63,148.99,148.63,148.98,121,0
2026-05-07T14:15:00+05:30,148.98,149.74,148.88,149.22,1897,0
2026-05-07T14:30:00+05:30,149.22,149.28,149.22,149.24,49,0
2026-05-07T14:45:00+05:30,149.23,149.33,149.0,149.33,1505,0
2026-05-07T15:00:00+05:30,149.33,149.37,149.1,149.1,305,0
2026-05-07T15:15:00+05:30,149.1,149.55,149.05,149.2,5528,0
2026-05-08T09:15:00+05:30,151.08,151.31,147.61,148.22,34427,0
2026-05-08T09:30:00+05:30,148.22,148.79,148.0,148.16,3539,0
2026-05-08T09:45:00+05:30,148.03,148.3,148.0,148.24,1738,0
2026-05-08T10:00:00+05:30,148.45,148.5,147.61,147.61,2497,0
2026-05-08T10:15:00+05:30,147.61,148.0,147.61,148.0,4174,0
2026-05-08T10:30:00+05:30,148.0,148.33,148.0,148.11,1781,0
2026-05-08T10:45:00+05:30,148.11,148.28,148.0,148.08,1923,0
2026-05-08T11:00:00+05:30,148.08,148.3,148.04,148.3,812,0
2026-05-08T11:15:00+05:30,148.3,148.3,148.0,148.0,1621,0
2026-05-08T11:30:00+05:30,148.0,148.2,148.0,148.2,3101,0
2026-05-08T11:45:00+05:30,148.2,148.2,148.0,148.2,1582,0
2026-05-08T12:00:00+05:30,148.2,148.2,148.03,148.2,108,0
2026-05-08T12:15:00+05:30,148.02,148.2,148.0,148.0,675,0
2026-05-08T12:30:00+05:30,148.0,148.01,148.0,148.0,591,0
2026-05-08T12:45:00+05:30,148.0,148.2,147.65,147.96,3963,0
2026-05-08T13:00:00+05:30,147.96,147.96,147.5,147.82,1024,0
2026-05-08T13:15:00+05:30,147.82,148.09,147.5,147.5,1932,0
2026-05-08T13:30:00+05:30,147.87,148.03,147.5,147.5,958,0
2026-05-08T13:45:00+05:30,147.5,147.66,147.5,147.65,161,0
2026-05-08T14:00:00+05:30,147.65,147.81,147.65,147.66,165,0
2026-05-08T14:15:00+05:30,147.66,147.81,147.5,147.5,998,0
2026-05-08T14:30:00+05:30,147.5,147.5,145.75,146.8,37368,0
2026-05-08T14:45:00+05:30,146.8,147.24,146.5,146.9,1809,0
2026-05-08T15:00:00+05:30,146.6,146.62,146.14,146.25,2837,0
2026-05-08T15:15:00+05:30,146.26,149.75,146.26,147.71,18061,0
2026-05-11T09:15:00+05:30,146.76,146.88,145.56,146.88,5497,0
2026-05-11T09:30:00+05:30,146.89,147.12,145.51,145.53,3923,0
2026-05-11T09:45:00+05:30,145.53,145.53,145.05,145.49,5672,0
2026-05-11T10:00:00+05:30,145.75,145.89,145.05,145.05,7263,0
2026-05-11T10:15:00+05:30,145.1,145.51,145.1,145.5,614,0
2026-05-11T10:30:00+05:30,145.48,145.49,145.2,145.22,821,0
2026-05-11T10:45:00+05:30,145.49,145.5,145.2,145.5,1396,0
2026-05-11T11:00:00+05:30,145.5,145.88,145.5,145.5,285,0
2026-05-11T11:15:00+05:30,145.5,145.88,145.5,145.88,200,0
2026-05-11T11:30:00+05:30,145.88,145.88,145.61,145.87,285,0
2026-05-11T11:45:00+05:30,145.87,145.98,145.69,145.69,340,0
2026-05-11T12:00:00+05:30,145.69,146.29,145.69,146.22,1214,0
2026-05-11T12:15:00+05:30,146.22,146.22,145.6,145.61,1026,0
2026-05-11T12:30:00+05:30,145.98,145.98,145.55,145.55,728,0
2026-05-11T12:45:00+05:30,145.55,145.93,145.55,145.9,540,0
2026-05-11T13:00:00+05:30,145.9,147.09,145.73,147.0,11946,0
2026-05-11T13:15:00+05:30,147.0,147.0,146.51,146.86,635,0
2026-05-11T13:30:00+05:30,146.86,146.99,146.5,146.88,1355,0
2026-05-11T13:45:00+05:30,146.64,146.97,146.63,146.65,134,0
2026-05-11T14:00:00+05:30,146.65,146.65,146.51,146.52,110,0
2026-05-11T14:15:00+05:30,146.52,146.9,146.52,146.55,2226,0
2026-05-11T14:30:00+05:30,146.49,146.49,146.49,146.49,76,0
2026-05-11T14:45:00+05:30,146.49,146.49,146.33,146.33,4073,0
2026-05-11T15:00:00+05:30,146.32,146.41,145.75,146.13,2317,0
2026-05-11T15:15:00+05:30,146.29,146.39,145.12,145.48,6792,0
2026-05-12T09:15:00+05:30,145.48,146.41,144.0,144.24,9147,0
2026-05-12T09:30:00+05:30,144.5,144.68,143.52,144.54,3034,0
2026-05-12T09:45:00+05:30,144.54,144.54,143.41,143.88,3743,0
2026-05-12T10:00:00+05:30,143.84,144.5,143.5,144.5,3956,0
2026-05-12T10:15:00+05:30,144.5,144.5,143.61,144.15,1515,0
2026-05-12T10:30:00+05:30,144.14,144.14,143.75,143.8,256,0
2026-05-12T10:45:00+05:30,144.02,144.58,144.02,144.38,2549,0
2026-05-12T11:00:00+05:30,144.38,144.99,144.1,144.32,10955,0
2026-05-12T11:15:00+05:30,144.32,144.5,144.1,144.1,4180,0
2026-05-12T11:30:00+05:30,144.1,145.66,144.1,145.11,7293,0
2026-05-12T11:45:00+05:30,145.11,145.25,144.91,144.94,790,0
2026-05-12T12:00:00+05:30,144.94,145.0,144.63,145.0,276,0
2026-05-12T12:15:00+05:30,145.0,145.0,144.6,144.74,581,0
2026-05-12T12:30:00+05:30,144.71,144.71,144.1,144.29,2396,0
2026-05-12T12:45:00+05:30,144.29,144.37,144.1,144.1,3369,0
2026-05-12T13:00:00+05:30,144.1,144.53,143.9,143.9,3600,0
2026-05-12T13:15:00+05:30,143.9,143.95,143.5,143.95,3622,0
2026-05-12T13:30:00+05:30,143.95,143.95,143.25,143.48,1622,0
2026-05-12T13:45:00+05:30,143.5,143.5,142.7,143.0,2413,0
2026-05-12T14:00:00+05:30,143.0,143.05,142.7,142.94,542,0
2026-05-12T14:15:00+05:30,142.94,143.18,142.7,142.72,1649,0
2026-05-12T14:30:00+05:30,142.72,142.99,142.1,142.67,3441,0
2026-05-12T14:45:00+05:30,142.99,143.36,142.93,143.21,1602,0
2026-05-12T15:00:00+05:30,143.05,143.05,142.5,142.5,3016,0
2026-05-12T15:15:00+05:30,142.78,142.8,140.11,140.55,12097,0
2026-05-13T09:15:00+05:30,141.68,143.38,141.67,142.75,10213,0
2026-05-13T09:30:00+05:30,142.75,143.0,141.62,142.3,3491,0
2026-05-13T09:45:00+05:30,142.68,142.68,142.3,142.49,649,0
2026-05-13T10:00:00+05:30,142.5,142.5,142.3,142.33,1095,0
2026-05-13T10:15:00+05:30,142.33,143.0,142.3,143.0,2054,0
2026-05-13T10:30:00+05:30,143.0,143.0,142.47,142.85,386,0
2026-05-13T10:45:00+05:30,142.85,142.93,142.54,142.54,190,0
2026-05-13T11:00:00+05:30,142.54,143.0,142.5,143.0,3099,0
2026-05-13T11:15:00+05:30,143.0,143.0,142.0,142.3,3572,0
2026-05-13T11:30:00+05:30,142.02,142.3,141.72,142.3,1722,0
2026-05-13T11:45:00+05:30,142.3,143.71,142.3,143.18,9923,0
2026-05-13T12:00:00+05:30,142.97,143.5,142.81,143.46,3409,0
2026-05-13T12:15:00+05:30,143.46,144.0,142.05,143.3,12605,0
2026-05-13T12:30:00+05:30,143.3,144.75,143.23,144.75,11063,0
2026-05-13T12:45:00+05:30,144.48,144.66,144.1,144.62,2346,0
2026-05-13T13:00:00+05:30,144.65,144.66,143.75,143.75,1751,0
2026-05-13T13:15:00+05:30,143.75,143.98,143.69,143.69,604,0
2026-05-13T13:30:00+05:30,143.69,143.99,143.63,143.63,536,0
2026-05-13T13:45:00+05:30,143.63,143.9,143.35,143.62,868,0
2026-05-13T14:00:00+05:30,143.62,143.62,143.43,143.62,63,0
2026-05-13T14:15:00+05:30,143.69,145.0,143.62,143.94,9598,0
2026-05-13T14:30:00+05:30,143.94,144.2,143.71,143.8,1797,0
2026-05-13T14:45:00+05:30,143.91,144.34,143.51,143.52,2328,0
2026-05-13T15:00:00+05:30,143.6,144.0,143.51,143.51,2942,0
2026-05-13T15:15:00+05:30,144.0,144.58,143.47,143.47,6155,0
2026-05-14T09:15:00+05:30,143.9,145.5,143.9,145.05,7436,0
2026-05-14T09:30:00+05:30,145.05,145.19,144.08,144.08,2822,0
2026-05-14T09:45:00+05:30,144.08,144.73,143.2,143.21,3180,0
2026-05-14T10:00:00+05:30,143.66,143.71,143.05,143.5,1664,0
2026-05-14T10:15:00+05:30,143.51,143.7,143.35,143.35,1205,0
2026-05-14T10:30:00+05:30,143.35,143.42,143.06,143.42,624,0
2026-05-14T10:45:00+05:30,143.42,143.47,143.11,143.4,280,0
2026-05-14T11:00:00+05:30,143.4,143.59,143.0,143.59,1953,0
2026-05-14T11:15:00+05:30,143.12,143.52,143.12,143.52,54,0
2026-05-14T11:30:00+05:30,143.52,143.52,143.52,143.52,35,0
2026-05-14T11:45:00+05:30,143.52,144.0,143.46,144.0,582,0
2026-05-14T12:00:00+05:30,144.0,144.0,142.5,142.88,3012,0
2026-05-14T12:15:00+05:30,142.88,143.79,142.88,143.79,100,0
2026-05-14T12:30:00+05:30,143.79,143.79,143.1,143.56,452,0
2026-05-14T12:45:00+05:30,143.21,143.21,142.0,142.81,4126,0
2026-05-14T13:00:00+05:30,142.81,142.85,142.79,142.85,75,0
2026-05-14T13:15:00+05:30,142.85,143.27,142.85,143.23,123,0
2026-05-14T13:30:00+05:30,143.23,143.27,142.9,143.27,757,0
2026-05-14T13:45:00+05:30,143.27,143.27,142.85,142.85,29,0
2026-05-14T14:00:00+05:30,142.85,143.25,141.01,142.74,12188,0
2026-05-14T14:15:00+05:30,142.74,142.89,142.34,142.51,732,0
2026-05-14T14:30:00+05:30,142.49,142.93,142.4,142.4,241,0
2026-05-14T14:45:00+05:30,142.4,142.99,140.9,141.99,35739,0
2026-05-14T15:00:00+05:30,141.99,141.99,141.21,141.93,1901,0
2026-05-14T15:15:00+05:30,141.63,142.34,141.24,141.3,5569,0
2026-05-15T09:15:00+05:30,141.66,142.03,141.26,141.26,1248,0
2026-05-15T09:30:00+05:30,141.01,142.5,140.05,142.46,9753,0
2026-05-15T09:45:00+05:30,142.46,143.02,142.34,142.99,2488,0
2026-05-15T10:00:00+05:30,143.0,143.15,142.37,142.73,1207,0
2026-05-15T10:15:00+05:30,142.73,142.79,141.82,141.99,7774,0
2026-05-15T10:30:00+05:30,141.99,142.0,141.84,142.0,3750,0
2026-05-15T10:45:00+05:30,142.0,142.0,141.21,141.23,696,0
2026-05-15T11:00:00+05:30,141.23,141.66,141.23,141.59,7,0
2026-05-15T11:15:00+05:30,141.59,141.59,141.19,141.19,249,0
2026-05-15T11:30:00+05:30,141.19,141.19,141.07,141.07,127,0
2026-05-15T11:45:00+05:30,141.43,141.99,141.06,141.99,2088,0
2026-05-15T12:00:00+05:30,141.99,141.99,141.45,141.78,227,0
2026-05-15T12:15:00+05:30,141.78,141.78,141.22,141.22,520,0
2026-05-15T12:30:00+05:30,141.22,141.55,141.22,141.55,199,0
2026-05-15T12:45:00+05:30,141.55,141.78,141.24,141.78,1014,0
2026-05-15T13:00:00+05:30,141.78,141.78,141.57,141.78,760,0
2026-05-15T13:15:00+05:30,141.78,142.0,141.34,141.34,903,0
2026-05-15T13:30:00+05:30,141.34,141.34,141.34,141.34,0,0
2026-05-15T13:45:00+05:30,141.34,141.91,141.34,141.53,17,0
2026-05-15T14:00:00+05:30,141.53,141.88,141.1,141.15,637,0
2026-05-15T14:15:00+05:30,141.15,141.68,141.15,141.68,4,0
2026-05-15T14:30:00+05:30,141.68,141.68,141.0,141.39,1954,0
2026-05-15T14:45:00+05:30,141.39,141.39,140.5,140.82,3356,0
2026-05-15T15:00:00+05:30,140.58,140.91,140.5,140.72,1338,0
2026-05-15T15:15:00+05:30,140.72,141.99,140.5,140.5,4476,0
2026-05-18T09:15:00+05:30,140.05,140.92,140.0,140.0,20967,0
2026-05-18T09:30:00+05:30,140.0,140.33,140.0,140.0,3088,0
2026-05-18T09:45:00+05:30,140.01,140.35,140.0,140.0,2510,0
2026-05-18T10:00:00+05:30,140.2,140.59,140.0,140.21,3714,0
2026-05-18T10:15:00+05:30,140.21,140.31,140.0,140.0,4084,0
2026-05-18T10:30:00+05:30,140.0,140.44,140.0,140.44,4922,0
2026-05-18T10:45:00+05:30,140.33,142.52,140.33,140.7,18922,0
2026-05-18T11:00:00+05:30,140.7,140.98,140.7,140.95,288,0
2026-05-18T11:15:00+05:30,140.95,141.0,140.7,140.7,3553,0
2026-05-18T11:30:00+05:30,140.7,140.7,140.7,140.7,20,0
2026-05-18T11:45:00+05:30,140.7,140.77,140.63,140.77,190,0
2026-05-18T12:00:00+05:30,140.54,140.69,140.0,140.0,4355,0
2026-05-18T12:15:00+05:30,140.0,140.64,139.82,140.64,1101,0
2026-05-18T12:30:00+05:30,140.7,140.8,140.25,140.44,1628,0
2026-05-18T12:45:00+05:30,140.44,140.47,140.44,140.44,205,0
2026-05-18T13:00:00+05:30,140.79,140.79,140.4,140.66,181,0
2026-05-18T13:15:00+05:30,140.66,140.66,140.3,140.3,501,0
2026-05-18T13:30:00+05:30,140.3,140.44,140.3,140.44,49,0
2026-05-18T13:45:00+05:30,140.6,140.61,140.32,140.61,220,0
2026-05-18T14:00:00+05:30,140.61,140.61,140.6,140.6,4,0
2026-05-18T14:15:00+05:30,140.6,140.75,140.41,140.75,1355,0
2026-05-18T14:30:00+05:30,140.75,140.75,140.75,140.75,0,0
2026-05-18T14:45:00+05:30,140.75,140.86,140.31,140.58,777,0
2026-05-18T15:00:00+05:30,140.58,142.68,140.25,141.0,22658,0
2026-05-18T15:15:00+05:30,141.35,142.3,140.25,141.75,5847,0
2026-05-19T09:15:00+05:30,141.14,141.7,140.52,141.46,3998,0
2026-05-19T09:30:00+05:30,141.47,141.61,140.99,141.26,163,0
2026-05-19T09:45:00+05:30,141.61,141.68,141.21,141.23,1382,0
2026-05-19T10:00:00+05:30,141.06,141.78,140.89,141.78,1254,0
2026-05-19T10:15:00+05:30,141.89,141.89,141.36,141.88,775,0
2026-05-19T10:30:00+05:30,141.88,142.0,141.86,142.0,3122,0
2026-05-19T10:45:00+05:30,142.0,142.0,141.94,141.94,25,0
2026-05-19T11:00:00+05:30,141.94,142.0,141.94,142.0,255,0
2026-05-19T11:15:00+05:30,142.0,142.0,141.62,141.62,545,0
2026-05-19T11:30:00+05:30,141.62,141.75,141.2,141.2,429,0
2026-05-19T11:45:00+05:30,141.2,141.48,141.07,141.31,255,0
2026-05-19T12:00:00+05:30,141.31,141.39,141.11,141.11,445,0
2026-05-19T12:15:00+05:30,141.46,141.56,141.13,141.48,341,0
2026-05-19T12:30:00+05:30,141.48,141.48,141.45,141.45,4,0
2026-05-19T12:45:00+05:30,141.32,141.62,141.3,141.62,1142,0
2026-05-19T13:00:00+05:30,141.62,141.62,141.62,141.62,0,0
2026-05-19T13:15:00+05:30,141.62,141.62,141.62,141.62,0,0
2026-05-19T13:30:00+05:30,141.62,141.62,141.62,141.62,0,0
2026-05-19T13:45:00+05:30,141.62,141.89,141.31,141.89,1412,0
2026-05-19T14:00:00+05:30,141.89,142.3,141.8,142.3,1862,0
2026-05-19T14:15:00+05:30,142.3,142.3,142.0,142.3,901,0
2026-05-19T14:30:00+05:30,142.3,142.3,142.0,142.11,1973,0
2026-05-19T14:45:00+05:30,142.0,142.41,142.0,142.41,1508,0
2026-05-19T15:00:00+05:30,142.41,142.87,142.15,142.43,2078,0
2026-05-19T15:15:00+05:30,142.4,143.1,142.05,142.9,2810,0
2026-05-20T09:15:00+05:30,141.6,142.38,141.31,141.62,1764,0
2026-05-20T09:30:00+05:30,141.91,142.25,141.72,142.08,296,0
2026-05-20T09:45:00+05:30,142.06,142.68,142.01,142.68,3493,0
2026-05-20T10:00:00+05:30,142.68,142.68,142.12,142.13,539,0
2026-05-20T10:15:00+05:30,142.13,142.48,142.12,142.12,122,0
2026-05-20T10:30:00+05:30,142.12,142.63,142.12,142.63,637,0
2026-05-20T10:45:00+05:30,142.63,142.63,142.35,142.56,182,0
2026-05-20T11:00:00+05:30,142.32,142.59,142.27,142.59,139,0
2026-05-20T11:15:00+05:30,142.59,142.6,142.1,142.6,2032,0
2026-05-20T11:30:00+05:30,142.6,142.6,142.23,142.25,52,0
2026-05-20T11:45:00+05:30,142.25,142.68,142.25,142.68,100,0
2026-05-20T12:00:00+05:30,142.56,142.56,142.31,142.31,139,0
2026-05-20T12:15:00+05:30,142.31,142.78,140.91,141.31,10036,0
2026-05-20T12:30:00+05:30,141.31,141.78,141.31,141.78,102,0
2026-05-20T12:45:00+05:30,141.78,141.88,141.5,141.88,256,0
2026-05-20T13:00:00+05:30,141.88,141.88,141.49,141.82,421,0
2026-05-20T13:15:00+05:30,141.82,141.82,141.31,141.31,1359,0
2026-05-20T13:30:00+05:30,141.31,141.58,141.1,141.58,201,0
2026-05-20T13:45:00+05:30,141.58,141.58,141.11,141.12,28,0
2026-05-20T14:00:00+05:30,141.12,141.46,141.12,141.46,45,0
2026-05-20T14:15:00+05:30,141.46,141.88,141.46,141.88,264,0
2026-05-20T14:30:00+05:30,141.88,141.88,141.82,141.83,19,0
2026-05-20T14:45:00+05:30,141.83,142.16,141.83,141.98,172,0
2026-05-20T15:00:00+05:30,141.94,142.0,141.7,141.8,1047,0
2026-05-20T15:15:00+05:30,141.8,141.99,141.7,141.7,5791,0
2026-05-21T09:15:00+05:30,142.05,144.5,142.05,144.16,7585,0
2026-05-21T09:30:00+05:30,144.0,146.0,144.0,145.9,14983,0
2026-05-21T09:45:00+05:30,145.84,147.0,145.32,145.53,14164,0
2026-05-21T10:00:00+05:30,145.92,150.9,145.32,149.68,125845,0
2026-05-21T10:15:00+05:30,149.64,150.25,148.51,150.0,62901,0
2026-05-21T10:30:00+05:30,149.97,150.0,149.0,149.12,25915,0
2026-05-21T10:45:00+05:30,149.1,149.49,149.0,149.45,26256,0
2026-05-21T11:00:00+05:30,149.69,149.9,149.26,149.56,11181,0
2026-05-21T11:15:00+05:30,149.58,150.0,148.0,148.69,30332,0
2026-05-21T11:30:00+05:30,148.11,149.24,148.1,149.0,14014,0
2026-05-21T11:45:00+05:30,149.17,150.0,148.84,149.19,8005,0
2026-05-21T12:00:00+05:30,149.19,149.65,148.21,148.5,12261,0
2026-05-21T12:15:00+05:30,148.57,150.0,148.2,150.0,14843,0
2026-05-21T12:30:00+05:30,149.1,149.7,148.72,149.0,2571,0
2026-05-21T12:45:00+05:30,149.0,149.44,148.64,148.73,3954,0
2026-05-21T13:00:00+05:30,149.31,149.78,148.98,149.32,4256,0
2026-05-21T13:15:00+05:30,149.32,149.39,149.06,149.06,3751,0
2026-05-21T13:30:00+05:30,149.06,149.43,148.88,149.08,3737,0
2026-05-21T13:45:00+05:30,148.78,148.8,148.2,148.42,6143,0
2026-05-21T14:00:00+05:30,148.42,148.93,148.42,148.73,2104,0
2026-05-21T14:15:00+05:30,148.62,148.93,148.55,148.6,1621,0
2026-05-21T14:30:00+05:30,148.6,150.0,144.15,145.56,329447,0
2026-05-21T14:45:00+05:30,145.52,148.38,144.3,148.06,96347,0
2026-05-21T15:00:00+05:30,148.27,148.5,145.88,146.73,51247,0
2026-05-21T15:15:00+05:30,146.36,148.9,145.52,147.2,44163,0
2026-05-22T09:15:00+05:30,146.88,146.88,140.7,142.95,29501,0
2026-05-22T09:30:00+05:30,142.9,145.92,142.87,145.51,21461,0
2026-05-22T09:45:00+05:30,145.81,145.85,145.25,145.25,5178,0
2026-05-22T10:00:00+05:30,145.45,145.5,145.25,145.25,352,0
2026-05-22T10:15:00+05:30,145.25,145.25,144.33,144.7,1072,0
2026-05-22T10:30:00+05:30,144.7,144.86,143.31,143.78,4658,0
2026-05-22T10:45:00+05:30,143.78,144.25,143.78,144.1,1586,0
2026-05-22T11:00:00+05:30,144.0,144.0,143.5,143.93,1453,0
2026-05-22T11:15:00+05:30,143.93,144.25,143.61,144.2,1229,0
2026-05-22T11:30:00+05:30,143.92,144.47,143.77,144.47,1604,0
2026-05-22T11:45:00+05:30,144.47,144.83,144.32,144.83,999,0
2026-05-22T12:00:00+05:30,144.83,144.83,144.55,144.82,27,0
2026-05-22T12:15:00+05:30,144.82,144.82,144.55,144.71,237,0
2026-05-22T12:30:00+05:30,144.71,144.71,144.32,144.4,866,0
2026-05-22T12:45:00+05:30,144.32,144.32,142.75,143.13,6687,0
2026-05-22T13:00:00+05:30,143.13,143.39,142.91,142.91,501,0
2026-05-22T13:15:00+05:30,143.15,143.78,143.14,143.78,1774,0
2026-05-22T13:30:00+05:30,143.78,143.78,143.38,143.55,1159,0
2026-05-22T13:45:00+05:30,143.55,143.62,143.54,143.58,56,0
2026-05-22T14:00:00+05:30,143.58,143.58,143.3,143.3,183,0
2026-05-22T14:15:00+05:30,143.3,143.3,143.0,143.01,762,0
2026-05-22T14:30:00+05:30,143.01,143.43,143.01,143.26,811,0
2026-05-22T14:45:00+05:30,143.13,143.28,142.9,143.23,1719,0
2026-05-22T15:00:00+05:30,143.13,143.76,142.0,143.5,21913,0
2026-05-22T15:15:00+05:30,143.22,143.75,142.5,143.75,9774,0
2026-05-25T09:15:00+05:30,143.03,144.31,143.03,144.31,7518,0
2026-05-25T09:30:00+05:30,144.31,144.31,143.16,143.57,9244,0
2026-05-25T09:45:00+05:30,143.57,144.13,143.46,143.67,5119,0
2026-05-25T10:00:00+05:30,143.83,143.99,143.78,143.96,2922,0
2026-05-25T10:15:00+05:30,143.89,144.0,143.71,144.0,2568,0
2026-05-25T10:30:00+05:30,143.99,144.0,143.99,144.0,865,0
2026-05-25T10:45:00+05:30,143.99,144.0,143.79,144.0,4956,0
2026-05-25T11:00:00+05:30,144.0,144.3,144.0,144.3,1510,0
2026-05-25T11:15:00+05:30,144.3,144.31,144.05,144.25,854,0
2026-05-25T11:30:00+05:30,144.25,145.0,141.72,144.0,25199,0
2026-05-25T11:45:00+05:30,144.0,144.0,143.54,143.54,860,0
2026-05-25T12:00:00+05:30,143.48,143.54,143.36,143.54,281,0
2026-05-25T12:15:00+05:30,143.54,143.54,142.92,143.4,3850,0
2026-05-25T12:30:00+05:30,143.3,143.42,143.07,143.32,205,0
2026-05-25T12:45:00+05:30,143.31,143.31,142.98,142.98,893,0
2026-05-25T13:00:00+05:30,142.98,143.01,142.7,142.97,3186,0
2026-05-25T13:15:00+05:30,142.97,142.97,142.66,142.77,287,0
2026-05-25T13:30:00+05:30,142.77,142.82,142.5,142.67,3105,0
2026-05-25T13:45:00+05:30,142.73,142.8,142.62,142.8,540,0
2026-05-25T14:00:00+05:30,142.8,142.8,142.66,142.68,2,0
2026-05-25T14:15:00+05:30,142.68,143.0,142.38,142.75,7178,0
2026-05-25T14:30:00+05:30,142.51,142.89,142.51,142.89,236,0
2026-05-25T14:45:00+05:30,142.89,142.89,142.61,142.61,406,0
2026-05-25T15:00:00+05:30,142.61,142.81,142.0,142.34,7523,0
2026-05-25T15:15:00+05:30,142.33,143.2,142.23,142.3,12910,0
2026-05-26T09:15:00+05:30,142.76,143.28,142.25,142.28,9102,0
2026-05-26T09:30:00+05:30,142.46,143.23,142.05,142.9,13263,0
2026-05-26T09:45:00+05:30,142.9,143.06,142.62,142.62,1780,0
2026-05-26T10:00:00+05:30,142.85,142.99,142.45,142.99,1858,0
2026-05-26T10:15:00+05:30,142.99,142.99,142.75,142.75,1206,0
2026-05-26T10:30:00+05:30,142.75,142.79,142.45,142.75,1231,0
2026-05-26T10:45:00+05:30,142.75,143.23,142.75,142.99,6865,0
2026-05-26T11:00:00+05:30,143.23,143.27,142.99,142.99,623,0
2026-05-26T11:15:00+05:30,142.99,143.05,142.87,142.87,1489,0
2026-05-26T11:30:00+05:30,142.87,143.25,142.53,143.25,2466,0
2026-05-26T11:45:00+05:30,143.0,143.21,142.82,143.14,801,0
2026-05-26T12:00:00+05:30,143.14,143.17,142.9,142.9,445,0
2026-05-26T12:15:00+05:30,142.9,142.9,142.75,142.75,159,0
2026-05-26T12:30:00+05:30,142.9,142.9,142.75,142.75,210,0
2026-05-26T12:45:00+05:30,142.9,142.9,142.5,142.5,1287,0
2026-05-26T13:00:00+05:30,142.5,142.83,142.5,142.56,172,0
2026-05-26T13:15:00+05:30,142.81,142.85,142.58,142.81,73,0
2026-05-26T13:30:00+05:30,142.58,142.58,142.45,142.45,3249,0
2026-05-26T13:45:00+05:30,142.45,142.45,142.06,142.07,1886,0
2026-05-26T14:00:00+05:30,142.12,142.12,141.5,141.78,4226,0
2026-05-26T14:15:00+05:30,141.78,141.99,141.59,141.59,1802,0
2026-05-26T14:30:00+05:30,141.59,141.88,141.5,141.78,1700,0
2026-05-26T14:45:00+05:30,141.78,142.25,141.51,142.19,6262,0
2026-05-26T15:00:00+05:30,142.0,142.24,141.93,142.0,2391,0
2026-05-26T15:15:00+05:30,142.23,142.25,141.94,142.0,3760,0
2026-05-27T09:15:00+05:30,143.1,143.25,140.56,142.45,14227,0
2026-05-27T09:30:00+05:30,142.35,142.35,140.5,141.88,24561,0
2026-05-27T09:45:00+05:30,141.88,141.98,141.01,141.98,9414,0
2026-05-27T10:00:00+05:30,141.91,141.91,141.0,141.44,5316,0
2026-05-27T10:15:00+05:30,141.45,141.87,141.45,141.87,1798,0
2026-05-27T10:30:00+05:30,141.71,142.0,141.71,142.0,5171,0
2026-05-27T10:45:00+05:30,142.0,142.3,141.98,142.3,4946,0
2026-05-27T11:00:00+05:30,142.3,142.3,142.01,142.1,3686,0
2026-05-27T11:15:00+05:30,142.1,142.24,142.1,142.1,1850,0
2026-05-27T11:30:00+05:30,142.27,142.29,142.27,142.29,334,0
2026-05-27T11:45:00+05:30,142.38,142.4,142.0,142.0,1452,0
2026-05-27T12:00:00+05:30,142.0,142.11,141.91,141.91,208,0
2026-05-27T12:15:00+05:30,142.0,142.0,141.57,141.57,2435,0
2026-05-27T12:30:00+05:30,141.57,142.28,141.57,141.98,1040,0
2026-05-27T12:45:00+05:30,141.98,142.0,141.72,141.96,202,0
2026-05-27T13:00:00+05:30,141.75,142.25,141.5,142.25,1985,0
2026-05-27T13:15:00+05:30,142.25,142.25,142.0,142.0,8,0
2026-05-27T13:30:00+05:30,142.21,142.21,141.95,141.95,141,0
2026-05-27T13:45:00+05:30,141.95,142.23,141.95,142.23,500,0
2026-05-27T14:00:00+05:30,142.23,142.23,142.22,142.22,10,0
2026-05-27T14:15:00+05:30,142.22,142.22,141.5,141.51,3272,0
2026-05-27T14:30:00+05:30,141.51,141.78,141.21,141.53,4353,0
2026-05-27T14:45:00+05:30,141.54,141.98,141.54,141.98,748,0
2026-05-27T15:00:00+05:30,141.68,141.82,141.53,141.6,3480,0
2026-05-27T15:15:00+05:30,141.6,142.0,141.4,141.4,5189,0
2026-05-29T09:15:00+05:30,142.8,143.03,141.4,141.71,13754,0
2026-05-29T09:30:00+05:30,141.71,142.18,141.69,141.85,2188,0
2026-05-29T09:45:00+05:30,141.81,141.81,141.0,141.51,9981,0
2026-05-29T10:00:00+05:30,141.52,143.67,141.52,143.01,21738,0
2026-05-29T10:15:00+05:30,143.01,143.75,143.01,143.5,1524,0
2026-05-29T10:30:00+05:30,143.45,144.5,143.25,144.0,18463,0
2026-05-29T10:45:00+05:30,144.0,144.07,143.87,144.05,323,0
2026-05-29T11:00:00+05:30,144.03,144.03,143.8,143.8,3457,0
2026-05-29T11:15:00+05:30,143.8,143.8,143.32,143.69,10567,0
2026-05-29T11:30:00+05:30,143.69,143.69,143.27,143.54,454,0
2026-05-29T11:45:00+05:30,143.27,143.5,143.25,143.49,512,0
2026-05-29T12:00:00+05:30,143.49,143.49,143.49,143.49,0,0
2026-05-29T12:15:00+05:30,143.49,143.49,143.14,143.39,510,0
2026-05-29T12:30:00+05:30,143.11,143.38,143.0,143.06,3626,0
2026-05-29T12:45:00+05:30,143.06,143.33,143.04,143.27,1487,0
2026-05-29T13:00:00+05:30,143.27,143.27,142.5,142.5,7874,0
2026-05-29T13:15:00+05:30,142.5,144.95,142.5,143.34,11130,0
2026-05-29T13:30:00+05:30,143.34,143.48,142.5,143.24,5216,0
2026-05-29T13:45:00+05:30,143.24,143.35,143.24,143.35,24,0
2026-05-29T14:00:00+05:30,143.35,143.45,143.27,143.45,2557,0
2026-05-29T14:15:00+05:30,143.45,143.45,142.53,143.0,865,0
2026-05-29T14:30:00+05:30,143.0,143.09,142.51,143.09,10458,0
2026-05-29T14:45:00+05:30,143.09,143.31,142.95,143.12,4635,0
2026-05-29T15:00:00+05:30,143.12,143.18,142.1,142.11,11492,0
2026-05-29T15:15:00+05:30,142.1,142.27,140.4,140.55,27004,0
2026-06-01T09:15:00+05:30,142.38,142.38,140.55,141.13,11862,0
2026-06-01T09:30:00+05:30,141.13,141.78,141.04,141.33,4761,0
2026-06-01T09:45:00+05:30,141.59,142.6,141.51,142.28,8300,0
2026-06-01T10:00:00+05:30,142.48,142.48,139.85,141.0,34746,0
2026-06-01T10:15:00+05:30,141.0,141.36,140.76,141.36,638,0
2026-06-01T10:30:00+05:30,141.36,141.59,140.96,141.27,1535,0
2026-06-01T10:45:00+05:30,141.38,141.56,141.05,141.3,761,0
2026-06-01T11:00:00+05:30,141.3,141.71,141.3,141.71,156,0
2026-06-01T11:15:00+05:30,141.65,141.66,141.5,141.5,9740,0
2026-06-01T11:30:00+05:30,141.5,142.6,141.13,142.59,12472,0
2026-06-01T11:45:00+05:30,142.59,142.59,141.91,141.93,1085,0
2026-06-01T12:00:00+05:30,141.86,142.59,141.82,142.0,6782,0
2026-06-01T12:15:00+05:30,142.0,142.54,141.61,141.65,6125,0
2026-06-01T12:30:00+05:30,141.65,142.14,141.5,141.5,1371,0
2026-06-01T12:45:00+05:30,141.5,141.89,141.5,141.89,1461,0
2026-06-01T13:00:00+05:30,141.84,141.84,140.95,141.0,4612,0
2026-06-01T13:15:00+05:30,141.03,141.69,141.03,141.53,2975,0
2026-06-01T13:30:00+05:30,141.53,141.75,141.46,141.75,72,0
2026-06-01T13:45:00+05:30,141.75,141.75,141.11,141.41,1690,0
2026-06-01T14:00:00+05:30,141.15,141.41,140.82,141.08,3575,0
2026-06-01T14:15:00+05:30,141.08,141.12,140.76,141.0,309,0
2026-06-01T14:30:00+05:30,141.0,141.1,140.74,141.08,495,0
2026-06-01T14:45:00+05:30,141.08,141.12,140.78,141.11,88,0
2026-06-01T15:00:00+05:30,140.76,141.38,140.73,141.38,2972,0
2026-06-01T15:15:00+05:30,140.92,143.88,139.5,140.0,24661,0
2026-06-02T09:15:00+05:30,140.59,142.24,140.09,141.31,7507,0
2026-06-02T09:30:00+05:30,141.31,141.46,140.11,140.11,7032,0
2026-06-02T09:45:00+05:30,140.11,140.87,139.99,140.87,9270,0
2026-06-02T10:00:00+05:30,140.96,140.99,140.61,140.99,160,0
2026-06-02T10:15:00+05:30,140.99,141.03,140.8,141.0,1706,0
2026-06-02T10:30:00+05:30,141.0,141.04,140.71,141.04,580,0
2026-06-02T10:45:00+05:30,141.0,141.35,140.9,141.35,1269,0
2026-06-02T11:00:00+05:30,141.35,141.35,140.4,140.8,3271,0
2026-06-02T11:15:00+05:30,140.8,140.8,140.8,140.8,34,0
2026-06-02T11:30:00+05:30,140.79,140.85,140.77,140.81,112,0
2026-06-02T11:45:00+05:30,140.81,140.81,140.81,140.81,26,0
2026-06-02T12:00:00+05:30,140.78,140.78,140.54,140.55,259,0
2026-06-02T12:15:00+05:30,140.55,140.85,140.4,140.4,2906,0
2026-06-02T12:30:00+05:30,140.4,140.4,140.38,140.38,1,0
2026-06-02T12:45:00+05:30,140.39,140.4,140.38,140.4,182,0
2026-06-02T13:00:00+05:30,140.4,140.78,140.25,140.25,2095,0
2026-06-02T13:15:00+05:30,140.21,140.79,140.12,140.49,2317,0
2026-06-02T13:30:00+05:30,140.49,140.56,140.3,140.3,219,0
2026-06-02T13:45:00+05:30,140.3,140.95,140.3,140.62,3492,0
2026-06-02T14:00:00+05:30,140.62,140.69,140.4,140.68,338,0
2026-06-02T14:15:00+05:30,140.67,140.67,140.21,140.57,528,0
2026-06-02T14:30:00+05:30,140.57,140.68,140.57,140.68,24,0
2026-06-02T14:45:00+05:30,140.68,140.68,140.65,140.68,252,0
2026-06-02T15:00:00+05:30,140.65,140.95,140.47,140.95,6524,0
2026-06-02T15:15:00+05:30,140.84,141.22,140.5,141.22,4034,0
2026-06-03T09:15:00+05:30,140.16,140.16,139.27,140.14,10409,0
2026-06-03T09:30:00+05:30,140.09,140.09,139.18,139.42,3268,0
2026-06-03T09:45:00+05:30,139.2,139.5,139.17,139.3,2402,0
2026-06-03T10:00:00+05:30,139.3,139.48,138.67,138.86,7915,0
2026-06-03T10:15:00+05:30,138.78,138.96,138.61,138.8,1416,0
2026-06-03T10:30:00+05:30,138.8,138.88,137.79,138.15,12504,0
2026-06-03T10:45:00+05:30,138.15,138.52,138.06,138.26,2949,0
2026-06-03T11:00:00+05:30,138.26,139.39,138.26,139.39,3101,0
2026-06-03T11:15:00+05:30,139.39,139.79,139.21,139.79,2319,0
2026-06-03T11:30:00+05:30,139.79,140.4,139.65,140.18,13510,0
2026-06-03T11:45:00+05:30,140.18,141.48,139.73,141.0,14773,0
2026-06-03T12:00:00+05:30,141.07,141.5,140.77,141.0,4574,0
2026-06-03T12:15:00+05:30,140.9,141.08,140.9,141.06,1221,0
2026-06-03T12:30:00+05:30,141.06,141.5,141.0,141.0,2469,0
2026-06-03T12:45:00+05:30,141.01,141.49,140.99,141.45,3336,0
2026-06-03T13:00:00+05:30,141.45,141.45,141.1,141.1,2677,0
2026-06-03T13:15:00+05:30,141.1,141.16,140.52,141.16,3089,0
2026-06-03T13:30:00+05:30,141.16,141.35,141.03,141.35,308,0
2026-06-03T13:45:00+05:30,141.35,141.35,141.35,141.35,0,0
2026-06-03T14:00:00+05:30,141.28,141.35,141.0,141.0,859,0
2026-06-03T14:15:00+05:30,141.0,142.05,141.0,141.41,8713,0
2026-06-03T14:30:00+05:30,141.41,141.41,141.0,141.0,291,0
2026-06-03T14:45:00+05:30,141.13,141.13,141.0,141.04,2758,0
2026-06-03T15:00:00+05:30,141.04,141.81,141.04,141.81,4587,0
2026-06-03T15:15:00+05:30,141.82,142.85,141.0,141.0,14800,0
2026-06-04T09:15:00+05:30,140.87,141.0,140.51,141.0,2767,0
2026-06-04T09:30:00+05:30,140.99,141.94,140.99,141.13,4438,0
2026-06-04T09:45:00+05:30,141.13,142.0,141.13,142.0,7684,0
2026-06-04T10:00:00+05:30,141.97,141.97,139.95,140.65,27314,0
2026-06-04T10:15:00+05:30,141.05,141.05,140.59,140.9,625,0
2026-06-04T10:30:00+05:30,140.9,140.9,140.53,140.7,470,0
2026-06-04T10:45:00+05:30,140.47,140.9,140.46,140.9,1118,0
2026-06-04T11:00:00+05:30,141.04,141.09,140.88,141.09,1638,0
2026-06-04T11:15:00+05:30,141.08,143.0,141.08,143.0,33147,0
2026-06-04T11:30:00+05:30,143.0,144.0,142.82,143.0,11860,0
2026-06-04T11:45:00+05:30,143.0,143.48,142.95,143.09,602,0
2026-06-04T12:00:00+05:30,142.66,143.26,142.6,142.72,2062,0
2026-06-04T12:15:00+05:30,142.72,142.89,142.43,142.88,998,0
2026-06-04T12:30:00+05:30,142.88,142.88,142.31,142.31,153,0
2026-06-04T12:45:00+05:30,142.3,142.77,142.28,142.77,1414,0
2026-06-04T13:00:00+05:30,142.77,142.77,142.06,142.16,1673,0
2026-06-04T13:15:00+05:30,142.06,142.06,141.76,141.95,1605,0
2026-06-04T13:30:00+05:30,141.95,141.99,141.68,141.75,507,0
2026-06-04T13:45:00+05:30,141.75,141.79,140.99,141.0,21556,0
2026-06-04T14:00:00+05:30,141.24,141.58,140.8,140.94,7050,0
2026-06-04T14:15:00+05:30,140.99,141.0,140.77,141.0,1940,0
2026-06-04T14:30:00+05:30,141.0,141.0,140.99,140.99,63,0
2026-06-04T14:45:00+05:30,140.99,141.0,140.69,140.99,3127,0
2026-06-04T15:00:00+05:30,140.99,142.68,140.57,141.6,25119,0
2026-06-04T15:15:00+05:30,142.03,144.0,141.63,142.55,32599,0
2026-06-05T09:15:00+05:30,142.55,144.85,141.0,143.91,17116,0
2026-06-05T09:30:00+05:30,143.91,143.91,142.9,143.0,5125,0
2026-06-05T09:45:00+05:30,143.0,144.06,142.62,144.06,7398,0
2026-06-05T10:00:00+05:30,144.06,147.0,143.38,145.36,31904,0
2026-06-05T10:15:00+05:30,145.37,145.47,144.54,144.54,7404,0
2026-06-05T10:30:00+05:30,144.54,144.54,143.38,143.87,5913,0
2026-06-05T10:45:00+05:30,143.87,144.18,143.62,144.0,940,0
2026-06-05T11:00:00+05:30,144.01,144.83,144.0,144.64,1551,0
2026-06-05T11:15:00+05:30,144.48,145.0,144.16,144.16,6598,0
2026-06-05T11:30:00+05:30,144.16,144.77,144.16,144.77,1198,0
2026-06-05T11:45:00+05:30,144.11,144.58,144.11,144.2,773,0
2026-06-05T12:00:00+05:30,144.2,144.54,144.11,144.19,2880,0
2026-06-05T12:15:00+05:30,144.19,144.34,143.91,143.91,396,0
2026-06-05T12:30:00+05:30,143.91,144.59,143.91,144.36,524,0
2026-06-05T12:45:00+05:30,144.03,144.3,144.01,144.25,197,0
2026-06-05T13:00:00+05:30,144.25,144.25,143.6,143.67,1533,0
2026-06-05T13:15:00+05:30,143.67,143.94,143.41,143.87,853,0
2026-06-05T13:30:00+05:30,143.87,143.87,143.38,143.75,3063,0
2026-06-05T13:45:00+05:30,143.75,143.78,143.41,143.77,213,0
2026-06-05T14:00:00+05:30,143.51,144.0,143.41,143.5,6939,0
2026-06-05T14:15:00+05:30,143.5,143.66,143.08,143.62,3551,0
2026-06-05T14:30:00+05:30,143.62,143.62,142.95,142.95,5334,0
2026-06-05T14:45:00+05:30,142.98,143.33,142.74,142.74,3592,0
2026-06-05T15:00:00+05:30,142.74,142.97,142.39,142.7,902,0
2026-06-05T15:15:00+05:30,142.85,143.9,142.25,142.25,5016,0
2026-06-08T09:15:00+05:30,141.91,141.91,139.17,140.21,30931,0
2026-06-08T09:30:00+05:30,140.51,140.59,139.82,140.59,8999,0
2026-06-08T09:45:00+05:30,140.59,140.92,140.16,140.91,1037,0
2026-06-08T10:00:00+05:30,140.89,140.89,140.25,140.68,658,0
2026-06-08T10:15:00+05:30,140.68,140.69,140.65,140.69,476,0
2026-06-08T10:30:00+05:30,140.69,140.7,140.35,140.7,290,0
2026-06-08T10:45:00+05:30,140.7,140.74,140.42,140.74,16,0
2026-06-08T11:00:00+05:30,140.48,140.99,140.4,140.51,7663,0
2026-06-08T11:15:00+05:30,140.51,140.76,140.22,140.22,75,0
2026-06-08T11:30:00+05:30,140.22,140.56,140.0,140.0,1801,0
2026-06-08T11:45:00+05:30,140.13,140.39,140.1,140.19,317,0
2026-06-08T12:00:00+05:30,140.19,140.19,140.19,140.19,0,0
2026-06-08T12:15:00+05:30,140.19,140.46,140.0,140.04,3027,0
2026-06-08T12:30:00+05:30,140.04,140.45,140.04,140.42,129,0
2026-06-08T12:45:00+05:30,140.42,140.46,140.3,140.46,66,0
2026-06-08T13:00:00+05:30,140.5,140.6,140.3,140.3,1729,0
2026-06-08T13:15:00+05:30,140.3,140.3,140.0,140.25,4076,0
2026-06-08T13:30:00+05:30,140.25,140.3,140.01,140.3,1385,0
2026-06-08T13:45:00+05:30,140.3,140.37,140.3,140.3,4,0
2026-06-08T14:00:00+05:30,140.3,140.3,140.0,140.0,1890,0
2026-06-08T14:15:00+05:30,140.0,140.25,140.0,140.01,432,0
2026-06-08T14:30:00+05:30,140.01,140.39,140.0,140.0,315,0
2026-06-08T14:45:00+05:30,140.0,140.3,140.0,140.0,1223,0
2026-06-08T15:00:00+05:30,140.0,140.3,139.4,139.98,24866,0
2026-06-08T15:15:00+05:30,139.46,140.0,138.2,140.0,8892,0
2026-06-09T09:15:00+05:30,139.75,140.41,139.26,139.85,4892,0
2026-06-09T09:30:00+05:30,139.85,140.49,139.69,140.0,4760,0
2026-06-09T09:45:00+05:30,140.0,140.25,139.98,140.0,1207,0
2026-06-09T10:00:00+05:30,140.02,140.2,139.76,139.92,3755,0
2026-06-09T10:15:00+05:30,139.77,139.91,139.5,139.67,1230,0
2026-06-09T10:30:00+05:30,139.67,139.67,139.11,139.16,1718,0
2026-06-09T10:45:00+05:30,139.51,139.56,139.25,139.48,287,0
2026-06-09T11:00:00+05:30,139.48,139.86,139.18,139.83,1161,0
2026-06-09T11:15:00+05:30,139.83,139.83,138.25,138.25,2327,0
2026-06-09T11:30:00+05:30,138.25,138.35,138.02,138.02,3396,0
2026-06-09T11:45:00+05:30,138.02,138.34,138.0,138.22,2647,0
2026-06-09T12:00:00+05:30,138.22,138.45,138.0,138.45,2749,0
2026-06-09T12:15:00+05:30,138.45,138.45,138.0,138.15,2635,0
2026-06-09T12:30:00+05:30,138.12,138.25,138.01,138.19,2519,0
2026-06-09T12:45:00+05:30,138.19,138.37,137.8,137.99,3751,0
2026-06-09T13:00:00+05:30,137.8,137.99,137.5,137.99,3284,0
2026-06-09T13:15:00+05:30,138.15,138.3,137.85,138.27,5138,0
2026-06-09T13:30:00+05:30,138.3,138.73,138.3,138.66,588,0
2026-06-09T13:45:00+05:30,138.75,139.25,138.66,139.25,2058,0
2026-06-09T14:00:00+05:30,139.44,139.5,139.25,139.5,620,0
2026-06-09T14:15:00+05:30,139.5,139.5,139.02,139.06,521,0
2026-06-09T14:30:00+05:30,139.06,139.6,139.06,139.21,1594,0
2026-06-09T14:45:00+05:30,139.21,141.0,139.21,140.58,14185,0
2026-06-09T15:00:00+05:30,140.58,141.0,140.0,140.59,5582,0
2026-06-09T15:15:00+05:30,140.17,140.59,139.25,139.99,2388,0
2026-06-10T09:15:00+05:30,140.0,140.93,139.84,140.6,2166,0
2026-06-10T09:30:00+05:30,140.52,140.52,140.07,140.37,233,0
2026-06-10T09:45:00+05:30,140.36,140.87,140.22,140.22,624,0
2026-06-10T10:00:00+05:30,140.43,140.43,139.84,139.85,1333,0
2026-06-10T10:15:00+05:30,139.85,140.58,139.51,140.58,1577,0
2026-06-10T10:30:00+05:30,140.27,140.48,140.27,140.48,11,0
2026-06-10T10:45:00+05:30,140.05,140.32,139.83,140.2,1296,0
2026-06-10T11:00:00+05:30,140.2,140.4,140.2,140.4,1479,0
2026-06-10T11:15:00+05:30,140.4,140.4,139.54,139.77,1191,0
2026-06-10T11:30:00+05:30,139.77,140.0,139.54,139.64,801,0
2026-06-10T11:45:00+05:30,139.64,139.99,139.64,139.99,520,0
2026-06-10T12:00:00+05:30,139.94,139.97,139.94,139.95,209,0
2026-06-10T12:15:00+05:30,139.95,140.03,139.54,140.03,2261,0
2026-06-10T12:30:00+05:30,140.03,140.03,139.45,139.45,101,0
2026-06-10T12:45:00+05:30,139.45,145.25,139.06,144.0,93513,0
2026-06-10T13:00:00+05:30,143.82,146.0,141.25,143.61,106186,0
2026-06-10T13:15:00+05:30,143.68,145.9,141.48,143.98,93579,0
2026-06-10T13:30:00+05:30,143.88,145.15,143.1,144.01,13457,0
2026-06-10T13:45:00+05:30,144.02,144.28,143.8,143.8,3123,0
2026-06-10T14:00:00+05:30,143.7,143.7,142.5,142.67,4811,0
2026-06-10T14:15:00+05:30,142.84,143.01,142.5,143.01,2020,0
2026-06-10T14:30:00+05:30,143.09,143.09,142.0,142.01,5261,0
2026-06-10T14:45:00+05:30,142.05,142.44,141.75,142.25,5868,0
2026-06-10T15:00:00+05:30,142.25,143.75,141.51,143.35,10334,0
2026-06-10T15:15:00+05:30,143.35,143.35,141.0,142.35,25489,0
2026-06-11T09:15:00+05:30,140.75,141.66,140.0,141.11,8749,0
2026-06-11T09:30:00+05:30,141.48,141.48,140.75,141.32,1825,0
2026-06-11T09:45:00+05:30,141.32,141.32,140.72,140.83,1670,0
2026-06-11T10:00:00+05:30,140.99,141.13,140.92,140.92,327,0
2026-06-11T10:15:00+05:30,140.92,141.21,140.68,140.89,797,0
2026-06-11T10:30:00+05:30,141.04,141.57,141.04,141.37,1219,0
2026-06-11T10:45:00+05:30,141.37,141.37,138.88,140.16,74364,0
2026-06-11T11:00:00+05:30,140.16,140.16,139.6,139.99,555,0
2026-06-11T11:15:00+05:30,139.99,140.17,139.7,140.17,616,0
2026-06-11T11:30:00+05:30,140.17,140.17,139.75,139.82,1018,0
2026-06-11T11:45:00+05:30,139.82,140.0,139.79,139.9,2101,0
2026-06-11T12:00:00+05:30,139.9,140.15,139.8,139.8,1085,0
2026-06-11T12:15:00+05:30,139.8,140.05,139.2,139.53,5724,0
2026-06-11T12:30:00+05:30,139.46,139.79,139.46,139.79,706,0
2026-06-11T12:45:00+05:30,139.79,139.79,138.85,139.22,3361,0
2026-06-11T13:00:00+05:30,139.21,139.27,138.77,139.0,704,0
2026-06-11T13:15:00+05:30,139.0,139.0,138.4,138.88,1214,0
2026-06-11T13:30:00+05:30,138.89,139.25,138.75,138.75,643,0
2026-06-11T13:45:00+05:30,138.75,139.24,138.55,138.86,1389,0
2026-06-11T14:00:00+05:30,138.85,139.0,138.69,138.92,555,0
2026-06-11T14:15:00+05:30,138.92,138.99,138.52,138.98,3535,0
2026-06-11T14:30:00+05:30,138.98,139.12,138.93,138.99,1781,0
2026-06-11T14:45:00+05:30,138.8,138.8,138.52,138.75,576,0
2026-06-11T15:00:00+05:30,138.75,139.75,138.4,139.42,6860,0
2026-06-11T15:15:00+05:30,139.18,140.25,139.0,140.0,26070,0
2026-06-12T09:15:00+05:30,140.34,141.41,140.0,140.89,4124,0
2026-06-12T09:30:00+05:30,140.89,141.53,140.89,141.39,2815,0
2026-06-12T09:45:00+05:30,141.39,141.54,140.92,141.05,314,0
2026-06-12T10:00:00+05:30,141.29,141.29,140.0,140.89,5157,0
2026-06-12T10:15:00+05:30,140.89,141.24,140.61,140.95,456,0
2026-06-12T10:30:00+05:30,141.04,141.04,141.04,141.04,135,0
2026-06-12T10:45:00+05:30,141.04,141.04,140.62,140.62,70,0
2026-06-12T11:00:00+05:30,140.89,141.17,140.7,140.7,996,0
2026-06-12T11:15:00+05:30,140.7,140.8,140.7,140.8,20,0
2026-06-12T11:30:00+05:30,140.69,140.72,140.42,140.42,251,0
2026-06-12T11:45:00+05:30,140.42,140.42,140.42,140.42,0,0
2026-06-12T12:00:00+05:30,140.42,140.42,140.42,140.42,0,0
2026-06-12T12:15:00+05:30,140.42,140.71,140.42,140.48,152,0
2026-06-12T12:30:00+05:30,140.48,140.48,140.48,140.48,0,0
2026-06-12T12:45:00+05:30,140.48,140.5,140.34,140.34,200,0
2026-06-12T13:00:00+05:30,140.34,140.54,140.05,140.2,633,0
2026-06-12T13:15:00+05:30,140.2,140.36,140.05,140.05,1062,0
2026-06-12T13:30:00+05:30,140.05,140.71,140.05,140.53,218,0
2026-06-12T13:45:00+05:30,140.53,140.72,140.53,140.68,57,0
2026-06-12T14:00:00+05:30,140.68,141.83,140.68,141.5,5040,0
2026-06-12T14:15:00+05:30,141.5,141.92,141.5,141.74,3065,0
2026-06-12T14:30:00+05:30,141.74,142.61,141.16,142.01,10633,0
2026-06-12T14:45:00+05:30,142.01,142.41,141.0,141.55,11995,0
2026-06-12T15:00:00+05:30,141.22,141.54,141.2,141.2,986,0
2026-06-12T15:15:00+05:30,141.27,142.54,141.2,141.22,15586,0
2026-06-15T09:15:00+05:30,143.24,144.03,142.3,143.05,23089,0
2026-06-15T09:30:00+05:30,143.05,144.0,142.81,143.36,5145,0
2026-06-15T09:45:00+05:30,143.66,143.66,143.13,143.22,266,0
2026-06-15T10:00:00+05:30,143.64,144.0,143.13,143.48,5966,0
2026-06-15T10:15:00+05:30,143.48,143.62,143.14,143.4,416,0
2026-06-15T10:30:00+05:30,143.4,145.06,143.4,144.51,14093,0
2026-06-15T10:45:00+05:30,144.5,144.57,144.5,144.51,1700,0
2026-06-15T11:00:00+05:30,144.52,145.11,144.25,145.11,9557,0
2026-06-15T11:15:00+05:30,145.1,145.18,144.51,145.18,2508,0
2026-06-15T11:30:00+05:30,145.18,145.2,144.78,144.78,190,0
2026-06-15T11:45:00+05:30,144.78,145.69,144.6,145.07,17552,0
2026-06-15T12:00:00+05:30,145.46,147.43,145.05,146.26,44677,0
2026-06-15T12:15:00+05:30,146.26,146.9,145.25,146.9,8999,0
2026-06-15T12:30:00+05:30,146.8,147.85,146.75,147.0,5723,0
2026-06-15T12:45:00+05:30,146.85,146.85,145.75,146.28,3251,0
2026-06-15T13:00:00+05:30,146.24,146.32,146.15,146.3,327,0
2026-06-15T13:15:00+05:30,146.23,146.49,145.75,146.18,1473,0
2026-06-15T13:30:00+05:30,146.18,146.51,146.17,146.17,1654,0
2026-06-15T13:45:00+05:30,146.17,146.17,145.75,145.9,50,0
2026-06-15T14:00:00+05:30,146.1,146.14,145.8,146.1,1157,0
2026-06-15T14:15:00+05:30,146.1,146.37,145.8,145.98,1939,0
2026-06-15T14:30:00+05:30,145.98,146.0,145.8,145.8,1366,0
2026-06-15T14:45:00+05:30,145.8,145.8,145.4,145.5,1976,0
2026-06-15T15:00:00+05:30,145.78,146.4,145.65,145.65,7578,0
2026-06-15T15:15:00+05:30,145.9,146.4,145.65,146.4,5836,0
2026-06-16T09:15:00+05:30,145.89,146.46,145.42,145.61,3013,0
2026-06-16T09:30:00+05:30,145.6,145.62,145.0,145.0,1436,0
2026-06-16T09:45:00+05:30,145.15,145.15,145.15,145.15,51,0
2026-06-16T10:00:00+05:30,145.23,145.23,142.76,143.94,57988,0
2026-06-16T10:15:00+05:30,143.94,144.1,143.61,143.62,961,0
2026-06-16T10:30:00+05:30,143.62,143.67,141.35,141.93,79399,0
2026-06-16T10:45:00+05:30,141.89,142.8,141.75,142.0,100380,0
2026-06-16T11:00:00+05:30,142.0,142.34,141.64,142.01,10545,0
2026-06-16T11:15:00+05:30,142.01,142.01,139.8,140.5,165994,0
2026-06-16T11:30:00+05:30,140.5,141.27,139.42,139.7,40768,0
2026-06-16T11:45:00+05:30,139.7,140.9,138.9,139.76,131384,0
2026-06-16T12:00:00+05:30,139.73,140.27,138.8,138.99,38014,0
2026-06-16T12:15:00+05:30,138.99,139.33,138.64,138.77,19195,0
2026-06-16T12:30:00+05:30,138.77,139.23,138.65,139.22,8642,0
2026-06-16T12:45:00+05:30,139.22,139.68,139.1,139.67,8643,0
2026-06-16T13:00:00+05:30,139.55,139.85,139.15,139.56,9564,0
2026-06-16T13:15:00+05:30,139.6,139.84,139.46,139.78,4147,0
2026-06-16T13:30:00+05:30,139.78,139.88,139.4,139.88,7553,0
2026-06-16T13:45:00+05:30,139.88,139.88,139.65,139.84,312,0
2026-06-16T14:00:00+05:30,139.8,139.9,139.5,139.76,6100,0
2026-06-16T14:15:00+05:30,139.76,139.78,139.52,139.55,1845,0
2026-06-16T14:30:00+05:30,139.76,139.8,139.4,139.7,14248,0
2026-06-16T14:45:00+05:30,139.7,139.79,139.41,139.71,4364,0
2026-06-16T15:00:00+05:30,139.74,139.75,139.3,139.3,15403,0
2026-06-16T15:15:00+05:30,139.37,139.53,138.8,139.0,56467,0
2026-06-17T09:15:00+05:30,139.7,140.26,139.21,139.88,14855,0
2026-06-17T09:30:00+05:30,139.88,140.05,139.56,139.88,2376,0
2026-06-17T09:45:00+05:30,139.99,140.3,139.6,139.91,5755,0
2026-06-17T10:00:00+05:30,139.85,139.85,138.91,139.22,8310,0
2026-06-17T10:15:00+05:30,139.22,139.48,139.01,139.48,3613,0
2026-06-17T10:30:00+05:30,139.29,139.39,138.87,139.39,4274,0
2026-06-17T10:45:00+05:30,139.39,139.45,139.05,139.45,786,0
2026-06-17T11:00:00+05:30,139.45,139.51,139.4,139.51,2338,0
2026-06-17T11:15:00+05:30,139.51,139.76,139.51,139.76,1030,0
2026-06-17T11:30:00+05:30,139.76,139.91,139.64,139.88,1317,0
2026-06-17T11:45:00+05:30,139.86,139.87,139.51,139.6,270,0
2026-06-17T12:00:00+05:30,139.52,139.7,139.5,139.52,1648,0
2026-06-17T12:15:00+05:30,139.52,139.91,139.52,139.6,2461,0
2026-06-17T12:30:00+05:30,139.6,139.65,139.22,139.22,1136,0
2026-06-17T12:45:00+05:30,139.22,139.65,139.22,139.5,180,0
2026-06-17T13:00:00+05:30,139.58,139.59,139.58,139.58,75,0
2026-06-17T13:15:00+05:30,139.58,139.59,139.23,139.52,1205,0
2026-06-17T13:30:00+05:30,139.52,139.77,139.47,139.7,2985,0
2026-06-17T13:45:00+05:30,139.7,139.85,139.55,139.56,2706,0
2026-06-17T14:00:00+05:30,139.57,139.77,139.56,139.69,444,0
2026-06-17T14:15:00+05:30,139.69,139.71,139.55,139.71,739,0
2026-06-17T14:30:00+05:30,139.71,139.77,139.51,139.77,1421,0
2026-06-17T14:45:00+05:30,139.75,140.1,139.72,140.0,7981,0
2026-06-17T15:00:00+05:30,140.1,141.0,139.5,139.55,10347,0
2026-06-17T15:15:00+05:30,139.84,140.0,139.5,140.0,8418,0
2026-06-18T09:15:00+05:30,140.3,140.4,139.5,139.94,2634,0
2026-06-18T09:30:00+05:30,139.92,140.07,139.0,139.64,11304,0
2026-06-18T09:45:00+05:30,139.64,139.96,139.61,139.71,3516,0
2026-06-18T10:00:00+05:30,139.87,139.87,139.61,139.61,304,0
2026-06-18T10:15:00+05:30,139.61,140.09,139.61,139.61,4425,0
2026-06-18T10:30:00+05:30,139.61,139.84,139.61,139.79,5887,0
2026-06-18T10:45:00+05:30,139.64,139.65,139.61,139.61,6271,0
2026-06-18T11:00:00+05:30,139.8,139.85,139.39,139.39,10874,0
2026-06-18T11:15:00+05:30,139.39,139.5,139.26,139.5,37,0
2026-06-18T11:30:00+05:30,139.5,139.58,139.3,139.3,1234,0
2026-06-18T11:45:00+05:30,139.3,139.46,139.2,139.2,755,0
2026-06-18T12:00:00+05:30,139.2,139.62,139.2,139.62,309,0
2026-06-18T12:15:00+05:30,139.62,139.62,138.29,138.48,18568,0
2026-06-18T12:30:00+05:30,138.48,138.55,138.2,138.45,4163,0
2026-06-18T12:45:00+05:30,138.45,138.45,137.0,137.8,34015,0
2026-06-18T13:00:00+05:30,137.96,138.0,137.72,138.0,1529,0
2026-06-18T13:15:00+05:30,138.0,138.3,137.03,137.65,16868,0
2026-06-18T13:30:00+05:30,137.65,138.69,137.37,137.84,20974,0
2026-06-18T13:45:00+05:30,137.71,137.83,137.62,137.75,650,0
2026-06-18T14:00:00+05:30,137.75,138.05,137.75,137.87,4725,0
2026-06-18T14:15:00+05:30,137.79,137.94,137.79,137.89,679,0
2026-06-18T14:30:00+05:30,137.89,137.89,137.3,137.4,17443,0
2026-06-18T14:45:00+05:30,137.4,137.62,137.35,137.62,3459,0
2026-06-18T15:00:00+05:30,137.62,137.8,137.03,137.7,17668,0
2026-06-18T15:15:00+05:30,137.72,138.49,137.39,138.2,11722,0
2026-06-19T09:15:00+05:30,137.55,138.04,137.31,138.04,4733,0
2026-06-19T09:30:00+05:30,138.0,138.48,137.65,137.73,6564,0
2026-06-19T09:45:00+05:30,137.95,138.12,137.89,138.11,1187,0
2026-06-19T10:00:00+05:30,138.51,138.51,138.17,138.25,457,0
2026-06-19T10:15:00+05:30,138.25,138.5,138.11,138.48,2807,0
2026-06-19T10:30:00+05:30,138.48,138.7,138.33,138.4,1414,0
2026-06-19T10:45:00+05:30,138.4,140.76,138.13,140.55,80004,0
2026-06-19T11:00:00+05:30,140.56,141.25,140.15,140.15,15235,0
2026-06-19T11:15:00+05:30,140.15,140.5,140.15,140.2,1956,0
2026-06-19T11:30:00+05:30,140.2,140.46,140.13,140.3,913,0
2026-06-19T11:45:00+05:30,140.09,140.55,140.0,140.47,5014,0
2026-06-19T12:00:00+05:30,140.13,140.37,140.04,140.11,510,0
2026-06-19T12:15:00+05:30,140.11,140.65,140.01,140.39,8672,0
2026-06-19T12:30:00+05:30,140.39,140.39,140.0,140.0,2551,0
2026-06-19T12:45:00+05:30,140.0,140.24,140.0,140.0,604,0
2026-06-19T13:00:00+05:30,140.0,140.04,140.0,140.0,3140,0
2026-06-19T13:15:00+05:30,140.05,140.05,139.41,139.41,2235,0
2026-06-19T13:30:00+05:30,139.49,139.94,139.49,139.94,1550,0
2026-06-19T13:45:00+05:30,139.94,140.1,139.94,140.09,3908,0
2026-06-19T14:00:00+05:30,139.86,140.07,139.5,139.52,2544,0
2026-06-19T14:15:00+05:30,139.52,139.52,138.94,138.94,3811,0
2026-06-19T14:30:00+05:30,138.94,139.23,138.92,139.2,4960,0
2026-06-19T14:45:00+05:30,139.2,139.31,138.93,138.93,1158,0
2026-06-19T15:00:00+05:30,138.93,139.59,138.93,139.1,3554,0
2026-06-19T15:15:00+05:30,139.21,139.88,139.2,139.5,7482,0
2026-06-22T09:15:00+05:30,139.31,140.3,139.22,139.53,4296,0
2026-06-22T09:30:00+05:30,139.54,140.0,139.54,139.91,3842,0
2026-06-22T09:45:00+05:30,139.88,140.2,139.64,140.0,11708,0
2026-06-22T10:00:00+05:30,140.0,140.0,139.65,140.0,1542,0
2026-06-22T10:15:00+05:30,140.0,141.9,139.96,141.55,37649,0
2026-06-22T10:30:00+05:30,141.88,142.27,141.16,141.32,23363,0
2026-06-22T10:45:00+05:30,141.32,142.98,141.32,141.74,15939,0
2026-06-22T11:00:00+05:30,141.74,142.39,141.43,141.5,656,0
2026-06-22T11:15:00+05:30,141.85,142.37,140.22,141.11,24482,0
2026-06-22T11:30:00+05:30,141.11,141.36,141.11,141.25,1707,0
2026-06-22T11:45:00+05:30,141.25,141.41,141.01,141.01,2260,0
2026-06-22T12:00:00+05:30,141.01,141.1,140.74,141.1,746,0
2026-06-22T12:15:00+05:30,141.06,141.06,140.8,140.8,2842,0
2026-06-22T12:30:00+05:30,141.0,141.78,140.73,140.87,7740,0
2026-06-22T12:45:00+05:30,140.87,141.1,140.5,141.01,6191,0
2026-06-22T13:00:00+05:30,141.01,141.01,140.95,141.0,702,0
2026-06-22T13:15:00+05:30,141.0,141.37,140.5,140.5,7276,0
2026-06-22T13:30:00+05:30,140.5,140.98,140.5,140.98,152,0
2026-06-22T13:45:00+05:30,140.91,140.91,140.7,140.7,2091,0
2026-06-22T14:00:00+05:30,140.7,140.7,140.5,140.69,1701,0
2026-06-22T14:15:00+05:30,140.69,141.39,140.5,141.09,9363,0
2026-06-22T14:30:00+05:30,141.18,141.18,140.69,140.75,3747,0
2026-06-22T14:45:00+05:30,140.75,140.94,140.75,140.8,160,0
2026-06-22T15:00:00+05:30,140.79,140.95,139.59,139.59,23984,0
2026-06-22T15:15:00+05:30,139.6,140.7,139.57,140.7,12288,0
2026-06-23T09:15:00+05:30,139.53,140.31,139.53,140.1,1347,0
2026-06-23T09:30:00+05:30,140.2,140.7,140.01,140.5,3492,0
2026-06-23T09:45:00+05:30,140.5,140.77,140.34,140.57,232,0
2026-06-23T10:00:00+05:30,140.47,140.54,140.18,140.48,384,0
2026-06-23T10:15:00+05:30,140.48,140.6,140.28,140.51,1156,0
2026-06-23T10:30:00+05:30,140.51,140.59,140.25,140.25,1185,0
2026-06-23T10:45:00+05:30,140.25,140.26,139.6,139.62,3588,0
2026-06-23T11:00:00+05:30,139.62,140.08,139.62,140.08,589,0
2026-06-23T11:15:00+05:30,140.08,140.09,139.67,140.07,575,0
2026-06-23T11:30:00+05:30,140.07,140.12,139.49,139.49,4674,0
2026-06-23T11:45:00+05:30,139.63,140.26,139.33,140.25,26301,0
2026-06-23T12:00:00+05:30,140.25,140.27,140.0,140.0,3285,0
2026-06-23T12:15:00+05:30,140.1,140.25,139.66,140.25,3580,0
2026-06-23T12:30:00+05:30,140.25,141.53,140.25,141.01,15750,0
2026-06-23T12:45:00+05:30,141.01,141.2,141.0,141.0,4958,0
2026-06-23T13:00:00+05:30,141.0,142.48,139.76,139.76,47226,0
2026-06-23T13:15:00+05:30,139.8,140.32,139.71,140.25,24723,0
2026-06-23T13:30:00+05:30,140.03,140.39,140.0,140.06,1854,0
2026-06-23T13:45:00+05:30,140.1,140.62,140.06,140.08,1496,0
2026-06-23T14:00:00+05:30,140.08,140.9,140.08,140.74,2093,0
2026-06-23T14:15:00+05:30,140.6,140.6,140.01,140.1,6068,0
2026-06-23T14:30:00+05:30,140.1,140.25,139.8,139.8,2899,0
2026-06-23T14:45:00+05:30,139.8,140.09,139.8,140.03,488,0
2026-06-23T15:00:00+05:30,140.03,140.03,139.56,139.76,534,0
2026-06-23T15:15:00+05:30,139.58,140.0,139.0,139.0,18351,0
2026-06-24T09:15:00+05:30,139.2,140.29,139.1,140.01,4728,0
2026-06-24T09:30:00+05:30,140.01,140.3,140.0,140.3,2747,0
2026-06-24T09:45:00+05:30,140.3,140.3,139.99,140.09,18257,0
2026-06-24T10:00:00+05:30,140.32,140.69,140.11,140.11,946,0
2026-06-24T10:15:00+05:30,140.46,140.46,140.0,140.2,1664,0
2026-06-24T10:30:00+05:30,140.2,141.5,140.0,140.8,15164,0
2026-06-24T10:45:00+05:30,140.56,141.38,140.41,140.9,4620,0
2026-06-24T11:00:00+05:30,140.9,140.9,140.75,140.75,325,0
2026-06-24T11:15:00+05:30,140.75,140.75,140.44,140.6,2097,0
2026-06-24T11:30:00+05:30,140.6,141.0,140.4,140.76,2336,0
2026-06-24T11:45:00+05:30,140.76,141.0,140.76,140.91,1430,0
2026-06-24T12:00:00+05:30,140.91,140.91,139.98,139.98,7200,0
2026-06-24T12:15:00+05:30,139.98,140.05,139.98,140.04,2314,0
2026-06-24T12:30:00+05:30,140.04,140.24,140.04,140.24,50,0
2026-06-24T12:45:00+05:30,140.24,140.99,140.23,140.66,7239,0
2026-06-24T13:00:00+05:30,140.9,141.2,140.65,140.65,3582,0
2026-06-24T13:15:00+05:30,140.65,140.65,140.65,140.65,0,0
2026-06-24T13:30:00+05:30,140.65,140.69,140.5,140.5,2244,0
2026-06-24T13:45:00+05:30,140.52,140.9,140.36,140.38,1596,0
2026-06-24T14:00:00+05:30,140.41,140.69,140.0,140.0,7216,0
2026-06-24T14:15:00+05:30,140.0,140.46,140.0,140.46,396,0
2026-06-24T14:30:00+05:30,140.12,140.49,140.02,140.49,3728,0
2026-06-24T14:45:00+05:30,140.3,140.66,140.0,140.41,9425,0
2026-06-24T15:00:00+05:30,140.41,140.8,140.18,140.73,5681,0
2026-06-24T15:15:00+05:30,140.68,141.4,140.68,141.25,25195,0
2026-06-25T09:15:00+05:30,141.02,142.84,141.02,141.92,7432,0
2026-06-25T09:30:00+05:30,141.92,143.3,141.85,142.91,37895,0
2026-06-25T09:45:00+05:30,143.14,143.3,142.02,142.02,10253,0
2026-06-25T10:00:00+05:30,142.19,142.27,141.68,141.68,4981,0
2026-06-25T10:15:00+05:30,141.68,142.18,141.68,142.18,2520,0
2026-06-25T10:30:00+05:30,142.18,142.18,141.68,142.0,1444,0
2026-06-25T10:45:00+05:30,142.0,142.0,141.5,141.77,4653,0
2026-06-25T11:00:00+05:30,141.77,142.09,141.66,141.9,3130,0
2026-06-25T11:15:00+05:30,141.9,141.9,141.5,141.55,5608,0
2026-06-25T11:30:00+05:30,141.55,141.79,141.55,141.77,300,0
2026-06-25T11:45:00+05:30,141.56,141.73,141.33,141.52,5207,0
2026-06-25T12:00:00+05:30,141.52,141.73,141.48,141.73,25742,0
2026-06-25T12:15:00+05:30,141.73,141.73,141.5,141.5,5841,0
2026-06-25T12:30:00+05:30,141.5,141.64,141.5,141.5,5303,0
2026-06-25T12:45:00+05:30,141.5,141.7,141.5,141.5,458,0
2026-06-25T13:00:00+05:30,141.52,141.68,141.5,141.5,1327,0
2026-06-25T13:15:00+05:30,141.52,141.89,141.5,141.89,3210,0
2026-06-25T13:30:00+05:30,141.95,141.98,141.95,141.98,325,0
2026-06-25T13:45:00+05:30,141.98,141.98,141.7,141.82,161,0
2026-06-25T14:00:00+05:30,141.82,141.82,141.5,141.5,2556,0
2026-06-25T14:15:00+05:30,141.5,141.78,141.48,141.53,14100,0
2026-06-25T14:30:00+05:30,141.53,141.77,141.33,141.5,12650,0
2026-06-25T14:45:00+05:30,141.5,141.73,141.5,141.61,691,0
2026-06-25T15:00:00+05:30,141.5,141.76,141.32,141.5,33390,0
2026-06-25T15:15:00+05:30,141.5,142.0,141.0,141.5,35450,0
2026-06-29T09:15:00+05:30,141.0,141.74,140.58,141.49,7445,0
2026-06-29T09:30:00+05:30,141.49,141.55,141.03,141.19,1624,0
2026-06-29T09:45:00+05:30,141.19,141.19,141.02,141.02,397,0
2026-06-29T10:00:00+05:30,141.33,141.42,141.3,141.38,1378,0
2026-06-29T10:15:00+05:30,141.38,141.85,141.36,141.85,1183,0
2026-06-29T10:30:00+05:30,141.7,141.74,141.51,141.74,829,0
2026-06-29T10:45:00+05:30,141.74,141.74,141.5,141.54,702,0
2026-06-29T11:00:00+05:30,141.54,141.54,141.0,141.0,747,0
2026-06-29T11:15:00+05:30,141.01,142.0,141.0,141.25,4751,0
2026-06-29T11:30:00+05:30,141.25,141.33,141.22,141.22,468,0
2026-06-29T11:45:00+05:30,141.22,141.24,141.2,141.24,2008,0
2026-06-29T12:00:00+05:30,141.24,141.24,141.0,141.01,1735,0
2026-06-29T12:15:00+05:30,141.01,141.4,141.01,141.38,1260,0
2026-06-29T12:30:00+05:30,141.38,141.38,141.0,141.0,2939,0
2026-06-29T12:45:00+05:30,141.0,141.23,141.0,141.0,853,0
2026-06-29T13:00:00+05:30,141.23,141.23,141.0,141.13,817,0
2026-06-29T13:15:00+05:30,141.13,141.35,141.13,141.35,1351,0
2026-06-29T13:30:00+05:30,141.35,141.35,141.35,141.35,30,0
2026-06-29T13:45:00+05:30,141.35,141.74,141.34,141.69,861,0
2026-06-29T14:00:00+05:30,141.69,141.69,141.56,141.56,65,0
2026-06-29T14:15:00+05:30,141.56,141.57,141.32,141.57,780,0
2026-06-29T14:30:00+05:30,141.57,141.57,141.24,141.55,966,0
2026-06-29T14:45:00+05:30,141.55,141.57,141.38,141.54,172,0
2026-06-29T15:00:00+05:30,141.54,141.55,141.2,141.2,2644,0
2026-06-29T15:15:00+05:30,141.43,141.53,140.98,141.0,16816,0
2026-06-30T09:15:00+05:30,141.25,142.16,141.03,142.16,8391,0
2026-06-30T09:30:00+05:30,142.16,142.5,141.64,141.7,7318,0
2026-06-30T09:45:00+05:30,141.88,142.19,141.61,141.61,1547,0
2026-06-30T10:00:00+05:30,141.89,141.89,141.8,141.8,136,0
2026-06-30T10:15:00+05:30,141.8,141.8,141.51,141.53,125,0
2026-06-30T10:30:00+05:30,141.74,141.74,141.5,141.51,387,0
2026-06-30T10:45:00+05:30,141.51,141.75,141.51,141.74,259,0
2026-06-30T11:00:00+05:30,141.74,141.74,141.53,141.53,101,0
2026-06-30T11:15:00+05:30,141.53,141.55,141.5,141.5,698,0
2026-06-30T11:30:00+05:30,141.5,141.52,141.5,141.52,537,0
2026-06-30T11:45:00+05:30,141.52,141.72,141.5,141.72,1055,0
2026-06-30T12:00:00+05:30,141.72,141.72,141.49,141.57,3489,0
2026-06-30T12:15:00+05:30,141.57,141.65,141.5,141.65,5061,0
2026-06-30T12:30:00+05:30,141.65,141.65,141.65,141.65,130,0
2026-06-30T12:45:00+05:30,141.65,141.65,141.5,141.5,38,0
2026-06-30T13:00:00+05:30,141.65,141.74,141.5,141.72,1050,0
2026-06-30T13:15:00+05:30,141.72,141.75,141.5,141.74,1316,0
2026-06-30T13:30:00+05:30,141.74,141.8,141.5,141.53,1146,0
2026-06-30T13:45:00+05:30,141.53,141.89,141.52,141.52,494,0
2026-06-30T14:00:00+05:30,141.52,141.52,141.51,141.51,2,0
2026-06-30T14:15:00+05:30,141.51,141.77,140.9,141.5,60563,0
2026-06-30T14:30:00+05:30,141.5,141.65,141.5,141.5,1341,0
2026-06-30T14:45:00+05:30,141.5,141.5,141.5,141.5,192,0
2026-06-30T15:00:00+05:30,141.5,142.12,141.49,142.01,5401,0
2026-06-30T15:15:00+05:30,141.79,141.95,141.5,141.9,9793,0
2026-07-01T09:15:00+05:30,141.4,142.48,141.4,142.1,3324,0
2026-07-01T09:30:00+05:30,142.42,144.96,141.91,144.96,55266,0
2026-07-01T09:45:00+05:30,144.88,146.56,144.36,145.92,67646,0
2026-07-01T10:00:00+05:30,145.9,145.91,145.04,145.59,4839,0
2026-07-01T10:15:00+05:30,145.32,145.59,144.89,145.0,11886,0
2026-07-01T10:30:00+05:30,145.0,149.7,144.88,148.08,238386,0
2026-07-01T10:45:00+05:30,147.82,148.5,147.55,148.18,32871,0
2026-07-01T11:00:00+05:30,148.23,148.5,148.02,148.42,8551,0
2026-07-01T11:15:00+05:30,148.42,148.5,148.0,148.39,21654,0
2026-07-01T11:30:00+05:30,148.3,149.26,147.93,148.61,45668,0
2026-07-01T11:45:00+05:30,148.6,149.17,148.0,148.59,26915,0
2026-07-01T12:00:00+05:30,148.64,148.8,148.21,148.55,11035,0
2026-07-01T12:15:00+05:30,148.78,148.83,148.01,148.39,16684,0
2026-07-01T12:30:00+05:30,148.4,149.05,148.4,148.73,7772,0
2026-07-01T12:45:00+05:30,148.73,148.98,148.3,148.48,7179,0
2026-07-01T13:00:00+05:30,148.75,148.89,148.0,148.24,10681,0
2026-07-01T13:15:00+05:30,148.24,148.39,148.07,148.35,2504,0
2026-07-01T13:30:00+05:30,148.09,148.37,148.01,148.25,13882,0
2026-07-01T13:45:00+05:30,148.25,149.09,148.0,148.52,12832,0
2026-07-01T14:00:00+05:30,148.99,149.03,148.46,148.51,7224,0
2026-07-01T14:15:00+05:30,148.5,148.5,148.19,148.41,2771,0
2026-07-01T14:30:00+05:30,148.25,148.5,148.0,148.5,27774,0
2026-07-01T14:45:00+05:30,148.49,148.87,148.3,148.82,9007,0
2026-07-01T15:00:00+05:30,148.61,148.98,148.5,148.76,10697,0
2026-07-01T15:15:00+05:30,148.79,148.9,148.0,148.44,30095,0
2026-07-02T09:15:00+05:30,149.15,149.28,147.01,147.5,15634,0
2026-07-02T09:30:00+05:30,147.5,148.79,147.5,148.2,4880,0
2026-07-02T09:45:00+05:30,148.36,148.97,148.2,148.43,5040,0
2026-07-02T10:00:00+05:30,148.46,148.87,148.2,148.4,2331,0
2026-07-02T10:15:00+05:30,148.4,149.25,148.0,148.68,21092,0
2026-07-02T10:30:00+05:30,148.68,149.0,148.21,148.23,12220,0
2026-07-02T10:45:00+05:30,148.23,148.57,148.01,148.38,2220,0
2026-07-02T11:00:00+05:30,148.38,149.2,148.0,149.19,18079,0
2026-07-02T11:15:00+05:30,149.18,149.65,148.35,148.44,37001,0
2026-07-02T11:30:00+05:30,148.49,149.38,148.0,149.07,27600,0
2026-07-02T11:45:00+05:30,149.11,149.11,148.51,148.7,5725,0
2026-07-02T12:00:00+05:30,148.7,148.7,148.42,148.51,334,0
2026-07-02T12:15:00+05:30,148.51,148.51,148.28,148.28,2498,0
2026-07-02T12:30:00+05:30,148.28,148.39,148.08,148.34,1093,0
2026-07-02T12:45:00+05:30,148.34,148.34,147.97,148.23,5778,0
2026-07-02T13:00:00+05:30,148.23,148.28,148.04,148.04,105,0
2026-07-02T13:15:00+05:30,148.28,148.4,148.1,148.12,880,0
2026-07-02T13:30:00+05:30,148.36,148.37,148.16,148.16,90,0
2026-07-02T13:45:00+05:30,148.16,148.36,148.11,148.3,1132,0
2026-07-02T14:00:00+05:30,148.3,148.3,147.83,148.0,13095,0
2026-07-02T14:15:00+05:30,148.0,148.02,148.0,148.0,9437,0
2026-07-02T14:30:00+05:30,148.02,148.21,148.0,148.0,1105,0
2026-07-02T14:45:00+05:30,148.0,148.22,148.0,148.05,873,0
2026-07-02T15:00:00+05:30,148.03,148.68,148.03,148.07,4967,0
2026-07-02T15:15:00+05:30,148.17,149.0,147.97,148.0,22955,0
2026-07-03T09:15:00+05:30,148.18,149.5,148.0,148.2,12937,0
2026-07-03T09:30:00+05:30,148.2,148.4,148.02,148.06,1522,0
2026-07-03T09:45:00+05:30,148.1,148.43,148.06,148.15,1870,0
2026-07-03T10:00:00+05:30,148.43,148.88,147.52,148.73,15709,0
2026-07-03T10:15:00+05:30,148.73,148.73,148.0,148.3,1297,0
2026-07-03T10:30:00+05:30,148.2,149.26,148.2,149.26,17519,0
2026-07-03T10:45:00+05:30,149.03,151.09,149.01,150.2,76992,0
2026-07-03T11:00:00+05:30,150.35,150.7,149.73,150.01,16565,0
2026-07-03T11:15:00+05:30,150.11,151.7,150.0,150.82,24250,0
2026-07-03T11:30:00+05:30,150.75,150.95,150.0,150.5,16773,0
2026-07-03T11:45:00+05:30,150.5,150.5,149.91,150.0,4328,0
2026-07-03T12:00:00+05:30,150.0,150.49,150.0,150.06,1753,0
2026-07-03T12:15:00+05:30,150.12,150.26,149.87,150.01,2752,0
2026-07-03T12:30:00+05:30,150.01,150.36,149.91,150.0,1763,0
2026-07-03T12:45:00+05:30,150.0,150.25,150.0,150.2,650,0
2026-07-03T13:00:00+05:30,150.2,150.2,150.0,150.2,130,0
2026-07-03T13:15:00+05:30,150.2,150.26,149.94,150.25,2889,0
2026-07-03T13:30:00+05:30,150.25,150.29,149.93,150.02,1606,0
2026-07-03T13:45:00+05:30,150.02,150.2,149.82,150.15,2621,0
2026-07-03T14:00:00+05:30,150.15,150.15,150.0,150.0,2451,0
2026-07-03T14:15:00+05:30,150.0,150.05,149.82,150.0,6296,0
2026-07-03T14:30:00+05:30,150.0,150.05,150.0,150.0,440,0
2026-07-03T14:45:00+05:30,150.0,150.05,149.9,150.0,14153,0
2026-07-03T15:00:00+05:30,150.0,150.6,149.82,150.09,15838,0
2026-07-03T15:15:00+05:30,150.09,150.5,149.55,150.1,25101,0
2026-07-06T09:15:00+05:30,150.09,150.5,149.27,150.22,9044,0
2026-07-06T09:30:00+05:30,150.14,150.43,149.11,149.11,4836,0
2026-07-06T09:45:00+05:30,149.32,149.45,149.1,149.22,2072,0
2026-07-06T10:00:00+05:30,149.22,149.47,149.08,149.08,3772,0
2026-07-06T10:15:00+05:30,149.08,149.32,148.97,149.03,3280,0
2026-07-06T10:30:00+05:30,149.03,149.53,148.94,149.21,2754,0
2026-07-06T10:45:00+05:30,149.3,149.37,149.0,149.04,3360,0
2026-07-06T11:00:00+05:30,149.06,149.5,149.0,149.02,3683,0
2026-07-06T11:15:00+05:30,149.02,149.1,149.02,149.05,340,0
2026-07-06T11:30:00+05:30,149.06,149.1,149.06,149.06,534,0
2026-07-06T11:45:00+05:30,149.1,149.25,148.95,149.01,3621,0
2026-07-06T12:00:00+05:30,149.01,149.27,149.0,149.0,4823,0
2026-07-06T12:15:00+05:30,149.0,149.0,149.0,149.0,2480,0
2026-07-06T12:30:00+05:30,149.0,149.0,149.0,149.0,90,0
2026-07-06T12:45:00+05:30,149.0,149.01,148.86,149.0,7896,0
2026-07-06T13:00:00+05:30,149.28,149.39,149.0,149.28,896,0
2026-07-06T13:15:00+05:30,149.28,149.39,149.0,149.39,1109,0
2026-07-06T13:30:00+05:30,149.39,149.39,149.01,149.01,100,0
2026-07-06T13:45:00+05:30,149.01,149.58,149.0,149.37,793,0
2026-07-06T14:00:00+05:30,149.05,149.45,149.01,149.45,558,0
2026-07-06T14:15:00+05:30,149.22,149.45,148.9,149.0,7565,0
2026-07-06T14:30:00+05:30,149.0,149.28,149.0,149.0,354,0
2026-07-06T14:45:00+05:30,149.24,149.24,148.98,149.0,774,0
2026-07-06T15:00:00+05:30,149.23,149.77,149.02,149.72,5546,0
2026-07-06T15:15:00+05:30,149.22,149.68,148.82,149.0,9032,0
2026-07-07T09:15:00+05:30,149.14,149.73,148.97,149.47,2203,0
2026-07-07T09:30:00+05:30,149.47,150.28,149.12,150.28,4640,0
2026-07-07T09:45:00+05:30,150.28,150.49,149.5,150.0,11257,0
2026-07-07T10:00:00+05:30,150.0,150.5,149.2,149.81,110781,0
2026-07-07T10:15:00+05:30,149.97,150.2,149.82,150.04,1872,0
2026-07-07T10:30:00+05:30,150.04,150.56,150.0,150.56,5775,0
2026-07-07T10:45:00+05:30,150.56,150.56,149.86,149.86,1630,0
2026-07-07T11:00:00+05:30,150.02,150.88,149.86,150.11,4150,0
2026-07-07T11:15:00+05:30,150.12,150.4,150.12,150.39,1512,0
2026-07-07T11:30:00+05:30,150.39,151.02,150.39,150.57,7458,0
2026-07-07T11:45:00+05:30,150.66,151.8,150.53,150.91,5713,0
2026-07-07T12:00:00+05:30,150.91,151.0,150.51,150.51,837,0
2026-07-07T12:15:00+05:30,150.51,150.68,150.51,150.51,532,0
2026-07-07T12:30:00+05:30,150.51,150.53,150.0,150.25,2188,0
2026-07-07T12:45:00+05:30,150.25,150.25,149.97,149.97,401,0
2026-07-07T13:00:00+05:30,149.97,150.04,149.81,150.04,808,0
2026-07-07T13:15:00+05:30,150.04,150.07,149.71,150.0,1733,0
2026-07-07T13:30:00+05:30,150.0,150.04,149.72,149.81,1208,0
2026-07-07T13:45:00+05:30,149.81,150.0,149.81,150.0,1,0
2026-07-07T14:00:00+05:30,150.0,150.26,149.91,149.91,2537,0
2026-07-07T14:15:00+05:30,149.91,150.23,149.91,150.23,342,0
2026-07-07T14:30:00+05:30,150.23,150.29,150.02,150.29,74,0
2026-07-07T14:45:00+05:30,150.29,150.29,149.0,150.11,45700,0
2026-07-07T15:00:00+05:30,150.07,150.14,149.8,150.13,8568,0
2026-07-07T15:15:00+05:30,150.13,150.2,149.05,149.9,17791,0
2026-07-08T09:15:00+05:30,148.86,149.15,148.5,149.04,2013,0
2026-07-08T09:30:00+05:30,149.21,149.21,148.41,148.77,33272,0
2026-07-08T09:45:00+05:30,148.91,149.49,148.71,149.15,28052,0
2026-07-08T10:00:00+05:30,149.15,149.8,149.0,149.35,1541,0
2026-07-08T10:15:00+05:30,149.35,149.9,149.25,149.9,6757,0
2026-07-08T10:30:00+05:30,149.69,149.69,149.29,149.54,413,0
2026-07-08T10:45:00+05:30,149.49,149.67,149.22,149.47,1000,0
2026-07-08T11:00:00+05:30,149.6,149.68,149.12,149.16,784,0
2026-07-08T11:15:00+05:30,149.16,149.8,149.16,149.8,867,0
2026-07-08T11:30:00+05:30,149.8,150.0,149.78,150.0,1659,0
2026-07-08T11:45:00+05:30,150.0,150.14,149.71,149.95,1646,0
2026-07-08T12:00:00+05:30,149.93,149.95,149.6,149.7,547,0
2026-07-08T12:15:00+05:30,149.7,149.8,149.7,149.8,115,0
2026-07-08T12:30:00+05:30,149.78,151.0,149.6,150.22,15870,0
2026-07-08T12:45:00+05:30,150.27,150.28,149.71,149.89,1386,0
2026-07-08T13:00:00+05:30,149.89,149.89,149.61,149.62,155,0
2026-07-08T13:15:00+05:30,149.62,150.0,149.6,150.0,1240,0
2026-07-08T13:30:00+05:30,149.69,150.0,149.42,149.66,1706,0
2026-07-08T13:45:00+05:30,149.66,149.66,148.5,148.99,6065,0
2026-07-08T14:00:00+05:30,148.7,149.04,148.49,148.63,18102,0
2026-07-08T14:15:00+05:30,148.68,149.05,148.4,149.0,27566,0
2026-07-08T14:30:00+05:30,149.0,149.02,146.94,147.01,12752,0
2026-07-08T14:45:00+05:30,147.01,147.21,145.38,145.65,2429,0
2026-07-08T15:00:00+05:30,145.65,146.86,145.65,146.0,3811,0
2026-07-08T15:15:00+05:30,146.0,149.4,145.65,149.4,71410,0
2026-07-09T09:15:00+05:30,147.76,149.9,147.76,149.56,7054,0
2026-07-09T09:30:00+05:30,149.56,149.86,149.36,149.85,5060,0
2026-07-09T09:45:00+05:30,149.7,150.06,149.34,150.01,3481,0
2026-07-09T10:00:00+05:30,150.07,150.18,149.12,149.5,3227,0
2026-07-09T10:15:00+05:30,149.51,149.51,149.06,149.15,575,0
2026-07-09T10:30:00+05:30,149.15,149.32,149.02,149.3,1338,0
2026-07-09T10:45:00+05:30,149.3,149.5,149.0,149.1,1861,0
2026-07-09T11:00:00+05:30,149.1,149.3,149.04,149.29,103,0
2026-07-09T11:15:00+05:30,149.29,149.5,149.29,149.5,595,0
2026-07-09T11:30:00+05:30,149.61,149.61,149.0,149.39,973,0
2026-07-09T11:45:00+05:30,149.39,149.39,149.02,149.29,215,0
2026-07-09T12:00:00+05:30,149.29,149.76,149.0,149.35,11602,0
2026-07-09T12:15:00+05:30,149.35,149.35,147.55,149.2,15066,0
2026-07-09T12:30:00+05:30,149.2,149.21,149.05,149.05,6,0
2026-07-09T12:45:00+05:30,149.05,149.25,149.02,149.13,10040,0
2026-07-09T13:00:00+05:30,149.13,149.25,149.0,149.0,11920,0
2026-07-09T13:15:00+05:30,149.0,149.33,149.0,149.01,439,0
2026-07-09T13:30:00+05:30,149.01,149.5,149.01,149.05,564,0
2026-07-09T13:45:00+05:30,149.05,149.36,149.01,149.01,2188,0
2026-07-09T14:00:00+05:30,149.01,149.16,149.0,149.16,264,0
2026-07-09T14:15:00+05:30,149.16,149.3,149.16,149.3,580,0
2026-07-09T14:30:00+05:30,149.3,149.3,149.0,149.1,2779,0
2026-07-09T14:45:00+05:30,149.1,149.27,149.0,149.25,1330,0
2026-07-09T15:00:00+05:30,149.19,149.4,147.35,149.08,24262,0
2026-07-09T15:15:00+05:30,149.24,149.34,148.05,149.18,19997,0
2026-07-10T09:15:00+05:30,148.24,150.58,148.24,149.32,17081,0
2026-07-10T09:30:00+05:30,149.32,149.78,149.0,149.78,3291,0
2026-07-10T09:45:00+05:30,149.78,150.53,148.48,150.53,11968,0
2026-07-10T10:00:00+05:30,150.34,151.03,150.33,150.84,11063,0
2026-07-10T10:15:00+05:30,150.78,150.98,150.13,150.9,3976,0
2026-07-10T10:30:00+05:30,150.94,150.94,150.21,150.21,971,0
2026-07-10T10:45:00+05:30,150.21,150.45,150.15,150.45,5659,0
2026-07-10T11:00:00+05:30,150.45,150.45,149.85,149.85,1650,0
2026-07-10T11:15:00+05:30,149.92,150.7,148.28,150.01,18687,0
2026-07-10T11:30:00+05:30,150.01,150.2,150.0,150.0,983,0
2026-07-10T11:45:00+05:30,150.0,150.95,150.0,150.59,4262,0
2026-07-10T12:00:00+05:30,150.59,150.59,150.13,150.3,300,0
2026-07-10T12:15:00+05:30,150.3,150.99,150.0,150.19,6890,0
2026-07-10T12:30:00+05:30,150.19,150.99,150.19,150.21,4205,0
2026-07-10T12:45:00+05:30,150.21,151.0,150.21,150.7,3879,0
2026-07-10T13:00:00+05:30,150.6,151.0,150.21,151.0,4672,0
2026-07-10T13:15:00+05:30,151.0,151.0,150.41,150.44,1668,0
2026-07-10T13:30:00+05:30,150.44,151.18,150.36,151.0,17418,0
2026-07-10T13:45:00+05:30,151.05,151.39,150.73,150.8,12300,0
2026-07-10T14:00:00+05:30,150.8,150.99,150.67,150.67,275,0
2026-07-10T14:15:00+05:30,150.67,150.67,150.0,150.01,5001,0
2026-07-10T14:30:00+05:30,150.01,150.39,150.01,150.15,775,0
2026-07-10T14:45:00+05:30,150.15,150.15,150.0,150.0,1341,0
2026-07-10T15:00:00+05:30,150.24,150.36,150.0,150.31,4907,0
2026-07-10T15:15:00+05:30,150.31,150.46,149.98,150.46,12432,0
2026-07-13T09:15:00+05:30,150.0,150.0,148.47,149.88,2142,0
2026-07-13T09:30:00+05:30,149.69,149.75,149.11,149.2,3454,0
2026-07-13T09:45:00+05:30,149.2,149.46,149.01,149.12,298,0
2026-07-13T10:00:00+05:30,149.43,149.57,149.0,149.0,1601,0
2026-07-13T10:15:00+05:30,149.02,149.46,149.0,149.06,305,0
2026-07-13T10:30:00+05:30,149.06,149.73,149.0,149.36,1160,0
2026-07-13T10:45:00+05:30,149.07,149.34,148.95,149.0,646,0
2026-07-13T11:00:00+05:30,149.0,149.48,148.6,149.27,1819,0
2026-07-13T11:15:00+05:30,149.3,149.89,149.0,149.0,9988,0
2026-07-13T11:30:00+05:30,149.0,149.61,148.91,149.44,359,0
2026-07-13T11:45:00+05:30,149.44,149.44,148.38,148.73,6443,0
2026-07-13T12:00:00+05:30,148.39,149.5,148.01,149.5,9113,0
2026-07-13T12:15:00+05:30,149.5,149.5,149.43,149.43,1989,0
2026-07-13T12:30:00+05:30,149.43,149.43,149.0,149.0,2589,0
2026-07-13T12:45:00+05:30,149.0,149.98,149.0,149.67,3495,0
2026-07-13T13:00:00+05:30,149.7,149.7,149.22,149.22,317,0
2026-07-13T13:15:00+05:30,149.22,149.7,149.22,149.52,2442,0
2026-07-13T13:30:00+05:30,149.52,149.52,149.11,149.11,1010,0
2026-07-13T13:45:00+05:30,149.11,149.82,149.11,149.65,1378,0
2026-07-13T14:00:00+05:30,149.65,149.65,149.49,149.65,1979,0
2026-07-13T14:15:00+05:30,149.65,156.0,149.62,152.67,293524,0
2026-07-13T14:30:00+05:30,152.66,152.77,150.51,150.52,60436,0
2026-07-13T14:45:00+05:30,150.89,151.96,150.51,151.8,33108,0
2026-07-13T15:00:00+05:30,151.55,152.09,150.55,150.97,18228,0
2026-07-13T15:15:00+05:30,150.83,151.0,149.5,150.0,45860,0
2026-07-14T09:15:00+05:30,151.45,152.99,150.53,152.9,36229,0
2026-07-14T09:30:00+05:30,152.9,153.89,151.99,153.35,41453,0
2026-07-14T09:45:00+05:30,153.21,153.77,152.21,152.34,14229,0
2026-07-14T10:00:00+05:30,152.33,154.5,151.62,153.76,39304,0
2026-07-14T10:15:00+05:30,153.77,154.01,153.47,153.79,9263,0
2026-07-14T10:30:00+05:30,153.78,153.79,153.27,153.74,9301,0
2026-07-14T10:45:00+05:30,153.74,153.74,152.49,152.61,6513,0
2026-07-14T11:00:00+05:30,152.61,153.0,151.66,151.99,7340,0
2026-07-14T11:15:00+05:30,151.99,152.48,151.3,151.95,10273,0
2026-07-14T11:30:00+05:30,151.88,152.11,151.0,151.2,9800,0
2026-07-14T11:45:00+05:30,151.2,151.27,151.0,151.08,1420,0
2026-07-14T12:00:00+05:30,151.0,151.28,150.89,151.21,2899,0
2026-07-14T12:15:00+05:30,151.11,151.23,150.65,150.94,4052,0
2026-07-14T12:30:00+05:30,150.93,150.96,150.0,150.75,5459,0
2026-07-14T12:45:00+05:30,150.8,150.99,150.21,150.7,4628,0
2026-07-14T13:00:00+05:30,150.67,150.86,150.43,150.54,858,0
2026-07-14T13:15:00+05:30,150.47,150.54,150.03,150.34,3614,0
2026-07-14T13:30:00+05:30,150.32,150.54,149.3,149.43,23409,0
2026-07-14T13:45:00+05:30,149.3,149.51,149.0,149.06,4707,0
2026-07-14T14:00:00+05:30,149.06,149.53,149.01,149.48,6202,0
2026-07-14T14:15:00+05:30,149.47,149.48,149.2,149.25,1243,0
2026-07-14T14:30:00+05:30,149.26,149.68,149.13,149.41,4450,0
2026-07-14T14:45:00+05:30,149.32,149.55,148.57,148.85,5036,0
2026-07-14T15:00:00+05:30,148.78,148.99,148.54,148.65,5945,0
2026-07-14T15:15:00+05:30,148.77,148.99,148.1,148.6,21782,0
2026-07-15T09:15:00+05:30,149.5,150.4,149.26,149.77,17818,0
2026-07-15T09:30:00+05:30,149.77,150.8,149.74,150.74,1701,0
2026-07-15T09:45:00+05:30,150.74,150.74,150.01,150.4,3916,0
2026-07-15T10:00:00+05:30,150.4,150.46,150.11,150.34,382,0
2026-07-15T10:15:00+05:30,150.1,152.95,150.0,152.8,21574,0
2026-07-15T10:30:00+05:30,152.79,153.9,151.91,152.18,29215,0
2026-07-15T10:45:00+05:30,152.38,152.48,151.33,151.58,5029,0
2026-07-15T11:00:00+05:30,151.65,151.79,151.22,151.49,3778,0
2026-07-15T11:15:00+05:30,151.52,152.12,151.27,151.5,4223,0
2026-07-15T11:30:00+05:30,151.5,151.69,151.11,151.5,2878,0
2026-07-15T11:45:00+05:30,151.54,151.54,151.29,151.29,1337,0
2026-07-15T12:00:00+05:30,151.29,151.75,151.0,151.18,3238,0
2026-07-15T12:15:00+05:30,151.18,151.41,150.82,151.15,1253,0
2026-07-15T12:30:00+05:30,151.15,151.15,150.82,151.0,142,0
2026-07-15T12:45:00+05:30,151.0,151.35,149.97,150.01,63329,0
2026-07-15T13:00:00+05:30,150.02,150.3,150.0,150.22,117,0
2026-07-15T13:15:00+05:30,150.21,150.93,150.19,150.51,1008,0
2026-07-15T13:30:00+05:30,150.49,150.77,150.45,150.73,2558,0
2026-07-15T13:45:00+05:30,150.76,150.76,150.37,150.64,810,0
2026-07-15T14:00:00+05:30,150.64,150.64,150.01,150.35,3682,0
2026-07-15T14:15:00+05:30,150.34,150.45,149.97,150.2,9933,0
2026-07-15T14:30:00+05:30,150.2,150.57,150.0,150.54,2941,0
2026-07-15T14:45:00+05:30,150.53,150.54,150.0,150.32,3688,0
2026-07-15T15:00:00+05:30,150.34,150.57,149.95,150.18,91068,0
2026-07-15T15:15:00+05:30,150.18,150.32,149.9,149.9,7053,0
2026-07-16T09:15:00+05:30,150.5,153.03,150.1,150.1,11318,0
2026-07-16T09:30:00+05:30,150.11,151.48,149.81,150.35,25647,0
2026-07-16T09:45:00+05:30,150.26,151.16,149.04,150.94,512991,0
2026-07-16T10:00:00+05:30,150.95,151.12,150.77,150.91,828,0
2026-07-16T10:15:00+05:30,150.91,151.32,150.61,151.32,3167,0
2026-07-16T10:30:00+05:30,151.32,151.35,150.01,150.3,7512,0
2026-07-16T10:45:00+05:30,150.3,150.58,150.3,150.58,529,0
2026-07-16T11:00:00+05:30,150.31,150.35,149.91,150.3,6398,0
2026-07-16T11:15:00+05:30,150.3,150.3,150.11,150.11,534,0
2026-07-16T11:30:00+05:30,150.11,150.11,150.01,150.01,1023,0
2026-07-16T11:45:00+05:30,150.01,150.01,150.0,150.0,1554,0
2026-07-16T12:00:00+05:30,150.0,150.3,150.0,150.3,5223,0
2026-07-16T12:15:00+05:30,150.3,150.3,149.5,149.5,104289,0
2026-07-16T12:30:00+05:30,149.5,149.82,149.2,149.37,6115,0
2026-07-16T12:45:00+05:30,149.37,149.46,149.21,149.37,5636,0
2026-07-16T13:00:00+05:30,149.37,149.57,149.21,149.45,3021,0
2026-07-16T13:15:00+05:30,149.45,149.45,149.16,149.2,1863,0
2026-07-16T13:30:00+05:30,149.16,149.16,148.94,148.94,5364,0
2026-07-16T13:45:00+05:30,148.94,149.21,148.91,148.91,589,0
2026-07-16T14:00:00+05:30,149.22,149.38,149.01,149.01,521,0
2026-07-16T14:15:00+05:30,149.19,149.3,148.98,149.0,783,0
2026-07-16T14:30:00+05:30,149.0,149.26,148.95,149.01,391,0
2026-07-16T14:45:00+05:30,149.01,149.5,149.01,149.5,1742,0
2026-07-16T15:00:00+05:30,149.5,149.89,149.06,149.06,10814,0
2026-07-16T15:15:00+05:30,149.33,150.0,149.07,149.95,16559,0
2026-07-17T09:15:00+05:30,149.61,150.43,147.3,147.45,8312,0
2026-07-17T09:30:00+05:30,147.57,148.58,147.45,148.5,4045,0
2026-07-17T09:45:00+05:30,148.27,148.49,147.7,147.7,16865,0
2026-07-17T10:00:00+05:30,147.7,148.0,147.6,147.8,878,0
2026-07-17T10:15:00+05:30,147.8,147.8,146.99,146.99,6683,0
2026-07-17T10:30:00+05:30,146.98,147.3,146.98,147.2,1266,0
2026-07-17T10:45:00+05:30,147.2,147.3,146.99,146.99,3118,0
2026-07-17T11:00:00+05:30,146.99,147.19,145.5,145.83,17285,0
2026-07-17T11:15:00+05:30,145.73,145.73,143.95,143.95,20332,0
2026-07-17T11:30:00+05:30,144.0,144.19,142.82,143.79,20454,0
2026-07-17T11:45:00+05:30,143.25,143.55,142.48,142.87,9626,0
2026-07-17T12:00:00+05:30,142.87,144.14,142.5,144.1,10540,0
2026-07-17T12:15:00+05:30,144.14,145.29,143.75,144.7,10122,0
2026-07-17T12:30:00+05:30,144.7,145.34,144.66,145.07,12009,0
2026-07-17T12:45:00+05:30,145.07,145.76,144.14,145.0,12887,0
2026-07-17T13:00:00+05:30,145.01,145.24,144.42,144.65,6395,0
2026-07-17T13:15:00+05:30,144.73,145.37,144.73,145.12,4867,0
2026-07-17T13:30:00+05:30,145.12,145.53,145.02,145.02,936,0
2026-07-17T13:45:00+05:30,145.02,145.74,145.02,145.74,3205,0
2026-07-17T14:00:00+05:30,145.74,145.8,145.59,145.75,3406,0
2026-07-17T14:15:00+05:30,145.81,146.19,145.75,145.9,3228,0
2026-07-17T14:30:00+05:30,145.89,146.0,145.66,146.0,6450,0
2026-07-17T14:45:00+05:30,146.0,146.5,145.75,145.75,14365,0
2026-07-17T15:00:00+05:30,145.75,146.5,145.03,145.19,16330,0
2026-07-17T15:15:00+05:30,145.19,145.98,144.95,145.5,12845,0
2026-07-20T09:15:00+05:30,149.0,150.38,147.05,147.77,33216,0
2026-07-20T09:30:00+05:30,147.77,147.91,147.41,147.57,5287,0
2026-07-20T09:45:00+05:30,147.57,147.69,147.26,147.5,1324,0
2026-07-20T10:00:00+05:30,147.5,148.48,147.5,148.0,1218,0
2026-07-20T10:15:00+05:30,148.0,148.35,147.72,148.31,783,0
2026-07-20T10:30:00+05:30,148.31,148.31,147.1,147.27,4063,0
2026-07-20T10:45:00+05:30,147.27,147.79,147.27,147.47,535,0
2026-07-20T11:00:00+05:30,147.41,147.79,147.18,147.52,2600,0
2026-07-20T11:15:00+05:30,147.49,147.55,147.31,147.34,306,0
2026-07-20T11:30:00+05:30,147.34,147.79,147.24,147.41,508,0
2026-07-20T11:45:00+05:30,147.62,147.73,147.11,147.11,1471,0
2026-07-20T12:00:00+05:30,147.11,147.61,147.11,147.6,663,0
2026-07-20T12:15:00+05:30,147.6,147.6,147.11,147.13,161,0
2026-07-20T12:30:00+05:30,147.13,147.4,147.11,147.39,359,0
2026-07-20T12:45:00+05:30,147.39,147.39,147.0,147.27,775,0
2026-07-20T13:00:00+05:30,147.21,147.58,147.11,147.48,695,0
2026-07-20T13:15:00+05:30,147.37,148.0,147.32,148.0,384,0
2026-07-20T13:30:00+05:30,147.7,148.2,147.7,147.95,749,0
2026-07-20T13:45:00+05:30,147.95,147.95,147.95,147.95,0,0
2026-07-20T14:00:00+05:30,147.95,147.95,147.61,147.62,554,0
2026-07-20T14:15:00+05:30,147.62,148.0,147.62,147.82,507,0
2026-07-20T14:30:00+05:30,147.82,148.04,147.18,147.18,533,0
2026-07-20T14:45:00+05:30,147.18,147.62,147.18,147.31,2100,0
2026-07-20T15:00:00+05:30,147.62,148.0,147.19,147.9,2008,0
2026-07-20T15:15:00+05:30,147.93,148.06,146.98,148.0,14584,0
2026-07-21T09:15:00+05:30,148.0,148.0,146.89,147.31,1404,0
2026-07-21T09:30:00+05:30,147.7,147.7,147.09,147.09,316,0
2026-07-21T09:45:00+05:30,147.09,147.19,146.5,146.91,7485,0
2026-07-21T10:00:00+05:30,146.91,146.91,146.0,146.36,4322,0
2026-07-21T10:15:00+05:30,146.29,146.29,145.5,145.73,3331,0
2026-07-21T10:30:00+05:30,145.73,145.96,145.56,145.72,1798,0
2026-07-21T10:45:00+05:30,145.72,146.0,145.71,145.95,955,0
2026-07-21T11:00:00+05:30,145.95,146.0,145.81,145.95,545,0
2026-07-21T11:15:00+05:30,145.82,145.82,144.5,145.39,6258,0
2026-07-21T11:30:00+05:30,145.39,145.48,144.85,145.48,927,0
2026-07-21T11:45:00+05:30,145.37,145.67,145.37,145.64,248,0
2026-07-21T12:00:00+05:30,145.64,145.67,145.64,145.67,8,0
2026-07-21T12:15:00+05:30,145.67,145.82,145.67,145.74,205,0
2026-07-21T12:30:00+05:30,145.74,145.74,145.53,145.53,420,0
2026-07-21T12:45:00+05:30,145.53,145.64,145.45,145.45,1003,0
2026-07-21T13:00:00+05:30,145.5,145.5,145.32,145.32,1188,0
2026-07-21T13:15:00+05:30,145.26,145.86,145.18,145.86,1398,0
2026-07-21T13:30:00+05:30,145.59,145.85,145.59,145.85,165,0
2026-07-21T13:45:00+05:30,145.85,145.95,145.5,145.5,1055,0
2026-07-21T14:00:00+05:30,145.5,145.75,145.19,145.5,1153,0
2026-07-21T14:15:00+05:30,145.5,145.75,145.5,145.75,13,0
2026-07-21T14:30:00+05:30,145.75,145.8,145.66,145.8,1807,0
2026-07-21T14:45:00+05:30,145.8,145.8,145.8,145.8,1,0
2026-07-21T15:00:00+05:30,145.83,146.19,145.65,146.19,1991,0
2026-07-21T15:15:00+05:30,146.18,148.0,145.34,145.99,9979,0
2026-07-22T09:15:00+05:30,146.3,146.3,143.41,143.7,11078,0
2026-07-22T09:30:00+05:30,143.71,143.99,143.04,143.52,5268,0
2026-07-22T09:45:00+05:30,143.3,143.41,143.11,143.41,756,0
2026-07-22T10:00:00+05:30,143.41,144.19,143.36,143.95,1769,0
2026-07-22T10:15:00+05:30,143.7,144.58,143.3,144.0,18224,0
2026-07-22T10:30:00+05:30,143.8,144.25,143.55,143.81,1594,0
2026-07-22T10:45:00+05:30,143.81,144.49,143.81,144.0,8820,0
2026-07-22T11:00:00+05:30,144.0,144.13,144.0,144.11,11363,0
2026-07-22T11:15:00+05:30,144.11,144.11,143.9,143.9,630,0
2026-07-22T11:30:00+05:30,143.9,144.01,143.66,143.93,916,0
2026-07-22T11:45:00+05:30,143.93,143.93,143.51,143.52,3,0
2026-07-22T12:00:00+05:30,143.52,143.9,143.52,143.68,408,0
2026-07-22T12:15:00+05:30,143.68,143.68,143.52,143.52,211,0
2026-07-22T12:30:00+05:30,143.63,143.63,143.51,143.63,691,0
2026-07-22T12:45:00+05:30,143.63,143.75,143.44,143.44,1306,0
2026-07-22T13:00:00+05:30,143.3,143.5,143.16,143.3,1092,0
2026-07-22T13:15:00+05:30,143.3,144.0,143.0,144.0,8235,0
2026-07-22T13:30:00+05:30,144.0,144.2,143.5,143.96,8230,0
2026-07-22T13:45:00+05:30,143.96,143.98,143.7,143.94,132,0
2026-07-22T14:00:00+05:30,143.94,143.94,143.7,143.92,77,0
2026-07-22T14:15:00+05:30,143.92,143.92,143.7,143.7,601,0
2026-07-22T14:30:00+05:30,143.7,143.88,143.32,143.49,668,0
2026-07-22T14:45:00+05:30,143.5,145.99,143.0,143.89,32968,0
2026-07-22T15:00:00+05:30,143.89,144.99,143.79,143.92,4998,0
2026-07-22T15:15:00+05:30,143.89,144.99,143.51,144.75,13127,0
2026-07-23T09:15:00+05:30,143.05,143.51,141.99,142.13,10503,0
2026-07-23T09:30:00+05:30,142.13,142.34,141.12,141.78,9625,0
2026-07-23T09:45:00+05:30,141.78,142.35,141.78,142.35,3616,0
2026-07-23T10:00:00+05:30,142.38,143.1,142.38,143.1,5777,0
2026-07-23T10:15:00+05:30,143.0,143.09,142.5,142.77,3600,0
2026-07-23T10:30:00+05:30,142.78,142.89,142.73,142.89,903,0
2026-07-23T10:45:00+05:30,142.89,142.89,142.5,142.66,2424,0
2026-07-23T11:00:00+05:30,142.66,142.79,142.58,142.59,599,0
2026-07-23T11:15:00+05:30,142.59,142.81,142.55,142.55,408,0
2026-07-23T11:30:00+05:30,142.55,142.83,142.4,142.44,308,0
2026-07-23T11:45:00+05:30,142.44,142.77,142.44,142.77,553,0
2026-07-23T12:00:00+05:30,142.77,142.77,142.5,142.5,1079,0
2026-07-23T12:15:00+05:30,142.5,142.5,142.1,142.1,443,0
2026-07-23T12:30:00+05:30,142.1,142.33,141.75,141.75,959,0
2026-07-23T12:45:00+05:30,141.75,142.2,141.75,142.2,1309,0
2026-07-23T13:00:00+05:30,142.2,142.2,141.75,141.96,159,0
2026-07-23T13:15:00+05:30,141.96,141.96,141.71,141.71,1001,0
2026-07-23T13:30:00+05:30,141.71,141.71,141.59,141.59,884,0
2026-07-23T13:45:00+05:30,141.59,141.89,141.59,141.89,1010,0
2026-07-23T14:00:00+05:30,141.65,141.93,141.65,141.7,1490,0
2026-07-23T14:15:00+05:30,141.7,141.7,141.7,141.7,0,0
2026-07-23T14:30:00+05:30,141.82,142.04,141.68,141.94,439,0
2026-07-23T14:45:00+05:30,141.72,141.95,140.8,140.86,11164,0
2026-07-23T15:00:00+05:30,140.86,141.0,140.0,140.41,13695,0
2026-07-23T15:15:00+05:30,140.41,141.9,140.41,141.9,9741,0
2026-07-24T09:15:00+05:30,140.2,140.66,140.02,140.02,3258,0
2026-07-24T09:30:00+05:30,140.42,140.59,140.34,140.57,2549,0
2026-07-24T09:45:00+05:30,140.57,140.57,140.0,140.02,2692,0
2026-07-24T10:00:00+05:30,140.02,140.28,139.68,139.68,7238,0
2026-07-24T10:15:00+05:30,139.89,140.35,139.62,140.33,21977,0
2026-07-24T10:30:00+05:30,140.47,141.0,140.44,140.44,6116,0
2026-07-24T10:45:00+05:30,140.44,141.0,140.32,140.9,3894,0
2026-07-24T11:00:00+05:30,140.9,141.12,140.71,141.12,4167,0
2026-07-24T11:15:00+05:30,141.13,141.64,141.13,141.64,1557,0
2026-07-24T11:30:00+05:30,141.65,143.0,141.58,143.0,5932,0
2026-07-24T11:45:00+05:30,142.94,142.94,142.21,142.21,1529,0
2026-07-24T12:00:00+05:30,142.48,142.53,142.2,142.31,186,0
2026-07-24T12:15:00+05:30,142.31,143.09,142.31,143.09,1624,0
2026-07-24T12:30:00+05:30,143.09,143.58,143.01,143.58,1585,0
2026-07-24T12:45:00+05:30,143.59,143.68,143.01,143.39,2927,0
2026-07-24T13:00:00+05:30,143.39,143.39,142.81,142.81,741,0
2026-07-24T13:15:00+05:30,142.81,143.11,142.81,143.05,440,0
2026-07-24T13:30:00+05:30,143.05,143.49,142.95,142.95,1553,0
2026-07-24T13:45:00+05:30,142.95,142.95,142.65,142.95,521,0
2026-07-24T14:00:00+05:30,142.95,143.46,142.95,143.46,823,0
2026-07-24T14:15:00+05:30,143.46,143.46,143.2,143.2,494,0
2026-07-24T14:30:00+05:30,142.72,143.53,142.72,143.5,2149,0
2026-07-24T14:45:00+05:30,143.41,144.89,141.8,144.04,20450,0
2026-07-24T15:00:00+05:30,144.04,144.9,143.83,143.99,14102,0
2026-07-24T15:15:00+05:30,143.99,143.99,143.36,143.36,14780,0
2026-07-27T09:15:00+05:30,145.1,145.1,143.81,144.52,3189,0
2026-07-27T09:30:00+05:30,144.52,145.08,144.52,145.08,235,0
2026-07-27T09:45:00+05:30,145.08,145.08,144.61,144.63,1305,0
2026-07-27T10:00:00+05:30,144.63,145.0,144.53,145.0,5269,0
2026-07-27T10:15:00+05:30,145.0,145.0,144.5,144.5,2719,0
2026-07-27T10:30:00+05:30,144.51,144.55,144.2,144.55,1493,0
2026-07-27T10:45:00+05:30,144.55,145.99,143.72,145.18,11358,0
2026-07-27T11:00:00+05:30,145.18,145.55,145.18,145.52,2521,0
2026-07-27T11:15:00+05:30,145.4,145.42,144.5,144.5,5064,0
2026-07-27T11:30:00+05:30,144.5,144.55,143.54,143.82,6512,0
2026-07-27T11:45:00+05:30,143.89,143.9,143.01,143.63,4112,0
2026-07-27T12:00:00+05:30,143.63,143.9,143.51,143.52,872,0
2026-07-27T12:15:00+05:30,143.51,143.87,143.51,143.56,539,0
2026-07-27T12:30:00+05:30,143.56,143.79,143.5,143.69,314,0
2026-07-27T12:45:00+05:30,143.69,143.82,143.5,143.5,6014,0
2026-07-27T13:00:00+05:30,143.5,143.8,143.5,143.53,913,0
2026-07-27T13:15:00+05:30,143.53,143.81,143.52,143.81,256,0
2026-07-27T13:30:00+05:30,143.81,143.85,143.52,143.52,253,0
2026-07-27T13:45:00+05:30,143.52,143.8,143.52,143.8,46,0
2026-07-27T14:00:00+05:30,143.8,145.52,143.51,144.37,12912,0
2026-07-27T14:15:00+05:30,144.29,144.55,144.27,144.55,118,0
2026-07-27T14:30:00+05:30,144.55,144.57,144.0,144.21,6187,0
2026-07-27T14:45:00+05:30,144.21,144.6,144.21,144.21,13604,0
2026-07-27T15:00:00+05:30,144.21,144.5,144.13,144.49,1869,0
2026-07-27T15:15:00+05:30,144.43,145.34,143.82,144.4,9728,0
2026-07-28T09:15:00+05:30,145.24,145.38,144.0,144.41,4613,0
2026-07-28T09:30:00+05:30,144.41,144.88,143.78,144.5,5991,0
2026-07-28T09:45:00+05:30,144.17,144.59,143.84,144.28,1522,0
2026-07-28T10:00:00+05:30,144.15,144.15,143.85,143.89,1036,0
2026-07-28T10:15:00+05:30,143.89,145.0,143.89,144.07,1669,0
2026-07-28T10:30:00+05:30,144.07,144.3,143.25,143.29,12560,0
2026-07-28T10:45:00+05:30,143.29,143.98,143.29,143.72,122,0
2026-07-28T11:00:00+05:30,143.6,143.61,143.2,143.25,883,0
2026-07-28T11:15:00+05:30,143.25,143.69,142.0,142.25,9015,0
2026-07-28T11:30:00+05:30,142.07,144.4,142.07,144.4,30211,0
2026-07-28T11:45:00+05:30,143.74,143.75,143.3,143.3,325,0
2026-07-28T12:00:00+05:30,143.3,143.31,143.12,143.12,306,0
2026-07-28T12:15:00+05:30,143.4,143.68,143.01,143.01,2234,0
2026-07-28T12:30:00+05:30,143.01,143.2,143.0,143.01,231,0
2026-07-28T12:45:00+05:30,143.01,143.07,143.0,143.0,66,0
2026-07-28T13:00:00+05:30,143.01,143.1,142.81,142.81,217,0
2026-07-28T13:15:00+05:30,142.81,143.16,142.81,143.16,366,0
2026-07-28T13:30:00+05:30,143.16,143.16,142.82,143.02,1881,0
2026-07-28T13:45:00+05:30,143.02,145.92,139.7,141.31,181616,0
2026-07-28T14:00:00+05:30,141.68,142.76,140.85,142.03,54962,0
2026-07-28T14:15:00+05:30,142.09,143.3,141.94,142.6,23655,0
2026-07-28T14:30:00+05:30,142.39,143.5,142.39,143.09,21650,0
2026-07-28T14:45:00+05:30,143.0,143.5,142.79,143.5,8649,0
2026-07-28T15:00:00+05:30,143.5,143.6,142.05,142.1,20614,0
2026-07-28T15:15:00+05:30,142.93,143.0,141.92,142.09,23027,0
2026-07-29T09:15:00+05:30,143.8,143.8,139.89,141.0,39217,0
2026-07-29T09:30:00+05:30,141.16,141.54,140.05,140.52,8829,0
2026-07-29T09:45:00+05:30,140.6,140.74,140.1,140.21,10063,0
2026-07-29T10:00:00+05:30,140.21,140.21,139.5,139.71,10581,0
2026-07-29T10:15:00+05:30,139.87,140.47,139.8,140.04,14297,0
2026-07-29T10:30:00+05:30,140.18,140.22,138.78,138.78,17646,0
2026-07-29T10:45:00+05:30,138.8,139.0,138.51,139.0,23876,0
2026-07-29T11:00:00+05:30,139.08,139.26,138.1,138.89,17767,0
2026-07-29T11:15:00+05:30,138.89,139.23,138.62,139.21,2222,0
2026-07-29T11:30:00+05:30,139.21,139.24,138.9,138.92,3340,0
2026-07-29T11:45:00+05:30,138.92,138.92,137.2,137.29,45755,0
2026-07-29T12:00:00+05:30,137.47,138.67,137.47,138.53,13320,0
2026-07-29T12:15:00+05:30,138.53,138.53,138.22,138.47,1231,0
2026-07-29T12:30:00+05:30,138.47,138.57,138.3,138.3,816,0
2026-07-29T12:45:00+05:30,138.43,141.14,138.21,141.0,73500,0
2026-07-29T13:00:00+05:30,140.83,140.83,139.32,139.68,7936,0
2026-07-29T13:15:00+05:30,139.59,139.68,139.25,139.37,1731,0
2026-07-29T13:30:00+05:30,139.37,139.37,138.62,138.74,6959,0
2026-07-29T13:45:00+05:30,138.74,139.09,138.61,138.61,6161,0
2026-07-29T14:00:00+05:30,138.9,138.9,138.5,138.5,20769,0
2026-07-29T14:15:00+05:30,138.5,139.47,138.41,139.47,12236,0
2026-07-29T14:30:00+05:30,139.21,139.43,139.15,139.36,880,0
2026-07-29T14:45:00+05:30,139.36,139.59,139.01,139.35,14660,0
2026-07-29T15:00:00+05:30,139.42,140.5,139.25,139.72,20365,0
2026-07-29T15:15:00+05:30,139.9,140.07,139.5,139.7,20289,0
2026-07-30T09:15:00+05:30,139.9,140.26,138.7,138.91,18396,0
2026-07-30T09:30:00+05:30,138.71,138.95,138.0,138.03,23895,0
2026-07-30T09:45:00+05:30,138.22,138.55,138.14,138.25,2052,0
2026-07-30T10:00:00+05:30,138.25,138.54,138.25,138.52,779,0
2026-07-30T10:15:00+05:30,138.52,138.52,138.28,138.28,743,0
2026-07-30T10:30:00+05:30,138.28,138.48,138.28,138.47,953,0
2026-07-30T10:45:00+05:30,138.48,138.54,138.48,138.5,3933,0
2026-07-30T11:00:00+05:30,138.5,138.5,138.28,138.29,531,0
2026-07-30T11:15:00+05:30,138.45,138.54,138.44,138.54,1687,0
2026-07-30T11:30:00+05:30,138.54,138.54,138.49,138.49,515,0
2026-07-30T11:45:00+05:30,138.49,138.5,138.31,138.31,1333,0
2026-07-30T12:00:00+05:30,138.31,138.43,138.3,138.3,1208,0
2026-07-30T12:15:00+05:30,138.3,138.43,138.3,138.42,150,0
2026-07-30T12:30:00+05:30,138.42,138.48,138.31,138.48,1281,0
2026-07-30T12:45:00+05:30,138.48,138.48,138.31,138.47,119,0
2026-07-30T13:00:00+05:30,138.47,138.47,138.28,138.28,1456,0
2026-07-30T13:15:00+05:30,138.28,138.44,138.02,138.02,2854,0
2026-07-30T13:30:00+05:30,138.02,138.19,138.0,138.0,7198,0
2026-07-30T13:45:00+05:30,138.0,138.12,137.5,137.5,4636,0
2026-07-30T14:00:00+05:30,137.52,137.62,137.3,137.3,13208,0
2026-07-30T14:15:00+05:30,137.43,137.67,137.28,137.28,1934,0
2026-07-30T14:30:00+05:30,137.28,137.39,137.0,137.39,15480,0
2026-07-30T14:45:00+05:30,137.37,137.49,137.2,137.38,2439,0
2026-07-30T15:00:00+05:30,137.38,137.5,136.86,136.99,36462,0
2026-07-30T15:15:00+05:30,136.91,137.48,136.5,137.0,64203,0
2026-07-31T09:15:00+05:30,138.1,138.21,136.71,137.09,11906,0
2026-07-31T09:30:00+05:30,137.09,137.38,136.53,137.01,6785,0
2026-07-31T09:45:00+05:30,137.01,137.01,136.7,136.85,2842,0
2026-07-31T10:00:00+05:30,136.91,136.91,135.48,135.68,26941,0
2026-07-31T10:15:00+05:30,135.58,135.79,134.6,134.76,22957,0
2026-07-31T10:30:00+05:30,134.76,134.76,134.37,134.47,5090,0
2026-07-31T10:45:00+05:30,134.47,134.47,134.17,134.4,11119,0
2026-07-31T11:00:00+05:30,134.4,134.4,134.11,134.28,6476,0
2026-07-31T11:15:00+05:30,134.34,134.4,134.3,134.36,2616,0
2026-07-31T11:30:00+05:30,134.36,134.45,134.0,134.15,7683,0
2026-07-31T11:45:00+05:30,134.15,134.36,134.0,134.0,14781,0
2026-07-31T12:00:00+05:30,134.0,134.1,133.83,133.83,7548,0
2026-07-31T12:15:00+05:30,133.82,133.83,133.74,133.83,4175,0
2026-07-31T12:30:00+05:30,133.8,134.01,133.76,133.82,9350,0
2026-07-31T12:45:00+05:30,133.82,133.98,133.75,133.98,3729,0
2026-07-31T13:00:00+05:30,133.98,134.51,133.97,134.5,7805,0
2026-07-31T13:15:00+05:30,134.31,134.45,134.3,134.44,4390,0
2026-07-31T13:30:00+05:30,134.44,134.44,134.3,134.37,2024,0
2026-07-31T13:45:00+05:30,134.37,134.37,134.11,134.11,137,0
2026-07-31T14:00:00+05:30,134.11,134.34,134.11,134.34,16615,0
2026-07-31T14:15:00+05:30,134.34,134.34,134.3,134.34,3771,0
2026-07-31T14:30:00+05:30,134.3,134.3,134.0,134.24,5300,0
2026-07-31T14:45:00+05:30,134.28,134.29,134.09,134.09,3761,0
2026-07-31T15:00:00+05:30,134.19,134.29,133.9,134.27,9182,0
2026-07-31T15:15:00+05:30,134.2,134.29,133.91,134.05,14140,0
2026-08-03T09:15:00+05:30,134.16,136.17,134.16,135.42,8241,0
2026-08-03T09:30:00+05:30,135.64,135.69,135.25,135.5,4604,0
2026-08-03T09:45:00+05:30,135.22,135.22,133.7,133.99,26271,0
2026-08-03T10:00:00+05:30,133.99,134.06,133.5,133.99,22237,0
2026-08-03T10:15:00+05:30,133.9,133.95,133.56,133.95,6994,0
2026-08-03T10:30:00+05:30,133.71,134.11,133.71,134.06,10839,0
2026-08-03T10:45:00+05:30,134.06,134.06,132.63,132.7,22782,0
2026-08-03T11:00:00+05:30,132.7,133.08,132.5,133.0,15350,0
2026-08-03T11:15:00+05:30,132.86,132.99,132.85,132.85,1825,0
2026-08-03T11:30:00+05:30,132.99,133.0,132.85,132.91,1250,0
2026-08-03T11:45:00+05:30,132.91,133.0,132.91,132.97,1279,0
2026-08-03T12:00:00+05:30,132.97,133.04,132.96,133.0,8101,0
2026-08-03T12:15:00+05:30,133.0,133.28,132.7,132.9,18340,0
2026-08-03T12:30:00+05:30,132.9,133.5,132.9,133.0,9728,0
2026-08-03T12:45:00+05:30,133.0,133.04,133.0,133.03,2433,0
2026-08-03T13:00:00+05:30,133.03,133.19,133.02,133.03,745,0
2026-08-03T13:15:00+05:30,133.18,133.59,133.01,133.5,13878,0
2026-08-03T13:30:00+05:30,133.5,133.87,133.49,133.49,6783,0
2026-08-03T13:45:00+05:30,133.49,133.5,133.21,133.21,711,0
2026-08-03T14:00:00+05:30,133.21,133.48,133.21,133.47,1175,0
2026-08-03T14:15:00+05:30,133.47,133.47,133.29,133.45,269,0
2026-08-03T14:30:00+05:30,133.45,133.45,132.9,132.99,3026,0
2026-08-03T14:45:00+05:30,132.99,132.99,132.46,132.9,26240,0
2026-08-03T15:00:00+05:30,132.93,133.0,132.1,132.68,17112,0
2026-08-03T15:15:00+05:30,132.01,132.7,131.7,131.7,45661,0
2026-08-04T09:15:00+05:30,130.52,132.0,129.96,130.51,37293,0
2026-08-04T09:30:00+05:30,130.57,130.88,129.6,129.99,51044,0
2026-08-04T09:45:00+05:30,129.8,130.19,129.71,130.1,7170,0
2026-08-04T10:00:00+05:30,130.1,130.16,129.92,130.0,17947,0
2026-08-04T10:15:00+05:30,130.0,130.19,129.97,130.18,15604,0
2026-08-04T10:30:00+05:30,129.98,130.16,129.72,130.16,19907,0
2026-08-04T10:45:00+05:30,130.16,130.16,129.82,130.0,3706,0
2026-08-04T11:00:00+05:30,130.11,130.25,129.84,130.17,11021,0
2026-08-04T11:15:00+05:30,130.17,130.18,129.72,129.72,9505,0
2026-08-04T11:30:00+05:30,129.71,129.97,129.71,129.96,4404,0
2026-08-04T11:45:00+05:30,129.96,129.96,129.61,129.87,2745,0
2026-08-04T12:00:00+05:30,129.81,129.81,129.46,129.69,8208,0
2026-08-04T12:15:00+05:30,129.75,130.08,129.46,129.46,18573,0
2026-08-04T12:30:00+05:30,129.47,129.75,129.46,129.71,7028,0
2026-08-04T12:45:00+05:30,129.71,129.73,129.59,129.71,2398,0
2026-08-04T13:00:00+05:30,129.71,129.72,129.52,129.56,3901,0
2026-08-04T13:15:00+05:30,129.72,129.78,129.72,129.72,429,0
2026-08-04T13:30:00+05:30,129.72,129.75,129.6,129.7,22159,0
2026-08-04T13:45:00+05:30,129.7,129.7,129.62,129.62,249,0
2026-08-04T14:00:00+05:30,129.62,130.0,129.62,129.81,6739,0
2026-08-04T14:15:00+05:30,129.81,129.81,128.96,129.12,25341,0
2026-08-04T14:30:00+05:30,129.1,129.17,128.35,128.48,20898,0
2026-08-04T14:45:00+05:30,128.39,128.5,128.3,128.33,11829,0
2026-08-04T15:00:00+05:30,128.33,129.5,127.92,129.35,46668,0
2026-08-04T15:15:00+05:30,130.52,130.52,128.0,128.0,1589584,0
2026-08-05T09:15:00+05:30,128.67,131.59,128.67,131.59,16169,0
2026-08-05T09:30:00+05:30,131.35,132.1,131.0,131.93,22565,0
2026-08-05T09:45:00+05:30,131.93,132.5,129.09,129.1,113043,0
2026-08-05T10:00:00+05:30,129.3,129.3,128.51,128.96,12628,0
2026-08-05T10:15:00+05:30,128.89,129.0,128.35,128.45,31295,0
2026-08-05T10:30:00+05:30,128.45,128.49,126.94,127.72,102140,0
2026-08-05T10:45:00+05:30,127.63,128.08,127.61,127.81,14094,0
2026-08-05T11:00:00+05:30,127.9,127.9,127.62,127.78,6082,0
2026-08-05T11:15:00+05:30,127.78,127.98,127.6,127.7,4892,0
2026-08-05T11:30:00+05:30,127.7,127.88,127.6,127.88,16116,0
2026-08-05T11:45:00+05:30,127.88,127.96,127.5,127.6,5091,0
2026-08-05T12:00:00+05:30,127.51,128.04,127.46,128.0,20204,0
2026-08-05T12:15:00+05:30,128.0,128.0,127.99,128.0,738,0
2026-08-05T12:30:00+05:30,128.0,128.0,127.64,127.75,1907,0
2026-08-05T12:45:00+05:30,127.76,128.0,127.62,127.98,2943,0
2026-08-05T13:00:00+05:30,127.98,128.0,127.81,128.0,1984,0
2026-08-05T13:15:00+05:30,128.0,128.01,127.0,127.1,20411,0
2026-08-05T13:30:00+05:30,127.1,127.23,126.0,126.5,112576,0
2026-08-05T13:45:00+05:30,126.5,128.55,125.81,127.47,106347,0
2026-08-05T14:00:00+05:30,127.21,127.99,126.98,127.41,38212,0
2026-08-05T14:15:00+05:30,127.41,127.5,127.18,127.34,3044,0
2026-08-05T14:30:00+05:30,127.48,127.59,127.21,127.37,3370,0
2026-08-05T14:45:00+05:30,127.5,127.5,127.19,127.38,20082,0
2026-08-05T15:00:00+05:30,127.37,127.51,126.96,127.25,92588,0
2026-08-05T15:15:00+05:30,126.98,127.95,126.98,127.01,32215,0
2026-08-06T09:15:00+05:30,128.4,129.75,127.51,129.5,28106,0
2026-08-06T09:30:00+05:30,129.5,130.44,129.06,130.1,22597,0
2026-08-06T09:45:00+05:30,130.01,130.3,128.82,128.97,23634,0
2026-08-06T10:00:00+05:30,129.0,129.0,126.68,128.04,50523,0
2026-08-06T10:15:00+05:30,128.04,128.29,127.73,128.0,14858,0
2026-08-06T10:30:00+05:30,128.2,128.44,127.0,127.34,36171,0
2026-08-06T10:45:00+05:30,127.34,127.98,127.34,127.5,4096,0
2026-08-06T11:00:00+05:30,127.45,128.2,127.45,127.75,4632,0
2026-08-06T11:15:00+05:30,127.81,128.0,127.75,127.99,954,0
2026-08-06T11:30:00+05:30,127.98,128.67,127.5,127.77,63478,0
2026-08-06T11:45:00+05:30,127.92,128.0,127.52,128.0,1566,0
2026-08-06T12:00:00+05:30,128.0,128.0,127.8,127.8,4644,0
2026-08-06T12:15:00+05:30,127.95,128.18,127.52,128.0,6238,0
2026-08-06T12:30:00+05:30,128.0,128.16,127.86,128.07,4103,0
2026-08-06T12:45:00+05:30,128.07,128.1,127.98,127.98,862,0
2026-08-06T13:00:00+05:30,127.91,128.03,127.91,127.99,1644,0
2026-08-06T13:15:00+05:30,127.91,128.5,127.86,128.1,7127,0
2026-08-06T13:30:00+05:30,128.09,128.12,127.88,127.94,2373,0
2026-08-06T13:45:00+05:30,127.94,128.0,127.8,128.0,3983,0
2026-08-06T14:00:00+05:30,128.0,128.3,127.99,128.15,9525,0
2026-08-06T14:15:00+05:30,128.12,128.39,127.9,128.0,1934,0
2026-08-06T14:30:00+05:30,128.0,128.17,127.81,127.81,2489,0
2026-08-06T14:45:00+05:30,127.81,128.0,127.81,128.0,1127,0
2026-08-06T15:00:00+05:30,127.82,128.85,127.81,127.85,14760,0
2026-08-06T15:15:00+05:30,127.85,128.49,127.0,127.25,41025,0
2026-08-07T09:15:00+05:30,127.0,128.0,126.9,127.67,8773,0
2026-08-07T09:30:00+05:30,127.92,128.3,127.83,128.13,4262,0
2026-08-07T09:45:00+05:30,128.3,128.39,128.16,128.37,850,0
2026-08-07T10:00:00+05:30,128.17,129.0,128.15,129.0,5422,0
2026-08-07T10:15:00+05:30,129.0,129.14,128.77,129.14,4852,0
2026-08-07T10:30:00+05:30,129.2,131.39,129.05,131.25,87077,0
2026-08-07T10:45:00+05:30,130.94,131.74,130.36,131.74,13700,0
2026-08-07T11:00:00+05:30,131.87,135.1,130.74,134.6,108105,0
2026-08-07T11:15:00+05:30,134.6,134.95,132.07,132.5,165160,0
2026-08-07T11:30:00+05:30,132.5,132.96,132.23,132.53,11537,0
2026-08-07T11:45:00+05:30,132.85,132.85,131.73,132.27,14794,0
2026-08-07T12:00:00+05:30,132.4,132.5,132.0,132.0,8775,0
2026-08-07T12:15:00+05:30,131.99,132.6,131.0,131.04,23911,0
2026-08-07T12:30:00+05:30,131.2,132.87,131.08,132.62,33423,0
2026-08-07T12:45:00+05:30,132.51,133.98,132.5,133.65,32628,0
2026-08-07T13:00:00+05:30,133.98,133.98,133.0,133.0,5626,0
2026-08-07T13:15:00+05:30,133.0,133.0,132.58,132.75,2300,0
2026-08-07T13:30:00+05:30,132.75,132.75,131.36,131.41,17112,0
2026-08-07T13:45:00+05:30,131.0,131.68,130.96,131.01,92917,0
2026-08-07T14:00:00+05:30,131.01,131.53,131.01,131.2,2338,0
2026-08-07T14:15:00+05:30,131.2,132.0,131.0,131.75,30578,0
2026-08-07T14:30:00+05:30,131.71,131.89,131.51,131.51,7099,0
2026-08-07T14:45:00+05:30,131.68,133.7,131.67,133.21,43956,0
2026-08-07T15:00:00+05:30,133.17,133.21,132.3,133.05,10140,0
2026-08-07T15:15:00+05:30,133.05,135.29,133.05,134.16,92963,0
2026-08-10T09:15:00+05:30,134.5,135.08,132.91,132.91,18712,0
2026-08-10T09:30:00+05:30,132.91,132.91,131.83,132.22,15018,0
2026-08-10T09:45:00+05:30,132.22,132.3,131.87,131.9,3378,0
2026-08-10T10:00:00+05:30,132.12,134.08,132.09,133.11,49272,0
2026-08-10T10:15:00+05:30,133.11,133.79,133.0,133.75,2371,0
2026-08-10T10:30:00+05:30,133.75,133.75,133.43,133.5,1546,0
2026-08-10T10:45:00+05:30,133.5,133.5,133.32,133.32,360,0
2026-08-10T11:00:00+05:30,133.32,133.89,133.28,133.28,3927,0
2026-08-10T11:15:00+05:30,133.13,133.22,132.96,132.96,139,0
2026-08-10T11:30:00+05:30,132.99,132.99,131.98,132.0,4862,0
2026-08-10T11:45:00+05:30,132.0,132.64,131.32,132.4,23328,0
2026-08-10T12:00:00+05:30,132.28,132.99,132.28,132.77,961,0
2026-08-10T12:15:00+05:30,132.79,133.9,132.72,133.79,16710,0
2026-08-10T12:30:00+05:30,133.73,133.81,133.52,133.69,1715,0
2026-08-10T12:45:00+05:30,133.47,133.47,133.26,133.35,925,0
2026-08-10T13:00:00+05:30,133.35,133.37,132.68,132.97,2536,0
2026-08-10T13:15:00+05:30,132.97,133.2,132.97,133.2,651,0
2026-08-10T13:30:00+05:30,133.33,133.45,133.11,133.11,982,0
2026-08-10T13:45:00+05:30,133.17,133.17,132.98,132.98,733,0
2026-08-10T14:00:00+05:30,132.98,132.98,132.98,132.98,0,0
2026-08-10T14:15:00+05:30,132.98,132.98,132.52,132.71,3082,0
2026-08-10T14:30:00+05:30,132.71,132.93,132.02,132.02,8664,0
2026-08-10T14:45:00+05:30,132.03,132.22,131.94,132.1,5736,0
2026-08-10T15:00:00+05:30,132.01,133.29,131.66,131.79,14534,0
2026-08-10T15:15:00+05:30,131.75,132.1,131.75,132.1,8647,0
2026-08-11T09:15:00+05:30,132.02,132.2,131.51,131.71,2812,0
2026-08-11T09:30:00+05:30,131.71,131.79,131.51,131.69,1982,0
2026-08-11T09:45:00+05:30,131.7,132.0,131.51,131.76,6478,0
2026-08-11T10:00:00+05:30,131.76,132.7,131.76,132.4,7699,0
2026-08-11T10:15:00+05:30,132.12,132.16,131.41,131.44,7436,0
2026-08-11T10:30:00+05:30,131.44,131.5,130.85,131.1,15108,0
2026-08-11T10:45:00+05:30,131.1,131.37,130.83,131.36,4315,0
2026-08-11T11:00:00+05:30,131.36,131.85,131.01,131.85,4618,0
2026-08-11T11:15:00+05:30,131.85,131.85,131.21,131.21,1822,0
2026-08-11T11:30:00+05:30,131.21,131.27,131.21,131.22,304,0
2026-08-11T11:45:00+05:30,131.22,131.22,131.22,131.22,2,0
2026-08-11T12:00:00+05:30,131.35,131.48,131.21,131.23,636,0
2026-08-11T12:15:00+05:30,131.42,131.52,131.42,131.49,58,0
2026-08-11T12:30:00+05:30,131.49,132.18,131.23,132.01,3220,0
2026-08-11T12:45:00+05:30,132.01,132.03,131.82,132.03,1966,0
2026-08-11T13:00:00+05:30,132.32,132.85,132.31,132.56,2588,0
2026-08-11T13:15:00+05:30,132.5,132.59,132.41,132.41,1028,0
2026-08-11T13:30:00+05:30,132.6,132.73,131.94,132.08,20911,0
2026-08-11T13:45:00+05:30,132.08,132.11,132.08,132.1,649,0
2026-08-11T14:00:00+05:30,132.0,132.3,131.91,132.04,1297,0
2026-08-11T14:15:00+05:30,132.04,132.34,132.04,132.25,298,0
2026-08-11T14:30:00+05:30,132.25,132.3,132.0,132.01,4210,0
2026-08-11T14:45:00+05:30,132.27,132.48,132.09,132.27,3696,0
2026-08-11T15:00:00+05:30,132.29,133.89,132.03,132.59,10143,0
2026-08-11T15:15:00+05:30,132.6,133.37,132.05,132.5,8454,0
2026-08-12T09:15:00+05:30,132.6,133.33,132.23,133.24,4836,0
2026-08-12T09:30:00+05:30,133.13,133.36,132.55,132.55,9663,0
2026-08-12T09:45:00+05:30,132.31,133.13,131.57,132.94,11420,0
2026-08-12T10:00:00+05:30,132.94,133.03,131.22,132.06,34741,0
2026-08-12T10:15:00+05:30,132.28,133.25,132.28,132.97,14557,0
2026-08-12T10:30:00+05:30,133.0,133.05,132.77,133.0,1317,0
2026-08-12T10:45:00+05:30,133.0,133.07,132.75,132.99,2635,0
2026-08-12T11:00:00+05:30,132.75,133.49,132.41,133.15,9628,0
2026-08-12T11:15:00+05:30,133.15,133.5,133.01,133.01,3888,0
2026-08-12T11:30:00+05:30,132.82,132.99,132.8,132.96,1303,0
2026-08-12T11:45:00+05:30,133.1,133.1,133.0,133.0,644,0
2026-08-12T12:00:00+05:30,132.8,133.28,132.8,133.15,2300,0
2026-08-12T12:15:00+05:30,133.15,133.15,133.0,133.11,1722,0
2026-08-12T12:30:00+05:30,133.11,134.33,133.06,133.92,6375,0
2026-08-12T12:45:00+05:30,133.69,134.18,133.68,133.79,13606,0
2026-08-12T13:00:00+05:30,133.78,133.9,133.67,133.9,1205,0
2026-08-12T13:15:00+05:30,133.71,133.71,133.58,133.69,670,0
2026-08-12T13:30:00+05:30,133.69,133.73,133.54,133.73,1529,0
2026-08-12T13:45:00+05:30,133.52,133.65,133.5,133.5,2026,0
2026-08-12T14:00:00+05:30,133.59,133.65,133.48,133.5,1892,0
2026-08-12T14:15:00+05:30,133.5,133.5,132.85,133.21,26697,0
2026-08-12T14:30:00+05:30,133.21,136.0,133.21,135.5,72667,0
2026-08-12T14:45:00+05:30,135.5,136.01,134.95,135.47,15626,0
2026-08-12T15:00:00+05:30,135.27,135.4,134.55,134.55,5041,0
2026-08-12T15:15:00+05:30,134.5,135.45,134.02,134.15,8999,0
2026-08-13T09:15:00+05:30,135.0,135.01,133.99,134.12,4531,0
2026-08-13T09:30:00+05:30,134.12,135.06,134.12,135.0,6466,0
2026-08-13T09:45:00+05:30,134.98,135.18,133.98,134.0,6610,0
2026-08-13T10:00:00+05:30,134.0,134.0,133.39,133.47,1826,0
2026-08-13T10:15:00+05:30,133.46,134.49,132.96,134.25,20879,0
2026-08-13T10:30:00+05:30,134.25,134.25,133.99,134.19,267,0
2026-08-13T10:45:00+05:30,134.19,134.3,133.91,133.95,1223,0
2026-08-13T11:00:00+05:30,133.92,134.19,133.92,134.19,184,0
2026-08-13T11:15:00+05:30,134.19,134.19,133.91,133.91,4,0
2026-08-13T11:30:00+05:30,133.91,134.06,133.91,133.99,59,0
2026-08-13T11:45:00+05:30,133.99,133.99,133.99,133.99,20,0
2026-08-13T12:00:00+05:30,134.15,135.51,134.15,134.87,12807,0
2026-08-13T12:15:00+05:30,134.87,135.72,134.8,135.25,5528,0
2026-08-13T12:30:00+05:30,135.19,135.19,134.72,135.0,261,0
2026-08-13T12:45:00+05:30,135.0,135.95,134.94,134.95,5430,0
2026-08-13T13:00:00+05:30,134.95,134.95,134.93,134.93,65,0
2026-08-13T13:15:00+05:30,135.19,135.56,135.13,135.5,1912,0
2026-08-13T13:30:00+05:30,135.5,135.5,135.0,135.0,90,0
2026-08-13T13:45:00+05:30,135.0,135.2,134.95,134.95,85,0
2026-08-13T14:00:00+05:30,134.95,135.18,134.92,134.92,189,0
2026-08-13T14:15:00+05:30,134.89,135.95,134.77,135.49,9836,0
2026-08-13T14:30:00+05:30,135.49,135.49,134.92,135.28,2499,0
2026-08-13T14:45:00+05:30,135.01,135.25,135.01,135.03,1627,0
2026-08-13T15:00:00+05:30,135.03,135.5,135.0,135.16,9695,0
2026-08-13T15:15:00+05:30,135.16,135.48,134.5,134.5,12723,0
2026-08-14T09:15:00+05:30,134.55,134.81,133.89,134.08,15463,0
2026-08-14T09:30:00+05:30,134.08,134.26,134.0,134.0,931,0
2026-08-14T09:45:00+05:30,134.0,134.0,133.85,133.94,81,0
2026-08-14T10:00:00+05:30,133.94,134.15,133.41,134.0,25085,0
2026-08-14T10:15:00+05:30,134.0,134.11,134.0,134.11,234,0
2026-08-14T10:30:00+05:30,134.11,134.11,133.75,133.75,839,0
2026-08-14T10:45:00+05:30,133.75,134.17,133.75,133.95,1579,0
2026-08-14T11:00:00+05:30,133.86,134.38,133.51,134.38,2312,0
2026-08-14T11:15:00+05:30,134.38,134.38,134.02,134.02,1,0
2026-08-14T11:30:00+05:30,134.02,134.29,134.02,134.29,174,0
2026-08-14T11:45:00+05:30,134.26,134.96,134.26,134.91,2848,0
2026-08-14T12:00:00+05:30,134.85,135.0,134.24,134.24,17214,0
2026-08-14T12:15:00+05:30,134.25,134.25,134.15,134.25,1241,0
2026-08-14T12:30:00+05:30,134.31,134.31,134.1,134.1,51,0
2026-08-14T12:45:00+05:30,134.1,134.35,134.1,134.35,114,0
2026-08-14T13:00:00+05:30,134.35,134.35,134.35,134.35,0,0
2026-08-14T13:15:00+05:30,134.35,134.53,134.35,134.35,953,0
2026-08-14T13:30:00+05:30,134.35,134.41,134.1,134.11,350,0
2026-08-14T13:45:00+05:30,134.11,134.15,134.11,134.15,20,0
2026-08-14T14:00:00+05:30,134.15,134.47,134.15,134.47,100,0
2026-08-14T14:15:00+05:30,134.47,134.55,134.28,134.28,1365,0
2026-08-14T14:30:00+05:30,134.28,134.36,134.15,134.15,8,0
2026-08-14T14:45:00+05:30,134.15,134.17,134.0,134.0,1543,0
2026-08-14T15:00:00+05:30,134.0,134.3,134.0,134.3,1818,0
2026-08-14T15:15:00+05:30,134.3,134.3,133.76,134.0,3479,0
2026-08-17T09:15:00+05:30,134.01,134.94,133.3,134.25,7850,0
2026-08-17T09:30:00+05:30,134.21,134.95,134.21,134.67,942,0
2026-08-17T09:45:00+05:30,134.72,134.95,134.37,134.37,349,0
2026-08-17T10:00:00+05:30,134.37,134.94,134.37,134.62,5646,0
2026-08-17T10:15:00+05:30,134.62,134.62,133.72,134.12,6592,0
2026-08-17T10:30:00+05:30,134.14,134.64,134.11,134.11,4060,0
2026-08-17T10:45:00+05:30,134.11,134.11,134.11,134.11,0,0
2026-08-17T11:00:00+05:30,134.38,134.49,134.01,134.01,943,0
2026-08-17T11:15:00+05:30,134.01,134.01,134.0,134.0,414,0
2026-08-17T11:30:00+05:30,134.0,134.39,134.0,134.15,418,0
2026-08-17T11:45:00+05:30,134.15,134.37,133.61,133.63,856,0
2026-08-17T12:00:00+05:30,133.63,134.0,133.63,134.0,47,0
2026-08-17T12:15:00+05:30,133.74,133.91,133.65,133.74,219,0
2026-08-17T12:30:00+05:30,133.74,134.09,133.68,133.98,821,0
2026-08-17T12:45:00+05:30,133.96,134.0,133.77,134.0,344,0
2026-08-17T13:00:00+05:30,134.01,134.01,133.75,134.0,178,0
2026-08-17T13:15:00+05:30,134.0,134.0,134.0,134.0,100,0
2026-08-17T13:30:00+05:30,134.0,134.23,134.0,134.23,1,0
2026-08-17T13:45:00+05:30,134.23,134.23,134.0,134.0,76,0
2026-08-17T14:00:00+05:30,133.91,134.1,133.8,134.08,577,0
2026-08-17T14:15:00+05:30,134.08,134.08,133.63,134.0,1380,0
2026-08-17T14:30:00+05:30,133.84,133.84,133.73,133.73,308,0
2026-08-17T14:45:00+05:30,133.9,134.1,133.74,133.97,1137,0
2026-08-17T15:00:00+05:30,133.97,134.45,133.97,134.1,2187,0
2026-08-17T15:15:00+05:30,134.1,135.0,134.1,135.0,15870,0
2026-08-18T09:15:00+05:30,135.0,135.0,134.11,134.23,3554,0
2026-08-18T09:30:00+05:30,134.44,134.55,134.06,134.06,2087,0
2026-08-18T09:45:00+05:30,134.06,134.06,134.0,134.0,17,0
2026-08-18T10:00:00+05:30,134.26,134.47,134.18,134.34,1122,0
2026-08-18T10:15:00+05:30,134.12,134.94,131.78,134.65,41814,0
2026-08-18T10:30:00+05:30,134.7,134.74,134.55,134.74,1598,0
2026-08-18T10:45:00+05:30,134.74,134.74,134.55,134.55,1173,0
2026-08-18T11:00:00+05:30,134.55,134.55,134.55,134.55,372,0
2026-08-18T11:15:00+05:30,134.55,134.55,134.1,134.49,3050,0
2026-08-18T11:30:00+05:30,134.49,134.49,134.1,134.12,72,0
2026-08-18T11:45:00+05:30,134.12,134.54,133.79,134.01,4421,0
2026-08-18T12:00:00+05:30,134.01,134.01,133.98,133.98,56,0
2026-08-18T12:15:00+05:30,133.98,134.0,133.98,134.0,2,0
2026-08-18T12:30:00+05:30,134.0,134.0,134.0,134.0,2,0
2026-08-18T12:45:00+05:30,134.0,134.16,134.0,134.16,7,0
2026-08-18T13:00:00+05:30,134.16,134.16,133.77,133.89,355,0
2026-08-18T13:15:00+05:30,133.89,134.04,133.71,133.71,197,0
2026-08-18T13:30:00+05:30,133.71,134.04,133.71,134.0,447,0
2026-08-18T13:45:00+05:30,134.0,134.0,134.0,134.0,0,0
2026-08-18T14:00:00+05:30,134.0,134.02,134.0,134.02,8,0
2026-08-18T14:15:00+05:30,134.02,134.29,134.02,134.29,2914,0
2026-08-18T14:30:00+05:30,134.29,134.29,134.16,134.16,1,0
2026-08-18T14:45:00+05:30,134.16,134.16,134.05,134.05,4252,0
2026-08-18T15:00:00+05:30,134.05,134.49,133.9,134.05,7323,0
2026-08-18T15:15:00+05:30,134.05,134.25,134.05,134.25,3705,0
2026-08-19T09:15:00+05:30,133.17,134.57,132.58,134.1,17043,0
2026-08-19T09:30:00+05:30,134.1,134.17,133.94,134.0,417,0
2026-08-19T09:45:00+05:30,134.0,134.0,134.0,134.0,0,0
2026-08-19T10:00:00+05:30,134.05,134.16,134.05,134.16,7,0
2026-08-19T10:15:00+05:30,134.16,134.24,133.55,134.24,1553,0
2026-08-19T10:30:00+05:30,134.06,134.06,133.84,133.86,312,0
2026-08-19T10:45:00+05:30,133.86,134.07,133.55,133.55,2384,0
2026-08-19T11:00:00+05:30,133.71,134.4,133.55,134.05,4019,0
2026-08-19T11:15:00+05:30,134.05,134.05,133.93,133.93,5,0
2026-08-19T11:30:00+05:30,133.93,134.0,132.98,134.0,18995,0
2026-08-19T11:45:00+05:30,133.64,134.0,133.6,134.0,2596,0
2026-08-19T12:00:00+05:30,134.0,134.0,133.12,133.57,1097,0
2026-08-19T12:15:00+05:30,133.57,133.59,133.3,133.3,980,0
2026-08-19T12:30:00+05:30,133.3,134.07,133.3,134.07,4858,0
2026-08-19T12:45:00+05:30,134.07,134.07,133.71,134.06,1797,0
2026-08-19T13:00:00+05:30,134.06,134.06,134.0,134.0,500,0
2026-08-19T13:15:00+05:30,134.0,134.09,134.0,134.0,138,0
2026-08-19T13:30:00+05:30,134.0,134.26,134.0,134.26,322,0
2026-08-19T13:45:00+05:30,134.26,134.4,133.7,133.71,2219,0
2026-08-19T14:00:00+05:30,133.71,134.08,133.33,133.48,21751,0
2026-08-19T14:15:00+05:30,133.48,133.48,133.27,133.3,619,0
2026-08-19T14:30:00+05:30,133.13,133.25,132.9,133.25,2399,0
2026-08-19T14:45:00+05:30,133.25,133.49,133.21,133.49,972,0
2026-08-19T15:00:00+05:30,133.49,133.96,133.01,133.1,4391,0
2026-08-19T15:15:00+05:30,133.1,136.0,132.0,133.18,83341,0
2026-08-20T09:15:00+05:30,133.88,134.45,133.82,133.91,2516,0
2026-08-20T09:30:00+05:30,133.63,133.94,133.61,133.82,555,0
2026-08-20T09:45:00+05:30,133.91,133.91,133.25,133.32,1605,0
2026-08-20T10:00:00+05:30,133.58,133.63,133.35,133.46,100,0
2026-08-20T10:15:00+05:30,133.46,133.46,133.2,133.2,379,0
2026-08-20T10:30:00+05:30,133.1,133.35,133.1,133.11,1065,0
2026-08-20T10:45:00+05:30,133.43,133.43,133.2,133.2,53,0
2026-08-20T11:00:00+05:30,133.2,133.43,132.2,132.99,7450,0
2026-08-20T11:15:00+05:30,132.76,133.08,132.76,133.04,333,0
2026-08-20T11:30:00+05:30,133.04,133.28,132.87,132.92,651,0
2026-08-20T11:45:00+05:30,133.0,133.58,133.0,133.1,2030,0
2026-08-20T12:00:00+05:30,133.1,133.3,133.0,133.0,11534,0
2026-08-20T12:15:00+05:30,133.0,133.05,133.0,133.05,100,0
2026-08-20T12:30:00+05:30,133.06,133.49,133.06,133.49,925,0
2026-08-20T12:45:00+05:30,133.49,133.52,133.28,133.28,374,0
2026-08-20T13:00:00+05:30,133.28,133.28,133.12,133.12,4,0
2026-08-20T13:15:00+05:30,133.12,133.12,133.05,133.05,631,0
2026-08-20T13:30:00+05:30,133.05,133.43,133.05,133.43,1109,0
2026-08-20T13:45:00+05:30,133.43,133.43,133.2,133.38,31,0
2026-08-20T14:00:00+05:30,133.38,133.38,133.06,133.06,1497,0
2026-08-20T14:15:00+05:30,133.05,133.21,133.05,133.21,28,0
2026-08-20T14:30:00+05:30,133.21,133.21,133.2,133.2,551,0
2026-08-20T14:45:00+05:30,133.2,133.54,133.05,133.54,1462,0
2026-08-20T15:00:00+05:30,133.54,134.44,133.1,134.0,11799,0
2026-08-20T15:15:00+05:30,134.15,134.38,132.86,132.96,4010,0
2026-08-21T09:15:00+05:30,133.79,133.79,133.32,133.58,273,0
2026-08-21T09:30:00+05:30,133.58,133.58,133.33,133.56,786,0
2026-08-21T09:45:00+05:30,133.56,133.56,133.0,133.32,2537,0
2026-08-21T10:00:00+05:30,133.32,133.46,133.32,133.46,6,0
2026-08-21T10:15:00+05:30,133.46,133.7,133.4,133.6,2954,0
2026-08-21T10:30:00+05:30,133.76,133.99,133.71,133.9,1413,0
2026-08-21T10:45:00+05:30,133.9,134.0,133.64,134.0,2141,0
2026-08-21T11:00:00+05:30,134.0,134.0,133.32,133.88,5115,0
2026-08-21T11:15:00+05:30,133.88,134.44,133.58,134.44,2469,0
2026-08-21T11:30:00+05:30,134.44,134.5,134.2,134.5,2226,0
2026-08-21T11:45:00+05:30,134.5,134.51,134.49,134.5,637,0
2026-08-21T12:00:00+05:30,134.5,134.55,134.18,134.21,1737,0
2026-08-21T12:15:00+05:30,134.21,134.21,134.05,134.19,56,0
2026-08-21T12:30:00+05:30,134.05,134.05,133.5,133.7,1575,0
2026-08-21T12:45:00+05:30,133.7,133.7,133.13,133.59,2782,0
2026-08-21T13:00:00+05:30,133.59,133.75,133.18,133.58,1807,0
2026-08-21T13:15:00+05:30,133.58,133.6,133.34,133.38,82,0
2026-08-21T13:30:00+05:30,133.38,133.89,133.28,133.84,1258,0
2026-08-21T13:45:00+05:30,133.84,133.84,133.71,133.71,55,0
2026-08-21T14:00:00+05:30,133.75,133.78,133.5,133.5,691,0
2026-08-21T14:15:00+05:30,133.5,133.5,133.47,133.5,3159,0
2026-08-21T14:30:00+05:30,133.31,133.6,133.25,133.58,1198,0
2026-08-21T14:45:00+05:30,133.58,133.58,133.3,133.5,580,0
2026-08-21T15:00:00+05:30,133.69,133.69,133.26,133.26,1493,0
2026-08-21T15:15:00+05:30,133.26,134.34,133.01,133.01,3689,0
2026-08-24T09:15:00+05:30,133.62,134.45,132.98,133.62,3948,0
2026-08-24T09:30:00+05:30,133.96,135.0,133.5,134.54,15958,0
2026-08-24T09:45:00+05:30,134.54,134.54,133.92,134.0,1803,0
2026-08-24T10:00:00+05:30,134.0,134.22,133.96,133.96,75,0
2026-08-24T10:15:00+05:30,133.96,134.15,133.96,134.15,177,0
2026-08-24T10:30:00+05:30,134.0,134.19,133.9,134.06,633,0
2026-08-24T10:45:00+05:30,134.06,134.18,133.9,134.01,790,0
2026-08-24T11:00:00+05:30,134.01,134.01,133.63,133.64,909,0
2026-08-24T11:15:00+05:30,133.64,133.76,133.6,133.61,156,0
2026-08-24T11:30:00+05:30,133.61,134.07,133.37,133.74,3169,0
2026-08-24T11:45:00+05:30,133.74,135.0,133.1,133.56,32559,0
2026-08-24T12:00:00+05:30,133.56,134.07,133.0,133.84,28781,0
2026-08-24T12:15:00+05:30,133.8,134.18,133.59,134.12,5269,0
2026-08-24T12:30:00+05:30,134.12,134.35,133.9,134.02,640,0
2026-08-24T12:45:00+05:30,134.02,134.03,134.02,134.03,2,0
2026-08-24T13:00:00+05:30,134.03,134.22,134.0,134.0,670,0
2026-08-24T13:15:00+05:30,134.0,134.0,133.84,133.84,100,0
2026-08-24T13:30:00+05:30,133.84,133.84,133.75,133.75,120,0
2026-08-24T13:45:00+05:30,133.75,133.75,133.75,133.75,0,0
2026-08-24T14:00:00+05:30,133.75,134.34,133.75,134.34,1765,0
2026-08-24T14:15:00+05:30,134.34,134.34,133.25,133.25,13473,0
2026-08-24T14:30:00+05:30,133.27,133.61,133.25,133.5,4401,0
2026-08-24T14:45:00+05:30,133.5,134.1,133.5,134.03,1646,0
2026-08-24T15:00:00+05:30,133.98,133.98,133.5,133.5,4333,0
2026-08-24T15:15:00+05:30,133.51,133.87,133.22,133.22,8019,0
2026-08-25T09:15:00+05:30,133.0,134.16,133.0,133.86,4632,0
2026-08-25T09:30:00+05:30,133.86,134.01,133.65,133.65,427,0
2026-08-25T09:45:00+05:30,133.65,134.2,133.52,133.99,2546,0
2026-08-25T10:00:00+05:30,133.99,133.99,133.75,133.89,2578,0
2026-08-25T10:15:00+05:30,133.89,133.9,133.54,133.54,2634,0
2026-08-25T10:30:00+05:30,133.54,134.0,133.54,134.0,3103,0
2026-08-25T10:45:00+05:30,134.0,134.0,133.79,133.8,37,0
2026-08-25T11:00:00+05:30,133.8,133.95,133.76,133.95,14,0
2026-08-25T11:15:00+05:30,133.95,134.1,133.77,134.0,2838,0
2026-08-25T11:30:00+05:30,134.0,134.0,133.81,134.0,1505,0
2026-08-25T11:45:00+05:30,133.95,134.05,133.62,134.05,2317,0
2026-08-25T12:00:00+05:30,134.05,134.05,134.0,134.0,1,0
2026-08-25T12:15:00+05:30,134.0,134.0,132.75,133.24,102617,0
2026-08-25T12:30:00+05:30,133.24,133.5,133.22,133.5,938,0
2026-08-25T12:45:00+05:30,133.5,133.5,133.23,133.23,200,0
2026-08-25T13:00:00+05:30,133.23,133.5,133.2,133.48,873,0
2026-08-25T13:15:00+05:30,133.48,133.58,133.47,133.58,644,0
2026-08-25T13:30:00+05:30,133.58,133.7,133.58,133.7,1,0
2026-08-25T13:45:00+05:30,133.7,133.7,133.57,133.58,658,0
2026-08-25T14:00:00+05:30,133.58,133.6,133.57,133.57,1490,0
2026-08-25T14:15:00+05:30,133.57,133.7,133.57,133.7,244,0
2026-08-25T14:30:00+05:30,133.7,134.0,133.27,133.66,4128,0
2026-08-25T14:45:00+05:30,133.66,134.0,133.45,133.45,2779,0
2026-08-25T15:00:00+05:30,133.45,133.9,133.1,133.1,3077,0
2026-08-25T15:15:00+05:30,133.37,133.94,133.16,133.5,14768,0
2026-08-26T09:15:00+05:30,133.51,133.91,133.49,133.63,499,0
2026-08-26T09:30:00+05:30,133.59,133.59,133.32,133.59,1332,0
2026-08-26T09:45:00+05:30,133.59,133.59,133.21,133.48,1377,0
2026-08-26T10:00:00+05:30,133.43,133.59,133.23,133.59,1689,0
2026-08-26T10:15:00+05:30,133.59,133.59,133.55,133.55,33,0
2026-08-26T10:30:00+05:30,133.55,133.55,133.2,133.5,12599,0
2026-08-26T10:45:00+05:30,133.41,134.0,133.41,134.0,10244,0
2026-08-26T11:00:00+05:30,133.85,134.33,133.85,134.04,567,0
2026-08-26T11:15:00+05:30,134.07,134.26,134.04,134.04,268,0
2026-08-26T11:30:00+05:30,134.15,134.9,134.02,134.31,4925,0
2026-08-26T11:45:00+05:30,134.16,134.31,134.05,134.08,348,0
2026-08-26T12:00:00+05:30,134.08,134.58,134.04,134.4,2947,0
2026-08-26T12:15:00+05:30,134.4,134.48,134.2,134.27,135,0
2026-08-26T12:30:00+05:30,134.27,134.58,134.15,134.15,408,0
2026-08-26T12:45:00+05:30,134.14,134.2,134.0,134.2,1875,0
2026-08-26T13:00:00+05:30,134.2,134.29,133.93,134.05,247,0
2026-08-26T13:15:00+05:30,134.05,134.19,133.1,133.49,18029,0
2026-08-26T13:30:00+05:30,133.49,133.78,133.41,133.42,1396,0
2026-08-26T13:45:00+05:30,133.45,133.48,133.4,133.4,184,0
2026-08-26T14:00:00+05:30,133.4,133.48,133.27,133.3,412,0
2026-08-26T14:15:00+05:30,133.3,133.65,133.28,133.5,1811,0
2026-08-26T14:30:00+05:30,133.5,133.5,133.41,133.42,608,0
2026-08-26T14:45:00+05:30,133.41,133.54,133.4,133.4,1886,0
2026-08-26T15:00:00+05:30,133.41,133.55,132.97,133.16,23194,0
2026-08-26T15:15:00+05:30,133.11,133.99,133.1,133.1,10139,0
2026-08-27T09:15:00+05:30,133.11,133.5,133.1,133.1,743,0
2026-08-27T09:30:00+05:30,133.25,133.79,133.11,133.34,3771,0
2026-08-27T09:45:00+05:30,133.13,133.35,133.1,133.35,3675,0
2026-08-27T10:00:00+05:30,133.35,133.4,133.1,133.4,3513,0
2026-08-27T10:15:00+05:30,133.4,133.45,132.96,133.45,7953,0
2026-08-27T10:30:00+05:30,133.45,133.45,133.28,133.28,201,0
2026-08-27T10:45:00+05:30,133.28,133.28,133.1,133.1,577,0
2026-08-27T11:00:00+05:30,133.1,133.36,133.1,133.3,515,0
2026-08-27T11:15:00+05:30,133.3,133.5,133.1,133.5,3922,0
2026-08-27T11:30:00+05:30,133.5,133.5,133.37,133.5,390,0
2026-08-27T11:45:00+05:30,133.5,133.85,133.48,133.51,5179,0
2026-08-27T12:00:00+05:30,133.51,133.51,133.41,133.51,407,0
2026-08-27T12:15:00+05:30,133.51,133.64,133.48,133.64,615,0
2026-08-27T12:30:00+05:30,133.64,133.64,133.64,133.64,0,0
2026-08-27T12:45:00+05:30,133.64,133.64,133.31,133.64,1167,0
2026-08-27T13:00:00+05:30,133.64,133.64,133.64,133.64,0,0
2026-08-27T13:15:00+05:30,133.64,133.75,133.55,133.55,76,0
2026-08-27T13:30:00+05:30,133.55,133.79,133.5,133.5,697,0
2026-08-27T13:45:00+05:30,133.5,133.83,133.5,133.51,235,0
2026-08-27T14:00:00+05:30,133.51,133.52,133.5,133.52,389,0
2026-08-27T14:15:00+05:30,133.52,133.54,133.52,133.52,637,0
2026-08-27T14:30:00+05:30,133.52,133.7,133.2,133.5,5193,0
2026-08-27T14:45:00+05:30,133.5,133.51,133.5,133.5,63,0
2026-08-27T15:00:00+05:30,133.52,133.81,133.5,133.8,2772,0
2026-08-27T15:15:00+05:30,133.72,133.84,133.5,133.84,7876,0
2026-08-28T09:15:00+05:30,133.84,134.79,133.2,134.51,9106,0
2026-08-28T09:30:00+05:30,134.49,134.77,134.26,134.29,3585,0
2026-08-28T09:45:00+05:30,134.3,134.3,134.1,134.28,658,0
2026-08-28T10:00:00+05:30,134.28,134.31,134.28,134.31,1,0
2026-08-28T10:15:00+05:30,134.31,135.04,134.21,134.68,8568,0
2026-08-28T10:30:00+05:30,134.87,135.52,134.61,134.8,12231,0
2026-08-28T10:45:00+05:30,134.81,135.0,134.33,134.61,3803,0
2026-08-28T11:00:00+05:30,134.61,135.4,134.51,134.51,4581,0
2026-08-28T11:15:00+05:30,134.51,134.6,134.36,134.37,1893,0
2026-08-28T11:30:00+05:30,134.37,135.29,134.37,134.91,5970,0
2026-08-28T11:45:00+05:30,134.91,134.91,134.41,134.41,313,0
2026-08-28T12:00:00+05:30,134.41,134.7,134.35,134.4,1169,0
2026-08-28T12:15:00+05:30,134.4,134.58,134.4,134.5,398,0
2026-08-28T12:30:00+05:30,134.5,134.5,134.32,134.5,554,0
2026-08-28T12:45:00+05:30,134.5,134.59,134.41,134.41,184,0
2026-08-28T13:00:00+05:30,134.41,134.41,134.32,134.36,851,0
2026-08-28T13:15:00+05:30,134.47,134.5,134.2,134.2,456,0
2026-08-28T13:30:00+05:30,134.45,134.69,134.4,134.4,838,0
2026-08-28T13:45:00+05:30,134.56,134.56,134.56,134.56,47,0
2026-08-28T14:00:00+05:30,134.27,134.44,134.22,134.44,180,0
2026-08-28T14:15:00+05:30,134.28,134.31,134.14,134.14,877,0
2026-08-28T14:30:00+05:30,134.18,134.3,134.1,134.11,390,0
2026-08-28T14:45:00+05:30,134.29,134.3,134.29,134.3,2025,0
2026-08-28T15:00:00+05:30,134.32,134.75,134.3,134.41,3990,0
2026-08-28T15:15:00+05:30,134.41,135.5,134.25,135.5,6581,0
2026-08-31T09:15:00+05:30,134.61,135.65,134.03,135.08,12407,0
2026-08-31T09:30:00+05:30,135.02,135.38,134.7,134.81,1207,0
2026-08-31T09:45:00+05:30,134.81,135.0,134.21,134.4,941,0
2026-08-31T10:00:00+05:30,134.4,134.4,134.2,134.4,341,0
2026-08-31T10:15:00+05:30,134.32,134.4,134.09,134.09,1310,0
2026-08-31T10:30:00+05:30,134.09,134.88,134.0,134.69,9219,0
2026-08-31T10:45:00+05:30,134.76,135.0,134.68,134.8,1729,0
2026-08-31T11:00:00+05:30,134.8,135.51,134.8,135.5,8389,0
2026-08-31T11:15:00+05:30,135.16,138.51,135.16,136.53,53454,0
2026-08-31T11:30:00+05:30,136.83,137.3,136.1,136.1,20827,0
2026-08-31T11:45:00+05:30,136.16,136.59,136.09,136.3,1635,0
2026-08-31T12:00:00+05:30,136.3,136.3,135.79,135.91,4686,0
2026-08-31T12:15:00+05:30,135.82,135.9,135.0,135.04,11077,0
2026-08-31T12:30:00+05:30,135.04,135.49,135.01,135.48,964,0
2026-08-31T12:45:00+05:30,135.3,135.48,135.1,135.1,1602,0
2026-08-31T13:00:00+05:30,135.17,135.35,135.16,135.16,1190,0
2026-08-31T13:15:00+05:30,135.16,135.78,135.1,135.31,1804,0
2026-08-31T13:30:00+05:30,135.48,135.79,135.26,135.26,1013,0
2026-08-31T13:45:00+05:30,135.26,135.4,135.25,135.4,477,0
2026-08-31T14:00:00+05:30,135.4,135.4,135.16,135.16,42,0
2026-08-31T14:15:00+05:30,135.16,135.17,134.62,134.62,4416,0
2026-08-31T14:30:00+05:30,134.73,134.85,134.0,134.01,20324,0
2026-08-31T14:45:00+05:30,134.32,134.56,133.91,134.16,4619,0
2026-08-31T15:00:00+05:30,134.16,134.5,134.16,134.2,3292,0
2026-08-31T15:15:00+05:30,134.25,135.01,134.06,134.08,12452,0
2026-09-01T09:15:00+05:30,134.6,135.1,134.4,135.03,1703,0
2026-09-01T09:30:00+05:30,135.03,135.03,134.41,134.41,2205,0
2026-09-01T09:45:00+05:30,134.5,134.69,134.4,134.46,1350,0
2026-09-01T10:00:00+05:30,134.46,134.52,134.3,134.44,674,0
2026-09-01T10:15:00+05:30,134.61,134.89,134.41,134.41,1478,0
2026-09-01T10:30:00+05:30,134.41,134.76,134.41,134.76,553,0
2026-09-01T10:45:00+05:30,134.76,134.76,134.58,134.69,62,0
2026-09-01T11:00:00+05:30,134.64,134.66,134.31,134.32,768,0
2026-09-01T11:15:00+05:30,134.32,134.68,134.32,134.5,232,0
2026-09-01T11:30:00+05:30,134.5,134.69,133.8,134.17,5092,0
2026-09-01T11:45:00+05:30,134.17,134.17,134.03,134.1,431,0
2026-09-01T12:00:00+05:30,134.1,134.39,134.1,134.28,184,0
2026-09-01T12:15:00+05:30,134.28,134.28,134.14,134.24,2,0
2026-09-01T12:30:00+05:30,134.24,134.24,134.1,134.1,458,0
2026-09-01T12:45:00+05:30,134.1,134.1,133.9,134.0,2896,0
2026-09-01T13:00:00+05:30,134.0,134.19,133.9,133.9,542,0
2026-09-01T13:15:00+05:30,133.9,134.79,133.8,133.94,19113,0
2026-09-01T13:30:00+05:30,133.94,134.04,133.83,133.98,1611,0
2026-09-01T13:45:00+05:30,133.91,134.02,133.7,133.7,1863,0
2026-09-01T14:00:00+05:30,133.7,134.0,133.5,133.6,2219,0
2026-09-01T14:15:00+05:30,133.6,134.79,133.5,134.11,6834,0
2026-09-01T14:30:00+05:30,133.96,134.37,133.61,133.61,1423,0
2026-09-01T14:45:00+05:30,133.53,134.0,133.44,133.44,19246,0
2026-09-01T15:00:00+05:30,133.8,134.0,133.54,134.0,1465,0
2026-09-01T15:15:00+05:30,134.0,134.34,133.53,134.3,5362,0
2026-09-02T09:15:00+05:30,133.95,133.95,133.1,133.52,7677,0
2026-09-02T09:30:00+05:30,133.54,133.72,133.1,133.68,9533,0
2026-09-02T09:45:00+05:30,133.68,133.9,133.68,133.68,1353,0
2026-09-02T10:00:00+05:30,133.68,133.92,133.62,133.84,436,0
2026-09-02T10:15:00+05:30,133.84,134.09,133.84,133.99,1486,0
2026-09-02T10:30:00+05:30,133.99,134.13,133.62,134.13,4744,0
2026-09-02T10:45:00+05:30,134.13,134.13,133.76,133.76,133,0
2026-09-02T11:00:00+05:30,133.76,134.05,133.76,133.94,305,0
2026-09-02T11:15:00+05:30,133.94,134.04,133.9,133.91,236,0
2026-09-02T11:30:00+05:30,133.91,133.91,133.53,133.56,2102,0
2026-09-02T11:45:00+05:30,133.56,133.99,133.55,133.99,688,0
2026-09-02T12:00:00+05:30,133.8,133.8,130.35,133.0,246282,0
2026-09-02T12:15:00+05:30,133.0,133.01,132.3,133.0,15805,0
2026-09-02T12:30:00+05:30,133.12,133.9,132.5,133.54,13443,0
2026-09-02T12:45:00+05:30,133.7,134.19,133.56,134.0,6924,0
2026-09-02T13:00:00+05:30,134.0,134.07,133.5,133.66,2372,0
2026-09-02T13:15:00+05:30,133.66,133.66,133.23,133.55,1133,0
2026-09-02T13:30:00+05:30,133.55,133.93,133.5,133.65,2401,0
2026-09-02T13:45:00+05:30,133.66,133.95,133.5,133.5,2055,0
2026-09-02T14:00:00+05:30,133.52,134.02,133.52,133.71,5255,0
2026-09-02T14:15:00+05:30,133.71,133.71,133.52,133.52,95,0
2026-09-02T14:30:00+05:30,133.51,133.75,133.07,133.39,3004,0
2026-09-02T14:45:00+05:30,133.39,134.01,133.39,134.0,3292,0
2026-09-02T15:00:00+05:30,134.0,134.9,133.5,134.01,12792,0
2026-09-02T15:15:00+05:30,134.21,134.82,133.0,133.9,12575,0
