timestamp,open,high,low,close,volume,oi
2026-02-26T09:15:00+05:30,282.2,282.2,279.95,280.35,304,0
2026-02-26T09:30:00+05:30,280.5,281.35,279.9,281.35,603,0
2026-02-26T09:45:00+05:30,281.35,282.8,280.8,281.0,1640,0
2026-02-26T10:00:00+05:30,281.0,281.8,281.0,281.6,779,0
2026-02-26T10:15:00+05:30,281.6,281.95,281.25,281.95,65,0
2026-02-26T10:30:00+05:30,281.95,281.95,281.95,281.95,0,0
2026-02-26T10:45:00+05:30,281.95,281.95,281.15,281.15,410,0
2026-02-26T11:00:00+05:30,281.15,281.15,280.55,280.55,2946,0
2026-02-26T11:15:00+05:30,280.55,281.1,280.5,280.6,362,0
2026-02-26T11:30:00+05:30,280.6,280.6,279.9,279.9,1847,0
2026-02-26T11:45:00+05:30,279.9,279.9,278.0,278.55,152,0
2026-02-26T12:00:00+05:30,278.55,278.55,278.55,278.55,0,0
2026-02-26T12:15:00+05:30,278.4,278.4,277.95,278.0,361,0
2026-02-26T12:30:00+05:30,278.0,280.6,278.0,280.25,2511,0
2026-02-26T12:45:00+05:30,280.25,280.25,277.8,277.95,1473,0
2026-02-26T13:00:00+05:30,277.95,278.95,277.95,278.95,1,0
2026-02-26T13:15:00+05:30,278.95,278.95,278.3,278.3,6,0
2026-02-26T13:30:00+05:30,278.3,278.75,278.3,278.75,9,0
2026-02-26T13:45:00+05:30,278.75,280.75,278.6,280.75,220,0
2026-02-26T14:00:00+05:30,280.75,280.75,279.35,279.35,168,0
2026-02-26T14:15:00+05:30,279.35,279.65,279.35,279.65,7,0
2026-02-26T14:30:00+05:30,279.65,279.95,279.25,279.25,68,0
2026-02-26T14:45:00+05:30,279.25,279.25,278.0,279.2,942,0
2026-02-26T15:00:00+05:30,279.2,283.55,279.2,281.3,4076,0
2026-02-26T15:15:00+05:30,281.2,282.7,278.35,282.3,4265,0
2026-02-27T09:15:00+05:30,281.9,281.9,279.0,279.0,696,0
2026-02-27T09:30:00+05:30,279.25,279.8,278.85,279.55,262,0
2026-02-27T09:45:00+05:30,278.95,279.4,278.75,279.4,59,0
2026-02-27T10:00:00+05:30,279.4,279.4,278.0,278.6,238,0
2026-02-27T10:15:00+05:30,278.6,278.6,278.45,278.45,248,0
2026-02-27T10:30:00+05:30,278.45,278.95,278.45,278.95,100,0
2026-02-27T10:45:00+05:30,278.95,278.95,278.0,278.0,239,0
2026-02-27T11:00:00+05:30,278.0,278.15,277.6,278.15,11,0
2026-02-27T11:15:00+05:30,278.05,282.0,278.05,278.9,2380,0
2026-02-27T11:30:00+05:30,278.9,278.9,278.85,278.85,10,0
2026-02-27T11:45:00+05:30,278.85,279.5,278.85,279.5,78,0
2026-02-27T12:00:00+05:30,279.5,279.95,279.5,279.95,6,0
2026-02-27T12:15:00+05:30,279.95,282.0,278.9,280.65,1950,0
2026-02-27T12:30:00+05:30,280.65,281.55,280.65,280.65,132,0
2026-02-27T12:45:00+05:30,280.65,280.65,280.05,280.05,91,0
2026-02-27T13:00:00+05:30,280.05,280.05,279.55,279.55,30,0
2026-02-27T13:15:00+05:30,279.55,280.05,279.55,280.05,87,0
2026-02-27T13:30:00+05:30,280.05,280.75,280.05,280.05,725,0
2026-02-27T13:45:00+05:30,280.05,281.0,279.6,279.6,2602,0
2026-02-27T14:00:00+05:30,279.6,281.2,279.6,280.8,113,0
2026-02-27T14:15:00+05:30,280.8,281.3,280.8,281.15,28,0
2026-02-27T14:30:00+05:30,281.15,281.15,280.1,280.15,187,0
2026-02-27T14:45:00+05:30,280.15,280.6,279.8,279.8,83,0
2026-02-27T15:00:00+05:30,279.8,282.4,279.65,280.05,1171,0
2026-02-27T15:15:00+05:30,280.05,283.45,279.6,279.6,3795,0
2026-03-02T09:15:00+05:30,261.0,275.0,261.0,272.7,13117,0
2026-03-02T09:30:00+05:30,272.15,275.05,272.05,273.8,5561,0
2026-03-02T09:45:00+05:30,273.75,276.8,273.3,276.8,1264,0
2026-03-02T10:00:00+05:30,276.85,276.9,274.5,274.5,3390,0
2026-03-02T10:15:00+05:30,274.8,275.5,274.5,275.0,1721,0
2026-03-02T10:30:00+05:30,275.0,276.5,274.0,274.0,1665,0
2026-03-02T10:45:00+05:30,273.8,273.8,272.45,272.7,1045,0
2026-03-02T11:00:00+05:30,272.65,272.65,272.15,272.15,601,0
2026-03-02T11:15:00+05:30,272.15,272.65,271.8,271.8,828,0
2026-03-02T11:30:00+05:30,271.8,271.85,271.0,271.8,618,0
2026-03-02T11:45:00+05:30,271.65,271.65,268.9,269.3,7541,0
2026-03-02T12:00:00+05:30,269.3,269.4,268.0,268.6,1654,0
2026-03-02T12:15:00+05:30,268.6,269.35,267.45,269.35,1216,0
2026-03-02T12:30:00+05:30,269.1,269.2,267.6,269.2,652,0
2026-03-02T12:45:00+05:30,268.75,268.9,267.5,267.5,909,0
2026-03-02T13:00:00+05:30,268.3,268.4,267.1,267.1,1395,0
2026-03-02T13:15:00+05:30,267.1,268.3,267.1,268.15,71,0
2026-03-02T13:30:00+05:30,268.15,268.5,267.3,268.5,567,0
2026-03-02T13:45:00+05:30,268.5,268.5,267.3,267.35,106,0
2026-03-02T14:00:00+05:30,268.0,270.05,267.95,270.05,1549,0
2026-03-02T14:15:00+05:30,270.05,270.9,269.5,269.5,550,0
2026-03-02T14:30:00+05:30,269.9,270.5,269.9,270.45,91,0
2026-03-02T14:45:00+05:30,271.1,271.1,270.45,270.85,241,0
2026-03-02T15:00:00+05:30,270.95,272.2,270.2,270.75,560,0
2026-03-02T15:15:00+05:30,270.7,275.0,269.95,275.0,2738,0
2026-03-04T09:15:00+05:30,271.9,271.9,266.55,267.8,2162,0
2026-03-04T09:30:00+05:30,267.7,270.95,267.05,270.95,2992,0
2026-03-04T09:45:00+05:30,270.25,270.25,268.0,268.75,850,0
2026-03-04T10:00:00+05:30,268.7,269.75,268.0,269.75,628,0
2026-03-04T10:15:00+05:30,269.5,271.0,269.5,270.4,1736,0
2026-03-04T10:30:00+05:30,271.0,271.0,271.0,271.0,322,0
2026-03-04T10:45:00+05:30,271.0,271.0,270.65,270.9,1129,0
2026-03-04T11:00:00+05:30,271.0,271.8,271.0,271.0,372,0
2026-03-04T11:15:00+05:30,271.0,271.9,271.0,271.9,2352,0
2026-03-04T11:30:00+05:30,271.35,271.35,271.0,271.0,14,0
2026-03-04T11:45:00+05:30,271.0,271.3,269.6,271.0,1596,0
2026-03-04T12:00:00+05:30,271.0,272.85,271.0,272.85,7325,0
2026-03-04T12:15:00+05:30,272.15,272.8,271.0,271.7,5777,0
2026-03-04T12:30:00+05:30,271.7,273.0,271.7,272.65,1967,0
2026-03-04T12:45:00+05:30,272.65,273.0,272.2,273.0,146,0
2026-03-04T13:00:00+05:30,273.0,274.55,272.8,274.55,2894,0
2026-03-04T13:15:00+05:30,273.9,273.9,272.2,272.95,1027,0
2026-03-04T13:30:00+05:30,272.95,273.35,271.95,272.3,1987,0
2026-03-04T13:45:00+05:30,272.3,274.8,272.3,272.55,3183,0
2026-03-04T14:00:00+05:30,272.55,273.95,272.55,273.95,339,0
2026-03-04T14:15:00+05:30,273.4,274.3,273.4,273.85,184,0
2026-03-04T14:30:00+05:30,273.4,273.5,272.75,272.75,1306,0
2026-03-04T14:45:00+05:30,272.75,273.3,272.75,273.3,488,0
2026-03-04T15:00:00+05:30,272.75,274.4,272.5,273.45,1179,0
2026-03-04T15:15:00+05:30,273.4,273.65,269.55,269.55,4969,0
2026-03-05T09:15:00+05:30,273.25,274.4,271.5,273.9,1784,0
2026-03-05T09:30:00+05:30,273.45,273.45,271.85,272.25,152,0
2026-03-05T09:45:00+05:30,272.25,274.3,272.25,273.45,1052,0
2026-03-05T10:00:00+05:30,273.45,274.25,273.45,274.25,124,0
2026-03-05T10:15:00+05:30,274.25,274.25,273.05,273.05,183,0
2026-03-05T10:30:00+05:30,273.05,274.05,273.05,273.1,768,0
2026-03-05T10:45:00+05:30,273.1,277.95,273.1,277.05,1647,0
2026-03-05T11:00:00+05:30,279.2,280.4,278.4,278.8,822,0
2026-03-05T11:15:00+05:30,278.8,278.8,278.55,278.8,776,0
2026-03-05T11:30:00+05:30,278.3,278.8,277.0,278.15,1197,0
2026-03-05T11:45:00+05:30,278.15,278.15,277.2,277.2,41,0
2026-03-05T12:00:00+05:30,276.6,276.6,274.8,274.8,3569,0
2026-03-05T12:15:00+05:30,274.8,274.95,274.65,274.95,130,0
2026-03-05T12:30:00+05:30,274.95,275.35,274.7,275.0,22,0
2026-03-05T12:45:00+05:30,275.2,275.2,275.2,275.2,4,0
2026-03-05T13:00:00+05:30,275.6,275.6,275.55,275.55,38,0
2026-03-05T13:15:00+05:30,275.55,275.55,275.55,275.55,0,0
2026-03-05T13:30:00+05:30,275.55,275.55,274.35,275.05,72,0
2026-03-05T13:45:00+05:30,275.15,275.15,274.7,275.1,247,0
2026-03-05T14:00:00+05:30,275.1,275.1,270.3,270.75,3494,0
2026-03-05T14:15:00+05:30,270.35,273.0,270.35,273.0,729,0
2026-03-05T14:30:00+05:30,273.0,273.8,273.0,273.8,97,0
2026-03-05T14:45:00+05:30,273.8,275.95,273.55,275.95,3994,0
2026-03-05T15:00:00+05:30,275.95,276.95,273.9,273.9,3185,0
2026-03-05T15:15:00+05:30,273.9,276.6,271.85,273.35,850,0
2026-03-06T09:15:00+05:30,274.35,275.95,274.35,275.15,1226,0
2026-03-06T09:30:00+05:30,275.15,275.55,274.35,274.35,148,0
2026-03-06T09:45:00+05:30,274.35,275.0,274.35,275.0,5,0
2026-03-06T10:00:00+05:30,275.0,275.0,274.05,275.0,449,0
2026-03-06T10:15:00+05:30,275.0,275.0,275.0,275.0,0,0
2026-03-06T10:30:00+05:30,275.0,277.45,274.05,277.45,2394,0
2026-03-06T10:45:00+05:30,278.3,278.35,273.3,274.8,2931,0
2026-03-06T11:00:00+05:30,274.8,274.8,274.0,274.35,74,0
2026-03-06T11:15:00+05:30,274.35,275.35,273.3,275.35,1086,0
2026-03-06T11:30:00+05:30,275.35,275.35,274.6,275.35,23,0
2026-03-06T11:45:00+05:30,275.35,275.8,274.9,274.9,1571,0
2026-03-06T12:00:00+05:30,274.9,275.8,274.9,275.25,12,0
2026-03-06T12:15:00+05:30,275.25,275.25,275.1,275.25,23,0
2026-03-06T12:30:00+05:30,275.25,276.0,275.2,276.0,125,0
2026-03-06T12:45:00+05:30,276.0,276.75,276.0,276.75,35,0
2026-03-06T13:00:00+05:30,276.75,276.75,275.25,275.25,519,0
2026-03-06T13:15:00+05:30,275.25,276.7,275.25,276.7,360,0
2026-03-06T13:30:00+05:30,277.4,277.4,276.6,276.6,168,0
2026-03-06T13:45:00+05:30,276.6,276.6,275.7,275.7,52,0
2026-03-06T14:00:00+05:30,275.7,276.55,275.7,276.55,340,0
2026-03-06T14:15:00+05:30,276.55,276.55,275.7,275.75,189,0
2026-03-06T14:30:00+05:30,275.75,275.75,274.15,275.65,3026,0
2026-03-06T14:45:00+05:30,275.65,275.8,275.65,275.8,305,0
2026-03-06T15:00:00+05:30,275.8,276.35,275.0,276.25,1678,0
2026-03-06T15:15:00+05:30,275.95,277.5,275.0,275.0,1985,0
2026-03-09T09:15:00+05:30,270.05,276.65,265.05,269.8,6061,0
2026-03-09T09:30:00+05:30,270.45,271.0,266.6,266.6,2067,0
2026-03-09T09:45:00+05:30,266.6,268.9,265.0,265.3,6778,0
2026-03-09T10:00:00+05:30,265.3,267.0,265.0,265.0,2821,0
2026-03-09T10:15:00+05:30,265.0,267.0,265.0,265.35,1136,0
2026-03-09T10:30:00+05:30,265.7,266.95,264.5,264.9,4072,0
2026-03-09T10:45:00+05:30,265.0,265.95,265.0,265.0,1084,0
2026-03-09T11:00:00+05:30,265.0,265.65,264.3,264.9,721,0
2026-03-09T11:15:00+05:30,264.9,266.0,264.0,265.95,2144,0
2026-03-09T11:30:00+05:30,266.4,267.45,266.35,266.4,226,0
2026-03-09T11:45:00+05:30,266.4,267.45,266.05,267.0,2277,0
2026-03-09T12:00:00+05:30,267.0,267.45,266.35,266.95,294,0
2026-03-09T12:15:00+05:30,266.95,267.3,266.45,267.15,47,0
2026-03-09T12:30:00+05:30,267.15,267.6,266.35,267.6,129,0
2026-03-09T12:45:00+05:30,267.6,268.05,267.5,268.05,198,0
2026-03-09T13:00:00+05:30,267.95,267.95,266.35,266.5,697,0
2026-03-09T13:15:00+05:30,266.5,271.7,266.0,271.45,7230,0
2026-03-09T13:30:00+05:30,272.2,272.4,271.45,272.4,1465,0
2026-03-09T13:45:00+05:30,272.4,272.85,272.0,272.0,3467,0
2026-03-09T14:00:00+05:30,272.25,272.25,269.6,269.6,1167,0
2026-03-09T14:15:00+05:30,269.6,274.85,269.6,274.75,5636,0
2026-03-09T14:30:00+05:30,274.8,275.85,274.0,274.0,7261,0
2026-03-09T14:45:00+05:30,273.15,273.7,272.55,273.0,95,0
2026-03-09T15:00:00+05:30,273.45,285.0,272.65,283.9,7276,0
2026-03-09T15:15:00+05:30,283.8,286.25,279.5,279.5,4317,0
2026-03-10T09:15:00+05:30,282.0,282.0,276.1,276.7,1773,0
2026-03-10T09:30:00+05:30,276.1,276.1,275.05,276.0,454,0
2026-03-10T09:45:00+05:30,275.65,276.6,273.9,275.05,1873,0
2026-03-10T10:00:00+05:30,275.05,275.6,273.55,275.2,518,0
2026-03-10T10:15:00+05:30,275.2,276.4,273.1,273.1,767,0
2026-03-10T10:30:00+05:30,275.4,275.6,274.0,274.0,753,0
2026-03-10T10:45:00+05:30,274.0,275.35,274.0,275.05,306,0
2026-03-10T11:00:00+05:30,275.1,276.45,274.75,275.95,965,0
2026-03-10T11:15:00+05:30,275.95,275.95,274.35,274.9,479,0
2026-03-10T11:30:00+05:30,274.9,275.95,274.9,275.0,445,0
2026-03-10T11:45:00+05:30,275.0,275.1,274.15,274.15,200,0
2026-03-10T12:00:00+05:30,275.4,276.4,275.25,276.3,696,0
2026-03-10T12:15:00+05:30,276.3,276.3,275.6,275.6,41,0
2026-03-10T12:30:00+05:30,275.6,276.0,275.0,276.0,368,0
2026-03-10T12:45:00+05:30,276.0,276.45,275.3,276.45,347,0
2026-03-10T13:00:00+05:30,276.45,277.15,276.05,277.0,853,0
2026-03-10T13:15:00+05:30,277.0,278.8,277.0,278.3,319,0
2026-03-10T13:30:00+05:30,278.3,279.0,277.7,279.0,233,0
2026-03-10T13:45:00+05:30,279.0,279.0,279.0,279.0,0,0
2026-03-10T14:00:00+05:30,278.9,278.9,277.4,277.4,728,0
2026-03-10T14:15:00+05:30,278.1,279.0,277.3,278.15,607,0
2026-03-10T14:30:00+05:30,278.35,278.5,277.2,277.55,336,0
2026-03-10T14:45:00+05:30,277.55,277.55,276.05,276.85,1111,0
2026-03-10T15:00:00+05:30,276.85,277.0,276.3,276.55,381,0
2026-03-10T15:15:00+05:30,276.6,277.0,274.65,275.0,6373,0
2026-03-11T09:15:00+05:30,276.5,277.25,276.4,277.05,1799,0
2026-03-11T09:30:00+05:30,277.05,278.0,276.1,276.1,1146,0
2026-03-11T09:45:00+05:30,276.1,277.7,276.1,277.7,178,0
2026-03-11T10:00:00+05:30,277.7,277.8,277.1,277.1,477,0
2026-03-11T10:15:00+05:30,277.1,278.0,276.35,276.35,576,0
2026-03-11T10:30:00+05:30,276.35,277.4,276.35,277.2,275,0
2026-03-11T10:45:00+05:30,277.2,277.2,275.5,275.5,589,0
2026-03-11T11:00:00+05:30,275.5,276.5,275.5,276.1,992,0
2026-03-11T11:15:00+05:30,276.1,276.6,275.8,276.55,164,0
2026-03-11T11:30:00+05:30,276.55,276.55,276.55,276.55,0,0
2026-03-11T11:45:00+05:30,276.55,276.55,275.0,275.4,727,0
2026-03-11T12:00:00+05:30,275.4,275.95,275.4,275.55,559,0
2026-03-11T12:15:00+05:30,275.55,275.65,275.55,275.6,48,0
2026-03-11T12:30:00+05:30,275.6,275.6,274.3,274.4,1873,0
2026-03-11T12:45:00+05:30,274.4,274.5,274.4,274.5,2,0
2026-03-11T13:00:00+05:30,274.5,274.55,274.0,274.15,107,0
2026-03-11T13:15:00+05:30,274.15,274.4,273.75,274.4,11,0
2026-03-11T13:30:00+05:30,274.45,274.8,274.05,274.05,49,0
2026-03-11T13:45:00+05:30,274.05,274.45,274.05,274.1,269,0
2026-03-11T14:00:00+05:30,274.1,274.4,273.05,273.05,586,0
2026-03-11T14:15:00+05:30,273.75,274.85,273.75,274.85,688,0
2026-03-11T14:30:00+05:30,274.85,274.9,274.85,274.85,47,0
2026-03-11T14:45:00+05:30,274.85,274.85,273.95,274.15,279,0
2026-03-11T15:00:00+05:30,274.15,275.0,273.85,274.9,1140,0
2026-03-11T15:15:00+05:30,273.95,274.15,271.35,271.35,3324,0
2026-03-12T09:15:00+05:30,274.8,274.8,268.3,270.2,3486,0
2026-03-12T09:30:00+05:30,270.5,270.5,269.35,269.55,330,0
2026-03-12T09:45:00+05:30,269.55,270.9,269.5,270.85,393,0
2026-03-12T10:00:00+05:30,270.85,270.85,269.5,269.5,76,0
2026-03-12T10:15:00+05:30,269.5,269.5,267.3,268.6,1178,0
2026-03-12T10:30:00+05:30,268.6,269.5,268.6,269.4,462,0
2026-03-12T10:45:00+05:30,269.35,269.45,267.0,268.0,1313,0
2026-03-12T11:00:00+05:30,269.0,271.5,268.85,271.5,3143,0
2026-03-12T11:15:00+05:30,271.5,271.7,271.0,271.0,2100,0
2026-03-12T11:30:00+05:30,271.0,271.3,271.0,271.3,113,0
2026-03-12T11:45:00+05:30,271.3,271.3,271.3,271.3,29,0
2026-03-12T12:00:00+05:30,271.5,272.0,270.8,272.0,1086,0
2026-03-12T12:15:00+05:30,272.0,272.35,271.55,272.35,2,0
2026-03-12T12:30:00+05:30,272.4,273.1,272.4,273.1,521,0
2026-03-12T12:45:00+05:30,273.1,273.25,273.0,273.0,162,0
2026-03-12T13:00:00+05:30,273.0,273.05,273.0,273.0,141,0
2026-03-12T13:15:00+05:30,273.0,273.0,271.7,271.7,782,0
2026-03-12T13:30:00+05:30,271.7,271.7,270.0,270.35,623,0
2026-03-12T13:45:00+05:30,270.35,270.5,270.0,270.0,543,0
2026-03-12T14:00:00+05:30,270.0,270.55,269.5,270.0,1400,0
2026-03-12T14:15:00+05:30,270.0,270.7,269.0,269.75,446,0
2026-03-12T14:30:00+05:30,269.75,270.8,269.75,270.8,129,0
2026-03-12T14:45:00+05:30,270.1,270.1,268.0,269.9,6417,0
2026-03-12T15:00:00+05:30,269.9,270.35,269.45,270.35,188,0
2026-03-12T15:15:00+05:30,269.95,272.5,268.0,272.45,1508,0
2026-03-13T09:15:00+05:30,268.85,268.85,265.3,268.6,2977,0
2026-03-13T09:30:00+05:30,268.55,268.6,266.25,266.25,958,0
2026-03-13T09:45:00+05:30,266.25,267.3,266.1,266.8,973,0
2026-03-13T10:00:00+05:30,266.8,267.05,266.0,266.0,1320,0
2026-03-13T10:15:00+05:30,266.0,266.6,265.05,266.6,953,0
2026-03-13T10:30:00+05:30,266.6,268.05,266.6,267.2,821,0
2026-03-13T10:45:00+05:30,267.2,267.2,266.0,266.6,502,0
2026-03-13T11:00:00+05:30,266.6,267.0,266.0,266.55,307,0
2026-03-13T11:15:00+05:30,266.55,266.95,266.25,266.8,188,0
2026-03-13T11:30:00+05:30,266.8,268.05,266.8,267.9,191,0
2026-03-13T11:45:00+05:30,267.9,267.9,267.6,267.6,6,0
2026-03-13T12:00:00+05:30,267.55,267.6,267.0,267.4,183,0
2026-03-13T12:15:00+05:30,267.4,267.4,266.5,267.4,359,0
2026-03-13T12:30:00+05:30,267.4,267.4,266.0,266.95,1909,0
2026-03-13T12:45:00+05:30,266.95,267.35,265.8,265.8,533,0
2026-03-13T13:00:00+05:30,265.8,267.4,265.8,267.4,416,0
2026-03-13T13:15:00+05:30,267.4,267.45,266.45,266.6,655,0
2026-03-13T13:30:00+05:30,266.6,267.65,266.6,267.65,109,0
2026-03-13T13:45:00+05:30,268.15,268.35,267.0,267.9,394,0
2026-03-13T14:00:00+05:30,267.9,269.4,267.85,268.85,282,0
2026-03-13T14:15:00+05:30,269.05,269.05,269.05,269.05,10,0
2026-03-13T14:30:00+05:30,269.05,270.75,269.05,270.55,245,0
2026-03-13T14:45:00+05:30,270.5,270.65,268.05,268.05,1323,0
2026-03-13T15:00:00+05:30,268.05,270.7,268.05,270.05,3128,0
2026-03-13T15:15:00+05:30,270.65,270.65,267.1,270.0,3407,0
2026-03-16T09:15:00+05:30,268.35,270.0,261.95,262.0,8392,0
2026-03-16T09:30:00+05:30,262.0,264.4,261.6,262.85,3623,0
2026-03-16T09:45:00+05:30,262.9,263.0,261.0,261.1,2362,0
2026-03-16T10:00:00+05:30,261.1,262.0,259.1,259.65,2097,0
2026-03-16T10:15:00+05:30,259.9,260.0,258.0,258.0,1214,0
2026-03-16T10:30:00+05:30,258.05,258.55,257.3,258.4,683,0
2026-03-16T10:45:00+05:30,258.4,258.7,258.15,258.7,119,0
2026-03-16T11:00:00+05:30,258.7,259.6,258.15,258.7,769,0
2026-03-16T11:15:00+05:30,258.7,258.7,258.5,258.5,721,0
2026-03-16T11:30:00+05:30,258.5,258.5,257.0,258.1,1399,0
2026-03-16T11:45:00+05:30,258.1,258.1,256.8,258.0,895,0
2026-03-16T12:00:00+05:30,258.0,258.45,256.2,256.2,1031,0
2026-03-16T12:15:00+05:30,258.05,258.05,256.2,257.15,242,0
2026-03-16T12:30:00+05:30,257.15,257.15,255.65,255.65,1675,0
2026-03-16T12:45:00+05:30,255.65,256.0,255.0,255.8,490,0
2026-03-16T13:00:00+05:30,255.8,257.0,255.5,257.0,2055,0
2026-03-16T13:15:00+05:30,256.95,258.35,256.95,258.0,756,0
2026-03-16T13:30:00+05:30,258.0,258.45,257.05,258.15,2327,0
2026-03-16T13:45:00+05:30,258.15,258.5,258.0,258.05,708,0
2026-03-16T14:00:00+05:30,258.05,258.5,258.05,258.5,1894,0
2026-03-16T14:15:00+05:30,258.5,259.0,258.05,259.0,665,0
2026-03-16T14:30:00+05:30,258.9,259.75,258.9,259.75,483,0
2026-03-16T14:45:00+05:30,259.1,261.9,259.05,260.8,723,0
2026-03-16T15:00:00+05:30,260.85,261.0,257.0,258.85,4620,0
2026-03-16T15:15:00+05:30,258.85,259.0,252.0,255.8,17577,0
2026-03-17T09:15:00+05:30,250.0,257.8,250.0,257.45,2376,0
2026-03-17T09:30:00+05:30,257.45,259.25,257.05,258.2,828,0
2026-03-17T09:45:00+05:30,258.2,259.3,258.2,259.3,232,0
2026-03-17T10:00:00+05:30,259.3,259.6,259.05,259.1,661,0
2026-03-17T10:15:00+05:30,259.1,260.5,259.0,259.0,680,0
2026-03-17T10:30:00+05:30,259.35,259.7,258.65,259.1,316,0
2026-03-17T10:45:00+05:30,259.1,261.45,259.1,259.65,536,0
2026-03-17T11:00:00+05:30,259.65,260.05,259.15,259.15,94,0
2026-03-17T11:15:00+05:30,259.15,259.8,258.2,258.2,351,0
2026-03-17T11:30:00+05:30,258.2,258.45,258.05,258.05,111,0
2026-03-17T11:45:00+05:30,258.05,259.2,258.05,258.25,1077,0
2026-03-17T12:00:00+05:30,258.25,258.5,258.0,258.5,224,0
2026-03-17T12:15:00+05:30,258.5,258.5,257.75,258.0,654,0
2026-03-17T12:30:00+05:30,258.0,258.5,258.0,258.5,162,0
2026-03-17T12:45:00+05:30,258.5,258.7,257.35,258.7,939,0
2026-03-17T13:00:00+05:30,259.65,262.4,259.65,261.95,2674,0
2026-03-17T13:15:00+05:30,261.95,267.0,261.95,266.45,3771,0
2026-03-17T13:30:00+05:30,265.9,268.05,265.9,266.4,3630,0
2026-03-17T13:45:00+05:30,266.4,266.7,265.8,265.8,154,0
2026-03-17T14:00:00+05:30,265.8,268.7,265.8,267.25,653,0
2026-03-17T14:15:00+05:30,267.25,267.25,266.05,266.05,1429,0
2026-03-17T14:30:00+05:30,266.95,267.5,264.65,264.65,6810,0
2026-03-17T14:45:00+05:30,264.65,264.75,263.0,263.55,2396,0
2026-03-17T15:00:00+05:30,263.5,264.05,263.0,263.0,709,0
2026-03-17T15:15:00+05:30,263.4,264.6,262.0,262.3,10221,0
2026-03-18T09:15:00+05:30,262.55,266.0,262.55,265.45,1902,0
2026-03-18T09:30:00+05:30,265.45,267.15,265.45,267.15,909,0
2026-03-18T09:45:00+05:30,267.15,268.0,266.9,267.3,1580,0
2026-03-18T10:00:00+05:30,267.7,267.95,267.25,267.95,1253,0
2026-03-18T10:15:00+05:30,267.95,269.55,267.95,269.1,1860,0
2026-03-18T10:30:00+05:30,269.1,271.7,269.1,271.0,4928,0
2026-03-18T10:45:00+05:30,271.45,272.0,270.95,271.5,2440,0
2026-03-18T11:00:00+05:30,271.95,272.0,271.65,271.95,1242,0
2026-03-18T11:15:00+05:30,271.95,272.9,271.95,272.9,1825,0
2026-03-18T11:30:00+05:30,272.9,272.9,271.45,272.7,1396,0
2026-03-18T11:45:00+05:30,272.7,272.7,272.05,272.7,728,0
2026-03-18T12:00:00+05:30,272.7,272.75,271.55,272.05,848,0
2026-03-18T12:15:00+05:30,272.05,272.05,270.0,270.0,308,0
2026-03-18T12:30:00+05:30,270.0,270.0,269.65,269.65,455,0
2026-03-18T12:45:00+05:30,269.65,273.4,269.65,272.7,2564,0
2026-03-18T13:00:00+05:30,272.8,273.4,271.8,272.9,6926,0
2026-03-18T13:15:00+05:30,272.9,273.6,272.5,272.75,6619,0
2026-03-18T13:30:00+05:30,272.75,272.75,272.0,272.0,1068,0
2026-03-18T13:45:00+05:30,272.0,272.0,270.65,271.2,325,0
2026-03-18T14:00:00+05:30,271.2,271.4,270.45,271.2,164,0
2026-03-18T14:15:00+05:30,270.95,273.15,270.95,273.15,1904,0
2026-03-18T14:30:00+05:30,273.45,273.6,273.0,273.0,1760,0
2026-03-18T14:45:00+05:30,273.0,273.8,273.0,273.15,294,0
2026-03-18T15:00:00+05:30,273.15,273.8,273.0,273.1,1691,0
2026-03-18T15:15:00+05:30,273.05,273.75,273.0,273.65,1950,0
2026-03-19T09:15:00+05:30,270.0,270.0,263.4,269.6,4161,0
2026-03-19T09:30:00+05:30,268.8,269.45,267.45,268.0,817,0
2026-03-19T09:45:00+05:30,268.0,269.15,268.0,268.75,294,0
2026-03-19T10:00:00+05:30,268.75,269.1,268.6,269.1,148,0
2026-03-19T10:15:00+05:30,269.1,269.15,269.0,269.0,3,0
2026-03-19T10:30:00+05:30,269.0,269.25,269.0,269.0,13,0
2026-03-19T10:45:00+05:30,269.0,269.4,268.65,269.3,308,0
2026-03-19T11:00:00+05:30,269.0,269.0,268.35,268.9,317,0
2026-03-19T11:15:00+05:30,268.7,269.0,268.45,268.95,234,0
2026-03-19T11:30:00+05:30,268.95,268.95,266.0,267.15,2066,0
2026-03-19T11:45:00+05:30,267.15,268.45,266.75,268.05,476,0
2026-03-19T12:00:00+05:30,268.05,268.05,266.8,266.85,241,0
2026-03-19T12:15:00+05:30,266.85,267.0,263.3,265.3,4578,0
2026-03-19T12:30:00+05:30,265.3,265.3,264.3,265.15,163,0
2026-03-19T12:45:00+05:30,265.15,265.8,265.15,265.8,195,0
2026-03-19T13:00:00+05:30,265.8,265.9,264.95,264.95,124,0
2026-03-19T13:15:00+05:30,264.95,264.95,263.95,263.95,184,0
2026-03-19T13:30:00+05:30,263.95,264.0,263.3,263.3,664,0
2026-03-19T13:45:00+05:30,263.3,263.8,261.35,261.75,2505,0
2026-03-19T14:00:00+05:30,261.25,262.8,260.8,260.8,560,0
2026-03-19T14:15:00+05:30,262.0,262.2,260.55,260.55,407,0
2026-03-19T14:30:00+05:30,260.55,261.4,260.55,261.15,139,0
2026-03-19T14:45:00+05:30,260.55,261.2,260.0,260.95,492,0
2026-03-19T15:00:00+05:30,260.95,261.2,259.5,259.5,1983,0
2026-03-19T15:15:00+05:30,259.65,261.85,257.9,260.0,2681,0
2026-03-20T09:15:00+05:30,260.9,266.6,260.9,266.6,740,0
2026-03-20T09:30:00+05:30,267.0,267.45,263.05,263.05,1487,0
2026-03-20T09:45:00+05:30,263.75,263.8,263.0,263.8,220,0
2026-03-20T10:00:00+05:30,263.35,266.2,263.0,266.1,1431,0
2026-03-20T10:15:00+05:30,266.1,267.0,266.0,267.0,1008,0
2026-03-20T10:30:00+05:30,267.0,267.05,266.8,267.0,748,0
2026-03-20T10:45:00+05:30,267.0,267.2,265.3,265.3,1513,0
2026-03-20T11:00:00+05:30,265.3,265.6,264.8,264.8,100,0
2026-03-20T11:15:00+05:30,264.8,264.8,264.1,264.35,65,0
2026-03-20T11:30:00+05:30,263.75,264.35,263.55,263.55,46,0
2026-03-20T11:45:00+05:30,263.55,263.95,263.15,263.45,479,0
2026-03-20T12:00:00+05:30,263.45,263.45,261.8,261.8,1963,0
2026-03-20T12:15:00+05:30,261.8,262.3,261.8,261.8,29,0
2026-03-20T12:30:00+05:30,261.8,261.8,261.55,261.65,72,0
2026-03-20T12:45:00+05:30,261.65,261.65,261.65,261.65,0,0
2026-03-20T13:00:00+05:30,261.65,262.2,261.65,262.0,334,0
2026-03-20T13:15:00+05:30,262.0,262.0,261.0,261.1,611,0
2026-03-20T13:30:00+05:30,261.1,261.95,261.1,261.85,35,0
2026-03-20T13:45:00+05:30,261.3,261.9,261.0,261.85,174,0
2026-03-20T14:00:00+05:30,261.95,262.3,261.25,261.25,259,0
2026-03-20T14:15:00+05:30,261.25,261.25,261.25,261.25,139,0
2026-03-20T14:30:00+05:30,261.25,263.0,259.5,259.5,11459,0
2026-03-20T14:45:00+05:30,259.45,262.05,258.65,262.0,9673,0
2026-03-20T15:00:00+05:30,262.3,263.0,260.8,262.95,3451,0
2026-03-20T15:15:00+05:30,262.95,263.0,259.5,263.0,5352,0
2026-03-23T09:15:00+05:30,258.7,260.0,255.5,256.55,1611,0
2026-03-23T09:30:00+05:30,256.55,256.55,256.0,256.3,159,0
2026-03-23T09:45:00+05:30,256.3,256.3,254.65,254.65,1572,0
2026-03-23T10:00:00+05:30,254.65,255.4,253.05,254.0,2405,0
2026-03-23T10:15:00+05:30,254.0,255.45,254.0,254.2,1651,0
2026-03-23T10:30:00+05:30,254.2,254.65,253.65,254.4,106,0
2026-03-23T10:45:00+05:30,254.2,254.3,253.05,253.85,1205,0
2026-03-23T11:00:00+05:30,253.85,254.55,253.85,253.9,90,0
2026-03-23T11:15:00+05:30,253.85,255.65,253.05,255.6,22975,0
2026-03-23T11:30:00+05:30,255.35,255.65,254.65,255.3,247,0
2026-03-23T11:45:00+05:30,255.3,255.35,254.35,254.9,330,0
2026-03-23T12:00:00+05:30,255.0,255.7,254.9,254.95,1115,0
2026-03-23T12:15:00+05:30,254.95,255.1,254.2,255.1,534,0
2026-03-23T12:30:00+05:30,254.3,255.65,254.3,255.65,1093,0
2026-03-23T12:45:00+05:30,255.65,255.65,254.85,254.85,104,0
2026-03-23T13:00:00+05:30,254.85,255.15,254.4,254.8,509,0
2026-03-23T13:15:00+05:30,254.45,255.15,253.55,254.95,2173,0
2026-03-23T13:30:00+05:30,254.95,255.3,254.95,255.3,8,0
2026-03-23T13:45:00+05:30,255.3,255.4,255.3,255.35,81,0
2026-03-23T14:00:00+05:30,255.35,255.65,254.95,255.1,759,0
2026-03-23T14:15:00+05:30,255.1,255.35,254.9,254.95,268,0
2026-03-23T14:30:00+05:30,254.6,255.0,254.4,254.4,263,0
2026-03-23T14:45:00+05:30,254.4,254.85,254.4,254.4,40,0
2026-03-23T15:00:00+05:30,254.7,254.7,253.0,253.0,2915,0
2026-03-23T15:15:00+05:30,254.15,254.15,252.55,252.55,2071,0
2026-03-24T09:15:00+05:30,256.1,263.0,256.1,257.25,1475,0
2026-03-24T09:30:00+05:30,258.05,258.05,256.25,257.3,2001,0
2026-03-24T09:45:00+05:30,256.55,257.05,256.25,257.05,588,0
2026-03-24T10:00:00+05:30,257.05,257.25,256.25,257.2,10047,0
2026-03-24T10:15:00+05:30,257.2,257.3,257.0,257.0,3,0
2026-03-24T10:30:00+05:30,257.0,257.7,257.0,257.55,266,0
2026-03-24T10:45:00+05:30,257.55,257.6,257.3,257.3,6,0
2026-03-24T11:00:00+05:30,257.3,257.5,256.7,256.7,120,0
2026-03-24T11:15:00+05:30,256.7,257.5,256.7,257.5,148,0
2026-03-24T11:30:00+05:30,257.5,257.5,256.65,257.5,287,0
2026-03-24T11:45:00+05:30,257.5,258.45,257.5,258.45,305,0
2026-03-24T12:00:00+05:30,259.2,259.2,258.4,259.0,845,0
2026-03-24T12:15:00+05:30,259.0,260.25,259.0,259.0,369,0
2026-03-24T12:30:00+05:30,259.0,260.3,258.9,259.8,283,0
2026-03-24T12:45:00+05:30,259.6,259.65,258.6,259.2,334,0
2026-03-24T13:00:00+05:30,259.2,259.55,258.8,259.55,65,0
2026-03-24T13:15:00+05:30,259.0,259.0,259.0,259.0,40,0
2026-03-24T13:30:00+05:30,259.35,259.45,259.15,259.15,224,0
2026-03-24T13:45:00+05:30,259.15,259.85,258.95,259.0,1045,0
2026-03-24T14:00:00+05:30,259.0,259.65,258.6,259.65,110,0
2026-03-24T14:15:00+05:30,259.65,259.65,258.05,258.05,141,0
2026-03-24T14:30:00+05:30,258.25,258.45,257.65,258.45,878,0
2026-03-24T14:45:00+05:30,258.45,258.45,256.25,256.3,9458,0
2026-03-24T15:00:00+05:30,257.7,258.15,256.4,256.75,1107,0
2026-03-24T15:15:00+05:30,257.3,257.65,255.0,255.0,3060,0
2026-03-25T09:15:00+05:30,258.1,262.2,258.1,261.7,1825,0
2026-03-25T09:30:00+05:30,261.7,262.45,261.2,261.25,207,0
2026-03-25T09:45:00+05:30,261.25,262.4,260.85,261.0,680,0
2026-03-25T10:00:00+05:30,261.0,261.75,260.85,260.95,1170,0
2026-03-25T10:15:00+05:30,260.75,261.0,260.6,260.7,1125,0
2026-03-25T10:30:00+05:30,260.7,261.3,260.7,261.3,194,0
2026-03-25T10:45:00+05:30,261.6,261.65,259.55,259.55,710,0
2026-03-25T11:00:00+05:30,259.5,261.3,259.45,260.65,2615,0
2026-03-25T11:15:00+05:30,260.65,260.65,260.5,260.5,50,0
2026-03-25T11:30:00+05:30,260.5,260.5,259.55,260.45,1480,0
2026-03-25T11:45:00+05:30,260.45,260.7,259.55,259.55,350,0
2026-03-25T12:00:00+05:30,259.55,260.4,259.55,260.4,152,0
2026-03-25T12:15:00+05:30,260.4,260.45,260.4,260.4,110,0
2026-03-25T12:30:00+05:30,260.4,260.75,260.05,260.5,621,0
2026-03-25T12:45:00+05:30,260.5,262.0,260.5,262.0,3129,0
2026-03-25T13:00:00+05:30,262.0,262.0,260.8,261.1,218,0
2026-03-25T13:15:00+05:30,261.1,261.1,261.1,261.1,0,0
2026-03-25T13:30:00+05:30,261.1,261.1,261.1,261.1,0,0
2026-03-25T13:45:00+05:30,261.1,261.35,261.05,261.2,79,0
2026-03-25T14:00:00+05:30,261.2,262.1,260.55,260.9,801,0
2026-03-25T14:15:00+05:30,260.9,261.1,260.55,260.55,309,0
2026-03-25T14:30:00+05:30,260.5,260.9,260.0,260.0,899,0
2026-03-25T14:45:00+05:30,260.0,260.9,260.0,260.0,4844,0
2026-03-25T15:00:00+05:30,260.0,260.6,260.0,260.6,4359,0
2026-03-25T15:15:00+05:30,260.25,260.6,260.0,260.0,2855,0
2026-03-27T09:15:00+05:30,258.85,260.2,257.1,260.0,2351,0
2026-03-27T09:30:00+05:30,260.0,260.0,256.95,257.0,1265,0
2026-03-27T09:45:00+05:30,257.0,257.0,255.75,256.6,99,0
2026-03-27T10:00:00+05:30,256.6,256.6,254.55,254.65,1339,0
2026-03-27T10:15:00+05:30,254.75,256.0,254.75,255.35,1334,0
2026-03-27T10:30:00+05:30,255.25,255.25,254.55,255.2,59,0
2026-03-27T10:45:00+05:30,255.2,255.2,254.75,254.75,142,0
2026-03-27T11:00:00+05:30,254.65,255.0,252.0,252.7,4508,0
2026-03-27T11:15:00+05:30,252.95,253.65,252.4,253.65,1976,0
2026-03-27T11:30:00+05:30,253.5,256.4,253.5,254.7,6659,0
2026-03-27T11:45:00+05:30,254.7,255.4,254.1,254.8,4496,0
2026-03-27T12:00:00+05:30,254.8,254.8,254.0,254.7,530,0
2026-03-27T12:15:00+05:30,254.7,254.9,253.05,254.3,2692,0
2026-03-27T12:30:00+05:30,254.3,254.45,253.3,253.5,323,0
2026-03-27T12:45:00+05:30,253.95,254.35,253.5,254.0,1947,0
2026-03-27T13:00:00+05:30,254.1,254.1,253.5,253.95,85,0
2026-03-27T13:15:00+05:30,253.5,254.4,253.5,254.35,170,0
2026-03-27T13:30:00+05:30,254.35,254.35,253.5,253.5,396,0
2026-03-27T13:45:00+05:30,254.05,254.2,253.95,254.2,422,0
2026-03-27T14:00:00+05:30,254.2,254.2,253.75,253.8,715,0
2026-03-27T14:15:00+05:30,253.8,254.1,253.15,253.8,426,0
2026-03-27T14:30:00+05:30,253.75,253.75,252.5,253.1,2823,0
2026-03-27T14:45:00+05:30,253.1,253.15,252.0,252.0,2632,0
2026-03-27T15:00:00+05:30,251.65,251.95,250.35,250.75,1719,0
2026-03-27T15:15:00+05:30,251.35,252.1,250.0,250.0,7434,0
2026-03-30T09:15:00+05:30,249.0,249.0,236.05,248.45,8500,0
2026-03-30T09:30:00+05:30,248.0,248.95,243.1,245.0,6809,0
2026-03-30T09:45:00+05:30,245.0,245.45,242.35,242.8,3072,0
2026-03-30T10:00:00+05:30,244.25,244.25,239.95,241.2,4376,0
2026-03-30T10:15:00+05:30,240.95,241.55,239.2,240.75,1931,0
2026-03-30T10:30:00+05:30,240.75,240.9,238.05,238.8,6115,0
2026-03-30T10:45:00+05:30,238.8,239.8,237.35,238.0,5561,0
2026-03-30T11:00:00+05:30,238.0,238.55,236.15,236.75,3927,0
2026-03-30T11:15:00+05:30,237.25,238.7,236.95,238.4,3264,0
2026-03-30T11:30:00+05:30,238.4,238.4,235.05,236.2,5245,0
2026-03-30T11:45:00+05:30,236.55,237.4,235.4,235.5,6791,0
2026-03-30T12:00:00+05:30,235.5,239.0,235.5,237.75,8541,0
2026-03-30T12:15:00+05:30,238.8,239.75,236.0,237.75,5675,0
2026-03-30T12:30:00+05:30,237.25,238.3,235.55,237.8,1514,0
2026-03-30T12:45:00+05:30,237.25,237.45,235.0,235.65,4627,0
2026-03-30T13:00:00+05:30,235.65,237.35,235.65,236.6,1700,0
2026-03-30T13:15:00+05:30,236.6,236.8,234.35,235.95,1623,0
2026-03-30T13:30:00+05:30,235.95,236.05,235.0,235.0,878,0
2026-03-30T13:45:00+05:30,235.0,235.2,232.5,233.7,2256,0
2026-03-30T14:00:00+05:30,233.7,236.0,233.7,234.55,2113,0
2026-03-30T14:15:00+05:30,235.05,235.1,234.0,234.0,1863,0
2026-03-30T14:30:00+05:30,234.0,234.05,232.5,232.5,3177,0
2026-03-30T14:45:00+05:30,232.5,234.0,231.0,232.65,4281,0
2026-03-30T15:00:00+05:30,232.65,233.5,232.0,233.5,3331,0
2026-03-30T15:15:00+05:30,233.5,236.0,229.0,229.0,14775,0
2026-04-01T09:15:00+05:30,241.0,250.0,241.0,247.5,4477,0
2026-04-01T09:30:00+05:30,247.5,248.69,245.01,246.26,1635,0
2026-04-01T09:45:00+05:30,246.26,249.99,246.26,248.73,1229,0
2026-04-01T10:00:00+05:30,248.85,250.0,247.14,247.26,2029,0
2026-04-01T10:15:00+05:30,248.05,248.59,246.5,246.74,2083,0
2026-04-01T10:30:00+05:30,246.95,247.46,246.16,247.19,1280,0
2026-04-01T10:45:00+05:30,247.65,248.09,247.31,247.8,482,0
2026-04-01T11:00:00+05:30,247.8,249.99,247.8,249.89,3028,0
2026-04-01T11:15:00+05:30,249.89,259.79,249.75,256.5,14507,0
2026-04-01T11:30:00+05:30,255.43,255.88,253.96,255.88,1266,0
2026-04-01T11:45:00+05:30,255.19,255.31,252.31,252.33,1261,0
2026-04-01T12:00:00+05:30,252.33,253.26,252.33,252.35,376,0
2026-04-01T12:15:00+05:30,252.35,253.77,252.35,253.47,446,0
2026-04-01T12:30:00+05:30,253.15,254.08,252.47,254.08,954,0
2026-04-01T12:45:00+05:30,254.08,254.63,253.43,254.1,401,0
2026-04-01T13:00:00+05:30,254.1,255.34,254.0,254.42,2619,0
2026-04-01T13:15:00+05:30,254.42,254.94,254.11,254.87,172,0
2026-04-01T13:30:00+05:30,254.87,254.88,254.0,254.1,494,0
2026-04-01T13:45:00+05:30,254.1,254.79,254.1,254.79,111,0
2026-04-01T14:00:00+05:30,254.76,255.97,254.76,254.85,787,0
2026-04-01T14:15:00+05:30,254.85,254.85,254.6,254.61,386,0
2026-04-01T14:30:00+05:30,254.85,254.85,254.0,254.6,714,0
2026-04-01T14:45:00+05:30,254.6,254.6,252.0,254.0,8455,0
2026-04-01T15:00:00+05:30,254.0,255.5,253.59,253.59,2042,0
2026-04-01T15:15:00+05:30,254.69,261.99,252.01,254.5,2925,0
2026-04-02T09:15:00+05:30,256.0,258.79,255.0,256.91,6035,0
2026-04-02T09:30:00+05:30,256.91,256.91,255.0,256.11,425,0
2026-04-02T09:45:00+05:30,256.04,257.18,256.04,256.86,267,0
2026-04-02T10:00:00+05:30,256.87,259.96,256.86,259.04,1730,0
2026-04-02T10:15:00+05:30,259.06,259.6,258.42,258.94,484,0
2026-04-02T10:30:00+05:30,258.86,258.92,257.61,258.4,521,0
2026-04-02T10:45:00+05:30,258.4,258.5,258.4,258.5,8,0
2026-04-02T11:00:00+05:30,258.72,258.93,258.5,258.5,137,0
2026-04-02T11:15:00+05:30,258.5,258.5,257.96,257.96,140,0
2026-04-02T11:30:00+05:30,258.36,260.89,258.07,260.27,2813,0
2026-04-02T11:45:00+05:30,260.27,261.5,260.27,261.43,417,0
2026-04-02T12:00:00+05:30,261.5,262.67,261.46,262.0,608,0
2026-04-02T12:15:00+05:30,261.66,261.87,260.14,261.2,544,0
2026-04-02T12:30:00+05:30,261.2,262.38,260.47,261.3,871,0
2026-04-02T12:45:00+05:30,261.3,262.96,261.3,262.93,197,0
2026-04-02T13:00:00+05:30,261.86,263.03,261.85,262.85,1094,0
2026-04-02T13:15:00+05:30,263.2,265.98,263.2,264.87,1462,0
2026-04-02T13:30:00+05:30,264.87,266.79,264.04,266.14,751,0
2026-04-02T13:45:00+05:30,266.14,266.7,264.81,266.33,919,0
2026-04-02T14:00:00+05:30,265.36,266.32,264.5,265.04,976,0
2026-04-02T14:15:00+05:30,265.95,266.0,265.19,266.0,652,0
2026-04-02T14:30:00+05:30,266.05,266.34,264.5,265.59,968,0
2026-04-02T14:45:00+05:30,264.5,265.59,264.17,264.44,490,0
2026-04-02T15:00:00+05:30,264.44,266.99,264.43,265.93,322,0
2026-04-02T15:15:00+05:30,265.99,269.98,265.72,269.98,4991,0
2026-04-06T09:15:00+05:30,271.9,273.01,260.19,261.64,4197,0
2026-04-06T09:30:00+05:30,261.65,267.56,260.98,264.21,2656,0
2026-04-06T09:45:00+05:30,264.34,264.79,260.0,261.76,5480,0
2026-04-06T10:00:00+05:30,261.89,263.03,259.3,261.34,3930,0
2026-04-06T10:15:00+05:30,261.54,264.34,261.28,261.61,1352,0
2026-04-06T10:30:00+05:30,262.28,265.38,262.28,265.38,1782,0
2026-04-06T10:45:00+05:30,265.38,266.0,262.83,264.95,1626,0
2026-04-06T11:00:00+05:30,264.95,265.48,262.0,262.47,1040,0
2026-04-06T11:15:00+05:30,262.47,263.32,262.0,262.5,373,0
2026-04-06T11:30:00+05:30,262.62,263.44,262.31,263.44,324,0
2026-04-06T11:45:00+05:30,263.46,265.0,262.31,264.48,2387,0
2026-04-06T12:00:00+05:30,264.48,264.48,259.88,263.41,6138,0
2026-04-06T12:15:00+05:30,263.24,264.35,262.63,263.77,430,0
2026-04-06T12:30:00+05:30,263.77,264.59,263.23,264.36,164,0
2026-04-06T12:45:00+05:30,264.01,264.01,263.1,263.1,528,0
2026-04-06T13:00:00+05:30,263.44,263.99,262.5,262.99,257,0
2026-04-06T13:15:00+05:30,262.99,263.44,262.41,263.24,436,0
2026-04-06T13:30:00+05:30,263.24,264.04,262.82,264.0,883,0
2026-04-06T13:45:00+05:30,264.0,264.7,264.0,264.7,220,0
2026-04-06T14:00:00+05:30,264.7,266.0,264.58,265.35,1494,0
2026-04-06T14:15:00+05:30,265.35,265.35,264.0,265.3,766,0
2026-04-06T14:30:00+05:30,265.3,265.3,264.45,264.45,38,0
2026-04-06T14:45:00+05:30,264.44,264.7,264.2,264.7,269,0
2026-04-06T15:00:00+05:30,264.7,265.25,264.0,265.25,4716,0
2026-04-06T15:15:00+05:30,265.0,265.5,262.7,264.0,1107,0
2026-04-07T09:15:00+05:30,266.9,273.0,263.03,273.0,3442,0
2026-04-07T09:30:00+05:30,273.0,275.98,271.68,273.5,6271,0
2026-04-07T09:45:00+05:30,273.58,275.21,271.24,273.03,7807,0
2026-04-07T10:00:00+05:30,273.03,274.78,273.0,273.02,528,0
2026-04-07T10:15:00+05:30,273.0,273.85,272.5,273.6,414,0
2026-04-07T10:30:00+05:30,273.6,278.98,273.6,276.26,8468,0
2026-04-07T10:45:00+05:30,276.26,277.25,275.5,277.25,3439,0
2026-04-07T11:00:00+05:30,277.25,277.25,275.5,275.5,2717,0
2026-04-07T11:15:00+05:30,275.5,276.34,274.68,274.72,2686,0
2026-04-07T11:30:00+05:30,274.72,275.41,274.68,275.0,780,0
2026-04-07T11:45:00+05:30,274.32,274.32,271.0,271.68,2765,0
2026-04-07T12:00:00+05:30,271.63,272.26,271.63,272.26,960,0
2026-04-07T12:15:00+05:30,272.26,272.5,271.94,272.03,823,0
2026-04-07T12:30:00+05:30,272.03,275.78,272.03,274.86,5152,0
2026-04-07T12:45:00+05:30,274.91,275.36,273.0,275.0,1202,0
2026-04-07T13:00:00+05:30,275.05,275.13,274.23,274.93,759,0
2026-04-07T13:15:00+05:30,274.93,278.4,274.93,275.66,4417,0
2026-04-07T13:30:00+05:30,277.03,278.2,276.5,278.0,2683,0
2026-04-07T13:45:00+05:30,278.25,279.0,276.5,278.0,4100,0
2026-04-07T14:00:00+05:30,278.0,278.0,276.5,276.5,633,0
2026-04-07T14:15:00+05:30,276.77,277.85,276.51,276.88,815,0
2026-04-07T14:30:00+05:30,276.88,278.74,276.88,278.57,1013,0
2026-04-07T14:45:00+05:30,278.8,280.0,277.4,277.99,4367,0
2026-04-07T15:00:00+05:30,277.99,279.2,277.43,278.91,1949,0
2026-04-07T15:15:00+05:30,278.91,279.65,278.03,278.6,4423,0
2026-04-08T09:15:00+05:30,286.0,289.1,280.2,282.0,11202,0
2026-04-08T09:30:00+05:30,282.0,285.9,281.04,284.58,2235,0
2026-04-08T09:45:00+05:30,284.58,287.75,284.58,286.0,1806,0
2026-04-08T10:00:00+05:30,286.0,286.96,284.62,285.25,1154,0
2026-04-08T10:15:00+05:30,285.62,285.69,284.67,285.0,116,0
2026-04-08T10:30:00+05:30,285.0,287.32,285.0,287.32,491,0
2026-04-08T10:45:00+05:30,287.32,287.74,285.94,287.74,548,0
2026-04-08T11:00:00+05:30,287.23,287.83,286.5,286.6,1281,0
2026-04-08T11:15:00+05:30,286.6,288.0,286.0,286.0,1354,0
2026-04-08T11:30:00+05:30,286.0,287.67,286.0,287.65,284,0
2026-04-08T11:45:00+05:30,287.65,288.0,286.95,286.96,706,0
2026-04-08T12:00:00+05:30,286.98,287.5,286.14,287.5,709,0
2026-04-08T12:15:00+05:30,286.7,289.25,286.69,288.6,3237,0
2026-04-08T12:30:00+05:30,288.6,288.63,287.0,288.46,2563,0
2026-04-08T12:45:00+05:30,288.46,289.4,288.46,288.54,167,0
2026-04-08T13:00:00+05:30,288.54,288.94,288.54,288.94,9,0
2026-04-08T13:15:00+05:30,288.94,288.94,288.47,288.47,234,0
2026-04-08T13:30:00+05:30,288.47,288.94,288.47,288.9,55,0
2026-04-08T13:45:00+05:30,288.83,289.95,287.0,287.5,107873,0
2026-04-08T14:00:00+05:30,287.5,288.0,280.3,280.3,13064,0
2026-04-08T14:15:00+05:30,280.3,281.0,278.1,279.63,10466,0
2026-04-08T14:30:00+05:30,279.63,280.0,278.72,280.0,12676,0
2026-04-08T14:45:00+05:30,280.0,281.0,278.02,278.02,7164,0
2026-04-08T15:00:00+05:30,278.03,279.0,277.3,278.01,3581,0
2026-04-08T15:15:00+05:30,278.0,278.0,273.0,277.5,23769,0
2026-04-09T09:15:00+05:30,275.72,280.99,275.72,278.66,967,0
2026-04-09T09:30:00+05:30,278.81,279.07,276.83,276.83,1177,0
2026-04-09T09:45:00+05:30,276.83,277.98,275.76,276.21,701,0
2026-04-09T10:00:00+05:30,276.21,277.8,276.21,277.42,201,0
2026-04-09T10:15:00+05:30,278.27,279.78,277.95,278.19,523,0
2026-04-09T10:30:00+05:30,278.19,279.29,278.19,279.29,45,0
2026-04-09T10:45:00+05:30,279.29,280.14,277.94,278.0,3188,0
2026-04-09T11:00:00+05:30,277.98,277.98,275.0,275.26,1728,0
2026-04-09T11:15:00+05:30,275.26,275.99,274.06,275.34,581,0
2026-04-09T11:30:00+05:30,275.34,279.78,275.34,278.71,7132,0
2026-04-09T11:45:00+05:30,278.39,279.19,277.99,278.04,1402,0
2026-04-09T12:00:00+05:30,278.99,279.05,277.21,278.76,471,0
2026-04-09T12:15:00+05:30,278.48,278.76,277.61,278.75,665,0
2026-04-09T12:30:00+05:30,278.75,279.0,277.61,278.02,747,0
2026-04-09T12:45:00+05:30,278.02,279.0,275.28,275.88,2706,0
2026-04-09T13:00:00+05:30,275.88,276.8,275.5,275.5,624,0
2026-04-09T13:15:00+05:30,275.5,275.5,274.3,274.3,86,0
2026-04-09T13:30:00+05:30,274.3,275.0,274.3,274.3,382,0
2026-04-09T13:45:00+05:30,274.62,275.19,273.3,273.3,1250,0
2026-04-09T14:00:00+05:30,273.02,273.02,270.6,270.6,8168,0
2026-04-09T14:15:00+05:30,270.6,271.0,265.99,267.47,11443,0
2026-04-09T14:30:00+05:30,267.58,268.39,262.89,263.93,18545,0
2026-04-09T14:45:00+05:30,263.9,265.19,262.5,264.65,2888,0
2026-04-09T15:00:00+05:30,264.85,268.01,262.5,267.13,11460,0
2026-04-09T15:15:00+05:30,267.54,268.12,265.7,266.98,4367,0
2026-04-10T09:15:00+05:30,268.25,272.79,268.24,269.99,3707,0
2026-04-10T09:30:00+05:30,269.8,272.56,269.0,270.9,1310,0
2026-04-10T09:45:00+05:30,270.9,272.39,270.0,271.51,2165,0
2026-04-10T10:00:00+05:30,271.51,271.51,268.94,269.61,542,0
2026-04-10T10:15:00+05:30,269.78,271.2,269.71,270.56,521,0
2026-04-10T10:30:00+05:30,270.56,271.49,270.56,271.18,180,0
2026-04-10T10:45:00+05:30,271.18,271.18,270.0,270.01,648,0
2026-04-10T11:00:00+05:30,270.01,270.82,269.87,269.87,589,0
2026-04-10T11:15:00+05:30,270.1,272.0,269.14,271.32,3332,0
2026-04-10T11:30:00+05:30,271.32,271.69,269.99,271.19,1905,0
2026-04-10T11:45:00+05:30,271.19,271.49,269.51,270.27,751,0
2026-04-10T12:00:00+05:30,270.29,271.5,269.12,271.5,1989,0
2026-04-10T12:15:00+05:30,270.41,272.95,270.02,272.95,1478,0
2026-04-10T12:30:00+05:30,272.95,273.39,271.2,272.39,1740,0
2026-04-10T12:45:00+05:30,272.39,272.39,271.23,271.34,130,0
2026-04-10T13:00:00+05:30,271.37,272.98,271.0,271.63,2550,0
2026-04-10T13:15:00+05:30,271.63,271.63,267.66,267.66,23342,0
2026-04-10T13:30:00+05:30,267.66,267.66,265.99,266.77,3464,0
2026-04-10T13:45:00+05:30,266.79,267.59,266.19,266.2,426,0
2026-04-10T14:00:00+05:30,267.15,267.71,266.6,267.71,363,0
2026-04-10T14:15:00+05:30,267.13,269.3,266.0,266.02,2981,0
2026-04-10T14:30:00+05:30,266.02,266.5,265.55,266.29,471,0
2026-04-10T14:45:00+05:30,266.29,269.3,265.7,268.85,3453,0
2026-04-10T15:00:00+05:30,268.86,270.07,268.0,270.07,5383,0
2026-04-10T15:15:00+05:30,270.24,270.24,267.0,267.0,2324,0
2026-04-13T09:15:00+05:30,265.3,265.3,261.61,265.0,2324,0
2026-04-13T09:30:00+05:30,265.0,266.53,264.34,265.78,844,0
2026-04-13T09:45:00+05:30,265.78,268.48,265.01,268.0,1481,0
2026-04-13T10:00:00+05:30,268.38,268.48,267.31,268.2,1208,0
2026-04-13T10:15:00+05:30,268.2,268.77,267.43,267.6,1289,0
2026-04-13T10:30:00+05:30,268.52,270.59,267.83,268.67,1195,0
2026-04-13T10:45:00+05:30,268.67,270.73,268.67,270.73,1019,0
2026-04-13T11:00:00+05:30,270.72,270.89,268.36,268.36,460,0
2026-04-13T11:15:00+05:30,268.36,271.18,268.33,269.5,185,0
2026-04-13T11:30:00+05:30,269.5,271.17,269.5,270.31,218,0
2026-04-13T11:45:00+05:30,270.31,271.49,270.03,270.03,160,0
2026-04-13T12:00:00+05:30,270.03,271.0,270.03,271.0,54,0
2026-04-13T12:15:00+05:30,270.06,270.56,267.7,268.79,2259,0
2026-04-13T12:30:00+05:30,268.79,268.79,268.48,268.48,3,0
2026-04-13T12:45:00+05:30,268.48,268.79,268.48,268.79,93,0
2026-04-13T13:00:00+05:30,268.79,268.79,264.89,265.0,3849,0
2026-04-13T13:15:00+05:30,264.96,266.98,264.5,264.5,1769,0
2026-04-13T13:30:00+05:30,264.5,265.79,264.5,264.89,3173,0
2026-04-13T13:45:00+05:30,264.89,264.89,264.03,264.12,111,0
2026-04-13T14:00:00+05:30,264.12,265.0,262.95,264.28,2011,0
2026-04-13T14:15:00+05:30,264.19,264.71,262.73,263.56,1458,0
2026-04-13T14:30:00+05:30,264.11,265.0,264.11,264.84,256,0
2026-04-13T14:45:00+05:30,264.84,265.0,264.18,265.0,249,0
2026-04-13T15:00:00+05:30,265.0,265.0,262.5,262.99,1430,0
2026-04-13T15:15:00+05:30,262.85,264.97,260.99,263.0,11135,0
2026-04-15T09:15:00+05:30,263.2,270.0,263.2,267.64,5633,0
2026-04-15T09:30:00+05:30,267.56,268.98,265.5,268.0,3744,0
2026-04-15T09:45:00+05:30,268.0,270.0,267.13,269.58,6925,0
2026-04-15T10:00:00+05:30,269.58,271.0,268.14,270.0,2576,0
2026-04-15T10:15:00+05:30,270.0,273.35,270.0,270.0,5475,0
2026-04-15T10:30:00+05:30,270.0,270.99,269.58,270.99,928,0
2026-04-15T10:45:00+05:30,270.5,270.5,269.38,270.0,290,0
2026-04-15T11:00:00+05:30,270.0,270.0,268.0,268.0,2699,0
2026-04-15T11:15:00+05:30,268.0,269.8,268.0,269.8,1417,0
2026-04-15T11:30:00+05:30,269.8,269.8,268.41,268.41,399,0
2026-04-15T11:45:00+05:30,268.4,269.21,268.4,269.2,1639,0
2026-04-15T12:00:00+05:30,269.0,269.0,267.01,267.57,7162,0
2026-04-15T12:15:00+05:30,267.57,267.99,266.47,266.7,966,0
2026-04-15T12:30:00+05:30,266.7,267.59,266.7,267.5,196,0
2026-04-15T12:45:00+05:30,267.5,268.02,266.0,267.19,2440,0
2026-04-15T13:00:00+05:30,267.19,267.5,267.19,267.5,57,0
2026-04-15T13:15:00+05:30,267.5,268.6,267.5,268.36,1948,0
2026-04-15T13:30:00+05:30,268.36,269.99,267.0,268.48,2672,0
2026-04-15T13:45:00+05:30,269.28,270.0,269.28,269.97,870,0
2026-04-15T14:00:00+05:30,269.97,269.97,269.97,269.97,0,0
2026-04-15T14:15:00+05:30,269.41,270.9,269.0,270.9,2312,0
2026-04-15T14:30:00+05:30,270.9,271.5,270.01,270.01,1303,0
2026-04-15T14:45:00+05:30,270.01,272.37,269.01,270.33,11650,0
2026-04-15T15:00:00+05:30,269.62,270.68,267.3,268.98,3406,0
2026-04-15T15:15:00+05:30,268.99,272.9,268.21,269.0,3234,0
2026-04-16T09:15:00+05:30,273.5,273.99,266.41,271.44,4389,0
2026-04-16T09:30:00+05:30,271.25,271.5,270.17,270.17,1902,0
2026-04-16T09:45:00+05:30,270.17,270.79,269.22,269.22,1352,0
2026-04-16T10:00:00+05:30,269.22,270.78,269.22,270.2,1178,0
2026-04-16T10:15:00+05:30,270.22,271.49,269.65,271.49,1682,0
2026-04-16T10:30:00+05:30,271.49,271.49,270.49,270.49,55,0
2026-04-16T10:45:00+05:30,270.49,271.49,270.44,271.49,885,0
2026-04-16T11:00:00+05:30,270.9,271.55,270.87,270.87,282,0
2026-04-16T11:15:00+05:30,270.87,273.08,270.87,271.54,1162,0
2026-04-16T11:30:00+05:30,271.54,272.16,271.38,271.38,480,0
2026-04-16T11:45:00+05:30,271.42,271.42,269.22,269.55,2720,0
2026-04-16T12:00:00+05:30,269.55,270.65,269.24,269.24,204,0
2026-04-16T12:15:00+05:30,269.24,272.0,269.24,270.99,605,0
2026-04-16T12:30:00+05:30,270.04,272.0,270.03,272.0,1048,0
2026-04-16T12:45:00+05:30,272.0,272.0,271.06,271.55,294,0
2026-04-16T13:00:00+05:30,271.55,271.55,271.55,271.55,0,0
2026-04-16T13:15:00+05:30,271.16,272.0,270.5,272.0,2044,0
2026-04-16T13:30:00+05:30,272.0,272.69,270.41,272.69,1550,0
2026-04-16T13:45:00+05:30,273.99,275.0,273.24,273.61,1871,0
2026-04-16T14:00:00+05:30,273.68,276.0,273.61,275.0,2572,0
2026-04-16T14:15:00+05:30,275.0,275.0,273.31,273.65,588,0
2026-04-16T14:30:00+05:30,273.65,274.99,272.54,273.49,2056,0
2026-04-16T14:45:00+05:30,273.49,275.0,272.9,273.21,3209,0
2026-04-16T15:00:00+05:30,273.62,275.14,271.84,275.11,2437,0
2026-04-16T15:15:00+05:30,275.11,279.0,272.11,279.0,6611,0
2026-04-17T09:15:00+05:30,277.5,277.5,275.0,277.0,2226,0
2026-04-17T09:30:00+05:30,277.01,277.01,273.62,274.11,5484,0
2026-04-17T09:45:00+05:30,274.83,276.39,273.62,274.2,2869,0
2026-04-17T10:00:00+05:30,274.13,275.38,273.0,273.19,1563,0
2026-04-17T10:15:00+05:30,273.24,275.98,273.24,274.85,3876,0
2026-04-17T10:30:00+05:30,274.85,274.85,273.86,274.43,577,0
2026-04-17T10:45:00+05:30,274.96,275.58,274.67,274.76,408,0
2026-04-17T11:00:00+05:30,274.68,274.68,274.01,274.29,285,0
2026-04-17T11:15:00+05:30,274.29,274.61,274.29,274.61,698,0
2026-04-17T11:30:00+05:30,274.74,275.55,274.74,275.55,565,0
2026-04-17T11:45:00+05:30,275.55,275.63,275.24,275.63,150,0
2026-04-17T12:00:00+05:30,275.65,276.46,275.56,275.81,821,0
2026-04-17T12:15:00+05:30,275.81,275.92,274.0,274.0,3922,0
2026-04-17T12:30:00+05:30,274.88,275.98,274.41,274.47,1272,0
2026-04-17T12:45:00+05:30,274.47,274.76,274.01,274.59,754,0
2026-04-17T13:00:00+05:30,274.59,275.0,273.85,275.0,729,0
2026-04-17T13:15:00+05:30,274.49,275.11,274.11,275.0,911,0
2026-04-17T13:30:00+05:30,275.0,275.16,274.87,274.87,275,0
2026-04-17T13:45:00+05:30,274.87,275.44,274.51,275.42,202,0
2026-04-17T14:00:00+05:30,275.35,275.6,275.25,275.53,225,0
2026-04-17T14:15:00+05:30,275.53,275.54,274.81,275.35,343,0
2026-04-17T14:30:00+05:30,275.35,276.24,275.1,276.24,1798,0
2026-04-17T14:45:00+05:30,276.24,276.24,273.85,275.0,3961,0
2026-04-17T15:00:00+05:30,275.0,276.22,275.0,275.99,1552,0
2026-04-17T15:15:00+05:30,275.44,278.0,273.5,276.78,2653,0
2026-04-20T09:15:00+05:30,278.8,278.8,271.15,274.02,3881,0
2026-04-20T09:30:00+05:30,274.32,276.58,272.0,272.87,5391,0
2026-04-20T09:45:00+05:30,272.87,273.57,271.22,273.57,833,0
2026-04-20T10:00:00+05:30,273.52,273.92,271.81,272.42,757,0
2026-04-20T10:15:00+05:30,272.42,274.01,270.52,271.62,3272,0
2026-04-20T10:30:00+05:30,272.3,273.04,272.3,273.04,110,0
2026-04-20T10:45:00+05:30,273.04,274.26,270.27,270.75,2374,0
2026-04-20T11:00:00+05:30,271.43,272.0,271.0,271.15,340,0
2026-04-20T11:15:00+05:30,271.15,273.04,271.15,273.04,1591,0
2026-04-20T11:30:00+05:30,272.8,272.8,272.01,272.01,156,0
2026-04-20T11:45:00+05:30,272.01,272.88,272.01,272.85,552,0
2026-04-20T12:00:00+05:30,272.85,272.85,272.15,272.68,90,0
2026-04-20T12:15:00+05:30,272.68,272.68,271.7,271.7,2075,0
2026-04-20T12:30:00+05:30,271.7,272.38,271.7,272.38,32,0
2026-04-20T12:45:00+05:30,272.38,273.06,271.8,272.68,1179,0
2026-04-20T13:00:00+05:30,272.68,272.68,271.81,272.52,1013,0
2026-04-20T13:15:00+05:30,272.52,272.62,270.5,271.78,3665,0
2026-04-20T13:30:00+05:30,271.78,271.78,270.0,270.0,612,0
2026-04-20T13:45:00+05:30,270.0,271.04,270.0,271.04,23,0
2026-04-20T14:00:00+05:30,271.04,271.19,270.0,270.0,1153,0
2026-04-20T14:15:00+05:30,270.73,271.19,270.72,270.75,1066,0
2026-04-20T14:30:00+05:30,270.75,271.49,270.73,271.23,138,0
2026-04-20T14:45:00+05:30,271.23,271.23,271.23,271.23,0,0
2026-04-20T15:00:00+05:30,271.23,271.76,270.0,271.76,670,0
2026-04-20T15:15:00+05:30,270.8,271.87,268.61,271.0,3970,0
2026-04-21T09:15:00+05:30,273.0,274.13,270.01,271.21,1422,0
2026-04-21T09:30:00+05:30,271.21,271.78,271.18,271.29,380,0
2026-04-21T09:45:00+05:30,271.98,272.79,270.01,271.15,1263,0
2026-04-21T10:00:00+05:30,270.56,272.52,270.02,271.1,1147,0
2026-04-21T10:15:00+05:30,271.1,272.39,271.1,272.39,92,0
2026-04-21T10:30:00+05:30,272.39,272.39,270.94,272.0,1463,0
2026-04-21T10:45:00+05:30,271.96,272.98,271.96,272.98,488,0
2026-04-21T11:00:00+05:30,272.98,273.01,270.02,270.02,1327,0
2026-04-21T11:15:00+05:30,270.75,272.51,270.75,272.5,434,0
2026-04-21T11:30:00+05:30,272.5,272.79,271.51,271.51,267,0
2026-04-21T11:45:00+05:30,271.51,271.57,271.51,271.57,26,0
2026-04-21T12:00:00+05:30,271.57,272.78,271.57,271.87,1579,0
2026-04-21T12:15:00+05:30,271.87,273.0,271.87,272.65,81,0
2026-04-21T12:30:00+05:30,272.65,273.3,272.39,273.3,434,0
2026-04-21T12:45:00+05:30,273.3,273.48,272.49,272.49,84,0
2026-04-21T13:00:00+05:30,272.49,273.23,272.49,272.5,27,0
2026-04-21T13:15:00+05:30,272.5,273.64,272.5,272.96,132,0
2026-04-21T13:30:00+05:30,272.96,273.89,272.96,273.89,86,0
2026-04-21T13:45:00+05:30,273.89,273.89,272.94,272.95,420,0
2026-04-21T14:00:00+05:30,272.87,272.95,272.87,272.95,494,0
2026-04-21T14:15:00+05:30,272.95,272.95,272.49,272.86,40,0
2026-04-21T14:30:00+05:30,272.86,272.95,272.19,272.19,281,0
2026-04-21T14:45:00+05:30,272.19,272.79,272.19,272.79,100,0
2026-04-21T15:00:00+05:30,272.79,273.56,272.76,273.06,566,0
2026-04-21T15:15:00+05:30,273.04,274.0,271.75,274.0,1744,0
2026-04-22T09:15:00+05:30,270.0,274.91,270.0,272.0,3015,0
2026-04-22T09:30:00+05:30,272.02,273.85,272.01,272.87,364,0
2026-04-22T09:45:00+05:30,273.04,273.74,272.8,272.81,725,0
2026-04-22T10:00:00+05:30,272.66,275.94,272.66,274.64,3574,0
2026-04-22T10:15:00+05:30,274.64,275.19,273.15,273.15,1102,0
2026-04-22T10:30:00+05:30,273.15,273.84,272.95,273.84,838,0
2026-04-22T10:45:00+05:30,273.84,274.78,273.84,274.56,125,0
2026-04-22T11:00:00+05:30,274.56,275.5,273.22,273.22,1274,0
2026-04-22T11:15:00+05:30,273.22,274.96,271.56,271.68,2742,0
2026-04-22T11:30:00+05:30,271.68,275.19,271.68,275.19,1513,0
2026-04-22T11:45:00+05:30,275.19,275.19,275.19,275.19,0,0
2026-04-22T12:00:00+05:30,274.16,274.33,274.06,274.23,532,0
2026-04-22T12:15:00+05:30,274.23,277.0,274.23,277.0,3149,0
2026-04-22T12:30:00+05:30,276.01,276.79,275.62,276.16,447,0
2026-04-22T12:45:00+05:30,276.16,278.64,276.16,276.89,1066,0
2026-04-22T13:00:00+05:30,276.89,276.89,276.81,276.81,193,0
2026-04-22T13:15:00+05:30,276.75,277.0,276.19,276.19,738,0
2026-04-22T13:30:00+05:30,276.19,277.15,276.19,276.42,51,0
2026-04-22T13:45:00+05:30,276.42,278.37,276.42,278.37,220,0
2026-04-22T14:00:00+05:30,278.37,280.0,278.37,279.52,1688,0
2026-04-22T14:15:00+05:30,278.31,278.46,278.31,278.45,152,0
2026-04-22T14:30:00+05:30,278.45,280.21,278.45,278.88,2402,0
2026-04-22T14:45:00+05:30,278.88,279.72,278.21,278.21,454,0
2026-04-22T15:00:00+05:30,278.21,280.03,277.0,277.63,2514,0
2026-04-22T15:15:00+05:30,277.93,279.7,277.37,277.54,1156,0
2026-04-23T09:15:00+05:30,278.8,278.8,276.53,276.56,428,0
2026-04-23T09:30:00+05:30,276.57,278.4,276.53,278.4,438,0
2026-04-23T09:45:00+05:30,277.62,279.23,276.5,276.5,1503,0
2026-04-23T10:00:00+05:30,276.55,279.07,276.5,277.86,1207,0
2026-04-23T10:15:00+05:30,277.86,277.86,276.45,277.17,53,0
2026-04-23T10:30:00+05:30,276.46,276.46,275.48,275.5,678,0
2026-04-23T10:45:00+05:30,275.5,275.51,274.01,275.06,386,0
2026-04-23T11:00:00+05:30,274.45,276.39,273.47,274.67,2902,0
2026-04-23T11:15:00+05:30,275.56,275.98,274.39,274.41,219,0
2026-04-23T11:30:00+05:30,274.41,275.4,273.53,273.53,376,0
2026-04-23T11:45:00+05:30,273.53,275.11,273.53,273.71,345,0
2026-04-23T12:00:00+05:30,273.71,274.38,273.71,273.74,10,0
2026-04-23T12:15:00+05:30,273.74,275.99,273.74,274.05,574,0
2026-04-23T12:30:00+05:30,274.05,275.0,274.05,275.0,1,0
2026-04-23T12:45:00+05:30,275.0,275.58,274.14,274.14,253,0
2026-04-23T13:00:00+05:30,274.14,275.35,274.14,274.41,118,0
2026-04-23T13:15:00+05:30,274.41,274.41,274.41,274.41,0,0
2026-04-23T13:30:00+05:30,274.57,275.59,274.51,275.59,92,0
2026-04-23T13:45:00+05:30,275.59,276.4,275.59,275.75,309,0
2026-04-23T14:00:00+05:30,276.19,276.19,275.72,276.18,159,0
2026-04-23T14:15:00+05:30,275.02,275.02,274.52,275.0,178,0
2026-04-23T14:30:00+05:30,275.0,275.0,274.05,274.05,8,0
2026-04-23T14:45:00+05:30,274.05,275.1,274.01,275.1,50,0
2026-04-23T15:00:00+05:30,275.1,275.1,274.0,274.0,186,0
2026-04-23T15:15:00+05:30,275.17,275.66,272.0,272.0,1840,0
2026-04-24T09:15:00+05:30,275.0,275.0,272.7,272.7,383,0
2026-04-24T09:30:00+05:30,272.07,272.95,271.02,271.02,1552,0
2026-04-24T09:45:00+05:30,271.02,271.02,267.0,268.91,4691,0
2026-04-24T10:00:00+05:30,268.91,270.39,268.91,269.74,945,0
2026-04-24T10:15:00+05:30,269.74,270.39,268.44,268.9,438,0
2026-04-24T10:30:00+05:30,268.9,269.59,268.9,269.0,492,0
2026-04-24T10:45:00+05:30,269.0,269.0,268.28,268.71,153,0
2026-04-24T11:00:00+05:30,268.71,269.57,268.69,269.16,231,0
2026-04-24T11:15:00+05:30,269.16,269.16,268.2,268.22,122,0
2026-04-24T11:30:00+05:30,268.22,269.18,268.22,269.08,217,0
2026-04-24T11:45:00+05:30,269.08,269.08,268.0,268.0,1281,0
2026-04-24T12:00:00+05:30,268.0,268.68,267.86,268.19,175,0
2026-04-24T12:15:00+05:30,268.5,268.56,268.19,268.19,144,0
2026-04-24T12:30:00+05:30,268.19,268.5,268.18,268.5,132,0
2026-04-24T12:45:00+05:30,268.48,269.57,268.2,268.44,130,0
2026-04-24T13:00:00+05:30,268.44,268.9,267.0,268.47,2664,0
2026-04-24T13:15:00+05:30,268.47,269.59,268.31,268.72,854,0
2026-04-24T13:30:00+05:30,268.77,275.0,268.72,268.92,5899,0
2026-04-24T13:45:00+05:30,268.92,270.56,268.92,270.28,419,0
2026-04-24T14:00:00+05:30,270.85,271.11,270.5,270.61,1050,0
2026-04-24T14:15:00+05:30,270.61,273.45,270.61,272.43,244,0
2026-04-24T14:30:00+05:30,272.43,272.43,270.84,271.14,624,0
2026-04-24T14:45:00+05:30,271.14,272.37,270.51,271.9,698,0
2026-04-24T15:00:00+05:30,271.9,271.9,270.58,271.26,1932,0
2026-04-24T15:15:00+05:30,271.26,272.26,271.25,272.26,1398,0
2026-04-27T09:15:00+05:30,273.4,273.4,270.75,272.55,2541,0
2026-04-27T09:30:00+05:30,272.63,273.39,271.65,273.15,854,0
2026-04-27T09:45:00+05:30,273.15,273.7,273.07,273.4,404,0
2026-04-27T10:00:00+05:30,273.4,273.8,272.41,273.32,552,0
2026-04-27T10:15:00+05:30,273.32,274.18,272.96,274.08,576,0
2026-04-27T10:30:00+05:30,274.15,274.15,273.9,273.98,13,0
2026-04-27T10:45:00+05:30,273.98,274.75,273.5,274.75,1632,0
2026-04-27T11:00:00+05:30,274.75,274.75,273.0,273.78,1722,0
2026-04-27T11:15:00+05:30,273.79,273.8,273.1,273.74,411,0
2026-04-27T11:30:00+05:30,273.74,273.95,272.95,272.96,3013,0
2026-04-27T11:45:00+05:30,272.96,274.37,272.96,274.37,104,0
2026-04-27T12:00:00+05:30,274.11,274.4,274.08,274.36,101,0
2026-04-27T12:15:00+05:30,274.36,274.36,273.82,274.0,887,0
2026-04-27T12:30:00+05:30,274.0,274.01,273.67,273.67,387,0
2026-04-27T12:45:00+05:30,273.45,273.45,273.45,273.45,2,0
2026-04-27T13:00:00+05:30,273.45,273.89,273.45,273.89,5,0
2026-04-27T13:15:00+05:30,273.99,273.99,273.84,273.84,11,0
2026-04-27T13:30:00+05:30,273.84,274.0,273.69,274.0,494,0
2026-04-27T13:45:00+05:30,273.75,274.2,272.7,273.99,1882,0
2026-04-27T14:00:00+05:30,273.99,274.42,273.99,274.42,64,0
2026-04-27T14:15:00+05:30,274.42,274.5,272.86,274.0,474,0
2026-04-27T14:30:00+05:30,273.98,274.35,273.54,274.35,129,0
2026-04-27T14:45:00+05:30,274.35,274.39,273.01,274.39,330,0
2026-04-27T15:00:00+05:30,274.39,274.39,273.1,273.5,182,0
2026-04-27T15:15:00+05:30,273.33,273.99,272.1,273.5,1661,0
2026-04-28T09:15:00+05:30,273.5,277.99,266.0,277.99,6423,0
2026-04-28T09:30:00+05:30,277.13,277.15,274.24,274.24,633,0
2026-04-28T09:45:00+05:30,274.24,274.93,273.88,273.93,337,0
2026-04-28T10:00:00+05:30,273.85,274.49,273.85,274.49,196,0
2026-04-28T10:15:00+05:30,274.49,275.08,274.49,275.0,315,0
2026-04-28T10:30:00+05:30,275.0,275.0,273.91,273.91,458,0
2026-04-28T10:45:00+05:30,273.91,274.55,273.85,274.55,133,0
2026-04-28T11:00:00+05:30,274.34,274.35,274.04,274.04,16,0
2026-04-28T11:15:00+05:30,274.11,274.99,272.9,273.17,859,0
2026-04-28T11:30:00+05:30,273.17,273.17,272.4,272.79,216,0
2026-04-28T11:45:00+05:30,272.45,273.29,272.04,273.0,1461,0
2026-04-28T12:00:00+05:30,273.0,273.0,272.0,272.8,126,0
2026-04-28T12:15:00+05:30,272.8,274.18,272.76,273.39,1960,0
2026-04-28T12:30:00+05:30,273.47,273.64,272.97,272.97,117,0
2026-04-28T12:45:00+05:30,272.97,273.63,272.97,273.58,67,0
2026-04-28T13:00:00+05:30,273.58,274.02,272.28,272.28,91,0
2026-04-28T13:15:00+05:30,272.28,273.24,272.28,272.86,207,0
2026-04-28T13:30:00+05:30,272.86,273.57,272.86,273.56,295,0
2026-04-28T13:45:00+05:30,273.56,274.16,273.56,274.16,19,0
2026-04-28T14:00:00+05:30,274.16,275.0,273.88,274.18,4149,0
2026-04-28T14:15:00+05:30,274.18,274.19,274.02,274.07,75,0
2026-04-28T14:30:00+05:30,274.07,274.07,273.85,274.03,100,0
2026-04-28T14:45:00+05:30,274.03,274.98,273.1,274.98,1531,0
2026-04-28T15:00:00+05:30,274.97,275.0,274.5,274.92,2043,0
2026-04-28T15:15:00+05:30,274.24,277.01,274.0,274.0,3040,0
2026-04-29T09:15:00+05:30,272.82,276.25,272.82,276.25,1077,0
2026-04-29T09:30:00+05:30,276.25,280.0,273.79,279.59,3314,0
2026-04-29T09:45:00+05:30,277.22,278.68,275.96,277.21,4805,0
2026-04-29T10:00:00+05:30,277.16,277.79,275.61,277.31,678,0
2026-04-29T10:15:00+05:30,277.31,277.31,276.5,276.5,11,0
2026-04-29T10:30:00+05:30,276.5,276.9,275.83,276.0,950,0
2026-04-29T10:45:00+05:30,276.0,278.98,275.63,277.0,2690,0
2026-04-29T11:00:00+05:30,277.0,277.0,276.48,276.48,85,0
2026-04-29T11:15:00+05:30,276.48,277.0,275.42,275.42,575,0
2026-04-29T11:30:00+05:30,275.42,276.79,275.39,276.33,95,0
2026-04-29T11:45:00+05:30,276.33,277.0,276.01,276.01,224,0
2026-04-29T12:00:00+05:30,276.28,277.15,276.28,276.49,289,0
2026-04-29T12:15:00+05:30,276.49,276.68,276.49,276.68,18,0
2026-04-29T12:30:00+05:30,276.68,277.57,276.23,276.23,143,0
2026-04-29T12:45:00+05:30,276.23,276.4,275.53,275.53,154,0
2026-04-29T13:00:00+05:30,276.28,278.49,276.28,278.09,3706,0
2026-04-29T13:15:00+05:30,278.39,278.39,277.64,278.11,2716,0
2026-04-29T13:30:00+05:30,277.35,279.19,274.53,275.21,2646,0
2026-04-29T13:45:00+05:30,274.95,280.35,274.81,277.63,3660,0
2026-04-29T14:00:00+05:30,277.63,278.59,276.84,276.89,458,0
2026-04-29T14:15:00+05:30,277.11,279.0,277.0,277.44,1428,0
2026-04-29T14:30:00+05:30,277.44,278.07,277.44,278.02,77,0
2026-04-29T14:45:00+05:30,278.02,278.3,277.25,278.29,442,0
2026-04-29T15:00:00+05:30,277.58,278.9,277.58,278.89,671,0
2026-04-29T15:15:00+05:30,278.85,282.0,277.86,281.9,5023,0
2026-04-30T09:15:00+05:30,279.0,279.0,270.08,274.77,4496,0
2026-04-30T09:30:00+05:30,275.38,276.16,274.48,274.48,1099,0
2026-04-30T09:45:00+05:30,274.48,275.39,274.48,275.39,218,0
2026-04-30T10:00:00+05:30,275.39,275.39,272.0,272.1,1591,0
2026-04-30T10:15:00+05:30,272.1,272.38,271.21,272.38,1092,0
2026-04-30T10:30:00+05:30,272.38,272.99,271.56,272.11,397,0
2026-04-30T10:45:00+05:30,272.11,273.5,272.11,272.78,411,0
2026-04-30T11:00:00+05:30,272.56,273.1,272.39,273.1,412,0
2026-04-30T11:15:00+05:30,273.1,273.11,272.51,272.62,720,0
2026-04-30T11:30:00+05:30,272.62,273.5,272.12,272.45,678,0
2026-04-30T11:45:00+05:30,272.11,272.81,272.0,272.31,212,0
2026-04-30T12:00:00+05:30,272.31,272.89,272.31,272.89,18,0
2026-04-30T12:15:00+05:30,272.88,273.69,272.41,272.89,1559,0
2026-04-30T12:30:00+05:30,272.89,273.38,272.73,272.73,60,0
2026-04-30T12:45:00+05:30,272.67,274.77,272.67,274.3,1278,0
2026-04-30T13:00:00+05:30,274.3,277.79,273.25,275.57,3517,0
2026-04-30T13:15:00+05:30,275.57,275.57,274.89,274.92,110,0
2026-04-30T13:30:00+05:30,274.92,275.58,274.72,275.11,159,0
2026-04-30T13:45:00+05:30,275.11,275.11,274.51,274.51,100,0
2026-04-30T14:00:00+05:30,274.51,276.49,274.51,276.49,35,0
2026-04-30T14:15:00+05:30,275.98,279.58,275.98,277.38,2256,0
2026-04-30T14:30:00+05:30,277.38,278.36,276.99,278.02,91,0
2026-04-30T14:45:00+05:30,277.49,280.0,277.21,278.14,577,0
2026-04-30T15:00:00+05:30,277.99,282.65,276.62,280.59,2994,0
2026-04-30T15:15:00+05:30,279.11,283.47,277.02,281.0,4017,0
2026-05-04T09:15:00+05:30,284.0,284.0,276.1,278.0,3004,0
2026-05-04T09:30:00+05:30,278.65,279.4,277.0,278.6,1797,0
2026-05-04T09:45:00+05:30,278.95,280.0,276.7,279.25,3391,0
2026-05-04T10:00:00+05:30,279.25,279.25,278.15,279.05,74,0
2026-05-04T10:15:00+05:30,279.05,281.65,277.75,281.1,2956,0
2026-05-04T10:30:00+05:30,281.25,282.15,280.6,281.55,226,0
2026-05-04T10:45:00+05:30,280.95,283.5,280.65,283.5,7820,0
2026-05-04T11:00:00+05:30,283.5,284.3,279.1,283.1,10187,0
2026-05-04T11:15:00+05:30,283.1,284.0,283.1,283.8,1168,0
2026-05-04T11:30:00+05:30,283.85,284.5,282.7,282.7,1930,0
2026-05-04T11:45:00+05:30,282.85,284.5,282.85,283.7,745,0
2026-05-04T12:00:00+05:30,283.7,284.45,281.3,281.6,2399,0
2026-05-04T12:15:00+05:30,281.6,283.0,281.25,283.0,2893,0
2026-05-04T12:30:00+05:30,282.55,284.45,281.95,284.45,1548,0
2026-05-04T12:45:00+05:30,284.45,284.45,282.35,282.95,231,0
2026-05-04T13:00:00+05:30,282.95,282.95,282.05,282.05,37,0
2026-05-04T13:15:00+05:30,282.05,283.05,280.85,281.25,630,0
2026-05-04T13:30:00+05:30,281.55,282.95,281.05,282.9,275,0
2026-05-04T13:45:00+05:30,282.9,282.9,281.7,282.2,25,0
2026-05-04T14:00:00+05:30,281.1,282.45,280.1,281.4,904,0
2026-05-04T14:15:00+05:30,281.4,281.95,280.6,281.3,712,0
2026-05-04T14:30:00+05:30,281.3,281.3,280.3,280.45,885,0
2026-05-04T14:45:00+05:30,280.45,282.65,280.45,282.65,490,0
2026-05-04T15:00:00+05:30,281.9,281.95,280.15,281.65,827,0
2026-05-04T15:15:00+05:30,281.6,284.5,279.7,280.0,7126,0
2026-05-05T09:15:00+05:30,277.0,281.75,277.0,280.5,338,0
2026-05-05T09:30:00+05:30,280.7,281.55,277.0,278.6,6403,0
2026-05-05T09:45:00+05:30,278.15,279.5,278.0,279.4,355,0
2026-05-05T10:00:00+05:30,279.35,279.35,277.35,277.4,467,0
2026-05-05T10:15:00+05:30,277.4,278.7,276.0,276.0,4179,0
2026-05-05T10:30:00+05:30,276.0,276.3,275.6,275.65,73,0
2026-05-05T10:45:00+05:30,276.3,276.3,276.3,276.3,2,0
2026-05-05T11:00:00+05:30,276.3,280.15,276.3,280.15,6957,0
2026-05-05T11:15:00+05:30,280.15,280.95,278.7,280.95,707,0
2026-05-05T11:30:00+05:30,280.85,280.85,277.95,278.0,2780,0
2026-05-05T11:45:00+05:30,278.0,278.6,278.0,278.55,13,0
2026-05-05T12:00:00+05:30,278.55,278.75,278.0,278.75,19,0
2026-05-05T12:15:00+05:30,278.85,279.95,278.8,279.15,99,0
2026-05-05T12:30:00+05:30,279.15,280.5,279.15,279.25,421,0
2026-05-05T12:45:00+05:30,279.25,280.3,279.25,280.3,74,0
2026-05-05T13:00:00+05:30,280.3,280.35,280.0,280.0,70,0
2026-05-05T13:15:00+05:30,279.95,279.95,279.15,279.15,52,0
2026-05-05T13:30:00+05:30,279.15,279.95,279.0,279.2,236,0
2026-05-05T13:45:00+05:30,279.2,279.65,278.2,279.4,115,0
2026-05-05T14:00:00+05:30,279.4,281.95,279.4,280.55,3053,0
2026-05-05T14:15:00+05:30,280.55,281.3,280.3,281.1,171,0
2026-05-05T14:30:00+05:30,281.1,281.45,280.6,281.1,81,0
2026-05-05T14:45:00+05:30,281.1,281.6,281.1,281.55,95,0
2026-05-05T15:00:00+05:30,281.75,282.0,276.65,279.0,9834,0
2026-05-05T15:15:00+05:30,279.0,288.0,278.05,280.0,5272,0
2026-05-06T09:15:00+05:30,282.65,290.0,281.0,287.0,10757,0
2026-05-06T09:30:00+05:30,288.4,288.4,284.05,288.0,3268,0
2026-05-06T09:45:00+05:30,286.8,288.0,285.25,285.25,1842,0
2026-05-06T10:00:00+05:30,286.1,288.45,285.1,285.95,2371,0
2026-05-06T10:15:00+05:30,285.95,285.95,284.3,285.1,1387,0
2026-05-06T10:30:00+05:30,285.85,300.4,285.85,295.75,41555,0
2026-05-06T10:45:00+05:30,295.75,296.3,292.65,296.3,3437,0
2026-05-06T11:00:00+05:30,296.2,296.95,291.1,292.05,8329,0
2026-05-06T11:15:00+05:30,292.1,292.9,290.4,291.95,3886,0
2026-05-06T11:30:00+05:30,291.95,292.0,289.55,290.6,2444,0
2026-05-06T11:45:00+05:30,290.9,294.75,290.6,294.75,5249,0
2026-05-06T12:00:00+05:30,294.25,295.0,292.35,293.05,3337,0
2026-05-06T12:15:00+05:30,293.65,293.85,291.05,293.05,3026,0
2026-05-06T12:30:00+05:30,293.05,294.65,292.0,294.25,5023,0
2026-05-06T12:45:00+05:30,293.75,295.55,292.0,295.5,8152,0
2026-05-06T13:00:00+05:30,295.45,296.85,294.05,294.2,2278,0
2026-05-06T13:15:00+05:30,294.2,295.1,294.1,294.1,278,0
2026-05-06T13:30:00+05:30,295.05,295.25,293.95,294.9,659,0
2026-05-06T13:45:00+05:30,294.9,294.9,293.55,294.0,1321,0
2026-05-06T14:00:00+05:30,293.6,293.7,292.15,292.25,1815,0
2026-05-06T14:15:00+05:30,292.25,294.45,292.15,294.45,361,0
2026-05-06T14:30:00+05:30,294.25,294.6,292.65,293.25,2182,0
2026-05-06T14:45:00+05:30,294.55,294.75,292.05,294.75,11341,0
2026-05-06T15:00:00+05:30,292.6,294.0,292.05,294.0,2637,0
2026-05-06T15:15:00+05:30,294.0,295.45,290.0,292.0,17711,0
2026-05-07T09:15:00+05:30,293.85,295.45,291.35,291.35,4333,0
2026-05-07T09:30:00+05:30,291.35,292.95,291.3,292.45,1423,0
2026-05-07T09:45:00+05:30,291.9,293.4,288.2,290.8,6197,0
2026-05-07T10:00:00+05:30,290.8,293.5,290.2,293.5,3494,0
2026-05-07T10:15:00+05:30,293.2,295.9,293.0,294.65,2594,0
2026-05-07T10:30:00+05:30,294.65,295.3,294.1,294.75,248,0
2026-05-07T10:45:00+05:30,294.75,295.3,293.9,294.85,3584,0
2026-05-07T11:00:00+05:30,294.15,294.65,292.0,293.3,4263,0
2026-05-07T11:15:00+05:30,293.3,295.05,293.3,293.75,1557,0
2026-05-07T11:30:00+05:30,293.75,295.9,293.75,295.0,755,0
2026-05-07T11:45:00+05:30,295.0,295.0,295.0,295.0,669,0
2026-05-07T12:00:00+05:30,295.0,295.0,294.4,294.4,575,0
2026-05-07T12:15:00+05:30,294.4,295.85,294.3,295.0,1526,0
2026-05-07T12:30:00+05:30,295.0,296.2,294.05,295.0,3782,0
2026-05-07T12:45:00+05:30,295.45,297.0,295.1,297.0,2497,0
2026-05-07T13:00:00+05:30,297.0,299.0,295.65,299.0,7061,0
2026-05-07T13:15:00+05:30,299.0,299.45,297.45,297.45,2234,0
2026-05-07T13:30:00+05:30,297.45,299.0,297.45,297.8,718,0
2026-05-07T13:45:00+05:30,297.8,299.45,297.8,298.25,380,0
2026-05-07T14:00:00+05:30,298.25,301.7,297.0,301.7,6093,0
2026-05-07T14:15:00+05:30,301.6,302.0,298.1,300.0,4393,0
2026-05-07T14:30:00+05:30,300.1,300.1,296.8,298.0,2450,0
2026-05-07T14:45:00+05:30,297.2,297.95,296.25,296.7,1139,0
2026-05-07T15:00:00+05:30,296.7,299.0,296.7,297.35,3883,0
2026-05-07T15:15:00+05:30,297.5,299.85,297.1,299.7,2754,0
2026-05-08T09:15:00+05:30,296.0,298.35,296.0,296.25,3284,0
2026-05-08T09:30:00+05:30,296.2,296.75,294.35,294.4,2775,0
2026-05-08T09:45:00+05:30,294.25,298.35,293.55,297.1,4621,0
2026-05-08T10:00:00+05:30,297.7,298.3,295.0,297.75,8204,0
2026-05-08T10:15:00+05:30,297.75,297.75,296.0,296.5,1994,0
2026-05-08T10:30:00+05:30,296.5,297.5,296.4,296.9,929,0
2026-05-08T10:45:00+05:30,296.7,297.0,296.35,296.8,498,0
2026-05-08T11:00:00+05:30,296.8,297.15,296.15,297.15,714,0
2026-05-08T11:15:00+05:30,297.15,297.15,296.05,296.05,310,0
2026-05-08T11:30:00+05:30,296.05,299.0,296.05,298.9,3832,0
2026-05-08T11:45:00+05:30,298.9,298.9,298.0,298.0,289,0
2026-05-08T12:00:00+05:30,298.0,298.9,297.85,298.55,1110,0
2026-05-08T12:15:00+05:30,298.55,301.0,298.55,300.6,1940,0
2026-05-08T12:30:00+05:30,300.75,300.9,299.05,299.45,2488,0
2026-05-08T12:45:00+05:30,299.45,300.0,298.75,299.4,2135,0
2026-05-08T13:00:00+05:30,299.4,302.0,299.4,301.15,934,0
2026-05-08T13:15:00+05:30,301.5,302.6,300.8,302.4,1978,0
2026-05-08T13:30:00+05:30,302.4,303.25,301.0,301.0,3437,0
2026-05-08T13:45:00+05:30,301.0,301.5,301.0,301.35,50,0
2026-05-08T14:00:00+05:30,301.4,301.4,299.0,300.4,3284,0
2026-05-08T14:15:00+05:30,300.9,301.7,300.0,300.0,933,0
2026-05-08T14:30:00+05:30,300.0,302.75,299.95,302.0,4113,0
2026-05-08T14:45:00+05:30,302.0,305.0,301.0,304.95,6686,0
2026-05-08T15:00:00+05:30,304.95,305.0,302.45,302.5,6612,0
2026-05-08T15:15:00+05:30,302.25,308.5,301.75,307.0,18279,0
2026-05-11T09:15:00+05:30,303.9,304.2,300.25,302.9,4437,0
2026-05-11T09:30:00+05:30,302.2,303.0,297.4,297.8,6076,0
2026-05-11T09:45:00+05:30,298.0,298.5,294.05,296.15,7069,0
2026-05-11T10:00:00+05:30,296.15,298.65,295.0,298.65,1234,0
2026-05-11T10:15:00+05:30,298.0,299.35,297.45,298.6,1246,0
2026-05-11T10:30:00+05:30,298.6,298.8,297.45,298.4,226,0
2026-05-11T10:45:00+05:30,298.4,298.6,297.7,298.5,192,0
2026-05-11T11:00:00+05:30,299.35,299.5,298.65,298.95,458,0
2026-05-11T11:15:00+05:30,298.5,299.2,298.3,298.3,273,0
2026-05-11T11:30:00+05:30,298.3,298.55,297.9,297.9,275,0
2026-05-11T11:45:00+05:30,298.3,298.7,297.4,297.4,238,0
2026-05-11T12:00:00+05:30,297.4,297.4,296.0,297.35,958,0
2026-05-11T12:15:00+05:30,297.35,297.35,297.35,297.35,0,0
2026-05-11T12:30:00+05:30,296.5,297.35,296.0,297.35,2139,0
2026-05-11T12:45:00+05:30,297.35,298.0,296.8,296.85,1715,0
2026-05-11T13:00:00+05:30,296.85,298.65,296.85,298.05,2223,0
2026-05-11T13:15:00+05:30,298.05,298.8,297.8,297.8,192,0
2026-05-11T13:30:00+05:30,298.0,298.0,297.5,297.5,68,0
2026-05-11T13:45:00+05:30,297.5,297.7,297.3,297.65,77,0
2026-05-11T14:00:00+05:30,297.1,297.7,296.65,296.65,714,0
2026-05-11T14:15:00+05:30,296.65,298.0,296.65,297.0,832,0
2026-05-11T14:30:00+05:30,296.6,297.0,296.0,296.9,1197,0
2026-05-11T14:45:00+05:30,296.8,296.85,296.0,296.85,643,0
2026-05-11T15:00:00+05:30,296.85,297.0,295.5,296.65,6577,0
2026-05-11T15:15:00+05:30,296.9,299.5,295.5,296.0,2348,0
2026-05-12T09:15:00+05:30,294.0,295.3,291.0,291.0,1624,0
2026-05-12T09:30:00+05:30,291.7,293.4,291.0,292.6,393,0
2026-05-12T09:45:00+05:30,291.8,293.1,291.6,292.75,615,0
2026-05-12T10:00:00+05:30,292.75,292.75,291.7,292.4,120,0
2026-05-12T10:15:00+05:30,292.85,293.95,292.85,293.6,400,0
2026-05-12T10:30:00+05:30,293.6,293.6,291.95,292.95,1689,0
2026-05-12T10:45:00+05:30,292.95,293.0,292.95,293.0,32,0
2026-05-12T11:00:00+05:30,293.0,293.0,292.05,292.05,313,0
2026-05-12T11:15:00+05:30,292.05,293.0,291.7,291.7,2215,0
2026-05-12T11:30:00+05:30,292.2,292.4,291.4,291.6,996,0
2026-05-12T11:45:00+05:30,291.6,291.6,291.05,291.05,60,0
2026-05-12T12:00:00+05:30,291.05,291.25,291.0,291.0,100,0
2026-05-12T12:15:00+05:30,291.15,291.7,289.0,289.0,5911,0
2026-05-12T12:30:00+05:30,289.0,289.0,286.2,287.15,3573,0
2026-05-12T12:45:00+05:30,288.05,288.45,287.6,288.05,175,0
2026-05-12T13:00:00+05:30,288.05,290.0,288.05,289.95,1735,0
2026-05-12T13:15:00+05:30,289.95,289.95,288.2,288.2,123,0
2026-05-12T13:30:00+05:30,288.2,290.0,287.05,287.05,3645,0
2026-05-12T13:45:00+05:30,287.05,288.55,287.05,288.55,418,0
2026-05-12T14:00:00+05:30,288.2,288.3,286.5,286.9,891,0
2026-05-12T14:15:00+05:30,286.9,287.15,286.0,287.15,23,0
2026-05-12T14:30:00+05:30,286.75,287.0,284.65,286.3,2455,0
2026-05-12T14:45:00+05:30,285.7,286.95,285.35,286.75,428,0
2026-05-12T15:00:00+05:30,286.75,286.75,284.4,285.0,781,0
2026-05-12T15:15:00+05:30,284.95,290.0,284.6,289.9,3219,0
2026-05-13T09:15:00+05:30,287.5,295.45,287.5,295.2,8488,0
2026-05-13T09:30:00+05:30,295.0,295.0,290.1,292.5,2808,0
2026-05-13T09:45:00+05:30,292.8,292.8,290.0,291.3,521,0
2026-05-13T10:00:00+05:30,291.3,293.45,291.3,292.9,246,0
2026-05-13T10:15:00+05:30,292.9,294.35,292.8,293.15,269,0
2026-05-13T10:30:00+05:30,292.85,292.85,290.1,291.0,626,0
2026-05-13T10:45:00+05:30,290.45,291.0,289.9,289.9,154,0
2026-05-13T11:00:00+05:30,289.9,290.8,288.55,290.05,760,0
2026-05-13T11:15:00+05:30,290.05,292.5,290.05,291.25,1697,0
2026-05-13T11:30:00+05:30,291.25,292.75,290.45,292.75,532,0
2026-05-13T11:45:00+05:30,292.75,293.0,291.1,292.3,933,0
2026-05-13T12:00:00+05:30,292.3,292.35,292.0,292.3,379,0
2026-05-13T12:15:00+05:30,292.3,293.15,292.1,293.15,258,0
2026-05-13T12:30:00+05:30,293.15,293.15,293.0,293.0,1392,0
2026-05-13T12:45:00+05:30,293.0,293.05,293.0,293.05,320,0
2026-05-13T13:00:00+05:30,293.05,293.05,293.0,293.0,66,0
2026-05-13T13:15:00+05:30,293.2,293.65,293.0,293.0,1893,0
2026-05-13T13:30:00+05:30,292.35,293.0,292.25,293.0,202,0
2026-05-13T13:45:00+05:30,293.0,293.0,293.0,293.0,260,0
2026-05-13T14:00:00+05:30,293.0,293.0,292.0,292.95,1447,0
2026-05-13T14:15:00+05:30,292.15,293.75,292.1,293.0,539,0
2026-05-13T14:30:00+05:30,293.0,293.05,293.0,293.0,374,0
2026-05-13T14:45:00+05:30,293.0,293.0,293.0,293.0,329,0
2026-05-13T15:00:00+05:30,293.15,296.3,293.0,295.0,2393,0
2026-05-13T15:15:00+05:30,294.9,298.5,294.6,296.0,2651,0
2026-05-14T09:15:00+05:30,293.15,297.9,293.15,294.6,1233,0
2026-05-14T09:30:00+05:30,294.6,294.6,293.0,293.0,855,0
2026-05-14T09:45:00+05:30,293.6,293.7,292.8,292.8,994,0
2026-05-14T10:00:00+05:30,292.8,293.0,292.2,292.75,323,0
2026-05-14T10:15:00+05:30,293.3,295.0,293.3,294.5,2382,0
2026-05-14T10:30:00+05:30,294.85,295.0,293.4,294.15,552,0
2026-05-14T10:45:00+05:30,294.15,294.7,293.4,294.2,315,0
2026-05-14T11:00:00+05:30,294.2,294.2,293.0,294.05,832,0
2026-05-14T11:15:00+05:30,294.05,295.7,294.05,295.25,494,0
2026-05-14T11:30:00+05:30,295.6,298.5,295.4,297.7,2205,0
2026-05-14T11:45:00+05:30,297.7,297.7,297.0,297.2,2598,0
2026-05-14T12:00:00+05:30,296.35,297.6,296.0,297.6,2053,0
2026-05-14T12:15:00+05:30,297.6,298.1,296.85,298.1,357,0
2026-05-14T12:30:00+05:30,298.1,298.1,296.5,296.5,414,0
2026-05-14T12:45:00+05:30,296.5,297.15,296.5,297.15,454,0
2026-05-14T13:00:00+05:30,297.15,297.55,296.8,296.8,1392,0
2026-05-14T13:15:00+05:30,296.8,296.8,296.65,296.7,20,0
2026-05-14T13:30:00+05:30,296.7,297.4,296.5,296.5,1726,0
2026-05-14T13:45:00+05:30,296.5,296.6,296.2,296.2,161,0
2026-05-14T14:00:00+05:30,296.2,296.45,295.0,295.0,835,0
2026-05-14T14:15:00+05:30,295.0,295.05,294.0,294.25,2854,0
2026-05-14T14:30:00+05:30,294.25,294.25,293.05,293.05,304,0
2026-05-14T14:45:00+05:30,293.05,293.5,293.0,293.5,557,0
2026-05-14T15:00:00+05:30,294.05,294.05,292.0,292.0,496,0
2026-05-14T15:15:00+05:30,291.35,301.0,290.2,295.0,15751,0
2026-05-15T09:15:00+05:30,295.1,295.1,293.25,293.7,114,0
2026-05-15T09:30:00+05:30,293.2,295.6,291.8,295.6,1110,0
2026-05-15T09:45:00+05:30,295.6,297.15,295.6,296.4,206,0
2026-05-15T10:00:00+05:30,296.4,297.5,295.5,296.8,443,0
2026-05-15T10:15:00+05:30,296.8,301.2,296.2,301.0,6371,0
2026-05-15T10:30:00+05:30,299.9,303.1,299.65,303.0,3529,0
2026-05-15T10:45:00+05:30,303.0,308.4,303.0,304.6,10357,0
2026-05-15T11:00:00+05:30,304.6,304.6,301.85,302.25,894,0
2026-05-15T11:15:00+05:30,302.25,303.15,301.3,301.85,1158,0
2026-05-15T11:30:00+05:30,302.0,302.4,301.05,301.9,433,0
2026-05-15T11:45:00+05:30,301.9,301.9,301.8,301.85,22,0
2026-05-15T12:00:00+05:30,301.55,302.15,301.05,301.15,463,0
2026-05-15T12:15:00+05:30,301.2,301.9,300.85,300.85,306,0
2026-05-15T12:30:00+05:30,300.85,301.6,300.2,300.2,575,0
2026-05-15T12:45:00+05:30,300.2,301.0,299.55,301.0,678,0
2026-05-15T13:00:00+05:30,301.0,301.0,299.35,299.35,1331,0
2026-05-15T13:15:00+05:30,300.05,301.9,299.5,300.45,1395,0
2026-05-15T13:30:00+05:30,300.45,300.5,299.5,299.5,234,0
2026-05-15T13:45:00+05:30,299.5,299.9,297.0,298.7,2290,0
2026-05-15T14:00:00+05:30,298.7,298.7,297.8,298.7,36,0
2026-05-15T14:15:00+05:30,297.65,297.9,297.25,297.65,174,0
2026-05-15T14:30:00+05:30,297.65,298.1,297.6,297.9,210,0
2026-05-15T14:45:00+05:30,298.15,298.55,296.0,297.55,1419,0
2026-05-15T15:00:00+05:30,297.55,297.55,295.3,296.95,914,0
2026-05-15T15:15:00+05:30,296.0,298.7,294.3,296.35,3679,0
2026-05-18T09:15:00+05:30,295.55,296.15,290.25,292.0,4088,0
2026-05-18T09:30:00+05:30,292.05,293.85,290.85,293.25,2019,0
2026-05-18T09:45:00+05:30,292.75,292.75,290.05,291.05,1334,0
2026-05-18T10:00:00+05:30,292.35,292.9,291.3,291.6,667,0
2026-05-18T10:15:00+05:30,291.95,293.1,291.5,293.0,2457,0
2026-05-18T10:30:00+05:30,294.05,294.4,289.75,291.95,8319,0
2026-05-18T10:45:00+05:30,291.95,292.7,291.0,292.7,549,0
2026-05-18T11:00:00+05:30,292.7,293.0,291.8,292.0,580,0
2026-05-18T11:15:00+05:30,292.0,297.2,292.0,297.2,2969,0
2026-05-18T11:30:00+05:30,297.6,298.85,296.85,297.05,408,0
2026-05-18T11:45:00+05:30,297.05,297.55,295.4,296.25,550,0
2026-05-18T12:00:00+05:30,296.9,296.9,294.0,296.4,1709,0
2026-05-18T12:15:00+05:30,296.4,297.5,295.95,297.45,243,0
2026-05-18T12:30:00+05:30,297.45,299.5,296.6,299.5,3136,0
2026-05-18T12:45:00+05:30,300.55,300.55,299.2,300.05,39,0
2026-05-18T13:00:00+05:30,300.05,300.05,298.8,298.8,79,0
2026-05-18T13:15:00+05:30,298.8,298.8,295.35,295.35,1119,0
2026-05-18T13:30:00+05:30,295.35,296.9,293.45,296.9,2067,0
2026-05-18T13:45:00+05:30,296.9,298.4,296.9,298.4,79,0
2026-05-18T14:00:00+05:30,298.4,302.0,296.85,300.1,2326,0
2026-05-18T14:15:00+05:30,300.1,301.95,300.0,301.25,1864,0
2026-05-18T14:30:00+05:30,301.25,302.9,300.25,302.15,1868,0
2026-05-18T14:45:00+05:30,302.15,303.15,301.0,301.95,5032,0
2026-05-18T15:00:00+05:30,302.35,303.55,301.85,302.0,2149,0
2026-05-18T15:15:00+05:30,302.0,302.5,300.0,302.5,4533,0
2026-05-19T09:15:00+05:30,301.15,307.0,301.0,305.75,6093,0
2026-05-19T09:30:00+05:30,305.6,305.6,301.7,303.95,1710,0
2026-05-19T09:45:00+05:30,303.95,303.95,302.6,302.6,188,0
2026-05-19T10:00:00+05:30,302.6,303.95,302.6,303.95,661,0
2026-05-19T10:15:00+05:30,303.65,315.2,303.4,313.0,27027,0
2026-05-19T10:30:00+05:30,313.2,315.0,306.0,308.45,18307,0
2026-05-19T10:45:00+05:30,308.45,309.0,306.9,308.05,3869,0
2026-05-19T11:00:00+05:30,308.25,309.0,307.15,307.15,3393,0
2026-05-19T11:15:00+05:30,307.15,310.5,307.15,310.5,2084,0
2026-05-19T11:30:00+05:30,309.7,310.0,308.9,308.95,1382,0
2026-05-19T11:45:00+05:30,308.95,309.7,307.35,308.15,1223,0
2026-05-19T12:00:00+05:30,308.15,312.5,308.1,309.35,10241,0
2026-05-19T12:15:00+05:30,309.85,311.0,307.15,308.4,7256,0
2026-05-19T12:30:00+05:30,308.4,310.0,307.0,308.35,3143,0
2026-05-19T12:45:00+05:30,308.8,308.95,307.05,308.0,1496,0
2026-05-19T13:00:00+05:30,308.3,308.3,307.9,308.05,119,0
2026-05-19T13:15:00+05:30,308.05,308.1,307.0,308.0,671,0
2026-05-19T13:30:00+05:30,308.0,308.0,307.6,307.6,307,0
2026-05-19T13:45:00+05:30,307.6,308.15,306.9,308.0,642,0
2026-05-19T14:00:00+05:30,308.0,309.4,307.95,308.1,1981,0
2026-05-19T14:15:00+05:30,308.1,309.3,308.0,308.5,925,0
2026-05-19T14:30:00+05:30,308.5,308.5,305.85,305.85,2259,0
2026-05-19T14:45:00+05:30,305.85,307.7,305.0,307.7,857,0
2026-05-19T15:00:00+05:30,307.7,307.7,305.15,305.15,3233,0
2026-05-19T15:15:00+05:30,305.85,307.2,304.0,304.5,3055,0
2026-05-20T09:15:00+05:30,306.0,309.95,303.65,306.2,5161,0
2026-05-20T09:30:00+05:30,306.0,308.6,305.8,306.0,3852,0
2026-05-20T09:45:00+05:30,306.0,309.95,306.0,308.5,1942,0
2026-05-20T10:00:00+05:30,308.0,310.95,305.95,308.55,3499,0
2026-05-20T10:15:00+05:30,307.85,307.85,306.5,307.5,354,0
2026-05-20T10:30:00+05:30,307.5,308.7,306.65,307.0,806,0
2026-05-20T10:45:00+05:30,307.2,307.95,307.05,307.7,247,0
2026-05-20T11:00:00+05:30,307.7,307.7,307.05,307.05,115,0
2026-05-20T11:15:00+05:30,307.05,307.4,306.95,307.4,100,0
2026-05-20T11:30:00+05:30,307.4,307.4,307.25,307.25,5,0
2026-05-20T11:45:00+05:30,307.25,307.25,306.3,306.4,1199,0
2026-05-20T12:00:00+05:30,306.4,312.5,306.4,310.5,12047,0
2026-05-20T12:15:00+05:30,310.5,311.95,309.0,310.0,1799,0
2026-05-20T12:30:00+05:30,310.0,310.5,309.4,310.0,1493,0
2026-05-20T12:45:00+05:30,310.05,310.5,310.0,310.05,1411,0
2026-05-20T13:00:00+05:30,310.05,310.65,306.5,307.6,2516,0
2026-05-20T13:15:00+05:30,307.55,307.6,307.0,307.15,135,0
2026-05-20T13:30:00+05:30,307.15,312.8,307.15,311.5,11045,0
2026-05-20T13:45:00+05:30,311.4,313.0,307.6,312.4,6489,0
2026-05-20T14:00:00+05:30,312.9,314.5,310.0,311.6,5396,0
2026-05-20T14:15:00+05:30,310.9,312.7,310.1,311.85,2819,0
2026-05-20T14:30:00+05:30,311.85,319.7,310.8,319.7,19411,0
2026-05-20T14:45:00+05:30,319.0,322.0,317.4,321.25,23997,0
2026-05-20T15:00:00+05:30,321.25,325.0,321.0,322.55,23506,0
2026-05-20T15:15:00+05:30,322.55,326.0,318.45,325.0,35046,0
2026-05-21T09:15:00+05:30,323.5,330.0,323.5,327.7,57782,0
2026-05-21T09:30:00+05:30,327.35,340.3,325.05,337.1,154589,0
2026-05-21T09:45:00+05:30,337.1,339.9,334.05,334.35,32461,0
2026-05-21T10:00:00+05:30,334.55,337.2,328.0,328.6,32299,0
2026-05-21T10:15:00+05:30,328.6,332.15,328.35,330.55,6150,0
2026-05-21T10:30:00+05:30,330.1,333.8,329.0,333.0,17901,0
2026-05-21T10:45:00+05:30,332.2,337.15,332.2,335.55,24951,0
2026-05-21T11:00:00+05:30,334.55,335.2,333.0,333.75,3438,0
2026-05-21T11:15:00+05:30,333.05,333.65,329.85,333.0,16846,0
2026-05-21T11:30:00+05:30,333.05,333.65,330.0,330.0,3329,0
2026-05-21T11:45:00+05:30,330.05,330.2,327.05,328.05,5242,0
2026-05-21T12:00:00+05:30,328.05,330.75,328.05,330.25,2115,0
2026-05-21T12:15:00+05:30,329.5,329.5,323.7,325.55,10040,0
2026-05-21T12:30:00+05:30,326.2,326.3,324.9,325.3,1943,0
2026-05-21T12:45:00+05:30,325.35,326.2,325.0,325.35,1594,0
2026-05-21T13:00:00+05:30,325.35,326.25,325.3,325.8,1192,0
2026-05-21T13:15:00+05:30,325.8,330.0,325.75,327.0,11379,0
2026-05-21T13:30:00+05:30,326.45,330.0,325.95,328.15,3903,0
2026-05-21T13:45:00+05:30,328.1,330.0,325.55,327.45,11187,0
2026-05-21T14:00:00+05:30,327.45,328.45,326.05,326.05,2394,0
2026-05-21T14:15:00+05:30,326.7,329.9,325.6,325.6,3778,0
2026-05-21T14:30:00+05:30,325.35,328.85,325.0,327.25,9106,0
2026-05-21T14:45:00+05:30,327.25,327.5,323.95,325.1,13127,0
2026-05-21T15:00:00+05:30,325.35,326.65,323.5,325.0,14327,0
2026-05-21T15:15:00+05:30,325.05,325.5,320.95,323.0,16730,0
2026-05-22T09:15:00+05:30,327.0,331.8,324.05,330.0,39451,0
2026-05-22T09:30:00+05:30,330.1,332.15,327.35,330.0,13008,0
2026-05-22T09:45:00+05:30,331.1,333.65,330.35,332.6,15994,0
2026-05-22T10:00:00+05:30,332.6,333.45,332.0,332.7,6005,0
2026-05-22T10:15:00+05:30,332.95,334.0,332.65,333.0,6893,0
2026-05-22T10:30:00+05:30,332.7,336.65,332.65,336.6,14075,0
2026-05-22T10:45:00+05:30,336.6,338.15,336.0,338.15,10646,0
2026-05-22T11:00:00+05:30,337.05,337.05,336.1,336.5,3170,0
2026-05-22T11:15:00+05:30,336.55,336.55,333.5,334.45,13058,0
2026-05-22T11:30:00+05:30,334.1,335.7,332.05,335.1,6351,0
2026-05-22T11:45:00+05:30,335.3,336.55,334.7,336.5,3912,0
2026-05-22T12:00:00+05:30,335.8,336.55,334.0,336.55,4418,0
2026-05-22T12:15:00+05:30,336.35,339.0,335.5,336.5,9114,0
2026-05-22T12:30:00+05:30,336.9,337.0,335.65,336.25,2103,0
2026-05-22T12:45:00+05:30,336.25,342.8,335.55,340.0,41736,0
2026-05-22T13:00:00+05:30,341.05,341.05,340.05,340.1,9032,0
2026-05-22T13:15:00+05:30,340.05,340.85,339.55,340.4,5211,0
2026-05-22T13:30:00+05:30,340.0,341.5,339.05,340.5,10799,0
2026-05-22T13:45:00+05:30,340.0,340.5,336.2,339.0,11969,0
2026-05-22T14:00:00+05:30,339.35,340.0,337.0,339.35,5671,0
2026-05-22T14:15:00+05:30,339.25,340.0,338.9,339.65,2290,0
2026-05-22T14:30:00+05:30,339.0,340.05,338.85,339.1,6935,0
2026-05-22T14:45:00+05:30,339.3,340.85,339.3,339.95,3222,0
2026-05-22T15:00:00+05:30,339.65,340.55,339.0,339.2,7488,0
2026-05-22T15:15:00+05:30,339.25,342.5,339.1,342.5,22741,0
2026-05-25T09:15:00+05:30,346.0,348.7,341.0,342.6,28408,0
2026-05-25T09:30:00+05:30,342.7,345.0,340.3,344.5,9454,0
2026-05-25T09:45:00+05:30,344.9,348.05,337.0,337.55,33295,0
2026-05-25T10:00:00+05:30,337.9,340.3,337.15,338.05,7392,0
2026-05-25T10:15:00+05:30,338.0,338.75,334.95,335.0,12947,0
2026-05-25T10:30:00+05:30,335.0,338.25,335.0,338.0,2465,0
2026-05-25T10:45:00+05:30,338.0,338.95,335.15,336.6,7047,0
2026-05-25T11:00:00+05:30,336.6,337.8,336.0,336.8,5554,0
2026-05-25T11:15:00+05:30,336.8,337.0,335.55,335.7,840,0
2026-05-25T11:30:00+05:30,335.7,338.3,335.7,338.3,1711,0
2026-05-25T11:45:00+05:30,338.3,339.0,337.35,339.0,3046,0
2026-05-25T12:00:00+05:30,339.0,339.0,338.2,338.2,326,0
2026-05-25T12:15:00+05:30,338.2,338.4,338.0,338.35,1046,0
2026-05-25T12:30:00+05:30,338.35,338.35,338.0,338.0,46,0
2026-05-25T12:45:00+05:30,338.05,338.05,336.1,336.45,2235,0
2026-05-25T13:00:00+05:30,337.1,338.0,336.45,336.85,2489,0
2026-05-25T13:15:00+05:30,336.85,337.85,336.45,337.05,1298,0
2026-05-25T13:30:00+05:30,337.5,337.8,337.2,337.2,819,0
2026-05-25T13:45:00+05:30,337.2,337.6,337.0,337.05,606,0
2026-05-25T14:00:00+05:30,337.05,337.95,334.95,335.5,11638,0
2026-05-25T14:15:00+05:30,335.5,337.95,335.45,337.7,4512,0
2026-05-25T14:30:00+05:30,337.1,337.65,333.55,335.75,4543,0
2026-05-25T14:45:00+05:30,335.75,336.35,335.4,335.85,316,0
2026-05-25T15:00:00+05:30,335.85,336.45,333.0,336.25,8982,0
2026-05-25T15:15:00+05:30,335.65,336.05,334.25,334.25,10520,0
2026-05-26T09:15:00+05:30,337.9,342.55,335.25,340.2,7898,0
2026-05-26T09:30:00+05:30,339.15,340.5,338.9,339.3,1955,0
2026-05-26T09:45:00+05:30,339.3,340.05,338.25,338.25,668,0
2026-05-26T10:00:00+05:30,338.25,338.45,338.15,338.45,754,0
2026-05-26T10:15:00+05:30,338.45,339.5,338.3,339.35,702,0
2026-05-26T10:30:00+05:30,339.35,339.35,338.5,338.6,74,0
2026-05-26T10:45:00+05:30,338.6,338.7,338.0,338.1,4084,0
2026-05-26T11:00:00+05:30,338.5,338.6,336.0,336.0,2419,0
2026-05-26T11:15:00+05:30,336.15,338.55,336.0,337.55,5266,0
2026-05-26T11:30:00+05:30,337.5,341.8,337.5,340.25,5391,0
2026-05-26T11:45:00+05:30,340.25,343.0,338.95,343.0,11619,0
2026-05-26T12:00:00+05:30,342.55,344.9,342.0,343.6,6395,0
2026-05-26T12:15:00+05:30,343.6,343.65,342.55,343.15,3613,0
2026-05-26T12:30:00+05:30,343.15,343.45,342.95,343.45,1032,0
2026-05-26T12:45:00+05:30,343.45,344.05,342.85,344.0,2062,0
2026-05-26T13:00:00+05:30,344.0,344.0,341.5,343.25,5504,0
2026-05-26T13:15:00+05:30,343.25,344.0,343.0,344.0,6398,0
2026-05-26T13:30:00+05:30,344.0,347.4,343.5,344.95,49724,0
2026-05-26T13:45:00+05:30,344.9,346.75,343.75,345.4,10538,0
2026-05-26T14:00:00+05:30,345.2,347.0,345.0,347.0,11983,0
2026-05-26T14:15:00+05:30,346.95,347.35,345.65,347.35,7983,0
2026-05-26T14:30:00+05:30,347.5,353.55,347.1,350.0,35239,0
2026-05-26T14:45:00+05:30,350.7,351.5,349.6,350.4,11660,0
2026-05-26T15:00:00+05:30,350.4,351.3,349.6,350.0,7174,0
2026-05-26T15:15:00+05:30,350.0,353.0,348.15,351.0,20953,0
2026-05-27T09:15:00+05:30,353.75,355.7,349.55,349.9,12093,0
2026-05-27T09:30:00+05:30,349.9,350.65,347.95,348.3,4563,0
2026-05-27T09:45:00+05:30,348.1,350.2,345.9,349.5,6208,0
2026-05-27T10:00:00+05:30,349.5,350.0,346.05,347.5,2560,0
2026-05-27T10:15:00+05:30,347.1,349.0,347.0,348.15,10216,0
2026-05-27T10:30:00+05:30,347.7,347.7,346.0,347.0,7130,0
2026-05-27T10:45:00+05:30,347.5,347.6,346.1,346.4,1383,0
2026-05-27T11:00:00+05:30,346.4,347.6,344.9,344.95,3935,0
2026-05-27T11:15:00+05:30,344.9,346.05,342.7,343.8,4754,0
2026-05-27T11:30:00+05:30,343.9,344.75,341.55,344.5,5518,0
2026-05-27T11:45:00+05:30,344.5,346.1,343.55,344.45,34499,0
2026-05-27T12:00:00+05:30,344.5,344.6,343.0,343.4,711,0
2026-05-27T12:15:00+05:30,343.4,345.45,343.0,344.0,9398,0
2026-05-27T12:30:00+05:30,344.0,344.95,343.55,344.95,1753,0
2026-05-27T12:45:00+05:30,344.15,344.15,343.0,343.05,1467,0
2026-05-27T13:00:00+05:30,342.5,344.1,342.3,343.7,1708,0
2026-05-27T13:15:00+05:30,343.7,344.3,342.15,342.25,3127,0
2026-05-27T13:30:00+05:30,342.25,343.5,342.05,343.25,337,0
2026-05-27T13:45:00+05:30,343.25,343.8,342.85,343.8,428,0
2026-05-27T14:00:00+05:30,343.4,345.45,343.25,344.65,3025,0
2026-05-27T14:15:00+05:30,344.65,344.65,342.5,342.5,2553,0
2026-05-27T14:30:00+05:30,343.15,344.8,343.15,344.7,3885,0
2026-05-27T14:45:00+05:30,344.6,344.6,341.6,342.9,3141,0
2026-05-27T15:00:00+05:30,342.9,344.25,337.85,338.25,22517,0
2026-05-27T15:15:00+05:30,338.55,340.65,336.0,336.35,7786,0
2026-05-29T09:15:00+05:30,339.85,339.85,332.5,334.5,9010,0
2026-05-29T09:30:00+05:30,334.4,336.15,333.5,334.8,1380,0
2026-05-29T09:45:00+05:30,334.8,335.7,334.15,335.2,3170,0
2026-05-29T10:00:00+05:30,335.2,336.6,334.3,336.05,555,0
2026-05-29T10:15:00+05:30,336.05,340.0,336.0,338.8,4946,0
2026-05-29T10:30:00+05:30,338.35,340.0,338.25,339.4,2205,0
2026-05-29T10:45:00+05:30,339.05,339.05,337.7,337.7,749,0
2026-05-29T11:00:00+05:30,337.7,339.0,337.5,338.3,1574,0
2026-05-29T11:15:00+05:30,338.6,345.0,337.7,343.65,13666,0
2026-05-29T11:30:00+05:30,343.65,347.0,342.5,342.5,8077,0
2026-05-29T11:45:00+05:30,342.8,344.8,342.1,343.1,6423,0
2026-05-29T12:00:00+05:30,343.05,344.2,340.9,341.05,1868,0
2026-05-29T12:15:00+05:30,340.9,341.4,339.15,339.3,2671,0
2026-05-29T12:30:00+05:30,338.95,341.9,327.0,331.9,36590,0
2026-05-29T12:45:00+05:30,331.65,366.8,331.4,353.65,725272,0
2026-05-29T13:00:00+05:30,354.3,358.0,351.0,353.6,134356,0
2026-05-29T13:15:00+05:30,353.85,354.3,336.15,344.0,132325,0
2026-05-29T13:30:00+05:30,344.0,347.3,336.95,340.5,75796,0
2026-05-29T13:45:00+05:30,340.5,341.3,333.2,337.65,42840,0
2026-05-29T14:00:00+05:30,337.0,340.4,335.85,340.2,10052,0
2026-05-29T14:15:00+05:30,340.1,340.9,336.0,337.95,13974,0
2026-05-29T14:30:00+05:30,337.5,341.65,333.95,341.65,33199,0
2026-05-29T14:45:00+05:30,341.3,343.3,337.95,339.95,26205,0
2026-05-29T15:00:00+05:30,339.75,339.95,326.6,332.0,212495,0
2026-05-29T15:15:00+05:30,331.85,334.95,320.1,323.9,81703,0
2026-06-01T09:15:00+05:30,336.0,337.0,324.9,326.45,41631,0
2026-06-01T09:30:00+05:30,326.8,329.25,319.5,323.1,36590,0
2026-06-01T09:45:00+05:30,323.45,324.0,314.95,322.3,37959,0
2026-06-01T10:00:00+05:30,322.95,322.95,320.4,321.5,15427,0
2026-06-01T10:15:00+05:30,321.0,321.5,319.05,320.25,2363,0
2026-06-01T10:30:00+05:30,320.55,322.75,319.45,321.75,2858,0
2026-06-01T10:45:00+05:30,321.75,322.6,320.0,322.25,4376,0
2026-06-01T11:00:00+05:30,322.25,323.65,321.55,322.0,4440,0
2026-06-01T11:15:00+05:30,322.0,322.0,318.15,319.85,6101,0
2026-06-01T11:30:00+05:30,319.7,319.85,318.05,319.0,1465,0
2026-06-01T11:45:00+05:30,319.0,322.4,319.0,322.3,4175,0
2026-06-01T12:00:00+05:30,322.3,322.5,309.2,314.0,132044,0
2026-06-01T12:15:00+05:30,313.75,314.2,298.4,307.5,155009,0
2026-06-01T12:30:00+05:30,307.3,309.7,307.0,309.4,12374,0
2026-06-01T12:45:00+05:30,309.4,309.95,307.35,308.55,14969,0
2026-06-01T13:00:00+05:30,308.55,308.95,308.0,308.35,3524,0
2026-06-01T13:15:00+05:30,308.35,311.0,308.35,310.6,6778,0
2026-06-01T13:30:00+05:30,310.6,310.6,308.1,308.4,4846,0
2026-06-01T13:45:00+05:30,308.45,308.45,306.35,307.6,3922,0
2026-06-01T14:00:00+05:30,307.6,307.8,301.0,304.6,22334,0
2026-06-01T14:15:00+05:30,304.4,306.65,301.8,303.85,7832,0
2026-06-01T14:30:00+05:30,303.95,304.75,302.0,303.6,19892,0
2026-06-01T14:45:00+05:30,303.6,305.7,302.0,302.8,14578,0
2026-06-01T15:00:00+05:30,302.45,303.0,300.1,301.45,21668,0
2026-06-01T15:15:00+05:30,301.45,302.45,300.1,301.75,18642,0
2026-06-02T09:15:00+05:30,303.45,303.45,295.8,299.7,15729,0
2026-06-02T09:30:00+05:30,299.5,302.4,298.4,299.4,7204,0
2026-06-02T09:45:00+05:30,299.3,305.65,298.6,305.1,8908,0
2026-06-02T10:00:00+05:30,305.5,309.0,305.3,308.0,20781,0
2026-06-02T10:15:00+05:30,308.0,308.1,306.0,307.0,2725,0
2026-06-02T10:30:00+05:30,307.0,314.0,307.0,312.8,16805,0
2026-06-02T10:45:00+05:30,312.3,312.3,308.95,308.95,5223,0
2026-06-02T11:00:00+05:30,308.95,312.0,308.95,312.0,5438,0
2026-06-02T11:15:00+05:30,311.95,312.55,310.65,312.0,3173,0
2026-06-02T11:30:00+05:30,311.35,313.45,311.0,313.25,3961,0
2026-06-02T11:45:00+05:30,313.25,314.85,312.95,312.95,9359,0
2026-06-02T12:00:00+05:30,313.05,317.6,313.0,315.0,14199,0
2026-06-02T12:15:00+05:30,315.0,315.0,309.65,310.85,10000,0
2026-06-02T12:30:00+05:30,310.85,311.9,310.2,311.9,750,0
2026-06-02T12:45:00+05:30,312.05,312.45,311.4,311.75,1717,0
2026-06-02T13:00:00+05:30,311.9,313.1,311.7,313.1,1813,0
2026-06-02T13:15:00+05:30,313.1,313.2,311.6,312.9,848,0
2026-06-02T13:30:00+05:30,313.0,314.2,312.7,313.35,10927,0
2026-06-02T13:45:00+05:30,313.35,314.25,313.0,313.55,1710,0
2026-06-02T14:00:00+05:30,313.8,313.95,312.6,312.65,766,0
2026-06-02T14:15:00+05:30,312.7,313.6,310.0,312.55,11228,0
2026-06-02T14:30:00+05:30,312.3,312.4,308.3,309.65,5016,0
2026-06-02T14:45:00+05:30,309.65,314.6,309.5,313.95,14087,0
2026-06-02T15:00:00+05:30,313.55,314.3,311.25,312.95,7585,0
2026-06-02T15:15:00+05:30,313.95,318.0,313.95,316.0,23598,0
2026-06-03T09:15:00+05:30,317.9,317.9,313.5,315.3,6850,0
2026-06-03T09:30:00+05:30,315.35,319.45,314.85,318.65,11390,0
2026-06-03T09:45:00+05:30,318.9,320.0,316.0,317.0,12552,0
2026-06-03T10:00:00+05:30,316.9,318.0,316.5,318.0,6342,0
2026-06-03T10:15:00+05:30,317.6,320.0,317.3,318.95,12595,0
2026-06-03T10:30:00+05:30,319.1,320.0,317.55,319.85,7008,0
2026-06-03T10:45:00+05:30,319.9,320.1,318.3,318.35,2697,0
2026-06-03T11:00:00+05:30,318.35,318.85,316.05,317.15,4512,0
2026-06-03T11:15:00+05:30,317.15,317.15,316.0,316.3,1332,0
2026-06-03T11:30:00+05:30,316.3,316.3,314.0,315.0,9576,0
2026-06-03T11:45:00+05:30,315.15,317.4,314.6,316.2,2577,0
2026-06-03T12:00:00+05:30,316.2,316.2,312.95,314.0,10493,0
2026-06-03T12:15:00+05:30,314.0,314.4,312.8,313.4,3018,0
2026-06-03T12:30:00+05:30,312.95,315.9,311.4,315.7,6801,0
2026-06-03T12:45:00+05:30,315.7,320.0,315.7,319.35,7952,0
2026-06-03T13:00:00+05:30,319.1,328.0,318.55,327.35,26624,0
2026-06-03T13:15:00+05:30,326.6,327.95,325.0,327.0,7251,0
2026-06-03T13:30:00+05:30,326.5,327.1,323.95,326.9,7300,0
2026-06-03T13:45:00+05:30,326.9,331.45,326.8,327.25,12103,0
2026-06-03T14:00:00+05:30,327.25,331.95,326.35,330.1,20516,0
2026-06-03T14:15:00+05:30,330.75,332.9,330.2,332.65,10882,0
2026-06-03T14:30:00+05:30,332.6,335.7,331.1,335.7,16729,0
2026-06-03T14:45:00+05:30,335.35,337.85,334.05,337.75,23570,0
2026-06-03T15:00:00+05:30,337.75,340.5,336.45,337.45,50858,0
2026-06-03T15:15:00+05:30,337.9,338.85,336.0,337.05,37894,0
2026-06-04T09:15:00+05:30,335.0,343.9,330.5,342.35,31642,0
2026-06-04T09:30:00+05:30,341.9,342.3,337.25,341.5,23828,0
2026-06-04T09:45:00+05:30,341.95,348.85,341.0,347.15,37980,0
2026-06-04T10:00:00+05:30,347.2,357.65,346.15,354.3,90965,0
2026-06-04T10:15:00+05:30,354.9,356.0,352.5,355.7,40003,0
2026-06-04T10:30:00+05:30,355.8,358.9,351.55,358.9,59863,0
2026-06-04T10:45:00+05:30,358.85,361.55,357.05,357.05,37051,0
2026-06-04T11:00:00+05:30,357.15,358.1,352.55,355.95,16387,0
2026-06-04T11:15:00+05:30,355.6,355.6,353.1,353.95,5146,0
2026-06-04T11:30:00+05:30,354.0,358.05,352.85,358.0,11288,0
2026-06-04T11:45:00+05:30,357.95,360.8,355.75,360.0,29794,0
2026-06-04T12:00:00+05:30,360.0,360.8,355.55,357.75,20394,0
2026-06-04T12:15:00+05:30,357.8,358.0,356.85,357.0,1280,0
2026-06-04T12:30:00+05:30,357.0,357.45,354.85,354.85,4106,0
2026-06-04T12:45:00+05:30,354.85,357.45,354.8,355.6,3871,0
2026-06-04T13:00:00+05:30,355.6,355.75,353.5,353.5,7403,0
2026-06-04T13:15:00+05:30,353.75,354.4,353.05,353.05,5969,0
2026-06-04T13:30:00+05:30,353.65,353.95,352.05,353.0,2725,0
2026-06-04T13:45:00+05:30,353.0,354.95,351.9,351.9,6699,0
2026-06-04T14:00:00+05:30,352.75,358.6,352.75,357.6,19716,0
2026-06-04T14:15:00+05:30,358.0,363.0,351.8,353.7,45938,0
2026-06-04T14:30:00+05:30,353.85,354.65,353.0,353.0,2300,0
2026-06-04T14:45:00+05:30,353.0,353.0,351.3,352.0,1861,0
2026-06-04T15:00:00+05:30,352.0,352.8,348.85,349.2,13645,0
2026-06-04T15:15:00+05:30,349.2,350.5,347.6,349.0,20695,0
2026-06-05T09:15:00+05:30,349.0,354.4,347.75,351.85,21757,0
2026-06-05T09:30:00+05:30,352.65,353.65,348.95,351.2,12607,0
2026-06-05T09:45:00+05:30,351.95,352.45,350.0,351.2,2278,0
2026-06-05T10:00:00+05:30,350.6,352.2,349.7,350.05,5728,0
2026-06-05T10:15:00+05:30,350.0,350.0,348.0,349.15,3846,0
2026-06-05T10:30:00+05:30,348.9,350.0,344.65,347.8,8353,0
2026-06-05T10:45:00+05:30,347.85,348.4,347.0,347.6,2452,0
2026-06-05T11:00:00+05:30,347.6,352.9,347.6,350.55,3070,0
2026-06-05T11:15:00+05:30,350.55,352.0,349.45,349.5,3269,0
2026-06-05T11:30:00+05:30,349.75,351.3,349.7,350.35,258,0
2026-06-05T11:45:00+05:30,350.35,350.6,350.0,350.0,150,0
2026-06-05T12:00:00+05:30,350.0,352.0,349.8,351.4,3818,0
2026-06-05T12:15:00+05:30,351.4,351.75,350.05,350.25,528,0
2026-06-05T12:30:00+05:30,350.75,350.75,349.75,349.95,3396,0
2026-06-05T12:45:00+05:30,349.8,350.0,346.35,347.05,5225,0
2026-06-05T13:00:00+05:30,347.05,347.1,345.15,345.95,370,0
2026-06-05T13:15:00+05:30,345.3,346.3,345.0,345.05,1534,0
2026-06-05T13:30:00+05:30,345.05,345.35,342.3,343.8,2783,0
2026-06-05T13:45:00+05:30,343.8,346.75,343.8,345.55,1436,0
2026-06-05T14:00:00+05:30,345.55,346.25,345.3,345.35,268,0
2026-06-05T14:15:00+05:30,345.45,347.0,345.45,347.0,220,0
2026-06-05T14:30:00+05:30,347.3,348.5,345.35,348.1,3283,0
2026-06-05T14:45:00+05:30,348.1,348.5,345.6,346.85,1625,0
2026-06-05T15:00:00+05:30,345.85,346.6,345.45,345.95,999,0
2026-06-05T15:15:00+05:30,345.85,348.6,341.35,343.1,15151,0
2026-06-08T09:15:00+05:30,344.75,344.75,331.3,341.0,27206,0
2026-06-08T09:30:00+05:30,341.0,342.3,337.3,337.75,9692,0
2026-06-08T09:45:00+05:30,337.85,338.65,336.1,337.9,1012,0
2026-06-08T10:00:00+05:30,337.9,342.5,337.9,341.6,4403,0
2026-06-08T10:15:00+05:30,341.25,341.75,340.2,340.55,1403,0
2026-06-08T10:30:00+05:30,340.6,341.4,340.05,341.15,672,0
2026-06-08T10:45:00+05:30,341.1,341.2,339.15,340.45,4534,0
2026-06-08T11:00:00+05:30,340.45,340.55,340.0,340.0,1253,0
2026-06-08T11:15:00+05:30,340.0,342.0,340.0,342.0,1050,0
2026-06-08T11:30:00+05:30,342.0,342.0,340.45,340.45,300,0
2026-06-08T11:45:00+05:30,340.45,341.2,340.0,340.95,925,0
2026-06-08T12:00:00+05:30,340.15,340.95,340.0,340.45,1081,0
2026-06-08T12:15:00+05:30,340.5,340.5,340.0,340.4,4360,0
2026-06-08T12:30:00+05:30,340.4,340.4,340.2,340.2,5,0
2026-06-08T12:45:00+05:30,340.2,341.0,340.2,341.0,358,0
2026-06-08T13:00:00+05:30,341.0,341.0,340.35,340.85,171,0
2026-06-08T13:15:00+05:30,340.85,340.85,337.0,337.0,1522,0
2026-06-08T13:30:00+05:30,337.0,337.0,335.7,335.75,602,0
2026-06-08T13:45:00+05:30,335.75,336.1,334.3,334.3,1394,0
2026-06-08T14:00:00+05:30,334.3,335.45,333.65,335.4,456,0
2026-06-08T14:15:00+05:30,335.4,335.4,334.5,334.5,245,0
2026-06-08T14:30:00+05:30,334.5,335.95,334.5,335.6,1741,0
2026-06-08T14:45:00+05:30,335.6,338.0,335.6,337.2,3028,0
2026-06-08T15:00:00+05:30,337.5,338.0,335.95,336.45,3591,0
2026-06-08T15:15:00+05:30,336.35,337.45,332.2,337.45,9077,0
2026-06-09T09:15:00+05:30,350.55,370.15,349.85,363.0,251768,0
2026-06-09T09:30:00+05:30,363.0,363.0,356.05,358.0,90623,0
2026-06-09T09:45:00+05:30,358.0,360.0,354.95,357.15,41596,0
2026-06-09T10:00:00+05:30,357.25,359.6,356.1,358.1,22222,0
2026-06-09T10:15:00+05:30,358.0,358.0,353.0,353.95,23736,0
2026-06-09T10:30:00+05:30,353.7,356.15,353.2,356.15,14025,0
2026-06-09T10:45:00+05:30,356.15,357.0,353.55,355.5,9796,0
2026-06-09T11:00:00+05:30,355.55,357.45,355.35,356.95,6356,0
2026-06-09T11:15:00+05:30,356.25,356.65,354.05,355.0,6905,0
2026-06-09T11:30:00+05:30,355.05,356.0,353.8,356.0,9998,0
2026-06-09T11:45:00+05:30,355.95,356.7,355.45,356.0,2509,0
2026-06-09T12:00:00+05:30,356.0,356.2,354.1,354.6,5127,0
2026-06-09T12:15:00+05:30,354.7,354.7,351.45,352.45,15374,0
2026-06-09T12:30:00+05:30,352.45,353.45,351.65,352.3,5126,0
2026-06-09T12:45:00+05:30,352.35,352.65,351.1,351.1,4227,0
2026-06-09T13:00:00+05:30,351.05,351.5,350.4,351.15,4212,0
2026-06-09T13:15:00+05:30,351.15,351.3,348.3,351.0,11801,0
2026-06-09T13:30:00+05:30,350.55,352.55,349.5,352.2,6054,0
2026-06-09T13:45:00+05:30,352.3,353.85,350.6,351.2,13962,0
2026-06-09T14:00:00+05:30,351.05,353.2,351.0,352.05,4150,0
2026-06-09T14:15:00+05:30,352.05,353.0,350.8,352.2,3826,0
2026-06-09T14:30:00+05:30,352.2,352.5,350.65,351.55,4257,0
2026-06-09T14:45:00+05:30,351.55,351.7,350.05,351.5,6503,0
2026-06-09T15:00:00+05:30,351.5,353.9,350.2,353.65,20695,0
2026-06-09T15:15:00+05:30,354.15,354.85,349.55,351.2,31378,0
2026-06-10T09:15:00+05:30,351.9,357.8,348.6,355.9,21022,0
2026-06-10T09:30:00+05:30,355.45,359.1,355.1,356.05,8972,0
2026-06-10T09:45:00+05:30,355.95,358.5,355.45,358.3,9475,0
2026-06-10T10:00:00+05:30,358.3,366.0,357.5,359.75,28856,0
2026-06-10T10:15:00+05:30,360.1,363.1,359.95,362.2,14694,0
2026-06-10T10:30:00+05:30,362.05,365.15,362.0,363.8,13138,0
2026-06-10T10:45:00+05:30,363.65,369.9,361.9,369.0,42110,0
2026-06-10T11:00:00+05:30,369.0,371.85,368.0,368.7,45140,0
2026-06-10T11:15:00+05:30,368.5,371.6,368.0,371.0,17687,0
2026-06-10T11:30:00+05:30,370.5,370.95,368.75,370.0,13275,0
2026-06-10T11:45:00+05:30,369.95,371.85,367.8,369.0,22962,0
2026-06-10T12:00:00+05:30,369.0,371.0,368.5,370.0,7450,0
2026-06-10T12:15:00+05:30,370.1,370.5,368.5,369.6,12035,0
2026-06-10T12:30:00+05:30,369.45,370.2,368.1,368.7,7035,0
2026-06-10T12:45:00+05:30,368.25,369.8,367.0,368.05,8211,0
2026-06-10T13:00:00+05:30,368.55,386.05,368.55,384.15,244408,0
2026-06-10T13:15:00+05:30,384.6,390.0,383.25,386.2,484128,0
2026-06-10T13:30:00+05:30,386.2,386.65,378.15,382.5,480021,0
2026-06-10T13:45:00+05:30,382.7,396.55,382.1,395.35,1133846,0
2026-06-10T14:00:00+05:30,395.5,403.8,393.1,402.4,2279306,0
2026-06-10T14:15:00+05:30,402.05,408.85,398.25,403.5,2784083,0
2026-06-10T14:30:00+05:30,403.3,405.45,393.0,394.45,1647684,0
2026-06-10T14:45:00+05:30,394.5,395.5,386.35,390.6,1839828,0
2026-06-10T15:00:00+05:30,390.65,393.0,379.0,382.15,1542144,0
2026-06-10T15:15:00+05:30,382.4,382.4,370.0,372.9,1091875,0
2026-06-11T09:15:00+05:30,369.85,378.7,367.35,372.0,274015,0
2026-06-11T09:30:00+05:30,372.1,379.0,371.85,377.8,146334,0
2026-06-11T09:45:00+05:30,377.75,384.7,376.8,378.2,120391,0
2026-06-11T10:00:00+05:30,378.25,378.25,373.1,374.2,80654,0
2026-06-11T10:15:00+05:30,374.15,378.7,374.0,376.1,49557,0
2026-06-11T10:30:00+05:30,376.8,381.0,375.95,379.0,37519,0
2026-06-11T10:45:00+05:30,378.4,380.6,375.2,375.65,24820,0
2026-06-11T11:00:00+05:30,375.7,377.95,375.05,376.4,8676,0
2026-06-11T11:15:00+05:30,376.3,380.9,376.1,378.75,23084,0
2026-06-11T11:30:00+05:30,378.85,379.95,377.5,378.05,6922,0
2026-06-11T11:45:00+05:30,378.45,379.65,377.5,378.95,8877,0
2026-06-11T12:00:00+05:30,378.8,381.45,378.0,378.0,27112,0
2026-06-11T12:15:00+05:30,378.4,379.0,376.25,376.5,10300,0
2026-06-11T12:30:00+05:30,376.5,377.0,374.35,376.0,16280,0
2026-06-11T12:45:00+05:30,374.95,376.85,374.4,375.8,9093,0
2026-06-11T13:00:00+05:30,375.6,378.55,375.0,375.35,14089,0
2026-06-11T13:15:00+05:30,375.6,376.55,372.5,374.0,17605,0
2026-06-11T13:30:00+05:30,373.25,374.7,373.0,373.5,6274,0
2026-06-11T13:45:00+05:30,373.5,374.3,373.0,373.5,7015,0
2026-06-11T14:00:00+05:30,374.0,374.5,373.3,373.3,1512,0
2026-06-11T14:15:00+05:30,373.3,375.95,373.05,375.95,8787,0
2026-06-11T14:30:00+05:30,375.9,378.35,375.2,377.95,33462,0
2026-06-11T14:45:00+05:30,378.25,378.3,373.5,374.3,17015,0
2026-06-11T15:00:00+05:30,374.2,375.4,373.25,374.4,30696,0
2026-06-11T15:15:00+05:30,374.9,380.5,373.5,375.0,68682,0
2026-06-12T09:15:00+05:30,378.9,382.7,368.9,373.65,46410,0
2026-06-12T09:30:00+05:30,372.65,375.95,371.55,374.6,25199,0
2026-06-12T09:45:00+05:30,374.4,376.0,371.0,372.5,18251,0
2026-06-12T10:00:00+05:30,372.3,373.05,370.5,372.5,8490,0
2026-06-12T10:15:00+05:30,372.5,373.55,372.25,373.15,9294,0
2026-06-12T10:30:00+05:30,372.6,373.5,371.7,371.7,4618,0
2026-06-12T10:45:00+05:30,372.0,372.4,371.0,371.7,2708,0
2026-06-12T11:00:00+05:30,371.7,371.95,370.95,371.85,4768,0
2026-06-12T11:15:00+05:30,371.85,372.45,371.2,372.45,2467,0
2026-06-12T11:30:00+05:30,372.45,373.4,371.95,372.15,4603,0
2026-06-12T11:45:00+05:30,372.15,373.1,372.0,372.65,4727,0
2026-06-12T12:00:00+05:30,372.6,373.0,372.05,372.05,1461,0
2026-06-12T12:15:00+05:30,372.1,372.3,371.1,372.15,5331,0
2026-06-12T12:30:00+05:30,372.1,372.3,370.55,371.0,7725,0
2026-06-12T12:45:00+05:30,371.0,375.95,371.0,373.15,17336,0
2026-06-12T13:00:00+05:30,373.2,375.1,373.2,374.3,8555,0
2026-06-12T13:15:00+05:30,374.85,375.0,373.6,374.3,3571,0
2026-06-12T13:30:00+05:30,374.35,375.5,374.05,375.5,5634,0
2026-06-12T13:45:00+05:30,375.5,377.15,374.9,376.2,5182,0
2026-06-12T14:00:00+05:30,376.35,378.25,376.05,376.85,16093,0
2026-06-12T14:15:00+05:30,377.55,379.15,376.15,376.3,7572,0
2026-06-12T14:30:00+05:30,376.35,376.95,375.0,376.45,9225,0
2026-06-12T14:45:00+05:30,376.45,377.0,373.2,374.4,11613,0
2026-06-12T15:00:00+05:30,374.4,377.0,373.3,375.25,15178,0
2026-06-12T15:15:00+05:30,375.85,379.4,375.55,379.4,42031,0
2026-06-15T09:15:00+05:30,384.8,384.8,380.8,382.1,23453,0
2026-06-15T09:30:00+05:30,382.2,383.9,381.2,383.1,10163,0
2026-06-15T09:45:00+05:30,382.9,383.9,382.0,382.25,6236,0
2026-06-15T10:00:00+05:30,382.15,382.8,380.05,381.1,6241,0
2026-06-15T10:15:00+05:30,381.45,382.9,380.6,382.6,3977,0
2026-06-15T10:30:00+05:30,382.55,388.0,382.55,384.95,23741,0
2026-06-15T10:45:00+05:30,384.7,385.25,384.35,384.55,2963,0
2026-06-15T11:00:00+05:30,384.55,385.5,383.45,385.5,6506,0
2026-06-15T11:15:00+05:30,385.5,385.8,384.0,385.1,7553,0
2026-06-15T11:30:00+05:30,384.7,384.75,383.65,384.3,2831,0
2026-06-15T11:45:00+05:30,383.6,384.45,382.7,383.25,3638,0
2026-06-15T12:00:00+05:30,383.25,383.25,382.2,382.55,600,0
2026-06-15T12:15:00+05:30,382.65,384.75,382.0,382.55,6622,0
2026-06-15T12:30:00+05:30,382.1,383.3,382.0,383.0,1356,0
2026-06-15T12:45:00+05:30,382.6,384.85,382.6,383.1,3585,0
2026-06-15T13:00:00+05:30,383.15,385.5,383.15,385.5,5055,0
2026-06-15T13:15:00+05:30,385.45,385.5,384.55,385.25,3959,0
2026-06-15T13:30:00+05:30,384.8,385.5,384.35,385.5,4459,0
2026-06-15T13:45:00+05:30,385.5,385.5,384.3,384.3,986,0
2026-06-15T14:00:00+05:30,384.3,385.0,384.0,385.0,3343,0
2026-06-15T14:15:00+05:30,384.85,385.0,384.1,384.15,1615,0
2026-06-15T14:30:00+05:30,384.15,384.35,383.25,384.0,4394,0
2026-06-15T14:45:00+05:30,384.0,384.5,383.3,383.5,5177,0
2026-06-15T15:00:00+05:30,383.3,383.3,380.45,381.45,6803,0
2026-06-15T15:15:00+05:30,381.5,382.05,380.25,381.0,13073,0
2026-06-16T09:15:00+05:30,385.45,388.05,381.0,386.0,23555,0
2026-06-16T09:30:00+05:30,385.55,386.65,383.75,384.5,4752,0
2026-06-16T09:45:00+05:30,384.5,387.35,384.05,386.15,6952,0
2026-06-16T10:00:00+05:30,386.15,392.5,386.15,389.65,20992,0
2026-06-16T10:15:00+05:30,389.65,391.55,388.45,389.5,10078,0
2026-06-16T10:30:00+05:30,390.0,390.05,385.8,386.65,9351,0
2026-06-16T10:45:00+05:30,386.65,387.4,384.0,384.5,11572,0
2026-06-16T11:00:00+05:30,384.45,385.3,383.1,385.1,2889,0
2026-06-16T11:15:00+05:30,385.6,387.15,384.45,385.05,2790,0
2026-06-16T11:30:00+05:30,385.0,385.45,384.4,384.5,851,0
2026-06-16T11:45:00+05:30,384.5,385.4,384.35,385.35,560,0
2026-06-16T12:00:00+05:30,385.8,388.65,385.45,388.0,6706,0
2026-06-16T12:15:00+05:30,388.0,388.45,387.2,388.0,2546,0
2026-06-16T12:30:00+05:30,388.0,388.15,384.35,384.6,6247,0
2026-06-16T12:45:00+05:30,384.6,385.9,383.15,383.5,4590,0
2026-06-16T13:00:00+05:30,383.5,384.0,382.75,383.6,3650,0
2026-06-16T13:15:00+05:30,383.6,384.0,383.6,384.0,727,0
2026-06-16T13:30:00+05:30,383.8,384.0,383.0,383.5,1934,0
2026-06-16T13:45:00+05:30,383.5,383.95,382.05,383.0,6275,0
2026-06-16T14:00:00+05:30,383.0,383.0,382.05,382.65,3029,0
2026-06-16T14:15:00+05:30,382.2,382.8,381.95,382.5,3792,0
2026-06-16T14:30:00+05:30,382.8,384.0,382.5,383.65,2945,0
2026-06-16T14:45:00+05:30,384.0,385.5,384.0,384.9,8645,0
2026-06-16T15:00:00+05:30,384.65,385.6,382.8,384.0,15355,0
2026-06-16T15:15:00+05:30,384.3,386.35,382.5,385.5,14820,0
2026-06-17T09:15:00+05:30,384.6,387.0,383.05,383.85,5678,0
2026-06-17T09:30:00+05:30,384.25,385.55,383.15,385.05,3834,0
2026-06-17T09:45:00+05:30,384.7,385.05,383.15,383.6,6498,0
2026-06-17T10:00:00+05:30,383.55,383.55,381.4,382.05,1524,0
2026-06-17T10:15:00+05:30,382.05,382.5,381.2,382.2,1623,0
2026-06-17T10:30:00+05:30,382.1,382.1,377.0,377.15,11471,0
2026-06-17T10:45:00+05:30,377.15,378.2,376.8,376.9,3272,0
2026-06-17T11:00:00+05:30,376.5,377.7,375.35,376.7,5531,0
2026-06-17T11:15:00+05:30,376.7,377.85,376.7,377.7,1867,0
2026-06-17T11:30:00+05:30,377.7,377.75,375.0,375.75,2921,0
2026-06-17T11:45:00+05:30,375.9,375.95,374.9,374.9,1186,0
2026-06-17T12:00:00+05:30,374.75,375.5,374.35,375.05,494,0
2026-06-17T12:15:00+05:30,375.25,375.5,374.6,375.35,5846,0
2026-06-17T12:30:00+05:30,375.35,376.05,373.55,374.1,5507,0
2026-06-17T12:45:00+05:30,374.1,374.25,373.0,373.25,1653,0
2026-06-17T13:00:00+05:30,373.75,373.75,371.95,373.4,6730,0
2026-06-17T13:15:00+05:30,372.9,374.1,372.5,373.95,941,0
2026-06-17T13:30:00+05:30,373.95,374.35,373.05,374.0,1229,0
2026-06-17T13:45:00+05:30,373.15,373.7,373.0,373.0,1384,0
2026-06-17T14:00:00+05:30,373.0,373.65,372.55,373.0,1459,0
2026-06-17T14:15:00+05:30,373.0,373.95,372.5,373.85,1621,0
2026-06-17T14:30:00+05:30,373.85,374.6,373.45,373.65,761,0
2026-06-17T14:45:00+05:30,373.95,376.65,373.95,376.5,6964,0
2026-06-17T15:00:00+05:30,376.5,376.5,373.05,375.0,5645,0
2026-06-17T15:15:00+05:30,375.25,375.25,372.5,373.0,16222,0
2026-06-18T09:15:00+05:30,375.1,406.0,375.1,405.45,161171,0
2026-06-18T09:30:00+05:30,405.65,414.0,403.25,411.55,230175,0
2026-06-18T09:45:00+05:30,411.6,411.65,405.0,408.8,82754,0
2026-06-18T10:00:00+05:30,409.25,414.0,406.15,412.1,91432,0
2026-06-18T10:15:00+05:30,412.55,418.95,407.05,409.35,354622,0
2026-06-18T10:30:00+05:30,409.25,412.65,404.3,406.2,125602,0
2026-06-18T10:45:00+05:30,406.1,415.0,405.5,410.7,98740,0
2026-06-18T11:00:00+05:30,410.9,415.0,410.1,413.8,81612,0
2026-06-18T11:15:00+05:30,414.2,414.25,406.15,406.9,90087,0
2026-06-18T11:30:00+05:30,407.15,408.45,406.0,407.5,24967,0
2026-06-18T11:45:00+05:30,407.35,410.0,406.0,408.4,19697,0
2026-06-18T12:00:00+05:30,408.25,409.1,406.0,406.1,17135,0
2026-06-18T12:15:00+05:30,406.85,411.4,406.55,409.1,27209,0
2026-06-18T12:30:00+05:30,408.85,409.05,407.0,408.1,10088,0
2026-06-18T12:45:00+05:30,408.0,408.95,407.3,407.5,10293,0
2026-06-18T13:00:00+05:30,407.5,408.85,407.05,408.0,9435,0
2026-06-18T13:15:00+05:30,407.45,408.3,406.05,408.0,8660,0
2026-06-18T13:30:00+05:30,407.95,408.7,406.0,407.05,14023,0
2026-06-18T13:45:00+05:30,407.5,407.5,405.0,405.5,21270,0
2026-06-18T14:00:00+05:30,405.5,406.4,401.95,405.2,41255,0
2026-06-18T14:15:00+05:30,405.2,406.35,404.85,406.0,10186,0
2026-06-18T14:30:00+05:30,406.0,408.4,405.2,407.7,13010,0
2026-06-18T14:45:00+05:30,407.3,408.3,406.2,406.5,16200,0
2026-06-18T15:00:00+05:30,406.5,409.35,405.0,408.55,54395,0
2026-06-18T15:15:00+05:30,408.45,412.0,405.45,411.0,80346,0
2026-06-19T09:15:00+05:30,409.85,436.5,409.2,435.65,273506,0
2026-06-19T09:30:00+05:30,436.15,458.0,433.4,455.45,888597,0
2026-06-19T09:45:00+05:30,455.45,463.95,454.4,462.4,949063,0
2026-06-19T10:00:00+05:30,462.55,464.95,458.3,463.7,562785,0
2026-06-19T10:15:00+05:30,463.9,468.0,460.0,466.45,852506,0
2026-06-19T10:30:00+05:30,466.4,470.95,464.0,468.1,944683,0
2026-06-19T10:45:00+05:30,468.2,468.3,462.0,466.3,611479,0
2026-06-19T11:00:00+05:30,466.25,471.0,465.5,469.6,516397,0
2026-06-19T11:15:00+05:30,469.3,476.0,467.5,473.0,861282,0
2026-06-19T11:30:00+05:30,472.95,478.0,472.45,476.5,529353,0
2026-06-19T11:45:00+05:30,476.8,483.0,475.0,482.55,520317,0
2026-06-19T12:00:00+05:30,482.1,484.9,481.25,482.0,390693,0
2026-06-19T12:15:00+05:30,482.0,482.3,476.5,477.75,303931,0
2026-06-19T12:30:00+05:30,477.95,479.25,472.35,475.5,259185,0
2026-06-19T12:45:00+05:30,475.35,476.55,472.75,475.3,120908,0
2026-06-19T13:00:00+05:30,475.6,478.5,472.5,478.3,178319,0
2026-06-19T13:15:00+05:30,478.3,481.55,474.8,474.85,174123,0
2026-06-19T13:30:00+05:30,474.8,476.15,471.05,472.0,93548,0
2026-06-19T13:45:00+05:30,471.8,473.5,470.05,471.75,69643,0
2026-06-19T14:00:00+05:30,471.75,476.8,471.05,472.5,101887,0
2026-06-19T14:15:00+05:30,472.5,474.0,467.65,472.4,134036,0
2026-06-19T14:30:00+05:30,472.4,474.6,471.25,473.45,64041,0
2026-06-19T14:45:00+05:30,473.1,477.75,472.2,472.9,142209,0
2026-06-19T15:00:00+05:30,473.1,482.0,472.95,478.05,310397,0
2026-06-19T15:15:00+05:30,478.35,489.9,477.0,489.9,620454,0
2026-06-22T09:15:00+05:30,499.85,512.05,483.1,490.7,1208698,0
2026-06-22T09:30:00+05:30,490.8,494.9,471.6,475.15,504207,0
2026-06-22T09:45:00+05:30,474.75,484.0,471.0,481.05,217775,0
2026-06-22T10:00:00+05:30,480.8,485.5,478.1,480.8,166464,0
2026-06-22T10:15:00+05:30,480.8,480.9,475.0,477.8,110259,0
2026-06-22T10:30:00+05:30,477.8,482.0,476.3,479.2,52205,0
2026-06-22T10:45:00+05:30,479.2,480.9,476.65,479.15,34428,0
2026-06-22T11:00:00+05:30,478.8,484.4,478.2,482.55,55924,0
2026-06-22T11:15:00+05:30,482.8,490.8,482.0,485.2,108903,0
2026-06-22T11:30:00+05:30,485.0,487.9,482.15,483.0,46394,0
2026-06-22T11:45:00+05:30,483.3,485.45,482.4,484.0,32653,0
2026-06-22T12:00:00+05:30,483.85,492.0,483.85,487.65,114507,0
2026-06-22T12:15:00+05:30,487.65,490.0,486.45,487.8,70743,0
2026-06-22T12:30:00+05:30,488.25,501.6,485.2,486.9,336151,0
2026-06-22T12:45:00+05:30,486.9,489.2,485.25,488.6,39233,0
2026-06-22T13:00:00+05:30,488.0,492.45,485.1,486.8,68808,0
2026-06-22T13:15:00+05:30,486.85,488.0,483.3,485.25,69257,0
2026-06-22T13:30:00+05:30,485.8,486.55,483.15,485.05,35892,0
2026-06-22T13:45:00+05:30,485.05,485.95,483.1,484.7,36740,0
2026-06-22T14:00:00+05:30,483.85,488.4,483.15,486.8,44918,0
2026-06-22T14:15:00+05:30,486.2,489.0,485.55,487.9,47842,0
2026-06-22T14:30:00+05:30,487.9,493.0,486.6,490.9,185684,0
2026-06-22T14:45:00+05:30,490.9,491.45,485.4,489.2,98505,0
2026-06-22T15:00:00+05:30,489.8,499.9,489.8,498.15,208633,0
2026-06-22T15:15:00+05:30,498.2,503.95,485.2,487.0,269957,0
2026-06-23T09:15:00+05:30,487.0,489.8,476.45,476.8,126005,0
2026-06-23T09:30:00+05:30,476.6,479.0,473.05,478.1,63017,0
2026-06-23T09:45:00+05:30,477.35,481.15,475.35,475.35,33877,0
2026-06-23T10:00:00+05:30,475.4,477.5,470.1,472.3,30480,0
2026-06-23T10:15:00+05:30,472.25,476.4,470.1,472.35,28601,0
2026-06-23T10:30:00+05:30,472.9,473.8,471.15,473.8,10774,0
2026-06-23T10:45:00+05:30,473.75,474.1,471.7,473.8,6902,0
2026-06-23T11:00:00+05:30,473.75,474.0,471.05,472.55,11899,0
2026-06-23T11:15:00+05:30,472.0,473.45,471.5,472.15,6715,0
2026-06-23T11:30:00+05:30,472.65,474.9,472.25,474.2,6930,0
2026-06-23T11:45:00+05:30,473.85,474.0,472.1,473.55,14476,0
2026-06-23T12:00:00+05:30,473.8,476.1,472.7,473.75,23544,0
2026-06-23T12:15:00+05:30,474.4,474.55,472.7,474.25,17941,0
2026-06-23T12:30:00+05:30,474.55,474.55,472.55,473.55,6164,0
2026-06-23T12:45:00+05:30,473.05,474.05,472.0,473.7,3252,0
2026-06-23T13:00:00+05:30,473.7,474.0,472.75,473.5,1581,0
2026-06-23T13:15:00+05:30,474.0,474.9,473.05,473.5,4112,0
2026-06-23T13:30:00+05:30,473.5,474.9,471.1,472.8,10186,0
2026-06-23T13:45:00+05:30,473.0,474.2,472.65,473.15,3767,0
2026-06-23T14:00:00+05:30,473.75,474.45,473.0,474.3,5329,0
2026-06-23T14:15:00+05:30,474.3,474.75,473.2,473.35,6330,0
2026-06-23T14:30:00+05:30,474.05,474.2,472.3,473.7,9335,0
2026-06-23T14:45:00+05:30,473.85,475.9,472.1,474.55,15856,0
2026-06-23T15:00:00+05:30,474.25,475.0,466.0,466.05,48124,0
2026-06-23T15:15:00+05:30,466.05,468.8,465.0,467.1,45118,0
2026-06-24T09:15:00+05:30,466.45,470.0,454.05,458.5,43215,0
2026-06-24T09:30:00+05:30,458.5,460.0,455.3,456.55,18607,0
2026-06-24T09:45:00+05:30,457.0,457.0,452.4,456.8,33594,0
2026-06-24T10:00:00+05:30,456.7,459.0,456.05,456.5,7382,0
2026-06-24T10:15:00+05:30,457.0,457.25,453.25,454.75,7445,0
2026-06-24T10:30:00+05:30,454.7,455.0,453.0,454.0,6396,0
2026-06-24T10:45:00+05:30,453.4,455.0,452.05,452.5,3972,0
2026-06-24T11:00:00+05:30,453.0,453.45,452.15,452.15,2860,0
2026-06-24T11:15:00+05:30,452.35,453.0,451.3,451.55,8895,0
2026-06-24T11:30:00+05:30,451.3,451.3,448.0,449.0,13441,0
2026-06-24T11:45:00+05:30,449.0,449.0,447.55,448.0,5966,0
2026-06-24T12:00:00+05:30,448.0,448.0,445.65,447.2,7376,0
2026-06-24T12:15:00+05:30,447.1,449.55,447.1,448.2,3146,0
2026-06-24T12:30:00+05:30,448.2,448.5,447.0,448.0,2752,0
2026-06-24T12:45:00+05:30,448.0,448.5,445.85,446.5,2887,0
2026-06-24T13:00:00+05:30,445.85,447.55,445.25,447.35,5825,0
2026-06-24T13:15:00+05:30,447.0,453.5,446.05,451.8,18256,0
2026-06-24T13:30:00+05:30,451.8,453.6,448.15,448.3,7130,0
2026-06-24T13:45:00+05:30,448.75,449.5,447.15,448.95,4797,0
2026-06-24T14:00:00+05:30,448.65,451.1,447.45,451.1,6359,0
2026-06-24T14:15:00+05:30,451.5,462.0,449.7,460.5,45520,0
2026-06-24T14:30:00+05:30,460.55,462.0,454.15,454.85,11210,0
2026-06-24T14:45:00+05:30,454.2,455.0,452.6,453.0,9381,0
2026-06-24T15:00:00+05:30,452.8,452.8,448.1,449.7,21370,0
2026-06-24T15:15:00+05:30,449.75,453.1,448.0,453.1,21105,0
2026-06-25T09:15:00+05:30,440.0,445.9,429.0,430.55,131542,0
2026-06-25T09:30:00+05:30,430.55,432.5,426.2,429.45,52034,0
2026-06-25T09:45:00+05:30,428.4,429.3,411.2,416.35,136979,0
2026-06-25T10:00:00+05:30,416.05,423.0,413.05,416.0,66998,0
2026-06-25T10:15:00+05:30,416.35,418.7,413.9,414.75,16680,0
2026-06-25T10:30:00+05:30,414.6,416.4,406.0,407.55,93789,0
2026-06-25T10:45:00+05:30,407.5,409.8,407.0,408.5,28835,0
2026-06-25T11:00:00+05:30,408.5,409.85,407.1,408.55,14550,0
2026-06-25T11:15:00+05:30,408.55,409.35,406.05,407.1,28532,0
2026-06-25T11:30:00+05:30,406.8,409.5,405.0,408.0,22066,0
2026-06-25T11:45:00+05:30,407.75,408.0,406.1,407.8,5977,0
2026-06-25T12:00:00+05:30,407.8,408.0,405.55,405.55,7491,0
2026-06-25T12:15:00+05:30,406.25,407.0,404.6,404.85,19848,0
2026-06-25T12:30:00+05:30,404.85,407.0,404.6,404.7,17993,0
2026-06-25T12:45:00+05:30,405.65,406.9,405.1,406.1,13275,0
2026-06-25T13:00:00+05:30,405.15,405.95,404.6,405.3,16175,0
2026-06-25T13:15:00+05:30,405.0,406.25,404.6,405.75,16863,0
2026-06-25T13:30:00+05:30,405.45,407.95,404.6,406.8,15714,0
2026-06-25T13:45:00+05:30,406.8,409.0,405.8,408.45,3581,0
2026-06-25T14:00:00+05:30,407.2,408.45,405.25,405.25,14317,0
2026-06-25T14:15:00+05:30,406.6,406.6,404.6,404.6,8591,0
2026-06-25T14:30:00+05:30,405.35,406.0,404.6,406.0,5087,0
2026-06-25T14:45:00+05:30,405.05,405.3,404.6,404.95,14388,0
2026-06-25T15:00:00+05:30,404.9,406.2,404.6,404.6,9642,0
2026-06-25T15:15:00+05:30,404.6,404.6,404.6,404.6,4387,0
2026-06-29T09:15:00+05:30,400.0,419.3,400.0,415.1,117900,0
2026-06-29T09:30:00+05:30,415.75,417.85,406.3,414.75,37019,0
2026-06-29T09:45:00+05:30,414.85,419.75,414.0,414.1,22407,0
2026-06-29T10:00:00+05:30,414.1,416.4,414.05,415.2,7083,0
2026-06-29T10:15:00+05:30,415.35,415.35,411.0,413.2,21084,0
2026-06-29T10:30:00+05:30,413.5,414.65,411.25,411.55,8347,0
2026-06-29T10:45:00+05:30,412.05,412.5,406.05,406.2,20259,0
2026-06-29T11:00:00+05:30,407.1,413.05,406.6,413.0,12841,0
2026-06-29T11:15:00+05:30,413.0,413.75,409.05,409.65,8600,0
2026-06-29T11:30:00+05:30,409.35,410.7,409.0,409.3,797,0
2026-06-29T11:45:00+05:30,409.05,409.05,405.05,407.4,9809,0
2026-06-29T12:00:00+05:30,407.4,408.2,404.5,405.75,8825,0
2026-06-29T12:15:00+05:30,405.2,405.7,402.0,402.0,10150,0
2026-06-29T12:30:00+05:30,402.0,403.5,400.6,401.85,4820,0
2026-06-29T12:45:00+05:30,401.6,402.95,399.95,402.45,5990,0
2026-06-29T13:00:00+05:30,402.3,405.0,401.7,401.7,4546,0
2026-06-29T13:15:00+05:30,403.15,404.3,401.05,403.4,6776,0
2026-06-29T13:30:00+05:30,402.7,404.2,402.25,403.1,2364,0
2026-06-29T13:45:00+05:30,403.1,404.8,402.5,404.05,3132,0
2026-06-29T14:00:00+05:30,404.1,404.15,402.15,402.55,2400,0
2026-06-29T14:15:00+05:30,402.2,404.6,402.2,403.65,3814,0
2026-06-29T14:30:00+05:30,403.6,403.6,402.15,402.8,1545,0
2026-06-29T14:45:00+05:30,403.1,404.2,402.3,402.5,2738,0
2026-06-29T15:00:00+05:30,403.3,403.5,401.0,401.0,5402,0
2026-06-29T15:15:00+05:30,401.2,403.45,398.2,403.45,28843,0
2026-06-30T09:15:00+05:30,400.95,409.0,400.95,403.4,21296,0
2026-06-30T09:30:00+05:30,404.4,408.6,402.8,407.7,13744,0
2026-06-30T09:45:00+05:30,406.75,409.45,406.0,408.4,6193,0
2026-06-30T10:00:00+05:30,409.4,417.5,408.5,414.2,42003,0
2026-06-30T10:15:00+05:30,414.2,418.0,408.5,410.95,40172,0
2026-06-30T10:30:00+05:30,410.5,412.95,408.5,412.65,10381,0
2026-06-30T10:45:00+05:30,412.25,413.9,411.0,411.7,6005,0
2026-06-30T11:00:00+05:30,412.65,414.45,411.0,411.1,6818,0
2026-06-30T11:15:00+05:30,411.1,412.85,411.0,411.65,2559,0
2026-06-30T11:30:00+05:30,411.05,414.55,410.0,412.35,8944,0
2026-06-30T11:45:00+05:30,412.35,416.2,411.15,414.05,20993,0
2026-06-30T12:00:00+05:30,414.0,421.7,412.85,420.8,20885,0
2026-06-30T12:15:00+05:30,420.4,420.4,416.5,417.45,8922,0
2026-06-30T12:30:00+05:30,417.45,418.3,415.15,416.25,6406,0
2026-06-30T12:45:00+05:30,416.35,418.0,416.0,416.65,1682,0
2026-06-30T13:00:00+05:30,416.65,419.15,415.9,418.35,8625,0
2026-06-30T13:15:00+05:30,417.95,418.65,416.3,416.3,9402,0
2026-06-30T13:30:00+05:30,416.3,421.35,416.05,421.1,11477,0
2026-06-30T13:45:00+05:30,421.1,424.0,420.0,422.25,23519,0
2026-06-30T14:00:00+05:30,422.0,423.9,421.4,422.7,14242,0
2026-06-30T14:15:00+05:30,422.1,423.25,421.0,421.05,16047,0
2026-06-30T14:30:00+05:30,421.05,421.4,418.2,418.75,7987,0
2026-06-30T14:45:00+05:30,418.7,425.2,418.0,422.8,33417,0
2026-06-30T15:00:00+05:30,422.25,423.0,419.35,419.35,26576,0
2026-06-30T15:15:00+05:30,419.35,422.0,418.0,421.0,31676,0
2026-07-01T09:15:00+05:30,423.4,423.4,402.95,408.9,37904,0
2026-07-01T09:30:00+05:30,408.9,414.95,407.7,411.65,14411,0
2026-07-01T09:45:00+05:30,411.7,414.2,408.0,409.7,12388,0
2026-07-01T10:00:00+05:30,409.75,411.0,407.5,409.85,8609,0
2026-07-01T10:15:00+05:30,409.85,411.75,409.1,411.5,13796,0
2026-07-01T10:30:00+05:30,411.45,413.9,411.15,412.15,3149,0
2026-07-01T10:45:00+05:30,412.15,412.85,411.1,412.85,2281,0
2026-07-01T11:00:00+05:30,412.05,412.65,410.85,410.85,4336,0
2026-07-01T11:15:00+05:30,411.45,414.65,410.5,414.65,3527,0
2026-07-01T11:30:00+05:30,414.2,414.6,412.0,413.75,2738,0
2026-07-01T11:45:00+05:30,413.1,414.5,413.0,413.05,1823,0
2026-07-01T12:00:00+05:30,413.95,414.15,412.3,412.35,3030,0
2026-07-01T12:15:00+05:30,412.35,414.3,412.35,412.65,1180,0
2026-07-01T12:30:00+05:30,413.2,413.25,411.3,411.3,2241,0
2026-07-01T12:45:00+05:30,411.3,412.55,410.0,411.45,3462,0
2026-07-01T13:00:00+05:30,411.45,411.75,410.65,410.9,352,0
2026-07-01T13:15:00+05:30,410.9,412.0,410.55,412.0,1726,0
2026-07-01T13:30:00+05:30,412.0,412.05,410.25,411.4,943,0
2026-07-01T13:45:00+05:30,411.45,411.6,409.85,409.85,2031,0
2026-07-01T14:00:00+05:30,409.85,410.0,409.5,409.6,146,0
2026-07-01T14:15:00+05:30,409.6,412.45,409.0,412.45,13075,0
2026-07-01T14:30:00+05:30,412.85,414.35,410.6,411.95,7969,0
2026-07-01T14:45:00+05:30,411.5,419.8,411.5,416.0,20909,0
2026-07-01T15:00:00+05:30,416.05,420.05,414.05,417.5,18087,0
2026-07-01T15:15:00+05:30,417.5,421.15,414.75,419.95,15164,0
2026-07-02T09:15:00+05:30,417.9,418.45,410.0,414.25,18366,0
2026-07-02T09:30:00+05:30,414.25,415.95,412.3,413.05,7787,0
2026-07-02T09:45:00+05:30,413.05,414.35,411.5,413.45,10452,0
2026-07-02T10:00:00+05:30,412.9,414.7,411.55,413.85,5715,0
2026-07-02T10:15:00+05:30,413.85,424.0,413.85,417.6,27445,0
2026-07-02T10:30:00+05:30,417.6,417.6,415.65,416.45,2263,0
2026-07-02T10:45:00+05:30,416.45,423.4,414.85,421.85,15857,0
2026-07-02T11:00:00+05:30,422.05,429.5,421.0,429.5,24399,0
2026-07-02T11:15:00+05:30,429.05,444.95,428.5,440.2,130364,0
2026-07-02T11:30:00+05:30,440.75,443.0,433.55,434.05,39637,0
2026-07-02T11:45:00+05:30,434.1,435.9,430.55,431.05,16058,0
2026-07-02T12:00:00+05:30,431.0,431.65,430.05,431.55,5684,0
2026-07-02T12:15:00+05:30,431.55,431.55,428.4,429.8,6069,0
2026-07-02T12:30:00+05:30,429.75,430.0,427.25,427.9,6910,0
2026-07-02T12:45:00+05:30,427.6,428.2,427.0,427.85,4861,0
2026-07-02T13:00:00+05:30,427.85,430.1,427.0,427.0,6964,0
2026-07-02T13:15:00+05:30,427.0,434.95,425.3,426.1,96476,0
2026-07-02T13:30:00+05:30,426.9,429.4,424.0,425.1,25182,0
2026-07-02T13:45:00+05:30,425.25,425.45,423.25,423.5,8618,0
2026-07-02T14:00:00+05:30,423.9,429.25,422.3,423.95,33034,0
2026-07-02T14:15:00+05:30,423.25,423.7,419.4,421.1,10781,0
2026-07-02T14:30:00+05:30,421.2,423.5,421.0,422.75,9739,0
2026-07-02T14:45:00+05:30,422.1,425.95,420.75,424.05,10027,0
2026-07-02T15:00:00+05:30,424.7,425.0,422.65,423.45,8773,0
2026-07-02T15:15:00+05:30,423.9,428.7,422.0,423.95,61972,0
2026-07-03T09:15:00+05:30,424.75,433.95,424.75,428.65,49149,0
2026-07-03T09:30:00+05:30,428.65,428.95,426.7,426.75,3146,0
2026-07-03T09:45:00+05:30,427.4,429.7,426.1,428.85,4919,0
2026-07-03T10:00:00+05:30,428.25,428.9,425.05,425.75,5417,0
2026-07-03T10:15:00+05:30,425.75,425.75,418.0,421.05,21345,0
2026-07-03T10:30:00+05:30,421.1,421.95,417.55,417.75,10484,0
2026-07-03T10:45:00+05:30,417.7,419.95,417.7,418.85,6768,0
2026-07-03T11:00:00+05:30,418.25,419.3,416.75,418.0,4571,0
2026-07-03T11:15:00+05:30,418.8,419.15,417.3,417.3,3266,0
2026-07-03T11:30:00+05:30,417.95,419.3,417.35,418.0,2676,0
2026-07-03T11:45:00+05:30,417.45,418.55,416.1,418.55,7050,0
2026-07-03T12:00:00+05:30,418.55,418.55,416.0,416.85,7442,0
2026-07-03T12:15:00+05:30,417.35,419.2,417.25,417.85,4029,0
2026-07-03T12:30:00+05:30,417.85,418.0,416.6,417.25,1414,0
2026-07-03T12:45:00+05:30,417.25,418.4,416.05,417.0,2244,0
2026-07-03T13:00:00+05:30,417.0,417.9,416.85,416.85,3093,0
2026-07-03T13:15:00+05:30,416.85,417.25,416.3,417.0,1087,0
2026-07-03T13:30:00+05:30,417.0,417.95,415.25,417.6,4697,0
2026-07-03T13:45:00+05:30,417.6,419.05,416.4,419.05,1489,0
2026-07-03T14:00:00+05:30,419.05,422.0,419.05,420.6,5308,0
2026-07-03T14:15:00+05:30,420.55,421.2,420.15,421.0,724,0
2026-07-03T14:30:00+05:30,421.0,423.65,421.0,422.45,11792,0
2026-07-03T14:45:00+05:30,422.45,423.1,421.75,423.05,2848,0
2026-07-03T15:00:00+05:30,423.15,425.0,423.0,423.95,5171,0
2026-07-03T15:15:00+05:30,423.9,428.65,422.55,423.05,21145,0
2026-07-06T09:15:00+05:30,426.05,440.1,426.05,438.65,39404,0
2026-07-06T09:30:00+05:30,438.7,440.5,434.0,435.55,20865,0
2026-07-06T09:45:00+05:30,435.45,436.35,433.4,433.4,6695,0
2026-07-06T10:00:00+05:30,433.45,434.0,431.0,432.4,9669,0
2026-07-06T10:15:00+05:30,431.75,432.85,428.7,429.2,7692,0
2026-07-06T10:30:00+05:30,429.25,430.55,429.2,430.55,3919,0
2026-07-06T10:45:00+05:30,430.55,431.45,429.0,430.35,2379,0
2026-07-06T11:00:00+05:30,430.0,430.5,428.45,429.0,1689,0
2026-07-06T11:15:00+05:30,428.65,428.65,426.3,426.8,4128,0
2026-07-06T11:30:00+05:30,426.75,426.8,425.4,426.45,2218,0
2026-07-06T11:45:00+05:30,426.45,428.45,426.45,426.6,3560,0
2026-07-06T12:00:00+05:30,426.35,431.0,425.55,428.8,15241,0
2026-07-06T12:15:00+05:30,428.05,431.95,427.15,429.4,11291,0
2026-07-06T12:30:00+05:30,429.4,429.4,427.15,427.95,2580,0
2026-07-06T12:45:00+05:30,427.85,429.4,427.7,429.2,2997,0
2026-07-06T13:00:00+05:30,429.2,433.5,428.55,432.8,19133,0
2026-07-06T13:15:00+05:30,432.8,436.15,432.05,436.15,14447,0
2026-07-06T13:30:00+05:30,436.1,436.1,432.0,434.45,15787,0
2026-07-06T13:45:00+05:30,434.1,436.1,433.9,434.6,5225,0
2026-07-06T14:00:00+05:30,434.6,435.5,432.5,434.05,6472,0
2026-07-06T14:15:00+05:30,433.45,434.0,432.25,433.0,3739,0
2026-07-06T14:30:00+05:30,432.95,435.0,432.6,435.0,4395,0
2026-07-06T14:45:00+05:30,434.0,435.7,433.25,433.75,6291,0
2026-07-06T15:00:00+05:30,434.4,436.1,434.0,434.9,10250,0
2026-07-06T15:15:00+05:30,434.5,450.0,434.45,449.1,88900,0
2026-07-07T09:15:00+05:30,450.0,455.8,434.25,436.35,70093,0
2026-07-07T09:30:00+05:30,436.25,441.45,435.4,438.8,16315,0
2026-07-07T09:45:00+05:30,439.15,439.95,430.0,430.05,18761,0
2026-07-07T10:00:00+05:30,430.65,431.0,428.7,429.25,12706,0
2026-07-07T10:15:00+05:30,429.45,432.95,429.4,430.45,10572,0
2026-07-07T10:30:00+05:30,430.95,431.0,428.65,430.0,4098,0
2026-07-07T10:45:00+05:30,429.6,430.7,426.35,427.1,5156,0
2026-07-07T11:00:00+05:30,427.4,429.0,426.55,427.25,3431,0
2026-07-07T11:15:00+05:30,427.3,428.1,426.0,428.05,4377,0
2026-07-07T11:30:00+05:30,427.55,432.05,427.3,429.55,8203,0
2026-07-07T11:45:00+05:30,429.55,432.35,429.55,431.9,2046,0
2026-07-07T12:00:00+05:30,431.4,431.6,430.0,430.0,475,0
2026-07-07T12:15:00+05:30,430.0,431.45,429.7,430.7,3667,0
2026-07-07T12:30:00+05:30,431.1,432.35,431.1,432.35,2505,0
2026-07-07T12:45:00+05:30,432.4,432.4,431.25,431.25,2722,0
2026-07-07T13:00:00+05:30,430.75,430.95,429.55,430.2,8978,0
2026-07-07T13:15:00+05:30,430.15,433.45,429.75,432.8,2102,0
2026-07-07T13:30:00+05:30,433.0,434.1,431.95,433.1,5588,0
2026-07-07T13:45:00+05:30,432.35,434.5,431.1,434.5,7866,0
2026-07-07T14:00:00+05:30,434.4,435.0,433.4,433.7,2683,0
2026-07-07T14:15:00+05:30,433.7,434.2,432.35,432.8,2266,0
2026-07-07T14:30:00+05:30,432.8,433.4,432.0,433.4,4087,0
2026-07-07T14:45:00+05:30,433.2,434.0,433.05,433.35,2812,0
2026-07-07T15:00:00+05:30,433.8,436.75,431.55,433.7,13657,0
2026-07-07T15:15:00+05:30,433.7,435.0,430.0,430.0,18536,0
2026-07-08T09:15:00+05:30,431.05,431.05,424.0,428.05,16407,0
2026-07-08T09:30:00+05:30,428.85,428.95,424.05,426.5,9390,0
2026-07-08T09:45:00+05:30,425.95,426.2,424.5,425.5,3698,0
2026-07-08T10:00:00+05:30,425.5,425.75,425.05,425.75,1607,0
2026-07-08T10:15:00+05:30,425.75,427.1,425.4,426.05,2506,0
2026-07-08T10:30:00+05:30,426.05,427.45,425.5,426.65,1979,0
2026-07-08T10:45:00+05:30,426.45,427.95,426.15,426.75,2290,0
2026-07-08T11:00:00+05:30,426.75,427.05,426.0,427.05,505,0
2026-07-08T11:15:00+05:30,427.05,427.05,426.3,427.0,1133,0
2026-07-08T11:30:00+05:30,427.0,427.95,425.6,425.6,840,0
2026-07-08T11:45:00+05:30,425.6,426.25,425.55,426.25,1126,0
2026-07-08T12:00:00+05:30,426.25,426.55,425.05,425.2,1106,0
2026-07-08T12:15:00+05:30,425.05,425.2,421.2,421.8,10135,0
2026-07-08T12:30:00+05:30,421.8,421.9,417.8,420.15,8859,0
2026-07-08T12:45:00+05:30,420.1,421.0,419.6,420.7,3595,0
2026-07-08T13:00:00+05:30,420.2,422.0,420.0,421.4,5883,0
2026-07-08T13:15:00+05:30,421.6,421.9,421.15,421.15,363,0
2026-07-08T13:30:00+05:30,421.15,424.6,421.15,424.0,2580,0
2026-07-08T13:45:00+05:30,424.0,424.1,416.7,416.7,5516,0
2026-07-08T14:00:00+05:30,416.75,417.35,413.1,413.65,12700,0
2026-07-08T14:15:00+05:30,413.15,414.9,408.0,410.3,15905,0
2026-07-08T14:30:00+05:30,410.45,413.05,408.05,411.0,9988,0
2026-07-08T14:45:00+05:30,410.85,413.05,407.15,411.0,8231,0
2026-07-08T15:00:00+05:30,410.55,413.0,408.85,413.0,17951,0
2026-07-08T15:15:00+05:30,412.75,415.0,411.05,415.0,14391,0
2026-07-09T09:15:00+05:30,422.0,422.0,414.3,415.55,14357,0
2026-07-09T09:30:00+05:30,415.0,419.15,414.3,415.65,8511,0
2026-07-09T09:45:00+05:30,415.65,418.75,415.65,418.7,1998,0
2026-07-09T10:00:00+05:30,417.95,421.4,416.4,421.4,5532,0
2026-07-09T10:15:00+05:30,421.15,423.35,419.65,423.3,5760,0
2026-07-09T10:30:00+05:30,422.6,429.8,422.35,428.95,29064,0
2026-07-09T10:45:00+05:30,429.15,429.55,425.7,428.3,5662,0
2026-07-09T11:00:00+05:30,428.3,428.3,424.0,426.0,7397,0
2026-07-09T11:15:00+05:30,426.4,430.0,426.4,427.4,8659,0
2026-07-09T11:30:00+05:30,427.7,429.8,427.35,429.5,2549,0
2026-07-09T11:45:00+05:30,429.5,432.8,429.0,430.7,7321,0
2026-07-09T12:00:00+05:30,430.7,432.7,430.65,431.7,2828,0
2026-07-09T12:15:00+05:30,431.9,434.95,430.6,434.0,8060,0
2026-07-09T12:30:00+05:30,433.85,434.3,430.25,431.9,5829,0
2026-07-09T12:45:00+05:30,431.9,432.45,430.2,431.45,1648,0
2026-07-09T13:00:00+05:30,431.45,431.75,430.35,431.75,1202,0
2026-07-09T13:15:00+05:30,431.75,433.15,431.35,432.0,928,0
2026-07-09T13:30:00+05:30,432.0,433.1,432.0,432.7,1986,0
2026-07-09T13:45:00+05:30,432.85,433.8,432.0,433.75,3197,0
2026-07-09T14:00:00+05:30,433.7,436.2,432.0,433.0,11606,0
2026-07-09T14:15:00+05:30,433.0,433.4,432.5,432.75,2227,0
2026-07-09T14:30:00+05:30,432.85,433.15,431.0,431.2,5782,0
2026-07-09T14:45:00+05:30,431.3,432.5,430.85,431.5,10565,0
2026-07-09T15:00:00+05:30,431.5,431.55,425.35,426.0,19599,0
2026-07-09T15:15:00+05:30,425.7,427.9,424.35,427.0,22094,0
2026-07-10T09:15:00+05:30,433.9,433.9,427.05,428.6,6743,0
2026-07-10T09:30:00+05:30,428.55,433.2,428.55,429.6,5041,0
2026-07-10T09:45:00+05:30,429.6,430.6,428.8,429.3,3303,0
2026-07-10T10:00:00+05:30,429.8,430.0,427.35,427.35,3877,0
2026-07-10T10:15:00+05:30,427.35,429.15,427.35,427.85,2271,0
2026-07-10T10:30:00+05:30,427.85,429.95,427.85,428.5,1994,0
2026-07-10T10:45:00+05:30,428.5,428.75,427.0,427.65,1150,0
2026-07-10T11:00:00+05:30,427.65,428.7,427.65,428.0,1218,0
2026-07-10T11:15:00+05:30,428.0,432.0,428.0,430.35,11886,0
2026-07-10T11:30:00+05:30,430.35,430.55,429.55,430.0,583,0
2026-07-10T11:45:00+05:30,430.1,430.6,429.15,430.3,2859,0
2026-07-10T12:00:00+05:30,430.25,431.0,429.95,430.6,12738,0
2026-07-10T12:15:00+05:30,430.6,431.0,430.3,430.45,558,0
2026-07-10T12:30:00+05:30,430.45,431.9,430.45,431.6,3264,0
2026-07-10T12:45:00+05:30,431.6,431.6,429.55,430.2,2324,0
2026-07-10T13:00:00+05:30,430.5,431.45,429.5,430.05,1834,0
2026-07-10T13:15:00+05:30,430.05,430.05,428.75,428.75,1282,0
2026-07-10T13:30:00+05:30,428.75,429.05,428.75,428.8,166,0
2026-07-10T13:45:00+05:30,428.8,428.8,427.0,428.3,3036,0
2026-07-10T14:00:00+05:30,428.3,429.9,427.9,429.8,1354,0
2026-07-10T14:15:00+05:30,429.8,430.2,429.1,430.0,1358,0
2026-07-10T14:30:00+05:30,430.1,430.8,429.0,429.05,1310,0
2026-07-10T14:45:00+05:30,429.35,430.0,429.0,429.7,1238,0
2026-07-10T15:00:00+05:30,429.4,430.2,429.15,429.4,2781,0
2026-07-10T15:15:00+05:30,429.15,429.15,427.0,428.0,15200,0
2026-07-13T09:15:00+05:30,425.25,433.15,424.2,430.15,16623,0
2026-07-13T09:30:00+05:30,430.2,430.2,425.0,425.65,5094,0
2026-07-13T09:45:00+05:30,425.65,427.7,424.0,427.35,6297,0
2026-07-13T10:00:00+05:30,427.35,429.35,425.85,426.55,1582,0
2026-07-13T10:15:00+05:30,426.4,426.4,425.75,425.75,283,0
2026-07-13T10:30:00+05:30,426.25,427.0,425.8,425.8,694,0
2026-07-13T10:45:00+05:30,426.3,426.45,425.25,425.6,3211,0
2026-07-13T11:00:00+05:30,425.6,427.2,425.6,427.0,1465,0
2026-07-13T11:15:00+05:30,426.55,427.0,425.8,426.4,247,0
2026-07-13T11:30:00+05:30,426.0,426.0,422.9,423.65,2432,0
2026-07-13T11:45:00+05:30,422.95,424.8,422.15,422.15,2997,0
2026-07-13T12:00:00+05:30,422.15,422.7,422.15,422.55,422,0
2026-07-13T12:15:00+05:30,422.55,422.85,421.1,422.0,2180,0
2026-07-13T12:30:00+05:30,422.0,422.0,420.05,420.5,3434,0
2026-07-13T12:45:00+05:30,420.5,421.0,420.05,420.8,1310,0
2026-07-13T13:00:00+05:30,420.55,420.65,419.0,419.6,2459,0
2026-07-13T13:15:00+05:30,419.6,419.9,418.1,418.5,2769,0
2026-07-13T13:30:00+05:30,418.5,418.7,418.1,418.1,2008,0
2026-07-13T13:45:00+05:30,418.1,418.35,417.05,417.95,937,0
2026-07-13T14:00:00+05:30,417.95,418.9,417.7,418.65,1196,0
2026-07-13T14:15:00+05:30,418.8,419.95,418.05,419.9,1694,0
2026-07-13T14:30:00+05:30,419.9,419.9,418.5,418.9,2521,0
2026-07-13T14:45:00+05:30,418.9,419.8,418.9,419.35,928,0
2026-07-13T15:00:00+05:30,419.35,421.5,419.35,419.9,3176,0
2026-07-13T15:15:00+05:30,419.9,421.1,417.55,418.85,14209,0
2026-07-14T09:15:00+05:30,419.2,423.95,412.8,414.05,7396,0
2026-07-14T09:30:00+05:30,414.6,414.6,411.5,413.1,3626,0
2026-07-14T09:45:00+05:30,412.35,413.05,411.3,411.8,4757,0
2026-07-14T10:00:00+05:30,411.3,411.4,409.3,410.75,6919,0
2026-07-14T10:15:00+05:30,411.0,413.0,410.65,412.15,1747,0
2026-07-14T10:30:00+05:30,412.45,414.0,412.0,413.25,16309,0
2026-07-14T10:45:00+05:30,413.05,413.05,412.6,412.65,671,0
2026-07-14T11:00:00+05:30,412.9,417.6,412.9,415.9,11330,0
2026-07-14T11:15:00+05:30,415.9,418.7,415.15,417.8,5040,0
2026-07-14T11:30:00+05:30,417.8,418.25,416.7,417.0,567,0
2026-07-14T11:45:00+05:30,417.1,417.9,417.1,417.15,762,0
2026-07-14T12:00:00+05:30,417.25,417.9,417.1,417.2,953,0
2026-07-14T12:15:00+05:30,417.2,417.2,415.65,415.65,1365,0
2026-07-14T12:30:00+05:30,416.0,417.75,415.9,415.95,1997,0
2026-07-14T12:45:00+05:30,415.95,417.2,415.95,416.5,1782,0
2026-07-14T13:00:00+05:30,416.5,416.5,416.0,416.05,108,0
2026-07-14T13:15:00+05:30,416.1,416.4,414.85,415.65,2365,0
2026-07-14T13:30:00+05:30,415.65,415.65,414.85,414.85,163,0
2026-07-14T13:45:00+05:30,415.2,415.55,414.85,415.55,2203,0
2026-07-14T14:00:00+05:30,415.55,415.65,415.4,415.55,197,0
2026-07-14T14:15:00+05:30,415.65,415.95,415.4,415.4,885,0
2026-07-14T14:30:00+05:30,415.45,415.55,414.85,415.55,1379,0
2026-07-14T14:45:00+05:30,415.8,415.8,415.0,415.1,896,0
2026-07-14T15:00:00+05:30,415.15,416.75,415.15,416.25,4446,0
2026-07-14T15:15:00+05:30,416.05,420.0,415.5,420.0,10590,0
2026-07-15T09:15:00+05:30,420.65,432.0,420.65,429.1,26140,0
2026-07-15T09:30:00+05:30,429.15,433.2,428.7,431.4,22978,0
2026-07-15T09:45:00+05:30,431.9,434.95,430.0,434.0,25437,0
2026-07-15T10:00:00+05:30,434.05,434.7,431.55,432.0,6693,0
2026-07-15T10:15:00+05:30,431.95,432.5,430.05,430.75,5550,0
2026-07-15T10:30:00+05:30,430.75,430.8,428.1,428.1,13623,0
2026-07-15T10:45:00+05:30,428.2,430.75,428.15,430.0,2674,0
2026-07-15T11:00:00+05:30,429.5,431.2,428.0,430.05,4044,0
2026-07-15T11:15:00+05:30,430.75,430.9,429.0,430.85,1689,0
2026-07-15T11:30:00+05:30,430.05,430.05,426.1,426.6,4250,0
2026-07-15T11:45:00+05:30,426.3,426.35,425.25,425.8,980,0
2026-07-15T12:00:00+05:30,425.35,427.65,425.1,427.65,5791,0
2026-07-15T12:15:00+05:30,427.1,427.45,424.8,427.45,4400,0
2026-07-15T12:30:00+05:30,427.25,427.4,425.0,425.55,1028,0
2026-07-15T12:45:00+05:30,425.55,425.55,422.2,423.7,5108,0
2026-07-15T13:00:00+05:30,422.9,424.0,422.7,423.25,407,0
2026-07-15T13:15:00+05:30,423.25,424.55,422.95,423.2,1513,0
2026-07-15T13:30:00+05:30,423.2,424.25,422.0,423.5,9369,0
2026-07-15T13:45:00+05:30,423.0,425.3,422.55,424.55,10676,0
2026-07-15T14:00:00+05:30,424.55,426.25,424.55,426.25,1496,0
2026-07-15T14:15:00+05:30,426.8,427.6,426.55,426.65,620,0
2026-07-15T14:30:00+05:30,426.65,427.0,426.55,427.0,150,0
2026-07-15T14:45:00+05:30,427.0,427.1,426.0,426.1,2783,0
2026-07-15T15:00:00+05:30,426.1,426.2,424.0,424.3,2914,0
2026-07-15T15:15:00+05:30,424.7,429.95,424.0,426.0,7930,0
2026-07-16T09:15:00+05:30,424.7,427.85,421.65,421.75,5775,0
2026-07-16T09:30:00+05:30,421.3,422.9,421.25,422.9,2083,0
2026-07-16T09:45:00+05:30,422.9,422.9,421.3,421.75,1267,0
2026-07-16T10:00:00+05:30,421.75,423.05,421.3,422.2,2098,0
2026-07-16T10:15:00+05:30,421.85,422.45,418.5,420.45,6220,0
2026-07-16T10:30:00+05:30,420.45,420.45,418.4,418.5,7488,0
2026-07-16T10:45:00+05:30,418.55,419.7,418.5,419.35,3302,0
2026-07-16T11:00:00+05:30,419.35,421.45,419.1,420.3,2575,0
2026-07-16T11:15:00+05:30,421.15,424.85,420.45,424.5,5558,0
2026-07-16T11:30:00+05:30,424.5,424.55,423.1,423.55,136,0
2026-07-16T11:45:00+05:30,423.55,424.3,421.5,422.7,1845,0
2026-07-16T12:00:00+05:30,422.7,423.15,421.55,423.15,1125,0
2026-07-16T12:15:00+05:30,423.15,423.2,421.0,422.9,1333,0
2026-07-16T12:30:00+05:30,422.9,422.9,422.1,422.1,131,0
2026-07-16T12:45:00+05:30,422.1,422.1,422.1,422.1,1180,0
2026-07-16T13:00:00+05:30,422.1,422.1,421.0,421.7,46,0
2026-07-16T13:15:00+05:30,421.7,421.7,421.7,421.7,0,0
2026-07-16T13:30:00+05:30,421.0,421.95,419.85,421.95,1940,0
2026-07-16T13:45:00+05:30,421.95,421.95,420.1,421.2,120,0
2026-07-16T14:00:00+05:30,420.95,421.1,420.55,420.55,380,0
2026-07-16T14:15:00+05:30,421.35,421.6,420.45,421.6,278,0
2026-07-16T14:30:00+05:30,421.6,421.6,420.6,420.6,1478,0
2026-07-16T14:45:00+05:30,420.95,421.95,420.65,421.65,839,0
2026-07-16T15:00:00+05:30,421.95,427.1,421.7,426.7,6199,0
2026-07-16T15:15:00+05:30,425.8,428.0,425.7,427.0,5292,0
2026-07-17T09:15:00+05:30,424.6,424.65,419.55,421.15,8188,0
2026-07-17T09:30:00+05:30,422.0,424.9,421.3,421.3,2995,0
2026-07-17T09:45:00+05:30,421.3,422.7,418.0,418.85,4574,0
2026-07-17T10:00:00+05:30,419.7,420.95,419.15,419.7,7070,0
2026-07-17T10:15:00+05:30,420.45,421.9,420.1,421.1,443,0
2026-07-17T10:30:00+05:30,421.1,422.0,421.05,421.9,714,0
2026-07-17T10:45:00+05:30,421.9,421.95,420.0,420.85,1846,0
2026-07-17T11:00:00+05:30,420.85,422.0,420.85,421.05,621,0
2026-07-17T11:15:00+05:30,420.35,422.85,418.55,419.95,4753,0
2026-07-17T11:30:00+05:30,419.95,420.65,419.6,419.65,27,0
2026-07-17T11:45:00+05:30,419.65,420.15,419.2,419.25,125,0
2026-07-17T12:00:00+05:30,419.25,420.0,418.0,419.05,1597,0
2026-07-17T12:15:00+05:30,419.9,420.45,419.3,420.2,812,0
2026-07-17T12:30:00+05:30,420.2,421.2,419.85,419.85,159,0
2026-07-17T12:45:00+05:30,419.85,420.45,419.55,420.15,407,0
2026-07-17T13:00:00+05:30,420.15,420.5,419.5,420.0,412,0
2026-07-17T13:15:00+05:30,419.45,420.25,419.3,420.25,316,0
2026-07-17T13:30:00+05:30,419.45,421.35,419.45,420.0,1272,0
2026-07-17T13:45:00+05:30,420.8,420.8,420.0,420.2,340,0
2026-07-17T14:00:00+05:30,420.15,420.15,419.3,419.7,334,0
2026-07-17T14:15:00+05:30,419.8,422.0,419.8,421.15,1364,0
2026-07-17T14:30:00+05:30,421.15,421.65,421.15,421.65,23,0
2026-07-17T14:45:00+05:30,421.3,421.3,420.0,420.6,3696,0
2026-07-17T15:00:00+05:30,420.05,420.05,417.1,417.75,6637,0
2026-07-17T15:15:00+05:30,417.85,419.7,417.0,417.0,11311,0
2026-07-20T09:15:00+05:30,418.0,425.95,417.1,424.3,3826,0
2026-07-20T09:30:00+05:30,424.25,433.45,422.15,433.0,14295,0
2026-07-20T09:45:00+05:30,432.5,455.0,432.0,447.15,181043,0
2026-07-20T10:00:00+05:30,447.35,449.2,443.25,446.1,42157,0
2026-07-20T10:15:00+05:30,445.55,445.55,440.05,443.2,22771,0
2026-07-20T10:30:00+05:30,443.7,448.9,443.0,447.0,18498,0
2026-07-20T10:45:00+05:30,447.0,459.0,445.0,455.2,84736,0
2026-07-20T11:00:00+05:30,455.3,457.9,450.0,452.15,36818,0
2026-07-20T11:15:00+05:30,452.95,454.85,450.0,454.85,17436,0
2026-07-20T11:30:00+05:30,454.85,455.65,452.05,454.25,9318,0
2026-07-20T11:45:00+05:30,454.4,458.4,452.3,453.3,31437,0
2026-07-20T12:00:00+05:30,453.3,458.0,450.05,456.25,24321,0
2026-07-20T12:15:00+05:30,455.75,457.6,455.0,455.5,12963,0
2026-07-20T12:30:00+05:30,455.65,456.0,454.75,455.05,6983,0
2026-07-20T12:45:00+05:30,455.05,457.8,453.3,457.0,14393,0
2026-07-20T13:00:00+05:30,456.7,458.0,455.0,455.25,20588,0
2026-07-20T13:15:00+05:30,455.95,458.0,455.5,457.75,16479,0
2026-07-20T13:30:00+05:30,457.75,457.75,456.0,457.0,10097,0
2026-07-20T13:45:00+05:30,457.0,457.05,455.45,456.9,4104,0
2026-07-20T14:00:00+05:30,457.0,457.0,454.1,455.0,5684,0
2026-07-20T14:15:00+05:30,455.0,456.3,454.45,455.1,2981,0
2026-07-20T14:30:00+05:30,455.65,459.0,455.65,457.55,22738,0
2026-07-20T14:45:00+05:30,458.45,458.45,451.0,453.0,30671,0
2026-07-20T15:00:00+05:30,453.35,455.9,452.0,454.5,16378,0
2026-07-20T15:15:00+05:30,454.25,455.5,448.65,453.8,37788,0
2026-07-21T09:15:00+05:30,453.25,467.25,450.2,465.65,55401,0
2026-07-21T09:30:00+05:30,465.85,468.45,458.1,459.1,40547,0
2026-07-21T09:45:00+05:30,459.1,459.1,453.05,456.0,17742,0
2026-07-21T10:00:00+05:30,456.0,456.0,451.05,451.4,14760,0
2026-07-21T10:15:00+05:30,451.4,452.15,449.8,450.8,4255,0
2026-07-21T10:30:00+05:30,450.4,450.75,447.7,448.85,4620,0
2026-07-21T10:45:00+05:30,448.8,451.85,444.35,447.1,21778,0
2026-07-21T11:00:00+05:30,447.1,449.95,445.6,448.4,8658,0
2026-07-21T11:15:00+05:30,448.4,448.95,448.0,448.7,380,0
2026-07-21T11:30:00+05:30,448.7,449.85,448.1,449.2,1437,0
2026-07-21T11:45:00+05:30,449.2,450.9,448.95,450.0,1718,0
2026-07-21T12:00:00+05:30,450.0,450.45,448.6,449.9,992,0
2026-07-21T12:15:00+05:30,450.0,450.25,448.65,450.2,1980,0
2026-07-21T12:30:00+05:30,450.3,450.95,448.5,449.7,3473,0
2026-07-21T12:45:00+05:30,449.45,449.55,447.0,447.0,2124,0
2026-07-21T13:00:00+05:30,447.0,447.0,445.1,445.1,6564,0
2026-07-21T13:15:00+05:30,445.15,447.75,445.1,447.75,1809,0
2026-07-21T13:30:00+05:30,447.75,451.0,447.5,451.0,1265,0
2026-07-21T13:45:00+05:30,451.0,451.75,450.1,450.1,1130,0
2026-07-21T14:00:00+05:30,450.75,452.7,450.0,452.1,2841,0
2026-07-21T14:15:00+05:30,452.45,453.8,449.0,449.0,6194,0
2026-07-21T14:30:00+05:30,449.0,449.9,449.0,449.55,1020,0
2026-07-21T14:45:00+05:30,449.5,457.15,449.5,457.0,7656,0
2026-07-21T15:00:00+05:30,457.25,461.45,456.55,460.75,21150,0
2026-07-21T15:15:00+05:30,460.7,461.65,454.1,459.9,27743,0
2026-07-22T09:15:00+05:30,453.3,461.2,453.3,455.25,16166,0
2026-07-22T09:30:00+05:30,455.3,455.4,449.6,451.6,7449,0
2026-07-22T09:45:00+05:30,452.35,453.5,449.05,452.0,3635,0
2026-07-22T10:00:00+05:30,452.1,454.75,451.05,452.0,5971,0
2026-07-22T10:15:00+05:30,452.0,452.3,449.0,449.35,5137,0
2026-07-22T10:30:00+05:30,449.65,452.5,449.0,452.3,6058,0
2026-07-22T10:45:00+05:30,451.85,454.7,451.8,453.45,666,0
2026-07-22T11:00:00+05:30,453.45,454.8,453.2,454.05,432,0
2026-07-22T11:15:00+05:30,454.05,454.3,452.1,453.25,531,0
2026-07-22T11:30:00+05:30,453.65,454.05,453.1,453.35,155,0
2026-07-22T11:45:00+05:30,453.35,453.35,450.6,453.2,3938,0
2026-07-22T12:00:00+05:30,453.2,453.45,451.55,451.9,2976,0
2026-07-22T12:15:00+05:30,451.9,453.4,451.9,452.35,634,0
2026-07-22T12:30:00+05:30,452.35,453.95,452.35,452.95,813,0
2026-07-22T12:45:00+05:30,452.9,453.45,451.0,452.3,3787,0
2026-07-22T13:00:00+05:30,452.3,452.95,451.9,452.25,721,0
2026-07-22T13:15:00+05:30,452.25,452.25,451.1,451.65,70,0
2026-07-22T13:30:00+05:30,451.65,452.5,451.25,452.45,607,0
2026-07-22T13:45:00+05:30,452.45,455.7,451.75,454.8,5528,0
2026-07-22T14:00:00+05:30,455.3,455.3,453.25,453.9,1077,0
2026-07-22T14:15:00+05:30,453.9,455.75,453.2,455.75,1734,0
2026-07-22T14:30:00+05:30,455.9,457.0,455.0,456.55,5150,0
2026-07-22T14:45:00+05:30,456.9,457.4,455.6,456.6,1628,0
2026-07-22T15:00:00+05:30,457.0,457.45,456.0,457.3,2098,0
2026-07-22T15:15:00+05:30,457.3,459.3,455.0,458.3,14480,0
2026-07-23T09:15:00+05:30,470.2,501.6,470.2,496.15,290029,0
2026-07-23T09:30:00+05:30,496.15,502.7,494.2,501.95,314638,0
2026-07-23T09:45:00+05:30,501.95,502.6,491.0,497.65,150986,0
2026-07-23T10:00:00+05:30,498.1,498.3,489.0,494.65,82279,0
2026-07-23T10:15:00+05:30,495.65,495.8,490.0,490.4,29124,0
2026-07-23T10:30:00+05:30,490.45,494.5,485.7,494.5,43662,0
2026-07-23T10:45:00+05:30,493.25,493.6,491.15,493.3,14535,0
2026-07-23T11:00:00+05:30,493.3,493.7,490.75,491.3,14011,0
2026-07-23T11:15:00+05:30,491.3,493.2,485.0,488.05,18801,0
2026-07-23T11:30:00+05:30,488.05,489.05,486.15,487.95,12058,0
2026-07-23T11:45:00+05:30,487.85,501.0,487.85,498.0,146857,0
2026-07-23T12:00:00+05:30,498.0,501.5,496.05,501.25,29416,0
2026-07-23T12:15:00+05:30,501.25,502.65,497.0,499.8,50674,0
2026-07-23T12:30:00+05:30,499.8,499.8,495.0,496.05,18223,0
2026-07-23T12:45:00+05:30,496.05,497.7,495.0,495.6,4868,0
2026-07-23T13:00:00+05:30,495.45,497.4,492.35,497.0,20069,0
2026-07-23T13:15:00+05:30,498.0,498.75,494.2,495.6,12408,0
2026-07-23T13:30:00+05:30,496.3,501.0,495.55,499.15,22164,0
2026-07-23T13:45:00+05:30,498.5,500.8,495.0,497.65,9816,0
2026-07-23T14:00:00+05:30,497.8,502.7,496.65,502.3,84779,0
2026-07-23T14:15:00+05:30,502.0,502.6,497.3,500.0,18269,0
2026-07-23T14:30:00+05:30,500.0,502.0,499.0,500.8,9345,0
2026-07-23T14:45:00+05:30,501.9,501.9,497.05,497.9,10486,0
2026-07-23T15:00:00+05:30,497.9,502.7,492.15,500.5,40725,0
2026-07-23T15:15:00+05:30,500.55,502.7,500.5,502.7,61538,0
2026-07-24T09:15:00+05:30,502.0,518.5,492.2,513.7,297603,0
2026-07-24T09:30:00+05:30,513.5,513.9,490.15,499.05,207485,0
2026-07-24T09:45:00+05:30,498.55,510.0,498.0,506.0,71786,0
2026-07-24T10:00:00+05:30,506.4,509.75,504.0,504.0,32310,0
2026-07-24T10:15:00+05:30,504.3,508.45,504.0,504.95,34843,0
2026-07-24T10:30:00+05:30,505.0,510.9,504.0,509.8,32211,0
2026-07-24T10:45:00+05:30,510.05,510.75,502.05,502.65,31177,0
2026-07-24T11:00:00+05:30,502.0,502.0,495.75,496.65,26335,0
2026-07-24T11:15:00+05:30,496.1,499.95,495.5,498.5,11839,0
2026-07-24T11:30:00+05:30,498.5,502.35,497.35,500.2,8771,0
2026-07-24T11:45:00+05:30,501.85,502.0,496.0,497.35,12478,0
2026-07-24T12:00:00+05:30,497.35,498.3,497.0,497.3,4316,0
2026-07-24T12:15:00+05:30,497.45,500.45,492.6,497.7,36736,0
2026-07-24T12:30:00+05:30,497.6,498.4,495.0,496.45,14444,0
2026-07-24T12:45:00+05:30,496.5,506.0,496.05,505.25,19620,0
2026-07-24T13:00:00+05:30,505.2,512.8,502.7,505.55,60137,0
2026-07-24T13:15:00+05:30,505.9,507.0,502.35,503.5,8079,0
2026-07-24T13:30:00+05:30,503.6,504.4,500.0,501.0,9033,0
2026-07-24T13:45:00+05:30,501.0,503.4,500.0,500.85,4812,0
2026-07-24T14:00:00+05:30,500.95,503.05,499.35,501.5,5541,0
2026-07-24T14:15:00+05:30,501.85,501.85,497.3,497.3,15129,0
2026-07-24T14:30:00+05:30,497.1,498.0,495.0,497.4,8734,0
2026-07-24T14:45:00+05:30,497.9,500.45,497.9,499.3,10850,0
2026-07-24T15:00:00+05:30,499.7,500.0,496.65,499.65,19474,0
2026-07-24T15:15:00+05:30,498.9,500.55,496.1,497.1,64060,0
2026-07-27T09:15:00+05:30,499.05,503.5,482.75,493.4,38748,0
2026-07-27T09:30:00+05:30,493.45,494.5,485.0,488.25,29926,0
2026-07-27T09:45:00+05:30,488.75,493.9,487.0,493.9,17493,0
2026-07-27T10:00:00+05:30,493.15,495.55,490.0,491.35,13215,0
2026-07-27T10:15:00+05:30,491.4,492.6,489.2,491.45,6349,0
2026-07-27T10:30:00+05:30,491.9,492.45,489.95,491.55,4834,0
2026-07-27T10:45:00+05:30,491.5,493.1,489.3,491.1,6918,0
2026-07-27T11:00:00+05:30,491.1,492.0,488.55,488.75,6864,0
2026-07-27T11:15:00+05:30,488.9,490.85,487.1,488.95,10145,0
2026-07-27T11:30:00+05:30,489.0,492.3,488.7,490.0,4719,0
2026-07-27T11:45:00+05:30,490.0,492.4,489.9,491.0,2967,0
2026-07-27T12:00:00+05:30,491.0,492.7,489.8,492.3,3738,0
2026-07-27T12:15:00+05:30,492.25,493.65,490.2,490.35,3428,0
2026-07-27T12:30:00+05:30,490.4,491.35,489.5,489.9,2637,0
2026-07-27T12:45:00+05:30,489.9,491.15,489.75,490.45,1303,0
2026-07-27T13:00:00+05:30,491.0,494.0,491.0,492.05,13609,0
2026-07-27T13:15:00+05:30,492.0,493.2,491.95,492.7,678,0
2026-07-27T13:30:00+05:30,492.7,493.45,491.6,492.05,951,0
2026-07-27T13:45:00+05:30,492.05,492.8,487.75,490.25,7767,0
2026-07-27T14:00:00+05:30,490.25,492.4,488.0,489.5,5616,0
2026-07-27T14:15:00+05:30,489.5,490.2,488.7,488.9,1660,0
2026-07-27T14:30:00+05:30,489.0,489.0,487.6,488.65,1316,0
2026-07-27T14:45:00+05:30,488.65,490.0,487.65,489.85,2208,0
2026-07-27T15:00:00+05:30,489.85,489.95,486.75,488.0,15985,0
2026-07-27T15:15:00+05:30,487.25,490.0,485.55,490.0,31326,0
2026-07-28T09:15:00+05:30,493.35,493.4,476.75,478.9,27792,0
2026-07-28T09:30:00+05:30,478.8,479.85,472.5,474.4,13613,0
2026-07-28T09:45:00+05:30,474.35,474.35,463.6,465.1,34678,0
2026-07-28T10:00:00+05:30,464.45,467.95,463.05,466.4,13400,0
2026-07-28T10:15:00+05:30,466.65,466.95,459.05,462.75,21499,0
2026-07-28T10:30:00+05:30,463.35,463.7,457.65,459.75,18057,0
2026-07-28T10:45:00+05:30,459.75,462.7,459.0,461.1,12518,0
2026-07-28T11:00:00+05:30,461.45,463.5,458.55,458.7,12525,0
2026-07-28T11:15:00+05:30,458.45,458.55,454.0,457.0,17096,0
2026-07-28T11:30:00+05:30,457.0,457.0,455.05,456.95,2880,0
2026-07-28T11:45:00+05:30,457.0,457.4,454.0,455.0,4967,0
2026-07-28T12:00:00+05:30,455.0,455.15,453.2,453.4,4186,0
2026-07-28T12:15:00+05:30,453.4,454.95,452.65,454.65,7471,0
2026-07-28T12:30:00+05:30,454.7,456.7,454.0,456.5,9187,0
2026-07-28T12:45:00+05:30,456.5,456.5,454.2,454.3,1388,0
2026-07-28T13:00:00+05:30,454.3,454.85,452.0,452.9,3706,0
2026-07-28T13:15:00+05:30,452.9,462.45,452.6,458.6,13661,0
2026-07-28T13:30:00+05:30,458.6,460.0,457.6,458.05,2003,0
2026-07-28T13:45:00+05:30,457.9,457.95,455.05,455.3,7343,0
2026-07-28T14:00:00+05:30,455.5,456.45,455.0,455.2,5332,0
2026-07-28T14:15:00+05:30,455.75,455.95,452.6,453.0,9334,0
2026-07-28T14:30:00+05:30,453.1,453.95,450.0,451.75,7706,0
2026-07-28T14:45:00+05:30,451.75,451.75,450.1,450.15,3475,0
2026-07-28T15:00:00+05:30,450.95,454.2,448.85,452.35,14036,0
2026-07-28T15:15:00+05:30,452.8,453.0,448.1,451.0,20919,0
2026-07-29T09:15:00+05:30,451.35,461.2,439.45,442.8,22061,0
2026-07-29T09:30:00+05:30,442.9,445.6,440.8,444.45,9409,0
2026-07-29T09:45:00+05:30,444.05,444.75,440.7,440.7,4890,0
2026-07-29T10:00:00+05:30,440.85,444.1,440.15,443.0,14729,0
2026-07-29T10:15:00+05:30,443.0,446.1,442.15,443.1,4292,0
2026-07-29T10:30:00+05:30,443.1,445.4,442.15,445.3,4717,0
2026-07-29T10:45:00+05:30,445.35,449.8,443.95,446.5,8774,0
2026-07-29T11:00:00+05:30,446.5,448.15,445.85,446.4,1548,0
2026-07-29T11:15:00+05:30,446.35,447.05,445.6,446.15,1415,0
2026-07-29T11:30:00+05:30,446.15,449.0,446.15,447.8,4608,0
2026-07-29T11:45:00+05:30,447.7,449.05,446.55,446.85,2215,0
2026-07-29T12:00:00+05:30,446.85,452.45,446.6,449.9,6945,0
2026-07-29T12:15:00+05:30,449.9,449.9,448.0,449.55,1510,0
2026-07-29T12:30:00+05:30,449.25,449.85,447.3,447.75,1739,0
2026-07-29T12:45:00+05:30,447.75,449.5,447.35,448.3,2212,0
2026-07-29T13:00:00+05:30,448.85,454.65,448.85,451.75,9919,0
2026-07-29T13:15:00+05:30,451.05,451.05,449.0,450.35,1846,0
2026-07-29T13:30:00+05:30,450.35,450.35,448.35,449.1,623,0
2026-07-29T13:45:00+05:30,449.1,449.95,448.4,448.4,839,0
2026-07-29T14:00:00+05:30,448.4,449.45,448.35,448.6,935,0
2026-07-29T14:15:00+05:30,448.6,449.9,448.1,448.8,1614,0
2026-07-29T14:30:00+05:30,449.0,449.1,447.55,448.0,857,0
2026-07-29T14:45:00+05:30,448.4,449.1,447.65,447.85,706,0
2026-07-29T15:00:00+05:30,447.85,449.2,447.0,448.2,4926,0
2026-07-29T15:15:00+05:30,448.35,449.9,446.0,448.0,12122,0
2026-07-30T09:15:00+05:30,447.75,448.9,445.0,445.0,8135,0
2026-07-30T09:30:00+05:30,445.1,450.9,445.1,448.85,13147,0
2026-07-30T09:45:00+05:30,448.85,451.0,447.35,450.5,9223,0
2026-07-30T10:00:00+05:30,450.5,450.5,445.9,445.9,4873,0
2026-07-30T10:15:00+05:30,445.85,445.9,442.55,443.4,5282,0
2026-07-30T10:30:00+05:30,443.7,443.7,441.3,442.2,4061,0
2026-07-30T10:45:00+05:30,442.15,442.15,440.5,440.5,5843,0
2026-07-30T11:00:00+05:30,440.45,440.55,438.55,439.85,3437,0
2026-07-30T11:15:00+05:30,440.35,442.2,439.2,440.75,5503,0
2026-07-30T11:30:00+05:30,440.75,441.45,440.2,440.2,35,0
2026-07-30T11:45:00+05:30,440.05,440.05,436.6,437.9,4124,0
2026-07-30T12:00:00+05:30,437.9,437.95,437.3,437.8,964,0
2026-07-30T12:15:00+05:30,437.8,437.8,435.15,436.75,1972,0
2026-07-30T12:30:00+05:30,436.65,439.1,436.6,437.2,3894,0
2026-07-30T12:45:00+05:30,437.35,437.85,436.85,436.85,411,0
2026-07-30T13:00:00+05:30,437.45,437.95,433.6,435.0,3944,0
2026-07-30T13:15:00+05:30,435.0,435.95,434.5,434.95,1878,0
2026-07-30T13:30:00+05:30,434.2,436.0,433.85,435.7,901,0
2026-07-30T13:45:00+05:30,435.7,435.75,434.4,434.4,1947,0
2026-07-30T14:00:00+05:30,434.4,435.4,433.8,434.55,4010,0
2026-07-30T14:15:00+05:30,434.05,434.7,432.7,433.2,3909,0
2026-07-30T14:30:00+05:30,433.3,435.95,433.2,435.45,8016,0
2026-07-30T14:45:00+05:30,435.45,436.55,434.4,435.75,786,0
2026-07-30T15:00:00+05:30,436.3,438.0,435.0,435.8,3680,0
2026-07-30T15:15:00+05:30,435.95,438.0,433.3,435.0,12609,0
2026-07-31T09:15:00+05:30,436.0,441.3,430.85,437.45,20109,0
2026-07-31T09:30:00+05:30,438.5,443.1,437.9,442.1,6877,0
2026-07-31T09:45:00+05:30,442.0,450.4,441.55,446.95,16337,0
2026-07-31T10:00:00+05:30,446.05,448.65,444.95,447.05,8207,0
2026-07-31T10:15:00+05:30,447.8,448.05,445.0,445.4,4273,0
2026-07-31T10:30:00+05:30,445.7,446.85,445.1,446.55,1444,0
2026-07-31T10:45:00+05:30,446.5,447.35,445.0,447.0,4163,0
2026-07-31T11:00:00+05:30,446.6,448.3,445.85,446.0,2646,0
2026-07-31T11:15:00+05:30,446.0,447.0,444.9,444.9,1826,0
2026-07-31T11:30:00+05:30,444.25,444.95,442.3,443.9,2659,0
2026-07-31T11:45:00+05:30,443.9,445.65,442.6,445.15,1987,0
2026-07-31T12:00:00+05:30,445.15,446.25,445.15,446.25,939,0
2026-07-31T12:15:00+05:30,446.2,449.3,446.2,447.8,10070,0
2026-07-31T12:30:00+05:30,447.6,448.55,447.05,448.15,2470,0
2026-07-31T12:45:00+05:30,448.15,448.15,446.15,447.5,2237,0
2026-07-31T13:00:00+05:30,447.5,448.7,446.35,448.25,1347,0
2026-07-31T13:15:00+05:30,448.25,450.05,448.15,449.75,7980,0
2026-07-31T13:30:00+05:30,449.1,450.8,448.4,450.8,4012,0
2026-07-31T13:45:00+05:30,450.8,452.2,450.8,450.9,4992,0
2026-07-31T14:00:00+05:30,451.8,452.05,449.7,450.2,2085,0
2026-07-31T14:15:00+05:30,450.75,451.2,450.1,451.2,327,0
2026-07-31T14:30:00+05:30,451.0,452.0,450.6,451.2,2254,0
2026-07-31T14:45:00+05:30,451.4,454.5,451.1,453.05,7008,0
2026-07-31T15:00:00+05:30,454.0,455.0,451.65,452.65,10485,0
2026-07-31T15:15:00+05:30,452.7,455.0,452.0,454.0,17720,0
2026-08-03T09:15:00+05:30,459.8,470.0,456.0,463.55,30706,0
2026-08-03T09:30:00+05:30,463.5,467.7,463.5,466.0,7507,0
2026-08-03T09:45:00+05:30,465.25,469.2,465.05,465.15,12416,0
2026-08-03T10:00:00+05:30,465.25,467.35,463.55,463.7,5686,0
2026-08-03T10:15:00+05:30,463.7,469.0,463.35,467.0,5676,0
2026-08-03T10:30:00+05:30,467.0,467.6,465.3,467.6,1865,0
2026-08-03T10:45:00+05:30,468.0,468.4,466.55,466.55,5322,0
2026-08-03T11:00:00+05:30,466.05,470.0,465.8,470.0,7293,0
2026-08-03T11:15:00+05:30,469.3,471.35,468.1,469.4,4577,0
2026-08-03T11:30:00+05:30,469.05,470.0,468.05,468.05,1434,0
2026-08-03T11:45:00+05:30,468.85,469.2,466.05,466.05,3988,0
2026-08-03T12:00:00+05:30,466.0,466.0,462.8,463.0,2512,0
2026-08-03T12:15:00+05:30,463.0,463.2,461.25,462.3,2100,0
2026-08-03T12:30:00+05:30,462.45,463.25,461.15,462.0,1155,0
2026-08-03T12:45:00+05:30,461.5,463.5,461.35,461.4,2718,0
2026-08-03T13:00:00+05:30,462.25,464.9,462.15,464.9,2132,0
2026-08-03T13:15:00+05:30,464.1,465.0,464.1,464.2,3115,0
2026-08-03T13:30:00+05:30,464.2,464.6,463.25,463.25,5316,0
2026-08-03T13:45:00+05:30,463.25,464.1,463.1,463.95,387,0
2026-08-03T14:00:00+05:30,463.95,463.95,462.75,462.75,438,0
2026-08-03T14:15:00+05:30,462.7,464.3,462.7,463.35,474,0
2026-08-03T14:30:00+05:30,463.4,463.4,461.8,462.05,976,0
2026-08-03T14:45:00+05:30,462.6,464.45,462.5,462.55,2733,0
2026-08-03T15:00:00+05:30,463.4,463.6,460.0,461.0,8944,0
2026-08-03T15:15:00+05:30,462.0,462.0,458.0,458.0,12900,0
2026-08-04T09:15:00+05:30,464.0,465.0,458.75,460.25,7469,0
2026-08-04T09:30:00+05:30,461.0,462.3,458.05,460.15,4655,0
2026-08-04T09:45:00+05:30,459.05,462.45,458.4,461.4,2007,0
2026-08-04T10:00:00+05:30,461.4,465.0,460.6,463.65,6054,0
2026-08-04T10:15:00+05:30,463.9,463.95,461.25,462.0,1741,0
2026-08-04T10:30:00+05:30,462.0,462.45,460.15,460.15,2127,0
2026-08-04T10:45:00+05:30,460.75,463.75,460.05,461.3,4696,0
2026-08-04T11:00:00+05:30,462.6,464.0,462.45,463.85,663,0
2026-08-04T11:15:00+05:30,463.85,464.0,463.1,463.2,296,0
2026-08-04T11:30:00+05:30,463.2,464.0,462.0,463.15,4349,0
2026-08-04T11:45:00+05:30,463.15,463.9,462.3,462.3,1308,0
2026-08-04T12:00:00+05:30,462.0,462.3,462.0,462.1,1883,0
2026-08-04T12:15:00+05:30,461.55,462.3,460.3,461.0,3390,0
2026-08-04T12:30:00+05:30,461.0,461.0,458.05,458.05,3213,0
2026-08-04T12:45:00+05:30,458.05,458.6,456.85,458.45,2800,0
2026-08-04T13:00:00+05:30,458.45,458.45,455.3,455.6,2643,0
2026-08-04T13:15:00+05:30,455.6,456.0,454.6,456.0,1787,0
2026-08-04T13:30:00+05:30,456.0,456.0,455.45,455.45,595,0
2026-08-04T13:45:00+05:30,455.45,457.15,454.25,456.55,9277,0
2026-08-04T14:00:00+05:30,456.75,461.2,456.75,461.0,6297,0
2026-08-04T14:15:00+05:30,461.0,461.1,458.1,459.25,1649,0
2026-08-04T14:30:00+05:30,459.25,459.45,458.7,459.0,643,0
2026-08-04T14:45:00+05:30,459.0,459.0,456.05,457.9,1726,0
2026-08-04T15:00:00+05:30,457.9,461.15,456.45,460.6,4874,0
2026-08-04T15:15:00+05:30,464.0,464.0,453.35,456.0,316039,0
2026-08-05T09:15:00+05:30,458.45,461.0,456.5,460.7,3613,0
2026-08-05T09:30:00+05:30,460.1,462.4,459.75,460.0,4671,0
2026-08-05T09:45:00+05:30,460.0,463.0,459.6,462.8,8419,0
2026-08-05T10:00:00+05:30,462.8,464.0,460.25,462.5,6815,0
2026-08-05T10:15:00+05:30,462.5,464.0,461.9,462.2,5156,0
2026-08-05T10:30:00+05:30,462.6,464.0,462.1,463.95,1282,0
2026-08-05T10:45:00+05:30,463.35,463.95,463.2,463.2,746,0
2026-08-05T11:00:00+05:30,463.2,463.9,461.05,461.8,1146,0
2026-08-05T11:15:00+05:30,461.8,462.55,461.05,462.55,440,0
2026-08-05T11:30:00+05:30,462.55,462.55,461.0,462.55,2377,0
2026-08-05T11:45:00+05:30,461.9,463.25,461.85,461.9,702,0
2026-08-05T12:00:00+05:30,461.9,462.35,461.45,461.45,639,0
2026-08-05T12:15:00+05:30,461.1,462.0,460.5,461.8,3154,0
2026-08-05T12:30:00+05:30,461.2,461.2,460.55,461.0,321,0
2026-08-05T12:45:00+05:30,461.0,463.45,460.0,462.0,2996,0
2026-08-05T13:00:00+05:30,461.9,462.65,461.35,462.4,755,0
2026-08-05T13:15:00+05:30,462.4,462.75,462.05,462.75,807,0
2026-08-05T13:30:00+05:30,462.75,464.0,462.75,463.65,1590,0
2026-08-05T13:45:00+05:30,463.85,464.0,462.0,462.65,1065,0
2026-08-05T14:00:00+05:30,462.65,462.9,460.0,461.5,5856,0
2026-08-05T14:15:00+05:30,461.5,462.5,460.7,462.5,3841,0
2026-08-05T14:30:00+05:30,462.5,462.85,461.2,461.95,525,0
2026-08-05T14:45:00+05:30,461.5,461.5,456.15,459.0,13295,0
2026-08-05T15:00:00+05:30,459.7,460.3,457.3,460.0,4624,0
2026-08-05T15:15:00+05:30,459.8,459.95,450.1,456.0,15147,0
2026-08-06T09:15:00+05:30,477.95,500.7,472.35,496.0,269846,0
2026-08-06T09:30:00+05:30,496.1,500.0,490.0,499.0,64105,0
2026-08-06T09:45:00+05:30,498.0,500.7,498.0,499.6,104399,0
2026-08-06T10:00:00+05:30,499.95,500.45,491.4,495.0,64009,0
2026-08-06T10:15:00+05:30,495.0,495.7,491.0,491.5,22565,0
2026-08-06T10:30:00+05:30,491.45,493.75,489.55,492.9,17058,0
2026-08-06T10:45:00+05:30,492.5,494.95,491.2,494.35,16750,0
2026-08-06T11:00:00+05:30,494.3,494.95,492.05,493.25,8952,0
2026-08-06T11:15:00+05:30,493.25,494.95,491.3,493.05,13836,0
2026-08-06T11:30:00+05:30,493.95,500.5,492.3,500.45,80630,0
2026-08-06T11:45:00+05:30,500.15,500.7,496.8,500.0,54878,0
2026-08-06T12:00:00+05:30,500.0,500.7,498.0,500.7,40167,0
2026-08-06T12:15:00+05:30,500.7,500.7,499.65,500.7,11982,0
2026-08-06T12:30:00+05:30,500.7,500.7,500.5,500.7,5195,0
2026-08-06T12:45:00+05:30,500.7,500.7,500.7,500.7,543,0
2026-08-06T13:00:00+05:30,500.7,500.7,500.7,500.7,387,0
2026-08-06T13:15:00+05:30,500.7,500.7,500.7,500.7,7469,0
2026-08-06T13:30:00+05:30,500.7,500.7,500.7,500.7,17456,0
2026-08-06T13:45:00+05:30,500.7,500.7,493.05,494.95,115070,0
2026-08-06T14:00:00+05:30,494.1,500.45,492.35,494.6,44369,0
2026-08-06T14:15:00+05:30,494.6,495.0,488.0,492.1,39044,0
2026-08-06T14:30:00+05:30,492.15,493.85,490.55,492.1,9762,0
2026-08-06T14:45:00+05:30,492.1,495.0,490.15,494.0,23331,0
2026-08-06T15:00:00+05:30,494.75,495.0,492.1,494.2,44513,0
2026-08-06T15:15:00+05:30,495.0,499.5,491.0,495.0,26154,0
2026-08-07T09:15:00+05:30,496.35,497.65,483.55,487.1,46090,0
2026-08-07T09:30:00+05:30,488.05,492.45,487.8,490.45,8027,0
2026-08-07T09:45:00+05:30,490.55,498.8,490.1,497.25,14136,0
2026-08-07T10:00:00+05:30,498.95,498.95,493.55,494.95,21798,0
2026-08-07T10:15:00+05:30,495.55,510.0,493.6,506.95,57308,0
2026-08-07T10:30:00+05:30,506.55,508.15,499.35,501.05,40940,0
2026-08-07T10:45:00+05:30,501.0,502.0,498.6,500.1,9683,0
2026-08-07T11:00:00+05:30,499.6,503.5,498.0,498.55,6768,0
2026-08-07T11:15:00+05:30,498.5,499.6,498.0,498.0,4849,0
2026-08-07T11:30:00+05:30,498.0,498.55,494.2,497.35,9774,0
2026-08-07T11:45:00+05:30,497.35,497.7,494.2,495.0,3951,0
2026-08-07T12:00:00+05:30,495.0,495.45,493.2,494.0,9553,0
2026-08-07T12:15:00+05:30,494.5,496.9,494.1,496.15,5890,0
2026-08-07T12:30:00+05:30,496.95,497.0,495.0,495.9,4355,0
2026-08-07T12:45:00+05:30,496.1,501.6,495.7,500.95,10145,0
2026-08-07T13:00:00+05:30,500.8,502.0,499.1,499.95,1777,0
2026-08-07T13:15:00+05:30,499.3,500.7,496.4,496.9,6539,0
2026-08-07T13:30:00+05:30,498.2,498.35,496.15,496.3,2717,0
2026-08-07T13:45:00+05:30,496.2,497.75,495.5,495.5,4083,0
2026-08-07T14:00:00+05:30,496.4,496.85,495.05,495.15,4720,0
2026-08-07T14:15:00+05:30,495.0,496.9,495.0,495.8,1685,0
2026-08-07T14:30:00+05:30,495.8,502.8,495.8,499.95,10998,0
2026-08-07T14:45:00+05:30,499.95,504.85,499.4,504.85,22196,0
2026-08-07T15:00:00+05:30,504.8,505.9,503.3,503.3,11630,0
2026-08-07T15:15:00+05:30,504.45,506.45,502.1,503.0,39330,0
2026-08-10T09:15:00+05:30,511.35,514.75,503.0,513.95,56942,0
2026-08-10T09:30:00+05:30,513.95,524.8,513.65,518.6,56265,0
2026-08-10T09:45:00+05:30,518.65,520.0,512.75,513.5,12316,0
2026-08-10T10:00:00+05:30,513.5,517.35,513.0,515.25,7125,0
2026-08-10T10:15:00+05:30,515.2,515.95,513.1,514.95,9196,0
2026-08-10T10:30:00+05:30,515.6,516.85,513.6,516.85,6437,0
2026-08-10T10:45:00+05:30,516.95,521.15,515.75,516.0,30646,0
2026-08-10T11:00:00+05:30,516.8,516.95,513.1,515.2,10654,0
2026-08-10T11:15:00+05:30,515.2,518.45,513.1,515.65,8714,0
2026-08-10T11:30:00+05:30,515.45,516.6,514.6,514.9,7366,0
2026-08-10T11:45:00+05:30,514.9,516.9,514.0,514.75,3207,0
2026-08-10T12:00:00+05:30,514.95,517.75,514.95,516.5,2762,0
2026-08-10T12:15:00+05:30,517.25,523.35,516.7,522.75,14352,0
2026-08-10T12:30:00+05:30,522.7,523.0,519.2,519.55,9876,0
2026-08-10T12:45:00+05:30,519.7,523.0,518.95,520.7,8920,0
2026-08-10T13:00:00+05:30,520.8,520.95,518.9,519.1,2209,0
2026-08-10T13:15:00+05:30,519.1,522.5,519.1,520.1,7859,0
2026-08-10T13:30:00+05:30,520.8,521.35,518.9,520.8,13222,0
2026-08-10T13:45:00+05:30,520.2,524.0,520.0,523.9,11124,0
2026-08-10T14:00:00+05:30,523.5,529.5,522.5,528.35,34807,0
2026-08-10T14:15:00+05:30,528.35,532.0,527.1,528.75,32747,0
2026-08-10T14:30:00+05:30,528.3,529.25,525.0,526.3,12602,0
2026-08-10T14:45:00+05:30,526.3,526.3,523.0,523.65,9411,0
2026-08-10T15:00:00+05:30,523.8,527.6,523.65,524.15,15094,0
2026-08-10T15:15:00+05:30,525.0,532.0,524.3,532.0,60027,0
2026-08-11T09:15:00+05:30,540.0,540.0,523.65,533.8,71197,0
2026-08-11T09:30:00+05:30,534.0,535.0,526.6,528.85,24540,0
2026-08-11T09:45:00+05:30,528.2,530.95,525.05,525.05,11945,0
2026-08-11T10:00:00+05:30,525.6,526.45,522.0,522.25,25068,0
2026-08-11T10:15:00+05:30,522.4,524.5,517.75,522.1,21457,0
2026-08-11T10:30:00+05:30,522.2,526.95,522.2,526.65,8561,0
2026-08-11T10:45:00+05:30,526.1,529.4,526.0,528.5,9154,0
2026-08-11T11:00:00+05:30,528.75,531.4,526.55,531.0,7517,0
2026-08-11T11:15:00+05:30,531.5,532.3,529.85,530.0,9705,0
2026-08-11T11:30:00+05:30,530.5,532.0,528.1,529.0,6866,0
2026-08-11T11:45:00+05:30,528.8,532.95,528.7,531.15,3750,0
2026-08-11T12:00:00+05:30,532.05,535.15,530.0,533.15,13426,0
2026-08-11T12:15:00+05:30,533.15,533.15,530.7,531.9,3362,0
2026-08-11T12:30:00+05:30,531.4,531.4,527.2,527.2,9366,0
2026-08-11T12:45:00+05:30,527.2,529.7,527.15,528.1,1805,0
2026-08-11T13:00:00+05:30,528.1,530.0,528.0,529.55,3972,0
2026-08-11T13:15:00+05:30,529.2,532.75,529.2,530.05,5604,0
2026-08-11T13:30:00+05:30,530.45,534.0,530.3,532.0,9524,0
2026-08-11T13:45:00+05:30,532.0,533.25,531.45,533.0,6000,0
2026-08-11T14:00:00+05:30,533.0,533.25,530.9,530.9,4142,0
2026-08-11T14:15:00+05:30,530.9,543.0,530.9,538.35,55775,0
2026-08-11T14:30:00+05:30,538.25,543.0,536.0,543.0,17733,0
2026-08-11T14:45:00+05:30,542.4,544.2,540.0,541.05,17019,0
2026-08-11T15:00:00+05:30,541.0,545.4,540.0,544.55,35423,0
2026-08-11T15:15:00+05:30,544.55,550.0,542.0,547.0,60406,0
2026-08-12T09:15:00+05:30,555.6,574.8,546.05,572.0,181771,0
2026-08-12T09:30:00+05:30,572.0,575.0,565.45,567.35,69749,0
2026-08-12T09:45:00+05:30,567.3,567.3,560.75,561.7,37915,0
2026-08-12T10:00:00+05:30,561.1,568.1,560.1,564.35,37222,0
2026-08-12T10:15:00+05:30,564.05,569.0,563.0,567.25,27038,0
2026-08-12T10:30:00+05:30,567.0,568.35,563.05,564.2,17957,0
2026-08-12T10:45:00+05:30,564.2,570.2,561.25,570.2,20942,0
2026-08-12T11:00:00+05:30,570.6,570.6,561.05,562.95,19056,0
2026-08-12T11:15:00+05:30,563.15,598.0,562.0,590.35,1165991,0
2026-08-12T11:30:00+05:30,590.0,599.6,565.45,566.2,1252602,0
2026-08-12T11:45:00+05:30,566.1,568.55,508.4,517.85,2172540,0
2026-08-12T12:00:00+05:30,518.65,519.9,488.3,506.2,1775867,0
2026-08-12T12:15:00+05:30,506.55,512.15,500.15,503.9,1074079,0
2026-08-12T12:30:00+05:30,504.15,510.0,498.9,504.65,515029,0
2026-08-12T12:45:00+05:30,504.4,506.9,503.0,505.4,187535,0
2026-08-12T13:00:00+05:30,505.4,508.0,504.0,506.0,154871,0
2026-08-12T13:15:00+05:30,505.55,506.45,501.2,504.25,186605,0
2026-08-12T13:30:00+05:30,503.7,504.0,496.0,498.35,227089,0
2026-08-12T13:45:00+05:30,498.0,503.5,498.0,501.9,153163,0
2026-08-12T14:00:00+05:30,501.55,506.0,500.15,502.4,161275,0
2026-08-12T14:15:00+05:30,502.3,506.5,495.25,500.05,211522,0
2026-08-12T14:30:00+05:30,500.0,502.9,498.0,498.0,126644,0
2026-08-12T14:45:00+05:30,499.0,499.25,490.0,493.5,264446,0
2026-08-12T15:00:00+05:30,493.85,495.7,482.2,487.0,451288,0
2026-08-12T15:15:00+05:30,487.45,487.45,456.45,478.1,729885,0
2026-08-13T09:15:00+05:30,490.0,509.8,488.1,507.3,1008926,0
2026-08-13T09:30:00+05:30,507.15,518.0,502.85,507.5,1184289,0
2026-08-13T09:45:00+05:30,507.5,509.75,492.2,501.45,736968,0
2026-08-13T10:00:00+05:30,501.35,501.45,490.5,494.9,397628,0
2026-08-13T10:15:00+05:30,494.9,495.2,485.5,488.95,391264,0
2026-08-13T10:30:00+05:30,489.0,494.7,488.5,491.0,222838,0
2026-08-13T10:45:00+05:30,491.4,494.9,487.5,492.4,136619,0
2026-08-13T11:00:00+05:30,492.5,495.0,490.0,490.5,95686,0
2026-08-13T11:15:00+05:30,490.5,492.9,489.35,491.9,39324,0
2026-08-13T11:30:00+05:30,492.55,494.7,491.0,492.95,64619,0
2026-08-13T11:45:00+05:30,492.55,495.0,490.0,491.1,76486,0
2026-08-13T12:00:00+05:30,491.45,495.0,490.75,492.5,37715,0
2026-08-13T12:15:00+05:30,492.15,493.5,491.1,491.85,18650,0
2026-08-13T12:30:00+05:30,491.85,491.9,490.0,490.75,39696,0
2026-08-13T12:45:00+05:30,490.95,491.6,490.0,490.9,18326,0
2026-08-13T13:00:00+05:30,490.9,491.45,488.05,489.75,33918,0
2026-08-13T13:15:00+05:30,490.15,490.15,481.1,483.5,117512,0
2026-08-13T13:30:00+05:30,483.25,485.0,481.2,482.25,78016,0
2026-08-13T13:45:00+05:30,482.0,487.45,481.15,483.0,129233,0
2026-08-13T14:00:00+05:30,482.95,483.25,478.6,479.55,110694,0
2026-08-13T14:15:00+05:30,479.65,487.7,479.05,487.4,145655,0
2026-08-13T14:30:00+05:30,487.2,490.0,485.05,487.1,124641,0
2026-08-13T14:45:00+05:30,487.6,487.6,485.0,485.25,51446,0
2026-08-13T15:00:00+05:30,485.4,490.0,481.75,488.4,168798,0
2026-08-13T15:15:00+05:30,488.4,490.8,484.05,487.0,173222,0
2026-08-14T09:15:00+05:30,499.0,499.0,482.0,483.9,223773,0
2026-08-14T09:30:00+05:30,483.9,488.3,483.0,484.0,62749,0
2026-08-14T09:45:00+05:30,483.55,484.2,480.3,481.6,47177,0
2026-08-14T10:00:00+05:30,481.1,482.0,478.05,481.65,49966,0
2026-08-14T10:15:00+05:30,481.65,484.0,480.4,481.0,54345,0
2026-08-14T10:30:00+05:30,480.95,482.1,479.6,481.05,16364,0
2026-08-14T10:45:00+05:30,480.95,485.5,479.6,485.15,37515,0
2026-08-14T11:00:00+05:30,485.05,487.8,483.95,485.8,38702,0
2026-08-14T11:15:00+05:30,485.65,486.2,481.95,483.25,16845,0
2026-08-14T11:30:00+05:30,483.3,484.0,482.05,482.55,5361,0
2026-08-14T11:45:00+05:30,482.55,483.65,482.0,483.55,5574,0
2026-08-14T12:00:00+05:30,483.5,483.7,482.0,483.0,6718,0
2026-08-14T12:15:00+05:30,483.0,483.85,482.05,483.4,7083,0
2026-08-14T12:30:00+05:30,483.4,483.75,482.0,483.2,6253,0
2026-08-14T12:45:00+05:30,483.25,484.2,482.95,484.0,6085,0
2026-08-14T13:00:00+05:30,484.0,486.2,483.4,485.3,11300,0
2026-08-14T13:15:00+05:30,485.05,486.05,484.5,485.05,8747,0
2026-08-14T13:30:00+05:30,485.25,485.7,484.55,485.35,9432,0
2026-08-14T13:45:00+05:30,485.25,486.35,484.85,485.3,7085,0
2026-08-14T14:00:00+05:30,485.05,486.5,484.6,485.2,14571,0
2026-08-14T14:15:00+05:30,485.35,486.05,485.0,485.3,7024,0
2026-08-14T14:30:00+05:30,485.9,486.5,482.75,484.05,21590,0
2026-08-14T14:45:00+05:30,484.15,485.0,482.0,482.35,12916,0
2026-08-14T15:00:00+05:30,482.3,486.5,481.5,483.7,54349,0
2026-08-14T15:15:00+05:30,483.65,484.0,477.5,483.0,54466,0
2026-08-17T09:15:00+05:30,482.55,495.95,480.95,490.85,111704,0
2026-08-17T09:30:00+05:30,490.8,493.55,489.0,490.05,59845,0
2026-08-17T09:45:00+05:30,490.85,510.0,490.25,508.8,270553,0
2026-08-17T10:00:00+05:30,508.6,511.0,493.1,494.85,279816,0
2026-08-17T10:15:00+05:30,494.2,500.3,493.5,499.4,60030,0
2026-08-17T10:30:00+05:30,499.0,499.45,497.3,498.25,22220,0
2026-08-17T10:45:00+05:30,498.3,499.0,493.7,498.0,36869,0
2026-08-17T11:00:00+05:30,497.4,497.5,492.6,494.05,32648,0
2026-08-17T11:15:00+05:30,494.2,494.5,492.05,493.0,8833,0
2026-08-17T11:30:00+05:30,492.9,494.0,491.35,492.5,13890,0
2026-08-17T11:45:00+05:30,493.05,493.45,491.6,493.3,9783,0
2026-08-17T12:00:00+05:30,493.25,494.95,490.6,494.4,23219,0
2026-08-17T12:15:00+05:30,494.3,494.3,492.0,492.25,9282,0
2026-08-17T12:30:00+05:30,492.25,494.25,490.95,493.25,12259,0
2026-08-17T12:45:00+05:30,493.2,494.5,492.4,492.75,7249,0
2026-08-17T13:00:00+05:30,492.75,494.3,492.0,492.5,9719,0
2026-08-17T13:15:00+05:30,492.5,492.6,491.2,491.8,10641,0
2026-08-17T13:30:00+05:30,492.0,492.9,491.35,492.3,9788,0
2026-08-17T13:45:00+05:30,491.45,492.6,490.75,490.8,15763,0
2026-08-17T14:00:00+05:30,491.0,491.0,487.7,487.7,17896,0
2026-08-17T14:15:00+05:30,487.75,489.85,487.7,488.4,5133,0
2026-08-17T14:30:00+05:30,488.4,489.65,487.75,489.65,9900,0
2026-08-17T14:45:00+05:30,488.95,488.95,485.85,487.0,20843,0
2026-08-17T15:00:00+05:30,486.7,487.15,485.4,485.4,23463,0
2026-08-17T15:15:00+05:30,486.2,489.25,485.15,488.65,41819,0
2026-08-18T09:15:00+05:30,491.7,499.4,489.0,497.0,71830,0
2026-08-18T09:30:00+05:30,497.0,499.25,494.6,497.75,31564,0
2026-08-18T09:45:00+05:30,497.95,499.5,495.4,495.95,16512,0
2026-08-18T10:00:00+05:30,495.5,506.05,493.2,506.0,66738,0
2026-08-18T10:15:00+05:30,505.85,512.2,499.55,501.0,203233,0
2026-08-18T10:30:00+05:30,500.65,500.8,498.0,499.35,21267,0
2026-08-18T10:45:00+05:30,499.5,503.75,499.1,502.05,19749,0
2026-08-18T11:00:00+05:30,502.25,503.0,500.0,501.0,10250,0
2026-08-18T11:15:00+05:30,501.0,501.0,500.0,500.3,5519,0
2026-08-18T11:30:00+05:30,500.8,507.85,500.0,506.0,34377,0
2026-08-18T11:45:00+05:30,505.5,507.9,504.0,504.9,35762,0
2026-08-18T12:00:00+05:30,504.9,505.0,501.55,502.25,9448,0
2026-08-18T12:15:00+05:30,501.8,510.0,500.6,508.3,39933,0
2026-08-18T12:30:00+05:30,509.15,512.0,506.1,511.0,73862,0
2026-08-18T12:45:00+05:30,510.5,512.0,509.35,510.45,27649,0
2026-08-18T13:00:00+05:30,510.3,511.85,509.7,509.75,18439,0
2026-08-18T13:15:00+05:30,509.65,510.95,509.65,510.0,11519,0
2026-08-18T13:30:00+05:30,509.95,510.6,506.5,508.0,10870,0
2026-08-18T13:45:00+05:30,507.6,508.85,505.65,506.0,9604,0
2026-08-18T14:00:00+05:30,506.0,506.7,504.35,505.1,6914,0
2026-08-18T14:15:00+05:30,505.1,505.5,502.0,503.55,20234,0
2026-08-18T14:30:00+05:30,503.4,503.9,502.5,502.65,8622,0
2026-08-18T14:45:00+05:30,503.0,503.0,501.2,502.5,14033,0
2026-08-18T15:00:00+05:30,502.4,504.0,501.05,501.8,33323,0
2026-08-18T15:15:00+05:30,501.75,505.0,501.45,504.5,49159,0
2026-08-19T09:15:00+05:30,508.0,509.0,489.1,495.3,166966,0
2026-08-19T09:30:00+05:30,495.15,495.15,487.3,489.3,39769,0
2026-08-19T09:45:00+05:30,489.0,491.1,488.3,489.15,28566,0
2026-08-19T10:00:00+05:30,489.1,492.4,486.05,492.0,31754,0
2026-08-19T10:15:00+05:30,491.9,492.4,488.65,491.0,16390,0
2026-08-19T10:30:00+05:30,491.05,491.25,490.0,490.95,5961,0
2026-08-19T10:45:00+05:30,490.7,491.25,490.0,491.0,8794,0
2026-08-19T11:00:00+05:30,490.75,491.0,488.6,490.55,26338,0
2026-08-19T11:15:00+05:30,490.55,490.55,489.3,489.45,1514,0
2026-08-19T11:30:00+05:30,489.8,491.6,489.8,491.15,7428,0
2026-08-19T11:45:00+05:30,491.15,492.85,491.0,492.3,6597,0
2026-08-19T12:00:00+05:30,492.05,492.15,490.05,490.05,5295,0
2026-08-19T12:15:00+05:30,490.3,491.0,490.0,491.0,3750,0
2026-08-19T12:30:00+05:30,490.6,491.0,489.7,490.95,1669,0
2026-08-19T12:45:00+05:30,490.7,491.4,490.4,491.4,3189,0
2026-08-19T13:00:00+05:30,490.75,491.95,490.1,491.95,4095,0
2026-08-19T13:15:00+05:30,491.35,493.65,491.35,492.0,10790,0
2026-08-19T13:30:00+05:30,492.3,493.35,491.6,492.1,6375,0
2026-08-19T13:45:00+05:30,492.15,492.95,491.1,492.0,4038,0
2026-08-19T14:00:00+05:30,491.95,492.75,491.1,492.2,2646,0
2026-08-19T14:15:00+05:30,492.0,492.4,490.1,490.1,12722,0
2026-08-19T14:30:00+05:30,490.1,491.85,490.1,490.1,4186,0
2026-08-19T14:45:00+05:30,490.2,492.75,490.15,490.85,8099,0
2026-08-19T15:00:00+05:30,491.3,492.5,490.0,490.0,26389,0
2026-08-19T15:15:00+05:30,490.0,491.8,487.0,490.0,44437,0
2026-08-20T09:15:00+05:30,492.0,493.0,481.2,482.65,62796,0
2026-08-20T09:30:00+05:30,482.4,483.95,480.95,483.0,34855,0
2026-08-20T09:45:00+05:30,483.25,487.2,482.55,486.65,19598,0
2026-08-20T10:00:00+05:30,486.65,488.45,486.0,486.1,10691,0
2026-08-20T10:15:00+05:30,486.05,486.6,485.3,486.6,3982,0
2026-08-20T10:30:00+05:30,486.55,491.8,486.0,490.0,18739,0
2026-08-20T10:45:00+05:30,490.25,490.9,490.0,490.5,7179,0
2026-08-20T11:00:00+05:30,490.5,491.0,488.55,488.55,9372,0
2026-08-20T11:15:00+05:30,488.95,489.75,488.6,489.6,2645,0
2026-08-20T11:30:00+05:30,489.1,490.0,488.6,489.1,3788,0
2026-08-20T11:45:00+05:30,488.65,489.7,488.25,489.15,2527,0
2026-08-20T12:00:00+05:30,489.15,489.2,488.4,488.75,885,0
2026-08-20T12:15:00+05:30,488.7,488.75,486.45,486.45,8065,0
2026-08-20T12:30:00+05:30,487.0,488.6,486.95,488.2,4874,0
2026-08-20T12:45:00+05:30,488.15,491.0,487.45,489.0,11889,0
2026-08-20T13:00:00+05:30,488.35,488.95,487.8,488.9,1096,0
2026-08-20T13:15:00+05:30,488.9,490.5,488.0,489.0,6535,0
2026-08-20T13:30:00+05:30,489.0,490.2,488.85,489.95,1662,0
2026-08-20T13:45:00+05:30,489.9,490.6,489.25,489.6,2951,0
2026-08-20T14:00:00+05:30,489.1,489.3,488.1,488.1,3064,0
2026-08-20T14:15:00+05:30,488.25,488.55,486.9,487.0,4790,0
2026-08-20T14:30:00+05:30,487.0,488.2,486.1,486.45,5219,0
2026-08-20T14:45:00+05:30,486.4,487.0,485.05,485.8,5022,0
2026-08-20T15:00:00+05:30,485.7,487.1,485.25,486.9,7358,0
2026-08-20T15:15:00+05:30,486.2,487.45,485.0,485.0,19677,0
2026-08-21T09:15:00+05:30,486.1,488.4,483.1,485.65,21335,0
2026-08-21T09:30:00+05:30,485.6,486.6,484.6,486.0,8353,0
2026-08-21T09:45:00+05:30,485.5,486.95,485.0,485.0,4425,0
2026-08-21T10:00:00+05:30,485.0,485.8,484.6,484.6,3619,0
2026-08-21T10:15:00+05:30,485.05,488.55,484.7,488.0,25172,0
2026-08-21T10:30:00+05:30,487.65,492.0,487.65,491.9,31954,0
2026-08-21T10:45:00+05:30,491.35,493.7,488.75,493.0,14207,0
2026-08-21T11:00:00+05:30,493.0,493.0,490.75,491.85,6287,0
2026-08-21T11:15:00+05:30,491.3,491.5,490.0,491.0,9913,0
2026-08-21T11:30:00+05:30,490.95,491.9,490.0,490.8,3974,0
2026-08-21T11:45:00+05:30,490.2,490.65,488.65,489.85,2470,0
2026-08-21T12:00:00+05:30,489.85,490.0,488.85,489.4,2336,0
2026-08-21T12:15:00+05:30,489.35,489.7,488.55,489.25,3884,0
2026-08-21T12:30:00+05:30,488.75,489.45,486.45,487.15,8055,0
2026-08-21T12:45:00+05:30,487.15,488.0,487.1,487.95,2166,0
2026-08-21T13:00:00+05:30,487.95,487.95,485.65,487.0,6686,0
2026-08-21T13:15:00+05:30,487.0,487.45,484.6,486.0,6439,0
2026-08-21T13:30:00+05:30,486.0,486.1,484.6,485.8,7683,0
2026-08-21T13:45:00+05:30,485.8,485.8,485.0,485.65,972,0
2026-08-21T14:00:00+05:30,485.6,485.95,484.6,484.85,6954,0
2026-08-21T14:15:00+05:30,484.8,487.45,484.8,487.45,7820,0
2026-08-21T14:30:00+05:30,486.9,488.3,486.2,488.3,8055,0
2026-08-21T14:45:00+05:30,488.3,488.35,486.25,486.25,3952,0
2026-08-21T15:00:00+05:30,486.7,486.75,485.0,485.1,6466,0
2026-08-21T15:15:00+05:30,485.15,486.55,484.3,486.0,18333,0
2026-08-24T09:15:00+05:30,491.0,491.0,485.55,487.4,15978,0
2026-08-24T09:30:00+05:30,487.9,495.0,487.35,493.45,27348,0
2026-08-24T09:45:00+05:30,494.0,494.0,487.4,488.2,13082,0
2026-08-24T10:00:00+05:30,488.25,488.6,486.0,488.35,6092,0
2026-08-24T10:15:00+05:30,488.35,488.35,486.2,487.65,5543,0
2026-08-24T10:30:00+05:30,487.55,488.65,487.0,488.45,3081,0
2026-08-24T10:45:00+05:30,488.0,488.8,486.2,486.4,5457,0
2026-08-24T11:00:00+05:30,486.3,486.8,485.0,486.0,13016,0
2026-08-24T11:15:00+05:30,485.5,486.0,485.0,485.65,4631,0
2026-08-24T11:30:00+05:30,485.65,486.1,485.0,485.6,5382,0
2026-08-24T11:45:00+05:30,485.4,485.95,485.0,485.4,9267,0
2026-08-24T12:00:00+05:30,485.4,485.95,485.1,485.1,1158,0
2026-08-24T12:15:00+05:30,485.5,485.5,484.75,485.2,13455,0
2026-08-24T12:30:00+05:30,485.2,486.1,485.05,486.0,1228,0
2026-08-24T12:45:00+05:30,485.6,486.2,485.2,485.45,2016,0
2026-08-24T13:00:00+05:30,485.05,485.1,482.15,484.0,10174,0
2026-08-24T13:15:00+05:30,484.15,484.5,483.0,484.2,5992,0
2026-08-24T13:30:00+05:30,484.0,484.25,483.25,483.8,2156,0
2026-08-24T13:45:00+05:30,483.8,484.9,483.75,484.25,1559,0
2026-08-24T14:00:00+05:30,484.0,484.45,483.0,483.55,1978,0
2026-08-24T14:15:00+05:30,483.55,483.65,482.5,482.5,7139,0
2026-08-24T14:30:00+05:30,482.5,483.8,481.6,483.4,2508,0
2026-08-24T14:45:00+05:30,483.0,483.0,482.0,482.55,3751,0
2026-08-24T15:00:00+05:30,482.55,487.4,482.35,482.65,22874,0
2026-08-24T15:15:00+05:30,482.75,483.75,481.95,482.0,21433,0
2026-08-25T09:15:00+05:30,485.95,485.95,482.05,483.2,12493,0
2026-08-25T09:30:00+05:30,483.75,483.75,476.55,478.9,44938,0
2026-08-25T09:45:00+05:30,478.75,479.0,477.0,479.0,21106,0
2026-08-25T10:00:00+05:30,479.0,479.55,475.25,476.45,11562,0
2026-08-25T10:15:00+05:30,476.05,476.9,475.5,476.0,7140,0
2026-08-25T10:30:00+05:30,476.0,476.4,475.1,475.75,4550,0
2026-08-25T10:45:00+05:30,475.5,476.1,475.1,475.1,3130,0
2026-08-25T11:00:00+05:30,475.35,475.55,475.1,475.55,357,0
2026-08-25T11:15:00+05:30,475.55,476.5,475.55,476.0,1857,0
2026-08-25T11:30:00+05:30,476.25,476.55,475.15,475.15,2730,0
2026-08-25T11:45:00+05:30,475.15,475.75,473.75,474.65,11112,0
2026-08-25T12:00:00+05:30,474.65,475.3,474.05,474.75,1693,0
2026-08-25T12:15:00+05:30,474.6,475.0,474.55,474.95,4041,0
2026-08-25T12:30:00+05:30,474.95,475.45,474.55,474.8,1743,0
2026-08-25T12:45:00+05:30,475.0,475.2,474.7,474.7,499,0
2026-08-25T13:00:00+05:30,474.8,475.3,473.65,474.25,3532,0
2026-08-25T13:15:00+05:30,474.0,474.6,471.6,472.45,8586,0
2026-08-25T13:30:00+05:30,472.45,473.9,472.45,473.35,4936,0
2026-08-25T13:45:00+05:30,473.3,473.6,473.0,473.2,1583,0
2026-08-25T14:00:00+05:30,473.5,474.65,473.5,474.05,2271,0
2026-08-25T14:15:00+05:30,474.4,475.0,474.0,474.55,2847,0
2026-08-25T14:30:00+05:30,474.55,476.35,474.0,475.8,6164,0
2026-08-25T14:45:00+05:30,475.75,476.3,474.5,475.4,4027,0
2026-08-25T15:00:00+05:30,475.3,479.7,474.95,477.65,21538,0
2026-08-25T15:15:00+05:30,477.2,477.9,475.15,476.85,15775,0
2026-08-26T09:15:00+05:30,481.7,483.6,476.45,481.95,23296,0
2026-08-26T09:30:00+05:30,482.8,484.65,480.6,481.05,11896,0
2026-08-26T09:45:00+05:30,481.65,485.1,480.6,483.55,6955,0
2026-08-26T10:00:00+05:30,483.55,489.25,483.45,489.2,29842,0
2026-08-26T10:15:00+05:30,489.0,492.6,487.55,491.85,40293,0
2026-08-26T10:30:00+05:30,491.35,496.0,490.4,493.05,58146,0
2026-08-26T10:45:00+05:30,492.75,492.75,488.45,489.45,18152,0
2026-08-26T11:00:00+05:30,488.9,489.75,487.4,488.45,15053,0
2026-08-26T11:15:00+05:30,488.45,489.5,487.3,488.1,15459,0
2026-08-26T11:30:00+05:30,487.85,488.5,486.1,486.3,3292,0
2026-08-26T11:45:00+05:30,486.4,487.15,482.55,482.9,13398,0
2026-08-26T12:00:00+05:30,482.9,482.95,481.0,482.05,15227,0
2026-08-26T12:15:00+05:30,482.05,482.9,481.8,482.25,1997,0
2026-08-26T12:30:00+05:30,481.8,482.45,479.2,479.8,5381,0
2026-08-26T12:45:00+05:30,480.2,480.95,479.4,480.85,4448,0
2026-08-26T13:00:00+05:30,480.6,480.95,479.35,480.4,2403,0
2026-08-26T13:15:00+05:30,480.4,480.5,478.05,479.85,11102,0
2026-08-26T13:30:00+05:30,479.85,480.2,478.65,479.25,7290,0
2026-08-26T13:45:00+05:30,479.5,481.0,479.25,480.7,4272,0
2026-08-26T14:00:00+05:30,480.7,480.95,479.6,480.5,1758,0
2026-08-26T14:15:00+05:30,480.5,481.0,479.5,479.95,3543,0
2026-08-26T14:30:00+05:30,480.15,480.45,479.0,479.55,3859,0
2026-08-26T14:45:00+05:30,479.45,480.75,478.45,480.25,2354,0
2026-08-26T15:00:00+05:30,480.7,483.55,478.15,480.0,21569,0
2026-08-26T15:15:00+05:30,478.9,481.2,478.0,479.0,14885,0
2026-08-27T09:15:00+05:30,484.85,485.1,471.0,474.3,49116,0
2026-08-27T09:30:00+05:30,474.4,477.35,474.0,476.3,18685,0
2026-08-27T09:45:00+05:30,476.25,476.35,472.25,472.45,13121,0
2026-08-27T10:00:00+05:30,472.5,473.85,471.45,472.35,11128,0
2026-08-27T10:15:00+05:30,472.4,472.85,471.0,471.3,9572,0
2026-08-27T10:30:00+05:30,471.6,471.75,468.2,468.8,17350,0
2026-08-27T10:45:00+05:30,468.8,470.4,468.4,470.1,6648,0
2026-08-27T11:00:00+05:30,470.1,471.5,469.8,469.8,6028,0
2026-08-27T11:15:00+05:30,469.8,471.3,469.1,470.3,5472,0
2026-08-27T11:30:00+05:30,470.3,473.1,470.25,472.4,6642,0
2026-08-27T11:45:00+05:30,472.5,472.5,471.0,471.55,2528,0
2026-08-27T12:00:00+05:30,471.5,472.95,471.45,472.05,1938,0
2026-08-27T12:15:00+05:30,472.0,472.0,466.55,469.2,15141,0
2026-08-27T12:30:00+05:30,469.2,469.95,466.55,469.6,11004,0
2026-08-27T12:45:00+05:30,469.6,469.7,467.35,468.05,13583,0
2026-08-27T13:00:00+05:30,468.4,470.4,468.4,469.15,6069,0
2026-08-27T13:15:00+05:30,468.8,469.5,468.75,469.0,1494,0
2026-08-27T13:30:00+05:30,469.05,471.0,469.0,470.4,4092,0
2026-08-27T13:45:00+05:30,470.4,472.5,470.1,472.0,4574,0
2026-08-27T14:00:00+05:30,472.0,474.95,471.0,473.0,19951,0
2026-08-27T14:15:00+05:30,472.7,472.7,469.95,471.0,9927,0
2026-08-27T14:30:00+05:30,470.75,471.2,469.1,470.45,2512,0
2026-08-27T14:45:00+05:30,470.4,470.75,469.0,469.7,6727,0
2026-08-27T15:00:00+05:30,469.95,476.0,469.0,472.05,30186,0
2026-08-27T15:15:00+05:30,472.05,472.25,468.1,470.0,17189,0
2026-08-28T09:15:00+05:30,473.8,474.05,469.4,470.3,13883,0
2026-08-28T09:30:00+05:30,470.25,471.0,466.1,469.2,20384,0
2026-08-28T09:45:00+05:30,469.15,470.0,468.55,469.4,4464,0
2026-08-28T10:00:00+05:30,469.4,471.45,468.85,471.2,1788,0
2026-08-28T10:15:00+05:30,471.65,472.5,470.6,472.1,4556,0
2026-08-28T10:30:00+05:30,472.1,472.75,471.0,471.75,3873,0
2026-08-28T10:45:00+05:30,472.2,472.2,469.0,469.5,8007,0
2026-08-28T11:00:00+05:30,469.55,470.2,468.05,469.0,3290,0
2026-08-28T11:15:00+05:30,469.0,469.25,467.05,467.55,2637,0
2026-08-28T11:30:00+05:30,467.05,468.95,467.0,468.35,5471,0
2026-08-28T11:45:00+05:30,468.0,468.9,467.5,467.5,5071,0
2026-08-28T12:00:00+05:30,467.45,468.1,466.6,467.15,7744,0
2026-08-28T12:15:00+05:30,467.4,467.5,466.0,466.75,1901,0
2026-08-28T12:30:00+05:30,466.75,467.15,466.0,466.95,3368,0
2026-08-28T12:45:00+05:30,466.7,467.2,465.8,466.7,2689,0
2026-08-28T13:00:00+05:30,466.7,466.7,465.5,465.95,3031,0
2026-08-28T13:15:00+05:30,465.95,466.4,465.8,466.3,1759,0
2026-08-28T13:30:00+05:30,466.3,466.75,465.9,466.0,660,0
2026-08-28T13:45:00+05:30,466.0,466.55,465.5,466.55,1584,0
2026-08-28T14:00:00+05:30,466.0,466.6,465.5,466.0,1372,0
2026-08-28T14:15:00+05:30,466.0,466.0,465.1,465.1,3273,0
2026-08-28T14:30:00+05:30,465.0,466.0,464.7,465.0,5202,0
2026-08-28T14:45:00+05:30,465.0,465.95,464.65,465.0,3098,0
2026-08-28T15:00:00+05:30,465.0,466.0,464.0,464.85,9722,0
2026-08-28T15:15:00+05:30,464.65,466.15,464.0,465.95,21874,0
2026-08-31T09:15:00+05:30,469.9,472.0,460.0,466.45,14559,0
2026-08-31T09:30:00+05:30,466.45,467.4,464.85,465.0,9349,0
2026-08-31T09:45:00+05:30,465.05,467.0,464.5,467.0,2519,0
2026-08-31T10:00:00+05:30,466.35,467.9,465.15,466.65,6075,0
2026-08-31T10:15:00+05:30,466.65,467.25,463.1,466.15,4182,0
2026-08-31T10:30:00+05:30,466.15,466.2,464.6,465.05,4357,0
2026-08-31T10:45:00+05:30,465.0,466.3,463.05,463.55,4972,0
2026-08-31T11:00:00+05:30,463.8,465.0,463.6,463.65,2379,0
2026-08-31T11:15:00+05:30,464.1,466.85,464.05,466.5,4391,0
2026-08-31T11:30:00+05:30,466.25,471.25,466.1,470.0,16802,0
2026-08-31T11:45:00+05:30,469.55,476.15,468.8,473.65,26383,0
2026-08-31T12:00:00+05:30,474.15,478.9,473.55,478.8,13158,0
2026-08-31T12:15:00+05:30,478.25,481.0,477.0,478.55,35424,0
2026-08-31T12:30:00+05:30,478.95,479.95,474.3,474.3,13168,0
2026-08-31T12:45:00+05:30,474.5,475.4,473.0,473.9,8354,0
2026-08-31T13:00:00+05:30,473.75,475.05,473.35,474.5,1876,0
2026-08-31T13:15:00+05:30,474.5,474.55,474.0,474.1,2445,0
2026-08-31T13:30:00+05:30,474.6,475.05,471.0,472.15,9117,0
2026-08-31T13:45:00+05:30,472.25,474.0,470.1,472.0,9976,0
2026-08-31T14:00:00+05:30,471.8,472.0,470.0,470.8,3897,0
2026-08-31T14:15:00+05:30,470.4,471.3,470.4,471.2,1777,0
2026-08-31T14:30:00+05:30,471.25,471.75,470.65,471.4,1263,0
2026-08-31T14:45:00+05:30,471.6,472.45,471.15,471.35,2040,0
2026-08-31T15:00:00+05:30,471.6,472.8,470.1,471.35,9157,0
2026-08-31T15:15:00+05:30,471.05,473.75,469.95,473.0,13326,0
2026-09-01T09:15:00+05:30,471.0,472.85,465.95,471.6,17966,0
2026-09-01T09:30:00+05:30,471.55,487.0,470.1,483.6,55769,0
2026-09-01T09:45:00+05:30,483.7,492.8,482.0,491.0,70548,0
2026-09-01T10:00:00+05:30,490.85,491.0,485.0,487.0,28280,0
2026-09-01T10:15:00+05:30,486.75,489.45,486.25,488.3,20111,0
2026-09-01T10:30:00+05:30,488.3,489.0,480.0,482.7,22083,0
2026-09-01T10:45:00+05:30,482.65,486.5,481.8,485.8,11294,0
2026-09-01T11:00:00+05:30,485.8,487.35,484.1,487.35,4374,0
2026-09-01T11:15:00+05:30,486.55,486.9,483.1,483.75,6100,0
2026-09-01T11:30:00+05:30,483.65,484.85,482.75,483.45,1872,0
2026-09-01T11:45:00+05:30,483.45,486.0,482.1,485.3,5399,0
2026-09-01T12:00:00+05:30,485.0,487.0,484.45,485.1,6574,0
2026-09-01T12:15:00+05:30,484.6,486.2,484.15,485.6,2122,0
2026-09-01T12:30:00+05:30,485.0,486.15,484.3,485.0,2627,0
2026-09-01T12:45:00+05:30,485.15,485.15,483.25,483.3,2170,0
2026-09-01T13:00:00+05:30,483.3,483.75,481.05,481.1,2894,0
2026-09-01T13:15:00+05:30,481.85,482.0,480.85,480.85,871,0
2026-09-01T13:30:00+05:30,480.85,481.7,478.05,479.0,5405,0
2026-09-01T13:45:00+05:30,479.45,479.95,476.4,477.2,10105,0
2026-09-01T14:00:00+05:30,477.2,478.0,475.5,476.5,10375,0
2026-09-01T14:15:00+05:30,476.45,477.4,476.0,477.3,4589,0
2026-09-01T14:30:00+05:30,477.65,486.4,474.6,482.6,64306,0
2026-09-01T14:45:00+05:30,482.55,486.5,482.05,486.05,30952,0
2026-09-01T15:00:00+05:30,486.0,488.85,485.5,488.05,38421,0
2026-09-01T15:15:00+05:30,488.15,488.7,483.25,486.9,42335,0
2026-09-02T09:15:00+05:30,486.75,491.95,482.1,484.4,55681,0
2026-09-02T09:30:00+05:30,484.4,490.6,483.95,490.6,24070,0
2026-09-02T09:45:00+05:30,490.6,490.6,485.55,486.9,13807,0
2026-09-02T10:00:00+05:30,486.55,486.65,485.0,485.8,3305,0
2026-09-02T10:15:00+05:30,485.45,487.85,485.45,487.2,4508,0
2026-09-02T10:30:00+05:30,487.05,487.8,485.45,486.3,2601,0
2026-09-02T10:45:00+05:30,486.9,486.95,483.65,483.65,7591,0
2026-09-02T11:00:00+05:30,484.15,484.55,483.1,483.75,4387,0
2026-09-02T11:15:00+05:30,483.6,484.7,483.6,484.5,1263,0
2026-09-02T11:30:00+05:30,484.95,486.6,484.0,485.8,6586,0
2026-09-02T11:45:00+05:30,485.4,485.6,484.05,485.6,1495,0
2026-09-02T12:00:00+05:30,484.85,487.25,484.85,487.0,4619,0
2026-09-02T12:15:00+05:30,486.55,487.0,485.15,486.3,1407,0
2026-09-02T12:30:00+05:30,486.3,486.75,486.0,486.6,504,0
2026-09-02T12:45:00+05:30,486.6,487.6,485.75,487.3,2004,0
2026-09-02T13:00:00+05:30,487.3,489.55,487.05,489.55,8574,0
2026-09-02T13:15:00+05:30,489.5,496.8,488.2,496.25,51739,0
2026-09-02T13:30:00+05:30,496.0,496.0,491.45,492.45,43343,0
2026-09-02T13:45:00+05:30,492.05,492.05,489.1,490.05,9395,0
2026-09-02T14:00:00+05:30,490.0,490.65,489.2,490.2,2978,0
2026-09-02T14:15:00+05:30,490.0,493.0,489.1,492.1,7398,0
2026-09-02T14:30:00+05:30,491.6,493.4,491.2,492.05,8410,0
2026-09-02T14:45:00+05:30,492.0,492.5,489.1,490.2,14499,0
2026-09-02T15:00:00+05:30,490.5,490.9,488.1,488.95,9288,0
2026-09-02T15:15:00+05:30,488.8,493.0,488.5,489.7,19929,0
2026-09-03T09:15:00+05:30,491.05,492.8,484.55,489.65,19533,0
2026-09-03T09:30:00+05:30,489.7,492.2,489.45,490.0,8915,0
2026-09-03T09:45:00+05:30,490.3,490.3,487.05,487.55,8304,0
2026-09-03T10:00:00+05:30,487.95,487.95,485.3,485.5,8822,0
2026-09-03T10:15:00+05:30,485.5,486.0,483.3,483.3,8587,0
2026-09-03T10:30:00+05:30,483.5,483.5,482.5,483.0,4141,0
2026-09-03T10:45:00+05:30,483.0,483.0,482.0,482.5,5397,0
2026-09-03T11:00:00+05:30,482.1,484.75,482.05,482.05,4564,0
2026-09-03T11:15:00+05:30,482.5,484.0,482.5,483.5,1940,0
2026-09-03T11:30:00+05:30,483.8,486.8,483.7,486.7,5288,0
2026-09-03T11:45:00+05:30,486.8,488.2,481.8,483.0,30216,0
2026-09-03T12:00:00+05:30,483.0,483.65,482.05,482.4,3200,0
2026-09-03T12:15:00+05:30,482.35,483.0,481.05,482.2,6066,0
2026-09-03T12:30:00+05:30,482.55,485.65,482.25,485.0,4447,0
2026-09-03T12:45:00+05:30,485.05,486.8,484.2,485.0,6742,0
2026-09-03T13:00:00+05:30,485.95,491.35,485.95,487.2,20654,0
2026-09-03T13:15:00+05:30,487.2,487.2,485.0,485.55,992,0
2026-09-03T13:30:00+05:30,485.05,486.4,484.7,484.75,2793,0
2026-09-03T13:45:00+05:30,484.75,486.0,484.75,485.15,1620,0
2026-09-03T14:00:00+05:30,485.15,485.8,483.1,483.65,6498,0
2026-09-03T14:15:00+05:30,484.25,484.25,483.05,483.95,2717,0
2026-09-03T14:30:00+05:30,483.65,484.0,482.25,482.45,3909,0
2026-09-03T14:45:00+05:30,482.45,485.0,482.45,485.0,4124,0
2026-09-03T15:00:00+05:30,485.7,485.8,483.1,483.1,7984,0
2026-09-03T15:15:00+05:30,483.7,485.8,483.0,485.0,7876,0
2026-09-04T09:15:00+05:30,489.0,489.0,481.5,482.25,13283,0
2026-09-04T09:30:00+05:30,482.25,485.7,481.65,484.1,3760,0
2026-09-04T09:45:00+05:30,484.05,484.05,482.05,483.6,8441,0
2026-09-04T10:00:00+05:30,483.8,484.2,482.1,482.25,4639,0
2026-09-04T10:15:00+05:30,484.3,484.3,479.0,481.0,10842,0
2026-09-04T10:30:00+05:30,481.25,481.85,480.05,481.85,4077,0
2026-09-04T10:45:00+05:30,480.55,482.65,480.5,481.9,3559,0
2026-09-04T11:00:00+05:30,481.9,483.3,481.35,481.35,2325,0
2026-09-04T11:15:00+05:30,481.35,482.0,481.35,481.9,759,0
2026-09-04T11:30:00+05:30,481.9,481.9,479.25,479.65,4454,0
2026-09-04T11:45:00+05:30,479.65,480.85,479.25,480.85,2120,0
2026-09-04T12:00:00+05:30,480.85,481.15,480.05,480.05,2550,0
2026-09-04T12:15:00+05:30,482.95,487.8,481.95,487.0,21985,0
2026-09-04T12:30:00+05:30,487.0,487.0,485.0,485.25,2588,0
2026-09-04T12:45:00+05:30,485.05,487.2,485.05,486.7,3501,0
2026-09-04T13:00:00+05:30,486.75,497.8,486.75,495.45,60112,0
2026-09-04T13:15:00+05:30,495.45,495.7,492.9,493.05,10184,0
2026-09-04T13:30:00+05:30,492.9,495.5,492.15,495.0,10606,0
2026-09-04T13:45:00+05:30,494.05,494.45,493.0,493.0,1174,0
2026-09-04T14:00:00+05:30,493.0,493.95,490.6,490.6,8627,0
2026-09-04T14:15:00+05:30,490.6,491.4,490.15,490.25,1718,0
2026-09-04T14:30:00+05:30,490.95,491.65,490.0,491.65,4312,0
2026-09-04T14:45:00+05:30,491.4,491.4,490.0,491.0,7019,0
2026-09-04T15:00:00+05:30,491.2,494.9,491.2,494.85,14363,0
2026-09-04T15:15:00+05:30,494.3,497.85,494.0,497.0,35827,0
