timestamp,open,high,low,close,volume,oi
2026-02-26T09:15:00+05:30,78.41,78.99,78.41,78.6,13767,0
2026-02-26T09:30:00+05:30,78.62,78.79,78.6,78.62,1999,0
2026-02-26T09:45:00+05:30,78.7,79.0,78.67,78.99,13100,0
2026-02-26T10:00:00+05:30,78.99,78.99,78.73,78.73,2177,0
2026-02-26T10:15:00+05:30,78.73,78.83,78.67,78.67,737,0
2026-02-26T10:30:00+05:30,78.67,78.67,78.62,78.63,1668,0
2026-02-26T10:45:00+05:30,78.63,78.7,78.51,78.52,2023,0
2026-02-26T11:00:00+05:30,78.66,78.9,78.53,78.79,13559,0
2026-02-26T11:15:00+05:30,78.79,78.79,78.59,78.77,2108,0
2026-02-26T11:30:00+05:30,78.77,78.77,78.57,78.6,2421,0
2026-02-26T11:45:00+05:30,78.6,78.77,78.6,78.72,755,0
2026-02-26T12:00:00+05:30,78.72,78.72,78.56,78.67,1277,0
2026-02-26T12:15:00+05:30,78.67,78.69,78.24,78.38,4098,0
2026-02-26T12:30:00+05:30,78.38,78.38,78.1,78.37,1888,0
2026-02-26T12:45:00+05:30,78.37,78.38,78.21,78.38,1358,0
2026-02-26T13:00:00+05:30,78.24,78.49,78.21,78.41,2204,0
2026-02-26T13:15:00+05:30,78.41,78.41,78.21,78.21,7354,0
2026-02-26T13:30:00+05:30,78.21,78.39,78.21,78.39,179,0
2026-02-26T13:45:00+05:30,78.37,78.37,78.22,78.37,1277,0
2026-02-26T14:00:00+05:30,78.35,78.35,78.0,78.2,10771,0
2026-02-26T14:15:00+05:30,78.2,78.2,78.0,78.01,10606,0
2026-02-26T14:30:00+05:30,78.01,78.17,77.91,77.91,9078,0
2026-02-26T14:45:00+05:30,77.91,78.18,77.91,78.16,2978,0
2026-02-26T15:00:00+05:30,78.16,78.35,77.8,78.0,21947,0
2026-02-26T15:15:00+05:30,78.04,78.2,77.7,78.2,17768,0
2026-02-27T09:15:00+05:30,78.01,78.13,77.66,78.05,8330,0
2026-02-27T09:30:00+05:30,77.99,78.05,77.72,78.0,4727,0
2026-02-27T09:45:00+05:30,77.88,78.0,77.85,77.97,423,0
2026-02-27T10:00:00+05:30,77.87,77.95,77.79,77.91,11208,0
2026-02-27T10:15:00+05:30,77.93,77.94,77.71,77.93,3514,0
2026-02-27T10:30:00+05:30,77.93,77.93,77.74,77.8,383,0
2026-02-27T10:45:00+05:30,77.8,77.87,77.73,77.8,1257,0
2026-02-27T11:00:00+05:30,77.82,77.91,77.73,77.91,2822,0
2026-02-27T11:15:00+05:30,77.93,77.94,77.75,77.78,2828,0
2026-02-27T11:30:00+05:30,77.78,77.87,77.71,77.87,1219,0
2026-02-27T11:45:00+05:30,77.87,83.5,77.7,81.88,738536,0
2026-02-27T12:00:00+05:30,82.0,82.28,81.01,81.4,176860,0
2026-02-27T12:15:00+05:30,81.24,81.39,80.5,80.84,93304,0
2026-02-27T12:30:00+05:30,80.84,81.05,80.31,80.5,46451,0
2026-02-27T12:45:00+05:30,80.5,80.5,79.25,79.84,81710,0
2026-02-27T13:00:00+05:30,79.96,80.6,79.74,80.32,37113,0
2026-02-27T13:15:00+05:30,80.32,80.58,80.3,80.35,8394,0
2026-02-27T13:30:00+05:30,80.35,80.39,80.0,80.25,11213,0
2026-02-27T13:45:00+05:30,80.09,80.53,80.01,80.53,3416,0
2026-02-27T14:00:00+05:30,80.52,80.58,80.2,80.26,10757,0
2026-02-27T14:15:00+05:30,80.35,80.39,80.2,80.2,6389,0
2026-02-27T14:30:00+05:30,80.31,80.38,80.15,80.16,14073,0
2026-02-27T14:45:00+05:30,80.24,80.68,80.03,80.2,25542,0
2026-02-27T15:00:00+05:30,80.2,80.33,79.51,79.81,54524,0
2026-02-27T15:15:00+05:30,79.82,80.76,79.64,80.4,79999,0
2026-03-02T09:15:00+05:30,78.01,78.77,77.23,77.65,60273,0
2026-03-02T09:30:00+05:30,77.72,77.99,77.65,77.9,13080,0
2026-03-02T09:45:00+05:30,77.9,78.3,77.9,78.02,11533,0
2026-03-02T10:00:00+05:30,78.01,78.17,78.01,78.03,7347,0
2026-03-02T10:15:00+05:30,78.03,78.1,77.9,78.09,18350,0
2026-03-02T10:30:00+05:30,78.09,78.19,77.91,77.91,6695,0
2026-03-02T10:45:00+05:30,77.91,78.06,77.91,77.98,2267,0
2026-03-02T11:00:00+05:30,78.16,78.16,78.01,78.01,1239,0
2026-03-02T11:15:00+05:30,78.01,78.1,77.62,77.84,12282,0
2026-03-02T11:30:00+05:30,77.78,77.81,77.66,77.81,1527,0
2026-03-02T11:45:00+05:30,77.81,77.81,77.51,77.51,6668,0
2026-03-02T12:00:00+05:30,77.62,77.62,77.47,77.48,2093,0
2026-03-02T12:15:00+05:30,77.56,77.71,77.3,77.49,6752,0
2026-03-02T12:30:00+05:30,77.4,77.58,77.35,77.41,4537,0
2026-03-02T12:45:00+05:30,77.41,77.59,77.32,77.52,5434,0
2026-03-02T13:00:00+05:30,77.52,77.54,77.3,77.45,7465,0
2026-03-02T13:15:00+05:30,77.35,77.51,77.35,77.36,921,0
2026-03-02T13:30:00+05:30,77.47,77.47,76.99,77.12,30495,0
2026-03-02T13:45:00+05:30,77.06,77.18,76.93,77.05,2706,0
2026-03-02T14:00:00+05:30,77.05,77.32,77.05,77.11,3292,0
2026-03-02T14:15:00+05:30,77.11,77.45,77.09,77.44,4478,0
2026-03-02T14:30:00+05:30,77.44,77.7,77.25,77.69,3587,0
2026-03-02T14:45:00+05:30,77.69,77.69,77.35,77.5,5347,0
2026-03-02T15:00:00+05:30,77.5,77.68,77.4,77.54,4698,0
2026-03-02T15:15:00+05:30,77.55,77.7,77.39,77.69,9623,0
2026-03-04T09:15:00+05:30,77.5,77.5,76.3,76.37,15742,0
2026-03-04T09:30:00+05:30,76.35,77.2,76.3,77.16,34269,0
2026-03-04T09:45:00+05:30,77.16,77.16,76.55,76.96,17769,0
2026-03-04T10:00:00+05:30,76.95,77.05,76.66,76.93,6588,0
2026-03-04T10:15:00+05:30,76.94,77.08,76.68,76.8,9826,0
2026-03-04T10:30:00+05:30,76.8,76.96,76.56,76.74,8499,0
2026-03-04T10:45:00+05:30,76.65,76.89,76.65,76.82,2644,0
2026-03-04T11:00:00+05:30,76.82,77.07,76.82,76.97,3505,0
2026-03-04T11:15:00+05:30,76.9,76.9,76.43,76.48,18726,0
2026-03-04T11:30:00+05:30,76.48,76.54,76.3,76.39,4775,0
2026-03-04T11:45:00+05:30,76.39,76.57,76.31,76.5,11676,0
2026-03-04T12:00:00+05:30,76.54,76.57,76.4,76.48,4299,0
2026-03-04T12:15:00+05:30,76.59,76.6,76.27,76.27,3623,0
2026-03-04T12:30:00+05:30,76.27,76.47,76.2,76.2,8805,0
2026-03-04T12:45:00+05:30,76.36,76.56,76.28,76.56,1926,0
2026-03-04T13:00:00+05:30,76.56,77.3,76.45,77.1,66313,0
2026-03-04T13:15:00+05:30,77.1,77.1,76.97,76.97,2168,0
2026-03-04T13:30:00+05:30,76.97,76.97,76.78,76.82,840,0
2026-03-04T13:45:00+05:30,76.82,76.93,76.78,76.78,495,0
2026-03-04T14:00:00+05:30,76.87,76.96,76.76,76.96,3074,0
2026-03-04T14:15:00+05:30,76.96,77.05,76.75,76.8,20313,0
2026-03-04T14:30:00+05:30,76.85,77.0,76.8,77.0,2547,0
2026-03-04T14:45:00+05:30,77.0,77.0,76.83,77.0,2251,0
2026-03-04T15:00:00+05:30,76.98,77.0,76.82,76.91,9895,0
2026-03-04T15:15:00+05:30,76.93,77.04,76.87,76.9,35321,0
2026-03-05T09:15:00+05:30,77.85,77.95,77.03,77.03,29602,0
2026-03-05T09:30:00+05:30,77.09,77.09,76.71,76.77,5721,0
2026-03-05T09:45:00+05:30,76.74,77.12,76.64,76.95,25397,0
2026-03-05T10:00:00+05:30,76.95,77.24,76.95,76.96,1914,0
2026-03-05T10:15:00+05:30,76.86,77.13,76.74,76.89,2016,0
2026-03-05T10:30:00+05:30,76.89,76.96,76.79,76.96,2462,0
2026-03-05T10:45:00+05:30,76.96,76.99,76.77,76.91,2301,0
2026-03-05T11:00:00+05:30,77.09,77.09,76.71,76.71,5282,0
2026-03-05T11:15:00+05:30,76.87,76.87,76.72,76.77,1107,0
2026-03-05T11:30:00+05:30,76.75,76.86,76.5,76.6,8224,0
2026-03-05T11:45:00+05:30,76.6,76.6,76.27,76.5,5225,0
2026-03-05T12:00:00+05:30,76.63,76.7,76.36,76.7,2715,0
2026-03-05T12:15:00+05:30,76.7,76.78,76.52,76.57,7118,0
2026-03-05T12:30:00+05:30,76.74,76.77,76.57,76.75,14447,0
2026-03-05T12:45:00+05:30,76.75,76.75,76.59,76.72,723,0
2026-03-05T13:00:00+05:30,76.59,76.72,76.52,76.57,2606,0
2026-03-05T13:15:00+05:30,76.57,76.77,76.52,76.74,1549,0
2026-03-05T13:30:00+05:30,76.59,76.68,76.45,76.62,3900,0
2026-03-05T13:45:00+05:30,76.62,76.62,76.0,76.09,24842,0
2026-03-05T14:00:00+05:30,76.19,76.44,76.19,76.4,7407,0
2026-03-05T14:15:00+05:30,76.4,76.84,76.4,76.6,6339,0
2026-03-05T14:30:00+05:30,76.6,76.6,76.05,76.35,9747,0
2026-03-05T14:45:00+05:30,76.28,76.69,76.28,76.68,21591,0
2026-03-05T15:00:00+05:30,76.69,77.45,76.65,77.0,28802,0
2026-03-05T15:15:00+05:30,77.0,77.39,77.0,77.1,13115,0
2026-03-06T09:15:00+05:30,77.05,77.38,76.64,77.38,22505,0
2026-03-06T09:30:00+05:30,77.33,77.89,77.13,77.16,16573,0
2026-03-06T09:45:00+05:30,77.12,77.35,77.01,77.05,8314,0
2026-03-06T10:00:00+05:30,77.05,77.31,76.91,77.31,3632,0
2026-03-06T10:15:00+05:30,77.29,77.38,77.2,77.2,3798,0
2026-03-06T10:30:00+05:30,77.31,77.31,77.2,77.3,478,0
2026-03-06T10:45:00+05:30,77.4,77.88,77.35,77.36,18034,0
2026-03-06T11:00:00+05:30,77.4,77.55,77.11,77.12,11594,0
2026-03-06T11:15:00+05:30,77.12,79.9,77.12,78.24,103333,0
2026-03-06T11:30:00+05:30,78.24,78.26,77.59,77.94,18278,0
2026-03-06T11:45:00+05:30,77.87,77.94,77.66,77.66,1492,0
2026-03-06T12:00:00+05:30,77.73,77.73,77.52,77.56,609,0
2026-03-06T12:15:00+05:30,77.5,77.66,77.4,77.46,4484,0
2026-03-06T12:30:00+05:30,77.46,77.47,77.31,77.47,870,0
2026-03-06T12:45:00+05:30,77.47,77.6,77.35,77.6,12112,0
2026-03-06T13:00:00+05:30,77.6,77.65,77.37,77.51,6879,0
2026-03-06T13:15:00+05:30,77.61,77.62,77.51,77.56,704,0
2026-03-06T13:30:00+05:30,77.56,77.56,77.42,77.42,1496,0
2026-03-06T13:45:00+05:30,77.36,77.47,77.36,77.47,488,0
2026-03-06T14:00:00+05:30,77.41,77.58,77.31,77.58,2892,0
2026-03-06T14:15:00+05:30,77.59,77.71,77.59,77.7,971,0
2026-03-06T14:30:00+05:30,77.7,77.75,77.51,77.55,2671,0
2026-03-06T14:45:00+05:30,77.56,77.56,77.22,77.35,3023,0
2026-03-06T15:00:00+05:30,77.3,77.43,77.07,77.1,13942,0
2026-03-06T15:15:00+05:30,77.25,77.38,77.01,77.18,25039,0
2026-03-09T09:15:00+05:30,76.91,76.91,74.5,75.29,33527,0
2026-03-09T09:30:00+05:30,75.29,75.35,74.55,74.66,16577,0
2026-03-09T09:45:00+05:30,74.9,75.4,74.7,75.25,15075,0
2026-03-09T10:00:00+05:30,75.23,75.29,74.72,75.01,17664,0
2026-03-09T10:15:00+05:30,75.01,75.36,74.72,74.78,7457,0
2026-03-09T10:30:00+05:30,75.14,75.14,74.6,74.64,7711,0
2026-03-09T10:45:00+05:30,74.65,74.75,74.4,74.69,18561,0
2026-03-09T11:00:00+05:30,74.76,75.04,74.52,74.52,17028,0
2026-03-09T11:15:00+05:30,74.52,74.81,74.52,74.76,919,0
2026-03-09T11:30:00+05:30,74.82,74.96,74.75,74.75,3262,0
2026-03-09T11:45:00+05:30,74.92,74.99,74.57,74.63,20245,0
2026-03-09T12:00:00+05:30,74.72,74.72,74.5,74.68,1761,0
2026-03-09T12:15:00+05:30,74.68,74.79,74.5,74.58,6824,0
2026-03-09T12:30:00+05:30,74.72,74.73,74.6,74.71,1389,0
2026-03-09T12:45:00+05:30,74.71,74.73,74.52,74.73,1598,0
2026-03-09T13:00:00+05:30,74.73,74.73,74.6,74.6,4226,0
2026-03-09T13:15:00+05:30,74.6,74.79,74.6,74.68,1541,0
2026-03-09T13:30:00+05:30,74.67,74.67,74.5,74.52,6154,0
2026-03-09T13:45:00+05:30,74.55,74.65,74.54,74.54,2251,0
2026-03-09T14:00:00+05:30,74.59,74.59,74.44,74.53,4057,0
2026-03-09T14:15:00+05:30,74.53,74.53,74.3,74.3,4189,0
2026-03-09T14:30:00+05:30,74.4,74.5,74.32,74.5,1905,0
2026-03-09T14:45:00+05:30,74.5,74.65,74.5,74.65,2898,0
2026-03-09T15:00:00+05:30,74.61,74.88,74.4,74.88,12471,0
2026-03-09T15:15:00+05:30,74.88,76.9,74.77,75.4,42788,0
2026-03-10T09:15:00+05:30,75.85,76.57,75.76,75.93,19095,0
2026-03-10T09:30:00+05:30,75.91,75.91,75.4,75.69,7859,0
2026-03-10T09:45:00+05:30,75.67,75.7,75.41,75.43,3496,0
2026-03-10T10:00:00+05:30,75.51,75.78,75.51,75.78,5719,0
2026-03-10T10:15:00+05:30,75.79,75.82,75.68,75.82,1663,0
2026-03-10T10:30:00+05:30,75.8,75.94,75.67,75.94,2092,0
2026-03-10T10:45:00+05:30,75.94,75.99,75.74,75.74,937,0
2026-03-10T11:00:00+05:30,75.87,75.99,75.76,75.76,3168,0
2026-03-10T11:15:00+05:30,75.87,76.2,75.66,76.0,14085,0
2026-03-10T11:30:00+05:30,76.0,76.0,75.82,75.99,8932,0
2026-03-10T11:45:00+05:30,75.99,75.99,75.15,75.67,28193,0
2026-03-10T12:00:00+05:30,75.69,75.82,75.59,75.7,1228,0
2026-03-10T12:15:00+05:30,75.7,75.74,75.6,75.65,463,0
2026-03-10T12:30:00+05:30,75.65,75.76,75.6,75.62,1675,0
2026-03-10T12:45:00+05:30,75.62,75.83,75.62,75.8,862,0
2026-03-10T13:00:00+05:30,75.8,75.81,75.71,75.71,250,0
2026-03-10T13:15:00+05:30,75.71,75.76,75.64,75.64,3148,0
2026-03-10T13:30:00+05:30,75.71,75.78,75.71,75.78,582,0
2026-03-10T13:45:00+05:30,75.78,75.96,75.78,75.83,3752,0
2026-03-10T14:00:00+05:30,75.9,75.9,75.63,75.82,2964,0
2026-03-10T14:15:00+05:30,75.82,75.92,75.64,75.75,2683,0
2026-03-10T14:30:00+05:30,75.88,75.9,75.88,75.88,6109,0
2026-03-10T14:45:00+05:30,75.89,75.89,75.16,75.69,18644,0
2026-03-10T15:00:00+05:30,75.69,75.69,75.55,75.56,2775,0
2026-03-10T15:15:00+05:30,75.58,76.2,75.51,76.0,31535,0
2026-03-11T09:15:00+05:30,75.85,76.89,75.75,76.15,23524,0
2026-03-11T09:30:00+05:30,76.23,76.36,75.95,76.27,15598,0
2026-03-11T09:45:00+05:30,76.15,76.45,76.14,76.14,6041,0
2026-03-11T10:00:00+05:30,76.14,76.2,76.13,76.19,5919,0
2026-03-11T10:15:00+05:30,76.14,76.3,76.13,76.21,9488,0
2026-03-11T10:30:00+05:30,76.29,76.47,76.0,76.05,4634,0
2026-03-11T10:45:00+05:30,75.99,76.1,75.91,76.1,3130,0
2026-03-11T11:00:00+05:30,76.1,76.3,75.75,76.08,20527,0
2026-03-11T11:15:00+05:30,76.08,76.08,75.51,75.65,6682,0
2026-03-11T11:30:00+05:30,75.83,76.1,75.71,76.08,10320,0
2026-03-11T11:45:00+05:30,76.0,76.14,75.93,75.95,1960,0
2026-03-11T12:00:00+05:30,75.97,76.42,75.97,76.41,12538,0
2026-03-11T12:15:00+05:30,76.41,76.42,76.2,76.3,747,0
2026-03-11T12:30:00+05:30,76.3,76.32,76.15,76.2,971,0
2026-03-11T12:45:00+05:30,76.21,76.23,76.1,76.1,4035,0
2026-03-11T13:00:00+05:30,76.1,76.22,75.95,75.95,1896,0
2026-03-11T13:15:00+05:30,75.9,76.22,75.9,76.21,1719,0
2026-03-11T13:30:00+05:30,76.21,76.21,75.95,75.95,918,0
2026-03-11T13:45:00+05:30,75.95,75.95,75.79,75.79,1228,0
2026-03-11T14:00:00+05:30,75.86,76.03,75.83,75.84,1617,0
2026-03-11T14:15:00+05:30,75.84,75.88,75.75,75.83,4158,0
2026-03-11T14:30:00+05:30,75.82,75.92,75.75,75.76,2043,0
2026-03-11T14:45:00+05:30,75.76,76.0,75.75,75.88,2815,0
2026-03-11T15:00:00+05:30,75.88,76.2,75.76,76.14,15592,0
2026-03-11T15:15:00+05:30,76.01,76.14,75.3,75.51,17678,0
2026-03-12T09:15:00+05:30,75.01,75.38,73.35,74.31,59527,0
2026-03-12T09:30:00+05:30,74.31,74.31,73.0,73.56,69202,0
2026-03-12T09:45:00+05:30,73.5,73.62,72.81,73.53,57956,0
2026-03-12T10:00:00+05:30,73.53,74.5,73.38,74.17,48904,0
2026-03-12T10:15:00+05:30,74.15,74.19,73.77,74.05,4651,0
2026-03-12T10:30:00+05:30,74.15,74.4,74.05,74.15,5043,0
2026-03-12T10:45:00+05:30,74.19,74.26,74.0,74.18,2974,0
2026-03-12T11:00:00+05:30,74.18,74.4,74.08,74.29,2195,0
2026-03-12T11:15:00+05:30,74.35,74.38,74.08,74.09,2550,0
2026-03-12T11:30:00+05:30,74.18,74.18,73.68,74.14,6545,0
2026-03-12T11:45:00+05:30,74.14,74.17,73.52,74.17,6190,0
2026-03-12T12:00:00+05:30,74.2,74.29,74.01,74.06,3827,0
2026-03-12T12:15:00+05:30,74.07,74.37,74.06,74.37,2854,0
2026-03-12T12:30:00+05:30,74.33,74.33,73.9,74.11,9369,0
2026-03-12T12:45:00+05:30,74.11,74.31,74.11,74.23,3027,0
2026-03-12T13:00:00+05:30,74.26,74.27,73.93,74.21,10010,0
2026-03-12T13:15:00+05:30,74.27,74.8,74.12,74.52,21189,0
2026-03-12T13:30:00+05:30,74.52,74.85,74.29,74.6,10019,0
2026-03-12T13:45:00+05:30,74.51,74.64,74.18,74.18,3742,0
2026-03-12T14:00:00+05:30,74.33,74.55,74.21,74.25,3571,0
2026-03-12T14:15:00+05:30,74.25,74.33,74.2,74.28,1666,0
2026-03-12T14:30:00+05:30,74.2,74.25,74.1,74.12,2175,0
2026-03-12T14:45:00+05:30,74.12,74.19,74.0,74.12,2498,0
2026-03-12T15:00:00+05:30,74.12,74.12,73.82,74.02,15879,0
2026-03-12T15:15:00+05:30,74.02,74.4,73.72,73.8,24479,0
2026-03-13T09:15:00+05:30,73.79,74.0,73.14,73.35,14625,0
2026-03-13T09:30:00+05:30,73.35,73.4,72.8,73.0,21608,0
2026-03-13T09:45:00+05:30,72.91,73.0,72.3,72.3,14029,0
2026-03-13T10:00:00+05:30,72.33,72.4,72.1,72.29,23913,0
2026-03-13T10:15:00+05:30,72.29,72.38,72.2,72.37,2438,0
2026-03-13T10:30:00+05:30,72.3,72.4,72.18,72.18,4860,0
2026-03-13T10:45:00+05:30,72.22,72.44,72.18,72.4,11434,0
2026-03-13T11:00:00+05:30,72.4,72.4,72.02,72.02,8978,0
2026-03-13T11:15:00+05:30,72.02,72.07,71.72,72.07,21570,0
2026-03-13T11:30:00+05:30,72.07,72.1,72.0,72.0,2755,0
2026-03-13T11:45:00+05:30,72.0,72.1,72.0,72.0,2285,0
2026-03-13T12:00:00+05:30,72.08,72.09,71.95,71.95,10165,0
2026-03-13T12:15:00+05:30,71.95,72.51,71.85,72.41,35809,0
2026-03-13T12:30:00+05:30,72.34,72.43,72.05,72.17,4726,0
2026-03-13T12:45:00+05:30,72.17,72.26,72.02,72.17,2258,0
2026-03-13T13:00:00+05:30,72.17,72.37,72.0,72.22,5371,0
2026-03-13T13:15:00+05:30,72.12,72.39,72.12,72.16,2632,0
2026-03-13T13:30:00+05:30,72.05,72.13,71.9,71.9,13495,0
2026-03-13T13:45:00+05:30,71.9,71.93,71.51,71.64,10039,0
2026-03-13T14:00:00+05:30,71.64,72.13,71.6,72.13,16178,0
2026-03-13T14:15:00+05:30,72.13,72.16,71.86,71.95,1956,0
2026-03-13T14:30:00+05:30,71.87,72.02,71.86,71.94,2562,0
2026-03-13T14:45:00+05:30,71.94,72.02,71.63,72.01,5346,0
2026-03-13T15:00:00+05:30,72.01,72.14,71.7,71.88,11035,0
2026-03-13T15:15:00+05:30,71.91,71.99,71.63,71.63,15629,0
2026-03-16T09:15:00+05:30,71.5,71.75,70.55,70.69,19218,0
2026-03-16T09:30:00+05:30,70.68,71.18,70.54,70.97,5555,0
2026-03-16T09:45:00+05:30,70.97,71.01,70.69,70.69,5459,0
2026-03-16T10:00:00+05:30,70.78,70.82,70.52,70.52,7400,0
2026-03-16T10:15:00+05:30,70.52,70.6,69.56,69.73,25580,0
2026-03-16T10:30:00+05:30,69.73,69.92,69.55,69.8,4363,0
2026-03-16T10:45:00+05:30,69.79,69.82,69.4,69.64,23170,0
2026-03-16T11:00:00+05:30,69.64,69.64,68.15,68.68,51201,0
2026-03-16T11:15:00+05:30,68.69,69.27,68.69,68.93,12969,0
2026-03-16T11:30:00+05:30,68.93,69.23,68.92,68.92,6611,0
2026-03-16T11:45:00+05:30,68.96,69.14,68.5,68.65,18215,0
2026-03-16T12:00:00+05:30,68.65,68.77,68.59,68.74,3104,0
2026-03-16T12:15:00+05:30,68.77,69.1,68.56,69.1,9999,0
2026-03-16T12:30:00+05:30,69.0,69.1,68.6,68.61,11478,0
2026-03-16T12:45:00+05:30,68.6,68.71,68.29,68.55,22249,0
2026-03-16T13:00:00+05:30,68.55,68.9,68.5,68.74,12353,0
2026-03-16T13:15:00+05:30,68.74,68.82,68.5,68.7,8961,0
2026-03-16T13:30:00+05:30,68.7,68.7,68.29,68.45,7363,0
2026-03-16T13:45:00+05:30,68.53,68.53,68.19,68.47,6370,0
2026-03-16T14:00:00+05:30,68.47,68.57,68.4,68.55,4570,0
2026-03-16T14:15:00+05:30,68.5,69.38,68.49,69.3,9311,0
2026-03-16T14:30:00+05:30,69.23,69.39,68.52,69.38,31668,0
2026-03-16T14:45:00+05:30,69.21,69.73,69.21,69.61,21919,0
2026-03-16T15:00:00+05:30,69.6,69.67,69.35,69.52,16261,0
2026-03-16T15:15:00+05:30,69.58,69.58,69.0,69.3,25924,0
2026-03-17T09:15:00+05:30,69.01,69.45,68.5,68.76,27586,0
2026-03-17T09:30:00+05:30,68.71,68.95,68.53,68.68,11647,0
2026-03-17T09:45:00+05:30,68.7,68.86,68.45,68.67,18153,0
2026-03-17T10:00:00+05:30,68.71,69.47,68.6,69.22,13090,0
2026-03-17T10:15:00+05:30,69.19,69.59,69.05,69.1,10986,0
2026-03-17T10:30:00+05:30,69.23,69.24,68.86,68.86,3898,0
2026-03-17T10:45:00+05:30,68.86,69.35,68.86,69.3,7063,0
2026-03-17T11:00:00+05:30,69.3,69.44,69.07,69.15,5393,0
2026-03-17T11:15:00+05:30,69.15,69.15,68.78,68.78,5266,0
2026-03-17T11:30:00+05:30,68.78,69.1,68.78,68.94,6492,0
2026-03-17T11:45:00+05:30,68.94,68.94,68.63,68.63,2094,0
2026-03-17T12:00:00+05:30,68.7,68.84,68.7,68.75,4320,0
2026-03-17T12:15:00+05:30,68.75,68.75,68.63,68.7,4585,0
2026-03-17T12:30:00+05:30,68.7,68.9,68.7,68.9,7589,0
2026-03-17T12:45:00+05:30,68.9,69.28,68.9,69.08,6332,0
2026-03-17T13:00:00+05:30,69.08,69.14,69.0,69.0,2746,0
2026-03-17T13:15:00+05:30,69.0,69.15,68.95,69.15,3470,0
2026-03-17T13:30:00+05:30,69.24,69.38,69.0,69.0,16723,0
2026-03-17T13:45:00+05:30,69.05,69.15,68.9,68.9,10144,0
2026-03-17T14:00:00+05:30,69.03,69.09,68.92,69.09,707,0
2026-03-17T14:15:00+05:30,69.01,69.01,68.7,68.8,13309,0
2026-03-17T14:30:00+05:30,68.81,68.81,68.6,68.79,15246,0
2026-03-17T14:45:00+05:30,68.75,68.99,68.61,68.98,22310,0
2026-03-17T15:00:00+05:30,68.96,68.97,68.72,68.85,9097,0
2026-03-17T15:15:00+05:30,68.78,68.95,68.5,68.5,45570,0
2026-03-18T09:15:00+05:30,69.0,70.21,69.0,70.02,31156,0
2026-03-18T09:30:00+05:30,70.03,70.13,69.45,69.81,40904,0
2026-03-18T09:45:00+05:30,69.81,70.13,69.62,69.93,7606,0
2026-03-18T10:00:00+05:30,69.91,69.96,69.75,69.8,8393,0
2026-03-18T10:15:00+05:30,69.8,70.5,69.77,70.37,14945,0
2026-03-18T10:30:00+05:30,70.32,70.43,70.2,70.3,6049,0
2026-03-18T10:45:00+05:30,70.36,71.06,70.21,71.06,48344,0
2026-03-18T11:00:00+05:30,70.95,70.95,70.7,70.71,6528,0
2026-03-18T11:15:00+05:30,70.69,70.77,70.6,70.77,7637,0
2026-03-18T11:30:00+05:30,70.84,70.95,70.55,70.87,8759,0
2026-03-18T11:45:00+05:30,70.87,70.95,70.55,70.55,16274,0
2026-03-18T12:00:00+05:30,70.55,70.6,70.5,70.5,2591,0
2026-03-18T12:15:00+05:30,70.5,70.69,70.5,70.69,4243,0
2026-03-18T12:30:00+05:30,70.69,70.73,70.5,70.69,7898,0
2026-03-18T12:45:00+05:30,70.69,71.0,70.55,70.8,9848,0
2026-03-18T13:00:00+05:30,70.7,71.42,70.69,70.97,19311,0
2026-03-18T13:15:00+05:30,70.97,71.35,70.97,71.35,3766,0
2026-03-18T13:30:00+05:30,71.34,71.66,71.18,71.4,12760,0
2026-03-18T13:45:00+05:30,71.32,71.4,71.25,71.36,1529,0
2026-03-18T14:00:00+05:30,71.27,71.36,71.1,71.3,5452,0
2026-03-18T14:15:00+05:30,71.29,71.64,71.17,71.5,8132,0
2026-03-18T14:30:00+05:30,71.22,71.39,70.81,71.01,13081,0
2026-03-18T14:45:00+05:30,71.01,71.14,70.4,70.65,19947,0
2026-03-18T15:00:00+05:30,70.65,70.8,70.06,70.32,30758,0
2026-03-18T15:15:00+05:30,70.38,70.48,70.01,70.25,28067,0
2026-03-19T09:15:00+05:30,69.74,69.8,68.66,69.09,26242,0
2026-03-19T09:30:00+05:30,69.01,69.33,68.85,68.95,16690,0
2026-03-19T09:45:00+05:30,68.94,69.13,68.8,68.91,6398,0
2026-03-19T10:00:00+05:30,68.75,69.11,68.74,68.81,6386,0
2026-03-19T10:15:00+05:30,68.92,69.07,68.79,69.07,2868,0
2026-03-19T10:30:00+05:30,69.07,69.1,68.93,69.1,3280,0
2026-03-19T10:45:00+05:30,69.1,69.1,68.66,69.07,9290,0
2026-03-19T11:00:00+05:30,68.9,69.0,68.73,68.92,7836,0
2026-03-19T11:15:00+05:30,68.94,68.95,68.66,68.85,3093,0
2026-03-19T11:30:00+05:30,68.85,69.04,68.82,69.04,2711,0
2026-03-19T11:45:00+05:30,69.04,69.1,68.99,69.09,1294,0
2026-03-19T12:00:00+05:30,69.0,69.0,68.76,68.8,3956,0
2026-03-19T12:15:00+05:30,68.8,69.13,68.8,69.01,4571,0
2026-03-19T12:30:00+05:30,69.14,69.4,69.03,69.29,5808,0
2026-03-19T12:45:00+05:30,69.29,69.29,69.12,69.12,2552,0
2026-03-19T13:00:00+05:30,69.2,69.28,68.9,68.9,6301,0
2026-03-19T13:15:00+05:30,68.8,68.99,68.8,68.98,357,0
2026-03-19T13:30:00+05:30,68.98,68.98,68.66,68.85,20294,0
2026-03-19T13:45:00+05:30,68.8,68.8,68.66,68.75,2543,0
2026-03-19T14:00:00+05:30,68.75,68.79,68.51,68.55,5204,0
2026-03-19T14:15:00+05:30,68.52,69.05,68.15,68.42,33966,0
2026-03-19T14:30:00+05:30,68.42,68.54,68.0,68.44,27093,0
2026-03-19T14:45:00+05:30,68.38,68.5,68.0,68.22,12284,0
2026-03-19T15:00:00+05:30,68.05,68.25,67.9,67.99,7117,0
2026-03-19T15:15:00+05:30,67.98,68.85,67.8,68.78,23088,0
2026-03-20T09:15:00+05:30,68.15,70.48,68.15,70.09,49539,0
2026-03-20T09:30:00+05:30,70.09,70.63,69.75,69.75,28653,0
2026-03-20T09:45:00+05:30,69.8,69.8,69.25,69.26,13628,0
2026-03-20T10:00:00+05:30,69.23,69.6,69.12,69.49,4851,0
2026-03-20T10:15:00+05:30,69.36,69.36,69.13,69.24,2152,0
2026-03-20T10:30:00+05:30,69.24,69.6,69.24,69.5,7797,0
2026-03-20T10:45:00+05:30,69.6,69.6,69.36,69.52,2364,0
2026-03-20T11:00:00+05:30,69.5,69.5,69.38,69.38,1354,0
2026-03-20T11:15:00+05:30,69.32,69.74,69.3,69.7,11636,0
2026-03-20T11:30:00+05:30,69.56,69.7,69.56,69.68,1421,0
2026-03-20T11:45:00+05:30,69.68,69.68,69.4,69.4,1470,0
2026-03-20T12:00:00+05:30,69.4,69.51,69.38,69.38,635,0
2026-03-20T12:15:00+05:30,69.4,69.4,69.0,69.0,8259,0
2026-03-20T12:30:00+05:30,69.0,69.08,69.0,69.03,1225,0
2026-03-20T12:45:00+05:30,69.03,69.13,68.86,68.98,2787,0
2026-03-20T13:00:00+05:30,68.98,69.13,68.81,69.13,1554,0
2026-03-20T13:15:00+05:30,69.13,69.13,68.15,68.74,47468,0
2026-03-20T13:30:00+05:30,68.74,69.0,68.6,68.6,5355,0
2026-03-20T13:45:00+05:30,68.6,68.74,68.51,68.52,994,0
2026-03-20T14:00:00+05:30,68.63,68.72,68.53,68.53,1026,0
2026-03-20T14:15:00+05:30,68.53,68.69,68.4,68.4,3712,0
2026-03-20T14:30:00+05:30,68.4,68.49,68.1,68.33,4915,0
2026-03-20T14:45:00+05:30,68.33,69.25,67.94,68.68,34228,0
2026-03-20T15:00:00+05:30,68.65,68.7,68.25,68.32,14765,0
2026-03-20T15:15:00+05:30,68.31,68.95,68.2,68.95,17510,0
2026-03-23T09:15:00+05:30,67.59,68.2,66.65,66.7,45496,0
2026-03-23T09:30:00+05:30,66.78,67.19,66.78,66.93,15523,0
2026-03-23T09:45:00+05:30,67.03,67.03,66.27,66.39,15715,0
2026-03-23T10:00:00+05:30,66.41,66.41,65.8,65.8,14495,0
2026-03-23T10:15:00+05:30,65.76,65.8,65.25,65.45,20679,0
2026-03-23T10:30:00+05:30,65.42,65.7,65.31,65.44,6687,0
2026-03-23T10:45:00+05:30,65.44,65.56,65.09,65.27,11475,0
2026-03-23T11:00:00+05:30,65.36,65.56,65.2,65.2,6817,0
2026-03-23T11:15:00+05:30,65.31,65.31,65.09,65.2,7685,0
2026-03-23T11:30:00+05:30,65.25,65.42,65.16,65.39,6910,0
2026-03-23T11:45:00+05:30,65.4,65.43,65.26,65.28,3879,0
2026-03-23T12:00:00+05:30,65.36,65.56,65.34,65.5,9601,0
2026-03-23T12:15:00+05:30,65.51,65.51,65.15,65.33,5500,0
2026-03-23T12:30:00+05:30,65.34,65.48,65.16,65.4,5708,0
2026-03-23T12:45:00+05:30,65.36,65.48,65.2,65.39,4088,0
2026-03-23T13:00:00+05:30,65.39,65.42,65.26,65.31,4779,0
2026-03-23T13:15:00+05:30,65.31,65.47,65.31,65.33,2547,0
2026-03-23T13:30:00+05:30,65.34,65.47,65.25,65.36,17268,0
2026-03-23T13:45:00+05:30,65.36,65.7,65.36,65.7,15804,0
2026-03-23T14:00:00+05:30,65.68,66.0,65.59,65.98,10363,0
2026-03-23T14:15:00+05:30,65.88,66.06,65.84,65.95,3976,0
2026-03-23T14:30:00+05:30,65.84,65.95,65.75,65.75,12332,0
2026-03-23T14:45:00+05:30,65.75,65.76,65.5,65.62,5550,0
2026-03-23T15:00:00+05:30,65.62,65.62,65.09,65.09,12910,0
2026-03-23T15:15:00+05:30,65.09,65.09,63.32,64.0,41434,0
2026-03-24T09:15:00+05:30,65.2,65.89,64.56,65.28,88582,0
2026-03-24T09:30:00+05:30,65.25,65.34,64.62,64.77,36125,0
2026-03-24T09:45:00+05:30,64.63,64.75,64.3,64.5,11542,0
2026-03-24T10:00:00+05:30,64.5,64.83,64.08,64.2,56123,0
2026-03-24T10:15:00+05:30,64.4,64.61,64.2,64.33,4582,0
2026-03-24T10:30:00+05:30,64.3,64.32,64.02,64.02,7941,0
2026-03-24T10:45:00+05:30,64.02,64.2,64.02,64.11,1963,0
2026-03-24T11:00:00+05:30,64.11,64.15,64.02,64.02,4020,0
2026-03-24T11:15:00+05:30,64.07,64.46,64.07,64.19,4329,0
2026-03-24T11:30:00+05:30,64.25,64.25,64.02,64.18,4651,0
2026-03-24T11:45:00+05:30,64.18,64.63,64.17,64.55,7386,0
2026-03-24T12:00:00+05:30,64.52,64.57,64.08,64.33,14823,0
2026-03-24T12:15:00+05:30,64.31,64.93,64.16,64.41,8416,0
2026-03-24T12:30:00+05:30,64.46,64.9,64.17,64.88,19122,0
2026-03-24T12:45:00+05:30,64.88,65.76,64.88,65.61,35899,0
2026-03-24T13:00:00+05:30,65.61,65.8,65.26,65.48,10745,0
2026-03-24T13:15:00+05:30,65.48,65.6,65.3,65.6,7526,0
2026-03-24T13:30:00+05:30,65.6,65.74,65.3,65.35,12418,0
2026-03-24T13:45:00+05:30,65.35,65.35,64.69,64.9,16343,0
2026-03-24T14:00:00+05:30,64.9,65.19,64.85,65.19,3849,0
2026-03-24T14:15:00+05:30,65.2,65.49,65.06,65.21,16565,0
2026-03-24T14:30:00+05:30,65.18,65.26,64.9,65.07,13120,0
2026-03-24T14:45:00+05:30,64.98,65.15,64.98,65.14,5747,0
2026-03-24T15:00:00+05:30,65.14,65.14,64.6,64.82,16510,0
2026-03-24T15:15:00+05:30,64.8,65.04,64.46,64.55,56178,0
2026-03-25T09:15:00+05:30,64.98,68.24,64.98,67.72,119028,0
2026-03-25T09:30:00+05:30,67.79,68.29,67.59,67.65,47722,0
2026-03-25T09:45:00+05:30,67.72,67.76,67.4,67.45,9099,0
2026-03-25T10:00:00+05:30,67.45,67.52,67.15,67.35,14239,0
2026-03-25T10:15:00+05:30,67.4,67.43,67.0,67.0,18861,0
2026-03-25T10:30:00+05:30,67.08,67.39,67.0,67.39,6865,0
2026-03-25T10:45:00+05:30,67.39,67.44,67.02,67.19,7865,0
2026-03-25T11:00:00+05:30,67.19,67.44,67.19,67.28,1005,0
2026-03-25T11:15:00+05:30,67.3,67.33,66.93,66.95,19715,0
2026-03-25T11:30:00+05:30,66.95,66.96,66.5,66.65,32449,0
2026-03-25T11:45:00+05:30,66.65,66.69,66.5,66.57,4628,0
2026-03-25T12:00:00+05:30,66.57,66.99,66.51,66.99,23578,0
2026-03-25T12:15:00+05:30,66.9,66.9,66.61,66.69,3828,0
2026-03-25T12:30:00+05:30,66.69,66.81,66.6,66.77,5817,0
2026-03-25T12:45:00+05:30,66.73,66.77,66.31,66.46,10659,0
2026-03-25T13:00:00+05:30,66.46,66.67,66.4,66.44,5660,0
2026-03-25T13:15:00+05:30,66.44,66.5,66.0,66.25,23716,0
2026-03-25T13:30:00+05:30,66.25,66.36,66.22,66.22,7624,0
2026-03-25T13:45:00+05:30,66.22,66.48,66.21,66.22,3321,0
2026-03-25T14:00:00+05:30,66.3,66.4,66.15,66.24,10550,0
2026-03-25T14:15:00+05:30,66.29,66.29,65.81,66.16,11924,0
2026-03-25T14:30:00+05:30,66.14,66.14,65.99,66.1,12654,0
2026-03-25T14:45:00+05:30,66.18,66.18,65.94,66.02,7749,0
2026-03-25T15:00:00+05:30,66.1,66.15,65.87,65.91,11646,0
2026-03-25T15:15:00+05:30,65.99,66.0,65.64,65.9,28590,0
2026-03-27T09:15:00+05:30,65.5,65.6,64.46,64.89,76749,0
2026-03-27T09:30:00+05:30,64.81,65.01,63.93,64.12,61486,0
2026-03-27T09:45:00+05:30,64.03,64.1,63.31,63.66,50031,0
2026-03-27T10:00:00+05:30,63.62,63.74,62.73,62.9,59364,0
2026-03-27T10:15:00+05:30,63.11,63.29,62.9,63.23,31361,0
2026-03-27T10:30:00+05:30,63.29,63.29,62.9,63.0,21802,0
2026-03-27T10:45:00+05:30,63.09,63.23,62.91,63.0,12291,0
2026-03-27T11:00:00+05:30,63.0,63.15,62.91,62.98,12004,0
2026-03-27T11:15:00+05:30,63.06,63.06,62.9,63.0,12568,0
2026-03-27T11:30:00+05:30,62.95,63.01,62.75,62.95,37195,0
2026-03-27T11:45:00+05:30,62.95,63.11,62.95,63.0,4205,0
2026-03-27T12:00:00+05:30,63.07,63.15,62.95,63.09,7336,0
2026-03-27T12:15:00+05:30,63.08,63.28,62.95,63.27,4871,0
2026-03-27T12:30:00+05:30,63.16,63.22,63.05,63.18,3659,0
2026-03-27T12:45:00+05:30,63.17,63.18,63.0,63.1,4935,0
2026-03-27T13:00:00+05:30,63.1,63.1,62.96,62.96,5082,0
2026-03-27T13:15:00+05:30,62.96,63.14,62.96,63.13,4023,0
2026-03-27T13:30:00+05:30,63.12,63.12,62.52,62.63,22361,0
2026-03-27T13:45:00+05:30,62.62,62.63,62.51,62.55,32390,0
2026-03-27T14:00:00+05:30,62.62,62.63,62.28,62.45,27541,0
2026-03-27T14:15:00+05:30,62.45,62.49,62.25,62.35,19573,0
2026-03-27T14:30:00+05:30,62.35,62.48,62.31,62.35,10127,0
2026-03-27T14:45:00+05:30,62.35,62.49,62.3,62.31,31121,0
2026-03-27T15:00:00+05:30,62.38,62.5,62.29,62.47,19991,0
2026-03-27T15:15:00+05:30,62.42,62.42,62.0,62.27,81673,0
2026-03-30T09:15:00+05:30,62.35,62.83,60.52,60.57,87477,0
2026-03-30T09:30:00+05:30,60.59,62.32,60.57,62.01,54355,0
2026-03-30T09:45:00+05:30,62.08,62.73,61.66,61.82,22271,0
2026-03-30T10:00:00+05:30,61.71,61.71,60.8,60.9,24488,0
2026-03-30T10:15:00+05:30,60.97,61.15,60.44,60.54,29073,0
2026-03-30T10:30:00+05:30,60.66,60.76,60.5,60.5,8172,0
2026-03-30T10:45:00+05:30,60.51,60.71,60.51,60.51,4539,0
2026-03-30T11:00:00+05:30,60.51,60.58,60.26,60.47,18025,0
2026-03-30T11:15:00+05:30,60.46,60.65,60.3,60.41,6407,0
2026-03-30T11:30:00+05:30,60.37,60.5,60.2,60.3,11707,0
2026-03-30T11:45:00+05:30,60.24,60.3,60.06,60.06,13157,0
2026-03-30T12:00:00+05:30,60.13,60.49,60.13,60.49,12600,0
2026-03-30T12:15:00+05:30,60.44,60.79,60.44,60.56,15579,0
2026-03-30T12:30:00+05:30,60.48,60.59,60.41,60.49,4306,0
2026-03-30T12:45:00+05:30,60.5,60.55,60.16,60.28,14601,0
2026-03-30T13:00:00+05:30,60.28,60.52,60.24,60.31,5587,0
2026-03-30T13:15:00+05:30,60.33,60.37,60.21,60.27,9064,0
2026-03-30T13:30:00+05:30,60.26,60.4,60.06,60.17,7938,0
2026-03-30T13:45:00+05:30,60.17,60.17,59.81,59.87,58428,0
2026-03-30T14:00:00+05:30,59.87,60.28,59.8,59.92,23077,0
2026-03-30T14:15:00+05:30,60.02,60.15,59.86,59.9,5378,0
2026-03-30T14:30:00+05:30,59.9,59.9,59.52,59.52,20639,0
2026-03-30T14:45:00+05:30,59.55,59.69,59.25,59.3,12892,0
2026-03-30T15:00:00+05:30,59.3,59.3,58.74,59.16,59991,0
2026-03-30T15:15:00+05:30,59.15,59.9,58.6,59.5,92562,0
2026-04-01T09:15:00+05:30,60.55,62.8,60.55,62.56,77210,0
2026-04-01T09:30:00+05:30,62.6,62.77,61.65,61.92,35733,0
2026-04-01T09:45:00+05:30,61.95,62.79,61.9,62.79,31778,0
2026-04-01T10:00:00+05:30,62.7,62.98,62.52,62.91,22179,0
2026-04-01T10:15:00+05:30,62.91,62.91,62.07,62.07,18728,0
2026-04-01T10:30:00+05:30,62.19,62.91,62.19,62.83,6757,0
2026-04-01T10:45:00+05:30,62.83,62.93,62.7,62.7,4005,0
2026-04-01T11:00:00+05:30,62.76,63.09,62.51,62.51,13410,0
2026-04-01T11:15:00+05:30,62.57,63.16,62.51,63.05,11373,0
2026-04-01T11:30:00+05:30,62.93,63.25,62.91,63.21,7063,0
2026-04-01T11:45:00+05:30,63.24,63.24,62.78,62.9,2240,0
2026-04-01T12:00:00+05:30,62.98,63.32,62.98,63.2,9261,0
2026-04-01T12:15:00+05:30,63.18,63.6,63.12,63.59,11776,0
2026-04-01T12:30:00+05:30,63.59,63.69,63.51,63.52,14150,0
2026-04-01T12:45:00+05:30,63.52,63.81,63.52,63.65,4367,0
2026-04-01T13:00:00+05:30,63.65,63.85,63.65,63.82,4719,0
2026-04-01T13:15:00+05:30,63.86,63.86,63.51,63.65,11916,0
2026-04-01T13:30:00+05:30,63.65,63.65,63.05,63.15,12946,0
2026-04-01T13:45:00+05:30,63.15,63.53,63.15,63.42,5721,0
2026-04-01T14:00:00+05:30,63.52,63.74,63.41,63.74,10388,0
2026-04-01T14:15:00+05:30,63.74,63.75,63.61,63.68,4173,0
2026-04-01T14:30:00+05:30,63.68,63.88,63.34,63.53,20964,0
2026-04-01T14:45:00+05:30,63.53,63.6,63.3,63.47,5746,0
2026-04-01T15:00:00+05:30,63.47,64.5,63.47,64.23,31705,0
2026-04-01T15:15:00+05:30,64.45,64.46,63.55,63.6,41828,0
2026-04-02T09:15:00+05:30,63.92,63.92,62.0,62.1,34806,0
2026-04-02T09:30:00+05:30,62.22,62.34,62.07,62.24,4279,0
2026-04-02T09:45:00+05:30,62.25,62.43,61.83,62.0,13368,0
2026-04-02T10:00:00+05:30,61.99,62.15,61.8,62.15,10860,0
2026-04-02T10:15:00+05:30,62.27,62.27,62.0,62.03,29239,0
2026-04-02T10:30:00+05:30,62.07,62.65,62.07,62.58,21034,0
2026-04-02T10:45:00+05:30,62.71,62.71,62.46,62.68,2660,0
2026-04-02T11:00:00+05:30,62.71,62.73,62.52,62.52,1594,0
2026-04-02T11:15:00+05:30,62.52,62.8,62.42,62.77,6184,0
2026-04-02T11:30:00+05:30,62.69,62.97,62.69,62.97,9791,0
2026-04-02T11:45:00+05:30,62.97,63.63,62.96,63.5,14275,0
2026-04-02T12:00:00+05:30,63.55,63.59,62.97,63.2,16986,0
2026-04-02T12:15:00+05:30,63.2,63.21,62.77,62.87,17553,0
2026-04-02T12:30:00+05:30,62.87,63.09,62.63,62.97,17932,0
2026-04-02T12:45:00+05:30,63.05,63.49,62.98,63.41,4373,0
2026-04-02T13:00:00+05:30,63.41,63.44,63.11,63.35,3663,0
2026-04-02T13:15:00+05:30,63.35,63.8,63.35,63.68,16806,0
2026-04-02T13:30:00+05:30,63.68,63.9,63.11,63.6,31368,0
2026-04-02T13:45:00+05:30,63.55,63.8,63.55,63.68,4002,0
2026-04-02T14:00:00+05:30,63.7,63.9,63.45,63.9,11798,0
2026-04-02T14:15:00+05:30,63.93,64.0,63.59,63.8,10989,0
2026-04-02T14:30:00+05:30,63.8,64.0,63.5,63.65,7317,0
2026-04-02T14:45:00+05:30,63.61,63.67,63.4,63.67,3880,0
2026-04-02T15:00:00+05:30,63.74,64.49,63.74,64.49,19913,0
2026-04-02T15:15:00+05:30,64.4,64.49,63.8,64.08,30288,0
2026-04-06T09:15:00+05:30,64.21,64.21,62.76,63.12,32085,0
2026-04-06T09:30:00+05:30,63.13,64.36,63.13,63.89,24343,0
2026-04-06T09:45:00+05:30,63.86,64.39,63.6,63.86,69245,0
2026-04-06T10:00:00+05:30,63.87,64.0,63.76,63.97,3592,0
2026-04-06T10:15:00+05:30,64.01,64.59,64.0,64.41,13448,0
2026-04-06T10:30:00+05:30,64.51,64.9,64.25,64.9,19454,0
2026-04-06T10:45:00+05:30,64.9,65.2,64.86,64.99,10474,0
2026-04-06T11:00:00+05:30,65.07,65.07,63.96,64.13,12348,0
2026-04-06T11:15:00+05:30,64.13,64.49,64.1,64.49,4957,0
2026-04-06T11:30:00+05:30,64.5,64.5,64.34,64.45,2736,0
2026-04-06T11:45:00+05:30,64.41,64.78,64.27,64.78,4145,0
2026-04-06T12:00:00+05:30,64.78,64.81,64.58,64.58,3042,0
2026-04-06T12:15:00+05:30,64.58,64.87,64.5,64.87,3838,0
2026-04-06T12:30:00+05:30,64.86,64.86,64.5,64.5,3307,0
2026-04-06T12:45:00+05:30,64.49,64.9,64.42,64.9,2039,0
2026-04-06T13:00:00+05:30,64.9,65.0,64.58,64.9,5816,0
2026-04-06T13:15:00+05:30,65.02,65.95,64.99,65.81,49234,0
2026-04-06T13:30:00+05:30,65.8,65.99,65.46,65.46,8718,0
2026-04-06T13:45:00+05:30,65.4,65.91,65.3,65.75,5919,0
2026-04-06T14:00:00+05:30,65.8,65.9,65.66,65.71,13965,0
2026-04-06T14:15:00+05:30,65.71,65.9,65.5,65.5,12767,0
2026-04-06T14:30:00+05:30,65.69,65.71,65.43,65.51,7100,0
2026-04-06T14:45:00+05:30,65.5,65.85,64.46,65.25,70408,0
2026-04-06T15:00:00+05:30,65.27,65.77,65.27,65.67,15643,0
2026-04-06T15:15:00+05:30,65.74,65.95,64.7,65.69,163616,0
2026-04-07T09:15:00+05:30,65.16,66.2,64.9,65.57,39955,0
2026-04-07T09:30:00+05:30,65.7,66.0,64.76,64.76,24348,0
2026-04-07T09:45:00+05:30,64.76,65.14,64.76,65.14,3056,0
2026-04-07T10:00:00+05:30,65.13,65.43,65.13,65.15,4881,0
2026-04-07T10:15:00+05:30,65.2,65.47,65.2,65.45,2574,0
2026-04-07T10:30:00+05:30,65.47,65.6,65.4,65.45,5897,0
2026-04-07T10:45:00+05:30,65.45,65.64,65.08,65.1,5286,0
2026-04-07T11:00:00+05:30,65.18,65.18,64.94,64.94,9172,0
2026-04-07T11:15:00+05:30,64.94,65.19,64.86,65.19,1098,0
2026-04-07T11:30:00+05:30,65.19,65.36,65.08,65.16,3748,0
2026-04-07T11:45:00+05:30,65.1,65.49,65.1,65.4,1389,0
2026-04-07T12:00:00+05:30,65.4,65.4,65.18,65.23,1287,0
2026-04-07T12:15:00+05:30,65.23,65.35,65.16,65.26,452,0
2026-04-07T12:30:00+05:30,65.26,65.3,65.13,65.2,2880,0
2026-04-07T12:45:00+05:30,65.2,65.21,65.12,65.2,1649,0
2026-04-07T13:00:00+05:30,65.12,65.24,65.0,65.14,10521,0
2026-04-07T13:15:00+05:30,65.14,65.23,65.09,65.19,683,0
2026-04-07T13:30:00+05:30,65.19,65.54,65.19,65.54,20261,0
2026-04-07T13:45:00+05:30,65.6,65.6,65.19,65.19,3874,0
2026-04-07T14:00:00+05:30,65.22,65.23,65.1,65.16,1125,0
2026-04-07T14:15:00+05:30,65.17,65.32,65.03,65.1,6432,0
2026-04-07T14:30:00+05:30,65.1,65.23,65.04,65.14,2991,0
2026-04-07T14:45:00+05:30,65.05,65.24,65.05,65.08,1403,0
2026-04-07T15:00:00+05:30,65.08,65.37,64.79,65.06,32358,0
2026-04-07T15:15:00+05:30,64.97,65.25,64.0,64.88,36238,0
2026-04-08T09:15:00+05:30,66.0,69.4,66.0,67.37,183364,0
2026-04-08T09:30:00+05:30,67.37,68.13,67.24,68.0,26151,0
2026-04-08T09:45:00+05:30,68.1,68.17,67.61,67.89,24216,0
2026-04-08T10:00:00+05:30,68.0,70.2,67.99,69.52,131154,0
2026-04-08T10:15:00+05:30,69.6,69.95,69.15,69.44,21483,0
2026-04-08T10:30:00+05:30,69.43,69.47,69.01,69.22,22950,0
2026-04-08T10:45:00+05:30,69.22,69.65,69.22,69.53,20134,0
2026-04-08T11:00:00+05:30,69.45,70.8,69.4,70.01,100281,0
2026-04-08T11:15:00+05:30,70.18,70.9,70.18,70.66,38291,0
2026-04-08T11:30:00+05:30,70.66,70.9,70.02,70.27,48972,0
2026-04-08T11:45:00+05:30,70.3,70.41,69.5,69.85,43092,0
2026-04-08T12:00:00+05:30,69.85,70.2,69.85,69.92,15426,0
2026-04-08T12:15:00+05:30,69.99,70.08,69.8,69.86,8275,0
2026-04-08T12:30:00+05:30,69.86,69.91,69.5,69.81,19121,0
2026-04-08T12:45:00+05:30,69.82,69.83,69.66,69.75,2885,0
2026-04-08T13:00:00+05:30,69.75,69.81,69.7,69.7,1729,0
2026-04-08T13:15:00+05:30,69.7,69.99,69.55,69.69,10302,0
2026-04-08T13:30:00+05:30,69.69,69.82,69.6,69.73,2524,0
2026-04-08T13:45:00+05:30,69.69,69.8,69.52,69.69,2249,0
2026-04-08T14:00:00+05:30,69.72,69.79,69.69,69.79,4817,0
2026-04-08T14:15:00+05:30,69.7,69.88,69.61,69.87,10349,0
2026-04-08T14:30:00+05:30,69.87,69.87,69.7,69.87,10620,0
2026-04-08T14:45:00+05:30,69.89,70.0,69.8,69.91,13477,0
2026-04-08T15:00:00+05:30,69.98,70.2,69.8,70.0,23270,0
2026-04-08T15:15:00+05:30,70.07,70.9,69.7,70.3,109007,0
2026-04-09T09:15:00+05:30,70.26,71.98,69.24,71.85,100563,0
2026-04-09T09:30:00+05:30,71.9,71.9,70.34,70.35,40317,0
2026-04-09T09:45:00+05:30,70.44,70.58,69.8,69.98,27824,0
2026-04-09T10:00:00+05:30,69.87,70.04,69.72,70.0,8865,0
2026-04-09T10:15:00+05:30,69.99,70.54,69.96,70.34,15324,0
2026-04-09T10:30:00+05:30,70.49,70.88,70.41,70.44,14455,0
2026-04-09T10:45:00+05:30,70.5,70.69,70.3,70.6,6488,0
2026-04-09T11:00:00+05:30,70.6,71.03,70.6,70.91,9211,0
2026-04-09T11:15:00+05:30,70.97,70.97,70.6,70.85,6872,0
2026-04-09T11:30:00+05:30,70.85,70.98,70.85,70.95,2044,0
2026-04-09T11:45:00+05:30,70.95,71.03,70.85,71.03,3917,0
2026-04-09T12:00:00+05:30,71.03,71.03,70.57,70.61,3506,0
2026-04-09T12:15:00+05:30,70.61,70.69,70.58,70.67,1833,0
2026-04-09T12:30:00+05:30,70.6,70.66,70.27,70.47,4362,0
2026-04-09T12:45:00+05:30,70.47,70.47,70.1,70.2,9349,0
2026-04-09T13:00:00+05:30,70.2,70.27,69.65,69.66,13897,0
2026-04-09T13:15:00+05:30,69.76,69.76,69.4,69.48,5559,0
2026-04-09T13:30:00+05:30,69.48,69.6,69.48,69.55,7358,0
2026-04-09T13:45:00+05:30,69.51,69.6,69.4,69.49,4077,0
2026-04-09T14:00:00+05:30,69.49,69.5,69.39,69.39,12315,0
2026-04-09T14:15:00+05:30,69.39,69.43,69.0,69.1,28702,0
2026-04-09T14:30:00+05:30,69.14,69.15,69.02,69.02,12740,0
2026-04-09T14:45:00+05:30,69.02,69.03,68.72,68.88,21845,0
2026-04-09T15:00:00+05:30,68.87,69.2,68.8,69.19,22721,0
2026-04-09T15:15:00+05:30,69.08,69.12,68.81,68.91,22660,0
2026-04-10T09:15:00+05:30,69.5,70.5,69.15,70.43,51313,0
2026-04-10T09:30:00+05:30,70.43,70.69,70.11,70.58,22445,0
2026-04-10T09:45:00+05:30,70.55,70.89,70.47,70.52,32858,0
2026-04-10T10:00:00+05:30,70.51,70.67,70.09,70.59,26509,0
2026-04-10T10:15:00+05:30,70.6,70.78,70.37,70.37,2788,0
2026-04-10T10:30:00+05:30,70.53,70.53,70.35,70.5,2077,0
2026-04-10T10:45:00+05:30,70.5,70.54,70.3,70.38,4210,0
2026-04-10T11:00:00+05:30,70.43,70.62,70.29,70.3,9841,0
2026-04-10T11:15:00+05:30,70.44,70.58,70.14,70.4,3465,0
2026-04-10T11:30:00+05:30,70.38,70.41,70.2,70.2,5675,0
2026-04-10T11:45:00+05:30,70.2,70.32,70.11,70.17,3723,0
2026-04-10T12:00:00+05:30,70.21,70.34,70.16,70.34,537,0
2026-04-10T12:15:00+05:30,70.34,70.39,70.25,70.37,382,0
2026-04-10T12:30:00+05:30,70.37,70.4,70.25,70.25,1333,0
2026-04-10T12:45:00+05:30,70.25,70.37,70.25,70.37,172,0
2026-04-10T13:00:00+05:30,70.37,70.37,70.25,70.37,1242,0
2026-04-10T13:15:00+05:30,70.36,70.37,70.28,70.37,461,0
2026-04-10T13:30:00+05:30,70.37,70.37,70.26,70.36,759,0
2026-04-10T13:45:00+05:30,70.3,70.36,70.2,70.33,3811,0
2026-04-10T14:00:00+05:30,70.3,70.39,70.25,70.31,993,0
2026-04-10T14:15:00+05:30,70.3,70.3,69.75,69.75,53386,0
2026-04-10T14:30:00+05:30,69.76,70.0,69.75,69.93,1784,0
2026-04-10T14:45:00+05:30,69.93,70.11,69.91,70.1,3204,0
2026-04-10T15:00:00+05:30,70.08,70.49,70.08,70.32,10739,0
2026-04-10T15:15:00+05:30,70.39,70.5,70.2,70.2,16043,0
2026-04-13T09:15:00+05:30,69.87,69.87,67.6,68.95,59379,0
2026-04-13T09:30:00+05:30,68.9,69.2,68.6,69.07,18531,0
2026-04-13T09:45:00+05:30,69.07,69.5,68.9,69.41,18150,0
2026-04-13T10:00:00+05:30,69.59,69.75,69.5,69.62,8750,0
2026-04-13T10:15:00+05:30,69.59,70.21,69.34,70.2,18874,0
2026-04-13T10:30:00+05:30,70.2,72.0,70.2,71.9,82423,0
2026-04-13T10:45:00+05:30,71.8,73.8,71.8,72.8,110099,0
2026-04-13T11:00:00+05:30,72.85,72.85,72.0,72.01,16986,0
2026-04-13T11:15:00+05:30,72.1,72.49,72.02,72.27,29116,0
2026-04-13T11:30:00+05:30,72.27,72.29,72.06,72.23,15802,0
2026-04-13T11:45:00+05:30,72.23,72.78,72.05,72.59,14479,0
2026-04-13T12:00:00+05:30,72.55,72.8,72.44,72.52,7600,0
2026-04-13T12:15:00+05:30,72.54,72.62,72.26,72.5,7921,0
2026-04-13T12:30:00+05:30,72.5,72.8,72.46,72.59,7010,0
2026-04-13T12:45:00+05:30,72.58,72.6,72.22,72.4,3870,0
2026-04-13T13:00:00+05:30,72.4,72.43,72.16,72.3,8344,0
2026-04-13T13:15:00+05:30,72.3,72.43,72.25,72.43,5460,0
2026-04-13T13:30:00+05:30,72.43,72.78,72.43,72.66,5439,0
2026-04-13T13:45:00+05:30,72.68,72.95,72.51,72.95,3866,0
2026-04-13T14:00:00+05:30,72.92,72.94,72.6,72.6,3041,0
2026-04-13T14:15:00+05:30,72.55,72.67,72.51,72.58,2739,0
2026-04-13T14:30:00+05:30,72.67,72.75,72.5,72.51,13537,0
2026-04-13T14:45:00+05:30,72.55,73.58,72.41,73.15,55706,0
2026-04-13T15:00:00+05:30,73.14,73.26,72.5,72.76,31583,0
2026-04-13T15:15:00+05:30,72.99,73.6,72.6,72.6,61303,0
2026-04-15T09:15:00+05:30,73.54,75.29,73.05,75.08,129244,0
2026-04-15T09:30:00+05:30,75.05,76.0,74.95,75.59,56335,0
2026-04-15T09:45:00+05:30,75.5,76.2,75.35,76.14,49569,0
2026-04-15T10:00:00+05:30,76.15,76.15,75.51,75.52,13840,0
2026-04-15T10:15:00+05:30,75.55,75.84,75.52,75.74,8388,0
2026-04-15T10:30:00+05:30,75.74,75.83,75.57,75.57,5460,0
2026-04-15T10:45:00+05:30,75.6,75.69,75.35,75.35,8331,0
2026-04-15T11:00:00+05:30,75.5,75.5,75.1,75.12,8928,0
2026-04-15T11:15:00+05:30,75.19,75.49,75.12,75.16,10460,0
2026-04-15T11:30:00+05:30,75.15,75.37,75.07,75.37,6684,0
2026-04-15T11:45:00+05:30,75.37,75.45,75.3,75.36,697,0
2026-04-15T12:00:00+05:30,75.36,75.68,75.36,75.58,5115,0
2026-04-15T12:15:00+05:30,75.58,75.64,75.5,75.61,2047,0
2026-04-15T12:30:00+05:30,75.55,75.9,75.5,75.85,10015,0
2026-04-15T12:45:00+05:30,75.85,75.85,75.55,75.6,2468,0
2026-04-15T13:00:00+05:30,75.6,75.8,75.56,75.78,4733,0
2026-04-15T13:15:00+05:30,75.78,75.85,75.56,75.66,4516,0
2026-04-15T13:30:00+05:30,75.66,75.74,75.59,75.72,2625,0
2026-04-15T13:45:00+05:30,75.7,75.75,75.65,75.75,777,0
2026-04-15T14:00:00+05:30,75.74,75.75,75.6,75.7,2220,0
2026-04-15T14:15:00+05:30,75.7,75.9,75.7,75.73,7573,0
2026-04-15T14:30:00+05:30,75.82,75.82,75.7,75.7,5706,0
2026-04-15T14:45:00+05:30,75.7,75.85,75.68,75.85,7453,0
2026-04-15T15:00:00+05:30,75.8,75.93,75.8,75.93,22075,0
2026-04-15T15:15:00+05:30,75.94,76.5,75.55,75.75,67134,0
2026-04-16T09:15:00+05:30,75.75,76.98,75.75,76.05,84311,0
2026-04-16T09:30:00+05:30,75.91,76.44,75.8,75.89,33330,0
2026-04-16T09:45:00+05:30,76.05,76.08,75.28,75.49,33561,0
2026-04-16T10:00:00+05:30,75.45,75.76,75.25,75.58,9738,0
2026-04-16T10:15:00+05:30,75.7,75.9,75.67,75.9,5253,0
2026-04-16T10:30:00+05:30,76.0,76.0,75.7,75.98,8338,0
2026-04-16T10:45:00+05:30,75.92,76.0,75.75,76.0,8424,0
2026-04-16T11:00:00+05:30,76.0,76.1,75.87,75.94,11048,0
2026-04-16T11:15:00+05:30,76.01,76.1,75.88,75.9,2804,0
2026-04-16T11:30:00+05:30,75.87,75.87,75.31,75.41,11906,0
2026-04-16T11:45:00+05:30,75.41,75.41,75.0,75.34,36426,0
2026-04-16T12:00:00+05:30,75.11,75.14,74.87,75.14,17278,0
2026-04-16T12:15:00+05:30,75.1,75.35,74.98,75.2,28441,0
2026-04-16T12:30:00+05:30,75.1,75.24,75.0,75.0,1397,0
2026-04-16T12:45:00+05:30,75.0,75.21,75.0,75.21,942,0
2026-04-16T13:00:00+05:30,75.21,75.25,75.06,75.21,1744,0
2026-04-16T13:15:00+05:30,75.11,75.24,75.06,75.24,1387,0
2026-04-16T13:30:00+05:30,75.23,75.5,75.23,75.5,4338,0
2026-04-16T13:45:00+05:30,75.4,75.82,75.36,75.62,17090,0
2026-04-16T14:00:00+05:30,75.85,75.85,75.56,75.7,3582,0
2026-04-16T14:15:00+05:30,75.7,75.7,75.55,75.7,2553,0
2026-04-16T14:30:00+05:30,75.71,75.83,75.54,75.83,12210,0
2026-04-16T14:45:00+05:30,75.75,75.97,75.75,75.92,8023,0
2026-04-16T15:00:00+05:30,75.92,76.2,75.81,76.02,14685,0
2026-04-16T15:15:00+05:30,76.02,76.15,75.74,76.15,41466,0
2026-04-17T09:15:00+05:30,76.66,77.25,76.07,76.56,44657,0
2026-04-17T09:30:00+05:30,76.56,76.64,76.0,76.11,25795,0
2026-04-17T09:45:00+05:30,76.11,76.34,75.9,76.11,24322,0
2026-04-17T10:00:00+05:30,76.12,76.39,76.04,76.25,4665,0
2026-04-17T10:15:00+05:30,76.25,76.44,75.97,75.99,25169,0
2026-04-17T10:30:00+05:30,75.91,76.0,75.7,75.95,11978,0
2026-04-17T10:45:00+05:30,75.93,75.95,75.71,75.94,5550,0
2026-04-17T11:00:00+05:30,75.84,75.84,75.56,75.74,7665,0
2026-04-17T11:15:00+05:30,75.75,75.81,75.63,75.71,3065,0
2026-04-17T11:30:00+05:30,75.71,76.0,75.71,75.88,7073,0
2026-04-17T11:45:00+05:30,75.99,76.0,75.82,75.88,7055,0
2026-04-17T12:00:00+05:30,75.89,76.35,75.89,76.19,9991,0
2026-04-17T12:15:00+05:30,76.19,76.29,76.16,76.2,2092,0
2026-04-17T12:30:00+05:30,76.2,76.39,76.12,76.27,12152,0
2026-04-17T12:45:00+05:30,76.27,76.52,76.19,76.37,15899,0
2026-04-17T13:00:00+05:30,76.27,76.52,76.19,76.5,13540,0
2026-04-17T13:15:00+05:30,76.5,76.6,76.32,76.49,7289,0
2026-04-17T13:30:00+05:30,76.61,76.8,76.5,76.5,32580,0
2026-04-17T13:45:00+05:30,76.5,76.61,76.44,76.44,5642,0
2026-04-17T14:00:00+05:30,76.52,76.54,76.41,76.54,4861,0
2026-04-17T14:15:00+05:30,76.54,76.6,76.24,76.54,10236,0
2026-04-17T14:30:00+05:30,76.6,76.6,76.38,76.53,10699,0
2026-04-17T14:45:00+05:30,76.53,76.53,75.75,75.76,45940,0
2026-04-17T15:00:00+05:30,75.84,75.84,74.71,75.05,122647,0
2026-04-17T15:15:00+05:30,75.06,75.7,74.41,75.7,229068,0
2026-04-20T09:15:00+05:30,75.55,76.25,74.5,75.78,70629,0
2026-04-20T09:30:00+05:30,75.92,75.96,75.05,75.05,25346,0
2026-04-20T09:45:00+05:30,75.05,75.99,75.03,75.55,44782,0
2026-04-20T10:00:00+05:30,75.78,75.99,75.6,75.94,17397,0
2026-04-20T10:15:00+05:30,75.94,76.79,75.85,76.46,36072,0
2026-04-20T10:30:00+05:30,76.46,76.5,76.04,76.43,20914,0
2026-04-20T10:45:00+05:30,76.43,76.65,76.15,76.49,15126,0
2026-04-20T11:00:00+05:30,76.62,76.69,76.22,76.4,9249,0
2026-04-20T11:15:00+05:30,76.4,76.7,76.21,76.7,20673,0
2026-04-20T11:30:00+05:30,76.7,76.8,76.6,76.6,17981,0
2026-04-20T11:45:00+05:30,76.5,76.68,76.4,76.53,10954,0
2026-04-20T12:00:00+05:30,76.53,76.78,76.2,76.2,11395,0
2026-04-20T12:15:00+05:30,76.18,76.78,76.15,76.47,11461,0
2026-04-20T12:30:00+05:30,76.47,76.69,76.4,76.55,12910,0
2026-04-20T12:45:00+05:30,76.65,76.88,76.24,76.68,20470,0
2026-04-20T13:00:00+05:30,76.68,76.87,76.29,76.42,12546,0
2026-04-20T13:15:00+05:30,76.42,76.75,76.09,76.2,37068,0
2026-04-20T13:30:00+05:30,76.12,76.38,76.12,76.38,3307,0
2026-04-20T13:45:00+05:30,76.21,76.4,76.0,76.1,27405,0
2026-04-20T14:00:00+05:30,76.1,76.39,76.0,76.39,9862,0
2026-04-20T14:15:00+05:30,76.16,76.68,76.16,76.45,16499,0
2026-04-20T14:30:00+05:30,76.42,76.52,76.13,76.27,3981,0
2026-04-20T14:45:00+05:30,76.28,76.41,76.06,76.4,26394,0
2026-04-20T15:00:00+05:30,76.39,76.81,76.04,76.8,42972,0
2026-04-20T15:15:00+05:30,76.6,76.88,71.01,76.8,801927,0
2026-04-21T09:15:00+05:30,73.95,74.0,71.76,72.49,366230,0
2026-04-21T09:30:00+05:30,72.49,72.97,72.29,72.64,143669,0
2026-04-21T09:45:00+05:30,72.65,72.8,72.43,72.52,59053,0
2026-04-21T10:00:00+05:30,72.62,72.74,72.53,72.66,10714,0
2026-04-21T10:15:00+05:30,72.66,72.7,72.57,72.6,7919,0
2026-04-21T10:30:00+05:30,72.65,72.77,72.61,72.7,10241,0
2026-04-21T10:45:00+05:30,72.7,72.86,72.67,72.84,16589,0
2026-04-21T11:00:00+05:30,72.84,72.85,72.63,72.84,29135,0
2026-04-21T11:15:00+05:30,72.81,75.17,72.74,74.2,518975,0
2026-04-21T11:30:00+05:30,74.18,75.07,73.75,74.39,204267,0
2026-04-21T11:45:00+05:30,74.4,74.4,73.46,73.66,64160,0
2026-04-21T12:00:00+05:30,73.65,73.93,73.55,73.81,9327,0
2026-04-21T12:15:00+05:30,73.81,74.33,73.8,73.93,35605,0
2026-04-21T12:30:00+05:30,73.85,74.19,73.81,74.15,15674,0
2026-04-21T12:45:00+05:30,74.0,74.0,73.81,73.91,3451,0
2026-04-21T13:00:00+05:30,73.88,73.95,73.5,73.72,29122,0
2026-04-21T13:15:00+05:30,73.72,73.88,73.7,73.79,3120,0
2026-04-21T13:30:00+05:30,73.84,73.84,73.5,73.67,10083,0
2026-04-21T13:45:00+05:30,73.58,73.81,73.58,73.75,3300,0
2026-04-21T14:00:00+05:30,73.73,73.8,73.6,73.75,6662,0
2026-04-21T14:15:00+05:30,73.75,73.75,73.6,73.71,5340,0
2026-04-21T14:30:00+05:30,73.71,73.81,73.58,73.63,7871,0
2026-04-21T14:45:00+05:30,73.6,73.8,73.58,73.76,14040,0
2026-04-21T15:00:00+05:30,73.76,74.85,73.4,74.31,78858,0
2026-04-21T15:15:00+05:30,74.32,74.75,73.21,73.6,129417,0
2026-04-22T09:15:00+05:30,74.0,74.44,73.98,73.98,24207,0
2026-04-22T09:30:00+05:30,74.0,74.78,73.93,74.57,28785,0
2026-04-22T09:45:00+05:30,74.44,74.49,74.1,74.48,15561,0
2026-04-22T10:00:00+05:30,74.49,74.49,73.9,74.4,38133,0
2026-04-22T10:15:00+05:30,74.43,74.49,74.27,74.49,7441,0
2026-04-22T10:30:00+05:30,74.49,74.6,74.44,74.59,6956,0
2026-04-22T10:45:00+05:30,74.48,74.8,74.37,74.76,12372,0
2026-04-22T11:00:00+05:30,74.75,74.75,74.52,74.61,1019,0
2026-04-22T11:15:00+05:30,74.61,74.61,74.52,74.53,925,0
2026-04-22T11:30:00+05:30,74.55,74.61,74.55,74.55,8630,0
2026-04-22T11:45:00+05:30,74.55,74.65,74.5,74.65,6598,0
2026-04-22T12:00:00+05:30,74.67,74.69,74.55,74.66,1631,0
2026-04-22T12:15:00+05:30,74.66,74.68,74.5,74.67,2494,0
2026-04-22T12:30:00+05:30,74.67,74.69,74.39,74.49,26269,0
2026-04-22T12:45:00+05:30,74.49,74.62,74.49,74.62,700,0
2026-04-22T13:00:00+05:30,74.61,74.61,74.41,74.5,1334,0
2026-04-22T13:15:00+05:30,74.41,74.5,74.34,74.46,409,0
2026-04-22T13:30:00+05:30,74.46,74.53,74.32,74.5,6511,0
2026-04-22T13:45:00+05:30,74.5,74.55,74.47,74.55,853,0
2026-04-22T14:00:00+05:30,74.55,74.56,74.37,74.49,2677,0
2026-04-22T14:15:00+05:30,74.47,74.47,74.33,74.39,2788,0
2026-04-22T14:30:00+05:30,74.39,74.72,74.33,74.71,4974,0
2026-04-22T14:45:00+05:30,74.7,74.85,74.6,74.85,8134,0
2026-04-22T15:00:00+05:30,74.84,74.84,74.62,74.67,8404,0
2026-04-22T15:15:00+05:30,74.67,74.85,74.66,74.66,24910,0
2026-04-23T09:15:00+05:30,74.72,74.85,73.71,73.88,69685,0
2026-04-23T09:30:00+05:30,73.81,74.0,73.75,73.87,36360,0
2026-04-23T09:45:00+05:30,73.9,74.28,73.8,74.12,4191,0
2026-04-23T10:00:00+05:30,74.12,74.3,73.82,73.93,32794,0
2026-04-23T10:15:00+05:30,73.88,74.12,73.82,73.83,7349,0
2026-04-23T10:30:00+05:30,73.93,74.0,73.53,73.53,17004,0
2026-04-23T10:45:00+05:30,73.53,73.81,73.52,73.7,11601,0
2026-04-23T11:00:00+05:30,73.72,73.84,73.6,73.72,2868,0
2026-04-23T11:15:00+05:30,73.72,73.86,73.57,73.76,6354,0
2026-04-23T11:30:00+05:30,73.76,73.8,73.67,73.67,398,0
2026-04-23T11:45:00+05:30,73.67,73.79,73.67,73.69,1017,0
2026-04-23T12:00:00+05:30,73.69,73.79,73.69,73.69,317,0
2026-04-23T12:15:00+05:30,73.69,73.8,73.6,73.7,2898,0
2026-04-23T12:30:00+05:30,73.69,73.69,73.31,73.48,13832,0
2026-04-23T12:45:00+05:30,73.33,73.54,73.33,73.52,5119,0
2026-04-23T13:00:00+05:30,73.5,73.5,73.37,73.37,1453,0
2026-04-23T13:15:00+05:30,73.48,73.94,73.48,73.76,18205,0
2026-04-23T13:30:00+05:30,73.74,73.74,73.47,73.56,3778,0
2026-04-23T13:45:00+05:30,73.64,73.73,73.54,73.54,2680,0
2026-04-23T14:00:00+05:30,73.61,73.68,73.53,73.53,2965,0
2026-04-23T14:15:00+05:30,73.53,73.53,73.01,73.1,36945,0
2026-04-23T14:30:00+05:30,73.15,73.15,72.9,72.91,14956,0
2026-04-23T14:45:00+05:30,72.96,73.08,72.9,72.97,4092,0
2026-04-23T15:00:00+05:30,72.97,73.35,72.35,72.56,51750,0
2026-04-23T15:15:00+05:30,72.59,73.48,72.1,72.83,97268,0
2026-04-24T09:15:00+05:30,73.0,73.15,72.07,72.07,33219,0
2026-04-24T09:30:00+05:30,72.2,72.2,71.55,71.79,39205,0
2026-04-24T09:45:00+05:30,71.87,71.94,71.18,71.54,11589,0
2026-04-24T10:00:00+05:30,71.53,72.23,71.41,71.95,11275,0
2026-04-24T10:15:00+05:30,72.03,72.04,71.52,71.52,6224,0
2026-04-24T10:30:00+05:30,71.6,71.72,71.6,71.7,1178,0
2026-04-24T10:45:00+05:30,71.6,71.6,71.34,71.56,5210,0
2026-04-24T11:00:00+05:30,71.45,71.56,71.2,71.2,8658,0
2026-04-24T11:15:00+05:30,71.2,71.3,71.2,71.2,1258,0
2026-04-24T11:30:00+05:30,71.2,71.39,71.12,71.39,2076,0
2026-04-24T11:45:00+05:30,71.38,71.38,71.2,71.21,6853,0
2026-04-24T12:00:00+05:30,71.33,71.56,71.33,71.56,993,0
2026-04-24T12:15:00+05:30,71.45,71.54,71.2,71.4,12947,0
2026-04-24T12:30:00+05:30,71.4,71.53,71.24,71.42,3977,0
2026-04-24T12:45:00+05:30,71.28,71.44,71.24,71.43,6469,0
2026-04-24T13:00:00+05:30,71.43,71.43,71.3,71.35,1426,0
2026-04-24T13:15:00+05:30,71.35,71.36,70.75,71.08,24911,0
2026-04-24T13:30:00+05:30,71.08,71.08,70.81,70.86,3440,0
2026-04-24T13:45:00+05:30,70.86,71.1,70.86,71.0,1009,0
2026-04-24T14:00:00+05:30,71.09,71.25,71.09,71.16,2092,0
2026-04-24T14:15:00+05:30,71.16,71.4,71.16,71.26,501,0
2026-04-24T14:30:00+05:30,71.27,71.5,71.26,71.44,2338,0
2026-04-24T14:45:00+05:30,71.44,71.44,71.13,71.13,3190,0
2026-04-24T15:00:00+05:30,71.13,71.41,71.13,71.26,4608,0
2026-04-24T15:15:00+05:30,71.2,71.45,70.75,71.3,48372,0
2026-04-27T09:15:00+05:30,71.5,72.34,71.22,72.06,40609,0
2026-04-27T09:30:00+05:30,72.3,72.55,71.9,72.11,41927,0
2026-04-27T09:45:00+05:30,72.38,72.49,72.23,72.27,4200,0
2026-04-27T10:00:00+05:30,72.38,72.49,72.12,72.18,5117,0
2026-04-27T10:15:00+05:30,72.18,73.16,72.18,72.79,39214,0
2026-04-27T10:30:00+05:30,72.79,73.02,72.76,73.02,6011,0
2026-04-27T10:45:00+05:30,73.1,73.1,72.9,73.07,3721,0
2026-04-27T11:00:00+05:30,73.07,73.47,72.93,73.01,28916,0
2026-04-27T11:15:00+05:30,73.01,73.01,72.94,73.0,2767,0
2026-04-27T11:30:00+05:30,72.94,73.04,72.9,73.0,6768,0
2026-04-27T11:45:00+05:30,73.0,73.0,72.91,72.91,1109,0
2026-04-27T12:00:00+05:30,72.91,73.0,72.9,72.9,1703,0
2026-04-27T12:15:00+05:30,72.99,73.0,72.99,73.0,1854,0
2026-04-27T12:30:00+05:30,73.0,73.04,72.71,72.73,7927,0
2026-04-27T12:45:00+05:30,72.75,72.96,72.73,72.96,868,0
2026-04-27T13:00:00+05:30,72.96,72.99,72.84,72.85,123,0
2026-04-27T13:15:00+05:30,72.85,73.0,72.72,72.91,14152,0
2026-04-27T13:30:00+05:30,72.93,72.97,72.76,72.76,3205,0
2026-04-27T13:45:00+05:30,72.76,72.94,72.75,72.75,14809,0
2026-04-27T14:00:00+05:30,72.75,73.04,72.74,73.04,5549,0
2026-04-27T14:15:00+05:30,73.04,73.04,72.77,72.77,5533,0
2026-04-27T14:30:00+05:30,72.88,72.94,72.77,72.84,881,0
2026-04-27T14:45:00+05:30,72.84,73.14,72.84,73.1,8317,0
2026-04-27T15:00:00+05:30,73.1,73.1,72.77,72.91,24878,0
2026-04-27T15:15:00+05:30,72.9,73.17,72.6,72.6,24234,0
2026-04-28T09:15:00+05:30,72.5,73.0,72.5,72.81,17977,0
2026-04-28T09:30:00+05:30,72.8,73.09,72.8,72.88,9560,0
2026-04-28T09:45:00+05:30,72.88,73.08,72.76,73.0,11454,0
2026-04-28T10:00:00+05:30,72.96,73.22,72.85,72.97,11485,0
2026-04-28T10:15:00+05:30,72.87,72.99,72.86,72.99,592,0
2026-04-28T10:30:00+05:30,72.9,72.9,72.72,72.85,1672,0
2026-04-28T10:45:00+05:30,72.85,72.95,72.83,72.95,3710,0
2026-04-28T11:00:00+05:30,72.95,72.95,72.6,72.6,6852,0
2026-04-28T11:15:00+05:30,72.6,72.6,72.25,72.35,7725,0
2026-04-28T11:30:00+05:30,72.35,72.35,72.2,72.31,1448,0
2026-04-28T11:45:00+05:30,72.38,72.5,72.33,72.49,2463,0
2026-04-28T12:00:00+05:30,72.49,72.49,72.2,72.28,9873,0
2026-04-28T12:15:00+05:30,72.28,72.28,71.5,71.5,44261,0
2026-04-28T12:30:00+05:30,71.67,71.83,71.01,71.44,34458,0
2026-04-28T12:45:00+05:30,71.44,71.62,71.2,71.53,8217,0
2026-04-28T13:00:00+05:30,71.51,71.73,71.51,71.61,6073,0
2026-04-28T13:15:00+05:30,71.61,71.73,71.28,71.67,5111,0
2026-04-28T13:30:00+05:30,71.67,71.8,71.61,71.69,3610,0
2026-04-28T13:45:00+05:30,71.69,71.71,71.4,71.71,5271,0
2026-04-28T14:00:00+05:30,71.69,71.69,71.6,71.63,5267,0
2026-04-28T14:15:00+05:30,71.55,71.61,71.34,71.58,2661,0
2026-04-28T14:30:00+05:30,71.58,71.71,71.5,71.7,1699,0
2026-04-28T14:45:00+05:30,71.68,71.76,71.58,71.76,4287,0
2026-04-28T15:00:00+05:30,71.76,71.79,71.35,71.51,8076,0
2026-04-28T15:15:00+05:30,71.44,71.6,71.27,71.37,20834,0
2026-04-29T09:15:00+05:30,71.85,72.38,71.85,72.19,20464,0
2026-04-29T09:30:00+05:30,72.18,72.51,72.07,72.25,5987,0
2026-04-29T09:45:00+05:30,72.25,72.35,71.79,71.91,11144,0
2026-04-29T10:00:00+05:30,71.91,72.21,71.91,72.0,4932,0
2026-04-29T10:15:00+05:30,72.0,72.2,72.0,72.13,1241,0
2026-04-29T10:30:00+05:30,72.13,72.15,71.91,71.98,3869,0
2026-04-29T10:45:00+05:30,71.98,72.07,71.89,71.97,810,0
2026-04-29T11:00:00+05:30,71.97,71.98,71.93,71.98,4997,0
2026-04-29T11:15:00+05:30,71.98,72.43,71.98,72.3,12636,0
2026-04-29T11:30:00+05:30,72.33,72.33,72.11,72.23,484,0
2026-04-29T11:45:00+05:30,72.14,72.16,72.14,72.14,612,0
2026-04-29T12:00:00+05:30,72.14,72.34,72.13,72.34,4762,0
2026-04-29T12:15:00+05:30,72.34,72.34,72.21,72.21,523,0
2026-04-29T12:30:00+05:30,72.31,72.31,72.13,72.28,788,0
2026-04-29T12:45:00+05:30,72.28,72.28,72.1,72.1,631,0
2026-04-29T13:00:00+05:30,72.19,72.19,72.01,72.13,2266,0
2026-04-29T13:15:00+05:30,72.13,72.13,71.82,71.85,9648,0
2026-04-29T13:30:00+05:30,71.85,72.02,71.71,71.86,17785,0
2026-04-29T13:45:00+05:30,71.86,71.97,71.62,71.86,1889,0
2026-04-29T14:00:00+05:30,71.84,71.84,71.55,71.66,2500,0
2026-04-29T14:15:00+05:30,71.74,71.75,71.53,71.62,2147,0
2026-04-29T14:30:00+05:30,71.62,71.74,71.59,71.74,5338,0
2026-04-29T14:45:00+05:30,71.67,71.72,71.45,71.5,12851,0
2026-04-29T15:00:00+05:30,71.47,71.58,70.99,70.99,35684,0
2026-04-29T15:15:00+05:30,71.09,71.35,70.9,70.9,20154,0
2026-04-30T09:15:00+05:30,71.57,71.57,69.9,70.7,107814,0
2026-04-30T09:30:00+05:30,70.7,70.98,70.56,70.77,17034,0
2026-04-30T09:45:00+05:30,70.88,71.12,70.61,70.76,3618,0
2026-04-30T10:00:00+05:30,70.76,70.76,70.31,70.43,13994,0
2026-04-30T10:15:00+05:30,70.43,70.56,70.22,70.22,8979,0
2026-04-30T10:30:00+05:30,70.16,70.34,70.0,70.18,12795,0
2026-04-30T10:45:00+05:30,70.18,70.35,70.18,70.3,1434,0
2026-04-30T11:00:00+05:30,70.33,70.42,70.21,70.25,1646,0
2026-04-30T11:15:00+05:30,70.25,70.46,70.0,70.01,16047,0
2026-04-30T11:30:00+05:30,70.08,70.64,70.08,70.42,27449,0
2026-04-30T11:45:00+05:30,70.42,70.42,70.05,70.25,11938,0
2026-04-30T12:00:00+05:30,70.25,70.43,70.15,70.35,1490,0
2026-04-30T12:15:00+05:30,70.35,70.48,70.35,70.42,671,0
2026-04-30T12:30:00+05:30,70.41,70.48,70.33,70.48,899,0
2026-04-30T12:45:00+05:30,70.48,70.49,70.32,70.47,1297,0
2026-04-30T13:00:00+05:30,70.37,70.54,70.37,70.47,2807,0
2026-04-30T13:15:00+05:30,70.47,70.5,70.4,70.42,1718,0
2026-04-30T13:30:00+05:30,70.48,70.55,70.42,70.55,4083,0
2026-04-30T13:45:00+05:30,70.68,70.9,70.67,70.9,2926,0
2026-04-30T14:00:00+05:30,70.89,70.9,70.55,70.7,6994,0
2026-04-30T14:15:00+05:30,70.7,70.7,70.59,70.6,221,0
2026-04-30T14:30:00+05:30,70.6,70.8,70.55,70.72,5565,0
2026-04-30T14:45:00+05:30,70.73,70.8,70.49,70.54,30510,0
2026-04-30T15:00:00+05:30,70.62,70.8,70.4,70.41,13636,0
2026-04-30T15:15:00+05:30,70.37,71.0,70.37,71.0,31792,0
2026-05-04T09:15:00+05:30,71.5,71.5,70.6,71.29,12006,0
2026-05-04T09:30:00+05:30,71.38,71.4,71.17,71.32,10247,0
2026-05-04T09:45:00+05:30,71.32,71.5,71.0,71.0,13679,0
2026-05-04T10:00:00+05:30,71.23,71.3,71.01,71.16,2946,0
2026-05-04T10:15:00+05:30,71.03,71.14,71.0,71.09,1618,0
2026-05-04T10:30:00+05:30,71.25,71.25,71.0,71.04,10143,0
2026-05-04T10:45:00+05:30,71.04,71.12,70.9,70.91,7812,0
2026-05-04T11:00:00+05:30,71.01,71.4,70.9,71.4,6238,0
2026-05-04T11:15:00+05:30,71.4,71.45,71.15,71.15,629,0
2026-05-04T11:30:00+05:30,71.24,71.33,71.15,71.33,1293,0
2026-05-04T11:45:00+05:30,71.33,71.37,71.16,71.36,1540,0
2026-05-04T12:00:00+05:30,71.36,71.36,71.05,71.06,1446,0
2026-05-04T12:15:00+05:30,71.06,71.19,70.97,71.0,2975,0
2026-05-04T12:30:00+05:30,71.0,71.21,70.87,71.21,6295,0
2026-05-04T12:45:00+05:30,70.91,71.24,70.91,71.24,2425,0
2026-05-04T13:00:00+05:30,71.11,71.14,71.0,71.0,1983,0
2026-05-04T13:15:00+05:30,71.0,72.98,70.69,71.62,76646,0
2026-05-04T13:30:00+05:30,71.51,71.9,71.5,71.6,16643,0
2026-05-04T13:45:00+05:30,71.7,72.4,71.56,72.0,23199,0
2026-05-04T14:00:00+05:30,71.99,72.06,71.85,71.93,2240,0
2026-05-04T14:15:00+05:30,71.93,71.93,71.58,71.58,2979,0
2026-05-04T14:30:00+05:30,71.58,71.64,71.52,71.52,6640,0
2026-05-04T14:45:00+05:30,71.52,71.52,71.25,71.42,8346,0
2026-05-04T15:00:00+05:30,71.42,71.5,71.28,71.43,13577,0
2026-05-04T15:15:00+05:30,71.43,71.58,70.7,70.83,40270,0
2026-05-05T09:15:00+05:30,71.02,71.48,70.71,71.25,10599,0
2026-05-05T09:30:00+05:30,71.12,71.48,71.12,71.33,2318,0
2026-05-05T09:45:00+05:30,71.33,71.33,71.3,71.3,223,0
2026-05-05T10:00:00+05:30,71.2,71.25,71.04,71.04,4812,0
2026-05-05T10:15:00+05:30,71.04,71.14,70.9,70.99,5608,0
2026-05-05T10:30:00+05:30,71.08,71.08,70.9,71.0,737,0
2026-05-05T10:45:00+05:30,71.0,71.0,70.86,70.9,1757,0
2026-05-05T11:00:00+05:30,70.9,71.03,70.8,71.03,2324,0
2026-05-05T11:15:00+05:30,71.03,71.03,70.8,70.92,2403,0
2026-05-05T11:30:00+05:30,70.92,73.92,70.9,71.45,230784,0
2026-05-05T11:45:00+05:30,71.31,71.31,70.76,70.9,68893,0
2026-05-05T12:00:00+05:30,70.88,70.99,70.7,70.9,3576,0
2026-05-05T12:15:00+05:30,70.9,71.1,70.9,71.1,1017,0
2026-05-05T12:30:00+05:30,71.1,71.43,71.0,71.25,4994,0
2026-05-05T12:45:00+05:30,71.25,71.3,71.15,71.3,295,0
2026-05-05T13:00:00+05:30,71.28,71.5,71.28,71.47,3558,0
2026-05-05T13:15:00+05:30,71.47,71.47,71.11,71.33,7596,0
2026-05-05T13:30:00+05:30,71.33,71.33,71.06,71.2,1311,0
2026-05-05T13:45:00+05:30,71.2,71.3,71.06,71.2,2538,0
2026-05-05T14:00:00+05:30,71.2,71.2,71.05,71.06,597,0
2026-05-05T14:15:00+05:30,71.06,71.31,71.06,71.21,1128,0
2026-05-05T14:30:00+05:30,71.39,71.39,70.95,71.04,7930,0
2026-05-05T14:45:00+05:30,71.07,71.23,71.02,71.23,1098,0
2026-05-05T15:00:00+05:30,71.24,71.29,71.02,71.05,6614,0
2026-05-05T15:15:00+05:30,71.1,71.97,70.7,71.01,58730,0
2026-05-06T09:15:00+05:30,71.21,72.01,71.21,71.81,40930,0
2026-05-06T09:30:00+05:30,71.81,72.01,71.64,71.82,11228,0
2026-05-06T09:45:00+05:30,71.82,72.01,71.5,71.62,34041,0
2026-05-06T10:00:00+05:30,71.69,71.75,71.4,71.69,13150,0
2026-05-06T10:15:00+05:30,71.69,71.69,71.44,71.68,1666,0
2026-05-06T10:30:00+05:30,71.63,71.63,71.4,71.4,1365,0
2026-05-06T10:45:00+05:30,71.4,71.57,71.4,71.44,1085,0
2026-05-06T11:00:00+05:30,71.54,71.54,71.4,71.44,1666,0
2026-05-06T11:15:00+05:30,71.35,71.6,71.35,71.6,3281,0
2026-05-06T11:30:00+05:30,71.62,71.92,71.62,71.66,1890,0
2026-05-06T11:45:00+05:30,71.66,71.72,71.55,71.56,3054,0
2026-05-06T12:00:00+05:30,71.56,71.61,71.48,71.61,1184,0
2026-05-06T12:15:00+05:30,71.61,71.61,71.4,71.4,873,0
2026-05-06T12:30:00+05:30,71.4,71.48,71.36,71.36,735,0
2026-05-06T12:45:00+05:30,71.35,71.46,71.29,71.32,3231,0
2026-05-06T13:00:00+05:30,71.32,71.54,71.32,71.52,855,0
2026-05-06T13:15:00+05:30,71.52,71.52,71.41,71.5,318,0
2026-05-06T13:30:00+05:30,71.5,71.54,71.36,71.49,2666,0
2026-05-06T13:45:00+05:30,71.49,71.51,71.4,71.5,3161,0
2026-05-06T14:00:00+05:30,71.51,71.51,71.31,71.31,8408,0
2026-05-06T14:15:00+05:30,71.31,71.57,71.31,71.5,1723,0
2026-05-06T14:30:00+05:30,71.5,71.75,71.36,71.59,10473,0
2026-05-06T14:45:00+05:30,71.64,71.89,71.6,71.62,6927,0
2026-05-06T15:00:00+05:30,71.62,72.4,71.6,72.4,40097,0
2026-05-06T15:15:00+05:30,72.3,73.5,72.01,73.5,72565,0
2026-05-07T09:15:00+05:30,72.9,73.34,72.64,73.34,32489,0
2026-05-07T09:30:00+05:30,73.24,73.5,73.0,73.29,47472,0
2026-05-07T09:45:00+05:30,73.26,73.35,72.9,72.94,5035,0
2026-05-07T10:00:00+05:30,72.99,73.61,72.96,73.35,37235,0
2026-05-07T10:15:00+05:30,73.3,73.35,73.1,73.18,6074,0
2026-05-07T10:30:00+05:30,73.31,73.32,73.13,73.3,2021,0
2026-05-07T10:45:00+05:30,73.3,73.3,73.13,73.21,1787,0
2026-05-07T11:00:00+05:30,73.22,73.29,73.03,73.2,8281,0
2026-05-07T11:15:00+05:30,73.29,73.3,73.08,73.15,5962,0
2026-05-07T11:30:00+05:30,73.06,73.2,73.05,73.2,1629,0
2026-05-07T11:45:00+05:30,73.09,73.1,72.7,73.1,28502,0
2026-05-07T12:00:00+05:30,73.08,73.13,72.96,73.01,3392,0
2026-05-07T12:15:00+05:30,73.01,73.2,73.01,73.2,9798,0
2026-05-07T12:30:00+05:30,73.25,73.25,73.05,73.25,11238,0
2026-05-07T12:45:00+05:30,73.25,73.3,73.01,73.09,12145,0
2026-05-07T13:00:00+05:30,73.09,73.13,73.0,73.0,1188,0
2026-05-07T13:15:00+05:30,73.0,73.06,72.88,73.02,1872,0
2026-05-07T13:30:00+05:30,73.02,73.08,72.85,73.0,1041,0
2026-05-07T13:45:00+05:30,73.0,73.05,72.91,73.0,1841,0
2026-05-07T14:00:00+05:30,73.0,73.07,72.95,73.06,648,0
2026-05-07T14:15:00+05:30,73.06,73.06,72.9,72.94,2783,0
2026-05-07T14:30:00+05:30,72.94,72.94,72.8,72.83,7516,0
2026-05-07T14:45:00+05:30,72.83,73.18,72.76,72.98,9915,0
2026-05-07T15:00:00+05:30,73.15,73.15,72.84,72.84,10939,0
2026-05-07T15:15:00+05:30,72.85,73.0,72.5,72.56,17071,0
2026-05-08T09:15:00+05:30,72.7,73.23,72.5,73.0,18554,0
2026-05-08T09:30:00+05:30,73.0,73.2,72.55,72.68,6688,0
2026-05-08T09:45:00+05:30,72.55,72.74,72.3,72.53,22480,0
2026-05-08T10:00:00+05:30,72.68,73.8,72.66,73.24,74805,0
2026-05-08T10:15:00+05:30,73.24,73.44,73.0,73.12,15624,0
2026-05-08T10:30:00+05:30,73.27,73.27,72.91,72.92,7263,0
2026-05-08T10:45:00+05:30,72.99,73.0,72.71,72.94,4251,0
2026-05-08T11:00:00+05:30,72.92,72.92,72.7,72.7,2103,0
2026-05-08T11:15:00+05:30,72.7,72.86,72.6,72.62,1589,0
2026-05-08T11:30:00+05:30,72.76,72.92,72.73,72.92,699,0
2026-05-08T11:45:00+05:30,72.89,72.93,72.79,72.79,353,0
2026-05-08T12:00:00+05:30,72.79,72.97,72.79,72.91,169,0
2026-05-08T12:15:00+05:30,72.91,72.98,72.84,72.84,1570,0
2026-05-08T12:30:00+05:30,72.97,72.98,72.62,72.63,2856,0
2026-05-08T12:45:00+05:30,72.63,72.76,72.51,72.71,5622,0
2026-05-08T13:00:00+05:30,72.71,72.71,72.55,72.71,466,0
2026-05-08T13:15:00+05:30,72.71,72.77,72.6,72.75,1032,0
2026-05-08T13:30:00+05:30,72.79,72.79,72.59,72.59,3981,0
2026-05-08T13:45:00+05:30,72.66,72.66,72.17,72.17,28190,0
2026-05-08T14:00:00+05:30,72.27,72.29,72.0,72.15,28844,0
2026-05-08T14:15:00+05:30,72.15,72.23,72.1,72.1,640,0
2026-05-08T14:30:00+05:30,72.21,72.45,72.1,72.28,3889,0
2026-05-08T14:45:00+05:30,72.28,72.49,72.26,72.33,12833,0
2026-05-08T15:00:00+05:30,72.33,72.33,72.11,72.19,7542,0
2026-05-08T15:15:00+05:30,72.13,72.5,72.06,72.4,13026,0
2026-05-11T09:15:00+05:30,72.17,72.4,70.76,71.1,37260,0
2026-05-11T09:30:00+05:30,71.22,71.29,70.64,70.75,18466,0
2026-05-11T09:45:00+05:30,70.75,70.87,70.5,70.8,25010,0
2026-05-11T10:00:00+05:30,70.83,71.17,70.71,71.11,5042,0
2026-05-11T10:15:00+05:30,71.11,71.15,70.75,70.99,3990,0
2026-05-11T10:30:00+05:30,70.96,70.97,70.7,70.7,14117,0
2026-05-11T10:45:00+05:30,70.67,70.81,70.58,70.78,12554,0
2026-05-11T11:00:00+05:30,70.8,70.9,70.76,70.9,3407,0
2026-05-11T11:15:00+05:30,70.9,70.9,70.35,70.6,37172,0
2026-05-11T11:30:00+05:30,70.7,70.75,70.62,70.75,579,0
2026-05-11T11:45:00+05:30,70.75,70.75,70.47,70.63,11783,0
2026-05-11T12:00:00+05:30,70.65,70.7,70.51,70.69,3947,0
2026-05-11T12:15:00+05:30,70.64,70.69,70.56,70.56,4971,0
2026-05-11T12:30:00+05:30,70.56,70.63,70.5,70.6,8566,0
2026-05-11T12:45:00+05:30,70.6,70.69,70.55,70.62,535,0
2026-05-11T13:00:00+05:30,70.62,70.64,70.47,70.61,4186,0
2026-05-11T13:15:00+05:30,70.61,70.65,70.36,70.36,5132,0
2026-05-11T13:30:00+05:30,70.47,70.55,70.33,70.53,9598,0
2026-05-11T13:45:00+05:30,70.53,70.66,70.5,70.57,6020,0
2026-05-11T14:00:00+05:30,70.64,70.73,70.57,70.67,2448,0
2026-05-11T14:15:00+05:30,70.67,70.67,70.53,70.53,8069,0
2026-05-11T14:30:00+05:30,70.53,70.64,70.43,70.43,15459,0
2026-05-11T14:45:00+05:30,70.43,70.59,70.43,70.43,6725,0
2026-05-11T15:00:00+05:30,70.54,70.54,70.2,70.22,22823,0
2026-05-11T15:15:00+05:30,70.25,70.49,70.15,70.49,36612,0
2026-05-12T09:15:00+05:30,70.85,70.85,69.6,69.75,30702,0
2026-05-12T09:30:00+05:30,69.75,69.87,69.28,69.86,23228,0
2026-05-12T09:45:00+05:30,69.88,69.98,69.67,69.67,16182,0
2026-05-12T10:00:00+05:30,69.81,69.85,69.62,69.74,6511,0
2026-05-12T10:15:00+05:30,69.87,69.97,69.73,69.94,9746,0
2026-05-12T10:30:00+05:30,69.94,69.98,69.78,69.84,10268,0
2026-05-12T10:45:00+05:30,69.95,69.97,69.71,69.71,4737,0
2026-05-12T11:00:00+05:30,69.83,69.83,69.64,69.66,10786,0
2026-05-12T11:15:00+05:30,69.66,69.79,69.6,69.75,3432,0
2026-05-12T11:30:00+05:30,69.74,69.76,69.3,69.33,16444,0
2026-05-12T11:45:00+05:30,69.52,69.59,69.25,69.47,16441,0
2026-05-12T12:00:00+05:30,69.47,69.47,69.24,69.25,2411,0
2026-05-12T12:15:00+05:30,69.25,69.41,69.25,69.41,1574,0
2026-05-12T12:30:00+05:30,69.35,69.35,68.77,68.9,25431,0
2026-05-12T12:45:00+05:30,68.91,69.1,68.85,68.99,13228,0
2026-05-12T13:00:00+05:30,68.99,68.99,68.73,68.79,4534,0
2026-05-12T13:15:00+05:30,68.94,69.12,68.84,69.12,5758,0
2026-05-12T13:30:00+05:30,69.12,69.12,68.91,68.91,5596,0
2026-05-12T13:45:00+05:30,68.92,69.0,68.8,68.8,11099,0
2026-05-12T14:00:00+05:30,68.87,68.88,68.72,68.86,6696,0
2026-05-12T14:15:00+05:30,68.86,68.97,68.72,68.96,5683,0
2026-05-12T14:30:00+05:30,68.93,68.93,68.72,68.72,6540,0
2026-05-12T14:45:00+05:30,68.73,68.87,68.72,68.84,1635,0
2026-05-12T15:00:00+05:30,68.88,69.07,68.72,68.92,13921,0
2026-05-12T15:15:00+05:30,68.72,69.46,68.63,69.2,32166,0
2026-05-13T09:15:00+05:30,69.0,70.0,69.0,69.35,17194,0
2026-05-13T09:30:00+05:30,69.24,69.4,68.61,68.95,21437,0
2026-05-13T09:45:00+05:30,69.11,69.27,68.82,69.01,8308,0
2026-05-13T10:00:00+05:30,69.04,69.05,68.87,68.95,2980,0
2026-05-13T10:15:00+05:30,69.0,69.42,68.97,69.25,27339,0
2026-05-13T10:30:00+05:30,69.29,69.29,69.05,69.23,5124,0
2026-05-13T10:45:00+05:30,69.23,69.23,69.0,69.0,3278,0
2026-05-13T11:00:00+05:30,69.0,69.0,68.86,68.97,1899,0
2026-05-13T11:15:00+05:30,68.97,69.18,68.96,69.11,3974,0
2026-05-13T11:30:00+05:30,69.19,69.44,69.18,69.4,1927,0
2026-05-13T11:45:00+05:30,69.39,70.1,69.39,70.0,36913,0
2026-05-13T12:00:00+05:30,70.14,70.37,70.0,70.28,12452,0
2026-05-13T12:15:00+05:30,70.28,70.37,69.96,70.1,7125,0
2026-05-13T12:30:00+05:30,70.07,70.07,69.52,69.63,8646,0
2026-05-13T12:45:00+05:30,69.74,69.98,69.6,69.98,18706,0
2026-05-13T13:00:00+05:30,69.98,69.98,69.72,69.95,2111,0
2026-05-13T13:15:00+05:30,69.84,69.84,69.69,69.69,757,0
2026-05-13T13:30:00+05:30,69.61,69.82,69.45,69.45,7053,0
2026-05-13T13:45:00+05:30,69.48,69.57,69.4,69.43,14928,0
2026-05-13T14:00:00+05:30,69.52,69.54,69.44,69.5,1428,0
2026-05-13T14:15:00+05:30,69.67,69.67,69.02,69.29,17900,0
2026-05-13T14:30:00+05:30,69.29,69.35,69.17,69.25,509,0
2026-05-13T14:45:00+05:30,69.25,69.33,69.15,69.27,547,0
2026-05-13T15:00:00+05:30,69.21,69.42,69.04,69.2,9788,0
2026-05-13T15:15:00+05:30,69.38,69.42,69.01,69.01,10200,0
2026-05-14T09:15:00+05:30,69.85,69.85,69.45,69.75,6989,0
2026-05-14T09:30:00+05:30,69.7,69.81,69.02,69.18,17072,0
2026-05-14T09:45:00+05:30,69.18,69.39,68.52,68.64,19484,0
2026-05-14T10:00:00+05:30,68.68,68.7,68.2,68.69,19412,0
2026-05-14T10:15:00+05:30,68.69,68.72,68.41,68.57,7514,0
2026-05-14T10:30:00+05:30,68.57,68.57,68.4,68.4,4307,0
2026-05-14T10:45:00+05:30,68.39,68.46,68.0,68.0,25084,0
2026-05-14T11:00:00+05:30,68.0,68.05,67.34,67.41,40973,0
2026-05-14T11:15:00+05:30,67.55,67.72,67.5,67.52,3700,0
2026-05-14T11:30:00+05:30,67.52,67.77,67.5,67.72,19924,0
2026-05-14T11:45:00+05:30,67.72,72.91,66.91,70.86,1063115,0
2026-05-14T12:00:00+05:30,70.86,72.75,69.6,72.56,668378,0
2026-05-14T12:15:00+05:30,72.7,76.66,72.19,76.6,2429978,0
2026-05-14T12:30:00+05:30,76.51,83.02,76.39,79.86,7329288,0
2026-05-14T12:45:00+05:30,79.76,79.86,78.42,79.2,1358561,0
2026-05-14T13:00:00+05:30,79.19,81.0,79.05,79.73,1138102,0
2026-05-14T13:15:00+05:30,79.72,80.0,79.33,79.5,336484,0
2026-05-14T13:30:00+05:30,79.41,80.5,79.35,80.5,500228,0
2026-05-14T13:45:00+05:30,80.45,80.7,79.66,80.18,579612,0
2026-05-14T14:00:00+05:30,80.18,81.5,80.0,80.5,788268,0
2026-05-14T14:15:00+05:30,80.27,80.8,79.01,80.1,757268,0
2026-05-14T14:30:00+05:30,80.02,80.25,79.03,79.28,477061,0
2026-05-14T14:45:00+05:30,79.3,79.75,79.27,79.52,356789,0
2026-05-14T15:00:00+05:30,79.52,81.34,79.43,80.3,925091,0
2026-05-14T15:15:00+05:30,80.46,81.2,79.16,81.09,1269477,0
2026-05-15T09:15:00+05:30,82.8,83.4,80.27,80.45,1951745,0
2026-05-15T09:30:00+05:30,80.45,80.45,75.23,76.77,1615710,0
2026-05-15T09:45:00+05:30,76.76,77.0,76.0,76.61,448841,0
2026-05-15T10:00:00+05:30,76.78,79.49,76.0,78.82,888670,0
2026-05-15T10:15:00+05:30,78.88,79.45,78.14,78.6,476998,0
2026-05-15T10:30:00+05:30,78.62,78.74,77.32,77.71,313311,0
2026-05-15T10:45:00+05:30,77.7,78.38,77.36,78.22,127923,0
2026-05-15T11:00:00+05:30,78.26,78.39,77.51,78.0,146165,0
2026-05-15T11:15:00+05:30,78.01,78.1,77.23,77.72,99120,0
2026-05-15T11:30:00+05:30,77.68,78.39,77.54,77.66,69841,0
2026-05-15T11:45:00+05:30,77.75,78.19,77.04,77.41,91998,0
2026-05-15T12:00:00+05:30,77.38,78.42,77.21,77.76,97835,0
2026-05-15T12:15:00+05:30,77.82,77.9,77.21,77.46,48254,0
2026-05-15T12:30:00+05:30,77.44,77.77,77.34,77.56,19134,0
2026-05-15T12:45:00+05:30,77.63,77.7,77.32,77.4,45865,0
2026-05-15T13:00:00+05:30,77.36,77.63,77.21,77.4,40045,0
2026-05-15T13:15:00+05:30,77.41,77.76,77.18,77.53,51791,0
2026-05-15T13:30:00+05:30,77.58,77.9,77.26,77.75,55840,0
2026-05-15T13:45:00+05:30,77.75,77.8,76.53,76.87,97263,0
2026-05-15T14:00:00+05:30,76.99,78.22,76.1,77.22,431440,0
2026-05-15T14:15:00+05:30,77.28,77.84,77.15,77.38,70172,0
2026-05-15T14:30:00+05:30,77.41,77.45,77.0,77.2,39398,0
2026-05-15T14:45:00+05:30,77.2,80.98,76.39,76.76,462846,0
2026-05-15T15:00:00+05:30,76.71,77.14,76.34,76.34,127224,0
2026-05-15T15:15:00+05:30,76.34,76.4,74.15,74.54,619670,0
2026-05-18T09:15:00+05:30,74.0,74.85,72.62,73.25,291937,0
2026-05-18T09:30:00+05:30,73.41,74.25,73.01,73.69,122446,0
2026-05-18T09:45:00+05:30,73.7,73.7,73.01,73.5,43334,0
2026-05-18T10:00:00+05:30,73.6,73.6,72.5,72.73,68348,0
2026-05-18T10:15:00+05:30,72.73,73.15,72.3,72.4,35612,0
2026-05-18T10:30:00+05:30,72.41,72.89,71.93,72.66,83422,0
2026-05-18T10:45:00+05:30,72.69,72.86,72.44,72.72,33925,0
2026-05-18T11:00:00+05:30,72.79,72.96,72.47,72.51,64131,0
2026-05-18T11:15:00+05:30,72.6,73.25,72.57,73.02,29786,0
2026-05-18T11:30:00+05:30,73.15,73.55,73.06,73.2,30683,0
2026-05-18T11:45:00+05:30,73.23,73.23,72.73,72.75,26965,0
2026-05-18T12:00:00+05:30,72.75,73.18,72.6,72.97,24034,0
2026-05-18T12:15:00+05:30,72.97,73.06,72.76,72.96,9521,0
2026-05-18T12:30:00+05:30,72.96,73.49,72.96,73.25,19568,0
2026-05-18T12:45:00+05:30,73.2,73.34,73.13,73.18,3693,0
2026-05-18T13:00:00+05:30,73.32,73.33,72.87,73.0,14082,0
2026-05-18T13:15:00+05:30,73.1,73.25,73.0,73.2,16815,0
2026-05-18T13:30:00+05:30,73.22,73.45,73.18,73.27,17711,0
2026-05-18T13:45:00+05:30,73.25,73.45,73.11,73.29,17058,0
2026-05-18T14:00:00+05:30,73.29,73.45,73.18,73.23,33207,0
2026-05-18T14:15:00+05:30,73.18,73.29,72.7,72.92,26031,0
2026-05-18T14:30:00+05:30,72.89,73.04,72.6,72.66,15263,0
2026-05-18T14:45:00+05:30,72.7,72.79,72.38,72.54,26725,0
2026-05-18T15:00:00+05:30,72.54,72.95,72.49,72.68,28061,0
2026-05-18T15:15:00+05:30,72.7,73.43,72.51,72.68,188795,0
2026-05-19T09:15:00+05:30,72.6,74.46,72.55,73.33,204976,0
2026-05-19T09:30:00+05:30,73.32,73.39,72.71,72.82,78732,0
2026-05-19T09:45:00+05:30,72.93,73.16,72.65,72.77,14062,0
2026-05-19T10:00:00+05:30,72.7,73.25,72.6,72.93,29617,0
2026-05-19T10:15:00+05:30,72.93,73.5,72.93,73.19,50681,0
2026-05-19T10:30:00+05:30,73.29,73.49,73.07,73.44,14161,0
2026-05-19T10:45:00+05:30,73.44,73.46,73.06,73.43,17585,0
2026-05-19T11:00:00+05:30,73.42,73.89,73.18,73.28,30828,0
2026-05-19T11:15:00+05:30,73.33,73.93,73.0,73.37,50534,0
2026-05-19T11:30:00+05:30,73.37,73.55,73.29,73.55,6680,0
2026-05-19T11:45:00+05:30,73.55,74.1,73.5,73.8,37657,0
2026-05-19T12:00:00+05:30,73.88,73.9,73.71,73.9,7071,0
2026-05-19T12:15:00+05:30,73.89,73.89,73.42,73.62,20279,0
2026-05-19T12:30:00+05:30,73.53,73.53,73.35,73.35,9315,0
2026-05-19T12:45:00+05:30,73.45,73.49,73.12,73.35,12572,0
2026-05-19T13:00:00+05:30,73.31,73.37,73.14,73.14,8280,0
2026-05-19T13:15:00+05:30,73.14,73.38,73.14,73.26,6222,0
2026-05-19T13:30:00+05:30,73.28,73.3,72.86,73.0,18310,0
2026-05-19T13:45:00+05:30,72.96,73.14,72.81,72.91,30203,0
2026-05-19T14:00:00+05:30,73.11,73.27,73.01,73.01,15752,0
2026-05-19T14:15:00+05:30,73.06,73.43,73.05,73.3,12583,0
2026-05-19T14:30:00+05:30,73.21,73.21,72.74,72.9,52799,0
2026-05-19T14:45:00+05:30,72.83,72.89,72.57,72.72,16568,0
2026-05-19T15:00:00+05:30,72.82,73.04,72.58,72.75,45349,0
2026-05-19T15:15:00+05:30,72.75,72.91,72.21,72.55,65732,0
2026-05-20T09:15:00+05:30,72.4,72.79,71.46,72.59,73940,0
2026-05-20T09:30:00+05:30,72.46,72.7,72.04,72.26,34819,0
2026-05-20T09:45:00+05:30,72.45,72.95,72.35,72.9,26503,0
2026-05-20T10:00:00+05:30,72.97,72.99,72.37,72.68,8655,0
2026-05-20T10:15:00+05:30,72.68,77.9,72.56,77.53,336219,0
2026-05-20T10:30:00+05:30,77.53,81.34,75.88,81.02,1766711,0
2026-05-20T10:45:00+05:30,81.1,82.3,79.82,80.42,1975927,0
2026-05-20T11:00:00+05:30,80.42,81.1,79.5,80.24,1263522,0
2026-05-20T11:15:00+05:30,80.24,80.89,79.21,79.47,854007,0
2026-05-20T11:30:00+05:30,79.47,79.9,78.76,79.06,641765,0
2026-05-20T11:45:00+05:30,79.06,79.7,78.65,79.45,566157,0
2026-05-20T12:00:00+05:30,79.44,80.5,78.96,79.53,520534,0
2026-05-20T12:15:00+05:30,79.5,79.99,79.23,79.26,194800,0
2026-05-20T12:30:00+05:30,79.26,79.84,79.25,79.73,160231,0
2026-05-20T12:45:00+05:30,79.74,80.55,79.63,79.79,357820,0
2026-05-20T13:00:00+05:30,79.88,80.25,79.54,79.68,201422,0
2026-05-20T13:15:00+05:30,79.6,79.85,79.01,79.12,188825,0
2026-05-20T13:30:00+05:30,79.12,80.01,79.02,79.9,202207,0
2026-05-20T13:45:00+05:30,79.95,80.39,79.56,79.73,214488,0
2026-05-20T14:00:00+05:30,79.73,79.92,79.3,79.36,128846,0
2026-05-20T14:15:00+05:30,79.31,79.7,79.21,79.66,81157,0
2026-05-20T14:30:00+05:30,79.69,81.95,79.4,80.09,828612,0
2026-05-20T14:45:00+05:30,80.1,80.3,79.5,79.85,379149,0
2026-05-20T15:00:00+05:30,79.77,80.1,78.85,79.21,544597,0
2026-05-20T15:15:00+05:30,79.18,80.0,78.56,79.8,728882,0
2026-05-21T09:15:00+05:30,79.41,82.8,79.4,81.5,727371,0
2026-05-21T09:30:00+05:30,81.57,81.97,80.92,81.54,225707,0
2026-05-21T09:45:00+05:30,81.5,81.63,80.73,81.3,142582,0
2026-05-21T10:00:00+05:30,81.25,81.62,81.1,81.4,53707,0
2026-05-21T10:15:00+05:30,81.35,81.45,81.1,81.21,38868,0
2026-05-21T10:30:00+05:30,81.2,81.2,80.0,80.89,148610,0
2026-05-21T10:45:00+05:30,80.9,81.05,80.53,80.63,41956,0
2026-05-21T11:00:00+05:30,80.62,80.65,79.72,79.91,130524,0
2026-05-21T11:15:00+05:30,79.91,80.77,79.56,80.17,200931,0
2026-05-21T11:30:00+05:30,80.17,80.3,79.83,80.18,28779,0
2026-05-21T11:45:00+05:30,80.18,80.38,80.1,80.35,28693,0
2026-05-21T12:00:00+05:30,80.29,80.4,80.13,80.4,20279,0
2026-05-21T12:15:00+05:30,80.33,80.4,79.91,80.29,76743,0
2026-05-21T12:30:00+05:30,80.23,80.24,79.8,79.89,102489,0
2026-05-21T12:45:00+05:30,79.85,80.15,79.65,79.87,55507,0
2026-05-21T13:00:00+05:30,79.96,80.65,79.81,80.39,86915,0
2026-05-21T13:15:00+05:30,80.3,80.65,80.17,80.65,9883,0
2026-05-21T13:30:00+05:30,80.6,80.65,80.34,80.4,24768,0
2026-05-21T13:45:00+05:30,80.38,80.6,79.85,79.9,57498,0
2026-05-21T14:00:00+05:30,79.85,80.39,79.7,80.2,72072,0
2026-05-21T14:15:00+05:30,80.2,80.35,79.85,79.85,30817,0
2026-05-21T14:30:00+05:30,79.9,80.17,79.85,80.16,17347,0
2026-05-21T14:45:00+05:30,80.16,80.69,79.94,80.34,69390,0
2026-05-21T15:00:00+05:30,80.34,80.85,80.05,80.8,130279,0
2026-05-21T15:15:00+05:30,80.81,81.9,79.4,80.35,343754,0
2026-05-22T09:15:00+05:30,80.3,80.89,79.51,80.05,154116,0
2026-05-22T09:30:00+05:30,79.99,80.57,79.81,80.01,54958,0
2026-05-22T09:45:00+05:30,80.01,81.5,79.76,80.7,94266,0
2026-05-22T10:00:00+05:30,80.61,80.61,80.01,80.02,26892,0
2026-05-22T10:15:00+05:30,80.2,80.96,80.16,80.62,47537,0
2026-05-22T10:30:00+05:30,80.53,80.67,80.1,80.59,33240,0
2026-05-22T10:45:00+05:30,80.5,80.59,80.25,80.51,18637,0
2026-05-22T11:00:00+05:30,80.5,80.5,80.2,80.26,9789,0
2026-05-22T11:15:00+05:30,80.26,80.44,80.25,80.44,8524,0
2026-05-22T11:30:00+05:30,80.29,80.55,80.05,80.05,29735,0
2026-05-22T11:45:00+05:30,80.18,80.51,80.18,80.4,13198,0
2026-05-22T12:00:00+05:30,80.32,80.39,80.06,80.3,8406,0
2026-05-22T12:15:00+05:30,80.3,80.3,79.9,80.0,9689,0
2026-05-22T12:30:00+05:30,80.0,80.18,79.95,80.02,8842,0
2026-05-22T12:45:00+05:30,80.18,80.29,80.0,80.12,9568,0
2026-05-22T13:00:00+05:30,80.13,80.25,80.0,80.07,3478,0
2026-05-22T13:15:00+05:30,80.07,80.34,80.0,80.0,17610,0
2026-05-22T13:30:00+05:30,80.0,80.15,80.0,80.01,8546,0
2026-05-22T13:45:00+05:30,80.01,80.07,79.9,79.9,9073,0
2026-05-22T14:00:00+05:30,79.95,80.05,79.9,80.0,15629,0
2026-05-22T14:15:00+05:30,80.0,80.04,79.57,79.84,36029,0
2026-05-22T14:30:00+05:30,79.88,80.0,79.88,79.97,4855,0
2026-05-22T14:45:00+05:30,79.95,79.98,79.84,79.85,8821,0
2026-05-22T15:00:00+05:30,79.84,80.09,79.32,79.4,63599,0
2026-05-22T15:15:00+05:30,79.41,79.66,78.5,78.71,109500,0
2026-05-25T09:15:00+05:30,79.4,79.5,78.55,78.79,71709,0
2026-05-25T09:30:00+05:30,78.86,79.15,78.24,78.68,107885,0
2026-05-25T09:45:00+05:30,78.62,78.92,78.46,78.5,15022,0
2026-05-25T10:00:00+05:30,78.61,78.76,78.42,78.42,7482,0
2026-05-25T10:15:00+05:30,78.52,80.44,78.51,79.83,113962,0
2026-05-25T10:30:00+05:30,79.93,79.93,79.51,79.53,17431,0
2026-05-25T10:45:00+05:30,79.55,81.24,79.32,80.8,166225,0
2026-05-25T11:00:00+05:30,80.95,82.23,80.1,81.21,157875,0
2026-05-25T11:15:00+05:30,81.21,81.61,80.6,80.82,57810,0
2026-05-25T11:30:00+05:30,80.75,80.92,80.63,80.78,44367,0
2026-05-25T11:45:00+05:30,80.77,81.3,80.63,80.76,53081,0
2026-05-25T12:00:00+05:30,80.76,80.79,80.56,80.56,15595,0
2026-05-25T12:15:00+05:30,80.56,80.72,80.31,80.47,13714,0
2026-05-25T12:30:00+05:30,80.47,80.55,80.31,80.38,17446,0
2026-05-25T12:45:00+05:30,80.36,80.44,80.06,80.27,46877,0
2026-05-25T13:00:00+05:30,80.23,80.32,80.07,80.14,3035,0
2026-05-25T13:15:00+05:30,80.23,80.25,80.07,80.2,4231,0
2026-05-25T13:30:00+05:30,80.24,80.27,79.31,79.68,49780,0
2026-05-25T13:45:00+05:30,79.67,79.67,79.34,79.5,35247,0
2026-05-25T14:00:00+05:30,79.4,79.54,79.09,79.15,29813,0
2026-05-25T14:15:00+05:30,79.2,79.4,79.01,79.24,16425,0
2026-05-25T14:30:00+05:30,79.21,79.24,78.88,79.06,18870,0
2026-05-25T14:45:00+05:30,79.09,79.8,79.09,79.73,22530,0
2026-05-25T15:00:00+05:30,79.73,79.9,79.31,79.39,37994,0
2026-05-25T15:15:00+05:30,79.4,79.65,78.3,79.25,83914,0
2026-05-26T09:15:00+05:30,79.0,80.44,79.0,79.85,76598,0
2026-05-26T09:30:00+05:30,79.94,80.15,78.79,79.54,75943,0
2026-05-26T09:45:00+05:30,78.97,79.39,78.81,79.0,18982,0
2026-05-26T10:00:00+05:30,79.01,79.3,78.98,79.25,28885,0
2026-05-26T10:15:00+05:30,79.2,79.34,79.1,79.16,11576,0
2026-05-26T10:30:00+05:30,79.25,79.4,79.16,79.2,10201,0
2026-05-26T10:45:00+05:30,79.2,79.28,78.8,79.19,26433,0
2026-05-26T11:00:00+05:30,79.19,79.19,79.0,79.14,6474,0
2026-05-26T11:15:00+05:30,79.07,79.15,78.82,78.95,9984,0
2026-05-26T11:30:00+05:30,78.94,79.13,78.9,79.07,9532,0
2026-05-26T11:45:00+05:30,79.15,79.15,78.85,78.96,5674,0
2026-05-26T12:00:00+05:30,78.96,78.99,78.86,78.86,977,0
2026-05-26T12:15:00+05:30,78.93,78.97,78.79,78.87,10823,0
2026-05-26T12:30:00+05:30,78.87,79.18,78.79,79.18,11295,0
2026-05-26T12:45:00+05:30,79.18,79.18,79.0,79.05,6513,0
2026-05-26T13:00:00+05:30,79.05,79.05,78.9,79.04,4442,0
2026-05-26T13:15:00+05:30,79.03,79.08,78.9,78.9,4583,0
2026-05-26T13:30:00+05:30,78.9,78.98,78.79,78.8,13275,0
2026-05-26T13:45:00+05:30,78.75,78.9,78.65,78.8,14358,0
2026-05-26T14:00:00+05:30,78.79,78.79,78.0,78.0,61244,0
2026-05-26T14:15:00+05:30,78.11,78.78,78.08,78.65,28706,0
2026-05-26T14:30:00+05:30,78.6,78.61,78.31,78.42,8502,0
2026-05-26T14:45:00+05:30,78.4,78.47,78.0,78.34,19955,0
2026-05-26T15:00:00+05:30,78.43,78.88,78.32,78.38,27103,0
2026-05-26T15:15:00+05:30,78.35,78.69,77.8,78.44,84469,0
2026-05-27T09:15:00+05:30,78.55,78.75,78.0,78.16,55300,0
2026-05-27T09:30:00+05:30,78.16,78.25,77.86,78.05,16609,0
2026-05-27T09:45:00+05:30,78.18,78.18,77.9,78.0,7524,0
2026-05-27T10:00:00+05:30,78.01,78.23,77.86,78.03,25281,0
2026-05-27T10:15:00+05:30,78.03,78.18,77.87,78.12,24675,0
2026-05-27T10:30:00+05:30,78.1,78.2,78.0,78.15,10098,0
2026-05-27T10:45:00+05:30,78.15,79.0,78.02,78.46,37314,0
2026-05-27T11:00:00+05:30,78.46,78.54,78.22,78.5,8870,0
2026-05-27T11:15:00+05:30,78.38,78.47,78.28,78.29,3662,0
2026-05-27T11:30:00+05:30,78.3,78.3,77.75,77.75,15248,0
2026-05-27T11:45:00+05:30,77.75,77.85,77.23,77.46,35738,0
2026-05-27T12:00:00+05:30,77.46,77.46,77.06,77.35,12263,0
2026-05-27T12:15:00+05:30,77.35,77.38,75.91,76.88,101351,0
2026-05-27T12:30:00+05:30,76.93,77.17,76.85,77.02,13889,0
2026-05-27T12:45:00+05:30,77.02,77.12,76.9,76.95,11419,0
2026-05-27T13:00:00+05:30,76.93,77.09,76.5,76.79,13151,0
2026-05-27T13:15:00+05:30,76.76,76.88,76.5,76.7,7993,0
2026-05-27T13:30:00+05:30,76.71,76.96,76.71,76.79,21710,0
2026-05-27T13:45:00+05:30,76.79,77.02,76.5,76.7,12057,0
2026-05-27T14:00:00+05:30,76.7,76.89,76.5,76.79,14766,0
2026-05-27T14:15:00+05:30,76.78,76.84,76.5,76.69,17443,0
2026-05-27T14:30:00+05:30,76.65,76.75,76.5,76.65,4087,0
2026-05-27T14:45:00+05:30,76.64,76.75,76.02,76.75,28747,0
2026-05-27T15:00:00+05:30,76.74,76.92,76.42,76.77,47395,0
2026-05-27T15:15:00+05:30,76.72,76.95,76.1,76.95,56218,0
2026-05-29T09:15:00+05:30,76.95,78.29,76.74,78.29,93105,0
2026-05-29T09:30:00+05:30,78.26,80.98,78.17,78.4,249038,0
2026-05-29T09:45:00+05:30,78.4,79.42,78.15,78.43,76647,0
2026-05-29T10:00:00+05:30,78.26,78.67,78.11,78.55,11283,0
2026-05-29T10:15:00+05:30,78.44,78.75,78.13,78.25,32454,0
2026-05-29T10:30:00+05:30,78.19,78.34,77.77,78.34,20464,0
2026-05-29T10:45:00+05:30,78.14,78.14,77.74,78.06,12263,0
2026-05-29T11:00:00+05:30,78.06,78.28,77.95,77.96,10158,0
2026-05-29T11:15:00+05:30,77.98,78.15,77.95,78.01,2322,0
2026-05-29T11:30:00+05:30,77.95,78.08,77.81,78.0,5227,0
2026-05-29T11:45:00+05:30,78.0,78.2,78.0,78.05,7557,0
2026-05-29T12:00:00+05:30,78.06,78.17,77.8,77.8,10897,0
2026-05-29T12:15:00+05:30,77.79,78.11,77.79,78.1,4481,0
2026-05-29T12:30:00+05:30,78.01,78.1,77.71,77.9,4994,0
2026-05-29T12:45:00+05:30,77.78,77.92,77.59,77.59,4136,0
2026-05-29T13:00:00+05:30,77.59,77.71,77.13,77.13,10506,0
2026-05-29T13:15:00+05:30,77.15,77.89,77.14,77.76,16064,0
2026-05-29T13:30:00+05:30,77.76,78.16,77.66,77.95,9245,0
2026-05-29T13:45:00+05:30,77.99,78.6,77.82,78.5,30081,0
2026-05-29T14:00:00+05:30,78.5,78.65,77.9,78.09,39551,0
2026-05-29T14:15:00+05:30,77.99,78.2,77.92,78.15,5512,0
2026-05-29T14:30:00+05:30,78.11,79.12,78.11,78.51,31758,0
2026-05-29T14:45:00+05:30,78.5,78.84,78.32,78.54,24452,0
2026-05-29T15:00:00+05:30,78.55,78.64,77.65,77.74,51662,0
2026-05-29T15:15:00+05:30,77.66,79.79,77.5,78.52,133971,0
2026-06-01T09:15:00+05:30,79.8,79.98,78.03,78.13,32515,0
2026-06-01T09:30:00+05:30,78.05,78.31,77.7,77.87,28323,0
2026-06-01T09:45:00+05:30,77.99,78.12,77.76,77.81,5976,0
2026-06-01T10:00:00+05:30,77.91,77.91,77.4,77.5,16747,0
2026-06-01T10:15:00+05:30,77.46,77.54,77.31,77.4,14693,0
2026-06-01T10:30:00+05:30,77.48,77.52,77.01,77.12,21149,0
2026-06-01T10:45:00+05:30,77.16,77.72,77.13,77.5,13233,0
2026-06-01T11:00:00+05:30,77.5,77.79,77.47,77.77,5023,0
2026-06-01T11:15:00+05:30,77.66,77.75,77.59,77.6,8097,0
2026-06-01T11:30:00+05:30,77.73,77.73,77.41,77.53,11793,0
2026-06-01T11:45:00+05:30,77.66,77.66,77.2,77.2,4340,0
2026-06-01T12:00:00+05:30,77.2,77.51,77.2,77.38,4285,0
2026-06-01T12:15:00+05:30,77.49,77.51,77.18,77.18,7056,0
2026-06-01T12:30:00+05:30,77.18,77.36,77.18,77.2,2912,0
2026-06-01T12:45:00+05:30,77.2,77.34,77.2,77.3,5268,0
2026-06-01T13:00:00+05:30,77.3,77.33,76.9,77.0,16175,0
2026-06-01T13:15:00+05:30,76.99,77.12,76.91,76.91,4796,0
2026-06-01T13:30:00+05:30,76.98,77.03,76.86,76.98,896,0
2026-06-01T13:45:00+05:30,76.98,76.99,76.75,76.89,5428,0
2026-06-01T14:00:00+05:30,76.89,76.93,76.49,76.53,14073,0
2026-06-01T14:15:00+05:30,76.67,76.7,76.4,76.63,12008,0
2026-06-01T14:30:00+05:30,76.63,76.94,76.52,76.9,3859,0
2026-06-01T14:45:00+05:30,76.9,77.12,76.61,76.72,7073,0
2026-06-01T15:00:00+05:30,76.72,77.79,76.6,77.33,42603,0
2026-06-01T15:15:00+05:30,77.19,77.68,76.5,76.5,34612,0
2026-06-02T09:15:00+05:30,77.0,77.11,76.32,76.71,19116,0
2026-06-02T09:30:00+05:30,76.75,76.75,76.35,76.57,9521,0
2026-06-02T09:45:00+05:30,76.71,77.08,76.44,76.86,7434,0
2026-06-02T10:00:00+05:30,76.89,77.12,76.55,76.7,17996,0
2026-06-02T10:15:00+05:30,76.7,76.97,76.56,76.71,4537,0
2026-06-02T10:30:00+05:30,76.88,76.96,76.61,76.96,2014,0
2026-06-02T10:45:00+05:30,76.82,76.9,76.35,76.41,17344,0
2026-06-02T11:00:00+05:30,76.51,76.62,76.36,76.4,2827,0
2026-06-02T11:15:00+05:30,76.46,76.7,76.4,76.53,5130,0
2026-06-02T11:30:00+05:30,76.51,76.76,76.37,76.37,6319,0
2026-06-02T11:45:00+05:30,76.37,76.57,76.3,76.35,4922,0
2026-06-02T12:00:00+05:30,76.35,76.47,76.25,76.3,1147,0
2026-06-02T12:15:00+05:30,76.31,76.49,76.17,76.22,8004,0
2026-06-02T12:30:00+05:30,76.19,76.5,76.1,76.46,11708,0
2026-06-02T12:45:00+05:30,76.46,76.85,76.38,76.67,15587,0
2026-06-02T13:00:00+05:30,76.67,77.04,76.67,77.02,11558,0
2026-06-02T13:15:00+05:30,77.11,79.5,77.01,78.7,125555,0
2026-06-02T13:30:00+05:30,78.75,79.29,78.23,78.6,30278,0
2026-06-02T13:45:00+05:30,78.6,79.0,78.35,78.83,13538,0
2026-06-02T14:00:00+05:30,78.81,79.0,78.58,78.63,16099,0
2026-06-02T14:15:00+05:30,78.77,79.83,78.56,79.14,81840,0
2026-06-02T14:30:00+05:30,79.03,79.24,78.83,79.0,7367,0
2026-06-02T14:45:00+05:30,79.0,79.5,78.96,79.25,18962,0
2026-06-02T15:00:00+05:30,79.05,79.63,78.58,79.15,35923,0
2026-06-02T15:15:00+05:30,79.2,79.5,78.61,78.99,41326,0
2026-06-03T09:15:00+05:30,78.53,78.83,77.8,77.91,22553,0
2026-06-03T09:30:00+05:30,78.11,78.11,77.64,77.88,6013,0
2026-06-03T09:45:00+05:30,77.85,78.24,77.6,77.6,8732,0
2026-06-03T10:00:00+05:30,77.6,77.86,77.57,77.61,5556,0
2026-06-03T10:15:00+05:30,77.75,77.98,77.61,77.76,5030,0
2026-06-03T10:30:00+05:30,77.93,78.0,77.5,77.67,14794,0
2026-06-03T10:45:00+05:30,77.81,78.09,77.72,77.8,3813,0
2026-06-03T11:00:00+05:30,77.92,78.0,77.68,77.68,660,0
2026-06-03T11:15:00+05:30,77.68,77.9,77.68,77.77,2693,0
2026-06-03T11:30:00+05:30,77.77,77.77,77.46,77.64,6485,0
2026-06-03T11:45:00+05:30,77.64,77.64,77.49,77.5,961,0
2026-06-03T12:00:00+05:30,77.43,77.45,77.01,77.01,6901,0
2026-06-03T12:15:00+05:30,77.14,77.58,77.02,77.41,13203,0
2026-06-03T12:30:00+05:30,77.35,79.4,77.35,79.26,61697,0
2026-06-03T12:45:00+05:30,79.39,83.36,79.06,81.41,933414,0
2026-06-03T13:00:00+05:30,81.6,85.5,80.52,82.96,1613708,0
2026-06-03T13:15:00+05:30,82.97,84.99,82.18,84.11,795112,0
2026-06-03T13:30:00+05:30,84.11,85.9,83.77,85.0,1355657,0
2026-06-03T13:45:00+05:30,84.99,85.0,82.8,83.5,661948,0
2026-06-03T14:00:00+05:30,83.49,84.5,83.25,83.5,316161,0
2026-06-03T14:15:00+05:30,83.52,88.0,83.34,87.24,2346706,0
2026-06-03T14:30:00+05:30,87.24,88.0,85.3,86.75,1314517,0
2026-06-03T14:45:00+05:30,86.7,90.0,86.0,89.98,4575649,0
2026-06-03T15:00:00+05:30,89.98,90.9,83.0,84.1,6535397,0
2026-06-03T15:15:00+05:30,84.05,85.33,83.15,83.8,2940384,0
2026-06-04T09:15:00+05:30,83.79,87.08,83.5,85.67,1293824,0
2026-06-04T09:30:00+05:30,85.55,91.0,84.82,90.93,1316209,0
2026-06-04T09:45:00+05:30,90.96,94.39,89.4,90.68,4305210,0
2026-06-04T10:00:00+05:30,90.72,92.44,90.07,92.0,956086,0
2026-06-04T10:15:00+05:30,91.92,92.44,90.01,90.35,672536,0
2026-06-04T10:30:00+05:30,90.46,90.98,90.18,90.51,255792,0
2026-06-04T10:45:00+05:30,90.59,91.88,90.31,90.43,385419,0
2026-06-04T11:00:00+05:30,90.56,90.75,90.05,90.61,174254,0
2026-06-04T11:15:00+05:30,90.59,90.79,90.14,90.14,80646,0
2026-06-04T11:30:00+05:30,90.24,90.34,88.0,89.31,544481,0
2026-06-04T11:45:00+05:30,89.4,89.93,89.2,89.48,139597,0
2026-06-04T12:00:00+05:30,89.59,89.9,89.38,89.66,79162,0
2026-06-04T12:15:00+05:30,89.55,89.99,88.21,88.74,240659,0
2026-06-04T12:30:00+05:30,88.73,88.99,88.16,88.82,110967,0
2026-06-04T12:45:00+05:30,88.82,90.89,88.74,90.58,365621,0
2026-06-04T13:00:00+05:30,90.6,90.6,88.02,88.58,315563,0
2026-06-04T13:15:00+05:30,88.68,89.2,88.38,89.0,110753,0
2026-06-04T13:30:00+05:30,89.0,89.25,88.6,88.7,83794,0
2026-06-04T13:45:00+05:30,88.7,89.1,88.42,88.8,76641,0
2026-06-04T14:00:00+05:30,88.87,89.16,88.58,88.73,97218,0
2026-06-04T14:15:00+05:30,88.77,89.13,88.03,88.62,156084,0
2026-06-04T14:30:00+05:30,88.59,91.7,88.24,90.7,628905,0
2026-06-04T14:45:00+05:30,90.64,91.97,89.5,89.9,475842,0
2026-06-04T15:00:00+05:30,89.91,90.77,89.1,90.6,398598,0
2026-06-04T15:15:00+05:30,90.6,91.24,89.66,89.99,767278,0
2026-06-05T09:15:00+05:30,89.91,90.87,89.08,90.11,616842,0
2026-06-05T09:30:00+05:30,90.12,90.35,89.55,90.19,229030,0
2026-06-05T09:45:00+05:30,90.22,90.85,89.35,89.65,245029,0
2026-06-05T10:00:00+05:30,89.64,98.9,89.17,98.73,5049495,0
2026-06-05T10:15:00+05:30,98.81,99.8,94.65,95.3,7267513,0
2026-06-05T10:30:00+05:30,95.29,96.8,93.5,93.85,2743986,0
2026-06-05T10:45:00+05:30,93.92,95.45,93.2,94.83,1568152,0
2026-06-05T11:00:00+05:30,94.85,95.99,94.5,94.71,870938,0
2026-06-05T11:15:00+05:30,94.76,94.81,93.7,94.25,395589,0
2026-06-05T11:30:00+05:30,94.13,94.48,93.65,93.96,257969,0
2026-06-05T11:45:00+05:30,93.9,94.67,93.82,93.98,153356,0
2026-06-05T12:00:00+05:30,93.93,94.65,93.8,94.15,195708,0
2026-06-05T12:15:00+05:30,94.1,95.45,94.05,94.81,436489,0
2026-06-05T12:30:00+05:30,94.84,95.06,94.21,94.66,243712,0
2026-06-05T12:45:00+05:30,94.66,94.74,94.3,94.69,107942,0
2026-06-05T13:00:00+05:30,94.61,94.61,93.7,93.7,253362,0
2026-06-05T13:15:00+05:30,93.79,94.21,93.58,93.89,191268,0
2026-06-05T13:30:00+05:30,93.88,94.06,93.73,93.73,113445,0
2026-06-05T13:45:00+05:30,93.73,94.3,92.61,94.16,402808,0
2026-06-05T14:00:00+05:30,94.22,94.27,93.63,93.83,117974,0
2026-06-05T14:15:00+05:30,93.83,93.94,93.09,93.94,196615,0
2026-06-05T14:30:00+05:30,93.84,94.0,92.6,93.7,332717,0
2026-06-05T14:45:00+05:30,93.7,95.4,93.6,94.65,859781,0
2026-06-05T15:00:00+05:30,94.66,95.0,94.29,94.64,297192,0
2026-06-05T15:15:00+05:30,94.71,95.2,93.1,93.2,1007091,0
2026-06-08T09:15:00+05:30,93.0,94.49,92.0,93.98,921472,0
2026-06-08T09:30:00+05:30,93.92,93.97,92.01,92.42,258658,0
2026-06-08T09:45:00+05:30,92.4,92.85,92.01,92.35,260146,0
2026-06-08T10:00:00+05:30,92.35,92.39,91.61,91.99,156011,0
2026-06-08T10:15:00+05:30,91.99,92.48,91.68,91.77,88384,0
2026-06-08T10:30:00+05:30,91.78,92.49,91.77,92.12,40296,0
2026-06-08T10:45:00+05:30,92.22,92.22,91.8,91.97,77554,0
2026-06-08T11:00:00+05:30,91.97,92.19,91.5,91.61,54313,0
2026-06-08T11:15:00+05:30,91.61,91.78,91.49,91.62,56479,0
2026-06-08T11:30:00+05:30,91.61,91.89,91.61,91.84,29785,0
2026-06-08T11:45:00+05:30,91.81,91.85,91.11,91.5,118489,0
2026-06-08T12:00:00+05:30,91.42,91.58,91.05,91.29,50181,0
2026-06-08T12:15:00+05:30,91.31,91.37,91.01,91.16,32163,0
2026-06-08T12:30:00+05:30,91.16,91.76,91.1,91.6,35530,0
2026-06-08T12:45:00+05:30,91.6,92.23,91.53,91.85,58564,0
2026-06-08T13:00:00+05:30,91.85,92.45,91.51,92.18,117362,0
2026-06-08T13:15:00+05:30,92.33,92.4,91.81,91.92,29152,0
2026-06-08T13:30:00+05:30,91.92,91.95,91.5,91.5,46838,0
2026-06-08T13:45:00+05:30,91.55,91.76,91.4,91.5,40152,0
2026-06-08T14:00:00+05:30,91.49,91.64,91.3,91.39,38760,0
2026-06-08T14:15:00+05:30,91.39,92.08,90.75,91.36,146497,0
2026-06-08T14:30:00+05:30,91.47,93.4,91.47,93.21,472292,0
2026-06-08T14:45:00+05:30,93.25,94.19,92.61,93.22,458302,0
2026-06-08T15:00:00+05:30,93.22,93.8,92.61,93.15,249917,0
2026-06-08T15:15:00+05:30,93.15,93.2,92.0,92.5,291851,0
2026-06-09T09:15:00+05:30,93.5,94.5,90.9,91.14,402913,0
2026-06-09T09:30:00+05:30,91.15,91.68,91.11,91.45,108038,0
2026-06-09T09:45:00+05:30,91.46,91.69,91.11,91.11,78479,0
2026-06-09T10:00:00+05:30,91.19,91.33,90.3,90.8,131205,0
2026-06-09T10:15:00+05:30,90.8,91.28,90.7,90.98,54764,0
2026-06-09T10:30:00+05:30,90.99,91.19,90.58,90.89,65803,0
2026-06-09T10:45:00+05:30,90.85,91.39,90.79,91.32,42260,0
2026-06-09T11:00:00+05:30,91.39,91.99,91.1,91.59,49867,0
2026-06-09T11:15:00+05:30,91.6,91.6,90.71,91.11,45305,0
2026-06-09T11:30:00+05:30,91.01,91.39,91.01,91.2,9000,0
2026-06-09T11:45:00+05:30,91.2,91.53,91.15,91.22,35478,0
2026-06-09T12:00:00+05:30,91.22,91.5,91.17,91.31,13849,0
2026-06-09T12:15:00+05:30,91.26,91.39,91.1,91.32,13108,0
2026-06-09T12:30:00+05:30,91.35,91.69,91.34,91.6,23311,0
2026-06-09T12:45:00+05:30,91.65,91.7,91.26,91.5,24172,0
2026-06-09T13:00:00+05:30,91.5,91.78,91.35,91.78,21398,0
2026-06-09T13:15:00+05:30,91.74,91.75,91.5,91.51,13856,0
2026-06-09T13:30:00+05:30,91.59,91.65,91.26,91.44,18376,0
2026-06-09T13:45:00+05:30,91.46,91.7,91.41,91.62,15785,0
2026-06-09T14:00:00+05:30,91.55,91.6,91.4,91.55,6066,0
2026-06-09T14:15:00+05:30,91.5,91.5,91.29,91.45,15273,0
2026-06-09T14:30:00+05:30,91.45,93.2,91.45,92.38,308591,0
2026-06-09T14:45:00+05:30,92.38,93.45,92.0,93.45,162304,0
2026-06-09T15:00:00+05:30,93.35,93.65,92.78,93.4,191286,0
2026-06-09T15:15:00+05:30,93.54,93.6,92.25,92.57,248349,0
2026-06-10T09:15:00+05:30,92.9,93.35,91.41,91.76,171532,0
2026-06-10T09:30:00+05:30,91.77,92.57,91.66,91.83,104262,0
2026-06-10T09:45:00+05:30,91.85,92.2,91.47,91.62,54647,0
2026-06-10T10:00:00+05:30,91.62,91.8,91.01,91.41,100142,0
2026-06-10T10:15:00+05:30,91.27,91.49,91.05,91.27,56720,0
2026-06-10T10:30:00+05:30,91.33,91.81,91.28,91.51,29925,0
2026-06-10T10:45:00+05:30,91.54,91.75,91.14,91.28,71952,0
2026-06-10T11:00:00+05:30,91.35,91.5,91.17,91.33,18446,0
2026-06-10T11:15:00+05:30,91.33,91.59,91.32,91.54,25004,0
2026-06-10T11:30:00+05:30,91.48,91.55,91.26,91.26,14254,0
2026-06-10T11:45:00+05:30,91.37,91.44,91.25,91.26,19691,0
2026-06-10T12:00:00+05:30,91.26,91.3,91.0,91.16,54214,0
2026-06-10T12:15:00+05:30,91.27,91.46,91.0,91.02,24381,0
2026-06-10T12:30:00+05:30,91.02,91.27,90.63,91.01,45864,0
2026-06-10T12:45:00+05:30,91.06,91.27,90.94,91.11,8673,0
2026-06-10T13:00:00+05:30,91.11,91.3,91.02,91.02,7926,0
2026-06-10T13:15:00+05:30,91.14,91.15,90.9,91.08,11726,0
2026-06-10T13:30:00+05:30,90.96,91.05,90.7,90.84,18886,0
2026-06-10T13:45:00+05:30,90.87,91.09,90.84,90.84,25817,0
2026-06-10T14:00:00+05:30,90.85,90.95,90.71,90.71,19642,0
2026-06-10T14:15:00+05:30,90.75,90.86,90.6,90.6,18907,0
2026-06-10T14:30:00+05:30,90.56,90.67,89.6,89.6,125535,0
2026-06-10T14:45:00+05:30,89.73,89.98,89.6,89.93,87559,0
2026-06-10T15:00:00+05:30,89.89,91.6,89.6,89.61,140791,0
2026-06-10T15:15:00+05:30,89.71,89.9,87.65,88.0,288055,0
2026-06-11T09:15:00+05:30,87.75,89.0,87.6,88.36,203871,0
2026-06-11T09:30:00+05:30,88.4,88.4,87.62,87.97,42458,0
2026-06-11T09:45:00+05:30,87.9,88.2,87.37,87.44,76967,0
2026-06-11T10:00:00+05:30,87.44,88.17,87.32,87.69,53207,0
2026-06-11T10:15:00+05:30,87.74,87.89,87.51,87.63,27137,0
2026-06-11T10:30:00+05:30,87.73,87.73,87.1,87.24,28177,0
2026-06-11T10:45:00+05:30,87.21,87.33,85.81,86.06,113343,0
2026-06-11T11:00:00+05:30,86.0,86.65,85.76,86.22,62012,0
2026-06-11T11:15:00+05:30,86.2,86.99,86.05,86.71,39369,0
2026-06-11T11:30:00+05:30,86.74,86.95,86.5,86.74,24420,0
2026-06-11T11:45:00+05:30,86.84,87.05,86.72,86.89,25500,0
2026-06-11T12:00:00+05:30,86.99,87.04,86.81,86.95,21962,0
2026-06-11T12:15:00+05:30,86.94,87.01,86.67,86.8,14924,0
2026-06-11T12:30:00+05:30,86.82,86.99,86.52,86.7,7662,0
2026-06-11T12:45:00+05:30,86.68,86.68,86.26,86.38,7640,0
2026-06-11T13:00:00+05:30,86.37,86.54,86.01,86.01,17584,0
2026-06-11T13:15:00+05:30,86.06,86.17,85.9,86.0,18857,0
2026-06-11T13:30:00+05:30,86.0,86.24,85.61,85.88,23621,0
2026-06-11T13:45:00+05:30,85.85,86.11,85.71,85.97,22103,0
2026-06-11T14:00:00+05:30,85.86,86.0,85.72,85.8,6898,0
2026-06-11T14:15:00+05:30,85.82,86.2,85.7,86.15,42063,0
2026-06-11T14:30:00+05:30,86.06,86.4,85.78,85.9,23565,0
2026-06-11T14:45:00+05:30,85.82,85.92,85.52,85.85,54909,0
2026-06-11T15:00:00+05:30,85.75,85.81,85.02,85.33,60097,0
2026-06-11T15:15:00+05:30,85.41,87.0,85.11,86.3,146702,0
2026-06-12T09:15:00+05:30,87.88,88.42,87.0,87.75,422663,0
2026-06-12T09:30:00+05:30,87.7,89.75,87.6,88.85,293701,0
2026-06-12T09:45:00+05:30,88.9,89.19,88.45,88.5,44449,0
2026-06-12T10:00:00+05:30,88.45,88.79,88.25,88.53,38428,0
2026-06-12T10:15:00+05:30,88.59,88.79,88.32,88.76,22020,0
2026-06-12T10:30:00+05:30,88.76,88.92,88.62,88.74,17013,0
2026-06-12T10:45:00+05:30,88.86,88.98,88.4,88.61,27439,0
2026-06-12T11:00:00+05:30,88.6,88.8,88.42,88.7,14567,0
2026-06-12T11:15:00+05:30,88.7,89.75,88.7,88.91,144521,0
2026-06-12T11:30:00+05:30,89.01,89.3,88.86,89.24,90106,0
2026-06-12T11:45:00+05:30,89.24,89.58,88.91,89.1,95301,0
2026-06-12T12:00:00+05:30,89.13,89.3,88.61,88.71,48903,0
2026-06-12T12:15:00+05:30,88.67,88.68,88.21,88.5,41071,0
2026-06-12T12:30:00+05:30,88.5,88.75,88.35,88.62,30339,0
2026-06-12T12:45:00+05:30,88.51,88.7,88.34,88.62,29696,0
2026-06-12T13:00:00+05:30,88.62,88.73,88.34,88.59,35925,0
2026-06-12T13:15:00+05:30,88.62,89.19,88.57,89.12,26336,0
2026-06-12T13:30:00+05:30,89.12,90.85,89.02,90.62,109101,0
2026-06-12T13:45:00+05:30,90.59,94.75,90.4,91.93,1494747,0
2026-06-12T14:00:00+05:30,91.84,92.12,91.08,91.9,282006,0
2026-06-12T14:15:00+05:30,91.9,91.92,90.11,90.97,244977,0
2026-06-12T14:30:00+05:30,90.86,91.39,90.47,91.02,85216,0
2026-06-12T14:45:00+05:30,90.91,91.25,90.62,90.62,50739,0
2026-06-12T15:00:00+05:30,90.62,91.03,89.41,89.63,225306,0
2026-06-12T15:15:00+05:30,89.62,89.92,89.15,89.67,235470,0
2026-06-15T09:15:00+05:30,91.72,91.72,90.55,91.15,292725,0
2026-06-15T09:30:00+05:30,91.11,91.59,90.84,91.51,147723,0
2026-06-15T09:45:00+05:30,91.55,93.2,91.51,92.01,253248,0
2026-06-15T10:00:00+05:30,92.1,92.25,91.4,91.58,90850,0
2026-06-15T10:15:00+05:30,91.55,93.3,90.98,92.87,151923,0
2026-06-15T10:30:00+05:30,92.78,92.87,91.72,91.81,79851,0
2026-06-15T10:45:00+05:30,91.81,92.1,91.61,91.88,36650,0
2026-06-15T11:00:00+05:30,92.02,92.02,91.63,91.8,17238,0
2026-06-15T11:15:00+05:30,91.71,91.79,91.5,91.58,19765,0
2026-06-15T11:30:00+05:30,91.58,91.74,91.4,91.65,20921,0
2026-06-15T11:45:00+05:30,91.65,91.75,91.5,91.59,8733,0
2026-06-15T12:00:00+05:30,91.58,91.68,91.32,91.52,10170,0
2026-06-15T12:15:00+05:30,91.46,91.54,91.24,91.27,20951,0
2026-06-15T12:30:00+05:30,91.27,91.67,91.16,91.43,20109,0
2026-06-15T12:45:00+05:30,91.44,91.57,91.3,91.4,12066,0
2026-06-15T13:00:00+05:30,91.34,91.46,91.0,91.34,28670,0
2026-06-15T13:15:00+05:30,91.34,91.39,91.06,91.2,12583,0
2026-06-15T13:30:00+05:30,91.17,91.31,91.13,91.15,5817,0
2026-06-15T13:45:00+05:30,91.1,91.16,90.95,91.02,16825,0
2026-06-15T14:00:00+05:30,91.08,91.19,90.81,90.89,41021,0
2026-06-15T14:15:00+05:30,90.97,91.15,90.92,91.15,10645,0
2026-06-15T14:30:00+05:30,91.14,91.82,91.14,91.2,91265,0
2026-06-15T14:45:00+05:30,91.22,91.85,91.13,91.53,59468,0
2026-06-15T15:00:00+05:30,91.56,91.58,91.0,91.02,49303,0
2026-06-15T15:15:00+05:30,91.02,91.6,90.21,90.65,176720,0
2026-06-16T09:15:00+05:30,91.8,91.89,88.8,89.1,280623,0
2026-06-16T09:30:00+05:30,89.14,89.47,88.5,88.74,111810,0
2026-06-16T09:45:00+05:30,88.73,89.03,88.55,88.9,52359,0
2026-06-16T10:00:00+05:30,88.94,89.05,88.6,89.04,41066,0
2026-06-16T10:15:00+05:30,88.95,89.29,88.89,89.24,41984,0
2026-06-16T10:30:00+05:30,89.24,89.44,89.02,89.11,19499,0
2026-06-16T10:45:00+05:30,89.22,89.32,88.92,89.03,18644,0
2026-06-16T11:00:00+05:30,89.0,89.04,88.71,88.91,20118,0
2026-06-16T11:15:00+05:30,88.92,89.0,88.78,88.88,12433,0
2026-06-16T11:30:00+05:30,88.88,88.88,88.59,88.72,14024,0
2026-06-16T11:45:00+05:30,88.73,88.92,88.65,88.88,8118,0
2026-06-16T12:00:00+05:30,88.77,88.93,88.64,88.93,6203,0
2026-06-16T12:15:00+05:30,88.93,88.93,88.65,88.8,12656,0
2026-06-16T12:30:00+05:30,88.7,88.75,88.52,88.66,8330,0
2026-06-16T12:45:00+05:30,88.66,88.75,88.48,88.59,27332,0
2026-06-16T13:00:00+05:30,88.59,89.17,88.55,89.02,9397,0
2026-06-16T13:15:00+05:30,89.02,89.09,88.81,89.09,7530,0
2026-06-16T13:30:00+05:30,89.08,89.2,88.97,89.14,5090,0
2026-06-16T13:45:00+05:30,89.14,89.2,88.97,89.12,7822,0
2026-06-16T14:00:00+05:30,89.16,89.16,89.0,89.06,12552,0
2026-06-16T14:15:00+05:30,89.06,89.33,89.01,89.24,12234,0
2026-06-16T14:30:00+05:30,89.25,89.6,89.16,89.4,81470,0
2026-06-16T14:45:00+05:30,89.28,89.6,89.22,89.23,78547,0
2026-06-16T15:00:00+05:30,89.36,89.8,88.9,88.91,70095,0
2026-06-16T15:15:00+05:30,88.91,89.56,88.6,89.5,116359,0
2026-06-17T09:15:00+05:30,89.89,90.3,89.1,89.21,100764,0
2026-06-17T09:30:00+05:30,89.21,89.73,88.75,89.56,61695,0
2026-06-17T09:45:00+05:30,89.55,89.61,89.09,89.18,16296,0
2026-06-17T10:00:00+05:30,89.17,89.38,88.89,88.89,31684,0
2026-06-17T10:15:00+05:30,88.9,89.49,88.89,89.27,15133,0
2026-06-17T10:30:00+05:30,89.27,89.43,89.15,89.37,17404,0
2026-06-17T10:45:00+05:30,89.26,89.35,89.2,89.23,7677,0
2026-06-17T11:00:00+05:30,89.32,89.34,88.92,89.29,21639,0
2026-06-17T11:15:00+05:30,89.26,89.45,89.0,89.35,16774,0
2026-06-17T11:30:00+05:30,89.26,89.3,89.01,89.2,10932,0
2026-06-17T11:45:00+05:30,89.31,89.31,89.0,89.1,10915,0
2026-06-17T12:00:00+05:30,89.1,89.44,88.91,89.22,11389,0
2026-06-17T12:15:00+05:30,89.3,89.33,89.13,89.16,2138,0
2026-06-17T12:30:00+05:30,89.16,89.38,89.05,89.38,8251,0
2026-06-17T12:45:00+05:30,89.39,89.59,89.17,89.34,15263,0
2026-06-17T13:00:00+05:30,89.34,89.6,89.34,89.51,16140,0
2026-06-17T13:15:00+05:30,89.45,92.99,89.3,92.08,380498,0
2026-06-17T13:30:00+05:30,92.1,93.65,92.0,92.56,625843,0
2026-06-17T13:45:00+05:30,92.5,92.8,90.78,91.1,265730,0
2026-06-17T14:00:00+05:30,91.05,91.34,90.5,90.67,181547,0
2026-06-17T14:15:00+05:30,90.7,91.13,90.53,90.64,39979,0
2026-06-17T14:30:00+05:30,90.64,91.18,90.5,90.89,30718,0
2026-06-17T14:45:00+05:30,90.96,92.21,90.76,92.21,85448,0
2026-06-17T15:00:00+05:30,92.11,92.75,91.77,92.13,237599,0
2026-06-17T15:15:00+05:30,92.06,92.37,91.25,91.95,183009,0
2026-06-18T09:15:00+05:30,92.78,92.78,90.78,91.04,150412,0
2026-06-18T09:30:00+05:30,91.23,91.53,91.08,91.35,54845,0
2026-06-18T09:45:00+05:30,91.37,91.83,91.24,91.25,80659,0
2026-06-18T10:00:00+05:30,91.37,91.39,90.9,90.99,55509,0
2026-06-18T10:15:00+05:30,91.03,91.25,90.93,91.12,14637,0
2026-06-18T10:30:00+05:30,91.14,91.49,90.85,91.15,22860,0
2026-06-18T10:45:00+05:30,91.02,91.37,91.0,91.17,11631,0
2026-06-18T11:00:00+05:30,91.1,91.29,90.82,90.82,30938,0
2026-06-18T11:15:00+05:30,90.85,90.95,90.51,90.74,25967,0
2026-06-18T11:30:00+05:30,90.7,90.8,90.56,90.72,19792,0
2026-06-18T11:45:00+05:30,90.6,91.08,90.55,91.08,43224,0
2026-06-18T12:00:00+05:30,91.1,91.2,90.73,90.85,9474,0
2026-06-18T12:15:00+05:30,90.73,90.96,90.73,90.8,4563,0
2026-06-18T12:30:00+05:30,90.79,91.0,90.79,90.95,3931,0
2026-06-18T12:45:00+05:30,90.95,91.04,90.94,90.94,1294,0
2026-06-18T13:00:00+05:30,90.94,91.0,90.8,90.8,7235,0
2026-06-18T13:15:00+05:30,90.9,90.95,90.72,90.77,9905,0
2026-06-18T13:30:00+05:30,90.81,91.1,90.81,91.05,12932,0
2026-06-18T13:45:00+05:30,91.05,91.05,90.75,90.75,4951,0
2026-06-18T14:00:00+05:30,90.75,90.83,90.5,90.7,24177,0
2026-06-18T14:15:00+05:30,90.7,90.92,90.55,90.75,15064,0
2026-06-18T14:30:00+05:30,90.91,91.4,90.91,91.22,82352,0
2026-06-18T14:45:00+05:30,91.22,91.25,90.85,91.2,37087,0
2026-06-18T15:00:00+05:30,91.29,91.6,90.99,91.26,90401,0
2026-06-18T15:15:00+05:30,91.26,91.4,90.93,91.3,101523,0
2026-06-19T09:15:00+05:30,91.17,91.17,89.47,90.09,87878,0
2026-06-19T09:30:00+05:30,90.09,90.43,89.9,90.32,19263,0
2026-06-19T09:45:00+05:30,90.42,90.73,90.32,90.73,10239,0
2026-06-19T10:00:00+05:30,90.73,91.49,90.67,91.1,59454,0
2026-06-19T10:15:00+05:30,91.15,91.26,91.01,91.13,15634,0
2026-06-19T10:30:00+05:30,91.2,91.41,91.01,91.38,18160,0
2026-06-19T10:45:00+05:30,91.38,91.38,90.55,90.74,52228,0
2026-06-19T11:00:00+05:30,90.72,90.97,90.61,90.64,11323,0
2026-06-19T11:15:00+05:30,90.78,90.85,90.55,90.65,10818,0
2026-06-19T11:30:00+05:30,90.7,90.84,90.6,90.78,2962,0
2026-06-19T11:45:00+05:30,90.8,90.8,90.55,90.56,13119,0
2026-06-19T12:00:00+05:30,90.56,90.73,90.55,90.58,7391,0
2026-06-19T12:15:00+05:30,90.58,90.89,90.55,90.8,5398,0
2026-06-19T12:30:00+05:30,90.67,90.67,90.5,90.5,31651,0
2026-06-19T12:45:00+05:30,90.5,90.68,90.5,90.52,2022,0
2026-06-19T13:00:00+05:30,90.52,90.52,90.31,90.38,13873,0
2026-06-19T13:15:00+05:30,90.38,90.61,90.21,90.55,7630,0
2026-06-19T13:30:00+05:30,90.5,90.7,90.5,90.67,5542,0
2026-06-19T13:45:00+05:30,90.66,90.76,90.61,90.75,1104,0
2026-06-19T14:00:00+05:30,90.74,91.18,90.74,90.9,17680,0
2026-06-19T14:15:00+05:30,90.81,90.98,90.66,90.67,7472,0
2026-06-19T14:30:00+05:30,90.77,90.86,90.59,90.71,11210,0
2026-06-19T14:45:00+05:30,90.7,91.16,90.61,90.94,19626,0
2026-06-19T15:00:00+05:30,90.72,92.99,90.62,92.5,207216,0
2026-06-19T15:15:00+05:30,92.5,92.5,91.1,91.99,188419,0
2026-06-22T09:15:00+05:30,92.05,95.85,91.62,93.4,593767,0
2026-06-22T09:30:00+05:30,93.35,93.75,92.64,92.67,107748,0
2026-06-22T09:45:00+05:30,92.67,93.49,92.67,92.96,70456,0
2026-06-22T10:00:00+05:30,92.96,93.1,92.1,92.7,104665,0
2026-06-22T10:15:00+05:30,92.52,92.75,92.28,92.47,53279,0
2026-06-22T10:30:00+05:30,92.4,92.73,92.27,92.49,42710,0
2026-06-22T10:45:00+05:30,92.49,92.62,92.37,92.5,18045,0
2026-06-22T11:00:00+05:30,92.5,92.5,92.0,92.03,26667,0
2026-06-22T11:15:00+05:30,92.05,92.39,92.05,92.16,11767,0
2026-06-22T11:30:00+05:30,92.17,92.4,92.06,92.07,24148,0
2026-06-22T11:45:00+05:30,92.07,92.27,91.81,92.04,43732,0
2026-06-22T12:00:00+05:30,92.06,92.2,92.0,92.2,9413,0
2026-06-22T12:15:00+05:30,92.2,92.26,92.05,92.06,12116,0
2026-06-22T12:30:00+05:30,92.2,92.53,92.16,92.25,35526,0
2026-06-22T12:45:00+05:30,92.25,92.25,92.11,92.22,3411,0
2026-06-22T13:00:00+05:30,92.22,92.22,91.8,91.83,23731,0
2026-06-22T13:15:00+05:30,91.85,92.34,91.84,92.15,13706,0
2026-06-22T13:30:00+05:30,92.1,92.24,91.91,91.95,15008,0
2026-06-22T13:45:00+05:30,92.09,92.34,91.98,92.07,12698,0
2026-06-22T14:00:00+05:30,92.07,92.19,92.0,92.1,8667,0
2026-06-22T14:15:00+05:30,92.11,92.19,91.91,91.96,27489,0
2026-06-22T14:30:00+05:30,92.06,92.65,91.91,92.26,55650,0
2026-06-22T14:45:00+05:30,92.29,92.42,92.26,92.3,10981,0
2026-06-22T15:00:00+05:30,92.25,93.8,92.19,93.3,172744,0
2026-06-22T15:15:00+05:30,93.38,93.5,91.05,91.99,152652,0
2026-06-23T09:15:00+05:30,92.1,92.44,91.61,91.67,83212,0
2026-06-23T09:30:00+05:30,91.67,92.24,91.62,91.93,46143,0
2026-06-23T09:45:00+05:30,92.0,92.39,91.8,91.8,21206,0
2026-06-23T10:00:00+05:30,91.84,91.94,91.47,91.7,31059,0
2026-06-23T10:15:00+05:30,91.7,91.7,91.45,91.55,13959,0
2026-06-23T10:30:00+05:30,91.55,91.62,91.3,91.42,35250,0
2026-06-23T10:45:00+05:30,91.31,91.36,90.56,90.9,100768,0
2026-06-23T11:00:00+05:30,90.99,90.99,90.65,90.81,28916,0
2026-06-23T11:15:00+05:30,90.95,91.12,90.81,90.81,15906,0
2026-06-23T11:30:00+05:30,90.81,90.9,90.09,90.5,36154,0
2026-06-23T11:45:00+05:30,90.42,90.44,88.84,89.2,136417,0
2026-06-23T12:00:00+05:30,89.31,89.4,88.9,89.31,38168,0
2026-06-23T12:15:00+05:30,89.3,89.71,89.22,89.48,15990,0
2026-06-23T12:30:00+05:30,89.48,89.59,89.11,89.5,44715,0
2026-06-23T12:45:00+05:30,89.5,89.54,89.3,89.45,8471,0
2026-06-23T13:00:00+05:30,89.45,89.85,89.3,89.69,27163,0
2026-06-23T13:15:00+05:30,89.68,89.76,89.32,89.36,10833,0
2026-06-23T13:30:00+05:30,89.46,89.55,89.4,89.55,7211,0
2026-06-23T13:45:00+05:30,89.55,89.75,89.47,89.47,11177,0
2026-06-23T14:00:00+05:30,89.58,89.9,89.25,89.9,23703,0
2026-06-23T14:15:00+05:30,89.74,89.95,89.72,89.9,8472,0
2026-06-23T14:30:00+05:30,89.79,90.3,89.77,90.24,15511,0
2026-06-23T14:45:00+05:30,90.25,90.29,90.06,90.23,7087,0
2026-06-23T15:00:00+05:30,90.08,91.7,89.3,90.08,116469,0
2026-06-23T15:15:00+05:30,90.08,90.8,89.5,90.01,77058,0
2026-06-24T09:15:00+05:30,91.99,92.46,90.82,91.19,245332,0
2026-06-24T09:30:00+05:30,91.16,91.25,90.4,90.45,60359,0
2026-06-24T09:45:00+05:30,90.45,90.48,90.01,90.12,30181,0
2026-06-24T10:00:00+05:30,90.21,90.6,90.21,90.35,10672,0
2026-06-24T10:15:00+05:30,90.26,90.73,90.14,90.33,17735,0
2026-06-24T10:30:00+05:30,90.33,90.46,90.06,90.14,13059,0
2026-06-24T10:45:00+05:30,90.14,90.31,90.06,90.06,3853,0
2026-06-24T11:00:00+05:30,90.19,90.49,90.13,90.31,6584,0
2026-06-24T11:15:00+05:30,90.45,90.59,90.3,90.37,7236,0
2026-06-24T11:30:00+05:30,90.37,90.43,90.2,90.31,8880,0
2026-06-24T11:45:00+05:30,90.31,91.44,90.31,91.05,92894,0
2026-06-24T12:00:00+05:30,91.01,91.43,90.51,90.95,51567,0
2026-06-24T12:15:00+05:30,90.96,90.96,90.66,90.8,6476,0
2026-06-24T12:30:00+05:30,90.72,90.8,90.62,90.75,6784,0
2026-06-24T12:45:00+05:30,90.75,91.19,90.75,91.17,8646,0
2026-06-24T13:00:00+05:30,91.08,91.38,91.01,91.17,19263,0
2026-06-24T13:15:00+05:30,91.16,91.44,91.13,91.13,10813,0
2026-06-24T13:30:00+05:30,91.13,91.29,90.85,90.95,6597,0
2026-06-24T13:45:00+05:30,90.95,91.27,90.85,91.0,8400,0
2026-06-24T14:00:00+05:30,91.0,91.12,90.87,91.02,4787,0
2026-06-24T14:15:00+05:30,91.03,91.14,90.85,91.12,7393,0
2026-06-24T14:30:00+05:30,91.11,91.11,90.81,91.02,12896,0
2026-06-24T14:45:00+05:30,91.02,91.29,90.8,91.24,22700,0
2026-06-24T15:00:00+05:30,91.28,92.49,90.89,91.6,175715,0
2026-06-24T15:15:00+05:30,91.6,92.15,91.45,91.79,142821,0
2026-06-25T09:15:00+05:30,91.9,92.04,91.0,91.15,80986,0
2026-06-25T09:30:00+05:30,91.25,91.41,90.7,90.91,25390,0
2026-06-25T09:45:00+05:30,90.99,91.2,90.58,90.81,33018,0
2026-06-25T10:00:00+05:30,90.94,91.08,90.65,90.72,14498,0
2026-06-25T10:15:00+05:30,90.72,91.49,90.67,91.17,64319,0
2026-06-25T10:30:00+05:30,91.37,91.38,90.96,91.06,7666,0
2026-06-25T10:45:00+05:30,91.05,91.5,90.9,91.49,24891,0
2026-06-25T11:00:00+05:30,91.48,91.48,91.14,91.14,3494,0
2026-06-25T11:15:00+05:30,91.24,91.24,91.14,91.2,1152,0
2026-06-25T11:30:00+05:30,91.2,91.36,91.01,91.19,23505,0
2026-06-25T11:45:00+05:30,91.26,91.39,91.02,91.13,6927,0
2026-06-25T12:00:00+05:30,91.14,91.4,91.13,91.2,4097,0
2026-06-25T12:15:00+05:30,91.08,91.5,91.01,91.05,24694,0
2026-06-25T12:30:00+05:30,91.07,91.09,90.31,90.47,33429,0
2026-06-25T12:45:00+05:30,90.53,90.62,90.2,90.49,28367,0
2026-06-25T13:00:00+05:30,90.49,90.67,90.12,90.5,30617,0
2026-06-25T13:15:00+05:30,90.46,90.57,90.39,90.57,9537,0
2026-06-25T13:30:00+05:30,90.57,90.65,90.37,90.51,3452,0
2026-06-25T13:45:00+05:30,90.62,90.68,90.4,90.4,3531,0
2026-06-25T14:00:00+05:30,90.66,90.66,90.06,90.14,19856,0
2026-06-25T14:15:00+05:30,90.22,90.63,89.86,90.34,27584,0
2026-06-25T14:30:00+05:30,90.44,90.87,90.31,90.42,15776,0
2026-06-25T14:45:00+05:30,90.42,91.01,90.42,90.73,12271,0
2026-06-25T15:00:00+05:30,90.71,92.0,90.6,90.6,114857,0
2026-06-25T15:15:00+05:30,90.84,91.47,90.3,90.99,109050,0
2026-06-29T09:15:00+05:30,91.5,91.51,90.05,90.28,90971,0
2026-06-29T09:30:00+05:30,90.09,90.99,89.56,90.21,61256,0
2026-06-29T09:45:00+05:30,90.39,90.88,90.22,90.5,28581,0
2026-06-29T10:00:00+05:30,90.5,90.7,90.05,90.35,20974,0
2026-06-29T10:15:00+05:30,90.48,90.58,90.16,90.28,10000,0
2026-06-29T10:30:00+05:30,90.46,90.48,90.01,90.11,21089,0
2026-06-29T10:45:00+05:30,90.25,90.49,90.04,90.05,15827,0
2026-06-29T11:00:00+05:30,90.2,90.48,90.02,90.28,12832,0
2026-06-29T11:15:00+05:30,90.28,90.29,90.05,90.09,1688,0
2026-06-29T11:30:00+05:30,90.25,90.55,90.1,90.11,20220,0
2026-06-29T11:45:00+05:30,90.11,90.33,89.05,89.66,60301,0
2026-06-29T12:00:00+05:30,89.66,89.74,89.49,89.53,6112,0
2026-06-29T12:15:00+05:30,89.53,89.61,89.4,89.43,5758,0
2026-06-29T12:30:00+05:30,89.33,89.45,88.51,89.15,32615,0
2026-06-29T12:45:00+05:30,89.13,89.19,88.85,89.18,5591,0
2026-06-29T13:00:00+05:30,89.1,89.32,88.7,88.91,19662,0
2026-06-29T13:15:00+05:30,88.96,89.22,88.7,89.22,12528,0
2026-06-29T13:30:00+05:30,89.22,89.46,89.06,89.25,6191,0
2026-06-29T13:45:00+05:30,89.25,89.33,89.08,89.25,2428,0
2026-06-29T14:00:00+05:30,89.25,89.5,89.09,89.48,3519,0
2026-06-29T14:15:00+05:30,89.48,90.13,89.44,89.6,44101,0
2026-06-29T14:30:00+05:30,89.6,89.71,89.24,89.57,8278,0
2026-06-29T14:45:00+05:30,89.57,89.73,89.44,89.44,12590,0
2026-06-29T15:00:00+05:30,89.44,91.02,89.35,90.4,86862,0
2026-06-29T15:15:00+05:30,90.38,90.98,89.8,90.9,98724,0
2026-06-30T09:15:00+05:30,90.99,91.5,90.06,90.59,63032,0
2026-06-30T09:30:00+05:30,90.45,90.6,89.81,89.96,21353,0
2026-06-30T09:45:00+05:30,89.81,90.09,89.71,90.01,15973,0
2026-06-30T10:00:00+05:30,89.84,90.09,89.74,89.76,15491,0
2026-06-30T10:15:00+05:30,89.76,90.0,89.76,89.94,4049,0
2026-06-30T10:30:00+05:30,89.93,90.0,89.75,89.99,7384,0
2026-06-30T10:45:00+05:30,89.86,89.9,89.74,89.75,9669,0
2026-06-30T11:00:00+05:30,89.8,89.96,89.75,89.79,4469,0
2026-06-30T11:15:00+05:30,89.83,90.38,89.81,90.14,11986,0
2026-06-30T11:30:00+05:30,90.14,90.26,89.92,89.99,4741,0
2026-06-30T11:45:00+05:30,89.99,90.16,89.99,90.15,576,0
2026-06-30T12:00:00+05:30,90.15,90.26,90.0,90.02,2679,0
2026-06-30T12:15:00+05:30,90.15,90.2,90.06,90.2,4207,0
2026-06-30T12:30:00+05:30,90.09,90.12,90.05,90.1,2434,0
2026-06-30T12:45:00+05:30,90.1,90.1,89.7,89.9,17411,0
2026-06-30T13:00:00+05:30,89.9,90.09,89.76,89.76,9822,0
2026-06-30T13:15:00+05:30,89.79,91.5,89.78,91.5,123499,0
2026-06-30T13:30:00+05:30,91.6,96.65,91.5,93.42,973933,0
2026-06-30T13:45:00+05:30,93.41,93.49,92.4,92.84,224972,0
2026-06-30T14:00:00+05:30,92.89,93.39,92.17,92.67,125942,0
2026-06-30T14:15:00+05:30,92.67,93.59,92.55,93.36,154003,0
2026-06-30T14:30:00+05:30,93.4,93.65,92.87,93.2,171308,0
2026-06-30T14:45:00+05:30,93.26,93.55,92.72,93.4,130078,0
2026-06-30T15:00:00+05:30,93.4,93.4,92.48,92.49,106691,0
2026-06-30T15:15:00+05:30,92.5,92.61,91.3,91.5,347648,0
2026-07-01T09:15:00+05:30,92.25,92.4,91.4,91.4,92735,0
2026-07-01T09:30:00+05:30,91.5,91.9,90.91,91.75,66428,0
2026-07-01T09:45:00+05:30,91.7,91.85,91.34,91.5,18329,0
2026-07-01T10:00:00+05:30,91.49,91.56,90.6,90.99,66750,0
2026-07-01T10:15:00+05:30,90.99,91.29,90.7,90.9,36943,0
2026-07-01T10:30:00+05:30,90.9,91.12,90.8,90.95,13750,0
2026-07-01T10:45:00+05:30,90.97,91.31,90.86,91.0,21925,0
2026-07-01T11:00:00+05:30,91.14,91.3,91.11,91.27,9816,0
2026-07-01T11:15:00+05:30,91.2,91.45,91.15,91.4,16748,0
2026-07-01T11:30:00+05:30,91.4,91.4,91.17,91.35,7968,0
2026-07-01T11:45:00+05:30,91.35,91.36,91.2,91.2,9403,0
2026-07-01T12:00:00+05:30,91.21,91.6,91.2,91.48,37466,0
2026-07-01T12:15:00+05:30,91.45,91.96,91.32,91.43,37628,0
2026-07-01T12:30:00+05:30,91.43,91.66,91.34,91.36,10096,0
2026-07-01T12:45:00+05:30,91.36,91.5,91.15,91.3,14866,0
2026-07-01T13:00:00+05:30,91.3,91.5,91.11,91.36,4923,0
2026-07-01T13:15:00+05:30,91.36,91.56,91.03,91.23,25721,0
2026-07-01T13:30:00+05:30,91.23,91.42,91.23,91.35,3906,0
2026-07-01T13:45:00+05:30,91.35,91.49,91.04,91.19,6787,0
2026-07-01T14:00:00+05:30,91.31,91.4,91.21,91.4,5682,0
2026-07-01T14:15:00+05:30,91.31,91.4,91.13,91.2,12610,0
2026-07-01T14:30:00+05:30,91.2,91.34,91.1,91.16,12817,0
2026-07-01T14:45:00+05:30,91.16,91.33,90.6,90.65,80082,0
2026-07-01T15:00:00+05:30,90.66,91.14,90.24,90.44,102600,0
2026-07-01T15:15:00+05:30,90.41,90.9,90.0,90.65,180566,0
2026-07-02T09:15:00+05:30,90.65,90.99,90.21,90.97,63195,0
2026-07-02T09:30:00+05:30,90.9,90.99,90.63,90.83,18204,0
2026-07-02T09:45:00+05:30,90.86,91.7,90.86,91.1,58514,0
2026-07-02T10:00:00+05:30,91.1,91.37,90.94,91.25,33363,0
2026-07-02T10:15:00+05:30,91.22,91.39,91.03,91.15,9805,0
2026-07-02T10:30:00+05:30,91.25,91.34,90.95,91.03,13778,0
2026-07-02T10:45:00+05:30,90.96,91.03,90.84,91.03,2863,0
2026-07-02T11:00:00+05:30,91.03,91.4,90.84,90.85,15236,0
2026-07-02T11:15:00+05:30,90.83,90.99,90.83,90.85,5774,0
2026-07-02T11:30:00+05:30,90.85,90.96,90.6,90.6,6313,0
2026-07-02T11:45:00+05:30,90.57,90.99,90.57,90.85,8631,0
2026-07-02T12:00:00+05:30,90.85,90.99,90.85,90.85,984,0
2026-07-02T12:15:00+05:30,90.85,90.91,90.71,90.91,4508,0
2026-07-02T12:30:00+05:30,90.91,90.91,90.43,90.57,27932,0
2026-07-02T12:45:00+05:30,90.5,90.59,90.3,90.45,8248,0
2026-07-02T13:00:00+05:30,90.45,90.49,90.25,90.29,2474,0
2026-07-02T13:15:00+05:30,90.3,90.55,90.3,90.47,9347,0
2026-07-02T13:30:00+05:30,90.47,90.54,90.4,90.54,4274,0
2026-07-02T13:45:00+05:30,90.5,90.55,90.4,90.55,2855,0
2026-07-02T14:00:00+05:30,90.5,90.75,90.43,90.55,15504,0
2026-07-02T14:15:00+05:30,90.55,90.55,90.4,90.5,1420,0
2026-07-02T14:30:00+05:30,90.5,90.56,90.35,90.5,27402,0
2026-07-02T14:45:00+05:30,90.41,90.56,90.2,90.55,21670,0
2026-07-02T15:00:00+05:30,90.55,90.92,90.2,90.24,47016,0
2026-07-02T15:15:00+05:30,90.24,91.4,90.16,91.25,126332,0
2026-07-03T09:15:00+05:30,91.25,91.75,90.26,90.47,114687,0
2026-07-03T09:30:00+05:30,90.45,90.52,90.0,90.11,70359,0
2026-07-03T09:45:00+05:30,90.13,90.75,90.11,90.65,40005,0
2026-07-03T10:00:00+05:30,90.65,90.8,90.65,90.79,7607,0
2026-07-03T10:15:00+05:30,90.68,91.41,90.65,90.88,55557,0
2026-07-03T10:30:00+05:30,90.89,90.89,90.66,90.74,5530,0
2026-07-03T10:45:00+05:30,90.69,90.7,90.2,90.44,27884,0
2026-07-03T11:00:00+05:30,90.36,90.6,90.3,90.41,35721,0
2026-07-03T11:15:00+05:30,90.41,90.58,90.4,90.57,2364,0
2026-07-03T11:30:00+05:30,90.51,90.58,90.38,90.47,4931,0
2026-07-03T11:45:00+05:30,90.47,90.48,90.42,90.48,1130,0
2026-07-03T12:00:00+05:30,90.48,90.57,90.25,90.48,7343,0
2026-07-03T12:15:00+05:30,90.37,90.52,90.35,90.44,1634,0
2026-07-03T12:30:00+05:30,90.45,90.45,90.3,90.42,3162,0
2026-07-03T12:45:00+05:30,90.3,90.53,90.21,90.48,6706,0
2026-07-03T13:00:00+05:30,90.48,90.5,90.32,90.46,3089,0
2026-07-03T13:15:00+05:30,90.46,90.46,90.26,90.26,3188,0
2026-07-03T13:30:00+05:30,90.31,90.47,90.25,90.41,3974,0
2026-07-03T13:45:00+05:30,90.41,90.42,90.41,90.42,2116,0
2026-07-03T14:00:00+05:30,90.42,90.75,90.42,90.63,13005,0
2026-07-03T14:15:00+05:30,90.64,90.64,90.46,90.56,1919,0
2026-07-03T14:30:00+05:30,90.56,90.97,90.51,90.79,16111,0
2026-07-03T14:45:00+05:30,90.75,91.29,90.46,91.16,64612,0
2026-07-03T15:00:00+05:30,91.1,91.35,90.99,90.99,66769,0
2026-07-03T15:15:00+05:30,90.99,91.0,89.5,89.5,119357,0
2026-07-06T09:15:00+05:30,90.43,90.68,89.59,89.66,82013,0
2026-07-06T09:30:00+05:30,89.66,89.84,89.55,89.8,18012,0
2026-07-06T09:45:00+05:30,89.85,90.9,89.81,90.15,58767,0
2026-07-06T10:00:00+05:30,90.29,90.37,90.2,90.21,3066,0
2026-07-06T10:15:00+05:30,90.21,90.29,90.12,90.15,4318,0
2026-07-06T10:30:00+05:30,90.2,90.2,90.01,90.06,4597,0
2026-07-06T10:45:00+05:30,90.09,90.14,89.85,90.01,5354,0
2026-07-06T11:00:00+05:30,90.01,90.18,89.78,89.88,14195,0
2026-07-06T11:15:00+05:30,89.85,90.15,89.83,89.98,12372,0
2026-07-06T11:30:00+05:30,89.97,90.15,89.8,89.96,16184,0
2026-07-06T11:45:00+05:30,90.0,90.15,89.85,89.87,13736,0
2026-07-06T12:00:00+05:30,89.87,90.09,89.85,90.0,6669,0
2026-07-06T12:15:00+05:30,90.15,90.15,89.85,89.86,4384,0
2026-07-06T12:30:00+05:30,89.86,90.14,89.86,90.14,4481,0
2026-07-06T12:45:00+05:30,90.14,90.14,89.92,89.95,336,0
2026-07-06T13:00:00+05:30,90.05,90.06,89.91,90.0,1631,0
2026-07-06T13:15:00+05:30,90.0,90.0,89.41,89.7,55237,0
2026-07-06T13:30:00+05:30,89.69,89.7,89.56,89.65,2667,0
2026-07-06T13:45:00+05:30,89.65,89.67,89.52,89.66,2618,0
2026-07-06T14:00:00+05:30,89.66,89.7,89.5,89.57,3663,0
2026-07-06T14:15:00+05:30,89.56,89.67,89.5,89.67,2810,0
2026-07-06T14:30:00+05:30,89.57,89.98,89.5,89.91,20847,0
2026-07-06T14:45:00+05:30,89.9,90.05,89.55,89.65,33146,0
2026-07-06T15:00:00+05:30,89.65,90.28,89.53,89.66,49384,0
2026-07-06T15:15:00+05:30,89.61,89.78,89.14,89.2,36362,0
2026-07-07T09:15:00+05:30,89.5,89.84,89.3,89.4,36408,0
2026-07-07T09:30:00+05:30,89.55,89.55,88.88,89.1,40692,0
2026-07-07T09:45:00+05:30,89.1,89.12,88.51,88.93,25173,0
2026-07-07T10:00:00+05:30,88.94,89.05,88.03,88.03,24866,0
2026-07-07T10:15:00+05:30,88.1,88.2,87.5,87.95,47141,0
2026-07-07T10:30:00+05:30,87.95,88.16,87.8,87.93,10075,0
2026-07-07T10:45:00+05:30,87.93,88.13,87.85,87.99,10726,0
2026-07-07T11:00:00+05:30,87.95,88.0,86.83,87.09,105535,0
2026-07-07T11:15:00+05:30,86.97,87.41,86.97,87.17,37654,0
2026-07-07T11:30:00+05:30,87.17,87.33,87.12,87.3,8251,0
2026-07-07T11:45:00+05:30,87.2,87.41,87.06,87.17,27324,0
2026-07-07T12:00:00+05:30,87.28,87.39,87.12,87.2,9193,0
2026-07-07T12:15:00+05:30,87.26,87.26,86.81,87.02,53121,0
2026-07-07T12:30:00+05:30,87.0,87.1,86.67,87.01,19908,0
2026-07-07T12:45:00+05:30,87.01,87.06,86.69,87.03,12558,0
2026-07-07T13:00:00+05:30,87.05,87.05,86.6,86.6,16315,0
2026-07-07T13:15:00+05:30,86.61,86.76,86.31,86.54,35798,0
2026-07-07T13:30:00+05:30,86.63,86.88,86.53,86.8,9580,0
2026-07-07T13:45:00+05:30,86.8,87.09,86.8,87.06,9050,0
2026-07-07T14:00:00+05:30,87.09,87.09,86.82,87.02,4409,0
2026-07-07T14:15:00+05:30,87.02,87.12,86.75,87.1,16734,0
2026-07-07T14:30:00+05:30,87.09,87.22,87.03,87.17,4437,0
2026-07-07T14:45:00+05:30,87.17,87.18,87.0,87.05,12763,0
2026-07-07T15:00:00+05:30,87.05,87.74,87.0,87.11,49040,0
2026-07-07T15:15:00+05:30,87.11,87.11,86.5,86.54,96098,0
2026-07-08T09:15:00+05:30,86.98,86.98,86.38,86.49,21134,0
2026-07-08T09:30:00+05:30,86.48,86.63,86.25,86.45,20021,0
2026-07-08T09:45:00+05:30,86.4,86.4,86.09,86.2,7193,0
2026-07-08T10:00:00+05:30,86.26,86.26,85.8,86.15,34056,0
2026-07-08T10:15:00+05:30,86.15,86.16,86.0,86.05,8023,0
2026-07-08T10:30:00+05:30,86.12,86.66,86.09,86.33,28861,0
2026-07-08T10:45:00+05:30,86.33,86.66,86.3,86.38,15319,0
2026-07-08T11:00:00+05:30,86.53,86.71,86.4,86.67,7648,0
2026-07-08T11:15:00+05:30,86.44,86.67,86.3,86.64,10548,0
2026-07-08T11:30:00+05:30,86.64,86.99,86.64,86.7,12420,0
2026-07-08T11:45:00+05:30,86.7,86.7,86.15,86.41,40409,0
2026-07-08T12:00:00+05:30,86.41,86.62,86.3,86.53,14390,0
2026-07-08T12:15:00+05:30,86.57,86.57,86.4,86.52,7325,0
2026-07-08T12:30:00+05:30,86.52,86.52,86.12,86.39,13548,0
2026-07-08T12:45:00+05:30,86.25,86.49,86.25,86.45,878,0
2026-07-08T13:00:00+05:30,86.45,86.54,86.34,86.42,1786,0
2026-07-08T13:15:00+05:30,86.42,86.42,86.27,86.36,724,0
2026-07-08T13:30:00+05:30,86.38,86.4,86.24,86.39,1953,0
2026-07-08T13:45:00+05:30,86.39,86.39,85.55,85.55,20844,0
2026-07-08T14:00:00+05:30,85.52,85.88,84.5,84.8,96103,0
2026-07-08T14:15:00+05:30,84.84,85.3,84.32,85.0,46590,0
2026-07-08T14:30:00+05:30,84.94,85.3,84.76,84.95,20669,0
2026-07-08T14:45:00+05:30,84.99,85.08,84.5,84.72,23112,0
2026-07-08T15:00:00+05:30,84.78,86.25,84.66,85.86,57475,0
2026-07-08T15:15:00+05:30,85.86,86.85,85.01,85.05,101163,0
2026-07-09T09:15:00+05:30,85.97,86.72,85.42,86.55,45055,0
2026-07-09T09:30:00+05:30,86.55,86.89,86.49,86.8,11994,0
2026-07-09T09:45:00+05:30,86.8,87.88,86.8,87.37,56798,0
2026-07-09T10:00:00+05:30,87.3,87.6,87.09,87.28,8713,0
2026-07-09T10:15:00+05:30,87.23,87.38,87.06,87.06,4758,0
2026-07-09T10:30:00+05:30,87.16,87.55,87.0,87.54,9028,0
2026-07-09T10:45:00+05:30,87.42,87.5,87.03,87.16,2194,0
2026-07-09T11:00:00+05:30,87.09,87.17,86.89,87.06,2628,0
2026-07-09T11:15:00+05:30,87.0,87.06,86.87,86.9,1386,0
2026-07-09T11:30:00+05:30,86.9,87.46,86.9,87.22,15447,0
2026-07-09T11:45:00+05:30,87.3,87.35,87.16,87.21,2471,0
2026-07-09T12:00:00+05:30,87.23,87.47,87.17,87.17,1984,0
2026-07-09T12:15:00+05:30,87.29,87.34,87.2,87.2,4296,0
2026-07-09T12:30:00+05:30,87.2,87.36,87.14,87.31,1472,0
2026-07-09T12:45:00+05:30,87.31,87.33,87.22,87.31,78,0
2026-07-09T13:00:00+05:30,87.31,87.75,87.19,87.75,19352,0
2026-07-09T13:15:00+05:30,87.75,88.5,87.75,87.94,79002,0
2026-07-09T13:30:00+05:30,87.94,88.0,87.84,87.9,7868,0
2026-07-09T13:45:00+05:30,87.87,87.9,87.71,87.85,3278,0
2026-07-09T14:00:00+05:30,87.85,87.93,87.58,87.8,7625,0
2026-07-09T14:15:00+05:30,87.81,87.81,87.33,87.53,13950,0
2026-07-09T14:30:00+05:30,87.39,87.67,87.39,87.5,6535,0
2026-07-09T14:45:00+05:30,87.57,87.88,87.5,87.68,8351,0
2026-07-09T15:00:00+05:30,87.68,87.71,87.08,87.23,22831,0
2026-07-09T15:15:00+05:30,87.26,87.57,87.03,87.08,28894,0
2026-07-10T09:15:00+05:30,88.0,88.73,87.62,88.42,31234,0
2026-07-10T09:30:00+05:30,88.42,89.24,88.38,88.69,40528,0
2026-07-10T09:45:00+05:30,88.8,88.96,88.46,88.51,23099,0
2026-07-10T10:00:00+05:30,88.51,88.69,88.5,88.55,4550,0
2026-07-10T10:15:00+05:30,88.56,88.65,88.42,88.59,7379,0
2026-07-10T10:30:00+05:30,88.51,88.75,88.15,88.6,26141,0
2026-07-10T10:45:00+05:30,88.6,88.73,88.37,88.45,2024,0
2026-07-10T11:00:00+05:30,88.58,88.78,88.32,88.42,4627,0
2026-07-10T11:15:00+05:30,88.31,88.38,88.18,88.21,1124,0
2026-07-10T11:30:00+05:30,88.19,88.41,88.17,88.23,1054,0
2026-07-10T11:45:00+05:30,88.22,88.46,88.21,88.26,1845,0
2026-07-10T12:00:00+05:30,88.3,88.39,88.27,88.28,666,0
2026-07-10T12:15:00+05:30,88.28,88.54,88.2,88.22,13075,0
2026-07-10T12:30:00+05:30,88.23,88.3,88.17,88.29,4638,0
2026-07-10T12:45:00+05:30,88.28,88.61,88.18,88.45,8576,0
2026-07-10T13:00:00+05:30,88.35,88.59,88.35,88.46,2829,0
2026-07-10T13:15:00+05:30,88.46,88.46,87.91,88.0,24498,0
2026-07-10T13:30:00+05:30,88.0,88.37,87.98,88.37,2318,0
2026-07-10T13:45:00+05:30,88.37,88.37,88.18,88.19,3614,0
2026-07-10T14:00:00+05:30,88.19,88.41,88.19,88.2,5213,0
2026-07-10T14:15:00+05:30,88.38,88.38,88.0,88.0,14640,0
2026-07-10T14:30:00+05:30,88.16,88.27,88.09,88.1,8818,0
2026-07-10T14:45:00+05:30,88.1,88.22,88.06,88.17,3638,0
2026-07-10T15:00:00+05:30,88.16,88.2,88.0,88.01,15543,0
2026-07-10T15:15:00+05:30,88.02,88.09,87.49,87.96,47216,0
2026-07-13T09:15:00+05:30,87.78,90.5,86.55,89.51,193440,0
2026-07-13T09:30:00+05:30,89.51,89.95,89.01,89.27,61388,0
2026-07-13T09:45:00+05:30,89.26,89.66,89.0,89.16,46984,0
2026-07-13T10:00:00+05:30,89.16,89.65,89.0,89.18,30123,0
2026-07-13T10:15:00+05:30,89.28,89.28,88.81,88.89,20518,0
2026-07-13T10:30:00+05:30,89.07,89.14,88.69,88.91,11241,0
2026-07-13T10:45:00+05:30,88.85,89.46,88.61,89.31,17315,0
2026-07-13T11:00:00+05:30,89.31,89.37,89.0,89.01,3803,0
2026-07-13T11:15:00+05:30,89.01,89.1,88.51,88.51,10283,0
2026-07-13T11:30:00+05:30,88.51,88.74,88.51,88.56,9918,0
2026-07-13T11:45:00+05:30,88.58,88.74,88.21,88.39,6417,0
2026-07-13T12:00:00+05:30,88.39,88.9,88.37,88.56,6357,0
2026-07-13T12:15:00+05:30,88.56,89.24,88.56,89.24,13623,0
2026-07-13T12:30:00+05:30,89.05,89.25,88.41,88.92,26239,0
2026-07-13T12:45:00+05:30,88.86,89.11,88.83,88.91,1968,0
2026-07-13T13:00:00+05:30,88.91,89.05,88.91,88.94,6955,0
2026-07-13T13:15:00+05:30,89.02,90.0,88.8,89.63,52533,0
2026-07-13T13:30:00+05:30,89.66,89.72,89.34,89.41,4618,0
2026-07-13T13:45:00+05:30,89.35,89.49,89.25,89.28,5575,0
2026-07-13T14:00:00+05:30,89.28,89.5,89.28,89.3,4500,0
2026-07-13T14:15:00+05:30,89.3,89.5,89.07,89.31,10038,0
2026-07-13T14:30:00+05:30,89.31,89.31,88.99,89.17,12237,0
2026-07-13T14:45:00+05:30,89.15,89.25,88.96,89.2,10914,0
2026-07-13T15:00:00+05:30,89.11,89.75,89.0,89.17,71836,0
2026-07-13T15:15:00+05:30,89.15,89.75,88.75,89.75,38490,0
2026-07-14T09:15:00+05:30,89.01,89.08,87.97,88.0,45702,0
2026-07-14T09:30:00+05:30,88.0,88.21,87.81,88.0,25363,0
2026-07-14T09:45:00+05:30,88.02,88.22,87.88,88.07,3599,0
2026-07-14T10:00:00+05:30,87.91,88.02,87.72,87.72,11947,0
2026-07-14T10:15:00+05:30,87.72,87.99,87.47,87.5,8669,0
2026-07-14T10:30:00+05:30,87.5,87.93,87.21,87.5,16585,0
2026-07-14T10:45:00+05:30,87.55,87.95,87.5,87.95,5826,0
2026-07-14T11:00:00+05:30,87.86,87.92,87.66,87.8,2057,0
2026-07-14T11:15:00+05:30,87.67,87.78,87.61,87.61,815,0
2026-07-14T11:30:00+05:30,87.61,87.75,87.5,87.55,7909,0
2026-07-14T11:45:00+05:30,87.55,87.69,87.55,87.55,394,0
2026-07-14T12:00:00+05:30,87.55,87.71,87.55,87.71,1287,0
2026-07-14T12:15:00+05:30,87.7,87.7,87.31,87.32,10043,0
2026-07-14T12:30:00+05:30,87.45,87.83,87.4,87.45,6589,0
2026-07-14T12:45:00+05:30,87.55,87.63,87.5,87.63,1621,0
2026-07-14T13:00:00+05:30,87.63,87.82,87.51,87.57,6576,0
2026-07-14T13:15:00+05:30,87.58,87.65,87.5,87.5,838,0
2026-07-14T13:30:00+05:30,87.5,87.7,87.44,87.44,2936,0
2026-07-14T13:45:00+05:30,87.61,87.69,87.58,87.58,134,0
2026-07-14T14:00:00+05:30,87.58,87.72,87.58,87.71,1227,0
2026-07-14T14:15:00+05:30,87.71,87.74,87.46,87.7,8147,0
2026-07-14T14:30:00+05:30,87.7,87.95,87.65,87.95,8006,0
2026-07-14T14:45:00+05:30,87.84,87.93,87.56,87.69,5919,0
2026-07-14T15:00:00+05:30,87.61,88.52,87.58,88.14,29136,0
2026-07-14T15:15:00+05:30,88.14,89.01,87.5,88.7,108765,0
2026-07-15T09:15:00+05:30,88.5,88.79,88.23,88.45,12003,0
2026-07-15T09:30:00+05:30,88.38,88.82,88.38,88.45,13312,0
2026-07-15T09:45:00+05:30,88.45,88.63,88.4,88.5,14487,0
2026-07-15T10:00:00+05:30,88.41,88.57,88.4,88.53,6235,0
2026-07-15T10:15:00+05:30,88.53,88.56,88.26,88.46,3279,0
2026-07-15T10:30:00+05:30,88.32,88.5,88.25,88.26,5065,0
2026-07-15T10:45:00+05:30,88.26,88.39,88.2,88.2,5103,0
2026-07-15T11:00:00+05:30,88.3,88.39,88.16,88.22,4088,0
2026-07-15T11:15:00+05:30,88.22,88.38,88.0,88.02,12747,0
2026-07-15T11:30:00+05:30,88.02,88.18,88.02,88.06,1105,0
2026-07-15T11:45:00+05:30,88.06,88.22,88.06,88.22,2909,0
2026-07-15T12:00:00+05:30,88.22,88.33,88.06,88.17,5692,0
2026-07-15T12:15:00+05:30,88.17,88.17,88.01,88.17,3376,0
2026-07-15T12:30:00+05:30,88.19,88.24,88.01,88.02,2799,0
2026-07-15T12:45:00+05:30,88.02,88.18,87.6,87.6,6594,0
2026-07-15T13:00:00+05:30,87.6,87.88,87.6,87.75,2533,0
2026-07-15T13:15:00+05:30,87.75,88.15,87.75,88.06,4212,0
2026-07-15T13:30:00+05:30,88.06,88.09,87.9,87.91,4562,0
2026-07-15T13:45:00+05:30,87.91,88.02,87.14,87.9,25581,0
2026-07-15T14:00:00+05:30,87.77,87.95,87.59,87.62,3198,0
2026-07-15T14:15:00+05:30,87.63,88.48,87.63,88.13,18145,0
2026-07-15T14:30:00+05:30,88.2,88.24,88.01,88.1,3296,0
2026-07-15T14:45:00+05:30,88.18,88.19,87.75,87.91,8250,0
2026-07-15T15:00:00+05:30,87.91,88.05,87.5,87.67,32983,0
2026-07-15T15:15:00+05:30,87.77,87.95,87.15,87.95,54113,0
2026-07-16T09:15:00+05:30,87.6,88.59,87.48,87.48,36754,0
2026-07-16T09:30:00+05:30,87.65,87.67,87.25,87.55,20893,0
2026-07-16T09:45:00+05:30,87.55,87.69,87.26,87.26,5807,0
2026-07-16T10:00:00+05:30,87.34,92.48,87.34,90.51,493478,0
2026-07-16T10:15:00+05:30,90.54,90.99,89.07,89.15,240562,0
2026-07-16T10:30:00+05:30,89.26,91.0,89.0,90.93,116475,0
2026-07-16T10:45:00+05:30,90.9,91.5,90.0,90.78,258403,0
2026-07-16T11:00:00+05:30,90.77,92.0,90.27,91.03,168773,0
2026-07-16T11:15:00+05:30,91.1,91.3,90.42,90.59,70331,0
2026-07-16T11:30:00+05:30,90.68,90.9,90.27,90.6,39201,0
2026-07-16T11:45:00+05:30,90.6,90.74,90.42,90.46,8899,0
2026-07-16T12:00:00+05:30,90.46,91.25,90.46,91.1,60119,0
2026-07-16T12:15:00+05:30,91.1,91.19,90.0,90.65,65059,0
2026-07-16T12:30:00+05:30,90.74,90.74,90.4,90.5,41146,0
2026-07-16T12:45:00+05:30,90.53,90.55,89.76,90.15,60632,0
2026-07-16T13:00:00+05:30,90.05,90.78,89.52,90.48,46825,0
2026-07-16T13:15:00+05:30,90.65,91.37,90.3,91.0,147973,0
2026-07-16T13:30:00+05:30,91.04,91.09,90.3,90.44,58472,0
2026-07-16T13:45:00+05:30,90.4,90.6,90.3,90.48,19346,0
2026-07-16T14:00:00+05:30,90.5,90.59,89.96,90.21,28195,0
2026-07-16T14:15:00+05:30,90.22,90.3,89.32,89.78,67243,0
2026-07-16T14:30:00+05:30,89.93,89.99,89.67,89.87,16994,0
2026-07-16T14:45:00+05:30,89.88,90.99,89.75,90.73,55067,0
2026-07-16T15:00:00+05:30,90.59,92.0,90.57,91.44,214747,0
2026-07-16T15:15:00+05:30,91.26,91.95,90.51,90.68,201031,0
2026-07-17T09:15:00+05:30,87.03,89.0,86.35,87.92,416592,0
2026-07-17T09:30:00+05:30,87.89,88.47,87.61,88.02,168584,0
2026-07-17T09:45:00+05:30,88.0,88.11,87.03,87.22,97465,0
2026-07-17T10:00:00+05:30,87.24,87.7,87.17,87.4,29563,0
2026-07-17T10:15:00+05:30,87.4,87.78,87.4,87.44,25647,0
2026-07-17T10:30:00+05:30,87.55,87.88,87.41,87.8,17506,0
2026-07-17T10:45:00+05:30,87.8,87.9,87.6,87.76,8600,0
2026-07-17T11:00:00+05:30,87.85,87.85,87.43,87.43,16321,0
2026-07-17T11:15:00+05:30,87.4,87.43,87.17,87.2,10299,0
2026-07-17T11:30:00+05:30,87.2,87.99,87.2,87.79,63246,0
2026-07-17T11:45:00+05:30,87.78,87.9,87.64,87.85,6399,0
2026-07-17T12:00:00+05:30,87.72,87.87,87.64,87.64,4453,0
2026-07-17T12:15:00+05:30,87.66,87.75,87.52,87.71,11896,0
2026-07-17T12:30:00+05:30,87.71,87.73,87.6,87.73,6481,0
2026-07-17T12:45:00+05:30,87.73,87.79,87.56,87.6,10993,0
2026-07-17T13:00:00+05:30,87.62,87.71,87.61,87.71,1484,0
2026-07-17T13:15:00+05:30,87.71,87.72,87.61,87.72,3925,0
2026-07-17T13:30:00+05:30,87.72,87.84,87.6,87.71,11031,0
2026-07-17T13:45:00+05:30,87.62,87.74,87.5,87.51,12368,0
2026-07-17T14:00:00+05:30,87.53,87.79,87.51,87.53,14038,0
2026-07-17T14:15:00+05:30,87.72,87.9,87.56,87.56,23804,0
2026-07-17T14:30:00+05:30,87.61,87.8,87.56,87.71,18860,0
2026-07-17T14:45:00+05:30,87.62,88.01,87.57,87.9,31694,0
2026-07-17T15:00:00+05:30,87.97,88.88,87.5,87.86,110616,0
2026-07-17T15:15:00+05:30,87.75,87.99,87.5,87.8,85675,0
2026-07-20T09:15:00+05:30,87.8,88.44,86.0,86.31,152010,0
2026-07-20T09:30:00+05:30,86.4,87.0,86.3,86.73,23955,0
2026-07-20T09:45:00+05:30,86.61,86.7,86.33,86.6,22876,0
2026-07-20T10:00:00+05:30,86.57,86.61,86.4,86.59,11210,0
2026-07-20T10:15:00+05:30,86.59,86.96,86.51,86.7,18220,0
2026-07-20T10:30:00+05:30,86.77,86.84,86.42,86.46,14761,0
2026-07-20T10:45:00+05:30,86.42,86.72,86.36,86.56,9241,0
2026-07-20T11:00:00+05:30,86.64,86.74,86.5,86.5,5211,0
2026-07-20T11:15:00+05:30,86.5,86.57,86.23,86.43,9465,0
2026-07-20T11:30:00+05:30,86.51,86.61,86.37,86.39,5389,0
2026-07-20T11:45:00+05:30,86.35,86.44,86.3,86.3,2095,0
2026-07-20T12:00:00+05:30,86.3,86.41,86.25,86.41,6128,0
2026-07-20T12:15:00+05:30,86.3,86.5,86.26,86.4,5393,0
2026-07-20T12:30:00+05:30,86.4,86.4,86.17,86.2,12443,0
2026-07-20T12:45:00+05:30,86.2,86.34,86.2,86.3,2495,0
2026-07-20T13:00:00+05:30,86.3,86.42,86.21,86.42,7493,0
2026-07-20T13:15:00+05:30,86.42,86.87,86.31,86.56,43524,0
2026-07-20T13:30:00+05:30,86.68,86.83,86.52,86.66,7683,0
2026-07-20T13:45:00+05:30,86.66,86.97,86.54,86.96,10412,0
2026-07-20T14:00:00+05:30,86.89,87.08,86.71,86.9,12797,0
2026-07-20T14:15:00+05:30,86.9,86.99,86.8,86.99,4359,0
2026-07-20T14:30:00+05:30,86.98,87.08,86.88,86.91,5567,0
2026-07-20T14:45:00+05:30,86.91,87.0,86.8,86.8,8504,0
2026-07-20T15:00:00+05:30,86.8,87.44,86.46,86.94,71122,0
2026-07-20T15:15:00+05:30,86.82,87.24,86.43,86.5,75269,0
2026-07-21T09:15:00+05:30,86.9,87.87,86.9,87.87,34756,0
2026-07-21T09:30:00+05:30,87.67,90.44,87.67,89.61,277895,0
2026-07-21T09:45:00+05:30,89.6,90.0,89.2,89.26,53710,0
2026-07-21T10:00:00+05:30,89.36,89.4,89.02,89.07,12016,0
2026-07-21T10:15:00+05:30,89.03,89.18,88.9,88.98,10882,0
2026-07-21T10:30:00+05:30,88.83,89.02,88.71,88.71,12163,0
2026-07-21T10:45:00+05:30,88.71,88.94,88.6,88.84,11865,0
2026-07-21T11:00:00+05:30,88.85,88.99,88.61,88.79,6261,0
2026-07-21T11:15:00+05:30,88.74,88.81,88.61,88.74,4937,0
2026-07-21T11:30:00+05:30,88.74,89.0,88.73,89.0,16643,0
2026-07-21T11:45:00+05:30,88.84,89.3,88.83,89.23,16843,0
2026-07-21T12:00:00+05:30,89.13,89.19,88.9,88.9,9973,0
2026-07-21T12:15:00+05:30,88.9,88.97,88.81,88.94,7460,0
2026-07-21T12:30:00+05:30,88.94,89.1,88.8,88.87,9219,0
2026-07-21T12:45:00+05:30,88.87,89.04,88.8,88.8,2227,0
2026-07-21T13:00:00+05:30,88.8,88.81,88.5,88.56,14466,0
2026-07-21T13:15:00+05:30,88.56,88.79,88.54,88.75,3078,0
2026-07-21T13:30:00+05:30,88.75,88.75,88.5,88.5,8416,0
2026-07-21T13:45:00+05:30,88.5,88.58,88.41,88.58,5404,0
2026-07-21T14:00:00+05:30,88.58,88.74,88.07,88.23,31505,0
2026-07-21T14:15:00+05:30,88.33,88.43,88.2,88.2,2412,0
2026-07-21T14:30:00+05:30,88.2,88.3,88.08,88.15,4130,0
2026-07-21T14:45:00+05:30,88.22,88.28,88.09,88.11,4160,0
2026-07-21T15:00:00+05:30,88.18,88.32,88.0,88.26,20960,0
2026-07-21T15:15:00+05:30,88.24,88.31,88.0,88.0,53096,0
2026-07-22T09:15:00+05:30,88.0,88.14,87.5,87.52,28849,0
2026-07-22T09:30:00+05:30,87.66,87.66,87.01,87.13,28403,0
2026-07-22T09:45:00+05:30,87.0,87.13,86.7,86.76,14959,0
2026-07-22T10:00:00+05:30,86.76,87.2,86.76,87.05,11924,0
2026-07-22T10:15:00+05:30,87.05,87.05,86.56,86.71,8792,0
2026-07-22T10:30:00+05:30,86.52,86.86,86.5,86.86,2664,0
2026-07-22T10:45:00+05:30,86.86,87.01,86.76,86.8,6887,0
2026-07-22T11:00:00+05:30,86.95,87.15,86.95,87.11,3891,0
2026-07-22T11:15:00+05:30,87.11,87.32,87.03,87.23,251,0
2026-07-22T11:30:00+05:30,87.23,87.39,87.06,87.25,2727,0
2026-07-22T11:45:00+05:30,87.25,87.25,86.55,86.95,19490,0
2026-07-22T12:00:00+05:30,86.93,86.93,85.52,85.97,65979,0
2026-07-22T12:15:00+05:30,86.06,86.39,86.03,86.39,12027,0
2026-07-22T12:30:00+05:30,86.39,86.39,86.01,86.02,4197,0
2026-07-22T12:45:00+05:30,86.02,86.38,86.02,86.38,1472,0
2026-07-22T13:00:00+05:30,86.3,86.39,86.23,86.25,2900,0
2026-07-22T13:15:00+05:30,86.04,86.22,85.91,86.1,6736,0
2026-07-22T13:30:00+05:30,86.1,86.38,85.94,86.06,6730,0
2026-07-22T13:45:00+05:30,86.07,86.4,86.06,86.31,6313,0
2026-07-22T14:00:00+05:30,86.31,86.46,86.15,86.31,11119,0
2026-07-22T14:15:00+05:30,86.31,86.41,86.01,86.05,9651,0
2026-07-22T14:30:00+05:30,86.06,86.33,86.0,86.09,5779,0
2026-07-22T14:45:00+05:30,86.19,86.39,86.15,86.16,8874,0
2026-07-22T15:00:00+05:30,86.12,86.16,85.76,85.89,12264,0
2026-07-22T15:15:00+05:30,85.88,85.9,85.01,85.01,72848,0
2026-07-23T09:15:00+05:30,85.56,86.85,84.4,85.92,62601,0
2026-07-23T09:30:00+05:30,85.85,85.92,85.36,85.36,5949,0
2026-07-23T09:45:00+05:30,85.34,85.63,85.23,85.49,8893,0
2026-07-23T10:00:00+05:30,85.49,86.26,85.49,85.98,9429,0
2026-07-23T10:15:00+05:30,85.98,85.98,85.66,85.81,1029,0
2026-07-23T10:30:00+05:30,85.79,85.93,85.6,85.79,7805,0
2026-07-23T10:45:00+05:30,85.79,86.34,85.79,86.08,7164,0
2026-07-23T11:00:00+05:30,86.17,86.5,86.0,86.17,21319,0
2026-07-23T11:15:00+05:30,86.1,86.17,85.76,85.96,9652,0
2026-07-23T11:30:00+05:30,85.96,85.97,85.65,85.82,8322,0
2026-07-23T11:45:00+05:30,85.8,85.85,85.5,85.72,12849,0
2026-07-23T12:00:00+05:30,85.72,85.87,85.5,85.6,16914,0
2026-07-23T12:15:00+05:30,85.59,85.6,85.31,85.44,5805,0
2026-07-23T12:30:00+05:30,85.44,85.44,85.15,85.32,1115,0
2026-07-23T12:45:00+05:30,85.15,85.15,84.61,84.87,17310,0
2026-07-23T13:00:00+05:30,84.87,84.92,84.68,84.7,4628,0
2026-07-23T13:15:00+05:30,84.78,84.81,84.62,84.62,1530,0
2026-07-23T13:30:00+05:30,84.77,84.92,84.55,84.88,9776,0
2026-07-23T13:45:00+05:30,84.88,84.88,84.72,84.84,572,0
2026-07-23T14:00:00+05:30,84.84,84.84,84.72,84.8,295,0
2026-07-23T14:15:00+05:30,84.8,84.82,84.6,84.67,2441,0
2026-07-23T14:30:00+05:30,84.67,84.94,84.5,84.5,4729,0
2026-07-23T14:45:00+05:30,84.51,84.52,84.2,84.35,13546,0
2026-07-23T15:00:00+05:30,84.5,84.72,84.39,84.57,3176,0
2026-07-23T15:15:00+05:30,84.53,84.9,84.3,84.3,29632,0
2026-07-24T09:15:00+05:30,84.95,84.95,83.31,83.55,30709,0
2026-07-24T09:30:00+05:30,83.55,83.69,83.16,83.23,24137,0
2026-07-24T09:45:00+05:30,83.17,83.49,83.12,83.49,4441,0
2026-07-24T10:00:00+05:30,83.49,83.49,83.22,83.48,7548,0
2026-07-24T10:15:00+05:30,83.48,83.48,83.27,83.28,1074,0
2026-07-24T10:30:00+05:30,83.41,83.8,83.3,83.8,4050,0
2026-07-24T10:45:00+05:30,83.8,83.8,83.65,83.65,5739,0
2026-07-24T11:00:00+05:30,83.74,83.84,83.51,83.51,5587,0
2026-07-24T11:15:00+05:30,83.51,83.94,83.4,83.94,4324,0
2026-07-24T11:30:00+05:30,83.94,84.03,83.71,84.03,1686,0
2026-07-24T11:45:00+05:30,84.03,84.22,84.03,84.16,2121,0
2026-07-24T12:00:00+05:30,84.16,84.53,84.05,84.21,3813,0
2026-07-24T12:15:00+05:30,84.21,85.84,84.2,85.18,22350,0
2026-07-24T12:30:00+05:30,85.23,86.75,85.2,86.53,66383,0
2026-07-24T12:45:00+05:30,86.53,86.53,86.09,86.38,19181,0
2026-07-24T13:00:00+05:30,86.38,86.38,86.06,86.2,3837,0
2026-07-24T13:15:00+05:30,86.07,86.2,85.81,85.85,5940,0
2026-07-24T13:30:00+05:30,85.87,85.97,85.85,85.85,225,0
2026-07-24T13:45:00+05:30,85.86,86.04,85.85,85.92,1647,0
2026-07-24T14:00:00+05:30,85.94,86.29,85.94,85.99,4799,0
2026-07-24T14:15:00+05:30,85.99,86.12,85.77,85.79,7160,0
2026-07-24T14:30:00+05:30,85.79,86.0,85.76,85.82,4506,0
2026-07-24T14:45:00+05:30,85.82,86.12,85.81,85.97,5992,0
2026-07-24T15:00:00+05:30,85.97,85.97,85.42,85.55,20488,0
2026-07-24T15:15:00+05:30,85.67,86.0,85.0,85.15,52198,0
2026-07-27T09:15:00+05:30,85.59,86.69,85.59,86.3,28310,0
2026-07-27T09:30:00+05:30,86.11,86.66,86.1,86.51,21553,0
2026-07-27T09:45:00+05:30,86.28,86.41,85.92,86.12,3208,0
2026-07-27T10:00:00+05:30,86.23,86.23,85.87,86.06,5630,0
2026-07-27T10:15:00+05:30,86.06,86.06,85.51,85.64,13969,0
2026-07-27T10:30:00+05:30,85.62,85.77,85.5,85.77,6674,0
2026-07-27T10:45:00+05:30,85.77,85.8,85.6,85.7,1174,0
2026-07-27T11:00:00+05:30,85.79,85.79,85.62,85.62,552,0
2026-07-27T11:15:00+05:30,85.62,85.8,85.6,85.68,3469,0
2026-07-27T11:30:00+05:30,85.68,85.8,85.5,85.61,7602,0
2026-07-27T11:45:00+05:30,85.64,85.78,85.56,85.6,3443,0
2026-07-27T12:00:00+05:30,85.6,85.79,85.6,85.69,4232,0
2026-07-27T12:15:00+05:30,85.65,85.69,85.6,85.67,396,0
2026-07-27T12:30:00+05:30,85.67,85.67,85.56,85.59,546,0
2026-07-27T12:45:00+05:30,85.57,85.67,85.57,85.61,1536,0
2026-07-27T13:00:00+05:30,85.61,85.79,85.61,85.75,2783,0
2026-07-27T13:15:00+05:30,85.75,85.8,85.69,85.76,1337,0
2026-07-27T13:30:00+05:30,85.71,85.81,85.61,85.66,1144,0
2026-07-27T13:45:00+05:30,85.66,85.81,85.63,85.65,1622,0
2026-07-27T14:00:00+05:30,85.65,85.8,85.62,85.8,576,0
2026-07-27T14:15:00+05:30,85.8,85.8,85.64,85.67,949,0
2026-07-27T14:30:00+05:30,85.78,85.78,85.62,85.62,5169,0
2026-07-27T14:45:00+05:30,85.62,85.72,85.38,85.5,6690,0
2026-07-27T15:00:00+05:30,85.58,85.7,85.3,85.53,17473,0
2026-07-27T15:15:00+05:30,85.37,85.63,85.25,85.36,22722,0
2026-07-28T09:15:00+05:30,85.81,85.99,85.0,85.69,25680,0
2026-07-28T09:30:00+05:30,85.7,86.02,85.0,85.01,13124,0
2026-07-28T09:45:00+05:30,85.02,85.19,85.01,85.1,3715,0
2026-07-28T10:00:00+05:30,85.1,85.14,85.02,85.02,1846,0
2026-07-28T10:15:00+05:30,85.02,85.11,85.02,85.11,1082,0
2026-07-28T10:30:00+05:30,85.11,85.66,85.11,85.33,8099,0
2026-07-28T10:45:00+05:30,85.41,85.5,85.33,85.35,1963,0
2026-07-28T11:00:00+05:30,85.45,85.54,85.37,85.48,3778,0
2026-07-28T11:15:00+05:30,85.48,85.5,85.37,85.38,191,0
2026-07-28T11:30:00+05:30,85.38,85.46,85.05,85.1,4104,0
2026-07-28T11:45:00+05:30,85.1,85.16,85.04,85.04,1064,0
2026-07-28T12:00:00+05:30,85.05,85.05,85.0,85.01,4853,0
2026-07-28T12:15:00+05:30,85.01,85.44,85.01,85.17,2867,0
2026-07-28T12:30:00+05:30,85.17,85.24,85.14,85.14,157,0
2026-07-28T12:45:00+05:30,85.14,85.14,85.04,85.1,1636,0
2026-07-28T13:00:00+05:30,85.19,85.19,85.1,85.1,40,0
2026-07-28T13:15:00+05:30,85.1,85.23,85.0,85.03,3206,0
2026-07-28T13:30:00+05:30,85.03,85.24,85.03,85.1,282,0
2026-07-28T13:45:00+05:30,85.1,85.28,85.1,85.12,798,0
2026-07-28T14:00:00+05:30,85.12,85.12,84.31,84.66,39423,0
2026-07-28T14:15:00+05:30,84.69,84.79,83.98,84.44,25871,0
2026-07-28T14:30:00+05:30,84.43,84.48,84.26,84.44,2396,0
2026-07-28T14:45:00+05:30,84.44,84.46,83.86,83.95,16497,0
2026-07-28T15:00:00+05:30,83.95,84.3,83.95,84.21,11797,0
2026-07-28T15:15:00+05:30,84.21,84.21,83.3,83.8,59339,0
2026-07-29T09:15:00+05:30,83.9,84.9,83.9,84.41,14505,0
2026-07-29T09:30:00+05:30,84.47,84.76,84.36,84.61,9709,0
2026-07-29T09:45:00+05:30,84.61,84.61,84.33,84.33,2514,0
2026-07-29T10:00:00+05:30,84.33,84.57,84.33,84.47,397,0
2026-07-29T10:15:00+05:30,84.47,84.6,84.47,84.49,2019,0
2026-07-29T10:30:00+05:30,84.53,84.61,84.47,84.49,4617,0
2026-07-29T10:45:00+05:30,84.48,84.48,84.01,84.12,9704,0
2026-07-29T11:00:00+05:30,84.13,84.32,84.01,84.18,27294,0
2026-07-29T11:15:00+05:30,84.16,84.35,84.16,84.35,1582,0
2026-07-29T11:30:00+05:30,84.35,84.35,84.17,84.19,124,0
2026-07-29T11:45:00+05:30,84.34,84.4,84.26,84.38,490,0
2026-07-29T12:00:00+05:30,84.38,84.69,84.16,84.54,10057,0
2026-07-29T12:15:00+05:30,84.54,84.61,84.31,84.32,764,0
2026-07-29T12:30:00+05:30,84.32,84.49,84.32,84.45,721,0
2026-07-29T12:45:00+05:30,84.32,84.45,84.3,84.3,264,0
2026-07-29T13:00:00+05:30,84.3,84.45,84.22,84.4,1215,0
2026-07-29T13:15:00+05:30,84.4,84.46,84.39,84.42,933,0
2026-07-29T13:30:00+05:30,84.42,84.42,84.26,84.41,444,0
2026-07-29T13:45:00+05:30,84.35,84.42,84.21,84.4,1371,0
2026-07-29T14:00:00+05:30,84.27,84.4,84.2,84.2,1279,0
2026-07-29T14:15:00+05:30,84.2,84.4,84.13,84.38,2528,0
2026-07-29T14:30:00+05:30,84.37,84.53,84.24,84.35,4614,0
2026-07-29T14:45:00+05:30,84.46,84.64,84.16,84.16,10269,0
2026-07-29T15:00:00+05:30,84.16,84.5,83.22,83.73,44634,0
2026-07-29T15:15:00+05:30,83.59,84.5,83.12,83.17,76370,0
2026-07-30T09:15:00+05:30,83.78,84.2,83.31,83.45,22106,0
2026-07-30T09:30:00+05:30,83.45,83.57,83.3,83.45,7895,0
2026-07-30T09:45:00+05:30,83.38,83.76,83.23,83.39,8135,0
2026-07-30T10:00:00+05:30,83.39,83.63,83.26,83.41,4128,0
2026-07-30T10:15:00+05:30,83.41,83.41,82.69,82.93,20676,0
2026-07-30T10:30:00+05:30,82.9,83.23,82.62,83.12,12481,0
2026-07-30T10:45:00+05:30,83.12,83.19,83.06,83.07,119,0
2026-07-30T11:00:00+05:30,83.19,83.19,82.64,82.9,9386,0
2026-07-30T11:15:00+05:30,82.98,83.15,82.82,83.13,2922,0
2026-07-30T11:30:00+05:30,83.05,83.12,82.57,82.9,7803,0
2026-07-30T11:45:00+05:30,82.9,83.09,82.75,82.8,2172,0
2026-07-30T12:00:00+05:30,82.8,82.98,82.8,82.97,2852,0
2026-07-30T12:15:00+05:30,82.98,82.98,82.69,82.69,2319,0
2026-07-30T12:30:00+05:30,82.69,82.98,82.68,82.84,5881,0
2026-07-30T12:45:00+05:30,82.85,83.08,82.66,82.96,7820,0
2026-07-30T13:00:00+05:30,82.96,82.96,82.74,82.74,2984,0
2026-07-30T13:15:00+05:30,82.71,82.83,82.71,82.83,385,0
2026-07-30T13:30:00+05:30,82.81,82.81,82.62,82.77,2054,0
2026-07-30T13:45:00+05:30,82.77,82.82,82.7,82.81,1047,0
2026-07-30T14:00:00+05:30,82.81,83.05,82.81,82.95,15368,0
2026-07-30T14:15:00+05:30,82.95,82.95,82.71,82.83,6176,0
2026-07-30T14:30:00+05:30,82.82,82.94,82.68,82.8,22776,0
2026-07-30T14:45:00+05:30,82.8,82.95,82.75,82.86,3068,0
2026-07-30T15:00:00+05:30,82.8,82.87,82.61,82.63,5661,0
2026-07-30T15:15:00+05:30,82.63,83.0,82.26,82.26,25649,0
2026-07-31T09:15:00+05:30,82.38,84.64,82.38,84.03,45834,0
2026-07-31T09:30:00+05:30,84.03,84.39,83.71,84.09,15387,0
2026-07-31T09:45:00+05:30,84.09,86.29,84.09,85.15,109802,0
2026-07-31T10:00:00+05:30,85.15,85.27,84.89,84.91,17676,0
2026-07-31T10:15:00+05:30,84.91,85.28,84.72,84.97,8510,0
2026-07-31T10:30:00+05:30,84.97,84.97,84.7,84.7,2482,0
2026-07-31T10:45:00+05:30,84.7,84.99,84.49,84.99,10461,0
2026-07-31T11:00:00+05:30,84.95,85.15,84.56,84.6,6978,0
2026-07-31T11:15:00+05:30,84.6,84.77,84.6,84.77,622,0
2026-07-31T11:30:00+05:30,84.77,84.77,84.56,84.56,986,0
2026-07-31T11:45:00+05:30,84.69,84.69,84.5,84.65,1427,0
2026-07-31T12:00:00+05:30,84.53,84.74,84.5,84.56,966,0
2026-07-31T12:15:00+05:30,84.56,84.99,84.51,84.85,5612,0
2026-07-31T12:30:00+05:30,84.85,84.85,84.66,84.82,943,0
2026-07-31T12:45:00+05:30,84.82,84.96,84.71,84.86,2762,0
2026-07-31T13:00:00+05:30,84.72,84.84,84.72,84.73,993,0
2026-07-31T13:15:00+05:30,84.73,84.84,84.73,84.75,684,0
2026-07-31T13:30:00+05:30,84.75,84.83,84.75,84.83,328,0
2026-07-31T13:45:00+05:30,84.83,84.95,84.66,84.78,4671,0
2026-07-31T14:00:00+05:30,84.78,84.94,84.76,84.76,7291,0
2026-07-31T14:15:00+05:30,84.76,84.96,84.73,84.73,2459,0
2026-07-31T14:30:00+05:30,84.75,84.78,84.66,84.68,1942,0
2026-07-31T14:45:00+05:30,84.67,84.75,84.59,84.59,4760,0
2026-07-31T15:00:00+05:30,84.6,84.72,84.5,84.64,24872,0
2026-07-31T15:15:00+05:30,84.53,84.9,84.06,84.51,45974,0
2026-08-03T09:15:00+05:30,85.8,85.8,84.97,85.08,12543,0
2026-08-03T09:30:00+05:30,85.19,85.19,84.28,84.55,32701,0
2026-08-03T09:45:00+05:30,84.55,84.87,84.55,84.85,6285,0
2026-08-03T10:00:00+05:30,84.9,85.0,84.76,84.91,4318,0
2026-08-03T10:15:00+05:30,84.91,85.57,84.4,84.73,34946,0
2026-08-03T10:30:00+05:30,84.71,84.73,84.52,84.61,7222,0
2026-08-03T10:45:00+05:30,84.61,84.77,84.61,84.76,221,0
2026-08-03T11:00:00+05:30,84.77,84.95,84.64,84.77,3500,0
2026-08-03T11:15:00+05:30,84.64,84.77,84.6,84.63,10660,0
2026-08-03T11:30:00+05:30,84.64,84.8,84.63,84.8,1476,0
2026-08-03T11:45:00+05:30,84.8,84.8,84.6,84.62,1660,0
2026-08-03T12:00:00+05:30,84.62,84.7,84.32,84.5,9381,0
2026-08-03T12:15:00+05:30,84.5,84.5,84.4,84.5,1415,0
2026-08-03T12:30:00+05:30,84.37,84.49,84.36,84.48,1462,0
2026-08-03T12:45:00+05:30,84.5,84.5,84.35,84.5,3393,0
2026-08-03T13:00:00+05:30,84.38,84.55,84.35,84.5,5429,0
2026-08-03T13:15:00+05:30,84.5,84.5,84.25,84.3,8241,0
2026-08-03T13:30:00+05:30,84.41,84.55,84.25,84.25,4253,0
2026-08-03T13:45:00+05:30,84.25,84.54,84.25,84.34,1832,0
2026-08-03T14:00:00+05:30,84.48,84.48,83.91,84.19,42301,0
2026-08-03T14:15:00+05:30,84.02,84.15,84.02,84.06,1234,0
2026-08-03T14:30:00+05:30,84.19,84.34,84.02,84.16,3915,0
2026-08-03T14:45:00+05:30,84.16,84.29,84.0,84.0,7728,0
2026-08-03T15:00:00+05:30,84.14,84.14,83.71,83.77,29527,0
2026-08-03T15:15:00+05:30,83.77,83.95,83.0,83.0,80118,0
2026-08-04T09:15:00+05:30,83.5,83.99,83.48,83.98,53610,0
2026-08-04T09:30:00+05:30,83.94,84.41,83.75,84.29,24707,0
2026-08-04T09:45:00+05:30,84.38,84.44,83.91,83.93,5401,0
2026-08-04T10:00:00+05:30,84.06,84.19,83.65,83.84,9266,0
2026-08-04T10:15:00+05:30,83.84,84.0,83.71,83.71,5925,0
2026-08-04T10:30:00+05:30,83.7,83.82,83.36,83.46,11275,0
2026-08-04T10:45:00+05:30,83.61,83.81,83.5,83.73,7790,0
2026-08-04T11:00:00+05:30,83.73,83.9,83.0,83.55,32558,0
2026-08-04T11:15:00+05:30,83.43,83.47,83.31,83.43,2461,0
2026-08-04T11:30:00+05:30,83.43,83.43,82.86,83.14,23921,0
2026-08-04T11:45:00+05:30,83.11,83.13,82.82,82.95,8691,0
2026-08-04T12:00:00+05:30,82.95,83.3,82.88,83.13,11868,0
2026-08-04T12:15:00+05:30,83.13,83.27,83.13,83.25,643,0
2026-08-04T12:30:00+05:30,83.26,83.33,82.99,83.09,7943,0
2026-08-04T12:45:00+05:30,83.09,83.16,83.0,83.0,847,0
2026-08-04T13:00:00+05:30,83.0,83.16,83.0,83.0,199,0
2026-08-04T13:15:00+05:30,83.0,83.15,83.0,83.0,855,0
2026-08-04T13:30:00+05:30,83.0,83.16,83.0,83.16,461,0
2026-08-04T13:45:00+05:30,83.16,83.19,83.02,83.16,525,0
2026-08-04T14:00:00+05:30,83.16,83.19,82.97,83.11,1219,0
2026-08-04T14:15:00+05:30,83.11,83.18,83.11,83.18,3345,0
2026-08-04T14:30:00+05:30,83.11,83.17,83.01,83.15,2843,0
2026-08-04T14:45:00+05:30,83.15,83.21,82.93,83.21,7120,0
2026-08-04T15:00:00+05:30,83.19,83.33,82.51,82.84,20827,0
2026-08-04T15:15:00+05:30,83.5,83.5,82.51,82.51,1020815,0
2026-08-05T09:15:00+05:30,82.81,83.94,82.81,83.45,17557,0
2026-08-05T09:30:00+05:30,83.45,83.68,83.23,83.47,7317,0
2026-08-05T09:45:00+05:30,83.37,83.73,83.31,83.55,7522,0
2026-08-05T10:00:00+05:30,83.72,83.84,83.5,83.75,10389,0
2026-08-05T10:15:00+05:30,83.69,84.64,83.52,83.83,45500,0
2026-08-05T10:30:00+05:30,83.95,83.97,83.47,83.67,6959,0
2026-08-05T10:45:00+05:30,83.83,84.2,83.7,84.14,7955,0
2026-08-05T11:00:00+05:30,84.29,84.48,83.85,84.01,9131,0
2026-08-05T11:15:00+05:30,84.12,84.85,83.88,84.46,28920,0
2026-08-05T11:30:00+05:30,84.74,85.54,84.74,85.07,83702,0
2026-08-05T11:45:00+05:30,85.06,85.06,84.46,84.89,17469,0
2026-08-05T12:00:00+05:30,84.77,84.83,84.21,84.21,15096,0
2026-08-05T12:15:00+05:30,84.48,84.48,84.0,84.29,10199,0
2026-08-05T12:30:00+05:30,84.29,84.29,84.15,84.15,1056,0
2026-08-05T12:45:00+05:30,84.15,84.2,84.0,84.06,3474,0
2026-08-05T13:00:00+05:30,84.07,84.15,83.93,83.93,4857,0
2026-08-05T13:15:00+05:30,83.93,84.25,83.93,84.25,2088,0
2026-08-05T13:30:00+05:30,84.25,84.25,84.02,84.02,660,0
2026-08-05T13:45:00+05:30,84.11,84.21,84.0,84.0,6713,0
2026-08-05T14:00:00+05:30,84.04,84.21,83.91,84.06,9888,0
2026-08-05T14:15:00+05:30,84.06,84.06,83.84,83.96,1345,0
2026-08-05T14:30:00+05:30,84.0,84.0,83.87,83.87,5850,0
2026-08-05T14:45:00+05:30,83.83,83.97,83.7,83.85,9834,0
2026-08-05T15:00:00+05:30,83.88,83.98,83.6,83.72,16136,0
2026-08-05T15:15:00+05:30,83.75,83.98,83.5,83.6,15734,0
2026-08-06T09:15:00+05:30,83.75,84.24,83.7,84.0,12598,0
2026-08-06T09:30:00+05:30,84.0,84.0,83.19,83.41,18467,0
2026-08-06T09:45:00+05:30,83.46,83.79,83.34,83.79,4213,0
2026-08-06T10:00:00+05:30,83.79,83.79,83.52,83.7,1105,0
2026-08-06T10:15:00+05:30,83.68,83.75,83.35,83.73,18424,0
2026-08-06T10:30:00+05:30,83.72,83.72,83.46,83.5,1911,0
2026-08-06T10:45:00+05:30,83.5,83.5,83.17,83.5,5522,0
2026-08-06T11:00:00+05:30,83.52,83.73,83.5,83.73,710,0
2026-08-06T11:15:00+05:30,83.57,83.69,83.52,83.67,6171,0
2026-08-06T11:30:00+05:30,83.67,83.67,83.36,83.55,2350,0
2026-08-06T11:45:00+05:30,83.56,83.68,83.47,83.5,2209,0
2026-08-06T12:00:00+05:30,83.5,83.64,83.49,83.62,726,0
2026-08-06T12:15:00+05:30,83.62,83.67,83.42,83.42,1592,0
2026-08-06T12:30:00+05:30,83.42,83.86,83.42,83.66,6650,0
2026-08-06T12:45:00+05:30,83.66,83.77,83.25,83.55,21879,0
2026-08-06T13:00:00+05:30,83.53,83.76,83.41,83.72,9831,0
2026-08-06T13:15:00+05:30,83.72,83.82,83.42,83.46,5032,0
2026-08-06T13:30:00+05:30,83.47,83.73,83.47,83.51,4615,0
2026-08-06T13:45:00+05:30,83.51,83.6,83.47,83.48,1513,0
2026-08-06T14:00:00+05:30,83.47,83.58,83.47,83.55,922,0
2026-08-06T14:15:00+05:30,83.55,83.68,83.04,83.04,15175,0
2026-08-06T14:30:00+05:30,83.04,83.5,83.0,83.11,26744,0
2026-08-06T14:45:00+05:30,83.11,83.34,82.35,82.84,47274,0
2026-08-06T15:00:00+05:30,82.75,82.95,82.55,82.81,21637,0
2026-08-06T15:15:00+05:30,82.81,83.01,80.51,82.2,180504,0
2026-08-07T09:15:00+05:30,82.0,82.89,80.0,81.4,159947,0
2026-08-07T09:30:00+05:30,81.45,81.59,80.88,81.27,62421,0
2026-08-07T09:45:00+05:30,81.23,81.91,81.08,81.88,46258,0
2026-08-07T10:00:00+05:30,81.87,81.87,81.37,81.5,4893,0
2026-08-07T10:15:00+05:30,81.5,81.59,81.22,81.23,3861,0
2026-08-07T10:30:00+05:30,81.2,81.42,81.06,81.42,4042,0
2026-08-07T10:45:00+05:30,81.27,81.58,81.27,81.58,1684,0
2026-08-07T11:00:00+05:30,81.55,81.57,81.37,81.37,4208,0
2026-08-07T11:15:00+05:30,81.37,81.48,81.0,81.48,11609,0
2026-08-07T11:30:00+05:30,81.48,81.5,81.26,81.45,6160,0
2026-08-07T11:45:00+05:30,81.45,81.53,81.24,81.4,4078,0
2026-08-07T12:00:00+05:30,81.3,81.37,81.25,81.33,9275,0
2026-08-07T12:15:00+05:30,81.33,81.37,81.25,81.25,785,0
2026-08-07T12:30:00+05:30,81.24,81.37,81.24,81.25,2662,0
2026-08-07T12:45:00+05:30,81.25,81.38,81.24,81.24,2162,0
2026-08-07T13:00:00+05:30,81.15,81.24,81.06,81.24,30576,0
2026-08-07T13:15:00+05:30,81.34,81.38,81.2,81.35,823,0
2026-08-07T13:30:00+05:30,81.34,81.35,81.24,81.34,2482,0
2026-08-07T13:45:00+05:30,81.22,81.37,81.22,81.37,3566,0
2026-08-07T14:00:00+05:30,81.3,81.3,81.2,81.3,1174,0
2026-08-07T14:15:00+05:30,81.1,81.25,81.05,81.21,2454,0
2026-08-07T14:30:00+05:30,81.23,81.23,81.05,81.1,4514,0
2026-08-07T14:45:00+05:30,81.1,81.18,80.77,80.77,28656,0
2026-08-07T15:00:00+05:30,80.8,81.3,80.5,80.51,33720,0
2026-08-07T15:15:00+05:30,80.62,80.94,80.25,80.76,28765,0
2026-08-10T09:15:00+05:30,80.7,81.38,80.7,81.34,25976,0
2026-08-10T09:30:00+05:30,81.3,81.33,80.9,80.9,8954,0
2026-08-10T09:45:00+05:30,80.98,81.23,80.96,81.08,2839,0
2026-08-10T10:00:00+05:30,81.09,81.1,80.92,81.08,13382,0
2026-08-10T10:15:00+05:30,81.08,81.33,80.93,81.33,11861,0
2026-08-10T10:30:00+05:30,81.33,81.38,81.04,81.2,4183,0
2026-08-10T10:45:00+05:30,81.2,81.36,81.09,81.34,2448,0
2026-08-10T11:00:00+05:30,81.27,81.39,81.2,81.39,2313,0
2026-08-10T11:15:00+05:30,81.38,82.1,81.12,81.95,45043,0
2026-08-10T11:30:00+05:30,81.95,81.95,81.46,81.73,3959,0
2026-08-10T11:45:00+05:30,81.73,81.74,81.45,81.62,9727,0
2026-08-10T12:00:00+05:30,81.59,81.68,81.5,81.51,1201,0
2026-08-10T12:15:00+05:30,81.51,81.67,81.45,81.45,1515,0
2026-08-10T12:30:00+05:30,81.54,81.54,81.4,81.43,3018,0
2026-08-10T12:45:00+05:30,81.32,81.43,81.24,81.24,3620,0
2026-08-10T13:00:00+05:30,81.24,81.43,81.24,81.42,1758,0
2026-08-10T13:15:00+05:30,81.42,81.43,81.31,81.31,307,0
2026-08-10T13:30:00+05:30,81.42,81.42,81.27,81.3,1611,0
2026-08-10T13:45:00+05:30,81.3,81.39,81.11,81.39,5305,0
2026-08-10T14:00:00+05:30,81.39,81.39,81.07,81.11,4831,0
2026-08-10T14:15:00+05:30,81.2,81.29,81.15,81.2,2910,0
2026-08-10T14:30:00+05:30,81.15,81.27,80.92,81.04,9382,0
2026-08-10T14:45:00+05:30,81.04,81.12,80.81,80.98,8615,0
2026-08-10T15:00:00+05:30,80.9,81.04,80.75,80.85,11277,0
2026-08-10T15:15:00+05:30,80.85,81.25,80.79,81.2,19531,0
2026-08-11T09:15:00+05:30,80.99,81.44,80.75,80.9,19574,0
2026-08-11T09:30:00+05:30,80.93,81.12,80.52,80.83,16461,0
2026-08-11T09:45:00+05:30,80.79,80.9,80.51,80.82,9279,0
2026-08-11T10:00:00+05:30,80.83,80.88,80.61,80.8,3145,0
2026-08-11T10:15:00+05:30,80.82,80.9,80.8,80.88,1984,0
2026-08-11T10:30:00+05:30,80.88,81.18,80.85,81.12,6060,0
2026-08-11T10:45:00+05:30,80.93,81.14,80.88,81.0,2586,0
2026-08-11T11:00:00+05:30,81.11,81.28,80.91,80.94,10180,0
2026-08-11T11:15:00+05:30,80.97,80.98,80.71,80.92,6932,0
2026-08-11T11:30:00+05:30,80.78,80.9,80.76,80.76,3801,0
2026-08-11T11:45:00+05:30,80.76,80.92,80.74,80.74,683,0
2026-08-11T12:00:00+05:30,80.74,80.87,80.7,80.84,2070,0
2026-08-11T12:15:00+05:30,80.71,80.84,80.7,80.7,1148,0
2026-08-11T12:30:00+05:30,80.7,80.79,80.55,80.7,7478,0
2026-08-11T12:45:00+05:30,80.7,80.78,80.64,80.65,413,0
2026-08-11T13:00:00+05:30,80.65,80.67,80.5,80.67,4254,0
2026-08-11T13:15:00+05:30,80.67,80.67,80.54,80.55,333,0
2026-08-11T13:30:00+05:30,80.55,80.7,80.5,80.68,6198,0
2026-08-11T13:45:00+05:30,80.68,80.7,80.55,80.7,8304,0
2026-08-11T14:00:00+05:30,80.72,80.74,80.5,80.5,6775,0
2026-08-11T14:15:00+05:30,80.5,80.66,80.05,80.11,12945,0
2026-08-11T14:30:00+05:30,80.2,80.3,80.13,80.14,3276,0
2026-08-11T14:45:00+05:30,80.24,80.5,80.23,80.4,9608,0
2026-08-11T15:00:00+05:30,80.3,80.45,80.02,80.35,12720,0
2026-08-11T15:15:00+05:30,80.25,80.49,80.0,80.39,15138,0
2026-08-12T09:15:00+05:30,80.19,80.58,80.19,80.27,13935,0
2026-08-12T09:30:00+05:30,80.27,80.51,80.27,80.4,7163,0
2026-08-12T09:45:00+05:30,80.4,80.54,80.19,80.54,9656,0
2026-08-12T10:00:00+05:30,80.54,81.79,80.4,80.96,71377,0
2026-08-12T10:15:00+05:30,80.9,81.01,80.65,80.71,21924,0
2026-08-12T10:30:00+05:30,80.71,81.09,80.71,81.0,6318,0
2026-08-12T10:45:00+05:30,81.0,81.1,80.75,80.88,2808,0
2026-08-12T11:00:00+05:30,80.88,80.89,80.69,80.86,3006,0
2026-08-12T11:15:00+05:30,80.73,80.73,80.52,80.62,5885,0
2026-08-12T11:30:00+05:30,80.73,80.81,80.61,80.75,1967,0
2026-08-12T11:45:00+05:30,80.68,80.74,80.56,80.68,1960,0
2026-08-12T12:00:00+05:30,80.53,80.73,80.53,80.53,1430,0
2026-08-12T12:15:00+05:30,80.99,80.99,80.8,80.91,5077,0
2026-08-12T12:30:00+05:30,80.91,80.91,80.81,80.82,70,0
2026-08-12T12:45:00+05:30,80.82,80.82,80.8,80.8,1600,0
2026-08-12T13:00:00+05:30,80.8,80.84,80.66,80.84,3006,0
2026-08-12T13:15:00+05:30,80.84,81.2,80.52,80.91,15129,0
2026-08-12T13:30:00+05:30,80.91,80.91,80.7,80.81,1622,0
2026-08-12T13:45:00+05:30,80.81,81.0,80.73,80.86,4670,0
2026-08-12T14:00:00+05:30,80.98,81.0,80.67,80.67,1338,0
2026-08-12T14:15:00+05:30,80.77,80.77,80.51,80.68,7263,0
2026-08-12T14:30:00+05:30,80.68,80.7,80.6,80.69,1435,0
2026-08-12T14:45:00+05:30,80.69,80.69,80.05,80.53,20534,0
2026-08-12T15:00:00+05:30,80.58,80.88,80.48,80.71,9611,0
2026-08-12T15:15:00+05:30,80.51,80.64,80.01,80.2,12735,0
2026-08-13T09:15:00+05:30,80.8,80.92,80.58,80.68,5327,0
2026-08-13T09:30:00+05:30,80.68,80.89,80.55,80.7,11234,0
2026-08-13T09:45:00+05:30,80.84,80.99,80.7,80.7,6984,0
2026-08-13T10:00:00+05:30,80.7,80.95,80.7,80.8,12725,0
2026-08-13T10:15:00+05:30,80.8,80.8,80.75,80.75,2098,0
2026-08-13T10:30:00+05:30,80.75,80.8,80.65,80.66,1262,0
2026-08-13T10:45:00+05:30,80.66,80.77,80.61,80.75,967,0
2026-08-13T11:00:00+05:30,80.72,80.72,80.58,80.69,3547,0
2026-08-13T11:15:00+05:30,80.69,80.75,80.69,80.74,2124,0
2026-08-13T11:30:00+05:30,80.74,80.75,80.63,80.7,683,0
2026-08-13T11:45:00+05:30,80.69,80.7,80.6,80.6,363,0
2026-08-13T12:00:00+05:30,80.6,80.6,80.5,80.5,13453,0
2026-08-13T12:15:00+05:30,80.5,80.69,80.5,80.54,1511,0
2026-08-13T12:30:00+05:30,80.54,80.73,80.54,80.58,681,0
2026-08-13T12:45:00+05:30,80.58,80.72,80.54,80.55,5081,0
2026-08-13T13:00:00+05:30,80.55,80.67,80.5,80.5,12617,0
2026-08-13T13:15:00+05:30,80.41,80.52,80.41,80.41,235,0
2026-08-13T13:30:00+05:30,80.41,80.55,80.35,80.48,3642,0
2026-08-13T13:45:00+05:30,80.49,80.49,79.82,79.96,32970,0
2026-08-13T14:00:00+05:30,79.96,80.0,79.56,79.8,15384,0
2026-08-13T14:15:00+05:30,79.8,79.87,79.7,79.76,6533,0
2026-08-13T14:30:00+05:30,79.83,79.86,79.66,79.81,2315,0
2026-08-13T14:45:00+05:30,79.81,79.81,79.5,79.71,7333,0
2026-08-13T15:00:00+05:30,79.5,79.86,79.5,79.85,9920,0
2026-08-13T15:15:00+05:30,79.65,79.79,79.25,79.56,27592,0
2026-08-14T09:15:00+05:30,79.56,80.5,79.56,79.79,8284,0
2026-08-14T09:30:00+05:30,79.74,79.74,79.01,79.04,14641,0
2026-08-14T09:45:00+05:30,79.04,79.54,78.81,79.5,22247,0
2026-08-14T10:00:00+05:30,79.57,79.75,79.46,79.53,3607,0
2026-08-14T10:15:00+05:30,79.54,79.54,79.36,79.47,2920,0
2026-08-14T10:30:00+05:30,79.47,79.47,79.21,79.42,3482,0
2026-08-14T10:45:00+05:30,79.3,79.45,79.26,79.43,953,0
2026-08-14T11:00:00+05:30,79.41,79.44,79.3,79.3,436,0
2026-08-14T11:15:00+05:30,79.3,79.36,79.17,79.32,1434,0
2026-08-14T11:30:00+05:30,79.32,79.32,79.06,79.29,4619,0
2026-08-14T11:45:00+05:30,79.18,79.29,79.07,79.23,675,0
2026-08-14T12:00:00+05:30,79.08,79.67,78.96,78.98,42959,0
2026-08-14T12:15:00+05:30,78.99,79.26,78.98,79.26,3784,0
2026-08-14T12:30:00+05:30,79.2,79.2,79.0,79.04,13831,0
2026-08-14T12:45:00+05:30,79.23,79.47,79.11,79.25,14517,0
2026-08-14T13:00:00+05:30,79.25,79.42,79.12,79.34,4897,0
2026-08-14T13:15:00+05:30,79.34,79.34,79.11,79.31,1422,0
2026-08-14T13:30:00+05:30,79.31,79.35,79.25,79.35,317,0
2026-08-14T13:45:00+05:30,79.35,79.53,79.35,79.49,1416,0
2026-08-14T14:00:00+05:30,79.49,79.6,79.33,79.51,2473,0
2026-08-14T14:15:00+05:30,79.51,79.67,79.47,79.48,6643,0
2026-08-14T14:30:00+05:30,79.6,79.72,79.56,79.68,1337,0
2026-08-14T14:45:00+05:30,79.68,79.75,79.48,79.58,6301,0
2026-08-14T15:00:00+05:30,79.73,80.0,79.25,79.5,16056,0
2026-08-14T15:15:00+05:30,79.5,79.9,79.01,79.9,24772,0
2026-08-17T09:15:00+05:30,79.99,80.68,79.55,79.62,10088,0
2026-08-17T09:30:00+05:30,79.66,79.7,79.2,79.7,7665,0
2026-08-17T09:45:00+05:30,79.7,79.7,79.26,79.3,10451,0
2026-08-17T10:00:00+05:30,79.3,79.5,78.97,79.28,26408,0
2026-08-17T10:15:00+05:30,79.28,79.3,79.01,79.19,6138,0
2026-08-17T10:30:00+05:30,79.16,79.24,79.1,79.1,3171,0
2026-08-17T10:45:00+05:30,79.1,79.3,79.06,79.28,2050,0
2026-08-17T11:00:00+05:30,79.26,79.26,79.04,79.19,2139,0
2026-08-17T11:15:00+05:30,79.18,79.27,79.01,79.27,2526,0
2026-08-17T11:30:00+05:30,79.27,79.27,79.07,79.22,1978,0
2026-08-17T11:45:00+05:30,79.22,79.23,79.17,79.22,1379,0
2026-08-17T12:00:00+05:30,79.22,79.22,78.48,78.99,23285,0
2026-08-17T12:15:00+05:30,78.89,78.99,78.0,78.48,71554,0
2026-08-17T12:30:00+05:30,78.23,78.93,78.23,78.9,17353,0
2026-08-17T12:45:00+05:30,78.9,79.9,78.81,79.55,65712,0
2026-08-17T13:00:00+05:30,79.56,81.04,79.55,80.64,77837,0
2026-08-17T13:15:00+05:30,80.53,80.64,80.12,80.33,6761,0
2026-08-17T13:30:00+05:30,80.38,80.52,80.11,80.11,2936,0
2026-08-17T13:45:00+05:30,80.11,80.27,80.11,80.25,6246,0
2026-08-17T14:00:00+05:30,80.3,80.3,80.13,80.13,1605,0
2026-08-17T14:15:00+05:30,80.13,80.14,80.01,80.11,2718,0
2026-08-17T14:30:00+05:30,80.11,80.18,80.05,80.05,6527,0
2026-08-17T14:45:00+05:30,80.05,80.38,80.05,80.2,6212,0
2026-08-17T15:00:00+05:30,80.3,80.48,80.13,80.32,7850,0
2026-08-17T15:15:00+05:30,80.3,80.9,80.02,80.9,15014,0
2026-08-18T09:15:00+05:30,80.84,80.9,80.06,80.38,16138,0
2026-08-18T09:30:00+05:30,80.29,80.32,80.03,80.16,3868,0
2026-08-18T09:45:00+05:30,80.06,80.24,79.98,80.11,7513,0
2026-08-18T10:00:00+05:30,80.12,80.19,79.82,80.11,5190,0
2026-08-18T10:15:00+05:30,80.11,80.16,80.0,80.01,8750,0
2026-08-18T10:30:00+05:30,80.21,80.21,79.9,80.03,3695,0
2026-08-18T10:45:00+05:30,80.11,80.11,79.85,79.85,12677,0
2026-08-18T11:00:00+05:30,79.85,79.85,79.78,79.78,1084,0
2026-08-18T11:15:00+05:30,79.78,79.94,79.73,79.93,2362,0
2026-08-18T11:30:00+05:30,79.93,79.97,79.85,79.96,2160,0
2026-08-18T11:45:00+05:30,79.95,79.95,79.83,79.95,642,0
2026-08-18T12:00:00+05:30,79.95,79.95,79.85,79.85,863,0
2026-08-18T12:15:00+05:30,79.85,79.95,79.85,79.9,487,0
2026-08-18T12:30:00+05:30,79.86,79.91,79.8,79.8,2018,0
2026-08-18T12:45:00+05:30,79.9,79.91,79.8,79.89,1408,0
2026-08-18T13:00:00+05:30,79.89,79.89,79.85,79.86,87,0
2026-08-18T13:15:00+05:30,79.86,79.91,79.86,79.91,157,0
2026-08-18T13:30:00+05:30,79.91,79.91,79.7,79.86,2651,0
2026-08-18T13:45:00+05:30,79.87,79.9,79.71,79.73,558,0
2026-08-18T14:00:00+05:30,79.73,79.89,79.7,79.89,1662,0
2026-08-18T14:15:00+05:30,79.89,79.89,79.8,79.87,426,0
2026-08-18T14:30:00+05:30,79.87,79.87,79.7,79.78,2329,0
2026-08-18T14:45:00+05:30,79.79,79.79,79.56,79.73,5248,0
2026-08-18T15:00:00+05:30,79.73,79.88,79.5,79.5,5953,0
2026-08-18T15:15:00+05:30,79.5,79.8,79.02,79.45,15055,0
2026-08-19T09:15:00+05:30,80.0,80.01,79.55,79.6,16716,0
2026-08-19T09:30:00+05:30,79.7,79.7,79.28,79.5,6483,0
2026-08-19T09:45:00+05:30,79.5,79.81,79.5,79.73,1973,0
2026-08-19T10:00:00+05:30,79.73,79.73,78.75,79.2,49086,0
2026-08-19T10:15:00+05:30,79.21,79.26,79.03,79.04,1004,0
2026-08-19T10:30:00+05:30,79.14,79.14,78.93,79.0,1708,0
2026-08-19T10:45:00+05:30,79.0,79.08,78.75,78.87,3989,0
2026-08-19T11:00:00+05:30,79.01,79.18,79.01,79.18,2117,0
2026-08-19T11:15:00+05:30,79.18,79.25,79.0,79.14,2649,0
2026-08-19T11:30:00+05:30,79.16,79.16,79.02,79.12,304,0
2026-08-19T11:45:00+05:30,79.12,79.16,79.02,79.16,313,0
2026-08-19T12:00:00+05:30,79.16,79.65,79.16,79.33,11240,0
2026-08-19T12:15:00+05:30,79.46,79.46,79.3,79.3,2870,0
2026-08-19T12:30:00+05:30,79.29,79.38,79.04,79.26,2600,0
2026-08-19T12:45:00+05:30,79.27,79.35,79.2,79.34,1216,0
2026-08-19T13:00:00+05:30,79.34,79.34,79.2,79.29,956,0
2026-08-19T13:15:00+05:30,79.29,79.29,79.1,79.18,472,0
2026-08-19T13:30:00+05:30,79.18,79.24,79.1,79.23,16,0
2026-08-19T13:45:00+05:30,79.23,79.23,79.04,79.07,1289,0
2026-08-19T14:00:00+05:30,79.07,79.28,78.83,79.04,14107,0
2026-08-19T14:15:00+05:30,78.97,79.13,78.9,78.9,2801,0
2026-08-19T14:30:00+05:30,78.9,79.06,78.82,78.96,11450,0
2026-08-19T14:45:00+05:30,78.96,79.03,78.75,79.0,7706,0
2026-08-19T15:00:00+05:30,79.02,79.2,78.73,78.96,13175,0
2026-08-19T15:15:00+05:30,78.75,79.0,78.5,78.8,20958,0
2026-08-20T09:15:00+05:30,79.2,80.47,79.0,79.33,27169,0
2026-08-20T09:30:00+05:30,79.36,79.5,79.19,79.5,3515,0
2026-08-20T09:45:00+05:30,79.5,79.67,79.28,79.35,35469,0
2026-08-20T10:00:00+05:30,79.35,79.52,79.19,79.33,2164,0
2026-08-20T10:15:00+05:30,79.35,79.39,79.29,79.29,1257,0
2026-08-20T10:30:00+05:30,79.37,79.39,79.09,79.39,3750,0
2026-08-20T10:45:00+05:30,79.33,79.41,79.22,79.38,2660,0
2026-08-20T11:00:00+05:30,79.47,79.5,79.29,79.4,3403,0
2026-08-20T11:15:00+05:30,79.4,79.63,79.4,79.58,1043,0
2026-08-20T11:30:00+05:30,79.58,79.77,79.4,79.72,10528,0
2026-08-20T11:45:00+05:30,79.55,79.67,79.42,79.56,1063,0
2026-08-20T12:00:00+05:30,79.56,79.56,79.41,79.53,100,0
2026-08-20T12:15:00+05:30,79.53,79.53,79.38,79.38,609,0
2026-08-20T12:30:00+05:30,79.49,79.49,79.16,79.26,6649,0
2026-08-20T12:45:00+05:30,79.36,79.5,79.36,79.48,1038,0
2026-08-20T13:00:00+05:30,79.47,79.47,79.23,79.25,2783,0
2026-08-20T13:15:00+05:30,79.25,79.65,79.25,79.65,6831,0
2026-08-20T13:30:00+05:30,79.65,79.65,79.4,79.4,643,0
2026-08-20T13:45:00+05:30,79.4,79.62,79.35,79.35,883,0
2026-08-20T14:00:00+05:30,79.32,79.32,79.23,79.23,920,0
2026-08-20T14:15:00+05:30,79.25,79.41,79.25,79.31,2067,0
2026-08-20T14:30:00+05:30,79.49,79.49,79.33,79.33,814,0
2026-08-20T14:45:00+05:30,79.33,79.52,79.09,79.34,7650,0
2026-08-20T15:00:00+05:30,79.1,79.54,79.0,79.39,11936,0
2026-08-20T15:15:00+05:30,79.03,79.49,78.9,78.91,18654,0
2026-08-21T09:15:00+05:30,79.2,79.96,78.45,78.72,30503,0
2026-08-21T09:30:00+05:30,78.88,79.19,78.8,79.19,8063,0
2026-08-21T09:45:00+05:30,79.19,79.46,79.17,79.44,3665,0
2026-08-21T10:00:00+05:30,79.44,79.53,79.1,79.2,4913,0
2026-08-21T10:15:00+05:30,79.2,79.49,79.2,79.4,2579,0
2026-08-21T10:30:00+05:30,79.27,79.64,79.2,79.57,10376,0
2026-08-21T10:45:00+05:30,79.57,79.57,79.37,79.37,241,0
2026-08-21T11:00:00+05:30,79.36,79.44,79.22,79.44,2154,0
2026-08-21T11:15:00+05:30,79.44,79.45,79.28,79.39,351,0
2026-08-21T11:30:00+05:30,79.3,79.34,79.11,79.34,3527,0
2026-08-21T11:45:00+05:30,79.34,79.52,79.13,79.13,8909,0
2026-08-21T12:00:00+05:30,79.13,79.36,79.13,79.34,218,0
2026-08-21T12:15:00+05:30,79.34,79.34,79.16,79.16,787,0
2026-08-21T12:30:00+05:30,79.31,79.31,79.13,79.28,5463,0
2026-08-21T12:45:00+05:30,79.27,79.27,79.13,79.17,111,0
2026-08-21T13:00:00+05:30,79.17,79.27,79.14,79.26,199,0
2026-08-21T13:15:00+05:30,79.26,79.26,79.13,79.23,311,0
2026-08-21T13:30:00+05:30,79.23,79.3,78.91,79.3,9244,0
2026-08-21T13:45:00+05:30,79.34,79.45,79.16,79.27,10048,0
2026-08-21T14:00:00+05:30,79.27,79.27,78.92,79.12,1614,0
2026-08-21T14:15:00+05:30,79.1,79.3,79.02,79.02,2516,0
2026-08-21T14:30:00+05:30,79.02,79.78,79.02,79.28,13663,0
2026-08-21T14:45:00+05:30,79.28,79.39,79.12,79.33,2935,0
2026-08-21T15:00:00+05:30,79.33,79.99,79.33,79.51,25735,0
2026-08-21T15:15:00+05:30,79.51,79.97,79.38,79.7,11022,0
2026-08-24T09:15:00+05:30,79.01,80.21,79.01,80.03,16629,0
2026-08-24T09:30:00+05:30,79.99,80.52,79.99,80.25,13629,0
2026-08-24T09:45:00+05:30,80.26,80.26,79.74,79.76,4004,0
2026-08-24T10:00:00+05:30,79.9,79.93,79.75,79.89,3489,0
2026-08-24T10:15:00+05:30,79.86,79.91,79.77,79.8,3317,0
2026-08-24T10:30:00+05:30,79.91,80.02,79.74,79.97,5910,0
2026-08-24T10:45:00+05:30,79.96,80.35,79.83,80.1,4319,0
2026-08-24T11:00:00+05:30,80.1,80.1,79.76,79.85,3948,0
2026-08-24T11:15:00+05:30,79.8,79.8,79.22,79.63,9882,0
2026-08-24T11:30:00+05:30,79.63,79.63,78.91,79.25,41422,0
2026-08-24T11:45:00+05:30,79.15,79.21,78.83,79.19,6815,0
2026-08-24T12:00:00+05:30,79.19,79.38,78.86,78.86,13885,0
2026-08-24T12:15:00+05:30,78.86,79.08,78.86,79.01,2707,0
2026-08-24T12:30:00+05:30,79.01,79.09,78.86,79.07,6430,0
2026-08-24T12:45:00+05:30,79.01,79.12,78.88,78.9,4187,0
2026-08-24T13:00:00+05:30,78.9,79.02,78.5,78.8,16756,0
2026-08-24T13:15:00+05:30,78.76,78.98,78.76,78.81,1676,0
2026-08-24T13:30:00+05:30,78.93,78.93,78.53,78.84,4365,0
2026-08-24T13:45:00+05:30,78.84,78.89,78.7,78.87,4080,0
2026-08-24T14:00:00+05:30,78.85,78.91,78.01,78.67,41599,0
2026-08-24T14:15:00+05:30,78.66,78.7,78.54,78.69,1583,0
2026-08-24T14:30:00+05:30,78.67,78.69,78.57,78.68,4222,0
2026-08-24T14:45:00+05:30,78.68,78.72,78.3,78.55,23482,0
2026-08-24T15:00:00+05:30,78.65,78.81,78.2,78.64,33230,0
2026-08-24T15:15:00+05:30,78.54,78.84,78.53,78.75,12430,0
2026-08-25T09:15:00+05:30,78.62,79.19,76.8,78.76,51147,0
2026-08-25T09:30:00+05:30,78.76,79.06,78.76,79.04,7873,0
2026-08-25T09:45:00+05:30,79.04,79.04,78.71,78.74,3082,0
2026-08-25T10:00:00+05:30,78.86,78.99,78.71,78.93,7493,0
2026-08-25T10:15:00+05:30,78.93,78.93,78.52,78.77,3883,0
2026-08-25T10:30:00+05:30,78.77,78.79,78.61,78.79,1409,0
2026-08-25T10:45:00+05:30,78.83,78.91,78.75,78.91,403,0
2026-08-25T11:00:00+05:30,78.91,78.96,78.81,78.94,1262,0
2026-08-25T11:15:00+05:30,78.94,78.94,78.77,78.77,515,0
2026-08-25T11:30:00+05:30,78.89,78.92,78.77,78.92,615,0
2026-08-25T11:45:00+05:30,78.9,78.91,78.77,78.8,270,0
2026-08-25T12:00:00+05:30,78.8,78.8,78.51,78.71,6039,0
2026-08-25T12:15:00+05:30,78.61,78.71,78.53,78.63,2072,0
2026-08-25T12:30:00+05:30,78.52,78.62,78.36,78.57,3647,0
2026-08-25T12:45:00+05:30,78.57,78.69,78.51,78.53,573,0
2026-08-25T13:00:00+05:30,78.54,78.68,78.5,78.63,1093,0
2026-08-25T13:15:00+05:30,78.63,78.63,78.36,78.6,8765,0
2026-08-25T13:30:00+05:30,78.6,78.63,78.5,78.63,718,0
2026-08-25T13:45:00+05:30,78.5,78.57,78.4,78.54,895,0
2026-08-25T14:00:00+05:30,78.4,78.51,78.28,78.44,999,0
2026-08-25T14:15:00+05:30,78.44,78.5,78.28,78.42,5725,0
2026-08-25T14:30:00+05:30,78.53,79.16,78.52,78.71,20317,0
2026-08-25T14:45:00+05:30,78.71,78.99,78.6,78.98,19552,0
2026-08-25T15:00:00+05:30,78.98,79.5,78.85,78.86,8396,0
2026-08-25T15:15:00+05:30,78.86,80.02,78.86,79.9,56959,0
2026-08-26T09:15:00+05:30,79.98,80.8,79.6,80.01,42040,0
2026-08-26T09:30:00+05:30,80.02,80.2,79.65,80.15,20803,0
2026-08-26T09:45:00+05:30,80.02,80.33,79.84,80.0,5316,0
2026-08-26T10:00:00+05:30,79.9,80.0,79.44,79.72,21452,0
2026-08-26T10:15:00+05:30,79.71,79.98,79.57,79.69,19205,0
2026-08-26T10:30:00+05:30,79.78,79.92,79.61,79.82,2473,0
2026-08-26T10:45:00+05:30,79.82,79.82,79.46,79.59,5033,0
2026-08-26T11:00:00+05:30,79.74,79.79,79.59,79.63,1750,0
2026-08-26T11:15:00+05:30,79.63,79.79,79.55,79.7,1921,0
2026-08-26T11:30:00+05:30,79.55,79.72,79.5,79.6,1928,0
2026-08-26T11:45:00+05:30,79.6,79.72,79.5,79.5,2349,0
2026-08-26T12:00:00+05:30,79.65,79.68,79.5,79.51,166,0
2026-08-26T12:15:00+05:30,79.51,79.65,79.51,79.53,323,0
2026-08-26T12:30:00+05:30,79.65,79.65,79.45,79.52,2560,0
2026-08-26T12:45:00+05:30,79.52,79.64,79.45,79.46,1115,0
2026-08-26T13:00:00+05:30,79.46,79.63,79.41,79.42,2168,0
2026-08-26T13:15:00+05:30,79.42,79.55,79.42,79.51,322,0
2026-08-26T13:30:00+05:30,79.45,79.75,79.44,79.64,14322,0
2026-08-26T13:45:00+05:30,79.64,79.75,79.62,79.63,1093,0
2026-08-26T14:00:00+05:30,79.63,79.74,79.63,79.68,1600,0
2026-08-26T14:15:00+05:30,79.68,79.78,79.66,79.66,2460,0
2026-08-26T14:30:00+05:30,79.66,79.74,79.6,79.6,2918,0
2026-08-26T14:45:00+05:30,79.59,79.6,79.01,79.39,31822,0
2026-08-26T15:00:00+05:30,79.37,79.6,79.13,79.59,13662,0
2026-08-26T15:15:00+05:30,79.21,79.56,79.1,79.39,7137,0
