timestamp,open,high,low,close,volume,oi
2026-02-26T09:15:00+05:30,459.5,464.5,454.15,455.35,7054,0
2026-02-26T09:30:00+05:30,454.5,455.45,451.5,455.15,3715,0
2026-02-26T09:45:00+05:30,455.15,462.85,454.55,460.55,5876,0
2026-02-26T10:00:00+05:30,460.55,462.0,459.85,461.55,1223,0
2026-02-26T10:15:00+05:30,461.55,461.75,459.7,459.8,1500,0
2026-02-26T10:30:00+05:30,459.2,461.7,459.0,459.35,2210,0
2026-02-26T10:45:00+05:30,459.35,460.95,455.6,455.9,8405,0
2026-02-26T11:00:00+05:30,455.9,457.15,453.1,454.0,3441,0
2026-02-26T11:15:00+05:30,453.65,454.45,452.0,453.45,4092,0
2026-02-26T11:30:00+05:30,453.45,453.6,450.0,451.0,3127,0
2026-02-26T11:45:00+05:30,450.65,450.85,448.1,449.65,5462,0
2026-02-26T12:00:00+05:30,449.55,450.65,446.3,448.5,9524,0
2026-02-26T12:15:00+05:30,448.5,448.8,445.1,445.85,3919,0
2026-02-26T12:30:00+05:30,446.45,446.55,444.9,444.9,3588,0
2026-02-26T12:45:00+05:30,444.9,446.15,441.1,442.6,5612,0
2026-02-26T13:00:00+05:30,442.6,445.0,442.6,443.5,858,0
2026-02-26T13:15:00+05:30,443.25,443.5,441.0,443.0,1301,0
2026-02-26T13:30:00+05:30,443.0,448.5,442.45,448.15,5703,0
2026-02-26T13:45:00+05:30,448.0,450.75,446.6,447.3,5901,0
2026-02-26T14:00:00+05:30,447.0,447.55,444.95,447.1,1342,0
2026-02-26T14:15:00+05:30,447.3,448.35,445.95,445.95,1672,0
2026-02-26T14:30:00+05:30,446.4,451.45,445.45,450.75,2567,0
2026-02-26T14:45:00+05:30,450.75,451.3,448.45,449.45,2655,0
2026-02-26T15:00:00+05:30,449.4,449.55,446.7,449.3,1455,0
2026-02-26T15:15:00+05:30,448.95,465.9,446.85,465.9,8444,0
2026-02-27T09:15:00+05:30,452.9,456.9,445.05,451.5,9715,0
2026-02-27T09:30:00+05:30,452.2,453.0,448.0,449.5,9382,0
2026-02-27T09:45:00+05:30,449.0,449.4,445.35,445.95,2505,0
2026-02-27T10:00:00+05:30,445.7,446.95,444.05,446.85,2903,0
2026-02-27T10:15:00+05:30,445.4,446.0,444.8,444.9,386,0
2026-02-27T10:30:00+05:30,444.9,445.8,444.0,444.55,1788,0
2026-02-27T10:45:00+05:30,444.5,445.0,442.0,442.0,2582,0
2026-02-27T11:00:00+05:30,442.4,444.4,442.3,444.4,1048,0
2026-02-27T11:15:00+05:30,444.05,444.45,443.5,444.15,613,0
2026-02-27T11:30:00+05:30,444.25,447.3,444.25,445.75,2574,0
2026-02-27T11:45:00+05:30,445.75,449.0,445.35,446.8,3160,0
2026-02-27T12:00:00+05:30,446.45,448.1,446.25,447.05,806,0
2026-02-27T12:15:00+05:30,446.4,447.7,445.35,446.95,1191,0
2026-02-27T12:30:00+05:30,446.95,446.95,443.6,444.55,7186,0
2026-02-27T12:45:00+05:30,444.6,446.2,444.6,445.55,303,0
2026-02-27T13:00:00+05:30,445.45,446.85,445.0,445.85,361,0
2026-02-27T13:15:00+05:30,445.6,445.75,444.95,445.75,573,0
2026-02-27T13:30:00+05:30,446.0,447.05,443.5,443.5,3461,0
2026-02-27T13:45:00+05:30,443.5,446.35,443.5,445.15,842,0
2026-02-27T14:00:00+05:30,445.15,447.5,444.65,447.2,6684,0
2026-02-27T14:15:00+05:30,447.2,448.7,447.2,447.3,755,0
2026-02-27T14:30:00+05:30,447.3,449.2,447.3,447.8,1110,0
2026-02-27T14:45:00+05:30,447.8,450.45,447.4,449.25,1076,0
2026-02-27T15:00:00+05:30,449.55,449.55,444.65,445.0,3583,0
2026-02-27T15:15:00+05:30,445.1,447.25,444.0,444.0,4909,0
2026-03-02T09:15:00+05:30,420.1,441.0,415.0,439.3,15495,0
2026-03-02T09:30:00+05:30,439.95,443.25,437.05,441.25,5612,0
2026-03-02T09:45:00+05:30,441.25,444.75,440.75,443.2,2824,0
2026-03-02T10:00:00+05:30,443.05,443.85,440.5,441.9,3291,0
2026-03-02T10:15:00+05:30,442.3,443.85,441.05,441.95,2279,0
2026-03-02T10:30:00+05:30,441.95,444.9,440.7,442.6,5644,0
2026-03-02T10:45:00+05:30,443.2,443.2,440.5,441.0,851,0
2026-03-02T11:00:00+05:30,441.0,441.25,437.45,437.7,488,0
2026-03-02T11:15:00+05:30,438.6,438.8,435.55,435.55,926,0
2026-03-02T11:30:00+05:30,435.55,442.2,435.0,441.6,4491,0
2026-03-02T11:45:00+05:30,442.3,443.5,438.45,438.45,2331,0
2026-03-02T12:00:00+05:30,437.95,439.45,436.9,438.7,681,0
2026-03-02T12:15:00+05:30,437.95,438.65,436.75,438.65,356,0
2026-03-02T12:30:00+05:30,438.65,438.65,436.3,436.4,1366,0
2026-03-02T12:45:00+05:30,436.85,438.7,436.35,437.15,630,0
2026-03-02T13:00:00+05:30,437.15,437.65,437.0,437.3,184,0
2026-03-02T13:15:00+05:30,437.3,438.15,436.6,437.75,307,0
2026-03-02T13:30:00+05:30,437.75,437.95,436.0,436.0,685,0
2026-03-02T13:45:00+05:30,436.0,436.65,432.55,432.8,2254,0
2026-03-02T14:00:00+05:30,432.85,439.05,432.0,439.05,1204,0
2026-03-02T14:15:00+05:30,438.1,438.7,434.95,435.8,781,0
2026-03-02T14:30:00+05:30,435.6,438.15,435.3,437.4,2546,0
2026-03-02T14:45:00+05:30,437.4,439.35,436.05,438.6,2091,0
2026-03-02T15:00:00+05:30,438.6,440.0,437.0,437.5,1394,0
2026-03-02T15:15:00+05:30,437.5,445.0,437.0,443.15,8050,0
2026-03-04T09:15:00+05:30,430.5,435.95,423.9,425.5,13291,0
2026-03-04T09:30:00+05:30,425.65,432.5,425.65,431.85,8665,0
2026-03-04T09:45:00+05:30,431.5,431.8,428.9,429.5,2237,0
2026-03-04T10:00:00+05:30,430.0,436.25,430.0,436.25,5668,0
2026-03-04T10:15:00+05:30,435.4,435.4,433.05,434.8,1735,0
2026-03-04T10:30:00+05:30,434.2,434.8,432.5,432.6,1908,0
2026-03-04T10:45:00+05:30,432.5,434.9,431.55,431.75,1866,0
2026-03-04T11:00:00+05:30,431.15,433.4,431.1,433.05,3707,0
2026-03-04T11:15:00+05:30,433.05,433.05,431.45,431.5,693,0
2026-03-04T11:30:00+05:30,431.55,433.05,427.95,428.5,11682,0
2026-03-04T11:45:00+05:30,427.75,428.35,425.5,427.5,4435,0
2026-03-04T12:00:00+05:30,427.9,427.95,425.0,425.35,1218,0
2026-03-04T12:15:00+05:30,425.35,426.3,425.0,425.55,2428,0
2026-03-04T12:30:00+05:30,425.55,425.9,423.5,424.65,2426,0
2026-03-04T12:45:00+05:30,425.05,427.2,424.55,427.2,1026,0
2026-03-04T13:00:00+05:30,427.2,428.5,425.5,427.5,1739,0
2026-03-04T13:15:00+05:30,427.5,429.45,427.0,428.1,519,0
2026-03-04T13:30:00+05:30,427.45,428.75,426.85,427.6,556,0
2026-03-04T13:45:00+05:30,427.6,427.7,424.65,427.15,6089,0
2026-03-04T14:00:00+05:30,427.15,431.3,426.55,431.3,1045,0
2026-03-04T14:15:00+05:30,430.85,433.35,429.0,429.55,4105,0
2026-03-04T14:30:00+05:30,429.55,432.5,429.05,432.5,1496,0
2026-03-04T14:45:00+05:30,432.5,435.5,431.35,435.5,3793,0
2026-03-04T15:00:00+05:30,434.6,442.0,431.0,436.15,25596,0
2026-03-04T15:15:00+05:30,435.65,436.1,428.5,429.5,12828,0
2026-03-05T09:15:00+05:30,437.55,446.5,428.55,432.8,12346,0
2026-03-05T09:30:00+05:30,431.55,433.25,428.8,430.45,3968,0
2026-03-05T09:45:00+05:30,430.45,432.45,429.0,429.0,2941,0
2026-03-05T10:00:00+05:30,428.5,429.25,426.1,426.5,3878,0
2026-03-05T10:15:00+05:30,426.5,426.7,423.55,423.55,5830,0
2026-03-05T10:30:00+05:30,424.7,426.7,423.65,424.85,929,0
2026-03-05T10:45:00+05:30,424.55,426.45,424.55,425.05,969,0
2026-03-05T11:00:00+05:30,425.05,425.95,423.05,423.5,2729,0
2026-03-05T11:15:00+05:30,423.5,426.0,423.05,423.65,1855,0
2026-03-05T11:30:00+05:30,424.8,424.85,422.6,423.5,1200,0
2026-03-05T11:45:00+05:30,424.1,425.1,422.7,424.55,540,0
2026-03-05T12:00:00+05:30,424.55,425.9,423.75,425.05,407,0
2026-03-05T12:15:00+05:30,425.05,426.6,425.0,425.7,677,0
2026-03-05T12:30:00+05:30,425.7,426.5,425.7,426.5,293,0
2026-03-05T12:45:00+05:30,426.5,428.1,426.5,427.8,1353,0
2026-03-05T13:00:00+05:30,427.8,427.8,425.95,425.95,324,0
2026-03-05T13:15:00+05:30,425.95,426.0,424.05,425.0,649,0
2026-03-05T13:30:00+05:30,424.0,424.7,421.0,421.0,9106,0
2026-03-05T13:45:00+05:30,420.95,421.05,418.5,420.0,6744,0
2026-03-05T14:00:00+05:30,420.0,420.35,418.0,418.35,2968,0
2026-03-05T14:15:00+05:30,418.35,420.0,418.3,419.5,1562,0
2026-03-05T14:30:00+05:30,420.0,420.0,419.5,420.0,9739,0
2026-03-05T14:45:00+05:30,419.95,420.0,419.0,419.05,19082,0
2026-03-05T15:00:00+05:30,419.6,420.0,417.15,419.4,6517,0
2026-03-05T15:15:00+05:30,418.5,420.0,414.5,415.0,53846,0
2026-03-06T09:15:00+05:30,412.8,426.7,412.8,420.55,12681,0
2026-03-06T09:30:00+05:30,421.45,422.45,417.0,417.0,3364,0
2026-03-06T09:45:00+05:30,418.0,418.45,414.3,415.6,6586,0
2026-03-06T10:00:00+05:30,415.6,417.4,414.4,417.3,1508,0
2026-03-06T10:15:00+05:30,417.35,418.3,415.5,415.5,1509,0
2026-03-06T10:30:00+05:30,415.2,417.0,415.0,415.0,2056,0
2026-03-06T10:45:00+05:30,415.0,416.4,411.05,411.7,2727,0
2026-03-06T11:00:00+05:30,411.7,413.1,410.0,411.15,2668,0
2026-03-06T11:15:00+05:30,411.15,412.15,408.5,412.15,4595,0
2026-03-06T11:30:00+05:30,412.15,414.15,410.75,411.2,2977,0
2026-03-06T11:45:00+05:30,410.55,412.3,410.55,411.35,1879,0
2026-03-06T12:00:00+05:30,411.4,412.1,410.55,410.55,1432,0
2026-03-06T12:15:00+05:30,410.55,411.8,409.85,409.85,502,0
2026-03-06T12:30:00+05:30,409.85,411.45,409.2,410.2,550,0
2026-03-06T12:45:00+05:30,410.2,411.7,410.2,410.4,301,0
2026-03-06T13:00:00+05:30,410.45,410.9,409.0,409.9,2003,0
2026-03-06T13:15:00+05:30,410.4,411.7,410.35,410.6,703,0
2026-03-06T13:30:00+05:30,410.6,410.85,407.45,409.75,3233,0
2026-03-06T13:45:00+05:30,410.4,410.4,407.5,407.85,5395,0
2026-03-06T14:00:00+05:30,408.25,409.45,407.1,409.45,794,0
2026-03-06T14:15:00+05:30,409.45,410.0,408.7,409.3,13106,0
2026-03-06T14:30:00+05:30,410.0,410.0,409.05,409.05,4421,0
2026-03-06T14:45:00+05:30,409.05,409.25,407.7,408.1,1907,0
2026-03-06T15:00:00+05:30,408.1,408.2,405.5,406.75,2960,0
2026-03-06T15:15:00+05:30,406.75,407.05,401.2,402.0,16040,0
2026-03-09T09:15:00+05:30,394.9,399.5,386.0,392.5,17069,0
2026-03-09T09:30:00+05:30,393.05,395.0,389.5,394.15,4807,0
2026-03-09T09:45:00+05:30,394.15,396.5,391.8,395.4,2231,0
2026-03-09T10:00:00+05:30,395.15,395.8,392.65,394.9,1442,0
2026-03-09T10:15:00+05:30,393.25,395.65,393.1,394.5,1407,0
2026-03-09T10:30:00+05:30,394.6,395.1,392.05,392.8,1298,0
2026-03-09T10:45:00+05:30,392.65,398.0,392.15,395.95,3900,0
2026-03-09T11:00:00+05:30,395.5,398.0,394.65,397.45,1249,0
2026-03-09T11:15:00+05:30,397.45,402.65,396.1,402.45,6874,0
2026-03-09T11:30:00+05:30,402.0,403.7,398.65,398.65,5329,0
2026-03-09T11:45:00+05:30,399.55,401.0,397.65,399.45,3855,0
2026-03-09T12:00:00+05:30,399.45,400.75,398.35,400.2,1057,0
2026-03-09T12:15:00+05:30,400.2,402.15,399.3,402.15,633,0
2026-03-09T12:30:00+05:30,401.7,405.0,400.6,403.2,4608,0
2026-03-09T12:45:00+05:30,403.2,407.9,402.0,403.05,18175,0
2026-03-09T13:00:00+05:30,403.05,405.45,401.8,402.3,3508,0
2026-03-09T13:15:00+05:30,403.35,404.0,402.3,402.5,578,0
2026-03-09T13:30:00+05:30,402.25,403.7,401.65,402.0,355,0
2026-03-09T13:45:00+05:30,402.2,404.0,401.25,401.3,695,0
2026-03-09T14:00:00+05:30,400.85,400.85,398.75,399.25,1682,0
2026-03-09T14:15:00+05:30,398.65,400.15,398.2,399.7,1136,0
2026-03-09T14:30:00+05:30,399.95,401.35,398.85,400.45,948,0
2026-03-09T14:45:00+05:30,400.45,403.0,400.0,401.8,1413,0
2026-03-09T15:00:00+05:30,401.4,403.6,400.55,402.65,1966,0
2026-03-09T15:15:00+05:30,402.6,407.7,400.55,405.9,5787,0
2026-03-10T09:15:00+05:30,405.15,409.3,400.75,400.75,4371,0
2026-03-10T09:30:00+05:30,401.45,404.0,398.65,403.5,4651,0
2026-03-10T09:45:00+05:30,403.2,408.7,402.7,406.55,2840,0
2026-03-10T10:00:00+05:30,406.45,409.45,406.45,407.95,2215,0
2026-03-10T10:15:00+05:30,407.85,411.2,407.85,410.05,2704,0
2026-03-10T10:30:00+05:30,409.8,411.2,408.1,410.1,6829,0
2026-03-10T10:45:00+05:30,410.7,413.0,410.3,411.25,5227,0
2026-03-10T11:00:00+05:30,410.85,417.6,410.55,413.4,11183,0
2026-03-10T11:15:00+05:30,413.4,445.0,412.25,430.45,275164,0
2026-03-10T11:30:00+05:30,430.0,434.8,421.1,425.0,105987,0
2026-03-10T11:45:00+05:30,425.85,433.1,424.5,429.25,57931,0
2026-03-10T12:00:00+05:30,429.4,431.0,426.0,427.85,19636,0
2026-03-10T12:15:00+05:30,427.8,429.05,422.25,426.05,18558,0
2026-03-10T12:30:00+05:30,425.7,428.35,420.1,421.5,20240,0
2026-03-10T12:45:00+05:30,421.5,426.3,421.05,424.7,8191,0
2026-03-10T13:00:00+05:30,424.7,425.0,421.6,422.4,7707,0
2026-03-10T13:15:00+05:30,422.75,423.0,420.0,421.0,7064,0
2026-03-10T13:30:00+05:30,420.8,422.0,420.0,421.25,5754,0
2026-03-10T13:45:00+05:30,421.2,421.45,416.0,420.0,11348,0
2026-03-10T14:00:00+05:30,420.0,420.2,416.1,417.1,11780,0
2026-03-10T14:15:00+05:30,417.1,420.0,416.0,418.0,14742,0
2026-03-10T14:30:00+05:30,417.75,418.65,416.3,417.85,3507,0
2026-03-10T14:45:00+05:30,417.8,432.75,415.0,432.3,26138,0
2026-03-10T15:00:00+05:30,432.9,433.9,426.35,429.1,42259,0
2026-03-10T15:15:00+05:30,429.15,431.75,427.95,429.0,30439,0
2026-03-11T09:15:00+05:30,436.4,436.4,419.8,420.6,48513,0
2026-03-11T09:30:00+05:30,420.85,422.0,415.0,416.9,28941,0
2026-03-11T09:45:00+05:30,416.9,422.6,416.9,421.05,6785,0
2026-03-11T10:00:00+05:30,421.5,423.4,420.0,422.0,4920,0
2026-03-11T10:15:00+05:30,421.8,422.1,419.55,419.65,2720,0
2026-03-11T10:30:00+05:30,418.9,420.1,412.5,414.05,8770,0
2026-03-11T10:45:00+05:30,414.6,419.7,414.4,418.95,8601,0
2026-03-11T11:00:00+05:30,418.6,421.15,417.55,417.55,4054,0
2026-03-11T11:15:00+05:30,417.55,418.95,416.6,418.95,1204,0
2026-03-11T11:30:00+05:30,418.85,421.7,417.0,421.7,5668,0
2026-03-11T11:45:00+05:30,421.85,424.1,421.85,422.85,7353,0
2026-03-11T12:00:00+05:30,422.85,425.1,422.85,425.1,2072,0
2026-03-11T12:15:00+05:30,424.55,430.0,424.5,428.35,6772,0
2026-03-11T12:30:00+05:30,428.45,429.15,426.25,428.0,3854,0
2026-03-11T12:45:00+05:30,428.0,429.35,424.2,425.3,7850,0
2026-03-11T13:00:00+05:30,425.3,427.5,425.0,425.0,4789,0
2026-03-11T13:15:00+05:30,425.0,427.15,423.5,425.3,2040,0
2026-03-11T13:30:00+05:30,425.75,426.05,423.0,425.2,2862,0
2026-03-11T13:45:00+05:30,425.25,432.0,425.15,425.5,12684,0
2026-03-11T14:00:00+05:30,425.9,426.5,423.55,426.0,1996,0
2026-03-11T14:15:00+05:30,426.0,426.3,422.1,424.55,8147,0
2026-03-11T14:30:00+05:30,425.0,426.15,423.6,423.7,864,0
2026-03-11T14:45:00+05:30,423.7,424.0,422.6,422.8,1105,0
2026-03-11T15:00:00+05:30,422.75,424.0,415.25,416.5,18410,0
2026-03-11T15:15:00+05:30,416.4,419.35,415.5,416.0,10087,0
2026-03-12T09:15:00+05:30,419.0,422.0,410.3,419.35,12249,0
2026-03-12T09:30:00+05:30,419.6,419.6,413.8,416.0,10406,0
2026-03-12T09:45:00+05:30,416.0,416.0,414.1,415.15,2553,0
2026-03-12T10:00:00+05:30,415.15,415.35,412.05,412.05,1973,0
2026-03-12T10:15:00+05:30,412.05,415.3,412.05,414.7,1480,0
2026-03-12T10:30:00+05:30,415.0,415.55,413.2,413.8,1289,0
2026-03-12T10:45:00+05:30,413.8,415.9,413.8,415.9,945,0
2026-03-12T11:00:00+05:30,415.9,422.75,412.0,419.0,22100,0
2026-03-12T11:15:00+05:30,419.65,431.8,419.65,424.95,20647,0
2026-03-12T11:30:00+05:30,424.95,429.85,424.95,427.55,4042,0
2026-03-12T11:45:00+05:30,427.9,434.35,426.1,433.5,5005,0
2026-03-12T12:00:00+05:30,433.45,434.8,431.25,433.7,2477,0
2026-03-12T12:15:00+05:30,433.65,434.05,430.05,430.4,2692,0
2026-03-12T12:30:00+05:30,430.1,430.8,426.7,428.0,2664,0
2026-03-12T12:45:00+05:30,428.4,430.1,427.85,428.25,1514,0
2026-03-12T13:00:00+05:30,428.25,428.25,424.3,426.4,1657,0
2026-03-12T13:15:00+05:30,426.4,429.45,426.0,427.1,326,0
2026-03-12T13:30:00+05:30,427.75,431.75,427.75,430.8,1933,0
2026-03-12T13:45:00+05:30,430.3,430.35,426.25,426.25,995,0
2026-03-12T14:00:00+05:30,426.65,426.65,423.5,424.6,3820,0
2026-03-12T14:15:00+05:30,424.6,426.55,423.6,423.6,1386,0
2026-03-12T14:30:00+05:30,423.6,424.7,421.3,421.4,807,0
2026-03-12T14:45:00+05:30,422.25,424.1,418.0,418.0,13389,0
2026-03-12T15:00:00+05:30,418.0,421.1,414.95,420.05,11408,0
2026-03-12T15:15:00+05:30,420.6,422.4,418.35,418.5,8318,0
2026-03-13T09:15:00+05:30,418.4,426.35,413.5,420.6,13371,0
2026-03-13T09:30:00+05:30,420.6,424.8,418.25,422.7,6687,0
2026-03-13T09:45:00+05:30,421.75,422.1,418.0,418.0,8417,0
2026-03-13T10:00:00+05:30,418.0,419.3,417.2,418.0,2783,0
2026-03-13T10:15:00+05:30,418.0,422.4,416.85,422.35,5143,0
2026-03-13T10:30:00+05:30,422.05,422.8,415.7,417.4,5345,0
2026-03-13T10:45:00+05:30,416.8,422.45,416.8,420.0,5457,0
2026-03-13T11:00:00+05:30,420.3,421.9,418.6,419.1,3186,0
2026-03-13T11:15:00+05:30,419.15,422.9,418.9,422.85,2487,0
2026-03-13T11:30:00+05:30,422.9,424.0,420.6,420.6,2455,0
2026-03-13T11:45:00+05:30,420.6,421.1,418.0,418.0,5320,0
2026-03-13T12:00:00+05:30,418.0,419.95,416.5,418.8,6978,0
2026-03-13T12:15:00+05:30,418.8,418.8,413.95,414.75,6069,0
2026-03-13T12:30:00+05:30,414.75,414.9,411.5,412.45,2382,0
2026-03-13T12:45:00+05:30,412.65,413.55,411.1,412.85,3307,0
2026-03-13T13:00:00+05:30,412.85,412.85,410.1,410.15,3130,0
2026-03-13T13:15:00+05:30,410.15,411.9,408.4,410.45,2089,0
2026-03-13T13:30:00+05:30,410.45,411.7,408.85,411.5,4034,0
2026-03-13T13:45:00+05:30,411.35,411.5,410.35,410.7,116,0
2026-03-13T14:00:00+05:30,410.35,412.4,410.25,412.3,468,0
2026-03-13T14:15:00+05:30,412.5,416.0,411.25,415.0,7073,0
2026-03-13T14:30:00+05:30,415.2,415.95,412.3,412.3,1408,0
2026-03-13T14:45:00+05:30,412.3,413.95,412.0,413.0,316,0
2026-03-13T15:00:00+05:30,413.0,413.2,409.9,412.8,3492,0
2026-03-13T15:15:00+05:30,412.05,415.95,408.55,410.4,9453,0
2026-03-16T09:15:00+05:30,410.5,412.0,402.0,405.25,13298,0
2026-03-16T09:30:00+05:30,405.55,412.0,405.1,410.05,4034,0
2026-03-16T09:45:00+05:30,410.05,410.05,405.0,405.05,3128,0
2026-03-16T10:00:00+05:30,405.65,406.15,402.95,403.75,2897,0
2026-03-16T10:15:00+05:30,403.35,404.0,401.1,401.1,4432,0
2026-03-16T10:30:00+05:30,401.55,402.1,399.15,400.0,4723,0
2026-03-16T10:45:00+05:30,400.0,401.2,396.75,401.2,3208,0
2026-03-16T11:00:00+05:30,401.15,403.0,399.0,399.6,1817,0
2026-03-16T11:15:00+05:30,400.35,404.5,399.75,402.0,499,0
2026-03-16T11:30:00+05:30,401.35,406.4,401.35,402.45,3910,0
2026-03-16T11:45:00+05:30,402.45,403.4,400.75,403.3,1243,0
2026-03-16T12:00:00+05:30,403.0,404.35,402.1,404.15,1586,0
2026-03-16T12:15:00+05:30,404.15,404.35,402.65,404.35,126,0
2026-03-16T12:30:00+05:30,403.45,403.45,400.5,401.95,400,0
2026-03-16T12:45:00+05:30,401.95,401.95,399.4,400.15,1191,0
2026-03-16T13:00:00+05:30,400.15,402.15,399.55,402.15,500,0
2026-03-16T13:15:00+05:30,400.15,401.35,400.1,400.65,1087,0
2026-03-16T13:30:00+05:30,400.65,400.7,397.45,398.9,1989,0
2026-03-16T13:45:00+05:30,398.85,399.45,398.0,398.9,786,0
2026-03-16T14:00:00+05:30,398.9,399.35,396.65,398.4,1284,0
2026-03-16T14:15:00+05:30,398.4,403.25,396.05,402.75,2912,0
2026-03-16T14:30:00+05:30,402.5,403.0,397.6,401.6,8899,0
2026-03-16T14:45:00+05:30,402.2,405.05,401.5,403.6,1444,0
2026-03-16T15:00:00+05:30,402.5,402.95,399.55,402.05,2444,0
2026-03-16T15:15:00+05:30,402.2,403.3,401.15,402.0,6213,0
2026-03-17T09:15:00+05:30,405.0,405.0,397.15,398.6,4555,0
2026-03-17T09:30:00+05:30,397.55,400.2,396.95,399.95,3085,0
2026-03-17T09:45:00+05:30,400.0,401.2,399.05,400.75,892,0
2026-03-17T10:00:00+05:30,400.45,405.0,400.45,402.8,1965,0
2026-03-17T10:15:00+05:30,403.85,405.2,401.65,402.1,3077,0
2026-03-17T10:30:00+05:30,402.15,402.45,398.8,398.85,2358,0
2026-03-17T10:45:00+05:30,399.5,401.2,399.3,401.15,1261,0
2026-03-17T11:00:00+05:30,401.15,401.15,398.55,398.55,597,0
2026-03-17T11:15:00+05:30,399.05,399.3,396.85,397.45,1252,0
2026-03-17T11:30:00+05:30,397.4,401.0,395.0,397.4,4455,0
2026-03-17T11:45:00+05:30,396.6,397.55,395.5,397.1,573,0
2026-03-17T12:00:00+05:30,397.1,397.7,395.95,397.7,755,0
2026-03-17T12:15:00+05:30,396.95,397.6,396.05,397.3,864,0
2026-03-17T12:30:00+05:30,396.8,400.95,396.25,399.45,3327,0
2026-03-17T12:45:00+05:30,399.45,400.15,398.5,399.65,463,0
2026-03-17T13:00:00+05:30,399.65,401.15,398.0,400.15,1711,0
2026-03-17T13:15:00+05:30,400.15,403.2,399.7,401.8,3586,0
2026-03-17T13:30:00+05:30,402.25,404.0,402.25,403.25,1496,0
2026-03-17T13:45:00+05:30,402.6,403.05,401.85,402.2,302,0
2026-03-17T14:00:00+05:30,402.2,403.5,401.4,403.1,1488,0
2026-03-17T14:15:00+05:30,403.5,403.6,402.05,402.5,965,0
2026-03-17T14:30:00+05:30,402.5,409.0,401.35,407.1,5944,0
2026-03-17T14:45:00+05:30,407.1,408.95,405.6,407.3,2911,0
2026-03-17T15:00:00+05:30,407.2,409.0,404.45,407.05,6150,0
2026-03-17T15:15:00+05:30,406.75,414.45,406.25,406.5,11177,0
2026-03-18T09:15:00+05:30,407.5,414.45,404.95,412.7,7869,0
2026-03-18T09:30:00+05:30,413.2,417.95,412.55,414.85,9147,0
2026-03-18T09:45:00+05:30,415.2,416.85,413.2,414.45,2330,0
2026-03-18T10:00:00+05:30,413.75,415.0,412.9,413.55,679,0
2026-03-18T10:15:00+05:30,414.0,417.4,414.0,417.4,2217,0
2026-03-18T10:30:00+05:30,417.25,417.25,415.35,416.15,844,0
2026-03-18T10:45:00+05:30,416.15,423.0,415.7,420.95,8174,0
2026-03-18T11:00:00+05:30,420.95,420.95,418.6,419.0,884,0
2026-03-18T11:15:00+05:30,420.0,420.0,417.3,418.35,2263,0
2026-03-18T11:30:00+05:30,418.35,419.85,417.75,418.35,836,0
2026-03-18T11:45:00+05:30,418.0,419.4,416.95,418.0,1573,0
2026-03-18T12:00:00+05:30,417.15,419.1,414.5,415.0,2517,0
2026-03-18T12:15:00+05:30,415.0,415.6,414.5,415.25,596,0
2026-03-18T12:30:00+05:30,415.0,417.0,414.5,417.0,794,0
2026-03-18T12:45:00+05:30,417.0,418.15,417.0,417.1,1142,0
2026-03-18T13:00:00+05:30,417.1,419.25,417.1,419.0,631,0
2026-03-18T13:15:00+05:30,419.0,421.5,418.35,418.95,5300,0
2026-03-18T13:30:00+05:30,418.95,420.2,417.9,419.7,1953,0
2026-03-18T13:45:00+05:30,419.7,419.7,417.05,419.05,2041,0
2026-03-18T14:00:00+05:30,418.7,420.0,418.35,420.0,680,0
2026-03-18T14:15:00+05:30,419.4,419.45,418.75,419.35,376,0
2026-03-18T14:30:00+05:30,419.35,419.6,415.0,415.2,3101,0
2026-03-18T14:45:00+05:30,415.95,417.95,414.5,415.35,8582,0
2026-03-18T15:00:00+05:30,415.35,416.35,414.5,415.15,4321,0
2026-03-18T15:15:00+05:30,415.25,418.45,410.3,410.4,21573,0
2026-03-19T09:15:00+05:30,410.0,410.0,401.75,406.0,7389,0
2026-03-19T09:30:00+05:30,405.95,406.75,404.25,405.4,3349,0
2026-03-19T09:45:00+05:30,405.4,406.9,403.1,403.55,2696,0
2026-03-19T10:00:00+05:30,403.55,406.6,403.1,406.6,1297,0
2026-03-19T10:15:00+05:30,405.95,408.0,405.7,407.75,2080,0
2026-03-19T10:30:00+05:30,407.75,409.25,407.55,407.55,706,0
2026-03-19T10:45:00+05:30,407.55,407.75,405.0,405.65,2515,0
2026-03-19T11:00:00+05:30,405.65,408.2,405.55,405.95,1921,0
2026-03-19T11:15:00+05:30,405.95,408.1,405.15,408.0,2994,0
2026-03-19T11:30:00+05:30,408.0,410.95,407.8,409.05,999,0
2026-03-19T11:45:00+05:30,409.05,409.45,407.9,408.35,398,0
2026-03-19T12:00:00+05:30,408.2,409.5,408.0,409.5,354,0
2026-03-19T12:15:00+05:30,409.5,409.5,407.65,408.0,528,0
2026-03-19T12:30:00+05:30,408.35,410.0,404.95,405.4,6805,0
2026-03-19T12:45:00+05:30,405.4,407.7,405.4,407.05,673,0
2026-03-19T13:00:00+05:30,407.05,410.0,405.95,410.0,4284,0
2026-03-19T13:15:00+05:30,409.0,409.0,406.65,406.65,701,0
2026-03-19T13:30:00+05:30,407.8,409.4,407.8,408.9,176,0
2026-03-19T13:45:00+05:30,408.9,410.0,407.3,408.15,991,0
2026-03-19T14:00:00+05:30,408.15,408.15,406.5,406.95,150,0
2026-03-19T14:15:00+05:30,406.95,408.2,406.65,406.85,1387,0
2026-03-19T14:30:00+05:30,406.85,407.0,403.6,405.75,2599,0
2026-03-19T14:45:00+05:30,405.75,406.4,403.1,404.8,2479,0
2026-03-19T15:00:00+05:30,403.55,406.25,402.45,406.2,2603,0
2026-03-19T15:15:00+05:30,405.65,409.75,402.65,406.0,4297,0
2026-03-20T09:15:00+05:30,405.7,416.8,405.7,414.1,7066,0
2026-03-20T09:30:00+05:30,414.9,414.9,408.9,408.9,5807,0
2026-03-20T09:45:00+05:30,408.05,410.0,408.05,409.4,1927,0
2026-03-20T10:00:00+05:30,410.0,410.0,408.8,409.5,497,0
2026-03-20T10:15:00+05:30,409.9,409.95,407.75,407.75,1805,0
2026-03-20T10:30:00+05:30,408.55,409.95,408.45,409.15,265,0
2026-03-20T10:45:00+05:30,409.8,410.95,408.1,409.75,2143,0
2026-03-20T11:00:00+05:30,409.85,410.0,409.05,409.05,1278,0
2026-03-20T11:15:00+05:30,409.6,410.8,409.0,409.0,16469,0
2026-03-20T11:30:00+05:30,409.0,409.0,407.75,407.8,1227,0
2026-03-20T11:45:00+05:30,407.8,407.8,406.2,406.9,361,0
2026-03-20T12:00:00+05:30,406.9,407.15,405.55,406.1,153,0
2026-03-20T12:15:00+05:30,406.1,406.1,400.5,402.15,4289,0
2026-03-20T12:30:00+05:30,401.2,402.45,400.35,402.1,4420,0
2026-03-20T12:45:00+05:30,402.2,402.2,401.0,401.45,1574,0
2026-03-20T13:00:00+05:30,400.9,401.85,400.25,401.25,1176,0
2026-03-20T13:15:00+05:30,401.25,402.15,400.65,401.65,1391,0
2026-03-20T13:30:00+05:30,401.65,402.2,401.0,401.0,674,0
2026-03-20T13:45:00+05:30,401.0,401.0,400.0,400.0,2325,0
2026-03-20T14:00:00+05:30,400.0,400.75,398.25,398.85,942,0
2026-03-20T14:15:00+05:30,398.85,399.65,398.0,398.45,1345,0
2026-03-20T14:30:00+05:30,398.45,399.0,397.85,397.85,1132,0
2026-03-20T14:45:00+05:30,397.85,398.1,395.65,395.65,1949,0
2026-03-20T15:00:00+05:30,395.65,396.95,393.8,395.55,5949,0
2026-03-20T15:15:00+05:30,395.55,402.0,391.35,402.0,12422,0
2026-03-23T09:15:00+05:30,394.5,394.5,383.4,384.65,8282,0
2026-03-23T09:30:00+05:30,384.5,385.25,382.85,383.85,2399,0
2026-03-23T09:45:00+05:30,383.85,384.4,380.0,381.0,4972,0
2026-03-23T10:00:00+05:30,380.45,381.4,379.95,380.0,2752,0
2026-03-23T10:15:00+05:30,380.0,380.0,378.1,378.15,1488,0
2026-03-23T10:30:00+05:30,378.1,378.9,377.0,377.75,991,0
2026-03-23T10:45:00+05:30,377.8,378.0,377.0,377.15,862,0
2026-03-23T11:00:00+05:30,377.15,377.35,374.0,376.15,5357,0
2026-03-23T11:15:00+05:30,376.65,376.7,368.75,374.0,9995,0
2026-03-23T11:30:00+05:30,373.9,376.0,372.6,375.15,2357,0
2026-03-23T11:45:00+05:30,374.4,375.9,372.55,374.25,967,0
2026-03-23T12:00:00+05:30,374.25,374.65,372.5,373.85,615,0
2026-03-23T12:15:00+05:30,373.85,373.85,371.8,371.8,1477,0
2026-03-23T12:30:00+05:30,372.75,373.5,372.6,372.7,241,0
2026-03-23T12:45:00+05:30,372.65,373.3,370.85,371.7,574,0
2026-03-23T13:00:00+05:30,371.75,371.75,369.85,370.25,1592,0
2026-03-23T13:15:00+05:30,370.6,371.2,370.2,370.7,774,0
2026-03-23T13:30:00+05:30,370.7,378.0,369.45,372.95,9360,0
2026-03-23T13:45:00+05:30,372.7,376.0,372.7,374.5,2533,0
2026-03-23T14:00:00+05:30,375.35,376.05,374.05,375.2,871,0
2026-03-23T14:15:00+05:30,374.9,376.6,374.05,374.65,827,0
2026-03-23T14:30:00+05:30,374.65,374.65,370.25,372.25,3168,0
2026-03-23T14:45:00+05:30,371.8,373.2,371.55,372.9,1133,0
2026-03-23T15:00:00+05:30,372.4,372.4,370.05,371.0,2271,0
2026-03-23T15:15:00+05:30,370.85,372.8,370.0,371.55,5867,0
2026-03-24T09:15:00+05:30,374.8,387.8,374.8,383.0,11419,0
2026-03-24T09:30:00+05:30,382.5,389.0,380.65,381.4,10623,0
2026-03-24T09:45:00+05:30,381.15,385.0,380.15,383.5,5296,0
2026-03-24T10:00:00+05:30,383.1,383.2,380.85,381.75,2279,0
2026-03-24T10:15:00+05:30,381.75,382.8,380.0,380.0,2830,0
2026-03-24T10:30:00+05:30,379.8,380.3,373.8,378.9,11934,0
2026-03-24T10:45:00+05:30,379.4,380.6,378.2,378.55,705,0
2026-03-24T11:00:00+05:30,378.55,382.65,378.55,382.2,1157,0
2026-03-24T11:15:00+05:30,382.2,382.7,379.3,379.9,2464,0
2026-03-24T11:30:00+05:30,379.9,382.95,379.8,382.0,1848,0
2026-03-24T11:45:00+05:30,382.0,385.15,382.0,384.4,3930,0
2026-03-24T12:00:00+05:30,384.35,385.8,383.3,384.65,2917,0
2026-03-24T12:15:00+05:30,384.65,385.35,382.55,382.9,5012,0
2026-03-24T12:30:00+05:30,383.55,384.95,379.55,383.05,6188,0
2026-03-24T12:45:00+05:30,382.25,384.95,382.25,383.25,1102,0
2026-03-24T13:00:00+05:30,383.85,385.0,383.7,384.15,3319,0
2026-03-24T13:15:00+05:30,384.65,385.0,384.0,384.4,755,0
2026-03-24T13:30:00+05:30,384.8,388.2,382.95,383.0,9629,0
2026-03-24T13:45:00+05:30,383.0,383.1,380.35,381.6,3024,0
2026-03-24T14:00:00+05:30,381.6,382.0,380.4,382.0,2141,0
2026-03-24T14:15:00+05:30,381.9,382.0,379.3,379.9,3905,0
2026-03-24T14:30:00+05:30,379.9,379.9,378.5,379.0,1234,0
2026-03-24T14:45:00+05:30,378.9,381.95,378.1,381.0,1897,0
2026-03-24T15:00:00+05:30,380.95,380.95,376.55,379.95,9356,0
2026-03-24T15:15:00+05:30,379.95,381.95,378.6,380.9,2848,0
2026-03-25T09:15:00+05:30,381.05,386.5,381.0,385.8,11621,0
2026-03-25T09:30:00+05:30,385.8,388.3,385.0,386.95,5427,0
2026-03-25T09:45:00+05:30,386.95,390.45,386.2,386.95,7639,0
2026-03-25T10:00:00+05:30,386.95,388.55,385.15,386.65,2775,0
2026-03-25T10:15:00+05:30,387.75,388.1,384.1,384.1,2287,0
2026-03-25T10:30:00+05:30,384.15,385.55,383.75,384.4,1760,0
2026-03-25T10:45:00+05:30,384.4,385.25,382.95,383.75,7996,0
2026-03-25T11:00:00+05:30,383.2,387.0,382.1,387.0,9577,0
2026-03-25T11:15:00+05:30,387.15,390.85,386.95,390.35,9577,0
2026-03-25T11:30:00+05:30,390.05,390.4,384.05,386.2,8829,0
2026-03-25T11:45:00+05:30,386.2,389.0,386.2,387.25,999,0
2026-03-25T12:00:00+05:30,387.9,388.05,385.0,388.0,5417,0
2026-03-25T12:15:00+05:30,388.0,388.9,387.5,388.6,821,0
2026-03-25T12:30:00+05:30,388.6,388.65,388.0,388.0,196,0
2026-03-25T12:45:00+05:30,388.4,389.6,387.2,387.9,1642,0
2026-03-25T13:00:00+05:30,387.85,388.5,387.0,387.5,1333,0
2026-03-25T13:15:00+05:30,387.5,388.8,386.5,387.6,5182,0
2026-03-25T13:30:00+05:30,387.6,387.6,386.45,387.2,244,0
2026-03-25T13:45:00+05:30,386.75,387.75,386.75,387.5,148,0
2026-03-25T14:00:00+05:30,387.5,387.5,386.5,387.0,187,0
2026-03-25T14:15:00+05:30,386.5,389.55,383.5,383.5,5162,0
2026-03-25T14:30:00+05:30,383.5,384.0,380.0,380.05,14632,0
2026-03-25T14:45:00+05:30,380.05,381.8,379.35,381.8,2901,0
2026-03-25T15:00:00+05:30,381.2,381.2,377.2,378.85,7342,0
2026-03-25T15:15:00+05:30,378.85,380.85,377.0,379.6,4814,0
2026-03-27T09:15:00+05:30,379.8,379.8,368.5,374.1,10335,0
2026-03-27T09:30:00+05:30,373.6,378.0,373.2,373.45,3802,0
2026-03-27T09:45:00+05:30,373.45,373.7,370.15,370.15,1890,0
2026-03-27T10:00:00+05:30,370.55,372.5,369.0,370.05,8537,0
2026-03-27T10:15:00+05:30,370.3,370.85,366.5,366.9,6497,0
2026-03-27T10:30:00+05:30,367.2,368.8,364.95,367.5,5321,0
2026-03-27T10:45:00+05:30,367.55,368.8,366.3,367.8,1402,0
2026-03-27T11:00:00+05:30,367.45,369.0,367.05,367.4,2451,0
2026-03-27T11:15:00+05:30,367.7,368.1,366.9,367.5,2145,0
2026-03-27T11:30:00+05:30,366.9,369.45,365.15,369.45,7557,0
2026-03-27T11:45:00+05:30,369.45,371.5,369.45,370.0,2155,0
2026-03-27T12:00:00+05:30,369.9,370.8,368.35,370.15,1419,0
2026-03-27T12:15:00+05:30,370.3,371.7,368.7,371.7,1429,0
2026-03-27T12:30:00+05:30,371.6,372.25,370.0,371.8,3630,0
2026-03-27T12:45:00+05:30,371.8,371.8,370.25,371.15,1697,0
2026-03-27T13:00:00+05:30,371.15,372.0,370.0,372.0,1173,0
2026-03-27T13:15:00+05:30,372.0,374.0,370.55,372.6,5123,0
2026-03-27T13:30:00+05:30,372.5,372.9,372.0,372.9,1535,0
2026-03-27T13:45:00+05:30,372.9,373.7,370.05,370.1,6357,0
2026-03-27T14:00:00+05:30,370.05,373.25,370.0,373.25,7215,0
2026-03-27T14:15:00+05:30,372.8,372.8,371.95,372.75,1929,0
2026-03-27T14:30:00+05:30,372.75,375.0,371.4,373.95,8499,0
2026-03-27T14:45:00+05:30,373.8,375.0,370.8,371.7,5523,0
2026-03-27T15:00:00+05:30,372.3,372.3,369.0,370.0,4192,0
2026-03-27T15:15:00+05:30,369.95,370.0,361.1,368.0,13835,0
2026-03-30T09:15:00+05:30,368.0,368.0,356.05,359.15,19477,0
2026-03-30T09:30:00+05:30,359.15,364.4,357.35,362.35,5950,0
2026-03-30T09:45:00+05:30,362.15,362.15,358.0,358.0,1460,0
2026-03-30T10:00:00+05:30,358.15,359.5,353.5,355.3,6343,0
2026-03-30T10:15:00+05:30,355.1,359.0,353.05,358.8,8371,0
2026-03-30T10:30:00+05:30,358.75,358.85,351.55,353.55,8139,0
2026-03-30T10:45:00+05:30,353.0,354.0,351.5,353.0,6312,0
2026-03-30T11:00:00+05:30,353.45,355.85,353.0,354.9,2372,0
2026-03-30T11:15:00+05:30,354.8,355.9,353.4,354.75,2038,0
2026-03-30T11:30:00+05:30,354.2,355.9,353.25,355.65,4454,0
2026-03-30T11:45:00+05:30,355.8,355.9,353.95,354.95,717,0
2026-03-30T12:00:00+05:30,354.95,358.65,354.95,356.0,2121,0
2026-03-30T12:15:00+05:30,356.5,357.7,355.0,355.0,685,0
2026-03-30T12:30:00+05:30,355.55,357.7,355.0,357.1,4140,0
2026-03-30T12:45:00+05:30,355.6,357.15,355.0,355.65,1934,0
2026-03-30T13:00:00+05:30,355.7,355.9,353.4,355.2,2580,0
2026-03-30T13:15:00+05:30,354.85,354.9,351.05,351.6,2453,0
2026-03-30T13:30:00+05:30,352.15,353.85,351.55,352.75,1384,0
2026-03-30T13:45:00+05:30,352.55,352.6,351.0,351.45,3521,0
2026-03-30T14:00:00+05:30,352.45,353.75,352.1,353.25,1018,0
2026-03-30T14:15:00+05:30,353.3,353.45,350.5,351.1,4149,0
2026-03-30T14:30:00+05:30,351.2,351.2,347.1,347.55,18564,0
2026-03-30T14:45:00+05:30,347.65,347.65,344.0,344.75,2935,0
2026-03-30T15:00:00+05:30,344.7,345.3,342.1,344.3,6267,0
2026-03-30T15:15:00+05:30,343.95,345.0,342.6,343.05,8354,0
2026-04-01T09:15:00+05:30,350.5,366.45,350.0,366.0,13071,0
2026-04-01T09:30:00+05:30,365.5,367.8,360.1,362.35,9634,0
2026-04-01T09:45:00+05:30,362.35,367.7,362.35,365.85,4962,0
2026-04-01T10:00:00+05:30,365.85,367.9,365.35,365.95,3851,0
2026-04-01T10:15:00+05:30,366.45,366.45,362.4,363.0,1525,0
2026-04-01T10:30:00+05:30,363.5,365.0,362.75,363.95,3222,0
2026-04-01T10:45:00+05:30,363.95,363.95,361.25,361.8,479,0
2026-04-01T11:00:00+05:30,361.8,362.4,360.15,360.8,1597,0
2026-04-01T11:15:00+05:30,360.6,364.5,360.45,363.55,1030,0
2026-04-01T11:30:00+05:30,363.55,368.0,363.55,367.65,4566,0
2026-04-01T11:45:00+05:30,367.25,367.35,364.75,367.1,1359,0
2026-04-01T12:00:00+05:30,367.1,368.5,367.1,368.3,3241,0
2026-04-01T12:15:00+05:30,368.8,369.0,366.75,368.45,870,0
2026-04-01T12:30:00+05:30,368.45,369.0,367.55,368.0,315,0
2026-04-01T12:45:00+05:30,367.55,368.45,366.6,366.6,308,0
2026-04-01T13:00:00+05:30,367.05,367.45,366.05,366.4,503,0
2026-04-01T13:15:00+05:30,366.4,366.45,365.05,365.05,241,0
2026-04-01T13:30:00+05:30,365.05,365.25,361.25,361.85,2019,0
2026-04-01T13:45:00+05:30,361.35,363.25,361.3,362.8,952,0
2026-04-01T14:00:00+05:30,362.95,364.3,362.8,364.05,529,0
2026-04-01T14:15:00+05:30,364.05,365.3,363.5,364.8,496,0
2026-04-01T14:30:00+05:30,364.8,364.8,362.2,362.5,747,0
2026-04-01T14:45:00+05:30,362.55,362.55,360.45,361.1,2647,0
2026-04-01T15:00:00+05:30,361.1,365.15,361.1,362.3,3492,0
2026-04-01T15:15:00+05:30,362.35,365.0,361.4,365.0,5301,0
2026-04-02T09:15:00+05:30,360.0,360.0,346.55,353.7,9791,0
2026-04-02T09:30:00+05:30,352.9,355.7,352.9,354.55,2875,0
2026-04-02T09:45:00+05:30,354.95,354.95,351.4,352.65,788,0
2026-04-02T10:00:00+05:30,352.2,352.45,349.1,349.7,1406,0
2026-04-02T10:15:00+05:30,349.15,350.65,348.3,349.2,1582,0
2026-04-02T10:30:00+05:30,349.55,351.85,348.65,351.25,574,0
2026-04-02T10:45:00+05:30,351.25,351.9,350.05,351.65,829,0
2026-04-02T11:00:00+05:30,351.6,352.7,351.55,351.6,159,0
2026-04-02T11:15:00+05:30,351.6,354.0,351.6,354.0,849,0
2026-04-02T11:30:00+05:30,354.0,355.95,353.9,355.4,803,0
2026-04-02T11:45:00+05:30,355.4,358.25,355.4,358.25,1576,0
2026-04-02T12:00:00+05:30,358.25,358.6,356.55,358.0,1509,0
2026-04-02T12:15:00+05:30,357.8,358.2,356.9,357.4,534,0
2026-04-02T12:30:00+05:30,357.4,358.55,356.1,356.9,1509,0
2026-04-02T12:45:00+05:30,356.9,358.0,356.0,357.55,3440,0
2026-04-02T13:00:00+05:30,358.45,359.95,357.55,358.85,3956,0
2026-04-02T13:15:00+05:30,358.2,362.7,357.3,362.0,2382,0
2026-04-02T13:30:00+05:30,362.45,362.45,360.55,362.0,768,0
2026-04-02T13:45:00+05:30,362.0,363.5,361.85,362.25,1134,0
2026-04-02T14:00:00+05:30,362.25,363.0,361.1,361.5,909,0
2026-04-02T14:15:00+05:30,361.5,363.9,361.5,363.55,1660,0
2026-04-02T14:30:00+05:30,363.7,363.95,360.4,360.4,5349,0
2026-04-02T14:45:00+05:30,360.1,362.2,359.4,360.6,1044,0
2026-04-02T15:00:00+05:30,360.6,367.3,360.6,366.0,4638,0
2026-04-02T15:15:00+05:30,366.0,368.0,364.05,368.0,4458,0
2026-04-06T09:15:00+05:30,365.0,365.0,357.5,361.65,4802,0
2026-04-06T09:30:00+05:30,361.5,366.4,360.3,364.55,3100,0
2026-04-06T09:45:00+05:30,365.25,366.0,361.15,361.35,1941,0
2026-04-06T10:00:00+05:30,361.35,363.95,360.75,363.9,2418,0
2026-04-06T10:15:00+05:30,363.9,366.0,363.6,365.95,1233,0
2026-04-06T10:30:00+05:30,366.4,371.0,366.2,369.9,4962,0
2026-04-06T10:45:00+05:30,370.0,372.0,369.7,370.2,3860,0
2026-04-06T11:00:00+05:30,370.1,371.0,367.0,367.0,5308,0
2026-04-06T11:15:00+05:30,367.0,369.35,367.0,368.3,631,0
2026-04-06T11:30:00+05:30,368.1,368.95,366.5,368.35,435,0
2026-04-06T11:45:00+05:30,368.3,369.65,368.3,369.65,427,0
2026-04-06T12:00:00+05:30,369.65,370.2,367.3,367.75,560,0
2026-04-06T12:15:00+05:30,367.75,369.0,367.55,368.9,262,0
2026-04-06T12:30:00+05:30,368.9,369.3,367.5,368.5,1057,0
2026-04-06T12:45:00+05:30,368.7,372.0,368.55,371.15,2152,0
2026-04-06T13:00:00+05:30,371.95,373.95,369.9,372.6,4597,0
2026-04-06T13:15:00+05:30,372.6,372.6,371.15,371.8,222,0
2026-04-06T13:30:00+05:30,371.8,372.6,370.4,370.4,761,0
2026-04-06T13:45:00+05:30,370.4,373.0,370.4,372.8,1319,0
2026-04-06T14:00:00+05:30,373.0,377.95,373.0,376.5,10443,0
2026-04-06T14:15:00+05:30,376.55,381.5,376.35,380.65,8708,0
2026-04-06T14:30:00+05:30,380.7,388.7,380.0,385.05,33744,0
2026-04-06T14:45:00+05:30,386.55,386.95,383.0,385.15,20834,0
2026-04-06T15:00:00+05:30,385.2,387.0,384.35,385.1,9541,0
2026-04-06T15:15:00+05:30,385.05,386.0,382.0,385.8,28417,0
2026-04-07T09:15:00+05:30,384.0,387.7,380.0,385.9,7990,0
2026-04-07T09:30:00+05:30,385.75,403.8,385.75,397.4,42588,0
2026-04-07T09:45:00+05:30,397.4,405.0,395.85,404.5,23640,0
2026-04-07T10:00:00+05:30,403.2,404.3,400.05,400.15,12643,0
2026-04-07T10:15:00+05:30,400.1,402.45,400.05,402.45,3716,0
2026-04-07T10:30:00+05:30,402.5,405.0,402.25,404.0,9478,0
2026-04-07T10:45:00+05:30,404.0,405.1,401.5,401.5,18626,0
2026-04-07T11:00:00+05:30,401.5,402.3,397.3,398.05,5269,0
2026-04-07T11:15:00+05:30,398.05,402.3,397.55,402.3,3576,0
2026-04-07T11:30:00+05:30,402.3,404.25,401.0,402.35,2955,0
2026-04-07T11:45:00+05:30,401.95,403.0,401.05,401.75,1821,0
2026-04-07T12:00:00+05:30,401.5,401.5,396.6,396.6,6999,0
2026-04-07T12:15:00+05:30,396.6,398.0,396.2,397.35,1328,0
2026-04-07T12:30:00+05:30,397.35,402.0,397.35,399.3,6574,0
2026-04-07T12:45:00+05:30,399.5,399.5,397.7,397.7,345,0
2026-04-07T13:00:00+05:30,397.55,398.25,395.0,396.05,3760,0
2026-04-07T13:15:00+05:30,396.05,398.0,395.4,397.0,1425,0
2026-04-07T13:30:00+05:30,397.0,403.5,396.45,402.05,12844,0
2026-04-07T13:45:00+05:30,402.9,420.45,402.9,409.3,74390,0
2026-04-07T14:00:00+05:30,409.5,413.0,409.0,410.35,28262,0
2026-04-07T14:15:00+05:30,410.35,415.5,409.05,415.0,15514,0
2026-04-07T14:30:00+05:30,415.0,415.45,411.05,412.5,4957,0
2026-04-07T14:45:00+05:30,411.65,412.35,408.1,412.0,12355,0
2026-04-07T15:00:00+05:30,411.8,412.8,409.75,411.9,7450,0
2026-04-07T15:15:00+05:30,411.1,411.25,403.7,407.0,21665,0
2026-04-08T09:15:00+05:30,424.0,424.0,411.3,412.6,14638,0
2026-04-08T09:30:00+05:30,412.1,424.0,411.35,418.65,18626,0
2026-04-08T09:45:00+05:30,417.9,429.2,417.9,419.5,13168,0
2026-04-08T10:00:00+05:30,419.7,420.8,419.7,420.1,1871,0
2026-04-08T10:15:00+05:30,420.65,427.25,419.75,426.0,7432,0
2026-04-08T10:30:00+05:30,426.3,428.5,423.9,427.6,12566,0
2026-04-08T10:45:00+05:30,427.05,427.75,425.7,427.0,5252,0
2026-04-08T11:00:00+05:30,427.25,428.0,423.6,423.6,4070,0
2026-04-08T11:15:00+05:30,423.05,425.5,422.5,423.45,1312,0
2026-04-08T11:30:00+05:30,423.45,424.5,422.05,423.0,3550,0
2026-04-08T11:45:00+05:30,423.15,426.5,423.0,424.1,3739,0
2026-04-08T12:00:00+05:30,424.1,424.9,423.0,424.3,1918,0
2026-04-08T12:15:00+05:30,424.3,424.9,423.25,424.7,469,0
2026-04-08T12:30:00+05:30,424.7,426.0,423.45,424.8,1901,0
2026-04-08T12:45:00+05:30,424.85,425.7,423.75,423.85,669,0
2026-04-08T13:00:00+05:30,423.85,425.15,423.85,424.4,288,0
2026-04-08T13:15:00+05:30,424.4,424.6,423.8,424.35,133,0
2026-04-08T13:30:00+05:30,424.35,426.2,424.35,426.0,883,0
2026-04-08T13:45:00+05:30,425.65,425.7,423.0,425.3,4129,0
2026-04-08T14:00:00+05:30,425.3,425.3,422.55,423.0,1624,0
2026-04-08T14:15:00+05:30,423.0,424.7,423.0,424.55,1212,0
2026-04-08T14:30:00+05:30,424.0,424.5,423.95,423.95,496,0
2026-04-08T14:45:00+05:30,423.95,425.0,423.95,424.3,953,0
2026-04-08T15:00:00+05:30,424.3,425.0,423.5,423.85,3592,0
2026-04-08T15:15:00+05:30,423.5,425.85,422.5,423.05,9218,0
2026-04-09T09:15:00+05:30,424.15,427.85,421.25,424.2,4535,0
2026-04-09T09:30:00+05:30,425.0,425.0,422.0,422.0,6122,0
2026-04-09T09:45:00+05:30,422.2,423.2,422.0,422.0,5440,0
2026-04-09T10:00:00+05:30,422.0,422.85,418.05,421.95,5930,0
2026-04-09T10:15:00+05:30,421.05,425.0,420.4,422.45,2790,0
2026-04-09T10:30:00+05:30,422.85,430.3,422.85,430.0,4270,0
2026-04-09T10:45:00+05:30,430.0,431.6,428.45,428.5,4776,0
2026-04-09T11:00:00+05:30,429.0,429.0,426.95,427.55,1215,0
2026-04-09T11:15:00+05:30,427.55,427.95,426.3,427.95,717,0
2026-04-09T11:30:00+05:30,427.95,430.4,427.95,429.3,1856,0
2026-04-09T11:45:00+05:30,429.3,429.3,427.05,428.1,701,0
2026-04-09T12:00:00+05:30,428.15,428.5,427.75,428.1,639,0
2026-04-09T12:15:00+05:30,428.1,428.7,427.0,427.5,163,0
2026-04-09T12:30:00+05:30,427.0,427.45,425.0,425.1,2240,0
2026-04-09T12:45:00+05:30,425.1,425.45,423.65,425.45,1054,0
2026-04-09T13:00:00+05:30,425.45,425.5,424.0,424.05,355,0
2026-04-09T13:15:00+05:30,424.05,424.85,423.0,423.75,1089,0
2026-04-09T13:30:00+05:30,423.75,426.0,423.0,426.0,1264,0
2026-04-09T13:45:00+05:30,424.55,424.95,423.5,424.95,784,0
2026-04-09T14:00:00+05:30,424.4,425.95,424.05,425.0,912,0
2026-04-09T14:15:00+05:30,425.0,426.8,424.55,425.0,1425,0
2026-04-09T14:30:00+05:30,425.9,427.65,425.55,427.65,2468,0
2026-04-09T14:45:00+05:30,427.3,427.45,424.65,426.2,1599,0
2026-04-09T15:00:00+05:30,426.4,427.65,425.5,426.6,1734,0
2026-04-09T15:15:00+05:30,426.55,427.25,424.5,424.55,2618,0
2026-04-10T09:15:00+05:30,426.5,432.0,426.35,432.0,4094,0
2026-04-10T09:30:00+05:30,432.5,433.1,431.0,431.15,3088,0
2026-04-10T09:45:00+05:30,431.6,436.5,431.6,433.75,10558,0
2026-04-10T10:00:00+05:30,433.8,433.8,430.0,430.0,2690,0
2026-04-10T10:15:00+05:30,430.4,432.45,430.35,430.75,466,0
2026-04-10T10:30:00+05:30,430.75,432.05,430.75,431.3,231,0
2026-04-10T10:45:00+05:30,431.8,432.9,430.75,431.35,1035,0
2026-04-10T11:00:00+05:30,431.5,432.45,431.2,431.5,2091,0
2026-04-10T11:15:00+05:30,431.45,432.35,430.6,430.6,443,0
2026-04-10T11:30:00+05:30,430.6,432.3,430.6,432.0,853,0
2026-04-10T11:45:00+05:30,432.0,432.0,430.0,430.15,1032,0
2026-04-10T12:00:00+05:30,430.25,433.8,430.0,433.0,2722,0
2026-04-10T12:15:00+05:30,433.0,433.25,431.65,433.1,266,0
2026-04-10T12:30:00+05:30,433.1,433.65,432.55,433.0,520,0
2026-04-10T12:45:00+05:30,433.0,433.6,432.9,433.35,544,0
2026-04-10T13:00:00+05:30,433.35,433.5,432.8,432.8,867,0
2026-04-10T13:15:00+05:30,432.8,432.8,430.65,431.85,1101,0
2026-04-10T13:30:00+05:30,431.85,431.85,430.75,430.95,159,0
2026-04-10T13:45:00+05:30,430.95,431.3,430.1,430.65,479,0
2026-04-10T14:00:00+05:30,430.65,430.65,429.5,430.1,607,0
2026-04-10T14:15:00+05:30,429.5,429.5,427.55,427.85,1450,0
2026-04-10T14:30:00+05:30,427.7,428.0,426.0,428.0,2549,0
2026-04-10T14:45:00+05:30,427.65,430.25,427.4,430.0,4324,0
2026-04-10T15:00:00+05:30,430.0,432.9,428.15,429.55,3740,0
2026-04-10T15:15:00+05:30,429.45,433.5,425.1,429.85,9229,0
2026-04-13T09:15:00+05:30,419.0,422.25,407.15,422.25,15465,0
2026-04-13T09:30:00+05:30,422.2,424.05,420.2,421.9,4445,0
2026-04-13T09:45:00+05:30,422.65,428.4,421.0,428.0,3487,0
2026-04-13T10:00:00+05:30,426.45,429.0,426.05,427.8,2564,0
2026-04-13T10:15:00+05:30,426.15,431.7,424.35,431.7,6165,0
2026-04-13T10:30:00+05:30,431.45,431.85,428.05,428.65,787,0
2026-04-13T10:45:00+05:30,429.1,434.1,429.1,432.05,10481,0
2026-04-13T11:00:00+05:30,432.05,433.55,428.95,430.0,976,0
2026-04-13T11:15:00+05:30,429.15,430.1,429.05,429.4,314,0
2026-04-13T11:30:00+05:30,429.4,430.25,428.0,428.0,700,0
2026-04-13T11:45:00+05:30,428.2,429.3,428.2,428.4,680,0
2026-04-13T12:00:00+05:30,428.4,428.75,428.0,428.1,256,0
2026-04-13T12:15:00+05:30,428.1,428.1,427.55,428.0,153,0
2026-04-13T12:30:00+05:30,428.0,429.95,427.9,429.95,380,0
2026-04-13T12:45:00+05:30,429.95,429.95,424.1,424.35,778,0
2026-04-13T13:00:00+05:30,424.35,426.25,424.1,425.7,373,0
2026-04-13T13:15:00+05:30,425.7,426.2,424.55,425.2,1209,0
2026-04-13T13:30:00+05:30,425.2,426.45,425.1,425.4,281,0
2026-04-13T13:45:00+05:30,425.4,427.3,425.3,427.3,510,0
2026-04-13T14:00:00+05:30,426.15,426.15,423.85,424.05,2546,0
2026-04-13T14:15:00+05:30,424.05,424.6,423.0,424.5,496,0
2026-04-13T14:30:00+05:30,423.95,426.0,423.35,423.9,414,0
2026-04-13T14:45:00+05:30,423.85,426.85,423.05,426.85,1239,0
2026-04-13T15:00:00+05:30,425.0,426.9,424.0,424.85,1851,0
2026-04-13T15:15:00+05:30,424.25,429.4,423.5,429.0,5590,0
2026-04-15T09:15:00+05:30,432.8,443.9,432.4,432.4,6699,0
2026-04-15T09:30:00+05:30,433.55,438.95,431.6,435.85,4440,0
2026-04-15T09:45:00+05:30,436.25,437.25,435.6,436.6,1885,0
2026-04-15T10:00:00+05:30,436.6,437.75,434.5,436.25,5659,0
2026-04-15T10:15:00+05:30,436.3,436.3,430.0,431.0,9414,0
2026-04-15T10:30:00+05:30,430.1,431.0,427.4,429.0,1975,0
2026-04-15T10:45:00+05:30,429.25,430.25,428.4,428.4,752,0
2026-04-15T11:00:00+05:30,429.1,449.0,429.1,435.0,79401,0
2026-04-15T11:15:00+05:30,435.35,440.0,435.35,437.05,14964,0
2026-04-15T11:30:00+05:30,437.5,437.65,436.0,437.25,1165,0
2026-04-15T11:45:00+05:30,437.25,438.25,431.5,433.0,6205,0
2026-04-15T12:00:00+05:30,433.0,435.0,430.15,435.0,7156,0
2026-04-15T12:15:00+05:30,435.25,435.25,432.05,433.1,2517,0
2026-04-15T12:30:00+05:30,433.4,434.65,433.15,433.5,459,0
2026-04-15T12:45:00+05:30,433.5,434.6,432.95,433.0,562,0
2026-04-15T13:00:00+05:30,433.6,434.5,432.2,433.7,2027,0
2026-04-15T13:15:00+05:30,433.7,434.5,432.45,432.45,1242,0
2026-04-15T13:30:00+05:30,432.95,433.85,432.0,432.8,557,0
2026-04-15T13:45:00+05:30,432.15,434.0,432.0,433.25,1323,0
2026-04-15T14:00:00+05:30,433.5,433.5,431.05,432.5,2097,0
2026-04-15T14:15:00+05:30,432.95,433.45,431.5,432.6,1094,0
2026-04-15T14:30:00+05:30,432.1,432.9,431.5,432.5,1903,0
2026-04-15T14:45:00+05:30,432.5,433.1,431.8,432.5,573,0
2026-04-15T15:00:00+05:30,432.5,432.6,430.8,430.8,2363,0
2026-04-15T15:15:00+05:30,432.2,432.7,430.0,430.0,9231,0
2026-04-16T09:15:00+05:30,433.7,444.0,433.7,438.5,9520,0
2026-04-16T09:30:00+05:30,438.5,440.0,436.45,437.85,5824,0
2026-04-16T09:45:00+05:30,436.5,437.4,432.1,433.7,3901,0
2026-04-16T10:00:00+05:30,433.7,436.75,433.7,436.75,2979,0
2026-04-16T10:15:00+05:30,436.7,437.6,435.7,437.15,1782,0
2026-04-16T10:30:00+05:30,437.15,438.15,436.5,438.0,853,0
2026-04-16T10:45:00+05:30,438.0,438.5,438.0,438.5,193,0
2026-04-16T11:00:00+05:30,438.5,439.2,438.0,438.0,1616,0
2026-04-16T11:15:00+05:30,438.65,438.9,437.1,437.1,1032,0
2026-04-16T11:30:00+05:30,437.85,438.0,436.05,436.55,1788,0
2026-04-16T11:45:00+05:30,436.45,436.45,433.55,434.85,1723,0
2026-04-16T12:00:00+05:30,434.85,435.6,433.8,435.3,707,0
2026-04-16T12:15:00+05:30,435.3,436.65,435.3,436.65,156,0
2026-04-16T12:30:00+05:30,436.65,436.65,435.3,435.75,769,0
2026-04-16T12:45:00+05:30,436.0,436.9,435.3,436.0,841,0
2026-04-16T13:00:00+05:30,435.45,436.8,435.45,435.55,159,0
2026-04-16T13:15:00+05:30,436.25,436.25,435.3,435.3,125,0
2026-04-16T13:30:00+05:30,435.3,437.35,435.3,437.35,969,0
2026-04-16T13:45:00+05:30,436.1,438.4,435.8,438.0,560,0
2026-04-16T14:00:00+05:30,438.0,438.0,437.0,437.0,306,0
2026-04-16T14:15:00+05:30,437.65,437.8,437.6,437.75,214,0
2026-04-16T14:30:00+05:30,437.8,439.0,437.8,439.0,1541,0
2026-04-16T14:45:00+05:30,439.4,439.75,437.1,438.05,3093,0
2026-04-16T15:00:00+05:30,437.95,439.0,437.9,438.5,2767,0
2026-04-16T15:15:00+05:30,438.65,439.85,437.5,439.0,5330,0
2026-04-17T09:15:00+05:30,438.35,444.0,438.35,443.0,7391,0
2026-04-17T09:30:00+05:30,443.0,443.9,439.75,441.9,4090,0
2026-04-17T09:45:00+05:30,441.9,448.0,441.9,444.75,11943,0
2026-04-17T10:00:00+05:30,444.1,445.45,442.7,444.1,1511,0
2026-04-17T10:15:00+05:30,444.1,444.9,442.05,444.65,3507,0
2026-04-17T10:30:00+05:30,444.7,445.0,439.6,441.3,10115,0
2026-04-17T10:45:00+05:30,441.3,441.3,439.0,439.0,1217,0
2026-04-17T11:00:00+05:30,439.0,439.45,437.4,438.7,1575,0
2026-04-17T11:15:00+05:30,438.05,439.45,437.2,437.2,608,0
2026-04-17T11:30:00+05:30,437.2,438.9,437.2,438.85,428,0
2026-04-17T11:45:00+05:30,438.65,439.5,438.6,438.6,1343,0
2026-04-17T12:00:00+05:30,438.6,439.2,438.0,438.0,325,0
2026-04-17T12:15:00+05:30,438.15,438.15,435.6,436.6,1765,0
2026-04-17T12:30:00+05:30,436.6,437.25,436.6,437.25,515,0
2026-04-17T12:45:00+05:30,437.25,438.1,437.25,438.1,600,0
2026-04-17T13:00:00+05:30,438.1,438.5,437.7,438.5,596,0
2026-04-17T13:15:00+05:30,438.5,438.6,438.1,438.15,43,0
2026-04-17T13:30:00+05:30,438.15,440.0,438.05,439.5,973,0
2026-04-17T13:45:00+05:30,439.5,439.5,438.15,439.45,163,0
2026-04-17T14:00:00+05:30,439.45,439.75,438.55,439.55,511,0
2026-04-17T14:15:00+05:30,439.45,439.75,438.5,438.5,544,0
2026-04-17T14:30:00+05:30,439.25,440.05,438.5,439.95,2267,0
2026-04-17T14:45:00+05:30,439.95,439.95,437.7,437.7,1874,0
2026-04-17T15:00:00+05:30,438.9,439.35,437.7,439.35,2833,0
2026-04-17T15:15:00+05:30,438.15,441.95,438.0,438.5,4168,0
2026-04-20T09:15:00+05:30,431.5,435.4,424.0,430.25,14312,0
2026-04-20T09:30:00+05:30,430.25,431.15,426.05,427.15,3699,0
2026-04-20T09:45:00+05:30,427.15,429.4,426.65,428.25,1545,0
2026-04-20T10:00:00+05:30,427.4,431.45,427.15,430.8,3420,0
2026-04-20T10:15:00+05:30,431.0,431.5,428.5,430.95,1073,0
2026-04-20T10:30:00+05:30,430.75,433.95,430.1,433.4,1114,0
2026-04-20T10:45:00+05:30,432.75,433.75,430.05,432.0,896,0
2026-04-20T11:00:00+05:30,432.0,432.45,430.0,430.85,1266,0
2026-04-20T11:15:00+05:30,431.05,435.9,430.95,435.9,13974,0
2026-04-20T11:30:00+05:30,435.35,437.0,430.5,431.1,10295,0
2026-04-20T11:45:00+05:30,431.9,434.15,430.5,430.85,588,0
2026-04-20T12:00:00+05:30,430.85,430.95,429.5,429.55,435,0
2026-04-20T12:15:00+05:30,429.45,431.4,428.05,430.05,922,0
2026-04-20T12:30:00+05:30,430.0,431.75,428.55,430.45,622,0
2026-04-20T12:45:00+05:30,430.45,430.45,429.2,429.45,1067,0
2026-04-20T13:00:00+05:30,429.15,429.75,428.5,428.95,217,0
2026-04-20T13:15:00+05:30,428.5,428.5,424.2,424.2,2691,0
2026-04-20T13:30:00+05:30,424.55,426.35,424.5,425.6,832,0
2026-04-20T13:45:00+05:30,425.5,426.45,425.0,425.0,825,0
2026-04-20T14:00:00+05:30,425.0,426.2,424.25,426.2,306,0
2026-04-20T14:15:00+05:30,425.65,425.95,424.55,425.75,726,0
2026-04-20T14:30:00+05:30,425.0,425.25,424.3,425.15,361,0
2026-04-20T14:45:00+05:30,425.15,425.15,423.2,424.0,1196,0
2026-04-20T15:00:00+05:30,424.9,427.95,424.2,425.8,1790,0
2026-04-20T15:15:00+05:30,424.45,424.6,418.5,422.9,13134,0
2026-04-21T09:15:00+05:30,421.5,428.95,421.25,425.25,4841,0
2026-04-21T09:30:00+05:30,425.25,430.0,425.0,430.0,3036,0
2026-04-21T09:45:00+05:30,430.0,430.4,427.6,427.6,1223,0
2026-04-21T10:00:00+05:30,427.6,428.7,426.3,428.7,599,0
2026-04-21T10:15:00+05:30,428.25,428.95,426.05,428.55,842,0
2026-04-21T10:30:00+05:30,428.55,429.9,427.2,429.45,1577,0
2026-04-21T10:45:00+05:30,429.45,433.95,429.45,433.5,8888,0
2026-04-21T11:00:00+05:30,433.5,434.95,432.6,433.0,1061,0
2026-04-21T11:15:00+05:30,433.0,433.0,431.5,431.5,1230,0
2026-04-21T11:30:00+05:30,431.1,433.0,430.7,430.7,1480,0
2026-04-21T11:45:00+05:30,431.15,432.7,430.85,431.55,290,0
2026-04-21T12:00:00+05:30,432.4,433.15,432.0,432.35,490,0
2026-04-21T12:15:00+05:30,432.35,432.4,431.1,432.4,652,0
2026-04-21T12:30:00+05:30,432.4,432.4,431.6,432.4,277,0
2026-04-21T12:45:00+05:30,432.4,432.4,431.65,431.65,1579,0
2026-04-21T13:00:00+05:30,431.65,432.4,430.35,430.9,1173,0
2026-04-21T13:15:00+05:30,430.9,431.15,430.0,430.9,501,0
2026-04-21T13:30:00+05:30,430.9,432.3,430.55,430.7,112,0
2026-04-21T13:45:00+05:30,430.7,432.0,430.05,431.95,1191,0
2026-04-21T14:00:00+05:30,431.3,431.5,430.8,431.5,83,0
2026-04-21T14:15:00+05:30,430.15,430.15,428.6,429.45,370,0
2026-04-21T14:30:00+05:30,429.45,429.5,428.25,428.25,326,0
2026-04-21T14:45:00+05:30,428.0,428.8,427.9,428.75,222,0
2026-04-21T15:00:00+05:30,428.75,432.0,428.45,430.15,1968,0
2026-04-21T15:15:00+05:30,431.55,433.4,430.55,432.95,4058,0
2026-04-22T09:15:00+05:30,431.0,434.0,428.05,428.7,5472,0
2026-04-22T09:30:00+05:30,429.3,430.75,428.35,430.45,667,0
2026-04-22T09:45:00+05:30,429.9,429.9,426.75,427.4,2232,0
2026-04-22T10:00:00+05:30,426.95,429.7,425.6,429.7,2937,0
2026-04-22T10:15:00+05:30,429.9,430.3,427.0,427.0,2308,0
2026-04-22T10:30:00+05:30,427.4,429.6,427.0,428.5,555,0
2026-04-22T10:45:00+05:30,428.5,430.55,428.5,430.55,85,0
2026-04-22T11:00:00+05:30,430.55,430.55,427.05,427.05,1547,0
2026-04-22T11:15:00+05:30,427.05,427.95,426.5,427.2,475,0
2026-04-22T11:30:00+05:30,427.85,427.85,426.95,426.95,104,0
2026-04-22T11:45:00+05:30,426.95,427.8,426.5,426.5,595,0
2026-04-22T12:00:00+05:30,426.5,427.85,425.85,425.85,1181,0
2026-04-22T12:15:00+05:30,425.85,427.3,425.5,425.5,741,0
2026-04-22T12:30:00+05:30,425.5,427.2,425.5,427.2,169,0
2026-04-22T12:45:00+05:30,426.25,427.45,426.1,426.3,321,0
2026-04-22T13:00:00+05:30,427.05,427.45,426.1,426.3,1071,0
2026-04-22T13:15:00+05:30,426.3,427.0,426.05,426.6,108,0
2026-04-22T13:30:00+05:30,426.6,427.8,426.2,427.8,449,0
2026-04-22T13:45:00+05:30,428.6,430.9,427.75,430.05,1737,0
2026-04-22T14:00:00+05:30,430.35,431.95,428.7,431.95,2574,0
2026-04-22T14:15:00+05:30,430.5,430.75,428.75,429.9,367,0
2026-04-22T14:30:00+05:30,429.9,429.9,427.75,428.95,345,0
2026-04-22T14:45:00+05:30,428.95,429.25,428.2,428.5,598,0
2026-04-22T15:00:00+05:30,429.3,431.0,429.3,431.0,1020,0
2026-04-22T15:15:00+05:30,431.0,434.9,430.65,434.9,5193,0
2026-04-23T09:15:00+05:30,426.1,433.45,426.1,429.3,3364,0
2026-04-23T09:30:00+05:30,429.3,432.85,429.3,431.7,2049,0
2026-04-23T09:45:00+05:30,432.7,432.7,430.95,431.15,816,0
2026-04-23T10:00:00+05:30,430.95,432.75,429.45,429.5,3934,0
2026-04-23T10:15:00+05:30,428.5,429.5,427.95,429.3,1336,0
2026-04-23T10:30:00+05:30,428.75,429.8,428.0,428.0,757,0
2026-04-23T10:45:00+05:30,429.15,430.15,426.5,426.5,2488,0
2026-04-23T11:00:00+05:30,426.5,429.0,426.5,427.75,1240,0
2026-04-23T11:15:00+05:30,428.05,429.0,426.0,426.0,6089,0
2026-04-23T11:30:00+05:30,426.0,427.5,425.05,427.5,3388,0
2026-04-23T11:45:00+05:30,427.5,427.9,425.15,425.7,4833,0
2026-04-23T12:00:00+05:30,425.7,427.9,425.15,427.4,2022,0
2026-04-23T12:15:00+05:30,427.8,427.8,426.2,426.95,498,0
2026-04-23T12:30:00+05:30,426.95,426.95,425.45,425.55,86,0
2026-04-23T12:45:00+05:30,425.55,427.9,425.55,426.35,471,0
2026-04-23T13:00:00+05:30,426.2,427.5,426.2,427.45,37,0
2026-04-23T13:15:00+05:30,427.45,427.45,426.0,426.95,316,0
2026-04-23T13:30:00+05:30,426.95,426.95,425.7,425.7,260,0
2026-04-23T13:45:00+05:30,426.5,427.15,426.05,426.4,250,0
2026-04-23T14:00:00+05:30,426.4,426.9,426.0,426.15,505,0
2026-04-23T14:15:00+05:30,426.15,426.7,426.1,426.1,107,0
2026-04-23T14:30:00+05:30,426.1,426.75,425.15,425.25,8683,0
2026-04-23T14:45:00+05:30,425.9,427.25,425.15,427.25,138,0
2026-04-23T15:00:00+05:30,427.25,428.35,426.6,427.7,1879,0
2026-04-23T15:15:00+05:30,427.2,427.25,425.15,425.15,2576,0
2026-04-24T09:15:00+05:30,426.5,428.8,418.5,419.0,7791,0
2026-04-24T09:30:00+05:30,419.0,419.85,417.0,417.5,1273,0
2026-04-24T09:45:00+05:30,417.5,417.5,416.05,417.15,1206,0
2026-04-24T10:00:00+05:30,417.55,420.0,417.55,419.55,2039,0
2026-04-24T10:15:00+05:30,419.55,419.55,416.65,417.4,500,0
2026-04-24T10:30:00+05:30,417.3,417.65,415.0,415.35,478,0
2026-04-24T10:45:00+05:30,415.35,416.35,414.25,414.9,702,0
2026-04-24T11:00:00+05:30,414.75,419.4,414.75,418.1,3166,0
2026-04-24T11:15:00+05:30,418.1,418.1,415.9,416.6,560,0
2026-04-24T11:30:00+05:30,416.6,417.4,416.6,417.0,11,0
2026-04-24T11:45:00+05:30,417.2,418.1,417.2,418.1,126,0
2026-04-24T12:00:00+05:30,418.1,418.1,416.55,416.55,189,0
2026-04-24T12:15:00+05:30,417.35,417.4,415.95,416.6,111,0
2026-04-24T12:30:00+05:30,416.6,416.6,416.0,416.6,51,0
2026-04-24T12:45:00+05:30,416.6,416.8,415.95,416.8,42,0
2026-04-24T13:00:00+05:30,416.8,417.45,415.55,415.55,476,0
2026-04-24T13:15:00+05:30,416.15,416.15,414.8,415.6,2106,0
2026-04-24T13:30:00+05:30,416.65,418.95,415.05,416.6,3050,0
2026-04-24T13:45:00+05:30,416.6,417.45,416.5,417.45,41,0
2026-04-24T14:00:00+05:30,417.45,417.6,417.45,417.6,56,0
2026-04-24T14:15:00+05:30,417.6,418.6,417.55,418.0,131,0
2026-04-24T14:30:00+05:30,418.0,419.25,418.0,419.25,310,0
2026-04-24T14:45:00+05:30,419.05,422.05,418.9,421.5,1491,0
2026-04-24T15:00:00+05:30,421.5,421.5,417.6,419.1,4542,0
2026-04-24T15:15:00+05:30,419.1,420.0,416.0,418.75,2663,0
2026-04-27T09:15:00+05:30,418.5,424.95,417.0,420.65,4093,0
2026-04-27T09:30:00+05:30,420.6,425.0,420.05,423.9,2055,0
2026-04-27T09:45:00+05:30,423.9,427.4,423.9,427.4,2123,0
2026-04-27T10:00:00+05:30,426.65,426.65,423.85,425.0,1216,0
2026-04-27T10:15:00+05:30,425.5,426.55,424.25,424.75,1275,0
2026-04-27T10:30:00+05:30,424.3,430.2,424.25,430.2,3489,0
2026-04-27T10:45:00+05:30,430.0,432.55,427.85,428.25,5374,0
2026-04-27T11:00:00+05:30,428.15,428.4,427.0,428.0,996,0
2026-04-27T11:15:00+05:30,428.0,428.0,424.05,425.15,1352,0
2026-04-27T11:30:00+05:30,425.15,425.15,423.85,424.45,125,0
2026-04-27T11:45:00+05:30,424.45,425.25,421.65,423.6,2186,0
2026-04-27T12:00:00+05:30,423.6,424.3,422.0,424.15,1246,0
2026-04-27T12:15:00+05:30,424.15,426.45,424.0,425.15,901,0
2026-04-27T12:30:00+05:30,425.45,425.7,422.65,424.2,980,0
2026-04-27T12:45:00+05:30,424.2,426.45,423.3,426.45,561,0
2026-04-27T13:00:00+05:30,426.45,429.6,426.35,429.6,2900,0
2026-04-27T13:15:00+05:30,429.6,430.5,428.8,428.8,788,0
2026-04-27T13:30:00+05:30,428.8,428.8,423.7,425.35,416,0
2026-04-27T13:45:00+05:30,426.35,426.95,426.05,426.95,163,0
2026-04-27T14:00:00+05:30,426.95,426.95,424.05,424.05,693,0
2026-04-27T14:15:00+05:30,424.05,425.95,424.05,425.95,142,0
2026-04-27T14:30:00+05:30,425.6,426.4,423.55,424.55,575,0
2026-04-27T14:45:00+05:30,424.55,426.9,423.55,426.9,486,0
2026-04-27T15:00:00+05:30,426.0,427.85,425.55,426.0,1222,0
2026-04-27T15:15:00+05:30,425.95,429.9,425.15,429.9,2614,0
2026-04-28T09:15:00+05:30,426.5,429.05,424.4,427.7,2163,0
2026-04-28T09:30:00+05:30,428.7,429.3,426.75,427.9,429,0
2026-04-28T09:45:00+05:30,427.9,428.0,423.0,424.05,2467,0
2026-04-28T10:00:00+05:30,424.05,429.5,424.05,428.55,2307,0
2026-04-28T10:15:00+05:30,428.55,429.05,428.4,428.4,55,0
2026-04-28T10:30:00+05:30,428.4,428.45,425.1,425.55,1857,0
2026-04-28T10:45:00+05:30,425.55,426.8,425.55,426.2,140,0
2026-04-28T11:00:00+05:30,426.2,426.9,424.95,426.4,1166,0
2026-04-28T11:15:00+05:30,426.4,426.4,424.5,424.5,240,0
2026-04-28T11:30:00+05:30,424.5,426.1,423.0,426.1,718,0
2026-04-28T11:45:00+05:30,426.1,426.35,425.9,426.35,23,0
2026-04-28T12:00:00+05:30,426.35,427.8,426.0,427.55,400,0
2026-04-28T12:15:00+05:30,427.55,427.55,426.0,426.0,882,0
2026-04-28T12:30:00+05:30,426.0,426.0,425.0,425.0,575,0
2026-04-28T12:45:00+05:30,425.0,425.0,424.15,424.8,94,0
2026-04-28T13:00:00+05:30,424.8,425.45,423.85,425.4,660,0
2026-04-28T13:15:00+05:30,425.4,425.4,425.0,425.0,97,0
2026-04-28T13:30:00+05:30,425.0,425.0,421.45,422.35,1464,0
2026-04-28T13:45:00+05:30,422.1,422.9,421.45,421.45,473,0
2026-04-28T14:00:00+05:30,421.45,421.75,420.6,421.45,900,0
2026-04-28T14:15:00+05:30,420.6,420.9,419.5,420.25,481,0
2026-04-28T14:30:00+05:30,420.25,421.85,420.25,421.75,111,0
2026-04-28T14:45:00+05:30,421.7,421.95,419.55,421.15,1476,0
2026-04-28T15:00:00+05:30,421.15,421.15,419.5,421.15,1534,0
2026-04-28T15:15:00+05:30,419.6,422.05,418.0,421.9,6515,0
2026-04-29T09:15:00+05:30,419.65,423.85,419.65,421.1,2251,0
2026-04-29T09:30:00+05:30,421.1,422.7,418.55,420.45,2685,0
2026-04-29T09:45:00+05:30,420.05,421.8,419.25,420.75,1257,0
2026-04-29T10:00:00+05:30,420.75,422.4,420.0,420.0,897,0
2026-04-29T10:15:00+05:30,420.3,421.0,420.1,420.5,352,0
2026-04-29T10:30:00+05:30,420.1,420.95,420.05,420.05,350,0
2026-04-29T10:45:00+05:30,420.05,420.05,419.8,419.85,1461,0
2026-04-29T11:00:00+05:30,419.85,420.6,419.0,419.0,517,0
2026-04-29T11:15:00+05:30,419.9,420.6,419.1,419.75,87,0
2026-04-29T11:30:00+05:30,419.75,419.9,419.05,419.05,610,0
2026-04-29T11:45:00+05:30,419.05,419.8,419.05,419.8,64,0
2026-04-29T12:00:00+05:30,419.8,421.9,419.8,421.9,254,0
2026-04-29T12:15:00+05:30,421.65,422.3,421.65,422.3,549,0
2026-04-29T12:30:00+05:30,422.3,422.3,421.75,421.85,16,0
2026-04-29T12:45:00+05:30,421.85,421.95,421.0,421.05,149,0
2026-04-29T13:00:00+05:30,421.75,423.0,421.75,422.55,1478,0
2026-04-29T13:15:00+05:30,422.55,423.5,421.2,421.35,220,0
2026-04-29T13:30:00+05:30,421.35,422.95,420.5,420.5,1392,0
2026-04-29T13:45:00+05:30,420.5,420.75,420.4,420.75,62,0
2026-04-29T14:00:00+05:30,420.25,420.25,418.75,418.85,1163,0
2026-04-29T14:15:00+05:30,418.85,419.5,417.5,417.6,1977,0
2026-04-29T14:30:00+05:30,417.6,418.35,416.0,416.0,1070,0
2026-04-29T14:45:00+05:30,416.35,416.4,414.05,415.55,1421,0
2026-04-29T15:00:00+05:30,415.55,416.45,414.95,415.0,1947,0
2026-04-29T15:15:00+05:30,415.0,416.35,412.5,415.0,3068,0
2026-04-30T09:15:00+05:30,414.9,414.9,406.2,406.85,3076,0
2026-04-30T09:30:00+05:30,406.85,409.9,406.65,409.15,2335,0
2026-04-30T09:45:00+05:30,409.15,409.15,407.4,408.25,876,0
2026-04-30T10:00:00+05:30,408.1,408.45,407.0,407.0,1340,0
2026-04-30T10:15:00+05:30,407.0,407.25,403.9,405.0,1605,0
2026-04-30T10:30:00+05:30,404.45,407.35,404.45,407.35,1111,0
2026-04-30T10:45:00+05:30,406.75,407.45,404.55,404.55,1125,0
2026-04-30T11:00:00+05:30,404.55,405.7,404.55,405.1,109,0
2026-04-30T11:15:00+05:30,405.1,407.1,405.1,407.05,328,0
2026-04-30T11:30:00+05:30,407.05,408.0,406.55,406.75,621,0
2026-04-30T11:45:00+05:30,406.75,409.9,406.45,408.5,2059,0
2026-04-30T12:00:00+05:30,408.5,409.4,406.7,409.4,1342,0
2026-04-30T12:15:00+05:30,410.0,412.5,409.65,412.5,1265,0
2026-04-30T12:30:00+05:30,412.3,412.45,410.95,411.6,298,0
2026-04-30T12:45:00+05:30,411.6,413.0,411.6,413.0,561,0
2026-04-30T13:00:00+05:30,412.7,412.7,410.45,411.6,347,0
2026-04-30T13:15:00+05:30,411.9,412.5,410.55,411.9,617,0
2026-04-30T13:30:00+05:30,411.9,412.45,411.4,412.45,258,0
2026-04-30T13:45:00+05:30,411.9,416.1,411.9,415.0,2042,0
2026-04-30T14:00:00+05:30,415.0,415.0,413.45,413.45,439,0
2026-04-30T14:15:00+05:30,413.45,413.5,411.5,411.9,737,0
2026-04-30T14:30:00+05:30,412.2,414.55,411.95,414.55,514,0
2026-04-30T14:45:00+05:30,413.6,413.6,411.75,412.95,556,0
2026-04-30T15:00:00+05:30,412.85,414.9,410.0,410.0,2961,0
2026-04-30T15:15:00+05:30,410.0,413.0,410.0,411.75,2447,0
2026-05-04T09:15:00+05:30,413.0,415.5,403.5,406.3,25691,0
2026-05-04T09:30:00+05:30,406.3,407.6,403.95,404.85,5327,0
2026-05-04T09:45:00+05:30,404.55,406.55,404.0,406.55,3932,0
2026-05-04T10:00:00+05:30,407.4,409.1,407.05,407.7,4496,0
2026-05-04T10:15:00+05:30,407.7,407.7,405.5,406.8,545,0
2026-05-04T10:30:00+05:30,407.15,408.35,405.8,405.8,595,0
2026-05-04T10:45:00+05:30,406.4,407.25,405.8,405.85,359,0
2026-05-04T11:00:00+05:30,405.85,406.75,405.85,406.75,625,0
2026-05-04T11:15:00+05:30,406.8,407.5,406.4,407.4,1555,0
2026-05-04T11:30:00+05:30,406.85,406.9,406.15,406.25,331,0
2026-05-04T11:45:00+05:30,406.25,407.05,405.0,405.2,1229,0
2026-05-04T12:00:00+05:30,405.2,406.0,403.75,403.75,1442,0
2026-05-04T12:15:00+05:30,404.6,406.6,403.85,406.6,1111,0
2026-05-04T12:30:00+05:30,406.5,407.75,406.5,407.75,798,0
2026-05-04T12:45:00+05:30,407.75,407.75,407.0,407.0,282,0
2026-05-04T13:00:00+05:30,406.85,407.4,405.75,407.4,224,0
2026-05-04T13:15:00+05:30,407.4,407.4,403.1,405.0,2375,0
2026-05-04T13:30:00+05:30,403.5,404.7,403.05,404.7,2532,0
2026-05-04T13:45:00+05:30,404.7,405.55,404.7,404.7,60,0
2026-05-04T14:00:00+05:30,404.7,406.5,404.7,406.5,465,0
2026-05-04T14:15:00+05:30,406.5,407.95,405.65,407.1,765,0
2026-05-04T14:30:00+05:30,406.95,407.0,405.3,405.35,428,0
2026-05-04T14:45:00+05:30,405.35,406.9,405.35,406.4,714,0
2026-05-04T15:00:00+05:30,406.4,406.8,405.4,405.8,1510,0
2026-05-04T15:15:00+05:30,405.65,407.9,404.5,405.5,7804,0
2026-05-05T09:15:00+05:30,406.5,407.95,403.5,407.85,1692,0
2026-05-05T09:30:00+05:30,407.85,410.05,406.0,407.7,3397,0
2026-05-05T09:45:00+05:30,406.1,409.15,405.85,408.95,697,0
2026-05-05T10:00:00+05:30,407.9,409.1,407.55,408.3,708,0
2026-05-05T10:15:00+05:30,407.65,407.65,404.0,404.3,2542,0
2026-05-05T10:30:00+05:30,404.95,405.9,403.9,404.45,460,0
2026-05-05T10:45:00+05:30,405.25,405.85,405.0,405.25,1488,0
2026-05-05T11:00:00+05:30,405.25,406.7,405.25,405.25,735,0
2026-05-05T11:15:00+05:30,405.25,405.25,405.0,405.0,363,0
2026-05-05T11:30:00+05:30,405.0,405.4,404.55,404.95,714,0
2026-05-05T11:45:00+05:30,404.95,404.95,402.0,403.4,1255,0
2026-05-05T12:00:00+05:30,403.4,405.45,403.2,404.55,959,0
2026-05-05T12:15:00+05:30,405.4,406.35,404.3,404.3,615,0
2026-05-05T12:30:00+05:30,404.3,405.9,403.8,404.0,3329,0
2026-05-05T12:45:00+05:30,404.2,405.15,403.85,403.9,527,0
2026-05-05T13:00:00+05:30,403.9,405.15,403.6,403.6,740,0
2026-05-05T13:15:00+05:30,403.6,404.0,403.25,403.25,415,0
2026-05-05T13:30:00+05:30,403.25,404.4,403.1,403.1,342,0
2026-05-05T13:45:00+05:30,403.1,404.35,402.1,404.3,722,0
2026-05-05T14:00:00+05:30,404.3,404.3,403.05,403.05,100,0
2026-05-05T14:15:00+05:30,403.05,405.2,403.05,404.4,132,0
2026-05-05T14:30:00+05:30,404.4,404.7,403.55,403.55,261,0
2026-05-05T14:45:00+05:30,403.65,404.85,403.15,403.15,433,0
2026-05-05T15:00:00+05:30,404.55,405.0,402.75,403.15,1517,0
2026-05-05T15:15:00+05:30,403.15,405.4,403.15,403.55,4831,0
2026-05-06T09:15:00+05:30,404.35,411.95,404.35,407.55,4154,0
2026-05-06T09:30:00+05:30,407.6,411.45,407.5,408.9,2585,0
2026-05-06T09:45:00+05:30,408.15,408.15,406.5,407.2,2905,0
2026-05-06T10:00:00+05:30,407.0,407.45,405.5,406.45,1627,0
2026-05-06T10:15:00+05:30,406.8,406.8,404.6,404.6,1848,0
2026-05-06T10:30:00+05:30,404.55,404.95,402.05,402.05,2428,0
2026-05-06T10:45:00+05:30,402.05,403.8,400.95,403.75,5640,0
2026-05-06T11:00:00+05:30,403.6,404.35,403.0,404.35,614,0
2026-05-06T11:15:00+05:30,404.35,404.95,404.35,404.95,656,0
2026-05-06T11:30:00+05:30,404.95,404.95,403.35,403.35,321,0
2026-05-06T11:45:00+05:30,403.5,405.9,403.4,405.9,1194,0
2026-05-06T12:00:00+05:30,405.9,405.9,403.75,403.85,307,0
2026-05-06T12:15:00+05:30,403.85,403.85,402.0,402.95,1341,0
2026-05-06T12:30:00+05:30,402.95,403.7,400.1,401.05,1329,0
2026-05-06T12:45:00+05:30,401.8,402.45,399.0,399.0,2250,0
2026-05-06T13:00:00+05:30,399.0,400.9,398.5,400.9,3367,0
2026-05-06T13:15:00+05:30,400.9,403.0,400.9,402.45,165,0
2026-05-06T13:30:00+05:30,402.4,403.45,402.35,402.55,888,0
2026-05-06T13:45:00+05:30,402.55,404.15,402.5,404.15,325,0
2026-05-06T14:00:00+05:30,404.15,404.5,403.2,403.2,632,0
2026-05-06T14:15:00+05:30,403.2,407.6,403.2,407.4,2969,0
2026-05-06T14:30:00+05:30,406.75,409.0,406.75,406.75,2917,0
2026-05-06T14:45:00+05:30,408.0,412.45,407.45,411.2,4552,0
2026-05-06T15:00:00+05:30,412.0,415.0,410.0,411.0,7158,0
2026-05-06T15:15:00+05:30,410.45,412.05,406.5,409.2,5617,0
2026-05-07T09:15:00+05:30,411.95,418.45,410.7,411.25,8356,0
2026-05-07T09:30:00+05:30,411.25,412.45,410.2,411.65,5509,0
2026-05-07T09:45:00+05:30,411.0,411.0,407.75,408.6,2576,0
2026-05-07T10:00:00+05:30,408.6,409.9,407.75,407.75,517,0
2026-05-07T10:15:00+05:30,407.75,409.5,407.75,409.5,98,0
2026-05-07T10:30:00+05:30,409.5,411.0,408.9,411.0,951,0
2026-05-07T10:45:00+05:30,411.0,413.0,411.0,412.45,1341,0
2026-05-07T11:00:00+05:30,412.45,412.8,411.5,411.85,941,0
2026-05-07T11:15:00+05:30,411.85,412.7,410.0,412.1,2895,0
2026-05-07T11:30:00+05:30,412.1,412.8,412.1,412.8,42,0
2026-05-07T11:45:00+05:30,412.1,412.75,411.9,412.45,468,0
2026-05-07T12:00:00+05:30,412.6,413.4,412.5,412.75,189,0
2026-05-07T12:15:00+05:30,412.75,415.7,412.75,414.55,2235,0
2026-05-07T12:30:00+05:30,414.55,417.1,414.55,415.8,543,0
2026-05-07T12:45:00+05:30,415.8,418.95,415.8,417.0,2575,0
2026-05-07T13:00:00+05:30,417.0,418.15,416.55,417.3,4361,0
2026-05-07T13:15:00+05:30,417.3,418.9,416.2,417.55,1885,0
2026-05-07T13:30:00+05:30,417.55,419.5,417.05,419.5,4607,0
2026-05-07T13:45:00+05:30,419.5,419.5,418.8,419.35,497,0
2026-05-07T14:00:00+05:30,419.35,419.75,418.8,419.0,338,0
2026-05-07T14:15:00+05:30,419.0,419.4,418.2,419.3,466,0
2026-05-07T14:30:00+05:30,418.65,419.8,416.55,418.3,2593,0
2026-05-07T14:45:00+05:30,417.95,417.95,415.1,415.1,3491,0
2026-05-07T15:00:00+05:30,415.1,415.85,414.6,415.35,2623,0
2026-05-07T15:15:00+05:30,414.9,415.3,412.5,414.7,3630,0
2026-05-08T09:15:00+05:30,417.0,418.8,416.2,418.65,3754,0
2026-05-08T09:30:00+05:30,418.7,420.35,417.0,417.5,2111,0
2026-05-08T09:45:00+05:30,417.55,418.2,414.9,418.2,5373,0
2026-05-08T10:00:00+05:30,416.95,416.95,413.5,413.5,2775,0
2026-05-08T10:15:00+05:30,413.5,416.8,413.5,416.0,5271,0
2026-05-08T10:30:00+05:30,416.0,416.0,414.35,415.7,252,0
2026-05-08T10:45:00+05:30,415.7,415.7,414.8,415.2,95,0
2026-05-08T11:00:00+05:30,414.3,415.1,414.0,414.7,854,0
2026-05-08T11:15:00+05:30,414.7,414.8,413.0,413.9,2344,0
2026-05-08T11:30:00+05:30,413.8,414.0,413.05,414.0,165,0
2026-05-08T11:45:00+05:30,414.0,414.3,413.8,413.8,121,0
2026-05-08T12:00:00+05:30,413.8,413.95,412.0,412.05,1470,0
2026-05-08T12:15:00+05:30,412.05,413.1,412.0,412.0,527,0
2026-05-08T12:30:00+05:30,412.0,412.95,411.85,411.9,923,0
2026-05-08T12:45:00+05:30,411.9,411.9,410.5,411.8,736,0
2026-05-08T13:00:00+05:30,411.8,412.1,411.5,412.1,28,0
2026-05-08T13:15:00+05:30,412.1,412.1,411.05,411.05,215,0
2026-05-08T13:30:00+05:30,411.05,411.8,411.05,411.1,228,0
2026-05-08T13:45:00+05:30,411.1,411.95,410.75,410.75,802,0
2026-05-08T14:00:00+05:30,410.75,411.0,410.0,411.0,436,0
2026-05-08T14:15:00+05:30,411.0,411.3,410.0,411.3,814,0
2026-05-08T14:30:00+05:30,411.3,411.95,409.55,411.95,1085,0
2026-05-08T14:45:00+05:30,411.7,411.7,411.1,411.6,675,0
2026-05-08T15:00:00+05:30,411.6,413.0,411.2,412.15,1761,0
2026-05-08T15:15:00+05:30,412.85,414.0,409.8,414.0,4170,0
2026-05-11T09:15:00+05:30,411.5,411.5,404.1,406.25,4769,0
2026-05-11T09:30:00+05:30,407.15,407.15,403.5,404.9,1254,0
2026-05-11T09:45:00+05:30,404.9,405.35,401.7,402.0,6911,0
2026-05-11T10:00:00+05:30,402.0,404.15,401.1,404.15,626,0
2026-05-11T10:15:00+05:30,404.15,406.4,399.0,404.35,9166,0
2026-05-11T10:30:00+05:30,404.95,405.15,403.45,405.0,933,0
2026-05-11T10:45:00+05:30,405.0,405.1,403.9,405.1,1394,0
2026-05-11T11:00:00+05:30,405.9,405.9,404.0,405.6,1543,0
2026-05-11T11:15:00+05:30,403.95,406.0,403.95,405.25,781,0
2026-05-11T11:30:00+05:30,405.25,405.25,404.95,405.2,92,0
2026-05-11T11:45:00+05:30,405.2,406.5,405.2,406.5,250,0
2026-05-11T12:00:00+05:30,406.45,406.5,406.45,406.5,9,0
2026-05-11T12:15:00+05:30,406.5,406.7,405.4,406.7,324,0
2026-05-11T12:30:00+05:30,406.7,406.7,405.8,405.8,1,0
2026-05-11T12:45:00+05:30,405.8,405.8,403.6,405.2,1304,0
2026-05-11T13:00:00+05:30,404.95,413.3,404.9,408.5,13464,0
2026-05-11T13:15:00+05:30,408.5,410.5,408.5,408.5,382,0
2026-05-11T13:30:00+05:30,408.5,409.7,408.5,408.8,69,0
2026-05-11T13:45:00+05:30,408.8,409.5,408.3,408.3,422,0
2026-05-11T14:00:00+05:30,408.5,408.5,408.45,408.5,259,0
2026-05-11T14:15:00+05:30,408.45,409.0,407.05,407.1,1039,0
2026-05-11T14:30:00+05:30,406.8,407.3,404.0,405.3,4407,0
2026-05-11T14:45:00+05:30,405.1,405.1,403.5,403.5,246,0
2026-05-11T15:00:00+05:30,403.5,403.7,400.8,401.65,5135,0
2026-05-11T15:15:00+05:30,402.4,402.95,401.0,402.0,2780,0
2026-05-12T09:15:00+05:30,401.4,406.45,392.1,394.8,4485,0
2026-05-12T09:30:00+05:30,394.35,394.65,390.0,394.65,3894,0
2026-05-12T09:45:00+05:30,394.65,394.7,392.15,392.55,802,0
2026-05-12T10:00:00+05:30,392.6,393.35,392.15,393.2,1120,0
2026-05-12T10:15:00+05:30,393.2,394.7,392.75,393.3,2105,0
2026-05-12T10:30:00+05:30,392.95,393.6,390.55,391.85,3588,0
2026-05-12T10:45:00+05:30,391.85,391.85,390.0,391.15,810,0
2026-05-12T11:00:00+05:30,391.15,392.95,390.5,390.5,5474,0
2026-05-12T11:15:00+05:30,390.5,390.5,387.85,390.0,7080,0
2026-05-12T11:30:00+05:30,390.0,391.0,389.55,391.0,216,0
2026-05-12T11:45:00+05:30,390.55,390.6,388.0,388.75,1546,0
2026-05-12T12:00:00+05:30,388.75,389.45,388.05,388.95,415,0
2026-05-12T12:15:00+05:30,388.95,389.75,388.65,389.15,303,0
2026-05-12T12:30:00+05:30,388.65,388.65,387.05,387.8,336,0
2026-05-12T12:45:00+05:30,387.8,389.35,382.4,386.0,6051,0
2026-05-12T13:00:00+05:30,386.45,388.0,386.45,386.85,3073,0
2026-05-12T13:15:00+05:30,386.85,388.4,386.85,387.9,573,0
2026-05-12T13:30:00+05:30,388.4,388.4,384.9,386.5,917,0
2026-05-12T13:45:00+05:30,386.75,387.0,384.1,386.45,930,0
2026-05-12T14:00:00+05:30,386.45,386.45,384.0,384.5,822,0
2026-05-12T14:15:00+05:30,384.45,385.65,381.9,384.0,2804,0
2026-05-12T14:30:00+05:30,384.45,391.4,384.35,386.5,5894,0
2026-05-12T14:45:00+05:30,386.5,386.5,382.8,385.7,714,0
2026-05-12T15:00:00+05:30,385.0,385.0,382.0,382.15,2105,0
2026-05-12T15:15:00+05:30,382.45,388.0,379.1,380.25,15325,0
2026-05-13T09:15:00+05:30,380.25,385.1,378.3,382.15,2819,0
2026-05-13T09:30:00+05:30,382.25,382.7,378.85,381.4,1046,0
2026-05-13T09:45:00+05:30,382.35,382.75,379.1,381.05,3224,0
2026-05-13T10:00:00+05:30,382.0,384.95,381.6,383.75,2158,0
2026-05-13T10:15:00+05:30,384.95,387.2,384.95,385.5,1204,0
2026-05-13T10:30:00+05:30,385.5,386.5,383.1,385.15,1600,0
2026-05-13T10:45:00+05:30,385.15,386.4,384.0,384.0,1343,0
2026-05-13T11:00:00+05:30,383.3,383.7,382.3,383.7,384,0
2026-05-13T11:15:00+05:30,383.7,386.0,383.7,384.9,1355,0
2026-05-13T11:30:00+05:30,384.75,386.3,383.8,383.8,893,0
2026-05-13T11:45:00+05:30,383.8,384.6,382.0,382.0,497,0
2026-05-13T12:00:00+05:30,381.65,384.15,381.5,383.7,944,0
2026-05-13T12:15:00+05:30,383.7,383.75,382.05,383.25,530,0
2026-05-13T12:30:00+05:30,383.25,383.25,380.0,381.75,1964,0
2026-05-13T12:45:00+05:30,381.9,383.95,381.9,383.8,258,0
2026-05-13T13:00:00+05:30,384.0,389.35,382.0,383.05,3503,0
2026-05-13T13:15:00+05:30,383.0,384.0,382.75,384.0,2441,0
2026-05-13T13:30:00+05:30,384.0,385.7,384.0,384.05,736,0
2026-05-13T13:45:00+05:30,384.15,384.2,382.9,382.9,207,0
2026-05-13T14:00:00+05:30,382.9,383.15,380.75,383.0,787,0
2026-05-13T14:15:00+05:30,383.0,383.0,381.05,382.65,151,0
2026-05-13T14:30:00+05:30,381.45,381.8,380.7,380.7,196,0
2026-05-13T14:45:00+05:30,380.7,382.15,380.7,381.95,530,0
2026-05-13T15:00:00+05:30,381.5,382.05,378.85,379.85,3226,0
2026-05-13T15:15:00+05:30,379.55,383.95,377.35,377.9,5261,0
2026-05-14T09:15:00+05:30,380.0,390.3,380.0,384.15,4578,0
2026-05-14T09:30:00+05:30,383.85,383.95,377.8,378.35,3348,0
2026-05-14T09:45:00+05:30,378.35,381.4,376.85,377.7,15491,0
2026-05-14T10:00:00+05:30,377.1,383.25,376.9,383.0,3202,0
2026-05-14T10:15:00+05:30,383.0,383.0,381.5,382.0,595,0
2026-05-14T10:30:00+05:30,382.0,382.75,380.65,382.0,963,0
2026-05-14T10:45:00+05:30,382.0,383.4,381.05,383.25,1027,0
2026-05-14T11:00:00+05:30,383.25,383.25,381.1,381.95,858,0
2026-05-14T11:15:00+05:30,382.9,384.0,382.2,382.3,552,0
2026-05-14T11:30:00+05:30,383.95,387.95,382.85,386.6,4122,0
2026-05-14T11:45:00+05:30,387.85,388.45,384.85,384.85,975,0
2026-05-14T12:00:00+05:30,384.85,385.9,384.8,385.35,850,0
2026-05-14T12:15:00+05:30,385.35,386.1,385.0,385.0,519,0
2026-05-14T12:30:00+05:30,385.0,387.0,384.0,384.65,864,0
2026-05-14T12:45:00+05:30,384.65,387.0,384.65,387.0,2300,0
2026-05-14T13:00:00+05:30,387.0,389.0,383.15,385.8,14904,0
2026-05-14T13:15:00+05:30,385.8,385.8,384.7,385.7,294,0
2026-05-14T13:30:00+05:30,384.6,386.4,384.6,385.5,240,0
2026-05-14T13:45:00+05:30,385.5,386.25,384.05,384.95,266,0
2026-05-14T14:00:00+05:30,384.95,390.5,384.05,386.5,12783,0
2026-05-14T14:15:00+05:30,386.5,386.5,384.65,386.0,2752,0
2026-05-14T14:30:00+05:30,386.0,386.4,385.25,386.15,662,0
2026-05-14T14:45:00+05:30,385.35,385.35,383.15,385.0,4832,0
2026-05-14T15:00:00+05:30,385.75,385.75,380.6,384.95,6250,0
2026-05-14T15:15:00+05:30,384.9,388.0,382.55,385.0,5010,0
2026-05-15T09:15:00+05:30,384.5,386.4,380.55,385.25,1788,0
2026-05-15T09:30:00+05:30,384.65,387.5,383.3,387.1,2271,0
2026-05-15T09:45:00+05:30,387.1,387.95,386.05,387.85,2337,0
2026-05-15T10:00:00+05:30,387.85,387.85,384.75,384.75,1991,0
2026-05-15T10:15:00+05:30,384.75,386.65,384.6,384.6,420,0
2026-05-15T10:30:00+05:30,384.65,384.65,383.5,384.35,359,0
2026-05-15T10:45:00+05:30,384.35,386.25,383.8,386.1,2405,0
2026-05-15T11:00:00+05:30,386.1,389.25,385.55,386.7,3534,0
2026-05-15T11:15:00+05:30,386.25,386.4,384.5,384.5,729,0
2026-05-15T11:30:00+05:30,383.5,384.25,383.5,383.7,66,0
2026-05-15T11:45:00+05:30,383.9,384.25,382.35,382.35,753,0
2026-05-15T12:00:00+05:30,382.35,383.8,382.35,383.8,31,0
2026-05-15T12:15:00+05:30,383.8,384.25,382.75,383.5,696,0
2026-05-15T12:30:00+05:30,383.5,384.35,383.5,384.35,68,0
2026-05-15T12:45:00+05:30,384.35,384.5,383.75,383.75,15,0
2026-05-15T13:00:00+05:30,383.75,384.0,383.55,384.0,54,0
2026-05-15T13:15:00+05:30,384.0,385.55,384.0,384.05,292,0
2026-05-15T13:30:00+05:30,384.05,384.85,383.2,384.45,1500,0
2026-05-15T13:45:00+05:30,384.45,384.6,381.55,381.55,1110,0
2026-05-15T14:00:00+05:30,382.0,382.3,376.95,377.0,11024,0
2026-05-15T14:15:00+05:30,377.65,380.05,377.65,379.1,6019,0
2026-05-15T14:30:00+05:30,379.1,380.55,378.5,380.05,1052,0
2026-05-15T14:45:00+05:30,380.3,380.3,378.95,379.0,693,0
2026-05-15T15:00:00+05:30,379.0,380.25,378.7,380.0,757,0
2026-05-15T15:15:00+05:30,379.4,383.5,378.6,383.5,3737,0
2026-05-18T09:15:00+05:30,380.0,380.0,372.55,373.8,4658,0
2026-05-18T09:30:00+05:30,373.75,376.25,373.2,374.4,1349,0
2026-05-18T09:45:00+05:30,374.0,374.35,371.05,371.05,1939,0
2026-05-18T10:00:00+05:30,371.6,373.95,371.55,372.3,3169,0
2026-05-18T10:15:00+05:30,372.3,374.75,372.3,373.2,817,0
2026-05-18T10:30:00+05:30,373.2,374.95,371.75,374.5,942,0
2026-05-18T10:45:00+05:30,375.15,379.55,375.15,379.05,2679,0
2026-05-18T11:00:00+05:30,379.9,379.9,378.4,379.35,859,0
2026-05-18T11:15:00+05:30,379.35,379.9,378.3,379.9,1111,0
2026-05-18T11:30:00+05:30,379.9,382.5,378.55,380.55,2295,0
2026-05-18T11:45:00+05:30,380.55,380.95,379.25,379.25,393,0
2026-05-18T12:00:00+05:30,379.25,379.9,379.25,379.5,93,0
2026-05-18T12:15:00+05:30,379.5,382.5,379.5,381.9,3612,0
2026-05-18T12:30:00+05:30,381.9,384.45,381.55,383.75,933,0
2026-05-18T12:45:00+05:30,383.75,383.75,382.6,382.8,553,0
2026-05-18T13:00:00+05:30,382.8,383.85,381.1,382.55,1968,0
2026-05-18T13:15:00+05:30,382.55,383.15,381.95,382.25,103,0
2026-05-18T13:30:00+05:30,382.25,382.25,381.15,382.15,165,0
2026-05-18T13:45:00+05:30,381.65,382.5,381.65,382.5,213,0
2026-05-18T14:00:00+05:30,382.5,383.1,381.95,382.7,670,0
2026-05-18T14:15:00+05:30,382.7,382.75,381.0,382.35,1201,0
2026-05-18T14:30:00+05:30,382.35,382.35,381.9,382.35,156,0
2026-05-18T14:45:00+05:30,381.95,382.15,381.4,381.7,218,0
2026-05-18T15:00:00+05:30,381.7,386.45,381.2,384.55,4595,0
2026-05-18T15:15:00+05:30,385.0,387.0,382.3,382.5,5382,0
2026-05-19T09:15:00+05:30,384.5,395.45,384.15,394.2,3918,0
2026-05-19T09:30:00+05:30,394.1,394.55,391.85,392.45,1037,0
2026-05-19T09:45:00+05:30,392.45,393.5,390.9,392.8,1117,0
2026-05-19T10:00:00+05:30,393.2,399.8,393.15,399.1,3708,0
2026-05-19T10:15:00+05:30,398.85,400.45,397.5,399.1,5356,0
2026-05-19T10:30:00+05:30,399.15,400.7,399.1,400.45,4986,0
2026-05-19T10:45:00+05:30,399.8,403.5,399.15,400.1,3767,0
2026-05-19T11:00:00+05:30,400.1,401.0,397.35,399.3,1766,0
2026-05-19T11:15:00+05:30,399.3,399.3,397.05,397.55,348,0
2026-05-19T11:30:00+05:30,397.55,398.25,397.05,397.35,326,0
2026-05-19T11:45:00+05:30,397.65,398.6,395.65,395.65,1474,0
2026-05-19T12:00:00+05:30,395.65,398.45,395.15,397.85,2690,0
2026-05-19T12:15:00+05:30,397.85,399.1,397.5,397.5,1125,0
2026-05-19T12:30:00+05:30,398.3,399.5,397.9,399.5,1242,0
2026-05-19T12:45:00+05:30,399.5,399.5,398.25,398.25,80,0
2026-05-19T13:00:00+05:30,398.05,398.2,397.85,398.2,326,0
2026-05-19T13:15:00+05:30,398.2,398.2,397.5,398.1,355,0
2026-05-19T13:30:00+05:30,398.1,398.1,395.6,396.85,479,0
2026-05-19T13:45:00+05:30,396.85,401.05,395.8,399.25,3457,0
2026-05-19T14:00:00+05:30,399.25,401.85,399.25,400.3,877,0
2026-05-19T14:15:00+05:30,400.0,400.35,398.15,398.35,874,0
2026-05-19T14:30:00+05:30,398.35,398.5,397.05,397.05,484,0
2026-05-19T14:45:00+05:30,397.05,397.05,395.05,395.05,2312,0
2026-05-19T15:00:00+05:30,395.6,395.6,393.15,394.65,2217,0
2026-05-19T15:15:00+05:30,394.6,395.0,392.5,392.5,2291,0
2026-05-20T09:15:00+05:30,394.5,394.5,388.5,390.45,1205,0
2026-05-20T09:30:00+05:30,390.75,391.9,390.0,390.6,1923,0
2026-05-20T09:45:00+05:30,391.25,396.35,390.6,394.35,2694,0
2026-05-20T10:00:00+05:30,394.35,394.95,391.25,392.0,1594,0
2026-05-20T10:15:00+05:30,392.0,392.55,390.3,392.5,958,0
2026-05-20T10:30:00+05:30,392.5,393.55,392.5,392.5,792,0
2026-05-20T10:45:00+05:30,392.5,393.8,392.5,393.8,242,0
2026-05-20T11:00:00+05:30,393.8,394.95,393.15,393.6,368,0
2026-05-20T11:15:00+05:30,393.55,393.75,393.0,393.0,47,0
2026-05-20T11:30:00+05:30,393.0,393.35,392.9,393.35,8,0
2026-05-20T11:45:00+05:30,393.35,394.0,392.75,393.55,1015,0
2026-05-20T12:00:00+05:30,393.55,393.55,392.5,392.5,103,0
2026-05-20T12:15:00+05:30,392.5,394.45,392.2,393.1,292,0
2026-05-20T12:30:00+05:30,393.9,394.1,392.2,392.7,102,0
2026-05-20T12:45:00+05:30,392.7,392.9,392.7,392.7,17,0
2026-05-20T13:00:00+05:30,392.7,393.0,391.5,391.5,457,0
2026-05-20T13:15:00+05:30,391.5,391.5,390.5,390.5,133,0
2026-05-20T13:30:00+05:30,390.5,399.9,386.5,390.1,9232,0
2026-05-20T13:45:00+05:30,390.1,391.85,390.1,391.0,845,0
2026-05-20T14:00:00+05:30,391.25,392.2,391.25,392.2,14,0
2026-05-20T14:15:00+05:30,391.35,397.9,389.05,393.5,9033,0
2026-05-20T14:30:00+05:30,393.5,394.0,391.15,391.15,310,0
2026-05-20T14:45:00+05:30,391.15,391.75,390.6,391.45,65,0
2026-05-20T15:00:00+05:30,391.45,393.0,390.65,392.5,1333,0
2026-05-20T15:15:00+05:30,392.55,394.05,390.5,390.5,4763,0
2026-05-21T09:15:00+05:30,394.75,398.4,391.0,393.5,3679,0
2026-05-21T09:30:00+05:30,393.1,396.05,389.15,393.0,14286,0
2026-05-21T09:45:00+05:30,392.15,394.65,392.15,393.6,2890,0
2026-05-21T10:00:00+05:30,393.1,394.9,393.1,393.35,269,0
2026-05-21T10:15:00+05:30,394.0,394.7,394.0,394.0,299,0
2026-05-21T10:30:00+05:30,394.0,394.0,393.35,393.35,498,0
2026-05-21T10:45:00+05:30,393.35,395.0,393.35,394.1,339,0
2026-05-21T11:00:00+05:30,393.85,395.0,391.25,391.4,698,0
2026-05-21T11:15:00+05:30,391.4,392.95,391.4,391.8,546,0
2026-05-21T11:30:00+05:30,392.35,394.75,392.0,393.0,503,0
2026-05-21T11:45:00+05:30,393.0,393.15,393.0,393.0,138,0
2026-05-21T12:00:00+05:30,393.0,394.05,393.0,393.5,1132,0
2026-05-21T12:15:00+05:30,393.5,393.55,392.75,392.75,21,0
2026-05-21T12:30:00+05:30,392.85,392.85,391.35,391.5,1309,0
2026-05-21T12:45:00+05:30,391.5,392.0,391.0,392.0,927,0
2026-05-21T13:00:00+05:30,391.75,392.9,389.7,389.7,1660,0
2026-05-21T13:15:00+05:30,390.3,393.0,390.3,393.0,2056,0
2026-05-21T13:30:00+05:30,393.0,393.0,392.1,393.0,452,0
2026-05-21T13:45:00+05:30,393.0,394.5,392.1,394.0,2048,0
2026-05-21T14:00:00+05:30,394.0,394.5,392.0,393.3,1355,0
2026-05-21T14:15:00+05:30,393.3,393.3,392.0,392.15,704,0
2026-05-21T14:30:00+05:30,392.15,392.7,389.5,390.9,1169,0
2026-05-21T14:45:00+05:30,390.9,392.05,390.9,391.15,33,0
2026-05-21T15:00:00+05:30,391.95,394.0,390.0,391.5,3601,0
2026-05-21T15:15:00+05:30,391.75,392.9,390.65,391.95,4035,0
2026-05-22T09:15:00+05:30,425.0,458.0,413.05,454.0,615551,0
2026-05-22T09:30:00+05:30,454.05,457.55,448.5,453.55,331107,0
2026-05-22T09:45:00+05:30,454.15,463.4,452.6,459.35,452879,0
2026-05-22T10:00:00+05:30,459.35,469.9,457.2,469.9,1216246,0
2026-05-22T10:15:00+05:30,469.9,469.9,469.9,469.9,17532,0
2026-05-22T10:30:00+05:30,469.9,469.9,469.9,469.9,6607,0
2026-05-22T10:45:00+05:30,469.9,469.9,469.9,469.9,3786,0
2026-05-22T11:00:00+05:30,469.9,469.9,469.9,469.9,4986,0
2026-05-22T11:15:00+05:30,469.9,469.9,469.9,469.9,11362,0
2026-05-22T11:30:00+05:30,469.9,469.9,469.9,469.9,1107,0
2026-05-22T11:45:00+05:30,469.9,469.9,469.9,469.9,3381,0
2026-05-22T12:00:00+05:30,469.9,469.9,469.9,469.9,807,0
2026-05-22T12:15:00+05:30,469.9,469.9,469.9,469.9,1384,0
2026-05-22T12:30:00+05:30,469.9,469.9,469.9,469.9,2031,0
2026-05-22T12:45:00+05:30,469.9,469.9,469.9,469.9,380,0
2026-05-22T13:00:00+05:30,469.9,469.9,469.9,469.9,347,0
2026-05-22T13:15:00+05:30,469.9,469.9,469.9,469.9,414,0
2026-05-22T13:30:00+05:30,469.9,469.9,469.9,469.9,255,0
2026-05-22T13:45:00+05:30,469.9,469.9,469.9,469.9,790,0
2026-05-22T14:00:00+05:30,469.9,469.9,469.9,469.9,298,0
2026-05-22T14:15:00+05:30,469.9,469.9,469.9,469.9,291,0
2026-05-22T14:30:00+05:30,469.9,469.9,469.9,469.9,378,0
2026-05-22T14:45:00+05:30,469.9,469.9,469.9,469.9,810,0
2026-05-22T15:00:00+05:30,469.9,469.9,469.9,469.9,207,0
2026-05-22T15:15:00+05:30,469.9,469.9,469.9,469.9,7141,0
2026-05-25T09:15:00+05:30,489.35,515.8,485.35,508.05,1389222,0
2026-05-25T09:30:00+05:30,508.0,510.8,492.1,501.2,703302,0
2026-05-25T09:45:00+05:30,501.65,504.0,494.45,502.1,234069,0
2026-05-25T10:00:00+05:30,502.1,502.15,496.95,499.0,114855,0
2026-05-25T10:15:00+05:30,499.1,499.65,490.5,494.85,198717,0
2026-05-25T10:30:00+05:30,494.55,497.0,491.0,491.75,93529,0
2026-05-25T10:45:00+05:30,492.15,495.35,491.9,494.1,47052,0
2026-05-25T11:00:00+05:30,494.05,496.4,491.1,492.85,63759,0
2026-05-25T11:15:00+05:30,492.9,494.0,490.2,492.05,84794,0
2026-05-25T11:30:00+05:30,492.25,492.4,485.6,487.5,139785,0
2026-05-25T11:45:00+05:30,487.4,488.8,486.5,488.7,41497,0
2026-05-25T12:00:00+05:30,488.7,492.3,487.2,488.75,74968,0
2026-05-25T12:15:00+05:30,488.35,489.8,487.05,488.35,37420,0
2026-05-25T12:30:00+05:30,488.2,488.2,480.55,484.45,173653,0
2026-05-25T12:45:00+05:30,484.45,491.0,483.5,485.1,85869,0
2026-05-25T13:00:00+05:30,485.1,491.0,484.5,489.35,77750,0
2026-05-25T13:15:00+05:30,489.05,489.95,486.0,487.55,50601,0
2026-05-25T13:30:00+05:30,488.25,495.2,487.35,494.0,111894,0
2026-05-25T13:45:00+05:30,493.95,495.5,490.4,492.6,70781,0
2026-05-25T14:00:00+05:30,492.6,496.0,492.3,493.0,59747,0
2026-05-25T14:15:00+05:30,493.0,495.95,492.25,492.6,39050,0
2026-05-25T14:30:00+05:30,492.7,496.0,492.35,492.8,66888,0
2026-05-25T14:45:00+05:30,493.0,498.9,492.0,495.95,137814,0
2026-05-25T15:00:00+05:30,495.9,499.0,480.0,482.9,318467,0
2026-05-25T15:15:00+05:30,482.2,482.55,473.0,477.25,191089,0
2026-05-26T09:15:00+05:30,476.05,487.5,471.0,486.9,98785,0
2026-05-26T09:30:00+05:30,487.35,489.9,479.95,488.95,51279,0
2026-05-26T09:45:00+05:30,488.3,494.8,486.1,486.8,45093,0
2026-05-26T10:00:00+05:30,487.5,489.4,485.15,487.6,8313,0
2026-05-26T10:15:00+05:30,487.6,487.6,482.15,484.4,13599,0
2026-05-26T10:30:00+05:30,484.0,484.95,481.8,484.2,6399,0
2026-05-26T10:45:00+05:30,483.85,484.65,482.95,483.55,4238,0
2026-05-26T11:00:00+05:30,483.95,484.2,481.55,482.6,5436,0
2026-05-26T11:15:00+05:30,482.75,483.5,481.9,482.0,3930,0
2026-05-26T11:30:00+05:30,481.8,482.95,481.4,482.95,3149,0
2026-05-26T11:45:00+05:30,482.25,483.45,481.65,482.55,2786,0
2026-05-26T12:00:00+05:30,482.05,482.7,479.0,481.7,16264,0
2026-05-26T12:15:00+05:30,480.6,482.4,480.4,481.0,3824,0
2026-05-26T12:30:00+05:30,481.0,482.1,480.25,480.55,2418,0
2026-05-26T12:45:00+05:30,480.55,482.7,480.2,481.35,2838,0
2026-05-26T13:00:00+05:30,481.6,482.95,480.7,481.25,4835,0
2026-05-26T13:15:00+05:30,481.25,482.5,480.7,481.1,1595,0
2026-05-26T13:30:00+05:30,481.35,482.05,481.15,481.3,1803,0
2026-05-26T13:45:00+05:30,481.3,481.8,470.0,471.0,29897,0
2026-05-26T14:00:00+05:30,471.3,476.4,465.6,475.05,23459,0
2026-05-26T14:15:00+05:30,475.45,477.0,471.9,476.0,14003,0
2026-05-26T14:30:00+05:30,476.05,479.45,475.0,478.0,13149,0
2026-05-26T14:45:00+05:30,478.05,480.5,476.0,477.55,10189,0
2026-05-26T15:00:00+05:30,477.65,478.7,474.55,475.35,9058,0
2026-05-26T15:15:00+05:30,475.4,476.5,471.1,472.95,24536,0
2026-05-27T09:15:00+05:30,471.0,476.9,467.0,474.35,23619,0
2026-05-27T09:30:00+05:30,473.8,474.75,471.15,472.4,12463,0
2026-05-27T09:45:00+05:30,472.85,472.85,468.5,469.8,13031,0
2026-05-27T10:00:00+05:30,469.8,471.6,468.75,468.85,6624,0
2026-05-27T10:15:00+05:30,468.85,472.5,468.75,470.85,4157,0
2026-05-27T10:30:00+05:30,470.1,471.35,467.55,468.05,4161,0
2026-05-27T10:45:00+05:30,468.05,469.45,466.8,467.0,10136,0
2026-05-27T11:00:00+05:30,467.6,468.5,465.7,468.05,2896,0
2026-05-27T11:15:00+05:30,468.0,468.0,466.0,466.4,2314,0
2026-05-27T11:30:00+05:30,466.4,467.05,466.0,466.0,3178,0
2026-05-27T11:45:00+05:30,465.7,466.35,461.95,464.05,19246,0
2026-05-27T12:00:00+05:30,464.3,466.95,461.55,465.0,9715,0
2026-05-27T12:15:00+05:30,465.0,465.0,459.0,460.9,17831,0
2026-05-27T12:30:00+05:30,460.9,464.1,460.2,463.15,5039,0
2026-05-27T12:45:00+05:30,463.15,466.05,461.8,464.65,4691,0
2026-05-27T13:00:00+05:30,464.45,467.45,464.05,467.45,4521,0
2026-05-27T13:15:00+05:30,467.4,467.4,465.3,465.4,2023,0
2026-05-27T13:30:00+05:30,465.4,466.4,464.35,464.7,1667,0
2026-05-27T13:45:00+05:30,464.1,465.15,461.1,464.8,5442,0
2026-05-27T14:00:00+05:30,464.85,465.5,461.8,462.6,1425,0
2026-05-27T14:15:00+05:30,463.65,465.2,463.0,463.35,2791,0
2026-05-27T14:30:00+05:30,463.4,464.25,461.65,463.65,5889,0
2026-05-27T14:45:00+05:30,464.35,465.5,462.1,464.85,5243,0
2026-05-27T15:00:00+05:30,464.65,465.25,463.0,464.0,5520,0
2026-05-27T15:15:00+05:30,464.3,465.9,456.3,458.4,32983,0
2026-05-29T09:15:00+05:30,460.7,466.9,458.0,458.0,15693,0
2026-05-29T09:30:00+05:30,457.7,459.95,454.4,458.2,12474,0
2026-05-29T09:45:00+05:30,458.0,462.0,457.15,458.7,6062,0
2026-05-29T10:00:00+05:30,458.7,461.45,457.8,460.25,5660,0
2026-05-29T10:15:00+05:30,460.25,460.55,457.65,458.6,1378,0
2026-05-29T10:30:00+05:30,457.95,458.9,456.0,456.65,2719,0
2026-05-29T10:45:00+05:30,457.0,458.85,456.5,458.0,2961,0
2026-05-29T11:00:00+05:30,458.0,458.1,456.8,457.5,2896,0
2026-05-29T11:15:00+05:30,457.75,458.45,456.95,456.95,325,0
2026-05-29T11:30:00+05:30,456.95,457.2,455.0,456.7,1709,0
2026-05-29T11:45:00+05:30,456.55,457.0,456.0,456.0,313,0
2026-05-29T12:00:00+05:30,456.0,457.5,455.8,456.6,2510,0
2026-05-29T12:15:00+05:30,456.65,480.0,455.95,476.3,59310,0
2026-05-29T12:30:00+05:30,476.35,479.95,471.05,474.85,41141,0
2026-05-29T12:45:00+05:30,474.95,475.75,471.0,472.8,9279,0
2026-05-29T13:00:00+05:30,472.75,475.0,472.05,472.05,4456,0
2026-05-29T13:15:00+05:30,472.05,475.0,470.5,470.5,8159,0
2026-05-29T13:30:00+05:30,470.45,471.1,466.65,467.3,4534,0
2026-05-29T13:45:00+05:30,467.3,467.65,460.05,464.9,12818,0
2026-05-29T14:00:00+05:30,464.9,464.9,463.05,464.35,1923,0
2026-05-29T14:15:00+05:30,464.35,464.95,462.2,463.75,2803,0
2026-05-29T14:30:00+05:30,464.0,466.95,463.25,466.0,3765,0
2026-05-29T14:45:00+05:30,465.9,466.4,464.0,464.45,6619,0
2026-05-29T15:00:00+05:30,464.45,464.45,454.5,455.0,14533,0
2026-05-29T15:15:00+05:30,455.25,456.0,450.6,454.95,14982,0
2026-06-01T09:15:00+05:30,457.9,460.95,453.75,459.1,10063,0
2026-06-01T09:30:00+05:30,459.2,464.9,456.5,460.1,9583,0
2026-06-01T09:45:00+05:30,460.15,462.55,459.2,461.75,2811,0
2026-06-01T10:00:00+05:30,460.8,461.6,455.5,456.65,6257,0
2026-06-01T10:15:00+05:30,457.4,458.85,454.9,457.45,5629,0
2026-06-01T10:30:00+05:30,458.0,459.15,456.1,458.2,938,0
2026-06-01T10:45:00+05:30,458.2,463.5,457.3,462.7,3259,0
2026-06-01T11:00:00+05:30,462.55,464.45,461.55,461.8,3542,0
2026-06-01T11:15:00+05:30,461.8,463.5,461.8,462.3,2194,0
2026-06-01T11:30:00+05:30,461.2,461.2,457.9,458.15,4661,0
2026-06-01T11:45:00+05:30,458.3,460.3,456.5,457.35,3706,0
2026-06-01T12:00:00+05:30,457.35,457.8,456.6,457.2,276,0
2026-06-01T12:15:00+05:30,457.85,457.85,455.4,456.55,304,0
2026-06-01T12:30:00+05:30,456.55,456.55,453.95,454.05,1773,0
2026-06-01T12:45:00+05:30,454.05,454.05,450.25,452.9,7920,0
2026-06-01T13:00:00+05:30,452.9,452.9,450.25,450.25,707,0
2026-06-01T13:15:00+05:30,450.3,451.25,446.05,448.05,3083,0
2026-06-01T13:30:00+05:30,449.05,451.2,448.4,449.65,2350,0
2026-06-01T13:45:00+05:30,449.65,449.75,448.4,449.0,151,0
2026-06-01T14:00:00+05:30,449.0,449.0,446.05,446.1,2552,0
2026-06-01T14:15:00+05:30,446.1,449.5,446.1,448.95,1703,0
2026-06-01T14:30:00+05:30,448.95,448.95,447.4,448.0,695,0
2026-06-01T14:45:00+05:30,448.0,448.65,446.5,446.5,2293,0
2026-06-01T15:00:00+05:30,446.5,448.95,446.5,447.0,7683,0
2026-06-01T15:15:00+05:30,448.5,449.0,444.1,446.0,7848,0
2026-06-02T09:15:00+05:30,442.8,458.5,440.5,457.3,12896,0
2026-06-02T09:30:00+05:30,455.7,456.4,453.05,454.95,3490,0
2026-06-02T09:45:00+05:30,454.6,463.1,454.6,460.45,10319,0
2026-06-02T10:00:00+05:30,461.0,471.1,460.55,466.85,44195,0
2026-06-02T10:15:00+05:30,466.85,469.55,465.05,468.45,7240,0
2026-06-02T10:30:00+05:30,469.0,473.15,467.05,471.1,8791,0
2026-06-02T10:45:00+05:30,470.7,470.7,459.35,459.35,20709,0
2026-06-02T11:00:00+05:30,460.0,460.65,456.05,457.25,6370,0
2026-06-02T11:15:00+05:30,457.6,458.95,456.05,457.95,4764,0
2026-06-02T11:30:00+05:30,457.4,459.3,455.5,455.5,2718,0
2026-06-02T11:45:00+05:30,455.1,455.5,454.0,454.0,2215,0
2026-06-02T12:00:00+05:30,454.0,456.0,454.0,454.1,1845,0
2026-06-02T12:15:00+05:30,454.1,456.75,452.6,454.1,4299,0
2026-06-02T12:30:00+05:30,453.95,455.1,453.6,454.9,539,0
2026-06-02T12:45:00+05:30,454.9,456.5,453.6,455.55,856,0
2026-06-02T13:00:00+05:30,456.35,458.45,455.55,457.7,1896,0
2026-06-02T13:15:00+05:30,458.3,460.0,458.3,459.9,1725,0
2026-06-02T13:30:00+05:30,459.95,461.45,458.75,458.75,1036,0
2026-06-02T13:45:00+05:30,458.75,460.95,458.35,460.7,991,0
2026-06-02T14:00:00+05:30,459.95,462.75,459.55,461.0,2315,0
2026-06-02T14:15:00+05:30,461.05,462.45,459.0,460.85,1699,0
2026-06-02T14:30:00+05:30,460.05,460.4,458.05,458.05,2611,0
2026-06-02T14:45:00+05:30,458.75,463.0,458.35,461.8,7807,0
2026-06-02T15:00:00+05:30,461.6,463.95,460.5,460.5,5889,0
2026-06-02T15:15:00+05:30,460.8,461.5,458.15,461.5,9537,0
2026-06-03T09:15:00+05:30,461.0,461.0,453.0,453.55,8339,0
2026-06-03T09:30:00+05:30,453.6,455.2,450.5,451.2,4572,0
2026-06-03T09:45:00+05:30,451.3,452.15,448.45,448.85,5281,0
2026-06-03T10:00:00+05:30,449.65,449.65,447.8,448.05,3889,0
2026-06-03T10:15:00+05:30,448.3,449.25,447.55,448.0,960,0
2026-06-03T10:30:00+05:30,448.75,449.3,447.1,448.2,1456,0
2026-06-03T10:45:00+05:30,448.2,450.2,448.2,450.0,3309,0
2026-06-03T11:00:00+05:30,449.1,450.25,447.05,447.95,2708,0
2026-06-03T11:15:00+05:30,447.3,447.9,446.05,446.05,3283,0
2026-06-03T11:30:00+05:30,447.2,447.3,445.15,446.05,473,0
2026-06-03T11:45:00+05:30,445.2,446.15,443.55,445.2,2791,0
2026-06-03T12:00:00+05:30,444.0,444.9,443.1,444.0,1440,0
2026-06-03T12:15:00+05:30,444.0,446.1,441.65,446.1,3154,0
2026-06-03T12:30:00+05:30,445.85,449.3,445.0,445.05,2951,0
2026-06-03T12:45:00+05:30,445.1,448.0,445.05,446.7,2032,0
2026-06-03T13:00:00+05:30,446.7,448.0,445.85,445.85,1544,0
2026-06-03T13:15:00+05:30,446.5,446.8,445.4,446.25,1699,0
2026-06-03T13:30:00+05:30,446.25,446.45,443.9,445.0,3634,0
2026-06-03T13:45:00+05:30,445.0,447.9,445.0,447.0,1387,0
2026-06-03T14:00:00+05:30,447.0,448.35,446.2,446.2,930,0
2026-06-03T14:15:00+05:30,446.2,448.25,445.6,447.4,1123,0
2026-06-03T14:30:00+05:30,447.4,448.3,446.85,448.3,692,0
2026-06-03T14:45:00+05:30,448.0,450.95,448.0,450.0,2698,0
2026-06-03T15:00:00+05:30,450.0,451.75,447.6,448.05,5684,0
2026-06-03T15:15:00+05:30,448.05,450.95,445.05,448.95,9911,0
2026-06-04T09:15:00+05:30,448.95,455.9,448.0,450.0,7528,0
2026-06-04T09:30:00+05:30,450.0,459.75,448.7,459.75,19490,0
2026-06-04T09:45:00+05:30,458.9,464.85,458.9,464.85,11983,0
2026-06-04T10:00:00+05:30,463.75,466.0,462.55,465.1,3424,0
2026-06-04T10:15:00+05:30,465.35,469.2,464.0,464.5,6055,0
2026-06-04T10:30:00+05:30,464.55,467.25,462.65,463.8,2383,0
2026-06-04T10:45:00+05:30,463.7,466.5,463.7,466.5,2352,0
2026-06-04T11:00:00+05:30,466.0,466.0,462.1,463.95,2337,0
2026-06-04T11:15:00+05:30,463.9,464.9,460.7,462.6,8851,0
2026-06-04T11:30:00+05:30,462.65,467.5,462.6,466.15,5521,0
2026-06-04T11:45:00+05:30,465.65,466.45,465.4,465.7,631,0
2026-06-04T12:00:00+05:30,465.65,465.95,465.05,465.95,453,0
2026-06-04T12:15:00+05:30,465.3,465.85,462.1,463.9,2971,0
2026-06-04T12:30:00+05:30,463.95,469.2,463.9,469.2,5970,0
2026-06-04T12:45:00+05:30,468.5,476.85,468.0,475.95,28866,0
2026-06-04T13:00:00+05:30,475.0,475.25,470.1,471.65,10693,0
2026-06-04T13:15:00+05:30,470.35,472.75,470.1,472.75,5927,0
2026-06-04T13:30:00+05:30,471.9,471.95,470.1,470.1,3374,0
2026-06-04T13:45:00+05:30,470.15,471.8,470.1,470.1,2913,0
2026-06-04T14:00:00+05:30,471.25,474.0,470.7,472.0,4979,0
2026-06-04T14:15:00+05:30,472.0,472.4,471.0,471.85,582,0
2026-06-04T14:30:00+05:30,471.85,472.55,470.85,472.2,1410,0
2026-06-04T14:45:00+05:30,472.2,472.45,470.1,470.55,2924,0
2026-06-04T15:00:00+05:30,470.6,472.0,467.5,471.75,12366,0
2026-06-04T15:15:00+05:30,471.75,487.0,470.1,480.5,81915,0
2026-06-05T09:15:00+05:30,480.9,523.9,478.05,517.5,258882,0
2026-06-05T09:30:00+05:30,519.1,523.85,512.0,513.45,246463,0
2026-06-05T09:45:00+05:30,514.0,514.75,496.0,499.9,177549,0
2026-06-05T10:00:00+05:30,499.45,506.0,495.55,500.9,86599,0
2026-06-05T10:15:00+05:30,501.9,512.0,500.1,509.3,137285,0
2026-06-05T10:30:00+05:30,509.15,510.5,501.5,506.4,49328,0
2026-06-05T10:45:00+05:30,507.0,516.8,504.15,508.6,83640,0
2026-06-05T11:00:00+05:30,508.65,514.0,508.0,511.6,54716,0
2026-06-05T11:15:00+05:30,511.6,529.8,510.0,528.55,366387,0
2026-06-05T11:30:00+05:30,529.15,535.0,520.5,529.6,608280,0
2026-06-05T11:45:00+05:30,529.55,536.5,527.0,529.9,444541,0
2026-06-05T12:00:00+05:30,530.1,538.0,528.15,533.0,606671,0
2026-06-05T12:15:00+05:30,532.55,545.0,531.15,544.2,1184121,0
2026-06-05T12:30:00+05:30,544.4,563.3,544.0,551.35,1918354,0
2026-06-05T12:45:00+05:30,551.45,555.0,546.0,553.45,355935,0
2026-06-05T13:00:00+05:30,553.95,554.5,547.7,550.0,272898,0
2026-06-05T13:15:00+05:30,549.75,557.0,548.3,553.9,222156,0
2026-06-05T13:30:00+05:30,553.85,553.85,532.15,540.75,570897,0
2026-06-05T13:45:00+05:30,541.2,554.0,537.65,551.7,394735,0
2026-06-05T14:00:00+05:30,551.5,555.0,546.95,551.8,361630,0
2026-06-05T14:15:00+05:30,551.8,563.7,548.1,552.7,416757,0
2026-06-05T14:30:00+05:30,553.0,558.85,552.2,557.05,159529,0
2026-06-05T14:45:00+05:30,557.45,565.0,544.95,564.0,440336,0
2026-06-05T15:00:00+05:30,564.0,571.95,555.0,561.9,1049330,0
2026-06-05T15:15:00+05:30,561.9,563.0,548.0,551.0,438938,0
2026-06-08T09:15:00+05:30,553.0,561.2,539.7,549.45,457451,0
2026-06-08T09:30:00+05:30,548.85,552.35,541.05,550.95,122139,0
2026-06-08T09:45:00+05:30,550.9,562.95,550.0,553.35,181102,0
2026-06-08T10:00:00+05:30,552.95,582.0,552.0,579.05,505515,0
2026-06-08T10:15:00+05:30,579.15,586.0,572.2,577.05,510250,0
2026-06-08T10:30:00+05:30,577.1,579.2,568.0,568.35,254653,0
2026-06-08T10:45:00+05:30,568.35,577.7,568.0,575.8,115652,0
2026-06-08T11:00:00+05:30,575.5,577.5,568.25,569.9,77995,0
2026-06-08T11:15:00+05:30,569.65,571.5,564.0,568.0,80503,0
2026-06-08T11:30:00+05:30,568.6,569.0,563.35,567.3,46972,0
2026-06-08T11:45:00+05:30,566.35,566.85,559.5,564.4,97523,0
2026-06-08T12:00:00+05:30,564.4,564.4,558.8,561.7,40090,0
2026-06-08T12:15:00+05:30,561.7,567.3,558.8,561.75,54084,0
2026-06-08T12:30:00+05:30,560.85,562.75,560.5,560.55,19633,0
2026-06-08T12:45:00+05:30,560.9,565.4,560.05,562.3,27254,0
2026-06-08T13:00:00+05:30,562.7,569.9,562.15,567.0,49883,0
2026-06-08T13:15:00+05:30,567.15,568.5,560.0,561.15,41921,0
2026-06-08T13:30:00+05:30,561.15,565.9,561.05,562.65,17084,0
2026-06-08T13:45:00+05:30,562.75,563.7,550.35,554.05,113514,0
2026-06-08T14:00:00+05:30,554.4,557.3,552.5,552.95,17671,0
2026-06-08T14:15:00+05:30,553.05,555.8,551.15,553.05,35911,0
2026-06-08T14:30:00+05:30,552.85,561.9,552.85,560.85,56519,0
2026-06-08T14:45:00+05:30,560.85,579.9,560.0,573.65,199334,0
2026-06-08T15:00:00+05:30,572.95,575.4,564.0,565.95,124999,0
2026-06-08T15:15:00+05:30,566.0,571.0,546.25,548.55,179183,0
2026-06-09T09:15:00+05:30,555.0,562.5,549.3,559.5,94863,0
2026-06-09T09:30:00+05:30,559.4,562.5,553.0,559.5,46270,0
2026-06-09T09:45:00+05:30,560.2,560.35,553.5,559.9,34432,0
2026-06-09T10:00:00+05:30,559.65,562.45,555.75,556.4,26391,0
2026-06-09T10:15:00+05:30,556.45,558.7,555.5,555.6,5539,0
2026-06-09T10:30:00+05:30,555.55,556.9,554.0,556.1,10522,0
2026-06-09T10:45:00+05:30,556.25,556.5,551.0,552.0,18165,0
2026-06-09T11:00:00+05:30,553.1,554.5,551.35,553.45,7503,0
2026-06-09T11:15:00+05:30,553.45,554.4,548.0,551.1,19277,0
2026-06-09T11:30:00+05:30,551.7,553.0,551.0,552.0,5161,0
2026-06-09T11:45:00+05:30,551.95,556.5,551.2,554.2,10860,0
2026-06-09T12:00:00+05:30,553.95,555.0,551.9,552.25,5015,0
2026-06-09T12:15:00+05:30,552.55,554.85,552.0,553.5,4958,0
2026-06-09T12:30:00+05:30,553.9,554.05,551.6,551.6,1948,0
2026-06-09T12:45:00+05:30,551.6,556.25,550.0,552.4,12838,0
2026-06-09T13:00:00+05:30,552.4,552.4,550.75,551.65,5256,0
2026-06-09T13:15:00+05:30,552.0,552.6,550.6,552.2,2946,0
2026-06-09T13:30:00+05:30,552.1,552.85,548.0,550.7,13577,0
2026-06-09T13:45:00+05:30,550.7,551.2,549.0,549.85,2741,0
2026-06-09T14:00:00+05:30,549.85,553.55,548.8,548.85,9599,0
2026-06-09T14:15:00+05:30,548.85,549.8,535.0,543.65,31763,0
2026-06-09T14:30:00+05:30,543.65,547.0,530.0,531.35,42184,0
2026-06-09T14:45:00+05:30,530.1,537.7,526.0,535.65,73216,0
2026-06-09T15:00:00+05:30,535.65,546.5,533.95,542.3,54887,0
2026-06-09T15:15:00+05:30,542.9,545.0,535.5,540.6,58554,0
2026-06-10T09:15:00+05:30,538.0,557.45,536.55,549.75,48781,0
2026-06-10T09:30:00+05:30,548.65,573.95,548.65,559.0,116843,0
2026-06-10T09:45:00+05:30,560.5,563.7,558.2,559.75,26962,0
2026-06-10T10:00:00+05:30,559.95,566.35,555.0,560.1,25338,0
2026-06-10T10:15:00+05:30,559.95,564.95,557.75,562.75,14929,0
2026-06-10T10:30:00+05:30,561.95,563.95,561.35,562.15,5275,0
2026-06-10T10:45:00+05:30,562.2,571.0,556.05,561.5,53853,0
2026-06-10T11:00:00+05:30,561.6,569.0,560.0,566.0,17048,0
2026-06-10T11:15:00+05:30,566.0,569.5,562.0,562.85,26890,0
2026-06-10T11:30:00+05:30,562.7,564.6,561.35,563.35,8546,0
2026-06-10T11:45:00+05:30,563.3,564.5,558.25,563.3,8444,0
2026-06-10T12:00:00+05:30,564.1,564.1,560.9,562.55,2624,0
2026-06-10T12:15:00+05:30,562.7,562.9,552.4,558.45,19312,0
2026-06-10T12:30:00+05:30,557.85,559.0,553.0,556.25,14343,0
2026-06-10T12:45:00+05:30,556.9,559.0,556.25,556.9,4570,0
2026-06-10T13:00:00+05:30,557.9,559.9,557.0,557.45,2463,0
2026-06-10T13:15:00+05:30,558.6,558.6,552.25,554.3,10065,0
2026-06-10T13:30:00+05:30,554.1,555.45,546.75,549.3,12681,0
2026-06-10T13:45:00+05:30,549.55,550.5,542.9,548.05,15053,0
2026-06-10T14:00:00+05:30,548.45,551.3,541.5,544.5,11975,0
2026-06-10T14:15:00+05:30,544.05,548.45,544.05,546.0,4914,0
2026-06-10T14:30:00+05:30,545.55,546.2,541.2,542.0,3859,0
2026-06-10T14:45:00+05:30,542.05,548.3,541.2,546.0,6853,0
2026-06-10T15:00:00+05:30,546.8,547.0,542.1,543.5,15256,0
2026-06-10T15:15:00+05:30,542.75,547.0,538.0,547.0,36098,0
2026-06-11T09:15:00+05:30,541.0,553.95,535.8,553.5,44556,0
2026-06-11T09:30:00+05:30,553.8,555.0,540.35,543.0,30538,0
2026-06-11T09:45:00+05:30,542.5,547.85,535.8,538.65,20410,0
2026-06-11T10:00:00+05:30,538.65,545.6,537.3,540.0,20210,0
2026-06-11T10:15:00+05:30,540.35,543.8,537.35,543.5,6024,0
2026-06-11T10:30:00+05:30,543.75,546.8,540.5,546.8,4792,0
2026-06-11T10:45:00+05:30,546.9,548.0,538.5,543.7,8163,0
2026-06-11T11:00:00+05:30,541.65,567.6,540.35,563.0,44563,0
2026-06-11T11:15:00+05:30,562.9,563.95,547.5,555.0,46415,0
2026-06-11T11:30:00+05:30,555.0,557.8,550.5,556.0,6970,0
2026-06-11T11:45:00+05:30,556.25,559.5,552.0,558.4,6876,0
2026-06-11T12:00:00+05:30,558.6,561.9,555.25,558.85,13673,0
2026-06-11T12:15:00+05:30,559.0,559.75,555.65,557.75,7538,0
2026-06-11T12:30:00+05:30,557.9,558.5,554.5,558.5,5544,0
2026-06-11T12:45:00+05:30,558.5,559.0,554.4,558.65,5934,0
2026-06-11T13:00:00+05:30,558.65,558.85,552.5,553.95,7054,0
2026-06-11T13:15:00+05:30,553.35,556.3,549.9,554.25,9146,0
2026-06-11T13:30:00+05:30,554.55,557.25,551.0,553.5,6181,0
2026-06-11T13:45:00+05:30,553.5,553.5,541.35,548.4,22405,0
2026-06-11T14:00:00+05:30,548.4,549.0,542.55,546.65,11620,0
2026-06-11T14:15:00+05:30,547.4,549.8,542.75,549.45,8131,0
2026-06-11T14:30:00+05:30,549.4,552.0,545.0,546.9,14775,0
2026-06-11T14:45:00+05:30,546.1,547.6,543.35,544.55,9351,0
2026-06-11T15:00:00+05:30,544.65,545.8,543.6,545.8,2687,0
2026-06-11T15:15:00+05:30,545.8,559.2,543.0,553.95,34551,0
2026-06-12T09:15:00+05:30,561.0,565.45,555.9,557.6,17648,0
2026-06-12T09:30:00+05:30,557.8,560.0,555.35,556.5,10586,0
2026-06-12T09:45:00+05:30,556.55,556.55,551.55,553.25,7521,0
2026-06-12T10:00:00+05:30,553.05,572.0,551.0,567.6,40630,0
2026-06-12T10:15:00+05:30,567.9,570.0,563.0,565.55,49971,0
2026-06-12T10:30:00+05:30,565.1,570.0,562.25,567.35,16556,0
2026-06-12T10:45:00+05:30,566.55,569.65,563.9,567.2,15567,0
2026-06-12T11:00:00+05:30,567.1,570.0,566.0,567.95,9643,0
2026-06-12T11:15:00+05:30,567.3,569.0,563.1,568.85,12541,0
2026-06-12T11:30:00+05:30,568.3,580.0,567.0,576.5,69227,0
2026-06-12T11:45:00+05:30,576.55,581.5,568.0,569.25,58268,0
2026-06-12T12:00:00+05:30,568.4,570.0,565.6,566.1,25298,0
2026-06-12T12:15:00+05:30,566.15,567.5,564.5,566.05,11855,0
2026-06-12T12:30:00+05:30,566.15,566.95,564.5,565.95,6327,0
2026-06-12T12:45:00+05:30,565.05,565.95,563.05,563.1,4536,0
2026-06-12T13:00:00+05:30,563.1,568.45,560.55,567.0,16777,0
2026-06-12T13:15:00+05:30,565.45,569.5,565.45,566.5,4716,0
2026-06-12T13:30:00+05:30,566.5,569.25,565.2,565.2,4644,0
2026-06-12T13:45:00+05:30,565.95,569.0,562.3,564.35,11180,0
2026-06-12T14:00:00+05:30,564.85,566.65,563.0,564.7,6289,0
2026-06-12T14:15:00+05:30,565.65,567.5,564.85,566.5,3667,0
2026-06-12T14:30:00+05:30,566.3,567.5,562.75,565.95,7037,0
2026-06-12T14:45:00+05:30,566.05,566.25,562.0,564.25,4637,0
2026-06-12T15:00:00+05:30,565.25,565.6,559.3,562.0,21595,0
2026-06-12T15:15:00+05:30,562.65,565.25,562.0,562.5,26012,0
2026-06-15T09:15:00+05:30,566.0,576.95,566.0,570.3,38539,0
2026-06-15T09:30:00+05:30,569.95,581.0,569.0,579.2,30228,0
2026-06-15T09:45:00+05:30,579.25,582.0,571.1,573.15,21362,0
2026-06-15T10:00:00+05:30,573.0,575.0,570.2,573.25,21741,0
2026-06-15T10:15:00+05:30,573.35,576.75,572.65,574.2,6234,0
2026-06-15T10:30:00+05:30,574.15,576.4,571.05,572.15,5757,0
2026-06-15T10:45:00+05:30,572.15,572.9,571.1,572.5,2592,0
2026-06-15T11:00:00+05:30,572.5,572.5,567.0,568.1,8316,0
2026-06-15T11:15:00+05:30,568.5,570.1,567.25,569.5,3261,0
2026-06-15T11:30:00+05:30,570.15,571.0,568.0,568.85,3035,0
2026-06-15T11:45:00+05:30,568.05,568.75,563.0,565.4,12002,0
2026-06-15T12:00:00+05:30,566.1,567.85,563.5,565.65,9103,0
2026-06-15T12:15:00+05:30,565.55,567.0,564.15,566.0,8713,0
2026-06-15T12:30:00+05:30,566.05,569.15,564.0,565.3,13905,0
2026-06-15T12:45:00+05:30,565.0,566.4,564.6,565.3,849,0
2026-06-15T13:00:00+05:30,565.3,567.0,563.0,566.75,7202,0
2026-06-15T13:15:00+05:30,566.75,567.0,563.05,565.3,1992,0
2026-06-15T13:30:00+05:30,566.0,566.0,563.0,564.3,1115,0
2026-06-15T13:45:00+05:30,563.85,564.4,547.0,552.0,25285,0
2026-06-15T14:00:00+05:30,551.75,557.65,546.9,552.65,20250,0
2026-06-15T14:15:00+05:30,553.8,556.5,551.35,552.9,5001,0
2026-06-15T14:30:00+05:30,552.85,554.95,545.0,553.55,10866,0
2026-06-15T14:45:00+05:30,553.5,558.5,553.0,554.0,4960,0
2026-06-15T15:00:00+05:30,554.05,554.75,549.1,549.65,14681,0
2026-06-15T15:15:00+05:30,549.3,550.35,543.55,548.8,34819,0
2026-06-16T09:15:00+05:30,551.55,556.7,548.45,549.35,33642,0
2026-06-16T09:30:00+05:30,549.6,553.75,547.5,547.5,15645,0
2026-06-16T09:45:00+05:30,547.5,550.0,542.25,542.4,20066,0
2026-06-16T10:00:00+05:30,542.65,545.3,542.25,542.9,5043,0
2026-06-16T10:15:00+05:30,542.9,548.55,542.5,545.25,6494,0
2026-06-16T10:30:00+05:30,544.45,549.9,544.2,546.9,3912,0
2026-06-16T10:45:00+05:30,546.9,552.3,545.55,549.0,10378,0
2026-06-16T11:00:00+05:30,549.35,549.4,542.75,544.0,10816,0
2026-06-16T11:15:00+05:30,544.0,545.9,543.85,544.75,1549,0
2026-06-16T11:30:00+05:30,544.55,550.0,544.35,549.25,4283,0
2026-06-16T11:45:00+05:30,550.0,558.0,549.9,556.3,19057,0
2026-06-16T12:00:00+05:30,556.3,558.0,550.6,552.3,7010,0
2026-06-16T12:15:00+05:30,551.55,553.6,548.8,552.5,3600,0
2026-06-16T12:30:00+05:30,552.5,552.9,548.3,550.8,6498,0
2026-06-16T12:45:00+05:30,551.75,552.3,546.95,549.4,4163,0
2026-06-16T13:00:00+05:30,549.4,553.35,549.4,552.25,1781,0
2026-06-16T13:15:00+05:30,552.2,555.0,550.0,551.25,6148,0
2026-06-16T13:30:00+05:30,551.85,556.95,550.5,553.85,5145,0
2026-06-16T13:45:00+05:30,553.85,564.5,553.85,560.4,38566,0
2026-06-16T14:00:00+05:30,560.3,570.0,559.0,565.75,60555,0
2026-06-16T14:15:00+05:30,565.8,566.9,560.75,563.25,18969,0
2026-06-16T14:30:00+05:30,563.5,566.5,561.7,562.25,11969,0
2026-06-16T14:45:00+05:30,562.6,566.0,560.0,562.5,13443,0
2026-06-16T15:00:00+05:30,562.5,570.0,560.85,569.85,35749,0
2026-06-16T15:15:00+05:30,569.75,575.5,569.1,575.0,61916,0
2026-06-17T09:15:00+05:30,578.0,586.7,572.6,576.05,123001,0
2026-06-17T09:30:00+05:30,575.9,585.0,571.15,582.05,43819,0
2026-06-17T09:45:00+05:30,582.0,591.6,581.0,587.2,104752,0
2026-06-17T10:00:00+05:30,587.25,588.9,580.0,584.35,38773,0
2026-06-17T10:15:00+05:30,584.35,585.0,580.0,580.0,18741,0
2026-06-17T10:30:00+05:30,580.0,580.1,571.85,578.6,34675,0
2026-06-17T10:45:00+05:30,578.6,578.95,575.2,576.45,7996,0
2026-06-17T11:00:00+05:30,575.7,577.1,575.1,577.1,3268,0
2026-06-17T11:15:00+05:30,577.85,579.8,574.05,576.0,8255,0
2026-06-17T11:30:00+05:30,576.05,579.2,574.5,577.0,4473,0
2026-06-17T11:45:00+05:30,577.5,579.3,577.5,578.5,2210,0
2026-06-17T12:00:00+05:30,578.5,578.5,575.05,576.9,5919,0
2026-06-17T12:15:00+05:30,576.5,577.0,574.5,576.0,5123,0
2026-06-17T12:30:00+05:30,576.05,576.15,573.05,574.2,3930,0
2026-06-17T12:45:00+05:30,574.85,577.95,573.6,576.05,3412,0
2026-06-17T13:00:00+05:30,576.1,576.1,573.35,573.55,1170,0
2026-06-17T13:15:00+05:30,574.4,575.6,573.4,575.15,2552,0
2026-06-17T13:30:00+05:30,574.35,577.0,574.35,575.6,4526,0
2026-06-17T13:45:00+05:30,575.65,576.55,573.8,574.0,3213,0
2026-06-17T14:00:00+05:30,574.0,575.0,573.2,574.45,2677,0
2026-06-17T14:15:00+05:30,573.7,574.4,562.6,565.5,27612,0
2026-06-17T14:30:00+05:30,565.5,571.2,565.5,568.35,11174,0
2026-06-17T14:45:00+05:30,569.6,570.9,567.1,570.0,6631,0
2026-06-17T15:00:00+05:30,569.9,571.2,567.0,571.2,13916,0
2026-06-17T15:15:00+05:30,570.9,573.0,567.1,571.5,26571,0
2026-06-18T09:15:00+05:30,572.05,576.0,563.85,567.85,17121,0
2026-06-18T09:30:00+05:30,567.75,572.0,565.15,571.0,5105,0
2026-06-18T09:45:00+05:30,571.0,572.0,565.95,568.2,6122,0
2026-06-18T10:00:00+05:30,568.2,570.2,568.0,570.2,3187,0
2026-06-18T10:15:00+05:30,570.0,570.5,569.5,569.5,617,0
2026-06-18T10:30:00+05:30,569.95,570.4,562.5,564.6,10281,0
2026-06-18T10:45:00+05:30,565.5,567.2,564.3,565.65,1208,0
2026-06-18T11:00:00+05:30,565.6,565.6,562.25,563.8,2539,0
2026-06-18T11:15:00+05:30,563.0,564.2,561.7,561.85,4093,0
2026-06-18T11:30:00+05:30,562.05,563.2,561.0,561.9,3233,0
2026-06-18T11:45:00+05:30,561.9,564.2,561.9,562.65,844,0
2026-06-18T12:00:00+05:30,562.9,564.0,562.2,562.3,824,0
2026-06-18T12:15:00+05:30,562.3,563.2,562.1,562.7,1639,0
2026-06-18T12:30:00+05:30,562.55,564.3,562.3,563.0,901,0
2026-06-18T12:45:00+05:30,563.7,564.6,563.05,563.4,838,0
2026-06-18T13:00:00+05:30,563.4,564.85,563.4,564.5,1632,0
2026-06-18T13:15:00+05:30,564.5,564.55,563.4,563.4,547,0
2026-06-18T13:30:00+05:30,563.4,564.15,563.0,563.0,888,0
2026-06-18T13:45:00+05:30,563.0,564.3,561.45,561.75,2978,0
2026-06-18T14:00:00+05:30,562.9,562.9,561.1,561.1,1533,0
2026-06-18T14:15:00+05:30,561.95,562.0,558.0,559.0,5846,0
2026-06-18T14:30:00+05:30,559.05,562.0,556.0,560.55,6345,0
2026-06-18T14:45:00+05:30,560.3,561.8,560.0,561.5,2043,0
2026-06-18T15:00:00+05:30,561.6,564.45,561.6,561.75,6361,0
2026-06-18T15:15:00+05:30,562.05,562.95,555.5,562.95,19067,0
2026-06-19T09:15:00+05:30,553.0,554.7,516.25,536.7,65057,0
2026-06-19T09:30:00+05:30,536.7,546.5,535.0,542.05,16924,0
2026-06-19T09:45:00+05:30,542.05,552.25,542.05,544.95,21674,0
2026-06-19T10:00:00+05:30,545.9,554.8,542.5,553.1,16677,0
2026-06-19T10:15:00+05:30,553.0,568.2,552.6,563.7,42484,0
2026-06-19T10:30:00+05:30,564.7,566.0,561.0,563.85,8437,0
2026-06-19T10:45:00+05:30,565.05,565.05,561.25,562.75,6530,0
2026-06-19T11:00:00+05:30,562.75,565.0,559.05,565.0,5491,0
2026-06-19T11:15:00+05:30,564.85,564.95,561.05,562.9,3175,0
2026-06-19T11:30:00+05:30,561.9,564.75,561.85,564.75,2238,0
2026-06-19T11:45:00+05:30,563.55,563.55,556.15,558.15,5572,0
2026-06-19T12:00:00+05:30,558.15,558.65,556.15,557.4,1036,0
2026-06-19T12:15:00+05:30,557.4,557.5,556.6,556.9,1061,0
2026-06-19T12:30:00+05:30,556.85,557.65,550.0,551.5,3901,0
2026-06-19T12:45:00+05:30,551.8,556.5,550.0,551.5,5889,0
2026-06-19T13:00:00+05:30,551.5,554.3,550.55,552.5,3173,0
2026-06-19T13:15:00+05:30,552.75,553.0,551.05,552.35,1624,0
2026-06-19T13:30:00+05:30,552.3,556.0,551.5,553.65,1101,0
2026-06-19T13:45:00+05:30,553.65,555.0,553.0,553.85,1080,0
2026-06-19T14:00:00+05:30,553.6,554.0,551.7,552.85,1028,0
2026-06-19T14:15:00+05:30,552.8,553.7,551.4,551.9,1547,0
2026-06-19T14:30:00+05:30,553.55,555.05,552.05,555.05,4668,0
2026-06-19T14:45:00+05:30,555.55,556.95,555.15,556.0,2160,0
2026-06-19T15:00:00+05:30,556.0,560.0,555.6,557.0,9737,0
2026-06-19T15:15:00+05:30,557.25,558.45,555.0,556.0,13642,0
2026-06-22T09:15:00+05:30,560.5,563.0,555.15,560.65,11025,0
2026-06-22T09:30:00+05:30,560.85,568.0,559.95,560.45,20875,0
2026-06-22T09:45:00+05:30,560.55,563.05,558.5,560.0,4327,0
2026-06-22T10:00:00+05:30,559.05,562.8,557.4,560.15,4064,0
2026-06-22T10:15:00+05:30,561.05,562.85,560.2,561.95,1207,0
2026-06-22T10:30:00+05:30,561.95,562.0,559.0,559.0,2070,0
2026-06-22T10:45:00+05:30,558.85,560.8,558.85,559.6,1777,0
2026-06-22T11:00:00+05:30,559.6,560.0,553.0,557.55,8173,0
2026-06-22T11:15:00+05:30,558.5,559.3,557.3,558.5,1283,0
2026-06-22T11:30:00+05:30,558.5,559.3,556.0,556.2,6807,0
2026-06-22T11:45:00+05:30,556.2,558.0,556.0,556.55,9446,0
2026-06-22T12:00:00+05:30,556.55,558.0,556.55,556.9,834,0
2026-06-22T12:15:00+05:30,556.9,558.45,556.75,556.95,2177,0
2026-06-22T12:30:00+05:30,558.45,560.25,557.4,558.25,3393,0
2026-06-22T12:45:00+05:30,558.25,559.35,556.8,557.95,2206,0
2026-06-22T13:00:00+05:30,558.0,558.55,556.85,558.55,187,0
2026-06-22T13:15:00+05:30,558.0,558.45,556.0,556.3,2529,0
2026-06-22T13:30:00+05:30,557.4,557.4,556.15,556.25,127,0
2026-06-22T13:45:00+05:30,556.25,558.35,556.25,557.05,602,0
2026-06-22T14:00:00+05:30,557.9,559.4,556.9,558.45,1920,0
2026-06-22T14:15:00+05:30,558.45,558.7,557.05,557.15,229,0
2026-06-22T14:30:00+05:30,558.0,558.0,557.15,557.2,623,0
2026-06-22T14:45:00+05:30,557.2,559.95,557.0,558.05,4423,0
2026-06-22T15:00:00+05:30,558.0,559.2,556.0,558.05,7737,0
2026-06-22T15:15:00+05:30,558.05,560.5,557.1,560.5,27215,0
2026-06-23T09:15:00+05:30,561.0,561.0,550.5,554.4,11971,0
2026-06-23T09:30:00+05:30,555.65,557.15,554.4,556.4,6293,0
2026-06-23T09:45:00+05:30,555.1,558.35,553.95,558.25,9959,0
2026-06-23T10:00:00+05:30,558.25,558.5,555.5,556.15,7876,0
2026-06-23T10:15:00+05:30,555.5,557.3,555.5,555.75,5895,0
2026-06-23T10:30:00+05:30,555.6,556.9,555.0,556.3,2330,0
2026-06-23T10:45:00+05:30,556.3,557.35,555.05,555.3,2539,0
2026-06-23T11:00:00+05:30,555.5,557.0,555.05,557.0,1720,0
2026-06-23T11:15:00+05:30,556.5,557.0,555.05,556.65,1647,0
2026-06-23T11:30:00+05:30,556.65,556.65,555.05,555.4,971,0
2026-06-23T11:45:00+05:30,555.5,556.45,551.8,554.85,21154,0
2026-06-23T12:00:00+05:30,554.75,556.35,553.95,555.85,1722,0
2026-06-23T12:15:00+05:30,555.85,567.9,555.8,561.0,30685,0
2026-06-23T12:30:00+05:30,560.95,560.95,558.6,560.4,2277,0
2026-06-23T12:45:00+05:30,560.4,560.4,557.0,559.15,3137,0
2026-06-23T13:00:00+05:30,559.15,560.5,559.15,560.5,256,0
2026-06-23T13:15:00+05:30,560.5,564.5,560.0,561.95,6581,0
2026-06-23T13:30:00+05:30,562.05,563.6,560.4,560.9,6586,0
2026-06-23T13:45:00+05:30,561.0,562.8,559.65,561.75,3196,0
2026-06-23T14:00:00+05:30,561.75,561.75,559.6,560.75,2826,0
2026-06-23T14:15:00+05:30,560.85,563.45,560.8,561.75,2573,0
2026-06-23T14:30:00+05:30,561.75,561.8,557.6,559.75,7738,0
2026-06-23T14:45:00+05:30,559.75,561.9,557.8,559.85,1853,0
2026-06-23T15:00:00+05:30,560.25,564.0,559.35,561.0,13283,0
2026-06-23T15:15:00+05:30,560.5,560.65,556.1,558.5,7180,0
2026-06-24T09:15:00+05:30,562.0,594.15,562.0,579.1,192171,0
2026-06-24T09:30:00+05:30,579.75,615.0,579.75,614.0,406079,0
2026-06-24T09:45:00+05:30,614.0,633.9,609.15,618.5,1119549,0
2026-06-24T10:00:00+05:30,618.9,628.2,616.0,624.5,474225,0
2026-06-24T10:15:00+05:30,624.5,648.2,621.0,644.05,1259259,0
2026-06-24T10:30:00+05:30,644.05,653.65,634.0,635.95,1173550,0
2026-06-24T10:45:00+05:30,635.95,644.0,633.0,640.8,376533,0
2026-06-24T11:00:00+05:30,640.4,644.8,637.0,641.3,210824,0
2026-06-24T11:15:00+05:30,640.8,664.7,640.0,653.15,782056,0
2026-06-24T11:30:00+05:30,653.25,664.7,652.1,658.45,352563,0
2026-06-24T11:45:00+05:30,658.45,664.4,655.7,657.9,366909,0
2026-06-24T12:00:00+05:30,657.9,659.95,653.4,655.0,178765,0
2026-06-24T12:15:00+05:30,655.2,664.0,653.4,661.3,269222,0
2026-06-24T12:30:00+05:30,661.3,668.7,655.5,655.5,300795,0
2026-06-24T12:45:00+05:30,655.95,660.0,655.0,655.0,104190,0
2026-06-24T13:00:00+05:30,655.2,660.0,655.0,659.9,87835,0
2026-06-24T13:15:00+05:30,659.1,667.8,658.7,663.0,238332,0
2026-06-24T13:30:00+05:30,663.05,673.0,662.35,667.55,575017,0
2026-06-24T13:45:00+05:30,667.95,668.9,664.1,666.3,117631,0
2026-06-24T14:00:00+05:30,666.3,668.55,660.9,666.4,123248,0
2026-06-24T14:15:00+05:30,666.05,668.95,665.0,667.0,58575,0
2026-06-24T14:30:00+05:30,667.0,673.0,655.4,656.25,394561,0
2026-06-24T14:45:00+05:30,656.1,673.8,652.0,673.8,594443,0
2026-06-24T15:00:00+05:30,673.8,673.8,673.8,673.8,8191,0
2026-06-24T15:15:00+05:30,673.8,673.8,673.8,673.8,10754,0
2026-06-25T09:15:00+05:30,694.55,715.0,673.8,714.15,2575819,0
2026-06-25T09:30:00+05:30,714.65,732.0,705.95,727.15,3081544,0
2026-06-25T09:45:00+05:30,727.2,727.55,704.0,710.05,2311736,0
2026-06-25T10:00:00+05:30,709.7,713.65,698.25,703.45,1268842,0
2026-06-25T10:15:00+05:30,703.5,712.35,698.65,707.6,971808,0
2026-06-25T10:30:00+05:30,707.6,709.0,702.0,706.8,438133,0
2026-06-25T10:45:00+05:30,706.45,717.0,706.45,712.5,696718,0
2026-06-25T11:00:00+05:30,712.5,713.5,706.05,708.35,269567,0
2026-06-25T11:15:00+05:30,708.3,712.9,707.0,711.55,245636,0
2026-06-25T11:30:00+05:30,712.1,712.3,703.05,705.75,377924,0
2026-06-25T11:45:00+05:30,705.2,708.0,704.0,705.1,190596,0
2026-06-25T12:00:00+05:30,704.85,709.8,703.2,709.4,225537,0
2026-06-25T12:15:00+05:30,709.45,712.0,707.0,709.55,248221,0
2026-06-25T12:30:00+05:30,709.9,709.9,706.25,707.75,88265,0
2026-06-25T12:45:00+05:30,707.15,711.95,707.0,709.3,128206,0
2026-06-25T13:00:00+05:30,709.3,711.5,707.5,709.95,117258,0
2026-06-25T13:15:00+05:30,709.95,719.35,708.15,713.2,679459,0
2026-06-25T13:30:00+05:30,712.4,713.25,707.2,711.15,203893,0
2026-06-25T13:45:00+05:30,711.5,713.0,703.15,708.0,296743,0
2026-06-25T14:00:00+05:30,708.0,708.45,691.0,692.1,849824,0
2026-06-25T14:15:00+05:30,692.5,699.7,692.0,698.4,415648,0
2026-06-25T14:30:00+05:30,699.0,707.7,696.6,705.3,535179,0
2026-06-25T14:45:00+05:30,705.25,713.7,701.0,703.9,624198,0
2026-06-25T15:00:00+05:30,703.9,711.7,703.25,707.95,350098,0
2026-06-25T15:15:00+05:30,707.45,720.0,705.55,715.0,868054,0
2026-06-29T09:15:00+05:30,714.9,745.0,714.9,732.85,2116578,0
2026-06-29T09:30:00+05:30,733.4,740.0,725.0,734.8,1357195,0
2026-06-29T09:45:00+05:30,735.1,754.4,732.6,752.5,1643994,0
2026-06-29T10:00:00+05:30,752.5,757.8,747.6,752.7,1704229,0
2026-06-29T10:15:00+05:30,752.6,772.7,750.0,767.4,2308642,0
2026-06-29T10:30:00+05:30,767.65,794.6,767.65,783.0,3130559,0
2026-06-29T10:45:00+05:30,783.0,786.0,764.35,768.85,2111539,0
2026-06-29T11:00:00+05:30,768.55,776.8,760.05,766.0,1372285,0
2026-06-29T11:15:00+05:30,765.55,769.0,762.0,768.55,850230,0
2026-06-29T11:30:00+05:30,769.0,774.85,763.0,765.1,863929,0
2026-06-29T11:45:00+05:30,765.55,772.6,763.45,767.9,539659,0
2026-06-29T12:00:00+05:30,767.85,773.75,766.4,769.0,435406,0
2026-06-29T12:15:00+05:30,768.6,778.0,768.55,774.7,723521,0
2026-06-29T12:30:00+05:30,774.2,778.0,770.2,772.0,425500,0
2026-06-29T12:45:00+05:30,772.35,777.0,772.0,774.05,335777,0
2026-06-29T13:00:00+05:30,774.05,784.95,770.25,783.0,981843,0
2026-06-29T13:15:00+05:30,783.0,791.0,777.0,781.1,1140027,0
2026-06-29T13:30:00+05:30,781.45,787.95,780.1,784.75,628003,0
2026-06-29T13:45:00+05:30,784.5,785.0,778.5,782.45,393761,0
2026-06-29T14:00:00+05:30,782.15,788.95,776.0,787.9,814430,0
2026-06-29T14:15:00+05:30,787.95,796.9,770.0,773.5,2105731,0
2026-06-29T14:30:00+05:30,773.75,778.7,768.1,774.5,772463,0
2026-06-29T14:45:00+05:30,774.05,774.8,764.1,770.55,886422,0
2026-06-29T15:00:00+05:30,770.7,780.0,769.0,775.2,917735,0
2026-06-29T15:15:00+05:30,775.8,836.9,770.5,832.0,1922686,0
2026-06-30T09:15:00+05:30,825.05,832.0,806.4,813.1,2297592,0
2026-06-30T09:30:00+05:30,813.3,845.9,812.1,842.65,2501345,0
2026-06-30T09:45:00+05:30,842.1,868.7,835.25,851.95,2984686,0
2026-06-30T10:00:00+05:30,852.25,854.0,841.0,848.45,326919,0
2026-06-30T10:15:00+05:30,848.35,853.75,836.65,842.05,313226,0
2026-06-30T10:30:00+05:30,842.1,847.35,837.2,845.25,177861,0
2026-06-30T10:45:00+05:30,845.8,845.8,840.05,842.5,76256,0
2026-06-30T11:00:00+05:30,843.0,845.85,838.45,841.15,73734,0
2026-06-30T11:15:00+05:30,841.2,843.1,836.1,837.0,72396,0
2026-06-30T11:30:00+05:30,837.1,851.0,837.0,845.35,184005,0
2026-06-30T11:45:00+05:30,845.9,846.95,840.25,841.15,74008,0
2026-06-30T12:00:00+05:30,841.7,842.0,837.1,837.85,93284,0
2026-06-30T12:15:00+05:30,837.55,839.95,829.4,829.4,135846,0
2026-06-30T12:30:00+05:30,829.4,831.0,815.45,826.0,406120,0
2026-06-30T12:45:00+05:30,826.45,830.85,824.25,826.0,96795,0
2026-06-30T13:00:00+05:30,825.8,827.7,823.0,825.45,49152,0
2026-06-30T13:15:00+05:30,825.3,825.9,813.55,818.5,129858,0
2026-06-30T13:30:00+05:30,819.0,821.95,813.55,816.7,62821,0
2026-06-30T13:45:00+05:30,816.15,819.95,808.1,810.1,122217,0
2026-06-30T14:00:00+05:30,810.15,813.85,792.05,809.65,433509,0
2026-06-30T14:15:00+05:30,809.5,827.75,809.0,823.0,294882,0
2026-06-30T14:30:00+05:30,822.8,829.0,815.55,816.7,308791,0
2026-06-30T14:45:00+05:30,817.0,825.0,813.3,823.05,177251,0
2026-06-30T15:00:00+05:30,822.85,850.65,821.25,841.7,543189,0
2026-06-30T15:15:00+05:30,842.35,842.5,825.25,832.0,434900,0
2026-07-01T09:15:00+05:30,815.5,826.75,792.65,812.0,1158913,0
2026-07-01T09:30:00+05:30,812.65,821.05,808.05,816.5,491333,0
2026-07-01T09:45:00+05:30,816.5,832.25,815.45,817.25,762030,0
2026-07-01T10:00:00+05:30,817.25,824.7,815.0,821.5,311660,0
2026-07-01T10:15:00+05:30,821.5,831.0,816.1,817.4,567592,0
2026-07-01T10:30:00+05:30,817.4,819.9,807.3,809.95,334126,0
2026-07-01T10:45:00+05:30,809.95,818.0,809.8,817.0,240037,0
2026-07-01T11:00:00+05:30,816.6,819.95,813.35,814.75,125929,0
2026-07-01T11:15:00+05:30,814.75,816.25,812.05,813.65,54545,0
2026-07-01T11:30:00+05:30,813.5,813.65,809.45,809.55,136529,0
2026-07-01T11:45:00+05:30,809.55,810.0,805.15,807.45,157771,0
2026-07-01T12:00:00+05:30,807.45,808.5,803.0,805.1,108594,0
2026-07-01T12:15:00+05:30,805.15,806.85,800.15,804.0,165245,0
2026-07-01T12:30:00+05:30,803.85,809.3,803.75,806.5,115619,0
2026-07-01T12:45:00+05:30,806.45,807.25,803.0,803.45,58677,0
2026-07-01T13:00:00+05:30,803.0,808.0,803.0,804.95,73837,0
2026-07-01T13:15:00+05:30,804.4,806.2,803.05,804.65,42410,0
2026-07-01T13:30:00+05:30,805.0,812.8,804.45,809.0,119539,0
2026-07-01T13:45:00+05:30,809.0,811.6,807.5,808.45,66816,0
2026-07-01T14:00:00+05:30,808.5,808.75,801.05,803.5,96142,0
2026-07-01T14:15:00+05:30,803.5,808.55,800.1,807.35,129081,0
2026-07-01T14:30:00+05:30,807.9,811.0,805.65,808.5,139786,0
2026-07-01T14:45:00+05:30,808.1,810.0,805.2,807.15,91605,0
2026-07-01T15:00:00+05:30,807.6,809.5,803.5,808.45,115038,0
2026-07-01T15:15:00+05:30,808.45,810.0,778.0,792.0,574621,0
2026-07-02T09:15:00+05:30,795.35,812.0,784.1,793.25,956095,0
2026-07-02T09:30:00+05:30,793.25,795.2,776.05,780.7,427674,0
2026-07-02T09:45:00+05:30,780.6,788.55,779.4,782.6,128584,0
2026-07-02T10:00:00+05:30,782.6,787.75,782.1,784.25,88740,0
2026-07-02T10:15:00+05:30,784.7,790.7,781.5,782.9,95355,0
2026-07-02T10:30:00+05:30,782.9,784.0,776.0,779.35,175491,0
2026-07-02T10:45:00+05:30,779.35,782.3,777.5,778.9,89294,0
2026-07-02T11:00:00+05:30,778.4,778.9,772.2,774.0,118865,0
2026-07-02T11:15:00+05:30,773.7,778.9,772.0,775.55,89164,0
2026-07-02T11:30:00+05:30,775.55,777.85,773.8,777.85,40536,0
2026-07-02T11:45:00+05:30,777.85,782.0,775.3,777.1,43017,0
2026-07-02T12:00:00+05:30,777.5,778.85,775.8,777.95,28669,0
2026-07-02T12:15:00+05:30,777.95,778.3,775.1,775.1,20491,0
2026-07-02T12:30:00+05:30,775.4,775.55,765.6,771.35,158308,0
2026-07-02T12:45:00+05:30,771.3,772.95,767.85,768.5,55956,0
2026-07-02T13:00:00+05:30,768.9,769.5,766.05,767.5,54616,0
2026-07-02T13:15:00+05:30,768.0,768.9,763.0,764.55,51110,0
2026-07-02T13:30:00+05:30,764.9,764.9,760.6,763.25,82891,0
2026-07-02T13:45:00+05:30,763.15,768.0,760.5,766.85,73042,0
2026-07-02T14:00:00+05:30,766.85,780.0,766.85,776.15,217264,0
2026-07-02T14:15:00+05:30,776.15,789.85,774.85,788.5,324394,0
2026-07-02T14:30:00+05:30,788.2,818.4,787.1,813.0,1554983,0
2026-07-02T14:45:00+05:30,813.0,813.55,795.35,797.8,991456,0
2026-07-02T15:00:00+05:30,797.1,806.4,792.0,792.6,728571,0
2026-07-02T15:15:00+05:30,792.5,800.6,787.2,796.0,544203,0
2026-07-03T09:15:00+05:30,807.0,821.45,792.6,798.95,737812,0
2026-07-03T09:30:00+05:30,799.0,807.4,797.0,799.05,348551,0
2026-07-03T09:45:00+05:30,799.2,799.55,785.15,791.75,295584,0
2026-07-03T10:00:00+05:30,791.7,797.4,791.0,797.0,88749,0
2026-07-03T10:15:00+05:30,797.3,805.7,796.4,798.5,285883,0
2026-07-03T10:30:00+05:30,798.5,801.0,793.1,796.1,114480,0
2026-07-03T10:45:00+05:30,796.3,801.0,795.45,797.6,63930,0
2026-07-03T11:00:00+05:30,797.6,800.95,796.25,797.25,53308,0
2026-07-03T11:15:00+05:30,797.15,803.9,796.5,798.95,68106,0
2026-07-03T11:30:00+05:30,798.95,802.0,794.2,795.0,68792,0
2026-07-03T11:45:00+05:30,795.0,796.85,789.9,792.1,83757,0
2026-07-03T12:00:00+05:30,792.35,796.35,790.6,791.45,51867,0
2026-07-03T12:15:00+05:30,791.45,795.9,790.2,793.2,38618,0
2026-07-03T12:30:00+05:30,793.2,793.6,788.25,790.1,44979,0
2026-07-03T12:45:00+05:30,789.75,793.5,789.05,791.0,29653,0
2026-07-03T13:00:00+05:30,791.3,795.9,791.3,794.65,23995,0
2026-07-03T13:15:00+05:30,795.0,796.55,793.0,795.9,30691,0
2026-07-03T13:30:00+05:30,795.9,805.0,794.2,803.5,107804,0
2026-07-03T13:45:00+05:30,803.5,803.5,796.45,798.2,110800,0
2026-07-03T14:00:00+05:30,798.25,800.0,795.2,796.95,53517,0
2026-07-03T14:15:00+05:30,796.4,803.0,796.0,802.15,78057,0
2026-07-03T14:30:00+05:30,802.15,806.0,797.0,800.15,229755,0
2026-07-03T14:45:00+05:30,800.15,801.75,798.0,799.95,51944,0
2026-07-03T15:00:00+05:30,799.7,803.0,799.65,801.45,93625,0
2026-07-03T15:15:00+05:30,801.65,802.9,791.25,799.0,253590,0
2026-07-06T09:15:00+05:30,815.5,815.5,790.7,801.6,171740,0
2026-07-06T09:30:00+05:30,801.6,807.3,801.2,803.15,79542,0
2026-07-06T09:45:00+05:30,803.35,808.85,802.3,808.85,59754,0
2026-07-06T10:00:00+05:30,807.9,834.9,807.45,827.85,385534,0
2026-07-06T10:15:00+05:30,827.15,831.0,816.0,820.05,202103,0
2026-07-06T10:30:00+05:30,820.05,831.25,817.5,827.0,146215,0
2026-07-06T10:45:00+05:30,827.65,837.7,825.2,835.0,377487,0
2026-07-06T11:00:00+05:30,834.55,879.55,832.2,872.3,1540157,0
2026-07-06T11:15:00+05:30,872.15,879.55,871.55,876.6,420874,0
2026-07-06T11:30:00+05:30,876.6,879.55,871.55,879.55,83252,0
2026-07-06T11:45:00+05:30,879.55,879.55,879.55,879.55,13632,0
2026-07-06T12:00:00+05:30,879.55,879.55,879.55,879.55,2631,0
2026-07-06T12:15:00+05:30,879.55,879.55,879.55,879.55,1994,0
2026-07-06T12:30:00+05:30,879.55,879.55,879.55,879.55,4298,0
2026-07-06T12:45:00+05:30,879.55,879.55,879.55,879.55,2688,0
2026-07-06T13:00:00+05:30,879.55,879.55,879.55,879.55,1515,0
2026-07-06T13:15:00+05:30,879.55,879.55,879.55,879.55,238,0
2026-07-06T13:30:00+05:30,879.55,879.55,879.55,879.55,1261,0
2026-07-06T13:45:00+05:30,879.55,879.55,879.55,879.55,750,0
2026-07-06T14:00:00+05:30,879.55,879.55,879.55,879.55,547,0
2026-07-06T14:15:00+05:30,879.55,879.55,879.55,879.55,730,0
2026-07-06T14:30:00+05:30,879.55,879.55,879.55,879.55,3079,0
2026-07-06T14:45:00+05:30,879.55,879.55,879.55,879.55,672,0
2026-07-06T15:00:00+05:30,879.55,879.55,879.55,879.55,2188,0
2026-07-06T15:15:00+05:30,879.55,879.55,879.55,879.55,4450,0
2026-07-07T09:15:00+05:30,908.4,967.5,904.3,952.6,2498854,0
2026-07-07T09:30:00+05:30,952.55,964.0,927.7,931.95,509906,0
2026-07-07T09:45:00+05:30,931.35,938.45,917.6,925.7,338882,0
2026-07-07T10:00:00+05:30,925.75,945.0,920.1,933.65,291407,0
2026-07-07T10:15:00+05:30,933.1,939.6,926.4,928.15,137952,0
2026-07-07T10:30:00+05:30,927.5,934.3,925.2,927.85,92214,0
2026-07-07T10:45:00+05:30,927.85,938.4,927.15,937.55,52930,0
2026-07-07T11:00:00+05:30,938.5,944.5,932.2,932.3,149912,0
2026-07-07T11:15:00+05:30,932.7,935.0,925.7,927.15,83607,0
2026-07-07T11:30:00+05:30,927.95,930.0,927.05,929.65,43418,0
2026-07-07T11:45:00+05:30,929.65,929.65,927.1,928.65,18842,0
2026-07-07T12:00:00+05:30,928.25,930.0,914.0,914.95,115448,0
2026-07-07T12:15:00+05:30,914.65,918.2,904.65,911.0,137682,0
2026-07-07T12:30:00+05:30,911.25,911.25,888.95,906.15,205255,0
2026-07-07T12:45:00+05:30,906.15,907.65,892.85,894.5,111672,0
2026-07-07T13:00:00+05:30,894.0,903.75,891.2,900.6,78920,0
2026-07-07T13:15:00+05:30,900.65,905.0,890.05,891.45,124643,0
2026-07-07T13:30:00+05:30,891.25,894.6,884.4,892.0,90817,0
2026-07-07T13:45:00+05:30,892.05,898.8,891.2,896.3,65310,0
2026-07-07T14:00:00+05:30,896.0,897.45,890.15,892.45,47875,0
2026-07-07T14:15:00+05:30,892.15,892.95,881.0,887.2,102138,0
2026-07-07T14:30:00+05:30,886.1,898.05,885.7,897.0,71842,0
2026-07-07T14:45:00+05:30,896.95,902.65,891.0,892.5,103061,0
2026-07-07T15:00:00+05:30,892.65,897.55,888.1,893.15,82329,0
2026-07-07T15:15:00+05:30,893.15,893.6,863.1,874.0,287398,0
2026-07-08T09:15:00+05:30,871.9,894.55,859.65,884.45,338260,0
2026-07-08T09:30:00+05:30,884.55,913.45,879.15,905.5,439466,0
2026-07-08T09:45:00+05:30,905.75,920.0,877.2,879.05,657273,0
2026-07-08T10:00:00+05:30,878.45,889.7,874.05,883.65,166772,0
2026-07-08T10:15:00+05:30,883.65,883.75,870.0,876.7,151148,0
2026-07-08T10:30:00+05:30,876.7,877.1,862.25,866.65,139230,0
2026-07-08T10:45:00+05:30,866.5,874.75,864.5,871.0,75878,0
2026-07-08T11:00:00+05:30,871.35,885.0,870.0,882.3,110540,0
2026-07-08T11:15:00+05:30,883.25,883.55,873.25,877.2,57876,0
2026-07-08T11:30:00+05:30,877.2,884.0,875.05,882.85,43826,0
2026-07-08T11:45:00+05:30,883.45,887.0,880.15,884.7,70295,0
2026-07-08T12:00:00+05:30,884.7,886.3,880.0,884.05,22809,0
2026-07-08T12:15:00+05:30,884.1,886.0,881.45,881.8,21627,0
2026-07-08T12:30:00+05:30,881.85,886.3,880.05,882.2,30202,0
2026-07-08T12:45:00+05:30,882.25,886.0,875.0,885.9,59365,0
2026-07-08T13:00:00+05:30,886.05,893.0,883.1,883.35,64429,0
2026-07-08T13:15:00+05:30,883.35,886.0,881.25,884.3,22564,0
2026-07-08T13:30:00+05:30,883.8,889.25,882.35,889.0,18914,0
2026-07-08T13:45:00+05:30,889.0,889.0,871.5,872.9,51899,0
2026-07-08T14:00:00+05:30,873.2,879.3,835.0,850.9,283823,0
2026-07-08T14:15:00+05:30,851.05,862.95,845.35,858.7,171632,0
2026-07-08T14:30:00+05:30,859.55,865.85,851.65,854.0,87339,0
2026-07-08T14:45:00+05:30,854.0,862.3,845.0,858.4,112618,0
2026-07-08T15:00:00+05:30,856.95,866.95,855.0,856.75,100163,0
2026-07-08T15:15:00+05:30,856.8,869.2,835.55,856.0,249468,0
2026-07-09T09:15:00+05:30,874.0,888.0,866.85,877.0,230548,0
2026-07-09T09:30:00+05:30,877.2,883.0,872.15,882.6,73164,0
2026-07-09T09:45:00+05:30,882.0,890.0,871.3,872.0,128698,0
2026-07-09T10:00:00+05:30,871.9,882.35,867.05,869.0,80115,0
2026-07-09T10:15:00+05:30,869.05,871.9,861.45,863.45,52813,0
2026-07-09T10:30:00+05:30,863.0,868.3,855.3,865.7,89449,0
2026-07-09T10:45:00+05:30,866.45,868.85,861.5,863.8,39288,0
2026-07-09T11:00:00+05:30,864.5,865.95,857.5,858.0,31347,0
2026-07-09T11:15:00+05:30,857.8,859.45,842.1,844.75,106526,0
2026-07-09T11:30:00+05:30,844.7,855.7,844.0,847.6,66021,0
2026-07-09T11:45:00+05:30,847.6,852.55,847.0,852.55,25551,0
2026-07-09T12:00:00+05:30,852.35,862.8,852.35,856.25,70736,0
2026-07-09T12:15:00+05:30,855.25,858.7,852.1,854.15,28204,0
2026-07-09T12:30:00+05:30,855.0,862.0,853.0,862.0,51825,0
2026-07-09T12:45:00+05:30,862.0,862.0,856.2,859.25,25762,0
2026-07-09T13:00:00+05:30,859.25,863.75,858.0,863.6,19371,0
2026-07-09T13:15:00+05:30,863.9,865.4,858.2,861.5,37300,0
2026-07-09T13:30:00+05:30,861.0,863.5,858.8,859.7,16804,0
2026-07-09T13:45:00+05:30,860.0,861.7,860.0,861.45,6671,0
2026-07-09T14:00:00+05:30,861.45,862.5,850.5,855.45,37329,0
2026-07-09T14:15:00+05:30,855.6,857.8,852.25,855.5,24672,0
2026-07-09T14:30:00+05:30,855.5,858.8,848.1,854.25,57258,0
2026-07-09T14:45:00+05:30,855.0,856.25,850.9,851.2,19263,0
2026-07-09T15:00:00+05:30,851.2,851.95,835.1,837.65,99062,0
2026-07-09T15:15:00+05:30,837.7,839.95,823.65,835.5,144620,0
2026-07-10T09:15:00+05:30,854.95,859.0,831.2,834.4,131259,0
2026-07-10T09:30:00+05:30,834.35,836.9,824.35,832.9,95394,0
2026-07-10T09:45:00+05:30,832.9,839.95,826.55,831.0,50460,0
2026-07-10T10:00:00+05:30,831.0,831.0,825.15,829.4,40387,0
2026-07-10T10:15:00+05:30,829.0,845.0,825.1,841.0,115695,0
2026-07-10T10:30:00+05:30,841.0,847.8,837.95,843.05,93759,0
2026-07-10T10:45:00+05:30,842.7,842.75,838.35,839.5,28146,0
2026-07-10T11:00:00+05:30,839.2,839.9,832.5,834.25,25546,0
2026-07-10T11:15:00+05:30,833.65,835.7,828.15,830.75,37130,0
2026-07-10T11:30:00+05:30,830.1,831.25,828.05,829.15,18304,0
2026-07-10T11:45:00+05:30,829.75,829.75,826.5,827.4,19114,0
2026-07-10T12:00:00+05:30,827.4,829.0,826.6,827.8,9042,0
2026-07-10T12:15:00+05:30,827.05,828.85,827.0,828.6,10123,0
2026-07-10T12:30:00+05:30,828.6,829.0,799.0,801.35,152315,0
2026-07-10T12:45:00+05:30,801.35,809.0,801.0,805.0,102887,0
2026-07-10T13:00:00+05:30,805.0,812.15,804.05,810.5,43200,0
2026-07-10T13:15:00+05:30,809.8,811.8,809.0,810.0,17875,0
2026-07-10T13:30:00+05:30,810.0,812.25,809.7,811.0,16053,0
2026-07-10T13:45:00+05:30,811.45,814.5,810.4,811.15,23712,0
2026-07-10T14:00:00+05:30,811.5,813.4,811.0,811.1,16617,0
2026-07-10T14:15:00+05:30,811.2,818.35,811.0,816.0,33141,0
2026-07-10T14:30:00+05:30,815.45,817.45,809.35,809.8,27270,0
2026-07-10T14:45:00+05:30,809.9,814.25,809.3,812.0,20849,0
2026-07-10T15:00:00+05:30,812.0,814.25,800.0,806.45,76489,0
2026-07-10T15:15:00+05:30,806.5,816.1,797.05,815.0,162917,0
2026-07-13T09:15:00+05:30,806.05,854.5,806.05,834.1,422364,0
2026-07-13T09:30:00+05:30,833.4,850.85,829.25,845.7,214676,0
2026-07-13T09:45:00+05:30,845.2,856.3,841.0,851.6,150450,0
2026-07-13T10:00:00+05:30,851.05,855.0,842.5,845.0,113980,0
2026-07-13T10:15:00+05:30,845.0,845.0,837.05,840.1,56031,0
2026-07-13T10:30:00+05:30,840.6,843.15,835.0,835.3,48278,0
2026-07-13T10:45:00+05:30,835.25,842.5,833.25,838.0,56915,0
2026-07-13T11:00:00+05:30,838.0,853.8,838.0,848.55,71008,0
2026-07-13T11:15:00+05:30,848.55,886.15,846.05,886.15,374134,0
2026-07-13T11:30:00+05:30,886.15,886.15,872.3,886.15,264638,0
2026-07-13T11:45:00+05:30,886.15,886.15,886.15,886.15,9949,0
2026-07-13T12:00:00+05:30,886.15,886.15,886.15,886.15,4568,0
2026-07-13T12:15:00+05:30,886.15,886.15,886.15,886.15,4465,0
2026-07-13T12:30:00+05:30,886.15,886.15,875.3,878.95,197113,0
2026-07-13T12:45:00+05:30,880.0,883.95,865.0,871.6,96186,0
2026-07-13T13:00:00+05:30,871.6,883.35,870.0,875.5,67521,0
2026-07-13T13:15:00+05:30,875.5,879.6,871.1,871.45,21015,0
2026-07-13T13:30:00+05:30,872.0,880.0,869.0,877.0,39688,0
2026-07-13T13:45:00+05:30,876.95,876.95,873.0,874.0,5702,0
2026-07-13T14:00:00+05:30,873.1,883.35,872.0,879.0,44865,0
2026-07-13T14:15:00+05:30,879.0,882.75,879.0,882.0,30618,0
2026-07-13T14:30:00+05:30,882.0,886.15,882.0,886.15,64587,0
2026-07-13T14:45:00+05:30,886.15,886.15,886.15,886.15,3039,0
2026-07-13T15:00:00+05:30,886.15,886.15,886.15,886.15,3704,0
2026-07-13T15:15:00+05:30,886.15,886.15,886.15,886.15,4089,0
2026-07-14T09:15:00+05:30,890.0,905.0,856.2,858.1,511096,0
2026-07-14T09:30:00+05:30,858.0,873.8,855.0,866.55,130349,0
2026-07-14T09:45:00+05:30,865.95,867.0,851.1,856.75,98605,0
2026-07-14T10:00:00+05:30,856.0,859.2,844.65,848.4,84264,0
2026-07-14T10:15:00+05:30,848.0,855.0,840.7,844.25,110389,0
2026-07-14T10:30:00+05:30,844.0,844.9,836.75,839.3,57680,0
2026-07-14T10:45:00+05:30,839.0,851.25,838.6,848.8,73056,0
2026-07-14T11:00:00+05:30,849.45,851.3,845.95,848.9,23857,0
2026-07-14T11:15:00+05:30,848.0,852.3,845.0,846.45,25694,0
2026-07-14T11:30:00+05:30,846.2,853.25,845.5,852.55,19343,0
2026-07-14T11:45:00+05:30,852.15,852.15,846.6,847.55,11652,0
2026-07-14T12:00:00+05:30,848.6,848.7,845.4,846.25,9215,0
2026-07-14T12:15:00+05:30,846.25,847.4,845.1,845.5,3744,0
2026-07-14T12:30:00+05:30,845.1,849.25,845.0,847.05,14152,0
2026-07-14T12:45:00+05:30,847.7,857.0,845.95,849.95,24355,0
2026-07-14T13:00:00+05:30,850.3,853.0,844.2,845.05,16023,0
2026-07-14T13:15:00+05:30,845.05,845.05,841.05,843.65,13456,0
2026-07-14T13:30:00+05:30,843.65,845.75,843.05,843.05,10107,0
2026-07-14T13:45:00+05:30,844.2,845.05,842.45,844.9,7862,0
2026-07-14T14:00:00+05:30,844.9,847.6,844.05,847.0,10570,0
2026-07-14T14:15:00+05:30,846.5,850.0,845.0,849.1,9292,0
2026-07-14T14:30:00+05:30,848.5,849.3,833.0,833.95,91194,0
2026-07-14T14:45:00+05:30,833.5,837.6,802.8,807.0,275337,0
2026-07-14T15:00:00+05:30,807.5,815.25,805.55,814.0,120997,0
2026-07-14T15:15:00+05:30,813.55,831.7,810.15,826.9,139521,0
2026-07-15T09:15:00+05:30,836.6,849.9,828.2,847.0,290456,0
2026-07-15T09:30:00+05:30,846.45,847.0,837.0,842.65,69507,0
2026-07-15T09:45:00+05:30,843.05,848.95,837.55,839.95,74643,0
2026-07-15T10:00:00+05:30,839.95,840.95,837.15,837.15,21901,0
2026-07-15T10:15:00+05:30,837.15,837.95,824.35,831.0,96486,0
2026-07-15T10:30:00+05:30,831.0,836.95,830.35,833.1,31549,0
2026-07-15T10:45:00+05:30,833.75,834.65,829.0,830.05,15890,0
2026-07-15T11:00:00+05:30,830.95,831.25,825.1,828.05,22631,0
2026-07-15T11:15:00+05:30,828.85,830.0,816.2,820.0,74076,0
2026-07-15T11:30:00+05:30,820.0,824.35,816.65,821.95,36649,0
2026-07-15T11:45:00+05:30,821.15,826.25,819.3,819.3,19690,0
2026-07-15T12:00:00+05:30,820.1,821.5,819.0,820.0,15272,0
2026-07-15T12:15:00+05:30,820.0,822.2,814.3,814.6,22962,0
2026-07-15T12:30:00+05:30,814.95,821.0,805.7,810.5,88709,0
2026-07-15T12:45:00+05:30,811.15,811.2,807.0,809.95,23940,0
2026-07-15T13:00:00+05:30,809.5,812.0,808.0,810.0,13111,0
2026-07-15T13:15:00+05:30,810.0,814.9,809.05,811.9,15423,0
2026-07-15T13:30:00+05:30,811.9,811.9,808.6,808.7,10306,0
2026-07-15T13:45:00+05:30,809.4,812.95,807.2,812.0,17941,0
2026-07-15T14:00:00+05:30,812.05,812.5,809.3,811.45,6828,0
2026-07-15T14:15:00+05:30,810.65,813.0,810.5,811.95,9775,0
2026-07-15T14:30:00+05:30,812.1,815.9,811.55,815.05,18233,0
2026-07-15T14:45:00+05:30,815.05,829.9,814.55,817.3,115094,0
2026-07-15T15:00:00+05:30,817.35,818.75,814.65,817.35,53947,0
2026-07-15T15:15:00+05:30,817.35,820.0,812.0,820.0,104812,0
2026-07-16T09:15:00+05:30,832.4,835.0,816.95,817.7,110333,0
2026-07-16T09:30:00+05:30,817.0,825.6,812.85,816.5,55651,0
2026-07-16T09:45:00+05:30,816.55,823.2,816.0,820.25,23403,0
2026-07-16T10:00:00+05:30,820.15,826.0,818.0,818.0,30893,0
2026-07-16T10:15:00+05:30,818.95,819.3,812.65,817.45,18591,0
2026-07-16T10:30:00+05:30,816.6,820.25,815.05,817.0,22088,0
2026-07-16T10:45:00+05:30,816.85,860.0,816.85,833.0,329937,0
2026-07-16T11:00:00+05:30,833.55,854.95,830.0,846.5,286703,0
2026-07-16T11:15:00+05:30,846.5,851.0,841.0,843.65,136877,0
2026-07-16T11:30:00+05:30,843.65,844.3,836.35,842.35,86832,0
2026-07-16T11:45:00+05:30,842.5,864.1,842.0,847.0,218758,0
2026-07-16T12:00:00+05:30,847.0,854.2,843.95,846.95,98536,0
2026-07-16T12:15:00+05:30,847.0,853.7,845.4,849.1,64054,0
2026-07-16T12:30:00+05:30,849.95,858.0,848.0,856.05,81590,0
2026-07-16T12:45:00+05:30,856.3,856.9,850.0,851.8,57407,0
2026-07-16T13:00:00+05:30,852.4,853.2,848.0,850.55,52732,0
2026-07-16T13:15:00+05:30,850.6,851.95,846.05,847.0,36213,0
2026-07-16T13:30:00+05:30,847.6,847.95,841.75,842.5,43763,0
2026-07-16T13:45:00+05:30,842.75,843.9,833.5,840.65,83404,0
2026-07-16T14:00:00+05:30,840.6,842.8,839.9,840.0,13310,0
2026-07-16T14:15:00+05:30,840.0,848.9,839.75,845.5,41251,0
2026-07-16T14:30:00+05:30,845.05,851.0,840.3,840.4,42983,0
2026-07-16T14:45:00+05:30,840.4,840.5,820.0,830.95,119730,0
2026-07-16T15:00:00+05:30,830.6,834.15,823.65,831.4,76677,0
2026-07-16T15:15:00+05:30,832.3,836.85,827.55,831.0,86500,0
2026-07-17T09:15:00+05:30,835.0,836.7,812.1,819.0,102127,0
2026-07-17T09:30:00+05:30,819.0,827.9,809.0,811.8,92945,0
2026-07-17T09:45:00+05:30,810.7,812.0,805.55,808.0,43014,0
2026-07-17T10:00:00+05:30,808.0,811.0,798.0,811.0,67744,0
2026-07-17T10:15:00+05:30,810.35,811.0,805.65,807.0,15983,0
2026-07-17T10:30:00+05:30,807.7,810.95,806.0,809.0,14056,0
2026-07-17T10:45:00+05:30,808.35,814.8,806.1,813.75,20375,0
2026-07-17T11:00:00+05:30,813.15,813.75,802.2,803.95,33627,0
2026-07-17T11:15:00+05:30,803.95,809.5,801.15,801.8,62858,0
2026-07-17T11:30:00+05:30,802.0,803.3,792.0,794.65,59582,0
2026-07-17T11:45:00+05:30,794.65,795.5,788.0,791.9,35985,0
2026-07-17T12:00:00+05:30,791.9,793.3,787.0,788.6,35887,0
2026-07-17T12:15:00+05:30,788.1,793.95,788.1,791.2,20692,0
2026-07-17T12:30:00+05:30,791.15,792.95,790.4,792.8,15579,0
2026-07-17T12:45:00+05:30,792.75,792.75,789.5,790.55,14150,0
2026-07-17T13:00:00+05:30,791.35,792.55,787.55,791.45,18884,0
2026-07-17T13:15:00+05:30,792.15,794.5,790.05,790.9,17504,0
2026-07-17T13:30:00+05:30,791.6,794.7,790.2,793.6,11000,0
2026-07-17T13:45:00+05:30,793.6,794.0,791.1,793.8,9623,0
2026-07-17T14:00:00+05:30,793.8,795.65,792.0,792.75,8646,0
2026-07-17T14:15:00+05:30,792.7,802.0,792.7,796.6,41660,0
2026-07-17T14:30:00+05:30,796.25,799.4,796.2,798.45,17114,0
2026-07-17T14:45:00+05:30,798.45,806.2,798.0,802.8,56185,0
2026-07-17T15:00:00+05:30,802.95,804.05,788.5,792.0,66018,0
2026-07-17T15:15:00+05:30,792.0,792.0,777.55,789.8,105955,0
2026-07-20T09:15:00+05:30,783.0,819.95,781.25,794.7,245742,0
2026-07-20T09:30:00+05:30,794.7,798.95,784.05,784.7,93003,0
2026-07-20T09:45:00+05:30,785.05,807.25,784.75,805.6,85904,0
2026-07-20T10:00:00+05:30,806.0,814.8,800.1,800.15,93947,0
2026-07-20T10:15:00+05:30,800.6,806.7,796.65,804.0,32118,0
2026-07-20T10:30:00+05:30,803.95,806.5,800.15,802.0,21578,0
2026-07-20T10:45:00+05:30,802.0,809.0,801.15,806.55,24648,0
2026-07-20T11:00:00+05:30,807.5,812.45,805.0,810.5,36143,0
2026-07-20T11:15:00+05:30,811.0,815.2,805.0,806.0,40226,0
2026-07-20T11:30:00+05:30,806.0,806.6,802.05,804.35,10680,0
2026-07-20T11:45:00+05:30,804.6,805.95,800.0,803.2,19653,0
2026-07-20T12:00:00+05:30,803.2,803.9,796.05,800.35,23505,0
2026-07-20T12:15:00+05:30,800.2,800.2,794.45,796.0,22070,0
2026-07-20T12:30:00+05:30,796.0,799.7,795.05,797.5,10347,0
2026-07-20T12:45:00+05:30,797.05,799.8,795.8,799.3,4835,0
2026-07-20T13:00:00+05:30,799.0,799.45,795.6,799.0,10654,0
2026-07-20T13:15:00+05:30,799.3,806.0,799.3,802.5,22231,0
2026-07-20T13:30:00+05:30,802.5,803.15,798.6,802.6,11008,0
2026-07-20T13:45:00+05:30,802.65,803.9,800.2,802.65,8197,0
2026-07-20T14:00:00+05:30,802.5,803.5,798.0,798.05,7223,0
2026-07-20T14:15:00+05:30,798.25,800.0,797.0,798.4,12757,0
2026-07-20T14:30:00+05:30,798.4,798.55,795.0,797.35,14769,0
2026-07-20T14:45:00+05:30,797.35,802.6,797.0,801.3,30975,0
2026-07-20T15:00:00+05:30,801.35,805.05,799.6,802.3,27176,0
2026-07-20T15:15:00+05:30,802.75,808.25,800.3,806.0,68538,0
2026-07-21T09:15:00+05:30,804.0,804.0,791.1,799.2,68529,0
2026-07-21T09:30:00+05:30,799.2,807.9,795.45,798.8,55654,0
2026-07-21T09:45:00+05:30,798.8,800.45,795.0,799.0,20408,0
2026-07-21T10:00:00+05:30,799.0,803.0,799.0,800.1,15129,0
2026-07-21T10:15:00+05:30,800.15,800.8,795.0,795.6,12430,0
2026-07-21T10:30:00+05:30,795.6,795.85,791.3,794.5,22322,0
2026-07-21T10:45:00+05:30,793.6,793.75,792.2,792.7,6436,0
2026-07-21T11:00:00+05:30,792.7,794.25,791.3,791.6,8237,0
2026-07-21T11:15:00+05:30,791.6,792.55,788.0,792.45,21330,0
2026-07-21T11:30:00+05:30,791.8,794.0,791.55,793.0,6301,0
2026-07-21T11:45:00+05:30,792.85,796.0,792.5,795.0,14099,0
2026-07-21T12:00:00+05:30,795.0,795.0,793.75,794.0,4181,0
2026-07-21T12:15:00+05:30,794.0,794.4,793.75,794.35,3425,0
2026-07-21T12:30:00+05:30,794.3,794.3,792.2,793.85,3540,0
2026-07-21T12:45:00+05:30,793.85,794.45,792.6,792.6,3104,0
2026-07-21T13:00:00+05:30,792.85,796.0,791.55,795.15,3688,0
2026-07-21T13:15:00+05:30,795.5,802.5,794.9,799.0,20598,0
2026-07-21T13:30:00+05:30,799.0,801.3,796.05,797.75,19248,0
2026-07-21T13:45:00+05:30,797.15,797.15,793.5,795.3,12607,0
2026-07-21T14:00:00+05:30,795.3,796.4,794.65,796.4,2430,0
2026-07-21T14:15:00+05:30,796.35,799.0,794.1,797.55,12238,0
2026-07-21T14:30:00+05:30,798.0,798.0,791.65,793.7,19889,0
2026-07-21T14:45:00+05:30,793.7,794.0,791.0,793.35,13906,0
2026-07-21T15:00:00+05:30,794.0,799.0,792.0,794.45,25696,0
2026-07-21T15:15:00+05:30,795.0,801.2,793.6,800.0,48661,0
2026-07-22T09:15:00+05:30,803.0,803.0,785.45,785.9,64237,0
2026-07-22T09:30:00+05:30,785.9,799.65,785.5,789.0,43667,0
2026-07-22T09:45:00+05:30,788.15,789.5,781.8,785.65,29098,0
2026-07-22T10:00:00+05:30,785.65,820.0,785.0,809.35,145585,0
2026-07-22T10:15:00+05:30,809.1,813.0,798.4,800.0,92242,0
2026-07-22T10:30:00+05:30,800.0,819.2,800.0,804.05,96411,0
2026-07-22T10:45:00+05:30,804.6,815.0,803.0,811.6,59703,0
2026-07-22T11:00:00+05:30,811.6,814.05,806.4,809.2,25642,0
2026-07-22T11:15:00+05:30,809.25,817.9,809.1,814.8,35677,0
2026-07-22T11:30:00+05:30,814.15,826.45,812.0,820.4,142521,0
2026-07-22T11:45:00+05:30,820.35,825.0,816.4,819.55,98984,0
2026-07-22T12:00:00+05:30,819.45,819.45,806.7,811.9,91622,0
2026-07-22T12:15:00+05:30,811.9,812.95,807.4,811.45,26266,0
2026-07-22T12:30:00+05:30,812.1,815.95,808.3,810.75,21316,0
2026-07-22T12:45:00+05:30,810.9,814.75,809.25,813.0,12952,0
2026-07-22T13:00:00+05:30,813.0,813.3,810.0,812.55,10497,0
2026-07-22T13:15:00+05:30,812.0,813.55,808.3,809.3,14756,0
2026-07-22T13:30:00+05:30,809.3,814.6,808.3,811.35,19229,0
2026-07-22T13:45:00+05:30,811.85,812.05,808.45,808.7,8555,0
2026-07-22T14:00:00+05:30,808.7,810.35,806.05,808.4,15220,0
2026-07-22T14:15:00+05:30,809.25,812.15,808.1,808.75,10162,0
2026-07-22T14:30:00+05:30,808.6,814.5,808.55,814.5,14746,0
2026-07-22T14:45:00+05:30,814.6,814.6,811.05,812.1,16164,0
2026-07-22T15:00:00+05:30,812.0,816.95,812.0,815.05,30336,0
2026-07-22T15:15:00+05:30,815.5,819.45,812.0,815.0,76311,0
2026-07-23T09:15:00+05:30,813.0,813.25,803.0,812.35,56391,0
2026-07-23T09:30:00+05:30,811.35,812.35,805.4,806.0,14233,0
2026-07-23T09:45:00+05:30,806.9,809.0,803.0,806.85,19362,0
2026-07-23T10:00:00+05:30,807.85,815.9,807.55,815.5,31939,0
2026-07-23T10:15:00+05:30,815.5,818.75,808.0,808.9,29184,0
2026-07-23T10:30:00+05:30,808.9,812.0,808.05,811.1,11547,0
2026-07-23T10:45:00+05:30,811.25,812.65,808.05,811.15,8239,0
2026-07-23T11:00:00+05:30,812.0,812.0,810.0,811.15,4448,0
2026-07-23T11:15:00+05:30,811.95,814.0,807.55,809.0,13669,0
2026-07-23T11:30:00+05:30,809.15,810.1,806.9,809.95,7058,0
2026-07-23T11:45:00+05:30,809.95,810.1,808.0,808.05,3157,0
2026-07-23T12:00:00+05:30,809.15,812.8,809.1,812.35,9017,0
2026-07-23T12:15:00+05:30,813.0,813.95,808.65,809.95,3683,0
2026-07-23T12:30:00+05:30,810.0,810.0,793.3,797.25,43340,0
2026-07-23T12:45:00+05:30,796.5,802.95,792.7,802.0,27082,0
2026-07-23T13:00:00+05:30,801.75,802.0,795.15,798.7,13920,0
2026-07-23T13:15:00+05:30,798.7,799.4,795.05,797.6,5211,0
2026-07-23T13:30:00+05:30,796.75,802.25,796.3,799.55,6336,0
2026-07-23T13:45:00+05:30,799.7,801.75,798.35,798.95,3488,0
2026-07-23T14:00:00+05:30,799.0,799.0,796.6,797.45,6597,0
2026-07-23T14:15:00+05:30,797.5,799.0,797.5,798.75,3162,0
2026-07-23T14:30:00+05:30,799.0,799.05,792.0,794.25,20592,0
2026-07-23T14:45:00+05:30,794.85,796.55,791.7,794.1,11880,0
2026-07-23T15:00:00+05:30,794.95,800.0,792.0,796.6,29229,0
2026-07-23T15:15:00+05:30,797.0,797.0,772.5,789.25,82085,0
2026-07-24T09:15:00+05:30,711.0,727.25,710.95,710.95,213519,0
2026-07-24T09:30:00+05:30,710.95,710.95,710.95,710.95,1921,0
2026-07-24T09:45:00+05:30,710.95,710.95,710.95,710.95,611,0
2026-07-24T10:00:00+05:30,710.95,710.95,710.95,710.95,467,0
2026-07-24T10:15:00+05:30,710.95,710.95,710.95,710.95,607,0
2026-07-24T10:30:00+05:30,710.95,710.95,710.95,710.95,505,0
2026-07-24T10:45:00+05:30,710.95,710.95,710.95,710.95,529,0
2026-07-24T11:00:00+05:30,710.95,710.95,710.95,710.95,177,0
2026-07-24T11:15:00+05:30,710.95,710.95,710.95,710.95,516,0
2026-07-24T11:30:00+05:30,710.95,710.95,710.95,710.95,366,0
2026-07-24T11:45:00+05:30,710.95,710.95,710.95,710.95,422,0
2026-07-24T12:00:00+05:30,710.95,710.95,710.95,710.95,326,0
2026-07-24T12:15:00+05:30,710.95,710.95,710.95,710.95,321,0
2026-07-24T12:30:00+05:30,710.95,710.95,710.95,710.95,202,0
2026-07-24T12:45:00+05:30,710.95,710.95,710.95,710.95,181,0
2026-07-24T13:00:00+05:30,710.95,710.95,710.95,710.95,136,0
2026-07-24T13:15:00+05:30,710.95,710.95,710.95,710.95,731,0
2026-07-24T13:30:00+05:30,710.95,710.95,710.95,710.95,52,0
2026-07-24T13:45:00+05:30,710.95,710.95,710.95,710.95,141,0
2026-07-24T14:00:00+05:30,710.95,710.95,710.95,710.95,276,0
2026-07-24T14:15:00+05:30,710.95,710.95,710.95,710.95,474,0
2026-07-24T14:30:00+05:30,710.95,710.95,710.95,710.95,130,0
2026-07-24T14:45:00+05:30,710.95,710.95,710.95,710.95,61,0
2026-07-24T15:00:00+05:30,710.95,710.95,710.95,710.95,2084,0
2026-07-24T15:15:00+05:30,710.95,710.95,710.95,710.95,2804,0
2026-07-27T09:15:00+05:30,668.9,696.3,668.9,681.1,258750,0
2026-07-27T09:30:00+05:30,681.15,689.0,677.25,684.35,74964,0
2026-07-27T09:45:00+05:30,684.95,684.95,663.7,665.95,66393,0
2026-07-27T10:00:00+05:30,665.95,666.45,639.9,644.0,423483,0
2026-07-27T10:15:00+05:30,644.45,650.0,639.9,641.0,337843,0
2026-07-27T10:30:00+05:30,640.95,641.0,639.9,639.9,14712,0
2026-07-27T10:45:00+05:30,639.9,639.9,639.9,639.9,2297,0
2026-07-27T11:00:00+05:30,639.9,639.9,639.9,639.9,1466,0
2026-07-27T11:15:00+05:30,639.9,639.9,639.9,639.9,673,0
2026-07-27T11:30:00+05:30,639.9,639.9,639.9,639.9,1652,0
2026-07-27T11:45:00+05:30,639.9,639.9,639.9,639.9,2416,0
2026-07-27T12:00:00+05:30,639.9,639.9,639.9,639.9,2586,0
2026-07-27T12:15:00+05:30,639.9,639.9,639.9,639.9,1231,0
2026-07-27T12:30:00+05:30,639.9,639.9,639.9,639.9,133,0
2026-07-27T12:45:00+05:30,639.9,639.9,639.9,639.9,392,0
2026-07-27T13:00:00+05:30,639.9,639.9,639.9,639.9,1528,0
2026-07-27T13:15:00+05:30,639.9,639.9,639.9,639.9,429,0
2026-07-27T13:30:00+05:30,639.9,639.9,639.9,639.9,273,0
2026-07-27T13:45:00+05:30,639.9,639.9,639.9,639.9,178,0
2026-07-27T14:00:00+05:30,639.9,639.9,639.9,639.9,1708,0
2026-07-27T14:15:00+05:30,639.9,639.9,639.9,639.9,1586,0
2026-07-27T14:30:00+05:30,639.9,639.9,639.9,639.9,4756,0
2026-07-27T14:45:00+05:30,639.9,639.9,639.9,639.9,623,0
2026-07-27T15:00:00+05:30,639.9,639.9,639.9,639.9,1146,0
2026-07-27T15:15:00+05:30,639.9,639.9,639.9,639.9,6941,0
2026-07-28T09:15:00+05:30,607.95,607.95,607.95,607.95,23389,0
2026-07-28T09:30:00+05:30,607.95,607.95,607.95,607.95,1373,0
2026-07-28T09:45:00+05:30,607.95,607.95,607.95,607.95,1020,0
2026-07-28T10:00:00+05:30,607.95,607.95,607.95,607.95,3356,0
2026-07-28T10:15:00+05:30,607.95,607.95,607.95,607.95,107,0
2026-07-28T10:30:00+05:30,607.95,607.95,607.95,607.95,914,0
2026-07-28T10:45:00+05:30,607.95,607.95,607.95,607.95,175,0
2026-07-28T11:00:00+05:30,607.95,607.95,607.95,607.95,264,0
2026-07-28T11:15:00+05:30,607.95,607.95,607.95,607.95,591,0
2026-07-28T11:30:00+05:30,607.95,607.95,607.95,607.95,174,0
2026-07-28T11:45:00+05:30,607.95,607.95,607.95,607.95,202,0
2026-07-28T12:00:00+05:30,607.95,607.95,607.95,607.95,362,0
2026-07-28T12:15:00+05:30,607.95,607.95,607.95,607.95,45,0
2026-07-28T12:30:00+05:30,607.95,607.95,607.95,607.95,1147,0
2026-07-28T12:45:00+05:30,607.95,607.95,607.95,607.95,114,0
2026-07-28T13:00:00+05:30,607.95,607.95,607.95,607.95,315,0
2026-07-28T13:15:00+05:30,607.95,607.95,607.95,607.95,87,0
2026-07-28T13:30:00+05:30,607.95,607.95,607.95,607.95,561,0
2026-07-28T13:45:00+05:30,607.95,607.95,607.95,607.95,74,0
2026-07-28T14:00:00+05:30,607.95,607.95,607.95,607.95,394,0
2026-07-28T14:15:00+05:30,607.95,607.95,607.95,607.95,547,0
2026-07-28T14:30:00+05:30,607.95,607.95,607.95,607.95,163,0
2026-07-28T14:45:00+05:30,607.95,607.95,607.95,607.95,38,0
2026-07-28T15:00:00+05:30,607.95,607.95,607.95,607.95,1402,0
2026-07-28T15:15:00+05:30,607.95,607.95,607.95,607.95,1967,0
2026-07-29T09:15:00+05:30,601.0,615.95,585.3,587.65,316987,0
2026-07-29T09:30:00+05:30,587.65,599.9,585.6,588.95,69654,0
2026-07-29T09:45:00+05:30,589.0,600.95,589.0,597.4,41362,0
2026-07-29T10:00:00+05:30,596.65,621.4,594.0,619.2,142671,0
2026-07-29T10:15:00+05:30,619.3,622.7,605.55,609.1,90625,0
2026-07-29T10:30:00+05:30,608.5,622.0,605.0,617.1,73350,0
2026-07-29T10:45:00+05:30,616.75,616.95,607.3,611.7,29152,0
2026-07-29T11:00:00+05:30,611.3,611.3,605.0,605.7,27950,0
2026-07-29T11:15:00+05:30,605.7,606.0,597.65,600.65,47650,0
2026-07-29T11:30:00+05:30,601.35,601.4,598.5,599.0,12342,0
2026-07-29T11:45:00+05:30,599.9,600.0,597.1,599.95,7474,0
2026-07-29T12:00:00+05:30,599.95,601.0,599.5,599.5,3069,0
2026-07-29T12:15:00+05:30,599.5,599.6,597.2,598.65,5056,0
2026-07-29T12:30:00+05:30,598.65,599.6,595.65,596.4,8713,0
2026-07-29T12:45:00+05:30,596.3,596.6,595.1,595.1,9157,0
2026-07-29T13:00:00+05:30,595.85,598.05,595.3,596.15,5271,0
2026-07-29T13:15:00+05:30,596.2,596.9,593.45,595.1,6711,0
2026-07-29T13:30:00+05:30,595.0,599.0,594.6,596.0,8411,0
2026-07-29T13:45:00+05:30,595.5,598.9,595.0,597.7,1888,0
2026-07-29T14:00:00+05:30,597.7,598.3,593.1,593.4,5824,0
2026-07-29T14:15:00+05:30,593.4,595.85,591.1,593.6,11669,0
2026-07-29T14:30:00+05:30,593.6,596.0,591.65,593.5,11573,0
2026-07-29T14:45:00+05:30,593.05,593.45,581.35,585.65,44347,0
2026-07-29T15:00:00+05:30,585.0,595.4,584.0,588.5,43856,0
2026-07-29T15:15:00+05:30,588.5,593.95,587.0,591.9,45468,0
2026-07-30T09:15:00+05:30,600.0,602.95,581.85,581.85,64747,0
2026-07-30T09:30:00+05:30,581.85,586.1,576.15,577.05,34843,0
2026-07-30T09:45:00+05:30,577.65,596.5,577.65,593.95,34047,0
2026-07-30T10:00:00+05:30,594.2,600.0,583.95,585.15,34398,0
2026-07-30T10:15:00+05:30,585.75,589.6,582.2,588.6,8707,0
2026-07-30T10:30:00+05:30,587.8,590.4,586.2,590.4,8530,0
2026-07-30T10:45:00+05:30,589.5,605.0,589.45,597.85,42589,0
2026-07-30T11:00:00+05:30,598.0,601.8,595.15,599.9,15877,0
2026-07-30T11:15:00+05:30,599.7,602.0,596.6,598.7,6697,0
2026-07-30T11:30:00+05:30,598.55,600.8,594.45,597.25,14203,0
2026-07-30T11:45:00+05:30,597.2,597.25,593.5,595.05,7788,0
2026-07-30T12:00:00+05:30,595.05,595.65,593.1,595.0,4434,0
2026-07-30T12:15:00+05:30,594.75,596.2,594.0,596.2,1926,0
2026-07-30T12:30:00+05:30,596.2,616.0,595.6,612.15,81887,0
2026-07-30T12:45:00+05:30,611.55,612.25,602.35,605.05,36054,0
2026-07-30T13:00:00+05:30,605.05,606.3,600.25,606.0,46134,0
2026-07-30T13:15:00+05:30,606.0,609.95,602.75,606.4,18252,0
2026-07-30T13:30:00+05:30,606.4,611.85,606.0,610.6,33549,0
2026-07-30T13:45:00+05:30,610.6,619.55,602.0,603.2,160156,0
2026-07-30T14:00:00+05:30,603.25,604.7,597.0,600.7,24397,0
2026-07-30T14:15:00+05:30,600.8,603.05,600.0,601.2,5613,0
2026-07-30T14:30:00+05:30,601.25,619.55,599.9,607.0,202211,0
2026-07-30T14:45:00+05:30,606.9,609.8,604.35,605.15,13062,0
2026-07-30T15:00:00+05:30,604.95,608.95,604.2,606.25,20087,0
2026-07-30T15:15:00+05:30,605.85,608.0,602.75,606.75,34231,0
2026-07-31T09:15:00+05:30,609.0,609.0,583.0,593.5,67242,0
2026-07-31T09:30:00+05:30,593.35,601.3,592.75,597.85,38835,0
2026-07-31T09:45:00+05:30,597.85,604.9,597.85,601.9,31995,0
2026-07-31T10:00:00+05:30,602.4,604.9,601.7,603.6,17130,0
2026-07-31T10:15:00+05:30,603.6,603.65,600.1,601.0,4647,0
2026-07-31T10:30:00+05:30,601.0,602.6,598.85,601.1,8902,0
2026-07-31T10:45:00+05:30,601.1,601.1,598.7,599.85,1203,0
2026-07-31T11:00:00+05:30,599.85,601.6,598.85,599.0,5796,0
2026-07-31T11:15:00+05:30,599.1,601.0,590.5,590.75,21879,0
2026-07-31T11:30:00+05:30,591.25,594.1,587.6,590.25,27829,0
2026-07-31T11:45:00+05:30,589.7,591.1,586.1,586.1,9648,0
2026-07-31T12:00:00+05:30,586.75,588.0,586.0,588.0,10102,0
2026-07-31T12:15:00+05:30,588.0,588.75,582.0,586.7,27313,0
2026-07-31T12:30:00+05:30,586.15,587.0,584.0,586.55,7167,0
2026-07-31T12:45:00+05:30,585.95,587.6,585.5,587.1,2574,0
2026-07-31T13:00:00+05:30,587.3,587.5,585.1,586.35,5279,0
2026-07-31T13:15:00+05:30,586.05,587.55,586.05,586.15,964,0
2026-07-31T13:30:00+05:30,586.25,587.5,586.15,586.25,4609,0
2026-07-31T13:45:00+05:30,586.85,587.6,584.9,585.9,5142,0
2026-07-31T14:00:00+05:30,585.9,586.0,582.6,584.55,3825,0
2026-07-31T14:15:00+05:30,585.0,586.8,584.15,586.05,4170,0
2026-07-31T14:30:00+05:30,586.1,586.95,584.5,584.75,5064,0
2026-07-31T14:45:00+05:30,585.0,586.0,581.9,582.8,8458,0
2026-07-31T15:00:00+05:30,582.8,583.0,580.0,580.9,13112,0
2026-07-31T15:15:00+05:30,580.8,582.4,579.55,582.0,29158,0
2026-08-03T09:15:00+05:30,585.9,588.95,578.6,581.0,30866,0
2026-08-03T09:30:00+05:30,582.0,583.65,575.1,578.3,20774,0
2026-08-03T09:45:00+05:30,578.7,580.55,577.65,580.4,6568,0
2026-08-03T10:00:00+05:30,580.5,581.0,579.45,580.2,2617,0
2026-08-03T10:15:00+05:30,580.2,585.0,580.0,582.65,7580,0
2026-08-03T10:30:00+05:30,582.65,582.75,578.85,579.95,5866,0
2026-08-03T10:45:00+05:30,580.0,583.95,580.0,581.05,7291,0
2026-08-03T11:00:00+05:30,581.2,583.0,581.2,581.45,3931,0
2026-08-03T11:15:00+05:30,581.45,581.5,578.0,580.8,7643,0
2026-08-03T11:30:00+05:30,580.8,581.0,578.85,578.85,1718,0
2026-08-03T11:45:00+05:30,579.4,580.4,578.25,578.55,4839,0
2026-08-03T12:00:00+05:30,578.6,579.5,578.3,579.05,1624,0
2026-08-03T12:15:00+05:30,578.9,579.6,577.0,578.85,4802,0
2026-08-03T12:30:00+05:30,578.0,578.55,571.5,572.4,20377,0
2026-08-03T12:45:00+05:30,572.4,572.4,568.3,571.95,10091,0
2026-08-03T13:00:00+05:30,572.0,574.45,572.0,573.0,4515,0
2026-08-03T13:15:00+05:30,573.65,574.6,573.25,574.0,1282,0
2026-08-03T13:30:00+05:30,574.1,574.1,568.3,569.0,7995,0
2026-08-03T13:45:00+05:30,569.0,569.0,564.05,568.85,22301,0
2026-08-03T14:00:00+05:30,568.1,569.5,567.45,568.25,5351,0
2026-08-03T14:15:00+05:30,568.25,569.95,566.2,569.2,8136,0
2026-08-03T14:30:00+05:30,569.9,569.95,567.0,569.9,3715,0
2026-08-03T14:45:00+05:30,569.95,569.95,566.3,567.05,7303,0
2026-08-03T15:00:00+05:30,567.7,567.7,561.3,564.0,29167,0
2026-08-03T15:15:00+05:30,564.0,568.0,562.65,565.2,23936,0
2026-08-04T09:15:00+05:30,564.85,592.1,564.85,589.25,109642,0
2026-08-04T09:30:00+05:30,589.35,592.0,587.1,591.95,34110,0
2026-08-04T09:45:00+05:30,591.95,592.1,591.0,592.1,16330,0
2026-08-04T10:00:00+05:30,592.1,592.1,592.1,592.1,2382,0
2026-08-04T10:15:00+05:30,592.1,592.1,592.1,592.1,1115,0
2026-08-04T10:30:00+05:30,592.1,592.1,592.1,592.1,1766,0
2026-08-04T10:45:00+05:30,592.1,592.1,592.1,592.1,723,0
2026-08-04T11:00:00+05:30,592.1,592.1,592.1,592.1,459,0
2026-08-04T11:15:00+05:30,592.1,592.1,592.1,592.1,153,0
2026-08-04T11:30:00+05:30,592.1,592.1,592.1,592.1,127,0
2026-08-04T11:45:00+05:30,592.1,592.1,592.1,592.1,182,0
2026-08-04T12:00:00+05:30,592.1,592.1,592.1,592.1,12,0
2026-08-04T12:15:00+05:30,592.1,592.1,592.1,592.1,348,0
2026-08-04T12:30:00+05:30,592.1,592.1,592.1,592.1,264,0
2026-08-04T12:45:00+05:30,592.1,592.1,592.1,592.1,59,0
2026-08-04T13:00:00+05:30,592.1,592.1,592.1,592.1,79,0
2026-08-04T13:15:00+05:30,592.1,592.1,592.1,592.1,1213,0
2026-08-04T13:30:00+05:30,592.1,592.1,592.1,592.1,208,0
2026-08-04T13:45:00+05:30,592.1,592.1,592.1,592.1,1012,0
2026-08-04T14:00:00+05:30,592.1,592.1,592.1,592.1,17,0
2026-08-04T14:15:00+05:30,592.1,592.1,592.1,592.1,89,0
2026-08-04T14:30:00+05:30,592.1,592.1,592.1,592.1,660,0
2026-08-04T14:45:00+05:30,592.1,592.1,592.1,592.1,222,0
2026-08-04T15:00:00+05:30,592.1,592.1,592.1,592.1,1634,0
2026-08-04T15:15:00+05:30,564.85,592.1,564.85,592.1,520908,0
2026-08-05T09:15:00+05:30,608.0,618.6,600.75,603.75,96635,0
2026-08-05T09:30:00+05:30,603.55,611.1,603.55,607.25,25905,0
2026-08-05T09:45:00+05:30,607.5,610.0,603.55,604.95,9773,0
2026-08-05T10:00:00+05:30,604.9,618.0,604.75,617.95,48619,0
2026-08-05T10:15:00+05:30,617.95,621.7,615.05,621.7,120778,0
2026-08-05T10:30:00+05:30,621.7,621.7,621.7,621.7,11113,0
2026-08-05T10:45:00+05:30,621.7,621.7,621.7,621.7,3141,0
2026-08-05T11:00:00+05:30,621.7,621.7,621.7,621.7,854,0
2026-08-05T11:15:00+05:30,621.7,621.7,621.7,621.7,2384,0
2026-08-05T11:30:00+05:30,621.7,621.7,621.7,621.7,953,0
2026-08-05T11:45:00+05:30,621.7,621.7,621.7,621.7,72,0
2026-08-05T12:00:00+05:30,621.7,621.7,621.7,621.7,20,0
2026-08-05T12:15:00+05:30,621.7,621.7,621.7,621.7,149,0
2026-08-05T12:30:00+05:30,621.7,621.7,621.7,621.7,346,0
2026-08-05T12:45:00+05:30,621.7,621.7,621.7,621.7,1087,0
2026-08-05T13:00:00+05:30,621.7,621.7,621.7,621.7,25,0
2026-08-05T13:15:00+05:30,621.7,621.7,621.7,621.7,251,0
2026-08-05T13:30:00+05:30,621.7,621.7,621.7,621.7,30,0
2026-08-05T13:45:00+05:30,621.7,621.7,621.7,621.7,211,0
2026-08-05T14:00:00+05:30,621.7,621.7,621.7,621.7,43,0
2026-08-05T14:15:00+05:30,621.7,621.7,621.7,621.7,300,0
2026-08-05T14:30:00+05:30,621.7,621.7,621.7,621.7,191,0
2026-08-05T14:45:00+05:30,621.7,621.7,621.7,621.7,128,0
2026-08-05T15:00:00+05:30,621.7,621.7,621.7,621.7,556,0
2026-08-05T15:15:00+05:30,621.7,621.7,621.7,621.7,290,0
2026-08-06T09:15:00+05:30,630.0,636.45,612.25,613.15,108956,0
2026-08-06T09:30:00+05:30,613.1,620.4,612.4,617.9,19550,0
2026-08-06T09:45:00+05:30,617.85,619.95,612.35,612.8,12948,0
2026-08-06T10:00:00+05:30,612.45,616.5,610.1,613.0,16243,0
2026-08-06T10:15:00+05:30,613.4,630.6,612.55,626.75,45914,0
2026-08-06T10:30:00+05:30,626.6,632.9,626.1,627.45,34524,0
2026-08-06T10:45:00+05:30,628.2,630.05,624.95,626.0,11021,0
2026-08-06T11:00:00+05:30,625.85,633.9,625.8,633.0,8635,0
2026-08-06T11:15:00+05:30,633.05,633.95,630.95,632.1,4460,0
2026-08-06T11:30:00+05:30,632.2,634.0,630.0,630.65,7224,0
2026-08-06T11:45:00+05:30,630.0,631.0,627.85,630.85,6288,0
2026-08-06T12:00:00+05:30,630.9,638.7,629.3,636.0,18882,0
2026-08-06T12:15:00+05:30,636.65,640.0,635.05,637.95,25774,0
2026-08-06T12:30:00+05:30,637.25,639.7,635.9,637.95,8253,0
2026-08-06T12:45:00+05:30,637.95,638.5,632.05,633.15,8853,0
2026-08-06T13:00:00+05:30,633.25,634.4,632.0,633.7,5907,0
2026-08-06T13:15:00+05:30,633.7,634.5,632.2,633.9,4133,0
2026-08-06T13:30:00+05:30,633.9,634.5,631.55,632.35,3862,0
2026-08-06T13:45:00+05:30,632.35,633.9,630.7,631.55,2461,0
2026-08-06T14:00:00+05:30,631.5,633.1,631.35,632.1,1359,0
2026-08-06T14:15:00+05:30,632.8,632.85,626.8,629.25,10896,0
2026-08-06T14:30:00+05:30,628.6,630.0,627.25,628.0,4416,0
2026-08-06T14:45:00+05:30,627.4,629.95,626.2,627.25,8104,0
2026-08-06T15:00:00+05:30,627.2,629.95,624.25,627.0,13927,0
2026-08-06T15:15:00+05:30,627.0,629.4,620.0,626.0,16208,0
2026-08-07T09:15:00+05:30,615.0,626.15,615.0,621.75,18537,0
2026-08-07T09:30:00+05:30,621.45,631.95,621.45,630.0,11008,0
2026-08-07T09:45:00+05:30,630.0,631.65,627.3,627.55,4501,0
2026-08-07T10:00:00+05:30,628.45,629.0,627.55,629.0,1269,0
2026-08-07T10:15:00+05:30,628.8,629.0,627.3,627.3,1608,0
2026-08-07T10:30:00+05:30,627.3,628.75,627.3,628.75,746,0
2026-08-07T10:45:00+05:30,628.8,629.9,628.15,628.8,1806,0
2026-08-07T11:00:00+05:30,627.9,628.75,627.2,627.95,670,0
2026-08-07T11:15:00+05:30,628.75,629.6,627.15,629.0,2014,0
2026-08-07T11:30:00+05:30,629.6,630.75,629.25,630.0,4448,0
2026-08-07T11:45:00+05:30,630.0,633.6,628.65,632.95,5451,0
2026-08-07T12:00:00+05:30,633.0,636.5,633.0,635.4,9643,0
2026-08-07T12:15:00+05:30,635.35,645.0,635.35,643.0,23270,0
2026-08-07T12:30:00+05:30,643.0,646.75,642.15,644.1,18406,0
2026-08-07T12:45:00+05:30,644.05,644.45,641.55,642.45,2892,0
2026-08-07T13:00:00+05:30,642.45,643.0,638.8,640.0,6491,0
2026-08-07T13:15:00+05:30,640.75,640.85,639.05,640.45,1693,0
2026-08-07T13:30:00+05:30,640.45,640.45,638.0,639.8,891,0
2026-08-07T13:45:00+05:30,639.85,639.85,638.0,638.0,2442,0
2026-08-07T14:00:00+05:30,638.3,638.3,634.6,637.0,5405,0
2026-08-07T14:15:00+05:30,637.0,638.3,636.45,637.05,2680,0
2026-08-07T14:30:00+05:30,636.15,636.8,634.05,636.0,1694,0
2026-08-07T14:45:00+05:30,635.2,637.0,635.2,636.45,1864,0
2026-08-07T15:00:00+05:30,636.5,640.75,632.65,639.8,10762,0
2026-08-07T15:15:00+05:30,640.8,640.8,635.0,635.0,7117,0
2026-08-10T09:15:00+05:30,637.0,640.5,629.65,629.65,19495,0
2026-08-10T09:30:00+05:30,628.6,632.0,628.2,630.15,4601,0
2026-08-10T09:45:00+05:30,630.4,631.8,628.0,630.55,9695,0
2026-08-10T10:00:00+05:30,630.0,639.1,628.55,638.75,12725,0
2026-08-10T10:15:00+05:30,638.3,644.55,637.95,643.9,12571,0
2026-08-10T10:30:00+05:30,644.2,659.55,642.6,656.85,53994,0
2026-08-10T10:45:00+05:30,657.7,667.0,657.05,662.1,39647,0
2026-08-10T11:00:00+05:30,662.35,669.75,660.0,669.75,44403,0
2026-08-10T11:15:00+05:30,669.75,669.75,669.75,669.75,5131,0
2026-08-10T11:30:00+05:30,669.75,669.75,669.75,669.75,7054,0
2026-08-10T11:45:00+05:30,669.75,669.75,669.75,669.75,3958,0
2026-08-10T12:00:00+05:30,669.75,669.75,669.75,669.75,148,0
2026-08-10T12:15:00+05:30,669.75,669.75,669.75,669.75,203,0
2026-08-10T12:30:00+05:30,669.75,669.75,669.75,669.75,1774,0
2026-08-10T12:45:00+05:30,669.75,669.75,669.75,669.75,218,0
2026-08-10T13:00:00+05:30,669.75,669.75,669.75,669.75,2018,0
2026-08-10T13:15:00+05:30,669.75,669.75,669.75,669.75,670,0
2026-08-10T13:30:00+05:30,669.75,669.75,669.75,669.75,557,0
2026-08-10T13:45:00+05:30,669.75,669.75,669.75,669.75,206,0
2026-08-10T14:00:00+05:30,669.75,669.75,669.75,669.75,766,0
2026-08-10T14:15:00+05:30,669.75,669.75,669.75,669.75,15,0
2026-08-10T14:30:00+05:30,669.75,669.75,669.75,669.75,195,0
2026-08-10T14:45:00+05:30,669.75,669.75,669.75,669.75,251,0
2026-08-10T15:00:00+05:30,669.75,669.75,669.75,669.75,572,0
2026-08-10T15:15:00+05:30,669.75,669.75,669.75,669.75,1057,0
2026-08-11T09:15:00+05:30,670.0,674.8,657.05,661.3,63913,0
2026-08-11T09:30:00+05:30,660.25,661.85,655.55,656.15,14498,0
2026-08-11T09:45:00+05:30,656.4,656.9,650.65,652.75,20109,0
2026-08-11T10:00:00+05:30,653.55,655.75,652.3,653.95,8700,0
2026-08-11T10:15:00+05:30,653.45,654.95,652.4,653.0,5015,0
2026-08-11T10:30:00+05:30,652.45,653.9,652.25,652.95,3179,0
2026-08-11T10:45:00+05:30,652.95,654.0,652.15,653.15,3755,0
2026-08-11T11:00:00+05:30,653.5,655.75,653.5,655.4,4100,0
2026-08-11T11:15:00+05:30,655.0,656.0,654.9,655.0,1599,0
2026-08-11T11:30:00+05:30,655.35,655.55,651.65,652.55,5474,0
2026-08-11T11:45:00+05:30,652.65,653.4,652.0,652.0,1401,0
2026-08-11T12:00:00+05:30,652.0,652.5,650.55,651.75,2754,0
2026-08-11T12:15:00+05:30,651.75,651.85,651.0,651.0,1176,0
2026-08-11T12:30:00+05:30,651.45,651.65,650.0,651.0,2853,0
2026-08-11T12:45:00+05:30,650.95,651.65,649.85,650.45,2030,0
2026-08-11T13:00:00+05:30,650.7,651.55,650.25,651.0,1195,0
2026-08-11T13:15:00+05:30,651.0,653.9,651.0,652.45,2576,0
2026-08-11T13:30:00+05:30,652.45,654.25,652.45,653.45,3431,0
2026-08-11T13:45:00+05:30,653.0,653.05,650.35,651.65,3646,0
2026-08-11T14:00:00+05:30,651.4,652.3,650.75,650.75,816,0
2026-08-11T14:15:00+05:30,651.35,652.25,650.05,651.9,2907,0
2026-08-11T14:30:00+05:30,651.9,652.0,650.05,650.75,2715,0
2026-08-11T14:45:00+05:30,650.7,651.85,650.35,650.35,1606,0
2026-08-11T15:00:00+05:30,650.35,653.65,650.35,653.0,6106,0
2026-08-11T15:15:00+05:30,652.5,654.55,651.25,652.0,8670,0
2026-08-12T09:15:00+05:30,650.85,652.5,630.55,633.05,19096,0
2026-08-12T09:30:00+05:30,632.0,632.0,619.9,623.0,59816,0
2026-08-12T09:45:00+05:30,623.0,625.0,622.25,623.75,6104,0
2026-08-12T10:00:00+05:30,623.0,628.0,619.9,621.4,40577,0
2026-08-12T10:15:00+05:30,620.05,620.4,619.9,619.9,6156,0
2026-08-12T10:30:00+05:30,619.9,619.9,619.9,619.9,2183,0
2026-08-12T10:45:00+05:30,619.9,619.9,619.9,619.9,565,0
2026-08-12T11:00:00+05:30,619.9,619.9,619.9,619.9,793,0
2026-08-12T11:15:00+05:30,619.9,619.9,619.9,619.9,333,0
2026-08-12T11:30:00+05:30,619.9,619.9,619.9,619.9,950,0
2026-08-12T11:45:00+05:30,619.9,619.9,619.9,619.9,500,0
2026-08-12T12:00:00+05:30,619.9,619.9,619.9,619.9,437,0
2026-08-12T12:15:00+05:30,619.9,619.9,619.9,619.9,253,0
2026-08-12T12:30:00+05:30,619.9,619.9,619.9,619.9,954,0
2026-08-12T12:45:00+05:30,619.9,619.9,619.9,619.9,94,0
2026-08-12T13:00:00+05:30,619.9,619.9,619.9,619.9,915,0
2026-08-12T13:15:00+05:30,619.9,619.9,619.9,619.9,496,0
2026-08-12T13:30:00+05:30,619.9,619.9,619.9,619.9,380,0
2026-08-12T13:45:00+05:30,619.9,619.9,619.9,619.9,487,0
2026-08-12T14:00:00+05:30,619.9,619.9,619.9,619.9,502,0
2026-08-12T14:15:00+05:30,619.9,619.9,619.9,619.9,208,0
2026-08-12T14:30:00+05:30,619.9,619.9,619.9,619.9,433,0
2026-08-12T14:45:00+05:30,619.9,619.9,619.9,619.9,445,0
2026-08-12T15:00:00+05:30,619.9,619.9,619.9,619.9,2108,0
2026-08-12T15:15:00+05:30,619.9,619.9,619.9,619.9,2605,0
2026-08-13T09:15:00+05:30,614.1,614.1,592.7,597.05,34927,0
2026-08-13T09:30:00+05:30,598.0,601.7,595.0,599.25,12563,0
2026-08-13T09:45:00+05:30,599.2,601.8,596.15,597.0,17721,0
2026-08-13T10:00:00+05:30,597.0,597.0,588.95,591.95,37983,0
2026-08-13T10:15:00+05:30,591.95,593.8,590.65,593.4,4971,0
2026-08-13T10:30:00+05:30,592.8,598.8,592.25,594.05,12377,0
2026-08-13T10:45:00+05:30,594.15,597.1,594.05,595.8,6528,0
2026-08-13T11:00:00+05:30,595.8,595.8,594.55,595.25,2190,0
2026-08-13T11:15:00+05:30,595.0,596.95,594.5,596.95,2865,0
2026-08-13T11:30:00+05:30,596.95,599.7,595.25,597.7,17858,0
2026-08-13T11:45:00+05:30,597.7,598.95,597.0,598.0,5308,0
2026-08-13T12:00:00+05:30,598.0,598.85,597.0,597.95,2757,0
2026-08-13T12:15:00+05:30,597.95,601.9,594.75,595.8,11810,0
2026-08-13T12:30:00+05:30,595.8,597.15,595.2,596.15,1174,0
2026-08-13T12:45:00+05:30,596.95,596.95,593.0,593.0,3735,0
2026-08-13T13:00:00+05:30,594.0,594.35,593.0,593.0,3128,0
2026-08-13T13:15:00+05:30,593.0,593.65,593.0,593.0,980,0
2026-08-13T13:30:00+05:30,593.4,598.0,593.35,595.0,7812,0
2026-08-13T13:45:00+05:30,595.0,597.25,594.05,595.4,4146,0
2026-08-13T14:00:00+05:30,595.85,597.15,594.65,595.2,1765,0
2026-08-13T14:15:00+05:30,595.2,598.0,595.05,596.15,2701,0
2026-08-13T14:30:00+05:30,595.35,595.7,593.05,594.1,2383,0
2026-08-13T14:45:00+05:30,594.8,597.0,594.0,594.35,4231,0
2026-08-13T15:00:00+05:30,594.5,597.0,594.0,595.25,7479,0
2026-08-13T15:15:00+05:30,595.05,596.85,594.15,596.0,6315,0
2026-08-14T09:15:00+05:30,595.75,598.35,583.3,585.0,14066,0
2026-08-14T09:30:00+05:30,585.0,587.85,585.0,586.6,6984,0
2026-08-14T09:45:00+05:30,586.6,588.6,586.0,588.15,3983,0
2026-08-14T10:00:00+05:30,588.15,594.7,586.6,587.45,10023,0
2026-08-14T10:15:00+05:30,587.45,587.8,585.5,585.9,3219,0
2026-08-14T10:30:00+05:30,585.9,586.5,585.75,586.45,1404,0
2026-08-14T10:45:00+05:30,586.5,587.65,586.5,587.0,2365,0
2026-08-14T11:00:00+05:30,587.0,591.0,586.5,591.0,3800,0
2026-08-14T11:15:00+05:30,590.9,590.9,589.1,589.85,2471,0
2026-08-14T11:30:00+05:30,589.55,590.3,589.05,589.25,1064,0
2026-08-14T11:45:00+05:30,589.75,591.0,589.75,590.9,869,0
2026-08-14T12:00:00+05:30,591.0,596.0,590.8,596.0,4831,0
2026-08-14T12:15:00+05:30,596.5,611.0,596.35,608.7,15368,0
2026-08-14T12:30:00+05:30,608.65,608.9,600.0,602.3,14381,0
2026-08-14T12:45:00+05:30,602.3,607.9,599.45,601.55,9062,0
2026-08-14T13:00:00+05:30,601.5,601.55,598.5,599.0,4757,0
2026-08-14T13:15:00+05:30,598.8,599.15,597.65,597.65,1612,0
2026-08-14T13:30:00+05:30,597.4,598.0,595.1,595.1,3885,0
2026-08-14T13:45:00+05:30,595.1,597.45,595.1,597.45,1152,0
2026-08-14T14:00:00+05:30,597.45,598.8,596.95,597.0,2148,0
2026-08-14T14:15:00+05:30,597.0,597.0,595.3,596.3,1363,0
2026-08-14T14:30:00+05:30,596.3,596.3,594.45,596.0,1333,0
2026-08-14T14:45:00+05:30,596.0,596.5,595.2,595.7,2548,0
2026-08-14T15:00:00+05:30,595.8,599.95,593.0,594.15,9665,0
2026-08-14T15:15:00+05:30,594.0,596.85,590.0,593.0,7205,0
2026-08-17T09:15:00+05:30,595.55,595.6,584.05,590.0,17045,0
2026-08-17T09:30:00+05:30,590.0,593.55,590.0,593.55,3151,0
2026-08-17T09:45:00+05:30,593.55,599.3,592.0,592.8,9626,0
2026-08-17T10:00:00+05:30,592.85,593.05,590.6,590.6,2743,0
2026-08-17T10:15:00+05:30,590.35,591.55,590.0,590.0,4155,0
2026-08-17T10:30:00+05:30,590.0,594.8,590.0,591.7,6866,0
2026-08-17T10:45:00+05:30,591.5,591.5,590.05,591.0,745,0
2026-08-17T11:00:00+05:30,590.6,592.45,590.6,591.25,2696,0
2026-08-17T11:15:00+05:30,591.0,592.3,590.85,590.9,1580,0
2026-08-17T11:30:00+05:30,591.65,591.85,590.3,590.4,1766,0
2026-08-17T11:45:00+05:30,590.6,593.05,590.25,593.05,1319,0
2026-08-17T12:00:00+05:30,593.0,593.9,592.35,593.8,833,0
2026-08-17T12:15:00+05:30,593.9,595.8,593.85,595.55,2838,0
2026-08-17T12:30:00+05:30,595.6,606.75,595.6,596.05,14788,0
2026-08-17T12:45:00+05:30,596.15,600.75,596.05,600.75,3141,0
2026-08-17T13:00:00+05:30,600.5,600.8,597.6,597.6,1878,0
2026-08-17T13:15:00+05:30,598.0,598.0,596.1,596.9,1541,0
2026-08-17T13:30:00+05:30,596.9,596.9,596.05,596.05,926,0
2026-08-17T13:45:00+05:30,596.05,596.65,596.05,596.05,723,0
2026-08-17T14:00:00+05:30,596.05,600.0,594.95,599.0,5225,0
2026-08-17T14:15:00+05:30,599.0,599.45,597.1,598.25,2421,0
2026-08-17T14:30:00+05:30,598.25,598.25,596.9,597.9,1054,0
2026-08-17T14:45:00+05:30,597.7,597.7,596.5,596.55,2590,0
2026-08-17T15:00:00+05:30,596.55,597.05,593.0,594.4,6536,0
2026-08-17T15:15:00+05:30,594.65,595.0,590.2,592.95,7784,0
2026-08-18T09:15:00+05:30,593.1,598.0,586.2,588.35,7675,0
2026-08-18T09:30:00+05:30,587.6,591.85,587.6,591.25,5774,0
2026-08-18T09:45:00+05:30,591.3,594.45,591.0,591.55,3928,0
2026-08-18T10:00:00+05:30,591.65,593.0,591.55,592.85,2509,0
2026-08-18T10:15:00+05:30,592.85,592.9,587.0,588.4,8735,0
2026-08-18T10:30:00+05:30,588.5,589.2,572.0,578.0,28246,0
2026-08-18T10:45:00+05:30,578.7,578.7,564.5,564.5,58981,0
2026-08-18T11:00:00+05:30,564.5,575.95,564.5,573.5,17047,0
2026-08-18T11:15:00+05:30,573.95,579.4,572.15,573.8,19040,0
2026-08-18T11:30:00+05:30,573.2,575.0,571.05,572.95,8007,0
2026-08-18T11:45:00+05:30,572.9,573.0,567.75,570.4,16783,0
2026-08-18T12:00:00+05:30,570.4,571.55,568.95,570.0,1690,0
2026-08-18T12:15:00+05:30,570.0,570.0,568.35,569.0,4661,0
2026-08-18T12:30:00+05:30,569.05,569.45,567.55,567.9,4113,0
2026-08-18T12:45:00+05:30,568.0,568.95,565.65,566.0,8727,0
2026-08-18T13:00:00+05:30,565.65,566.0,564.5,564.5,23152,0
2026-08-18T13:15:00+05:30,564.5,564.5,564.5,564.5,2606,0
2026-08-18T13:30:00+05:30,564.5,564.5,564.5,564.5,7914,0
2026-08-18T13:45:00+05:30,564.5,564.5,564.5,564.5,1604,0
2026-08-18T14:00:00+05:30,564.5,564.5,564.5,564.5,2386,0
2026-08-18T14:15:00+05:30,564.5,564.5,564.5,564.5,2308,0
2026-08-18T14:30:00+05:30,564.5,564.5,564.5,564.5,1254,0
2026-08-18T14:45:00+05:30,564.5,564.5,564.5,564.5,1290,0
2026-08-18T15:00:00+05:30,564.5,564.5,564.5,564.5,3624,0
2026-08-18T15:15:00+05:30,564.5,564.5,564.5,564.5,3274,0
2026-08-19T09:15:00+05:30,555.0,561.8,545.0,551.4,73052,0
2026-08-19T09:30:00+05:30,551.45,554.5,548.0,553.5,15793,0
2026-08-19T09:45:00+05:30,552.5,556.2,550.6,550.6,10225,0
2026-08-19T10:00:00+05:30,550.85,552.95,550.3,552.05,7585,0
2026-08-19T10:15:00+05:30,552.25,553.3,550.3,551.3,7926,0
2026-08-19T10:30:00+05:30,551.3,553.2,550.35,550.35,2045,0
2026-08-19T10:45:00+05:30,551.55,552.4,550.1,551.45,5185,0
2026-08-19T11:00:00+05:30,551.35,551.75,550.25,550.9,1844,0
2026-08-19T11:15:00+05:30,551.0,551.0,550.0,550.1,2172,0
2026-08-19T11:30:00+05:30,550.1,555.0,549.95,551.95,10068,0
2026-08-19T11:45:00+05:30,551.95,553.0,551.95,552.95,1008,0
2026-08-19T12:00:00+05:30,552.9,553.5,550.5,550.5,2820,0
2026-08-19T12:15:00+05:30,550.5,553.5,550.5,551.6,2203,0
2026-08-19T12:30:00+05:30,552.3,552.8,551.0,552.0,757,0
2026-08-19T12:45:00+05:30,552.0,552.45,551.4,551.65,775,0
2026-08-19T13:00:00+05:30,551.7,552.35,550.45,551.0,3673,0
2026-08-19T13:15:00+05:30,551.45,552.15,551.15,552.05,703,0
2026-08-19T13:30:00+05:30,552.0,555.0,551.5,552.8,5312,0
2026-08-19T13:45:00+05:30,552.65,554.0,551.3,551.85,1968,0
2026-08-19T14:00:00+05:30,551.85,553.0,551.0,552.0,4099,0
2026-08-19T14:15:00+05:30,552.0,553.0,549.75,550.4,4699,0
2026-08-19T14:30:00+05:30,550.55,552.95,550.5,551.9,2341,0
2026-08-19T14:45:00+05:30,552.0,556.95,550.05,554.0,9057,0
2026-08-19T15:00:00+05:30,554.0,555.0,549.95,553.4,10956,0
2026-08-19T15:15:00+05:30,552.75,554.0,550.0,552.0,14913,0
2026-08-20T09:15:00+05:30,569.0,573.9,560.0,564.8,40976,0
2026-08-20T09:30:00+05:30,564.75,566.3,559.65,560.7,17377,0
2026-08-20T09:45:00+05:30,560.7,561.9,560.05,560.9,3743,0
2026-08-20T10:00:00+05:30,560.5,561.9,559.9,561.0,3017,0
2026-08-20T10:15:00+05:30,560.45,560.8,556.55,559.15,9608,0
2026-08-20T10:30:00+05:30,559.6,560.75,559.05,559.45,2378,0
2026-08-20T10:45:00+05:30,560.0,562.5,559.65,562.5,1730,0
2026-08-20T11:00:00+05:30,562.0,564.45,561.15,562.0,3774,0
2026-08-20T11:15:00+05:30,561.0,562.45,560.05,562.0,1409,0
2026-08-20T11:30:00+05:30,561.75,562.5,561.5,562.0,2551,0
2026-08-20T11:45:00+05:30,562.0,562.0,561.65,562.0,740,0
2026-08-20T12:00:00+05:30,562.0,562.35,561.5,562.35,1633,0
2026-08-20T12:15:00+05:30,562.15,562.9,560.4,562.9,3539,0
2026-08-20T12:30:00+05:30,562.9,563.8,562.35,562.65,1907,0
2026-08-20T12:45:00+05:30,562.95,564.05,562.2,563.55,3072,0
2026-08-20T13:00:00+05:30,563.05,564.0,562.25,563.2,4612,0
2026-08-20T13:15:00+05:30,563.25,566.9,561.0,566.6,9503,0
2026-08-20T13:30:00+05:30,566.7,566.8,563.2,563.2,10479,0
2026-08-20T13:45:00+05:30,563.3,565.45,563.3,564.35,1963,0
2026-08-20T14:00:00+05:30,564.3,564.35,563.0,563.15,1346,0
2026-08-20T14:15:00+05:30,563.15,563.5,561.4,563.0,2950,0
2026-08-20T14:30:00+05:30,563.0,563.0,561.0,561.0,1331,0
2026-08-20T14:45:00+05:30,561.6,562.55,556.2,556.25,6405,0
2026-08-20T15:00:00+05:30,556.25,558.0,547.15,550.25,14771,0
2026-08-20T15:15:00+05:30,550.5,552.0,549.7,551.6,6676,0
2026-08-21T09:15:00+05:30,552.35,555.0,537.15,542.3,14992,0
2026-08-21T09:30:00+05:30,542.0,544.85,541.4,544.8,6147,0
2026-08-21T09:45:00+05:30,544.55,550.85,544.55,549.45,8892,0
2026-08-21T10:00:00+05:30,549.3,549.3,545.0,545.75,5224,0
2026-08-21T10:15:00+05:30,545.75,545.75,544.0,544.35,2076,0
2026-08-21T10:30:00+05:30,544.45,545.75,544.35,545.7,1247,0
2026-08-21T10:45:00+05:30,545.4,545.4,542.55,543.45,5943,0
2026-08-21T11:00:00+05:30,543.45,544.2,542.6,543.2,1391,0
2026-08-21T11:15:00+05:30,543.2,544.3,543.15,543.95,643,0
2026-08-21T11:30:00+05:30,543.95,546.0,543.9,546.0,2923,0
2026-08-21T11:45:00+05:30,545.6,546.3,545.5,545.7,2711,0
2026-08-21T12:00:00+05:30,545.7,546.9,543.65,545.15,6471,0
2026-08-21T12:15:00+05:30,545.15,546.95,545.0,546.05,1282,0
2026-08-21T12:30:00+05:30,545.95,546.3,545.1,546.0,1265,0
2026-08-21T12:45:00+05:30,546.0,546.1,544.45,544.55,1364,0
2026-08-21T13:00:00+05:30,544.55,545.1,544.55,545.1,808,0
2026-08-21T13:15:00+05:30,545.1,545.35,543.0,544.9,4629,0
2026-08-21T13:30:00+05:30,544.3,544.6,542.0,543.0,2532,0
2026-08-21T13:45:00+05:30,542.55,543.1,542.5,543.0,206,0
2026-08-21T14:00:00+05:30,543.4,543.45,543.0,543.45,120,0
2026-08-21T14:15:00+05:30,543.45,543.65,543.0,543.5,436,0
2026-08-21T14:30:00+05:30,543.5,548.0,543.4,544.05,9712,0
2026-08-21T14:45:00+05:30,544.3,544.9,543.0,543.75,4326,0
2026-08-21T15:00:00+05:30,543.8,543.85,541.0,543.65,7041,0
2026-08-21T15:15:00+05:30,543.7,545.35,542.55,543.0,14858,0
2026-08-24T09:15:00+05:30,554.95,565.0,547.6,555.95,49433,0
2026-08-24T09:30:00+05:30,555.95,567.6,555.9,563.6,32099,0
2026-08-24T09:45:00+05:30,563.6,569.0,560.55,567.6,16414,0
2026-08-24T10:00:00+05:30,567.6,570.8,562.1,570.8,24574,0
2026-08-24T10:15:00+05:30,570.8,570.8,563.65,564.85,68409,0
2026-08-24T10:30:00+05:30,564.8,569.0,563.4,567.0,11217,0
2026-08-24T10:45:00+05:30,566.85,568.8,565.75,567.0,4985,0
2026-08-24T11:00:00+05:30,566.9,568.75,566.0,566.0,3581,0
2026-08-24T11:15:00+05:30,566.0,568.0,566.0,567.2,1783,0
2026-08-24T11:30:00+05:30,567.15,568.0,565.05,566.0,3173,0
2026-08-24T11:45:00+05:30,566.0,568.9,565.0,565.0,4250,0
2026-08-24T12:00:00+05:30,565.0,567.0,565.0,565.35,1678,0
2026-08-24T12:15:00+05:30,565.1,566.3,564.05,565.65,2517,0
2026-08-24T12:30:00+05:30,565.65,565.65,564.15,564.9,3006,0
2026-08-24T12:45:00+05:30,564.2,565.0,563.0,563.95,4417,0
2026-08-24T13:00:00+05:30,564.75,565.0,563.05,565.0,1396,0
2026-08-24T13:15:00+05:30,564.9,565.0,564.0,564.9,721,0
2026-08-24T13:30:00+05:30,564.05,565.0,564.05,565.0,960,0
2026-08-24T13:45:00+05:30,565.0,565.0,564.2,564.3,789,0
2026-08-24T14:00:00+05:30,564.3,566.9,563.0,565.4,4249,0
2026-08-24T14:15:00+05:30,565.35,567.85,565.0,566.0,4451,0
2026-08-24T14:30:00+05:30,566.0,567.4,565.2,566.0,1433,0
2026-08-24T14:45:00+05:30,566.0,566.0,565.0,565.85,3516,0
2026-08-24T15:00:00+05:30,565.9,570.5,565.45,567.0,17753,0
2026-08-24T15:15:00+05:30,566.95,570.8,566.95,569.0,109898,0
2026-08-25T09:15:00+05:30,569.0,569.0,556.65,558.5,25416,0
2026-08-25T09:30:00+05:30,558.3,560.4,555.6,557.6,5688,0
2026-08-25T09:45:00+05:30,557.5,560.1,552.0,554.45,15477,0
2026-08-25T10:00:00+05:30,554.5,554.9,552.7,554.0,2784,0
2026-08-25T10:15:00+05:30,554.0,556.0,554.0,556.0,3191,0
2026-08-25T10:30:00+05:30,556.0,556.55,554.1,556.15,831,0
2026-08-25T10:45:00+05:30,555.75,558.5,554.55,557.5,6836,0
2026-08-25T11:00:00+05:30,558.1,561.95,557.1,559.8,8603,0
2026-08-25T11:15:00+05:30,559.8,560.0,558.0,558.75,3370,0
2026-08-25T11:30:00+05:30,558.7,559.4,558.0,559.0,2060,0
2026-08-25T11:45:00+05:30,559.4,559.7,557.3,557.8,4461,0
2026-08-25T12:00:00+05:30,557.35,558.7,557.35,558.0,1258,0
2026-08-25T12:15:00+05:30,558.0,558.0,556.2,556.25,1963,0
2026-08-25T12:30:00+05:30,556.35,556.8,555.65,556.2,483,0
2026-08-25T12:45:00+05:30,556.2,557.95,556.2,557.6,449,0
2026-08-25T13:00:00+05:30,557.6,557.85,556.85,556.85,399,0
2026-08-25T13:15:00+05:30,556.95,557.1,555.4,556.45,2459,0
2026-08-25T13:30:00+05:30,556.45,556.9,555.5,556.0,1964,0
2026-08-25T13:45:00+05:30,556.0,557.0,556.0,557.0,635,0
2026-08-25T14:00:00+05:30,556.55,557.65,556.25,556.35,1231,0
2026-08-25T14:15:00+05:30,556.5,560.25,556.45,559.1,3241,0
2026-08-25T14:30:00+05:30,558.6,560.65,557.55,558.0,6616,0
2026-08-25T14:45:00+05:30,558.0,559.2,558.0,558.35,1292,0
2026-08-25T15:00:00+05:30,558.6,560.85,557.0,558.0,6897,0
2026-08-25T15:15:00+05:30,558.0,559.9,555.0,558.0,7735,0
2026-08-26T09:15:00+05:30,559.2,568.9,559.2,564.05,8504,0
2026-08-26T09:30:00+05:30,564.15,566.0,563.95,565.05,4846,0
2026-08-26T09:45:00+05:30,565.05,567.0,560.15,561.45,4722,0
2026-08-26T10:00:00+05:30,561.25,562.0,560.1,560.2,1664,0
2026-08-26T10:15:00+05:30,560.2,562.85,556.45,558.35,8646,0
2026-08-26T10:30:00+05:30,558.3,559.55,552.95,558.6,9096,0
2026-08-26T10:45:00+05:30,558.3,560.1,556.9,559.0,6284,0
2026-08-26T11:00:00+05:30,558.8,560.85,558.8,559.6,2566,0
2026-08-26T11:15:00+05:30,559.6,560.45,558.4,559.5,806,0
2026-08-26T11:30:00+05:30,559.5,560.1,554.8,556.0,7074,0
2026-08-26T11:45:00+05:30,555.35,556.4,553.55,555.0,5990,0
2026-08-26T12:00:00+05:30,555.0,555.0,554.0,555.0,1081,0
2026-08-26T12:15:00+05:30,555.0,555.0,552.5,552.5,5876,0
2026-08-26T12:30:00+05:30,552.5,554.8,552.5,554.1,1244,0
2026-08-26T12:45:00+05:30,553.8,554.65,552.75,554.1,386,0
2026-08-26T13:00:00+05:30,554.1,554.65,553.0,553.55,687,0
2026-08-26T13:15:00+05:30,553.5,554.75,553.25,553.3,714,0
2026-08-26T13:30:00+05:30,553.05,553.05,549.6,552.05,6421,0
2026-08-26T13:45:00+05:30,551.8,553.0,551.25,553.0,962,0
2026-08-26T14:00:00+05:30,553.0,553.7,552.15,553.7,1452,0
2026-08-26T14:15:00+05:30,553.4,553.6,552.35,553.0,622,0
2026-08-26T14:30:00+05:30,552.85,553.85,552.05,553.8,792,0
2026-08-26T14:45:00+05:30,553.8,554.4,552.75,554.0,1575,0
2026-08-26T15:00:00+05:30,554.0,554.4,552.0,553.0,3373,0
2026-08-26T15:15:00+05:30,553.0,554.5,551.15,554.5,5013,0
2026-08-27T09:15:00+05:30,553.0,561.2,552.95,557.9,8094,0
2026-08-27T09:30:00+05:30,557.8,559.45,556.7,557.0,3219,0
2026-08-27T09:45:00+05:30,557.0,561.0,555.0,559.85,11051,0
2026-08-27T10:00:00+05:30,559.7,565.3,557.9,557.9,10542,0
2026-08-27T10:15:00+05:30,558.05,560.5,557.45,560.5,1996,0
2026-08-27T10:30:00+05:30,560.5,565.6,559.55,562.4,11059,0
2026-08-27T10:45:00+05:30,562.5,562.5,559.05,559.9,3573,0
2026-08-27T11:00:00+05:30,559.9,561.05,558.1,560.95,4107,0
2026-08-27T11:15:00+05:30,560.95,561.0,558.4,559.65,2746,0
2026-08-27T11:30:00+05:30,559.65,564.0,559.25,563.2,6093,0
2026-08-27T11:45:00+05:30,563.2,563.2,561.2,561.4,1327,0
2026-08-27T12:00:00+05:30,561.4,562.5,559.8,561.5,1299,0
2026-08-27T12:15:00+05:30,561.5,563.0,561.05,562.7,941,0
2026-08-27T12:30:00+05:30,562.7,563.0,562.0,562.5,1565,0
2026-08-27T12:45:00+05:30,562.7,564.0,562.3,564.0,1905,0
2026-08-27T13:00:00+05:30,564.0,565.0,563.9,564.85,1573,0
2026-08-27T13:15:00+05:30,564.3,564.3,562.5,562.55,1549,0
2026-08-27T13:30:00+05:30,562.6,563.6,562.5,563.4,1365,0
2026-08-27T13:45:00+05:30,563.4,563.4,561.2,561.65,1383,0
2026-08-27T14:00:00+05:30,561.65,561.65,559.7,560.95,2647,0
2026-08-27T14:15:00+05:30,560.95,560.95,560.0,560.9,734,0
2026-08-27T14:30:00+05:30,560.9,563.0,560.9,562.55,1935,0
2026-08-27T14:45:00+05:30,562.55,563.0,560.65,562.0,2461,0
2026-08-27T15:00:00+05:30,562.0,562.0,552.5,555.4,10956,0
2026-08-27T15:15:00+05:30,556.0,560.0,552.25,556.25,6788,0
2026-08-28T09:15:00+05:30,556.25,578.45,556.25,569.0,24759,0
2026-08-28T09:30:00+05:30,569.0,578.0,568.95,570.65,26822,0
2026-08-28T09:45:00+05:30,570.5,571.45,567.65,569.5,5385,0
2026-08-28T10:00:00+05:30,569.0,569.35,568.05,568.95,1364,0
2026-08-28T10:15:00+05:30,569.25,569.95,566.55,567.05,1676,0
2026-08-28T10:30:00+05:30,566.9,569.95,563.8,568.75,10772,0
2026-08-28T10:45:00+05:30,568.75,573.3,566.6,572.5,7455,0
2026-08-28T11:00:00+05:30,572.5,574.5,571.7,573.4,4396,0
2026-08-28T11:15:00+05:30,573.5,579.0,573.0,576.0,7898,0
2026-08-28T11:30:00+05:30,576.0,578.0,575.1,577.0,4403,0
2026-08-28T11:45:00+05:30,576.35,582.0,576.1,577.75,11960,0
2026-08-28T12:00:00+05:30,577.0,577.5,574.95,576.7,5331,0
2026-08-28T12:15:00+05:30,575.95,577.85,575.55,576.5,1152,0
2026-08-28T12:30:00+05:30,576.5,577.2,576.0,576.9,890,0
2026-08-28T12:45:00+05:30,576.7,577.5,575.7,576.05,2379,0
2026-08-28T13:00:00+05:30,576.8,577.05,574.05,575.05,1724,0
2026-08-28T13:15:00+05:30,575.05,577.85,573.75,577.85,1586,0
2026-08-28T13:30:00+05:30,576.95,578.0,576.55,578.0,985,0
2026-08-28T13:45:00+05:30,578.0,578.65,576.1,576.1,4651,0
2026-08-28T14:00:00+05:30,576.5,582.0,576.2,580.4,10946,0
2026-08-28T14:15:00+05:30,579.25,581.0,578.6,579.55,6216,0
2026-08-28T14:30:00+05:30,579.55,584.0,579.05,582.7,20820,0
2026-08-28T14:45:00+05:30,582.05,583.0,576.4,580.6,3541,0
2026-08-28T15:00:00+05:30,580.55,581.0,576.0,578.15,4773,0
2026-08-28T15:15:00+05:30,578.15,579.0,577.0,578.95,5249,0
2026-08-31T09:15:00+05:30,578.3,597.9,570.0,591.0,48092,0
2026-08-31T09:30:00+05:30,591.25,593.45,582.55,584.4,13874,0
2026-08-31T09:45:00+05:30,583.85,587.95,583.0,586.75,7460,0
2026-08-31T10:00:00+05:30,587.3,589.2,585.0,585.35,3169,0
2026-08-31T10:15:00+05:30,586.0,592.8,585.8,592.25,5907,0
2026-08-31T10:30:00+05:30,591.55,592.1,585.25,586.1,2694,0
2026-08-31T10:45:00+05:30,587.0,588.3,585.8,587.0,1311,0
2026-08-31T11:00:00+05:30,587.0,587.15,586.15,587.1,1411,0
2026-08-31T11:15:00+05:30,587.1,589.0,587.1,587.65,1114,0
2026-08-31T11:30:00+05:30,588.25,591.5,588.0,588.5,3264,0
2026-08-31T11:45:00+05:30,588.65,590.55,588.5,588.5,3759,0
2026-08-31T12:00:00+05:30,588.5,588.75,585.2,585.95,2754,0
2026-08-31T12:15:00+05:30,585.5,585.5,581.6,583.0,4059,0
2026-08-31T12:30:00+05:30,582.95,584.45,582.15,583.05,1480,0
2026-08-31T12:45:00+05:30,583.05,584.9,580.5,580.5,3189,0
2026-08-31T13:00:00+05:30,581.0,581.9,579.0,580.95,4408,0
2026-08-31T13:15:00+05:30,580.3,581.95,580.0,581.8,581,0
2026-08-31T13:30:00+05:30,581.8,582.7,578.1,578.6,1649,0
2026-08-31T13:45:00+05:30,578.1,580.2,578.1,578.4,1627,0
2026-08-31T14:00:00+05:30,578.45,580.35,578.0,579.95,1920,0
2026-08-31T14:15:00+05:30,579.95,580.65,579.35,580.2,1318,0
2026-08-31T14:30:00+05:30,580.2,582.1,580.15,580.95,528,0
2026-08-31T14:45:00+05:30,580.9,580.9,575.0,575.0,4011,0
2026-08-31T15:00:00+05:30,575.05,576.95,573.5,575.15,4848,0
2026-08-31T15:15:00+05:30,575.0,576.8,571.0,575.0,6714,0
2026-09-01T09:15:00+05:30,576.0,590.5,575.0,589.7,14027,0
2026-09-01T09:30:00+05:30,589.15,592.85,584.0,585.0,11496,0
2026-09-01T09:45:00+05:30,585.05,588.95,583.35,585.05,5653,0
2026-09-01T10:00:00+05:30,585.75,587.0,585.0,585.3,2004,0
2026-09-01T10:15:00+05:30,585.35,587.7,584.85,587.7,1918,0
2026-09-01T10:30:00+05:30,587.3,589.35,585.55,588.9,3755,0
2026-09-01T10:45:00+05:30,588.5,589.0,586.8,588.5,858,0
2026-09-01T11:00:00+05:30,587.95,588.95,587.05,588.2,1547,0
2026-09-01T11:15:00+05:30,587.45,589.0,587.05,587.25,980,0
2026-09-01T11:30:00+05:30,587.25,587.25,585.6,586.75,287,0
2026-09-01T11:45:00+05:30,586.45,589.0,586.0,588.9,636,0
2026-09-01T12:00:00+05:30,588.05,588.85,585.65,587.0,2435,0
2026-09-01T12:15:00+05:30,587.0,587.55,585.75,586.5,641,0
2026-09-01T12:30:00+05:30,586.8,587.0,583.45,584.1,1369,0
2026-09-01T12:45:00+05:30,584.1,584.1,582.25,582.95,681,0
2026-09-01T13:00:00+05:30,582.95,582.95,580.15,580.15,882,0
2026-09-01T13:15:00+05:30,580.85,581.95,579.1,579.1,2048,0
2026-09-01T13:30:00+05:30,579.25,591.0,579.25,588.0,10765,0
2026-09-01T13:45:00+05:30,588.0,597.5,585.9,595.0,30662,0
2026-09-01T14:00:00+05:30,595.05,595.75,589.6,591.65,4309,0
2026-09-01T14:15:00+05:30,591.8,593.65,588.15,588.3,6301,0
2026-09-01T14:30:00+05:30,589.3,592.0,588.0,588.35,2445,0
2026-09-01T14:45:00+05:30,588.05,589.15,586.95,588.75,1572,0
2026-09-01T15:00:00+05:30,588.35,588.75,581.55,584.6,4683,0
2026-09-01T15:15:00+05:30,584.55,594.0,584.55,591.0,19594,0
2026-09-02T09:15:00+05:30,590.0,593.0,583.0,587.0,10617,0
2026-09-02T09:30:00+05:30,586.6,589.9,584.15,585.35,9342,0
2026-09-02T09:45:00+05:30,585.3,587.0,584.4,585.75,1509,0
2026-09-02T10:00:00+05:30,584.75,585.0,583.1,583.1,880,0
2026-09-02T10:15:00+05:30,583.1,584.05,582.5,583.9,1648,0
2026-09-02T10:30:00+05:30,583.2,584.65,580.45,581.65,2391,0
2026-09-02T10:45:00+05:30,581.65,582.5,578.0,578.9,2678,0
2026-09-02T11:00:00+05:30,578.9,579.5,575.0,576.4,5088,0
2026-09-02T11:15:00+05:30,576.5,583.4,576.0,583.0,6651,0
2026-09-02T11:30:00+05:30,581.35,581.9,578.7,579.7,1489,0
2026-09-02T11:45:00+05:30,579.7,580.35,579.15,580.3,275,0
2026-09-02T12:00:00+05:30,580.3,580.3,578.5,579.3,1094,0
2026-09-02T12:15:00+05:30,579.3,580.0,577.0,577.0,1466,0
2026-09-02T12:30:00+05:30,578.15,578.5,575.6,575.6,2072,0
2026-09-02T12:45:00+05:30,575.8,577.7,575.0,576.85,2962,0
2026-09-02T13:00:00+05:30,576.85,585.0,575.8,582.1,13264,0
2026-09-02T13:15:00+05:30,582.1,585.45,582.1,583.65,4759,0
2026-09-02T13:30:00+05:30,583.65,583.65,581.4,583.5,2953,0
2026-09-02T13:45:00+05:30,583.5,585.05,583.0,584.4,1823,0
2026-09-02T14:00:00+05:30,583.25,584.35,582.85,584.35,642,0
2026-09-02T14:15:00+05:30,584.35,584.35,582.05,582.8,795,0
2026-09-02T14:30:00+05:30,582.8,584.0,582.0,582.05,1548,0
2026-09-02T14:45:00+05:30,582.3,582.5,580.0,580.65,2975,0
2026-09-02T15:00:00+05:30,580.45,580.45,578.7,579.9,3284,0
2026-09-02T15:15:00+05:30,579.85,583.0,577.7,580.1,4307,0
2026-09-03T09:15:00+05:30,583.1,588.25,583.0,584.05,7090,0
2026-09-03T09:30:00+05:30,584.05,588.2,584.05,586.5,3527,0
2026-09-03T09:45:00+05:30,586.5,588.0,585.95,586.0,2244,0
2026-09-03T10:00:00+05:30,586.0,586.0,582.6,584.65,1832,0
2026-09-03T10:15:00+05:30,583.05,584.65,583.0,583.7,1114,0
2026-09-03T10:30:00+05:30,583.7,583.7,582.05,583.0,1112,0
2026-09-03T10:45:00+05:30,583.55,583.55,582.1,583.25,311,0
2026-09-03T11:00:00+05:30,583.5,583.65,580.05,581.95,2080,0
2026-09-03T11:15:00+05:30,580.3,582.45,580.3,581.25,944,0
2026-09-03T11:30:00+05:30,581.4,583.55,581.4,582.5,804,0
2026-09-03T11:45:00+05:30,582.5,587.9,582.1,587.9,4864,0
2026-09-03T12:00:00+05:30,587.8,590.0,584.55,590.0,6775,0
2026-09-03T12:15:00+05:30,590.0,592.0,587.8,589.75,6459,0
2026-09-03T12:30:00+05:30,587.5,588.2,585.0,588.2,3182,0
2026-09-03T12:45:00+05:30,588.2,588.8,586.55,587.35,1106,0
2026-09-03T13:00:00+05:30,587.2,588.2,586.6,587.1,981,0
2026-09-03T13:15:00+05:30,587.1,587.95,585.55,587.95,975,0
2026-09-03T13:30:00+05:30,587.15,589.0,586.85,589.0,1082,0
2026-09-03T13:45:00+05:30,589.45,589.45,587.05,587.2,700,0
2026-09-03T14:00:00+05:30,588.15,591.5,588.15,590.55,3332,0
2026-09-03T14:15:00+05:30,590.0,591.65,590.0,590.9,2312,0
2026-09-03T14:30:00+05:30,590.05,590.05,587.8,588.5,735,0
2026-09-03T14:45:00+05:30,589.1,590.25,587.05,587.65,1314,0
2026-09-03T15:00:00+05:30,589.15,590.0,585.0,585.0,6367,0
2026-09-03T15:15:00+05:30,584.5,589.05,584.5,587.0,4753,0
