timestamp,open,high,low,close,volume,oi
2026-02-26T09:15:00+05:30,144.5,144.99,141.71,141.71,15573,0
2026-02-26T09:30:00+05:30,141.71,143.68,141.35,143.36,7116,0
2026-02-26T09:45:00+05:30,143.36,144.0,143.36,144.0,1184,0
2026-02-26T10:00:00+05:30,144.0,144.1,143.7,144.1,326,0
2026-02-26T10:15:00+05:30,144.1,144.1,143.71,144.03,109,0
2026-02-26T10:30:00+05:30,144.03,144.05,143.72,143.72,189,0
2026-02-26T10:45:00+05:30,143.72,144.05,143.57,143.57,298,0
2026-02-26T11:00:00+05:30,143.8,143.95,143.8,143.95,165,0
2026-02-26T11:15:00+05:30,143.95,143.95,143.44,143.44,483,0
2026-02-26T11:30:00+05:30,143.44,143.44,142.5,142.5,1188,0
2026-02-26T11:45:00+05:30,142.5,143.39,142.5,143.39,2119,0
2026-02-26T12:00:00+05:30,143.33,143.33,142.9,142.9,312,0
2026-02-26T12:15:00+05:30,142.9,144.21,142.9,143.44,2875,0
2026-02-26T12:30:00+05:30,143.44,143.73,141.27,141.27,4316,0
2026-02-26T12:45:00+05:30,141.27,143.19,141.27,143.17,2624,0
2026-02-26T13:00:00+05:30,143.17,143.25,142.61,142.61,403,0
2026-02-26T13:15:00+05:30,142.61,142.64,142.24,142.5,173,0
2026-02-26T13:30:00+05:30,142.58,143.05,142.05,143.05,3220,0
2026-02-26T13:45:00+05:30,143.0,143.39,142.56,142.99,748,0
2026-02-26T14:00:00+05:30,142.93,142.93,142.61,142.61,759,0
2026-02-26T14:15:00+05:30,142.61,144.76,142.42,144.15,13740,0
2026-02-26T14:30:00+05:30,144.76,147.5,144.76,146.66,7460,0
2026-02-26T14:45:00+05:30,146.66,147.2,146.66,147.15,383,0
2026-02-26T15:00:00+05:30,147.15,147.15,146.61,146.86,2377,0
2026-02-26T15:15:00+05:30,146.54,147.62,145.75,146.75,6471,0
2026-02-27T09:15:00+05:30,147.1,147.39,145.37,145.37,2918,0
2026-02-27T09:30:00+05:30,145.37,146.18,145.25,145.51,793,0
2026-02-27T09:45:00+05:30,145.45,145.7,145.06,145.06,857,0
2026-02-27T10:00:00+05:30,145.06,145.33,145.04,145.31,133,0
2026-02-27T10:15:00+05:30,145.31,145.31,145.04,145.1,44,0
2026-02-27T10:30:00+05:30,145.1,145.6,145.1,145.34,279,0
2026-02-27T10:45:00+05:30,145.34,145.34,145.05,145.32,2302,0
2026-02-27T11:00:00+05:30,145.32,145.32,145.32,145.32,6,0
2026-02-27T11:15:00+05:30,145.32,145.32,144.87,144.9,431,0
2026-02-27T11:30:00+05:30,144.87,144.91,144.74,144.74,182,0
2026-02-27T11:45:00+05:30,144.87,144.88,144.87,144.87,510,0
2026-02-27T12:00:00+05:30,144.87,146.74,144.85,146.74,2800,0
2026-02-27T12:15:00+05:30,146.98,147.0,146.25,146.25,464,0
2026-02-27T12:30:00+05:30,146.25,146.25,145.51,145.71,1172,0
2026-02-27T12:45:00+05:30,145.71,145.74,145.71,145.74,1,0
2026-02-27T13:00:00+05:30,145.74,146.06,145.74,145.77,111,0
2026-02-27T13:15:00+05:30,145.77,145.77,145.51,145.51,225,0
2026-02-27T13:30:00+05:30,145.51,145.79,145.5,145.5,290,0
2026-02-27T13:45:00+05:30,145.5,145.75,145.5,145.75,1,0
2026-02-27T14:00:00+05:30,145.75,145.75,145.49,145.53,15,0
2026-02-27T14:15:00+05:30,145.67,145.67,145.65,145.65,153,0
2026-02-27T14:30:00+05:30,145.49,147.0,145.22,147.0,3120,0
2026-02-27T14:45:00+05:30,147.0,147.0,146.42,146.8,323,0
2026-02-27T15:00:00+05:30,146.8,148.0,146.0,148.0,3584,0
2026-02-27T15:15:00+05:30,147.06,147.06,146.3,147.0,3142,0
2026-03-02T09:15:00+05:30,140.5,144.07,140.0,141.81,13572,0
2026-03-02T09:30:00+05:30,142.02,142.98,141.81,142.98,3696,0
2026-03-02T09:45:00+05:30,142.98,144.24,142.82,143.52,2872,0
2026-03-02T10:00:00+05:30,143.52,144.09,142.02,142.02,1825,0
2026-03-02T10:15:00+05:30,142.55,144.0,142.25,143.98,5735,0
2026-03-02T10:30:00+05:30,143.59,143.59,143.23,143.47,577,0
2026-03-02T10:45:00+05:30,143.47,143.47,141.54,141.54,5016,0
2026-03-02T11:00:00+05:30,141.28,143.0,141.28,142.0,8293,0
2026-03-02T11:15:00+05:30,142.0,142.0,141.01,141.01,5768,0
2026-03-02T11:30:00+05:30,141.01,141.59,140.64,141.1,1905,0
2026-03-02T11:45:00+05:30,141.1,141.1,139.75,140.46,9616,0
2026-03-02T12:00:00+05:30,140.09,140.99,139.81,140.59,1481,0
2026-03-02T12:15:00+05:30,140.59,140.67,140.0,140.04,3660,0
2026-03-02T12:30:00+05:30,140.1,140.79,139.7,139.8,1301,0
2026-03-02T12:45:00+05:30,139.69,139.91,139.28,139.64,2109,0
2026-03-02T13:00:00+05:30,139.64,140.8,139.64,140.23,2910,0
2026-03-02T13:15:00+05:30,140.23,140.23,139.5,139.63,1212,0
2026-03-02T13:30:00+05:30,139.63,139.63,139.04,139.46,640,0
2026-03-02T13:45:00+05:30,139.47,139.66,138.65,138.65,4261,0
2026-03-02T14:00:00+05:30,138.71,140.0,138.63,139.93,3696,0
2026-03-02T14:15:00+05:30,139.93,139.93,139.3,139.5,578,0
2026-03-02T14:30:00+05:30,139.5,142.49,139.5,142.33,13212,0
2026-03-02T14:45:00+05:30,142.33,142.33,141.8,141.8,2367,0
2026-03-02T15:00:00+05:30,141.99,142.0,141.8,141.99,536,0
2026-03-02T15:15:00+05:30,141.53,143.11,141.02,143.0,7366,0
2026-03-04T09:15:00+05:30,139.93,140.04,136.36,137.86,20188,0
2026-03-04T09:30:00+05:30,137.84,137.88,137.06,137.87,4061,0
2026-03-04T09:45:00+05:30,137.87,138.0,137.14,137.25,2370,0
2026-03-04T10:00:00+05:30,137.25,138.26,137.25,138.26,2770,0
2026-03-04T10:15:00+05:30,138.15,138.71,138.04,138.71,1613,0
2026-03-04T10:30:00+05:30,138.61,138.61,137.83,137.83,668,0
2026-03-04T10:45:00+05:30,137.83,138.27,137.83,137.88,391,0
2026-03-04T11:00:00+05:30,137.88,139.0,137.88,138.99,1817,0
2026-03-04T11:15:00+05:30,138.99,139.0,138.12,138.12,389,0
2026-03-04T11:30:00+05:30,138.23,138.39,137.85,138.26,2028,0
2026-03-04T11:45:00+05:30,138.26,138.5,137.94,137.94,4701,0
2026-03-04T12:00:00+05:30,137.65,137.72,137.5,137.71,3232,0
2026-03-04T12:15:00+05:30,137.51,137.65,137.0,137.0,7778,0
2026-03-04T12:30:00+05:30,136.9,136.97,136.0,136.94,5188,0
2026-03-04T12:45:00+05:30,136.94,137.99,136.62,137.13,3510,0
2026-03-04T13:00:00+05:30,137.46,137.81,136.88,137.81,153,0
2026-03-04T13:15:00+05:30,137.81,137.81,137.2,137.48,47,0
2026-03-04T13:30:00+05:30,137.48,137.48,136.65,137.02,16730,0
2026-03-04T13:45:00+05:30,137.02,137.99,136.5,137.5,12594,0
2026-03-04T14:00:00+05:30,137.5,138.9,137.5,138.49,6942,0
2026-03-04T14:15:00+05:30,138.49,138.79,138.1,138.1,1054,0
2026-03-04T14:30:00+05:30,138.1,139.09,138.0,138.94,21079,0
2026-03-04T14:45:00+05:30,138.94,138.94,138.43,138.43,1359,0
2026-03-04T15:00:00+05:30,138.46,138.46,137.48,137.48,1844,0
2026-03-04T15:15:00+05:30,137.29,137.57,136.4,137.2,5819,0
2026-03-05T09:15:00+05:30,142.0,142.02,137.9,138.1,12418,0
2026-03-05T09:30:00+05:30,138.1,138.57,138.1,138.39,250,0
2026-03-05T09:45:00+05:30,138.39,138.5,138.01,138.01,548,0
2026-03-05T10:00:00+05:30,138.01,138.01,136.91,137.03,4105,0
2026-03-05T10:15:00+05:30,137.0,137.0,137.0,137.0,670,0
2026-03-05T10:30:00+05:30,137.0,137.9,137.0,137.49,1863,0
2026-03-05T10:45:00+05:30,137.49,137.49,137.01,137.01,815,0
2026-03-05T11:00:00+05:30,137.01,137.01,137.0,137.0,722,0
2026-03-05T11:15:00+05:30,137.0,137.54,137.0,137.38,541,0
2026-03-05T11:30:00+05:30,137.38,137.38,137.0,137.0,1196,0
2026-03-05T11:45:00+05:30,137.0,137.0,136.73,136.73,92,0
2026-03-05T12:00:00+05:30,136.73,137.0,136.73,137.0,133,0
2026-03-05T12:15:00+05:30,137.0,137.0,137.0,137.0,5,0
2026-03-05T12:30:00+05:30,137.0,137.13,136.73,137.0,331,0
2026-03-05T12:45:00+05:30,137.0,137.0,136.83,136.83,89,0
2026-03-05T13:00:00+05:30,136.83,137.79,136.83,137.79,489,0
2026-03-05T13:15:00+05:30,137.79,137.79,137.04,137.04,362,0
2026-03-05T13:30:00+05:30,137.04,137.24,137.04,137.24,32,0
2026-03-05T13:45:00+05:30,137.24,137.24,136.0,136.44,3248,0
2026-03-05T14:00:00+05:30,136.44,136.44,135.4,135.4,4313,0
2026-03-05T14:15:00+05:30,135.4,135.8,135.0,135.52,1808,0
2026-03-05T14:30:00+05:30,135.52,136.28,135.31,136.28,723,0
2026-03-05T14:45:00+05:30,136.49,136.79,136.06,136.06,534,0
2026-03-05T15:00:00+05:30,136.06,137.89,136.06,137.68,6507,0
2026-03-05T15:15:00+05:30,136.74,138.0,136.51,138.0,2271,0
2026-03-06T09:15:00+05:30,137.52,138.16,136.2,137.69,4024,0
2026-03-06T09:30:00+05:30,137.69,138.2,137.0,138.2,3126,0
2026-03-06T09:45:00+05:30,138.2,138.4,137.85,137.85,454,0
2026-03-06T10:00:00+05:30,137.85,138.19,137.78,138.18,415,0
2026-03-06T10:15:00+05:30,138.18,138.18,137.72,137.73,233,0
2026-03-06T10:30:00+05:30,137.73,138.26,137.73,137.84,498,0
2026-03-06T10:45:00+05:30,137.84,137.84,137.84,137.84,0,0
2026-03-06T11:00:00+05:30,137.84,137.84,137.46,137.46,451,0
2026-03-06T11:15:00+05:30,137.46,137.46,137.28,137.28,96,0
2026-03-06T11:30:00+05:30,137.28,137.28,137.2,137.2,6,0
2026-03-06T11:45:00+05:30,137.2,137.3,137.2,137.3,189,0
2026-03-06T12:00:00+05:30,137.3,137.3,137.3,137.3,0,0
2026-03-06T12:15:00+05:30,137.3,137.4,137.3,137.4,17,0
2026-03-06T12:30:00+05:30,137.4,139.0,137.4,139.0,2671,0
2026-03-06T12:45:00+05:30,139.0,139.05,138.46,139.03,539,0
2026-03-06T13:00:00+05:30,138.57,139.05,138.0,138.38,2288,0
2026-03-06T13:15:00+05:30,138.38,139.0,138.38,138.39,765,0
2026-03-06T13:30:00+05:30,138.39,138.39,138.31,138.31,50,0
2026-03-06T13:45:00+05:30,138.31,138.99,138.31,138.61,1029,0
2026-03-06T14:00:00+05:30,138.69,138.88,138.69,138.88,144,0
2026-03-06T14:15:00+05:30,138.88,138.97,138.5,138.97,357,0
2026-03-06T14:30:00+05:30,138.97,138.97,138.6,138.6,536,0
2026-03-06T14:45:00+05:30,138.19,138.99,138.0,138.83,2190,0
2026-03-06T15:00:00+05:30,138.83,138.96,138.01,138.96,1025,0
2026-03-06T15:15:00+05:30,138.0,138.96,137.0,137.0,2826,0
2026-03-09T09:15:00+05:30,128.3,136.85,128.3,135.0,15018,0
2026-03-09T09:30:00+05:30,135.0,135.0,133.0,133.0,2403,0
2026-03-09T09:45:00+05:30,133.42,134.77,132.73,134.45,1197,0
2026-03-09T10:00:00+05:30,134.45,134.49,132.77,134.49,1361,0
2026-03-09T10:15:00+05:30,134.49,134.49,132.05,133.51,1433,0
2026-03-09T10:30:00+05:30,133.46,134.49,133.44,133.98,1996,0
2026-03-09T10:45:00+05:30,133.98,133.98,133.01,133.35,1382,0
2026-03-09T11:00:00+05:30,133.35,133.72,133.17,133.17,972,0
2026-03-09T11:15:00+05:30,133.17,133.96,133.17,133.75,1327,0
2026-03-09T11:30:00+05:30,133.75,133.96,133.5,133.5,679,0
2026-03-09T11:45:00+05:30,133.5,133.5,132.5,132.5,3072,0
2026-03-09T12:00:00+05:30,132.5,133.29,132.5,132.76,638,0
2026-03-09T12:15:00+05:30,132.76,133.79,132.72,133.23,1454,0
2026-03-09T12:30:00+05:30,133.02,135.99,133.02,134.9,6061,0
2026-03-09T12:45:00+05:30,134.9,136.6,134.9,136.15,4913,0
2026-03-09T13:00:00+05:30,136.15,136.56,136.15,136.15,1684,0
2026-03-09T13:15:00+05:30,136.15,136.6,136.15,136.53,1266,0
2026-03-09T13:30:00+05:30,136.53,136.6,136.15,136.15,6299,0
2026-03-09T13:45:00+05:30,136.15,136.25,136.15,136.25,25,0
2026-03-09T14:00:00+05:30,136.25,136.47,136.0,136.0,3406,0
2026-03-09T14:15:00+05:30,136.0,136.0,135.41,135.41,106,0
2026-03-09T14:30:00+05:30,135.41,136.0,134.9,134.9,1560,0
2026-03-09T14:45:00+05:30,134.9,135.89,134.9,135.54,1016,0
2026-03-09T15:00:00+05:30,135.74,136.0,135.4,135.54,3002,0
2026-03-09T15:15:00+05:30,135.61,135.72,134.9,135.72,2164,0
2026-03-10T09:15:00+05:30,136.0,138.4,136.0,137.9,3557,0
2026-03-10T09:30:00+05:30,137.9,137.99,137.2,137.3,861,0
2026-03-10T09:45:00+05:30,137.3,137.3,137.01,137.01,290,0
2026-03-10T10:00:00+05:30,137.19,137.49,137.19,137.39,62,0
2026-03-10T10:15:00+05:30,137.44,137.69,137.44,137.69,131,0
2026-03-10T10:30:00+05:30,137.69,138.45,137.57,138.45,971,0
2026-03-10T10:45:00+05:30,138.45,138.45,138.2,138.27,4165,0
2026-03-10T11:00:00+05:30,138.27,138.39,137.99,138.39,1201,0
2026-03-10T11:15:00+05:30,138.39,140.78,138.37,139.75,8882,0
2026-03-10T11:30:00+05:30,139.75,140.1,139.22,140.0,1942,0
2026-03-10T11:45:00+05:30,140.2,141.4,140.2,141.0,2252,0
2026-03-10T12:00:00+05:30,141.0,142.48,140.8,142.0,5653,0
2026-03-10T12:15:00+05:30,142.0,142.83,140.82,140.82,11529,0
2026-03-10T12:30:00+05:30,140.82,140.82,140.82,140.82,0,0
2026-03-10T12:45:00+05:30,140.9,142.1,140.9,142.1,1895,0
2026-03-10T13:00:00+05:30,142.18,142.22,141.81,141.81,2127,0
2026-03-10T13:15:00+05:30,141.81,141.93,141.8,141.93,459,0
2026-03-10T13:30:00+05:30,141.93,142.2,141.81,142.18,189,0
2026-03-10T13:45:00+05:30,142.18,142.18,141.22,141.22,851,0
2026-03-10T14:00:00+05:30,141.22,141.9,141.22,141.9,2113,0
2026-03-10T14:15:00+05:30,141.9,142.0,141.81,142.0,487,0
2026-03-10T14:30:00+05:30,142.0,142.05,141.71,141.71,203,0
2026-03-10T14:45:00+05:30,141.71,142.4,141.71,142.4,766,0
2026-03-10T15:00:00+05:30,142.4,142.5,142.2,142.31,484,0
2026-03-10T15:15:00+05:30,142.31,142.6,139.5,141.16,10660,0
2026-03-11T09:15:00+05:30,144.0,144.0,141.42,143.14,1712,0
2026-03-11T09:30:00+05:30,143.14,143.14,141.98,141.99,1246,0
2026-03-11T09:45:00+05:30,141.94,142.0,141.53,141.53,1280,0
2026-03-11T10:00:00+05:30,141.59,141.71,141.05,141.05,772,0
2026-03-11T10:15:00+05:30,141.05,141.2,140.6,140.6,620,0
2026-03-11T10:30:00+05:30,140.6,141.08,140.6,140.85,838,0
2026-03-11T10:45:00+05:30,140.85,140.85,140.5,140.5,149,0
2026-03-11T11:00:00+05:30,140.5,141.1,140.5,141.1,446,0
2026-03-11T11:15:00+05:30,141.1,141.1,141.1,141.1,0,0
2026-03-11T11:30:00+05:30,140.88,141.45,140.88,141.21,2949,0
2026-03-11T11:45:00+05:30,141.21,141.21,140.48,140.72,51,0
2026-03-11T12:00:00+05:30,140.72,140.8,140.45,140.62,339,0
2026-03-11T12:15:00+05:30,140.62,140.62,140.22,140.57,5449,0
2026-03-11T12:30:00+05:30,140.57,140.57,140.2,140.2,25,0
2026-03-11T12:45:00+05:30,140.2,140.79,140.2,140.79,251,0
2026-03-11T13:00:00+05:30,140.79,140.8,140.25,140.25,2439,0
2026-03-11T13:15:00+05:30,140.25,140.46,139.91,140.31,841,0
2026-03-11T13:30:00+05:30,140.31,140.31,139.9,139.99,2084,0
2026-03-11T13:45:00+05:30,139.99,140.34,139.82,140.34,260,0
2026-03-11T14:00:00+05:30,140.34,140.34,138.5,139.05,2621,0
2026-03-11T14:15:00+05:30,138.86,138.86,138.05,138.23,8584,0
2026-03-11T14:30:00+05:30,138.23,139.0,138.23,138.56,1021,0
2026-03-11T14:45:00+05:30,138.98,139.0,138.98,138.99,679,0
2026-03-11T15:00:00+05:30,138.99,138.99,138.98,138.99,187,0
2026-03-11T15:15:00+05:30,138.99,138.99,137.11,137.11,2400,0
2026-03-12T09:15:00+05:30,139.2,139.2,136.1,137.3,3304,0
2026-03-12T09:30:00+05:30,137.0,137.24,135.96,135.96,1413,0
2026-03-12T09:45:00+05:30,135.96,136.63,135.96,136.2,3206,0
2026-03-12T10:00:00+05:30,136.2,136.3,135.8,136.09,2610,0
2026-03-12T10:15:00+05:30,135.92,136.15,135.11,135.6,6030,0
2026-03-12T10:30:00+05:30,135.6,136.0,135.5,136.0,6754,0
2026-03-12T10:45:00+05:30,136.0,136.28,135.65,135.9,1980,0
2026-03-12T11:00:00+05:30,136.28,136.3,135.4,136.0,5542,0
2026-03-12T11:15:00+05:30,136.0,136.0,135.49,135.73,364,0
2026-03-12T11:30:00+05:30,135.73,135.74,135.71,135.74,12,0
2026-03-12T11:45:00+05:30,135.74,137.5,135.74,137.43,6023,0
2026-03-12T12:00:00+05:30,137.43,137.43,137.05,137.43,561,0
2026-03-12T12:15:00+05:30,137.43,137.52,135.92,136.43,5326,0
2026-03-12T12:30:00+05:30,136.43,136.43,135.91,136.2,19,0
2026-03-12T12:45:00+05:30,136.0,136.25,136.0,136.25,11,0
2026-03-12T13:00:00+05:30,136.25,136.68,135.9,135.9,1600,0
2026-03-12T13:15:00+05:30,135.9,136.8,135.9,136.8,300,0
2026-03-12T13:30:00+05:30,136.8,137.0,136.1,137.0,337,0
2026-03-12T13:45:00+05:30,136.69,136.69,136.43,136.5,315,0
2026-03-12T14:00:00+05:30,136.5,136.79,136.14,136.48,868,0
2026-03-12T14:15:00+05:30,136.48,136.48,136.0,136.0,570,0
2026-03-12T14:30:00+05:30,136.0,136.59,136.0,136.59,101,0
2026-03-12T14:45:00+05:30,136.59,136.89,136.0,136.0,1213,0
2026-03-12T15:00:00+05:30,136.0,136.5,135.93,135.93,2474,0
2026-03-12T15:15:00+05:30,135.95,136.98,135.2,136.4,4188,0
2026-03-13T09:15:00+05:30,134.51,142.5,134.51,140.0,13425,0
2026-03-13T09:30:00+05:30,139.9,140.32,139.0,139.34,3018,0
2026-03-13T09:45:00+05:30,138.91,140.0,138.0,138.44,5080,0
2026-03-13T10:00:00+05:30,138.38,138.38,137.64,137.64,348,0
2026-03-13T10:15:00+05:30,137.64,137.99,137.1,137.99,1568,0
2026-03-13T10:30:00+05:30,137.99,138.8,137.99,138.8,1252,0
2026-03-13T10:45:00+05:30,138.8,138.87,138.4,138.87,348,0
2026-03-13T11:00:00+05:30,138.55,138.55,138.01,138.01,60,0
2026-03-13T11:15:00+05:30,138.12,138.68,137.81,138.4,1096,0
2026-03-13T11:30:00+05:30,138.4,138.4,138.4,138.4,0,0
2026-03-13T11:45:00+05:30,138.4,138.88,138.4,138.57,13,0
2026-03-13T12:00:00+05:30,138.57,138.57,138.57,138.57,0,0
2026-03-13T12:15:00+05:30,138.57,139.0,136.7,136.93,4812,0
2026-03-13T12:30:00+05:30,136.93,137.02,136.65,136.65,1063,0
2026-03-13T12:45:00+05:30,136.65,137.0,136.6,136.88,160,0
2026-03-13T13:00:00+05:30,137.08,137.1,135.96,135.96,6739,0
2026-03-13T13:15:00+05:30,135.96,142.6,135.09,141.88,12446,0
2026-03-13T13:30:00+05:30,141.51,141.51,139.0,139.0,4699,0
2026-03-13T13:45:00+05:30,138.9,138.9,137.3,137.3,4576,0
2026-03-13T14:00:00+05:30,137.2,137.39,136.21,136.21,1697,0
2026-03-13T14:15:00+05:30,136.69,136.88,136.2,136.2,841,0
2026-03-13T14:30:00+05:30,136.38,136.85,136.05,136.84,18396,0
2026-03-13T14:45:00+05:30,136.85,137.13,136.0,136.0,13562,0
2026-03-13T15:00:00+05:30,135.9,135.93,135.5,135.51,2018,0
2026-03-13T15:15:00+05:30,135.51,135.6,133.5,133.5,5339,0
2026-03-16T09:15:00+05:30,135.0,136.0,132.14,133.99,6365,0
2026-03-16T09:30:00+05:30,133.99,138.0,133.99,137.29,5600,0
2026-03-16T09:45:00+05:30,137.29,137.29,135.5,135.5,1020,0
2026-03-16T10:00:00+05:30,135.07,135.3,134.39,134.39,1559,0
2026-03-16T10:15:00+05:30,134.44,134.76,132.69,132.69,3292,0
2026-03-16T10:30:00+05:30,132.69,133.96,131.51,131.51,8335,0
2026-03-16T10:45:00+05:30,131.51,132.2,131.51,131.79,1272,0
2026-03-16T11:00:00+05:30,131.79,134.0,131.79,132.05,5080,0
2026-03-16T11:15:00+05:30,132.05,134.0,131.78,132.5,14619,0
2026-03-16T11:30:00+05:30,132.41,132.74,131.03,131.23,1881,0
2026-03-16T11:45:00+05:30,131.23,135.5,131.23,134.2,19802,0
2026-03-16T12:00:00+05:30,133.33,133.58,132.34,132.8,1611,0
2026-03-16T12:15:00+05:30,132.6,132.6,132.0,132.0,2214,0
2026-03-16T12:30:00+05:30,132.0,132.0,131.02,131.68,1256,0
2026-03-16T12:45:00+05:30,131.68,131.7,131.21,131.7,389,0
2026-03-16T13:00:00+05:30,131.7,131.7,130.81,130.81,3865,0
2026-03-16T13:15:00+05:30,130.81,130.81,130.81,130.81,0,0
2026-03-16T13:30:00+05:30,131.5,133.5,131.41,132.66,5838,0
2026-03-16T13:45:00+05:30,132.66,133.87,132.66,133.31,231,0
2026-03-16T14:00:00+05:30,133.31,134.07,129.81,131.01,19664,0
2026-03-16T14:15:00+05:30,131.01,133.5,131.01,133.04,2921,0
2026-03-16T14:30:00+05:30,133.04,133.59,132.92,133.1,999,0
2026-03-16T14:45:00+05:30,132.72,134.78,132.72,134.55,3024,0
2026-03-16T15:00:00+05:30,134.63,134.8,133.62,133.62,907,0
2026-03-16T15:15:00+05:30,134.24,136.0,133.0,134.5,5444,0
2026-03-17T09:15:00+05:30,135.32,137.1,134.0,134.17,6254,0
2026-03-17T09:30:00+05:30,134.42,134.42,133.51,133.6,2025,0
2026-03-17T09:45:00+05:30,134.07,134.38,134.07,134.3,317,0
2026-03-17T10:00:00+05:30,134.3,134.55,134.01,134.09,1447,0
2026-03-17T10:15:00+05:30,134.09,134.3,134.09,134.23,305,0
2026-03-17T10:30:00+05:30,134.2,134.2,133.21,133.28,1401,0
2026-03-17T10:45:00+05:30,133.28,133.86,133.28,133.45,577,0
2026-03-17T11:00:00+05:30,133.73,133.73,133.31,133.31,419,0
2026-03-17T11:15:00+05:30,133.31,133.43,132.64,132.8,1377,0
2026-03-17T11:30:00+05:30,132.94,133.18,132.61,133.18,286,0
2026-03-17T11:45:00+05:30,133.18,133.18,132.85,132.85,3,0
2026-03-17T12:00:00+05:30,132.85,132.88,132.85,132.86,20,0
2026-03-17T12:15:00+05:30,132.86,133.16,132.86,132.91,14,0
2026-03-17T12:30:00+05:30,132.91,133.2,132.65,133.2,342,0
2026-03-17T12:45:00+05:30,133.2,133.2,132.8,133.09,62,0
2026-03-17T13:00:00+05:30,133.09,133.15,132.55,132.97,1032,0
2026-03-17T13:15:00+05:30,132.97,132.97,132.0,132.41,3472,0
2026-03-17T13:30:00+05:30,132.63,133.0,132.63,132.63,302,0
2026-03-17T13:45:00+05:30,132.63,132.7,132.63,132.7,67,0
2026-03-17T14:00:00+05:30,132.7,132.7,132.0,132.05,2426,0
2026-03-17T14:15:00+05:30,132.05,132.19,131.93,132.14,2090,0
2026-03-17T14:30:00+05:30,132.14,132.48,132.0,132.3,337,0
2026-03-17T14:45:00+05:30,132.3,132.49,132.22,132.49,221,0
2026-03-17T15:00:00+05:30,132.49,133.05,132.0,133.0,3080,0
2026-03-17T15:15:00+05:30,133.0,133.03,131.01,132.0,5961,0
2026-03-18T09:15:00+05:30,132.5,136.0,132.5,134.19,8097,0
2026-03-18T09:30:00+05:30,134.21,135.0,133.61,134.93,2279,0
2026-03-18T09:45:00+05:30,134.93,135.48,134.93,135.17,936,0
2026-03-18T10:00:00+05:30,135.17,135.17,134.4,134.4,219,0
2026-03-18T10:15:00+05:30,134.4,135.02,134.4,134.64,961,0
2026-03-18T10:30:00+05:30,134.64,134.98,134.64,134.93,12,0
2026-03-18T10:45:00+05:30,134.93,134.93,133.9,134.59,1142,0
2026-03-18T11:00:00+05:30,134.58,134.58,134.58,134.58,5,0
2026-03-18T11:15:00+05:30,134.43,134.8,134.39,134.39,319,0
2026-03-18T11:30:00+05:30,134.39,135.05,134.39,135.05,10492,0
2026-03-18T11:45:00+05:30,135.05,135.05,134.41,134.41,196,0
2026-03-18T12:00:00+05:30,134.41,134.59,134.01,134.59,417,0
2026-03-18T12:15:00+05:30,134.21,134.25,133.5,133.81,3360,0
2026-03-18T12:30:00+05:30,133.81,133.81,133.41,133.75,882,0
2026-03-18T12:45:00+05:30,133.75,135.54,133.56,135.27,13282,0
2026-03-18T13:00:00+05:30,135.99,136.25,134.72,134.98,6041,0
2026-03-18T13:15:00+05:30,134.98,136.25,134.94,135.32,1401,0
2026-03-18T13:30:00+05:30,135.32,135.9,135.32,135.58,22534,0
2026-03-18T13:45:00+05:30,135.58,136.2,135.48,136.2,24292,0
2026-03-18T14:00:00+05:30,136.2,136.2,135.57,135.6,2509,0
2026-03-18T14:15:00+05:30,135.6,135.73,135.34,135.51,2699,0
2026-03-18T14:30:00+05:30,135.51,135.59,135.0,135.0,346,0
2026-03-18T14:45:00+05:30,135.0,135.37,134.82,134.82,461,0
2026-03-18T15:00:00+05:30,134.71,134.71,133.8,134.34,751,0
2026-03-18T15:15:00+05:30,134.7,137.7,134.0,137.7,6797,0
2026-03-19T09:15:00+05:30,137.6,137.6,134.16,134.16,2501,0
2026-03-19T09:30:00+05:30,134.3,134.59,134.28,134.44,346,0
2026-03-19T09:45:00+05:30,134.44,135.96,134.44,135.96,3051,0
2026-03-19T10:00:00+05:30,135.96,135.96,135.89,135.96,229,0
2026-03-19T10:15:00+05:30,135.95,135.95,134.44,135.0,3475,0
2026-03-19T10:30:00+05:30,135.0,135.5,135.0,135.0,350,0
2026-03-19T10:45:00+05:30,135.0,135.28,135.0,135.28,130,0
2026-03-19T11:00:00+05:30,135.28,135.28,134.9,134.9,348,0
2026-03-19T11:15:00+05:30,134.9,135.09,134.9,135.09,3,0
2026-03-19T11:30:00+05:30,135.09,135.09,134.3,134.3,585,0
2026-03-19T11:45:00+05:30,134.3,134.3,133.62,134.1,733,0
2026-03-19T12:00:00+05:30,134.1,134.1,134.1,134.1,0,0
2026-03-19T12:15:00+05:30,134.11,134.6,134.05,134.47,2710,0
2026-03-19T12:30:00+05:30,134.47,134.47,134.04,134.35,176,0
2026-03-19T12:45:00+05:30,134.35,134.35,134.0,134.0,102,0
2026-03-19T13:00:00+05:30,134.0,134.1,133.75,134.1,150,0
2026-03-19T13:15:00+05:30,134.08,134.34,133.62,133.93,904,0
2026-03-19T13:30:00+05:30,133.93,135.19,133.73,134.6,1283,0
2026-03-19T13:45:00+05:30,134.6,134.68,134.1,134.21,416,0
2026-03-19T14:00:00+05:30,134.21,134.59,134.0,134.0,458,0
2026-03-19T14:15:00+05:30,134.0,134.05,133.3,133.6,711,0
2026-03-19T14:30:00+05:30,133.6,133.8,133.6,133.6,167,0
2026-03-19T14:45:00+05:30,133.6,133.6,131.0,131.63,11243,0
2026-03-19T15:00:00+05:30,131.63,132.8,131.6,132.72,3160,0
2026-03-19T15:15:00+05:30,132.78,132.8,131.5,132.7,3343,0
2026-03-20T09:15:00+05:30,133.0,135.0,132.34,134.5,4760,0
2026-03-20T09:30:00+05:30,134.81,134.89,133.52,133.52,549,0
2026-03-20T09:45:00+05:30,133.52,133.79,133.5,133.79,283,0
2026-03-20T10:00:00+05:30,133.79,133.79,132.0,132.0,2769,0
2026-03-20T10:15:00+05:30,132.44,134.0,131.55,132.25,10373,0
2026-03-20T10:30:00+05:30,132.28,132.59,132.28,132.28,726,0
2026-03-20T10:45:00+05:30,132.28,133.27,132.13,132.23,2312,0
2026-03-20T11:00:00+05:30,132.44,132.7,132.16,132.16,5206,0
2026-03-20T11:15:00+05:30,132.16,132.7,132.16,132.7,1011,0
2026-03-20T11:30:00+05:30,132.7,132.7,132.62,132.65,63,0
2026-03-20T11:45:00+05:30,132.65,133.0,131.71,132.89,3957,0
2026-03-20T12:00:00+05:30,133.09,133.09,132.4,132.4,220,0
2026-03-20T12:15:00+05:30,132.4,132.64,132.4,132.59,25,0
2026-03-20T12:30:00+05:30,132.59,133.0,132.44,132.8,1086,0
2026-03-20T12:45:00+05:30,132.8,132.8,132.6,132.6,38,0
2026-03-20T13:00:00+05:30,132.64,133.7,132.64,133.2,860,0
2026-03-20T13:15:00+05:30,133.2,133.39,132.82,133.39,85,0
2026-03-20T13:30:00+05:30,133.39,133.39,132.9,132.9,200,0
2026-03-20T13:45:00+05:30,132.9,132.9,132.7,132.7,21,0
2026-03-20T14:00:00+05:30,132.7,132.83,132.7,132.83,5,0
2026-03-20T14:15:00+05:30,132.83,132.83,132.4,132.4,79,0
2026-03-20T14:30:00+05:30,132.4,132.4,132.02,132.4,71,0
2026-03-20T14:45:00+05:30,132.4,134.25,132.4,133.0,2979,0
2026-03-20T15:00:00+05:30,133.0,133.48,133.0,133.48,157,0
2026-03-20T15:15:00+05:30,133.01,134.5,130.98,134.5,5825,0
2026-03-23T09:15:00+05:30,131.0,131.43,128.9,129.13,4142,0
2026-03-23T09:30:00+05:30,129.74,129.74,127.41,128.0,5049,0
2026-03-23T09:45:00+05:30,128.09,129.13,128.09,128.5,2923,0
2026-03-23T10:00:00+05:30,128.5,128.5,127.45,127.45,751,0
2026-03-23T10:15:00+05:30,127.45,127.61,126.23,126.81,3211,0
2026-03-23T10:30:00+05:30,126.81,127.78,126.22,126.99,723,0
2026-03-23T10:45:00+05:30,126.97,127.38,126.22,126.6,2867,0
2026-03-23T11:00:00+05:30,126.99,127.18,126.83,127.07,421,0
2026-03-23T11:15:00+05:30,127.07,127.07,126.76,126.76,107,0
2026-03-23T11:30:00+05:30,126.76,126.76,126.76,126.76,0,0
2026-03-23T11:45:00+05:30,126.76,127.58,126.76,127.58,334,0
2026-03-23T12:00:00+05:30,127.58,127.89,126.87,126.9,2206,0
2026-03-23T12:15:00+05:30,126.9,126.97,126.2,126.2,2921,0
2026-03-23T12:30:00+05:30,126.85,126.88,125.51,125.51,3321,0
2026-03-23T12:45:00+05:30,125.51,125.75,125.0,125.0,3696,0
2026-03-23T13:00:00+05:30,125.05,125.05,124.2,124.2,3330,0
2026-03-23T13:15:00+05:30,124.0,124.29,124.0,124.18,1956,0
2026-03-23T13:30:00+05:30,124.18,124.85,124.17,124.85,966,0
2026-03-23T13:45:00+05:30,124.85,124.9,123.0,123.8,10005,0
2026-03-23T14:00:00+05:30,123.77,124.53,123.66,123.92,9026,0
2026-03-23T14:15:00+05:30,123.31,123.99,123.31,123.89,261,0
2026-03-23T14:30:00+05:30,123.89,123.89,122.2,123.25,5295,0
2026-03-23T14:45:00+05:30,123.25,123.82,123.0,123.7,1078,0
2026-03-23T15:00:00+05:30,123.69,124.0,123.01,123.01,6179,0
2026-03-23T15:15:00+05:30,123.3,124.5,123.0,123.0,10531,0
2026-03-24T09:15:00+05:30,125.4,126.99,125.35,126.69,5179,0
2026-03-24T09:30:00+05:30,127.0,127.15,125.81,126.5,7696,0
2026-03-24T09:45:00+05:30,126.17,126.18,125.45,125.99,1343,0
2026-03-24T10:00:00+05:30,125.99,126.0,124.86,124.99,2711,0
2026-03-24T10:15:00+05:30,124.99,124.99,124.21,124.21,240,0
2026-03-24T10:30:00+05:30,124.21,124.22,123.75,123.77,2297,0
2026-03-24T10:45:00+05:30,123.77,123.96,123.01,123.01,1149,0
2026-03-24T11:00:00+05:30,123.01,123.98,123.01,123.98,5851,0
2026-03-24T11:15:00+05:30,123.98,123.98,123.94,123.95,130,0
2026-03-24T11:30:00+05:30,123.95,123.95,123.95,123.95,0,0
2026-03-24T11:45:00+05:30,123.95,125.78,123.31,125.78,10018,0
2026-03-24T12:00:00+05:30,125.8,126.19,125.11,125.11,1283,0
2026-03-24T12:15:00+05:30,125.11,126.88,125.11,125.92,710,0
2026-03-24T12:30:00+05:30,125.92,127.27,125.04,127.17,3711,0
2026-03-24T12:45:00+05:30,127.15,127.42,126.49,126.9,4202,0
2026-03-24T13:00:00+05:30,126.9,127.69,126.9,127.69,1472,0
2026-03-24T13:15:00+05:30,127.79,128.55,127.61,128.02,2885,0
2026-03-24T13:30:00+05:30,128.02,128.2,128.02,128.2,4,0
2026-03-24T13:45:00+05:30,128.2,128.2,127.56,127.6,184,0
2026-03-24T14:00:00+05:30,127.6,127.79,127.6,127.72,15,0
2026-03-24T14:15:00+05:30,127.72,127.72,127.2,127.2,470,0
2026-03-24T14:30:00+05:30,127.2,127.62,127.2,127.26,540,0
2026-03-24T14:45:00+05:30,127.27,127.72,127.25,127.72,678,0
2026-03-24T15:00:00+05:30,127.72,131.15,127.61,131.13,12303,0
2026-03-24T15:15:00+05:30,131.13,131.13,124.5,125.25,11192,0
2026-03-25T09:15:00+05:30,131.0,132.49,129.06,130.83,28645,0
2026-03-25T09:30:00+05:30,131.14,132.49,130.81,131.7,1534,0
2026-03-25T09:45:00+05:30,131.7,132.38,131.22,131.66,953,0
2026-03-25T10:00:00+05:30,131.66,131.93,130.0,130.7,5094,0
2026-03-25T10:15:00+05:30,130.51,132.0,129.85,131.37,9608,0
2026-03-25T10:30:00+05:30,132.12,132.49,131.0,132.08,4574,0
2026-03-25T10:45:00+05:30,132.08,132.49,131.41,132.49,349,0
2026-03-25T11:00:00+05:30,132.45,135.49,132.43,134.25,49144,0
2026-03-25T11:15:00+05:30,134.25,137.2,134.25,135.5,14372,0
2026-03-25T11:30:00+05:30,135.95,136.0,134.67,134.67,1182,0
2026-03-25T11:45:00+05:30,134.67,136.59,134.56,135.25,11986,0
2026-03-25T12:00:00+05:30,136.35,137.9,135.72,137.23,7642,0
2026-03-25T12:15:00+05:30,137.23,140.11,137.23,139.2,28368,0
2026-03-25T12:30:00+05:30,139.27,139.9,138.96,139.2,3013,0
2026-03-25T12:45:00+05:30,139.5,139.72,138.87,138.88,948,0
2026-03-25T13:00:00+05:30,138.82,139.2,137.22,137.93,6014,0
2026-03-25T13:15:00+05:30,138.5,139.32,138.02,138.37,1715,0
2026-03-25T13:30:00+05:30,138.37,139.38,138.37,138.5,1750,0
2026-03-25T13:45:00+05:30,138.5,139.2,137.93,137.93,1376,0
2026-03-25T14:00:00+05:30,137.93,138.29,137.9,138.29,200,0
2026-03-25T14:15:00+05:30,138.29,138.59,137.22,137.22,1847,0
2026-03-25T14:30:00+05:30,137.22,138.0,137.22,137.85,1329,0
2026-03-25T14:45:00+05:30,137.57,138.53,137.1,137.97,7356,0
2026-03-25T15:00:00+05:30,137.29,138.55,137.1,137.1,3458,0
2026-03-25T15:15:00+05:30,137.2,137.5,135.25,136.0,34695,0
2026-03-27T09:15:00+05:30,136.88,136.88,134.61,136.0,2005,0
2026-03-27T09:30:00+05:30,136.28,136.28,133.5,133.5,1855,0
2026-03-27T09:45:00+05:30,133.5,133.7,132.23,132.58,1003,0
2026-03-27T10:00:00+05:30,132.58,132.94,130.42,131.95,4308,0
2026-03-27T10:15:00+05:30,131.95,132.42,131.02,132.42,2295,0
2026-03-27T10:30:00+05:30,132.16,132.78,132.08,132.78,470,0
2026-03-27T10:45:00+05:30,132.78,132.78,132.4,132.41,591,0
2026-03-27T11:00:00+05:30,132.41,132.41,132.41,132.41,1,0
2026-03-27T11:15:00+05:30,132.41,132.41,129.05,129.13,13974,0
2026-03-27T11:30:00+05:30,129.2,129.2,127.95,128.85,19502,0
2026-03-27T11:45:00+05:30,128.83,129.37,128.17,128.98,855,0
2026-03-27T12:00:00+05:30,128.96,130.78,128.69,130.6,107130,0
2026-03-27T12:15:00+05:30,130.94,130.95,130.26,130.65,524,0
2026-03-27T12:30:00+05:30,130.65,130.65,129.82,130.36,1020,0
2026-03-27T12:45:00+05:30,130.36,130.46,129.6,129.9,2069,0
2026-03-27T13:00:00+05:30,129.9,130.29,129.55,129.92,1145,0
2026-03-27T13:15:00+05:30,129.92,130.6,129.92,130.11,665,0
2026-03-27T13:30:00+05:30,130.11,130.37,129.81,130.19,562,0
2026-03-27T13:45:00+05:30,130.11,130.11,129.8,129.8,38,0
2026-03-27T14:00:00+05:30,129.8,129.8,129.0,129.37,1875,0
2026-03-27T14:15:00+05:30,129.37,129.7,129.0,129.23,712,0
2026-03-27T14:30:00+05:30,129.5,129.5,128.5,129.5,71746,0
2026-03-27T14:45:00+05:30,129.11,129.64,129.0,129.37,10303,0
2026-03-27T15:00:00+05:30,129.37,129.37,122.2,124.74,1262770,0
2026-03-27T15:15:00+05:30,124.49,124.74,123.0,124.09,36244,0
2026-03-30T09:15:00+05:30,123.0,125.99,120.25,122.11,26047,0
2026-03-30T09:30:00+05:30,122.31,124.14,122.11,123.62,6886,0
2026-03-30T09:45:00+05:30,123.62,125.1,122.82,124.41,16771,0
2026-03-30T10:00:00+05:30,124.07,124.73,123.1,123.15,28091,0
2026-03-30T10:15:00+05:30,123.15,123.3,122.1,122.1,10050,0
2026-03-30T10:30:00+05:30,122.1,123.06,121.42,121.95,2661,0
2026-03-30T10:45:00+05:30,121.78,122.04,121.15,121.76,2367,0
2026-03-30T11:00:00+05:30,122.02,123.36,121.3,122.46,6474,0
2026-03-30T11:15:00+05:30,122.46,122.96,121.66,121.66,2155,0
2026-03-30T11:30:00+05:30,121.66,122.19,121.0,121.8,6118,0
2026-03-30T11:45:00+05:30,121.74,121.74,121.0,121.36,2376,0
2026-03-30T12:00:00+05:30,121.36,123.9,121.36,122.76,25648,0
2026-03-30T12:15:00+05:30,122.76,123.0,122.04,122.14,835,0
2026-03-30T12:30:00+05:30,122.49,123.42,122.32,122.32,849,0
2026-03-30T12:45:00+05:30,122.85,123.25,122.07,122.89,5245,0
2026-03-30T13:00:00+05:30,122.64,122.92,122.64,122.92,16,0
2026-03-30T13:15:00+05:30,122.92,122.92,121.5,121.5,1836,0
2026-03-30T13:30:00+05:30,121.5,122.0,121.36,121.37,5826,0
2026-03-30T13:45:00+05:30,121.37,121.76,120.27,121.42,17450,0
2026-03-30T14:00:00+05:30,121.37,122.39,121.37,121.81,460,0
2026-03-30T14:15:00+05:30,121.81,122.43,121.44,121.44,754,0
2026-03-30T14:30:00+05:30,121.44,123.02,121.0,121.0,9503,0
2026-03-30T14:45:00+05:30,121.0,122.0,121.0,121.09,3457,0
2026-03-30T15:00:00+05:30,121.61,121.61,120.0,120.46,6532,0
2026-03-30T15:15:00+05:30,120.12,120.12,118.01,118.5,23954,0
2026-04-01T09:15:00+05:30,120.6,129.39,120.6,127.01,22164,0
2026-04-01T09:30:00+05:30,127.03,128.15,125.22,125.82,12417,0
2026-04-01T09:45:00+05:30,125.83,126.94,125.82,126.25,3803,0
2026-04-01T10:00:00+05:30,126.25,126.55,125.96,126.34,1200,0
2026-04-01T10:15:00+05:30,126.34,126.34,124.61,125.01,2146,0
2026-04-01T10:30:00+05:30,125.01,125.35,124.41,125.17,821,0
2026-04-01T10:45:00+05:30,125.17,127.0,125.17,126.41,2659,0
2026-04-01T11:00:00+05:30,126.02,126.95,124.95,125.24,6904,0
2026-04-01T11:15:00+05:30,125.24,126.6,125.24,126.5,3011,0
2026-04-01T11:30:00+05:30,126.7,127.34,126.37,126.58,4837,0
2026-04-01T11:45:00+05:30,126.27,127.0,125.81,127.0,2354,0
2026-04-01T12:00:00+05:30,127.0,128.49,126.54,128.25,5254,0
2026-04-01T12:15:00+05:30,128.0,128.25,127.89,127.89,83,0
2026-04-01T12:30:00+05:30,127.89,128.59,127.82,128.59,234,0
2026-04-01T12:45:00+05:30,128.59,129.33,128.59,129.33,3084,0
2026-04-01T13:00:00+05:30,129.5,130.59,129.5,129.8,2849,0
2026-04-01T13:15:00+05:30,130.11,130.2,129.02,129.37,2505,0
2026-04-01T13:30:00+05:30,129.37,129.48,128.5,128.51,620,0
2026-04-01T13:45:00+05:30,128.51,130.2,128.51,130.2,2268,0
2026-04-01T14:00:00+05:30,130.2,130.2,129.0,129.3,919,0
2026-04-01T14:15:00+05:30,129.3,129.3,128.89,128.89,1014,0
2026-04-01T14:30:00+05:30,128.89,128.99,128.12,128.12,800,0
2026-04-01T14:45:00+05:30,128.12,128.29,127.8,128.24,763,0
2026-04-01T15:00:00+05:30,128.25,128.94,128.01,128.65,1785,0
2026-04-01T15:15:00+05:30,128.16,130.2,128.05,130.2,2242,0
2026-04-02T09:15:00+05:30,128.82,128.82,125.13,127.87,9271,0
2026-04-02T09:30:00+05:30,128.38,128.38,127.39,127.9,1615,0
2026-04-02T09:45:00+05:30,127.4,130.0,127.22,128.85,3713,0
2026-04-02T10:00:00+05:30,128.85,129.59,127.68,127.81,1030,0
2026-04-02T10:15:00+05:30,127.81,128.18,127.12,127.13,726,0
2026-04-02T10:30:00+05:30,127.13,129.15,127.13,129.07,1403,0
2026-04-02T10:45:00+05:30,128.5,129.49,128.21,128.21,672,0
2026-04-02T11:00:00+05:30,128.21,128.21,128.18,128.18,1,0
2026-04-02T11:15:00+05:30,128.18,130.49,128.18,130.1,1318,0
2026-04-02T11:30:00+05:30,130.1,130.5,129.99,130.5,248,0
2026-04-02T11:45:00+05:30,130.88,131.3,130.8,131.3,203,0
2026-04-02T12:00:00+05:30,131.3,131.3,130.27,130.35,981,0
2026-04-02T12:15:00+05:30,130.35,131.0,130.35,130.4,576,0
2026-04-02T12:30:00+05:30,130.4,130.43,130.4,130.43,35,0
2026-04-02T12:45:00+05:30,130.43,132.19,130.0,130.0,8021,0
2026-04-02T13:00:00+05:30,130.0,131.0,129.86,131.0,1570,0
2026-04-02T13:15:00+05:30,130.3,130.99,130.01,130.92,1052,0
2026-04-02T13:30:00+05:30,130.6,131.0,130.0,131.0,7024,0
2026-04-02T13:45:00+05:30,131.0,131.37,129.54,129.54,10514,0
2026-04-02T14:00:00+05:30,129.54,130.79,129.52,130.72,1285,0
2026-04-02T14:15:00+05:30,130.72,130.72,129.81,130.33,1053,0
2026-04-02T14:30:00+05:30,130.33,131.38,129.26,129.41,3120,0
2026-04-02T14:45:00+05:30,129.41,131.0,129.41,131.0,1411,0
2026-04-02T15:00:00+05:30,131.0,134.0,129.83,133.5,6968,0
2026-04-02T15:15:00+05:30,132.79,133.46,131.0,132.0,5799,0
2026-04-06T09:15:00+05:30,133.0,133.5,130.65,130.65,2328,0
2026-04-06T09:30:00+05:30,131.36,131.37,130.01,130.01,1349,0
2026-04-06T09:45:00+05:30,130.59,130.59,129.61,130.31,721,0
2026-04-06T10:00:00+05:30,130.31,130.31,129.87,130.29,48,0
2026-04-06T10:15:00+05:30,130.29,130.29,129.55,129.55,972,0
2026-04-06T10:30:00+05:30,129.76,130.0,129.41,129.94,2735,0
2026-04-06T10:45:00+05:30,129.99,130.0,129.41,129.65,771,0
2026-04-06T11:00:00+05:30,129.65,129.85,128.58,128.58,1314,0
2026-04-06T11:15:00+05:30,128.52,129.22,128.52,129.16,53,0
2026-04-06T11:30:00+05:30,129.16,130.0,129.0,129.22,1721,0
2026-04-06T11:45:00+05:30,129.37,130.0,129.37,130.0,11535,0
2026-04-06T12:00:00+05:30,130.0,130.0,129.65,129.65,1288,0
2026-04-06T12:15:00+05:30,129.56,130.0,129.02,130.0,2497,0
2026-04-06T12:30:00+05:30,130.0,130.85,129.21,130.05,5244,0
2026-04-06T12:45:00+05:30,130.05,130.05,129.74,129.74,174,0
2026-04-06T13:00:00+05:30,129.74,130.35,129.74,130.35,15,0
2026-04-06T13:15:00+05:30,130.35,134.0,130.14,133.9,10761,0
2026-04-06T13:30:00+05:30,132.6,133.9,131.5,131.64,3700,0
2026-04-06T13:45:00+05:30,131.64,132.5,131.61,132.23,500,0
2026-04-06T14:00:00+05:30,132.23,134.47,132.14,133.63,4886,0
2026-04-06T14:15:00+05:30,133.63,133.63,132.88,132.88,51,0
2026-04-06T14:30:00+05:30,132.88,134.5,132.88,133.04,1495,0
2026-04-06T14:45:00+05:30,133.03,133.88,132.51,133.88,259,0
2026-04-06T15:00:00+05:30,133.88,134.0,133.16,133.16,607,0
2026-04-06T15:15:00+05:30,133.2,134.99,131.79,134.8,6101,0
2026-04-07T09:15:00+05:30,134.99,135.37,134.08,135.02,711,0
2026-04-07T09:30:00+05:30,135.02,135.02,132.53,132.74,1707,0
2026-04-07T09:45:00+05:30,132.74,133.09,132.69,132.69,391,0
2026-04-07T10:00:00+05:30,132.69,133.3,132.44,132.44,605,0
2026-04-07T10:15:00+05:30,132.44,135.5,132.25,134.6,5792,0
2026-04-07T10:30:00+05:30,134.99,135.9,134.13,134.13,1180,0
2026-04-07T10:45:00+05:30,135.14,137.27,134.92,134.93,5013,0
2026-04-07T11:00:00+05:30,134.93,134.93,134.11,134.11,1376,0
2026-04-07T11:15:00+05:30,134.01,135.5,133.22,135.01,4031,0
2026-04-07T11:30:00+05:30,135.01,135.28,134.11,134.55,860,0
2026-04-07T11:45:00+05:30,134.55,138.8,134.55,138.01,25412,0
2026-04-07T12:00:00+05:30,137.56,138.7,136.18,136.62,2984,0
2026-04-07T12:15:00+05:30,136.62,136.69,135.9,136.05,1559,0
2026-04-07T12:30:00+05:30,136.05,136.19,136.0,136.05,381,0
2026-04-07T12:45:00+05:30,136.05,136.1,136.05,136.05,475,0
2026-04-07T13:00:00+05:30,136.05,138.0,135.7,138.0,4887,0
2026-04-07T13:15:00+05:30,138.0,138.0,136.5,137.99,3763,0
2026-04-07T13:30:00+05:30,136.52,137.99,136.33,137.4,1918,0
2026-04-07T13:45:00+05:30,137.4,137.43,136.5,136.5,769,0
2026-04-07T14:00:00+05:30,136.5,136.5,136.11,136.11,627,0
2026-04-07T14:15:00+05:30,136.0,136.0,135.5,135.5,381,0
2026-04-07T14:30:00+05:30,135.5,137.0,135.5,136.5,731,0
2026-04-07T14:45:00+05:30,136.5,136.5,135.73,135.73,29,0
2026-04-07T15:00:00+05:30,136.48,137.0,136.06,137.0,987,0
2026-04-07T15:15:00+05:30,136.75,137.0,132.3,137.0,8778,0
2026-04-08T09:15:00+05:30,140.6,143.2,138.6,138.6,25799,0
2026-04-08T09:30:00+05:30,138.95,139.03,137.97,139.03,2235,0
2026-04-08T09:45:00+05:30,139.37,139.4,138.52,139.09,2450,0
2026-04-08T10:00:00+05:30,139.09,139.18,138.62,138.69,1117,0
2026-04-08T10:15:00+05:30,138.87,138.87,138.41,138.41,4273,0
2026-04-08T10:30:00+05:30,138.59,138.83,138.4,138.71,972,0
2026-04-08T10:45:00+05:30,138.7,139.18,138.7,139.16,1391,0
2026-04-08T11:00:00+05:30,139.16,139.16,138.55,138.66,184,0
2026-04-08T11:15:00+05:30,138.66,138.72,138.27,138.3,2459,0
2026-04-08T11:30:00+05:30,138.3,138.72,137.8,138.23,1751,0
2026-04-08T11:45:00+05:30,138.23,138.45,137.73,138.1,1046,0
2026-04-08T12:00:00+05:30,138.1,138.24,137.51,137.51,858,0
2026-04-08T12:15:00+05:30,137.51,139.0,137.51,137.56,11689,0
2026-04-08T12:30:00+05:30,137.56,138.59,137.56,138.16,633,0
2026-04-08T12:45:00+05:30,138.16,138.44,137.7,137.87,902,0
2026-04-08T13:00:00+05:30,137.87,138.0,137.63,137.63,556,0
2026-04-08T13:15:00+05:30,137.63,137.95,137.6,137.6,201,0
2026-04-08T13:30:00+05:30,137.7,137.8,137.4,137.8,2245,0
2026-04-08T13:45:00+05:30,137.8,138.0,137.57,137.57,2568,0
2026-04-08T14:00:00+05:30,137.57,139.0,137.2,137.66,11442,0
2026-04-08T14:15:00+05:30,137.66,137.97,137.66,137.76,167,0
2026-04-08T14:30:00+05:30,137.76,138.47,137.76,138.47,1061,0
2026-04-08T14:45:00+05:30,138.47,138.47,136.25,136.5,10045,0
2026-04-08T15:00:00+05:30,136.5,136.97,136.33,136.97,415,0
2026-04-08T15:15:00+05:30,136.97,136.99,134.21,136.99,7814,0
2026-04-09T09:15:00+05:30,135.9,137.55,135.5,137.26,1692,0
2026-04-09T09:30:00+05:30,136.84,136.84,134.94,135.0,2655,0
2026-04-09T09:45:00+05:30,135.0,135.45,134.06,134.4,2267,0
2026-04-09T10:00:00+05:30,134.4,135.29,133.21,134.51,3500,0
2026-04-09T10:15:00+05:30,134.93,135.69,134.0,135.0,3654,0
2026-04-09T10:30:00+05:30,135.33,135.89,134.51,134.76,1934,0
2026-04-09T10:45:00+05:30,135.36,135.78,134.55,135.02,484,0
2026-04-09T11:00:00+05:30,135.02,135.29,134.81,135.29,213,0
2026-04-09T11:15:00+05:30,135.29,135.29,134.94,135.25,147,0
2026-04-09T11:30:00+05:30,135.25,135.51,135.1,135.1,348,0
2026-04-09T11:45:00+05:30,135.1,135.1,134.5,134.83,1767,0
2026-04-09T12:00:00+05:30,134.83,134.99,134.11,134.73,543,0
2026-04-09T12:15:00+05:30,134.73,134.99,134.69,134.69,126,0
2026-04-09T12:30:00+05:30,134.69,134.96,134.69,134.76,61,0
2026-04-09T12:45:00+05:30,134.76,134.76,133.72,133.72,2661,0
2026-04-09T13:00:00+05:30,133.72,133.74,133.3,133.74,2372,0
2026-04-09T13:15:00+05:30,133.74,133.74,133.0,133.5,1772,0
2026-04-09T13:30:00+05:30,133.3,133.53,133.0,133.53,1161,0
2026-04-09T13:45:00+05:30,133.53,134.09,133.0,133.0,711,0
2026-04-09T14:00:00+05:30,133.51,133.51,133.0,133.0,500,0
2026-04-09T14:15:00+05:30,133.0,133.0,133.0,133.0,0,0
2026-04-09T14:30:00+05:30,133.0,133.67,133.0,133.67,545,0
2026-04-09T14:45:00+05:30,133.67,133.67,133.0,133.57,4161,0
2026-04-09T15:00:00+05:30,133.57,133.89,133.0,133.74,1933,0
2026-04-09T15:15:00+05:30,133.74,134.0,133.0,133.0,2890,0
2026-04-10T09:15:00+05:30,133.47,135.8,133.47,135.09,1354,0
2026-04-10T09:30:00+05:30,135.09,135.47,134.8,135.18,1490,0
2026-04-10T09:45:00+05:30,135.18,136.5,134.88,135.5,2064,0
2026-04-10T10:00:00+05:30,135.92,136.36,135.07,136.36,2107,0
2026-04-10T10:15:00+05:30,136.36,136.9,134.9,135.08,6645,0
2026-04-10T10:30:00+05:30,135.08,138.19,135.08,137.05,5034,0
2026-04-10T10:45:00+05:30,136.49,136.9,136.01,136.9,685,0
2026-04-10T11:00:00+05:30,136.9,136.9,136.05,136.05,53,0
2026-04-10T11:15:00+05:30,136.05,136.45,136.05,136.2,289,0
2026-04-10T11:30:00+05:30,136.2,137.5,136.2,136.65,698,0
2026-04-10T11:45:00+05:30,136.65,136.65,135.8,136.57,1699,0
2026-04-10T12:00:00+05:30,136.57,136.57,136.0,136.0,50,0
2026-04-10T12:15:00+05:30,136.35,136.48,135.41,135.5,10963,0
2026-04-10T12:30:00+05:30,135.5,135.9,135.5,135.9,545,0
2026-04-10T12:45:00+05:30,135.9,136.5,135.5,136.41,3230,0
2026-04-10T13:00:00+05:30,136.01,136.45,135.61,136.12,1677,0
2026-04-10T13:15:00+05:30,136.12,136.12,135.61,136.12,1150,0
2026-04-10T13:30:00+05:30,136.12,136.12,136.12,136.12,0,0
2026-04-10T13:45:00+05:30,136.12,136.61,136.01,136.03,1634,0
2026-04-10T14:00:00+05:30,136.03,136.25,135.28,136.18,2366,0
2026-04-10T14:15:00+05:30,136.18,136.18,135.23,135.9,6986,0
2026-04-10T14:30:00+05:30,135.9,136.85,135.8,136.83,4963,0
2026-04-10T14:45:00+05:30,136.44,136.77,135.2,135.2,2907,0
2026-04-10T15:00:00+05:30,135.2,136.5,135.2,136.47,5425,0
2026-04-10T15:15:00+05:30,135.91,136.5,135.51,136.49,8896,0
2026-04-13T09:15:00+05:30,131.8,132.97,131.0,132.89,5812,0
2026-04-13T09:30:00+05:30,132.89,133.49,131.82,132.79,4480,0
2026-04-13T09:45:00+05:30,132.79,133.48,132.61,133.14,1025,0
2026-04-13T10:00:00+05:30,133.04,133.47,132.62,133.39,1291,0
2026-04-13T10:15:00+05:30,133.39,135.0,132.83,134.73,3548,0
2026-04-13T10:30:00+05:30,134.47,134.9,133.61,133.94,2456,0
2026-04-13T10:45:00+05:30,133.94,135.1,133.94,134.66,2325,0
2026-04-13T11:00:00+05:30,134.66,135.32,134.64,134.9,524,0
2026-04-13T11:15:00+05:30,134.9,134.9,134.7,134.82,545,0
2026-04-13T11:30:00+05:30,134.82,134.84,134.5,134.5,289,0
2026-04-13T11:45:00+05:30,134.5,134.95,134.41,134.81,3653,0
2026-04-13T12:00:00+05:30,134.81,134.81,134.68,134.76,232,0
2026-04-13T12:15:00+05:30,134.76,134.78,134.52,134.62,1125,0
2026-04-13T12:30:00+05:30,134.62,134.8,134.45,134.66,328,0
2026-04-13T12:45:00+05:30,134.66,134.71,134.42,134.42,418,0
2026-04-13T13:00:00+05:30,134.42,134.42,133.66,133.66,784,0
2026-04-13T13:15:00+05:30,133.66,134.25,133.66,133.71,191,0
2026-04-13T13:30:00+05:30,133.71,134.64,133.71,134.52,305,0
2026-04-13T13:45:00+05:30,134.52,135.9,134.35,135.39,3617,0
2026-04-13T14:00:00+05:30,135.39,135.39,134.25,134.25,857,0
2026-04-13T14:15:00+05:30,134.25,135.35,134.25,135.35,184,0
2026-04-13T14:30:00+05:30,134.91,134.91,134.47,134.73,280,0
2026-04-13T14:45:00+05:30,134.73,134.76,134.7,134.7,81,0
2026-04-13T15:00:00+05:30,134.7,135.25,134.5,134.53,2286,0
2026-04-13T15:15:00+05:30,134.69,135.2,134.3,135.2,628,0
2026-04-15T09:15:00+05:30,136.4,137.87,135.39,135.39,9029,0
2026-04-15T09:30:00+05:30,135.39,137.17,135.39,136.2,5502,0
2026-04-15T09:45:00+05:30,136.2,137.87,136.2,137.87,2616,0
2026-04-15T10:00:00+05:30,137.83,137.87,137.77,137.84,594,0
2026-04-15T10:15:00+05:30,137.76,137.76,137.0,137.0,136,0
2026-04-15T10:30:00+05:30,137.0,137.0,136.5,136.95,602,0
2026-04-15T10:45:00+05:30,136.91,136.91,136.85,136.89,631,0
2026-04-15T11:00:00+05:30,136.89,136.89,136.4,136.4,655,0
2026-04-15T11:15:00+05:30,136.4,136.8,136.0,136.35,1271,0
2026-04-15T11:30:00+05:30,136.35,137.0,135.81,137.0,1671,0
2026-04-15T11:45:00+05:30,137.0,137.0,135.95,136.0,3143,0
2026-04-15T12:00:00+05:30,136.0,137.0,135.82,137.0,2652,0
2026-04-15T12:15:00+05:30,137.0,137.19,136.23,137.0,510,0
2026-04-15T12:30:00+05:30,137.0,137.0,136.94,137.0,100,0
2026-04-15T12:45:00+05:30,137.0,137.0,136.61,136.61,139,0
2026-04-15T13:00:00+05:30,136.61,137.12,136.61,137.12,2,0
2026-04-15T13:15:00+05:30,137.12,137.12,137.12,137.12,0,0
2026-04-15T13:30:00+05:30,137.12,137.12,135.61,136.72,10593,0
2026-04-15T13:45:00+05:30,136.68,136.98,136.21,136.85,1073,0
2026-04-15T14:00:00+05:30,136.85,136.85,136.48,136.48,21,0
2026-04-15T14:15:00+05:30,136.48,136.85,135.95,136.74,1526,0
2026-04-15T14:30:00+05:30,136.74,137.87,136.61,137.16,3479,0
2026-04-15T14:45:00+05:30,137.16,137.73,137.01,137.73,292,0
2026-04-15T15:00:00+05:30,137.73,137.73,137.0,137.01,2692,0
2026-04-15T15:15:00+05:30,137.34,137.75,137.0,137.16,3022,0
2026-04-16T09:15:00+05:30,137.9,138.8,137.5,138.08,2757,0
2026-04-16T09:30:00+05:30,138.06,139.0,137.5,137.6,7070,0
2026-04-16T09:45:00+05:30,137.34,137.54,137.0,137.18,1424,0
2026-04-16T10:00:00+05:30,137.18,137.18,136.21,136.7,2632,0
2026-04-16T10:15:00+05:30,136.7,137.22,136.61,136.84,179,0
2026-04-16T10:30:00+05:30,136.97,137.22,136.85,137.22,411,0
2026-04-16T10:45:00+05:30,137.22,138.0,136.86,138.0,2662,0
2026-04-16T11:00:00+05:30,138.0,138.0,137.2,137.79,816,0
2026-04-16T11:15:00+05:30,137.79,138.5,136.8,136.8,3200,0
2026-04-16T11:30:00+05:30,137.82,139.0,137.42,138.02,6095,0
2026-04-16T11:45:00+05:30,138.02,138.96,137.81,138.39,9428,0
2026-04-16T12:00:00+05:30,138.39,138.39,137.88,137.97,458,0
2026-04-16T12:15:00+05:30,137.97,138.29,137.97,138.29,609,0
2026-04-16T12:30:00+05:30,138.29,138.5,138.0,138.5,1044,0
2026-04-16T12:45:00+05:30,138.5,138.5,137.8,138.5,1052,0
2026-04-16T13:00:00+05:30,138.5,138.5,137.3,137.98,566,0
2026-04-16T13:15:00+05:30,137.98,137.99,137.78,137.81,312,0
2026-04-16T13:30:00+05:30,137.81,138.0,137.62,137.97,843,0
2026-04-16T13:45:00+05:30,137.97,138.5,137.97,138.5,1795,0
2026-04-16T14:00:00+05:30,138.5,138.56,138.21,138.53,827,0
2026-04-16T14:15:00+05:30,138.53,138.53,138.05,138.49,151,0
2026-04-16T14:30:00+05:30,138.49,139.0,138.49,139.0,2605,0
2026-04-16T14:45:00+05:30,139.0,139.0,138.24,138.28,1577,0
2026-04-16T15:00:00+05:30,138.28,139.0,138.01,138.01,5030,0
2026-04-16T15:15:00+05:30,139.1,140.0,138.03,139.95,6259,0
2026-04-17T09:15:00+05:30,140.0,140.19,139.13,140.0,3392,0
2026-04-17T09:30:00+05:30,140.18,141.59,139.07,141.59,6321,0
2026-04-17T09:45:00+05:30,141.59,143.99,141.0,142.58,27306,0
2026-04-17T10:00:00+05:30,142.98,143.0,141.51,142.0,466,0
2026-04-17T10:15:00+05:30,142.0,142.06,141.5,141.9,2191,0
2026-04-17T10:30:00+05:30,141.9,142.18,141.0,141.06,1484,0
2026-04-17T10:45:00+05:30,141.07,141.55,141.0,141.55,402,0
2026-04-17T11:00:00+05:30,141.55,141.79,139.82,141.12,5340,0
2026-04-17T11:15:00+05:30,141.12,142.18,140.41,140.7,5853,0
2026-04-17T11:30:00+05:30,140.7,140.9,140.01,140.59,1125,0
2026-04-17T11:45:00+05:30,140.59,140.83,140.29,140.29,38,0
2026-04-17T12:00:00+05:30,140.29,140.76,140.29,140.59,349,0
2026-04-17T12:15:00+05:30,140.59,140.59,139.39,140.39,1521,0
2026-04-17T12:30:00+05:30,139.83,139.83,139.37,139.4,256,0
2026-04-17T12:45:00+05:30,139.4,139.99,139.4,139.45,122,0
2026-04-17T13:00:00+05:30,139.45,140.33,139.45,139.83,905,0
2026-04-17T13:15:00+05:30,139.83,139.83,139.83,139.83,0,0
2026-04-17T13:30:00+05:30,139.83,139.83,138.81,138.81,1820,0
2026-04-17T13:45:00+05:30,138.81,139.0,138.7,139.0,1560,0
2026-04-17T14:00:00+05:30,139.0,139.0,138.7,138.7,497,0
2026-04-17T14:15:00+05:30,138.91,139.39,138.4,139.37,5415,0
2026-04-17T14:30:00+05:30,139.3,139.37,138.46,139.37,3469,0
2026-04-17T14:45:00+05:30,139.33,139.33,138.45,138.89,322,0
2026-04-17T15:00:00+05:30,138.89,138.89,138.51,138.75,1945,0
2026-04-17T15:15:00+05:30,138.87,140.0,138.47,138.6,9285,0
2026-04-20T09:15:00+05:30,139.55,140.2,137.65,138.76,8767,0
2026-04-20T09:30:00+05:30,139.35,140.0,135.27,135.27,13506,0
2026-04-20T09:45:00+05:30,136.52,137.3,136.0,136.81,4183,0
2026-04-20T10:00:00+05:30,136.57,137.5,136.57,137.17,878,0
2026-04-20T10:15:00+05:30,137.17,137.3,136.5,136.67,1769,0
2026-04-20T10:30:00+05:30,136.67,137.66,136.5,137.23,622,0
2026-04-20T10:45:00+05:30,137.23,137.39,137.21,137.25,61,0
2026-04-20T11:00:00+05:30,137.25,137.25,137.25,137.25,0,0
2026-04-20T11:15:00+05:30,137.25,137.6,137.18,137.18,274,0
2026-04-20T11:30:00+05:30,137.18,137.23,137.0,137.0,700,0
2026-04-20T11:45:00+05:30,137.01,137.38,137.0,137.38,223,0
2026-04-20T12:00:00+05:30,137.38,137.38,136.5,136.79,387,0
2026-04-20T12:15:00+05:30,136.79,137.18,135.62,136.52,1616,0
2026-04-20T12:30:00+05:30,136.52,136.98,136.4,136.75,403,0
2026-04-20T12:45:00+05:30,136.75,136.78,136.41,136.41,135,0
2026-04-20T13:00:00+05:30,136.79,136.84,136.43,136.62,443,0
2026-04-20T13:15:00+05:30,136.58,136.64,135.76,135.76,1634,0
2026-04-20T13:30:00+05:30,135.76,136.17,135.76,136.17,583,0
2026-04-20T13:45:00+05:30,136.17,136.17,135.7,135.8,1097,0
2026-04-20T14:00:00+05:30,135.8,136.17,135.05,135.79,3828,0
2026-04-20T14:15:00+05:30,135.79,135.87,135.6,135.7,146,0
2026-04-20T14:30:00+05:30,135.7,136.19,135.3,135.3,902,0
2026-04-20T14:45:00+05:30,135.3,136.5,135.3,136.5,4454,0
2026-04-20T15:00:00+05:30,136.5,136.99,135.15,135.99,7676,0
2026-04-20T15:15:00+05:30,136.17,136.19,134.52,135.8,4152,0
2026-04-21T09:15:00+05:30,142.3,155.44,141.1,153.45,1229088,0
2026-04-21T09:30:00+05:30,153.4,155.7,152.21,152.79,1213813,0
2026-04-21T09:45:00+05:30,152.79,153.4,148.3,149.29,1080069,0
2026-04-21T10:00:00+05:30,149.29,150.5,148.3,149.23,493131,0
2026-04-21T10:15:00+05:30,149.25,151.8,149.0,150.67,412766,0
2026-04-21T10:30:00+05:30,150.41,151.5,147.0,147.46,567804,0
2026-04-21T10:45:00+05:30,147.51,149.42,147.27,148.27,229837,0
2026-04-21T11:00:00+05:30,148.44,148.87,146.1,147.1,238324,0
2026-04-21T11:15:00+05:30,147.3,147.9,146.26,146.6,135332,0
2026-04-21T11:30:00+05:30,146.41,148.99,146.12,147.87,237729,0
2026-04-21T11:45:00+05:30,148.19,148.2,146.3,146.83,110778,0
2026-04-21T12:00:00+05:30,146.83,147.85,146.5,147.78,92594,0
2026-04-21T12:15:00+05:30,147.51,148.75,147.42,147.78,155635,0
2026-04-21T12:30:00+05:30,147.39,148.1,146.32,147.22,141008,0
2026-04-21T12:45:00+05:30,147.22,148.0,146.37,146.57,124912,0
2026-04-21T13:00:00+05:30,146.95,146.95,144.0,145.1,274956,0
2026-04-21T13:15:00+05:30,145.1,146.0,144.8,145.01,96439,0
2026-04-21T13:30:00+05:30,145.03,146.4,144.2,145.23,134924,0
2026-04-21T13:45:00+05:30,145.0,146.0,144.63,145.2,87039,0
2026-04-21T14:00:00+05:30,145.12,148.56,145.01,146.65,207477,0
2026-04-21T14:15:00+05:30,146.75,151.0,146.56,148.67,570451,0
2026-04-21T14:30:00+05:30,148.89,148.89,145.04,146.08,242897,0
2026-04-21T14:45:00+05:30,146.28,148.89,145.52,148.02,126699,0
2026-04-21T15:00:00+05:30,148.36,148.36,145.31,146.01,175680,0
2026-04-21T15:15:00+05:30,146.34,146.4,143.68,145.19,409972,0
2026-04-22T09:15:00+05:30,146.45,151.8,146.0,149.8,194590,0
2026-04-22T09:30:00+05:30,149.8,150.99,148.72,150.64,73776,0
2026-04-22T09:45:00+05:30,150.47,150.61,149.28,150.0,16623,0
2026-04-22T10:00:00+05:30,149.99,150.9,149.1,149.53,32357,0
2026-04-22T10:15:00+05:30,149.52,149.53,148.56,149.49,8672,0
2026-04-22T10:30:00+05:30,149.07,149.75,148.87,149.75,9056,0
2026-04-22T10:45:00+05:30,149.37,149.73,148.85,149.21,9294,0
2026-04-22T11:00:00+05:30,149.18,149.75,148.83,149.26,6542,0
2026-04-22T11:15:00+05:30,149.26,149.44,148.87,148.96,2226,0
2026-04-22T11:30:00+05:30,148.96,148.99,148.1,148.32,15231,0
2026-04-22T11:45:00+05:30,148.6,149.0,148.02,148.42,5673,0
2026-04-22T12:00:00+05:30,148.55,148.66,148.25,148.26,11423,0
2026-04-22T12:15:00+05:30,148.26,148.5,148.0,148.19,4282,0
2026-04-22T12:30:00+05:30,148.19,148.42,148.04,148.04,2125,0
2026-04-22T12:45:00+05:30,148.04,148.16,147.51,147.51,8027,0
2026-04-22T13:00:00+05:30,147.51,149.0,145.0,147.37,52714,0
2026-04-22T13:15:00+05:30,147.11,149.15,146.73,148.54,18091,0
2026-04-22T13:30:00+05:30,148.41,148.84,147.56,148.45,4851,0
2026-04-22T13:45:00+05:30,148.45,148.45,147.68,148.01,3357,0
2026-04-22T14:00:00+05:30,148.24,148.25,147.01,147.28,6597,0
2026-04-22T14:15:00+05:30,147.5,147.5,146.55,147.33,3142,0
2026-04-22T14:30:00+05:30,147.4,147.77,147.14,147.6,3288,0
2026-04-22T14:45:00+05:30,147.65,148.5,147.3,148.5,14050,0
2026-04-22T15:00:00+05:30,148.39,148.5,147.51,147.66,16783,0
2026-04-22T15:15:00+05:30,147.67,148.84,147.59,148.3,20527,0
2026-04-23T09:15:00+05:30,149.1,149.1,146.01,147.49,24049,0
2026-04-23T09:30:00+05:30,147.72,148.5,147.35,147.56,5511,0
2026-04-23T09:45:00+05:30,147.78,148.5,147.56,148.34,4467,0
2026-04-23T10:00:00+05:30,148.16,148.2,147.62,148.09,1831,0
2026-04-23T10:15:00+05:30,147.99,148.6,147.93,148.58,1441,0
2026-04-23T10:30:00+05:30,148.58,148.58,147.85,148.31,1952,0
2026-04-23T10:45:00+05:30,148.33,148.33,147.57,147.7,1860,0
2026-04-23T11:00:00+05:30,147.7,147.84,147.34,147.68,2414,0
2026-04-23T11:15:00+05:30,147.41,147.78,147.41,147.78,311,0
2026-04-23T11:30:00+05:30,147.78,147.78,147.0,147.0,935,0
2026-04-23T11:45:00+05:30,147.16,147.27,146.62,146.81,694,0
2026-04-23T12:00:00+05:30,146.81,147.43,146.63,146.93,2257,0
2026-04-23T12:15:00+05:30,146.93,147.18,146.8,147.18,5116,0
2026-04-23T12:30:00+05:30,147.18,147.18,146.63,146.63,977,0
2026-04-23T12:45:00+05:30,146.86,147.34,146.81,146.97,2520,0
2026-04-23T13:00:00+05:30,146.97,147.04,146.67,146.67,2986,0
2026-04-23T13:15:00+05:30,146.67,147.26,146.67,147.26,395,0
2026-04-23T13:30:00+05:30,147.26,147.26,146.75,147.03,841,0
2026-04-23T13:45:00+05:30,147.03,147.03,146.99,147.0,106,0
2026-04-23T14:00:00+05:30,147.0,147.09,146.4,146.4,1842,0
2026-04-23T14:15:00+05:30,146.3,146.39,145.6,145.8,3363,0
2026-04-23T14:30:00+05:30,145.82,146.09,145.02,145.83,7606,0
2026-04-23T14:45:00+05:30,145.83,145.88,144.8,144.8,11574,0
2026-04-23T15:00:00+05:30,144.8,145.37,143.8,143.8,6741,0
2026-04-23T15:15:00+05:30,143.81,144.85,142.1,144.85,21912,0
2026-04-24T09:15:00+05:30,145.1,145.39,143.12,143.47,12436,0
2026-04-24T09:30:00+05:30,143.56,143.56,142.0,142.91,9456,0
2026-04-24T09:45:00+05:30,142.8,143.09,142.24,142.53,4354,0
2026-04-24T10:00:00+05:30,142.66,143.8,142.42,143.34,3255,0
2026-04-24T10:15:00+05:30,143.34,143.34,142.32,142.5,2021,0
2026-04-24T10:30:00+05:30,142.46,142.6,141.22,141.6,5621,0
2026-04-24T10:45:00+05:30,141.6,141.86,141.49,141.86,1943,0
2026-04-24T11:00:00+05:30,141.58,141.88,141.52,141.67,427,0
2026-04-24T11:15:00+05:30,141.55,141.55,139.72,140.65,6826,0
2026-04-24T11:30:00+05:30,140.61,140.61,139.16,139.88,11855,0
2026-04-24T11:45:00+05:30,139.88,139.98,139.5,139.5,1343,0
2026-04-24T12:00:00+05:30,139.51,142.8,139.36,142.8,25149,0
2026-04-24T12:15:00+05:30,142.8,142.85,142.01,142.42,2235,0
2026-04-24T12:30:00+05:30,142.42,142.42,141.62,142.0,2407,0
2026-04-24T12:45:00+05:30,142.0,142.25,141.65,141.94,2545,0
2026-04-24T13:00:00+05:30,141.94,142.07,141.56,141.56,2800,0
2026-04-24T13:15:00+05:30,141.56,143.48,141.5,143.09,6230,0
2026-04-24T13:30:00+05:30,143.29,143.6,142.48,142.6,3259,0
2026-04-24T13:45:00+05:30,142.6,145.09,142.21,143.71,6498,0
2026-04-24T14:00:00+05:30,144.0,144.39,143.0,143.68,3822,0
2026-04-24T14:15:00+05:30,143.68,144.12,143.34,144.12,538,0
2026-04-24T14:30:00+05:30,144.12,144.5,144.0,144.39,2215,0
2026-04-24T14:45:00+05:30,144.37,144.37,144.01,144.2,547,0
2026-04-24T15:00:00+05:30,144.2,144.23,143.51,143.7,1877,0
2026-04-24T15:15:00+05:30,143.66,144.95,143.08,144.8,7245,0
2026-04-27T09:15:00+05:30,145.01,146.8,144.0,144.58,19950,0
2026-04-27T09:30:00+05:30,144.48,144.61,143.6,144.61,4022,0
2026-04-27T09:45:00+05:30,144.69,145.38,144.46,144.9,1840,0
2026-04-27T10:00:00+05:30,145.34,146.1,144.23,146.1,6337,0
2026-04-27T10:15:00+05:30,146.2,149.8,146.2,148.05,18823,0
2026-04-27T10:30:00+05:30,147.66,148.23,147.63,148.09,1966,0
2026-04-27T10:45:00+05:30,148.09,148.35,148.0,148.0,1877,0
2026-04-27T11:00:00+05:30,148.0,148.78,147.41,148.08,8775,0
2026-04-27T11:15:00+05:30,148.16,148.16,147.21,147.7,2808,0
2026-04-27T11:30:00+05:30,147.7,147.7,146.2,146.63,4029,0
2026-04-27T11:45:00+05:30,146.63,146.96,146.0,146.96,2465,0
2026-04-27T12:00:00+05:30,146.77,147.9,146.77,147.9,3648,0
2026-04-27T12:15:00+05:30,147.9,148.77,147.5,147.95,5551,0
2026-04-27T12:30:00+05:30,147.95,147.99,147.51,147.65,357,0
2026-04-27T12:45:00+05:30,147.7,147.87,147.52,147.52,1582,0
2026-04-27T13:00:00+05:30,147.55,150.85,147.55,149.55,28858,0
2026-04-27T13:15:00+05:30,149.55,151.2,149.43,150.27,13080,0
2026-04-27T13:30:00+05:30,150.27,150.84,150.0,150.69,12844,0
2026-04-27T13:45:00+05:30,150.69,150.69,149.34,149.76,8818,0
2026-04-27T14:00:00+05:30,150.0,150.6,149.72,150.01,5700,0
2026-04-27T14:15:00+05:30,150.01,150.19,149.57,150.01,1445,0
2026-04-27T14:30:00+05:30,150.0,151.05,149.73,151.0,14718,0
2026-04-27T14:45:00+05:30,150.97,151.5,150.11,150.36,21878,0
2026-04-27T15:00:00+05:30,150.5,151.0,149.87,149.87,9463,0
2026-04-27T15:15:00+05:30,150.24,151.0,148.15,150.0,15976,0
2026-04-28T09:15:00+05:30,150.0,152.0,149.59,151.95,28196,0
2026-04-28T09:30:00+05:30,151.67,151.68,150.1,150.82,7128,0
2026-04-28T09:45:00+05:30,150.66,151.41,150.1,151.14,2971,0
2026-04-28T10:00:00+05:30,151.47,151.67,151.04,151.3,1163,0
2026-04-28T10:15:00+05:30,151.38,151.5,150.1,150.63,4144,0
2026-04-28T10:30:00+05:30,150.7,152.5,150.7,151.88,10702,0
2026-04-28T10:45:00+05:30,151.88,152.6,151.41,152.43,9756,0
2026-04-28T11:00:00+05:30,152.43,152.43,150.91,150.91,3771,0
2026-04-28T11:15:00+05:30,150.92,151.79,150.71,150.71,2570,0
2026-04-28T11:30:00+05:30,151.05,151.57,150.65,151.23,3537,0
2026-04-28T11:45:00+05:30,151.04,151.34,150.51,151.34,1502,0
2026-04-28T12:00:00+05:30,150.95,151.09,149.1,150.0,11078,0
2026-04-28T12:15:00+05:30,150.0,150.0,149.5,149.51,2644,0
2026-04-28T12:30:00+05:30,149.51,149.72,149.06,149.21,1141,0
2026-04-28T12:45:00+05:30,149.23,149.54,149.19,149.2,606,0
2026-04-28T13:00:00+05:30,149.1,149.23,148.62,149.0,1635,0
2026-04-28T13:15:00+05:30,149.05,149.5,148.69,149.38,5168,0
2026-04-28T13:30:00+05:30,149.38,149.38,148.9,149.18,920,0
2026-04-28T13:45:00+05:30,149.18,149.38,149.0,149.22,1321,0
2026-04-28T14:00:00+05:30,149.22,149.22,148.0,148.38,6545,0
2026-04-28T14:15:00+05:30,148.38,149.46,148.14,149.46,7935,0
2026-04-28T14:30:00+05:30,149.49,150.7,149.32,150.5,6261,0
2026-04-28T14:45:00+05:30,150.6,151.0,150.01,150.67,4265,0
2026-04-28T15:00:00+05:30,150.35,150.64,149.0,149.06,2835,0
2026-04-28T15:15:00+05:30,149.1,149.97,148.0,149.4,9426,0
2026-04-29T09:15:00+05:30,154.0,156.65,152.11,155.83,80699,0
2026-04-29T09:30:00+05:30,155.75,157.0,153.5,154.01,70213,0
2026-04-29T09:45:00+05:30,154.1,154.73,152.5,153.41,19894,0
2026-04-29T10:00:00+05:30,153.28,154.29,152.99,153.81,6520,0
2026-04-29T10:15:00+05:30,153.23,155.0,152.81,153.78,22312,0
2026-04-29T10:30:00+05:30,153.03,153.81,151.61,152.4,15096,0
2026-04-29T10:45:00+05:30,152.56,153.31,152.13,153.0,6506,0
2026-04-29T11:00:00+05:30,153.0,153.3,152.33,153.23,1897,0
2026-04-29T11:15:00+05:30,153.23,154.09,152.53,153.98,7081,0
2026-04-29T11:30:00+05:30,153.91,155.0,153.58,154.2,41670,0
2026-04-29T11:45:00+05:30,154.2,154.2,154.0,154.01,847,0
2026-04-29T12:00:00+05:30,154.01,154.6,153.6,153.6,9888,0
2026-04-29T12:15:00+05:30,153.6,154.0,153.0,153.4,5083,0
2026-04-29T12:30:00+05:30,153.02,153.4,152.67,153.38,4068,0
2026-04-29T12:45:00+05:30,153.38,154.0,153.21,153.91,4809,0
2026-04-29T13:00:00+05:30,153.96,154.8,153.73,153.73,9366,0
2026-04-29T13:15:00+05:30,153.73,155.0,153.7,155.0,27624,0
2026-04-29T13:30:00+05:30,155.0,155.0,153.91,154.95,14616,0
2026-04-29T13:45:00+05:30,154.35,155.0,153.9,154.91,20458,0
2026-04-29T14:00:00+05:30,154.9,155.0,153.31,153.94,25193,0
2026-04-29T14:15:00+05:30,153.94,154.12,152.13,152.96,15862,0
2026-04-29T14:30:00+05:30,152.95,153.0,152.15,152.74,9268,0
2026-04-29T14:45:00+05:30,152.74,153.0,152.1,152.27,7874,0
2026-04-29T15:00:00+05:30,152.74,153.2,152.16,152.78,10544,0
2026-04-29T15:15:00+05:30,153.08,153.08,151.0,152.2,40643,0
2026-04-30T09:15:00+05:30,150.95,151.99,144.0,145.99,114314,0
2026-04-30T09:30:00+05:30,145.99,146.0,140.71,142.59,70123,0
2026-04-30T09:45:00+05:30,142.72,144.8,141.0,141.5,47547,0
2026-04-30T10:00:00+05:30,141.5,141.6,139.85,140.97,39884,0
2026-04-30T10:15:00+05:30,140.71,142.11,139.7,140.7,40044,0
2026-04-30T10:30:00+05:30,140.93,141.43,140.0,140.1,15051,0
2026-04-30T10:45:00+05:30,140.1,141.79,139.6,141.19,18695,0
2026-04-30T11:00:00+05:30,140.94,142.0,140.89,141.05,16656,0
2026-04-30T11:15:00+05:30,141.05,141.56,140.4,141.28,10521,0
2026-04-30T11:30:00+05:30,141.29,141.8,141.21,141.72,8577,0
2026-04-30T11:45:00+05:30,141.31,142.0,141.25,142.0,7032,0
2026-04-30T12:00:00+05:30,141.74,143.03,141.41,142.12,25036,0
2026-04-30T12:15:00+05:30,142.12,143.0,142.12,142.65,6958,0
2026-04-30T12:30:00+05:30,142.35,142.79,142.12,142.5,2279,0
2026-04-30T12:45:00+05:30,142.5,143.95,142.36,143.0,17217,0
2026-04-30T13:00:00+05:30,143.0,143.84,143.0,143.38,3956,0
2026-04-30T13:15:00+05:30,143.39,143.52,143.15,143.24,1376,0
2026-04-30T13:30:00+05:30,143.24,143.52,142.02,142.89,8217,0
2026-04-30T13:45:00+05:30,143.19,143.36,143.01,143.36,2209,0
2026-04-30T14:00:00+05:30,143.35,143.5,141.81,142.01,5863,0
2026-04-30T14:15:00+05:30,142.01,142.38,141.5,142.0,3662,0
2026-04-30T14:30:00+05:30,142.0,144.5,141.8,144.0,14393,0
2026-04-30T14:45:00+05:30,143.92,144.0,143.35,143.69,4206,0
2026-04-30T15:00:00+05:30,143.31,143.99,140.81,142.65,35503,0
2026-04-30T15:15:00+05:30,142.11,147.0,142.0,144.96,26876,0
2026-05-04T09:15:00+05:30,145.05,149.7,144.4,146.35,41026,0
2026-05-04T09:30:00+05:30,146.06,146.34,143.23,143.69,12628,0
2026-05-04T09:45:00+05:30,143.77,144.5,142.5,143.37,12177,0
2026-05-04T10:00:00+05:30,143.69,144.63,143.62,144.09,4767,0
2026-05-04T10:15:00+05:30,144.09,144.55,143.51,144.15,11871,0
2026-05-04T10:30:00+05:30,144.15,144.97,144.15,144.63,3756,0
2026-05-04T10:45:00+05:30,144.63,144.91,144.44,144.5,8597,0
2026-05-04T11:00:00+05:30,144.25,145.1,144.1,145.0,7143,0
2026-05-04T11:15:00+05:30,145.0,145.0,143.81,144.6,4243,0
2026-05-04T11:30:00+05:30,144.6,144.79,144.44,144.79,1568,0
2026-05-04T11:45:00+05:30,144.79,144.79,143.81,143.81,4559,0
2026-05-04T12:00:00+05:30,143.73,143.85,141.0,141.98,53063,0
2026-05-04T12:15:00+05:30,141.71,143.0,140.2,141.67,50476,0
2026-05-04T12:30:00+05:30,141.65,142.22,140.25,140.72,25633,0
2026-05-04T12:45:00+05:30,140.51,140.95,139.4,139.8,26390,0
2026-05-04T13:00:00+05:30,139.8,139.83,138.4,138.4,24265,0
2026-05-04T13:15:00+05:30,139.14,139.39,138.2,138.2,8396,0
2026-05-04T13:30:00+05:30,138.2,139.19,138.1,139.04,2958,0
2026-05-04T13:45:00+05:30,139.04,139.26,138.68,139.24,5181,0
2026-05-04T14:00:00+05:30,139.2,139.86,139.0,139.43,6568,0
2026-05-04T14:15:00+05:30,139.18,139.69,139.18,139.19,4170,0
2026-05-04T14:30:00+05:30,139.19,139.75,137.0,137.97,31162,0
2026-05-04T14:45:00+05:30,137.8,139.0,137.0,138.81,9278,0
2026-05-04T15:00:00+05:30,138.81,139.58,137.32,138.49,17425,0
2026-05-04T15:15:00+05:30,138.25,139.6,137.1,138.8,48797,0
2026-05-05T09:15:00+05:30,138.34,138.5,137.0,138.5,16532,0
2026-05-05T09:30:00+05:30,138.63,139.38,137.75,138.28,12189,0
2026-05-05T09:45:00+05:30,138.31,140.0,138.27,140.0,13507,0
2026-05-05T10:00:00+05:30,139.57,140.0,139.0,139.39,7141,0
2026-05-05T10:15:00+05:30,139.33,139.33,137.51,138.12,6752,0
2026-05-05T10:30:00+05:30,138.12,138.13,137.56,137.72,1171,0
2026-05-05T10:45:00+05:30,137.72,138.04,137.72,138.03,793,0
2026-05-05T11:00:00+05:30,138.03,139.19,138.0,139.19,4184,0
2026-05-05T11:15:00+05:30,139.19,139.26,138.71,139.0,1920,0
2026-05-05T11:30:00+05:30,139.0,140.0,138.88,138.88,17548,0
2026-05-05T11:45:00+05:30,138.7,139.19,138.08,138.74,3130,0
2026-05-05T12:00:00+05:30,138.79,139.78,138.51,139.24,3058,0
2026-05-05T12:15:00+05:30,139.24,139.36,138.62,138.85,749,0
2026-05-05T12:30:00+05:30,138.85,139.99,138.61,139.48,2719,0
2026-05-05T12:45:00+05:30,139.48,139.57,139.01,139.21,4611,0
2026-05-05T13:00:00+05:30,139.01,139.01,137.95,138.42,4646,0
2026-05-05T13:15:00+05:30,138.36,138.82,138.36,138.5,1434,0
2026-05-05T13:30:00+05:30,138.5,139.0,137.5,139.0,9597,0
2026-05-05T13:45:00+05:30,138.91,139.01,138.38,138.55,2310,0
2026-05-05T14:00:00+05:30,138.55,138.7,138.2,138.51,1942,0
2026-05-05T14:15:00+05:30,138.51,138.59,138.02,138.5,1368,0
2026-05-05T14:30:00+05:30,138.26,138.59,137.97,138.36,2227,0
2026-05-05T14:45:00+05:30,138.36,139.25,137.63,138.76,5590,0
2026-05-05T15:00:00+05:30,138.74,139.25,137.99,138.71,6572,0
2026-05-05T15:15:00+05:30,138.66,140.5,137.9,139.55,27055,0
2026-05-06T09:15:00+05:30,139.25,141.59,137.7,138.07,25077,0
2026-05-06T09:30:00+05:30,138.28,138.56,136.01,136.65,22167,0
2026-05-06T09:45:00+05:30,136.65,137.0,136.25,136.3,10625,0
2026-05-06T10:00:00+05:30,136.12,137.7,135.4,137.7,211444,0
2026-05-06T10:15:00+05:30,137.64,138.1,134.35,135.0,74275,0
2026-05-06T10:30:00+05:30,135.0,135.31,134.46,134.75,7610,0
2026-05-06T10:45:00+05:30,134.75,135.14,133.85,134.56,21859,0
2026-05-06T11:00:00+05:30,134.56,134.72,133.65,134.1,15312,0
2026-05-06T11:15:00+05:30,134.29,134.52,134.0,134.41,5166,0
2026-05-06T11:30:00+05:30,134.61,134.61,134.0,134.43,3533,0
2026-05-06T11:45:00+05:30,134.43,134.57,134.18,134.54,2224,0
2026-05-06T12:00:00+05:30,134.54,135.18,134.0,134.42,4813,0
2026-05-06T12:15:00+05:30,134.42,134.88,134.42,134.81,3884,0
2026-05-06T12:30:00+05:30,134.81,135.45,134.71,135.03,2579,0
2026-05-06T12:45:00+05:30,134.99,135.5,134.99,135.01,2008,0
2026-05-06T13:00:00+05:30,135.37,135.48,134.8,135.03,3014,0
2026-05-06T13:15:00+05:30,135.46,135.46,134.99,135.0,1305,0
2026-05-06T13:30:00+05:30,135.0,135.0,134.83,135.0,2225,0
2026-05-06T13:45:00+05:30,135.0,135.0,134.83,134.97,259,0
2026-05-06T14:00:00+05:30,134.96,135.0,134.83,135.0,9880,0
2026-05-06T14:15:00+05:30,135.0,136.24,135.0,136.0,5703,0
2026-05-06T14:30:00+05:30,136.0,136.22,135.42,135.42,5479,0
2026-05-06T14:45:00+05:30,135.42,136.24,135.02,135.71,8319,0
2026-05-06T15:00:00+05:30,135.71,135.95,135.15,135.35,3528,0
2026-05-06T15:15:00+05:30,135.31,136.5,134.84,134.9,26641,0
2026-05-07T09:15:00+05:30,135.98,137.1,135.31,137.1,9625,0
2026-05-07T09:30:00+05:30,137.1,137.44,136.52,136.74,5644,0
2026-05-07T09:45:00+05:30,136.56,136.99,135.81,136.44,3998,0
2026-05-07T10:00:00+05:30,136.07,136.49,135.77,136.49,1619,0
2026-05-07T10:15:00+05:30,136.49,136.79,136.11,136.11,844,0
2026-05-07T10:30:00+05:30,136.11,136.76,136.1,136.76,304,0
2026-05-07T10:45:00+05:30,136.71,136.71,136.58,136.58,14,0
2026-05-07T11:00:00+05:30,136.58,137.39,136.58,136.99,1500,0
2026-05-07T11:15:00+05:30,136.99,137.37,136.7,136.98,1551,0
2026-05-07T11:30:00+05:30,137.0,137.4,136.47,137.4,1837,0
2026-05-07T11:45:00+05:30,137.4,138.3,136.91,138.0,4371,0
2026-05-07T12:00:00+05:30,138.26,139.4,137.93,139.0,11437,0
2026-05-07T12:15:00+05:30,139.0,139.0,137.31,138.5,29816,0
2026-05-07T12:30:00+05:30,138.5,138.66,138.37,138.39,1283,0
2026-05-07T12:45:00+05:30,138.39,139.5,138.39,139.3,9873,0
2026-05-07T13:00:00+05:30,139.38,140.0,138.61,139.34,9435,0
2026-05-07T13:15:00+05:30,139.34,140.2,139.0,139.65,33667,0
2026-05-07T13:30:00+05:30,139.4,139.48,138.7,138.7,28001,0
2026-05-07T13:45:00+05:30,138.69,138.7,138.39,138.68,669,0
2026-05-07T14:00:00+05:30,138.43,138.8,138.3,138.57,6228,0
2026-05-07T14:15:00+05:30,138.57,139.0,138.38,138.63,13662,0
2026-05-07T14:30:00+05:30,138.5,138.65,138.41,138.63,6094,0
2026-05-07T14:45:00+05:30,138.68,138.88,138.46,138.88,2077,0
2026-05-07T15:00:00+05:30,138.88,139.62,138.88,139.62,11762,0
2026-05-07T15:15:00+05:30,139.88,140.6,139.15,140.0,11729,0
2026-05-08T09:15:00+05:30,139.0,139.86,136.92,138.41,6764,0
2026-05-08T09:30:00+05:30,138.96,139.33,138.31,139.14,3542,0
2026-05-08T09:45:00+05:30,139.0,139.5,137.74,138.62,8773,0
2026-05-08T10:00:00+05:30,138.5,138.5,137.64,138.0,1806,0
2026-05-08T10:15:00+05:30,138.0,138.74,138.0,138.6,2199,0
2026-05-08T10:30:00+05:30,138.6,138.6,138.31,138.6,1053,0
2026-05-08T10:45:00+05:30,138.3,139.34,138.3,139.34,1583,0
2026-05-08T11:00:00+05:30,139.34,139.34,138.83,138.9,1258,0
2026-05-08T11:15:00+05:30,138.83,140.0,138.83,139.59,7043,0
2026-05-08T11:30:00+05:30,139.66,139.82,139.37,139.71,421,0
2026-05-08T11:45:00+05:30,139.71,139.74,139.09,139.09,4333,0
2026-05-08T12:00:00+05:30,139.15,139.15,139.0,139.0,1372,0
2026-05-08T12:15:00+05:30,139.0,139.79,139.0,139.24,1976,0
2026-05-08T12:30:00+05:30,139.24,139.24,138.0,138.51,12806,0
2026-05-08T12:45:00+05:30,138.51,138.51,137.9,137.99,4718,0
2026-05-08T13:00:00+05:30,137.99,137.99,137.02,137.02,2437,0
2026-05-08T13:15:00+05:30,137.02,138.0,137.02,137.26,4003,0
2026-05-08T13:30:00+05:30,137.76,139.0,137.59,138.4,10090,0
2026-05-08T13:45:00+05:30,138.39,138.39,137.98,137.99,677,0
2026-05-08T14:00:00+05:30,137.99,137.99,137.56,137.56,427,0
2026-05-08T14:15:00+05:30,137.56,137.98,137.5,137.5,667,0
2026-05-08T14:30:00+05:30,137.5,138.59,137.5,138.59,890,0
2026-05-08T14:45:00+05:30,138.6,139.43,138.59,139.11,3323,0
2026-05-08T15:00:00+05:30,139.11,139.11,138.04,138.04,1379,0
2026-05-08T15:15:00+05:30,138.05,140.0,137.52,138.0,11905,0
2026-05-11T09:15:00+05:30,137.4,137.4,134.56,135.16,12586,0
2026-05-11T09:30:00+05:30,135.75,135.95,134.5,135.12,9811,0
2026-05-11T09:45:00+05:30,135.12,137.1,135.12,137.1,4873,0
2026-05-11T10:00:00+05:30,137.2,138.46,137.1,138.3,15128,0
2026-05-11T10:15:00+05:30,138.3,139.0,137.44,139.0,13549,0
2026-05-11T10:30:00+05:30,138.77,139.0,137.2,137.56,7343,0
2026-05-11T10:45:00+05:30,137.51,137.54,134.9,135.19,17166,0
2026-05-11T11:00:00+05:30,135.19,136.0,134.72,135.25,4857,0
2026-05-11T11:15:00+05:30,135.25,135.35,134.1,134.7,9157,0
2026-05-11T11:30:00+05:30,134.7,134.84,134.5,134.79,1034,0
2026-05-11T11:45:00+05:30,134.9,135.43,134.4,135.2,7007,0
2026-05-11T12:00:00+05:30,135.2,135.34,134.63,135.15,1211,0
2026-05-11T12:15:00+05:30,135.15,135.15,134.71,134.99,1327,0
2026-05-11T12:30:00+05:30,134.99,134.99,134.43,134.65,4323,0
2026-05-11T12:45:00+05:30,134.7,134.99,134.5,134.83,1515,0
2026-05-11T13:00:00+05:30,134.83,134.83,134.2,134.62,5127,0
2026-05-11T13:15:00+05:30,134.62,134.91,134.4,134.4,2941,0
2026-05-11T13:30:00+05:30,134.6,135.0,134.31,134.96,3641,0
2026-05-11T13:45:00+05:30,134.96,134.96,134.49,134.63,477,0
2026-05-11T14:00:00+05:30,134.63,134.99,134.63,134.99,168,0
2026-05-11T14:15:00+05:30,134.71,134.97,134.53,134.97,2116,0
2026-05-11T14:30:00+05:30,134.97,135.0,134.7,134.7,960,0
2026-05-11T14:45:00+05:30,134.7,134.95,134.7,134.94,180,0
2026-05-11T15:00:00+05:30,134.94,135.28,134.7,134.94,5417,0
2026-05-11T15:15:00+05:30,135.0,135.0,134.0,135.0,12929,0
2026-05-12T09:15:00+05:30,134.0,134.78,133.61,133.8,4684,0
2026-05-12T09:30:00+05:30,133.99,135.4,133.66,134.44,13846,0
2026-05-12T09:45:00+05:30,134.44,134.95,133.89,134.3,4295,0
2026-05-12T10:00:00+05:30,134.3,134.3,133.75,134.1,1400,0
2026-05-12T10:15:00+05:30,134.04,134.39,133.7,133.7,3095,0
2026-05-12T10:30:00+05:30,133.66,133.74,133.31,133.74,403,0
2026-05-12T10:45:00+05:30,133.74,133.84,132.75,133.24,4155,0
2026-05-12T11:00:00+05:30,133.24,133.24,132.6,132.75,2271,0
2026-05-12T11:15:00+05:30,132.75,132.92,132.36,132.69,3039,0
2026-05-12T11:30:00+05:30,132.78,132.78,132.0,132.58,2904,0
2026-05-12T11:45:00+05:30,132.58,132.58,131.6,131.98,5161,0
2026-05-12T12:00:00+05:30,131.98,132.0,131.7,131.91,1775,0
2026-05-12T12:15:00+05:30,131.91,131.97,131.67,131.79,707,0
2026-05-12T12:30:00+05:30,131.61,131.74,131.06,131.5,2133,0
2026-05-12T12:45:00+05:30,131.5,131.8,130.87,130.87,13713,0
2026-05-12T13:00:00+05:30,130.87,131.0,130.36,130.66,4629,0
2026-05-12T13:15:00+05:30,130.24,130.99,130.24,130.67,773,0
2026-05-12T13:30:00+05:30,130.67,130.67,129.01,129.29,9620,0
2026-05-12T13:45:00+05:30,129.28,129.99,129.05,129.21,4068,0
2026-05-12T14:00:00+05:30,129.45,129.68,128.99,129.19,4641,0
2026-05-12T14:15:00+05:30,129.0,129.26,128.01,128.8,8466,0
2026-05-12T14:30:00+05:30,128.79,128.79,128.09,128.09,4020,0
2026-05-12T14:45:00+05:30,128.26,128.26,127.75,127.96,3422,0
2026-05-12T15:00:00+05:30,127.99,127.99,127.2,127.23,9313,0
2026-05-12T15:15:00+05:30,127.59,130.0,127.16,130.0,7709,0
2026-05-13T09:15:00+05:30,128.48,131.0,128.06,128.78,16888,0
2026-05-13T09:30:00+05:30,128.78,128.78,127.01,128.0,5959,0
2026-05-13T09:45:00+05:30,128.0,128.49,127.02,128.47,6160,0
2026-05-13T10:00:00+05:30,128.47,128.75,128.0,128.0,3153,0
2026-05-13T10:15:00+05:30,128.0,128.79,128.0,128.43,4201,0
2026-05-13T10:30:00+05:30,128.43,128.94,128.0,128.5,3654,0
2026-05-13T10:45:00+05:30,128.15,128.52,127.12,127.75,3976,0
2026-05-13T11:00:00+05:30,127.68,127.77,127.13,127.77,293,0
2026-05-13T11:15:00+05:30,127.77,128.79,127.77,128.79,5264,0
2026-05-13T11:30:00+05:30,128.79,129.08,128.18,129.08,7604,0
2026-05-13T11:45:00+05:30,129.08,129.13,128.03,128.03,871,0
2026-05-13T12:00:00+05:30,128.03,128.39,128.01,128.15,914,0
2026-05-13T12:15:00+05:30,128.15,128.5,128.0,128.3,1089,0
2026-05-13T12:30:00+05:30,128.3,128.59,128.0,128.4,899,0
2026-05-13T12:45:00+05:30,128.4,128.5,128.13,128.5,655,0
2026-05-13T13:00:00+05:30,128.5,128.99,128.46,128.58,1032,0
2026-05-13T13:15:00+05:30,128.58,129.2,128.34,128.54,4961,0
2026-05-13T13:30:00+05:30,128.54,129.0,128.54,129.0,244,0
2026-05-13T13:45:00+05:30,128.67,129.45,128.67,129.0,18872,0
2026-05-13T14:00:00+05:30,129.0,129.5,128.82,128.82,3289,0
2026-05-13T14:15:00+05:30,128.82,129.26,128.65,128.65,4821,0
2026-05-13T14:30:00+05:30,128.5,128.68,128.01,128.58,1279,0
2026-05-13T14:45:00+05:30,128.58,128.58,127.5,127.86,6537,0
2026-05-13T15:00:00+05:30,127.7,127.79,126.52,126.53,8778,0
2026-05-13T15:15:00+05:30,127.34,128.89,127.0,128.88,6824,0
2026-05-14T09:15:00+05:30,128.99,129.78,128.5,128.97,2498,0
2026-05-14T09:30:00+05:30,129.36,131.4,127.06,127.26,49939,0
2026-05-14T09:45:00+05:30,127.08,128.0,126.65,126.67,2954,0
2026-05-14T10:00:00+05:30,126.67,127.86,126.67,127.79,2064,0
2026-05-14T10:15:00+05:30,127.79,128.73,127.31,128.14,5577,0
2026-05-14T10:30:00+05:30,128.14,128.62,127.96,127.98,2573,0
2026-05-14T10:45:00+05:30,127.72,127.83,127.5,127.8,148,0
2026-05-14T11:00:00+05:30,127.8,127.8,127.21,127.45,1616,0
2026-05-14T11:15:00+05:30,127.45,127.85,127.43,127.78,127,0
2026-05-14T11:30:00+05:30,127.78,128.13,127.7,128.04,1290,0
2026-05-14T11:45:00+05:30,128.04,128.69,128.03,128.13,5375,0
2026-05-14T12:00:00+05:30,128.55,128.78,128.25,128.5,2132,0
2026-05-14T12:15:00+05:30,128.82,128.87,128.5,128.6,726,0
2026-05-14T12:30:00+05:30,128.6,128.85,128.36,128.45,2557,0
2026-05-14T12:45:00+05:30,128.45,128.62,128.45,128.62,131,0
2026-05-14T13:00:00+05:30,128.62,128.62,128.37,128.37,70,0
2026-05-14T13:15:00+05:30,128.37,128.7,128.37,128.69,783,0
2026-05-14T13:30:00+05:30,128.69,128.69,128.05,128.5,397,0
2026-05-14T13:45:00+05:30,128.5,128.68,128.24,128.68,1070,0
2026-05-14T14:00:00+05:30,128.68,128.68,128.26,128.57,85,0
2026-05-14T14:15:00+05:30,128.57,128.57,128.33,128.57,418,0
2026-05-14T14:30:00+05:30,128.57,128.57,128.26,128.5,1620,0
2026-05-14T14:45:00+05:30,128.5,128.7,128.5,128.5,3425,0
2026-05-14T15:00:00+05:30,128.5,128.75,128.19,128.19,1983,0
2026-05-14T15:15:00+05:30,128.28,128.69,128.01,128.69,2267,0
2026-05-15T09:15:00+05:30,129.2,131.06,129.0,129.8,18901,0
2026-05-15T09:30:00+05:30,130.2,130.2,128.0,128.37,9850,0
2026-05-15T09:45:00+05:30,128.44,128.8,127.62,128.36,5766,0
2026-05-15T10:00:00+05:30,128.41,128.51,128.38,128.38,43,0
2026-05-15T10:15:00+05:30,128.38,128.98,128.38,128.92,5852,0
2026-05-15T10:30:00+05:30,128.58,128.84,128.5,128.79,587,0
2026-05-15T10:45:00+05:30,128.79,128.8,128.28,128.8,743,0
2026-05-15T11:00:00+05:30,128.8,128.8,128.06,128.06,1070,0
2026-05-15T11:15:00+05:30,128.06,128.72,127.82,127.96,640,0
2026-05-15T11:30:00+05:30,127.96,128.03,127.81,128.03,327,0
2026-05-15T11:45:00+05:30,128.03,128.48,128.03,128.22,125,0
2026-05-15T12:00:00+05:30,128.22,128.49,128.07,128.21,2503,0
2026-05-15T12:15:00+05:30,128.21,128.43,127.6,127.6,2619,0
2026-05-15T12:30:00+05:30,127.73,127.77,126.86,127.42,5906,0
2026-05-15T12:45:00+05:30,127.42,127.42,126.6,126.78,1352,0
2026-05-15T13:00:00+05:30,126.78,127.02,126.78,127.02,214,0
2026-05-15T13:15:00+05:30,127.02,127.19,126.6,126.6,990,0
2026-05-15T13:30:00+05:30,126.6,126.72,126.22,126.32,536,0
2026-05-15T13:45:00+05:30,126.32,126.48,126.2,126.2,1546,0
2026-05-15T14:00:00+05:30,126.2,126.33,125.54,125.98,1353,0
2026-05-15T14:15:00+05:30,125.98,126.11,125.35,125.93,3017,0
2026-05-15T14:30:00+05:30,125.53,125.78,125.1,125.73,1866,0
2026-05-15T14:45:00+05:30,125.73,125.73,125.15,125.18,880,0
2026-05-15T15:00:00+05:30,125.48,125.48,124.15,124.26,9100,0
2026-05-15T15:15:00+05:30,124.81,126.0,124.78,126.0,6287,0
2026-05-18T09:15:00+05:30,125.06,128.49,125.06,125.17,19737,0
2026-05-18T09:30:00+05:30,125.58,125.58,124.5,125.32,7808,0
2026-05-18T09:45:00+05:30,125.72,125.72,124.5,124.9,3921,0
2026-05-18T10:00:00+05:30,124.9,125.25,124.62,124.89,1004,0
2026-05-18T10:15:00+05:30,124.89,125.2,124.5,124.5,8903,0
2026-05-18T10:30:00+05:30,124.45,124.78,123.41,124.16,11825,0
2026-05-18T10:45:00+05:30,124.62,124.76,123.5,124.3,1487,0
2026-05-18T11:00:00+05:30,124.3,124.77,124.3,124.3,600,0
2026-05-18T11:15:00+05:30,124.3,124.72,124.3,124.68,107,0
2026-05-18T11:30:00+05:30,124.68,125.4,124.68,125.3,2258,0
2026-05-18T11:45:00+05:30,125.3,126.26,125.02,126.26,6164,0
2026-05-18T12:00:00+05:30,126.25,126.3,125.61,126.06,4197,0
2026-05-18T12:15:00+05:30,126.06,126.2,126.0,126.01,214,0
2026-05-18T12:30:00+05:30,126.19,126.3,126.0,126.3,1312,0
2026-05-18T12:45:00+05:30,126.3,126.3,125.66,126.01,1252,0
2026-05-18T13:00:00+05:30,126.01,126.25,125.85,125.95,2272,0
2026-05-18T13:15:00+05:30,125.99,126.25,125.89,126.13,259,0
2026-05-18T13:30:00+05:30,126.13,126.3,125.93,126.3,8022,0
2026-05-18T13:45:00+05:30,126.3,126.5,125.94,125.94,7101,0
2026-05-18T14:00:00+05:30,126.0,126.3,125.91,126.12,3215,0
2026-05-18T14:15:00+05:30,126.12,126.3,125.9,126.15,9562,0
2026-05-18T14:30:00+05:30,126.15,127.01,126.1,127.0,14044,0
2026-05-18T14:45:00+05:30,127.38,127.4,126.06,126.06,4590,0
2026-05-18T15:00:00+05:30,126.06,126.3,126.03,126.09,698,0
2026-05-18T15:15:00+05:30,126.22,127.49,126.1,126.55,14185,0
2026-05-19T09:15:00+05:30,127.5,127.5,126.4,126.6,2202,0
2026-05-19T09:30:00+05:30,126.76,126.76,125.65,126.65,851,0
2026-05-19T09:45:00+05:30,126.39,126.49,125.5,125.52,969,0
2026-05-19T10:00:00+05:30,125.52,126.6,125.52,126.59,1977,0
2026-05-19T10:15:00+05:30,126.59,126.75,126.55,126.75,2591,0
2026-05-19T10:30:00+05:30,126.75,126.75,126.4,126.59,1056,0
2026-05-19T10:45:00+05:30,126.4,126.4,125.65,125.65,8012,0
2026-05-19T11:00:00+05:30,125.65,125.95,125.65,125.95,118,0
2026-05-19T11:15:00+05:30,125.95,126.05,125.65,125.65,3825,0
2026-05-19T11:30:00+05:30,125.67,126.25,125.67,125.84,16203,0
2026-05-19T11:45:00+05:30,125.84,126.0,125.84,126.0,409,0
2026-05-19T12:00:00+05:30,126.0,126.05,125.89,125.99,681,0
2026-05-19T12:15:00+05:30,125.99,126.1,125.9,126.1,648,0
2026-05-19T12:30:00+05:30,126.1,126.1,126.09,126.09,2,0
2026-05-19T12:45:00+05:30,126.09,126.09,125.77,126.07,560,0
2026-05-19T13:00:00+05:30,126.07,126.07,126.02,126.02,26,0
2026-05-19T13:15:00+05:30,126.02,126.07,125.86,126.07,65,0
2026-05-19T13:30:00+05:30,126.07,126.08,125.88,126.0,122,0
2026-05-19T13:45:00+05:30,126.0,126.0,125.85,125.85,260,0
2026-05-19T14:00:00+05:30,125.85,125.86,125.65,125.65,5142,0
2026-05-19T14:15:00+05:30,125.65,125.65,125.0,125.23,7292,0
2026-05-19T14:30:00+05:30,125.23,125.62,125.23,125.27,1163,0
2026-05-19T14:45:00+05:30,125.45,125.64,125.42,125.49,2173,0
2026-05-19T15:00:00+05:30,125.49,125.64,125.22,125.22,2539,0
2026-05-19T15:15:00+05:30,125.28,125.98,125.21,125.62,4574,0
2026-05-20T09:15:00+05:30,126.0,126.03,124.43,124.94,9938,0
2026-05-20T09:30:00+05:30,124.93,125.2,124.8,124.96,6416,0
2026-05-20T09:45:00+05:30,124.96,124.96,124.11,124.11,1203,0
2026-05-20T10:00:00+05:30,124.12,124.33,124.02,124.02,1094,0
2026-05-20T10:15:00+05:30,124.28,124.68,124.1,124.46,1824,0
2026-05-20T10:30:00+05:30,124.46,124.6,124.24,124.6,1333,0
2026-05-20T10:45:00+05:30,124.23,124.52,124.23,124.3,269,0
2026-05-20T11:00:00+05:30,124.3,124.61,124.3,124.31,369,0
2026-05-20T11:15:00+05:30,124.31,124.6,124.31,124.33,219,0
2026-05-20T11:30:00+05:30,124.57,124.69,124.38,124.69,239,0
2026-05-20T11:45:00+05:30,124.69,124.76,124.69,124.76,510,0
2026-05-20T12:00:00+05:30,124.76,124.76,124.6,124.7,352,0
2026-05-20T12:15:00+05:30,124.74,124.8,124.73,124.8,41,0
2026-05-20T12:30:00+05:30,124.74,125.5,124.74,125.5,3527,0
2026-05-20T12:45:00+05:30,125.5,126.98,125.5,126.62,3777,0
2026-05-20T13:00:00+05:30,126.62,126.8,126.01,126.01,4028,0
2026-05-20T13:15:00+05:30,126.48,127.08,126.48,126.89,1996,0
2026-05-20T13:30:00+05:30,127.14,127.29,126.96,127.27,182,0
2026-05-20T13:45:00+05:30,127.27,128.0,127.06,127.42,2776,0
2026-05-20T14:00:00+05:30,127.92,127.94,127.4,127.94,1167,0
2026-05-20T14:15:00+05:30,127.6,129.0,127.53,128.4,4636,0
2026-05-20T14:30:00+05:30,128.4,128.62,127.8,127.8,3231,0
2026-05-20T14:45:00+05:30,127.61,128.39,126.97,127.5,3796,0
2026-05-20T15:00:00+05:30,127.5,128.5,127.4,128.5,2186,0
2026-05-20T15:15:00+05:30,128.44,129.0,128.02,129.0,7405,0
2026-05-21T09:15:00+05:30,129.99,130.0,127.21,127.6,6231,0
2026-05-21T09:30:00+05:30,127.72,128.03,127.47,128.0,1914,0
2026-05-21T09:45:00+05:30,128.0,129.5,128.0,129.49,7560,0
2026-05-21T10:00:00+05:30,129.28,129.28,128.66,128.89,2139,0
2026-05-21T10:15:00+05:30,128.84,128.84,128.5,128.75,1754,0
2026-05-21T10:30:00+05:30,128.88,128.98,128.8,128.87,423,0
2026-05-21T10:45:00+05:30,128.87,129.0,128.85,128.9,1009,0
2026-05-21T11:00:00+05:30,128.9,129.0,128.0,128.11,5278,0
2026-05-21T11:15:00+05:30,128.11,128.36,128.01,128.36,407,0
2026-05-21T11:30:00+05:30,128.04,128.28,128.04,128.19,78,0
2026-05-21T11:45:00+05:30,128.19,129.5,128.17,129.42,3294,0
2026-05-21T12:00:00+05:30,129.46,129.5,129.0,129.0,421,0
2026-05-21T12:15:00+05:30,129.0,129.0,128.69,128.69,933,0
2026-05-21T12:30:00+05:30,128.69,128.69,127.56,127.93,2690,0
2026-05-21T12:45:00+05:30,127.93,128.0,127.57,128.0,1490,0
2026-05-21T13:00:00+05:30,128.0,128.72,127.57,128.69,3356,0
2026-05-21T13:15:00+05:30,128.69,128.94,128.65,128.65,195,0
2026-05-21T13:30:00+05:30,128.65,129.5,128.65,129.48,5066,0
2026-05-21T13:45:00+05:30,129.48,129.48,129.0,129.18,329,0
2026-05-21T14:00:00+05:30,129.46,129.49,129.0,129.07,930,0
2026-05-21T14:15:00+05:30,129.07,129.07,128.43,128.74,1059,0
2026-05-21T14:30:00+05:30,128.74,128.9,128.74,128.9,101,0
2026-05-21T14:45:00+05:30,128.9,129.5,128.52,129.5,1960,0
2026-05-21T15:00:00+05:30,129.05,129.43,128.75,128.75,1805,0
2026-05-21T15:15:00+05:30,128.87,129.5,128.1,129.5,7819,0
2026-05-22T09:15:00+05:30,130.0,132.5,128.52,130.47,37400,0
2026-05-22T09:30:00+05:30,130.79,130.98,129.6,130.0,9850,0
2026-05-22T09:45:00+05:30,130.0,130.0,129.7,129.71,1292,0
2026-05-22T10:00:00+05:30,129.71,129.9,128.61,128.66,4974,0
2026-05-22T10:15:00+05:30,128.92,129.16,128.89,129.16,653,0
2026-05-22T10:30:00+05:30,129.16,130.0,129.07,130.0,5595,0
2026-05-22T10:45:00+05:30,130.0,130.0,129.4,129.47,194,0
2026-05-22T11:00:00+05:30,129.47,129.59,129.0,129.19,1283,0
2026-05-22T11:15:00+05:30,129.19,129.19,129.01,129.01,165,0
2026-05-22T11:30:00+05:30,129.01,129.01,129.01,129.01,0,0
2026-05-22T11:45:00+05:30,129.01,129.3,129.0,129.3,220,0
2026-05-22T12:00:00+05:30,129.3,129.38,129.1,129.37,12,0
2026-05-22T12:15:00+05:30,129.37,129.37,129.0,129.09,856,0
2026-05-22T12:30:00+05:30,129.09,129.38,129.04,129.38,80,0
2026-05-22T12:45:00+05:30,129.34,129.49,129.09,129.2,582,0
2026-05-22T13:00:00+05:30,129.17,129.21,129.0,129.04,126,0
2026-05-22T13:15:00+05:30,129.04,129.2,129.0,129.2,1036,0
2026-05-22T13:30:00+05:30,129.2,129.22,129.03,129.03,1305,0
2026-05-22T13:45:00+05:30,129.03,129.03,129.03,129.03,0,0
2026-05-22T14:00:00+05:30,129.06,129.06,128.58,128.58,4426,0
2026-05-22T14:15:00+05:30,128.58,128.84,128.58,128.81,47,0
2026-05-22T14:30:00+05:30,128.81,128.81,128.52,128.8,1010,0
2026-05-22T14:45:00+05:30,128.8,128.8,128.52,128.79,37,0
2026-05-22T15:00:00+05:30,128.79,129.95,128.79,129.0,8265,0
2026-05-22T15:15:00+05:30,129.02,129.9,128.9,129.89,4997,0
2026-05-25T09:15:00+05:30,129.89,130.5,129.2,129.4,6911,0
2026-05-25T09:30:00+05:30,129.59,129.59,128.61,128.76,3208,0
2026-05-25T09:45:00+05:30,128.76,128.95,128.33,128.33,1931,0
2026-05-25T10:00:00+05:30,128.33,129.06,128.33,129.06,136,0
2026-05-25T10:15:00+05:30,129.06,129.06,128.35,128.6,3104,0
2026-05-25T10:30:00+05:30,128.66,129.42,128.66,129.4,4527,0
2026-05-25T10:45:00+05:30,129.4,129.48,129.18,129.48,1323,0
2026-05-25T11:00:00+05:30,129.48,129.49,128.7,128.7,2254,0
2026-05-25T11:15:00+05:30,128.7,128.7,127.51,127.84,4655,0
2026-05-25T11:30:00+05:30,127.84,128.1,126.99,127.49,8721,0
2026-05-25T11:45:00+05:30,127.49,127.53,127.01,127.24,985,0
2026-05-25T12:00:00+05:30,127.24,127.55,127.24,127.5,231,0
2026-05-25T12:15:00+05:30,127.5,127.68,127.5,127.51,208,0
2026-05-25T12:30:00+05:30,127.51,127.8,127.2,127.41,3389,0
2026-05-25T12:45:00+05:30,127.41,127.48,127.05,127.4,894,0
2026-05-25T13:00:00+05:30,127.4,127.49,127.16,127.49,269,0
2026-05-25T13:15:00+05:30,127.49,127.7,127.37,127.59,283,0
2026-05-25T13:30:00+05:30,127.59,127.69,127.5,127.69,271,0
2026-05-25T13:45:00+05:30,127.69,127.69,127.5,127.5,650,0
2026-05-25T14:00:00+05:30,127.5,127.8,127.31,127.48,1147,0
2026-05-25T14:15:00+05:30,127.48,127.48,127.17,127.48,165,0
2026-05-25T14:30:00+05:30,127.48,127.48,127.47,127.47,310,0
2026-05-25T14:45:00+05:30,127.47,127.6,126.36,127.27,3029,0
2026-05-25T15:00:00+05:30,127.24,127.78,126.31,127.35,4357,0
2026-05-25T15:15:00+05:30,127.26,129.3,127.01,129.3,5845,0
2026-05-26T09:15:00+05:30,128.99,128.99,127.02,127.02,2321,0
2026-05-26T09:30:00+05:30,127.68,127.94,127.21,127.68,2684,0
2026-05-26T09:45:00+05:30,127.68,128.18,127.51,128.18,863,0
2026-05-26T10:00:00+05:30,128.18,128.18,127.0,127.64,14672,0
2026-05-26T10:15:00+05:30,127.64,127.71,127.49,127.5,434,0
2026-05-26T10:30:00+05:30,127.5,128.0,127.5,127.93,2119,0
2026-05-26T10:45:00+05:30,127.93,127.95,127.5,127.79,2223,0
2026-05-26T11:00:00+05:30,127.79,127.79,127.79,127.79,0,0
2026-05-26T11:15:00+05:30,127.79,127.98,127.5,127.5,1172,0
2026-05-26T11:30:00+05:30,127.5,127.5,127.39,127.5,201,0
2026-05-26T11:45:00+05:30,127.5,127.5,127.04,127.38,1085,0
2026-05-26T12:00:00+05:30,127.38,127.38,127.11,127.3,150,0
2026-05-26T12:15:00+05:30,127.3,127.73,127.3,127.73,694,0
2026-05-26T12:30:00+05:30,127.73,127.75,127.3,127.73,1217,0
2026-05-26T12:45:00+05:30,127.77,127.89,127.72,127.89,446,0
2026-05-26T13:00:00+05:30,127.89,127.89,127.89,127.89,0,0
2026-05-26T13:15:00+05:30,127.86,127.9,127.51,127.9,3270,0
2026-05-26T13:30:00+05:30,127.89,127.96,127.86,127.96,700,0
2026-05-26T13:45:00+05:30,127.96,127.96,127.79,127.79,82,0
2026-05-26T14:00:00+05:30,127.79,127.8,127.52,127.8,141,0
2026-05-26T14:15:00+05:30,127.8,127.85,124.01,124.6,41743,0
2026-05-26T14:30:00+05:30,124.52,125.5,123.62,125.0,74615,0
2026-05-26T14:45:00+05:30,125.0,125.05,124.58,124.8,6055,0
2026-05-26T15:00:00+05:30,124.8,125.19,124.7,125.0,1462,0
2026-05-26T15:15:00+05:30,125.02,126.3,124.9,126.25,7681,0
2026-05-27T09:15:00+05:30,125.27,127.33,125.27,126.5,4237,0
2026-05-27T09:30:00+05:30,126.48,126.76,125.81,125.81,2024,0
2026-05-27T09:45:00+05:30,126.02,126.15,125.35,125.6,806,0
2026-05-27T10:00:00+05:30,125.6,126.23,125.47,126.21,3438,0
2026-05-27T10:15:00+05:30,126.21,126.26,126.21,126.26,715,0
2026-05-27T10:30:00+05:30,126.26,126.47,125.91,126.41,543,0
2026-05-27T10:45:00+05:30,126.13,126.13,125.72,125.99,688,0
2026-05-27T11:00:00+05:30,125.99,126.88,125.89,126.88,2948,0
2026-05-27T11:15:00+05:30,126.91,126.91,126.35,126.5,1785,0
2026-05-27T11:30:00+05:30,126.5,126.7,126.5,126.54,596,0
2026-05-27T11:45:00+05:30,126.54,126.7,126.35,126.35,871,0
2026-05-27T12:00:00+05:30,126.35,126.35,126.05,126.28,272,0
2026-05-27T12:15:00+05:30,126.28,126.54,124.98,124.99,9308,0
2026-05-27T12:30:00+05:30,124.98,125.28,123.63,125.28,15064,0
2026-05-27T12:45:00+05:30,125.28,125.28,124.58,124.85,492,0
2026-05-27T13:00:00+05:30,124.7,124.9,124.27,124.49,708,0
2026-05-27T13:15:00+05:30,124.55,124.56,124.04,124.26,2377,0
2026-05-27T13:30:00+05:30,124.26,124.65,124.2,124.5,883,0
2026-05-27T13:45:00+05:30,124.5,124.98,124.48,124.98,753,0
2026-05-27T14:00:00+05:30,124.98,124.98,124.7,124.95,212,0
2026-05-27T14:15:00+05:30,124.95,125.0,124.51,124.51,391,0
2026-05-27T14:30:00+05:30,124.78,124.8,124.18,124.18,1440,0
2026-05-27T14:45:00+05:30,124.18,124.7,124.18,124.6,474,0
2026-05-27T15:00:00+05:30,124.6,124.75,124.18,124.6,3023,0
2026-05-27T15:15:00+05:30,124.68,125.0,124.18,124.19,6287,0
2026-05-29T09:15:00+05:30,125.5,126.51,123.61,124.1,16599,0
2026-05-29T09:30:00+05:30,124.06,124.3,122.67,123.45,13098,0
2026-05-29T09:45:00+05:30,123.45,124.75,123.06,124.5,16310,0
2026-05-29T10:00:00+05:30,124.51,129.0,124.5,129.0,61606,0
2026-05-29T10:15:00+05:30,128.91,131.0,127.68,131.0,34334,0
2026-05-29T10:30:00+05:30,130.52,131.45,129.37,130.65,104836,0
2026-05-29T10:45:00+05:30,130.92,133.0,129.6,131.71,67981,0
2026-05-29T11:00:00+05:30,131.49,134.5,131.49,134.25,53567,0
2026-05-29T11:15:00+05:30,134.42,137.39,134.42,135.08,197917,0
2026-05-29T11:30:00+05:30,135.06,136.0,129.05,132.13,142527,0
2026-05-29T11:45:00+05:30,132.1,134.18,131.44,133.35,76392,0
2026-05-29T12:00:00+05:30,133.5,133.65,131.76,132.3,37043,0
2026-05-29T12:15:00+05:30,132.55,132.83,131.43,131.43,17721,0
2026-05-29T12:30:00+05:30,131.65,131.76,128.5,129.17,49969,0
2026-05-29T12:45:00+05:30,129.43,129.6,128.16,128.49,14951,0
2026-05-29T13:00:00+05:30,128.55,130.09,128.55,129.75,13373,0
2026-05-29T13:15:00+05:30,129.73,130.5,128.01,128.71,34960,0
2026-05-29T13:30:00+05:30,128.76,130.02,128.5,129.45,6290,0
2026-05-29T13:45:00+05:30,129.41,130.0,128.31,129.08,21730,0
2026-05-29T14:00:00+05:30,129.35,129.99,127.05,128.52,21596,0
2026-05-29T14:15:00+05:30,128.47,131.0,128.47,128.98,14481,0
2026-05-29T14:30:00+05:30,128.98,129.42,128.98,129.22,1664,0
2026-05-29T14:45:00+05:30,129.4,129.52,127.15,127.99,16112,0
2026-05-29T15:00:00+05:30,128.2,128.2,126.0,126.66,26297,0
2026-05-29T15:15:00+05:30,126.98,130.82,126.0,128.66,37355,0
2026-06-01T09:15:00+05:30,129.28,130.9,117.07,122.04,2487518,0
2026-06-01T09:30:00+05:30,122.22,123.4,120.55,121.8,168439,0
2026-06-01T09:45:00+05:30,121.88,125.9,121.52,125.53,532953,0
2026-06-01T10:00:00+05:30,125.76,134.4,125.09,131.7,1158810,0
2026-06-01T10:15:00+05:30,131.69,132.99,128.5,131.96,701142,0
2026-06-01T10:30:00+05:30,131.93,133.4,130.63,133.16,600239,0
2026-06-01T10:45:00+05:30,133.29,133.94,124.01,126.35,1067096,0
2026-06-01T11:00:00+05:30,126.05,126.44,123.75,125.68,323528,0
2026-06-01T11:15:00+05:30,125.64,126.0,123.12,124.0,265413,0
2026-06-01T11:30:00+05:30,123.99,125.37,122.5,123.54,172937,0
2026-06-01T11:45:00+05:30,123.16,123.61,122.0,123.0,142092,0
2026-06-01T12:00:00+05:30,123.0,124.7,122.68,123.94,88463,0
2026-06-01T12:15:00+05:30,123.94,124.8,123.5,124.51,126168,0
2026-06-01T12:30:00+05:30,124.65,126.48,123.4,123.92,233060,0
2026-06-01T12:45:00+05:30,124.03,125.69,123.92,125.05,99761,0
2026-06-01T13:00:00+05:30,125.06,125.44,123.49,124.22,78312,0
2026-06-01T13:15:00+05:30,124.19,124.77,123.17,124.09,59661,0
2026-06-01T13:30:00+05:30,123.9,124.8,123.6,124.46,28669,0
2026-06-01T13:45:00+05:30,124.43,124.8,123.91,124.46,35156,0
2026-06-01T14:00:00+05:30,124.09,124.3,123.41,124.22,42993,0
2026-06-01T14:15:00+05:30,124.12,124.18,122.5,122.96,76479,0
2026-06-01T14:30:00+05:30,122.92,125.0,122.5,124.38,122291,0
2026-06-01T14:45:00+05:30,124.16,126.45,124.08,125.1,123564,0
2026-06-01T15:00:00+05:30,125.06,127.96,123.5,124.4,185808,0
2026-06-01T15:15:00+05:30,124.4,129.0,124.12,126.5,309253,0
2026-06-02T09:15:00+05:30,125.41,130.0,122.05,129.5,182898,0
2026-06-02T09:30:00+05:30,129.5,130.5,128.32,129.5,185222,0
2026-06-02T09:45:00+05:30,129.5,130.5,128.75,129.3,69289,0
2026-06-02T10:00:00+05:30,129.32,129.9,128.75,128.81,29194,0
2026-06-02T10:15:00+05:30,129.01,130.0,129.0,129.6,41045,0
2026-06-02T10:30:00+05:30,129.61,129.61,127.75,128.42,48681,0
2026-06-02T10:45:00+05:30,128.49,128.59,125.15,126.29,53288,0
2026-06-02T11:00:00+05:30,126.14,127.1,125.5,126.1,30560,0
2026-06-02T11:15:00+05:30,126.34,126.88,126.01,126.4,9932,0
2026-06-02T11:30:00+05:30,126.39,126.79,126.13,126.45,5138,0
2026-06-02T11:45:00+05:30,126.23,127.09,126.0,126.47,14050,0
2026-06-02T12:00:00+05:30,126.46,126.6,126.23,126.41,2616,0
2026-06-02T12:15:00+05:30,126.23,126.23,125.54,125.75,18443,0
2026-06-02T12:30:00+05:30,125.6,125.79,123.42,124.36,43417,0
2026-06-02T12:45:00+05:30,124.41,124.99,124.39,124.52,8836,0
2026-06-02T13:00:00+05:30,124.7,124.98,124.65,124.97,6649,0
2026-06-02T13:15:00+05:30,124.95,124.96,124.61,124.96,3259,0
2026-06-02T13:30:00+05:30,124.94,125.0,124.6,124.85,16432,0
2026-06-02T13:45:00+05:30,124.85,125.0,124.13,124.72,9655,0
2026-06-02T14:00:00+05:30,124.72,124.95,124.31,124.86,6613,0
2026-06-02T14:15:00+05:30,124.86,124.86,124.24,124.78,4182,0
2026-06-02T14:30:00+05:30,124.77,124.84,124.25,124.25,6520,0
2026-06-02T14:45:00+05:30,124.42,124.61,123.5,124.01,33020,0
2026-06-02T15:00:00+05:30,124.19,124.4,123.15,123.85,40629,0
2026-06-02T15:15:00+05:30,123.98,125.1,123.17,124.5,85468,0
2026-06-03T09:15:00+05:30,124.0,125.78,122.21,122.82,29554,0
2026-06-03T09:30:00+05:30,122.74,123.29,122.18,123.0,13514,0
2026-06-03T09:45:00+05:30,122.75,124.0,122.3,122.3,15891,0
2026-06-03T10:00:00+05:30,122.47,122.48,122.02,122.48,6451,0
2026-06-03T10:15:00+05:30,122.2,122.2,119.89,119.96,62646,0
2026-06-03T10:30:00+05:30,120.0,124.0,119.99,123.6,102361,0
2026-06-03T10:45:00+05:30,123.44,123.45,123.0,123.37,8362,0
2026-06-03T11:00:00+05:30,123.4,123.47,122.98,123.3,5265,0
2026-06-03T11:15:00+05:30,123.21,123.44,122.66,122.8,11503,0
2026-06-03T11:30:00+05:30,122.8,122.88,122.55,122.74,771,0
2026-06-03T11:45:00+05:30,122.64,122.83,122.55,122.58,695,0
2026-06-03T12:00:00+05:30,122.58,123.0,122.03,122.04,7906,0
2026-06-03T12:15:00+05:30,122.01,122.64,122.01,122.3,1629,0
2026-06-03T12:30:00+05:30,122.43,123.0,122.43,122.81,5601,0
2026-06-03T12:45:00+05:30,122.96,123.0,122.81,122.82,976,0
2026-06-03T13:00:00+05:30,122.86,123.0,122.52,123.0,61949,0
2026-06-03T13:15:00+05:30,123.0,123.0,122.5,122.73,1519,0
2026-06-03T13:30:00+05:30,122.73,122.93,122.51,122.72,1352,0
2026-06-03T13:45:00+05:30,122.68,122.96,122.63,122.73,2888,0
2026-06-03T14:00:00+05:30,122.73,122.97,122.65,122.93,1447,0
2026-06-03T14:15:00+05:30,122.93,123.0,122.0,122.01,28134,0
2026-06-03T14:30:00+05:30,122.01,122.16,120.32,121.47,220696,0
2026-06-03T14:45:00+05:30,121.48,122.35,121.46,121.94,11089,0
2026-06-03T15:00:00+05:30,121.94,123.48,121.94,123.19,25513,0
2026-06-03T15:15:00+05:30,123.2,124.55,123.18,123.62,23537,0
2026-06-04T09:15:00+05:30,123.0,148.02,123.0,148.02,1541620,0
2026-06-04T09:30:00+05:30,148.02,148.02,143.61,145.5,576423,0
2026-06-04T09:45:00+05:30,145.93,148.02,145.51,147.46,456095,0
2026-06-04T10:00:00+05:30,147.46,148.02,145.15,145.67,497772,0
2026-06-04T10:15:00+05:30,145.5,147.79,145.4,146.98,75128,0
2026-06-04T10:30:00+05:30,146.95,147.73,144.25,145.13,49456,0
2026-06-04T10:45:00+05:30,145.0,145.42,143.5,143.52,44923,0
2026-06-04T11:00:00+05:30,143.52,145.0,143.52,144.44,21474,0
2026-06-04T11:15:00+05:30,144.16,147.45,144.05,144.92,146142,0
2026-06-04T11:30:00+05:30,144.91,145.36,143.5,144.19,43217,0
2026-06-04T11:45:00+05:30,144.19,146.1,144.0,145.35,47842,0
2026-06-04T12:00:00+05:30,145.35,145.98,145.0,145.25,32835,0
2026-06-04T12:15:00+05:30,145.18,146.69,145.0,145.89,27717,0
2026-06-04T12:30:00+05:30,145.89,146.7,145.56,145.72,29056,0
2026-06-04T12:45:00+05:30,146.17,148.0,144.11,146.69,142135,0
2026-06-04T13:00:00+05:30,146.7,147.5,144.7,146.0,65240,0
2026-06-04T13:15:00+05:30,145.25,145.34,144.51,145.3,11862,0
2026-06-04T13:30:00+05:30,144.99,145.0,141.9,143.27,69742,0
2026-06-04T13:45:00+05:30,143.71,145.5,143.36,144.1,23837,0
2026-06-04T14:00:00+05:30,143.71,146.45,143.7,143.7,43262,0
2026-06-04T14:15:00+05:30,144.34,144.68,141.1,141.1,65455,0
2026-06-04T14:30:00+05:30,141.38,141.38,138.0,139.1,94140,0
2026-06-04T14:45:00+05:30,139.1,140.0,138.5,138.6,43369,0
2026-06-04T15:00:00+05:30,138.6,139.04,137.5,138.99,70903,0
2026-06-04T15:15:00+05:30,138.8,141.5,138.05,141.0,117340,0
2026-06-05T09:15:00+05:30,139.8,139.8,129.05,130.35,244101,0
2026-06-05T09:30:00+05:30,130.18,132.5,127.4,131.68,265966,0
2026-06-05T09:45:00+05:30,131.45,133.8,128.9,130.0,308918,0
2026-06-05T10:00:00+05:30,129.71,130.14,127.3,127.3,162313,0
2026-06-05T10:15:00+05:30,127.5,128.06,127.05,127.51,92854,0
2026-06-05T10:30:00+05:30,127.5,127.7,126.5,126.6,92067,0
2026-06-05T10:45:00+05:30,126.68,126.83,125.25,126.7,121611,0
2026-06-05T11:00:00+05:30,126.7,126.7,125.77,125.77,40835,0
2026-06-05T11:15:00+05:30,125.72,126.18,125.55,125.99,36461,0
2026-06-05T11:30:00+05:30,125.95,128.31,125.95,128.2,102657,0
2026-06-05T11:45:00+05:30,128.35,128.88,128.06,128.12,30480,0
2026-06-05T12:00:00+05:30,128.12,128.5,126.21,128.44,63713,0
2026-06-05T12:15:00+05:30,128.58,128.89,127.82,128.3,16349,0
2026-06-05T12:30:00+05:30,128.15,128.58,127.78,128.5,19092,0
2026-06-05T12:45:00+05:30,128.4,128.96,127.98,128.21,28873,0
2026-06-05T13:00:00+05:30,128.21,128.23,127.1,127.34,23730,0
2026-06-05T13:15:00+05:30,127.35,127.75,127.03,127.16,17422,0
2026-06-05T13:30:00+05:30,127.03,127.78,126.61,126.96,15558,0
2026-06-05T13:45:00+05:30,127.24,127.44,126.83,126.92,5148,0
2026-06-05T14:00:00+05:30,127.14,128.5,126.5,127.66,31601,0
2026-06-05T14:15:00+05:30,127.67,127.8,127.2,127.64,29194,0
2026-06-05T14:30:00+05:30,127.8,128.49,127.5,128.19,13065,0
2026-06-05T14:45:00+05:30,128.3,128.3,127.83,128.05,17690,0
2026-06-05T15:00:00+05:30,128.06,128.33,127.51,127.8,36824,0
2026-06-05T15:15:00+05:30,127.8,129.9,126.82,129.0,116171,0
2026-06-08T09:15:00+05:30,124.11,130.49,123.0,127.98,208139,0
2026-06-08T09:30:00+05:30,127.98,128.1,126.1,126.71,46627,0
2026-06-08T09:45:00+05:30,126.75,127.93,126.1,127.6,18263,0
2026-06-08T10:00:00+05:30,127.43,127.53,126.11,126.26,9252,0
2026-06-08T10:15:00+05:30,126.38,126.67,126.0,126.37,7977,0
2026-06-08T10:30:00+05:30,126.06,127.19,126.06,126.72,17750,0
2026-06-08T10:45:00+05:30,126.51,127.95,126.31,127.9,22159,0
2026-06-08T11:00:00+05:30,127.99,128.1,126.72,126.97,7146,0
2026-06-08T11:15:00+05:30,126.86,127.42,126.45,127.0,5272,0
2026-06-08T11:30:00+05:30,127.16,127.17,126.51,126.82,1790,0
2026-06-08T11:45:00+05:30,126.66,127.28,126.25,126.87,10792,0
2026-06-08T12:00:00+05:30,126.87,127.18,126.51,126.89,1832,0
2026-06-08T12:15:00+05:30,126.68,126.96,126.5,126.8,2758,0
2026-06-08T12:30:00+05:30,126.8,126.83,126.57,126.83,318,0
2026-06-08T12:45:00+05:30,126.83,127.1,126.66,126.81,1520,0
2026-06-08T13:00:00+05:30,126.81,127.0,126.53,126.53,1145,0
2026-06-08T13:15:00+05:30,126.53,126.55,126.25,126.37,6481,0
2026-06-08T13:30:00+05:30,126.24,126.45,124.61,125.36,23915,0
2026-06-08T13:45:00+05:30,125.4,126.3,124.32,125.08,23449,0
2026-06-08T14:00:00+05:30,125.09,125.66,124.7,125.64,4108,0
2026-06-08T14:15:00+05:30,125.64,125.74,124.27,124.27,7250,0
2026-06-08T14:30:00+05:30,124.55,125.0,123.65,123.93,42585,0
2026-06-08T14:45:00+05:30,123.91,123.97,122.85,123.21,27299,0
2026-06-08T15:00:00+05:30,123.27,123.27,121.3,122.25,94905,0
2026-06-08T15:15:00+05:30,122.22,123.8,121.95,122.5,33731,0
2026-06-09T09:15:00+05:30,123.03,123.74,120.49,120.93,130171,0
2026-06-09T09:30:00+05:30,120.93,124.5,120.93,124.24,55082,0
2026-06-09T09:45:00+05:30,123.99,129.5,122.92,127.97,270716,0
2026-06-09T10:00:00+05:30,127.97,134.87,126.72,131.75,314148,0
2026-06-09T10:15:00+05:30,131.75,131.75,127.82,129.98,298498,0
2026-06-09T10:30:00+05:30,129.94,130.84,129.51,129.8,32182,0
2026-06-09T10:45:00+05:30,129.91,130.76,129.69,129.71,35793,0
2026-06-09T11:00:00+05:30,129.74,129.99,129.1,129.22,27838,0
2026-06-09T11:15:00+05:30,129.23,129.23,127.78,128.6,19546,0
2026-06-09T11:30:00+05:30,128.53,129.17,128.13,128.67,12561,0
2026-06-09T11:45:00+05:30,128.51,129.69,128.21,128.88,15526,0
2026-06-09T12:00:00+05:30,128.88,129.28,128.12,128.76,8869,0
2026-06-09T12:15:00+05:30,128.71,129.43,128.67,129.08,8909,0
2026-06-09T12:30:00+05:30,129.08,129.13,128.52,128.75,11353,0
2026-06-09T12:45:00+05:30,128.92,128.92,128.21,128.3,9270,0
2026-06-09T13:00:00+05:30,128.3,129.05,128.3,128.86,4024,0
2026-06-09T13:15:00+05:30,129.06,129.2,128.45,128.47,2625,0
2026-06-09T13:30:00+05:30,128.66,128.66,127.95,128.3,9145,0
2026-06-09T13:45:00+05:30,128.23,128.55,127.4,127.98,16576,0
2026-06-09T14:00:00+05:30,127.74,128.53,127.33,127.91,8096,0
2026-06-09T14:15:00+05:30,128.16,128.69,128.01,128.11,3638,0
2026-06-09T14:30:00+05:30,128.11,128.33,127.92,128.19,2107,0
2026-06-09T14:45:00+05:30,128.04,128.91,127.9,128.9,5653,0
2026-06-09T15:00:00+05:30,128.7,128.99,127.9,127.92,8803,0
2026-06-09T15:15:00+05:30,128.14,129.5,127.5,128.98,50361,0
2026-06-10T09:15:00+05:30,129.0,130.82,125.2,129.26,36508,0
2026-06-10T09:30:00+05:30,129.48,129.92,127.6,127.98,12695,0
2026-06-10T09:45:00+05:30,127.93,128.18,127.44,127.7,20111,0
2026-06-10T10:00:00+05:30,127.7,128.04,127.42,127.51,4362,0
2026-06-10T10:15:00+05:30,127.51,127.77,127.14,127.54,4965,0
2026-06-10T10:30:00+05:30,127.46,130.09,127.27,129.78,27522,0
2026-06-10T10:45:00+05:30,129.74,129.78,128.12,128.28,3486,0
2026-06-10T11:00:00+05:30,128.28,128.69,128.11,128.69,888,0
2026-06-10T11:15:00+05:30,128.6,128.69,127.8,127.82,5408,0
2026-06-10T11:30:00+05:30,127.82,127.82,127.44,127.44,2181,0
2026-06-10T11:45:00+05:30,127.48,128.1,127.34,128.08,6655,0
2026-06-10T12:00:00+05:30,128.08,128.08,127.41,127.98,1706,0
2026-06-10T12:15:00+05:30,128.01,128.05,127.21,127.95,3324,0
2026-06-10T12:30:00+05:30,127.72,127.75,127.1,127.1,1913,0
2026-06-10T12:45:00+05:30,127.16,127.8,127.1,127.8,982,0
2026-06-10T13:00:00+05:30,127.8,129.04,127.8,128.45,4201,0
2026-06-10T13:15:00+05:30,128.45,128.5,127.71,127.71,3103,0
2026-06-10T13:30:00+05:30,127.71,128.36,127.41,127.41,2403,0
2026-06-10T13:45:00+05:30,127.41,127.56,127.11,127.4,2012,0
2026-06-10T14:00:00+05:30,127.22,127.25,126.5,126.51,2704,0
2026-06-10T14:15:00+05:30,126.5,127.36,126.5,127.05,530,0
2026-06-10T14:30:00+05:30,127.05,127.09,126.5,126.86,4257,0
2026-06-10T14:45:00+05:30,126.68,126.89,126.4,126.89,2188,0
2026-06-10T15:00:00+05:30,126.61,128.48,126.3,126.34,20954,0
2026-06-10T15:15:00+05:30,126.4,128.2,125.85,127.0,23296,0
2026-06-11T09:15:00+05:30,127.0,128.79,126.0,128.25,20488,0
2026-06-11T09:30:00+05:30,128.11,128.11,126.2,126.49,23946,0
2026-06-11T09:45:00+05:30,126.49,126.49,125.6,125.65,8181,0
2026-06-11T10:00:00+05:30,125.65,126.27,125.08,126.09,3374,0
2026-06-11T10:15:00+05:30,126.09,126.58,125.55,126.08,10727,0
2026-06-11T10:30:00+05:30,126.08,126.22,125.64,125.64,1522,0
2026-06-11T10:45:00+05:30,125.64,126.02,125.11,125.3,7129,0
2026-06-11T11:00:00+05:30,125.3,129.57,125.0,127.75,44343,0
2026-06-11T11:15:00+05:30,127.75,127.96,127.33,127.51,1044,0
2026-06-11T11:30:00+05:30,127.35,127.78,126.68,127.0,3601,0
2026-06-11T11:45:00+05:30,127.0,127.29,127.0,127.29,1,0
2026-06-11T12:00:00+05:30,127.29,127.29,126.73,127.05,806,0
2026-06-11T12:15:00+05:30,127.07,131.0,127.07,129.62,69720,0
2026-06-11T12:30:00+05:30,129.62,130.5,129.0,129.02,23631,0
2026-06-11T12:45:00+05:30,129.05,131.0,128.31,131.0,105273,0
2026-06-11T13:00:00+05:30,131.0,133.0,129.76,131.89,89582,0
2026-06-11T13:15:00+05:30,131.89,131.89,129.09,129.21,18186,0
2026-06-11T13:30:00+05:30,129.42,131.0,129.42,130.45,20775,0
2026-06-11T13:45:00+05:30,130.47,131.4,129.82,131.4,6739,0
2026-06-11T14:00:00+05:30,131.38,133.69,129.22,132.75,47924,0
2026-06-11T14:15:00+05:30,132.46,133.64,132.0,132.65,23994,0
2026-06-11T14:30:00+05:30,132.69,132.69,132.02,132.04,3304,0
2026-06-11T14:45:00+05:30,132.03,134.3,131.02,134.28,59370,0
2026-06-11T15:00:00+05:30,134.27,134.42,131.24,131.69,65496,0
2026-06-11T15:15:00+05:30,131.69,133.25,129.25,133.0,88079,0
2026-06-12T09:15:00+05:30,133.7,133.7,131.71,132.44,10443,0
2026-06-12T09:30:00+05:30,132.44,133.0,130.79,132.3,64321,0
2026-06-12T09:45:00+05:30,132.36,132.36,130.5,130.84,6935,0
2026-06-12T10:00:00+05:30,130.84,131.0,130.4,131.0,1682,0
2026-06-12T10:15:00+05:30,130.93,131.56,130.83,131.34,2917,0
2026-06-12T10:30:00+05:30,131.52,132.8,131.05,132.57,10726,0
2026-06-12T10:45:00+05:30,132.57,132.9,131.91,131.91,2998,0
2026-06-12T11:00:00+05:30,131.91,133.0,131.91,132.82,9289,0
2026-06-12T11:15:00+05:30,132.82,132.82,132.11,132.57,2158,0
2026-06-12T11:30:00+05:30,132.55,132.7,132.52,132.55,746,0
2026-06-12T11:45:00+05:30,132.55,133.11,132.25,133.11,3729,0
2026-06-12T12:00:00+05:30,133.1,133.45,132.25,132.79,23571,0
2026-06-12T12:15:00+05:30,132.47,132.48,132.01,132.25,386,0
2026-06-12T12:30:00+05:30,132.25,132.83,131.71,132.83,7694,0
2026-06-12T12:45:00+05:30,132.83,133.07,132.03,132.03,5944,0
2026-06-12T13:00:00+05:30,132.36,133.0,132.03,132.31,2138,0
2026-06-12T13:15:00+05:30,132.34,133.83,131.84,133.58,24489,0
2026-06-12T13:30:00+05:30,133.3,134.24,133.3,133.6,15676,0
2026-06-12T13:45:00+05:30,133.85,134.4,133.1,134.08,24293,0
2026-06-12T14:00:00+05:30,134.25,136.2,134.0,135.19,46716,0
2026-06-12T14:15:00+05:30,135.19,136.31,135.0,136.0,38195,0
2026-06-12T14:30:00+05:30,136.0,136.05,135.0,135.14,15182,0
2026-06-12T14:45:00+05:30,135.22,136.0,135.03,135.59,10569,0
2026-06-12T15:00:00+05:30,135.57,136.31,135.38,135.76,13084,0
2026-06-12T15:15:00+05:30,135.41,136.7,135.25,136.5,41093,0
2026-06-15T09:15:00+05:30,138.5,140.1,137.25,140.0,29790,0
2026-06-15T09:30:00+05:30,140.0,144.56,139.51,142.95,82555,0
2026-06-15T09:45:00+05:30,143.0,143.49,142.35,142.64,23266,0
2026-06-15T10:00:00+05:30,142.64,143.55,142.52,142.64,22059,0
2026-06-15T10:15:00+05:30,142.64,142.97,142.0,142.29,11003,0
2026-06-15T10:30:00+05:30,142.22,143.55,141.45,141.65,21262,0
2026-06-15T10:45:00+05:30,141.62,149.62,141.31,147.32,222108,0
2026-06-15T11:00:00+05:30,147.7,148.79,146.6,147.16,108338,0
2026-06-15T11:15:00+05:30,147.12,147.65,147.0,147.5,21021,0
2026-06-15T11:30:00+05:30,147.29,147.39,146.03,146.39,19207,0
2026-06-15T11:45:00+05:30,146.24,147.0,145.63,146.41,12509,0
2026-06-15T12:00:00+05:30,146.41,146.83,143.82,144.99,25012,0
2026-06-15T12:15:00+05:30,144.7,145.44,143.71,144.06,26143,0
2026-06-15T12:30:00+05:30,144.06,144.53,143.85,143.85,5430,0
2026-06-15T12:45:00+05:30,143.82,144.45,143.08,143.73,23333,0
2026-06-15T13:00:00+05:30,144.06,144.27,143.5,143.76,4092,0
2026-06-15T13:15:00+05:30,143.76,146.4,143.76,145.64,73842,0
2026-06-15T13:30:00+05:30,145.94,147.0,145.94,146.0,14546,0
2026-06-15T13:45:00+05:30,146.24,147.28,146.24,146.46,11601,0
2026-06-15T14:00:00+05:30,146.46,148.29,146.46,147.5,25745,0
2026-06-15T14:15:00+05:30,147.57,148.5,147.01,148.14,27349,0
2026-06-15T14:30:00+05:30,148.14,148.99,145.0,146.78,54098,0
2026-06-15T14:45:00+05:30,146.91,148.2,146.21,147.43,36182,0
2026-06-15T15:00:00+05:30,147.52,148.55,146.03,146.87,56390,0
2026-06-15T15:15:00+05:30,146.41,147.0,145.84,146.9,66411,0
2026-06-16T09:15:00+05:30,146.94,150.0,146.2,147.01,55733,0
2026-06-16T09:30:00+05:30,147.01,148.0,146.31,146.96,34852,0
2026-06-16T09:45:00+05:30,146.95,148.0,146.72,147.0,29641,0
2026-06-16T10:00:00+05:30,147.0,147.0,144.72,145.35,20014,0
2026-06-16T10:15:00+05:30,145.38,145.69,143.61,144.14,14615,0
2026-06-16T10:30:00+05:30,144.14,144.57,141.15,141.35,21741,0
2026-06-16T10:45:00+05:30,141.8,142.39,141.36,141.85,5841,0
2026-06-16T11:00:00+05:30,141.56,142.19,140.59,141.96,30370,0
2026-06-16T11:15:00+05:30,142.07,143.0,140.94,142.73,37665,0
2026-06-16T11:30:00+05:30,142.51,142.51,141.5,141.63,1954,0
2026-06-16T11:45:00+05:30,141.57,141.9,140.39,140.59,5620,0
2026-06-16T12:00:00+05:30,140.52,142.09,139.99,141.61,21328,0
2026-06-16T12:15:00+05:30,141.42,141.79,141.01,141.26,4220,0
2026-06-16T12:30:00+05:30,141.26,141.26,141.01,141.02,188,0
2026-06-16T12:45:00+05:30,141.02,141.25,140.83,141.19,889,0
2026-06-16T13:00:00+05:30,140.82,142.29,140.82,142.13,12120,0
2026-06-16T13:15:00+05:30,142.3,143.0,142.01,142.33,13580,0
2026-06-16T13:30:00+05:30,142.33,142.33,141.5,141.5,5466,0
2026-06-16T13:45:00+05:30,141.5,141.5,140.12,141.36,6905,0
2026-06-16T14:00:00+05:30,141.36,141.36,140.61,141.15,39901,0
2026-06-16T14:15:00+05:30,141.11,141.11,140.82,141.0,4085,0
2026-06-16T14:30:00+05:30,140.72,142.58,140.71,141.42,16686,0
2026-06-16T14:45:00+05:30,141.42,143.0,141.3,142.6,13459,0
2026-06-16T15:00:00+05:30,142.6,142.82,142.0,142.74,9629,0
2026-06-16T15:15:00+05:30,142.75,143.43,141.32,143.43,40132,0
2026-06-17T09:15:00+05:30,143.66,146.6,143.51,143.76,63438,0
2026-06-17T09:30:00+05:30,143.76,147.8,143.31,146.69,93029,0
2026-06-17T09:45:00+05:30,146.5,146.66,144.31,145.33,17220,0
2026-06-17T10:00:00+05:30,145.47,145.5,144.62,145.08,14020,0
2026-06-17T10:15:00+05:30,145.08,145.5,144.64,145.19,8668,0
2026-06-17T10:30:00+05:30,145.29,145.47,144.15,144.15,3365,0
2026-06-17T10:45:00+05:30,144.3,144.4,144.23,144.29,5387,0
2026-06-17T11:00:00+05:30,144.29,144.49,144.03,144.03,9901,0
2026-06-17T11:15:00+05:30,144.08,144.69,143.59,143.59,6600,0
2026-06-17T11:30:00+05:30,143.59,143.74,143.21,143.26,4720,0
2026-06-17T11:45:00+05:30,143.26,143.84,143.11,143.5,5592,0
2026-06-17T12:00:00+05:30,143.5,143.5,143.21,143.49,1779,0
2026-06-17T12:15:00+05:30,143.14,143.55,143.1,143.55,4060,0
2026-06-17T12:30:00+05:30,143.55,144.19,143.25,143.78,37625,0
2026-06-17T12:45:00+05:30,143.97,145.3,143.97,144.37,13953,0
2026-06-17T13:00:00+05:30,144.37,145.0,144.36,144.72,6785,0
2026-06-17T13:15:00+05:30,144.72,144.72,144.43,144.51,365,0
2026-06-17T13:30:00+05:30,144.51,146.8,143.99,145.66,24429,0
2026-06-17T13:45:00+05:30,145.66,146.4,144.87,145.71,10107,0
2026-06-17T14:00:00+05:30,145.79,145.79,145.0,145.21,6284,0
2026-06-17T14:15:00+05:30,145.21,146.5,143.3,146.5,115953,0
2026-06-17T14:30:00+05:30,146.6,147.5,145.74,146.76,57354,0
2026-06-17T14:45:00+05:30,146.57,146.88,144.91,145.0,10494,0
2026-06-17T15:00:00+05:30,145.08,146.5,145.0,146.0,53182,0
2026-06-17T15:15:00+05:30,145.63,147.4,143.77,147.4,73297,0
2026-06-18T09:15:00+05:30,148.2,148.2,134.1,144.89,23978,0
2026-06-18T09:30:00+05:30,144.73,145.13,144.02,145.13,20898,0
2026-06-18T09:45:00+05:30,144.91,146.6,144.91,145.66,18802,0
2026-06-18T10:00:00+05:30,145.91,147.0,145.9,146.05,11951,0
2026-06-18T10:15:00+05:30,146.05,147.6,146.04,147.18,13350,0
2026-06-18T10:30:00+05:30,147.16,147.47,146.04,146.11,6167,0
2026-06-18T10:45:00+05:30,146.11,146.8,146.0,146.49,11625,0
2026-06-18T11:00:00+05:30,146.49,146.49,145.4,145.63,7137,0
2026-06-18T11:15:00+05:30,145.31,145.6,145.08,145.5,9592,0
2026-06-18T11:30:00+05:30,145.5,145.6,145.25,145.25,1812,0
2026-06-18T11:45:00+05:30,145.25,146.0,144.58,145.69,8142,0
2026-06-18T12:00:00+05:30,145.59,146.5,144.44,144.61,15281,0
2026-06-18T12:15:00+05:30,144.55,146.01,144.55,144.97,19093,0
2026-06-18T12:30:00+05:30,144.97,146.0,144.94,145.0,25320,0
2026-06-18T12:45:00+05:30,145.03,145.29,144.9,145.21,7483,0
2026-06-18T13:00:00+05:30,145.21,145.46,144.63,144.63,5304,0
2026-06-18T13:15:00+05:30,144.86,145.35,144.56,144.71,5852,0
2026-06-18T13:30:00+05:30,144.71,144.99,143.8,143.8,14063,0
2026-06-18T13:45:00+05:30,143.96,144.24,143.28,143.31,4698,0
2026-06-18T14:00:00+05:30,143.64,143.77,143.45,143.77,1271,0
2026-06-18T14:15:00+05:30,143.77,143.88,143.5,143.88,1444,0
2026-06-18T14:30:00+05:30,143.88,143.88,142.9,142.9,34495,0
2026-06-18T14:45:00+05:30,142.9,143.0,142.52,142.63,1934,0
2026-06-18T15:00:00+05:30,142.63,143.0,142.55,142.55,4425,0
2026-06-18T15:15:00+05:30,142.63,145.05,142.62,145.0,43542,0
2026-06-19T09:15:00+05:30,150.0,151.3,143.99,147.45,141373,0
2026-06-19T09:30:00+05:30,147.16,153.0,147.0,152.38,167109,0
2026-06-19T09:45:00+05:30,152.29,163.48,152.0,160.85,706566,0
2026-06-19T10:00:00+05:30,160.67,163.95,160.61,161.19,617349,0
2026-06-19T10:15:00+05:30,161.07,164.49,159.41,163.16,538013,0
2026-06-19T10:30:00+05:30,163.34,164.98,161.68,162.09,348324,0
2026-06-19T10:45:00+05:30,162.28,162.65,160.66,161.98,211687,0
2026-06-19T11:00:00+05:30,161.6,164.8,161.49,163.9,396226,0
2026-06-19T11:15:00+05:30,163.78,164.5,162.65,163.07,257206,0
2026-06-19T11:30:00+05:30,163.06,164.59,162.5,162.97,206599,0
2026-06-19T11:45:00+05:30,162.97,163.57,162.5,162.75,108966,0
2026-06-19T12:00:00+05:30,162.9,163.09,162.4,162.88,76636,0
2026-06-19T12:15:00+05:30,162.86,165.0,162.25,162.43,245368,0
2026-06-19T12:30:00+05:30,162.59,163.5,161.16,163.36,98267,0
2026-06-19T12:45:00+05:30,163.37,164.5,162.86,163.13,152499,0
2026-06-19T13:00:00+05:30,163.12,164.95,162.78,164.6,110735,0
2026-06-19T13:15:00+05:30,164.54,166.99,163.5,165.3,670315,0
2026-06-19T13:30:00+05:30,165.3,168.8,165.01,167.61,567348,0
2026-06-19T13:45:00+05:30,167.86,168.75,167.0,167.63,311958,0
2026-06-19T14:00:00+05:30,167.63,169.7,167.2,169.02,402342,0
2026-06-19T14:15:00+05:30,169.09,169.6,167.91,168.22,219012,0
2026-06-19T14:30:00+05:30,168.2,169.4,167.86,168.85,114315,0
2026-06-19T14:45:00+05:30,168.99,170.49,167.71,168.56,337092,0
2026-06-19T15:00:00+05:30,168.56,172.75,166.7,168.63,1502610,0
2026-06-19T15:15:00+05:30,168.79,170.99,167.95,168.0,471256,0
2026-06-22T09:15:00+05:30,177.02,179.48,165.47,168.4,914047,0
2026-06-22T09:30:00+05:30,168.24,169.62,165.6,166.4,310600,0
2026-06-22T09:45:00+05:30,166.57,167.84,166.0,167.0,37627,0
2026-06-22T10:00:00+05:30,167.0,167.69,166.5,166.91,33820,0
2026-06-22T10:15:00+05:30,166.64,169.0,166.01,166.51,61067,0
2026-06-22T10:30:00+05:30,166.58,166.58,165.6,165.93,41323,0
2026-06-22T10:45:00+05:30,165.62,166.0,164.12,165.9,86159,0
2026-06-22T11:00:00+05:30,165.9,166.0,165.0,165.23,32215,0
2026-06-22T11:15:00+05:30,165.25,165.63,164.6,164.75,12443,0
2026-06-22T11:30:00+05:30,164.61,166.93,163.15,166.6,158575,0
2026-06-22T11:45:00+05:30,166.8,167.33,164.34,165.65,106020,0
2026-06-22T12:00:00+05:30,165.61,165.66,165.0,165.42,7168,0
2026-06-22T12:15:00+05:30,165.42,166.37,165.0,165.19,33634,0
2026-06-22T12:30:00+05:30,165.0,165.17,163.2,163.67,33457,0
2026-06-22T12:45:00+05:30,163.74,164.39,162.52,163.93,71743,0
2026-06-22T13:00:00+05:30,163.85,164.54,162.22,164.0,59480,0
2026-06-22T13:15:00+05:30,164.0,164.73,163.29,163.29,21872,0
2026-06-22T13:30:00+05:30,163.35,163.56,161.1,163.09,109029,0
2026-06-22T13:45:00+05:30,163.09,163.68,162.62,162.7,11180,0
2026-06-22T14:00:00+05:30,162.69,163.99,162.5,163.62,18177,0
2026-06-22T14:15:00+05:30,163.62,163.85,163.5,163.53,14179,0
2026-06-22T14:30:00+05:30,163.59,164.45,163.21,163.92,41355,0
2026-06-22T14:45:00+05:30,163.8,164.6,162.22,162.22,54937,0
2026-06-22T15:00:00+05:30,162.49,163.52,161.88,162.07,89075,0
2026-06-22T15:15:00+05:30,162.07,164.88,160.51,161.5,240982,0
2026-06-23T09:15:00+05:30,163.0,163.0,158.1,158.59,102710,0
2026-06-23T09:30:00+05:30,158.42,159.19,157.42,157.62,61056,0
2026-06-23T09:45:00+05:30,157.58,158.0,157.0,157.94,48400,0
2026-06-23T10:00:00+05:30,157.65,159.95,157.5,159.2,36643,0
2026-06-23T10:15:00+05:30,159.32,159.41,157.53,157.9,51279,0
2026-06-23T10:30:00+05:30,157.9,158.13,155.69,156.5,130884,0
2026-06-23T10:45:00+05:30,156.74,157.05,154.88,155.08,27987,0
2026-06-23T11:00:00+05:30,155.27,156.03,154.36,155.45,48218,0
2026-06-23T11:15:00+05:30,155.2,155.42,154.3,154.79,14399,0
2026-06-23T11:30:00+05:30,154.57,154.83,153.72,154.31,11328,0
2026-06-23T11:45:00+05:30,154.28,156.03,153.22,154.93,83813,0
2026-06-23T12:00:00+05:30,155.12,156.42,154.44,155.56,24029,0
2026-06-23T12:15:00+05:30,155.63,157.49,155.1,156.24,22495,0
2026-06-23T12:30:00+05:30,156.16,159.51,155.72,159.51,142344,0
2026-06-23T12:45:00+05:30,159.69,162.47,159.43,161.69,93082,0
2026-06-23T13:00:00+05:30,161.32,161.55,159.32,159.8,90030,0
2026-06-23T13:15:00+05:30,159.87,164.16,159.5,162.34,94877,0
2026-06-23T13:30:00+05:30,162.5,164.76,160.83,163.69,76796,0
2026-06-23T13:45:00+05:30,163.69,163.98,160.69,161.0,96911,0
2026-06-23T14:00:00+05:30,160.85,160.96,160.57,160.85,2490,0
2026-06-23T14:15:00+05:30,160.67,162.06,160.5,161.0,23069,0
2026-06-23T14:30:00+05:30,161.0,162.25,160.98,161.6,17477,0
2026-06-23T14:45:00+05:30,161.6,161.78,160.81,161.38,24546,0
2026-06-23T15:00:00+05:30,161.18,161.7,157.61,158.38,80118,0
2026-06-23T15:15:00+05:30,158.06,160.49,156.51,158.49,62072,0
2026-06-24T09:15:00+05:30,159.45,160.7,157.51,157.89,43509,0
2026-06-24T09:30:00+05:30,157.89,159.09,157.51,158.79,18860,0
2026-06-24T09:45:00+05:30,158.79,158.9,157.09,158.49,9771,0
2026-06-24T10:00:00+05:30,158.59,160.93,158.59,159.31,26639,0
2026-06-24T10:15:00+05:30,159.4,159.87,159.13,159.54,6732,0
2026-06-24T10:30:00+05:30,159.33,160.0,159.0,159.3,8464,0
2026-06-24T10:45:00+05:30,159.34,163.85,159.21,162.47,58829,0
2026-06-24T11:00:00+05:30,162.14,162.83,161.41,161.86,32873,0
2026-06-24T11:15:00+05:30,161.86,162.79,161.0,161.11,13838,0
2026-06-24T11:30:00+05:30,161.14,161.31,160.51,161.01,42732,0
2026-06-24T11:45:00+05:30,160.97,161.88,160.81,160.87,8116,0
2026-06-24T12:00:00+05:30,160.87,163.79,160.87,163.07,35066,0
2026-06-24T12:15:00+05:30,163.04,165.0,162.6,163.59,90755,0
2026-06-24T12:30:00+05:30,163.56,165.0,163.02,163.72,53763,0
2026-06-24T12:45:00+05:30,163.8,163.8,162.12,162.17,21787,0
2026-06-24T13:00:00+05:30,162.27,163.02,162.08,162.21,15557,0
2026-06-24T13:15:00+05:30,162.3,162.88,162.21,162.42,4778,0
2026-06-24T13:30:00+05:30,162.44,162.44,161.51,162.19,7235,0
2026-06-24T13:45:00+05:30,162.21,162.39,161.5,161.5,5740,0
2026-06-24T14:00:00+05:30,161.26,161.59,160.95,161.25,8081,0
2026-06-24T14:15:00+05:30,161.25,161.49,158.6,158.97,20199,0
2026-06-24T14:30:00+05:30,158.94,159.36,158.41,158.97,8718,0
2026-06-24T14:45:00+05:30,158.94,159.87,158.07,159.58,30791,0
2026-06-24T15:00:00+05:30,159.3,159.62,158.5,159.13,75446,0
2026-06-24T15:15:00+05:30,159.33,161.8,159.31,161.8,48252,0
2026-06-25T09:15:00+05:30,160.71,160.95,157.44,158.22,57382,0
2026-06-25T09:30:00+05:30,158.2,164.0,157.72,161.78,74099,0
2026-06-25T09:45:00+05:30,161.84,162.3,159.5,161.52,68606,0
2026-06-25T10:00:00+05:30,161.55,161.98,160.94,161.54,4436,0
2026-06-25T10:15:00+05:30,161.34,165.3,161.24,164.05,115352,0
2026-06-25T10:30:00+05:30,164.36,164.72,163.39,164.72,30238,0
2026-06-25T10:45:00+05:30,164.72,164.78,164.0,164.62,14210,0
2026-06-25T11:00:00+05:30,164.62,164.62,163.16,163.51,18707,0
2026-06-25T11:15:00+05:30,163.6,164.0,162.96,163.03,11909,0
2026-06-25T11:30:00+05:30,162.9,162.9,161.51,161.51,24708,0
2026-06-25T11:45:00+05:30,161.51,162.06,161.01,161.48,9498,0
2026-06-25T12:00:00+05:30,161.5,162.88,161.5,161.72,13393,0
2026-06-25T12:15:00+05:30,161.72,161.98,160.5,160.86,5831,0
2026-06-25T12:30:00+05:30,161.0,161.78,160.61,161.39,10669,0
2026-06-25T12:45:00+05:30,161.39,161.57,161.16,161.27,687,0
2026-06-25T13:00:00+05:30,161.14,161.2,160.6,160.6,814,0
2026-06-25T13:15:00+05:30,160.77,161.04,160.57,160.57,5966,0
2026-06-25T13:30:00+05:30,160.57,161.06,160.57,161.05,3453,0
2026-06-25T13:45:00+05:30,161.05,161.05,160.45,160.45,837,0
2026-06-25T14:00:00+05:30,160.53,161.76,160.53,161.0,7844,0
2026-06-25T14:15:00+05:30,161.0,161.69,160.76,161.28,5606,0
2026-06-25T14:30:00+05:30,161.44,161.63,161.28,161.3,1589,0
2026-06-25T14:45:00+05:30,161.33,161.5,161.0,161.2,7611,0
2026-06-25T15:00:00+05:30,161.0,163.01,160.31,161.37,29002,0
2026-06-25T15:15:00+05:30,161.64,161.79,161.0,161.49,32004,0
2026-06-29T09:15:00+05:30,161.49,161.49,157.48,160.01,89412,0
2026-06-29T09:30:00+05:30,160.4,162.07,160.0,161.49,12941,0
2026-06-29T09:45:00+05:30,161.73,161.73,160.5,161.18,5608,0
2026-06-29T10:00:00+05:30,161.18,162.89,161.05,161.42,16155,0
2026-06-29T10:15:00+05:30,161.1,161.1,160.12,161.0,8861,0
2026-06-29T10:30:00+05:30,161.0,161.99,160.8,161.29,28493,0
2026-06-29T10:45:00+05:30,161.37,161.4,160.0,160.51,7523,0
2026-06-29T11:00:00+05:30,160.69,160.86,159.9,160.0,17674,0
2026-06-29T11:15:00+05:30,160.0,160.21,159.5,160.03,16943,0
2026-06-29T11:30:00+05:30,160.03,160.49,157.98,159.12,57624,0
2026-06-29T11:45:00+05:30,159.14,159.8,159.0,159.8,7504,0
2026-06-29T12:00:00+05:30,159.56,159.75,158.01,158.75,9876,0
2026-06-29T12:15:00+05:30,158.6,158.69,157.61,157.61,8323,0
2026-06-29T12:30:00+05:30,157.86,158.84,157.52,158.84,14424,0
2026-06-29T12:45:00+05:30,158.91,159.1,158.49,158.49,3035,0
2026-06-29T13:00:00+05:30,158.52,160.57,158.47,160.07,8285,0
2026-06-29T13:15:00+05:30,160.06,160.28,159.54,159.86,6356,0
2026-06-29T13:30:00+05:30,159.86,160.5,159.86,160.04,2979,0
2026-06-29T13:45:00+05:30,160.0,160.5,159.81,159.81,6979,0
2026-06-29T14:00:00+05:30,159.81,160.5,159.02,159.99,13115,0
2026-06-29T14:15:00+05:30,159.79,162.74,159.66,161.67,75567,0
2026-06-29T14:30:00+05:30,161.68,163.0,161.0,161.29,42428,0
2026-06-29T14:45:00+05:30,161.29,163.5,160.5,162.0,47066,0
2026-06-29T15:00:00+05:30,161.99,163.13,161.44,161.91,30307,0
2026-06-29T15:15:00+05:30,162.04,164.5,161.51,163.0,61931,0
2026-06-30T09:15:00+05:30,163.8,164.13,162.46,163.73,24196,0
2026-06-30T09:30:00+05:30,163.75,163.75,162.4,162.55,7587,0
2026-06-30T09:45:00+05:30,162.4,162.7,162.0,162.29,2638,0
2026-06-30T10:00:00+05:30,162.29,162.58,161.3,161.5,13724,0
2026-06-30T10:15:00+05:30,161.5,164.99,161.5,164.21,55302,0
2026-06-30T10:30:00+05:30,163.73,164.4,163.28,164.29,5832,0
2026-06-30T10:45:00+05:30,164.08,165.5,163.6,164.68,70892,0
2026-06-30T11:00:00+05:30,164.68,165.95,164.48,165.6,15986,0
2026-06-30T11:15:00+05:30,165.59,165.59,163.8,164.0,20264,0
2026-06-30T11:30:00+05:30,164.29,165.73,164.26,165.29,16331,0
2026-06-30T11:45:00+05:30,165.29,166.0,165.2,165.81,3284,0
2026-06-30T12:00:00+05:30,165.82,168.7,165.65,168.47,78207,0
2026-06-30T12:15:00+05:30,168.46,168.7,166.33,166.4,20342,0
2026-06-30T12:30:00+05:30,166.4,166.6,164.5,164.55,33807,0
2026-06-30T12:45:00+05:30,164.55,167.7,164.27,166.99,81368,0
2026-06-30T13:00:00+05:30,166.74,167.4,164.6,164.87,31117,0
2026-06-30T13:15:00+05:30,164.89,165.74,164.65,164.93,39876,0
2026-06-30T13:30:00+05:30,164.93,165.52,164.75,165.15,19214,0
2026-06-30T13:45:00+05:30,165.15,165.92,164.79,165.2,16560,0
2026-06-30T14:00:00+05:30,165.21,165.76,165.0,165.36,13840,0
2026-06-30T14:15:00+05:30,165.47,165.66,165.0,165.51,3658,0
2026-06-30T14:30:00+05:30,165.35,165.68,164.75,165.28,3104,0
2026-06-30T14:45:00+05:30,165.09,165.66,165.0,165.31,3418,0
2026-06-30T15:00:00+05:30,165.1,165.89,164.83,165.59,13216,0
2026-06-30T15:15:00+05:30,165.46,166.14,164.38,164.38,66652,0
2026-07-01T09:15:00+05:30,164.38,166.0,159.1,161.81,137820,0
2026-07-01T09:30:00+05:30,161.6,163.5,161.15,163.16,40927,0
2026-07-01T09:45:00+05:30,163.16,163.63,163.01,163.17,22681,0
2026-07-01T10:00:00+05:30,163.17,163.21,160.9,161.2,19928,0
2026-07-01T10:15:00+05:30,161.34,163.8,161.16,163.69,41239,0
2026-07-01T10:30:00+05:30,163.62,164.01,162.47,163.67,31801,0
2026-07-01T10:45:00+05:30,163.71,165.87,163.63,165.61,41893,0
2026-07-01T11:00:00+05:30,165.61,165.8,163.85,163.85,13709,0
2026-07-01T11:15:00+05:30,163.82,166.2,163.82,164.83,50875,0
2026-07-01T11:30:00+05:30,165.0,165.0,163.99,164.17,2779,0
2026-07-01T11:45:00+05:30,164.16,164.21,162.95,163.3,12209,0
2026-07-01T12:00:00+05:30,163.3,163.45,162.33,162.33,4236,0
2026-07-01T12:15:00+05:30,162.41,162.86,162.3,162.5,6373,0
2026-07-01T12:30:00+05:30,162.5,162.55,161.52,161.74,5690,0
2026-07-01T12:45:00+05:30,161.52,161.83,161.02,161.02,11032,0
2026-07-01T13:00:00+05:30,161.02,161.35,160.22,161.08,13871,0
2026-07-01T13:15:00+05:30,160.82,161.28,160.1,161.25,63560,0
2026-07-01T13:30:00+05:30,161.49,161.5,160.94,161.04,10975,0
2026-07-01T13:45:00+05:30,161.04,162.44,161.04,162.15,35984,0
2026-07-01T14:00:00+05:30,162.01,162.88,161.94,162.76,11448,0
2026-07-01T14:15:00+05:30,162.91,162.99,162.11,162.11,6765,0
2026-07-01T14:30:00+05:30,162.11,162.74,162.04,162.04,2592,0
2026-07-01T14:45:00+05:30,162.13,162.75,161.94,162.1,11134,0
2026-07-01T15:00:00+05:30,162.1,162.49,161.94,161.97,9825,0
2026-07-01T15:15:00+05:30,162.0,167.99,162.0,167.0,150511,0
2026-07-02T09:15:00+05:30,166.88,167.23,165.0,165.35,25312,0
2026-07-02T09:30:00+05:30,165.35,167.21,165.35,165.89,30757,0
2026-07-02T09:45:00+05:30,165.88,171.48,165.51,169.58,112526,0
2026-07-02T10:00:00+05:30,169.78,169.85,167.93,168.7,29333,0
2026-07-02T10:15:00+05:30,168.45,168.95,167.71,168.48,9581,0
2026-07-02T10:30:00+05:30,168.71,169.19,167.74,167.74,13711,0
2026-07-02T10:45:00+05:30,168.13,168.56,167.89,168.08,5174,0
2026-07-02T11:00:00+05:30,168.09,169.0,167.93,168.7,10160,0
2026-07-02T11:15:00+05:30,168.67,168.73,166.82,167.6,26521,0
2026-07-02T11:30:00+05:30,167.6,168.07,166.99,167.47,13081,0
2026-07-02T11:45:00+05:30,167.36,168.08,167.16,167.89,4616,0
2026-07-02T12:00:00+05:30,167.72,167.91,167.5,167.5,2158,0
2026-07-02T12:15:00+05:30,167.56,167.75,167.0,167.24,2175,0
2026-07-02T12:30:00+05:30,167.24,167.44,167.0,167.09,1133,0
2026-07-02T12:45:00+05:30,167.0,167.0,166.41,166.66,1222,0
2026-07-02T13:00:00+05:30,166.42,167.39,166.33,166.68,2389,0
2026-07-02T13:15:00+05:30,166.68,167.44,166.68,167.0,8969,0
2026-07-02T13:30:00+05:30,167.0,167.31,167.0,167.02,9727,0
2026-07-02T13:45:00+05:30,167.0,167.41,166.81,167.39,2911,0
2026-07-02T14:00:00+05:30,167.33,168.5,167.25,167.27,8850,0
2026-07-02T14:15:00+05:30,167.27,167.49,166.33,166.33,10576,0
2026-07-02T14:30:00+05:30,166.62,166.79,166.32,166.68,3182,0
2026-07-02T14:45:00+05:30,166.68,166.68,166.33,166.6,1314,0
2026-07-02T15:00:00+05:30,166.66,167.4,165.15,166.01,18031,0
2026-07-02T15:15:00+05:30,166.2,166.78,165.15,165.7,38443,0
2026-07-03T09:15:00+05:30,166.13,168.14,166.09,166.3,17183,0
2026-07-03T09:30:00+05:30,166.23,166.3,164.31,164.87,16994,0
2026-07-03T09:45:00+05:30,164.52,165.37,164.52,165.13,3607,0
2026-07-03T10:00:00+05:30,165.13,168.14,164.56,166.63,34077,0
2026-07-03T10:15:00+05:30,166.62,167.0,165.6,165.8,10436,0
2026-07-03T10:30:00+05:30,165.62,166.0,165.47,165.99,1819,0
2026-07-03T10:45:00+05:30,165.71,166.31,165.1,165.92,4311,0
2026-07-03T11:00:00+05:30,165.92,166.0,164.12,165.52,11439,0
2026-07-03T11:15:00+05:30,165.3,167.62,164.12,166.59,29377,0
2026-07-03T11:30:00+05:30,166.59,167.8,166.59,167.05,6280,0
2026-07-03T11:45:00+05:30,167.05,170.5,166.5,169.94,43110,0
2026-07-03T12:00:00+05:30,169.99,171.45,168.85,171.45,65210,0
2026-07-03T12:15:00+05:30,171.11,171.11,167.84,168.48,40963,0
2026-07-03T12:30:00+05:30,168.6,168.76,167.65,167.85,10943,0
2026-07-03T12:45:00+05:30,167.84,168.5,167.65,168.0,4083,0
2026-07-03T13:00:00+05:30,167.68,167.92,166.67,166.7,6602,0
2026-07-03T13:15:00+05:30,166.98,167.82,166.98,167.17,5653,0
2026-07-03T13:30:00+05:30,167.17,167.28,167.01,167.01,799,0
2026-07-03T13:45:00+05:30,167.01,167.51,167.0,167.09,6566,0
2026-07-03T14:00:00+05:30,166.9,167.71,166.76,167.11,4712,0
2026-07-03T14:15:00+05:30,167.11,167.99,167.11,167.37,6118,0
2026-07-03T14:30:00+05:30,167.68,167.79,167.02,167.02,1827,0
2026-07-03T14:45:00+05:30,167.02,167.5,167.02,167.23,1498,0
2026-07-03T15:00:00+05:30,167.28,169.09,167.06,167.89,20796,0
2026-07-03T15:15:00+05:30,167.92,170.0,166.6,167.06,35353,0
2026-07-06T09:15:00+05:30,167.68,169.64,167.68,168.53,9357,0
2026-07-06T09:30:00+05:30,168.53,171.9,168.53,171.85,18085,0
2026-07-06T09:45:00+05:30,171.49,171.74,169.96,170.18,8907,0
2026-07-06T10:00:00+05:30,170.22,170.39,169.2,169.7,6674,0
2026-07-06T10:15:00+05:30,169.71,172.45,169.68,171.5,29971,0
2026-07-06T10:30:00+05:30,171.5,177.59,171.16,177.0,101950,0
2026-07-06T10:45:00+05:30,177.1,177.46,173.71,174.01,63509,0
2026-07-06T11:00:00+05:30,174.25,178.49,173.59,177.21,219772,0
2026-07-06T11:15:00+05:30,177.22,179.0,176.0,177.12,168009,0
2026-07-06T11:30:00+05:30,177.0,177.35,174.11,175.39,91689,0
2026-07-06T11:45:00+05:30,175.09,176.24,174.5,174.9,29955,0
2026-07-06T12:00:00+05:30,174.89,176.0,174.0,174.49,38572,0
2026-07-06T12:15:00+05:30,174.78,175.04,174.05,174.14,11376,0
2026-07-06T12:30:00+05:30,174.14,175.0,174.11,174.7,17084,0
2026-07-06T12:45:00+05:30,174.8,174.8,173.0,173.3,37015,0
2026-07-06T13:00:00+05:30,173.3,173.98,173.0,173.52,10567,0
2026-07-06T13:15:00+05:30,173.66,174.0,173.15,173.78,15497,0
2026-07-06T13:30:00+05:30,173.79,174.37,173.66,174.19,7717,0
2026-07-06T13:45:00+05:30,174.28,175.0,173.95,174.98,35341,0
2026-07-06T14:00:00+05:30,174.98,175.0,174.15,174.17,15667,0
2026-07-06T14:15:00+05:30,174.54,177.96,174.0,174.65,116081,0
2026-07-06T14:30:00+05:30,174.64,175.33,174.51,175.3,16694,0
2026-07-06T14:45:00+05:30,175.06,175.43,174.1,175.01,26395,0
2026-07-06T15:00:00+05:30,175.19,176.39,174.88,175.07,23300,0
2026-07-06T15:15:00+05:30,175.14,179.8,175.0,176.6,150430,0
2026-07-07T09:15:00+05:30,179.63,179.63,176.0,176.54,74212,0
2026-07-07T09:30:00+05:30,176.26,179.13,175.0,178.75,65289,0
2026-07-07T09:45:00+05:30,178.5,179.12,177.0,177.4,40131,0
2026-07-07T10:00:00+05:30,177.4,179.0,177.0,177.0,16810,0
2026-07-07T10:15:00+05:30,177.0,177.14,175.1,175.1,17244,0
2026-07-07T10:30:00+05:30,175.11,176.37,175.1,175.65,11436,0
2026-07-07T10:45:00+05:30,175.65,175.65,175.1,175.1,7325,0
2026-07-07T11:00:00+05:30,175.1,177.16,175.05,177.07,30851,0
2026-07-07T11:15:00+05:30,177.16,177.19,176.0,176.69,7156,0
2026-07-07T11:30:00+05:30,176.69,177.35,176.68,176.68,3101,0
2026-07-07T11:45:00+05:30,176.68,177.0,176.61,176.87,1776,0
2026-07-07T12:00:00+05:30,176.62,177.35,176.38,176.8,7576,0
2026-07-07T12:15:00+05:30,176.8,176.98,176.56,176.56,2783,0
2026-07-07T12:30:00+05:30,176.68,177.11,176.5,177.11,1668,0
2026-07-07T12:45:00+05:30,177.09,179.74,176.97,179.5,39925,0
2026-07-07T13:00:00+05:30,179.49,180.0,178.32,178.61,54627,0
2026-07-07T13:15:00+05:30,178.86,178.97,177.94,178.78,10831,0
2026-07-07T13:30:00+05:30,178.35,178.7,178.04,178.7,6211,0
2026-07-07T13:45:00+05:30,178.7,189.25,178.57,185.71,714875,0
2026-07-07T14:00:00+05:30,185.97,187.8,183.4,185.59,378269,0
2026-07-07T14:15:00+05:30,185.59,187.1,182.59,183.17,264872,0
2026-07-07T14:30:00+05:30,183.25,185.1,182.79,184.28,63546,0
2026-07-07T14:45:00+05:30,184.6,185.0,183.85,184.18,40607,0
2026-07-07T15:00:00+05:30,183.97,184.23,183.0,183.25,110574,0
2026-07-07T15:15:00+05:30,183.2,183.65,181.55,182.8,128329,0
2026-07-08T09:15:00+05:30,182.01,185.4,181.1,184.99,148618,0
2026-07-08T09:30:00+05:30,184.79,191.8,184.74,191.26,534120,0
2026-07-08T09:45:00+05:30,191.26,192.1,186.39,187.67,236435,0
2026-07-08T10:00:00+05:30,187.66,189.9,185.56,186.63,91254,0
2026-07-08T10:15:00+05:30,186.91,187.33,184.35,184.93,43861,0
2026-07-08T10:30:00+05:30,184.93,185.49,183.67,184.45,51067,0
2026-07-08T10:45:00+05:30,184.43,187.59,184.27,186.77,52085,0
2026-07-08T11:00:00+05:30,186.6,187.91,186.6,187.83,9597,0
2026-07-08T11:15:00+05:30,187.63,187.99,187.03,187.4,12572,0
2026-07-08T11:30:00+05:30,187.2,188.25,186.41,186.74,28621,0
2026-07-08T11:45:00+05:30,186.59,187.0,185.74,186.5,25043,0
2026-07-08T12:00:00+05:30,186.5,188.57,186.07,187.64,37817,0
2026-07-08T12:15:00+05:30,187.64,188.49,187.5,187.82,25977,0
2026-07-08T12:30:00+05:30,187.92,188.8,186.12,186.3,60888,0
2026-07-08T12:45:00+05:30,186.3,189.27,185.94,188.93,59696,0
2026-07-08T13:00:00+05:30,188.72,190.75,188.61,189.5,56591,0
2026-07-08T13:15:00+05:30,189.78,189.85,187.38,187.79,59607,0
2026-07-08T13:30:00+05:30,187.98,188.79,187.67,188.71,10289,0
2026-07-08T13:45:00+05:30,188.41,188.63,184.75,184.75,129448,0
2026-07-08T14:00:00+05:30,184.8,185.71,182.03,183.39,218821,0
2026-07-08T14:15:00+05:30,183.39,184.85,182.9,183.56,64891,0
2026-07-08T14:30:00+05:30,183.43,183.99,181.7,181.76,116892,0
2026-07-08T14:45:00+05:30,181.88,182.0,179.13,180.18,153084,0
2026-07-08T15:00:00+05:30,180.23,180.98,179.0,179.78,116756,0
2026-07-08T15:15:00+05:30,179.74,181.0,178.27,179.99,85073,0
2026-07-09T09:15:00+05:30,181.2,191.45,181.2,186.0,385736,0
2026-07-09T09:30:00+05:30,185.76,186.35,183.01,183.36,158002,0
2026-07-09T09:45:00+05:30,183.12,185.5,181.5,183.18,204391,0
2026-07-09T10:00:00+05:30,183.38,188.0,183.01,187.52,156826,0
2026-07-09T10:15:00+05:30,187.77,189.85,187.04,189.85,94343,0
2026-07-09T10:30:00+05:30,189.81,195.0,189.4,194.5,593162,0
2026-07-09T10:45:00+05:30,194.74,196.45,188.01,189.25,746651,0
2026-07-09T11:00:00+05:30,189.18,189.88,184.05,184.3,270460,0
2026-07-09T11:15:00+05:30,184.3,187.14,184.01,185.6,146180,0
2026-07-09T11:30:00+05:30,185.58,186.76,183.72,184.99,148457,0
2026-07-09T11:45:00+05:30,184.94,185.39,180.5,181.42,169268,0
2026-07-09T12:00:00+05:30,181.21,183.81,181.12,183.19,68807,0
2026-07-09T12:15:00+05:30,182.99,184.7,182.63,184.0,58516,0
2026-07-09T12:30:00+05:30,184.14,184.28,182.0,184.11,63363,0
2026-07-09T12:45:00+05:30,184.05,184.99,183.87,184.9,41440,0
2026-07-09T13:00:00+05:30,184.9,186.55,184.33,185.92,53200,0
2026-07-09T13:15:00+05:30,186.0,186.6,185.1,185.46,24624,0
2026-07-09T13:30:00+05:30,185.26,185.59,184.57,184.59,21605,0
2026-07-09T13:45:00+05:30,184.51,184.58,183.01,183.72,48307,0
2026-07-09T14:00:00+05:30,183.55,184.0,182.07,182.62,31229,0
2026-07-09T14:15:00+05:30,182.54,182.75,181.21,181.51,24516,0
2026-07-09T14:30:00+05:30,181.73,182.06,180.61,181.95,37796,0
2026-07-09T14:45:00+05:30,181.93,181.95,181.01,181.2,15719,0
2026-07-09T15:00:00+05:30,181.05,181.5,180.0,180.02,67632,0
2026-07-09T15:15:00+05:30,180.2,180.42,175.59,177.8,192403,0
2026-07-10T09:15:00+05:30,178.17,179.7,174.42,175.46,154130,0
2026-07-10T09:30:00+05:30,175.25,177.8,175.0,177.25,86298,0
2026-07-10T09:45:00+05:30,177.25,178.59,175.75,177.72,72442,0
2026-07-10T10:00:00+05:30,177.73,179.59,177.73,179.44,52625,0
2026-07-10T10:15:00+05:30,179.16,179.4,177.4,177.72,41272,0
2026-07-10T10:30:00+05:30,177.75,178.38,177.29,177.81,11935,0
2026-07-10T10:45:00+05:30,177.83,178.09,177.07,177.66,5444,0
2026-07-10T11:00:00+05:30,177.59,177.6,176.42,176.68,13549,0
2026-07-10T11:15:00+05:30,176.93,177.45,176.6,176.78,8063,0
2026-07-10T11:30:00+05:30,176.99,177.11,176.31,176.75,5983,0
2026-07-10T11:45:00+05:30,176.75,177.04,176.21,176.24,4161,0
2026-07-10T12:00:00+05:30,176.26,176.29,175.71,175.78,2906,0
2026-07-10T12:15:00+05:30,175.76,175.99,175.32,175.39,8670,0
2026-07-10T12:30:00+05:30,175.44,175.65,174.51,174.65,11187,0
2026-07-10T12:45:00+05:30,174.64,175.11,174.42,174.84,4040,0
2026-07-10T13:00:00+05:30,174.84,174.87,174.34,174.68,6676,0
2026-07-10T13:15:00+05:30,174.37,174.85,173.6,173.76,9906,0
2026-07-10T13:30:00+05:30,173.87,174.08,173.27,173.65,22941,0
2026-07-10T13:45:00+05:30,173.85,174.0,173.34,173.75,6431,0
2026-07-10T14:00:00+05:30,173.75,174.4,173.5,174.33,10590,0
2026-07-10T14:15:00+05:30,174.27,174.59,174.11,174.4,3735,0
2026-07-10T14:30:00+05:30,174.41,175.58,174.1,174.9,25624,0
2026-07-10T14:45:00+05:30,174.68,174.7,174.01,174.17,22047,0
2026-07-10T15:00:00+05:30,174.31,175.39,174.01,174.39,19596,0
2026-07-10T15:15:00+05:30,174.4,176.0,173.0,174.0,72611,0
2026-07-13T09:15:00+05:30,171.9,175.14,171.9,174.4,45943,0
2026-07-13T09:30:00+05:30,174.57,176.4,174.5,174.8,40023,0
2026-07-13T09:45:00+05:30,174.78,175.12,173.41,174.0,8943,0
2026-07-13T10:00:00+05:30,174.16,175.2,174.0,174.36,17320,0
2026-07-13T10:15:00+05:30,174.34,175.0,173.7,174.83,12022,0
2026-07-13T10:30:00+05:30,174.6,174.73,173.86,173.86,14179,0
2026-07-13T10:45:00+05:30,173.87,176.86,173.45,175.51,13444,0
2026-07-13T11:00:00+05:30,175.72,176.7,175.51,176.5,6462,0
2026-07-13T11:15:00+05:30,176.47,176.51,175.65,175.98,7145,0
2026-07-13T11:30:00+05:30,175.98,176.08,175.53,175.72,5204,0
2026-07-13T11:45:00+05:30,175.73,176.69,175.67,176.19,10908,0
2026-07-13T12:00:00+05:30,176.19,176.82,176.15,176.8,7896,0
2026-07-13T12:15:00+05:30,176.8,176.81,175.97,176.22,8592,0
2026-07-13T12:30:00+05:30,176.37,176.56,175.9,176.18,3605,0
2026-07-13T12:45:00+05:30,176.18,176.72,175.8,175.91,6398,0
2026-07-13T13:00:00+05:30,175.87,175.87,174.7,174.87,11347,0
2026-07-13T13:15:00+05:30,174.85,175.11,174.46,174.46,4310,0
2026-07-13T13:30:00+05:30,174.41,174.82,174.12,174.44,3773,0
2026-07-13T13:45:00+05:30,174.33,174.43,173.27,173.4,16865,0
2026-07-13T14:00:00+05:30,173.45,173.72,172.82,173.34,15912,0
2026-07-13T14:15:00+05:30,173.3,175.27,173.3,174.67,26712,0
2026-07-13T14:30:00+05:30,174.77,175.1,174.67,174.86,5270,0
2026-07-13T14:45:00+05:30,175.05,175.53,174.62,174.62,4452,0
2026-07-13T15:00:00+05:30,174.56,175.35,174.09,175.14,24840,0
2026-07-13T15:15:00+05:30,175.06,175.39,174.2,174.41,38924,0
2026-07-14T09:15:00+05:30,174.0,174.35,172.21,172.35,40833,0
2026-07-14T09:30:00+05:30,172.14,173.23,170.68,173.0,38238,0
2026-07-14T09:45:00+05:30,172.82,173.69,172.48,173.48,8635,0
2026-07-14T10:00:00+05:30,173.22,173.22,172.0,172.79,13915,0
2026-07-14T10:15:00+05:30,172.8,173.17,172.0,172.02,6348,0
2026-07-14T10:30:00+05:30,172.03,172.88,172.02,172.56,5425,0
2026-07-14T10:45:00+05:30,172.33,173.07,172.3,173.07,2093,0
2026-07-14T11:00:00+05:30,173.17,173.17,172.51,173.03,1746,0
2026-07-14T11:15:00+05:30,173.17,173.17,172.51,172.57,3657,0
2026-07-14T11:30:00+05:30,172.57,173.93,172.31,173.93,17628,0
2026-07-14T11:45:00+05:30,173.77,174.9,173.35,174.9,19982,0
2026-07-14T12:00:00+05:30,175.0,175.01,173.8,174.12,6500,0
2026-07-14T12:15:00+05:30,174.15,174.25,173.27,173.27,3644,0
2026-07-14T12:30:00+05:30,173.27,173.88,173.14,173.47,1457,0
2026-07-14T12:45:00+05:30,173.27,174.05,173.27,173.8,2668,0
2026-07-14T13:00:00+05:30,173.6,174.06,173.25,173.39,2003,0
2026-07-14T13:15:00+05:30,173.25,173.25,172.5,172.5,19932,0
2026-07-14T13:30:00+05:30,172.4,172.64,171.84,172.0,6914,0
2026-07-14T13:45:00+05:30,172.0,172.43,171.65,172.17,9989,0
2026-07-14T14:00:00+05:30,172.0,172.15,171.92,171.93,552,0
2026-07-14T14:15:00+05:30,172.16,172.72,172.16,172.59,3561,0
2026-07-14T14:30:00+05:30,172.23,173.36,172.23,172.7,11087,0
2026-07-14T14:45:00+05:30,172.7,172.82,171.85,172.03,4515,0
2026-07-14T15:00:00+05:30,172.14,173.99,172.14,173.48,17031,0
2026-07-14T15:15:00+05:30,173.36,174.9,173.2,174.16,40232,0
2026-07-15T09:15:00+05:30,173.0,176.68,173.0,173.73,19070,0
2026-07-15T09:30:00+05:30,173.73,175.6,173.33,174.35,38144,0
2026-07-15T09:45:00+05:30,174.35,174.35,173.05,173.25,3091,0
2026-07-15T10:00:00+05:30,173.47,173.81,172.06,172.87,10254,0
2026-07-15T10:15:00+05:30,172.87,173.12,171.6,171.6,34653,0
2026-07-15T10:30:00+05:30,171.6,172.11,170.5,172.09,36352,0
2026-07-15T10:45:00+05:30,171.97,172.89,171.88,172.36,7211,0
2026-07-15T11:00:00+05:30,172.33,172.99,172.16,172.73,2354,0
2026-07-15T11:15:00+05:30,172.5,172.64,172.0,172.28,2768,0
2026-07-15T11:30:00+05:30,172.27,172.27,171.7,171.7,4146,0
2026-07-15T11:45:00+05:30,171.7,171.79,171.45,171.61,980,0
2026-07-15T12:00:00+05:30,171.61,172.0,170.2,172.0,38669,0
2026-07-15T12:15:00+05:30,172.0,173.8,172.0,172.83,20811,0
2026-07-15T12:30:00+05:30,172.83,173.49,172.51,172.71,4648,0
2026-07-15T12:45:00+05:30,172.71,172.91,171.4,171.51,5171,0
2026-07-15T13:00:00+05:30,171.41,171.78,170.0,170.68,14093,0
2026-07-15T13:15:00+05:30,170.51,172.98,170.21,171.61,22276,0
2026-07-15T13:30:00+05:30,171.61,171.8,171.06,171.24,1686,0
2026-07-15T13:45:00+05:30,171.3,173.51,171.15,173.06,50772,0
2026-07-15T14:00:00+05:30,173.07,173.18,172.73,173.08,3727,0
2026-07-15T14:15:00+05:30,173.13,173.18,172.23,172.33,3906,0
2026-07-15T14:30:00+05:30,172.6,173.08,172.6,172.76,2701,0
2026-07-15T14:45:00+05:30,172.98,174.51,172.98,173.44,35107,0
2026-07-15T15:00:00+05:30,173.6,174.6,173.6,174.47,22015,0
2026-07-15T15:15:00+05:30,174.6,176.5,172.4,174.7,80025,0
2026-07-16T09:15:00+05:30,175.5,175.5,172.9,172.9,6394,0
2026-07-16T09:30:00+05:30,172.98,174.08,172.59,173.17,10836,0
2026-07-16T09:45:00+05:30,173.1,173.39,171.69,172.01,13390,0
2026-07-16T10:00:00+05:30,172.0,172.01,170.65,171.22,50733,0
2026-07-16T10:15:00+05:30,171.07,171.78,171.05,171.78,3640,0
2026-07-16T10:30:00+05:30,171.78,174.2,171.73,174.15,36876,0
2026-07-16T10:45:00+05:30,174.11,175.2,174.0,174.36,21465,0
2026-07-16T11:00:00+05:30,174.3,174.78,173.99,174.52,1806,0
2026-07-16T11:15:00+05:30,174.49,174.5,173.54,173.99,3732,0
2026-07-16T11:30:00+05:30,173.99,174.68,173.85,174.12,3228,0
2026-07-16T11:45:00+05:30,174.06,174.48,173.6,173.98,792,0
2026-07-16T12:00:00+05:30,173.98,174.08,173.45,173.45,1395,0
2026-07-16T12:15:00+05:30,173.8,173.84,173.52,173.71,310,0
2026-07-16T12:30:00+05:30,173.71,173.99,173.67,173.67,552,0
2026-07-16T12:45:00+05:30,173.67,173.94,173.2,173.37,1322,0
2026-07-16T13:00:00+05:30,173.54,173.84,173.1,173.43,7062,0
2026-07-16T13:15:00+05:30,173.43,173.78,173.43,173.78,200,0
2026-07-16T13:30:00+05:30,173.74,173.75,172.65,172.65,9242,0
2026-07-16T13:45:00+05:30,172.65,173.36,172.65,173.0,3113,0
2026-07-16T14:00:00+05:30,173.26,173.35,172.81,173.11,840,0
2026-07-16T14:15:00+05:30,173.11,173.65,173.11,173.3,919,0
2026-07-16T14:30:00+05:30,173.3,173.35,172.81,172.84,3110,0
2026-07-16T14:45:00+05:30,172.84,173.35,172.84,173.09,917,0
2026-07-16T15:00:00+05:30,173.27,174.11,173.0,173.04,6873,0
2026-07-16T15:15:00+05:30,173.34,176.9,173.34,176.9,57729,0
2026-07-17T09:15:00+05:30,176.0,176.0,172.75,173.31,11372,0
2026-07-17T09:30:00+05:30,173.31,174.03,171.51,171.51,14842,0
2026-07-17T09:45:00+05:30,171.51,172.29,171.0,171.34,35324,0
2026-07-17T10:00:00+05:30,171.5,171.53,170.39,171.1,12707,0
2026-07-17T10:15:00+05:30,171.14,173.67,171.14,173.42,34254,0
2026-07-17T10:30:00+05:30,173.54,173.54,172.51,172.78,5316,0
2026-07-17T10:45:00+05:30,173.0,175.7,172.99,174.59,68480,0
2026-07-17T11:00:00+05:30,174.78,174.8,173.42,173.42,6465,0
2026-07-17T11:15:00+05:30,173.57,173.64,171.96,171.96,19106,0
2026-07-17T11:30:00+05:30,172.0,174.51,171.8,173.92,65190,0
2026-07-17T11:45:00+05:30,174.19,174.59,174.02,174.34,1678,0
2026-07-17T12:00:00+05:30,174.34,174.34,174.01,174.17,901,0
2026-07-17T12:15:00+05:30,174.17,174.25,173.38,174.13,3035,0
2026-07-17T12:30:00+05:30,174.15,174.5,174.12,174.29,260,0
2026-07-17T12:45:00+05:30,174.29,174.75,174.29,174.73,558,0
2026-07-17T13:00:00+05:30,174.54,174.8,174.25,174.73,1730,0
2026-07-17T13:15:00+05:30,174.5,174.8,174.42,174.42,3430,0
2026-07-17T13:30:00+05:30,174.47,174.9,174.47,174.78,6433,0
2026-07-17T13:45:00+05:30,174.78,174.95,174.25,174.95,2779,0
2026-07-17T14:00:00+05:30,174.99,175.11,174.75,175.11,2158,0
2026-07-17T14:15:00+05:30,175.07,175.99,175.06,175.85,6500,0
2026-07-17T14:30:00+05:30,175.86,176.79,175.83,176.3,14990,0
2026-07-17T14:45:00+05:30,176.4,177.7,176.4,177.64,13027,0
2026-07-17T15:00:00+05:30,177.5,178.0,177.25,177.79,15756,0
2026-07-17T15:15:00+05:30,177.66,177.9,176.95,177.37,20912,0
2026-07-20T09:15:00+05:30,177.7,178.0,175.21,175.6,7618,0
2026-07-20T09:30:00+05:30,175.61,178.5,175.59,177.56,43035,0
2026-07-20T09:45:00+05:30,177.59,177.84,177.12,177.12,4977,0
2026-07-20T10:00:00+05:30,177.37,177.68,176.9,177.52,3050,0
2026-07-20T10:15:00+05:30,177.5,178.75,177.36,178.25,24193,0
2026-07-20T10:30:00+05:30,178.2,178.72,176.25,177.22,49934,0
2026-07-20T10:45:00+05:30,177.22,177.75,176.4,177.33,20084,0
2026-07-20T11:00:00+05:30,177.32,177.6,175.84,176.35,18200,0
2026-07-20T11:15:00+05:30,176.35,176.46,176.0,176.22,961,0
2026-07-20T11:30:00+05:30,176.26,176.31,175.73,175.73,1459,0
2026-07-20T11:45:00+05:30,175.73,175.74,175.35,175.35,680,0
2026-07-20T12:00:00+05:30,175.35,175.58,175.1,175.58,753,0
2026-07-20T12:15:00+05:30,175.58,175.58,175.21,175.34,3031,0
2026-07-20T12:30:00+05:30,175.34,176.71,175.34,176.17,14146,0
2026-07-20T12:45:00+05:30,176.17,176.46,175.0,176.46,6948,0
2026-07-20T13:00:00+05:30,176.46,177.6,176.46,177.0,4008,0
2026-07-20T13:15:00+05:30,177.09,177.5,176.32,177.1,40887,0
2026-07-20T13:30:00+05:30,177.18,177.9,176.61,177.73,29124,0
2026-07-20T13:45:00+05:30,177.48,177.6,176.0,177.35,36767,0
2026-07-20T14:00:00+05:30,177.44,177.52,176.65,176.65,23081,0
2026-07-20T14:15:00+05:30,176.65,176.7,176.25,176.69,2109,0
2026-07-20T14:30:00+05:30,176.86,176.9,175.85,176.24,905,0
2026-07-20T14:45:00+05:30,176.31,176.55,176.04,176.04,2323,0
2026-07-20T15:00:00+05:30,176.04,176.63,176.03,176.2,10479,0
2026-07-20T15:15:00+05:30,176.2,176.2,174.5,176.0,15258,0
2026-07-21T09:15:00+05:30,175.81,179.5,175.03,179.41,35676,0
2026-07-21T09:30:00+05:30,179.04,179.35,177.76,178.35,6268,0
2026-07-21T09:45:00+05:30,178.44,178.75,177.7,177.7,12082,0
2026-07-21T10:00:00+05:30,177.51,179.4,177.22,178.39,42742,0
2026-07-21T10:15:00+05:30,178.38,178.38,177.01,177.01,10876,0
2026-07-21T10:30:00+05:30,176.7,178.64,176.69,177.02,9270,0
2026-07-21T10:45:00+05:30,177.02,177.47,176.57,176.74,4339,0
2026-07-21T11:00:00+05:30,176.84,176.88,176.6,176.6,750,0
2026-07-21T11:15:00+05:30,176.51,176.97,175.99,176.52,6711,0
2026-07-21T11:30:00+05:30,176.37,177.39,176.26,177.07,3604,0
2026-07-21T11:45:00+05:30,176.77,177.09,176.61,176.73,3701,0
2026-07-21T12:00:00+05:30,176.73,176.97,176.47,176.97,1555,0
2026-07-21T12:15:00+05:30,176.53,176.72,176.22,176.59,1273,0
2026-07-21T12:30:00+05:30,176.26,176.47,176.21,176.4,1048,0
2026-07-21T12:45:00+05:30,176.4,176.66,175.55,176.16,4321,0
2026-07-21T13:00:00+05:30,176.16,176.39,175.99,176.14,1593,0
2026-07-21T13:15:00+05:30,176.14,176.44,176.03,176.06,1425,0
2026-07-21T13:30:00+05:30,176.06,176.5,175.98,176.44,1461,0
2026-07-21T13:45:00+05:30,176.44,177.76,176.0,176.94,26886,0
2026-07-21T14:00:00+05:30,176.94,177.21,176.41,177.0,7361,0
2026-07-21T14:15:00+05:30,176.77,176.77,176.35,176.5,1925,0
2026-07-21T14:30:00+05:30,176.5,176.72,176.0,176.0,1028,0
2026-07-21T14:45:00+05:30,176.0,176.56,176.0,176.56,900,0
2026-07-21T15:00:00+05:30,176.43,176.69,176.01,176.68,3725,0
2026-07-21T15:15:00+05:30,176.56,176.6,175.9,175.9,15331,0
2026-07-22T09:15:00+05:30,176.26,176.26,174.55,174.97,10588,0
2026-07-22T09:30:00+05:30,174.56,174.63,173.79,173.79,4839,0
2026-07-22T09:45:00+05:30,173.99,174.59,173.99,174.39,10475,0
2026-07-22T10:00:00+05:30,174.39,175.8,174.39,175.2,21582,0
2026-07-22T10:15:00+05:30,175.2,175.5,174.07,174.1,36577,0
2026-07-22T10:30:00+05:30,174.22,177.0,174.2,177.0,9689,0
2026-07-22T10:45:00+05:30,177.0,177.2,176.21,176.93,6134,0
2026-07-22T11:00:00+05:30,176.95,177.1,176.43,176.78,7491,0
2026-07-22T11:15:00+05:30,176.99,177.09,176.64,177.09,1000,0
2026-07-22T11:30:00+05:30,177.09,177.1,176.83,177.0,1356,0
2026-07-22T11:45:00+05:30,176.83,177.0,176.6,176.67,1156,0
2026-07-22T12:00:00+05:30,176.89,176.89,175.57,175.57,677,0
2026-07-22T12:15:00+05:30,175.57,175.6,174.72,175.38,3597,0
2026-07-22T12:30:00+05:30,175.44,175.5,174.41,174.74,1754,0
2026-07-22T12:45:00+05:30,174.56,176.28,174.54,176.28,3043,0
2026-07-22T13:00:00+05:30,176.35,176.47,175.2,175.58,2458,0
2026-07-22T13:15:00+05:30,175.6,175.72,175.23,175.63,1201,0
2026-07-22T13:30:00+05:30,175.83,176.0,175.64,176.0,1533,0
2026-07-22T13:45:00+05:30,176.0,176.08,175.44,175.88,6863,0
2026-07-22T14:00:00+05:30,175.88,175.88,174.85,175.08,2043,0
2026-07-22T14:15:00+05:30,175.19,175.2,174.51,174.51,918,0
2026-07-22T14:30:00+05:30,174.6,174.86,174.38,174.39,2070,0
2026-07-22T14:45:00+05:30,174.39,174.72,174.0,174.36,7967,0
2026-07-22T15:00:00+05:30,174.56,174.98,173.91,174.98,8929,0
2026-07-22T15:15:00+05:30,174.94,175.0,174.11,175.0,18322,0
2026-07-23T09:15:00+05:30,175.3,175.3,171.1,173.72,3904,0
2026-07-23T09:30:00+05:30,173.54,174.01,172.5,173.01,11039,0
2026-07-23T09:45:00+05:30,172.71,173.0,172.5,173.0,9061,0
2026-07-23T10:00:00+05:30,173.0,174.7,172.9,173.93,13183,0
2026-07-23T10:15:00+05:30,174.2,174.5,173.46,173.83,27279,0
2026-07-23T10:30:00+05:30,173.83,173.83,172.5,173.2,8721,0
2026-07-23T10:45:00+05:30,172.94,173.69,172.71,173.46,10635,0
2026-07-23T11:00:00+05:30,173.46,174.34,173.34,174.34,3984,0
2026-07-23T11:15:00+05:30,174.34,175.18,174.0,174.73,13509,0
2026-07-23T11:30:00+05:30,174.73,174.73,174.03,174.09,198,0
2026-07-23T11:45:00+05:30,174.09,174.09,173.16,173.5,459,0
2026-07-23T12:00:00+05:30,173.71,173.78,173.42,173.42,698,0
2026-07-23T12:15:00+05:30,173.42,173.5,173.11,173.11,310,0
2026-07-23T12:30:00+05:30,173.11,173.49,172.38,172.38,3435,0
2026-07-23T12:45:00+05:30,172.38,174.0,171.5,173.3,23958,0
2026-07-23T13:00:00+05:30,173.01,173.75,172.26,172.95,40558,0
2026-07-23T13:15:00+05:30,172.73,174.08,172.72,173.6,18870,0
2026-07-23T13:30:00+05:30,173.6,173.6,172.94,173.0,5611,0
2026-07-23T13:45:00+05:30,173.0,173.0,172.62,172.79,151,0
2026-07-23T14:00:00+05:30,172.79,172.79,172.24,172.5,773,0
2026-07-23T14:15:00+05:30,172.5,172.5,172.0,172.0,8684,0
2026-07-23T14:30:00+05:30,172.0,172.0,170.7,171.94,14638,0
2026-07-23T14:45:00+05:30,171.81,173.96,171.81,173.55,19953,0
2026-07-23T15:00:00+05:30,173.55,174.2,173.17,173.17,7228,0
2026-07-23T15:15:00+05:30,173.34,173.63,172.6,172.6,14550,0
2026-07-24T09:15:00+05:30,171.8,172.34,170.24,171.17,13008,0
2026-07-24T09:30:00+05:30,171.17,171.46,170.52,170.83,2431,0
2026-07-24T09:45:00+05:30,170.86,170.86,170.0,170.0,6674,0
2026-07-24T10:00:00+05:30,170.0,170.27,168.41,168.98,11042,0
2026-07-24T10:15:00+05:30,169.07,169.59,167.42,169.59,18412,0
2026-07-24T10:30:00+05:30,169.6,169.6,168.06,169.01,4239,0
2026-07-24T10:45:00+05:30,169.01,170.73,169.01,170.21,12388,0
2026-07-24T11:00:00+05:30,170.21,170.36,169.82,170.24,1269,0
2026-07-24T11:15:00+05:30,170.24,171.39,170.24,171.02,2026,0
2026-07-24T11:30:00+05:30,171.02,172.39,170.71,172.17,3622,0
2026-07-24T11:45:00+05:30,172.17,172.9,172.17,172.9,1040,0
2026-07-24T12:00:00+05:30,172.9,172.99,172.3,172.77,1524,0
2026-07-24T12:15:00+05:30,172.77,173.5,172.66,173.5,4380,0
2026-07-24T12:30:00+05:30,173.5,173.6,172.25,172.85,7816,0
2026-07-24T12:45:00+05:30,172.85,172.91,172.68,172.89,692,0
2026-07-24T13:00:00+05:30,172.89,172.89,171.65,171.98,4133,0
2026-07-24T13:15:00+05:30,171.98,172.47,171.98,172.35,198,0
2026-07-24T13:30:00+05:30,172.35,172.54,171.5,171.8,1083,0
2026-07-24T13:45:00+05:30,171.8,172.01,171.6,172.01,259,0
2026-07-24T14:00:00+05:30,172.2,172.65,172.2,172.61,208,0
2026-07-24T14:15:00+05:30,172.25,172.53,171.52,171.55,666,0
2026-07-24T14:30:00+05:30,171.55,171.55,171.24,171.39,1146,0
2026-07-24T14:45:00+05:30,171.34,172.04,171.04,171.8,4387,0
2026-07-24T15:00:00+05:30,171.69,171.77,171.12,171.77,4710,0
2026-07-24T15:15:00+05:30,171.77,172.2,170.76,172.0,14587,0
2026-07-27T09:15:00+05:30,173.4,179.35,173.01,177.14,50705,0
2026-07-27T09:30:00+05:30,177.09,177.34,174.97,175.88,11753,0
2026-07-27T09:45:00+05:30,175.88,175.9,174.75,175.08,3387,0
2026-07-27T10:00:00+05:30,175.05,175.57,174.19,174.57,28595,0
2026-07-27T10:15:00+05:30,174.82,175.04,174.0,174.0,5512,0
2026-07-27T10:30:00+05:30,174.18,174.96,174.17,174.39,2564,0
2026-07-27T10:45:00+05:30,174.39,174.99,174.38,174.95,1154,0
2026-07-27T11:00:00+05:30,174.95,174.95,174.65,174.91,196,0
2026-07-27T11:15:00+05:30,174.91,174.91,173.24,173.55,34428,0
2026-07-27T11:30:00+05:30,173.55,174.44,173.55,174.25,1860,0
2026-07-27T11:45:00+05:30,174.07,174.47,173.67,173.67,1311,0
2026-07-27T12:00:00+05:30,173.67,174.12,173.67,174.12,1759,0
2026-07-27T12:15:00+05:30,174.12,174.12,173.64,173.71,9753,0
2026-07-27T12:30:00+05:30,173.71,174.46,173.68,174.46,3316,0
2026-07-27T12:45:00+05:30,174.24,174.82,174.0,174.59,3430,0
2026-07-27T13:00:00+05:30,174.59,174.81,174.14,174.14,2653,0
2026-07-27T13:15:00+05:30,174.14,174.9,174.12,174.12,3215,0
2026-07-27T13:30:00+05:30,174.12,174.12,173.3,173.6,3756,0
2026-07-27T13:45:00+05:30,173.8,174.12,173.71,173.96,1437,0
2026-07-27T14:00:00+05:30,174.16,174.16,173.77,173.77,656,0
2026-07-27T14:15:00+05:30,173.77,174.38,173.77,174.38,2496,0
2026-07-27T14:30:00+05:30,174.38,174.44,174.01,174.16,1584,0
2026-07-27T14:45:00+05:30,174.16,174.26,174.11,174.11,476,0
2026-07-27T15:00:00+05:30,174.11,174.68,173.84,173.85,8197,0
2026-07-27T15:15:00+05:30,173.85,174.13,173.6,174.02,11725,0
2026-07-28T09:15:00+05:30,174.99,174.99,172.27,173.0,5202,0
2026-07-28T09:30:00+05:30,172.73,172.99,171.56,172.0,17247,0
2026-07-28T09:45:00+05:30,172.16,172.58,171.5,172.0,7696,0
2026-07-28T10:00:00+05:30,172.0,172.01,171.0,171.14,9789,0
2026-07-28T10:15:00+05:30,171.14,171.78,171.0,171.28,1793,0
2026-07-28T10:30:00+05:30,171.28,171.76,171.0,171.21,4448,0
2026-07-28T10:45:00+05:30,171.21,171.68,171.21,171.21,650,0
2026-07-28T11:00:00+05:30,171.21,171.29,171.0,171.28,1070,0
2026-07-28T11:15:00+05:30,171.28,171.34,170.7,170.7,3644,0
2026-07-28T11:30:00+05:30,170.89,171.29,170.62,170.96,1749,0
2026-07-28T11:45:00+05:30,170.96,171.3,170.01,170.01,4992,0
2026-07-28T12:00:00+05:30,170.01,170.93,170.01,170.92,1355,0
2026-07-28T12:15:00+05:30,170.92,170.92,170.16,170.62,3358,0
2026-07-28T12:30:00+05:30,170.62,170.62,170.39,170.42,572,0
2026-07-28T12:45:00+05:30,170.14,170.45,170.12,170.16,900,0
2026-07-28T13:00:00+05:30,170.16,170.74,170.16,170.17,1828,0
2026-07-28T13:15:00+05:30,170.17,173.84,169.45,171.72,35607,0
2026-07-28T13:30:00+05:30,171.8,174.21,171.8,174.0,14921,0
2026-07-28T13:45:00+05:30,173.93,173.99,172.31,172.31,3429,0
2026-07-28T14:00:00+05:30,172.7,173.19,172.13,173.05,5087,0
2026-07-28T14:15:00+05:30,172.72,174.99,172.62,174.35,18549,0
2026-07-28T14:30:00+05:30,174.35,174.76,174.0,174.0,2827,0
2026-07-28T14:45:00+05:30,174.03,174.69,174.0,174.36,1513,0
2026-07-28T15:00:00+05:30,174.49,175.4,174.01,174.8,9163,0
2026-07-28T15:15:00+05:30,174.73,176.5,173.31,174.7,11382,0
2026-07-29T09:15:00+05:30,174.7,175.44,173.0,173.0,7750,0
2026-07-29T09:30:00+05:30,172.86,173.69,172.5,172.88,4604,0
2026-07-29T09:45:00+05:30,172.88,173.29,172.86,172.86,1958,0
2026-07-29T10:00:00+05:30,172.8,173.1,172.65,173.08,1165,0
2026-07-29T10:15:00+05:30,173.08,173.15,173.06,173.15,1187,0
2026-07-29T10:30:00+05:30,173.15,173.15,172.66,172.69,510,0
2026-07-29T10:45:00+05:30,172.45,172.45,170.39,171.37,14703,0
2026-07-29T11:00:00+05:30,171.5,171.54,171.19,171.42,2668,0
2026-07-29T11:15:00+05:30,171.49,171.98,171.19,171.72,5564,0
2026-07-29T11:30:00+05:30,171.69,172.61,171.69,172.28,2402,0
2026-07-29T11:45:00+05:30,172.28,172.28,171.76,172.03,339,0
2026-07-29T12:00:00+05:30,172.03,172.16,172.0,172.02,267,0
2026-07-29T12:15:00+05:30,172.02,172.32,171.65,172.0,2320,0
2026-07-29T12:30:00+05:30,172.07,172.29,171.85,172.14,918,0
2026-07-29T12:45:00+05:30,172.13,172.24,171.99,172.24,1480,0
2026-07-29T13:00:00+05:30,172.29,173.59,172.29,173.59,2512,0
2026-07-29T13:15:00+05:30,173.59,173.59,172.35,173.0,1639,0
2026-07-29T13:30:00+05:30,173.0,173.8,172.92,172.92,6457,0
2026-07-29T13:45:00+05:30,172.92,173.68,172.92,173.28,225,0
2026-07-29T14:00:00+05:30,173.28,173.32,172.81,173.2,1252,0
2026-07-29T14:15:00+05:30,173.2,173.6,173.05,173.5,911,0
2026-07-29T14:30:00+05:30,173.5,173.53,172.5,172.5,969,0
2026-07-29T14:45:00+05:30,172.5,173.14,172.5,173.14,553,0
2026-07-29T15:00:00+05:30,172.74,173.28,172.52,173.1,5317,0
2026-07-29T15:15:00+05:30,172.76,174.0,171.5,172.51,9908,0
2026-07-30T09:15:00+05:30,172.01,172.9,170.8,170.8,5714,0
2026-07-30T09:30:00+05:30,170.82,171.45,169.4,169.62,7359,0
2026-07-30T09:45:00+05:30,169.76,170.57,169.74,170.12,4950,0
2026-07-30T10:00:00+05:30,170.12,171.2,169.1,171.0,10534,0
2026-07-30T10:15:00+05:30,171.01,174.59,171.0,172.99,29126,0
2026-07-30T10:30:00+05:30,172.99,173.85,171.51,173.41,9523,0
2026-07-30T10:45:00+05:30,173.41,174.0,171.92,172.12,19346,0
2026-07-30T11:00:00+05:30,171.93,173.2,171.37,172.5,21183,0
2026-07-30T11:15:00+05:30,172.19,173.17,171.64,172.34,39110,0
2026-07-30T11:30:00+05:30,172.34,173.4,171.95,171.98,3711,0
2026-07-30T11:45:00+05:30,171.85,172.78,171.0,172.0,29551,0
2026-07-30T12:00:00+05:30,172.0,172.31,171.41,172.1,1240,0
2026-07-30T12:15:00+05:30,172.1,172.1,171.79,172.0,36,0
2026-07-30T12:30:00+05:30,172.0,172.69,172.0,172.69,1508,0
2026-07-30T12:45:00+05:30,172.69,172.69,171.91,171.91,538,0
2026-07-30T13:00:00+05:30,171.91,171.91,171.37,171.37,20,0
2026-07-30T13:15:00+05:30,171.37,171.84,171.37,171.79,1167,0
2026-07-30T13:30:00+05:30,171.79,171.94,171.37,171.76,1596,0
2026-07-30T13:45:00+05:30,171.74,171.74,171.03,171.36,2554,0
2026-07-30T14:00:00+05:30,171.36,171.36,170.86,170.86,11143,0
2026-07-30T14:15:00+05:30,170.76,171.47,169.6,169.6,14347,0
2026-07-30T14:30:00+05:30,169.61,170.64,169.6,170.64,17442,0
2026-07-30T14:45:00+05:30,170.64,171.05,169.9,170.65,18324,0
2026-07-30T15:00:00+05:30,170.7,171.0,170.46,170.82,2881,0
2026-07-30T15:15:00+05:30,170.74,171.81,169.9,171.0,13198,0
2026-07-31T09:15:00+05:30,172.5,172.5,170.2,171.89,6695,0
2026-07-31T09:30:00+05:30,171.89,171.98,171.03,171.88,1390,0
2026-07-31T09:45:00+05:30,171.76,171.78,170.8,171.37,2925,0
2026-07-31T10:00:00+05:30,171.37,171.83,171.37,171.78,4352,0
2026-07-31T10:15:00+05:30,171.78,171.78,171.0,171.28,2664,0
2026-07-31T10:30:00+05:30,171.28,171.3,171.27,171.27,22,0
2026-07-31T10:45:00+05:30,171.55,173.0,171.27,172.72,5162,0
2026-07-31T11:00:00+05:30,172.72,173.29,172.7,173.29,2763,0
2026-07-31T11:15:00+05:30,173.4,175.0,171.8,171.84,20940,0
2026-07-31T11:30:00+05:30,172.33,172.47,172.11,172.25,773,0
2026-07-31T11:45:00+05:30,172.25,172.98,171.02,171.45,5635,0
2026-07-31T12:00:00+05:30,171.26,171.26,169.1,169.72,21248,0
2026-07-31T12:15:00+05:30,169.72,170.5,169.72,170.1,7162,0
2026-07-31T12:30:00+05:30,170.17,170.23,169.96,169.96,282,0
2026-07-31T12:45:00+05:30,169.96,170.5,169.96,170.09,2794,0
2026-07-31T13:00:00+05:30,170.1,170.2,170.0,170.2,2496,0
2026-07-31T13:15:00+05:30,170.2,170.5,170.0,170.49,1608,0
2026-07-31T13:30:00+05:30,170.49,170.49,170.12,170.18,338,0
2026-07-31T13:45:00+05:30,170.36,170.5,170.04,170.29,1420,0
2026-07-31T14:00:00+05:30,170.27,170.48,170.11,170.16,634,0
2026-07-31T14:15:00+05:30,170.16,170.5,170.11,170.25,2703,0
2026-07-31T14:30:00+05:30,170.31,170.31,169.85,170.0,2131,0
2026-07-31T14:45:00+05:30,170.0,170.0,168.5,169.0,26784,0
2026-07-31T15:00:00+05:30,168.78,168.95,168.3,168.5,15648,0
2026-07-31T15:15:00+05:30,168.43,169.99,167.0,169.99,30872,0
2026-08-03T09:15:00+05:30,169.87,170.79,168.31,170.14,12991,0
2026-08-03T09:30:00+05:30,169.38,170.19,168.5,169.02,29321,0
2026-08-03T09:45:00+05:30,169.2,169.21,168.03,168.82,4288,0
2026-08-03T10:00:00+05:30,168.82,169.0,167.23,168.13,29456,0
2026-08-03T10:15:00+05:30,168.01,169.29,167.53,169.14,12569,0
2026-08-03T10:30:00+05:30,168.93,169.5,168.91,169.01,2273,0
2026-08-03T10:45:00+05:30,168.82,169.16,168.81,169.16,4063,0
2026-08-03T11:00:00+05:30,169.16,170.0,169.15,169.46,4569,0
2026-08-03T11:15:00+05:30,169.43,169.69,169.18,169.35,2266,0
2026-08-03T11:30:00+05:30,169.35,169.35,168.21,168.96,34036,0
2026-08-03T11:45:00+05:30,169.06,169.37,168.81,169.09,1281,0
2026-08-03T12:00:00+05:30,169.09,169.09,168.37,168.37,1276,0
2026-08-03T12:15:00+05:30,168.37,168.37,167.72,168.09,7183,0
2026-08-03T12:30:00+05:30,168.15,168.59,167.0,167.95,6622,0
2026-08-03T12:45:00+05:30,168.12,168.12,166.8,167.99,27685,0
2026-08-03T13:00:00+05:30,167.52,168.2,167.52,168.06,3081,0
2026-08-03T13:15:00+05:30,168.3,168.3,167.84,167.87,3988,0
2026-08-03T13:30:00+05:30,167.87,168.06,167.62,167.63,1484,0
2026-08-03T13:45:00+05:30,167.63,167.84,167.4,167.84,7449,0
2026-08-03T14:00:00+05:30,167.84,167.84,167.03,167.22,1251,0
2026-08-03T14:15:00+05:30,167.78,168.98,167.18,167.18,7125,0
2026-08-03T14:30:00+05:30,167.1,167.9,167.1,167.49,3299,0
2026-08-03T14:45:00+05:30,167.45,167.56,167.02,167.26,4307,0
2026-08-03T15:00:00+05:30,167.0,167.64,166.95,167.25,25553,0
2026-08-03T15:15:00+05:30,167.25,167.39,164.5,167.1,17762,0
2026-08-04T09:15:00+05:30,166.0,166.58,163.02,164.06,43546,0
2026-08-04T09:30:00+05:30,164.43,164.49,162.92,164.19,15030,0
2026-08-04T09:45:00+05:30,164.19,164.3,163.32,163.91,7323,0
2026-08-04T10:00:00+05:30,163.91,163.91,163.44,163.78,1114,0
2026-08-04T10:15:00+05:30,163.5,164.81,163.0,164.81,15838,0
2026-08-04T10:30:00+05:30,164.9,168.99,164.9,165.51,58686,0
2026-08-04T10:45:00+05:30,165.56,167.4,164.66,166.06,8403,0
2026-08-04T11:00:00+05:30,166.14,168.7,166.12,167.53,22020,0
2026-08-04T11:15:00+05:30,167.06,167.18,166.71,166.82,1849,0
2026-08-04T11:30:00+05:30,166.82,166.89,166.22,166.59,660,0
2026-08-04T11:45:00+05:30,166.26,166.59,165.62,165.88,938,0
2026-08-04T12:00:00+05:30,165.88,166.28,165.77,166.04,876,0
2026-08-04T12:15:00+05:30,166.04,166.56,165.75,166.49,1647,0
2026-08-04T12:30:00+05:30,166.88,168.02,166.51,167.25,11168,0
2026-08-04T12:45:00+05:30,167.25,167.58,166.71,167.58,1511,0
2026-08-04T13:00:00+05:30,167.76,168.9,167.58,168.12,11363,0
2026-08-04T13:15:00+05:30,168.02,168.44,167.41,168.44,1454,0
2026-08-04T13:30:00+05:30,168.12,168.12,167.91,167.92,39,0
2026-08-04T13:45:00+05:30,167.94,167.95,167.6,167.6,1095,0
2026-08-04T14:00:00+05:30,167.76,167.93,167.6,167.93,1543,0
2026-08-04T14:15:00+05:30,167.93,167.93,167.54,167.8,679,0
2026-08-04T14:30:00+05:30,167.66,169.29,167.49,168.07,11993,0
2026-08-04T14:45:00+05:30,168.07,168.33,167.76,167.76,1493,0
2026-08-04T15:00:00+05:30,168.08,169.36,167.64,168.62,11138,0
2026-08-04T15:15:00+05:30,166.0,169.49,166.0,167.75,943896,0
2026-08-05T09:15:00+05:30,169.0,171.0,169.0,169.75,5710,0
2026-08-05T09:30:00+05:30,169.75,170.7,169.01,170.69,5371,0
2026-08-05T09:45:00+05:30,170.69,172.75,170.5,172.0,19135,0
2026-08-05T10:00:00+05:30,172.49,175.41,172.49,174.34,26852,0
2026-08-05T10:15:00+05:30,174.3,174.46,173.0,173.26,6393,0
2026-08-05T10:30:00+05:30,173.06,174.18,172.31,172.7,7282,0
2026-08-05T10:45:00+05:30,172.52,172.89,172.2,172.2,2055,0
2026-08-05T11:00:00+05:30,172.2,172.2,171.0,171.65,11387,0
2026-08-05T11:15:00+05:30,171.68,171.81,171.0,171.3,61235,0
2026-08-05T11:30:00+05:30,171.3,171.8,171.0,171.78,54050,0
2026-08-05T11:45:00+05:30,171.74,172.0,171.0,171.61,32196,0
2026-08-05T12:00:00+05:30,171.69,173.29,171.69,172.34,24930,0
2026-08-05T12:15:00+05:30,172.25,173.99,171.77,173.74,17826,0
2026-08-05T12:30:00+05:30,173.97,173.99,172.31,172.62,18373,0
2026-08-05T12:45:00+05:30,172.62,173.39,171.68,173.0,9989,0
2026-08-05T13:00:00+05:30,172.85,172.85,172.51,172.51,362,0
2026-08-05T13:15:00+05:30,172.51,173.24,172.51,173.0,910,0
2026-08-05T13:30:00+05:30,173.0,173.0,171.63,171.99,11566,0
2026-08-05T13:45:00+05:30,171.99,171.99,171.75,171.75,327,0
2026-08-05T14:00:00+05:30,171.75,174.5,171.6,173.56,23666,0
2026-08-05T14:15:00+05:30,173.8,173.99,172.91,173.0,4566,0
2026-08-05T14:30:00+05:30,172.67,173.0,172.22,172.51,7331,0
2026-08-05T14:45:00+05:30,172.51,172.69,171.8,172.0,16326,0
2026-08-05T15:00:00+05:30,172.0,172.0,171.6,171.6,6361,0
2026-08-05T15:15:00+05:30,171.6,173.7,171.0,172.6,21874,0
2026-08-06T09:15:00+05:30,170.98,171.91,170.61,171.57,3122,0
2026-08-06T09:30:00+05:30,171.33,172.08,170.01,170.01,9492,0
2026-08-06T09:45:00+05:30,170.67,171.7,170.67,171.23,1364,0
2026-08-06T10:00:00+05:30,171.37,172.3,171.25,172.14,4229,0
2026-08-06T10:15:00+05:30,172.17,173.5,171.94,172.5,9716,0
2026-08-06T10:30:00+05:30,172.5,173.18,172.5,172.74,782,0
2026-08-06T10:45:00+05:30,172.74,173.1,171.75,172.02,4595,0
2026-08-06T11:00:00+05:30,172.05,172.5,172.05,172.47,337,0
2026-08-06T11:15:00+05:30,172.15,172.91,172.01,172.91,4497,0
2026-08-06T11:30:00+05:30,172.92,172.92,170.5,171.88,26479,0
2026-08-06T11:45:00+05:30,171.88,171.88,170.71,170.92,6619,0
2026-08-06T12:00:00+05:30,170.97,171.12,170.88,171.12,3219,0
2026-08-06T12:15:00+05:30,171.12,171.29,171.12,171.29,252,0
2026-08-06T12:30:00+05:30,171.34,171.5,170.76,170.76,1456,0
2026-08-06T12:45:00+05:30,170.76,171.12,170.76,171.12,2429,0
2026-08-06T13:00:00+05:30,171.01,171.12,170.72,170.77,637,0
2026-08-06T13:15:00+05:30,170.6,170.99,169.51,169.87,10177,0
2026-08-06T13:30:00+05:30,169.87,170.3,169.2,169.52,13639,0
2026-08-06T13:45:00+05:30,169.68,170.3,169.36,169.97,3218,0
2026-08-06T14:00:00+05:30,169.97,170.3,169.4,170.3,8862,0
2026-08-06T14:15:00+05:30,170.3,170.4,169.74,170.4,5923,0
2026-08-06T14:30:00+05:30,170.4,170.4,169.74,170.0,10850,0
2026-08-06T14:45:00+05:30,170.18,170.23,168.48,169.26,9072,0
2026-08-06T15:00:00+05:30,169.26,169.56,168.94,169.24,4624,0
2026-08-06T15:15:00+05:30,169.18,171.6,169.0,169.0,12388,0
2026-08-07T09:15:00+05:30,170.14,172.15,169.71,170.33,4888,0
2026-08-07T09:30:00+05:30,170.33,170.69,170.12,170.3,696,0
2026-08-07T09:45:00+05:30,170.56,170.6,167.96,168.13,33504,0
2026-08-07T10:00:00+05:30,168.13,169.48,168.13,169.08,7018,0
2026-08-07T10:15:00+05:30,169.16,169.49,168.84,169.05,1988,0
2026-08-07T10:30:00+05:30,169.27,169.27,168.61,168.97,191,0
2026-08-07T10:45:00+05:30,169.09,169.09,168.81,168.81,391,0
2026-08-07T11:00:00+05:30,168.81,171.19,168.81,171.0,6050,0
2026-08-07T11:15:00+05:30,171.0,172.49,170.52,171.34,13245,0
2026-08-07T11:30:00+05:30,171.34,171.57,171.02,171.57,650,0
2026-08-07T11:45:00+05:30,171.57,171.71,171.02,171.49,3293,0
2026-08-07T12:00:00+05:30,171.59,171.59,167.72,169.5,36224,0
2026-08-07T12:15:00+05:30,169.5,169.68,168.99,169.52,2918,0
2026-08-07T12:30:00+05:30,169.56,169.71,169.28,169.71,188,0
2026-08-07T12:45:00+05:30,169.71,169.88,169.71,169.88,500,0
2026-08-07T13:00:00+05:30,169.88,169.88,168.63,168.63,485,0
2026-08-07T13:15:00+05:30,168.55,170.51,168.55,169.71,7204,0
2026-08-07T13:30:00+05:30,169.71,170.08,169.71,169.8,478,0
2026-08-07T13:45:00+05:30,169.8,170.06,169.33,169.64,2850,0
2026-08-07T14:00:00+05:30,169.78,169.78,168.66,169.11,1263,0
2026-08-07T14:15:00+05:30,168.97,169.6,168.68,169.6,1735,0
2026-08-07T14:30:00+05:30,169.6,169.6,169.0,169.5,3240,0
2026-08-07T14:45:00+05:30,169.67,169.67,169.21,169.22,1219,0
2026-08-07T15:00:00+05:30,169.16,169.44,168.01,168.84,4077,0
2026-08-07T15:15:00+05:30,168.64,170.0,164.61,165.01,106799,0
2026-08-10T09:15:00+05:30,165.97,166.0,162.03,165.68,22646,0
2026-08-10T09:30:00+05:30,165.69,169.99,162.03,167.52,89238,0
2026-08-10T09:45:00+05:30,167.53,167.99,167.32,167.75,2087,0
2026-08-10T10:00:00+05:30,167.75,168.56,166.9,168.0,34287,0
2026-08-10T10:15:00+05:30,167.91,168.01,166.61,167.09,7872,0
2026-08-10T10:30:00+05:30,167.1,169.0,166.9,168.38,10000,0
2026-08-10T10:45:00+05:30,168.39,168.72,167.82,167.82,1864,0
2026-08-10T11:00:00+05:30,167.82,168.35,165.91,167.2,14860,0
2026-08-10T11:15:00+05:30,167.3,167.47,166.49,166.51,2289,0
2026-08-10T11:30:00+05:30,166.54,166.94,166.11,166.49,769,0
2026-08-10T11:45:00+05:30,166.68,168.48,166.68,167.44,4927,0
2026-08-10T12:00:00+05:30,167.44,167.88,167.44,167.72,617,0
2026-08-10T12:15:00+05:30,167.54,167.72,167.4,167.69,2468,0
2026-08-10T12:30:00+05:30,167.73,167.73,166.97,166.97,687,0
2026-08-10T12:45:00+05:30,166.97,167.2,166.51,167.01,1254,0
2026-08-10T13:00:00+05:30,167.01,167.03,166.5,166.5,756,0
2026-08-10T13:15:00+05:30,166.5,167.51,166.25,167.16,2437,0
2026-08-10T13:30:00+05:30,167.16,167.38,167.07,167.07,29,0
2026-08-10T13:45:00+05:30,167.07,167.24,166.0,166.0,6360,0
2026-08-10T14:00:00+05:30,166.2,167.16,166.0,167.0,2894,0
2026-08-10T14:15:00+05:30,167.0,167.58,166.84,167.05,11033,0
2026-08-10T14:30:00+05:30,167.28,167.77,166.97,166.97,3888,0
2026-08-10T14:45:00+05:30,166.97,167.29,166.83,166.87,916,0
2026-08-10T15:00:00+05:30,167.14,168.11,166.2,167.02,7873,0
2026-08-10T15:15:00+05:30,167.02,167.04,165.0,165.68,7013,0
2026-08-11T09:15:00+05:30,164.92,167.2,164.92,166.49,3417,0
2026-08-11T09:30:00+05:30,166.38,169.19,165.02,168.0,16509,0
2026-08-11T09:45:00+05:30,168.0,168.4,167.71,168.0,765,0
2026-08-11T10:00:00+05:30,168.37,169.94,168.23,168.23,4882,0
2026-08-11T10:15:00+05:30,168.23,168.62,168.23,168.57,58,0
2026-08-11T10:30:00+05:30,168.57,168.57,168.46,168.47,17,0
2026-08-11T10:45:00+05:30,168.47,168.85,168.13,168.58,2227,0
2026-08-11T11:00:00+05:30,168.58,168.58,167.0,168.13,11814,0
2026-08-11T11:15:00+05:30,168.13,168.2,168.13,168.2,12,0
2026-08-11T11:30:00+05:30,168.2,168.2,167.75,168.0,167,0
2026-08-11T11:45:00+05:30,168.0,168.0,167.01,167.01,2500,0
2026-08-11T12:00:00+05:30,167.71,167.93,167.52,167.52,8246,0
2026-08-11T12:15:00+05:30,167.52,168.98,167.0,168.6,12347,0
2026-08-11T12:30:00+05:30,168.6,168.61,167.94,168.55,6275,0
2026-08-11T12:45:00+05:30,168.55,168.83,168.26,168.29,767,0
2026-08-11T13:00:00+05:30,168.29,168.47,168.22,168.47,162,0
2026-08-11T13:15:00+05:30,168.47,168.53,167.91,168.3,1176,0
2026-08-11T13:30:00+05:30,168.02,168.31,168.02,168.31,142,0
2026-08-11T13:45:00+05:30,168.31,168.42,168.08,168.16,454,0
2026-08-11T14:00:00+05:30,168.16,168.55,168.16,168.16,2109,0
2026-08-11T14:15:00+05:30,168.16,168.18,167.16,167.57,4639,0
2026-08-11T14:30:00+05:30,167.57,168.64,167.21,167.84,10606,0
2026-08-11T14:45:00+05:30,167.93,168.9,167.93,168.4,1776,0
2026-08-11T15:00:00+05:30,168.33,169.76,168.18,168.84,7475,0
2026-08-11T15:15:00+05:30,168.84,169.67,168.7,168.71,4181,0
2026-08-12T09:15:00+05:30,169.6,171.98,168.28,168.28,7437,0
2026-08-12T09:30:00+05:30,168.09,170.99,168.04,169.43,33294,0
2026-08-12T09:45:00+05:30,169.24,173.01,168.61,173.01,30197,0
2026-08-12T10:00:00+05:30,172.22,172.22,170.64,171.13,5992,0
2026-08-12T10:15:00+05:30,171.13,171.96,171.1,171.45,6437,0
2026-08-12T10:30:00+05:30,171.36,171.88,171.12,171.46,1305,0
2026-08-12T10:45:00+05:30,171.67,171.67,171.1,171.1,8143,0
2026-08-12T11:00:00+05:30,171.1,171.36,169.83,171.36,15425,0
2026-08-12T11:15:00+05:30,171.84,171.95,171.56,171.56,6383,0
2026-08-12T11:30:00+05:30,171.53,171.99,171.53,171.82,200,0
2026-08-12T11:45:00+05:30,171.82,172.0,170.0,170.58,13734,0
2026-08-12T12:00:00+05:30,170.57,170.57,170.2,170.25,166,0
2026-08-12T12:15:00+05:30,170.25,170.25,169.94,169.94,766,0
2026-08-12T12:30:00+05:30,169.94,170.61,169.94,170.25,2542,0
2026-08-12T12:45:00+05:30,169.84,170.36,169.5,170.01,7427,0
2026-08-12T13:00:00+05:30,170.01,170.42,168.5,168.71,27079,0
2026-08-12T13:15:00+05:30,168.51,168.51,167.82,167.99,6991,0
2026-08-12T13:30:00+05:30,167.99,167.99,167.92,167.92,1330,0
2026-08-12T13:45:00+05:30,167.88,168.2,167.0,167.91,17872,0
2026-08-12T14:00:00+05:30,167.77,168.22,167.52,167.52,722,0
2026-08-12T14:15:00+05:30,167.52,167.99,167.2,167.73,2133,0
2026-08-12T14:30:00+05:30,167.25,167.74,167.25,167.74,65,0
2026-08-12T14:45:00+05:30,167.74,167.74,167.2,167.42,6631,0
2026-08-12T15:00:00+05:30,167.44,168.18,167.21,168.0,1827,0
2026-08-12T15:15:00+05:30,168.0,168.0,167.0,167.0,7761,0
2026-08-13T09:15:00+05:30,167.3,169.39,167.3,168.29,6576,0
2026-08-13T09:30:00+05:30,168.46,168.98,168.0,168.22,2942,0
2026-08-13T09:45:00+05:30,168.45,168.59,168.02,168.51,2579,0
2026-08-13T10:00:00+05:30,168.51,168.67,167.72,167.72,2182,0
2026-08-13T10:15:00+05:30,167.72,167.72,167.33,167.65,310,0
2026-08-13T10:30:00+05:30,167.69,167.98,167.31,167.98,548,0
2026-08-13T10:45:00+05:30,167.98,168.05,167.6,168.05,620,0
2026-08-13T11:00:00+05:30,168.05,168.09,167.52,168.0,3380,0
2026-08-13T11:15:00+05:30,168.0,168.34,167.82,167.88,186,0
2026-08-13T11:30:00+05:30,167.88,168.08,167.74,167.74,199,0
2026-08-13T11:45:00+05:30,167.74,167.81,167.3,167.73,938,0
2026-08-13T12:00:00+05:30,167.72,167.79,167.45,167.45,267,0
2026-08-13T12:15:00+05:30,167.71,167.85,167.0,167.44,9172,0
2026-08-13T12:30:00+05:30,167.44,167.64,167.29,167.32,899,0
2026-08-13T12:45:00+05:30,167.32,167.39,167.01,167.03,550,0
2026-08-13T13:00:00+05:30,167.03,167.59,167.03,167.08,973,0
2026-08-13T13:15:00+05:30,167.08,167.49,167.0,167.39,1306,0
2026-08-13T13:30:00+05:30,167.39,167.49,167.0,167.21,669,0
2026-08-13T13:45:00+05:30,167.48,167.59,167.21,167.59,86,0
2026-08-13T14:00:00+05:30,167.71,167.71,167.0,167.0,932,0
2026-08-13T14:15:00+05:30,167.32,168.0,167.0,168.0,5960,0
2026-08-13T14:30:00+05:30,168.0,169.0,168.0,168.6,3922,0
2026-08-13T14:45:00+05:30,168.63,170.1,168.6,169.06,7252,0
2026-08-13T15:00:00+05:30,169.06,170.0,168.45,169.18,2732,0
2026-08-13T15:15:00+05:30,169.29,170.29,168.75,169.88,6356,0
2026-08-14T09:15:00+05:30,170.99,170.99,164.01,166.9,10441,0
2026-08-14T09:30:00+05:30,167.31,168.86,166.9,167.67,5246,0
2026-08-14T09:45:00+05:30,167.23,167.74,166.9,166.9,1349,0
2026-08-14T10:00:00+05:30,166.9,167.39,165.9,166.15,7780,0
2026-08-14T10:15:00+05:30,166.15,166.15,165.01,165.21,25927,0
2026-08-14T10:30:00+05:30,165.21,167.38,164.55,166.76,26982,0
2026-08-14T10:45:00+05:30,166.76,166.76,166.04,166.04,89,0
2026-08-14T11:00:00+05:30,166.04,166.23,165.33,166.2,2813,0
2026-08-14T11:15:00+05:30,165.87,169.0,165.87,167.67,16075,0
2026-08-14T11:30:00+05:30,167.67,168.28,167.22,167.87,931,0
2026-08-14T11:45:00+05:30,167.87,168.15,166.85,168.15,930,0
2026-08-14T12:00:00+05:30,167.76,167.76,166.33,167.58,9375,0
2026-08-14T12:15:00+05:30,167.69,167.96,166.5,166.92,7617,0
2026-08-14T12:30:00+05:30,166.92,166.92,166.0,166.0,695,0
2026-08-14T12:45:00+05:30,166.0,166.29,165.6,166.0,2452,0
2026-08-14T13:00:00+05:30,166.0,166.19,165.51,165.51,729,0
2026-08-14T13:15:00+05:30,165.51,166.0,165.42,165.42,1591,0
2026-08-14T13:30:00+05:30,165.78,165.97,165.0,165.0,5002,0
2026-08-14T13:45:00+05:30,165.33,166.23,165.32,165.82,4384,0
2026-08-14T14:00:00+05:30,165.82,165.84,165.48,165.77,545,0
2026-08-14T14:15:00+05:30,165.77,165.78,165.2,165.57,1312,0
2026-08-14T14:30:00+05:30,165.57,165.72,165.0,165.35,9240,0
2026-08-14T14:45:00+05:30,165.35,165.57,165.0,165.0,887,0
2026-08-14T15:00:00+05:30,164.9,165.56,164.64,165.0,7968,0
2026-08-14T15:15:00+05:30,165.0,165.44,164.0,164.0,16253,0
2026-08-17T09:15:00+05:30,158.93,162.5,158.8,160.86,21131,0
2026-08-17T09:30:00+05:30,160.88,161.49,157.8,158.38,34425,0
2026-08-17T09:45:00+05:30,157.5,158.96,156.54,158.13,43158,0
2026-08-17T10:00:00+05:30,157.95,158.61,157.72,158.61,7824,0
2026-08-17T10:15:00+05:30,158.48,158.56,157.51,158.0,4095,0
2026-08-17T10:30:00+05:30,157.76,157.8,155.57,156.67,14645,0
2026-08-17T10:45:00+05:30,156.92,161.28,156.37,159.96,34744,0
2026-08-17T11:00:00+05:30,160.03,161.43,159.61,161.0,17063,0
2026-08-17T11:15:00+05:30,160.85,160.85,159.31,159.91,5705,0
2026-08-17T11:30:00+05:30,160.07,160.07,159.09,159.19,8139,0
2026-08-17T11:45:00+05:30,159.53,159.53,158.87,158.88,1015,0
2026-08-17T12:00:00+05:30,158.88,159.24,157.95,158.82,7572,0
2026-08-17T12:15:00+05:30,158.82,158.84,158.35,158.71,1474,0
2026-08-17T12:30:00+05:30,160.2,160.49,159.61,159.61,7151,0
2026-08-17T12:45:00+05:30,159.61,159.61,159.61,159.61,243,0
2026-08-17T13:00:00+05:30,159.61,160.0,159.6,159.86,4000,0
2026-08-17T13:15:00+05:30,159.86,160.03,159.86,160.03,88,0
2026-08-17T13:30:00+05:30,160.41,160.41,160.06,160.11,598,0
2026-08-17T13:45:00+05:30,160.11,160.11,159.02,159.12,10177,0
2026-08-17T14:00:00+05:30,159.36,159.51,158.88,158.88,635,0
2026-08-17T14:15:00+05:30,158.88,158.88,158.4,158.6,1054,0
2026-08-17T14:30:00+05:30,158.6,158.83,158.6,158.83,681,0
2026-08-17T14:45:00+05:30,158.84,158.85,157.41,157.41,22125,0
2026-08-17T15:00:00+05:30,157.41,159.8,157.09,159.15,41174,0
2026-08-17T15:15:00+05:30,159.16,162.0,159.0,161.0,32551,0
2026-08-18T09:15:00+05:30,160.67,160.99,159.41,159.41,1317,0
2026-08-18T09:30:00+05:30,159.41,160.03,159.02,159.72,3743,0
2026-08-18T09:45:00+05:30,159.72,159.89,159.42,159.69,799,0
2026-08-18T10:00:00+05:30,159.52,159.88,159.02,159.04,803,0
2026-08-18T10:15:00+05:30,159.05,159.09,158.89,159.06,551,0
2026-08-18T10:30:00+05:30,159.5,160.41,159.5,160.0,3782,0
2026-08-18T10:45:00+05:30,160.0,160.0,159.36,159.36,244,0
2026-08-18T11:00:00+05:30,159.36,159.74,159.16,159.68,399,0
2026-08-18T11:15:00+05:30,159.68,160.25,159.68,159.94,1601,0
2026-08-18T11:30:00+05:30,160.23,161.79,159.98,161.11,6276,0
2026-08-18T11:45:00+05:30,161.11,163.4,160.98,162.9,17510,0
2026-08-18T12:00:00+05:30,162.9,163.0,162.22,162.58,6441,0
2026-08-18T12:15:00+05:30,162.58,162.58,161.36,161.5,8515,0
2026-08-18T12:30:00+05:30,161.5,162.28,161.5,161.89,4148,0
2026-08-18T12:45:00+05:30,161.93,163.9,161.6,162.53,28345,0
2026-08-18T13:00:00+05:30,162.66,162.66,161.58,161.96,1912,0
2026-08-18T13:15:00+05:30,161.96,162.44,160.85,160.85,8080,0
2026-08-18T13:30:00+05:30,160.85,161.27,160.85,161.0,974,0
2026-08-18T13:45:00+05:30,161.02,161.39,160.33,160.33,3040,0
2026-08-18T14:00:00+05:30,160.33,160.73,160.33,160.69,744,0
2026-08-18T14:15:00+05:30,160.69,160.69,159.98,160.07,10116,0
2026-08-18T14:30:00+05:30,160.07,160.11,159.42,159.65,584,0
2026-08-18T14:45:00+05:30,159.65,159.83,159.41,159.41,2789,0
2026-08-18T15:00:00+05:30,159.41,159.64,158.01,158.99,9065,0
2026-08-18T15:15:00+05:30,158.37,159.61,158.2,158.6,7049,0
2026-08-19T09:15:00+05:30,158.01,161.55,158.01,161.2,13986,0
2026-08-19T09:30:00+05:30,161.2,162.58,160.56,161.28,6085,0
2026-08-19T09:45:00+05:30,161.46,161.69,161.14,161.14,432,0
2026-08-19T10:00:00+05:30,161.14,161.45,160.42,160.85,1387,0
2026-08-19T10:15:00+05:30,160.85,161.42,160.54,161.42,5300,0
2026-08-19T10:30:00+05:30,161.22,161.79,160.0,160.0,27173,0
2026-08-19T10:45:00+05:30,160.0,160.13,159.0,159.68,3463,0
2026-08-19T11:00:00+05:30,159.64,159.66,156.87,157.74,20167,0
2026-08-19T11:15:00+05:30,157.74,158.8,157.62,158.75,2611,0
2026-08-19T11:30:00+05:30,158.51,158.55,158.14,158.14,559,0
2026-08-19T11:45:00+05:30,158.48,160.0,158.46,158.92,16715,0
2026-08-19T12:00:00+05:30,158.92,158.95,158.0,158.13,4171,0
2026-08-19T12:15:00+05:30,158.13,158.4,158.08,158.08,57,0
2026-08-19T12:30:00+05:30,158.15,158.28,158.08,158.08,569,0
2026-08-19T12:45:00+05:30,158.08,159.05,158.0,158.9,9797,0
2026-08-19T13:00:00+05:30,158.89,158.9,158.49,158.49,295,0
2026-08-19T13:15:00+05:30,158.49,158.52,158.0,158.03,5341,0
2026-08-19T13:30:00+05:30,158.03,158.03,158.0,158.0,56,0
2026-08-19T13:45:00+05:30,158.0,158.79,158.0,158.29,1944,0
2026-08-19T14:00:00+05:30,158.29,158.29,157.62,157.85,6417,0
2026-08-19T14:15:00+05:30,157.84,158.06,157.51,157.65,1589,0
2026-08-19T14:30:00+05:30,157.85,160.21,157.85,160.21,15632,0
2026-08-19T14:45:00+05:30,160.2,160.2,159.01,159.69,8963,0
2026-08-19T15:00:00+05:30,159.88,160.28,159.7,159.99,7240,0
2026-08-19T15:15:00+05:30,159.98,160.9,159.32,159.51,13932,0
2026-08-20T09:15:00+05:30,159.51,160.7,158.6,160.46,9092,0
2026-08-20T09:30:00+05:30,160.46,161.0,159.2,160.71,6829,0
2026-08-20T09:45:00+05:30,161.0,163.5,160.36,163.5,16939,0
2026-08-20T10:00:00+05:30,163.5,171.34,163.14,169.51,102977,0
2026-08-20T10:15:00+05:30,169.51,170.06,167.82,168.53,53350,0
2026-08-20T10:30:00+05:30,168.54,169.15,168.5,168.78,9305,0
2026-08-20T10:45:00+05:30,168.77,168.84,167.42,167.42,8324,0
2026-08-20T11:00:00+05:30,167.41,168.49,167.13,168.03,5361,0
2026-08-20T11:15:00+05:30,167.94,168.9,167.94,168.35,11471,0
2026-08-20T11:30:00+05:30,168.25,168.25,167.51,168.11,6032,0
2026-08-20T11:45:00+05:30,168.0,168.0,165.19,166.11,58475,0
2026-08-20T12:00:00+05:30,166.35,166.35,165.61,165.79,622,0
2026-08-20T12:15:00+05:30,165.79,166.34,165.34,166.31,3004,0
2026-08-20T12:30:00+05:30,166.31,166.31,165.41,165.61,5395,0
2026-08-20T12:45:00+05:30,165.61,165.88,165.35,165.69,1646,0
2026-08-20T13:00:00+05:30,165.99,166.02,165.02,165.33,4032,0
2026-08-20T13:15:00+05:30,165.33,167.02,165.33,166.5,3145,0
2026-08-20T13:30:00+05:30,166.5,167.49,166.5,166.94,2145,0
2026-08-20T13:45:00+05:30,166.94,166.98,165.0,165.22,23347,0
2026-08-20T14:00:00+05:30,165.25,167.11,165.09,165.51,34288,0
2026-08-20T14:15:00+05:30,165.51,167.73,165.51,167.32,6595,0
2026-08-20T14:30:00+05:30,167.34,168.2,166.24,167.24,11422,0
2026-08-20T14:45:00+05:30,166.67,167.56,166.67,166.76,4651,0
2026-08-20T15:00:00+05:30,167.0,167.2,166.51,166.54,9698,0
2026-08-20T15:15:00+05:30,166.55,167.42,165.1,165.1,11324,0
2026-08-21T09:15:00+05:30,165.01,166.7,164.63,164.63,5757,0
2026-08-21T09:30:00+05:30,164.88,166.79,164.51,166.75,4280,0
2026-08-21T09:45:00+05:30,166.97,166.99,166.0,166.13,4371,0
2026-08-21T10:00:00+05:30,166.13,167.7,166.13,167.47,1729,0
2026-08-21T10:15:00+05:30,167.47,168.21,167.31,168.04,7823,0
2026-08-21T10:30:00+05:30,168.02,168.44,167.0,168.0,24340,0
2026-08-21T10:45:00+05:30,168.0,168.31,168.0,168.0,765,0
2026-08-21T11:00:00+05:30,168.02,169.7,168.0,169.5,4639,0
2026-08-21T11:15:00+05:30,169.5,169.51,168.31,168.66,9386,0
2026-08-21T11:30:00+05:30,168.66,168.68,168.21,168.22,1859,0
2026-08-21T11:45:00+05:30,168.22,170.0,168.22,169.5,10903,0
2026-08-21T12:00:00+05:30,169.5,169.92,169.2,169.3,996,0
2026-08-21T12:15:00+05:30,169.3,169.3,167.51,168.56,8554,0
2026-08-21T12:30:00+05:30,168.28,168.48,168.0,168.36,1554,0
2026-08-21T12:45:00+05:30,168.36,168.48,168.26,168.48,400,0
2026-08-21T13:00:00+05:30,168.48,168.48,167.65,167.8,2475,0
2026-08-21T13:15:00+05:30,167.8,168.14,167.1,168.14,3366,0
2026-08-21T13:30:00+05:30,168.14,168.36,168.0,168.0,4660,0
2026-08-21T13:45:00+05:30,168.02,169.0,168.0,168.31,5892,0
2026-08-21T14:00:00+05:30,168.31,168.6,168.08,168.08,639,0
2026-08-21T14:15:00+05:30,168.09,168.71,168.09,168.25,588,0
2026-08-21T14:30:00+05:30,168.25,168.6,168.25,168.25,9,0
2026-08-21T14:45:00+05:30,168.25,168.58,166.5,167.11,8482,0
2026-08-21T15:00:00+05:30,167.17,168.0,166.72,167.25,7956,0
2026-08-21T15:15:00+05:30,167.54,168.0,167.25,168.0,7955,0
2026-08-24T09:15:00+05:30,168.2,168.6,167.55,167.77,3177,0
2026-08-24T09:30:00+05:30,168.07,168.34,167.55,167.59,1248,0
2026-08-24T09:45:00+05:30,167.57,167.83,167.0,167.28,2090,0
2026-08-24T10:00:00+05:30,167.28,167.28,166.42,166.42,1248,0
2026-08-24T10:15:00+05:30,166.3,166.94,166.3,166.4,2157,0
2026-08-24T10:30:00+05:30,166.42,166.66,165.46,165.93,5292,0
2026-08-24T10:45:00+05:30,165.82,166.47,165.77,166.06,1416,0
2026-08-24T11:00:00+05:30,166.06,166.06,165.5,165.5,1530,0
2026-08-24T11:15:00+05:30,165.5,165.88,165.1,165.34,1129,0
2026-08-24T11:30:00+05:30,165.47,165.59,164.6,165.01,3615,0
2026-08-24T11:45:00+05:30,165.02,165.09,164.76,165.0,2803,0
2026-08-24T12:00:00+05:30,164.99,165.49,164.72,165.49,1297,0
2026-08-24T12:15:00+05:30,165.49,165.49,165.24,165.24,371,0
2026-08-24T12:30:00+05:30,165.24,165.26,164.91,165.13,5477,0
2026-08-24T12:45:00+05:30,165.13,165.13,164.2,164.2,2032,0
2026-08-24T13:00:00+05:30,164.2,164.25,164.2,164.25,9,0
2026-08-24T13:15:00+05:30,164.45,164.48,164.0,164.24,903,0
2026-08-24T13:30:00+05:30,164.24,164.24,163.8,164.08,521,0
2026-08-24T13:45:00+05:30,164.0,164.0,162.6,162.9,2691,0
2026-08-24T14:00:00+05:30,163.24,164.7,163.13,163.68,6057,0
2026-08-24T14:15:00+05:30,163.68,164.27,163.4,163.91,1798,0
2026-08-24T14:30:00+05:30,163.91,163.91,162.26,162.43,32278,0
2026-08-24T14:45:00+05:30,162.43,162.81,162.31,162.81,5060,0
2026-08-24T15:00:00+05:30,162.6,162.6,159.0,161.79,36216,0
2026-08-24T15:15:00+05:30,161.62,164.92,159.81,163.2,23575,0
2026-08-25T09:15:00+05:30,162.0,162.69,161.02,162.45,3681,0
2026-08-25T09:30:00+05:30,162.25,163.03,162.11,162.11,1207,0
2026-08-25T09:45:00+05:30,162.11,162.39,161.28,161.99,1667,0
2026-08-25T10:00:00+05:30,161.96,162.49,161.74,162.08,1821,0
2026-08-25T10:15:00+05:30,162.08,162.08,161.53,161.53,50,0
2026-08-25T10:30:00+05:30,161.53,161.96,160.52,161.53,3689,0
2026-08-25T10:45:00+05:30,161.53,161.54,159.76,160.02,8855,0
2026-08-25T11:00:00+05:30,160.4,161.8,160.4,161.31,4754,0
2026-08-25T11:15:00+05:30,161.31,161.98,160.89,161.39,3717,0
2026-08-25T11:30:00+05:30,161.77,162.0,161.26,162.0,1647,0
2026-08-25T11:45:00+05:30,161.72,162.0,161.31,161.58,8054,0
2026-08-25T12:00:00+05:30,161.58,161.6,161.58,161.6,1,0
2026-08-25T12:15:00+05:30,161.6,161.75,161.0,161.12,5208,0
2026-08-25T12:30:00+05:30,161.23,161.39,160.5,160.81,1528,0
2026-08-25T12:45:00+05:30,160.81,161.59,160.81,160.83,1334,0
2026-08-25T13:00:00+05:30,160.83,160.83,159.0,159.0,17197,0
2026-08-25T13:15:00+05:30,159.0,159.68,159.0,159.68,1650,0
2026-08-25T13:30:00+05:30,159.68,159.84,159.02,159.59,812,0
2026-08-25T13:45:00+05:30,159.67,160.03,158.6,159.5,3097,0
2026-08-25T14:00:00+05:30,159.5,159.5,159.49,159.5,482,0
2026-08-25T14:15:00+05:30,159.5,159.5,159.5,159.5,20,0
2026-08-25T14:30:00+05:30,159.5,159.96,158.71,159.31,4021,0
2026-08-25T14:45:00+05:30,159.31,159.31,159.0,159.0,316,0
2026-08-25T15:00:00+05:30,159.17,159.31,158.28,159.0,28911,0
2026-08-25T15:15:00+05:30,158.99,160.47,158.28,160.09,15792,0
2026-08-26T09:15:00+05:30,159.01,161.38,159.01,159.88,5166,0
2026-08-26T09:30:00+05:30,159.88,160.17,158.86,159.42,7298,0
2026-08-26T09:45:00+05:30,159.78,159.83,159.22,159.5,824,0
2026-08-26T10:00:00+05:30,159.5,160.41,159.21,159.58,10325,0
2026-08-26T10:15:00+05:30,159.88,159.88,159.2,159.2,749,0
2026-08-26T10:30:00+05:30,159.2,159.55,159.14,159.55,451,0
2026-08-26T10:45:00+05:30,159.55,159.55,159.55,159.55,50,0
2026-08-26T11:00:00+05:30,159.55,159.55,159.2,159.2,341,0
2026-08-26T11:15:00+05:30,159.2,159.74,159.17,159.17,866,0
2026-08-26T11:30:00+05:30,159.17,159.17,158.0,158.38,10330,0
2026-08-26T11:45:00+05:30,158.57,158.99,158.11,158.27,1823,0
2026-08-26T12:00:00+05:30,158.27,159.0,158.27,159.0,6462,0
2026-08-26T12:15:00+05:30,159.0,159.0,158.52,158.53,754,0
2026-08-26T12:30:00+05:30,158.53,158.93,158.0,158.0,4069,0
2026-08-26T12:45:00+05:30,157.97,158.0,157.8,158.0,1113,0
2026-08-26T13:00:00+05:30,158.19,158.4,157.6,157.62,1940,0
2026-08-26T13:15:00+05:30,157.99,158.0,157.72,158.0,627,0
2026-08-26T13:30:00+05:30,158.0,158.0,157.3,157.3,9142,0
2026-08-26T13:45:00+05:30,157.3,157.67,157.3,157.67,425,0
2026-08-26T14:00:00+05:30,157.67,157.9,157.4,157.41,1172,0
2026-08-26T14:15:00+05:30,157.41,157.45,157.2,157.4,1452,0
2026-08-26T14:30:00+05:30,157.13,157.19,156.65,156.97,3665,0
2026-08-26T14:45:00+05:30,157.31,157.9,156.53,156.8,5860,0
2026-08-26T15:00:00+05:30,157.19,157.68,156.72,157.32,3088,0
2026-08-26T15:15:00+05:30,157.36,157.36,156.0,156.02,7313,0
2026-08-27T09:15:00+05:30,157.4,157.49,155.8,156.0,7180,0
2026-08-27T09:30:00+05:30,156.33,157.76,156.25,157.58,8247,0
2026-08-27T09:45:00+05:30,157.26,158.24,157.26,157.64,5044,0
2026-08-27T10:00:00+05:30,157.64,158.01,157.44,157.55,625,0
2026-08-27T10:15:00+05:30,157.55,157.83,157.44,157.57,255,0
2026-08-27T10:30:00+05:30,157.52,159.0,157.47,157.81,5810,0
2026-08-27T10:45:00+05:30,157.91,158.06,155.55,158.05,16857,0
2026-08-27T11:00:00+05:30,158.06,158.11,157.01,157.58,2900,0
2026-08-27T11:15:00+05:30,157.58,157.66,157.32,157.35,274,0
2026-08-27T11:30:00+05:30,157.35,157.58,157.35,157.5,15,0
2026-08-27T11:45:00+05:30,157.5,157.61,157.03,157.22,316,0
2026-08-27T12:00:00+05:30,157.22,157.71,157.13,157.71,1293,0
2026-08-27T12:15:00+05:30,157.71,157.76,157.32,157.32,91,0
2026-08-27T12:30:00+05:30,157.32,157.32,157.0,157.0,1660,0
2026-08-27T12:45:00+05:30,157.37,157.51,157.18,157.51,900,0
2026-08-27T13:00:00+05:30,157.51,158.6,157.31,158.23,5169,0
2026-08-27T13:15:00+05:30,158.23,158.23,158.13,158.13,2,0
2026-08-27T13:30:00+05:30,158.13,158.17,157.53,157.54,7421,0
2026-08-27T13:45:00+05:30,157.54,157.54,157.04,157.21,613,0
2026-08-27T14:00:00+05:30,157.21,157.52,157.02,157.52,673,0
2026-08-27T14:15:00+05:30,157.31,157.61,157.01,157.52,3334,0
2026-08-27T14:30:00+05:30,157.52,157.52,157.08,157.21,235,0
2026-08-27T14:45:00+05:30,157.11,157.34,157.0,157.0,1645,0
2026-08-27T15:00:00+05:30,157.0,157.0,155.25,156.99,8542,0
2026-08-27T15:15:00+05:30,156.99,157.23,156.0,156.9,5486,0
2026-08-28T09:15:00+05:30,164.0,164.0,157.2,159.57,25544,0
2026-08-28T09:30:00+05:30,159.56,159.63,158.0,158.18,5171,0
2026-08-28T09:45:00+05:30,158.18,158.26,156.86,157.0,11031,0
2026-08-28T10:00:00+05:30,157.0,157.37,157.0,157.0,881,0
2026-08-28T10:15:00+05:30,157.0,157.32,156.99,157.02,1374,0
2026-08-28T10:30:00+05:30,157.15,157.92,157.15,157.8,1297,0
2026-08-28T10:45:00+05:30,157.8,158.0,156.51,157.52,4965,0
2026-08-28T11:00:00+05:30,157.52,157.54,157.0,157.0,458,0
2026-08-28T11:15:00+05:30,157.25,157.69,157.25,157.36,1506,0
2026-08-28T11:30:00+05:30,157.36,157.36,156.81,156.81,581,0
2026-08-28T11:45:00+05:30,156.81,157.41,156.79,156.99,1103,0
2026-08-28T12:00:00+05:30,156.99,157.04,156.52,156.52,3562,0
2026-08-28T12:15:00+05:30,156.52,156.95,156.52,156.91,183,0
2026-08-28T12:30:00+05:30,156.91,156.91,156.53,156.53,674,0
2026-08-28T12:45:00+05:30,156.7,156.79,155.5,155.71,6745,0
2026-08-28T13:00:00+05:30,155.72,155.86,155.42,155.64,933,0
2026-08-28T13:15:00+05:30,155.64,156.09,155.61,156.09,274,0
2026-08-28T13:30:00+05:30,156.09,156.42,155.5,155.5,2847,0
2026-08-28T13:45:00+05:30,155.78,155.78,155.02,155.42,10525,0
2026-08-28T14:00:00+05:30,155.14,156.0,155.0,155.7,22841,0
2026-08-28T14:15:00+05:30,155.7,156.0,155.55,155.93,5749,0
2026-08-28T14:30:00+05:30,155.93,156.0,155.65,156.0,11210,0
2026-08-28T14:45:00+05:30,156.0,156.0,155.0,155.97,6573,0
2026-08-28T15:00:00+05:30,155.63,157.8,155.63,156.89,9505,0
2026-08-28T15:15:00+05:30,156.89,157.74,155.61,157.0,7798,0
2026-08-31T09:15:00+05:30,157.0,157.2,154.71,156.39,17084,0
2026-08-31T09:30:00+05:30,156.32,157.56,156.32,157.46,13073,0
2026-08-31T09:45:00+05:30,157.25,157.99,157.1,157.1,2439,0
2026-08-31T10:00:00+05:30,157.1,157.1,156.3,156.3,6425,0
2026-08-31T10:15:00+05:30,156.3,156.36,155.59,156.29,1012,0
2026-08-31T10:30:00+05:30,156.29,156.29,155.5,155.5,2768,0
2026-08-31T10:45:00+05:30,155.76,155.98,155.69,155.88,220,0
2026-08-31T11:00:00+05:30,155.62,156.48,155.5,156.01,2176,0
2026-08-31T11:15:00+05:30,156.27,156.27,154.69,156.0,6675,0
2026-08-31T11:30:00+05:30,156.0,156.1,155.75,156.1,910,0
2026-08-31T11:45:00+05:30,155.92,156.77,155.02,156.3,3698,0
2026-08-31T12:00:00+05:30,156.3,156.63,156.21,156.6,1826,0
2026-08-31T12:15:00+05:30,156.6,156.97,156.43,156.61,578,0
2026-08-31T12:30:00+05:30,156.56,160.95,156.56,159.35,30127,0
2026-08-31T12:45:00+05:30,159.35,160.03,158.6,159.97,31595,0
2026-08-31T13:00:00+05:30,159.63,159.79,158.21,158.21,12780,0
2026-08-31T13:15:00+05:30,158.22,159.25,158.21,158.73,7649,0
2026-08-31T13:30:00+05:30,159.08,159.24,158.64,158.66,5485,0
2026-08-31T13:45:00+05:30,158.66,159.0,156.7,157.51,12128,0
2026-08-31T14:00:00+05:30,157.51,157.83,157.27,157.27,828,0
2026-08-31T14:15:00+05:30,157.59,157.59,155.72,157.41,5823,0
2026-08-31T14:30:00+05:30,157.41,157.41,157.02,157.02,105,0
2026-08-31T14:45:00+05:30,157.02,160.49,157.0,159.99,22003,0
2026-08-31T15:00:00+05:30,159.65,159.99,158.95,159.01,11129,0
2026-08-31T15:15:00+05:30,159.01,159.81,159.0,159.0,10222,0
2026-09-01T09:15:00+05:30,161.0,161.5,158.05,158.4,15485,0
2026-09-01T09:30:00+05:30,158.4,158.4,156.62,157.0,7928,0
2026-09-01T09:45:00+05:30,156.63,156.87,156.0,156.67,4496,0
2026-09-01T10:00:00+05:30,156.69,156.9,156.01,156.88,836,0
2026-09-01T10:15:00+05:30,156.88,157.16,156.68,156.68,1036,0
2026-09-01T10:30:00+05:30,156.68,157.03,156.21,156.25,996,0
2026-09-01T10:45:00+05:30,156.25,157.0,156.15,156.99,11029,0
2026-09-01T11:00:00+05:30,156.89,157.3,156.55,157.08,12719,0
2026-09-01T11:15:00+05:30,157.08,157.13,156.85,156.93,5240,0
2026-09-01T11:30:00+05:30,156.93,157.15,156.92,156.96,3012,0
2026-09-01T11:45:00+05:30,156.96,157.28,156.96,157.01,2274,0
2026-09-01T12:00:00+05:30,157.01,157.29,156.61,156.61,3736,0
2026-09-01T12:15:00+05:30,156.58,157.04,156.41,156.9,16371,0
2026-09-01T12:30:00+05:30,156.9,157.0,156.5,156.5,2914,0
2026-09-01T12:45:00+05:30,156.55,156.55,156.15,156.48,1423,0
2026-09-01T13:00:00+05:30,156.48,157.5,156.15,157.01,7779,0
2026-09-01T13:15:00+05:30,157.01,157.01,155.0,155.46,15573,0
2026-09-01T13:30:00+05:30,155.67,155.78,154.0,154.82,14776,0
2026-09-01T13:45:00+05:30,154.82,154.82,153.38,153.4,11917,0
2026-09-01T14:00:00+05:30,153.52,153.81,152.72,152.94,23205,0
2026-09-01T14:15:00+05:30,152.94,153.51,152.73,153.51,20795,0
2026-09-01T14:30:00+05:30,153.85,153.89,153.2,153.59,20755,0
2026-09-01T14:45:00+05:30,153.59,153.93,153.34,153.93,25683,0
2026-09-01T15:00:00+05:30,154.05,154.78,153.0,153.0,25459,0
2026-09-01T15:15:00+05:30,153.64,155.0,153.01,155.0,16378,0
2026-09-02T09:15:00+05:30,152.06,154.49,152.06,154.32,7554,0
2026-09-02T09:30:00+05:30,153.81,153.95,152.6,153.94,6355,0
2026-09-02T09:45:00+05:30,153.66,154.1,153.61,153.61,1622,0
2026-09-02T10:00:00+05:30,153.58,154.85,153.37,154.85,4944,0
2026-09-02T10:15:00+05:30,154.52,155.49,153.0,153.49,17317,0
2026-09-02T10:30:00+05:30,153.49,153.71,152.98,153.0,2692,0
2026-09-02T10:45:00+05:30,153.0,153.99,153.0,153.98,4105,0
2026-09-02T11:00:00+05:30,153.51,153.91,152.95,153.23,944,0
2026-09-02T11:15:00+05:30,153.23,153.28,152.6,152.83,1799,0
2026-09-02T11:30:00+05:30,152.83,153.56,152.8,152.81,617,0
2026-09-02T11:45:00+05:30,152.81,153.29,152.8,153.0,11599,0
2026-09-02T12:00:00+05:30,153.0,153.56,153.0,153.12,8660,0
2026-09-02T12:15:00+05:30,153.12,153.45,153.0,153.45,1381,0
2026-09-02T12:30:00+05:30,153.45,153.45,152.99,153.0,1155,0
2026-09-02T12:45:00+05:30,153.0,153.0,151.7,152.0,8458,0
2026-09-02T13:00:00+05:30,151.98,152.0,151.7,151.94,1521,0
2026-09-02T13:15:00+05:30,151.66,152.0,151.5,151.99,1984,0
2026-09-02T13:30:00+05:30,151.96,152.57,151.53,152.57,3011,0
2026-09-02T13:45:00+05:30,152.6,152.67,152.38,152.38,186,0
2026-09-02T14:00:00+05:30,152.38,152.8,152.11,152.11,3158,0
2026-09-02T14:15:00+05:30,152.02,152.1,151.8,152.0,942,0
2026-09-02T14:30:00+05:30,152.0,152.31,152.0,152.0,937,0
2026-09-02T14:45:00+05:30,152.0,152.8,151.9,152.46,21035,0
2026-09-02T15:00:00+05:30,152.08,152.57,151.8,152.34,22002,0
2026-09-02T15:15:00+05:30,152.06,152.34,151.8,152.0,8865,0
