timestamp,open,high,low,close,volume,oi
2026-02-26T09:15:00+05:30,74.0,76.62,74.0,76.0,139520,0
2026-02-26T09:30:00+05:30,75.98,76.2,75.18,75.6,42597,0
2026-02-26T09:45:00+05:30,75.6,75.8,75.25,75.25,8414,0
2026-02-26T10:00:00+05:30,75.35,75.7,75.1,75.57,16949,0
2026-02-26T10:15:00+05:30,75.55,75.73,75.4,75.45,6089,0
2026-02-26T10:30:00+05:30,75.47,75.54,75.2,75.3,8793,0
2026-02-26T10:45:00+05:30,75.26,75.29,75.01,75.03,10197,0
2026-02-26T11:00:00+05:30,75.15,75.38,75.01,75.28,9144,0
2026-02-26T11:15:00+05:30,75.2,75.28,75.09,75.16,4195,0
2026-02-26T11:30:00+05:30,75.17,75.27,75.1,75.2,3040,0
2026-02-26T11:45:00+05:30,75.2,75.26,75.0,75.01,8172,0
2026-02-26T12:00:00+05:30,75.09,75.1,75.0,75.01,3146,0
2026-02-26T12:15:00+05:30,75.05,75.09,74.73,74.8,7585,0
2026-02-26T12:30:00+05:30,74.79,74.8,74.64,74.71,2093,0
2026-02-26T12:45:00+05:30,74.71,75.0,74.64,74.88,33061,0
2026-02-26T13:00:00+05:30,74.88,75.12,74.88,75.12,3623,0
2026-02-26T13:15:00+05:30,75.11,75.2,75.04,75.15,11661,0
2026-02-26T13:30:00+05:30,75.19,75.2,74.9,74.9,2705,0
2026-02-26T13:45:00+05:30,74.99,75.0,74.81,74.94,5286,0
2026-02-26T14:00:00+05:30,74.85,75.0,74.85,74.99,1596,0
2026-02-26T14:15:00+05:30,74.92,75.1,74.88,75.1,5830,0
2026-02-26T14:30:00+05:30,75.02,75.2,75.0,75.2,12966,0
2026-02-26T14:45:00+05:30,75.2,75.39,75.1,75.21,16325,0
2026-02-26T15:00:00+05:30,75.29,75.29,75.02,75.02,20622,0
2026-02-26T15:15:00+05:30,75.04,75.4,75.01,75.29,34323,0
2026-02-27T09:15:00+05:30,75.98,75.98,73.73,73.89,43699,0
2026-02-27T09:30:00+05:30,73.96,74.32,73.68,74.15,11564,0
2026-02-27T09:45:00+05:30,74.05,74.43,73.86,74.31,480133,0
2026-02-27T10:00:00+05:30,74.3,74.77,74.1,74.63,26439,0
2026-02-27T10:15:00+05:30,74.59,75.0,74.24,74.82,26929,0
2026-02-27T10:30:00+05:30,74.83,74.92,74.57,74.64,6143,0
2026-02-27T10:45:00+05:30,74.66,74.74,74.44,74.56,2357,0
2026-02-27T11:00:00+05:30,74.55,74.6,74.31,74.57,4510,0
2026-02-27T11:15:00+05:30,74.5,74.58,74.33,74.35,5023,0
2026-02-27T11:30:00+05:30,74.44,74.58,74.1,74.51,11440,0
2026-02-27T11:45:00+05:30,74.59,74.8,74.51,74.8,3491,0
2026-02-27T12:00:00+05:30,74.89,74.9,74.61,74.78,8244,0
2026-02-27T12:15:00+05:30,74.78,74.78,74.64,74.65,1414,0
2026-02-27T12:30:00+05:30,74.65,75.0,74.61,74.78,16819,0
2026-02-27T12:45:00+05:30,74.8,75.08,74.61,74.82,7521,0
2026-02-27T13:00:00+05:30,74.85,74.97,74.72,74.83,1682,0
2026-02-27T13:15:00+05:30,74.83,75.0,74.7,75.0,3055,0
2026-02-27T13:30:00+05:30,74.99,75.74,74.88,75.73,17790,0
2026-02-27T13:45:00+05:30,75.71,77.0,75.59,76.72,62962,0
2026-02-27T14:00:00+05:30,76.65,76.84,76.09,76.44,26795,0
2026-02-27T14:15:00+05:30,76.54,76.84,76.14,76.22,16728,0
2026-02-27T14:30:00+05:30,76.23,76.46,75.77,75.81,18929,0
2026-02-27T14:45:00+05:30,75.81,76.32,75.61,76.16,11696,0
2026-02-27T15:00:00+05:30,76.16,76.16,75.35,75.51,29760,0
2026-02-27T15:15:00+05:30,75.42,75.8,75.21,75.49,25463,0
2026-03-02T09:15:00+05:30,70.2,71.9,68.1,71.61,180930,0
2026-03-02T09:30:00+05:30,71.73,71.85,71.1,71.7,65885,0
2026-03-02T09:45:00+05:30,71.78,72.65,71.62,72.64,83092,0
2026-03-02T10:00:00+05:30,72.64,72.7,71.91,72.19,39277,0
2026-03-02T10:15:00+05:30,72.19,72.44,72.05,72.24,18572,0
2026-03-02T10:30:00+05:30,72.24,72.4,71.9,72.19,25869,0
2026-03-02T10:45:00+05:30,72.19,72.24,71.9,72.18,17887,0
2026-03-02T11:00:00+05:30,72.18,72.18,71.5,71.76,26202,0
2026-03-02T11:15:00+05:30,71.76,71.76,71.04,71.3,31237,0
2026-03-02T11:30:00+05:30,71.29,71.47,71.16,71.29,15281,0
2026-03-02T11:45:00+05:30,71.29,71.29,71.07,71.18,11366,0
2026-03-02T12:00:00+05:30,71.16,71.16,69.0,70.7,70735,0
2026-03-02T12:15:00+05:30,70.6,70.62,70.14,70.49,22609,0
2026-03-02T12:30:00+05:30,70.49,70.6,69.17,69.67,27580,0
2026-03-02T12:45:00+05:30,69.61,70.16,69.21,69.8,25280,0
2026-03-02T13:00:00+05:30,69.88,70.2,69.37,70.1,13307,0
2026-03-02T13:15:00+05:30,70.1,70.28,69.5,69.66,13597,0
2026-03-02T13:30:00+05:30,69.66,70.07,69.34,69.95,19455,0
2026-03-02T13:45:00+05:30,69.86,70.0,69.26,69.58,17934,0
2026-03-02T14:00:00+05:30,69.73,70.69,69.6,70.65,23415,0
2026-03-02T14:15:00+05:30,70.65,70.65,70.18,70.4,22935,0
2026-03-02T14:30:00+05:30,70.4,70.5,70.0,70.45,29656,0
2026-03-02T14:45:00+05:30,70.41,70.47,70.01,70.01,10812,0
2026-03-02T15:00:00+05:30,70.2,70.4,70.0,70.24,35134,0
2026-03-02T15:15:00+05:30,70.34,70.63,69.7,70.18,88874,0
2026-03-04T09:15:00+05:30,66.6,68.77,66.25,67.3,207129,0
2026-03-04T09:30:00+05:30,67.29,67.9,66.8,67.7,78519,0
2026-03-04T09:45:00+05:30,67.7,67.71,66.95,67.12,33612,0
2026-03-04T10:00:00+05:30,67.12,68.59,67.0,68.53,73239,0
2026-03-04T10:15:00+05:30,68.53,68.56,67.55,67.75,28416,0
2026-03-04T10:30:00+05:30,67.87,68.17,67.61,67.7,14842,0
2026-03-04T10:45:00+05:30,67.69,67.9,67.17,67.47,17554,0
2026-03-04T11:00:00+05:30,67.47,67.86,67.39,67.75,14522,0
2026-03-04T11:15:00+05:30,67.73,67.75,67.51,67.59,6590,0
2026-03-04T11:30:00+05:30,67.59,67.64,67.25,67.4,11311,0
2026-03-04T11:45:00+05:30,67.4,67.5,67.3,67.4,8291,0
2026-03-04T12:00:00+05:30,67.41,67.44,67.06,67.14,17580,0
2026-03-04T12:15:00+05:30,67.12,67.28,67.06,67.12,11555,0
2026-03-04T12:30:00+05:30,67.12,67.32,66.87,66.97,21848,0
2026-03-04T12:45:00+05:30,66.92,67.31,66.92,67.16,29419,0
2026-03-04T13:00:00+05:30,67.1,67.38,67.05,67.38,6345,0
2026-03-04T13:15:00+05:30,67.38,67.38,67.1,67.24,6381,0
2026-03-04T13:30:00+05:30,67.24,67.36,67.06,67.23,7433,0
2026-03-04T13:45:00+05:30,67.23,67.5,67.1,67.26,9991,0
2026-03-04T14:00:00+05:30,67.26,67.61,67.24,67.55,11638,0
2026-03-04T14:15:00+05:30,67.6,67.64,67.29,67.52,22359,0
2026-03-04T14:30:00+05:30,67.52,67.67,67.1,67.32,35225,0
2026-03-04T14:45:00+05:30,67.39,67.69,67.35,67.68,14520,0
2026-03-04T15:00:00+05:30,67.68,67.7,67.3,67.44,21522,0
2026-03-04T15:15:00+05:30,67.4,67.44,67.0,67.25,37933,0
2026-03-05T09:15:00+05:30,68.8,68.99,67.75,68.18,51553,0
2026-03-05T09:30:00+05:30,68.18,68.39,67.36,67.69,39034,0
2026-03-05T09:45:00+05:30,67.92,67.92,67.44,67.68,15219,0
2026-03-05T10:00:00+05:30,67.67,67.99,67.6,67.74,13851,0
2026-03-05T10:15:00+05:30,67.68,67.75,67.41,67.58,15870,0
2026-03-05T10:30:00+05:30,67.58,67.8,67.45,67.59,11929,0
2026-03-05T10:45:00+05:30,67.77,67.77,67.55,67.61,9275,0
2026-03-05T11:00:00+05:30,67.64,67.84,67.58,67.83,9479,0
2026-03-05T11:15:00+05:30,67.82,67.93,67.61,67.91,10988,0
2026-03-05T11:30:00+05:30,67.93,67.93,67.74,67.85,3951,0
2026-03-05T11:45:00+05:30,67.91,67.92,67.5,67.68,12685,0
2026-03-05T12:00:00+05:30,67.71,67.75,67.59,67.68,2174,0
2026-03-05T12:15:00+05:30,67.63,67.9,67.63,67.9,7455,0
2026-03-05T12:30:00+05:30,67.9,68.4,67.9,68.23,16147,0
2026-03-05T12:45:00+05:30,68.2,68.29,68.11,68.11,5768,0
2026-03-05T13:00:00+05:30,68.15,68.15,68.0,68.15,9402,0
2026-03-05T13:15:00+05:30,68.15,68.26,68.0,68.24,5300,0
2026-03-05T13:30:00+05:30,68.26,68.26,68.0,68.0,13173,0
2026-03-05T13:45:00+05:30,68.03,68.23,67.75,67.85,14133,0
2026-03-05T14:00:00+05:30,67.97,68.09,67.81,67.89,6676,0
2026-03-05T14:15:00+05:30,67.81,67.81,67.5,67.5,18645,0
2026-03-05T14:30:00+05:30,67.67,68.2,67.5,68.0,9309,0
2026-03-05T14:45:00+05:30,67.97,68.73,67.97,68.5,292440,0
2026-03-05T15:00:00+05:30,68.46,68.9,68.2,68.9,89276,0
2026-03-05T15:15:00+05:30,68.89,68.89,68.0,68.6,44125,0
2026-03-06T09:15:00+05:30,68.1,69.2,68.0,69.03,45254,0
2026-03-06T09:30:00+05:30,69.0,69.6,69.0,69.35,19604,0
2026-03-06T09:45:00+05:30,69.35,69.35,68.58,68.79,16053,0
2026-03-06T10:00:00+05:30,68.79,68.89,68.25,68.89,14294,0
2026-03-06T10:15:00+05:30,68.87,69.88,68.73,68.99,22655,0
2026-03-06T10:30:00+05:30,68.97,69.47,68.64,69.03,130537,0
2026-03-06T10:45:00+05:30,69.02,69.02,68.0,68.15,58153,0
2026-03-06T11:00:00+05:30,68.46,68.9,68.32,68.77,7412,0
2026-03-06T11:15:00+05:30,68.77,68.77,68.43,68.43,7631,0
2026-03-06T11:30:00+05:30,68.42,68.7,68.42,68.69,3364,0
2026-03-06T11:45:00+05:30,68.68,68.9,68.54,68.9,5578,0
2026-03-06T12:00:00+05:30,68.9,69.19,68.77,69.19,12973,0
2026-03-06T12:15:00+05:30,69.11,69.48,68.92,69.14,5820,0
2026-03-06T12:30:00+05:30,69.1,69.1,68.7,68.92,3620,0
2026-03-06T12:45:00+05:30,68.9,68.9,68.7,68.77,2187,0
2026-03-06T13:00:00+05:30,68.77,68.94,68.7,68.81,11461,0
2026-03-06T13:15:00+05:30,68.8,68.92,68.8,68.92,1615,0
2026-03-06T13:30:00+05:30,68.9,68.96,68.75,68.96,5545,0
2026-03-06T13:45:00+05:30,68.79,68.95,68.79,68.85,2000,0
2026-03-06T14:00:00+05:30,68.85,69.15,68.85,69.15,10130,0
2026-03-06T14:15:00+05:30,69.2,69.28,68.95,68.95,12692,0
2026-03-06T14:30:00+05:30,68.95,69.11,68.86,68.99,8556,0
2026-03-06T14:45:00+05:30,68.86,68.97,68.2,68.47,30199,0
2026-03-06T15:00:00+05:30,68.47,68.5,68.0,68.0,20403,0
2026-03-06T15:15:00+05:30,68.01,68.85,67.92,68.5,27571,0
2026-03-09T09:15:00+05:30,65.01,68.25,62.4,64.36,179724,0
2026-03-09T09:30:00+05:30,64.36,65.74,64.26,64.97,37987,0
2026-03-09T09:45:00+05:30,65.09,65.09,64.5,64.8,31009,0
2026-03-09T10:00:00+05:30,64.8,64.8,64.5,64.5,18769,0
2026-03-09T10:15:00+05:30,64.79,64.8,64.5,64.7,8039,0
2026-03-09T10:30:00+05:30,64.7,64.8,64.46,64.56,13067,0
2026-03-09T10:45:00+05:30,64.56,65.15,64.16,65.13,24657,0
2026-03-09T11:00:00+05:30,65.13,65.74,64.0,65.34,31824,0
2026-03-09T11:15:00+05:30,65.27,65.66,65.08,65.44,8654,0
2026-03-09T11:30:00+05:30,65.4,67.52,65.31,66.66,50579,0
2026-03-09T11:45:00+05:30,66.66,66.76,66.06,66.1,4666,0
2026-03-09T12:00:00+05:30,66.09,66.09,65.63,65.75,2205,0
2026-03-09T12:15:00+05:30,65.79,65.79,65.32,65.56,3088,0
2026-03-09T12:30:00+05:30,65.6,65.69,64.25,65.64,22280,0
2026-03-09T12:45:00+05:30,65.63,65.9,65.37,65.82,4012,0
2026-03-09T13:00:00+05:30,65.88,65.88,65.18,65.49,5262,0
2026-03-09T13:15:00+05:30,65.3,65.74,65.3,65.58,3230,0
2026-03-09T13:30:00+05:30,65.64,65.67,64.26,65.5,11475,0
2026-03-09T13:45:00+05:30,65.49,65.49,64.0,65.0,29121,0
2026-03-09T14:00:00+05:30,65.03,65.48,64.9,65.28,50344,0
2026-03-09T14:15:00+05:30,65.21,65.36,65.07,65.14,3525,0
2026-03-09T14:30:00+05:30,65.21,65.82,65.03,65.8,68955,0
2026-03-09T14:45:00+05:30,65.82,66.36,65.77,66.0,7498,0
2026-03-09T15:00:00+05:30,65.87,66.66,65.87,66.17,11002,0
2026-03-09T15:15:00+05:30,66.17,66.8,66.0,66.78,24171,0
2026-03-10T09:15:00+05:30,67.89,68.78,67.16,67.62,44488,0
2026-03-10T09:30:00+05:30,67.82,67.85,67.1,67.51,47813,0
2026-03-10T09:45:00+05:30,67.58,67.88,67.21,67.48,23510,0
2026-03-10T10:00:00+05:30,67.48,68.06,67.11,68.06,17821,0
2026-03-10T10:15:00+05:30,68.0,68.05,67.36,67.98,12346,0
2026-03-10T10:30:00+05:30,67.95,68.25,67.71,68.25,6142,0
2026-03-10T10:45:00+05:30,68.14,68.24,67.74,67.93,13754,0
2026-03-10T11:00:00+05:30,68.03,68.25,67.75,67.8,8099,0
2026-03-10T11:15:00+05:30,67.98,68.15,67.62,68.01,10725,0
2026-03-10T11:30:00+05:30,68.11,68.24,68.0,68.05,12333,0
2026-03-10T11:45:00+05:30,68.04,68.07,67.73,68.0,6047,0
2026-03-10T12:00:00+05:30,68.08,68.08,67.36,67.42,14454,0
2026-03-10T12:15:00+05:30,67.32,67.32,66.48,67.19,42662,0
2026-03-10T12:30:00+05:30,67.19,67.45,67.11,67.41,6530,0
2026-03-10T12:45:00+05:30,67.36,67.89,67.2,67.46,9287,0
2026-03-10T13:00:00+05:30,67.46,67.7,67.32,67.5,3539,0
2026-03-10T13:15:00+05:30,67.41,67.7,67.32,67.68,5350,0
2026-03-10T13:30:00+05:30,67.51,68.3,67.51,68.07,22859,0
2026-03-10T13:45:00+05:30,68.01,68.11,67.58,67.81,4124,0
2026-03-10T14:00:00+05:30,67.82,68.18,67.59,68.1,15956,0
2026-03-10T14:15:00+05:30,68.04,68.23,67.8,67.96,9463,0
2026-03-10T14:30:00+05:30,68.05,68.31,67.9,67.95,25895,0
2026-03-10T14:45:00+05:30,67.95,70.49,67.9,69.36,88783,0
2026-03-10T15:00:00+05:30,69.21,70.0,68.81,69.36,50855,0
2026-03-10T15:15:00+05:30,69.43,69.5,69.03,69.44,21157,0
2026-03-11T09:15:00+05:30,69.39,70.64,69.39,70.3,67377,0
2026-03-11T09:30:00+05:30,70.35,70.4,70.01,70.33,17197,0
2026-03-11T09:45:00+05:30,70.33,70.34,70.14,70.2,7430,0
2026-03-11T10:00:00+05:30,70.26,70.32,70.0,70.2,19732,0
2026-03-11T10:15:00+05:30,70.2,70.3,70.1,70.22,5862,0
2026-03-11T10:30:00+05:30,70.22,70.26,69.61,69.71,24552,0
2026-03-11T10:45:00+05:30,69.71,70.0,69.4,69.84,21757,0
2026-03-11T11:00:00+05:30,69.87,69.93,69.77,69.79,1330,0
2026-03-11T11:15:00+05:30,69.79,69.96,69.5,69.86,14086,0
2026-03-11T11:30:00+05:30,69.9,69.95,69.4,69.73,6715,0
2026-03-11T11:45:00+05:30,69.67,69.84,69.64,69.75,5908,0
2026-03-11T12:00:00+05:30,69.75,70.22,69.75,70.22,6159,0
2026-03-11T12:15:00+05:30,70.18,71.28,70.17,70.74,65823,0
2026-03-11T12:30:00+05:30,70.73,71.18,69.8,70.07,44449,0
2026-03-11T12:45:00+05:30,70.09,70.09,69.12,69.89,73439,0
2026-03-11T13:00:00+05:30,69.86,69.87,69.0,69.33,8886,0
2026-03-11T13:15:00+05:30,69.21,69.53,68.64,68.9,13909,0
2026-03-11T13:30:00+05:30,68.89,69.47,68.75,69.41,34902,0
2026-03-11T13:45:00+05:30,69.45,69.45,68.0,68.57,42640,0
2026-03-11T14:00:00+05:30,68.61,68.78,68.24,68.58,6322,0
2026-03-11T14:15:00+05:30,68.58,68.67,68.1,68.55,24683,0
2026-03-11T14:30:00+05:30,68.56,68.65,67.8,68.27,25882,0
2026-03-11T14:45:00+05:30,68.18,68.65,67.88,68.49,9962,0
2026-03-11T15:00:00+05:30,68.49,68.5,68.18,68.37,23879,0
2026-03-11T15:15:00+05:30,68.31,69.0,67.0,69.0,30193,0
2026-03-12T09:15:00+05:30,69.0,70.8,67.55,68.89,157336,0
2026-03-12T09:30:00+05:30,68.88,68.99,68.31,68.79,45221,0
2026-03-12T09:45:00+05:30,68.79,69.24,68.32,69.24,40137,0
2026-03-12T10:00:00+05:30,69.18,69.9,68.68,69.2,45540,0
2026-03-12T10:15:00+05:30,69.19,69.78,69.03,69.7,16091,0
2026-03-12T10:30:00+05:30,69.7,69.94,69.34,69.7,18267,0
2026-03-12T10:45:00+05:30,69.67,70.19,69.47,70.09,66835,0
2026-03-12T11:00:00+05:30,70.2,71.0,70.16,70.88,75415,0
2026-03-12T11:15:00+05:30,70.97,71.0,70.13,70.35,17039,0
2026-03-12T11:30:00+05:30,70.34,70.46,69.96,70.36,22015,0
2026-03-12T11:45:00+05:30,70.27,71.4,70.01,71.33,45528,0
2026-03-12T12:00:00+05:30,71.3,72.2,71.21,72.0,86945,0
2026-03-12T12:15:00+05:30,72.08,72.09,71.56,71.8,33527,0
2026-03-12T12:30:00+05:30,71.72,72.04,71.01,71.49,32550,0
2026-03-12T12:45:00+05:30,71.49,71.64,71.01,71.44,28975,0
2026-03-12T13:00:00+05:30,71.46,71.7,71.01,71.7,26369,0
2026-03-12T13:15:00+05:30,71.63,73.24,71.6,73.14,79495,0
2026-03-12T13:30:00+05:30,73.28,73.59,72.0,72.2,109516,0
2026-03-12T13:45:00+05:30,72.24,72.8,71.8,72.04,55609,0
2026-03-12T14:00:00+05:30,71.98,72.38,71.3,71.58,55368,0
2026-03-12T14:15:00+05:30,71.6,71.8,71.4,71.51,17119,0
2026-03-12T14:30:00+05:30,71.51,71.94,71.2,71.24,29322,0
2026-03-12T14:45:00+05:30,71.22,71.44,70.8,70.88,24704,0
2026-03-12T15:00:00+05:30,71.01,71.69,70.8,71.69,49326,0
2026-03-12T15:15:00+05:30,71.49,71.81,70.59,71.1,124201,0
2026-03-13T09:15:00+05:30,71.75,71.75,69.68,70.37,63177,0
2026-03-13T09:30:00+05:30,70.35,70.36,69.31,69.4,44824,0
2026-03-13T09:45:00+05:30,69.4,69.74,68.6,68.86,21657,0
2026-03-13T10:00:00+05:30,68.84,68.98,68.55,68.55,27830,0
2026-03-13T10:15:00+05:30,68.61,68.94,68.41,68.9,21816,0
2026-03-13T10:30:00+05:30,68.9,68.93,68.35,68.6,16935,0
2026-03-13T10:45:00+05:30,68.72,69.25,68.57,68.93,21894,0
2026-03-13T11:00:00+05:30,68.93,69.09,68.7,68.9,13637,0
2026-03-13T11:15:00+05:30,68.91,69.46,68.71,69.22,6539,0
2026-03-13T11:30:00+05:30,69.21,69.3,68.91,69.11,13102,0
2026-03-13T11:45:00+05:30,69.05,69.16,68.74,68.86,8840,0
2026-03-13T12:00:00+05:30,68.9,68.9,68.53,68.7,9578,0
2026-03-13T12:15:00+05:30,68.83,68.88,68.11,68.28,18939,0
2026-03-13T12:30:00+05:30,68.24,68.37,67.85,68.09,21781,0
2026-03-13T12:45:00+05:30,68.09,68.36,67.66,67.68,19683,0
2026-03-13T13:00:00+05:30,67.73,68.13,67.64,68.0,22546,0
2026-03-13T13:15:00+05:30,68.08,68.34,67.86,68.01,23509,0
2026-03-13T13:30:00+05:30,68.03,68.19,67.9,68.05,12079,0
2026-03-13T13:45:00+05:30,68.04,68.22,67.9,68.0,13782,0
2026-03-13T14:00:00+05:30,68.14,68.7,68.01,68.7,25805,0
2026-03-13T14:15:00+05:30,68.66,68.8,68.46,68.53,15917,0
2026-03-13T14:30:00+05:30,68.58,68.95,68.53,68.78,13347,0
2026-03-13T14:45:00+05:30,68.81,68.89,68.3,68.34,21693,0
2026-03-13T15:00:00+05:30,68.46,68.5,67.8,68.28,28893,0
2026-03-13T15:15:00+05:30,68.28,68.72,68.07,68.35,44227,0
2026-03-16T09:15:00+05:30,68.24,68.28,66.58,67.03,64967,0
2026-03-16T09:30:00+05:30,66.95,68.0,66.66,67.68,20683,0
2026-03-16T09:45:00+05:30,67.69,68.29,66.8,66.8,73059,0
2026-03-16T10:00:00+05:30,66.91,67.0,66.0,66.11,38649,0
2026-03-16T10:15:00+05:30,66.02,66.02,65.21,65.48,37859,0
2026-03-16T10:30:00+05:30,65.48,65.91,65.25,65.5,26052,0
2026-03-16T10:45:00+05:30,65.5,66.39,65.0,66.35,33505,0
2026-03-16T11:00:00+05:30,66.17,66.38,65.36,65.45,19868,0
2026-03-16T11:15:00+05:30,65.56,67.12,65.56,66.0,53064,0
2026-03-16T11:30:00+05:30,65.99,66.15,65.75,65.81,19866,0
2026-03-16T11:45:00+05:30,65.75,66.11,65.74,65.94,12149,0
2026-03-16T12:00:00+05:30,65.95,66.39,65.8,65.95,8311,0
2026-03-16T12:15:00+05:30,65.89,66.13,65.76,66.02,12039,0
2026-03-16T12:30:00+05:30,65.95,66.22,65.5,65.78,11503,0
2026-03-16T12:45:00+05:30,65.7,65.74,65.3,65.5,11799,0
2026-03-16T13:00:00+05:30,65.5,66.08,65.1,65.62,16167,0
2026-03-16T13:15:00+05:30,65.71,65.91,65.31,65.39,6055,0
2026-03-16T13:30:00+05:30,65.39,65.41,65.07,65.2,10207,0
2026-03-16T13:45:00+05:30,65.19,65.32,65.01,65.27,12154,0
2026-03-16T14:00:00+05:30,65.29,65.37,65.05,65.37,10852,0
2026-03-16T14:15:00+05:30,65.36,66.09,65.26,65.87,43498,0
2026-03-16T14:30:00+05:30,65.83,66.5,65.7,66.48,13734,0
2026-03-16T14:45:00+05:30,66.48,66.9,66.3,66.8,18268,0
2026-03-16T15:00:00+05:30,66.71,66.71,65.96,66.5,18291,0
2026-03-16T15:15:00+05:30,66.5,66.8,65.15,65.9,37816,0
2026-03-17T09:15:00+05:30,67.46,67.46,65.86,66.24,70334,0
2026-03-17T09:30:00+05:30,66.25,66.85,65.89,66.7,26707,0
2026-03-17T09:45:00+05:30,66.7,67.2,66.6,67.2,14433,0
2026-03-17T10:00:00+05:30,67.39,67.73,67.12,67.54,41668,0
2026-03-17T10:15:00+05:30,67.54,68.32,67.54,67.8,33918,0
2026-03-17T10:30:00+05:30,67.83,67.96,66.9,67.15,26896,0
2026-03-17T10:45:00+05:30,67.06,67.24,66.96,67.2,15570,0
2026-03-17T11:00:00+05:30,67.22,67.3,66.9,67.05,13278,0
2026-03-17T11:15:00+05:30,66.95,67.0,66.5,66.59,16814,0
2026-03-17T11:30:00+05:30,66.59,66.91,66.59,66.89,3252,0
2026-03-17T11:45:00+05:30,66.89,67.1,66.81,66.81,5120,0
2026-03-17T12:00:00+05:30,66.89,67.09,66.8,67.08,4507,0
2026-03-17T12:15:00+05:30,67.08,67.08,66.52,66.63,6220,0
2026-03-17T12:30:00+05:30,66.56,66.93,66.55,66.89,2007,0
2026-03-17T12:45:00+05:30,66.91,67.2,66.71,67.04,9423,0
2026-03-17T13:00:00+05:30,67.04,67.34,67.0,67.25,5702,0
2026-03-17T13:15:00+05:30,67.39,67.57,67.21,67.31,7756,0
2026-03-17T13:30:00+05:30,67.41,67.5,67.12,67.35,9182,0
2026-03-17T13:45:00+05:30,67.24,67.4,66.88,67.13,14709,0
2026-03-17T14:00:00+05:30,67.15,67.39,67.07,67.32,3934,0
2026-03-17T14:15:00+05:30,67.34,67.9,67.34,67.66,31493,0
2026-03-17T14:30:00+05:30,67.67,67.99,67.58,67.84,16340,0
2026-03-17T14:45:00+05:30,67.84,68.49,67.8,68.39,19509,0
2026-03-17T15:00:00+05:30,68.41,68.41,67.85,68.3,18380,0
2026-03-17T15:15:00+05:30,68.3,70.0,68.3,69.0,66478,0
2026-03-18T09:15:00+05:30,69.2,70.85,69.0,70.4,65982,0
2026-03-18T09:30:00+05:30,70.45,70.56,69.62,69.65,35141,0
2026-03-18T09:45:00+05:30,69.76,70.19,69.62,70.15,28772,0
2026-03-18T10:00:00+05:30,70.15,70.26,69.76,70.2,44338,0
2026-03-18T10:15:00+05:30,70.19,70.4,70.02,70.07,16038,0
2026-03-18T10:30:00+05:30,70.16,70.38,70.07,70.35,6080,0
2026-03-18T10:45:00+05:30,70.35,70.79,70.27,70.78,17337,0
2026-03-18T11:00:00+05:30,70.78,71.46,70.57,71.43,45881,0
2026-03-18T11:15:00+05:30,71.43,71.49,71.03,71.26,17550,0
2026-03-18T11:30:00+05:30,71.26,71.28,71.05,71.15,7012,0
2026-03-18T11:45:00+05:30,71.14,71.28,71.04,71.22,12858,0
2026-03-18T12:00:00+05:30,71.22,71.22,70.69,71.12,24645,0
2026-03-18T12:15:00+05:30,71.11,71.23,70.6,70.76,20848,0
2026-03-18T12:30:00+05:30,70.67,70.89,70.66,70.71,3056,0
2026-03-18T12:45:00+05:30,70.85,70.99,70.73,70.99,3338,0
2026-03-18T13:00:00+05:30,70.97,71.11,70.73,71.11,6789,0
2026-03-18T13:15:00+05:30,71.11,71.32,71.0,71.07,16041,0
2026-03-18T13:30:00+05:30,71.06,71.49,70.97,71.45,23724,0
2026-03-18T13:45:00+05:30,71.45,71.48,71.09,71.29,10243,0
2026-03-18T14:00:00+05:30,71.22,71.36,71.16,71.24,3857,0
2026-03-18T14:15:00+05:30,71.23,71.78,71.17,71.63,26234,0
2026-03-18T14:30:00+05:30,71.63,71.63,71.0,71.14,21920,0
2026-03-18T14:45:00+05:30,71.13,71.45,71.04,71.29,9858,0
2026-03-18T15:00:00+05:30,71.36,71.4,71.07,71.16,13230,0
2026-03-18T15:15:00+05:30,71.2,71.3,71.0,71.25,28638,0
2026-03-19T09:15:00+05:30,68.92,69.87,68.6,69.6,170366,0
2026-03-19T09:30:00+05:30,69.6,70.19,69.4,69.76,28362,0
2026-03-19T09:45:00+05:30,69.76,69.85,69.02,69.75,16700,0
2026-03-19T10:00:00+05:30,69.7,70.0,69.69,69.84,14041,0
2026-03-19T10:15:00+05:30,69.84,69.95,69.62,69.88,6513,0
2026-03-19T10:30:00+05:30,69.8,70.15,69.78,69.98,9984,0
2026-03-19T10:45:00+05:30,69.98,70.23,69.83,69.84,8843,0
2026-03-19T11:00:00+05:30,69.83,69.83,69.07,69.29,15040,0
2026-03-19T11:15:00+05:30,69.26,69.49,69.01,69.09,14279,0
2026-03-19T11:30:00+05:30,69.13,69.45,69.13,69.38,15517,0
2026-03-19T11:45:00+05:30,69.38,69.45,69.14,69.15,3191,0
2026-03-19T12:00:00+05:30,69.21,69.4,69.13,69.38,11700,0
2026-03-19T12:15:00+05:30,69.38,69.59,69.15,69.29,8416,0
2026-03-19T12:30:00+05:30,69.29,69.79,69.11,69.45,26364,0
2026-03-19T12:45:00+05:30,69.45,69.8,69.45,69.67,5364,0
2026-03-19T13:00:00+05:30,69.74,69.74,69.47,69.52,6862,0
2026-03-19T13:15:00+05:30,69.52,69.58,69.0,69.19,19265,0
2026-03-19T13:30:00+05:30,69.19,69.19,69.01,69.16,5770,0
2026-03-19T13:45:00+05:30,69.07,69.15,68.85,69.01,25621,0
2026-03-19T14:00:00+05:30,69.01,69.05,68.5,68.54,41158,0
2026-03-19T14:15:00+05:30,68.54,68.71,68.5,68.62,7221,0
2026-03-19T14:30:00+05:30,68.63,68.75,68.5,68.7,15409,0
2026-03-19T14:45:00+05:30,68.69,68.71,67.31,68.0,66423,0
2026-03-19T15:00:00+05:30,68.0,68.25,67.87,68.07,20388,0
2026-03-19T15:15:00+05:30,68.07,68.35,67.9,68.35,33949,0
2026-03-20T09:15:00+05:30,69.9,70.58,68.65,70.2,136190,0
2026-03-20T09:30:00+05:30,70.2,70.4,69.55,69.67,55721,0
2026-03-20T09:45:00+05:30,69.68,69.85,69.36,69.67,20636,0
2026-03-20T10:00:00+05:30,69.68,69.89,69.5,69.82,8271,0
2026-03-20T10:15:00+05:30,69.83,69.85,69.35,69.62,6790,0
2026-03-20T10:30:00+05:30,69.65,69.9,69.43,69.7,13540,0
2026-03-20T10:45:00+05:30,69.7,69.89,69.35,69.42,22954,0
2026-03-20T11:00:00+05:30,69.42,69.59,69.21,69.49,22424,0
2026-03-20T11:15:00+05:30,69.52,70.25,69.41,69.89,19052,0
2026-03-20T11:30:00+05:30,69.96,70.25,69.67,70.07,40703,0
2026-03-20T11:45:00+05:30,70.17,70.17,69.51,69.66,8562,0
2026-03-20T12:00:00+05:30,69.59,69.67,69.47,69.51,1708,0
2026-03-20T12:15:00+05:30,69.6,69.61,69.25,69.47,10026,0
2026-03-20T12:30:00+05:30,69.46,69.54,69.12,69.43,8815,0
2026-03-20T12:45:00+05:30,69.43,69.59,69.33,69.39,3464,0
2026-03-20T13:00:00+05:30,69.32,69.49,69.21,69.41,4205,0
2026-03-20T13:15:00+05:30,69.41,69.72,69.4,69.59,15902,0
2026-03-20T13:30:00+05:30,69.67,69.87,69.63,69.63,2622,0
2026-03-20T13:45:00+05:30,69.61,69.75,69.29,69.44,8634,0
2026-03-20T14:00:00+05:30,69.49,69.68,69.45,69.57,1679,0
2026-03-20T14:15:00+05:30,69.55,69.56,69.25,69.26,5487,0
2026-03-20T14:30:00+05:30,69.34,69.35,68.65,68.78,19349,0
2026-03-20T14:45:00+05:30,68.77,68.96,68.69,68.84,13053,0
2026-03-20T15:00:00+05:30,68.96,69.02,68.65,68.7,15314,0
2026-03-20T15:15:00+05:30,68.81,68.99,68.2,68.6,38989,0
2026-03-23T09:15:00+05:30,66.34,67.66,66.34,67.23,70372,0
2026-03-23T09:30:00+05:30,67.29,67.56,67.04,67.27,37924,0
2026-03-23T09:45:00+05:30,67.38,67.38,66.5,66.66,28989,0
2026-03-23T10:00:00+05:30,66.66,66.66,66.0,66.06,60283,0
2026-03-23T10:15:00+05:30,66.06,66.16,65.8,65.93,19397,0
2026-03-23T10:30:00+05:30,65.93,66.3,65.8,66.09,18079,0
2026-03-23T10:45:00+05:30,66.09,66.09,65.56,65.7,21466,0
2026-03-23T11:00:00+05:30,65.7,66.16,65.29,65.8,24320,0
2026-03-23T11:15:00+05:30,65.8,66.06,65.54,66.04,7706,0
2026-03-23T11:30:00+05:30,66.06,66.08,65.63,65.7,11245,0
2026-03-23T11:45:00+05:30,65.73,66.11,65.56,65.84,14079,0
2026-03-23T12:00:00+05:30,65.94,66.04,65.63,65.98,12314,0
2026-03-23T12:15:00+05:30,65.87,65.9,65.3,65.68,13225,0
2026-03-23T12:30:00+05:30,65.73,65.89,65.45,65.58,9109,0
2026-03-23T12:45:00+05:30,65.58,65.72,65.31,65.4,11507,0
2026-03-23T13:00:00+05:30,65.47,65.48,64.81,65.0,49897,0
2026-03-23T13:15:00+05:30,65.0,65.76,64.95,65.22,31813,0
2026-03-23T13:30:00+05:30,65.2,65.83,65.0,65.62,14096,0
2026-03-23T13:45:00+05:30,65.62,65.95,65.56,65.91,14376,0
2026-03-23T14:00:00+05:30,65.91,66.2,65.7,65.7,18683,0
2026-03-23T14:15:00+05:30,65.65,65.84,65.5,65.65,9665,0
2026-03-23T14:30:00+05:30,65.59,65.76,65.0,65.15,26161,0
2026-03-23T14:45:00+05:30,65.28,65.38,65.09,65.26,28287,0
2026-03-23T15:00:00+05:30,65.23,65.26,64.65,65.16,33116,0
2026-03-23T15:15:00+05:30,65.03,66.0,65.0,65.5,74611,0
2026-03-24T09:15:00+05:30,67.5,68.69,66.25,68.28,124566,0
2026-03-24T09:30:00+05:30,68.39,68.39,67.7,68.08,57715,0
2026-03-24T09:45:00+05:30,68.08,68.08,67.29,67.59,39717,0
2026-03-24T10:00:00+05:30,67.69,67.75,67.0,67.21,22037,0
2026-03-24T10:15:00+05:30,67.28,67.37,67.16,67.2,7575,0
2026-03-24T10:30:00+05:30,67.2,67.24,66.74,66.78,20000,0
2026-03-24T10:45:00+05:30,66.78,67.0,66.5,66.7,14491,0
2026-03-24T11:00:00+05:30,66.7,67.15,66.61,66.86,18372,0
2026-03-24T11:15:00+05:30,66.83,67.24,66.83,67.1,6199,0
2026-03-24T11:30:00+05:30,67.1,68.96,66.97,68.7,112036,0
2026-03-24T11:45:00+05:30,68.69,69.74,68.5,69.29,80526,0
2026-03-24T12:00:00+05:30,69.29,69.4,68.0,68.05,104420,0
2026-03-24T12:15:00+05:30,68.05,68.39,67.72,67.94,23485,0
2026-03-24T12:30:00+05:30,67.93,69.02,67.93,68.66,27146,0
2026-03-24T12:45:00+05:30,68.65,69.25,68.58,68.89,22871,0
2026-03-24T13:00:00+05:30,69.01,69.02,68.53,68.68,9696,0
2026-03-24T13:15:00+05:30,68.73,68.92,68.67,68.84,9032,0
2026-03-24T13:30:00+05:30,68.84,68.92,68.68,68.92,9797,0
2026-03-24T13:45:00+05:30,68.96,69.0,68.51,68.8,16294,0
2026-03-24T14:00:00+05:30,68.83,68.96,68.58,68.71,13043,0
2026-03-24T14:15:00+05:30,68.73,68.8,68.0,68.32,41944,0
2026-03-24T14:30:00+05:30,68.33,68.46,67.71,67.87,16090,0
2026-03-24T14:45:00+05:30,67.87,68.5,67.8,68.5,10206,0
2026-03-24T15:00:00+05:30,68.5,68.5,67.8,68.04,49696,0
2026-03-24T15:15:00+05:30,68.17,68.38,67.9,68.1,38810,0
2026-03-25T09:15:00+05:30,69.7,70.2,68.73,69.99,87254,0
2026-03-25T09:30:00+05:30,69.86,71.27,69.85,70.54,153256,0
2026-03-25T09:45:00+05:30,70.44,71.3,70.42,71.12,90810,0
2026-03-25T10:00:00+05:30,71.02,71.18,70.65,71.16,27133,0
2026-03-25T10:15:00+05:30,71.14,71.14,70.5,70.8,9456,0
2026-03-25T10:30:00+05:30,70.8,71.6,70.56,71.49,52101,0
2026-03-25T10:45:00+05:30,71.46,71.49,71.01,71.12,13707,0
2026-03-25T11:00:00+05:30,71.15,71.58,70.9,71.45,17841,0
2026-03-25T11:15:00+05:30,71.45,71.56,70.65,70.75,48798,0
2026-03-25T11:30:00+05:30,70.83,70.85,70.5,70.7,11883,0
2026-03-25T11:45:00+05:30,70.71,70.95,70.6,70.66,8134,0
2026-03-25T12:00:00+05:30,70.74,70.89,70.51,70.89,5920,0
2026-03-25T12:15:00+05:30,70.84,70.88,70.41,70.47,5570,0
2026-03-25T12:30:00+05:30,70.47,70.74,70.35,70.74,4989,0
2026-03-25T12:45:00+05:30,70.72,70.73,70.31,70.35,9120,0
2026-03-25T13:00:00+05:30,70.31,70.78,70.21,70.55,15646,0
2026-03-25T13:15:00+05:30,70.54,70.78,70.45,70.71,8735,0
2026-03-25T13:30:00+05:30,70.77,70.94,70.47,70.94,12992,0
2026-03-25T13:45:00+05:30,70.94,70.95,70.73,70.85,3805,0
2026-03-25T14:00:00+05:30,70.77,70.91,70.41,70.41,11706,0
2026-03-25T14:15:00+05:30,70.49,70.78,70.2,70.37,21276,0
2026-03-25T14:30:00+05:30,70.49,70.49,70.24,70.36,12046,0
2026-03-25T14:45:00+05:30,70.36,70.41,70.15,70.15,27098,0
2026-03-25T15:00:00+05:30,70.15,70.4,69.71,70.35,69286,0
2026-03-25T15:15:00+05:30,70.39,70.72,70.3,70.7,72511,0
2026-03-27T09:15:00+05:30,70.0,70.09,69.0,69.55,96454,0
2026-03-27T09:30:00+05:30,69.48,69.71,68.76,68.93,56848,0
2026-03-27T09:45:00+05:30,68.92,68.92,68.2,68.27,23267,0
2026-03-27T10:00:00+05:30,68.27,68.43,67.31,67.52,45943,0
2026-03-27T10:15:00+05:30,67.36,67.54,67.16,67.44,34060,0
2026-03-27T10:30:00+05:30,67.45,67.94,67.45,67.56,31408,0
2026-03-27T10:45:00+05:30,67.64,67.73,67.41,67.51,19953,0
2026-03-27T11:00:00+05:30,67.68,68.05,67.53,67.85,8559,0
2026-03-27T11:15:00+05:30,67.85,67.89,67.25,67.33,13820,0
2026-03-27T11:30:00+05:30,67.33,67.82,67.26,67.38,10616,0
2026-03-27T11:45:00+05:30,67.45,67.88,67.37,67.63,10233,0
2026-03-27T12:00:00+05:30,67.7,67.76,67.3,67.65,14253,0
2026-03-27T12:15:00+05:30,67.67,67.73,67.3,67.57,16970,0
2026-03-27T12:30:00+05:30,67.59,67.73,67.21,67.41,23594,0
2026-03-27T12:45:00+05:30,67.43,67.6,67.18,67.2,21273,0
2026-03-27T13:00:00+05:30,67.31,67.39,67.15,67.36,5716,0
2026-03-27T13:15:00+05:30,67.35,67.54,67.29,67.39,12211,0
2026-03-27T13:30:00+05:30,67.3,67.39,67.1,67.11,11426,0
2026-03-27T13:45:00+05:30,67.11,67.34,67.0,67.06,40799,0
2026-03-27T14:00:00+05:30,67.07,67.17,66.81,67.17,41270,0
2026-03-27T14:15:00+05:30,67.19,67.35,66.98,67.35,33422,0
2026-03-27T14:30:00+05:30,67.4,67.44,66.89,66.99,25348,0
2026-03-27T14:45:00+05:30,66.91,66.91,66.37,66.53,36360,0
2026-03-27T15:00:00+05:30,66.6,66.74,66.43,66.5,41804,0
2026-03-27T15:15:00+05:30,66.56,66.95,66.3,66.46,106235,0
2026-03-30T09:15:00+05:30,66.0,66.25,64.1,65.6,147748,0
2026-03-30T09:30:00+05:30,65.6,65.88,65.29,65.49,75168,0
2026-03-30T09:45:00+05:30,65.49,65.69,64.82,64.98,33122,0
2026-03-30T10:00:00+05:30,65.0,65.0,64.11,64.14,41543,0
2026-03-30T10:15:00+05:30,64.22,64.49,64.1,64.15,26589,0
2026-03-30T10:30:00+05:30,64.15,64.41,63.8,63.8,53756,0
2026-03-30T10:45:00+05:30,63.87,64.04,63.51,63.51,29873,0
2026-03-30T11:00:00+05:30,63.56,63.79,63.51,63.65,19076,0
2026-03-30T11:15:00+05:30,63.71,63.84,63.31,63.34,25890,0
2026-03-30T11:30:00+05:30,63.51,63.9,63.43,63.56,18394,0
2026-03-30T11:45:00+05:30,63.55,63.63,63.25,63.51,31441,0
2026-03-30T12:00:00+05:30,63.5,64.1,63.48,63.73,26462,0
2026-03-30T12:15:00+05:30,63.8,63.88,63.4,63.47,22801,0
2026-03-30T12:30:00+05:30,63.48,64.05,63.29,63.99,36279,0
2026-03-30T12:45:00+05:30,63.95,63.98,63.3,63.34,17471,0
2026-03-30T13:00:00+05:30,63.3,63.81,63.16,63.39,30878,0
2026-03-30T13:15:00+05:30,63.32,63.43,62.96,63.1,36187,0
2026-03-30T13:30:00+05:30,63.08,63.17,62.85,62.89,21235,0
2026-03-30T13:45:00+05:30,62.9,62.91,62.49,62.65,45694,0
2026-03-30T14:00:00+05:30,62.6,62.9,62.5,62.68,32170,0
2026-03-30T14:15:00+05:30,62.67,62.72,62.36,62.44,25331,0
2026-03-30T14:30:00+05:30,62.43,62.5,62.01,62.12,36570,0
2026-03-30T14:45:00+05:30,62.19,62.5,61.74,62.13,109906,0
2026-03-30T15:00:00+05:30,62.15,62.47,61.62,62.36,54205,0
2026-03-30T15:15:00+05:30,62.36,63.0,62.0,62.2,109271,0
2026-04-01T09:15:00+05:30,64.1,67.39,64.1,67.2,179223,0
2026-04-01T09:30:00+05:30,67.25,67.6,66.6,66.97,75716,0
2026-04-01T09:45:00+05:30,67.08,68.54,66.89,68.54,141708,0
2026-04-01T10:00:00+05:30,68.54,68.54,67.42,68.0,237029,0
2026-04-01T10:15:00+05:30,68.28,68.43,67.32,67.32,60718,0
2026-04-01T10:30:00+05:30,67.67,67.83,67.37,67.83,16581,0
2026-04-01T10:45:00+05:30,67.83,67.96,67.37,67.65,17213,0
2026-04-01T11:00:00+05:30,67.65,67.96,67.43,67.67,12993,0
2026-04-01T11:15:00+05:30,67.56,68.45,67.52,68.44,19771,0
2026-04-01T11:30:00+05:30,68.44,68.44,68.0,68.38,20931,0
2026-04-01T11:45:00+05:30,68.38,68.38,67.7,68.31,12015,0
2026-04-01T12:00:00+05:30,68.0,68.4,68.0,68.35,16956,0
2026-04-01T12:15:00+05:30,68.18,68.48,68.18,68.22,7878,0
2026-04-01T12:30:00+05:30,68.47,68.48,68.17,68.39,10317,0
2026-04-01T12:45:00+05:30,68.39,68.47,68.23,68.27,11379,0
2026-04-01T13:00:00+05:30,68.45,68.46,68.05,68.3,23813,0
2026-04-01T13:15:00+05:30,68.3,68.3,68.0,68.17,15075,0
2026-04-01T13:30:00+05:30,68.17,68.19,67.6,67.65,9555,0
2026-04-01T13:45:00+05:30,67.65,68.0,67.5,67.57,18133,0
2026-04-01T14:00:00+05:30,67.57,68.18,67.5,67.94,36262,0
2026-04-01T14:15:00+05:30,68.12,68.22,68.0,68.22,5640,0
2026-04-01T14:30:00+05:30,68.22,68.39,67.55,67.94,17546,0
2026-04-01T14:45:00+05:30,67.93,67.98,67.59,67.91,12547,0
2026-04-01T15:00:00+05:30,67.89,68.54,67.89,68.54,64535,0
2026-04-01T15:15:00+05:30,68.54,68.54,68.54,68.54,21030,0
2026-04-02T09:15:00+05:30,66.75,67.39,65.01,66.89,124266,0
2026-04-02T09:30:00+05:30,66.89,66.89,66.5,66.7,28465,0
2026-04-02T09:45:00+05:30,66.71,66.97,66.7,66.8,6684,0
2026-04-02T10:00:00+05:30,66.8,66.9,66.3,66.5,31999,0
2026-04-02T10:15:00+05:30,66.49,66.52,66.06,66.5,15706,0
2026-04-02T10:30:00+05:30,66.5,67.02,66.5,66.81,13843,0
2026-04-02T10:45:00+05:30,66.9,66.98,66.57,66.89,9622,0
2026-04-02T11:00:00+05:30,66.89,67.2,66.88,66.88,5384,0
2026-04-02T11:15:00+05:30,67.0,67.58,66.92,67.47,18716,0
2026-04-02T11:30:00+05:30,67.52,67.95,67.52,67.9,16689,0
2026-04-02T11:45:00+05:30,67.87,68.55,67.77,68.3,44615,0
2026-04-02T12:00:00+05:30,68.32,68.75,68.07,68.25,55397,0
2026-04-02T12:15:00+05:30,68.25,68.35,67.73,67.9,16232,0
2026-04-02T12:30:00+05:30,67.93,68.29,67.88,68.13,4319,0
2026-04-02T12:45:00+05:30,68.13,68.2,67.79,68.2,13845,0
2026-04-02T13:00:00+05:30,68.2,68.39,68.01,68.29,11722,0
2026-04-02T13:15:00+05:30,68.28,68.44,68.25,68.35,9237,0
2026-04-02T13:30:00+05:30,68.35,68.5,68.18,68.5,11744,0
2026-04-02T13:45:00+05:30,68.59,69.19,68.28,68.46,42878,0
2026-04-02T14:00:00+05:30,68.45,68.84,68.38,68.84,58606,0
2026-04-02T14:15:00+05:30,68.84,69.18,68.82,69.18,17941,0
2026-04-02T14:30:00+05:30,69.15,69.39,68.36,68.5,44011,0
2026-04-02T14:45:00+05:30,68.48,68.64,68.36,68.57,16126,0
2026-04-02T15:00:00+05:30,68.51,69.0,68.38,68.75,19102,0
2026-04-02T15:15:00+05:30,68.6,69.2,68.49,68.65,48394,0
2026-04-06T09:15:00+05:30,68.88,68.88,66.3,67.05,133262,0
2026-04-06T09:30:00+05:30,67.12,67.85,66.89,67.72,27631,0
2026-04-06T09:45:00+05:30,67.64,67.73,66.79,66.79,26321,0
2026-04-06T10:00:00+05:30,66.79,67.39,66.6,67.39,15120,0
2026-04-06T10:15:00+05:30,67.44,67.59,67.21,67.59,5487,0
2026-04-06T10:30:00+05:30,67.59,68.64,67.37,68.24,30787,0
2026-04-06T10:45:00+05:30,68.24,68.51,68.01,68.44,25468,0
2026-04-06T11:00:00+05:30,68.43,68.68,67.82,67.99,16547,0
2026-04-06T11:15:00+05:30,67.91,68.53,67.77,68.45,11614,0
2026-04-06T11:30:00+05:30,68.45,68.88,68.42,68.67,36176,0
2026-04-06T11:45:00+05:30,68.66,68.88,68.5,68.85,73592,0
2026-04-06T12:00:00+05:30,68.86,68.86,68.4,68.4,14413,0
2026-04-06T12:15:00+05:30,68.4,68.79,68.21,68.78,7244,0
2026-04-06T12:30:00+05:30,68.78,68.78,68.34,68.51,7935,0
2026-04-06T12:45:00+05:30,68.51,68.75,68.42,68.7,8515,0
2026-04-06T13:00:00+05:30,68.71,68.85,68.57,68.73,6102,0
2026-04-06T13:15:00+05:30,68.84,68.88,68.76,68.81,12367,0
2026-04-06T13:30:00+05:30,68.87,68.88,68.6,68.71,10693,0
2026-04-06T13:45:00+05:30,68.69,68.77,68.54,68.7,10027,0
2026-04-06T14:00:00+05:30,68.72,68.88,68.59,68.88,15975,0
2026-04-06T14:15:00+05:30,68.88,68.88,68.59,68.68,53432,0
2026-04-06T14:30:00+05:30,68.68,68.98,68.68,68.85,58357,0
2026-04-06T14:45:00+05:30,68.87,69.46,68.7,68.82,48705,0
2026-04-06T15:00:00+05:30,68.9,69.65,68.9,69.48,59959,0
2026-04-06T15:15:00+05:30,69.45,69.9,68.9,69.8,72644,0
2026-04-07T09:15:00+05:30,67.92,70.69,67.92,70.19,149464,0
2026-04-07T09:30:00+05:30,70.19,70.25,69.0,69.02,84402,0
2026-04-07T09:45:00+05:30,69.19,69.69,69.1,69.51,9797,0
2026-04-07T10:00:00+05:30,69.63,69.69,69.36,69.69,13296,0
2026-04-07T10:15:00+05:30,69.68,70.22,69.59,70.14,31578,0
2026-04-07T10:30:00+05:30,70.13,70.25,69.76,70.14,12101,0
2026-04-07T10:45:00+05:30,70.15,70.25,69.65,69.75,13183,0
2026-04-07T11:00:00+05:30,69.71,69.98,69.53,69.53,6939,0
2026-04-07T11:15:00+05:30,69.54,69.72,69.5,69.65,2501,0
2026-04-07T11:30:00+05:30,69.75,69.84,69.54,69.54,1819,0
2026-04-07T11:45:00+05:30,69.54,69.86,69.5,69.71,7727,0
2026-04-07T12:00:00+05:30,69.72,69.88,69.64,69.84,4317,0
2026-04-07T12:15:00+05:30,69.83,69.83,69.52,69.64,6867,0
2026-04-07T12:30:00+05:30,69.72,69.75,69.57,69.75,3707,0
2026-04-07T12:45:00+05:30,69.75,69.89,69.53,69.86,15246,0
2026-04-07T13:00:00+05:30,69.86,69.86,69.66,69.67,1512,0
2026-04-07T13:15:00+05:30,69.67,69.75,69.62,69.68,2730,0
2026-04-07T13:30:00+05:30,69.68,70.1,69.68,70.1,8337,0
2026-04-07T13:45:00+05:30,70.1,70.1,69.78,69.88,64157,0
2026-04-07T14:00:00+05:30,69.88,69.97,69.7,69.81,17482,0
2026-04-07T14:15:00+05:30,69.81,70.69,69.67,70.19,57609,0
2026-04-07T14:30:00+05:30,70.19,70.59,69.9,70.58,52030,0
2026-04-07T14:45:00+05:30,70.58,71.43,70.52,71.0,87644,0
2026-04-07T15:00:00+05:30,71.0,71.25,70.86,71.17,45814,0
2026-04-07T15:15:00+05:30,71.1,71.1,69.1,70.58,123070,0
2026-04-08T09:15:00+05:30,75.01,77.85,73.23,73.84,336221,0
2026-04-08T09:30:00+05:30,73.84,75.01,73.8,74.97,119504,0
2026-04-08T09:45:00+05:30,75.01,75.27,74.82,75.0,66912,0
2026-04-08T10:00:00+05:30,75.05,75.12,74.8,74.99,39011,0
2026-04-08T10:15:00+05:30,74.99,75.32,74.7,75.16,48919,0
2026-04-08T10:30:00+05:30,75.2,76.3,75.2,76.22,106688,0
2026-04-08T10:45:00+05:30,76.22,76.55,75.84,76.18,59932,0
2026-04-08T11:00:00+05:30,76.17,76.37,75.75,76.08,36970,0
2026-04-08T11:15:00+05:30,76.08,76.41,75.85,75.86,15090,0
2026-04-08T11:30:00+05:30,76.0,76.0,75.5,75.72,27860,0
2026-04-08T11:45:00+05:30,75.72,76.15,75.67,75.8,39905,0
2026-04-08T12:00:00+05:30,75.8,76.16,75.72,76.02,15535,0
2026-04-08T12:15:00+05:30,76.0,76.34,75.92,76.25,14835,0
2026-04-08T12:30:00+05:30,76.24,76.25,75.93,76.15,13280,0
2026-04-08T12:45:00+05:30,76.15,76.86,75.93,76.67,43449,0
2026-04-08T13:00:00+05:30,76.68,76.95,76.5,76.64,23713,0
2026-04-08T13:15:00+05:30,76.55,76.66,76.41,76.65,19921,0
2026-04-08T13:30:00+05:30,76.57,76.75,76.43,76.63,22976,0
2026-04-08T13:45:00+05:30,76.6,76.64,76.41,76.54,17706,0
2026-04-08T14:00:00+05:30,76.6,76.61,76.32,76.56,22515,0
2026-04-08T14:15:00+05:30,76.46,76.85,76.33,76.76,31495,0
2026-04-08T14:30:00+05:30,76.76,76.94,76.26,76.35,38449,0
2026-04-08T14:45:00+05:30,76.51,76.6,76.21,76.44,21226,0
2026-04-08T15:00:00+05:30,76.52,76.94,76.21,76.8,46776,0
2026-04-08T15:15:00+05:30,76.8,79.0,76.61,77.6,174908,0
2026-04-09T09:15:00+05:30,78.32,78.64,76.31,77.8,116868,0
2026-04-09T09:30:00+05:30,77.79,77.79,76.17,76.47,144263,0
2026-04-09T09:45:00+05:30,76.41,76.46,75.34,75.45,73211,0
2026-04-09T10:00:00+05:30,75.45,75.8,75.31,75.68,18967,0
2026-04-09T10:15:00+05:30,75.67,76.41,75.6,76.27,40910,0
2026-04-09T10:30:00+05:30,76.27,76.6,76.16,76.5,19900,0
2026-04-09T10:45:00+05:30,76.52,76.68,76.33,76.67,14119,0
2026-04-09T11:00:00+05:30,76.67,76.75,76.47,76.56,15051,0
2026-04-09T11:15:00+05:30,76.57,76.89,76.36,76.81,26410,0
2026-04-09T11:30:00+05:30,76.79,77.25,76.79,77.15,20683,0
2026-04-09T11:45:00+05:30,77.1,77.58,77.06,77.5,28240,0
2026-04-09T12:00:00+05:30,77.5,77.6,77.16,77.38,32845,0
2026-04-09T12:15:00+05:30,77.38,77.38,77.15,77.21,6638,0
2026-04-09T12:30:00+05:30,77.29,77.32,77.0,77.0,10485,0
2026-04-09T12:45:00+05:30,77.0,77.19,76.56,76.92,58671,0
2026-04-09T13:00:00+05:30,76.92,77.21,76.9,76.9,6536,0
2026-04-09T13:15:00+05:30,76.98,76.98,76.33,76.33,19382,0
2026-04-09T13:30:00+05:30,76.42,76.42,76.07,76.15,6029,0
2026-04-09T13:45:00+05:30,76.22,76.4,76.06,76.3,7701,0
2026-04-09T14:00:00+05:30,76.3,76.7,76.23,76.62,5197,0
2026-04-09T14:15:00+05:30,76.62,76.63,76.23,76.34,7952,0
2026-04-09T14:30:00+05:30,76.39,76.42,76.01,76.26,25079,0
2026-04-09T14:45:00+05:30,76.14,76.44,76.05,76.21,6972,0
2026-04-09T15:00:00+05:30,76.21,76.59,76.1,76.5,15204,0
2026-04-09T15:15:00+05:30,76.35,76.56,75.3,76.1,78182,0
2026-04-10T09:15:00+05:30,77.45,77.9,76.95,77.75,125462,0
2026-04-10T09:30:00+05:30,77.82,78.5,77.7,78.4,143739,0
2026-04-10T09:45:00+05:30,78.37,79.73,78.28,79.1,177716,0
2026-04-10T10:00:00+05:30,79.1,79.94,78.61,79.92,134338,0
2026-04-10T10:15:00+05:30,79.9,79.92,79.07,79.12,49139,0
2026-04-10T10:30:00+05:30,79.3,80.3,79.12,80.21,79039,0
2026-04-10T10:45:00+05:30,80.24,80.37,79.6,80.01,43192,0
2026-04-10T11:00:00+05:30,80.01,81.4,80.01,80.85,180109,0
2026-04-10T11:15:00+05:30,81.0,83.35,80.72,81.91,244987,0
2026-04-10T11:30:00+05:30,81.91,82.26,81.25,81.4,67202,0
2026-04-10T11:45:00+05:30,81.28,81.59,80.1,80.65,113426,0
2026-04-10T12:00:00+05:30,80.55,81.15,80.46,80.74,37386,0
2026-04-10T12:15:00+05:30,80.77,80.97,80.5,80.76,13994,0
2026-04-10T12:30:00+05:30,80.76,80.78,80.45,80.45,26850,0
2026-04-10T12:45:00+05:30,80.45,80.7,80.38,80.65,19140,0
2026-04-10T13:00:00+05:30,80.64,80.96,80.51,80.79,16458,0
2026-04-10T13:15:00+05:30,80.79,80.97,80.56,80.9,21222,0
2026-04-10T13:30:00+05:30,80.9,80.92,80.66,80.92,4421,0
2026-04-10T13:45:00+05:30,80.87,81.1,80.7,80.85,30979,0
2026-04-10T14:00:00+05:30,80.8,80.99,80.56,80.78,18477,0
2026-04-10T14:15:00+05:30,80.77,80.79,80.05,80.33,54754,0
2026-04-10T14:30:00+05:30,80.21,80.44,80.05,80.1,37187,0
2026-04-10T14:45:00+05:30,80.12,80.31,80.05,80.26,11691,0
2026-04-10T15:00:00+05:30,80.17,80.5,80.14,80.25,38183,0
2026-04-10T15:15:00+05:30,80.2,80.34,79.49,79.98,238960,0
2026-04-13T09:15:00+05:30,77.9,78.0,75.9,77.66,251863,0
2026-04-13T09:30:00+05:30,77.66,78.5,77.35,78.26,148505,0
2026-04-13T09:45:00+05:30,78.15,78.3,77.66,78.29,43914,0
2026-04-13T10:00:00+05:30,78.28,79.58,78.05,79.12,249761,0
2026-04-13T10:15:00+05:30,79.15,81.84,78.57,81.2,241094,0
2026-04-13T10:30:00+05:30,81.26,81.34,79.7,80.35,130804,0
2026-04-13T10:45:00+05:30,80.44,81.0,80.15,80.89,41327,0
2026-04-13T11:00:00+05:30,81.0,81.1,80.66,80.75,47645,0
2026-04-13T11:15:00+05:30,80.75,81.17,80.66,80.91,52429,0
2026-04-13T11:30:00+05:30,81.0,81.21,80.78,80.98,29341,0
2026-04-13T11:45:00+05:30,80.84,82.12,80.79,81.62,98798,0
2026-04-13T12:00:00+05:30,81.62,84.0,81.4,82.65,369779,0
2026-04-13T12:15:00+05:30,82.61,82.74,82.05,82.5,113784,0
2026-04-13T12:30:00+05:30,82.64,82.69,82.08,82.35,47027,0
2026-04-13T12:45:00+05:30,82.3,82.34,81.3,81.5,70554,0
2026-04-13T13:00:00+05:30,81.6,81.66,81.05,81.06,31845,0
2026-04-13T13:15:00+05:30,81.08,81.55,81.05,81.55,44998,0
2026-04-13T13:30:00+05:30,81.55,81.94,81.28,81.4,31705,0
2026-04-13T13:45:00+05:30,81.35,82.19,81.3,82.09,35298,0
2026-04-13T14:00:00+05:30,82.03,82.34,81.6,81.8,29429,0
2026-04-13T14:15:00+05:30,81.8,81.8,81.6,81.69,15752,0
2026-04-13T14:30:00+05:30,81.79,81.8,81.2,81.45,38499,0
2026-04-13T14:45:00+05:30,81.49,81.49,81.05,81.33,45054,0
2026-04-13T15:00:00+05:30,81.38,81.78,81.06,81.7,56635,0
2026-04-13T15:15:00+05:30,81.74,81.85,80.52,81.28,190387,0
2026-04-15T09:15:00+05:30,84.02,84.29,83.05,83.62,251438,0
2026-04-15T09:30:00+05:30,83.67,84.65,83.62,84.04,152058,0
2026-04-15T09:45:00+05:30,84.09,84.24,83.53,84.24,45620,0
2026-04-15T10:00:00+05:30,84.25,84.5,83.7,84.12,56693,0
2026-04-15T10:15:00+05:30,84.04,84.5,84.04,84.25,25506,0
2026-04-15T10:30:00+05:30,84.29,84.3,83.82,84.14,26239,0
2026-04-15T10:45:00+05:30,84.14,84.15,83.8,83.99,14791,0
2026-04-15T11:00:00+05:30,84.0,84.0,83.78,83.95,19728,0
2026-04-15T11:15:00+05:30,83.95,84.0,83.71,83.83,15320,0
2026-04-15T11:30:00+05:30,83.85,84.07,83.72,83.95,32967,0
2026-04-15T11:45:00+05:30,83.95,83.96,83.81,83.94,9008,0
2026-04-15T12:00:00+05:30,83.94,84.18,83.85,83.98,33745,0
2026-04-15T12:15:00+05:30,83.9,83.98,83.66,83.87,15376,0
2026-04-15T12:30:00+05:30,83.85,83.9,83.72,83.75,3502,0
2026-04-15T12:45:00+05:30,83.75,83.84,83.65,83.8,14334,0
2026-04-15T13:00:00+05:30,83.79,83.84,83.65,83.84,4748,0
2026-04-15T13:15:00+05:30,83.84,83.85,83.61,83.71,7593,0
2026-04-15T13:30:00+05:30,83.72,83.9,83.6,83.74,18558,0
2026-04-15T13:45:00+05:30,83.83,83.83,83.56,83.7,19399,0
2026-04-15T14:00:00+05:30,83.7,83.73,83.56,83.63,6230,0
2026-04-15T14:15:00+05:30,83.63,83.75,83.5,83.6,15833,0
2026-04-15T14:30:00+05:30,83.66,84.41,83.51,84.12,80651,0
2026-04-15T14:45:00+05:30,84.12,84.12,83.71,83.81,9302,0
2026-04-15T15:00:00+05:30,83.81,83.89,83.54,83.77,19726,0
2026-04-15T15:15:00+05:30,83.71,83.9,83.61,83.85,60971,0
2026-04-16T09:15:00+05:30,84.75,84.99,83.9,84.92,111818,0
2026-04-16T09:30:00+05:30,84.92,85.38,84.11,84.25,150415,0
2026-04-16T09:45:00+05:30,84.27,84.58,84.13,84.15,26263,0
2026-04-16T10:00:00+05:30,84.11,84.44,84.1,84.37,25168,0
2026-04-16T10:15:00+05:30,84.37,84.45,84.1,84.45,17781,0
2026-04-16T10:30:00+05:30,84.45,84.84,84.42,84.42,26166,0
2026-04-16T10:45:00+05:30,84.53,84.89,84.5,84.75,16131,0
2026-04-16T11:00:00+05:30,84.8,84.99,84.66,84.84,21003,0
2026-04-16T11:15:00+05:30,84.84,84.94,84.68,84.75,9201,0
2026-04-16T11:30:00+05:30,84.75,84.84,84.45,84.49,11246,0
2026-04-16T11:45:00+05:30,84.4,84.44,84.2,84.21,17466,0
2026-04-16T12:00:00+05:30,84.21,84.3,84.0,84.19,72692,0
2026-04-16T12:15:00+05:30,84.19,84.41,84.19,84.38,8808,0
2026-04-16T12:30:00+05:30,84.29,84.38,84.1,84.19,29219,0
2026-04-16T12:45:00+05:30,84.2,84.35,84.1,84.2,20845,0
2026-04-16T13:00:00+05:30,84.15,84.34,84.1,84.14,11376,0
2026-04-16T13:15:00+05:30,84.15,84.26,84.1,84.11,3047,0
2026-04-16T13:30:00+05:30,84.21,84.37,84.13,84.37,6098,0
2026-04-16T13:45:00+05:30,84.26,84.5,84.21,84.36,15897,0
2026-04-16T14:00:00+05:30,84.32,84.4,84.25,84.4,3826,0
2026-04-16T14:15:00+05:30,84.4,84.5,84.2,84.33,7552,0
2026-04-16T14:30:00+05:30,84.33,84.47,83.79,83.87,49519,0
2026-04-16T14:45:00+05:30,83.87,84.25,83.86,84.22,45126,0
2026-04-16T15:00:00+05:30,84.2,84.29,83.9,84.02,29176,0
2026-04-16T15:15:00+05:30,84.01,84.39,83.96,84.25,69782,0
2026-04-17T09:15:00+05:30,85.0,85.8,84.41,85.43,85682,0
2026-04-17T09:30:00+05:30,85.43,86.86,84.99,86.67,157190,0
2026-04-17T09:45:00+05:30,86.53,87.0,86.11,86.14,95481,0
2026-04-17T10:00:00+05:30,86.28,86.31,86.03,86.26,13933,0
2026-04-17T10:15:00+05:30,86.25,86.26,86.0,86.1,23980,0
2026-04-17T10:30:00+05:30,86.05,86.15,85.7,85.8,41522,0
2026-04-17T10:45:00+05:30,85.92,86.14,85.86,85.97,8051,0
2026-04-17T11:00:00+05:30,86.0,86.07,85.78,85.96,10824,0
2026-04-17T11:15:00+05:30,85.94,86.14,85.79,85.8,26621,0
2026-04-17T11:30:00+05:30,85.86,85.86,85.31,85.5,47097,0
2026-04-17T11:45:00+05:30,85.63,85.7,85.34,85.61,19618,0
2026-04-17T12:00:00+05:30,85.49,85.68,85.3,85.56,21913,0
2026-04-17T12:15:00+05:30,85.57,85.7,85.4,85.69,12032,0
2026-04-17T12:30:00+05:30,85.69,85.69,85.49,85.51,6526,0
2026-04-17T12:45:00+05:30,85.53,85.59,85.4,85.4,6132,0
2026-04-17T13:00:00+05:30,85.31,85.57,85.25,85.45,10350,0
2026-04-17T13:15:00+05:30,85.45,85.57,85.3,85.31,24038,0
2026-04-17T13:30:00+05:30,85.37,85.55,85.24,85.44,32412,0
2026-04-17T13:45:00+05:30,85.5,85.75,85.45,85.69,10518,0
2026-04-17T14:00:00+05:30,85.61,85.99,85.6,85.77,16790,0
2026-04-17T14:15:00+05:30,85.8,85.95,85.75,85.88,12304,0
2026-04-17T14:30:00+05:30,85.88,86.0,85.71,86.0,47626,0
2026-04-17T14:45:00+05:30,85.99,86.0,85.83,85.91,13188,0
2026-04-17T15:00:00+05:30,85.91,85.98,85.44,85.63,79076,0
2026-04-17T15:15:00+05:30,85.6,86.5,85.55,86.45,103577,0
2026-04-20T09:15:00+05:30,85.5,85.95,82.96,84.6,122077,0
2026-04-20T09:30:00+05:30,84.55,84.69,83.03,83.03,72666,0
2026-04-20T09:45:00+05:30,83.16,84.49,83.07,84.01,49442,0
2026-04-20T10:00:00+05:30,84.02,84.69,83.76,84.2,29613,0
2026-04-20T10:15:00+05:30,84.2,84.49,83.9,84.38,14683,0
2026-04-20T10:30:00+05:30,84.38,84.8,84.24,84.8,44736,0
2026-04-20T10:45:00+05:30,84.63,84.77,83.91,84.1,38545,0
2026-04-20T11:00:00+05:30,84.1,84.12,83.66,83.99,33820,0
2026-04-20T11:15:00+05:30,83.84,84.4,83.79,84.4,44737,0
2026-04-20T11:30:00+05:30,84.38,84.44,84.06,84.2,16214,0
2026-04-20T11:45:00+05:30,84.12,84.22,83.66,83.87,23117,0
2026-04-20T12:00:00+05:30,83.87,83.98,83.58,83.7,12420,0
2026-04-20T12:15:00+05:30,83.74,83.8,83.53,83.75,8754,0
2026-04-20T12:30:00+05:30,83.76,83.99,83.67,83.88,8270,0
2026-04-20T12:45:00+05:30,83.91,83.91,83.6,83.6,6503,0
2026-04-20T13:00:00+05:30,83.6,83.85,83.3,83.61,21284,0
2026-04-20T13:15:00+05:30,83.5,83.5,82.55,82.72,43028,0
2026-04-20T13:30:00+05:30,82.71,83.0,82.5,82.7,16701,0
2026-04-20T13:45:00+05:30,82.7,82.73,82.02,82.54,34135,0
2026-04-20T14:00:00+05:30,82.54,82.64,82.11,82.63,40638,0
2026-04-20T14:15:00+05:30,82.64,83.13,82.5,83.13,10103,0
2026-04-20T14:30:00+05:30,83.1,83.1,82.64,82.64,8116,0
2026-04-20T14:45:00+05:30,82.63,82.81,82.48,82.65,24087,0
2026-04-20T15:00:00+05:30,82.73,82.93,82.61,82.75,23592,0
2026-04-20T15:15:00+05:30,82.79,82.79,82.3,82.75,53750,0
2026-04-21T09:15:00+05:30,82.55,84.11,82.55,83.81,84200,0
2026-04-21T09:30:00+05:30,83.92,84.6,83.51,84.5,55632,0
2026-04-21T09:45:00+05:30,84.57,84.98,84.26,84.39,36398,0
2026-04-21T10:00:00+05:30,84.4,84.6,84.3,84.6,20979,0
2026-04-21T10:15:00+05:30,84.6,84.85,84.5,84.7,23601,0
2026-04-21T10:30:00+05:30,84.67,84.97,84.52,84.54,25794,0
2026-04-21T10:45:00+05:30,84.52,84.68,84.32,84.39,17237,0
2026-04-21T11:00:00+05:30,84.39,84.69,84.22,84.69,11752,0
2026-04-21T11:15:00+05:30,84.69,84.81,84.6,84.64,7978,0
2026-04-21T11:30:00+05:30,84.64,84.64,84.4,84.48,4231,0
2026-04-21T11:45:00+05:30,84.48,84.62,84.48,84.58,5023,0
2026-04-21T12:00:00+05:30,84.59,84.6,84.23,84.28,2902,0
2026-04-21T12:15:00+05:30,84.28,84.4,84.28,84.38,2374,0
2026-04-21T12:30:00+05:30,84.38,84.45,84.2,84.36,20847,0
2026-04-21T12:45:00+05:30,84.45,84.45,84.2,84.3,10170,0
2026-04-21T13:00:00+05:30,84.38,84.38,84.2,84.2,4865,0
2026-04-21T13:15:00+05:30,84.2,84.34,84.2,84.3,4093,0
2026-04-21T13:30:00+05:30,84.3,84.3,83.65,83.71,35153,0
2026-04-21T13:45:00+05:30,83.67,83.75,83.46,83.61,12030,0
2026-04-21T14:00:00+05:30,83.64,83.72,83.35,83.38,8000,0
2026-04-21T14:15:00+05:30,83.47,83.5,83.21,83.3,9044,0
2026-04-21T14:30:00+05:30,83.41,83.41,82.99,83.11,20689,0
2026-04-21T14:45:00+05:30,83.11,83.21,83.0,83.13,8782,0
2026-04-21T15:00:00+05:30,83.12,83.21,82.85,82.94,18560,0
2026-04-21T15:15:00+05:30,82.95,83.33,82.78,83.0,79557,0
2026-04-22T09:15:00+05:30,82.96,83.62,82.26,83.01,64187,0
2026-04-22T09:30:00+05:30,83.01,85.4,83.0,84.75,159149,0
2026-04-22T09:45:00+05:30,84.83,84.85,84.08,84.08,36047,0
2026-04-22T10:00:00+05:30,84.05,84.34,83.46,83.9,48876,0
2026-04-22T10:15:00+05:30,83.9,84.0,83.77,83.98,9646,0
2026-04-22T10:30:00+05:30,83.98,84.14,83.8,83.93,16546,0
2026-04-22T10:45:00+05:30,83.93,84.18,83.72,83.89,28741,0
2026-04-22T11:00:00+05:30,83.9,83.99,83.66,83.79,7648,0
2026-04-22T11:15:00+05:30,83.75,84.0,83.6,84.0,9972,0
2026-04-22T11:30:00+05:30,84.0,84.17,83.88,83.95,85417,0
2026-04-22T11:45:00+05:30,83.95,83.96,83.74,83.96,5404,0
2026-04-22T12:00:00+05:30,84.0,84.13,83.81,83.9,27829,0
2026-04-22T12:15:00+05:30,83.89,83.9,83.81,83.9,14071,0
2026-04-22T12:30:00+05:30,83.9,84.09,83.35,83.39,58691,0
2026-04-22T12:45:00+05:30,83.4,83.41,82.84,83.09,70122,0
2026-04-22T13:00:00+05:30,83.07,83.25,82.9,82.93,24071,0
2026-04-22T13:15:00+05:30,83.13,83.13,82.77,83.0,19379,0
2026-04-22T13:30:00+05:30,83.03,83.25,82.71,82.9,24327,0
2026-04-22T13:45:00+05:30,82.97,83.0,82.85,82.95,6305,0
2026-04-22T14:00:00+05:30,82.95,83.02,82.75,82.93,25992,0
2026-04-22T14:15:00+05:30,82.84,82.86,82.5,82.59,17584,0
2026-04-22T14:30:00+05:30,82.62,82.76,82.6,82.68,18098,0
2026-04-22T14:45:00+05:30,82.7,82.7,82.5,82.5,48013,0
2026-04-22T15:00:00+05:30,82.54,82.76,82.4,82.55,121915,0
2026-04-22T15:15:00+05:30,82.55,82.83,82.43,82.6,136728,0
2026-04-23T09:15:00+05:30,82.6,83.5,82.4,82.82,52019,0
2026-04-23T09:30:00+05:30,82.82,83.05,82.52,82.97,39011,0
2026-04-23T09:45:00+05:30,82.97,83.45,82.9,83.3,42327,0
2026-04-23T10:00:00+05:30,83.3,85.43,83.12,83.77,235587,0
2026-04-23T10:15:00+05:30,83.89,84.11,83.55,83.76,21634,0
2026-04-23T10:30:00+05:30,83.76,83.76,83.01,83.21,29774,0
2026-04-23T10:45:00+05:30,83.15,83.36,83.0,83.36,12326,0
2026-04-23T11:00:00+05:30,83.38,83.95,83.32,83.9,17297,0
2026-04-23T11:15:00+05:30,83.94,84.23,83.63,83.81,29507,0
2026-04-23T11:30:00+05:30,83.9,83.9,83.59,83.9,21329,0
2026-04-23T11:45:00+05:30,83.84,86.67,83.77,86.42,234401,0
2026-04-23T12:00:00+05:30,86.42,91.4,85.91,91.18,740522,0
2026-04-23T12:15:00+05:30,91.09,95.8,90.72,94.6,1547922,0
2026-04-23T12:30:00+05:30,94.57,94.65,92.18,92.5,528653,0
2026-04-23T12:45:00+05:30,92.5,93.0,91.9,92.19,285933,0
2026-04-23T13:00:00+05:30,92.19,92.69,92.04,92.36,166388,0
2026-04-23T13:15:00+05:30,92.4,93.69,92.22,93.11,312848,0
2026-04-23T13:30:00+05:30,93.13,93.5,92.65,92.85,209059,0
2026-04-23T13:45:00+05:30,92.85,94.15,92.85,93.61,382573,0
2026-04-23T14:00:00+05:30,93.58,93.8,92.05,92.51,240214,0
2026-04-23T14:15:00+05:30,92.55,92.69,91.5,91.57,332854,0
2026-04-23T14:30:00+05:30,91.67,91.94,91.05,91.65,172667,0
2026-04-23T14:45:00+05:30,91.65,91.84,91.21,91.37,100857,0
2026-04-23T15:00:00+05:30,91.31,91.6,90.75,91.28,239466,0
2026-04-23T15:15:00+05:30,91.1,92.9,90.71,92.16,634059,0
2026-04-24T09:15:00+05:30,92.25,95.0,92.24,94.51,866836,0
2026-04-24T09:30:00+05:30,94.5,94.83,93.2,94.38,314371,0
2026-04-24T09:45:00+05:30,94.33,94.36,92.26,93.2,240516,0
2026-04-24T10:00:00+05:30,93.2,94.6,93.04,94.37,186135,0
2026-04-24T10:15:00+05:30,94.37,94.59,93.55,94.15,170850,0
2026-04-24T10:30:00+05:30,94.28,94.28,93.0,93.06,113757,0
2026-04-24T10:45:00+05:30,93.01,93.02,92.5,92.6,78776,0
2026-04-24T11:00:00+05:30,92.6,92.8,92.0,92.2,87433,0
2026-04-24T11:15:00+05:30,92.3,92.8,91.82,92.47,91723,0
2026-04-24T11:30:00+05:30,92.52,92.69,91.5,91.64,61157,0
2026-04-24T11:45:00+05:30,91.64,91.76,91.0,91.21,70060,0
2026-04-24T12:00:00+05:30,91.25,92.47,91.07,92.29,50248,0
2026-04-24T12:15:00+05:30,92.3,92.43,91.61,91.61,20341,0
2026-04-24T12:30:00+05:30,91.65,92.0,91.46,91.5,20813,0
2026-04-24T12:45:00+05:30,91.48,91.78,91.41,91.77,9363,0
2026-04-24T13:00:00+05:30,91.76,91.87,91.1,91.1,36214,0
2026-04-24T13:15:00+05:30,91.08,91.18,90.33,91.18,70308,0
2026-04-24T13:30:00+05:30,91.18,91.28,90.1,90.2,31867,0
2026-04-24T13:45:00+05:30,90.2,91.1,90.16,90.89,19631,0
2026-04-24T14:00:00+05:30,90.97,91.27,90.62,91.17,20708,0
2026-04-24T14:15:00+05:30,91.23,91.5,91.15,91.31,40261,0
2026-04-24T14:30:00+05:30,91.35,91.9,91.34,91.55,70771,0
2026-04-24T14:45:00+05:30,91.57,91.74,91.41,91.58,15602,0
2026-04-24T15:00:00+05:30,91.56,91.67,90.64,90.76,79660,0
2026-04-24T15:15:00+05:30,90.76,90.97,88.0,89.85,262637,0
2026-04-27T09:15:00+05:30,91.1,91.77,89.6,90.07,184806,0
2026-04-27T09:30:00+05:30,90.15,90.69,89.4,90.01,57708,0
2026-04-27T09:45:00+05:30,90.03,90.53,89.64,89.74,58929,0
2026-04-27T10:00:00+05:30,89.8,89.8,89.2,89.5,38772,0
2026-04-27T10:15:00+05:30,89.62,90.5,89.54,89.98,56174,0
2026-04-27T10:30:00+05:30,90.04,90.41,89.67,90.33,51402,0
2026-04-27T10:45:00+05:30,90.3,90.56,90.04,90.4,40569,0
2026-04-27T11:00:00+05:30,90.37,91.4,90.11,91.19,103694,0
2026-04-27T11:15:00+05:30,91.19,91.25,90.38,90.58,99501,0
2026-04-27T11:30:00+05:30,90.66,90.95,90.12,90.18,42484,0
2026-04-27T11:45:00+05:30,90.11,90.83,90.0,90.77,19679,0
2026-04-27T12:00:00+05:30,90.77,91.0,90.38,90.82,33694,0
2026-04-27T12:15:00+05:30,90.91,91.09,90.76,90.88,14846,0
2026-04-27T12:30:00+05:30,90.9,90.95,90.42,90.47,15076,0
2026-04-27T12:45:00+05:30,90.47,90.5,90.07,90.28,17841,0
2026-04-27T13:00:00+05:30,90.37,90.6,90.29,90.55,14581,0
2026-04-27T13:15:00+05:30,90.55,90.79,90.44,90.68,24743,0
2026-04-27T13:30:00+05:30,90.59,90.68,90.3,90.53,16660,0
2026-04-27T13:45:00+05:30,90.5,90.65,90.37,90.5,13337,0
2026-04-27T14:00:00+05:30,90.5,90.74,90.4,90.5,15837,0
2026-04-27T14:15:00+05:30,90.51,90.58,90.25,90.35,12047,0
2026-04-27T14:30:00+05:30,90.4,90.4,89.9,90.19,51518,0
2026-04-27T14:45:00+05:30,90.19,90.3,90.0,90.29,19934,0
2026-04-27T15:00:00+05:30,90.23,90.49,90.1,90.44,28017,0
2026-04-27T15:15:00+05:30,90.31,90.9,90.02,90.07,93204,0
2026-04-28T09:15:00+05:30,90.45,93.0,90.33,92.01,217895,0
2026-04-28T09:30:00+05:30,91.97,92.0,90.65,90.91,109965,0
2026-04-28T09:45:00+05:30,90.91,94.0,90.7,93.19,234389,0
2026-04-28T10:00:00+05:30,93.2,93.55,92.33,93.3,225739,0
2026-04-28T10:15:00+05:30,93.39,93.69,92.5,92.67,90219,0
2026-04-28T10:30:00+05:30,92.54,96.0,92.35,95.87,695785,0
2026-04-28T10:45:00+05:30,95.85,96.78,95.11,96.45,629079,0
2026-04-28T11:00:00+05:30,96.46,96.8,95.25,95.49,327184,0
2026-04-28T11:15:00+05:30,95.45,95.5,94.63,95.0,136830,0
2026-04-28T11:30:00+05:30,94.99,95.39,94.64,95.27,111678,0
2026-04-28T11:45:00+05:30,95.36,95.49,95.0,95.11,45940,0
2026-04-28T12:00:00+05:30,95.13,95.13,94.25,94.61,129752,0
2026-04-28T12:15:00+05:30,94.61,94.92,94.22,94.55,88975,0
2026-04-28T12:30:00+05:30,94.56,94.65,94.27,94.55,38294,0
2026-04-28T12:45:00+05:30,94.55,94.64,94.25,94.49,72656,0
2026-04-28T13:00:00+05:30,94.5,94.9,94.26,94.66,37838,0
2026-04-28T13:15:00+05:30,94.66,96.0,94.63,95.59,178467,0
2026-04-28T13:30:00+05:30,95.58,95.9,94.81,95.65,97145,0
2026-04-28T13:45:00+05:30,95.64,95.82,95.29,95.48,72414,0
2026-04-28T14:00:00+05:30,95.4,95.63,94.87,94.92,38501,0
2026-04-28T14:15:00+05:30,94.98,94.99,94.6,94.85,60552,0
2026-04-28T14:30:00+05:30,94.85,95.35,94.82,95.12,61278,0
2026-04-28T14:45:00+05:30,95.12,95.19,94.6,94.97,63987,0
2026-04-28T15:00:00+05:30,94.97,95.0,94.43,94.65,113461,0
2026-04-28T15:15:00+05:30,94.62,94.8,94.15,94.45,256653,0
2026-04-29T09:15:00+05:30,96.2,97.8,95.5,97.69,563247,0
2026-04-29T09:30:00+05:30,97.69,99.0,97.51,98.16,521612,0
2026-04-29T09:45:00+05:30,98.19,98.97,97.98,98.4,206798,0
2026-04-29T10:00:00+05:30,98.42,98.45,97.8,98.29,170951,0
2026-04-29T10:15:00+05:30,98.29,98.7,98.11,98.31,96233,0
2026-04-29T10:30:00+05:30,98.35,98.35,98.0,98.1,73037,0
2026-04-29T10:45:00+05:30,98.01,98.19,97.54,97.58,104154,0
2026-04-29T11:00:00+05:30,97.63,98.6,97.55,97.85,135394,0
2026-04-29T11:15:00+05:30,97.9,98.43,97.8,97.91,86060,0
2026-04-29T11:30:00+05:30,98.0,98.1,97.7,97.7,30856,0
2026-04-29T11:45:00+05:30,97.74,97.93,97.5,97.92,42032,0
2026-04-29T12:00:00+05:30,97.9,98.25,97.82,98.07,31732,0
2026-04-29T12:15:00+05:30,98.09,98.09,97.75,97.9,46161,0
2026-04-29T12:30:00+05:30,97.91,98.19,97.81,97.94,27566,0
2026-04-29T12:45:00+05:30,97.9,98.6,97.77,98.44,88388,0
2026-04-29T13:00:00+05:30,98.48,98.55,98.0,98.06,35915,0
2026-04-29T13:15:00+05:30,98.06,98.18,97.75,97.8,33657,0
2026-04-29T13:30:00+05:30,97.89,97.94,97.0,97.07,92374,0
2026-04-29T13:45:00+05:30,97.0,97.2,96.51,97.02,88809,0
2026-04-29T14:00:00+05:30,97.0,97.32,96.5,97.12,50176,0
2026-04-29T14:15:00+05:30,97.2,97.31,96.0,96.63,85388,0
2026-04-29T14:30:00+05:30,96.63,97.58,96.58,97.33,72078,0
2026-04-29T14:45:00+05:30,97.39,97.87,97.13,97.71,45949,0
2026-04-29T15:00:00+05:30,97.74,97.99,97.05,97.14,83504,0
2026-04-29T15:15:00+05:30,97.13,97.75,96.5,97.46,141008,0
2026-04-30T09:15:00+05:30,97.8,97.8,95.0,95.31,287886,0
2026-04-30T09:30:00+05:30,95.31,96.49,94.47,96.08,196102,0
2026-04-30T09:45:00+05:30,96.2,96.29,95.2,95.38,51205,0
2026-04-30T10:00:00+05:30,95.23,95.33,94.0,94.0,103114,0
2026-04-30T10:15:00+05:30,93.86,94.4,93.5,93.67,103307,0
2026-04-30T10:30:00+05:30,93.79,94.71,93.6,94.56,31965,0
2026-04-30T10:45:00+05:30,94.49,94.56,93.55,93.81,30861,0
2026-04-30T11:00:00+05:30,93.81,94.77,93.81,94.37,16650,0
2026-04-30T11:15:00+05:30,94.35,94.85,94.28,94.85,23347,0
2026-04-30T11:30:00+05:30,94.82,94.85,94.47,94.62,15883,0
2026-04-30T11:45:00+05:30,94.57,94.59,94.11,94.34,16666,0
2026-04-30T12:00:00+05:30,94.28,94.32,93.75,94.19,41094,0
2026-04-30T12:15:00+05:30,94.12,94.64,94.04,94.64,35539,0
2026-04-30T12:30:00+05:30,94.63,94.85,94.13,94.44,28289,0
2026-04-30T12:45:00+05:30,94.5,94.81,94.43,94.55,8612,0
2026-04-30T13:00:00+05:30,94.66,94.78,94.43,94.58,12833,0
2026-04-30T13:15:00+05:30,94.58,94.85,94.43,94.66,16300,0
2026-04-30T13:30:00+05:30,94.66,95.09,94.51,95.08,26284,0
2026-04-30T13:45:00+05:30,95.19,96.0,95.01,95.92,77382,0
2026-04-30T14:00:00+05:30,95.94,96.0,95.52,95.77,41259,0
2026-04-30T14:15:00+05:30,95.88,95.95,94.9,95.11,48531,0
2026-04-30T14:30:00+05:30,95.03,95.45,94.95,95.09,29548,0
2026-04-30T14:45:00+05:30,95.09,95.78,95.0,95.55,52592,0
2026-04-30T15:00:00+05:30,95.62,95.62,95.0,95.05,70648,0
2026-04-30T15:15:00+05:30,95.02,95.03,94.47,95.0,167381,0
2026-05-04T09:15:00+05:30,99.19,99.7,96.6,97.9,592181,0
2026-05-04T09:30:00+05:30,97.95,98.19,97.43,97.49,107470,0
2026-05-04T09:45:00+05:30,97.49,97.69,97.21,97.58,45186,0
2026-05-04T10:00:00+05:30,97.6,97.72,96.95,97.0,60370,0
2026-05-04T10:15:00+05:30,96.96,97.1,95.5,96.34,130406,0
2026-05-04T10:30:00+05:30,96.34,96.48,95.88,96.1,15400,0
2026-05-04T10:45:00+05:30,96.1,96.1,95.32,95.64,58651,0
2026-05-04T11:00:00+05:30,95.65,96.74,95.65,96.59,47199,0
2026-05-04T11:15:00+05:30,96.49,96.99,96.31,96.6,42785,0
2026-05-04T11:30:00+05:30,96.6,96.82,96.43,96.6,14594,0
2026-05-04T11:45:00+05:30,96.59,96.93,96.32,96.48,49951,0
2026-05-04T12:00:00+05:30,96.49,96.77,96.1,96.39,21782,0
2026-05-04T12:15:00+05:30,96.39,97.27,96.39,97.27,34795,0
2026-05-04T12:30:00+05:30,97.08,97.16,96.28,96.28,32546,0
2026-05-04T12:45:00+05:30,96.28,96.32,96.07,96.1,14349,0
2026-05-04T13:00:00+05:30,96.1,96.22,95.89,96.09,29975,0
2026-05-04T13:15:00+05:30,96.01,96.08,95.22,95.28,48774,0
2026-05-04T13:30:00+05:30,95.25,96.19,95.02,96.12,25111,0
2026-05-04T13:45:00+05:30,96.04,96.52,95.61,95.82,54924,0
2026-05-04T14:00:00+05:30,95.88,96.23,95.55,96.22,12519,0
2026-05-04T14:15:00+05:30,96.23,96.65,96.0,96.15,17475,0
2026-05-04T14:30:00+05:30,96.15,96.22,95.56,96.04,17841,0
2026-05-04T14:45:00+05:30,96.07,96.14,95.78,95.88,19703,0
2026-05-04T15:00:00+05:30,95.94,95.95,95.4,95.67,67858,0
2026-05-04T15:15:00+05:30,95.65,96.8,95.58,96.0,159555,0
2026-05-05T09:15:00+05:30,95.71,99.74,94.25,99.17,303020,0
2026-05-05T09:30:00+05:30,99.38,100.63,98.01,98.38,388428,0
2026-05-05T09:45:00+05:30,98.39,98.8,97.57,97.99,189632,0
2026-05-05T10:00:00+05:30,97.99,98.8,97.9,98.41,59417,0
2026-05-05T10:15:00+05:30,98.49,98.5,97.9,98.17,47391,0
2026-05-05T10:30:00+05:30,98.15,98.17,97.52,97.52,23639,0
2026-05-05T10:45:00+05:30,97.52,97.92,97.51,97.78,20423,0
2026-05-05T11:00:00+05:30,97.78,98.12,97.61,97.78,17700,0
2026-05-05T11:15:00+05:30,97.83,98.21,97.5,97.55,42286,0
2026-05-05T11:30:00+05:30,97.55,98.15,97.42,97.6,40550,0
2026-05-05T11:45:00+05:30,97.6,97.6,96.67,97.05,56869,0
2026-05-05T12:00:00+05:30,97.1,97.23,96.73,97.1,24149,0
2026-05-05T12:15:00+05:30,97.19,97.34,97.03,97.26,10852,0
2026-05-05T12:30:00+05:30,97.26,97.64,97.15,97.45,17817,0
2026-05-05T12:45:00+05:30,97.35,97.55,97.23,97.41,7657,0
2026-05-05T13:00:00+05:30,97.43,97.53,97.11,97.42,29920,0
2026-05-05T13:15:00+05:30,97.39,97.51,97.0,97.13,46863,0
2026-05-05T13:30:00+05:30,97.12,97.38,97.0,97.16,25200,0
2026-05-05T13:45:00+05:30,97.16,97.32,96.9,97.15,25197,0
2026-05-05T14:00:00+05:30,97.14,97.19,96.9,96.98,18753,0
2026-05-05T14:15:00+05:30,97.0,97.25,96.93,97.12,12741,0
2026-05-05T14:30:00+05:30,97.12,97.15,96.76,96.91,41532,0
2026-05-05T14:45:00+05:30,96.9,97.13,96.88,97.07,28152,0
2026-05-05T15:00:00+05:30,97.03,97.07,95.0,96.15,145371,0
2026-05-05T15:15:00+05:30,96.12,96.73,95.92,96.3,75680,0
2026-05-06T09:15:00+05:30,98.0,98.17,96.4,96.84,154821,0
2026-05-06T09:30:00+05:30,96.82,96.98,96.4,96.54,45356,0
2026-05-06T09:45:00+05:30,96.53,96.56,96.02,96.29,51859,0
2026-05-06T10:00:00+05:30,96.29,96.3,95.64,96.08,38966,0
2026-05-06T10:15:00+05:30,96.08,96.08,95.75,95.79,28501,0
2026-05-06T10:30:00+05:30,95.79,95.8,95.5,95.78,34602,0
2026-05-06T10:45:00+05:30,95.78,95.8,95.66,95.72,12454,0
2026-05-06T11:00:00+05:30,95.73,96.09,95.71,95.87,25830,0
2026-05-06T11:15:00+05:30,95.82,95.94,95.15,95.27,42377,0
2026-05-06T11:30:00+05:30,95.27,95.48,95.12,95.22,33119,0
2026-05-06T11:45:00+05:30,95.22,95.49,95.22,95.48,17194,0
2026-05-06T12:00:00+05:30,95.47,95.5,95.35,95.36,10519,0
2026-05-06T12:15:00+05:30,95.36,95.53,95.15,95.25,27484,0
2026-05-06T12:30:00+05:30,95.16,95.2,94.7,94.8,30915,0
2026-05-06T12:45:00+05:30,94.87,94.93,94.61,94.79,10604,0
2026-05-06T13:00:00+05:30,94.79,95.42,94.7,95.34,15952,0
2026-05-06T13:15:00+05:30,95.21,95.49,95.04,95.19,7679,0
2026-05-06T13:30:00+05:30,95.25,95.32,95.0,95.0,12334,0
2026-05-06T13:45:00+05:30,95.0,95.19,94.9,95.0,6986,0
2026-05-06T14:00:00+05:30,94.95,95.11,94.85,95.06,6962,0
2026-05-06T14:15:00+05:30,95.1,95.24,94.92,95.12,20748,0
2026-05-06T14:30:00+05:30,95.04,95.48,94.9,95.43,49470,0
2026-05-06T14:45:00+05:30,95.4,95.45,95.23,95.4,16219,0
2026-05-06T15:00:00+05:30,95.4,95.58,95.2,95.25,51536,0
2026-05-06T15:15:00+05:30,95.21,95.75,94.8,95.39,168979,0
2026-05-07T09:15:00+05:30,97.2,98.98,97.0,97.42,268026,0
2026-05-07T09:30:00+05:30,97.45,98.24,97.05,97.5,96639,0
2026-05-07T09:45:00+05:30,97.46,97.58,96.85,96.85,55048,0
2026-05-07T10:00:00+05:30,96.85,97.0,96.51,96.78,40828,0
2026-05-07T10:15:00+05:30,96.81,96.99,96.5,96.51,29849,0
2026-05-07T10:30:00+05:30,96.59,96.98,96.3,96.56,59556,0
2026-05-07T10:45:00+05:30,96.5,96.53,95.84,96.01,67438,0
2026-05-07T11:00:00+05:30,95.97,96.0,95.55,95.84,32648,0
2026-05-07T11:15:00+05:30,95.86,96.18,95.7,96.09,23073,0
2026-05-07T11:30:00+05:30,96.18,96.76,96.12,96.66,34667,0
2026-05-07T11:45:00+05:30,96.5,97.0,96.42,96.67,19713,0
2026-05-07T12:00:00+05:30,96.67,96.9,96.57,96.72,16434,0
2026-05-07T12:15:00+05:30,96.72,96.9,96.55,96.69,12262,0
2026-05-07T12:30:00+05:30,96.62,97.0,96.6,96.76,51444,0
2026-05-07T12:45:00+05:30,96.8,97.0,96.61,96.86,16685,0
2026-05-07T13:00:00+05:30,96.89,96.95,96.66,96.8,7051,0
2026-05-07T13:15:00+05:30,96.76,96.76,96.35,96.38,20519,0
2026-05-07T13:30:00+05:30,96.4,96.69,96.4,96.6,8473,0
2026-05-07T13:45:00+05:30,96.6,96.8,96.46,96.78,11122,0
2026-05-07T14:00:00+05:30,96.79,96.79,96.51,96.56,11018,0
2026-05-07T14:15:00+05:30,96.56,96.65,96.46,96.64,12992,0
2026-05-07T14:30:00+05:30,96.64,96.69,96.4,96.59,25609,0
2026-05-07T14:45:00+05:30,96.59,96.59,96.16,96.26,20060,0
2026-05-07T15:00:00+05:30,96.26,96.31,95.55,95.55,68275,0
2026-05-07T15:15:00+05:30,95.65,96.33,95.6,96.12,116500,0
2026-05-08T09:15:00+05:30,96.4,97.42,95.37,96.9,149522,0
2026-05-08T09:30:00+05:30,97.12,97.19,95.74,95.74,77803,0
2026-05-08T09:45:00+05:30,95.74,96.43,95.5,95.89,32826,0
2026-05-08T10:00:00+05:30,95.71,95.9,95.5,95.9,27400,0
2026-05-08T10:15:00+05:30,95.82,96.23,95.61,96.1,20765,0
2026-05-08T10:30:00+05:30,96.1,96.23,96.01,96.15,13526,0
2026-05-08T10:45:00+05:30,96.15,96.18,96.05,96.05,5970,0
2026-05-08T11:00:00+05:30,96.09,96.47,96.05,96.3,16082,0
2026-05-08T11:15:00+05:30,96.35,96.48,95.8,95.83,20610,0
2026-05-08T11:30:00+05:30,95.88,96.09,95.6,96.03,26606,0
2026-05-08T11:45:00+05:30,95.99,96.3,95.77,95.91,6717,0
2026-05-08T12:00:00+05:30,95.88,96.14,95.7,96.0,17663,0
2026-05-08T12:15:00+05:30,96.0,96.09,95.8,95.98,19717,0
2026-05-08T12:30:00+05:30,95.99,96.11,95.76,95.84,13017,0
2026-05-08T12:45:00+05:30,95.84,95.95,95.7,95.84,16823,0
2026-05-08T13:00:00+05:30,95.86,95.99,95.7,95.89,6919,0
2026-05-08T13:15:00+05:30,95.83,95.89,95.51,95.89,28330,0
2026-05-08T13:30:00+05:30,95.89,95.89,95.52,95.66,11553,0
2026-05-08T13:45:00+05:30,95.55,95.8,95.52,95.61,10595,0
2026-05-08T14:00:00+05:30,95.63,95.71,95.0,95.14,33267,0
2026-05-08T14:15:00+05:30,95.22,95.61,95.1,95.5,28148,0
2026-05-08T14:30:00+05:30,95.5,95.68,95.22,95.58,25261,0
2026-05-08T14:45:00+05:30,95.52,95.82,95.49,95.77,7217,0
2026-05-08T15:00:00+05:30,95.75,95.79,95.51,95.62,31133,0
2026-05-08T15:15:00+05:30,95.62,95.66,94.0,94.88,147424,0
2026-05-11T09:15:00+05:30,96.0,101.88,94.5,101.84,1337635,0
2026-05-11T09:30:00+05:30,101.85,102.2,98.65,99.1,756605,0
2026-05-11T09:45:00+05:30,99.01,99.1,96.0,97.0,535323,0
2026-05-11T10:00:00+05:30,97.0,100.5,97.0,100.16,362893,0
2026-05-11T10:15:00+05:30,100.32,100.8,98.64,98.92,225574,0
2026-05-11T10:30:00+05:30,98.92,98.94,97.9,98.07,103695,0
2026-05-11T10:45:00+05:30,98.2,98.2,97.52,97.88,55054,0
2026-05-11T11:00:00+05:30,97.99,98.16,97.2,97.56,73724,0
2026-05-11T11:15:00+05:30,97.55,97.66,96.8,97.02,112732,0
2026-05-11T11:30:00+05:30,97.02,98.46,97.02,98.1,92794,0
2026-05-11T11:45:00+05:30,98.11,98.9,98.0,98.12,69756,0
2026-05-11T12:00:00+05:30,98.04,98.14,97.5,97.97,28590,0
2026-05-11T12:15:00+05:30,97.85,98.25,97.78,98.07,22529,0
2026-05-11T12:30:00+05:30,98.07,98.28,97.28,97.99,63616,0
2026-05-11T12:45:00+05:30,98.03,98.31,97.81,98.12,31703,0
2026-05-11T13:00:00+05:30,98.14,98.14,97.21,97.52,28121,0
2026-05-11T13:15:00+05:30,97.53,97.79,97.35,97.62,31726,0
2026-05-11T13:30:00+05:30,97.62,97.95,97.53,97.62,14622,0
2026-05-11T13:45:00+05:30,97.69,97.84,97.42,97.48,45185,0
2026-05-11T14:00:00+05:30,97.48,98.2,97.21,97.81,52900,0
2026-05-11T14:15:00+05:30,97.83,98.02,96.5,96.94,169893,0
2026-05-11T14:30:00+05:30,96.9,97.14,96.55,96.71,47907,0
2026-05-11T14:45:00+05:30,96.71,96.71,95.8,95.97,153591,0
2026-05-11T15:00:00+05:30,96.07,96.24,95.12,96.1,149312,0
2026-05-11T15:15:00+05:30,96.19,97.6,95.92,97.1,293109,0
2026-05-12T09:15:00+05:30,97.08,97.99,95.05,95.43,178626,0
2026-05-12T09:30:00+05:30,95.53,96.27,94.66,95.71,154165,0
2026-05-12T09:45:00+05:30,95.81,95.88,95.05,95.19,43943,0
2026-05-12T10:00:00+05:30,95.13,95.29,94.75,95.12,61145,0
2026-05-12T10:15:00+05:30,95.1,95.45,94.8,94.8,23978,0
2026-05-12T10:30:00+05:30,94.8,95.15,94.8,95.06,15619,0
2026-05-12T10:45:00+05:30,95.06,95.06,94.66,94.79,27374,0
2026-05-12T11:00:00+05:30,94.79,94.88,94.5,94.52,30614,0
2026-05-12T11:15:00+05:30,94.52,94.6,94.36,94.57,24590,0
2026-05-12T11:30:00+05:30,94.57,94.84,94.32,94.65,10438,0
2026-05-12T11:45:00+05:30,94.71,94.73,94.44,94.59,15488,0
2026-05-12T12:00:00+05:30,94.64,94.64,94.1,94.1,15120,0
2026-05-12T12:15:00+05:30,94.17,94.17,93.5,93.55,43052,0
2026-05-12T12:30:00+05:30,93.5,93.55,92.55,92.91,65854,0
2026-05-12T12:45:00+05:30,92.89,93.09,92.42,92.6,37837,0
2026-05-12T13:00:00+05:30,92.6,92.65,91.6,92.0,69751,0
2026-05-12T13:15:00+05:30,92.0,92.21,91.51,91.52,56847,0
2026-05-12T13:30:00+05:30,91.61,91.88,90.7,90.92,68251,0
2026-05-12T13:45:00+05:30,90.92,91.29,90.5,90.62,63141,0
2026-05-12T14:00:00+05:30,90.69,90.69,89.61,89.82,95931,0
2026-05-12T14:15:00+05:30,89.82,90.77,89.37,90.72,91376,0
2026-05-12T14:30:00+05:30,90.72,90.88,89.78,90.17,59377,0
2026-05-12T14:45:00+05:30,90.29,90.29,89.5,89.67,78461,0
2026-05-12T15:00:00+05:30,89.67,89.71,89.0,89.2,92476,0
2026-05-12T15:15:00+05:30,89.17,90.6,89.0,90.55,129314,0
2026-05-13T09:15:00+05:30,90.55,91.69,90.03,90.85,286744,0
2026-05-13T09:30:00+05:30,90.87,91.5,89.6,91.21,125653,0
2026-05-13T09:45:00+05:30,91.1,91.47,89.97,90.27,97737,0
2026-05-13T10:00:00+05:30,90.22,91.04,90.16,90.75,60580,0
2026-05-13T10:15:00+05:30,90.75,91.09,90.44,90.57,43969,0
2026-05-13T10:30:00+05:30,90.59,90.59,90.01,90.05,31055,0
2026-05-13T10:45:00+05:30,90.02,90.21,89.11,89.44,93540,0
2026-05-13T11:00:00+05:30,89.51,90.28,89.0,90.26,48198,0
2026-05-13T11:15:00+05:30,90.29,90.54,90.03,90.23,57011,0
2026-05-13T11:30:00+05:30,90.28,91.0,90.1,90.76,35549,0
2026-05-13T11:45:00+05:30,90.76,91.09,90.57,90.78,15707,0
2026-05-13T12:00:00+05:30,90.78,91.13,90.62,91.13,13449,0
2026-05-13T12:15:00+05:30,91.07,93.45,90.86,92.72,193212,0
2026-05-13T12:30:00+05:30,92.73,94.0,92.65,93.02,235890,0
2026-05-13T12:45:00+05:30,92.99,94.34,92.83,93.8,121806,0
2026-05-13T13:00:00+05:30,93.8,94.23,93.49,94.09,63054,0
2026-05-13T13:15:00+05:30,94.03,94.75,93.71,93.9,49367,0
2026-05-13T13:30:00+05:30,93.9,95.49,93.75,95.28,97069,0
2026-05-13T13:45:00+05:30,95.28,95.49,94.21,94.43,148787,0
2026-05-13T14:00:00+05:30,94.48,95.2,94.04,95.06,93529,0
2026-05-13T14:15:00+05:30,95.13,95.48,94.68,95.41,81168,0
2026-05-13T14:30:00+05:30,95.4,95.95,95.37,95.85,120049,0
2026-05-13T14:45:00+05:30,95.85,95.88,95.04,95.2,106657,0
2026-05-13T15:00:00+05:30,95.28,95.28,94.25,94.4,112345,0
2026-05-13T15:15:00+05:30,94.37,95.0,94.25,94.9,113106,0
2026-05-14T09:15:00+05:30,95.75,97.95,95.74,97.61,358386,0
2026-05-14T09:30:00+05:30,97.53,97.62,96.0,96.05,145363,0
2026-05-14T09:45:00+05:30,96.02,96.99,95.55,95.6,137996,0
2026-05-14T10:00:00+05:30,95.55,97.19,95.45,96.73,143287,0
2026-05-14T10:15:00+05:30,96.84,96.86,96.02,96.07,29798,0
2026-05-14T10:30:00+05:30,96.17,96.23,95.15,95.2,116670,0
2026-05-14T10:45:00+05:30,95.2,95.31,94.65,94.86,58294,0
2026-05-14T11:00:00+05:30,94.8,95.67,94.5,95.5,63633,0
2026-05-14T11:15:00+05:30,95.57,96.46,95.46,96.09,63113,0
2026-05-14T11:30:00+05:30,96.14,96.48,95.99,96.17,29508,0
2026-05-14T11:45:00+05:30,96.16,96.6,96.05,96.16,38211,0
2026-05-14T12:00:00+05:30,96.2,96.25,96.0,96.13,20431,0
2026-05-14T12:15:00+05:30,96.15,96.36,95.75,96.17,24409,0
2026-05-14T12:30:00+05:30,96.27,96.37,96.1,96.37,14407,0
2026-05-14T12:45:00+05:30,96.3,96.3,95.51,95.51,29986,0
2026-05-14T13:00:00+05:30,95.78,95.92,95.6,95.78,11915,0
2026-05-14T13:15:00+05:30,95.77,96.0,95.53,95.74,11050,0
2026-05-14T13:30:00+05:30,95.7,95.81,95.31,95.43,9230,0
2026-05-14T13:45:00+05:30,95.5,95.74,95.18,95.36,26565,0
2026-05-14T14:00:00+05:30,95.44,95.71,95.31,95.31,13042,0
2026-05-14T14:15:00+05:30,95.51,95.72,95.16,95.2,25524,0
2026-05-14T14:30:00+05:30,95.22,95.8,95.18,95.37,21270,0
2026-05-14T14:45:00+05:30,95.44,95.5,95.0,95.22,23004,0
2026-05-14T15:00:00+05:30,95.22,95.25,95.0,95.12,50507,0
2026-05-14T15:15:00+05:30,95.04,96.3,95.0,96.2,186192,0
2026-05-15T09:15:00+05:30,95.75,95.75,92.56,93.27,160909,0
2026-05-15T09:30:00+05:30,93.33,93.9,92.9,93.51,45987,0
2026-05-15T09:45:00+05:30,93.49,93.95,93.37,93.6,46243,0
2026-05-15T10:00:00+05:30,93.61,93.7,93.21,93.32,35660,0
2026-05-15T10:15:00+05:30,93.32,93.77,93.3,93.67,28901,0
2026-05-15T10:30:00+05:30,93.66,94.0,93.43,93.81,20211,0
2026-05-15T10:45:00+05:30,93.91,94.39,93.81,94.18,9677,0
2026-05-15T11:00:00+05:30,94.29,94.29,93.94,94.17,9163,0
2026-05-15T11:15:00+05:30,94.16,94.16,93.82,94.01,18067,0
2026-05-15T11:30:00+05:30,93.95,93.95,93.5,93.84,13390,0
2026-05-15T11:45:00+05:30,93.78,94.1,93.7,93.71,5538,0
2026-05-15T12:00:00+05:30,93.74,94.28,93.69,94.12,27855,0
2026-05-15T12:15:00+05:30,94.09,94.3,93.85,93.85,9993,0
2026-05-15T12:30:00+05:30,93.85,93.95,93.61,93.91,18464,0
2026-05-15T12:45:00+05:30,93.93,94.0,93.64,93.73,4950,0
2026-05-15T13:00:00+05:30,93.83,93.92,93.7,93.84,4599,0
2026-05-15T13:15:00+05:30,93.84,93.93,93.62,93.7,19863,0
2026-05-15T13:30:00+05:30,93.71,93.83,93.51,93.62,10445,0
2026-05-15T13:45:00+05:30,93.63,93.73,93.5,93.55,6903,0
2026-05-15T14:00:00+05:30,93.55,93.66,93.5,93.65,15126,0
2026-05-15T14:15:00+05:30,93.65,93.65,93.0,93.05,39851,0
2026-05-15T14:30:00+05:30,93.06,93.26,93.0,93.15,12585,0
2026-05-15T14:45:00+05:30,93.15,93.28,92.6,92.7,85894,0
2026-05-15T15:00:00+05:30,92.7,93.02,92.6,92.88,31595,0
2026-05-15T15:15:00+05:30,92.83,93.88,92.75,93.49,89898,0
2026-05-18T09:15:00+05:30,84.06,89.27,84.06,87.25,568012,0
2026-05-18T09:30:00+05:30,87.28,87.79,86.22,87.4,149225,0
2026-05-18T09:45:00+05:30,87.41,87.44,86.04,86.44,104578,0
2026-05-18T10:00:00+05:30,86.27,86.68,85.8,86.21,138361,0
2026-05-18T10:15:00+05:30,86.27,86.71,86.05,86.18,62211,0
2026-05-18T10:30:00+05:30,86.19,87.3,86.0,87.13,60314,0
2026-05-18T10:45:00+05:30,87.11,87.89,86.81,87.66,51767,0
2026-05-18T11:00:00+05:30,87.6,87.84,87.12,87.15,46155,0
2026-05-18T11:15:00+05:30,87.25,87.46,87.1,87.23,15041,0
2026-05-18T11:30:00+05:30,87.14,87.68,86.91,87.3,64506,0
2026-05-18T11:45:00+05:30,87.31,87.34,86.01,86.17,96573,0
2026-05-18T12:00:00+05:30,86.17,86.48,86.13,86.41,59698,0
2026-05-18T12:15:00+05:30,86.33,86.8,86.27,86.8,19187,0
2026-05-18T12:30:00+05:30,86.8,87.24,86.7,86.91,43158,0
2026-05-18T12:45:00+05:30,86.98,87.06,86.78,87.06,7312,0
2026-05-18T13:00:00+05:30,87.06,87.21,86.76,87.16,21103,0
2026-05-18T13:15:00+05:30,87.12,87.19,86.75,86.89,16233,0
2026-05-18T13:30:00+05:30,86.9,87.3,86.9,87.22,9724,0
2026-05-18T13:45:00+05:30,87.21,87.4,87.0,87.35,16163,0
2026-05-18T14:00:00+05:30,87.35,87.44,87.01,87.37,18172,0
2026-05-18T14:15:00+05:30,87.37,87.38,86.8,86.99,20790,0
2026-05-18T14:30:00+05:30,87.04,87.09,86.7,86.91,41814,0
2026-05-18T14:45:00+05:30,86.97,87.12,86.59,86.9,22699,0
2026-05-18T15:00:00+05:30,86.9,87.98,86.89,87.54,105190,0
2026-05-18T15:15:00+05:30,87.64,88.44,87.34,88.3,139671,0
2026-05-19T09:15:00+05:30,88.5,90.56,88.5,90.32,251549,0
2026-05-19T09:30:00+05:30,90.31,90.49,89.1,90.23,72351,0
2026-05-19T09:45:00+05:30,90.23,90.33,89.5,89.8,58794,0
2026-05-19T10:00:00+05:30,89.78,90.35,89.72,90.0,59269,0
2026-05-19T10:15:00+05:30,90.11,90.19,89.81,90.13,30799,0
2026-05-19T10:30:00+05:30,90.11,90.5,89.97,90.46,30090,0
2026-05-19T10:45:00+05:30,90.49,90.99,90.31,90.64,31789,0
2026-05-19T11:00:00+05:30,90.78,90.78,90.5,90.5,13984,0
2026-05-19T11:15:00+05:30,90.51,90.61,90.05,90.23,43950,0
2026-05-19T11:30:00+05:30,90.25,90.3,90.05,90.27,7701,0
2026-05-19T11:45:00+05:30,90.25,90.28,89.7,90.1,35809,0
2026-05-19T12:00:00+05:30,90.01,90.11,89.58,89.64,14162,0
2026-05-19T12:15:00+05:30,89.77,89.77,89.0,89.32,43763,0
2026-05-19T12:30:00+05:30,89.3,89.32,89.13,89.28,15501,0
2026-05-19T12:45:00+05:30,89.26,89.29,89.0,89.2,7817,0
2026-05-19T13:00:00+05:30,89.2,89.29,89.04,89.11,15932,0
2026-05-19T13:15:00+05:30,89.11,89.28,89.07,89.2,5160,0
2026-05-19T13:30:00+05:30,89.19,89.29,89.01,89.29,18862,0
2026-05-19T13:45:00+05:30,89.27,89.45,89.21,89.21,16001,0
2026-05-19T14:00:00+05:30,89.19,89.5,89.19,89.23,6586,0
2026-05-19T14:15:00+05:30,89.37,89.92,89.24,89.92,39124,0
2026-05-19T14:30:00+05:30,89.82,90.45,89.46,90.29,56572,0
2026-05-19T14:45:00+05:30,90.16,90.54,89.86,90.45,34149,0
2026-05-19T15:00:00+05:30,90.47,90.91,90.33,90.65,74366,0
2026-05-19T15:15:00+05:30,90.65,91.99,90.36,91.9,180135,0
2026-05-20T09:15:00+05:30,90.7,93.6,89.31,92.24,362192,0
2026-05-20T09:30:00+05:30,92.34,92.87,91.9,92.31,52702,0
2026-05-20T09:45:00+05:30,92.31,94.34,92.09,93.84,296432,0
2026-05-20T10:00:00+05:30,93.68,94.15,93.5,93.97,79342,0
2026-05-20T10:15:00+05:30,93.97,93.99,93.27,93.72,87680,0
2026-05-20T10:30:00+05:30,93.7,93.73,92.61,92.9,83426,0
2026-05-20T10:45:00+05:30,92.92,93.0,92.57,92.7,31464,0
2026-05-20T11:00:00+05:30,92.8,93.0,92.5,92.69,26250,0
2026-05-20T11:15:00+05:30,92.68,92.69,92.23,92.4,17189,0
2026-05-20T11:30:00+05:30,92.45,92.45,92.0,92.22,25278,0
2026-05-20T11:45:00+05:30,92.37,92.67,92.28,92.48,18624,0
2026-05-20T12:00:00+05:30,92.45,92.55,92.28,92.48,15349,0
2026-05-20T12:15:00+05:30,92.5,92.92,92.27,92.3,22164,0
2026-05-20T12:30:00+05:30,92.29,92.29,92.08,92.17,6655,0
2026-05-20T12:45:00+05:30,92.24,92.65,92.13,92.42,22711,0
2026-05-20T13:00:00+05:30,92.42,92.54,91.87,91.9,25741,0
2026-05-20T13:15:00+05:30,92.0,92.02,91.73,91.85,24199,0
2026-05-20T13:30:00+05:30,91.84,91.98,91.6,91.83,20296,0
2026-05-20T13:45:00+05:30,91.84,92.16,91.76,92.03,13063,0
2026-05-20T14:00:00+05:30,91.96,92.57,91.96,92.55,19282,0
2026-05-20T14:15:00+05:30,92.68,92.88,92.5,92.75,45239,0
2026-05-20T14:30:00+05:30,92.72,92.85,92.7,92.71,12413,0
2026-05-20T14:45:00+05:30,92.8,92.87,92.7,92.85,13597,0
2026-05-20T15:00:00+05:30,92.8,93.25,92.56,93.25,48119,0
2026-05-20T15:15:00+05:30,93.16,93.16,92.2,92.5,95009,0
2026-05-21T09:15:00+05:30,93.0,94.0,92.85,92.85,58250,0
2026-05-21T09:30:00+05:30,92.81,94.8,92.81,94.7,109953,0
2026-05-21T09:45:00+05:30,94.64,96.6,94.3,96.18,279483,0
2026-05-21T10:00:00+05:30,96.18,96.36,94.68,95.09,173137,0
2026-05-21T10:15:00+05:30,95.16,95.49,94.96,95.33,66101,0
2026-05-21T10:30:00+05:30,95.3,95.35,94.9,95.27,45769,0
2026-05-21T10:45:00+05:30,95.27,95.4,94.64,94.95,62473,0
2026-05-21T11:00:00+05:30,94.83,94.83,94.1,94.31,51980,0
2026-05-21T11:15:00+05:30,94.35,94.39,93.72,93.8,41242,0
2026-05-21T11:30:00+05:30,93.8,94.4,93.72,94.19,39526,0
2026-05-21T11:45:00+05:30,94.24,95.45,94.24,95.41,68487,0
2026-05-21T12:00:00+05:30,95.32,95.94,95.2,95.67,75268,0
2026-05-21T12:15:00+05:30,95.65,95.65,94.68,94.88,88078,0
2026-05-21T12:30:00+05:30,94.85,94.95,93.97,94.4,54506,0
2026-05-21T12:45:00+05:30,94.48,94.49,94.02,94.21,25796,0
2026-05-21T13:00:00+05:30,94.11,94.13,93.65,93.96,11581,0
2026-05-21T13:15:00+05:30,93.97,94.2,93.85,94.0,14942,0
2026-05-21T13:30:00+05:30,93.99,94.29,93.89,94.23,20001,0
2026-05-21T13:45:00+05:30,94.23,94.4,94.09,94.3,12024,0
2026-05-21T14:00:00+05:30,94.32,94.34,93.99,94.16,17245,0
2026-05-21T14:15:00+05:30,94.11,94.8,94.04,94.47,36670,0
2026-05-21T14:30:00+05:30,94.62,94.87,94.36,94.79,18912,0
2026-05-21T14:45:00+05:30,94.71,94.75,94.26,94.44,21549,0
2026-05-21T15:00:00+05:30,94.44,94.49,93.88,94.07,66602,0
2026-05-21T15:15:00+05:30,94.09,94.5,93.6,93.71,77062,0
2026-05-22T09:15:00+05:30,94.01,95.09,94.01,94.1,62880,0
2026-05-22T09:30:00+05:30,94.17,94.64,94.06,94.43,37679,0
2026-05-22T09:45:00+05:30,94.28,94.3,94.0,94.02,20614,0
2026-05-22T10:00:00+05:30,94.01,94.1,93.5,93.8,35594,0
2026-05-22T10:15:00+05:30,93.82,93.82,93.53,93.7,7441,0
2026-05-22T10:30:00+05:30,93.6,93.8,93.5,93.8,13012,0
2026-05-22T10:45:00+05:30,93.8,93.98,93.64,93.76,11865,0
2026-05-22T11:00:00+05:30,93.74,93.75,93.5,93.63,13965,0
2026-05-22T11:15:00+05:30,93.63,93.64,93.13,93.4,25851,0
2026-05-22T11:30:00+05:30,93.4,93.49,93.12,93.14,15864,0
2026-05-22T11:45:00+05:30,93.14,93.3,93.0,93.11,25963,0
2026-05-22T12:00:00+05:30,93.02,93.15,93.0,93.12,17759,0
2026-05-22T12:15:00+05:30,93.12,93.3,92.84,93.09,22417,0
2026-05-22T12:30:00+05:30,93.08,95.7,93.0,95.1,219177,0
2026-05-22T12:45:00+05:30,95.1,96.0,95.0,95.56,188815,0
2026-05-22T13:00:00+05:30,95.49,95.49,94.5,94.81,63813,0
2026-05-22T13:15:00+05:30,94.81,94.92,94.6,94.74,6829,0
2026-05-22T13:30:00+05:30,94.75,94.79,93.69,93.8,92900,0
2026-05-22T13:45:00+05:30,93.8,94.32,93.6,94.1,28152,0
2026-05-22T14:00:00+05:30,94.1,94.23,93.45,93.78,85352,0
2026-05-22T14:15:00+05:30,93.78,93.89,93.0,93.26,59359,0
2026-05-22T14:30:00+05:30,93.25,93.47,92.97,93.28,37817,0
2026-05-22T14:45:00+05:30,93.15,93.54,93.12,93.27,22562,0
2026-05-22T15:00:00+05:30,93.25,93.27,92.75,92.75,45447,0
2026-05-22T15:15:00+05:30,92.75,93.18,92.5,92.65,100937,0
2026-05-25T09:15:00+05:30,94.12,95.13,94.07,94.32,139024,0
2026-05-25T09:30:00+05:30,94.39,96.0,93.95,95.4,116736,0
2026-05-25T09:45:00+05:30,95.4,98.5,95.4,97.56,576002,0
2026-05-25T10:00:00+05:30,97.56,97.69,96.63,96.9,162641,0
2026-05-25T10:15:00+05:30,96.97,98.0,96.25,96.39,105869,0
2026-05-25T10:30:00+05:30,96.32,96.48,95.9,95.9,58670,0
2026-05-25T10:45:00+05:30,95.95,96.37,95.71,96.04,64619,0
2026-05-25T11:00:00+05:30,96.14,96.19,95.5,95.79,49722,0
2026-05-25T11:15:00+05:30,95.75,95.98,95.39,95.54,32176,0
2026-05-25T11:30:00+05:30,95.61,95.69,95.4,95.64,10853,0
2026-05-25T11:45:00+05:30,95.64,95.76,95.1,95.2,32279,0
2026-05-25T12:00:00+05:30,95.2,95.29,95.01,95.01,22744,0
2026-05-25T12:15:00+05:30,95.05,95.14,94.82,94.82,32764,0
2026-05-25T12:30:00+05:30,94.92,94.94,94.6,94.8,25422,0
2026-05-25T12:45:00+05:30,94.86,95.29,94.65,95.2,44502,0
2026-05-25T13:00:00+05:30,95.2,95.53,95.0,95.46,34372,0
2026-05-25T13:15:00+05:30,95.48,96.0,95.4,95.67,30267,0
2026-05-25T13:30:00+05:30,95.68,95.79,95.35,95.43,12169,0
2026-05-25T13:45:00+05:30,95.36,95.6,95.21,95.5,22269,0
2026-05-25T14:00:00+05:30,95.38,95.51,95.32,95.33,8257,0
2026-05-25T14:15:00+05:30,95.33,95.55,95.25,95.46,12904,0
2026-05-25T14:30:00+05:30,95.5,95.8,95.35,95.8,21374,0
2026-05-25T14:45:00+05:30,95.73,96.0,95.65,95.75,50534,0
2026-05-25T15:00:00+05:30,95.84,95.84,95.24,95.4,81481,0
2026-05-25T15:15:00+05:30,95.41,95.53,94.95,95.4,93561,0
2026-05-26T09:15:00+05:30,95.6,95.6,94.01,95.2,88069,0
2026-05-26T09:30:00+05:30,95.19,95.5,94.85,95.12,60516,0
2026-05-26T09:45:00+05:30,95.17,95.3,94.81,95.0,32433,0
2026-05-26T10:00:00+05:30,95.03,95.38,94.2,95.02,68011,0
2026-05-26T10:15:00+05:30,95.0,95.45,94.76,95.45,20916,0
2026-05-26T10:30:00+05:30,95.45,95.88,95.17,95.47,39683,0
2026-05-26T10:45:00+05:30,95.47,95.5,95.1,95.36,23405,0
2026-05-26T11:00:00+05:30,95.5,95.72,94.72,95.22,41469,0
2026-05-26T11:15:00+05:30,95.12,95.15,94.72,94.72,18176,0
2026-05-26T11:30:00+05:30,94.72,94.97,94.72,94.92,7284,0
2026-05-26T11:45:00+05:30,94.93,94.93,94.1,94.41,41740,0
2026-05-26T12:00:00+05:30,94.3,94.75,94.27,94.66,10007,0
2026-05-26T12:15:00+05:30,94.66,94.66,94.51,94.51,8471,0
2026-05-26T12:30:00+05:30,94.52,94.68,94.39,94.43,20826,0
2026-05-26T12:45:00+05:30,94.43,94.47,94.23,94.35,10484,0
2026-05-26T13:00:00+05:30,94.35,94.4,94.2,94.21,7103,0
2026-05-26T13:15:00+05:30,94.21,94.5,94.1,94.43,19355,0
2026-05-26T13:30:00+05:30,94.32,94.38,94.01,94.01,26534,0
2026-05-26T13:45:00+05:30,94.03,94.13,93.91,94.01,35749,0
2026-05-26T14:00:00+05:30,94.13,94.13,93.65,94.0,16933,0
2026-05-26T14:15:00+05:30,93.93,94.23,93.76,94.2,16925,0
2026-05-26T14:30:00+05:30,94.17,94.24,93.8,93.85,24781,0
2026-05-26T14:45:00+05:30,93.93,94.18,93.85,94.03,21380,0
2026-05-26T15:00:00+05:30,94.14,94.71,94.0,94.16,45277,0
2026-05-26T15:15:00+05:30,94.0,94.44,93.71,94.26,63491,0
2026-05-27T09:15:00+05:30,94.2,94.87,93.53,93.96,75291,0
2026-05-27T09:30:00+05:30,93.95,93.95,93.5,93.84,32891,0
2026-05-27T09:45:00+05:30,93.87,94.0,93.55,93.66,38533,0
2026-05-27T10:00:00+05:30,93.55,93.76,93.4,93.55,36107,0
2026-05-27T10:15:00+05:30,93.56,93.81,93.26,93.56,24848,0
2026-05-27T10:30:00+05:30,93.56,93.57,93.32,93.41,15515,0
2026-05-27T10:45:00+05:30,93.35,93.88,93.35,93.8,17715,0
2026-05-27T11:00:00+05:30,93.79,93.88,93.52,93.65,19918,0
2026-05-27T11:15:00+05:30,93.64,93.8,93.57,93.58,7566,0
2026-05-27T11:30:00+05:30,93.65,93.65,93.33,93.33,23244,0
2026-05-27T11:45:00+05:30,93.39,93.43,93.01,93.13,21628,0
2026-05-27T12:00:00+05:30,93.06,93.06,92.8,92.99,38972,0
2026-05-27T12:15:00+05:30,92.98,93.15,92.9,92.99,14674,0
2026-05-27T12:30:00+05:30,92.91,93.1,92.9,93.1,9163,0
2026-05-27T12:45:00+05:30,93.04,93.17,93.0,93.08,11805,0
2026-05-27T13:00:00+05:30,93.05,93.13,92.84,92.95,33189,0
2026-05-27T13:15:00+05:30,92.95,92.99,92.85,92.99,1584,0
2026-05-27T13:30:00+05:30,92.95,93.01,92.84,92.89,9956,0
2026-05-27T13:45:00+05:30,92.9,93.1,92.9,93.05,5643,0
2026-05-27T14:00:00+05:30,93.05,93.3,93.0,93.14,13769,0
2026-05-27T14:15:00+05:30,93.13,93.24,93.02,93.02,16665,0
2026-05-27T14:30:00+05:30,93.02,93.2,92.84,93.1,22158,0
2026-05-27T14:45:00+05:30,93.08,93.59,93.0,93.15,23503,0
2026-05-27T15:00:00+05:30,93.15,93.58,93.0,93.1,43489,0
2026-05-27T15:15:00+05:30,93.06,93.3,93.01,93.26,51641,0
2026-05-29T09:15:00+05:30,93.19,94.14,92.65,92.73,100640,0
2026-05-29T09:30:00+05:30,92.75,93.19,92.5,92.6,62772,0
2026-05-29T09:45:00+05:30,92.55,93.08,92.38,92.41,41208,0
2026-05-29T10:00:00+05:30,92.47,92.8,92.32,92.67,17151,0
2026-05-29T10:15:00+05:30,92.66,93.0,92.65,92.81,19377,0
2026-05-29T10:30:00+05:30,92.71,94.24,92.58,93.94,94963,0
2026-05-29T10:45:00+05:30,93.99,95.25,93.74,94.7,184387,0
2026-05-29T11:00:00+05:30,94.72,94.75,94.26,94.38,28018,0
2026-05-29T11:15:00+05:30,94.37,95.19,94.32,94.91,61364,0
2026-05-29T11:30:00+05:30,94.85,95.0,94.21,94.44,51829,0
2026-05-29T11:45:00+05:30,94.46,94.65,93.85,94.0,57756,0
2026-05-29T12:00:00+05:30,93.96,94.3,93.7,93.89,38388,0
2026-05-29T12:15:00+05:30,93.8,94.09,93.62,94.09,15454,0
2026-05-29T12:30:00+05:30,94.08,96.24,94.06,95.15,323632,0
2026-05-29T12:45:00+05:30,95.15,95.15,93.99,94.4,57675,0
2026-05-29T13:00:00+05:30,94.32,96.79,94.1,96.69,167938,0
2026-05-29T13:15:00+05:30,96.74,101.0,96.57,99.15,1515541,0
2026-05-29T13:30:00+05:30,99.28,99.68,98.31,99.29,355002,0
2026-05-29T13:45:00+05:30,99.25,101.75,99.01,100.57,771534,0
2026-05-29T14:00:00+05:30,100.57,100.72,98.93,99.15,409493,0
2026-05-29T14:15:00+05:30,99.07,99.15,98.53,98.9,135424,0
2026-05-29T14:30:00+05:30,98.85,99.6,98.7,99.15,126631,0
2026-05-29T14:45:00+05:30,99.18,99.4,98.67,99.09,138868,0
2026-05-29T15:00:00+05:30,99.06,99.16,97.12,97.21,377576,0
2026-05-29T15:15:00+05:30,97.25,97.99,97.1,97.2,222171,0
2026-06-01T09:15:00+05:30,98.25,102.2,97.52,101.91,824334,0
2026-06-01T09:30:00+05:30,101.99,102.19,99.52,99.56,411913,0
2026-06-01T09:45:00+05:30,99.55,99.85,97.51,97.87,261378,0
2026-06-01T10:00:00+05:30,97.97,98.06,96.36,97.15,217327,0
2026-06-01T10:15:00+05:30,97.14,97.36,96.37,97.19,84718,0
2026-06-01T10:30:00+05:30,97.23,97.72,96.74,97.3,59902,0
2026-06-01T10:45:00+05:30,97.34,99.1,97.26,98.83,113481,0
2026-06-01T11:00:00+05:30,98.85,99.9,98.46,99.37,107393,0
2026-06-01T11:15:00+05:30,99.41,99.87,98.77,99.0,71352,0
2026-06-01T11:30:00+05:30,99.08,99.19,98.26,99.1,66875,0
2026-06-01T11:45:00+05:30,99.03,100.49,98.66,99.67,94505,0
2026-06-01T12:00:00+05:30,99.55,99.91,99.24,99.87,63238,0
2026-06-01T12:15:00+05:30,99.75,99.84,99.07,99.41,17871,0
2026-06-01T12:30:00+05:30,99.23,99.37,98.6,99.14,33005,0
2026-06-01T12:45:00+05:30,99.13,99.64,98.92,99.35,44518,0
2026-06-01T13:00:00+05:30,99.47,99.47,98.2,98.41,59149,0
2026-06-01T13:15:00+05:30,98.38,98.78,98.38,98.6,16395,0
2026-06-01T13:30:00+05:30,98.6,98.8,98.51,98.72,12435,0
2026-06-01T13:45:00+05:30,98.65,98.72,98.23,98.37,19248,0
2026-06-01T14:00:00+05:30,98.24,98.34,97.53,97.58,64077,0
2026-06-01T14:15:00+05:30,97.53,98.25,97.4,97.9,47190,0
2026-06-01T14:30:00+05:30,97.95,99.6,97.82,99.09,52064,0
2026-06-01T14:45:00+05:30,99.16,100.2,98.54,98.64,108109,0
2026-06-01T15:00:00+05:30,98.65,100.0,97.37,98.5,193927,0
2026-06-01T15:15:00+05:30,98.45,99.0,97.25,97.97,164860,0
2026-06-02T09:15:00+05:30,98.5,98.5,95.66,96.2,223638,0
2026-06-02T09:30:00+05:30,96.16,96.35,95.68,95.87,110042,0
2026-06-02T09:45:00+05:30,95.85,96.0,95.4,96.0,94974,0
2026-06-02T10:00:00+05:30,96.09,96.7,95.81,95.81,53844,0
2026-06-02T10:15:00+05:30,95.81,96.58,95.64,96.53,50165,0
2026-06-02T10:30:00+05:30,96.53,96.57,95.82,96.3,42085,0
2026-06-02T10:45:00+05:30,96.32,96.4,95.35,95.37,33324,0
2026-06-02T11:00:00+05:30,95.37,95.77,95.37,95.74,21310,0
2026-06-02T11:15:00+05:30,95.74,96.13,95.63,95.93,13989,0
2026-06-02T11:30:00+05:30,95.87,96.17,95.71,95.72,19198,0
2026-06-02T11:45:00+05:30,95.73,95.83,95.0,95.21,48904,0
2026-06-02T12:00:00+05:30,95.11,95.4,94.84,95.32,66259,0
2026-06-02T12:15:00+05:30,95.3,95.51,94.9,95.02,43905,0
2026-06-02T12:30:00+05:30,95.07,95.53,95.02,95.4,22021,0
2026-06-02T12:45:00+05:30,95.48,96.29,95.48,96.27,35320,0
2026-06-02T13:00:00+05:30,96.27,98.5,96.0,97.58,214349,0
2026-06-02T13:15:00+05:30,97.69,101.4,97.2,100.54,533316,0
2026-06-02T13:30:00+05:30,100.53,101.25,99.37,100.71,315686,0
2026-06-02T13:45:00+05:30,100.7,102.0,100.06,100.33,487076,0
2026-06-02T14:00:00+05:30,100.33,102.44,99.71,101.64,468281,0
2026-06-02T14:15:00+05:30,101.62,101.7,100.76,101.2,244089,0
2026-06-02T14:30:00+05:30,101.11,101.16,99.34,99.71,244830,0
2026-06-02T14:45:00+05:30,99.8,100.58,99.7,99.97,129007,0
2026-06-02T15:00:00+05:30,99.89,100.4,99.76,100.19,106226,0
2026-06-02T15:15:00+05:30,100.19,101.5,100.18,101.25,397548,0
2026-06-03T09:15:00+05:30,104.5,106.94,102.6,102.8,1710739,0
2026-06-03T09:30:00+05:30,102.79,104.79,102.2,104.15,496273,0
2026-06-03T09:45:00+05:30,104.21,104.88,102.2,103.07,423268,0
2026-06-03T10:00:00+05:30,103.14,103.75,102.8,103.1,143430,0
2026-06-03T10:15:00+05:30,103.1,103.36,102.75,103.05,93316,0
2026-06-03T10:30:00+05:30,103.05,104.0,102.9,103.61,138782,0
2026-06-03T10:45:00+05:30,103.49,104.26,103.42,104.2,110926,0
2026-06-03T11:00:00+05:30,104.2,104.3,103.51,103.89,128098,0
2026-06-03T11:15:00+05:30,103.95,105.84,103.8,105.7,426305,0
2026-06-03T11:30:00+05:30,105.59,105.99,104.5,104.76,302222,0
2026-06-03T11:45:00+05:30,104.71,104.99,104.5,104.75,118947,0
2026-06-03T12:00:00+05:30,104.75,104.78,103.6,104.24,254543,0
2026-06-03T12:15:00+05:30,104.21,105.35,104.0,104.81,151656,0
2026-06-03T12:30:00+05:30,104.87,105.96,104.67,105.51,194818,0
2026-06-03T12:45:00+05:30,105.52,106.26,105.51,105.55,291580,0
2026-06-03T13:00:00+05:30,105.55,105.86,105.16,105.55,124203,0
2026-06-03T13:15:00+05:30,105.6,106.25,105.51,106.15,102483,0
2026-06-03T13:30:00+05:30,106.15,107.5,105.93,107.47,411130,0
2026-06-03T13:45:00+05:30,107.47,108.48,106.5,108.3,497012,0
2026-06-03T14:00:00+05:30,108.27,109.0,107.39,107.87,772205,0
2026-06-03T14:15:00+05:30,107.8,112.4,107.16,112.2,1313583,0
2026-06-03T14:30:00+05:30,112.2,115.8,112.02,113.3,2563948,0
2026-06-03T14:45:00+05:30,113.22,114.5,112.44,113.27,1054726,0
2026-06-03T15:00:00+05:30,113.29,113.5,111.63,111.84,815673,0
2026-06-03T15:15:00+05:30,111.9,113.14,111.33,112.09,913708,0
2026-06-04T09:15:00+05:30,111.9,112.95,109.54,110.48,637429,0
2026-06-04T09:30:00+05:30,110.47,110.85,109.35,109.63,242863,0
2026-06-04T09:45:00+05:30,109.63,109.99,108.72,108.85,206626,0
2026-06-04T10:00:00+05:30,108.85,110.19,108.37,109.6,232961,0
2026-06-04T10:15:00+05:30,109.78,109.88,109.2,109.35,78842,0
2026-06-04T10:30:00+05:30,109.46,109.47,108.61,108.93,95327,0
2026-06-04T10:45:00+05:30,108.93,109.3,108.7,108.9,95461,0
2026-06-04T11:00:00+05:30,108.77,109.0,108.1,108.73,104667,0
2026-06-04T11:15:00+05:30,108.61,108.73,108.27,108.46,42206,0
2026-06-04T11:30:00+05:30,108.46,110.85,108.17,110.8,182885,0
2026-06-04T11:45:00+05:30,110.78,112.32,110.6,111.6,383734,0
2026-06-04T12:00:00+05:30,111.57,114.4,110.95,113.5,646533,0
2026-06-04T12:15:00+05:30,113.45,114.9,112.65,113.1,404532,0
2026-06-04T12:30:00+05:30,113.03,113.24,111.7,112.09,199605,0
2026-06-04T12:45:00+05:30,112.09,112.4,111.94,112.18,76585,0
2026-06-04T13:00:00+05:30,112.18,112.68,111.2,111.6,160812,0
2026-06-04T13:15:00+05:30,111.6,112.68,111.3,112.29,85048,0
2026-06-04T13:30:00+05:30,112.28,112.4,111.67,112.06,78054,0
2026-06-04T13:45:00+05:30,112.06,112.65,111.72,112.36,108362,0
2026-06-04T14:00:00+05:30,112.36,112.5,111.57,111.62,44953,0
2026-06-04T14:15:00+05:30,111.6,112.34,111.0,112.02,86622,0
2026-06-04T14:30:00+05:30,111.98,112.65,111.72,111.78,66238,0
2026-06-04T14:45:00+05:30,111.85,112.25,111.0,111.72,75180,0
2026-06-04T15:00:00+05:30,111.78,112.24,111.0,111.05,168773,0
2026-06-04T15:15:00+05:30,111.06,111.49,110.15,110.31,184013,0
2026-06-05T09:15:00+05:30,111.46,112.15,108.8,108.85,304907,0
2026-06-05T09:30:00+05:30,108.96,109.62,107.55,107.84,213282,0
2026-06-05T09:45:00+05:30,107.84,107.85,106.57,106.78,223748,0
2026-06-05T10:00:00+05:30,106.78,107.64,106.28,106.84,237942,0
2026-06-05T10:15:00+05:30,106.87,107.69,106.73,106.95,78321,0
2026-06-05T10:30:00+05:30,106.96,107.5,105.62,105.88,181966,0
2026-06-05T10:45:00+05:30,105.88,106.73,105.55,106.62,90328,0
2026-06-05T11:00:00+05:30,106.69,107.2,106.54,106.78,61232,0
2026-06-05T11:15:00+05:30,106.7,106.9,106.04,106.3,51282,0
2026-06-05T11:30:00+05:30,106.3,106.37,105.8,106.04,38157,0
2026-06-05T11:45:00+05:30,106.0,106.2,105.81,105.98,36946,0
2026-06-05T12:00:00+05:30,105.98,106.21,105.8,106.2,32516,0
2026-06-05T12:15:00+05:30,106.19,106.44,105.86,105.87,42324,0
2026-06-05T12:30:00+05:30,105.91,106.05,105.58,105.88,43497,0
2026-06-05T12:45:00+05:30,105.88,106.09,105.6,105.7,30860,0
2026-06-05T13:00:00+05:30,105.7,105.89,105.01,105.1,64103,0
2026-06-05T13:15:00+05:30,105.1,105.31,103.62,103.84,229308,0
2026-06-05T13:30:00+05:30,103.84,104.11,103.45,103.93,113195,0
2026-06-05T13:45:00+05:30,103.84,104.32,103.67,104.15,55611,0
2026-06-05T14:00:00+05:30,104.17,104.77,104.11,104.21,64206,0
2026-06-05T14:15:00+05:30,104.21,104.5,103.73,104.33,66726,0
2026-06-05T14:30:00+05:30,104.3,104.92,103.8,104.78,99049,0
2026-06-05T14:45:00+05:30,104.75,105.39,104.28,104.68,148250,0
2026-06-05T15:00:00+05:30,104.65,104.79,103.65,104.2,142573,0
2026-06-05T15:15:00+05:30,104.2,104.9,103.66,104.39,235148,0
2026-06-08T09:15:00+05:30,103.4,106.3,100.11,102.8,465541,0
2026-06-08T09:30:00+05:30,102.8,102.8,100.3,101.59,320187,0
2026-06-08T09:45:00+05:30,101.6,102.63,100.87,102.63,92389,0
2026-06-08T10:00:00+05:30,102.77,102.91,102.0,102.4,70483,0
2026-06-08T10:15:00+05:30,102.33,102.98,102.03,102.4,39992,0
2026-06-08T10:30:00+05:30,102.43,103.97,102.35,103.5,106464,0
2026-06-08T10:45:00+05:30,103.48,103.52,102.9,103.0,39684,0
2026-06-08T11:00:00+05:30,103.06,103.27,102.6,102.67,20217,0
2026-06-08T11:15:00+05:30,102.68,102.89,102.25,102.49,28576,0
2026-06-08T11:30:00+05:30,102.5,102.9,102.41,102.82,14119,0
2026-06-08T11:45:00+05:30,102.85,103.05,102.22,102.25,20988,0
2026-06-08T12:00:00+05:30,102.25,102.48,101.87,102.25,26221,0
2026-06-08T12:15:00+05:30,102.36,102.8,102.18,102.6,15963,0
2026-06-08T12:30:00+05:30,102.55,102.9,102.45,102.9,9808,0
2026-06-08T12:45:00+05:30,102.96,103.25,102.88,102.95,25861,0
2026-06-08T13:00:00+05:30,102.9,102.95,102.35,102.4,32783,0
2026-06-08T13:15:00+05:30,102.42,102.85,102.2,102.5,39859,0
2026-06-08T13:30:00+05:30,102.54,102.63,102.25,102.31,37914,0
2026-06-08T13:45:00+05:30,102.31,102.5,101.51,101.6,97508,0
2026-06-08T14:00:00+05:30,101.72,101.94,101.21,101.42,51011,0
2026-06-08T14:15:00+05:30,101.42,101.55,100.2,100.55,124665,0
2026-06-08T14:30:00+05:30,100.66,101.02,99.54,100.23,163305,0
2026-06-08T14:45:00+05:30,100.4,100.97,100.0,100.42,82882,0
2026-06-08T15:00:00+05:30,100.44,100.44,99.52,100.1,125490,0
2026-06-08T15:15:00+05:30,100.08,100.2,99.0,99.2,239051,0
2026-06-09T09:15:00+05:30,100.1,103.56,100.1,101.88,298502,0
2026-06-09T09:30:00+05:30,101.88,103.0,101.64,102.2,87165,0
2026-06-09T09:45:00+05:30,102.26,104.0,101.8,103.09,147508,0
2026-06-09T10:00:00+05:30,103.02,103.39,102.42,102.92,73215,0
2026-06-09T10:15:00+05:30,102.95,103.18,102.2,102.31,42157,0
2026-06-09T10:30:00+05:30,102.31,102.4,101.92,102.25,49164,0
2026-06-09T10:45:00+05:30,102.32,102.5,101.66,101.97,24384,0
2026-06-09T11:00:00+05:30,101.97,102.32,101.8,101.93,35852,0
2026-06-09T11:15:00+05:30,101.94,102.23,101.56,101.87,18357,0
2026-06-09T11:30:00+05:30,101.97,102.22,101.72,102.2,10032,0
2026-06-09T11:45:00+05:30,102.11,102.8,102.1,102.27,63579,0
2026-06-09T12:00:00+05:30,102.28,102.66,102.13,102.34,13938,0
2026-06-09T12:15:00+05:30,102.36,102.89,102.34,102.58,46084,0
2026-06-09T12:30:00+05:30,102.6,102.65,102.3,102.49,24456,0
2026-06-09T12:45:00+05:30,102.49,103.15,102.49,102.8,28877,0
2026-06-09T13:00:00+05:30,102.9,103.7,102.9,103.4,65285,0
2026-06-09T13:15:00+05:30,103.37,103.51,102.86,103.2,31461,0
2026-06-09T13:30:00+05:30,103.3,103.47,102.75,103.09,14061,0
2026-06-09T13:45:00+05:30,103.09,103.2,102.62,103.2,34621,0
2026-06-09T14:00:00+05:30,103.2,103.23,102.61,103.09,24464,0
2026-06-09T14:15:00+05:30,103.07,103.28,102.8,103.15,23975,0
2026-06-09T14:30:00+05:30,103.19,103.28,102.93,103.12,24233,0
2026-06-09T14:45:00+05:30,103.06,103.36,102.8,103.3,31694,0
2026-06-09T15:00:00+05:30,103.29,103.85,102.8,103.62,75515,0
2026-06-09T15:15:00+05:30,103.62,103.94,102.8,102.8,131009,0
2026-06-10T09:15:00+05:30,102.72,103.99,101.51,101.98,162597,0
2026-06-10T09:30:00+05:30,101.98,102.2,101.52,101.75,48786,0
2026-06-10T09:45:00+05:30,101.75,102.5,101.57,101.97,45906,0
2026-06-10T10:00:00+05:30,101.94,101.98,100.8,101.04,72495,0
2026-06-10T10:15:00+05:30,101.04,101.42,100.71,101.11,41807,0
2026-06-10T10:30:00+05:30,101.19,101.6,100.98,101.4,21165,0
2026-06-10T10:45:00+05:30,101.35,101.48,100.8,101.0,20751,0
2026-06-10T11:00:00+05:30,101.08,101.36,100.91,101.15,18832,0
2026-06-10T11:15:00+05:30,101.17,101.38,100.91,101.33,23283,0
2026-06-10T11:30:00+05:30,101.32,101.43,100.91,100.97,15178,0
2026-06-10T11:45:00+05:30,100.97,100.97,100.51,100.77,38763,0
2026-06-10T12:00:00+05:30,100.81,100.84,100.4,100.7,20313,0
2026-06-10T12:15:00+05:30,100.71,100.75,100.18,100.25,13955,0
2026-06-10T12:30:00+05:30,100.24,100.4,100.1,100.15,27625,0
2026-06-10T12:45:00+05:30,100.12,100.46,100.01,100.41,28459,0
2026-06-10T13:00:00+05:30,100.49,100.88,100.49,100.54,11530,0
2026-06-10T13:15:00+05:30,100.51,100.61,100.21,100.41,14815,0
2026-06-10T13:30:00+05:30,100.36,100.47,100.2,100.28,6482,0
2026-06-10T13:45:00+05:30,100.28,100.43,100.11,100.2,16727,0
2026-06-10T14:00:00+05:30,100.18,100.34,99.84,100.0,50471,0
2026-06-10T14:15:00+05:30,100.0,100.36,100.0,100.15,12442,0
2026-06-10T14:30:00+05:30,100.15,100.22,99.61,99.9,34522,0
2026-06-10T14:45:00+05:30,99.84,100.0,99.6,99.69,28721,0
2026-06-10T15:00:00+05:30,99.7,100.99,99.13,100.32,81301,0
2026-06-10T15:15:00+05:30,100.26,100.34,99.5,99.6,79090,0
2026-06-11T09:15:00+05:30,99.7,99.7,97.33,98.78,202512,0
2026-06-11T09:30:00+05:30,98.76,99.04,98.01,98.33,120181,0
2026-06-11T09:45:00+05:30,98.3,98.49,97.5,97.65,55966,0
2026-06-11T10:00:00+05:30,97.6,98.24,97.5,97.85,70121,0
2026-06-11T10:15:00+05:30,97.95,98.4,97.85,98.12,23225,0
2026-06-11T10:30:00+05:30,98.11,98.31,97.75,97.8,43492,0
2026-06-11T10:45:00+05:30,97.81,97.86,97.0,97.12,75504,0
2026-06-11T11:00:00+05:30,97.12,97.39,96.77,97.1,54955,0
2026-06-11T11:15:00+05:30,97.1,98.17,96.98,98.02,74830,0
2026-06-11T11:30:00+05:30,98.03,98.1,97.54,97.78,35966,0
2026-06-11T11:45:00+05:30,97.85,98.3,97.85,98.0,36527,0
2026-06-11T12:00:00+05:30,98.07,98.15,97.58,97.92,9029,0
2026-06-11T12:15:00+05:30,97.92,97.96,97.73,97.75,10056,0
2026-06-11T12:30:00+05:30,97.75,97.8,97.11,97.17,17081,0
2026-06-11T12:45:00+05:30,97.24,97.28,96.8,97.04,28987,0
2026-06-11T13:00:00+05:30,97.01,97.09,96.5,96.64,31874,0
2026-06-11T13:15:00+05:30,96.62,96.75,95.72,96.03,82188,0
2026-06-11T13:30:00+05:30,96.0,96.17,95.51,95.73,30932,0
2026-06-11T13:45:00+05:30,95.63,96.7,95.56,96.42,61896,0
2026-06-11T14:00:00+05:30,96.42,96.77,96.02,96.05,14394,0
2026-06-11T14:15:00+05:30,96.05,96.79,96.05,96.65,14262,0
2026-06-11T14:30:00+05:30,96.62,96.85,96.45,96.5,13084,0
2026-06-11T14:45:00+05:30,96.5,96.6,96.01,96.22,29682,0
2026-06-11T15:00:00+05:30,96.25,96.6,95.88,96.39,84341,0
2026-06-11T15:15:00+05:30,96.44,97.0,96.05,97.0,104875,0
2026-06-12T09:15:00+05:30,98.1,100.33,98.01,98.85,200790,0
2026-06-12T09:30:00+05:30,98.94,99.67,98.72,99.33,40508,0
2026-06-12T09:45:00+05:30,99.26,99.99,99.11,99.51,98103,0
2026-06-12T10:00:00+05:30,99.42,99.51,98.5,99.19,36275,0
2026-06-12T10:15:00+05:30,99.3,100.2,99.03,100.1,58844,0
2026-06-12T10:30:00+05:30,100.1,100.1,99.5,99.65,24576,0
2026-06-12T10:45:00+05:30,99.65,99.67,99.05,99.18,25124,0
2026-06-12T11:00:00+05:30,99.23,99.31,98.85,99.08,10276,0
2026-06-12T11:15:00+05:30,99.08,99.49,99.08,99.34,12087,0
2026-06-12T11:30:00+05:30,99.24,99.69,99.16,99.51,16230,0
2026-06-12T11:45:00+05:30,99.52,101.9,99.48,101.5,226496,0
2026-06-12T12:00:00+05:30,101.59,101.6,100.64,100.76,33993,0
2026-06-12T12:15:00+05:30,100.76,102.95,100.66,102.89,184185,0
2026-06-12T12:30:00+05:30,102.89,102.89,101.45,101.64,170247,0
2026-06-12T12:45:00+05:30,101.63,101.97,101.37,101.91,43209,0
2026-06-12T13:00:00+05:30,101.93,101.93,101.52,101.81,30932,0
2026-06-12T13:15:00+05:30,101.88,102.76,101.83,102.51,78007,0
2026-06-12T13:30:00+05:30,102.51,102.61,102.29,102.4,49640,0
2026-06-12T13:45:00+05:30,102.3,102.7,102.15,102.46,44680,0
2026-06-12T14:00:00+05:30,102.47,103.09,102.18,102.53,70797,0
2026-06-12T14:15:00+05:30,102.57,103.6,102.56,103.6,130618,0
2026-06-12T14:30:00+05:30,103.6,103.65,102.72,103.19,72969,0
2026-06-12T14:45:00+05:30,103.19,103.35,102.7,102.77,55240,0
2026-06-12T15:00:00+05:30,102.84,102.96,102.2,102.62,118191,0
2026-06-12T15:15:00+05:30,102.72,102.72,102.05,102.05,127745,0
2026-06-15T09:15:00+05:30,104.1,107.4,103.26,104.5,311852,0
2026-06-15T09:30:00+05:30,104.47,104.5,103.62,104.42,83034,0
2026-06-15T09:45:00+05:30,104.4,104.7,104.0,104.02,50139,0
2026-06-15T10:00:00+05:30,104.13,104.5,103.5,103.72,57628,0
2026-06-15T10:15:00+05:30,103.54,104.17,103.54,104.02,33919,0
2026-06-15T10:30:00+05:30,104.1,104.17,103.74,104.12,15643,0
2026-06-15T10:45:00+05:30,104.01,104.48,103.91,104.35,20172,0
2026-06-15T11:00:00+05:30,104.33,104.33,103.8,103.93,17450,0
2026-06-15T11:15:00+05:30,103.9,104.0,103.8,103.89,9712,0
2026-06-15T11:30:00+05:30,103.98,103.99,103.59,103.75,21507,0
2026-06-15T11:45:00+05:30,103.67,103.75,103.31,103.62,35105,0
2026-06-15T12:00:00+05:30,103.51,103.75,103.05,103.2,21341,0
2026-06-15T12:15:00+05:30,103.33,103.33,102.9,103.0,31085,0
2026-06-15T12:30:00+05:30,103.0,103.1,102.9,103.09,9378,0
2026-06-15T12:45:00+05:30,103.09,103.1,102.85,103.1,22549,0
2026-06-15T13:00:00+05:30,103.1,103.1,102.98,103.1,17830,0
2026-06-15T13:15:00+05:30,103.09,103.45,103.01,103.15,18203,0
2026-06-15T13:30:00+05:30,103.15,103.34,102.9,103.07,16266,0
2026-06-15T13:45:00+05:30,103.07,103.27,102.8,103.04,21090,0
2026-06-15T14:00:00+05:30,103.18,103.48,103.05,103.4,20449,0
2026-06-15T14:15:00+05:30,103.37,104.85,103.26,104.85,86343,0
2026-06-15T14:30:00+05:30,104.76,105.45,104.2,104.5,151619,0
2026-06-15T14:45:00+05:30,104.52,104.94,104.28,104.58,64265,0
2026-06-15T15:00:00+05:30,104.67,104.9,103.41,103.72,143278,0
2026-06-15T15:15:00+05:30,103.55,103.71,103.0,103.4,101511,0
2026-06-16T09:15:00+05:30,103.94,104.49,102.5,103.86,202000,0
2026-06-16T09:30:00+05:30,103.86,106.18,103.69,105.07,421010,0
2026-06-16T09:45:00+05:30,105.18,105.29,104.55,104.58,63316,0
2026-06-16T10:00:00+05:30,104.7,104.7,104.05,104.33,55506,0
2026-06-16T10:15:00+05:30,104.34,105.29,104.24,104.75,40326,0
2026-06-16T10:30:00+05:30,104.71,105.1,104.2,104.25,25666,0
2026-06-16T10:45:00+05:30,104.25,104.48,103.9,104.0,37382,0
2026-06-16T11:00:00+05:30,103.96,104.01,103.5,103.54,36288,0
2026-06-16T11:15:00+05:30,103.55,103.97,103.4,103.73,18584,0
2026-06-16T11:30:00+05:30,103.84,103.87,103.32,103.55,15280,0
2026-06-16T11:45:00+05:30,103.51,103.65,103.25,103.25,13841,0
2026-06-16T12:00:00+05:30,103.37,104.03,103.0,103.73,30813,0
2026-06-16T12:15:00+05:30,103.73,104.0,103.51,103.98,20654,0
2026-06-16T12:30:00+05:30,103.98,103.98,103.51,103.75,10702,0
2026-06-16T12:45:00+05:30,103.84,103.87,103.56,103.87,10759,0
2026-06-16T13:00:00+05:30,103.89,104.09,103.74,104.0,21558,0
2026-06-16T13:15:00+05:30,104.0,104.74,103.93,104.72,27998,0
2026-06-16T13:30:00+05:30,104.62,104.68,104.22,104.28,10115,0
2026-06-16T13:45:00+05:30,104.28,104.52,104.05,104.25,21266,0
2026-06-16T14:00:00+05:30,104.3,105.12,104.29,104.92,34531,0
2026-06-16T14:15:00+05:30,104.92,104.93,104.54,104.64,9568,0
2026-06-16T14:30:00+05:30,104.63,104.67,104.15,104.19,50832,0
2026-06-16T14:45:00+05:30,104.2,104.5,103.79,104.33,49341,0
2026-06-16T15:00:00+05:30,104.45,104.8,104.02,104.46,56320,0
2026-06-16T15:15:00+05:30,104.27,104.55,103.91,104.06,82979,0
2026-06-17T09:15:00+05:30,103.75,104.65,103.1,104.06,129892,0
2026-06-17T09:30:00+05:30,104.22,104.75,103.9,104.5,93599,0
2026-06-17T09:45:00+05:30,104.41,104.47,103.22,103.33,87607,0
2026-06-17T10:00:00+05:30,103.35,103.64,102.8,102.94,58447,0
2026-06-17T10:15:00+05:30,102.98,103.31,102.82,102.99,53954,0
2026-06-17T10:30:00+05:30,102.93,103.71,102.9,103.34,35694,0
2026-06-17T10:45:00+05:30,103.36,103.75,103.18,103.3,26609,0
2026-06-17T11:00:00+05:30,103.29,103.33,103.02,103.24,15002,0
2026-06-17T11:15:00+05:30,103.24,103.45,103.11,103.31,9853,0
2026-06-17T11:30:00+05:30,103.31,103.79,103.01,103.36,31211,0
2026-06-17T11:45:00+05:30,103.36,103.45,103.16,103.29,27184,0
2026-06-17T12:00:00+05:30,103.29,103.53,103.11,103.25,9694,0
2026-06-17T12:15:00+05:30,103.34,103.56,103.16,103.25,7841,0
2026-06-17T12:30:00+05:30,103.25,103.25,102.52,103.12,45173,0
2026-06-17T12:45:00+05:30,102.96,103.21,102.8,102.96,10249,0
2026-06-17T13:00:00+05:30,102.9,102.94,102.7,102.7,6861,0
2026-06-17T13:15:00+05:30,102.71,103.19,102.71,103.16,14455,0
2026-06-17T13:30:00+05:30,103.1,103.55,102.97,103.4,40908,0
2026-06-17T13:45:00+05:30,103.34,103.34,103.0,103.14,11522,0
2026-06-17T14:00:00+05:30,103.05,103.14,102.91,103.1,16503,0
2026-06-17T14:15:00+05:30,103.08,103.1,102.92,102.92,16389,0
2026-06-17T14:30:00+05:30,103.0,103.22,102.91,103.1,8754,0
2026-06-17T14:45:00+05:30,103.11,103.11,102.8,103.0,31660,0
2026-06-17T15:00:00+05:30,102.91,103.2,102.8,102.84,33414,0
2026-06-17T15:15:00+05:30,102.8,103.15,102.53,103.1,82554,0
2026-06-18T09:15:00+05:30,103.9,104.24,102.82,103.0,96196,0
2026-06-18T09:30:00+05:30,103.0,103.25,101.98,102.77,83813,0
2026-06-18T09:45:00+05:30,102.71,103.59,102.33,102.36,51679,0
2026-06-18T10:00:00+05:30,102.47,102.74,102.0,102.52,56948,0
2026-06-18T10:15:00+05:30,102.52,102.58,102.1,102.25,14853,0
2026-06-18T10:30:00+05:30,102.23,102.56,102.0,102.16,19573,0
2026-06-18T10:45:00+05:30,102.31,102.44,102.02,102.06,20626,0
2026-06-18T11:00:00+05:30,102.15,102.29,101.6,101.65,52763,0
2026-06-18T11:15:00+05:30,101.65,101.97,101.56,101.92,26508,0
2026-06-18T11:30:00+05:30,101.88,102.14,101.64,101.8,16255,0
2026-06-18T11:45:00+05:30,101.82,101.94,101.61,101.9,8562,0
2026-06-18T12:00:00+05:30,101.9,101.97,101.6,101.77,7748,0
2026-06-18T12:15:00+05:30,101.77,101.9,101.6,101.81,17255,0
2026-06-18T12:30:00+05:30,101.81,102.17,101.6,101.6,24059,0
2026-06-18T12:45:00+05:30,101.56,101.69,101.55,101.56,6496,0
2026-06-18T13:00:00+05:30,101.55,101.9,101.4,101.66,40936,0
2026-06-18T13:15:00+05:30,101.68,101.72,101.52,101.7,9391,0
2026-06-18T13:30:00+05:30,101.63,102.0,101.6,101.84,25657,0
2026-06-18T13:45:00+05:30,101.83,101.83,101.6,101.67,17945,0
2026-06-18T14:00:00+05:30,101.65,101.68,101.2,101.32,30561,0
2026-06-18T14:15:00+05:30,101.31,101.6,101.21,101.42,11002,0
2026-06-18T14:30:00+05:30,101.41,101.58,101.2,101.58,33153,0
2026-06-18T14:45:00+05:30,101.49,101.56,101.2,101.49,37666,0
2026-06-18T15:00:00+05:30,101.49,102.0,101.45,101.85,28005,0
2026-06-18T15:15:00+05:30,101.76,102.75,101.52,101.8,97933,0
2026-06-19T09:15:00+05:30,101.2,103.5,100.61,102.58,158575,0
2026-06-19T09:30:00+05:30,102.73,102.87,101.54,101.54,88696,0
2026-06-19T09:45:00+05:30,101.66,102.22,101.56,102.2,19491,0
2026-06-19T10:00:00+05:30,102.1,103.45,102.0,103.38,81856,0
2026-06-19T10:15:00+05:30,103.38,103.4,102.5,102.6,18721,0
2026-06-19T10:30:00+05:30,102.51,102.79,102.26,102.75,12447,0
2026-06-19T10:45:00+05:30,102.75,102.75,101.8,101.91,28933,0
2026-06-19T11:00:00+05:30,101.91,102.11,101.5,101.85,22756,0
2026-06-19T11:15:00+05:30,101.85,102.38,101.54,101.81,41154,0
2026-06-19T11:30:00+05:30,101.71,102.55,101.7,102.3,44946,0
2026-06-19T11:45:00+05:30,102.25,102.41,101.81,102.41,17874,0
2026-06-19T12:00:00+05:30,102.39,102.89,102.38,102.55,12892,0
2026-06-19T12:15:00+05:30,102.6,103.0,101.06,102.76,134513,0
2026-06-19T12:30:00+05:30,102.65,103.0,102.3,102.72,61088,0
2026-06-19T12:45:00+05:30,102.58,102.75,101.75,102.0,47891,0
2026-06-19T13:00:00+05:30,101.9,102.04,101.4,101.5,20538,0
2026-06-19T13:15:00+05:30,101.52,101.76,100.82,101.33,42928,0
2026-06-19T13:30:00+05:30,101.39,101.9,101.3,101.79,21192,0
2026-06-19T13:45:00+05:30,101.89,102.02,101.46,101.8,14900,0
2026-06-19T14:00:00+05:30,101.71,101.83,101.0,101.39,35189,0
2026-06-19T14:15:00+05:30,101.39,101.52,101.11,101.3,22150,0
2026-06-19T14:30:00+05:30,101.3,101.5,101.21,101.26,9761,0
2026-06-19T14:45:00+05:30,101.25,101.68,101.07,101.25,34558,0
2026-06-19T15:00:00+05:30,101.25,102.32,101.02,101.74,73296,0
2026-06-19T15:15:00+05:30,101.83,102.4,101.4,102.1,186269,0
2026-06-22T09:15:00+05:30,102.0,102.78,101.85,102.1,66664,0
2026-06-22T09:30:00+05:30,102.12,102.49,101.43,101.8,53299,0
2026-06-22T09:45:00+05:30,101.81,102.29,101.3,101.92,50844,0
2026-06-22T10:00:00+05:30,101.86,102.3,101.72,101.73,31116,0
2026-06-22T10:15:00+05:30,101.84,102.11,101.7,101.84,44481,0
2026-06-22T10:30:00+05:30,101.83,102.1,101.6,101.75,30255,0
2026-06-22T10:45:00+05:30,101.82,102.29,101.75,101.9,32712,0
2026-06-22T11:00:00+05:30,102.02,102.18,101.78,101.93,12426,0
2026-06-22T11:15:00+05:30,101.93,102.95,101.88,102.46,31652,0
2026-06-22T11:30:00+05:30,102.46,102.46,102.1,102.21,9692,0
2026-06-22T11:45:00+05:30,102.21,102.35,101.85,102.0,37609,0
2026-06-22T12:00:00+05:30,102.0,102.15,101.97,102.1,3615,0
2026-06-22T12:15:00+05:30,102.1,102.3,102.03,102.07,5419,0
2026-06-22T12:30:00+05:30,102.07,102.37,102.06,102.09,14232,0
2026-06-22T12:45:00+05:30,102.12,102.28,101.97,101.97,12029,0
2026-06-22T13:00:00+05:30,102.02,102.18,101.91,101.91,14732,0
2026-06-22T13:15:00+05:30,101.91,102.55,101.91,102.42,58534,0
2026-06-22T13:30:00+05:30,102.49,103.79,102.4,102.75,150565,0
2026-06-22T13:45:00+05:30,102.86,104.88,102.86,104.5,152511,0
2026-06-22T14:00:00+05:30,104.6,104.77,103.77,103.9,69194,0
2026-06-22T14:15:00+05:30,103.93,104.08,103.7,103.99,37254,0
2026-06-22T14:30:00+05:30,104.0,104.0,103.57,103.7,24488,0
2026-06-22T14:45:00+05:30,103.71,104.07,103.66,103.94,33064,0
2026-06-22T15:00:00+05:30,103.9,103.9,102.0,102.67,148443,0
2026-06-22T15:15:00+05:30,102.7,102.93,102.12,102.75,106237,0
2026-06-23T09:15:00+05:30,102.99,103.25,101.63,101.93,79656,0
2026-06-23T09:30:00+05:30,101.85,102.2,101.69,101.83,24827,0
2026-06-23T09:45:00+05:30,101.9,102.3,101.81,102.0,31488,0
2026-06-23T10:00:00+05:30,102.0,102.17,101.8,101.99,15010,0
2026-06-23T10:15:00+05:30,101.99,102.09,101.2,101.21,48336,0
2026-06-23T10:30:00+05:30,101.23,101.69,101.16,101.3,45521,0
2026-06-23T10:45:00+05:30,101.32,101.32,100.84,100.84,33658,0
2026-06-23T11:00:00+05:30,100.84,101.14,100.66,101.06,25543,0
2026-06-23T11:15:00+05:30,101.15,101.15,100.67,100.81,20988,0
2026-06-23T11:30:00+05:30,100.81,101.0,100.1,100.24,47787,0
2026-06-23T11:45:00+05:30,100.24,100.84,99.9,99.95,83126,0
2026-06-23T12:00:00+05:30,100.07,100.25,99.59,100.0,58339,0
2026-06-23T12:15:00+05:30,99.91,100.35,99.7,100.17,31546,0
2026-06-23T12:30:00+05:30,100.16,100.25,99.91,100.08,20694,0
2026-06-23T12:45:00+05:30,100.09,100.19,99.87,100.18,15415,0
2026-06-23T13:00:00+05:30,100.17,100.25,100.0,100.14,7832,0
2026-06-23T13:15:00+05:30,100.06,100.14,99.9,100.0,10440,0
2026-06-23T13:30:00+05:30,100.07,100.14,99.76,100.14,15153,0
2026-06-23T13:45:00+05:30,100.04,100.14,99.81,99.9,12025,0
2026-06-23T14:00:00+05:30,99.9,100.34,99.8,100.29,23306,0
2026-06-23T14:15:00+05:30,100.29,100.58,100.25,100.38,15336,0
2026-06-23T14:30:00+05:30,100.38,100.45,100.1,100.26,13294,0
2026-06-23T14:45:00+05:30,100.29,100.59,100.15,100.5,19711,0
2026-06-23T15:00:00+05:30,100.54,100.59,99.55,99.6,99840,0
2026-06-23T15:15:00+05:30,99.74,100.2,99.1,100.2,132329,0
2026-06-24T09:15:00+05:30,100.2,100.95,99.5,99.76,71244,0
2026-06-24T09:30:00+05:30,99.79,100.0,99.12,99.27,26049,0
2026-06-24T09:45:00+05:30,99.26,99.4,98.25,99.08,59299,0
2026-06-24T10:00:00+05:30,99.08,99.77,99.08,99.2,15741,0
2026-06-24T10:15:00+05:30,99.08,99.39,98.75,98.93,22053,0
2026-06-24T10:30:00+05:30,98.94,99.39,98.94,99.22,25017,0
2026-06-24T10:45:00+05:30,99.2,99.43,99.09,99.18,5808,0
2026-06-24T11:00:00+05:30,99.18,99.39,99.1,99.22,11845,0
2026-06-24T11:15:00+05:30,99.23,99.32,99.0,99.0,5007,0
2026-06-24T11:30:00+05:30,99.01,99.19,98.72,99.05,45715,0
2026-06-24T11:45:00+05:30,99.05,99.29,98.85,99.16,7903,0
2026-06-24T12:00:00+05:30,99.16,99.22,98.93,99.01,5427,0
2026-06-24T12:15:00+05:30,99.0,99.05,98.81,98.86,4855,0
2026-06-24T12:30:00+05:30,98.89,98.93,98.75,98.86,9522,0
2026-06-24T12:45:00+05:30,98.86,99.05,98.56,99.04,17766,0
2026-06-24T13:00:00+05:30,99.03,99.19,98.82,99.13,6371,0
2026-06-24T13:15:00+05:30,99.15,99.29,99.05,99.22,5538,0
2026-06-24T13:30:00+05:30,99.26,99.48,99.0,99.24,17344,0
2026-06-24T13:45:00+05:30,99.3,99.37,99.15,99.24,5160,0
2026-06-24T14:00:00+05:30,99.2,99.32,99.1,99.25,3470,0
2026-06-24T14:15:00+05:30,99.25,99.36,99.05,99.05,9698,0
2026-06-24T14:30:00+05:30,99.05,99.12,98.82,98.88,9929,0
2026-06-24T14:45:00+05:30,98.87,98.96,98.65,98.75,17546,0
2026-06-24T15:00:00+05:30,98.75,99.05,98.74,98.94,32023,0
2026-06-24T15:15:00+05:30,98.93,98.93,98.25,98.59,74659,0
2026-06-25T09:15:00+05:30,99.1,100.27,98.7,99.05,81562,0
2026-06-25T09:30:00+05:30,99.2,99.36,98.34,99.1,36291,0
2026-06-25T09:45:00+05:30,99.11,99.24,98.62,98.85,15350,0
2026-06-25T10:00:00+05:30,98.82,99.01,98.6,98.9,8310,0
2026-06-25T10:15:00+05:30,98.77,98.94,98.61,98.68,13437,0
2026-06-25T10:30:00+05:30,98.84,100.61,98.5,100.13,105700,0
2026-06-25T10:45:00+05:30,100.2,100.95,99.63,99.97,136194,0
2026-06-25T11:00:00+05:30,99.95,101.79,99.82,100.2,192470,0
2026-06-25T11:15:00+05:30,100.1,100.34,99.52,99.84,49938,0
2026-06-25T11:30:00+05:30,99.84,100.19,99.47,99.72,41358,0
2026-06-25T11:45:00+05:30,99.7,99.7,99.1,99.37,30056,0
2026-06-25T12:00:00+05:30,99.42,99.6,99.27,99.37,8874,0
2026-06-25T12:15:00+05:30,99.37,99.47,98.9,98.9,18587,0
2026-06-25T12:30:00+05:30,98.9,99.42,98.61,99.32,43349,0
2026-06-25T12:45:00+05:30,99.23,99.44,99.01,99.16,26333,0
2026-06-25T13:00:00+05:30,99.16,99.91,99.15,99.39,61133,0
2026-06-25T13:15:00+05:30,99.31,99.59,99.26,99.3,3986,0
2026-06-25T13:30:00+05:30,99.3,99.57,99.21,99.5,16026,0
2026-06-25T13:45:00+05:30,99.5,99.56,99.2,99.25,17884,0
2026-06-25T14:00:00+05:30,99.26,99.49,99.03,99.2,24148,0
2026-06-25T14:15:00+05:30,99.12,99.23,98.94,99.23,19249,0
2026-06-25T14:30:00+05:30,99.23,99.31,98.82,98.82,8563,0
2026-06-25T14:45:00+05:30,98.9,99.2,98.66,99.06,24003,0
2026-06-25T15:00:00+05:30,99.11,99.2,98.0,98.23,126584,0
2026-06-25T15:15:00+05:30,98.23,98.59,97.92,98.49,88384,0
2026-06-29T09:15:00+05:30,98.1,98.7,97.22,98.42,81982,0
2026-06-29T09:30:00+05:30,98.29,98.69,97.55,97.96,53709,0
2026-06-29T09:45:00+05:30,97.89,97.89,97.31,97.51,37147,0
2026-06-29T10:00:00+05:30,97.55,98.0,97.42,97.61,35389,0
2026-06-29T10:15:00+05:30,97.62,97.94,97.41,97.73,25001,0
2026-06-29T10:30:00+05:30,97.88,97.88,97.4,97.4,16339,0
2026-06-29T10:45:00+05:30,97.4,97.4,96.35,97.15,53625,0
2026-06-29T11:00:00+05:30,97.16,97.16,96.59,96.65,24194,0
2026-06-29T11:15:00+05:30,96.65,96.99,96.01,96.14,98683,0
2026-06-29T11:30:00+05:30,96.05,96.36,95.91,96.16,31057,0
2026-06-29T11:45:00+05:30,96.17,96.22,96.0,96.13,18180,0
2026-06-29T12:00:00+05:30,96.09,96.2,96.08,96.15,9312,0
2026-06-29T12:15:00+05:30,96.15,96.29,95.9,95.9,33341,0
2026-06-29T12:30:00+05:30,95.9,96.05,95.72,95.91,11084,0
2026-06-29T12:45:00+05:30,95.95,96.2,95.7,96.15,31800,0
2026-06-29T13:00:00+05:30,96.18,96.18,96.05,96.14,3958,0
2026-06-29T13:15:00+05:30,96.14,96.25,95.89,96.1,35819,0
2026-06-29T13:30:00+05:30,96.04,96.3,96.02,96.18,9882,0
2026-06-29T13:45:00+05:30,96.18,96.3,96.12,96.3,11563,0
2026-06-29T14:00:00+05:30,96.3,96.4,96.25,96.38,9239,0
2026-06-29T14:15:00+05:30,96.38,96.38,96.1,96.1,11296,0
2026-06-29T14:30:00+05:30,96.19,96.29,96.02,96.14,11599,0
2026-06-29T14:45:00+05:30,96.14,96.25,95.9,95.9,36127,0
2026-06-29T15:00:00+05:30,95.95,96.05,95.7,95.8,48770,0
2026-06-29T15:15:00+05:30,95.8,96.18,95.28,96.0,105318,0
2026-06-30T09:15:00+05:30,97.0,102.25,97.0,102.13,553363,0
2026-06-30T09:30:00+05:30,102.22,103.3,101.27,102.0,461092,0
2026-06-30T09:45:00+05:30,102.0,102.0,100.68,100.86,144143,0
2026-06-30T10:00:00+05:30,100.85,101.84,100.77,101.69,67884,0
2026-06-30T10:15:00+05:30,101.7,101.7,101.04,101.16,54085,0
2026-06-30T10:30:00+05:30,101.27,101.44,101.0,101.06,22045,0
2026-06-30T10:45:00+05:30,101.0,101.17,100.64,100.84,32544,0
2026-06-30T11:00:00+05:30,100.86,101.15,100.5,101.0,51001,0
2026-06-30T11:15:00+05:30,101.2,101.62,101.0,101.24,36696,0
2026-06-30T11:30:00+05:30,101.28,101.31,100.98,101.09,14445,0
2026-06-30T11:45:00+05:30,101.08,101.14,100.92,101.03,12746,0
2026-06-30T12:00:00+05:30,101.02,101.25,100.95,100.97,9946,0
2026-06-30T12:15:00+05:30,100.99,101.09,100.8,100.8,12556,0
2026-06-30T12:30:00+05:30,100.88,101.0,100.51,100.8,20823,0
2026-06-30T12:45:00+05:30,100.8,101.09,100.64,100.88,27660,0
2026-06-30T13:00:00+05:30,101.0,101.0,100.6,100.88,22546,0
2026-06-30T13:15:00+05:30,100.77,101.28,100.77,101.16,19259,0
2026-06-30T13:30:00+05:30,101.16,101.91,101.12,101.68,39458,0
2026-06-30T13:45:00+05:30,101.65,101.75,101.08,101.33,27648,0
2026-06-30T14:00:00+05:30,101.33,101.84,101.18,101.42,36159,0
2026-06-30T14:15:00+05:30,101.35,101.85,101.25,101.5,24567,0
2026-06-30T14:30:00+05:30,101.51,101.69,100.96,101.37,31095,0
2026-06-30T14:45:00+05:30,101.44,101.62,101.15,101.26,53643,0
2026-06-30T15:00:00+05:30,101.18,101.39,100.73,101.04,105461,0
2026-06-30T15:15:00+05:30,100.97,101.7,100.88,101.65,106604,0
2026-07-01T09:15:00+05:30,102.9,102.99,100.1,100.81,141449,0
2026-07-01T09:30:00+05:30,100.7,100.88,100.14,100.51,70150,0
2026-07-01T09:45:00+05:30,100.6,100.66,100.1,100.2,30059,0
2026-07-01T10:00:00+05:30,100.12,100.38,100.03,100.14,21925,0
2026-07-01T10:15:00+05:30,100.13,100.5,100.1,100.24,12054,0
2026-07-01T10:30:00+05:30,100.24,100.5,100.1,100.23,26135,0
2026-07-01T10:45:00+05:30,100.22,100.74,100.1,100.55,24003,0
2026-07-01T11:00:00+05:30,100.42,100.53,100.11,100.39,17427,0
2026-07-01T11:15:00+05:30,100.37,100.39,100.2,100.22,7379,0
2026-07-01T11:30:00+05:30,100.32,100.4,100.1,100.2,12522,0
2026-07-01T11:45:00+05:30,100.28,100.37,99.7,100.0,37467,0
2026-07-01T12:00:00+05:30,100.0,100.17,99.51,99.67,32943,0
2026-07-01T12:15:00+05:30,99.75,99.9,99.67,99.71,12227,0
2026-07-01T12:30:00+05:30,99.78,100.0,99.78,99.91,14314,0
2026-07-01T12:45:00+05:30,99.93,100.22,99.8,99.92,11169,0
2026-07-01T13:00:00+05:30,100.0,100.24,100.0,100.19,6838,0
2026-07-01T13:15:00+05:30,100.19,100.3,100.05,100.24,6654,0
2026-07-01T13:30:00+05:30,100.18,100.33,100.06,100.27,9877,0
2026-07-01T13:45:00+05:30,100.19,100.28,100.02,100.2,6992,0
2026-07-01T14:00:00+05:30,100.14,100.19,100.0,100.07,10082,0
2026-07-01T14:15:00+05:30,100.07,100.2,100.0,100.1,8695,0
2026-07-01T14:30:00+05:30,100.18,100.18,99.86,100.0,29310,0
2026-07-01T14:45:00+05:30,100.06,100.38,100.06,100.21,14405,0
2026-07-01T15:00:00+05:30,100.2,100.9,99.97,100.1,55272,0
2026-07-01T15:15:00+05:30,100.09,101.5,100.0,101.0,75495,0
2026-07-02T09:15:00+05:30,101.0,101.5,99.31,99.5,56656,0
2026-07-02T09:30:00+05:30,99.59,99.95,99.32,99.79,40429,0
2026-07-02T09:45:00+05:30,99.75,100.5,99.56,100.2,44675,0
2026-07-02T10:00:00+05:30,100.34,100.65,100.1,100.33,31543,0
2026-07-02T10:15:00+05:30,100.45,100.79,100.3,100.51,32904,0
2026-07-02T10:30:00+05:30,100.63,100.86,100.31,100.77,40041,0
2026-07-02T10:45:00+05:30,100.66,100.99,100.5,100.68,23364,0
2026-07-02T11:00:00+05:30,100.78,102.27,100.65,102.17,86668,0
2026-07-02T11:15:00+05:30,102.22,103.5,101.15,101.33,181037,0
2026-07-02T11:30:00+05:30,101.33,101.68,100.62,101.24,51171,0
2026-07-02T11:45:00+05:30,101.29,101.29,101.07,101.07,9127,0
2026-07-02T12:00:00+05:30,101.18,101.41,101.0,101.11,9160,0
2026-07-02T12:15:00+05:30,101.1,101.35,101.0,101.0,13145,0
2026-07-02T12:30:00+05:30,101.08,101.17,100.82,100.95,9325,0
2026-07-02T12:45:00+05:30,100.86,101.06,100.78,100.9,8117,0
2026-07-02T13:00:00+05:30,100.9,101.1,100.81,100.98,8244,0
2026-07-02T13:15:00+05:30,100.97,100.99,100.77,100.84,6160,0
2026-07-02T13:30:00+05:30,100.84,101.44,100.78,101.35,19479,0
2026-07-02T13:45:00+05:30,101.26,101.34,100.97,101.11,10788,0
2026-07-02T14:00:00+05:30,101.14,101.14,100.98,101.05,2208,0
2026-07-02T14:15:00+05:30,101.09,101.14,100.89,100.91,42788,0
2026-07-02T14:30:00+05:30,101.0,101.1,100.52,101.05,19002,0
2026-07-02T14:45:00+05:30,101.07,102.48,101.01,101.94,71048,0
2026-07-02T15:00:00+05:30,101.95,102.49,101.4,101.41,45704,0
2026-07-02T15:15:00+05:30,101.41,101.61,101.2,101.5,81262,0
2026-07-03T09:15:00+05:30,102.45,102.98,100.9,100.99,94377,0
2026-07-03T09:30:00+05:30,100.9,101.49,100.81,101.12,56901,0
2026-07-03T09:45:00+05:30,101.12,101.27,101.01,101.03,18997,0
2026-07-03T10:00:00+05:30,101.04,101.49,101.03,101.4,19612,0
2026-07-03T10:15:00+05:30,101.39,101.4,101.14,101.15,13022,0
2026-07-03T10:30:00+05:30,101.2,101.38,101.07,101.15,14629,0
2026-07-03T10:45:00+05:30,101.16,101.78,101.16,101.59,32230,0
2026-07-03T11:00:00+05:30,101.58,101.78,101.3,101.34,15078,0
2026-07-03T11:15:00+05:30,101.3,101.78,101.25,101.62,33094,0
2026-07-03T11:30:00+05:30,101.74,101.77,101.21,101.21,15917,0
2026-07-03T11:45:00+05:30,101.2,101.58,101.05,101.35,15544,0
2026-07-03T12:00:00+05:30,101.35,101.78,101.35,101.65,17037,0
2026-07-03T12:15:00+05:30,101.64,101.64,101.29,101.45,12292,0
2026-07-03T12:30:00+05:30,101.44,101.44,100.86,100.87,34853,0
2026-07-03T12:45:00+05:30,100.87,101.09,100.7,100.92,14341,0
2026-07-03T13:00:00+05:30,100.92,100.92,100.8,100.83,10993,0
2026-07-03T13:15:00+05:30,100.83,101.2,100.81,100.94,16876,0
2026-07-03T13:30:00+05:30,100.94,100.99,100.78,100.85,4596,0
2026-07-03T13:45:00+05:30,100.91,101.05,100.79,100.98,9752,0
2026-07-03T14:00:00+05:30,100.98,101.49,100.92,101.48,19653,0
2026-07-03T14:15:00+05:30,101.46,101.48,101.13,101.27,25126,0
2026-07-03T14:30:00+05:30,101.27,101.63,101.21,101.63,21622,0
2026-07-03T14:45:00+05:30,101.63,101.78,101.5,101.7,39859,0
2026-07-03T15:00:00+05:30,101.68,101.75,101.36,101.5,38651,0
2026-07-03T15:15:00+05:30,101.5,101.51,101.0,101.45,78079,0
2026-07-06T09:15:00+05:30,101.45,102.23,100.11,101.86,89310,0
2026-07-06T09:30:00+05:30,101.85,103.38,101.24,103.38,131403,0
2026-07-06T09:45:00+05:30,103.3,105.25,103.21,103.73,410588,0
2026-07-06T10:00:00+05:30,103.86,103.9,102.75,103.2,65561,0
2026-07-06T10:15:00+05:30,103.2,103.35,102.51,102.77,34164,0
2026-07-06T10:30:00+05:30,102.75,102.76,102.1,102.21,53863,0
2026-07-06T10:45:00+05:30,102.33,102.34,101.75,101.75,31021,0
2026-07-06T11:00:00+05:30,101.78,102.4,101.61,102.13,33079,0
2026-07-06T11:15:00+05:30,102.19,102.42,102.01,102.26,21741,0
2026-07-06T11:30:00+05:30,102.29,102.29,101.85,102.13,15871,0
2026-07-06T11:45:00+05:30,102.02,102.36,101.9,102.06,12647,0
2026-07-06T12:00:00+05:30,102.05,102.07,101.52,101.84,23505,0
2026-07-06T12:15:00+05:30,101.71,101.91,101.61,101.76,7589,0
2026-07-06T12:30:00+05:30,101.76,101.89,101.65,101.79,6449,0
2026-07-06T12:45:00+05:30,101.78,101.79,101.52,101.6,12904,0
2026-07-06T13:00:00+05:30,101.6,101.82,101.54,101.69,6306,0
2026-07-06T13:15:00+05:30,101.77,102.1,101.69,102.09,10233,0
2026-07-06T13:30:00+05:30,102.05,102.12,101.8,101.83,10498,0
2026-07-06T13:45:00+05:30,101.93,101.97,101.81,101.81,2111,0
2026-07-06T14:00:00+05:30,101.81,102.09,101.71,101.9,15167,0
2026-07-06T14:15:00+05:30,101.9,102.12,101.75,101.96,10331,0
2026-07-06T14:30:00+05:30,101.97,102.24,101.93,102.24,11367,0
2026-07-06T14:45:00+05:30,102.25,102.68,102.14,102.6,23521,0
2026-07-06T15:00:00+05:30,102.6,103.5,102.37,102.91,93482,0
2026-07-06T15:15:00+05:30,102.99,102.99,102.01,102.01,64240,0
2026-07-07T09:15:00+05:30,102.99,103.65,100.33,100.67,119562,0
2026-07-07T09:30:00+05:30,100.6,100.83,98.92,99.45,129569,0
2026-07-07T09:45:00+05:30,99.58,99.65,99.2,99.44,51872,0
2026-07-07T10:00:00+05:30,99.44,99.5,99.06,99.29,39624,0
2026-07-07T10:15:00+05:30,99.2,99.5,98.5,98.63,88945,0
2026-07-07T10:30:00+05:30,98.64,99.3,98.55,98.61,37784,0
2026-07-07T10:45:00+05:30,98.61,99.24,98.6,98.97,11608,0
2026-07-07T11:00:00+05:30,98.97,99.16,98.94,99.16,5550,0
2026-07-07T11:15:00+05:30,99.15,99.18,98.81,98.81,12398,0
2026-07-07T11:30:00+05:30,98.94,99.14,98.9,99.01,12245,0
2026-07-07T11:45:00+05:30,98.9,99.22,98.84,99.16,9351,0
2026-07-07T12:00:00+05:30,99.19,99.25,98.9,98.9,14897,0
2026-07-07T12:15:00+05:30,98.98,99.17,98.9,99.13,9747,0
2026-07-07T12:30:00+05:30,99.15,99.15,98.85,99.14,12087,0
2026-07-07T12:45:00+05:30,99.14,99.19,99.0,99.09,4304,0
2026-07-07T13:00:00+05:30,99.1,99.1,98.8,98.91,9387,0
2026-07-07T13:15:00+05:30,98.95,99.05,98.76,99.05,13005,0
2026-07-07T13:30:00+05:30,99.06,99.09,98.76,99.0,15423,0
2026-07-07T13:45:00+05:30,98.93,99.22,98.89,99.01,11021,0
2026-07-07T14:00:00+05:30,99.11,99.19,99.02,99.1,7458,0
2026-07-07T14:15:00+05:30,99.1,99.54,99.0,99.39,24850,0
2026-07-07T14:30:00+05:30,99.38,99.8,99.28,99.74,15866,0
2026-07-07T14:45:00+05:30,99.74,100.45,99.74,99.98,42222,0
2026-07-07T15:00:00+05:30,100.03,101.0,99.55,99.79,66111,0
2026-07-07T15:15:00+05:30,99.72,99.75,99.07,99.5,55434,0
2026-07-08T09:15:00+05:30,98.5,98.98,97.65,97.79,78260,0
2026-07-08T09:30:00+05:30,97.91,98.51,97.91,98.38,32015,0
2026-07-08T09:45:00+05:30,98.38,98.39,97.9,98.12,34847,0
2026-07-08T10:00:00+05:30,98.02,98.12,97.7,98.07,25093,0
2026-07-08T10:15:00+05:30,98.05,98.19,97.91,98.16,7990,0
2026-07-08T10:30:00+05:30,98.16,98.4,97.91,98.29,22665,0
2026-07-08T10:45:00+05:30,98.25,98.48,98.14,98.27,16256,0
2026-07-08T11:00:00+05:30,98.27,98.46,98.22,98.42,6835,0
2026-07-08T11:15:00+05:30,98.32,98.64,98.24,98.53,9216,0
2026-07-08T11:30:00+05:30,98.58,98.6,98.22,98.35,8199,0
2026-07-08T11:45:00+05:30,98.35,98.59,98.35,98.54,9437,0
2026-07-08T12:00:00+05:30,98.57,98.67,98.0,98.1,25392,0
2026-07-08T12:15:00+05:30,98.1,98.26,98.09,98.22,4143,0
2026-07-08T12:30:00+05:30,98.2,98.2,97.96,98.03,20411,0
2026-07-08T12:45:00+05:30,98.02,98.29,98.0,98.29,8493,0
2026-07-08T13:00:00+05:30,98.29,98.29,98.15,98.24,3247,0
2026-07-08T13:15:00+05:30,98.24,98.3,98.16,98.2,10021,0
2026-07-08T13:30:00+05:30,98.21,98.4,98.2,98.3,9234,0
2026-07-08T13:45:00+05:30,98.3,98.38,97.25,97.42,49154,0
2026-07-08T14:00:00+05:30,97.33,97.35,96.0,96.13,81332,0
2026-07-08T14:15:00+05:30,96.06,96.77,96.0,96.3,30386,0
2026-07-08T14:30:00+05:30,96.29,96.5,95.32,95.84,48930,0
2026-07-08T14:45:00+05:30,95.79,95.95,94.56,95.15,110630,0
2026-07-08T15:00:00+05:30,95.13,96.17,95.11,95.57,75243,0
2026-07-08T15:15:00+05:30,95.69,96.62,95.53,96.21,80015,0
2026-07-09T09:15:00+05:30,96.35,98.49,96.35,97.75,98982,0
2026-07-09T09:30:00+05:30,97.85,98.65,97.77,98.5,49848,0
2026-07-09T09:45:00+05:30,98.48,98.6,98.12,98.42,28222,0
2026-07-09T10:00:00+05:30,98.48,98.75,98.31,98.43,40997,0
2026-07-09T10:15:00+05:30,98.51,98.51,98.0,98.08,10289,0
2026-07-09T10:30:00+05:30,98.08,98.69,97.75,98.69,64897,0
2026-07-09T10:45:00+05:30,98.69,101.73,98.69,99.79,287355,0
2026-07-09T11:00:00+05:30,99.77,99.83,99.1,99.33,41682,0
2026-07-09T11:15:00+05:30,99.24,99.47,99.1,99.26,21082,0
2026-07-09T11:30:00+05:30,99.26,99.47,99.1,99.13,10915,0
2026-07-09T11:45:00+05:30,99.1,99.23,99.01,99.1,5686,0
2026-07-09T12:00:00+05:30,99.05,99.16,99.0,99.09,2437,0
2026-07-09T12:15:00+05:30,99.09,99.16,99.0,99.03,6528,0
2026-07-09T12:30:00+05:30,99.1,99.24,98.86,99.01,8035,0
2026-07-09T12:45:00+05:30,99.02,99.31,99.0,99.14,7311,0
2026-07-09T13:00:00+05:30,99.14,99.2,99.14,99.2,823,0
2026-07-09T13:15:00+05:30,99.15,99.2,99.0,99.0,8337,0
2026-07-09T13:30:00+05:30,99.0,99.28,99.0,99.21,3724,0
2026-07-09T13:45:00+05:30,99.21,99.23,99.0,99.17,7021,0
2026-07-09T14:00:00+05:30,99.17,99.61,99.07,99.47,11947,0
2026-07-09T14:15:00+05:30,99.51,99.8,99.46,99.69,9931,0
2026-07-09T14:30:00+05:30,99.69,100.5,99.61,100.4,28005,0
2026-07-09T14:45:00+05:30,100.4,100.5,100.21,100.34,14816,0
2026-07-09T15:00:00+05:30,100.33,100.33,99.5,99.5,35307,0
2026-07-09T15:15:00+05:30,99.51,99.67,99.2,99.44,55023,0
2026-07-10T09:15:00+05:30,100.15,100.89,99.3,99.45,99977,0
2026-07-10T09:30:00+05:30,99.45,100.0,99.31,99.96,46810,0
2026-07-10T09:45:00+05:30,99.99,100.28,99.95,100.11,43495,0
2026-07-10T10:00:00+05:30,100.0,100.2,99.81,99.86,15738,0
2026-07-10T10:15:00+05:30,99.98,100.1,99.75,99.8,10730,0
2026-07-10T10:30:00+05:30,99.8,99.99,99.5,99.71,28785,0
2026-07-10T10:45:00+05:30,99.71,99.81,99.5,99.51,25252,0
2026-07-10T11:00:00+05:30,99.51,99.65,99.32,99.32,15466,0
2026-07-10T11:15:00+05:30,99.4,99.54,99.26,99.47,10372,0
2026-07-10T11:30:00+05:30,99.46,99.55,99.35,99.37,3338,0
2026-07-10T11:45:00+05:30,99.37,99.39,99.21,99.32,3228,0
2026-07-10T12:00:00+05:30,99.32,99.43,99.3,99.42,3802,0
2026-07-10T12:15:00+05:30,99.4,99.4,99.2,99.31,11025,0
2026-07-10T12:30:00+05:30,99.24,99.38,98.67,98.86,29939,0
2026-07-10T12:45:00+05:30,98.92,99.31,98.92,99.14,16142,0
2026-07-10T13:00:00+05:30,99.15,99.29,98.92,99.12,8270,0
2026-07-10T13:15:00+05:30,99.1,99.17,99.0,99.0,4087,0
2026-07-10T13:30:00+05:30,99.0,99.24,99.0,99.2,3919,0
2026-07-10T13:45:00+05:30,99.2,99.42,99.0,99.14,12546,0
2026-07-10T14:00:00+05:30,99.26,99.29,98.91,99.17,10640,0
2026-07-10T14:15:00+05:30,99.17,99.34,99.08,99.2,6315,0
2026-07-10T14:30:00+05:30,99.2,99.3,98.9,99.09,17054,0
2026-07-10T14:45:00+05:30,99.17,99.3,99.05,99.11,15112,0
2026-07-10T15:00:00+05:30,99.2,99.3,98.7,98.75,48515,0
2026-07-10T15:15:00+05:30,98.71,99.4,98.6,99.29,76063,0
2026-07-13T09:15:00+05:30,98.0,98.01,92.48,97.68,213865,0
2026-07-13T09:30:00+05:30,97.64,97.96,97.2,97.58,52397,0
2026-07-13T09:45:00+05:30,97.73,98.0,97.43,98.0,26006,0
2026-07-13T10:00:00+05:30,97.95,98.1,97.51,97.83,40954,0
2026-07-13T10:15:00+05:30,97.83,97.96,97.51,97.92,16225,0
2026-07-13T10:30:00+05:30,97.92,98.0,97.5,97.76,26447,0
2026-07-13T10:45:00+05:30,97.68,97.9,97.2,97.28,19996,0
2026-07-13T11:00:00+05:30,97.29,97.47,97.06,97.06,10507,0
2026-07-13T11:15:00+05:30,97.07,97.19,96.9,97.12,8742,0
2026-07-13T11:30:00+05:30,97.11,97.11,96.8,97.0,17222,0
2026-07-13T11:45:00+05:30,97.09,97.09,96.85,96.94,7069,0
2026-07-13T12:00:00+05:30,96.93,97.24,96.85,97.23,7207,0
2026-07-13T12:15:00+05:30,97.19,97.22,97.0,97.04,7344,0
2026-07-13T12:30:00+05:30,97.04,97.24,97.0,97.16,16196,0
2026-07-13T12:45:00+05:30,97.23,97.64,97.17,97.3,7936,0
2026-07-13T13:00:00+05:30,97.36,97.54,97.15,97.15,7922,0
2026-07-13T13:15:00+05:30,97.2,97.21,96.9,96.9,11879,0
2026-07-13T13:30:00+05:30,96.91,97.07,96.9,97.03,6175,0
2026-07-13T13:45:00+05:30,96.99,97.21,96.82,97.17,17595,0
2026-07-13T14:00:00+05:30,97.17,97.55,97.1,97.47,12694,0
2026-07-13T14:15:00+05:30,97.4,97.46,97.12,97.18,16746,0
2026-07-13T14:30:00+05:30,97.18,97.45,97.05,97.21,10419,0
2026-07-13T14:45:00+05:30,97.21,97.6,97.2,97.46,6858,0
2026-07-13T15:00:00+05:30,97.42,97.44,97.01,97.11,24537,0
2026-07-13T15:15:00+05:30,97.19,97.8,97.0,97.5,77462,0
2026-07-14T09:15:00+05:30,96.9,97.0,96.3,96.73,48550,0
2026-07-14T09:30:00+05:30,96.61,96.87,96.0,96.3,33044,0
2026-07-14T09:45:00+05:30,96.3,96.3,95.51,95.8,57195,0
2026-07-14T10:00:00+05:30,95.79,95.85,95.51,95.79,19520,0
2026-07-14T10:15:00+05:30,95.79,95.84,95.51,95.51,17432,0
2026-07-14T10:30:00+05:30,95.58,95.72,95.51,95.69,9647,0
2026-07-14T10:45:00+05:30,95.68,95.88,95.52,95.8,10032,0
2026-07-14T11:00:00+05:30,95.81,96.07,95.81,96.03,13770,0
2026-07-14T11:15:00+05:30,95.9,96.01,95.8,95.89,9377,0
2026-07-14T11:30:00+05:30,95.89,96.76,95.89,95.92,33830,0
2026-07-14T11:45:00+05:30,95.92,96.21,95.9,96.0,8630,0
2026-07-14T12:00:00+05:30,96.06,96.14,95.9,95.9,4195,0
2026-07-14T12:15:00+05:30,95.91,95.99,95.75,95.75,8259,0
2026-07-14T12:30:00+05:30,95.78,95.94,95.34,95.72,32715,0
2026-07-14T12:45:00+05:30,95.72,95.94,95.72,95.9,5492,0
2026-07-14T13:00:00+05:30,95.9,95.99,95.85,95.98,1961,0
2026-07-14T13:15:00+05:30,95.95,96.03,95.85,95.87,5387,0
2026-07-14T13:30:00+05:30,95.87,95.96,95.65,95.9,9240,0
2026-07-14T13:45:00+05:30,95.9,95.9,95.66,95.66,3577,0
2026-07-14T14:00:00+05:30,95.67,95.8,95.66,95.8,5481,0
2026-07-14T14:15:00+05:30,95.89,95.89,95.65,95.65,7116,0
2026-07-14T14:30:00+05:30,95.65,95.89,95.65,95.85,4814,0
2026-07-14T14:45:00+05:30,95.85,95.95,95.45,95.77,36150,0
2026-07-14T15:00:00+05:30,95.77,95.77,95.41,95.65,25642,0
2026-07-14T15:15:00+05:30,95.63,95.8,95.41,95.8,41850,0
2026-07-15T09:15:00+05:30,95.7,96.94,95.7,96.69,48302,0
2026-07-15T09:30:00+05:30,96.7,97.1,96.68,96.7,19575,0
2026-07-15T09:45:00+05:30,96.9,96.95,96.32,96.45,29945,0
2026-07-15T10:00:00+05:30,96.64,96.84,96.47,96.64,11340,0
2026-07-15T10:15:00+05:30,96.64,96.94,96.21,96.65,21084,0
2026-07-15T10:30:00+05:30,96.65,96.93,96.55,96.76,9022,0
2026-07-15T10:45:00+05:30,96.76,96.76,96.55,96.65,2914,0
2026-07-15T11:00:00+05:30,96.55,96.81,96.27,96.48,15288,0
2026-07-15T11:15:00+05:30,96.49,96.62,96.13,96.33,6157,0
2026-07-15T11:30:00+05:30,96.24,96.35,96.14,96.27,7347,0
2026-07-15T11:45:00+05:30,96.27,96.42,96.1,96.11,4413,0
2026-07-15T12:00:00+05:30,96.11,96.18,96.0,96.0,5569,0
2026-07-15T12:15:00+05:30,96.11,96.23,96.0,96.02,7991,0
2026-07-15T12:30:00+05:30,96.05,96.19,96.05,96.14,3700,0
2026-07-15T12:45:00+05:30,96.14,96.14,95.58,95.67,23451,0
2026-07-15T13:00:00+05:30,95.68,96.07,95.66,96.0,4477,0
2026-07-15T13:15:00+05:30,96.0,96.23,96.0,96.1,1208,0
2026-07-15T13:30:00+05:30,96.04,96.1,96.0,96.0,5668,0
2026-07-15T13:45:00+05:30,96.0,96.3,95.99,96.15,23570,0
2026-07-15T14:00:00+05:30,96.15,96.19,96.06,96.1,2655,0
2026-07-15T14:15:00+05:30,96.1,96.59,96.1,96.27,15432,0
2026-07-15T14:30:00+05:30,96.22,96.31,96.0,96.2,11952,0
2026-07-15T14:45:00+05:30,96.28,96.29,96.1,96.16,4294,0
2026-07-15T15:00:00+05:30,96.16,96.17,95.6,95.6,31725,0
2026-07-15T15:15:00+05:30,95.62,95.98,95.15,95.5,40792,0
2026-07-16T09:15:00+05:30,95.86,96.39,95.45,95.54,35862,0
2026-07-16T09:30:00+05:30,95.52,95.54,95.0,95.5,32383,0
2026-07-16T09:45:00+05:30,95.5,95.54,95.1,95.3,14973,0
2026-07-16T10:00:00+05:30,95.3,95.39,95.11,95.25,10132,0
2026-07-16T10:15:00+05:30,95.21,95.54,95.05,95.2,17496,0
2026-07-16T10:30:00+05:30,95.2,95.59,95.19,95.57,7161,0
2026-07-16T10:45:00+05:30,95.57,96.36,95.57,96.15,36779,0
2026-07-16T11:00:00+05:30,96.15,97.4,96.15,96.8,70829,0
2026-07-16T11:15:00+05:30,96.73,96.81,96.25,96.5,18625,0
2026-07-16T11:30:00+05:30,96.55,96.63,96.36,96.47,6361,0
2026-07-16T11:45:00+05:30,96.37,96.48,96.13,96.15,16205,0
2026-07-16T12:00:00+05:30,96.15,96.77,96.01,96.57,19757,0
2026-07-16T12:15:00+05:30,96.56,96.89,96.49,96.75,18511,0
2026-07-16T12:30:00+05:30,96.75,96.89,96.48,96.48,5354,0
2026-07-16T12:45:00+05:30,96.57,96.62,96.0,96.21,29574,0
2026-07-16T13:00:00+05:30,96.28,96.49,96.18,96.2,6069,0
2026-07-16T13:15:00+05:30,96.2,96.48,96.11,96.3,4861,0
2026-07-16T13:30:00+05:30,96.17,96.19,95.8,95.9,4140,0
2026-07-16T13:45:00+05:30,95.88,96.99,95.8,96.57,40524,0
2026-07-16T14:00:00+05:30,96.59,96.9,96.52,96.6,9683,0
2026-07-16T14:15:00+05:30,96.6,96.7,96.46,96.56,7014,0
2026-07-16T14:30:00+05:30,96.5,96.74,96.46,96.74,10043,0
2026-07-16T14:45:00+05:30,96.68,96.99,96.6,96.85,18588,0
2026-07-16T15:00:00+05:30,96.91,97.18,96.6,97.0,47695,0
2026-07-16T15:15:00+05:30,97.0,97.14,96.74,97.0,44991,0
2026-07-17T09:15:00+05:30,100.0,102.5,98.32,101.22,1117578,0
2026-07-17T09:30:00+05:30,101.24,101.24,99.0,99.7,422355,0
2026-07-17T09:45:00+05:30,99.5,100.2,99.15,99.95,148391,0
2026-07-17T10:00:00+05:30,99.92,100.25,99.62,99.88,90799,0
2026-07-17T10:15:00+05:30,99.87,100.18,99.7,99.87,38413,0
2026-07-17T10:30:00+05:30,99.88,99.93,99.5,99.54,40088,0
2026-07-17T10:45:00+05:30,99.54,100.0,99.4,99.71,27407,0
2026-07-17T11:00:00+05:30,99.71,99.75,99.04,99.04,41922,0
2026-07-17T11:15:00+05:30,99.04,99.2,98.62,98.91,27204,0
2026-07-17T11:30:00+05:30,98.91,99.2,98.91,99.0,16292,0
2026-07-17T11:45:00+05:30,99.0,99.06,98.55,98.76,26337,0
2026-07-17T12:00:00+05:30,98.68,98.71,97.68,97.9,108904,0
2026-07-17T12:15:00+05:30,97.96,98.35,97.91,98.1,20440,0
2026-07-17T12:30:00+05:30,98.1,98.26,97.88,98.1,26971,0
2026-07-17T12:45:00+05:30,98.13,98.2,98.03,98.2,4738,0
2026-07-17T13:00:00+05:30,98.2,98.55,98.2,98.55,18149,0
2026-07-17T13:15:00+05:30,98.56,98.7,98.35,98.54,13807,0
2026-07-17T13:30:00+05:30,98.54,98.97,98.46,98.65,17617,0
2026-07-17T13:45:00+05:30,98.66,98.66,98.15,98.47,35846,0
2026-07-17T14:00:00+05:30,98.37,98.57,98.29,98.37,15536,0
2026-07-17T14:15:00+05:30,98.37,98.85,98.37,98.56,12163,0
2026-07-17T14:30:00+05:30,98.56,98.95,98.22,98.82,28257,0
2026-07-17T14:45:00+05:30,98.94,100.04,98.79,99.54,89751,0
2026-07-17T15:00:00+05:30,99.59,100.6,98.77,99.82,194468,0
2026-07-17T15:15:00+05:30,99.89,100.46,98.8,99.54,217434,0
2026-07-20T09:15:00+05:30,100.77,100.77,97.69,97.97,130973,0
2026-07-20T09:30:00+05:30,98.13,98.49,97.75,98.09,40726,0
2026-07-20T09:45:00+05:30,97.97,98.92,97.95,98.7,79693,0
2026-07-20T10:00:00+05:30,98.7,98.75,98.21,98.55,27632,0
2026-07-20T10:15:00+05:30,98.55,98.83,98.5,98.61,6558,0
2026-07-20T10:30:00+05:30,98.62,98.8,98.1,98.2,15929,0
2026-07-20T10:45:00+05:30,98.2,98.34,98.1,98.25,8758,0
2026-07-20T11:00:00+05:30,98.15,98.45,97.68,98.15,41044,0
2026-07-20T11:15:00+05:30,98.14,98.36,98.03,98.19,15335,0
2026-07-20T11:30:00+05:30,98.19,98.32,98.16,98.23,3601,0
2026-07-20T11:45:00+05:30,98.25,98.3,98.04,98.14,8301,0
2026-07-20T12:00:00+05:30,98.07,98.39,98.06,98.35,5863,0
2026-07-20T12:15:00+05:30,98.35,98.5,98.21,98.45,6361,0
2026-07-20T12:30:00+05:30,98.45,98.45,98.21,98.23,11128,0
2026-07-20T12:45:00+05:30,98.27,98.58,98.2,98.46,6983,0
2026-07-20T13:00:00+05:30,98.52,98.76,98.3,98.76,12871,0
2026-07-20T13:15:00+05:30,98.7,98.89,98.33,98.6,17784,0
2026-07-20T13:30:00+05:30,98.65,98.82,98.59,98.63,5391,0
2026-07-20T13:45:00+05:30,98.62,98.76,98.51,98.75,4811,0
2026-07-20T14:00:00+05:30,98.75,98.79,98.61,98.65,5048,0
2026-07-20T14:15:00+05:30,98.65,98.69,98.55,98.55,6184,0
2026-07-20T14:30:00+05:30,98.61,98.69,98.5,98.6,8442,0
2026-07-20T14:45:00+05:30,98.68,98.89,98.56,98.74,13949,0
2026-07-20T15:00:00+05:30,98.76,100.25,98.64,100.07,92915,0
2026-07-20T15:15:00+05:30,100.01,100.9,99.6,100.45,113441,0
2026-07-21T09:15:00+05:30,100.0,100.39,99.0,99.26,61918,0
2026-07-21T09:30:00+05:30,99.07,99.26,98.91,99.0,34207,0
2026-07-21T09:45:00+05:30,99.0,99.13,98.76,98.76,12571,0
2026-07-21T10:00:00+05:30,98.8,99.0,98.76,98.77,15064,0
2026-07-21T10:15:00+05:30,98.77,99.0,98.62,98.94,15933,0
2026-07-21T10:30:00+05:30,98.94,99.15,98.77,98.85,10248,0
2026-07-21T10:45:00+05:30,98.85,98.98,98.8,98.84,6946,0
2026-07-21T11:00:00+05:30,98.8,99.15,98.7,99.1,11947,0
2026-07-21T11:15:00+05:30,99.1,99.49,99.04,99.26,9967,0
2026-07-21T11:30:00+05:30,99.26,99.33,99.1,99.14,8419,0
2026-07-21T11:45:00+05:30,99.1,99.64,99.1,99.59,13335,0
2026-07-21T12:00:00+05:30,99.52,99.52,99.36,99.48,3451,0
2026-07-21T12:15:00+05:30,99.48,99.48,99.32,99.33,4681,0
2026-07-21T12:30:00+05:30,99.4,99.95,99.32,99.76,16587,0
2026-07-21T12:45:00+05:30,99.76,99.82,99.62,99.7,5440,0
2026-07-21T13:00:00+05:30,99.7,102.05,99.61,100.8,166478,0
2026-07-21T13:15:00+05:30,100.97,101.13,100.1,100.38,55988,0
2026-07-21T13:30:00+05:30,100.3,100.48,99.61,99.84,24100,0
2026-07-21T13:45:00+05:30,99.85,100.38,99.76,99.96,36161,0
2026-07-21T14:00:00+05:30,99.95,100.5,99.84,100.5,37874,0
2026-07-21T14:15:00+05:30,100.52,100.99,100.17,100.54,31607,0
2026-07-21T14:30:00+05:30,100.54,100.99,100.21,100.73,32415,0
2026-07-21T14:45:00+05:30,100.72,100.78,100.16,100.16,20670,0
2026-07-21T15:00:00+05:30,100.19,100.65,100.03,100.29,34353,0
2026-07-21T15:15:00+05:30,100.25,101.48,99.75,100.47,127465,0
2026-07-22T09:15:00+05:30,100.7,105.11,100.7,102.08,1590905,0
2026-07-22T09:30:00+05:30,102.09,102.89,100.56,101.41,288686,0
2026-07-22T09:45:00+05:30,101.53,101.83,101.01,101.27,126087,0
2026-07-22T10:00:00+05:30,101.17,102.5,101.17,101.33,136692,0
2026-07-22T10:15:00+05:30,101.35,101.61,100.5,100.87,110084,0
2026-07-22T10:30:00+05:30,100.97,101.78,100.97,101.69,48451,0
2026-07-22T10:45:00+05:30,101.77,104.0,101.45,103.01,431212,0
2026-07-22T11:00:00+05:30,103.12,103.25,102.04,102.47,173760,0
2026-07-22T11:15:00+05:30,102.58,102.69,102.0,102.5,70673,0
2026-07-22T11:30:00+05:30,102.45,102.54,102.01,102.28,25719,0
2026-07-22T11:45:00+05:30,102.28,102.28,101.16,101.24,74596,0
2026-07-22T12:00:00+05:30,101.36,101.48,100.8,100.91,94851,0
2026-07-22T12:15:00+05:30,100.91,101.04,100.5,100.9,57365,0
2026-07-22T12:30:00+05:30,100.93,101.24,100.82,100.93,36655,0
2026-07-22T12:45:00+05:30,100.98,101.38,100.91,101.0,15215,0
2026-07-22T13:00:00+05:30,101.0,101.04,100.5,100.5,22432,0
2026-07-22T13:15:00+05:30,100.51,100.69,100.1,100.49,50842,0
2026-07-22T13:30:00+05:30,100.4,102.06,100.32,101.61,86411,0
2026-07-22T13:45:00+05:30,101.59,102.1,101.5,101.64,41417,0
2026-07-22T14:00:00+05:30,101.65,101.65,100.51,100.74,84924,0
2026-07-22T14:15:00+05:30,100.69,100.89,100.52,100.66,15546,0
2026-07-22T14:30:00+05:30,100.54,100.54,99.55,100.02,78829,0
2026-07-22T14:45:00+05:30,100.1,100.47,99.92,100.17,26195,0
2026-07-22T15:00:00+05:30,100.09,100.36,99.8,100.06,84069,0
2026-07-22T15:15:00+05:30,100.12,100.34,99.5,99.7,229271,0
2026-07-23T09:15:00+05:30,100.27,100.88,98.48,99.5,152062,0
2026-07-23T09:30:00+05:30,99.46,99.46,98.7,98.82,49309,0
2026-07-23T09:45:00+05:30,98.82,99.0,98.5,98.58,59342,0
2026-07-23T10:00:00+05:30,98.58,99.18,98.43,98.65,45194,0
2026-07-23T10:15:00+05:30,98.86,98.89,98.55,98.66,21772,0
2026-07-23T10:30:00+05:30,98.72,98.91,98.55,98.7,6518,0
2026-07-23T10:45:00+05:30,98.7,99.02,98.67,99.01,9996,0
2026-07-23T11:00:00+05:30,99.15,99.19,98.84,99.07,5966,0
2026-07-23T11:15:00+05:30,99.06,99.06,98.5,98.69,16613,0
2026-07-23T11:30:00+05:30,98.6,98.79,98.4,98.6,17059,0
2026-07-23T11:45:00+05:30,98.6,98.66,98.49,98.56,4405,0
2026-07-23T12:00:00+05:30,98.56,99.68,98.27,98.66,95215,0
2026-07-23T12:15:00+05:30,98.55,100.0,98.51,99.69,104522,0
2026-07-23T12:30:00+05:30,99.61,99.67,99.11,99.28,14673,0
2026-07-23T12:45:00+05:30,99.15,99.15,98.8,98.98,17525,0
2026-07-23T13:00:00+05:30,98.98,98.98,98.53,98.56,13142,0
2026-07-23T13:15:00+05:30,98.56,98.73,98.46,98.55,31350,0
2026-07-23T13:30:00+05:30,98.57,98.98,98.55,98.9,5516,0
2026-07-23T13:45:00+05:30,98.89,98.91,98.48,98.69,11547,0
2026-07-23T14:00:00+05:30,98.65,98.69,98.51,98.69,5446,0
2026-07-23T14:15:00+05:30,98.6,98.61,98.35,98.58,9534,0
2026-07-23T14:30:00+05:30,98.58,98.63,98.3,98.33,5763,0
2026-07-23T14:45:00+05:30,98.33,98.4,98.1,98.24,28386,0
2026-07-23T15:00:00+05:30,98.22,98.68,98.12,98.2,28238,0
2026-07-23T15:15:00+05:30,98.17,98.17,96.67,97.4,170568,0
2026-07-24T09:15:00+05:30,95.8,96.46,95.02,95.26,118607,0
2026-07-24T09:30:00+05:30,95.38,95.6,95.15,95.42,33505,0
2026-07-24T09:45:00+05:30,95.41,95.41,94.11,94.32,150232,0
2026-07-24T10:00:00+05:30,94.25,94.32,93.01,93.5,91179,0
2026-07-24T10:15:00+05:30,93.49,94.05,93.45,93.96,32333,0
2026-07-24T10:30:00+05:30,93.99,94.49,93.5,94.14,45941,0
2026-07-24T10:45:00+05:30,94.21,94.4,94.0,94.11,14621,0
2026-07-24T11:00:00+05:30,94.1,94.34,93.87,94.12,28233,0
2026-07-24T11:15:00+05:30,94.11,94.64,94.02,94.55,6828,0
2026-07-24T11:30:00+05:30,94.5,94.8,94.35,94.79,32271,0
2026-07-24T11:45:00+05:30,94.8,94.93,94.66,94.8,36581,0
2026-07-24T12:00:00+05:30,94.8,94.94,94.6,94.87,8521,0
2026-07-24T12:15:00+05:30,94.85,95.34,94.8,95.28,9546,0
2026-07-24T12:30:00+05:30,95.29,95.59,95.28,95.59,35990,0
2026-07-24T12:45:00+05:30,95.59,95.68,95.4,95.45,13450,0
2026-07-24T13:00:00+05:30,95.56,95.56,94.98,95.15,21569,0
2026-07-24T13:15:00+05:30,95.21,95.3,95.13,95.18,5148,0
2026-07-24T13:30:00+05:30,95.25,95.31,94.9,95.04,9037,0
2026-07-24T13:45:00+05:30,95.04,95.25,94.95,95.25,5542,0
2026-07-24T14:00:00+05:30,95.2,95.62,95.16,95.33,8222,0
2026-07-24T14:15:00+05:30,95.3,95.48,95.0,95.15,13573,0
2026-07-24T14:30:00+05:30,95.09,95.15,95.05,95.12,2781,0
2026-07-24T14:45:00+05:30,95.1,95.43,95.06,95.37,10307,0
2026-07-24T15:00:00+05:30,95.3,95.37,95.1,95.36,25897,0
2026-07-24T15:15:00+05:30,95.33,96.78,95.0,96.3,123065,0
2026-07-27T09:15:00+05:30,97.64,97.64,95.74,96.5,68156,0
2026-07-27T09:30:00+05:30,96.49,96.78,96.11,96.32,16026,0
2026-07-27T09:45:00+05:30,96.34,96.56,96.06,96.11,21168,0
2026-07-27T10:00:00+05:30,96.2,96.41,95.9,96.03,25897,0
2026-07-27T10:15:00+05:30,96.03,96.2,95.64,95.78,24675,0
2026-07-27T10:30:00+05:30,95.78,95.84,95.31,95.75,20754,0
2026-07-27T10:45:00+05:30,95.75,95.89,95.46,95.66,20644,0
2026-07-27T11:00:00+05:30,95.66,95.83,95.5,95.63,7410,0
2026-07-27T11:15:00+05:30,95.63,95.88,95.51,95.65,14091,0
2026-07-27T11:30:00+05:30,95.7,96.19,95.65,96.14,12203,0
2026-07-27T11:45:00+05:30,96.22,96.23,95.66,95.76,10299,0
2026-07-27T12:00:00+05:30,95.69,95.93,95.65,95.82,6270,0
2026-07-27T12:15:00+05:30,95.81,96.0,95.71,95.79,12874,0
2026-07-27T12:30:00+05:30,95.85,95.88,95.65,95.82,7022,0
2026-07-27T12:45:00+05:30,95.82,96.12,95.79,96.12,9326,0
2026-07-27T13:00:00+05:30,96.04,96.27,96.0,96.07,3621,0
2026-07-27T13:15:00+05:30,96.11,96.33,96.07,96.15,8861,0
2026-07-27T13:30:00+05:30,96.2,96.2,95.8,96.05,9116,0
2026-07-27T13:45:00+05:30,96.04,96.04,95.81,95.89,3825,0
2026-07-27T14:00:00+05:30,95.95,96.0,95.89,95.93,5260,0
2026-07-27T14:15:00+05:30,95.94,96.0,95.89,95.89,3209,0
2026-07-27T14:30:00+05:30,95.91,96.0,95.7,95.8,9651,0
2026-07-27T14:45:00+05:30,95.9,96.0,95.85,95.94,8874,0
2026-07-27T15:00:00+05:30,95.93,95.94,95.66,95.66,18602,0
2026-07-27T15:15:00+05:30,95.66,95.7,95.45,95.7,54268,0
2026-07-28T09:15:00+05:30,95.6,95.6,94.25,94.6,41452,0
2026-07-28T09:30:00+05:30,94.51,94.61,94.01,94.17,24755,0
2026-07-28T09:45:00+05:30,94.11,94.2,93.34,93.49,74420,0
2026-07-28T10:00:00+05:30,93.42,93.5,93.0,93.15,47671,0
2026-07-28T10:15:00+05:30,93.27,93.66,93.0,93.37,34678,0
2026-07-28T10:30:00+05:30,93.3,93.52,93.2,93.5,14555,0
2026-07-28T10:45:00+05:30,93.5,93.51,93.35,93.39,8451,0
2026-07-28T11:00:00+05:30,93.4,93.42,92.9,93.3,53764,0
2026-07-28T11:15:00+05:30,93.3,93.45,93.19,93.25,11662,0
2026-07-28T11:30:00+05:30,93.22,93.38,93.16,93.31,5809,0
2026-07-28T11:45:00+05:30,93.25,93.25,92.9,92.93,24655,0
2026-07-28T12:00:00+05:30,93.0,93.4,92.92,93.39,12640,0
2026-07-28T12:15:00+05:30,93.38,93.4,93.24,93.35,6535,0
2026-07-28T12:30:00+05:30,93.32,93.44,93.25,93.44,4986,0
2026-07-28T12:45:00+05:30,93.45,93.47,93.1,93.25,14212,0
2026-07-28T13:00:00+05:30,93.25,93.33,93.15,93.18,3563,0
2026-07-28T13:15:00+05:30,93.17,93.25,93.03,93.25,6517,0
2026-07-28T13:30:00+05:30,93.25,93.33,93.18,93.27,5840,0
2026-07-28T13:45:00+05:30,93.27,93.39,93.07,93.24,7368,0
2026-07-28T14:00:00+05:30,93.2,93.26,93.0,93.04,14062,0
2026-07-28T14:15:00+05:30,93.06,93.29,93.03,93.27,7474,0
2026-07-28T14:30:00+05:30,93.27,93.38,93.19,93.31,17591,0
2026-07-28T14:45:00+05:30,93.3,93.3,93.2,93.25,7567,0
2026-07-28T15:00:00+05:30,93.25,93.25,93.0,93.12,20319,0
2026-07-28T15:15:00+05:30,93.11,93.3,92.85,93.1,60694,0
2026-07-29T09:15:00+05:30,93.1,94.4,93.1,93.53,57545,0
2026-07-29T09:30:00+05:30,93.53,93.85,93.27,93.41,25143,0
2026-07-29T09:45:00+05:30,93.47,93.99,93.32,93.35,17999,0
2026-07-29T10:00:00+05:30,93.43,93.82,93.43,93.78,15543,0
2026-07-29T10:15:00+05:30,93.78,93.83,93.5,93.56,7671,0
2026-07-29T10:30:00+05:30,93.46,93.5,93.3,93.4,12150,0
2026-07-29T10:45:00+05:30,93.4,93.4,93.05,93.3,26202,0
2026-07-29T11:00:00+05:30,93.3,93.32,93.12,93.2,4359,0
2026-07-29T11:15:00+05:30,93.22,93.34,93.05,93.2,8989,0
2026-07-29T11:30:00+05:30,93.21,93.43,93.01,93.02,11080,0
2026-07-29T11:45:00+05:30,93.02,93.23,93.01,93.2,4166,0
2026-07-29T12:00:00+05:30,93.22,93.43,93.04,93.04,13767,0
2026-07-29T12:15:00+05:30,93.04,93.27,93.0,93.27,9861,0
2026-07-29T12:30:00+05:30,93.27,93.27,92.9,93.12,17961,0
2026-07-29T12:45:00+05:30,93.08,93.25,92.9,93.16,18629,0
2026-07-29T13:00:00+05:30,93.19,93.35,92.86,93.08,19742,0
2026-07-29T13:15:00+05:30,93.08,93.16,93.0,93.07,2319,0
2026-07-29T13:30:00+05:30,93.12,93.28,92.97,92.97,9636,0
2026-07-29T13:45:00+05:30,92.95,93.1,92.9,93.0,8824,0
2026-07-29T14:00:00+05:30,93.0,93.16,92.56,92.95,24387,0
2026-07-29T14:15:00+05:30,92.9,93.04,92.66,92.97,8562,0
2026-07-29T14:30:00+05:30,92.93,93.1,92.73,92.96,11521,0
2026-07-29T14:45:00+05:30,92.96,92.97,92.49,92.7,30932,0
2026-07-29T15:00:00+05:30,92.7,92.87,92.25,92.47,31843,0
2026-07-29T15:15:00+05:30,92.43,92.64,92.0,92.5,76079,0
2026-07-30T09:15:00+05:30,92.48,92.51,90.61,90.68,96367,0
2026-07-30T09:30:00+05:30,90.74,90.99,90.3,90.3,60474,0
2026-07-30T09:45:00+05:30,90.35,90.65,90.2,90.44,23682,0
2026-07-30T10:00:00+05:30,90.42,90.8,88.97,89.19,145971,0
2026-07-30T10:15:00+05:30,89.18,89.2,85.51,85.79,529417,0
2026-07-30T10:30:00+05:30,85.7,85.86,83.28,84.55,630386,0
2026-07-30T10:45:00+05:30,84.55,86.0,83.85,83.97,278659,0
2026-07-30T11:00:00+05:30,83.97,84.68,83.39,84.26,199906,0
2026-07-30T11:15:00+05:30,84.22,84.27,83.65,84.14,85050,0
2026-07-30T11:30:00+05:30,84.12,84.54,83.9,84.05,126920,0
2026-07-30T11:45:00+05:30,84.09,84.29,83.63,83.81,126213,0
2026-07-30T12:00:00+05:30,83.91,84.18,83.71,84.13,45733,0
2026-07-30T12:15:00+05:30,84.14,84.21,83.95,84.15,36465,0
2026-07-30T12:30:00+05:30,84.15,84.28,83.95,84.05,61232,0
2026-07-30T12:45:00+05:30,84.06,84.28,83.94,84.08,38790,0
2026-07-30T13:00:00+05:30,84.04,84.14,83.61,84.0,40598,0
2026-07-30T13:15:00+05:30,83.99,84.02,83.77,83.97,33123,0
2026-07-30T13:30:00+05:30,83.97,84.1,83.9,84.0,29875,0
2026-07-30T13:45:00+05:30,84.0,84.07,83.9,84.0,43079,0
2026-07-30T14:00:00+05:30,84.04,84.05,83.93,84.0,23714,0
2026-07-30T14:15:00+05:30,83.98,84.2,82.81,83.07,204630,0
2026-07-30T14:30:00+05:30,83.05,83.39,82.64,83.16,138949,0
2026-07-30T14:45:00+05:30,83.16,83.33,82.3,82.96,108819,0
2026-07-30T15:00:00+05:30,82.97,83.18,81.0,82.15,403446,0
2026-07-30T15:15:00+05:30,82.12,82.49,81.01,82.2,303846,0
2026-07-31T09:15:00+05:30,81.4,81.9,80.25,81.35,288679,0
2026-07-31T09:30:00+05:30,81.36,82.4,80.81,82.4,123355,0
2026-07-31T09:45:00+05:30,82.48,85.0,82.27,84.16,269513,0
2026-07-31T10:00:00+05:30,84.08,84.18,83.31,83.64,61481,0
2026-07-31T10:15:00+05:30,83.64,84.5,83.35,84.5,56372,0
2026-07-31T10:30:00+05:30,84.46,85.34,84.26,84.4,145499,0
2026-07-31T10:45:00+05:30,84.49,84.55,84.06,84.23,22603,0
2026-07-31T11:00:00+05:30,84.21,84.99,84.21,84.99,57932,0
2026-07-31T11:15:00+05:30,84.99,85.27,84.34,84.37,54705,0
2026-07-31T11:30:00+05:30,84.38,84.6,84.34,84.44,15261,0
2026-07-31T11:45:00+05:30,84.48,86.48,84.47,86.28,274528,0
2026-07-31T12:00:00+05:30,86.27,86.8,85.9,86.65,202709,0
2026-07-31T12:15:00+05:30,86.65,86.65,85.92,86.18,78846,0
2026-07-31T12:30:00+05:30,86.18,86.43,86.03,86.17,34375,0
2026-07-31T12:45:00+05:30,86.14,86.45,86.03,86.11,20984,0
2026-07-31T13:00:00+05:30,86.14,86.29,85.8,85.86,37499,0
2026-07-31T13:15:00+05:30,85.81,86.31,85.62,86.16,40482,0
2026-07-31T13:30:00+05:30,86.23,86.23,86.01,86.1,15155,0
2026-07-31T13:45:00+05:30,86.1,86.45,85.83,86.39,35029,0
2026-07-31T14:00:00+05:30,86.39,86.39,85.95,86.14,21899,0
2026-07-31T14:15:00+05:30,86.21,86.52,86.07,86.5,24219,0
2026-07-31T14:30:00+05:30,86.5,86.5,85.82,85.9,20936,0
2026-07-31T14:45:00+05:30,85.94,86.24,85.65,86.09,37864,0
2026-07-31T15:00:00+05:30,86.15,86.3,85.61,85.85,79916,0
2026-07-31T15:15:00+05:30,85.85,86.0,85.56,85.99,119279,0
2026-08-03T09:15:00+05:30,87.1,87.96,85.91,86.16,169289,0
2026-08-03T09:30:00+05:30,86.17,86.4,85.16,85.41,98316,0
2026-08-03T09:45:00+05:30,85.32,85.97,84.81,85.95,92533,0
2026-08-03T10:00:00+05:30,85.96,86.22,85.81,86.14,43676,0
2026-08-03T10:15:00+05:30,86.13,86.13,85.77,85.92,44847,0
2026-08-03T10:30:00+05:30,86.0,86.01,85.41,85.79,40346,0
2026-08-03T10:45:00+05:30,85.79,85.99,85.56,85.92,17037,0
2026-08-03T11:00:00+05:30,85.9,86.1,85.7,85.85,26050,0
2026-08-03T11:15:00+05:30,85.78,85.9,85.6,85.89,23484,0
2026-08-03T11:30:00+05:30,85.89,85.89,85.71,85.77,5890,0
2026-08-03T11:45:00+05:30,85.82,86.1,85.74,85.89,14784,0
2026-08-03T12:00:00+05:30,85.88,86.0,85.78,85.83,8583,0
2026-08-03T12:15:00+05:30,85.83,85.99,85.75,85.85,10459,0
2026-08-03T12:30:00+05:30,85.9,85.92,85.71,85.83,8519,0
2026-08-03T12:45:00+05:30,85.83,85.9,85.6,85.7,32353,0
2026-08-03T13:00:00+05:30,85.71,85.8,85.6,85.77,9448,0
2026-08-03T13:15:00+05:30,85.77,85.83,85.66,85.73,14496,0
2026-08-03T13:30:00+05:30,85.72,85.79,85.71,85.77,5495,0
2026-08-03T13:45:00+05:30,85.75,85.91,85.67,85.87,14944,0
2026-08-03T14:00:00+05:30,85.94,85.99,85.82,85.99,14616,0
2026-08-03T14:15:00+05:30,86.0,86.34,86.0,86.29,11991,0
2026-08-03T14:30:00+05:30,86.3,86.31,85.9,85.96,29501,0
2026-08-03T14:45:00+05:30,86.0,86.1,85.91,85.92,11932,0
2026-08-03T15:00:00+05:30,85.92,85.95,85.5,85.67,68040,0
2026-08-03T15:15:00+05:30,85.58,86.15,85.58,86.15,37034,0
2026-08-04T09:15:00+05:30,86.15,86.15,85.3,85.5,49291,0
2026-08-04T09:30:00+05:30,85.5,85.85,85.37,85.85,20220,0
2026-08-04T09:45:00+05:30,85.85,86.74,85.78,86.38,45654,0
2026-08-04T10:00:00+05:30,86.58,86.69,86.26,86.45,20421,0
2026-08-04T10:15:00+05:30,86.46,86.6,86.2,86.2,14965,0
2026-08-04T10:30:00+05:30,86.3,86.5,86.12,86.12,13332,0
2026-08-04T10:45:00+05:30,86.12,86.55,85.9,86.28,43977,0
2026-08-04T11:00:00+05:30,86.39,86.61,86.28,86.46,18419,0
2026-08-04T11:15:00+05:30,86.53,86.53,86.0,86.2,24535,0
2026-08-04T11:30:00+05:30,86.15,86.22,86.04,86.22,7565,0
2026-08-04T11:45:00+05:30,86.21,86.23,86.04,86.09,3896,0
2026-08-04T12:00:00+05:30,86.09,86.15,86.04,86.06,4899,0
2026-08-04T12:15:00+05:30,86.07,86.34,86.06,86.23,6116,0
2026-08-04T12:30:00+05:30,86.16,86.3,86.1,86.11,12478,0
2026-08-04T12:45:00+05:30,86.12,86.48,86.01,86.39,14363,0
2026-08-04T13:00:00+05:30,86.4,86.53,86.11,86.25,26502,0
2026-08-04T13:15:00+05:30,86.27,86.46,86.23,86.29,3399,0
2026-08-04T13:30:00+05:30,86.27,86.31,86.19,86.26,6037,0
2026-08-04T13:45:00+05:30,86.25,86.46,86.25,86.43,10992,0
2026-08-04T14:00:00+05:30,86.43,86.7,86.31,86.7,10376,0
2026-08-04T14:15:00+05:30,86.7,87.49,86.55,86.73,61350,0
2026-08-04T14:30:00+05:30,86.82,87.25,86.82,87.13,21995,0
2026-08-04T14:45:00+05:30,87.15,87.5,87.02,87.42,24259,0
2026-08-04T15:00:00+05:30,87.36,87.87,87.27,87.69,59038,0
2026-08-04T15:15:00+05:30,86.15,87.8,86.15,87.38,2264528,0
2026-08-05T09:15:00+05:30,87.98,87.98,87.41,87.85,58855,0
2026-08-05T09:30:00+05:30,87.85,87.98,87.54,87.63,35840,0
2026-08-05T09:45:00+05:30,87.71,87.71,87.14,87.25,32910,0
2026-08-05T10:00:00+05:30,87.25,87.36,87.05,87.07,20097,0
2026-08-05T10:15:00+05:30,87.35,87.38,86.78,86.78,18346,0
2026-08-05T10:30:00+05:30,86.85,87.17,86.75,87.17,7804,0
2026-08-05T10:45:00+05:30,87.06,87.28,86.82,87.11,18066,0
2026-08-05T11:00:00+05:30,87.11,87.2,86.78,86.9,17383,0
2026-08-05T11:15:00+05:30,86.91,86.91,86.39,86.49,51672,0
2026-08-05T11:30:00+05:30,86.49,86.49,86.21,86.43,10327,0
2026-08-05T11:45:00+05:30,86.41,86.49,86.08,86.19,8449,0
2026-08-05T12:00:00+05:30,86.14,86.5,86.13,86.14,21156,0
2026-08-05T12:15:00+05:30,86.17,86.3,86.1,86.24,8641,0
2026-08-05T12:30:00+05:30,86.22,86.45,86.08,86.28,9627,0
2026-08-05T12:45:00+05:30,86.25,86.34,86.1,86.2,18268,0
2026-08-05T13:00:00+05:30,86.2,86.23,86.01,86.22,4790,0
2026-08-05T13:15:00+05:30,86.23,86.5,86.23,86.4,6385,0
2026-08-05T13:30:00+05:30,86.4,86.45,86.3,86.39,1965,0
2026-08-05T13:45:00+05:30,86.38,86.5,86.12,86.33,8648,0
2026-08-05T14:00:00+05:30,86.31,86.49,86.2,86.35,8772,0
2026-08-05T14:15:00+05:30,86.35,86.47,86.3,86.4,9606,0
2026-08-05T14:30:00+05:30,86.4,86.46,86.3,86.3,4628,0
2026-08-05T14:45:00+05:30,86.37,86.39,86.2,86.22,15389,0
2026-08-05T15:00:00+05:30,86.22,86.47,86.2,86.29,26631,0
2026-08-05T15:15:00+05:30,86.29,86.5,86.08,86.08,31288,0
2026-08-06T09:15:00+05:30,86.5,86.56,85.37,85.5,47466,0
2026-08-06T09:30:00+05:30,85.5,85.59,84.5,85.16,68033,0
2026-08-06T09:45:00+05:30,85.24,85.58,84.99,85.32,25034,0
2026-08-06T10:00:00+05:30,85.22,85.44,85.0,85.44,16298,0
2026-08-06T10:15:00+05:30,85.44,85.5,85.18,85.5,7689,0
2026-08-06T10:30:00+05:30,85.5,85.78,85.46,85.64,19016,0
2026-08-06T10:45:00+05:30,85.7,85.7,85.27,85.39,23637,0
2026-08-06T11:00:00+05:30,85.39,85.87,85.39,85.54,16033,0
2026-08-06T11:15:00+05:30,85.54,85.59,85.16,85.55,15980,0
2026-08-06T11:30:00+05:30,85.56,85.98,85.5,85.85,15632,0
2026-08-06T11:45:00+05:30,85.91,86.26,85.7,86.14,17020,0
2026-08-06T12:00:00+05:30,86.12,86.13,85.63,85.92,4974,0
2026-08-06T12:15:00+05:30,85.84,86.0,85.82,85.99,5447,0
2026-08-06T12:30:00+05:30,86.0,86.19,85.92,85.97,6679,0
2026-08-06T12:45:00+05:30,86.07,86.1,85.78,85.96,7571,0
2026-08-06T13:00:00+05:30,85.96,85.98,85.5,85.69,16682,0
2026-08-06T13:15:00+05:30,85.69,85.85,85.59,85.6,9102,0
2026-08-06T13:30:00+05:30,85.5,85.75,85.36,85.69,12189,0
2026-08-06T13:45:00+05:30,85.69,85.69,85.06,85.46,22235,0
2026-08-06T14:00:00+05:30,85.46,85.85,85.46,85.65,12619,0
2026-08-06T14:15:00+05:30,85.65,85.78,85.51,85.68,12794,0
2026-08-06T14:30:00+05:30,85.68,85.69,85.38,85.42,13974,0
2026-08-06T14:45:00+05:30,85.42,85.42,85.0,85.11,41782,0
2026-08-06T15:00:00+05:30,85.2,85.59,85.01,85.2,24534,0
2026-08-06T15:15:00+05:30,85.2,85.38,84.9,85.0,48414,0
2026-08-07T09:15:00+05:30,85.15,86.0,85.0,85.24,44035,0
2026-08-07T09:30:00+05:30,85.24,85.45,85.0,85.1,35684,0
2026-08-07T09:45:00+05:30,85.15,85.38,84.97,85.38,18844,0
2026-08-07T10:00:00+05:30,85.38,85.7,85.23,85.45,11072,0
2026-08-07T10:15:00+05:30,85.56,85.56,85.26,85.4,4287,0
2026-08-07T10:30:00+05:30,85.39,85.5,85.22,85.5,7702,0
2026-08-07T10:45:00+05:30,85.5,85.7,85.41,85.51,13776,0
2026-08-07T11:00:00+05:30,85.5,85.64,85.38,85.49,5851,0
2026-08-07T11:15:00+05:30,85.4,85.52,85.27,85.52,3987,0
2026-08-07T11:30:00+05:30,85.52,85.64,85.37,85.5,5475,0
2026-08-07T11:45:00+05:30,85.41,85.68,85.25,85.37,16215,0
2026-08-07T12:00:00+05:30,85.45,85.53,85.33,85.48,3860,0
2026-08-07T12:15:00+05:30,85.45,86.19,85.26,85.9,18596,0
2026-08-07T12:30:00+05:30,85.82,85.93,85.7,85.88,7849,0
2026-08-07T12:45:00+05:30,85.88,85.89,85.69,85.69,3034,0
2026-08-07T13:00:00+05:30,85.81,85.9,85.66,85.85,2397,0
2026-08-07T13:15:00+05:30,85.85,85.89,85.56,85.74,11113,0
2026-08-07T13:30:00+05:30,85.7,85.74,85.31,85.45,13685,0
2026-08-07T13:45:00+05:30,85.47,85.47,85.08,85.14,15209,0
2026-08-07T14:00:00+05:30,85.14,85.14,84.7,84.88,20661,0
2026-08-07T14:15:00+05:30,84.89,85.08,84.89,85.0,4821,0
2026-08-07T14:30:00+05:30,85.0,85.12,84.7,84.87,12096,0
2026-08-07T14:45:00+05:30,84.87,85.02,84.82,84.85,11162,0
2026-08-07T15:00:00+05:30,84.88,85.0,84.4,84.94,41682,0
2026-08-07T15:15:00+05:30,84.88,84.88,84.0,84.3,44117,0
2026-08-10T09:15:00+05:30,84.32,85.0,83.38,83.9,61863,0
2026-08-10T09:30:00+05:30,84.02,84.08,83.38,83.67,38647,0
2026-08-10T09:45:00+05:30,83.68,84.13,83.63,84.09,21250,0
2026-08-10T10:00:00+05:30,84.15,84.45,84.1,84.31,18428,0
2026-08-10T10:15:00+05:30,84.31,85.25,84.31,85.25,33455,0
2026-08-10T10:30:00+05:30,85.32,85.42,85.0,85.27,12906,0
2026-08-10T10:45:00+05:30,85.11,85.39,84.8,84.8,13176,0
2026-08-10T11:00:00+05:30,84.9,85.06,84.9,84.99,5824,0
2026-08-10T11:15:00+05:30,84.99,85.59,84.91,85.5,18626,0
2026-08-10T11:30:00+05:30,85.5,85.52,85.07,85.33,13126,0
2026-08-10T11:45:00+05:30,85.25,85.48,85.06,85.46,14144,0
2026-08-10T12:00:00+05:30,85.45,85.45,85.25,85.44,5401,0
2026-08-10T12:15:00+05:30,85.37,85.55,85.18,85.34,20483,0
2026-08-10T12:30:00+05:30,85.34,85.43,85.3,85.36,1773,0
2026-08-10T12:45:00+05:30,85.35,85.36,85.2,85.3,8999,0
2026-08-10T13:00:00+05:30,85.34,85.54,85.12,85.26,11222,0
2026-08-10T13:15:00+05:30,85.35,85.37,85.1,85.1,3210,0
2026-08-10T13:30:00+05:30,85.1,85.35,85.0,85.18,12772,0
2026-08-10T13:45:00+05:30,85.18,85.45,85.01,85.28,9271,0
2026-08-10T14:00:00+05:30,85.37,85.4,85.2,85.24,5602,0
2026-08-10T14:15:00+05:30,85.22,85.31,84.7,84.84,26909,0
2026-08-10T14:30:00+05:30,84.94,85.16,84.71,84.94,12127,0
2026-08-10T14:45:00+05:30,84.81,84.97,84.7,84.95,10238,0
2026-08-10T15:00:00+05:30,84.94,85.5,84.76,85.26,27871,0
2026-08-10T15:15:00+05:30,85.25,85.55,84.81,85.55,29330,0
2026-08-11T09:15:00+05:30,85.12,85.51,84.21,84.5,33006,0
2026-08-11T09:30:00+05:30,84.49,84.65,84.23,84.38,35383,0
2026-08-11T09:45:00+05:30,84.3,84.56,84.3,84.46,10458,0
2026-08-11T10:00:00+05:30,84.55,84.68,84.46,84.52,5403,0
2026-08-11T10:15:00+05:30,84.59,84.8,84.52,84.79,2724,0
2026-08-11T10:30:00+05:30,84.78,84.99,84.53,84.6,12522,0
2026-08-11T10:45:00+05:30,84.72,84.72,84.25,84.4,21162,0
2026-08-11T11:00:00+05:30,84.4,84.79,84.06,84.31,49588,0
2026-08-11T11:15:00+05:30,84.41,84.42,84.27,84.42,1386,0
2026-08-11T11:30:00+05:30,84.42,84.5,84.35,84.4,5218,0
2026-08-11T11:45:00+05:30,84.4,84.49,84.3,84.4,9185,0
2026-08-11T12:00:00+05:30,84.41,84.41,84.18,84.32,3735,0
2026-08-11T12:15:00+05:30,84.32,84.37,84.15,84.22,2850,0
2026-08-11T12:30:00+05:30,84.22,84.25,84.1,84.18,8839,0
2026-08-11T12:45:00+05:30,84.18,84.18,84.02,84.02,3865,0
2026-08-11T13:00:00+05:30,84.01,84.17,84.0,84.11,5824,0
2026-08-11T13:15:00+05:30,84.11,84.43,84.06,84.42,6117,0
2026-08-11T13:30:00+05:30,84.39,84.42,84.01,84.01,7272,0
2026-08-11T13:45:00+05:30,84.02,84.27,84.0,84.07,23264,0
2026-08-11T14:00:00+05:30,84.07,84.19,83.8,83.96,25613,0
2026-08-11T14:15:00+05:30,83.96,83.96,83.3,83.45,37182,0
2026-08-11T14:30:00+05:30,83.45,83.54,83.16,83.41,9715,0
2026-08-11T14:45:00+05:30,83.42,83.5,83.25,83.47,12303,0
2026-08-11T15:00:00+05:30,83.44,83.56,83.18,83.25,19768,0
2026-08-11T15:15:00+05:30,83.3,83.86,83.02,83.8,47845,0
2026-08-12T09:15:00+05:30,83.13,84.28,83.13,83.68,45761,0
2026-08-12T09:30:00+05:30,83.66,83.84,83.39,83.77,19619,0
2026-08-12T09:45:00+05:30,83.77,83.77,83.32,83.43,19479,0
2026-08-12T10:00:00+05:30,83.43,83.49,83.01,83.11,15406,0
2026-08-12T10:15:00+05:30,83.11,83.27,83.0,83.26,20721,0
2026-08-12T10:30:00+05:30,83.17,83.27,83.04,83.14,7474,0
2026-08-12T10:45:00+05:30,83.12,83.17,82.89,82.89,11854,0
2026-08-12T11:00:00+05:30,82.96,83.06,82.5,83.01,29396,0
2026-08-12T11:15:00+05:30,82.95,83.09,82.7,82.95,6987,0
2026-08-12T11:30:00+05:30,82.85,83.06,82.63,82.76,16972,0
2026-08-12T11:45:00+05:30,82.76,82.87,82.7,82.83,2161,0
2026-08-12T12:00:00+05:30,82.79,82.86,82.6,82.71,14949,0
2026-08-12T12:15:00+05:30,82.69,82.97,82.5,82.6,36624,0
2026-08-12T12:30:00+05:30,82.61,82.73,82.47,82.6,13441,0
2026-08-12T12:45:00+05:30,82.6,82.74,82.53,82.72,2315,0
2026-08-12T13:00:00+05:30,82.72,82.75,82.56,82.6,1922,0
2026-08-12T13:15:00+05:30,82.6,83.08,82.51,82.95,22552,0
2026-08-12T13:30:00+05:30,82.97,83.12,82.74,82.78,9430,0
2026-08-12T13:45:00+05:30,82.78,82.91,82.7,82.74,4810,0
2026-08-12T14:00:00+05:30,82.83,82.86,82.6,82.7,4508,0
2026-08-12T14:15:00+05:30,82.69,82.86,82.57,82.86,3368,0
2026-08-12T14:30:00+05:30,82.86,82.9,82.81,82.81,2386,0
2026-08-12T14:45:00+05:30,82.89,83.11,82.71,83.0,11800,0
2026-08-12T15:00:00+05:30,83.06,83.19,82.61,83.0,14704,0
2026-08-12T15:15:00+05:30,83.02,84.0,83.0,83.75,37129,0
2026-08-13T09:15:00+05:30,84.8,84.8,83.4,83.73,22473,0
2026-08-13T09:30:00+05:30,83.73,83.8,83.41,83.75,10292,0
2026-08-13T09:45:00+05:30,83.74,83.74,83.21,83.41,18126,0
2026-08-13T10:00:00+05:30,83.37,83.52,83.1,83.1,13052,0
2026-08-13T10:15:00+05:30,83.2,83.39,82.81,82.88,20481,0
2026-08-13T10:30:00+05:30,82.82,83.0,82.71,83.0,8489,0
2026-08-13T10:45:00+05:30,83.0,83.09,82.88,83.08,5599,0
2026-08-13T11:00:00+05:30,83.08,83.25,82.89,82.89,5629,0
2026-08-13T11:15:00+05:30,82.9,82.98,82.8,82.97,3846,0
2026-08-13T11:30:00+05:30,82.98,82.99,82.7,82.97,5476,0
2026-08-13T11:45:00+05:30,82.9,82.9,82.6,82.69,29376,0
2026-08-13T12:00:00+05:30,82.69,82.94,82.69,82.8,3666,0
2026-08-13T12:15:00+05:30,82.8,83.0,82.5,82.72,24627,0
2026-08-13T12:30:00+05:30,82.75,82.8,82.0,82.37,28541,0
2026-08-13T12:45:00+05:30,82.34,82.52,82.32,82.5,5035,0
2026-08-13T13:00:00+05:30,82.49,82.51,82.19,82.39,10669,0
2026-08-13T13:15:00+05:30,82.39,82.51,82.36,82.38,5419,0
2026-08-13T13:30:00+05:30,82.4,82.7,82.4,82.48,6228,0
2026-08-13T13:45:00+05:30,82.58,82.7,82.41,82.7,7886,0
2026-08-13T14:00:00+05:30,82.7,82.7,82.41,82.55,5878,0
2026-08-13T14:15:00+05:30,82.55,82.6,82.45,82.6,3537,0
2026-08-13T14:30:00+05:30,82.6,82.63,82.5,82.62,7819,0
2026-08-13T14:45:00+05:30,82.62,82.63,82.5,82.51,6145,0
2026-08-13T15:00:00+05:30,82.58,82.99,82.5,82.88,17897,0
2026-08-13T15:15:00+05:30,82.76,82.87,82.52,82.6,35374,0
2026-08-14T09:15:00+05:30,82.18,83.88,82.18,82.85,28356,0
2026-08-14T09:30:00+05:30,82.85,82.99,82.6,82.61,23490,0
2026-08-14T09:45:00+05:30,82.79,82.96,82.65,82.89,13051,0
2026-08-14T10:00:00+05:30,82.89,83.09,82.7,82.7,7797,0
2026-08-14T10:15:00+05:30,82.68,82.94,82.68,82.8,10370,0
2026-08-14T10:30:00+05:30,82.71,82.81,82.36,82.81,12388,0
2026-08-14T10:45:00+05:30,82.81,82.88,82.61,82.61,5151,0
2026-08-14T11:00:00+05:30,82.61,82.7,82.59,82.6,1966,0
2026-08-14T11:15:00+05:30,82.6,82.6,82.27,82.41,7397,0
2026-08-14T11:30:00+05:30,82.41,82.6,82.25,82.39,9902,0
2026-08-14T11:45:00+05:30,82.39,82.55,82.31,82.5,4888,0
2026-08-14T12:00:00+05:30,82.5,82.8,82.5,82.73,6221,0
2026-08-14T12:15:00+05:30,82.73,82.79,82.7,82.75,2399,0
2026-08-14T12:30:00+05:30,82.75,82.75,82.35,82.4,7621,0
2026-08-14T12:45:00+05:30,82.4,82.51,82.32,82.5,9131,0
2026-08-14T13:00:00+05:30,82.5,82.59,82.41,82.48,5768,0
2026-08-14T13:15:00+05:30,82.54,82.66,82.4,82.66,6868,0
2026-08-14T13:30:00+05:30,82.66,82.74,82.56,82.6,10650,0
2026-08-14T13:45:00+05:30,82.69,82.73,82.41,82.62,8068,0
2026-08-14T14:00:00+05:30,82.68,82.78,82.57,82.72,7762,0
2026-08-14T14:15:00+05:30,82.72,82.72,82.51,82.53,4701,0
2026-08-14T14:30:00+05:30,82.62,82.85,82.62,82.67,9080,0
2026-08-14T14:45:00+05:30,82.77,82.79,82.25,82.61,16131,0
2026-08-14T15:00:00+05:30,82.64,82.88,82.5,82.81,12441,0
2026-08-14T15:15:00+05:30,82.79,82.87,82.7,82.87,28693,0
2026-08-17T09:15:00+05:30,82.25,82.94,81.8,81.9,36322,0
2026-08-17T09:30:00+05:30,81.89,82.39,81.72,82.23,17535,0
2026-08-17T09:45:00+05:30,82.45,82.45,81.79,82.05,11554,0
2026-08-17T10:00:00+05:30,81.94,82.39,81.94,82.36,13594,0
2026-08-17T10:15:00+05:30,82.38,82.44,82.04,82.2,6925,0
2026-08-17T10:30:00+05:30,82.29,82.69,82.25,82.47,16917,0
2026-08-17T10:45:00+05:30,82.49,82.54,82.28,82.3,4823,0
2026-08-17T11:00:00+05:30,82.4,82.4,82.2,82.21,3041,0
2026-08-17T11:15:00+05:30,82.21,82.25,82.0,82.09,9878,0
2026-08-17T11:30:00+05:30,82.1,82.25,82.02,82.06,5546,0
2026-08-17T11:45:00+05:30,82.06,82.24,82.01,82.24,7882,0
2026-08-17T12:00:00+05:30,82.19,82.19,82.0,82.08,5603,0
2026-08-17T12:15:00+05:30,82.11,82.21,82.08,82.18,1107,0
2026-08-17T12:30:00+05:30,82.18,82.23,82.0,82.07,9881,0
2026-08-17T12:45:00+05:30,82.07,82.25,82.01,82.15,2929,0
2026-08-17T13:00:00+05:30,82.15,82.56,82.15,82.38,9082,0
2026-08-17T13:15:00+05:30,82.57,82.66,82.27,82.5,31425,0
2026-08-17T13:30:00+05:30,82.51,82.93,82.51,82.82,12747,0
2026-08-17T13:45:00+05:30,82.75,82.99,82.72,82.8,8431,0
2026-08-17T14:00:00+05:30,82.8,82.9,82.42,82.42,6653,0
2026-08-17T14:15:00+05:30,82.44,82.59,82.4,82.53,9004,0
2026-08-17T14:30:00+05:30,82.58,82.58,82.32,82.52,14756,0
2026-08-17T14:45:00+05:30,82.69,82.69,82.34,82.46,6427,0
2026-08-17T15:00:00+05:30,82.46,82.6,82.37,82.55,11633,0
2026-08-17T15:15:00+05:30,82.54,82.94,82.41,82.6,33590,0
2026-08-18T09:15:00+05:30,82.55,84.9,82.55,83.35,155514,0
2026-08-18T09:30:00+05:30,83.44,83.44,82.74,82.77,41373,0
2026-08-18T09:45:00+05:30,82.92,83.45,82.6,83.04,39836,0
2026-08-18T10:00:00+05:30,83.04,83.04,82.66,82.75,20443,0
2026-08-18T10:15:00+05:30,82.75,82.98,82.73,82.81,9556,0
2026-08-18T10:30:00+05:30,82.9,82.92,82.6,82.74,12987,0
2026-08-18T10:45:00+05:30,82.86,83.05,82.71,83.05,19394,0
2026-08-18T11:00:00+05:30,83.14,83.16,82.93,83.12,7488,0
2026-08-18T11:15:00+05:30,83.12,83.45,83.0,83.1,10644,0
2026-08-18T11:30:00+05:30,83.1,83.17,83.0,83.17,4018,0
2026-08-18T11:45:00+05:30,83.17,83.17,83.01,83.07,4374,0
2026-08-18T12:00:00+05:30,83.07,83.12,82.73,82.88,14515,0
2026-08-18T12:15:00+05:30,82.81,83.07,82.73,83.04,10409,0
2026-08-18T12:30:00+05:30,83.04,83.07,81.96,82.44,50824,0
2026-08-18T12:45:00+05:30,82.39,82.55,82.03,82.25,9548,0
2026-08-18T13:00:00+05:30,82.17,82.25,82.0,82.0,7443,0
2026-08-18T13:15:00+05:30,82.0,82.19,81.96,82.02,7162,0
2026-08-18T13:30:00+05:30,82.03,82.15,81.96,82.1,9828,0
2026-08-18T13:45:00+05:30,82.1,82.22,82.08,82.12,6067,0
2026-08-18T14:00:00+05:30,82.12,82.32,82.1,82.17,8737,0
2026-08-18T14:15:00+05:30,82.17,82.4,82.1,82.34,10555,0
2026-08-18T14:30:00+05:30,82.34,82.37,82.2,82.2,4264,0
2026-08-18T14:45:00+05:30,82.21,82.34,82.05,82.07,12709,0
2026-08-18T15:00:00+05:30,82.13,82.47,82.12,82.34,24799,0
2026-08-18T15:15:00+05:30,82.32,82.38,82.0,82.0,32101,0
2026-08-19T09:15:00+05:30,82.0,82.2,81.3,81.73,42597,0
2026-08-19T09:30:00+05:30,81.73,82.11,81.41,81.69,29397,0
2026-08-19T09:45:00+05:30,81.67,82.24,81.61,82.21,15504,0
2026-08-19T10:00:00+05:30,82.21,82.21,81.59,81.77,8905,0
2026-08-19T10:15:00+05:30,81.87,82.03,81.56,81.56,17825,0
2026-08-19T10:30:00+05:30,81.73,81.82,81.51,81.65,4137,0
2026-08-19T10:45:00+05:30,81.65,81.73,81.52,81.62,3980,0
2026-08-19T11:00:00+05:30,81.73,81.85,81.35,81.76,25780,0
2026-08-19T11:15:00+05:30,81.76,81.79,81.61,81.7,7996,0
2026-08-19T11:30:00+05:30,81.7,81.78,81.65,81.77,2210,0
2026-08-19T11:45:00+05:30,81.76,81.82,81.56,81.76,5256,0
2026-08-19T12:00:00+05:30,81.76,81.85,81.65,81.72,2362,0
2026-08-19T12:15:00+05:30,81.72,81.77,81.55,81.71,1866,0
2026-08-19T12:30:00+05:30,81.61,81.93,81.31,81.76,26391,0
2026-08-19T12:45:00+05:30,81.72,81.72,81.46,81.52,1525,0
2026-08-19T13:00:00+05:30,81.5,81.89,81.45,81.6,13869,0
2026-08-19T13:15:00+05:30,81.6,81.63,81.4,81.51,10019,0
2026-08-19T13:30:00+05:30,81.51,81.77,81.41,81.77,2910,0
2026-08-19T13:45:00+05:30,81.68,81.69,81.42,81.51,4505,0
2026-08-19T14:00:00+05:30,81.56,81.62,81.5,81.51,3094,0
2026-08-19T14:15:00+05:30,81.58,81.61,81.3,81.41,8799,0
2026-08-19T14:30:00+05:30,81.45,81.58,81.35,81.44,7627,0
2026-08-19T14:45:00+05:30,81.43,81.51,81.0,81.04,11603,0
2026-08-19T15:00:00+05:30,81.1,81.47,81.0,81.3,23683,0
2026-08-19T15:15:00+05:30,81.28,81.46,80.49,80.99,22953,0
2026-08-20T09:15:00+05:30,81.0,81.99,81.0,81.62,28168,0
2026-08-20T09:30:00+05:30,81.62,82.4,81.61,82.23,19712,0
2026-08-20T09:45:00+05:30,82.35,82.69,82.2,82.28,19921,0
2026-08-20T10:00:00+05:30,82.28,82.37,82.13,82.17,10780,0
2026-08-20T10:15:00+05:30,82.34,82.39,82.16,82.17,7470,0
2026-08-20T10:30:00+05:30,82.3,82.4,82.08,82.4,2964,0
2026-08-20T10:45:00+05:30,82.4,82.5,82.0,82.2,14084,0
2026-08-20T11:00:00+05:30,82.3,82.45,82.16,82.35,9106,0
2026-08-20T11:15:00+05:30,82.45,82.6,82.12,82.59,11458,0
2026-08-20T11:30:00+05:30,82.59,82.75,82.2,82.38,18165,0
2026-08-20T11:45:00+05:30,82.38,82.5,82.2,82.5,6750,0
2026-08-20T12:00:00+05:30,82.5,82.6,82.36,82.48,2147,0
2026-08-20T12:15:00+05:30,82.49,82.63,82.2,82.5,9804,0
2026-08-20T12:30:00+05:30,82.5,82.74,82.35,82.6,10684,0
2026-08-20T12:45:00+05:30,82.59,82.67,82.31,82.31,8686,0
2026-08-20T13:00:00+05:30,82.32,82.44,82.3,82.37,5626,0
2026-08-20T13:15:00+05:30,82.3,82.49,82.1,82.28,10291,0
2026-08-20T13:30:00+05:30,82.28,82.41,82.1,82.23,4336,0
2026-08-20T13:45:00+05:30,82.23,82.33,82.1,82.33,3404,0
2026-08-20T14:00:00+05:30,82.33,82.33,82.1,82.15,3184,0
2026-08-20T14:15:00+05:30,82.15,82.25,81.85,82.16,18183,0
2026-08-20T14:30:00+05:30,82.34,82.34,82.11,82.23,4607,0
2026-08-20T14:45:00+05:30,82.15,82.25,82.08,82.11,6023,0
2026-08-20T15:00:00+05:30,82.16,82.9,82.0,82.72,32580,0
2026-08-20T15:15:00+05:30,82.87,82.87,82.5,82.7,26781,0
2026-08-21T09:15:00+05:30,82.56,82.79,82.21,82.4,12873,0
2026-08-21T09:30:00+05:30,82.33,83.24,82.23,83.12,22275,0
2026-08-21T09:45:00+05:30,83.1,83.2,82.78,82.95,22956,0
2026-08-21T10:00:00+05:30,82.99,83.1,82.72,82.91,11272,0
2026-08-21T10:15:00+05:30,82.91,82.94,82.56,82.86,10010,0
2026-08-21T10:30:00+05:30,83.0,83.0,82.72,82.88,5242,0
2026-08-21T10:45:00+05:30,82.8,82.89,82.42,82.73,10378,0
2026-08-21T11:00:00+05:30,82.73,82.76,82.5,82.6,2599,0
2026-08-21T11:15:00+05:30,82.6,82.7,82.58,82.68,2549,0
2026-08-21T11:30:00+05:30,82.68,82.74,82.62,82.63,2541,0
2026-08-21T11:45:00+05:30,82.72,82.73,82.58,82.59,6190,0
2026-08-21T12:00:00+05:30,82.59,82.59,82.36,82.47,6638,0
2026-08-21T12:15:00+05:30,82.47,82.47,82.17,82.34,10247,0
2026-08-21T12:30:00+05:30,82.41,82.5,82.35,82.41,5626,0
2026-08-21T12:45:00+05:30,82.42,82.69,82.3,82.52,7757,0
2026-08-21T13:00:00+05:30,82.52,82.52,82.39,82.49,3054,0
2026-08-21T13:15:00+05:30,82.5,82.55,82.32,82.48,2438,0
2026-08-21T13:30:00+05:30,82.45,82.49,82.38,82.41,1712,0
2026-08-21T13:45:00+05:30,82.41,82.48,82.23,82.23,2608,0
2026-08-21T14:00:00+05:30,82.33,82.49,82.31,82.4,7196,0
2026-08-21T14:15:00+05:30,82.4,82.4,82.26,82.38,1897,0
2026-08-21T14:30:00+05:30,82.38,82.38,82.12,82.25,4203,0
2026-08-21T14:45:00+05:30,82.25,82.35,82.11,82.35,6884,0
2026-08-21T15:00:00+05:30,82.25,83.05,82.21,82.34,16680,0
2026-08-21T15:15:00+05:30,82.32,82.54,82.2,82.2,26978,0
2026-08-24T09:15:00+05:30,82.75,83.71,82.55,83.06,49205,0
2026-08-24T09:30:00+05:30,83.11,83.95,82.72,83.82,67265,0
2026-08-24T09:45:00+05:30,83.8,83.8,83.0,83.09,22805,0
2026-08-24T10:00:00+05:30,83.13,83.13,82.6,82.62,17662,0
2026-08-24T10:15:00+05:30,82.6,82.7,82.47,82.5,11333,0
2026-08-24T10:30:00+05:30,82.47,82.63,82.32,82.48,13564,0
2026-08-24T10:45:00+05:30,82.47,82.69,82.36,82.48,9261,0
2026-08-24T11:00:00+05:30,82.48,82.58,82.15,82.15,7890,0
2026-08-24T11:15:00+05:30,82.12,82.22,81.9,82.01,13862,0
2026-08-24T11:30:00+05:30,82.03,82.19,81.95,82.05,4320,0
2026-08-24T11:45:00+05:30,82.05,82.08,81.8,81.85,4795,0
2026-08-24T12:00:00+05:30,81.85,81.99,81.7,81.7,7645,0
2026-08-24T12:15:00+05:30,81.76,81.85,81.54,81.64,7871,0
2026-08-24T12:30:00+05:30,81.55,82.0,81.54,81.9,12688,0
2026-08-24T12:45:00+05:30,81.85,81.93,81.76,81.83,2620,0
2026-08-24T13:00:00+05:30,81.83,81.92,81.7,81.75,7515,0
2026-08-24T13:15:00+05:30,81.73,81.9,81.71,81.88,1763,0
2026-08-24T13:30:00+05:30,81.88,81.94,81.75,81.92,1871,0
2026-08-24T13:45:00+05:30,81.92,81.97,81.82,81.82,3615,0
2026-08-24T14:00:00+05:30,81.82,81.91,81.8,81.81,2945,0
2026-08-24T14:15:00+05:30,81.8,81.82,81.5,81.73,12972,0
2026-08-24T14:30:00+05:30,81.73,82.2,81.61,81.98,34194,0
2026-08-24T14:45:00+05:30,82.06,82.24,81.81,81.83,9810,0
2026-08-24T15:00:00+05:30,81.89,82.9,81.83,82.18,25476,0
2026-08-24T15:15:00+05:30,82.23,82.48,81.95,81.95,24695,0
2026-08-25T09:15:00+05:30,82.26,82.86,81.28,82.06,27607,0
2026-08-25T09:30:00+05:30,82.06,82.06,81.76,81.89,12269,0
2026-08-25T09:45:00+05:30,81.88,81.93,81.64,81.8,7885,0
2026-08-25T10:00:00+05:30,81.8,81.81,81.51,81.62,5231,0
2026-08-25T10:15:00+05:30,81.62,81.67,81.42,81.47,13176,0
2026-08-25T10:30:00+05:30,81.47,81.52,81.46,81.46,6590,0
2026-08-25T10:45:00+05:30,81.46,81.5,81.36,81.48,3386,0
2026-08-25T11:00:00+05:30,81.48,81.6,81.37,81.42,11568,0
2026-08-25T11:15:00+05:30,81.45,81.56,81.35,81.44,5878,0
2026-08-25T11:30:00+05:30,81.43,81.55,81.25,81.33,9004,0
2026-08-25T11:45:00+05:30,81.4,81.45,81.21,81.4,7232,0
2026-08-25T12:00:00+05:30,81.45,81.47,81.31,81.33,2355,0
2026-08-25T12:15:00+05:30,81.42,81.42,81.29,81.37,4815,0
2026-08-25T12:30:00+05:30,81.37,81.38,81.11,81.31,5250,0
2026-08-25T12:45:00+05:30,81.31,81.41,81.22,81.27,1950,0
2026-08-25T13:00:00+05:30,81.27,81.29,81.16,81.21,2782,0
2026-08-25T13:15:00+05:30,81.21,81.27,81.13,81.13,2325,0
2026-08-25T13:30:00+05:30,81.23,81.29,81.13,81.21,435,0
2026-08-25T13:45:00+05:30,81.22,81.31,81.12,81.31,4525,0
2026-08-25T14:00:00+05:30,81.26,81.32,81.19,81.29,2418,0
2026-08-25T14:15:00+05:30,81.29,81.32,81.11,81.18,3848,0
2026-08-25T14:30:00+05:30,81.28,81.32,81.2,81.22,2035,0
2026-08-25T14:45:00+05:30,81.31,81.44,81.23,81.44,10170,0
2026-08-25T15:00:00+05:30,81.44,81.64,81.26,81.36,28599,0
2026-08-25T15:15:00+05:30,81.52,81.71,81.4,81.5,16707,0
2026-08-26T09:15:00+05:30,82.46,82.46,81.55,81.93,11655,0
2026-08-26T09:30:00+05:30,81.91,81.93,81.45,81.83,12867,0
2026-08-26T09:45:00+05:30,81.72,81.89,81.66,81.69,6834,0
2026-08-26T10:00:00+05:30,81.69,81.97,81.65,81.97,6478,0
2026-08-26T10:15:00+05:30,81.92,81.96,81.69,81.8,5969,0
2026-08-26T10:30:00+05:30,81.79,81.81,81.62,81.8,4885,0
2026-08-26T10:45:00+05:30,81.79,82.0,81.65,81.97,10601,0
2026-08-26T11:00:00+05:30,81.95,81.97,81.77,81.92,3921,0
2026-08-26T11:15:00+05:30,81.84,81.93,81.6,81.71,9442,0
2026-08-26T11:30:00+05:30,81.76,81.94,81.71,81.84,4250,0
2026-08-26T11:45:00+05:30,81.73,82.0,81.65,81.85,18763,0
2026-08-26T12:00:00+05:30,81.86,81.86,81.7,81.8,1076,0
2026-08-26T12:15:00+05:30,81.7,81.85,81.5,81.52,17007,0
2026-08-26T12:30:00+05:30,81.6,81.63,81.41,81.41,4901,0
2026-08-26T12:45:00+05:30,81.48,81.49,81.27,81.42,3659,0
2026-08-26T13:00:00+05:30,81.42,81.5,81.26,81.5,5365,0
2026-08-26T13:15:00+05:30,81.5,81.5,81.33,81.47,2763,0
2026-08-26T13:30:00+05:30,81.47,81.5,81.26,81.28,9042,0
2026-08-26T13:45:00+05:30,81.28,81.42,81.27,81.31,5500,0
2026-08-26T14:00:00+05:30,81.3,81.44,81.29,81.33,2628,0
2026-08-26T14:15:00+05:30,81.43,81.45,81.25,81.25,5460,0
2026-08-26T14:30:00+05:30,81.27,81.53,81.26,81.35,5115,0
2026-08-26T14:45:00+05:30,81.35,81.4,81.27,81.39,3313,0
2026-08-26T15:00:00+05:30,81.39,81.69,81.32,81.41,12364,0
2026-08-26T15:15:00+05:30,81.5,81.6,81.27,81.5,25930,0
2026-08-27T09:15:00+05:30,81.65,82.5,81.65,81.94,26053,0
2026-08-27T09:30:00+05:30,82.0,82.35,81.93,82.31,11152,0
2026-08-27T09:45:00+05:30,82.24,82.24,81.56,81.61,30191,0
2026-08-27T10:00:00+05:30,81.67,81.74,81.25,81.45,11800,0
2026-08-27T10:15:00+05:30,81.45,82.0,81.35,81.74,33667,0
2026-08-27T10:30:00+05:30,81.55,81.63,81.4,81.44,3148,0
2026-08-27T10:45:00+05:30,81.44,81.45,81.27,81.27,4868,0
2026-08-27T11:00:00+05:30,81.35,81.45,81.26,81.35,2459,0
2026-08-27T11:15:00+05:30,81.3,81.3,81.17,81.2,5441,0
2026-08-27T11:30:00+05:30,81.19,81.37,81.18,81.35,5425,0
2026-08-27T11:45:00+05:30,81.33,81.44,81.21,81.4,5672,0
2026-08-27T12:00:00+05:30,81.3,81.36,81.1,81.18,9822,0
2026-08-27T12:15:00+05:30,81.25,81.31,81.16,81.16,787,0
2026-08-27T12:30:00+05:30,81.25,81.27,81.13,81.24,10014,0
2026-08-27T12:45:00+05:30,81.24,81.38,81.15,81.24,2811,0
2026-08-27T13:00:00+05:30,81.24,81.36,81.14,81.23,1393,0
2026-08-27T13:15:00+05:30,81.23,81.38,81.1,81.1,3967,0
2026-08-27T13:30:00+05:30,81.1,81.19,81.05,81.05,4399,0
2026-08-27T13:45:00+05:30,81.1,81.1,80.85,80.89,16872,0
2026-08-27T14:00:00+05:30,80.85,81.1,80.81,81.04,5203,0
2026-08-27T14:15:00+05:30,81.0,81.2,81.0,81.0,4429,0
2026-08-27T14:30:00+05:30,81.01,81.14,80.91,80.97,6721,0
2026-08-27T14:45:00+05:30,81.07,81.1,80.9,80.95,4670,0
2026-08-27T15:00:00+05:30,81.0,81.5,80.91,80.98,16831,0
2026-08-27T15:15:00+05:30,80.95,81.3,80.9,81.25,11166,0
2026-08-28T09:15:00+05:30,81.15,81.69,81.1,81.37,13935,0
2026-08-28T09:30:00+05:30,81.3,81.44,81.12,81.26,28849,0
2026-08-28T09:45:00+05:30,81.32,81.44,81.21,81.35,8164,0
2026-08-28T10:00:00+05:30,81.35,81.4,81.2,81.34,9607,0
2026-08-28T10:15:00+05:30,81.34,81.43,81.26,81.42,3960,0
2026-08-28T10:30:00+05:30,81.34,81.44,81.25,81.34,3717,0
2026-08-28T10:45:00+05:30,81.33,81.38,81.12,81.23,9335,0
2026-08-28T11:00:00+05:30,81.23,81.27,81.14,81.27,1084,0
2026-08-28T11:15:00+05:30,81.27,81.44,81.27,81.27,6412,0
2026-08-28T11:30:00+05:30,81.27,81.35,81.13,81.33,1766,0
2026-08-28T11:45:00+05:30,81.31,81.31,80.9,80.9,17052,0
2026-08-28T12:00:00+05:30,81.0,81.04,80.48,80.79,16096,0
2026-08-28T12:15:00+05:30,80.79,80.99,80.7,80.98,8448,0
2026-08-28T12:30:00+05:30,80.99,81.17,80.8,81.07,8865,0
2026-08-28T12:45:00+05:30,81.07,81.07,80.86,80.93,1107,0
2026-08-28T13:00:00+05:30,80.86,80.91,80.62,80.81,2953,0
2026-08-28T13:15:00+05:30,80.87,80.94,80.8,80.94,2498,0
2026-08-28T13:30:00+05:30,80.94,81.0,80.91,81.0,2788,0
2026-08-28T13:45:00+05:30,81.0,81.0,80.7,80.7,4119,0
2026-08-28T14:00:00+05:30,80.75,80.87,80.5,80.65,5466,0
2026-08-28T14:15:00+05:30,80.55,80.9,80.5,80.84,7161,0
2026-08-28T14:30:00+05:30,80.84,80.85,80.66,80.85,4663,0
2026-08-28T14:45:00+05:30,80.85,80.89,80.67,80.81,9082,0
2026-08-28T15:00:00+05:30,80.8,80.98,80.7,80.73,12792,0
2026-08-28T15:15:00+05:30,80.95,81.2,80.8,80.8,20995,0
2026-08-31T09:15:00+05:30,80.97,80.97,79.58,80.0,43519,0
2026-08-31T09:30:00+05:30,80.06,80.38,79.9,79.99,33950,0
2026-08-31T09:45:00+05:30,79.98,80.08,79.91,80.06,15307,0
2026-08-31T10:00:00+05:30,80.01,80.06,79.66,79.86,11068,0
2026-08-31T10:15:00+05:30,79.76,79.97,79.76,79.88,4918,0
2026-08-31T10:30:00+05:30,79.87,79.9,79.77,79.87,4788,0
2026-08-31T10:45:00+05:30,79.8,79.87,79.74,79.85,3291,0
2026-08-31T11:00:00+05:30,79.78,79.83,79.7,79.8,5688,0
2026-08-31T11:15:00+05:30,79.85,79.94,79.78,79.94,4666,0
2026-08-31T11:30:00+05:30,79.87,80.06,79.77,79.83,13820,0
2026-08-31T11:45:00+05:30,79.9,80.2,79.8,80.19,4178,0
2026-08-31T12:00:00+05:30,80.17,80.29,80.08,80.19,8222,0
2026-08-31T12:15:00+05:30,80.19,80.2,79.81,79.9,5671,0
2026-08-31T12:30:00+05:30,79.96,80.2,79.96,80.08,6282,0
2026-08-31T12:45:00+05:30,80.08,80.19,79.82,79.89,11215,0
2026-08-31T13:00:00+05:30,79.95,80.09,79.95,80.05,3115,0
2026-08-31T13:15:00+05:30,80.0,80.04,79.86,79.98,2754,0
2026-08-31T13:30:00+05:30,79.99,80.03,79.82,79.95,3389,0
2026-08-31T13:45:00+05:30,79.95,80.09,79.82,80.02,6538,0
2026-08-31T14:00:00+05:30,80.02,80.02,79.83,79.83,3984,0
2026-08-31T14:15:00+05:30,79.83,80.04,79.82,79.97,5183,0
2026-08-31T14:30:00+05:30,79.97,80.04,79.83,80.0,3404,0
2026-08-31T14:45:00+05:30,80.0,80.03,79.74,79.78,16218,0
2026-08-31T15:00:00+05:30,79.8,80.0,79.74,79.79,12438,0
2026-08-31T15:15:00+05:30,79.76,79.9,79.6,79.9,14853,0
2026-09-01T09:15:00+05:30,79.9,79.99,79.17,79.37,17213,0
2026-09-01T09:30:00+05:30,79.37,79.58,79.0,79.0,15288,0
2026-09-01T09:45:00+05:30,78.97,79.19,78.5,78.99,36700,0
2026-09-01T10:00:00+05:30,78.89,79.13,78.85,79.1,7940,0
2026-09-01T10:15:00+05:30,79.1,79.29,79.01,79.14,8992,0
2026-09-01T10:30:00+05:30,79.24,79.74,79.12,79.33,23665,0
2026-09-01T10:45:00+05:30,79.32,79.47,79.21,79.47,4451,0
2026-09-01T11:00:00+05:30,79.48,79.48,79.0,79.13,11328,0
2026-09-01T11:15:00+05:30,79.14,79.38,79.12,79.21,3765,0
2026-09-01T11:30:00+05:30,79.21,79.3,78.62,79.15,26110,0
2026-09-01T11:45:00+05:30,79.15,79.15,78.9,79.0,1452,0
2026-09-01T12:00:00+05:30,78.95,79.15,78.91,78.97,4306,0
2026-09-01T12:15:00+05:30,79.01,79.17,78.9,79.04,10201,0
2026-09-01T12:30:00+05:30,79.1,79.2,78.84,79.1,4661,0
2026-09-01T12:45:00+05:30,79.14,79.18,78.81,78.81,7815,0
2026-09-01T13:00:00+05:30,78.81,79.02,78.81,78.94,2274,0
2026-09-01T13:15:00+05:30,78.9,78.95,78.82,78.93,1374,0
2026-09-01T13:30:00+05:30,78.9,78.9,78.61,78.76,10175,0
2026-09-01T13:45:00+05:30,78.76,78.76,78.16,78.16,28969,0
2026-09-01T14:00:00+05:30,78.2,78.41,77.98,78.19,27549,0
2026-09-01T14:15:00+05:30,78.19,78.4,78.06,78.2,5757,0
2026-09-01T14:30:00+05:30,78.29,78.3,78.01,78.19,6859,0
2026-09-01T14:45:00+05:30,78.18,78.31,78.11,78.3,6054,0
2026-09-01T15:00:00+05:30,78.31,78.9,78.13,78.56,20633,0
2026-09-01T15:15:00+05:30,78.56,78.89,78.48,78.89,13974,0
2026-09-02T09:15:00+05:30,78.58,78.64,77.05,77.69,37999,0
2026-09-02T09:30:00+05:30,77.67,78.33,77.56,78.1,32727,0
2026-09-02T09:45:00+05:30,78.09,78.36,77.8,78.26,13014,0
2026-09-02T10:00:00+05:30,78.3,78.43,78.01,78.3,4465,0
2026-09-02T10:15:00+05:30,78.21,78.93,78.21,78.7,25622,0
2026-09-02T10:30:00+05:30,78.71,79.43,78.7,79.0,26082,0
2026-09-02T10:45:00+05:30,79.03,79.11,78.58,78.82,11987,0
2026-09-02T11:00:00+05:30,78.93,78.94,78.54,78.59,7065,0
2026-09-02T11:15:00+05:30,78.66,78.77,78.44,78.61,7677,0
2026-09-02T11:30:00+05:30,78.61,78.8,78.36,78.39,5738,0
2026-09-02T11:45:00+05:30,78.44,78.5,78.11,78.21,6183,0
2026-09-02T12:00:00+05:30,78.31,78.4,78.21,78.4,1684,0
2026-09-02T12:15:00+05:30,78.4,78.47,78.32,78.38,1227,0
2026-09-02T12:30:00+05:30,78.45,78.75,78.41,78.7,6835,0
2026-09-02T12:45:00+05:30,78.63,78.74,78.51,78.56,2588,0
2026-09-02T13:00:00+05:30,78.65,78.94,78.56,78.84,13096,0
2026-09-02T13:15:00+05:30,78.84,78.97,78.66,78.91,7159,0
2026-09-02T13:30:00+05:30,78.84,78.84,78.62,78.75,1505,0
2026-09-02T13:45:00+05:30,78.75,78.89,78.71,78.77,5654,0
2026-09-02T14:00:00+05:30,78.85,78.97,78.78,78.8,3484,0
2026-09-02T14:15:00+05:30,78.8,79.12,78.78,79.0,10272,0
2026-09-02T14:30:00+05:30,78.93,79.15,78.86,79.01,10910,0
2026-09-02T14:45:00+05:30,79.0,79.11,78.89,78.99,6926,0
2026-09-02T15:00:00+05:30,78.99,79.9,78.97,79.5,39480,0
2026-09-02T15:15:00+05:30,79.57,79.7,79.12,79.65,19385,0
2026-09-03T09:15:00+05:30,79.65,80.45,79.5,80.4,66781,0
2026-09-03T09:30:00+05:30,80.4,80.55,80.15,80.36,25023,0
2026-09-03T09:45:00+05:30,80.54,80.54,80.18,80.4,12801,0
2026-09-03T10:00:00+05:30,80.4,80.5,80.2,80.45,7113,0
2026-09-03T10:15:00+05:30,80.5,81.29,80.4,80.9,56229,0
2026-09-03T10:30:00+05:30,80.82,80.89,80.42,80.62,5142,0
2026-09-03T10:45:00+05:30,80.64,80.7,80.31,80.43,10493,0
2026-09-03T11:00:00+05:30,80.43,80.8,80.2,80.37,8972,0
2026-09-03T11:15:00+05:30,80.41,80.45,80.26,80.3,3078,0
2026-09-03T11:30:00+05:30,80.3,80.58,80.3,80.45,3217,0
2026-09-03T11:45:00+05:30,80.52,80.52,80.32,80.44,1981,0
2026-09-03T12:00:00+05:30,80.36,80.42,80.22,80.22,5653,0
2026-09-03T12:15:00+05:30,80.2,80.34,80.1,80.19,13778,0
2026-09-03T12:30:00+05:30,80.16,80.38,80.1,80.38,15608,0
2026-09-03T12:45:00+05:30,80.28,80.45,80.28,80.4,1536,0
2026-09-03T13:00:00+05:30,80.44,80.75,80.26,80.3,7289,0
2026-09-03T13:15:00+05:30,80.3,80.44,80.1,80.1,4367,0
2026-09-03T13:30:00+05:30,80.1,80.39,80.08,80.08,2907,0
2026-09-03T13:45:00+05:30,80.16,80.28,80.16,80.16,1552,0
2026-09-03T14:00:00+05:30,80.3,80.35,80.21,80.21,2243,0
2026-09-03T14:15:00+05:30,80.25,80.49,80.25,80.29,4333,0
2026-09-03T14:30:00+05:30,80.29,80.58,80.26,80.37,3301,0
2026-09-03T14:45:00+05:30,80.39,80.39,80.22,80.34,3394,0
2026-09-03T15:00:00+05:30,80.33,80.45,80.1,80.11,12074,0
2026-09-03T15:15:00+05:30,80.19,80.37,80.08,80.27,16034,0
