timestamp,open,high,low,close,volume,oi
2026-02-26T09:15:00+05:30,148.02,149.68,148.0,148.69,13213,0
2026-02-26T09:30:00+05:30,148.69,149.42,148.51,149.17,11620,0
2026-02-26T09:45:00+05:30,149.38,150.27,149.2,149.42,6898,0
2026-02-26T10:00:00+05:30,149.44,149.8,149.24,149.67,1401,0
2026-02-26T10:15:00+05:30,149.69,149.8,149.08,149.25,1866,0
2026-02-26T10:30:00+05:30,149.25,149.36,149.0,149.36,4958,0
2026-02-26T10:45:00+05:30,149.36,149.36,148.99,148.99,4334,0
2026-02-26T11:00:00+05:30,148.99,149.32,148.82,149.0,4498,0
2026-02-26T11:15:00+05:30,149.0,149.48,148.9,149.27,956,0
2026-02-26T11:30:00+05:30,149.24,149.49,148.4,148.57,3879,0
2026-02-26T11:45:00+05:30,148.57,148.75,147.51,147.94,15811,0
2026-02-26T12:00:00+05:30,147.79,147.96,147.5,147.6,4324,0
2026-02-26T12:15:00+05:30,147.55,147.85,147.3,147.6,1751,0
2026-02-26T12:30:00+05:30,147.58,148.0,147.36,147.49,4229,0
2026-02-26T12:45:00+05:30,147.76,147.89,147.5,147.51,1543,0
2026-02-26T13:00:00+05:30,147.67,147.73,147.51,147.73,2141,0
2026-02-26T13:15:00+05:30,147.73,147.99,147.6,147.99,2029,0
2026-02-26T13:30:00+05:30,147.99,148.0,147.14,148.0,19318,0
2026-02-26T13:45:00+05:30,147.98,147.98,147.0,147.0,10436,0
2026-02-26T14:00:00+05:30,147.0,147.38,146.16,146.74,22874,0
2026-02-26T14:15:00+05:30,146.76,147.06,145.99,146.83,13246,0
2026-02-26T14:30:00+05:30,146.81,147.01,145.86,146.59,29102,0
2026-02-26T14:45:00+05:30,146.52,146.58,145.8,145.97,27235,0
2026-02-26T15:00:00+05:30,145.97,146.9,145.75,146.8,26665,0
2026-02-26T15:15:00+05:30,146.99,150.0,146.8,149.58,66920,0
2026-02-27T09:15:00+05:30,148.07,149.0,146.82,147.79,21611,0
2026-02-27T09:30:00+05:30,147.79,150.5,147.19,149.49,17925,0
2026-02-27T09:45:00+05:30,149.48,149.48,148.8,148.8,3296,0
2026-02-27T10:00:00+05:30,148.79,149.15,147.99,148.4,11791,0
2026-02-27T10:15:00+05:30,148.26,148.69,148.01,148.45,8136,0
2026-02-27T10:30:00+05:30,148.48,148.99,148.0,148.09,5891,0
2026-02-27T10:45:00+05:30,148.36,148.89,147.93,148.0,14571,0
2026-02-27T11:00:00+05:30,148.0,148.1,147.67,148.02,1489,0
2026-02-27T11:15:00+05:30,148.02,148.39,147.64,148.35,5169,0
2026-02-27T11:30:00+05:30,148.35,148.35,147.64,147.65,2491,0
2026-02-27T11:45:00+05:30,147.65,148.1,147.57,147.89,1788,0
2026-02-27T12:00:00+05:30,148.1,148.24,147.89,148.17,1971,0
2026-02-27T12:15:00+05:30,148.17,148.27,147.6,147.78,3523,0
2026-02-27T12:30:00+05:30,147.78,148.04,147.69,147.69,122,0
2026-02-27T12:45:00+05:30,147.69,148.35,147.2,148.06,8112,0
2026-02-27T13:00:00+05:30,148.33,148.34,148.07,148.23,424,0
2026-02-27T13:15:00+05:30,148.23,148.29,148.0,148.25,1704,0
2026-02-27T13:30:00+05:30,148.25,148.5,148.11,148.39,609,0
2026-02-27T13:45:00+05:30,148.5,148.97,148.5,148.63,2389,0
2026-02-27T14:00:00+05:30,148.84,148.91,148.29,148.61,1239,0
2026-02-27T14:15:00+05:30,148.4,148.59,148.35,148.57,981,0
2026-02-27T14:30:00+05:30,148.56,148.79,148.27,148.69,5786,0
2026-02-27T14:45:00+05:30,148.69,148.99,148.49,148.6,8772,0
2026-02-27T15:00:00+05:30,148.59,148.59,146.05,146.73,36559,0
2026-02-27T15:15:00+05:30,146.63,147.16,146.2,146.7,16677,0
2026-03-02T09:15:00+05:30,144.81,144.81,141.01,143.28,58046,0
2026-03-02T09:30:00+05:30,143.29,143.44,142.21,143.19,22177,0
2026-03-02T09:45:00+05:30,143.38,144.04,143.05,143.71,15105,0
2026-03-02T10:00:00+05:30,144.02,144.07,143.17,143.37,9789,0
2026-03-02T10:15:00+05:30,143.6,144.1,143.3,143.92,4058,0
2026-03-02T10:30:00+05:30,143.61,143.87,143.0,143.0,3528,0
2026-03-02T10:45:00+05:30,143.0,143.09,142.7,143.01,4613,0
2026-03-02T11:00:00+05:30,143.01,143.15,142.44,142.69,4343,0
2026-03-02T11:15:00+05:30,142.67,142.76,141.7,141.85,7065,0
2026-03-02T11:30:00+05:30,141.85,141.92,141.58,141.58,5356,0
2026-03-02T11:45:00+05:30,141.58,141.9,141.02,141.02,9357,0
2026-03-02T12:00:00+05:30,141.2,141.39,140.52,140.86,13924,0
2026-03-02T12:15:00+05:30,140.8,140.97,140.41,140.41,7462,0
2026-03-02T12:30:00+05:30,140.49,140.79,140.1,140.39,6652,0
2026-03-02T12:45:00+05:30,140.26,140.73,140.25,140.52,8845,0
2026-03-02T13:00:00+05:30,140.61,141.15,140.45,140.86,6550,0
2026-03-02T13:15:00+05:30,140.85,141.08,140.25,140.25,10106,0
2026-03-02T13:30:00+05:30,140.42,140.52,139.85,140.0,7028,0
2026-03-02T13:45:00+05:30,140.18,140.29,139.11,139.5,13890,0
2026-03-02T14:00:00+05:30,139.51,140.88,139.5,140.81,9479,0
2026-03-02T14:15:00+05:30,140.81,141.1,139.11,140.24,25170,0
2026-03-02T14:30:00+05:30,140.24,141.46,140.19,141.07,3767,0
2026-03-02T14:45:00+05:30,141.09,141.2,140.01,140.49,9907,0
2026-03-02T15:00:00+05:30,140.49,141.39,140.18,140.75,9792,0
2026-03-02T15:15:00+05:30,140.78,142.1,140.75,141.85,26155,0
2026-03-04T09:15:00+05:30,138.1,139.5,137.13,137.26,32193,0
2026-03-04T09:30:00+05:30,137.57,137.89,136.01,137.89,33440,0
2026-03-04T09:45:00+05:30,137.89,138.39,136.61,137.32,26359,0
2026-03-04T10:00:00+05:30,137.27,138.7,137.26,138.31,11347,0
2026-03-04T10:15:00+05:30,138.31,138.43,137.76,138.39,4987,0
2026-03-04T10:30:00+05:30,138.39,138.39,137.41,137.91,5445,0
2026-03-04T10:45:00+05:30,137.9,138.19,137.46,137.77,3937,0
2026-03-04T11:00:00+05:30,137.77,138.38,137.58,137.85,6361,0
2026-03-04T11:15:00+05:30,137.85,138.01,136.75,136.94,7876,0
2026-03-04T11:30:00+05:30,136.92,137.34,136.72,136.98,6020,0
2026-03-04T11:45:00+05:30,136.94,137.32,136.72,137.0,2074,0
2026-03-04T12:00:00+05:30,137.0,137.19,136.66,136.98,2112,0
2026-03-04T12:15:00+05:30,137.06,137.09,136.7,136.7,980,0
2026-03-04T12:30:00+05:30,136.7,136.96,136.52,136.64,2437,0
2026-03-04T12:45:00+05:30,136.89,137.26,136.72,136.92,2469,0
2026-03-04T13:00:00+05:30,136.92,137.58,136.92,137.57,2302,0
2026-03-04T13:15:00+05:30,137.63,137.95,137.21,137.53,3131,0
2026-03-04T13:30:00+05:30,137.43,137.99,137.31,137.55,3954,0
2026-03-04T13:45:00+05:30,137.31,138.09,137.26,137.8,14350,0
2026-03-04T14:00:00+05:30,137.8,138.7,137.67,138.4,8320,0
2026-03-04T14:15:00+05:30,138.4,138.89,138.04,138.65,4771,0
2026-03-04T14:30:00+05:30,138.65,139.18,138.23,139.09,6775,0
2026-03-04T14:45:00+05:30,139.12,139.85,138.61,139.43,5374,0
2026-03-04T15:00:00+05:30,139.43,139.43,138.01,138.14,34826,0
2026-03-04T15:15:00+05:30,138.54,139.0,138.0,138.1,15740,0
2026-03-05T09:15:00+05:30,138.7,140.0,138.5,138.93,19523,0
2026-03-05T09:30:00+05:30,139.25,139.25,137.6,137.61,12346,0
2026-03-05T09:45:00+05:30,137.72,138.74,137.72,138.0,8357,0
2026-03-05T10:00:00+05:30,138.13,138.48,137.32,137.32,8407,0
2026-03-05T10:15:00+05:30,137.31,137.67,137.01,137.31,7434,0
2026-03-05T10:30:00+05:30,137.37,137.89,137.37,137.6,2061,0
2026-03-05T10:45:00+05:30,137.87,137.87,137.4,137.57,2527,0
2026-03-05T11:00:00+05:30,137.5,137.75,137.11,137.21,3041,0
2026-03-05T11:15:00+05:30,137.23,139.4,137.0,138.4,25757,0
2026-03-05T11:30:00+05:30,138.37,138.47,137.4,137.4,8333,0
2026-03-05T11:45:00+05:30,137.4,137.64,137.0,137.53,4125,0
2026-03-05T12:00:00+05:30,137.53,137.53,137.24,137.46,651,0
2026-03-05T12:15:00+05:30,137.83,138.0,137.48,137.76,2365,0
2026-03-05T12:30:00+05:30,138.21,138.23,137.51,137.95,1657,0
2026-03-05T12:45:00+05:30,137.95,138.5,137.66,138.0,4044,0
2026-03-05T13:00:00+05:30,138.0,138.49,137.71,138.27,2922,0
2026-03-05T13:15:00+05:30,138.27,138.27,137.8,138.01,981,0
2026-03-05T13:30:00+05:30,138.4,138.4,137.7,137.79,3755,0
2026-03-05T13:45:00+05:30,137.79,137.89,137.3,137.39,4973,0
2026-03-05T14:00:00+05:30,137.39,137.54,136.8,136.85,7744,0
2026-03-05T14:15:00+05:30,137.0,137.35,136.8,137.31,3722,0
2026-03-05T14:30:00+05:30,137.25,138.35,137.0,138.35,10202,0
2026-03-05T14:45:00+05:30,138.35,140.39,138.3,140.35,16498,0
2026-03-05T15:00:00+05:30,140.5,141.0,139.7,139.93,24657,0
2026-03-05T15:15:00+05:30,140.18,142.7,139.61,142.39,14630,0
2026-03-06T09:15:00+05:30,141.7,141.7,140.0,140.99,12270,0
2026-03-06T09:30:00+05:30,141.0,141.35,140.5,140.67,8949,0
2026-03-06T09:45:00+05:30,140.82,141.1,140.5,140.5,3721,0
2026-03-06T10:00:00+05:30,140.6,140.86,140.5,140.75,2606,0
2026-03-06T10:15:00+05:30,140.75,140.88,140.62,140.88,975,0
2026-03-06T10:30:00+05:30,140.88,140.88,140.01,140.25,5938,0
2026-03-06T10:45:00+05:30,140.25,140.49,139.0,139.45,7074,0
2026-03-06T11:00:00+05:30,139.45,139.75,139.35,139.51,826,0
2026-03-06T11:15:00+05:30,139.5,139.69,139.32,139.49,1124,0
2026-03-06T11:30:00+05:30,139.49,139.59,139.2,139.59,446,0
2026-03-06T11:45:00+05:30,139.4,139.95,139.16,139.25,2390,0
2026-03-06T12:00:00+05:30,139.25,139.33,138.92,139.03,1237,0
2026-03-06T12:15:00+05:30,139.23,139.23,138.0,138.26,7766,0
2026-03-06T12:30:00+05:30,138.26,138.51,138.04,138.51,812,0
2026-03-06T12:45:00+05:30,138.51,138.99,138.3,138.75,5085,0
2026-03-06T13:00:00+05:30,138.5,139.4,138.5,139.4,4443,0
2026-03-06T13:15:00+05:30,139.4,139.6,139.19,139.6,4857,0
2026-03-06T13:30:00+05:30,139.58,139.58,138.97,138.97,1788,0
2026-03-06T13:45:00+05:30,139.11,139.25,138.5,138.66,1819,0
2026-03-06T14:00:00+05:30,138.66,139.26,138.66,139.11,5062,0
2026-03-06T14:15:00+05:30,138.98,139.48,138.98,139.2,388,0
2026-03-06T14:30:00+05:30,139.2,139.2,138.7,138.79,5381,0
2026-03-06T14:45:00+05:30,138.79,139.0,138.52,138.93,6885,0
2026-03-06T15:00:00+05:30,138.81,139.0,137.3,137.77,7743,0
2026-03-06T15:15:00+05:30,138.07,139.06,137.51,138.03,19362,0
2026-03-09T09:15:00+05:30,133.9,136.47,130.95,132.8,37033,0
2026-03-09T09:30:00+05:30,132.8,133.38,132.0,132.88,15033,0
2026-03-09T09:45:00+05:30,132.88,133.9,132.11,132.84,8080,0
2026-03-09T10:00:00+05:30,132.8,132.8,130.42,131.67,22107,0
2026-03-09T10:15:00+05:30,131.39,131.67,130.53,131.18,4603,0
2026-03-09T10:30:00+05:30,131.18,131.25,130.38,130.9,16941,0
2026-03-09T10:45:00+05:30,130.9,131.44,130.01,131.22,21921,0
2026-03-09T11:00:00+05:30,131.22,131.22,130.28,130.4,6836,0
2026-03-09T11:15:00+05:30,130.46,131.54,130.12,131.54,12461,0
2026-03-09T11:30:00+05:30,131.49,132.42,131.45,131.72,11925,0
2026-03-09T11:45:00+05:30,131.72,131.72,131.23,131.4,2573,0
2026-03-09T12:00:00+05:30,131.5,131.5,131.08,131.34,2016,0
2026-03-09T12:15:00+05:30,131.34,131.5,130.82,131.19,3869,0
2026-03-09T12:30:00+05:30,131.22,131.23,130.91,131.09,1426,0
2026-03-09T12:45:00+05:30,131.09,131.1,130.58,131.1,2898,0
2026-03-09T13:00:00+05:30,131.0,131.06,130.75,130.89,317,0
2026-03-09T13:15:00+05:30,130.91,131.09,130.7,131.02,5813,0
2026-03-09T13:30:00+05:30,130.89,130.99,128.6,129.77,82345,0
2026-03-09T13:45:00+05:30,129.57,129.76,129.11,129.5,7346,0
2026-03-09T14:00:00+05:30,129.5,129.71,129.22,129.42,4851,0
2026-03-09T14:15:00+05:30,129.42,130.04,129.02,129.77,12972,0
2026-03-09T14:30:00+05:30,129.78,129.94,129.61,129.69,11272,0
2026-03-09T14:45:00+05:30,129.69,130.52,129.67,130.3,12854,0
2026-03-09T15:00:00+05:30,130.15,130.25,129.6,130.15,13432,0
2026-03-09T15:15:00+05:30,130.15,131.1,129.81,131.0,25065,0
2026-03-10T09:15:00+05:30,135.0,135.01,132.03,132.82,30345,0
2026-03-10T09:30:00+05:30,132.87,133.07,132.21,133.01,6847,0
2026-03-10T09:45:00+05:30,133.05,133.37,132.67,132.83,7575,0
2026-03-10T10:00:00+05:30,132.95,133.24,132.05,132.9,23561,0
2026-03-10T10:15:00+05:30,132.9,133.73,132.79,133.33,13631,0
2026-03-10T10:30:00+05:30,133.33,133.75,133.31,133.41,2627,0
2026-03-10T10:45:00+05:30,133.65,133.83,133.1,133.36,5111,0
2026-03-10T11:00:00+05:30,133.36,134.2,133.36,134.09,4382,0
2026-03-10T11:15:00+05:30,134.13,134.18,133.52,133.83,6993,0
2026-03-10T11:30:00+05:30,133.67,133.9,133.56,133.69,1070,0
2026-03-10T11:45:00+05:30,133.89,134.0,133.22,133.64,5016,0
2026-03-10T12:00:00+05:30,133.43,133.78,133.35,133.46,1327,0
2026-03-10T12:15:00+05:30,133.3,133.74,133.28,133.45,2455,0
2026-03-10T12:30:00+05:30,133.45,134.29,133.4,134.29,11443,0
2026-03-10T12:45:00+05:30,134.29,135.0,134.13,134.65,3642,0
2026-03-10T13:00:00+05:30,134.65,135.29,134.19,134.66,10236,0
2026-03-10T13:15:00+05:30,134.66,134.76,134.37,134.59,2767,0
2026-03-10T13:30:00+05:30,134.59,134.98,134.48,134.52,1891,0
2026-03-10T13:45:00+05:30,134.52,134.98,134.51,134.87,2019,0
2026-03-10T14:00:00+05:30,134.69,135.28,134.53,135.11,3077,0
2026-03-10T14:15:00+05:30,135.11,135.29,134.94,134.96,3275,0
2026-03-10T14:30:00+05:30,135.17,135.5,134.92,135.5,2822,0
2026-03-10T14:45:00+05:30,135.5,136.17,135.2,136.17,10050,0
2026-03-10T15:00:00+05:30,136.16,136.67,135.46,136.67,15383,0
2026-03-10T15:15:00+05:30,136.33,136.66,135.8,136.5,17730,0
2026-03-11T09:15:00+05:30,136.6,137.84,135.9,137.38,25808,0
2026-03-11T09:30:00+05:30,137.38,137.5,135.39,136.45,34958,0
2026-03-11T09:45:00+05:30,136.4,137.5,136.1,137.11,15902,0
2026-03-11T10:00:00+05:30,137.11,137.25,135.88,135.88,20763,0
2026-03-11T10:15:00+05:30,136.13,136.3,135.63,136.0,5032,0
2026-03-11T10:30:00+05:30,135.88,136.01,135.1,135.34,3764,0
2026-03-11T10:45:00+05:30,135.34,135.51,135.1,135.25,2436,0
2026-03-11T11:00:00+05:30,135.35,135.72,135.1,135.45,9971,0
2026-03-11T11:15:00+05:30,135.45,135.73,134.7,134.92,6903,0
2026-03-11T11:30:00+05:30,135.13,135.29,134.6,135.0,2319,0
2026-03-11T11:45:00+05:30,135.0,135.0,134.41,134.75,9644,0
2026-03-11T12:00:00+05:30,134.68,135.37,134.26,135.0,2069,0
2026-03-11T12:15:00+05:30,135.0,135.29,135.0,135.01,510,0
2026-03-11T12:30:00+05:30,135.01,135.3,134.83,134.99,1770,0
2026-03-11T12:45:00+05:30,134.99,135.0,134.75,134.8,816,0
2026-03-11T13:00:00+05:30,134.8,134.86,133.5,133.95,9753,0
2026-03-11T13:15:00+05:30,133.92,134.64,133.92,134.2,3164,0
2026-03-11T13:30:00+05:30,134.5,135.07,134.27,134.54,2010,0
2026-03-11T13:45:00+05:30,134.33,134.52,134.0,134.22,4926,0
2026-03-11T14:00:00+05:30,134.55,134.64,134.17,134.29,3634,0
2026-03-11T14:15:00+05:30,134.29,134.29,133.6,134.21,6278,0
2026-03-11T14:30:00+05:30,134.21,134.25,133.8,133.8,1384,0
2026-03-11T14:45:00+05:30,133.96,134.21,133.84,133.91,4331,0
2026-03-11T15:00:00+05:30,133.95,134.09,133.41,133.68,15620,0
2026-03-11T15:15:00+05:30,133.68,133.94,132.8,133.01,25480,0
2026-03-12T09:15:00+05:30,132.99,132.99,130.35,131.49,36761,0
2026-03-12T09:30:00+05:30,131.46,131.49,130.62,131.19,12514,0
2026-03-12T09:45:00+05:30,131.19,131.9,130.56,131.71,9485,0
2026-03-12T10:00:00+05:30,131.72,132.68,131.05,131.59,6519,0
2026-03-12T10:15:00+05:30,131.36,131.59,130.81,131.23,12325,0
2026-03-12T10:30:00+05:30,131.23,131.95,130.86,131.94,8466,0
2026-03-12T10:45:00+05:30,131.85,132.0,131.25,132.0,756,0
2026-03-12T11:00:00+05:30,132.0,133.16,132.0,132.89,7085,0
2026-03-12T11:15:00+05:30,132.99,133.24,132.42,132.82,3341,0
2026-03-12T11:30:00+05:30,132.82,133.15,132.53,132.87,5152,0
2026-03-12T11:45:00+05:30,132.87,133.62,132.87,133.43,3388,0
2026-03-12T12:00:00+05:30,133.47,133.89,133.0,133.85,5095,0
2026-03-12T12:15:00+05:30,133.85,134.9,133.61,134.42,11357,0
2026-03-12T12:30:00+05:30,134.42,134.8,134.0,134.21,2117,0
2026-03-12T12:45:00+05:30,134.27,134.52,133.68,133.94,3015,0
2026-03-12T13:00:00+05:30,133.94,134.27,133.0,134.21,5167,0
2026-03-12T13:15:00+05:30,134.21,136.06,133.81,135.94,20730,0
2026-03-12T13:30:00+05:30,135.71,136.03,135.19,135.27,7938,0
2026-03-12T13:45:00+05:30,135.27,135.61,134.65,135.0,6892,0
2026-03-12T14:00:00+05:30,135.0,135.5,134.86,134.86,3683,0
2026-03-12T14:15:00+05:30,134.86,135.11,134.84,134.98,1606,0
2026-03-12T14:30:00+05:30,134.99,135.65,134.75,134.75,4718,0
2026-03-12T14:45:00+05:30,134.75,134.75,133.47,134.29,4243,0
2026-03-12T15:00:00+05:30,134.29,136.0,134.0,135.0,12129,0
2026-03-12T15:15:00+05:30,134.81,136.5,134.7,136.22,28596,0
2026-03-13T09:15:00+05:30,135.01,135.01,133.75,134.29,6409,0
2026-03-13T09:30:00+05:30,134.11,134.19,133.21,133.7,4538,0
2026-03-13T09:45:00+05:30,133.7,133.95,132.99,133.37,4817,0
2026-03-13T10:00:00+05:30,133.38,133.99,133.1,133.34,4282,0
2026-03-13T10:15:00+05:30,133.34,133.6,132.8,133.09,1692,0
2026-03-13T10:30:00+05:30,133.09,133.8,133.09,133.31,12487,0
2026-03-13T10:45:00+05:30,133.42,133.44,133.0,133.34,3698,0
2026-03-13T11:00:00+05:30,133.54,133.56,133.15,133.15,1222,0
2026-03-13T11:15:00+05:30,133.34,133.34,132.51,132.99,3005,0
2026-03-13T11:30:00+05:30,132.96,133.29,132.5,132.91,11627,0
2026-03-13T11:45:00+05:30,132.91,133.14,132.51,133.03,1254,0
2026-03-13T12:00:00+05:30,133.03,133.03,132.65,133.0,339,0
2026-03-13T12:15:00+05:30,133.0,133.27,132.51,132.78,7261,0
2026-03-13T12:30:00+05:30,132.8,133.03,132.02,132.28,4414,0
2026-03-13T12:45:00+05:30,132.29,132.68,132.07,132.49,3020,0
2026-03-13T13:00:00+05:30,132.58,132.58,132.2,132.25,825,0
2026-03-13T13:15:00+05:30,132.1,132.29,131.0,131.0,5951,0
2026-03-13T13:30:00+05:30,131.36,132.0,131.12,132.0,2475,0
2026-03-13T13:45:00+05:30,131.63,131.79,131.02,131.32,3106,0
2026-03-13T14:00:00+05:30,131.32,131.99,131.02,131.9,2268,0
2026-03-13T14:15:00+05:30,131.71,132.0,131.24,131.99,4239,0
2026-03-13T14:30:00+05:30,131.9,132.11,131.67,131.99,2420,0
2026-03-13T14:45:00+05:30,131.94,131.98,131.6,131.6,1603,0
2026-03-13T15:00:00+05:30,131.6,132.0,131.1,131.5,9350,0
2026-03-13T15:15:00+05:30,131.44,132.4,131.12,131.5,15203,0
2026-03-16T09:15:00+05:30,133.0,133.01,128.61,129.01,17703,0
2026-03-16T09:30:00+05:30,129.01,130.0,128.83,129.89,12077,0
2026-03-16T09:45:00+05:30,129.62,130.32,129.42,130.0,8321,0
2026-03-16T10:00:00+05:30,129.82,130.23,128.94,129.0,7801,0
2026-03-16T10:15:00+05:30,128.98,128.98,128.14,128.3,14858,0
2026-03-16T10:30:00+05:30,128.45,128.78,128.0,128.34,6746,0
2026-03-16T10:45:00+05:30,128.29,128.52,128.16,128.52,2631,0
2026-03-16T11:00:00+05:30,128.91,129.08,128.25,128.36,3090,0
2026-03-16T11:15:00+05:30,128.49,129.71,128.24,129.2,2866,0
2026-03-16T11:30:00+05:30,129.2,129.5,128.99,129.13,3084,0
2026-03-16T11:45:00+05:30,129.13,129.33,128.99,129.04,789,0
2026-03-16T12:00:00+05:30,129.21,129.53,129.0,129.5,3194,0
2026-03-16T12:15:00+05:30,129.5,129.82,129.38,129.77,2536,0
2026-03-16T12:30:00+05:30,129.78,130.29,129.34,130.01,3338,0
2026-03-16T12:45:00+05:30,129.93,130.22,129.11,129.62,8430,0
2026-03-16T13:00:00+05:30,129.87,130.45,129.78,130.1,3896,0
2026-03-16T13:15:00+05:30,130.1,130.5,130.05,130.19,352,0
2026-03-16T13:30:00+05:30,130.19,130.79,130.18,130.44,1976,0
2026-03-16T13:45:00+05:30,130.44,130.91,129.51,130.41,7693,0
2026-03-16T14:00:00+05:30,130.26,130.59,130.16,130.59,627,0
2026-03-16T14:15:00+05:30,130.59,131.42,130.0,131.0,4354,0
2026-03-16T14:30:00+05:30,131.0,131.58,130.62,131.43,5958,0
2026-03-16T14:45:00+05:30,131.7,131.9,131.0,131.85,10774,0
2026-03-16T15:00:00+05:30,131.85,132.0,128.71,130.08,32127,0
2026-03-16T15:15:00+05:30,130.28,131.0,129.85,131.0,19931,0
2026-03-17T09:15:00+05:30,130.0,130.86,129.5,130.51,10019,0
2026-03-17T09:30:00+05:30,130.4,130.86,129.42,130.85,13867,0
2026-03-17T09:45:00+05:30,130.65,130.9,130.28,130.31,3850,0
2026-03-17T10:00:00+05:30,130.31,130.89,130.0,130.57,3038,0
2026-03-17T10:15:00+05:30,130.58,131.58,130.58,130.84,5287,0
2026-03-17T10:30:00+05:30,130.84,130.98,130.41,130.71,4224,0
2026-03-17T10:45:00+05:30,130.71,130.95,130.36,130.95,2394,0
2026-03-17T11:00:00+05:30,130.95,130.95,130.36,130.36,1891,0
2026-03-17T11:15:00+05:30,130.41,130.58,129.93,129.96,4058,0
2026-03-17T11:30:00+05:30,130.03,130.11,129.7,130.04,2718,0
2026-03-17T11:45:00+05:30,130.02,130.32,129.7,129.97,2513,0
2026-03-17T12:00:00+05:30,129.97,129.97,129.5,129.66,1469,0
2026-03-17T12:15:00+05:30,129.66,130.19,129.66,130.12,1195,0
2026-03-17T12:30:00+05:30,129.91,130.23,129.8,130.23,880,0
2026-03-17T12:45:00+05:30,130.23,130.98,130.23,130.31,2780,0
2026-03-17T13:00:00+05:30,130.5,130.58,130.06,130.06,1114,0
2026-03-17T13:15:00+05:30,130.37,130.7,130.37,130.38,2324,0
2026-03-17T13:30:00+05:30,130.68,130.95,129.14,130.09,12453,0
2026-03-17T13:45:00+05:30,129.72,130.65,129.55,130.6,1272,0
2026-03-17T14:00:00+05:30,130.6,130.67,130.2,130.2,633,0
2026-03-17T14:15:00+05:30,130.51,130.76,130.2,130.21,3804,0
2026-03-17T14:30:00+05:30,130.5,130.9,129.86,130.51,7996,0
2026-03-17T14:45:00+05:30,130.75,131.34,130.24,131.3,5242,0
2026-03-17T15:00:00+05:30,131.25,131.34,129.89,130.4,7988,0
2026-03-17T15:15:00+05:30,130.24,130.84,129.92,129.92,10025,0
2026-03-18T09:15:00+05:30,130.6,132.2,130.51,131.91,18386,0
2026-03-18T09:30:00+05:30,131.96,132.82,131.93,132.79,6181,0
2026-03-18T09:45:00+05:30,132.58,134.5,132.58,132.86,27463,0
2026-03-18T10:00:00+05:30,132.9,133.99,132.9,133.18,11088,0
2026-03-18T10:15:00+05:30,133.19,134.0,133.18,133.5,4396,0
2026-03-18T10:30:00+05:30,133.5,134.0,133.41,133.82,4578,0
2026-03-18T10:45:00+05:30,133.82,134.29,133.7,134.04,2574,0
2026-03-18T11:00:00+05:30,134.07,134.11,133.81,133.81,3005,0
2026-03-18T11:15:00+05:30,133.86,134.5,133.71,134.09,6476,0
2026-03-18T11:30:00+05:30,134.1,134.28,133.92,134.1,632,0
2026-03-18T11:45:00+05:30,133.94,134.09,133.9,133.9,1536,0
2026-03-18T12:00:00+05:30,133.9,134.09,132.73,132.73,10446,0
2026-03-18T12:15:00+05:30,133.04,133.59,132.98,133.4,3693,0
2026-03-18T12:30:00+05:30,133.4,133.88,133.4,133.86,1384,0
2026-03-18T12:45:00+05:30,133.85,133.91,133.64,133.85,675,0
2026-03-18T13:00:00+05:30,133.9,134.2,133.7,133.99,2974,0
2026-03-18T13:15:00+05:30,134.06,135.5,133.97,135.26,13528,0
2026-03-18T13:30:00+05:30,135.24,136.5,135.1,135.5,14893,0
2026-03-18T13:45:00+05:30,135.49,135.97,135.12,135.54,5328,0
2026-03-18T14:00:00+05:30,135.54,135.7,135.13,135.2,2161,0
2026-03-18T14:15:00+05:30,135.2,135.58,135.0,135.32,3392,0
2026-03-18T14:30:00+05:30,135.35,135.52,135.0,135.02,3607,0
2026-03-18T14:45:00+05:30,135.02,135.1,134.56,134.81,4532,0
2026-03-18T15:00:00+05:30,134.8,135.07,134.7,134.83,4492,0
2026-03-18T15:15:00+05:30,134.59,134.74,134.2,134.59,9141,0
2026-03-19T09:15:00+05:30,134.0,134.0,131.23,131.8,13967,0
2026-03-19T09:30:00+05:30,131.82,132.09,130.0,130.44,35347,0
2026-03-19T09:45:00+05:30,130.5,131.04,130.18,130.75,8533,0
2026-03-19T10:00:00+05:30,130.75,130.75,130.0,130.15,8897,0
2026-03-19T10:15:00+05:30,130.23,130.35,129.63,130.0,12112,0
2026-03-19T10:30:00+05:30,130.0,130.51,129.89,129.96,2454,0
2026-03-19T10:45:00+05:30,130.2,130.26,129.95,130.17,5385,0
2026-03-19T11:00:00+05:30,129.98,130.17,129.81,130.07,2079,0
2026-03-19T11:15:00+05:30,130.03,130.07,129.62,129.93,4459,0
2026-03-19T11:30:00+05:30,129.8,130.11,129.8,130.0,542,0
2026-03-19T11:45:00+05:30,130.0,130.07,129.8,130.07,1478,0
2026-03-19T12:00:00+05:30,129.81,130.08,129.55,129.74,6408,0
2026-03-19T12:15:00+05:30,129.94,131.0,129.61,130.84,5769,0
2026-03-19T12:30:00+05:30,130.84,131.99,130.51,131.01,11029,0
2026-03-19T12:45:00+05:30,131.01,131.31,130.6,130.6,803,0
2026-03-19T13:00:00+05:30,130.6,130.99,130.5,130.5,1320,0
2026-03-19T13:15:00+05:30,130.51,130.63,129.93,130.07,3089,0
2026-03-19T13:30:00+05:30,130.0,130.36,129.75,130.36,3542,0
2026-03-19T13:45:00+05:30,130.06,130.23,129.6,129.6,3500,0
2026-03-19T14:00:00+05:30,129.6,129.87,129.11,129.12,4222,0
2026-03-19T14:15:00+05:30,129.4,129.87,129.31,129.7,290,0
2026-03-19T14:30:00+05:30,129.7,129.87,129.11,129.5,3011,0
2026-03-19T14:45:00+05:30,129.5,129.5,128.45,128.71,10809,0
2026-03-19T15:00:00+05:30,128.73,129.49,128.45,128.98,5233,0
2026-03-19T15:15:00+05:30,128.66,130.7,128.53,130.0,19175,0
2026-03-20T09:15:00+05:30,130.19,131.94,130.0,131.5,14891,0
2026-03-20T09:30:00+05:30,131.54,132.0,129.95,131.16,21142,0
2026-03-20T09:45:00+05:30,130.91,131.47,130.59,131.17,5358,0
2026-03-20T10:00:00+05:30,131.17,131.17,130.94,131.11,563,0
2026-03-20T10:15:00+05:30,130.99,130.99,129.56,130.0,10943,0
2026-03-20T10:30:00+05:30,130.0,130.56,129.89,130.18,9262,0
2026-03-20T10:45:00+05:30,130.18,130.57,129.92,130.35,3073,0
2026-03-20T11:00:00+05:30,130.33,130.71,130.31,130.48,4356,0
2026-03-20T11:15:00+05:30,130.46,131.48,130.24,131.3,6658,0
2026-03-20T11:30:00+05:30,131.4,131.69,131.04,131.34,1012,0
2026-03-20T11:45:00+05:30,131.32,131.34,130.27,130.67,2956,0
2026-03-20T12:00:00+05:30,130.65,130.67,130.11,130.37,2534,0
2026-03-20T12:15:00+05:30,130.37,130.39,129.37,129.69,5581,0
2026-03-20T12:30:00+05:30,129.7,129.83,129.21,129.65,1669,0
2026-03-20T12:45:00+05:30,129.83,130.1,129.65,129.94,1811,0
2026-03-20T13:00:00+05:30,129.94,130.11,129.65,130.0,381,0
2026-03-20T13:15:00+05:30,130.0,130.22,129.72,129.79,608,0
2026-03-20T13:30:00+05:30,129.79,130.37,129.79,130.1,9893,0
2026-03-20T13:45:00+05:30,130.04,130.04,129.53,129.74,5957,0
2026-03-20T14:00:00+05:30,129.74,129.95,129.56,129.93,352,0
2026-03-20T14:15:00+05:30,129.95,129.97,129.56,129.89,1559,0
2026-03-20T14:30:00+05:30,129.95,129.95,128.66,128.86,8105,0
2026-03-20T14:45:00+05:30,128.86,129.1,128.6,128.7,6068,0
2026-03-20T15:00:00+05:30,128.81,129.47,128.75,129.0,11801,0
2026-03-20T15:15:00+05:30,129.15,130.94,128.11,129.9,33376,0
2026-03-23T09:15:00+05:30,129.01,129.01,125.0,126.5,38563,0
2026-03-23T09:30:00+05:30,126.78,126.8,124.63,125.06,36449,0
2026-03-23T09:45:00+05:30,124.89,125.08,123.5,123.73,17941,0
2026-03-23T10:00:00+05:30,123.54,123.76,122.41,122.66,14415,0
2026-03-23T10:15:00+05:30,122.45,122.73,122.06,122.32,5710,0
2026-03-23T10:30:00+05:30,122.3,123.25,122.13,122.85,8829,0
2026-03-23T10:45:00+05:30,122.85,123.24,122.51,123.0,4624,0
2026-03-23T11:00:00+05:30,123.08,123.87,122.94,123.0,4522,0
2026-03-23T11:15:00+05:30,123.04,123.17,122.07,122.34,4793,0
2026-03-23T11:30:00+05:30,122.34,122.39,121.28,121.83,8686,0
2026-03-23T11:45:00+05:30,121.85,122.99,121.63,122.35,13960,0
2026-03-23T12:00:00+05:30,122.16,122.75,122.02,122.05,4410,0
2026-03-23T12:15:00+05:30,122.06,122.31,121.61,122.31,6552,0
2026-03-23T12:30:00+05:30,122.29,122.29,121.57,121.57,3502,0
2026-03-23T12:45:00+05:30,121.64,122.2,121.51,121.62,4418,0
2026-03-23T13:00:00+05:30,121.62,121.83,120.01,120.25,25762,0
2026-03-23T13:15:00+05:30,120.64,121.39,120.33,120.77,8574,0
2026-03-23T13:30:00+05:30,120.78,121.45,120.69,121.18,4543,0
2026-03-23T13:45:00+05:30,121.14,122.31,121.05,122.27,10084,0
2026-03-23T14:00:00+05:30,122.26,122.94,122.06,122.5,6802,0
2026-03-23T14:15:00+05:30,122.5,122.99,122.01,122.64,7134,0
2026-03-23T14:30:00+05:30,122.46,122.67,121.36,121.94,4133,0
2026-03-23T14:45:00+05:30,121.99,122.45,121.25,121.54,9839,0
2026-03-23T15:00:00+05:30,121.75,121.95,120.51,120.92,12942,0
2026-03-23T15:15:00+05:30,120.79,122.0,120.51,121.0,22385,0
2026-03-24T09:15:00+05:30,126.99,126.99,121.72,123.72,29427,0
2026-03-24T09:30:00+05:30,123.72,123.83,121.9,121.99,13743,0
2026-03-24T09:45:00+05:30,121.95,122.57,121.51,121.79,8020,0
2026-03-24T10:00:00+05:30,121.79,121.95,121.35,121.95,4737,0
2026-03-24T10:15:00+05:30,121.95,121.95,121.11,121.44,4800,0
2026-03-24T10:30:00+05:30,121.25,121.25,120.39,120.78,6603,0
2026-03-24T10:45:00+05:30,120.75,121.46,120.49,120.91,20741,0
2026-03-24T11:00:00+05:30,121.01,121.4,120.96,121.39,2039,0
2026-03-24T11:15:00+05:30,121.24,122.0,121.05,121.45,4621,0
2026-03-24T11:30:00+05:30,121.49,121.69,121.03,121.37,3176,0
2026-03-24T11:45:00+05:30,121.37,123.05,121.33,122.93,8771,0
2026-03-24T12:00:00+05:30,122.93,122.98,121.83,122.28,5064,0
2026-03-24T12:15:00+05:30,122.27,123.97,122.11,123.01,13379,0
2026-03-24T12:30:00+05:30,123.0,124.63,123.0,124.11,7716,0
2026-03-24T12:45:00+05:30,124.01,124.84,123.47,124.37,10685,0
2026-03-24T13:00:00+05:30,124.12,125.0,123.93,124.51,18756,0
2026-03-24T13:15:00+05:30,124.51,125.0,124.51,124.9,4650,0
2026-03-24T13:30:00+05:30,124.9,125.9,124.4,124.88,14268,0
2026-03-24T13:45:00+05:30,124.88,125.15,124.45,124.83,1571,0
2026-03-24T14:00:00+05:30,124.83,124.99,123.99,124.34,9154,0
2026-03-24T14:15:00+05:30,124.63,124.69,123.85,124.03,2743,0
2026-03-24T14:30:00+05:30,124.03,124.49,123.37,123.5,29697,0
2026-03-24T14:45:00+05:30,123.5,123.88,123.39,123.83,3415,0
2026-03-24T15:00:00+05:30,123.75,124.51,122.6,123.33,45293,0
2026-03-24T15:15:00+05:30,123.28,123.8,123.0,123.01,11221,0
2026-03-25T09:15:00+05:30,123.97,127.4,123.53,126.9,40760,0
2026-03-25T09:30:00+05:30,127.09,128.88,126.81,128.0,47543,0
2026-03-25T09:45:00+05:30,127.89,128.98,127.78,128.58,16976,0
2026-03-25T10:00:00+05:30,128.61,128.61,127.5,128.01,19142,0
2026-03-25T10:15:00+05:30,128.01,128.15,127.8,127.97,7290,0
2026-03-25T10:30:00+05:30,127.97,128.35,127.74,128.32,4744,0
2026-03-25T10:45:00+05:30,128.33,128.5,127.92,128.16,9406,0
2026-03-25T11:00:00+05:30,128.16,128.75,128.16,128.64,6412,0
2026-03-25T11:15:00+05:30,128.64,128.64,127.08,127.71,5019,0
2026-03-25T11:30:00+05:30,127.71,127.74,127.12,127.19,5094,0
2026-03-25T11:45:00+05:30,127.36,127.78,126.73,126.9,8858,0
2026-03-25T12:00:00+05:30,126.9,127.78,126.9,127.41,2365,0
2026-03-25T12:15:00+05:30,127.64,127.67,127.01,127.05,5081,0
2026-03-25T12:30:00+05:30,127.05,127.57,126.88,127.4,13327,0
2026-03-25T12:45:00+05:30,127.35,127.49,126.66,126.91,2810,0
2026-03-25T13:00:00+05:30,126.66,127.0,126.51,126.78,2802,0
2026-03-25T13:15:00+05:30,126.78,127.18,126.5,126.98,2331,0
2026-03-25T13:30:00+05:30,126.94,127.1,126.66,127.0,4270,0
2026-03-25T13:45:00+05:30,127.21,127.89,127.1,127.3,6322,0
2026-03-25T14:00:00+05:30,127.3,127.88,127.0,127.31,6393,0
2026-03-25T14:15:00+05:30,127.28,127.31,126.05,126.38,14655,0
2026-03-25T14:30:00+05:30,126.41,126.96,126.35,126.96,4130,0
2026-03-25T14:45:00+05:30,126.7,126.7,124.98,125.46,24125,0
2026-03-25T15:00:00+05:30,125.43,125.9,124.9,125.5,14316,0
2026-03-25T15:15:00+05:30,125.5,126.27,124.75,125.01,14841,0
2026-03-27T09:15:00+05:30,124.79,125.57,122.47,124.49,26410,0
2026-03-27T09:30:00+05:30,124.32,124.4,122.94,123.04,9050,0
2026-03-27T09:45:00+05:30,123.0,123.24,121.5,121.95,8354,0
2026-03-27T10:00:00+05:30,121.85,121.86,121.0,121.44,19595,0
2026-03-27T10:15:00+05:30,121.44,121.69,121.0,121.56,15584,0
2026-03-27T10:30:00+05:30,121.56,121.59,120.66,120.92,11665,0
2026-03-27T10:45:00+05:30,120.91,121.19,120.62,120.89,12096,0
2026-03-27T11:00:00+05:30,120.89,121.03,120.5,120.66,9650,0
2026-03-27T11:15:00+05:30,120.78,120.85,120.4,120.67,6017,0
2026-03-27T11:30:00+05:30,120.5,121.16,120.5,120.89,12640,0
2026-03-27T11:45:00+05:30,120.9,121.22,120.44,121.17,6569,0
2026-03-27T12:00:00+05:30,120.96,121.04,120.51,120.8,9832,0
2026-03-27T12:15:00+05:30,120.8,121.17,120.51,121.17,3376,0
2026-03-27T12:30:00+05:30,121.17,121.5,121.16,121.39,7487,0
2026-03-27T12:45:00+05:30,121.1,121.32,120.61,120.97,4084,0
2026-03-27T13:00:00+05:30,121.0,121.23,120.51,120.85,8190,0
2026-03-27T13:15:00+05:30,120.93,121.38,120.92,121.0,6452,0
2026-03-27T13:30:00+05:30,121.0,121.19,120.55,120.76,16920,0
2026-03-27T13:45:00+05:30,120.76,121.0,120.75,120.8,2887,0
2026-03-27T14:00:00+05:30,120.79,121.05,120.61,121.05,18927,0
2026-03-27T14:15:00+05:30,121.05,121.19,120.61,120.93,8994,0
2026-03-27T14:30:00+05:30,120.89,121.0,116.71,119.28,93921,0
2026-03-27T14:45:00+05:30,119.11,119.32,118.59,118.87,12650,0
2026-03-27T15:00:00+05:30,118.85,119.5,118.66,119.13,26468,0
2026-03-27T15:15:00+05:30,119.13,119.39,118.11,118.8,30454,0
2026-03-30T09:15:00+05:30,117.48,118.8,115.2,116.91,29498,0
2026-03-30T09:30:00+05:30,117.0,118.0,115.46,117.26,62949,0
2026-03-30T09:45:00+05:30,117.27,117.69,116.65,116.8,16726,0
2026-03-30T10:00:00+05:30,116.91,116.98,115.51,115.7,8761,0
2026-03-30T10:15:00+05:30,115.7,115.99,113.47,114.19,25791,0
2026-03-30T10:30:00+05:30,114.38,115.65,113.21,114.95,30600,0
2026-03-30T10:45:00+05:30,114.62,114.99,114.27,114.49,7944,0
2026-03-30T11:00:00+05:30,114.46,114.8,114.0,114.29,4919,0
2026-03-30T11:15:00+05:30,114.35,114.81,113.39,114.33,8828,0
2026-03-30T11:30:00+05:30,114.34,115.17,113.49,114.44,18082,0
2026-03-30T11:45:00+05:30,114.44,114.44,113.16,114.04,8308,0
2026-03-30T12:00:00+05:30,114.26,115.0,113.5,114.58,11220,0
2026-03-30T12:15:00+05:30,114.61,114.71,113.55,113.97,7545,0
2026-03-30T12:30:00+05:30,114.21,114.47,113.12,114.15,11862,0
2026-03-30T12:45:00+05:30,114.15,114.17,113.21,113.79,4703,0
2026-03-30T13:00:00+05:30,113.61,113.72,113.0,113.16,6293,0
2026-03-30T13:15:00+05:30,113.34,113.49,113.05,113.06,3219,0
2026-03-30T13:30:00+05:30,113.06,113.29,112.65,112.88,14959,0
2026-03-30T13:45:00+05:30,112.76,113.03,112.0,112.35,27928,0
2026-03-30T14:00:00+05:30,112.35,112.57,110.5,112.07,28251,0
2026-03-30T14:15:00+05:30,112.07,112.21,110.56,111.51,22832,0
2026-03-30T14:30:00+05:30,111.49,111.6,110.5,111.39,30168,0
2026-03-30T14:45:00+05:30,111.39,111.86,110.54,111.22,26825,0
2026-03-30T15:00:00+05:30,111.25,111.48,110.52,111.4,23606,0
2026-03-30T15:15:00+05:30,111.11,112.9,111.02,112.89,40390,0
2026-04-01T09:15:00+05:30,114.0,122.48,114.0,121.95,135587,0
2026-04-01T09:30:00+05:30,121.67,122.0,119.21,121.01,37983,0
2026-04-01T09:45:00+05:30,121.52,123.77,120.78,122.58,29272,0
2026-04-01T10:00:00+05:30,122.56,123.2,121.75,122.47,81840,0
2026-04-01T10:15:00+05:30,122.47,123.39,121.65,121.65,22080,0
2026-04-01T10:30:00+05:30,121.61,123.48,121.55,123.11,28023,0
2026-04-01T10:45:00+05:30,123.06,123.06,122.15,122.85,8828,0
2026-04-01T11:00:00+05:30,122.77,122.85,121.78,122.22,7293,0
2026-04-01T11:15:00+05:30,122.21,123.2,121.97,123.2,13394,0
2026-04-01T11:30:00+05:30,123.2,125.4,123.02,124.88,22190,0
2026-04-01T11:45:00+05:30,124.65,124.65,123.5,123.93,15253,0
2026-04-01T12:00:00+05:30,123.98,124.99,123.74,124.32,9260,0
2026-04-01T12:15:00+05:30,124.37,126.5,124.37,125.98,17410,0
2026-04-01T12:30:00+05:30,125.96,125.99,124.5,125.07,18100,0
2026-04-01T12:45:00+05:30,124.79,126.0,124.77,125.55,15968,0
2026-04-01T13:00:00+05:30,125.54,125.54,124.76,125.29,5383,0
2026-04-01T13:15:00+05:30,125.36,126.38,124.51,124.99,9583,0
2026-04-01T13:30:00+05:30,124.95,125.39,123.5,124.37,13390,0
2026-04-01T13:45:00+05:30,124.37,124.72,124.18,124.39,4257,0
2026-04-01T14:00:00+05:30,124.37,126.5,124.37,125.92,65337,0
2026-04-01T14:15:00+05:30,125.92,126.08,125.02,125.3,14050,0
2026-04-01T14:30:00+05:30,125.25,125.6,124.5,124.91,7293,0
2026-04-01T14:45:00+05:30,124.8,125.39,124.04,125.01,14929,0
2026-04-01T15:00:00+05:30,125.09,126.01,125.03,125.69,40061,0
2026-04-01T15:15:00+05:30,125.69,127.2,125.5,126.05,55710,0
2026-04-02T09:15:00+05:30,122.99,122.99,115.32,121.0,118561,0
2026-04-02T09:30:00+05:30,120.96,121.59,120.2,121.31,9779,0
2026-04-02T09:45:00+05:30,121.1,121.3,120.75,120.84,3308,0
2026-04-02T10:00:00+05:30,120.8,120.8,119.91,120.32,9201,0
2026-04-02T10:15:00+05:30,120.32,120.42,119.75,119.9,10071,0
2026-04-02T10:30:00+05:30,120.04,120.69,119.52,120.25,6002,0
2026-04-02T10:45:00+05:30,120.15,120.62,119.96,120.6,2496,0
2026-04-02T11:00:00+05:30,120.6,122.09,120.4,121.77,20548,0
2026-04-02T11:15:00+05:30,121.75,121.99,121.41,121.88,2930,0
2026-04-02T11:30:00+05:30,121.85,121.91,121.69,121.83,1711,0
2026-04-02T11:45:00+05:30,121.83,122.7,121.82,122.3,9907,0
2026-04-02T12:00:00+05:30,122.25,122.29,121.74,122.07,2279,0
2026-04-02T12:15:00+05:30,122.07,123.6,122.07,123.46,13121,0
2026-04-02T12:30:00+05:30,123.44,125.19,123.44,123.91,52895,0
2026-04-02T12:45:00+05:30,124.12,124.4,123.94,124.4,2762,0
2026-04-02T13:00:00+05:30,124.48,124.7,124.01,124.28,2352,0
2026-04-02T13:15:00+05:30,124.28,126.78,124.28,125.98,14027,0
2026-04-02T13:30:00+05:30,125.96,127.0,125.9,126.77,8491,0
2026-04-02T13:45:00+05:30,126.77,127.0,125.63,126.35,16718,0
2026-04-02T14:00:00+05:30,126.5,127.25,126.32,127.02,1461,0
2026-04-02T14:15:00+05:30,127.02,128.94,127.02,128.17,13774,0
2026-04-02T14:30:00+05:30,128.2,128.8,126.22,127.09,17888,0
2026-04-02T14:45:00+05:30,127.03,127.8,126.27,127.62,6233,0
2026-04-02T15:00:00+05:30,127.7,128.93,127.56,128.14,19597,0
2026-04-02T15:15:00+05:30,128.15,129.97,127.5,128.48,42230,0
2026-04-06T09:15:00+05:30,127.77,130.8,126.0,129.34,47938,0
2026-04-06T09:30:00+05:30,129.25,132.18,128.5,131.41,65754,0
2026-04-06T09:45:00+05:30,131.41,131.5,129.54,131.14,42324,0
2026-04-06T10:00:00+05:30,131.14,136.5,131.14,134.0,102238,0
2026-04-06T10:15:00+05:30,133.86,135.0,133.31,134.14,29053,0
2026-04-06T10:30:00+05:30,134.14,134.85,133.1,134.74,13473,0
2026-04-06T10:45:00+05:30,134.74,135.88,134.2,135.4,28846,0
2026-04-06T11:00:00+05:30,135.41,136.24,133.5,133.74,41138,0
2026-04-06T11:15:00+05:30,133.96,134.59,133.54,134.13,7507,0
2026-04-06T11:30:00+05:30,134.29,134.95,133.43,133.43,20277,0
2026-04-06T11:45:00+05:30,133.47,134.68,133.43,133.98,15881,0
2026-04-06T12:00:00+05:30,134.14,134.3,133.14,133.99,15012,0
2026-04-06T12:15:00+05:30,133.94,134.5,132.85,133.24,38440,0
2026-04-06T12:30:00+05:30,133.24,133.24,131.96,132.22,21260,0
2026-04-06T12:45:00+05:30,132.6,133.78,132.41,133.52,7837,0
2026-04-06T13:00:00+05:30,133.52,134.17,132.5,133.22,36682,0
2026-04-06T13:15:00+05:30,133.12,133.59,132.93,133.25,3086,0
2026-04-06T13:30:00+05:30,133.01,133.24,132.53,132.66,3277,0
2026-04-06T13:45:00+05:30,132.85,133.78,132.51,133.56,8589,0
2026-04-06T14:00:00+05:30,133.56,133.86,132.92,133.23,4302,0
2026-04-06T14:15:00+05:30,133.34,133.79,133.01,133.27,8144,0
2026-04-06T14:30:00+05:30,133.28,133.48,133.0,133.02,4963,0
2026-04-06T14:45:00+05:30,133.02,133.47,132.22,132.87,12586,0
2026-04-06T15:00:00+05:30,133.0,133.69,132.62,133.21,23547,0
2026-04-06T15:15:00+05:30,133.23,133.55,131.72,132.0,71291,0
2026-04-07T09:15:00+05:30,131.9,133.95,131.81,133.0,36077,0
2026-04-07T09:30:00+05:30,133.0,133.0,130.41,130.87,27209,0
2026-04-07T09:45:00+05:30,130.78,131.98,130.78,131.72,5028,0
2026-04-07T10:00:00+05:30,131.4,132.35,131.02,132.29,6156,0
2026-04-07T10:15:00+05:30,131.9,132.99,131.9,132.85,11603,0
2026-04-07T10:30:00+05:30,132.99,134.08,132.65,133.38,18972,0
2026-04-07T10:45:00+05:30,133.55,133.75,132.31,132.53,3937,0
2026-04-07T11:00:00+05:30,132.72,133.09,132.37,132.66,5554,0
2026-04-07T11:15:00+05:30,132.66,133.19,132.51,132.75,4517,0
2026-04-07T11:30:00+05:30,132.75,133.4,132.75,133.0,856,0
2026-04-07T11:45:00+05:30,133.02,133.4,132.93,133.25,1477,0
2026-04-07T12:00:00+05:30,133.08,133.31,133.01,133.31,423,0
2026-04-07T12:15:00+05:30,133.31,133.4,133.05,133.11,1133,0
2026-04-07T12:30:00+05:30,133.11,134.36,133.01,133.62,5558,0
2026-04-07T12:45:00+05:30,133.5,133.64,133.01,133.24,622,0
2026-04-07T13:00:00+05:30,133.03,133.03,132.32,132.48,1083,0
2026-04-07T13:15:00+05:30,132.48,133.46,132.48,132.91,8167,0
2026-04-07T13:30:00+05:30,132.82,133.77,132.82,133.51,3324,0
2026-04-07T13:45:00+05:30,133.51,134.86,133.01,133.01,29946,0
2026-04-07T14:00:00+05:30,133.01,133.55,132.96,132.96,962,0
2026-04-07T14:15:00+05:30,133.04,133.41,132.47,132.47,8436,0
2026-04-07T14:30:00+05:30,132.47,132.99,132.22,132.5,4908,0
2026-04-07T14:45:00+05:30,132.57,133.17,132.43,133.17,3916,0
2026-04-07T15:00:00+05:30,132.71,133.09,132.47,132.86,8615,0
2026-04-07T15:15:00+05:30,132.84,132.98,132.01,132.98,15425,0
2026-04-08T09:15:00+05:30,138.0,138.58,135.16,135.94,54460,0
2026-04-08T09:30:00+05:30,135.77,138.0,135.77,137.0,44777,0
2026-04-08T09:45:00+05:30,136.97,140.29,136.91,137.66,66277,0
2026-04-08T10:00:00+05:30,137.63,138.25,136.96,137.45,9990,0
2026-04-08T10:15:00+05:30,137.45,138.63,137.07,138.53,18727,0
2026-04-08T10:30:00+05:30,138.53,139.4,138.0,139.1,8484,0
2026-04-08T10:45:00+05:30,139.11,139.41,138.11,139.18,13094,0
2026-04-08T11:00:00+05:30,139.38,139.39,138.5,138.67,3370,0
2026-04-08T11:15:00+05:30,138.73,139.0,137.76,138.0,9685,0
2026-04-08T11:30:00+05:30,138.01,138.4,137.0,137.5,29572,0
2026-04-08T11:45:00+05:30,137.58,138.04,136.8,137.29,28957,0
2026-04-08T12:00:00+05:30,137.29,137.98,137.29,137.68,6253,0
2026-04-08T12:15:00+05:30,137.68,138.1,137.41,137.41,4465,0
2026-04-08T12:30:00+05:30,137.41,137.96,137.18,137.96,3080,0
2026-04-08T12:45:00+05:30,137.94,138.5,137.77,138.23,7022,0
2026-04-08T13:00:00+05:30,138.23,138.38,137.73,138.27,1068,0
2026-04-08T13:15:00+05:30,138.25,138.8,138.24,138.75,2972,0
2026-04-08T13:30:00+05:30,138.5,138.8,137.94,138.5,6403,0
2026-04-08T13:45:00+05:30,138.64,138.64,138.0,138.21,4044,0
2026-04-08T14:00:00+05:30,138.45,138.77,138.03,138.65,6473,0
2026-04-08T14:15:00+05:30,138.65,139.67,138.33,139.35,13580,0
2026-04-08T14:30:00+05:30,139.5,140.19,139.14,140.03,12949,0
2026-04-08T14:45:00+05:30,140.03,141.5,139.62,140.69,38182,0
2026-04-08T15:00:00+05:30,140.48,140.6,138.56,139.76,18057,0
2026-04-08T15:15:00+05:30,139.95,141.0,138.1,139.03,49884,0
2026-04-09T09:15:00+05:30,139.01,141.69,137.95,140.42,33517,0
2026-04-09T09:30:00+05:30,140.42,140.46,137.2,137.58,38788,0
2026-04-09T09:45:00+05:30,137.75,137.82,136.11,136.98,14785,0
2026-04-09T10:00:00+05:30,136.94,138.2,136.19,137.96,25604,0
2026-04-09T10:15:00+05:30,137.96,138.79,137.61,138.59,10983,0
2026-04-09T10:30:00+05:30,138.65,139.39,138.12,138.93,8395,0
2026-04-09T10:45:00+05:30,138.96,139.5,138.85,139.5,15302,0
2026-04-09T11:00:00+05:30,139.49,139.89,139.12,139.34,6439,0
2026-04-09T11:15:00+05:30,139.38,139.98,139.0,139.88,12102,0
2026-04-09T11:30:00+05:30,139.88,140.41,139.21,140.04,12189,0
2026-04-09T11:45:00+05:30,139.92,140.0,139.47,139.71,1843,0
2026-04-09T12:00:00+05:30,139.71,139.71,139.25,139.33,1745,0
2026-04-09T12:15:00+05:30,139.61,140.24,139.3,139.43,5023,0
2026-04-09T12:30:00+05:30,139.47,139.54,138.89,139.0,5279,0
2026-04-09T12:45:00+05:30,139.0,139.0,138.2,138.65,6286,0
2026-04-09T13:00:00+05:30,138.46,138.69,137.81,138.49,11761,0
2026-04-09T13:15:00+05:30,138.2,138.31,135.0,137.32,24253,0
2026-04-09T13:30:00+05:30,137.29,137.53,136.4,136.4,6600,0
2026-04-09T13:45:00+05:30,136.5,137.02,136.5,136.86,7194,0
2026-04-09T14:00:00+05:30,136.85,137.43,136.61,137.09,2512,0
2026-04-09T14:15:00+05:30,137.09,137.11,135.82,136.16,11983,0
2026-04-09T14:30:00+05:30,136.35,136.67,135.41,136.56,17632,0
2026-04-09T14:45:00+05:30,136.42,136.8,135.98,136.5,5035,0
2026-04-09T15:00:00+05:30,136.46,137.2,136.3,136.85,20735,0
2026-04-09T15:15:00+05:30,136.69,137.46,136.25,137.0,20949,0
2026-04-10T09:15:00+05:30,138.6,139.6,137.97,139.23,26804,0
2026-04-10T09:30:00+05:30,139.42,139.5,138.55,139.5,11981,0
2026-04-10T09:45:00+05:30,139.31,143.01,139.16,141.35,48005,0
2026-04-10T10:00:00+05:30,141.33,141.36,140.0,140.98,13477,0
2026-04-10T10:15:00+05:30,140.99,142.98,140.82,141.7,23251,0
2026-04-10T10:30:00+05:30,141.52,141.87,141.01,141.33,4621,0
2026-04-10T10:45:00+05:30,141.12,141.69,140.83,141.33,4094,0
2026-04-10T11:00:00+05:30,141.33,141.57,140.91,141.01,4066,0
2026-04-10T11:15:00+05:30,141.01,141.66,141.0,141.2,4039,0
2026-04-10T11:30:00+05:30,141.2,141.53,141.01,141.02,2002,0
2026-04-10T11:45:00+05:30,141.02,141.51,140.26,141.25,5648,0
2026-04-10T12:00:00+05:30,141.25,142.2,141.25,141.8,13802,0
2026-04-10T12:15:00+05:30,141.8,141.9,141.4,141.8,3394,0
2026-04-10T12:30:00+05:30,141.6,143.59,141.52,142.15,22733,0
2026-04-10T12:45:00+05:30,142.0,142.81,141.72,142.19,19098,0
2026-04-10T13:00:00+05:30,142.01,142.88,142.0,142.8,1997,0
2026-04-10T13:15:00+05:30,142.8,142.8,142.5,142.5,944,0
2026-04-10T13:30:00+05:30,142.5,142.95,142.2,142.5,7820,0
2026-04-10T13:45:00+05:30,142.68,142.89,142.0,142.62,21741,0
2026-04-10T14:00:00+05:30,142.62,142.62,142.1,142.36,4344,0
2026-04-10T14:15:00+05:30,142.06,142.11,141.0,141.02,12141,0
2026-04-10T14:30:00+05:30,141.02,141.86,141.02,141.51,8107,0
2026-04-10T14:45:00+05:30,141.51,141.6,139.93,140.85,28930,0
2026-04-10T15:00:00+05:30,140.85,141.94,140.25,141.3,16067,0
2026-04-10T15:15:00+05:30,141.19,141.99,141.08,141.9,16774,0
2026-04-13T09:15:00+05:30,138.0,140.84,135.31,139.1,29655,0
2026-04-13T09:30:00+05:30,139.09,139.69,138.05,139.4,33497,0
2026-04-13T09:45:00+05:30,139.38,139.94,138.72,139.52,5998,0
2026-04-13T10:00:00+05:30,139.52,139.84,139.18,139.5,2532,0
2026-04-13T10:15:00+05:30,139.4,140.61,138.84,140.47,7313,0
2026-04-13T10:30:00+05:30,140.58,140.67,139.5,140.56,14972,0
2026-04-13T10:45:00+05:30,140.7,141.7,140.63,141.17,9065,0
2026-04-13T11:00:00+05:30,140.89,141.69,140.7,141.1,7398,0
2026-04-13T11:15:00+05:30,141.1,141.12,140.23,140.68,4366,0
2026-04-13T11:30:00+05:30,140.65,140.65,139.85,140.4,5476,0
2026-04-13T11:45:00+05:30,140.4,141.11,140.24,140.74,2593,0
2026-04-13T12:00:00+05:30,140.75,141.18,140.74,140.81,1403,0
2026-04-13T12:15:00+05:30,140.89,141.19,140.68,141.19,1796,0
2026-04-13T12:30:00+05:30,141.19,141.39,140.4,140.61,5363,0
2026-04-13T12:45:00+05:30,140.61,141.54,140.31,140.64,5365,0
2026-04-13T13:00:00+05:30,140.52,141.31,139.71,140.8,28163,0
2026-04-13T13:15:00+05:30,140.62,140.94,140.4,140.5,1202,0
2026-04-13T13:30:00+05:30,140.5,140.97,140.5,140.65,222,0
2026-04-13T13:45:00+05:30,140.65,141.87,140.53,140.53,6103,0
2026-04-13T14:00:00+05:30,141.24,141.54,140.4,140.85,2896,0
2026-04-13T14:15:00+05:30,140.85,140.85,140.51,140.82,566,0
2026-04-13T14:30:00+05:30,140.86,141.07,140.52,140.64,3562,0
2026-04-13T14:45:00+05:30,140.64,141.1,140.5,140.81,5047,0
2026-04-13T15:00:00+05:30,140.81,141.01,140.2,141.01,9779,0
2026-04-13T15:15:00+05:30,141.26,141.47,140.62,141.0,25989,0
2026-04-15T09:15:00+05:30,143.45,145.7,143.45,143.92,32253,0
2026-04-15T09:30:00+05:30,143.9,145.98,143.9,145.7,26523,0
2026-04-15T09:45:00+05:30,145.6,145.9,144.08,144.59,21646,0
2026-04-15T10:00:00+05:30,144.63,144.85,143.92,144.14,15518,0
2026-04-15T10:15:00+05:30,144.56,144.96,144.15,144.21,4236,0
2026-04-15T10:30:00+05:30,144.42,144.49,144.16,144.17,3329,0
2026-04-15T10:45:00+05:30,144.38,144.83,144.16,144.21,9119,0
2026-04-15T11:00:00+05:30,144.12,144.37,143.86,143.88,4954,0
2026-04-15T11:15:00+05:30,143.78,144.37,143.78,144.0,2726,0
2026-04-15T11:30:00+05:30,144.0,144.4,143.88,144.4,800,0
2026-04-15T11:45:00+05:30,144.19,144.97,144.12,144.47,4256,0
2026-04-15T12:00:00+05:30,144.47,144.99,144.45,144.75,6747,0
2026-04-15T12:15:00+05:30,144.75,145.19,144.75,145.02,7037,0
2026-04-15T12:30:00+05:30,145.27,145.65,145.01,145.05,5887,0
2026-04-15T12:45:00+05:30,145.05,145.64,144.8,145.13,4383,0
2026-04-15T13:00:00+05:30,145.13,145.5,145.04,145.47,3334,0
2026-04-15T13:15:00+05:30,145.47,146.1,145.45,146.0,16551,0
2026-04-15T13:30:00+05:30,145.99,147.66,145.82,147.4,18953,0
2026-04-15T13:45:00+05:30,147.53,148.85,147.3,148.2,57598,0
2026-04-15T14:00:00+05:30,148.22,148.85,147.53,147.89,28012,0
2026-04-15T14:15:00+05:30,147.9,148.06,147.2,147.81,7758,0
2026-04-15T14:30:00+05:30,147.81,148.39,147.61,148.3,10953,0
2026-04-15T14:45:00+05:30,148.3,148.85,148.13,148.4,13086,0
2026-04-15T15:00:00+05:30,148.4,149.58,148.25,149.58,32616,0
2026-04-15T15:15:00+05:30,149.21,149.78,147.33,148.52,35518,0
2026-04-16T09:15:00+05:30,150.1,151.9,149.15,149.74,57702,0
2026-04-16T09:30:00+05:30,149.64,149.96,149.07,149.39,12546,0
2026-04-16T09:45:00+05:30,149.14,149.37,147.81,147.81,15370,0
2026-04-16T10:00:00+05:30,147.86,148.79,147.8,148.69,3435,0
2026-04-16T10:15:00+05:30,148.75,150.17,148.54,149.95,16392,0
2026-04-16T10:30:00+05:30,149.95,150.44,149.66,149.66,4660,0
2026-04-16T10:45:00+05:30,149.66,150.5,149.66,150.01,6235,0
2026-04-16T11:00:00+05:30,150.01,150.98,149.85,150.34,6015,0
2026-04-16T11:15:00+05:30,150.34,151.98,150.34,151.98,29926,0
2026-04-16T11:30:00+05:30,151.64,152.4,150.75,151.01,30607,0
2026-04-16T11:45:00+05:30,151.01,151.71,150.5,151.71,17044,0
2026-04-16T12:00:00+05:30,151.71,154.0,151.12,152.1,43398,0
2026-04-16T12:15:00+05:30,152.1,152.77,151.52,152.13,12524,0
2026-04-16T12:30:00+05:30,152.14,152.79,152.01,152.79,3011,0
2026-04-16T12:45:00+05:30,152.51,152.57,152.03,152.14,2580,0
2026-04-16T13:00:00+05:30,152.12,152.4,152.1,152.29,4471,0
2026-04-16T13:15:00+05:30,152.15,152.28,151.76,151.76,2715,0
2026-04-16T13:30:00+05:30,151.77,152.09,151.64,151.9,1174,0
2026-04-16T13:45:00+05:30,151.9,152.57,151.85,152.19,2218,0
2026-04-16T14:00:00+05:30,152.19,152.46,151.22,151.66,6941,0
2026-04-16T14:15:00+05:30,151.66,151.92,150.51,151.4,26433,0
2026-04-16T14:30:00+05:30,151.64,152.5,151.62,152.08,2311,0
2026-04-16T14:45:00+05:30,151.93,152.29,151.81,151.85,5689,0
2026-04-16T15:00:00+05:30,152.19,152.32,151.2,152.0,9273,0
2026-04-16T15:15:00+05:30,152.0,152.5,151.53,152.02,18305,0
2026-04-17T09:15:00+05:30,153.5,153.5,151.59,151.9,20094,0
2026-04-17T09:30:00+05:30,152.24,152.49,151.5,151.91,23993,0
2026-04-17T09:45:00+05:30,151.91,152.42,151.25,151.7,12393,0
2026-04-17T10:00:00+05:30,151.62,152.5,151.6,152.27,5042,0
2026-04-17T10:15:00+05:30,152.27,152.6,151.83,152.17,3144,0
2026-04-17T10:30:00+05:30,152.0,152.16,148.66,149.6,30446,0
2026-04-17T10:45:00+05:30,149.88,150.25,149.53,149.81,23556,0
2026-04-17T11:00:00+05:30,149.81,149.81,147.84,148.49,28974,0
2026-04-17T11:15:00+05:30,148.21,149.54,148.21,149.3,28157,0
2026-04-17T11:30:00+05:30,149.07,149.59,148.79,148.98,17024,0
2026-04-17T11:45:00+05:30,149.22,149.68,149.13,149.27,3712,0
2026-04-17T12:00:00+05:30,149.29,149.54,148.77,149.21,4315,0
2026-04-17T12:15:00+05:30,149.21,149.63,149.21,149.56,5250,0
2026-04-17T12:30:00+05:30,149.41,149.41,148.55,148.79,10406,0
2026-04-17T12:45:00+05:30,148.79,149.45,148.5,149.06,4738,0
2026-04-17T13:00:00+05:30,149.31,150.1,148.94,149.63,12521,0
2026-04-17T13:15:00+05:30,149.67,149.88,149.46,149.49,2989,0
2026-04-17T13:30:00+05:30,149.52,149.77,149.49,149.5,1621,0
2026-04-17T13:45:00+05:30,149.55,151.98,149.41,150.28,30203,0
2026-04-17T14:00:00+05:30,150.45,150.89,149.99,150.23,7688,0
2026-04-17T14:15:00+05:30,150.23,150.4,149.72,150.22,2296,0
2026-04-17T14:30:00+05:30,150.01,150.01,149.41,149.8,12511,0
2026-04-17T14:45:00+05:30,149.8,150.0,148.78,149.9,13298,0
2026-04-17T15:00:00+05:30,149.9,150.26,149.6,150.26,8640,0
2026-04-17T15:15:00+05:30,150.1,150.3,148.78,149.94,23121,0
2026-04-20T09:15:00+05:30,151.4,151.41,147.7,149.08,52402,0
2026-04-20T09:30:00+05:30,149.02,149.02,147.52,147.52,15076,0
2026-04-20T09:45:00+05:30,147.35,148.53,146.91,148.41,11655,0
2026-04-20T10:00:00+05:30,148.36,149.29,148.0,148.99,5289,0
2026-04-20T10:15:00+05:30,148.99,149.46,148.85,148.97,12502,0
2026-04-20T10:30:00+05:30,148.99,149.47,148.99,149.2,3497,0
2026-04-20T10:45:00+05:30,149.25,149.5,149.05,149.31,4594,0
2026-04-20T11:00:00+05:30,149.29,149.53,149.11,149.36,2172,0
2026-04-20T11:15:00+05:30,149.32,149.9,149.32,149.58,1514,0
2026-04-20T11:30:00+05:30,149.58,149.81,149.54,149.55,839,0
2026-04-20T11:45:00+05:30,149.55,150.97,149.31,150.43,15034,0
2026-04-20T12:00:00+05:30,150.41,150.7,150.0,150.2,4413,0
2026-04-20T12:15:00+05:30,150.2,151.02,150.2,150.91,14734,0
2026-04-20T12:30:00+05:30,150.91,151.77,150.64,151.42,5038,0
2026-04-20T12:45:00+05:30,151.56,151.6,151.0,151.0,4011,0
2026-04-20T13:00:00+05:30,151.0,151.28,150.68,150.99,6067,0
2026-04-20T13:15:00+05:30,150.98,150.98,149.25,149.5,8882,0
2026-04-20T13:30:00+05:30,149.5,149.82,149.37,149.52,1479,0
2026-04-20T13:45:00+05:30,149.52,149.78,149.42,149.65,1734,0
2026-04-20T14:00:00+05:30,149.52,149.56,149.25,149.56,4599,0
2026-04-20T14:15:00+05:30,149.56,149.79,149.42,149.76,1605,0
2026-04-20T14:30:00+05:30,149.67,149.86,149.56,149.56,849,0
2026-04-20T14:45:00+05:30,149.56,149.75,149.25,149.5,2731,0
2026-04-20T15:00:00+05:30,149.5,149.88,149.34,149.6,4648,0
2026-04-20T15:15:00+05:30,149.42,149.6,148.71,149.0,22281,0
2026-04-21T09:15:00+05:30,149.99,150.95,149.29,149.6,4751,0
2026-04-21T09:30:00+05:30,149.73,150.82,149.33,150.5,6801,0
2026-04-21T09:45:00+05:30,150.57,150.71,150.0,150.0,3246,0
2026-04-21T10:00:00+05:30,149.72,150.21,149.58,150.21,1167,0
2026-04-21T10:15:00+05:30,150.21,150.21,149.71,150.15,4194,0
2026-04-21T10:30:00+05:30,150.15,150.92,150.15,150.85,3248,0
2026-04-21T10:45:00+05:30,150.84,151.4,150.6,150.82,7765,0
2026-04-21T11:00:00+05:30,150.82,153.69,150.82,152.8,24859,0
2026-04-21T11:15:00+05:30,152.8,153.0,151.45,151.82,15353,0
2026-04-21T11:30:00+05:30,151.83,152.0,151.41,151.71,1867,0
2026-04-21T11:45:00+05:30,151.71,151.94,151.21,151.7,2334,0
2026-04-21T12:00:00+05:30,151.7,151.9,151.48,151.72,6214,0
2026-04-21T12:15:00+05:30,151.9,152.0,151.73,151.98,1819,0
2026-04-21T12:30:00+05:30,152.29,152.64,152.25,152.28,2532,0
2026-04-21T12:45:00+05:30,152.35,152.9,152.25,152.3,3678,0
2026-04-21T13:00:00+05:30,152.3,152.5,151.39,151.83,8104,0
2026-04-21T13:15:00+05:30,151.75,152.28,151.41,151.94,4469,0
2026-04-21T13:30:00+05:30,151.94,152.28,151.94,152.25,1805,0
2026-04-21T13:45:00+05:30,152.01,152.05,151.91,152.01,747,0
2026-04-21T14:00:00+05:30,152.01,152.01,151.86,152.0,1059,0
2026-04-21T14:15:00+05:30,152.0,152.0,151.75,151.75,816,0
2026-04-21T14:30:00+05:30,151.75,151.99,151.58,151.84,642,0
2026-04-21T14:45:00+05:30,151.61,151.8,151.35,151.8,2999,0
2026-04-21T15:00:00+05:30,151.79,151.89,151.15,151.35,3933,0
2026-04-21T15:15:00+05:30,151.59,151.6,150.0,150.1,17892,0
2026-04-22T09:15:00+05:30,149.9,151.2,149.25,150.89,7115,0
2026-04-22T09:30:00+05:30,150.7,151.59,150.56,151.0,3291,0
2026-04-22T09:45:00+05:30,151.06,151.06,150.35,150.44,2317,0
2026-04-22T10:00:00+05:30,150.42,150.66,150.0,150.01,2757,0
2026-04-22T10:15:00+05:30,150.38,151.0,150.37,150.73,5588,0
2026-04-22T10:30:00+05:30,150.91,151.06,150.68,150.98,1814,0
2026-04-22T10:45:00+05:30,150.98,151.29,150.87,150.95,1333,0
2026-04-22T11:00:00+05:30,151.12,151.12,150.6,150.75,698,0
2026-04-22T11:15:00+05:30,150.75,151.4,150.32,151.18,10724,0
2026-04-22T11:30:00+05:30,151.16,151.93,150.83,151.79,6297,0
2026-04-22T11:45:00+05:30,151.79,151.79,151.23,151.48,820,0
2026-04-22T12:00:00+05:30,151.49,151.79,151.48,151.49,2866,0
2026-04-22T12:15:00+05:30,151.49,151.49,150.25,150.48,10247,0
2026-04-22T12:30:00+05:30,150.45,151.32,150.05,151.31,5047,0
2026-04-22T12:45:00+05:30,151.31,151.67,151.06,151.42,5940,0
2026-04-22T13:00:00+05:30,151.42,152.0,151.21,151.4,9341,0
2026-04-22T13:15:00+05:30,151.4,151.4,151.0,151.0,780,0
2026-04-22T13:30:00+05:30,151.02,151.52,151.0,151.5,3291,0
2026-04-22T13:45:00+05:30,151.47,151.87,151.42,151.62,1424,0
2026-04-22T14:00:00+05:30,151.62,151.97,151.53,151.53,4430,0
2026-04-22T14:15:00+05:30,151.53,151.53,150.74,151.11,2337,0
2026-04-22T14:30:00+05:30,151.36,152.0,151.16,151.26,17645,0
2026-04-22T14:45:00+05:30,151.26,151.67,151.26,151.63,2123,0
2026-04-22T15:00:00+05:30,151.63,151.78,151.16,151.16,3976,0
2026-04-22T15:15:00+05:30,151.3,152.0,151.0,151.7,21583,0
2026-04-23T09:15:00+05:30,150.35,151.33,149.7,150.0,13834,0
2026-04-23T09:30:00+05:30,150.1,150.77,149.85,150.5,5946,0
2026-04-23T09:45:00+05:30,150.16,150.82,150.16,150.2,3985,0
2026-04-23T10:00:00+05:30,150.44,150.44,149.57,150.04,13820,0
2026-04-23T10:15:00+05:30,149.76,150.46,149.52,149.81,5415,0
2026-04-23T10:30:00+05:30,150.09,150.15,149.22,149.43,1893,0
2026-04-23T10:45:00+05:30,149.7,149.92,149.33,149.76,4231,0
2026-04-23T11:00:00+05:30,149.76,150.21,149.76,150.0,993,0
2026-04-23T11:15:00+05:30,150.0,150.0,149.52,149.79,685,0
2026-04-23T11:30:00+05:30,149.79,149.97,149.43,149.97,1459,0
2026-04-23T11:45:00+05:30,149.97,149.97,149.65,149.7,455,0
2026-04-23T12:00:00+05:30,149.7,149.97,149.7,149.71,1091,0
2026-04-23T12:15:00+05:30,149.96,150.64,149.96,150.02,3441,0
2026-04-23T12:30:00+05:30,150.02,150.04,149.0,149.01,14791,0
2026-04-23T12:45:00+05:30,149.28,149.75,149.01,149.01,3505,0
2026-04-23T13:00:00+05:30,149.1,149.79,149.0,149.79,1515,0
2026-04-23T13:15:00+05:30,149.79,149.97,149.5,149.87,3240,0
2026-04-23T13:30:00+05:30,149.87,149.9,149.61,149.79,1328,0
2026-04-23T13:45:00+05:30,149.7,149.99,149.7,149.99,595,0
2026-04-23T14:00:00+05:30,149.99,150.0,149.0,149.3,8518,0
2026-04-23T14:15:00+05:30,149.3,149.47,149.2,149.4,460,0
2026-04-23T14:30:00+05:30,149.37,149.63,149.04,149.18,1961,0
2026-04-23T14:45:00+05:30,149.25,149.61,149.2,149.35,845,0
2026-04-23T15:00:00+05:30,149.35,149.57,149.25,149.33,3149,0
2026-04-23T15:15:00+05:30,149.33,150.79,149.0,149.2,22538,0
2026-04-24T09:15:00+05:30,149.32,150.41,147.6,147.6,14764,0
2026-04-24T09:30:00+05:30,147.5,148.0,145.87,146.37,13489,0
2026-04-24T09:45:00+05:30,146.8,146.87,146.04,146.57,7103,0
2026-04-24T10:00:00+05:30,146.56,147.87,146.31,147.46,5033,0
2026-04-24T10:15:00+05:30,147.42,147.48,146.2,146.78,8174,0
2026-04-24T10:30:00+05:30,146.72,146.87,146.14,146.57,2992,0
2026-04-24T10:45:00+05:30,146.5,146.72,145.6,145.84,5462,0
2026-04-24T11:00:00+05:30,145.84,145.84,145.11,145.25,16377,0
2026-04-24T11:15:00+05:30,145.25,145.38,145.03,145.28,3129,0
2026-04-24T11:30:00+05:30,145.37,145.64,145.31,145.64,1484,0
2026-04-24T11:45:00+05:30,145.64,145.84,145.35,145.6,2234,0
2026-04-24T12:00:00+05:30,145.41,145.56,145.28,145.53,3823,0
2026-04-24T12:15:00+05:30,145.53,145.59,144.52,144.84,5873,0
2026-04-24T12:30:00+05:30,144.84,145.46,144.51,145.3,3888,0
2026-04-24T12:45:00+05:30,145.3,145.73,145.0,145.5,1327,0
2026-04-24T13:00:00+05:30,145.7,145.7,145.0,145.0,1624,0
2026-04-24T13:15:00+05:30,145.0,145.06,145.0,145.0,2570,0
2026-04-24T13:30:00+05:30,145.0,145.22,145.0,145.0,11320,0
2026-04-24T13:45:00+05:30,145.0,145.26,144.11,144.42,8157,0
2026-04-24T14:00:00+05:30,144.62,144.86,144.02,144.72,3380,0
2026-04-24T14:15:00+05:30,144.7,145.27,144.68,145.27,3883,0
2026-04-24T14:30:00+05:30,145.27,145.79,145.0,145.0,4424,0
2026-04-24T14:45:00+05:30,145.3,145.59,145.0,145.42,6274,0
2026-04-24T15:00:00+05:30,145.33,146.39,145.1,146.0,10254,0
2026-04-24T15:15:00+05:30,146.03,147.7,145.01,147.7,14982,0
2026-04-27T09:15:00+05:30,147.25,148.69,147.25,148.14,5887,0
2026-04-27T09:30:00+05:30,148.13,149.09,148.13,148.47,8961,0
2026-04-27T09:45:00+05:30,148.72,149.84,148.5,149.84,14522,0
2026-04-27T10:00:00+05:30,149.51,149.51,148.4,149.0,3976,0
2026-04-27T10:15:00+05:30,148.92,149.89,148.92,149.61,7115,0
2026-04-27T10:30:00+05:30,149.84,149.84,149.0,149.11,2567,0
2026-04-27T10:45:00+05:30,149.11,150.9,149.11,150.32,9849,0
2026-04-27T11:00:00+05:30,149.95,150.29,149.95,150.06,2192,0
2026-04-27T11:15:00+05:30,150.29,150.84,149.91,150.18,8307,0
2026-04-27T11:30:00+05:30,150.18,150.18,149.0,149.48,11576,0
2026-04-27T11:45:00+05:30,149.48,151.0,149.48,150.6,12989,0
2026-04-27T12:00:00+05:30,150.46,150.75,150.14,150.42,4230,0
2026-04-27T12:15:00+05:30,150.42,150.86,150.08,150.08,3523,0
2026-04-27T12:30:00+05:30,150.08,150.19,149.72,149.72,1348,0
2026-04-27T12:45:00+05:30,149.72,150.38,149.72,150.38,1080,0
2026-04-27T13:00:00+05:30,150.38,150.38,150.02,150.06,303,0
2026-04-27T13:15:00+05:30,150.06,150.33,149.95,149.95,5716,0
2026-04-27T13:30:00+05:30,149.95,150.03,148.7,149.8,9602,0
2026-04-27T13:45:00+05:30,149.8,149.8,149.48,149.71,268,0
2026-04-27T14:00:00+05:30,149.44,149.53,149.3,149.48,480,0
2026-04-27T14:15:00+05:30,149.48,149.48,149.09,149.46,1221,0
2026-04-27T14:30:00+05:30,149.16,150.09,149.0,149.94,9343,0
2026-04-27T14:45:00+05:30,149.94,149.95,149.49,149.88,8963,0
2026-04-27T15:00:00+05:30,149.77,149.9,149.62,149.9,2107,0
2026-04-27T15:15:00+05:30,149.74,150.49,149.17,150.49,11587,0
2026-04-28T09:15:00+05:30,149.13,150.95,149.13,150.29,12062,0
2026-04-28T09:30:00+05:30,150.24,150.24,149.14,149.65,6460,0
2026-04-28T09:45:00+05:30,149.64,149.86,148.83,149.58,4844,0
2026-04-28T10:00:00+05:30,149.58,149.59,149.05,149.36,2154,0
2026-04-28T10:15:00+05:30,149.33,149.55,149.13,149.13,656,0
2026-04-28T10:30:00+05:30,149.5,149.5,148.0,148.0,6009,0
2026-04-28T10:45:00+05:30,147.83,149.2,147.81,148.95,3645,0
2026-04-28T11:00:00+05:30,148.95,149.04,148.67,148.84,3220,0
2026-04-28T11:15:00+05:30,148.84,149.25,148.48,148.6,4155,0
2026-04-28T11:30:00+05:30,148.42,148.79,148.37,148.78,885,0
2026-04-28T11:45:00+05:30,148.78,148.78,148.13,148.48,5854,0
2026-04-28T12:00:00+05:30,148.48,148.86,148.43,148.86,1248,0
2026-04-28T12:15:00+05:30,148.77,148.77,148.4,148.4,38,0
2026-04-28T12:30:00+05:30,148.4,148.49,148.0,148.0,2195,0
2026-04-28T12:45:00+05:30,148.0,148.23,147.85,148.23,1415,0
2026-04-28T13:00:00+05:30,148.23,148.23,147.92,148.14,343,0
2026-04-28T13:15:00+05:30,148.14,148.34,147.92,147.94,1152,0
2026-04-28T13:30:00+05:30,148.31,148.31,145.5,146.37,37968,0
2026-04-28T13:45:00+05:30,146.37,146.75,145.8,146.59,4070,0
2026-04-28T14:00:00+05:30,146.5,146.87,146.07,146.86,7513,0
2026-04-28T14:15:00+05:30,146.6,146.6,146.28,146.38,253,0
2026-04-28T14:30:00+05:30,146.59,147.73,146.51,147.26,9986,0
2026-04-28T14:45:00+05:30,147.26,147.8,147.26,147.65,2155,0
2026-04-28T15:00:00+05:30,147.38,147.71,147.09,147.3,3449,0
2026-04-28T15:15:00+05:30,147.31,147.47,146.53,146.96,22563,0
2026-04-29T09:15:00+05:30,147.5,149.46,147.5,149.46,19912,0
2026-04-29T09:30:00+05:30,149.44,149.44,147.49,148.25,13424,0
2026-04-29T09:45:00+05:30,148.24,148.28,147.49,147.49,2757,0
2026-04-29T10:00:00+05:30,147.67,148.26,147.32,147.83,2716,0
2026-04-29T10:15:00+05:30,147.83,148.37,147.83,148.01,1894,0
2026-04-29T10:30:00+05:30,148.06,148.36,147.71,147.84,3017,0
2026-04-29T10:45:00+05:30,147.84,148.0,147.52,147.99,4577,0
2026-04-29T11:00:00+05:30,147.97,148.31,147.97,148.07,1779,0
2026-04-29T11:15:00+05:30,148.12,148.34,147.82,148.0,2883,0
2026-04-29T11:30:00+05:30,148.32,148.7,148.3,148.31,3712,0
2026-04-29T11:45:00+05:30,148.33,148.33,146.87,147.1,10108,0
2026-04-29T12:00:00+05:30,147.1,147.63,147.0,147.0,9085,0
2026-04-29T12:15:00+05:30,147.0,147.22,147.0,147.21,59,0
2026-04-29T12:30:00+05:30,147.03,147.47,146.5,147.19,8439,0
2026-04-29T12:45:00+05:30,147.19,147.25,146.91,147.0,288,0
2026-04-29T13:00:00+05:30,147.0,147.29,147.0,147.28,1389,0
2026-04-29T13:15:00+05:30,147.28,147.28,146.75,146.96,2316,0
2026-04-29T13:30:00+05:30,146.96,147.01,146.0,146.0,2273,0
2026-04-29T13:45:00+05:30,146.31,146.5,146.04,146.17,2203,0
2026-04-29T14:00:00+05:30,146.05,146.32,145.5,146.2,6957,0
2026-04-29T14:15:00+05:30,146.2,146.24,145.5,145.99,4011,0
2026-04-29T14:30:00+05:30,145.99,146.29,145.01,146.26,5738,0
2026-04-29T14:45:00+05:30,146.05,146.05,145.12,145.37,5679,0
2026-04-29T15:00:00+05:30,145.36,145.83,144.9,145.46,16038,0
2026-04-29T15:15:00+05:30,145.27,145.5,144.5,144.9,18865,0
2026-04-30T09:15:00+05:30,144.9,145.39,142.0,143.24,19220,0
2026-04-30T09:30:00+05:30,143.27,144.44,142.52,143.78,5123,0
2026-04-30T09:45:00+05:30,143.93,144.05,142.85,142.85,6282,0
2026-04-30T10:00:00+05:30,142.76,142.81,142.05,142.33,9304,0
2026-04-30T10:15:00+05:30,142.45,143.88,142.0,142.91,13376,0
2026-04-30T10:30:00+05:30,142.95,143.23,142.57,142.9,1871,0
2026-04-30T10:45:00+05:30,143.21,143.21,142.28,142.59,2800,0
2026-04-30T11:00:00+05:30,142.6,143.02,142.6,142.8,2425,0
2026-04-30T11:15:00+05:30,142.8,143.14,142.71,142.89,3601,0
2026-04-30T11:30:00+05:30,143.14,143.5,143.09,143.13,2008,0
2026-04-30T11:45:00+05:30,143.13,143.15,142.73,142.8,751,0
2026-04-30T12:00:00+05:30,142.8,143.17,142.8,143.17,184,0
2026-04-30T12:15:00+05:30,143.3,143.87,143.3,143.45,1070,0
2026-04-30T12:30:00+05:30,143.45,143.82,143.11,143.69,1066,0
2026-04-30T12:45:00+05:30,143.69,143.74,143.53,143.74,407,0
2026-04-30T13:00:00+05:30,143.52,143.73,142.97,143.0,3268,0
2026-04-30T13:15:00+05:30,143.0,143.31,142.81,143.2,1578,0
2026-04-30T13:30:00+05:30,143.36,143.78,143.36,143.78,2328,0
2026-04-30T13:45:00+05:30,143.9,145.5,143.83,145.16,8558,0
2026-04-30T14:00:00+05:30,145.16,145.39,144.74,145.0,11229,0
2026-04-30T14:15:00+05:30,145.0,145.45,145.0,145.0,1711,0
2026-04-30T14:30:00+05:30,145.15,145.88,145.01,145.88,3121,0
2026-04-30T14:45:00+05:30,145.91,147.44,145.26,147.25,7380,0
2026-04-30T15:00:00+05:30,146.94,147.09,146.16,146.16,13379,0
2026-04-30T15:15:00+05:30,146.46,146.94,146.0,146.0,18398,0
2026-05-04T09:15:00+05:30,147.46,147.62,146.0,147.5,12092,0
2026-05-04T09:30:00+05:30,147.88,148.29,147.06,147.06,5358,0
2026-05-04T09:45:00+05:30,147.14,147.14,146.19,146.9,3298,0
2026-05-04T10:00:00+05:30,146.96,148.19,146.92,147.17,9268,0
2026-05-04T10:15:00+05:30,147.01,147.1,146.35,146.35,2914,0
2026-05-04T10:30:00+05:30,146.35,146.93,146.35,146.91,234,0
2026-05-04T10:45:00+05:30,146.91,146.95,146.25,146.38,1243,0
2026-05-04T11:00:00+05:30,146.38,146.95,146.38,146.95,339,0
2026-05-04T11:15:00+05:30,146.95,147.39,146.92,147.01,2313,0
2026-05-04T11:30:00+05:30,147.03,147.03,146.68,146.87,2442,0
2026-05-04T11:45:00+05:30,146.87,147.0,146.6,146.66,1451,0
2026-05-04T12:00:00+05:30,146.66,146.9,145.5,145.65,3385,0
2026-05-04T12:15:00+05:30,145.65,146.28,145.5,146.19,5378,0
2026-05-04T12:30:00+05:30,146.13,146.13,146.05,146.05,41,0
2026-05-04T12:45:00+05:30,145.86,146.59,145.76,146.5,1609,0
2026-05-04T13:00:00+05:30,146.55,146.55,145.52,145.98,4499,0
2026-05-04T13:15:00+05:30,145.98,145.98,145.56,145.65,1158,0
2026-05-04T13:30:00+05:30,145.72,145.72,145.22,145.35,3566,0
2026-05-04T13:45:00+05:30,145.35,145.58,145.01,145.01,1970,0
2026-05-04T14:00:00+05:30,145.01,145.87,144.72,145.87,3841,0
2026-05-04T14:15:00+05:30,145.71,146.45,145.53,145.53,6699,0
2026-05-04T14:30:00+05:30,145.65,145.99,145.5,145.91,1255,0
2026-05-04T14:45:00+05:30,145.64,146.0,145.63,146.0,836,0
2026-05-04T15:00:00+05:30,145.97,146.47,145.7,145.78,2521,0
2026-05-04T15:15:00+05:30,145.78,146.27,145.25,145.25,14412,0
2026-05-05T09:15:00+05:30,145.76,146.55,145.0,145.49,7018,0
2026-05-05T09:30:00+05:30,145.62,146.76,145.61,145.9,4655,0
2026-05-05T09:45:00+05:30,145.8,145.98,145.4,145.7,995,0
2026-05-05T10:00:00+05:30,145.97,146.09,145.26,145.26,2021,0
2026-05-05T10:15:00+05:30,145.27,145.27,144.59,144.7,6943,0
2026-05-05T10:30:00+05:30,144.7,145.18,144.7,144.71,1329,0
2026-05-05T10:45:00+05:30,144.71,145.05,144.71,145.05,247,0
2026-05-05T11:00:00+05:30,145.08,145.09,144.81,144.93,1749,0
2026-05-05T11:15:00+05:30,144.87,144.98,144.52,144.86,1781,0
2026-05-05T11:30:00+05:30,144.84,145.31,144.84,145.23,1140,0
2026-05-05T11:45:00+05:30,145.23,145.23,144.54,144.54,2272,0
2026-05-05T12:00:00+05:30,144.54,144.89,144.29,144.87,1996,0
2026-05-05T12:15:00+05:30,144.87,144.89,144.53,144.72,1750,0
2026-05-05T12:30:00+05:30,144.72,145.2,144.72,145.2,419,0
2026-05-05T12:45:00+05:30,145.2,145.63,144.83,145.58,3468,0
2026-05-05T13:00:00+05:30,145.18,145.89,145.18,145.89,1556,0
2026-05-05T13:15:00+05:30,145.89,145.96,145.57,145.96,1535,0
2026-05-05T13:30:00+05:30,145.94,145.96,145.53,145.95,2631,0
2026-05-05T13:45:00+05:30,145.95,146.0,145.6,145.96,1304,0
2026-05-05T14:00:00+05:30,145.96,150.47,145.95,149.77,25237,0
2026-05-05T14:15:00+05:30,149.77,152.45,149.2,151.92,147334,0
2026-05-05T14:30:00+05:30,151.92,152.35,150.5,150.66,57727,0
2026-05-05T14:45:00+05:30,150.66,150.73,150.0,150.29,21010,0
2026-05-05T15:00:00+05:30,150.29,151.0,150.0,150.23,47169,0
2026-05-05T15:15:00+05:30,150.39,150.4,149.0,149.0,47355,0
2026-05-06T09:15:00+05:30,151.24,155.7,150.39,153.25,64879,0
2026-05-06T09:30:00+05:30,153.79,154.1,152.31,152.32,35630,0
2026-05-06T09:45:00+05:30,152.51,154.55,149.99,151.28,87522,0
2026-05-06T10:00:00+05:30,151.04,151.38,150.06,150.55,7763,0
2026-05-06T10:15:00+05:30,150.68,150.96,150.41,150.67,3181,0
2026-05-06T10:30:00+05:30,150.67,150.84,149.61,150.34,8031,0
2026-05-06T10:45:00+05:30,150.1,150.21,149.81,149.9,5210,0
2026-05-06T11:00:00+05:30,149.9,150.37,149.9,150.37,1252,0
2026-05-06T11:15:00+05:30,150.47,151.46,150.21,151.15,4550,0
2026-05-06T11:30:00+05:30,151.14,151.31,150.52,150.75,7515,0
2026-05-06T11:45:00+05:30,150.75,151.0,150.0,150.98,4505,0
2026-05-06T12:00:00+05:30,150.77,151.45,150.77,150.78,5183,0
2026-05-06T12:15:00+05:30,150.78,150.78,150.1,150.1,1154,0
2026-05-06T12:30:00+05:30,150.27,150.27,148.81,149.78,12610,0
2026-05-06T12:45:00+05:30,149.78,149.78,148.62,149.18,5431,0
2026-05-06T13:00:00+05:30,148.95,150.0,148.8,150.0,8113,0
2026-05-06T13:15:00+05:30,149.87,149.87,148.37,149.05,9223,0
2026-05-06T13:30:00+05:30,149.05,149.81,149.05,149.81,1834,0
2026-05-06T13:45:00+05:30,149.81,149.99,149.45,149.8,2199,0
2026-05-06T14:00:00+05:30,149.8,149.8,149.4,149.74,1392,0
2026-05-06T14:15:00+05:30,149.74,150.9,149.73,150.35,11495,0
2026-05-06T14:30:00+05:30,150.3,150.65,149.9,150.37,9387,0
2026-05-06T14:45:00+05:30,150.37,150.83,149.76,150.83,11237,0
2026-05-06T15:00:00+05:30,150.83,150.83,149.61,149.92,29569,0
2026-05-06T15:15:00+05:30,149.88,150.0,149.62,150.0,29191,0
2026-05-07T09:15:00+05:30,150.21,151.9,147.8,148.0,125213,0
2026-05-07T09:30:00+05:30,148.57,148.58,147.27,148.1,33205,0
2026-05-07T09:45:00+05:30,148.02,148.02,147.35,147.89,18520,0
2026-05-07T10:00:00+05:30,147.87,147.98,147.53,147.9,3972,0
2026-05-07T10:15:00+05:30,147.63,148.46,147.62,148.39,8910,0
2026-05-07T10:30:00+05:30,148.42,148.55,148.1,148.2,5265,0
2026-05-07T10:45:00+05:30,148.44,148.77,148.4,148.59,6886,0
2026-05-07T11:00:00+05:30,148.63,148.89,148.23,148.23,6522,0
2026-05-07T11:15:00+05:30,148.58,148.59,148.14,148.18,4595,0
2026-05-07T11:30:00+05:30,148.28,148.54,148.28,148.3,3424,0
2026-05-07T11:45:00+05:30,148.45,149.22,148.45,149.0,9309,0
2026-05-07T12:00:00+05:30,148.98,149.03,148.55,148.55,1438,0
2026-05-07T12:15:00+05:30,148.55,149.0,148.55,148.92,517,0
2026-05-07T12:30:00+05:30,148.91,149.2,148.55,149.2,958,0
2026-05-07T12:45:00+05:30,149.12,149.25,148.5,148.83,5684,0
2026-05-07T13:00:00+05:30,148.83,148.92,148.49,148.8,2137,0
2026-05-07T13:15:00+05:30,148.8,148.87,148.4,148.7,3283,0
2026-05-07T13:30:00+05:30,148.7,148.7,148.28,148.6,620,0
2026-05-07T13:45:00+05:30,148.68,148.69,148.32,148.69,686,0
2026-05-07T14:00:00+05:30,148.7,148.89,148.51,148.81,2091,0
2026-05-07T14:15:00+05:30,148.81,148.81,148.42,148.78,893,0
2026-05-07T14:30:00+05:30,148.78,148.78,148.25,148.25,1202,0
2026-05-07T14:45:00+05:30,148.55,148.88,148.21,148.82,5261,0
2026-05-07T15:00:00+05:30,148.82,148.82,147.8,148.34,14715,0
2026-05-07T15:15:00+05:30,148.4,148.86,147.1,148.77,32937,0
2026-05-08T09:15:00+05:30,147.84,147.98,146.69,147.8,9082,0
2026-05-08T09:30:00+05:30,147.75,147.75,146.8,147.44,15248,0
2026-05-08T09:45:00+05:30,147.26,149.88,147.0,149.25,16710,0
2026-05-08T10:00:00+05:30,149.01,150.57,148.8,148.8,17401,0
2026-05-08T10:15:00+05:30,148.81,150.09,148.75,149.42,15143,0
2026-05-08T10:30:00+05:30,149.48,151.25,149.48,151.25,18253,0
2026-05-08T10:45:00+05:30,151.0,151.25,150.15,150.5,10224,0
2026-05-08T11:00:00+05:30,150.27,150.48,150.0,150.0,10088,0
2026-05-08T11:15:00+05:30,150.11,150.25,149.89,150.13,3901,0
2026-05-08T11:30:00+05:30,150.13,153.99,149.5,153.29,37747,0
2026-05-08T11:45:00+05:30,152.93,155.72,152.34,155.0,135738,0
2026-05-08T12:00:00+05:30,155.19,157.0,154.45,156.0,108752,0
2026-05-08T12:15:00+05:30,156.04,156.25,154.62,154.62,41697,0
2026-05-08T12:30:00+05:30,154.62,154.79,153.13,153.56,41108,0
2026-05-08T12:45:00+05:30,153.6,154.48,153.35,154.48,15893,0
2026-05-08T13:00:00+05:30,154.17,154.5,153.4,154.27,13908,0
2026-05-08T13:15:00+05:30,154.27,154.27,153.22,153.59,10258,0
2026-05-08T13:30:00+05:30,153.76,154.37,152.42,152.52,19151,0
2026-05-08T13:45:00+05:30,152.55,153.0,151.69,151.8,14816,0
2026-05-08T14:00:00+05:30,152.07,154.25,151.84,153.64,30981,0
2026-05-08T14:15:00+05:30,153.58,154.0,152.91,153.31,19900,0
2026-05-08T14:30:00+05:30,153.38,154.5,153.25,153.51,8465,0
2026-05-08T14:45:00+05:30,153.51,154.99,153.31,153.5,26559,0
2026-05-08T15:00:00+05:30,153.26,154.9,152.62,153.65,57744,0
2026-05-08T15:15:00+05:30,153.51,154.98,153.36,154.65,61251,0
2026-05-11T09:15:00+05:30,148.61,149.7,144.64,145.41,119129,0
2026-05-11T09:30:00+05:30,145.82,146.26,145.09,145.2,72130,0
2026-05-11T09:45:00+05:30,145.39,145.45,143.81,144.19,60664,0
2026-05-11T10:00:00+05:30,144.01,144.98,143.56,144.55,50432,0
2026-05-11T10:15:00+05:30,144.74,145.14,143.65,144.23,40617,0
2026-05-11T10:30:00+05:30,144.22,145.0,144.15,144.44,18982,0
2026-05-11T10:45:00+05:30,144.66,145.0,144.46,144.9,16044,0
2026-05-11T11:00:00+05:30,144.75,144.9,144.4,144.69,19477,0
2026-05-11T11:15:00+05:30,144.73,144.96,144.55,144.85,9017,0
2026-05-11T11:30:00+05:30,144.83,145.09,144.5,144.82,10789,0
2026-05-11T11:45:00+05:30,144.99,145.39,144.54,144.54,13337,0
2026-05-11T12:00:00+05:30,144.58,144.79,144.25,144.78,4623,0
2026-05-11T12:15:00+05:30,144.72,144.85,144.38,144.61,2130,0
2026-05-11T12:30:00+05:30,144.79,145.0,144.5,144.8,12846,0
2026-05-11T12:45:00+05:30,144.8,145.28,144.2,144.3,18061,0
2026-05-11T13:00:00+05:30,144.36,144.46,144.01,144.3,3143,0
2026-05-11T13:15:00+05:30,144.25,144.46,144.05,144.27,7815,0
2026-05-11T13:30:00+05:30,144.27,144.5,144.07,144.48,10133,0
2026-05-11T13:45:00+05:30,144.46,144.5,143.5,143.53,26562,0
2026-05-11T14:00:00+05:30,143.53,144.04,143.52,143.84,17368,0
2026-05-11T14:15:00+05:30,143.84,143.98,143.58,143.7,5589,0
2026-05-11T14:30:00+05:30,143.7,143.85,143.56,143.56,8742,0
2026-05-11T14:45:00+05:30,143.71,143.83,143.31,143.5,10722,0
2026-05-11T15:00:00+05:30,143.5,143.78,142.64,142.77,23836,0
2026-05-11T15:15:00+05:30,142.8,142.99,142.65,142.98,23041,0
2026-05-12T09:15:00+05:30,140.0,141.9,136.37,137.9,132640,0
2026-05-12T09:30:00+05:30,137.6,138.5,136.25,138.22,34832,0
2026-05-12T09:45:00+05:30,138.22,138.25,137.13,137.64,8654,0
2026-05-12T10:00:00+05:30,137.35,137.94,137.15,137.94,9233,0
2026-05-12T10:15:00+05:30,137.94,138.21,137.08,137.52,13735,0
2026-05-12T10:30:00+05:30,137.39,137.72,137.08,137.52,9611,0
2026-05-12T10:45:00+05:30,137.31,137.38,136.5,136.73,11081,0
2026-05-12T11:00:00+05:30,136.73,137.17,136.5,136.52,5755,0
2026-05-12T11:15:00+05:30,136.74,137.05,136.74,136.91,3749,0
2026-05-12T11:30:00+05:30,136.99,137.01,136.52,136.97,7148,0
2026-05-12T11:45:00+05:30,136.76,136.88,136.35,136.78,7905,0
2026-05-12T12:00:00+05:30,136.84,136.84,136.25,136.34,1997,0
2026-05-12T12:15:00+05:30,136.21,136.85,136.15,136.68,2657,0
2026-05-12T12:30:00+05:30,136.68,136.68,135.51,135.9,19981,0
2026-05-12T12:45:00+05:30,135.92,136.18,135.55,135.6,7172,0
2026-05-12T13:00:00+05:30,135.6,136.08,135.5,135.89,6283,0
2026-05-12T13:15:00+05:30,135.83,136.02,135.5,135.69,3525,0
2026-05-12T13:30:00+05:30,135.69,136.0,135.4,135.5,5351,0
2026-05-12T13:45:00+05:30,135.4,136.18,135.35,135.61,4643,0
2026-05-12T14:00:00+05:30,135.88,135.88,134.55,134.72,15709,0
2026-05-12T14:15:00+05:30,134.55,135.15,134.15,134.58,23943,0
2026-05-12T14:30:00+05:30,134.51,134.51,133.46,133.83,9413,0
2026-05-12T14:45:00+05:30,133.81,134.2,133.68,133.86,12268,0
2026-05-12T15:00:00+05:30,133.82,134.8,133.11,134.03,32225,0
2026-05-12T15:15:00+05:30,134.03,136.0,133.78,135.98,27594,0
2026-05-13T09:15:00+05:30,131.25,135.23,131.25,134.5,54274,0
2026-05-13T09:30:00+05:30,134.57,134.64,132.93,134.0,10879,0
2026-05-13T09:45:00+05:30,134.34,134.57,133.0,133.97,15169,0
2026-05-13T10:00:00+05:30,133.96,134.79,133.96,134.65,10323,0
2026-05-13T10:15:00+05:30,134.65,135.24,134.42,134.9,11412,0
2026-05-13T10:30:00+05:30,134.8,135.2,134.8,135.2,7134,0
2026-05-13T10:45:00+05:30,135.2,135.76,134.5,134.62,17230,0
2026-05-13T11:00:00+05:30,134.55,136.49,134.55,136.48,15211,0
2026-05-13T11:15:00+05:30,136.48,136.88,135.61,136.0,7200,0
2026-05-13T11:30:00+05:30,135.82,136.75,135.65,136.68,6908,0
2026-05-13T11:45:00+05:30,136.66,137.29,136.34,136.93,13248,0
2026-05-13T12:00:00+05:30,137.15,137.8,136.9,137.79,2834,0
2026-05-13T12:15:00+05:30,137.79,137.79,137.21,137.55,5373,0
2026-05-13T12:30:00+05:30,137.55,137.55,136.54,137.41,14029,0
2026-05-13T12:45:00+05:30,137.42,138.48,137.0,138.18,9160,0
2026-05-13T13:00:00+05:30,138.18,138.2,137.21,137.58,7306,0
2026-05-13T13:15:00+05:30,137.58,137.58,136.81,137.16,5033,0
2026-05-13T13:30:00+05:30,137.16,137.7,137.16,137.65,1856,0
2026-05-13T13:45:00+05:30,137.51,137.51,136.0,136.51,6772,0
2026-05-13T14:00:00+05:30,136.6,137.43,136.52,137.15,6943,0
2026-05-13T14:15:00+05:30,137.24,137.39,136.71,136.87,1739,0
2026-05-13T14:30:00+05:30,137.0,137.37,136.41,136.41,3964,0
2026-05-13T14:45:00+05:30,136.62,136.68,135.71,135.89,10475,0
2026-05-13T15:00:00+05:30,135.93,135.93,134.5,134.51,28578,0
2026-05-13T15:15:00+05:30,134.86,135.1,133.3,134.8,30190,0
2026-05-14T09:15:00+05:30,135.0,135.95,134.17,134.25,33118,0
2026-05-14T09:30:00+05:30,134.59,134.69,132.01,132.22,19504,0
2026-05-14T09:45:00+05:30,132.03,132.68,131.1,131.45,11864,0
2026-05-14T10:00:00+05:30,131.45,132.26,131.25,132.16,7623,0
2026-05-14T10:15:00+05:30,132.26,132.26,131.64,131.9,5462,0
2026-05-14T10:30:00+05:30,131.9,132.26,131.78,132.04,2821,0
2026-05-14T10:45:00+05:30,132.04,132.04,131.29,131.75,9786,0
2026-05-14T11:00:00+05:30,131.94,131.96,131.43,131.69,7616,0
2026-05-14T11:15:00+05:30,131.89,132.02,131.42,131.42,2025,0
2026-05-14T11:30:00+05:30,131.42,132.1,131.42,132.0,1358,0
2026-05-14T11:45:00+05:30,132.09,132.5,131.85,132.5,5229,0
2026-05-14T12:00:00+05:30,132.5,132.7,132.3,132.5,5307,0
2026-05-14T12:15:00+05:30,132.5,133.26,132.5,133.24,5598,0
2026-05-14T12:30:00+05:30,133.06,133.47,132.84,133.15,2622,0
2026-05-14T12:45:00+05:30,133.19,133.32,133.12,133.12,2816,0
2026-05-14T13:00:00+05:30,133.18,133.32,132.8,132.87,612,0
2026-05-14T13:15:00+05:30,132.87,133.29,132.87,132.97,5495,0
2026-05-14T13:30:00+05:30,132.99,133.09,132.85,132.91,429,0
2026-05-14T13:45:00+05:30,133.0,133.1,132.82,132.82,1994,0
2026-05-14T14:00:00+05:30,133.0,133.15,132.74,132.99,5233,0
2026-05-14T14:15:00+05:30,132.72,132.98,132.61,132.9,2500,0
2026-05-14T14:30:00+05:30,132.9,133.14,132.64,132.64,2010,0
2026-05-14T14:45:00+05:30,132.64,132.67,132.2,132.52,4380,0
2026-05-14T15:00:00+05:30,132.52,132.59,132.08,132.1,3939,0
2026-05-14T15:15:00+05:30,132.17,135.0,132.11,133.12,24438,0
2026-05-15T09:15:00+05:30,133.23,133.29,130.96,131.9,29664,0
2026-05-15T09:30:00+05:30,131.78,132.06,131.16,131.92,6798,0
2026-05-15T09:45:00+05:30,132.16,132.97,131.01,132.38,32237,0
2026-05-15T10:00:00+05:30,132.38,132.39,131.41,131.49,14791,0
2026-05-15T10:15:00+05:30,131.37,131.79,131.37,131.74,4647,0
2026-05-15T10:30:00+05:30,131.68,131.71,131.04,131.56,3118,0
2026-05-15T10:45:00+05:30,131.56,132.0,131.39,131.89,14290,0
2026-05-15T11:00:00+05:30,131.88,131.88,130.59,130.59,28568,0
2026-05-15T11:15:00+05:30,130.58,130.78,129.22,130.55,17237,0
2026-05-15T11:30:00+05:30,130.56,131.3,130.46,130.77,8512,0
2026-05-15T11:45:00+05:30,130.77,130.96,130.65,130.65,226,0
2026-05-15T12:00:00+05:30,130.61,131.04,130.15,130.4,11601,0
2026-05-15T12:15:00+05:30,130.4,130.55,129.9,130.16,7679,0
2026-05-15T12:30:00+05:30,130.01,130.21,129.7,129.98,4745,0
2026-05-15T12:45:00+05:30,129.82,130.47,129.8,129.94,6128,0
2026-05-15T13:00:00+05:30,129.94,130.24,129.73,130.24,4491,0
2026-05-15T13:15:00+05:30,130.24,130.24,129.62,129.84,2241,0
2026-05-15T13:30:00+05:30,130.1,130.2,129.7,129.9,1898,0
2026-05-15T13:45:00+05:30,129.7,130.0,129.35,129.88,2889,0
2026-05-15T14:00:00+05:30,129.88,129.88,129.5,129.7,1998,0
2026-05-15T14:15:00+05:30,129.7,129.87,129.37,129.64,3576,0
2026-05-15T14:30:00+05:30,129.48,129.63,128.9,129.42,17723,0
2026-05-15T14:45:00+05:30,129.42,129.42,128.92,129.18,6515,0
2026-05-15T15:00:00+05:30,129.0,129.36,129.0,129.19,2239,0
2026-05-15T15:15:00+05:30,129.18,129.37,128.5,128.5,14608,0
2026-05-18T09:15:00+05:30,128.13,128.13,126.5,127.26,18874,0
2026-05-18T09:30:00+05:30,127.35,127.83,126.83,127.16,12583,0
2026-05-18T09:45:00+05:30,127.16,127.16,126.5,126.72,16797,0
2026-05-18T10:00:00+05:30,126.79,127.13,126.5,126.73,2308,0
2026-05-18T10:15:00+05:30,126.7,126.98,126.5,126.5,8415,0
2026-05-18T10:30:00+05:30,126.5,126.9,126.36,126.7,6411,0
2026-05-18T10:45:00+05:30,126.7,127.59,126.7,127.44,1331,0
2026-05-18T11:00:00+05:30,127.44,127.67,127.35,127.41,651,0
2026-05-18T11:15:00+05:30,127.41,127.6,127.41,127.57,1765,0
2026-05-18T11:30:00+05:30,127.6,127.83,127.59,127.83,2532,0
2026-05-18T11:45:00+05:30,127.8,127.83,127.19,127.42,2311,0
2026-05-18T12:00:00+05:30,127.42,127.5,127.11,127.26,1656,0
2026-05-18T12:15:00+05:30,127.26,127.49,127.23,127.49,619,0
2026-05-18T12:30:00+05:30,127.49,127.49,127.12,127.49,1376,0
2026-05-18T12:45:00+05:30,127.49,127.53,127.21,127.53,2152,0
2026-05-18T13:00:00+05:30,127.53,128.1,127.53,128.0,5348,0
2026-05-18T13:15:00+05:30,128.0,128.0,128.0,128.0,850,0
2026-05-18T13:30:00+05:30,128.0,128.3,128.0,128.13,1461,0
2026-05-18T13:45:00+05:30,128.3,129.01,128.02,128.89,3694,0
2026-05-18T14:00:00+05:30,128.98,129.78,128.98,129.6,6331,0
2026-05-18T14:15:00+05:30,129.6,129.99,129.16,129.47,4225,0
2026-05-18T14:30:00+05:30,129.46,130.7,129.46,130.48,7181,0
2026-05-18T14:45:00+05:30,130.6,130.73,129.7,129.76,5182,0
2026-05-18T15:00:00+05:30,129.77,132.46,129.77,132.18,15536,0
2026-05-18T15:15:00+05:30,132.38,132.77,128.0,129.05,39754,0
2026-05-19T09:15:00+05:30,129.52,130.29,128.89,130.1,19129,0
2026-05-19T09:30:00+05:30,130.05,131.47,129.4,131.08,12141,0
2026-05-19T09:45:00+05:30,131.08,131.08,130.26,130.56,4416,0
2026-05-19T10:00:00+05:30,130.31,131.25,130.23,131.25,6112,0
2026-05-19T10:15:00+05:30,130.93,131.7,130.93,131.7,2811,0
2026-05-19T10:30:00+05:30,131.7,132.5,131.49,132.48,4966,0
2026-05-19T10:45:00+05:30,132.26,132.5,130.02,131.26,20484,0
2026-05-19T11:00:00+05:30,131.19,131.22,130.7,131.0,6068,0
2026-05-19T11:15:00+05:30,131.0,131.5,130.8,131.3,5279,0
2026-05-19T11:30:00+05:30,131.29,131.59,131.09,131.59,2069,0
2026-05-19T11:45:00+05:30,131.59,131.59,131.42,131.58,1503,0
2026-05-19T12:00:00+05:30,131.51,131.55,131.3,131.3,1995,0
2026-05-19T12:15:00+05:30,131.49,131.49,130.9,131.09,3729,0
2026-05-19T12:30:00+05:30,131.09,131.32,131.09,131.29,220,0
2026-05-19T12:45:00+05:30,131.15,131.15,130.33,130.77,3976,0
2026-05-19T13:00:00+05:30,130.77,130.94,130.47,130.6,1629,0
2026-05-19T13:15:00+05:30,130.6,130.96,130.6,130.76,2874,0
2026-05-19T13:30:00+05:30,130.76,131.08,130.7,130.95,1355,0
2026-05-19T13:45:00+05:30,130.87,130.87,130.7,130.7,42,0
2026-05-19T14:00:00+05:30,130.62,130.86,130.61,130.71,212,0
2026-05-19T14:15:00+05:30,130.71,130.86,130.7,130.86,861,0
2026-05-19T14:30:00+05:30,130.86,130.94,130.45,130.94,3919,0
2026-05-19T14:45:00+05:30,130.94,130.94,130.51,130.59,1713,0
2026-05-19T15:00:00+05:30,130.59,130.76,130.14,130.35,6655,0
2026-05-19T15:15:00+05:30,130.12,130.87,128.3,129.51,22840,0
2026-05-20T09:15:00+05:30,128.82,128.87,127.8,128.87,5828,0
2026-05-20T09:30:00+05:30,128.87,129.89,128.53,128.53,12556,0
2026-05-20T09:45:00+05:30,128.53,129.0,128.53,129.0,10067,0
2026-05-20T10:00:00+05:30,129.0,129.0,128.0,128.42,5944,0
2026-05-20T10:15:00+05:30,128.42,128.56,128.32,128.43,2665,0
2026-05-20T10:30:00+05:30,128.45,128.95,128.45,128.89,1505,0
2026-05-20T10:45:00+05:30,128.88,129.19,128.84,129.19,13244,0
2026-05-20T11:00:00+05:30,129.37,129.38,129.0,129.0,476,0
2026-05-20T11:15:00+05:30,128.96,129.24,128.82,129.0,1288,0
2026-05-20T11:30:00+05:30,129.28,129.81,129.15,129.69,6597,0
2026-05-20T11:45:00+05:30,129.69,130.95,129.4,130.33,28248,0
2026-05-20T12:00:00+05:30,130.05,130.27,129.71,129.71,2207,0
2026-05-20T12:15:00+05:30,129.71,129.99,129.65,129.65,929,0
2026-05-20T12:30:00+05:30,129.51,129.87,129.5,129.54,1531,0
2026-05-20T12:45:00+05:30,129.54,129.75,129.44,129.44,793,0
2026-05-20T13:00:00+05:30,129.53,129.84,129.42,129.7,1393,0
2026-05-20T13:15:00+05:30,129.7,129.7,129.11,129.24,2333,0
2026-05-20T13:30:00+05:30,129.27,129.99,129.27,129.71,4310,0
2026-05-20T13:45:00+05:30,129.74,130.3,129.72,130.27,4373,0
2026-05-20T14:00:00+05:30,130.3,130.58,130.25,130.25,1636,0
2026-05-20T14:15:00+05:30,130.25,131.21,130.11,130.88,9117,0
2026-05-20T14:30:00+05:30,130.73,130.74,130.41,130.59,440,0
2026-05-20T14:45:00+05:30,130.41,130.6,130.0,130.5,3424,0
2026-05-20T15:00:00+05:30,130.5,130.57,130.0,130.3,4232,0
2026-05-20T15:15:00+05:30,130.32,131.0,130.22,131.0,10468,0
2026-05-21T09:15:00+05:30,131.0,132.47,131.0,131.75,15414,0
2026-05-21T09:30:00+05:30,131.9,132.07,131.22,131.89,4473,0
2026-05-21T09:45:00+05:30,131.87,132.44,131.79,131.99,4716,0
2026-05-21T10:00:00+05:30,131.99,132.27,131.6,132.11,1740,0
2026-05-21T10:15:00+05:30,132.11,132.25,131.8,132.25,13400,0
2026-05-21T10:30:00+05:30,132.25,132.25,131.51,131.88,7362,0
2026-05-21T10:45:00+05:30,131.73,132.28,131.72,131.9,3999,0
2026-05-21T11:00:00+05:30,131.9,132.27,131.87,131.92,2835,0
2026-05-21T11:15:00+05:30,131.92,131.92,131.51,131.7,2547,0
2026-05-21T11:30:00+05:30,131.7,132.39,131.55,131.98,3543,0
2026-05-21T11:45:00+05:30,131.8,134.0,131.74,133.1,26954,0
2026-05-21T12:00:00+05:30,132.96,133.56,132.96,133.0,2553,0
2026-05-21T12:15:00+05:30,133.0,133.24,132.53,132.78,3248,0
2026-05-21T12:30:00+05:30,132.78,132.78,132.0,132.0,3884,0
2026-05-21T12:45:00+05:30,132.0,132.19,131.82,131.82,731,0
2026-05-21T13:00:00+05:30,131.82,132.38,131.82,131.95,1686,0
2026-05-21T13:15:00+05:30,131.95,132.5,131.95,132.08,3425,0
2026-05-21T13:30:00+05:30,132.08,133.98,132.08,133.14,14512,0
2026-05-21T13:45:00+05:30,133.14,133.18,132.72,133.18,1199,0
2026-05-21T14:00:00+05:30,133.18,133.99,133.01,133.24,5007,0
2026-05-21T14:15:00+05:30,133.03,133.1,132.83,133.04,1284,0
2026-05-21T14:30:00+05:30,133.04,133.33,132.81,133.0,781,0
2026-05-21T14:45:00+05:30,133.0,133.48,133.0,133.25,2027,0
2026-05-21T15:00:00+05:30,133.4,134.1,133.2,134.0,12054,0
2026-05-21T15:15:00+05:30,134.2,134.29,133.2,133.5,17004,0
2026-05-22T09:15:00+05:30,133.25,134.79,133.18,133.8,7180,0
2026-05-22T09:30:00+05:30,133.8,134.31,133.65,133.94,4204,0
2026-05-22T09:45:00+05:30,133.94,134.0,133.61,133.98,1507,0
2026-05-22T10:00:00+05:30,133.92,134.4,133.41,134.3,6488,0
2026-05-22T10:15:00+05:30,134.3,135.88,134.12,135.14,7861,0
2026-05-22T10:30:00+05:30,135.45,135.45,134.73,134.81,4955,0
2026-05-22T10:45:00+05:30,135.1,135.5,134.75,134.75,2456,0
2026-05-22T11:00:00+05:30,134.75,135.2,134.41,135.13,6134,0
2026-05-22T11:15:00+05:30,135.13,135.2,134.81,134.91,2474,0
2026-05-22T11:30:00+05:30,134.92,135.15,134.92,134.94,3350,0
2026-05-22T11:45:00+05:30,135.14,135.27,135.02,135.24,687,0
2026-05-22T12:00:00+05:30,135.24,135.27,134.89,135.27,1650,0
2026-05-22T12:15:00+05:30,135.27,135.5,134.96,134.96,3705,0
2026-05-22T12:30:00+05:30,134.96,134.96,134.71,134.82,275,0
2026-05-22T12:45:00+05:30,134.83,135.17,134.63,135.16,1642,0
2026-05-22T13:00:00+05:30,135.11,135.11,134.7,134.78,2528,0
2026-05-22T13:15:00+05:30,134.78,135.13,134.78,135.0,269,0
2026-05-22T13:30:00+05:30,135.0,136.0,134.94,135.54,7608,0
2026-05-22T13:45:00+05:30,135.54,136.0,135.45,135.55,5179,0
2026-05-22T14:00:00+05:30,135.55,136.47,135.51,135.86,6549,0
2026-05-22T14:15:00+05:30,135.91,136.38,135.63,136.0,3442,0
2026-05-22T14:30:00+05:30,136.0,136.0,135.58,135.8,3477,0
2026-05-22T14:45:00+05:30,135.8,135.89,134.89,135.5,11309,0
2026-05-22T15:00:00+05:30,135.31,135.58,134.13,134.6,15727,0
2026-05-22T15:15:00+05:30,134.6,134.62,134.0,134.0,10729,0
2026-05-25T09:15:00+05:30,135.0,137.8,135.0,135.56,25428,0
2026-05-25T09:30:00+05:30,135.63,136.0,135.36,135.9,3787,0
2026-05-25T09:45:00+05:30,135.9,136.29,135.53,136.29,7380,0
2026-05-25T10:00:00+05:30,136.29,136.35,135.71,135.94,4901,0
2026-05-25T10:15:00+05:30,135.96,136.26,135.82,136.18,4696,0
2026-05-25T10:30:00+05:30,136.25,136.5,136.05,136.49,4160,0
2026-05-25T10:45:00+05:30,136.48,136.49,136.09,136.41,3403,0
2026-05-25T11:00:00+05:30,136.19,136.37,136.04,136.32,3790,0
2026-05-25T11:15:00+05:30,136.32,136.68,136.31,136.4,5277,0
2026-05-25T11:30:00+05:30,136.4,136.8,136.03,136.65,9733,0
2026-05-25T11:45:00+05:30,136.65,136.65,136.18,136.28,976,0
2026-05-25T12:00:00+05:30,136.28,136.28,135.6,135.6,2985,0
2026-05-25T12:15:00+05:30,135.82,135.89,135.3,135.55,4842,0
2026-05-25T12:30:00+05:30,135.55,135.71,135.3,135.71,1379,0
2026-05-25T12:45:00+05:30,135.71,135.71,135.08,135.35,4634,0
2026-05-25T13:00:00+05:30,135.11,135.46,135.1,135.22,576,0
2026-05-25T13:15:00+05:30,135.22,135.9,135.22,135.75,3275,0
2026-05-25T13:30:00+05:30,135.69,136.0,135.62,136.0,3096,0
2026-05-25T13:45:00+05:30,135.83,136.44,135.83,136.12,1085,0
2026-05-25T14:00:00+05:30,136.12,136.42,135.95,135.97,1894,0
2026-05-25T14:15:00+05:30,135.97,136.35,135.97,136.15,1486,0
2026-05-25T14:30:00+05:30,136.33,136.35,136.11,136.31,1425,0
2026-05-25T14:45:00+05:30,136.17,136.59,136.01,136.32,3915,0
2026-05-25T15:00:00+05:30,136.5,136.56,135.35,135.6,10963,0
2026-05-25T15:15:00+05:30,136.16,136.29,135.8,136.29,17263,0
2026-05-26T09:15:00+05:30,136.0,138.01,135.53,136.61,15359,0
2026-05-26T09:30:00+05:30,136.88,139.48,136.61,138.93,29066,0
2026-05-26T09:45:00+05:30,138.96,139.81,138.7,139.0,18675,0
2026-05-26T10:00:00+05:30,138.81,140.5,138.7,140.47,25749,0
2026-05-26T10:15:00+05:30,140.12,141.05,140.1,140.18,20997,0
2026-05-26T10:30:00+05:30,140.13,140.4,138.91,139.26,28934,0
2026-05-26T10:45:00+05:30,139.26,139.55,139.15,139.47,1557,0
2026-05-26T11:00:00+05:30,139.47,139.55,139.16,139.16,3618,0
2026-05-26T11:15:00+05:30,139.16,139.26,138.75,138.93,624,0
2026-05-26T11:30:00+05:30,138.93,140.0,138.58,139.6,10918,0
2026-05-26T11:45:00+05:30,139.6,140.0,139.5,139.9,4125,0
2026-05-26T12:00:00+05:30,139.9,139.9,139.22,139.6,1069,0
2026-05-26T12:15:00+05:30,139.51,139.53,139.12,139.4,1693,0
2026-05-26T12:30:00+05:30,139.39,139.4,139.0,139.0,2220,0
2026-05-26T12:45:00+05:30,139.0,139.0,138.51,138.79,1718,0
2026-05-26T13:00:00+05:30,138.79,138.89,138.62,138.89,222,0
2026-05-26T13:15:00+05:30,138.89,139.18,138.81,139.11,1333,0
2026-05-26T13:30:00+05:30,139.11,139.19,138.99,139.19,1035,0
2026-05-26T13:45:00+05:30,139.19,139.2,138.64,138.65,692,0
2026-05-26T14:00:00+05:30,138.65,138.65,138.14,138.15,4448,0
2026-05-26T14:15:00+05:30,138.3,138.5,138.3,138.49,2290,0
2026-05-26T14:30:00+05:30,138.49,138.5,138.25,138.25,606,0
2026-05-26T14:45:00+05:30,138.3,138.5,138.2,138.5,2256,0
2026-05-26T15:00:00+05:30,138.5,138.5,138.15,138.28,4432,0
2026-05-26T15:15:00+05:30,138.28,139.9,138.14,139.81,12187,0
2026-05-27T09:15:00+05:30,139.82,140.8,138.81,139.0,23820,0
2026-05-27T09:30:00+05:30,139.0,139.78,138.0,139.62,14992,0
2026-05-27T09:45:00+05:30,139.4,139.4,137.07,138.26,19141,0
2026-05-27T10:00:00+05:30,138.3,138.74,137.13,138.34,6399,0
2026-05-27T10:15:00+05:30,138.34,138.88,138.31,138.84,2133,0
2026-05-27T10:30:00+05:30,138.84,138.9,138.0,138.08,4461,0
2026-05-27T10:45:00+05:30,138.02,138.65,138.0,138.64,4006,0
2026-05-27T11:00:00+05:30,138.45,138.6,138.06,138.56,4799,0
2026-05-27T11:15:00+05:30,138.26,138.58,137.27,137.71,10102,0
2026-05-27T11:30:00+05:30,137.22,138.02,137.16,137.84,7288,0
2026-05-27T11:45:00+05:30,137.4,137.97,137.08,137.12,4750,0
2026-05-27T12:00:00+05:30,137.12,137.3,136.55,136.6,5093,0
2026-05-27T12:15:00+05:30,136.6,137.18,136.6,137.11,3929,0
2026-05-27T12:30:00+05:30,136.91,137.23,136.62,137.23,4608,0
2026-05-27T12:45:00+05:30,137.23,137.47,137.17,137.17,1339,0
2026-05-27T13:00:00+05:30,137.17,137.64,136.1,136.88,9990,0
2026-05-27T13:15:00+05:30,136.53,136.84,136.12,136.69,3368,0
2026-05-27T13:30:00+05:30,136.67,137.2,136.5,137.0,5766,0
2026-05-27T13:45:00+05:30,137.0,137.5,136.77,137.5,5909,0
2026-05-27T14:00:00+05:30,137.1,137.48,137.03,137.11,3668,0
2026-05-27T14:15:00+05:30,137.06,137.4,136.81,136.81,3296,0
2026-05-27T14:30:00+05:30,136.81,137.22,136.72,137.0,1272,0
2026-05-27T14:45:00+05:30,137.24,138.4,137.0,138.37,8586,0
2026-05-27T15:00:00+05:30,137.93,138.15,137.5,137.55,16387,0
2026-05-27T15:15:00+05:30,137.53,139.9,137.5,138.15,40190,0
2026-05-29T09:15:00+05:30,153.39,162.6,146.3,160.29,1772043,0
2026-05-29T09:30:00+05:30,160.76,163.21,159.5,161.9,935037,0
2026-05-29T09:45:00+05:30,161.91,162.27,159.0,160.38,418248,0
2026-05-29T10:00:00+05:30,160.41,162.38,160.24,161.95,269759,0
2026-05-29T10:15:00+05:30,161.95,162.49,161.1,161.26,161454,0
2026-05-29T10:30:00+05:30,161.26,165.0,160.8,163.61,632289,0
2026-05-29T10:45:00+05:30,163.61,164.7,163.6,164.23,237239,0
2026-05-29T11:00:00+05:30,164.24,165.49,162.88,163.38,1372052,0
2026-05-29T11:15:00+05:30,163.38,164.7,163.16,164.6,179534,0
2026-05-29T11:30:00+05:30,164.5,165.49,164.48,165.49,213519,0
2026-05-29T11:45:00+05:30,165.49,165.49,165.49,165.49,12450,0
2026-05-29T12:00:00+05:30,165.49,165.49,165.49,165.49,24021,0
2026-05-29T12:15:00+05:30,165.49,165.49,165.49,165.49,13949,0
2026-05-29T12:30:00+05:30,165.49,165.49,165.49,165.49,9890,0
2026-05-29T12:45:00+05:30,165.49,165.49,165.49,165.49,8407,0
2026-05-29T13:00:00+05:30,165.49,165.49,165.49,165.49,7810,0
2026-05-29T13:15:00+05:30,165.49,165.49,165.49,165.49,2996,0
2026-05-29T13:30:00+05:30,165.49,165.49,165.49,165.49,4830,0
2026-05-29T13:45:00+05:30,165.49,165.49,165.49,165.49,1132,0
2026-05-29T14:00:00+05:30,165.49,165.49,165.49,165.49,4224,0
2026-05-29T14:15:00+05:30,165.49,165.49,165.49,165.49,1985,0
2026-05-29T14:30:00+05:30,165.49,165.49,165.49,165.49,4223,0
2026-05-29T14:45:00+05:30,165.49,165.49,165.49,165.49,1315,0
2026-05-29T15:00:00+05:30,165.49,165.49,165.49,165.49,5934,0
2026-05-29T15:15:00+05:30,165.49,165.49,165.49,165.49,7865,0
2026-06-01T09:15:00+05:30,177.99,178.58,170.0,173.49,1579434,0
2026-06-01T09:30:00+05:30,173.49,173.9,168.03,169.67,605853,0
2026-06-01T09:45:00+05:30,169.79,171.3,166.4,167.49,284330,0
2026-06-01T10:00:00+05:30,167.49,171.04,166.01,169.99,235351,0
2026-06-01T10:15:00+05:30,169.99,170.0,168.25,168.91,86688,0
2026-06-01T10:30:00+05:30,168.99,169.55,168.35,169.0,46838,0
2026-06-01T10:45:00+05:30,169.1,170.39,168.77,169.74,62285,0
2026-06-01T11:00:00+05:30,169.64,172.55,169.06,169.28,200942,0
2026-06-01T11:15:00+05:30,169.28,169.28,167.01,167.64,142286,0
2026-06-01T11:30:00+05:30,167.64,167.79,167.03,167.68,18147,0
2026-06-01T11:45:00+05:30,167.57,169.49,167.45,168.91,64869,0
2026-06-01T12:00:00+05:30,168.9,171.74,168.6,170.91,97729,0
2026-06-01T12:15:00+05:30,171.09,173.35,169.13,169.6,265683,0
2026-06-01T12:30:00+05:30,169.74,170.0,169.0,169.79,106199,0
2026-06-01T12:45:00+05:30,169.53,170.37,168.06,170.19,38889,0
2026-06-01T13:00:00+05:30,169.86,171.0,169.05,170.86,57873,0
2026-06-01T13:15:00+05:30,170.8,173.7,170.27,171.7,190415,0
2026-06-01T13:30:00+05:30,171.7,172.9,171.29,171.86,59497,0
2026-06-01T13:45:00+05:30,171.94,172.2,171.04,171.05,25819,0
2026-06-01T14:00:00+05:30,171.04,171.85,170.03,170.88,68248,0
2026-06-01T14:15:00+05:30,170.7,171.39,170.03,170.58,45573,0
2026-06-01T14:30:00+05:30,170.75,173.5,170.36,173.49,165014,0
2026-06-01T14:45:00+05:30,173.4,174.9,171.32,171.78,354871,0
2026-06-01T15:00:00+05:30,172.0,173.8,171.46,172.47,326646,0
2026-06-01T15:15:00+05:30,172.48,176.25,171.5,174.8,376394,0
2026-06-02T09:15:00+05:30,171.99,183.0,170.1,181.85,644929,0
2026-06-02T09:30:00+05:30,181.7,189.0,180.94,186.84,817686,0
2026-06-02T09:45:00+05:30,187.0,187.89,181.08,184.19,624948,0
2026-06-02T10:00:00+05:30,184.0,184.3,180.3,180.45,154645,0
2026-06-02T10:15:00+05:30,180.45,181.48,179.1,180.11,160397,0
2026-06-02T10:30:00+05:30,180.11,180.6,178.42,179.82,95665,0
2026-06-02T10:45:00+05:30,179.82,180.99,179.0,179.44,65109,0
2026-06-02T11:00:00+05:30,179.44,184.96,179.43,182.29,291041,0
2026-06-02T11:15:00+05:30,182.31,182.4,181.18,181.35,60420,0
2026-06-02T11:30:00+05:30,181.47,182.0,180.01,180.16,59059,0
2026-06-02T11:45:00+05:30,180.16,180.55,179.3,179.4,47165,0
2026-06-02T12:00:00+05:30,179.49,180.0,178.22,178.97,58838,0
2026-06-02T12:15:00+05:30,178.64,179.59,178.41,178.62,36194,0
2026-06-02T12:30:00+05:30,178.88,179.22,178.01,178.97,27146,0
2026-06-02T12:45:00+05:30,178.92,181.08,178.92,180.8,26831,0
2026-06-02T13:00:00+05:30,180.79,181.9,179.59,180.34,54718,0
2026-06-02T13:15:00+05:30,180.42,180.9,179.19,179.83,42769,0
2026-06-02T13:30:00+05:30,180.2,180.83,179.5,179.88,13284,0
2026-06-02T13:45:00+05:30,179.91,180.83,179.76,180.43,13383,0
2026-06-02T14:00:00+05:30,180.76,182.0,180.01,180.72,43004,0
2026-06-02T14:15:00+05:30,180.85,181.45,180.42,181.26,18456,0
2026-06-02T14:30:00+05:30,181.01,181.45,179.55,180.18,28516,0
2026-06-02T14:45:00+05:30,179.86,180.59,179.03,180.25,41509,0
2026-06-02T15:00:00+05:30,180.0,180.0,176.29,178.02,165003,0
2026-06-02T15:15:00+05:30,178.0,181.94,177.74,179.5,253072,0
2026-06-03T09:15:00+05:30,178.84,183.59,176.02,183.0,153463,0
2026-06-03T09:30:00+05:30,183.0,183.51,179.0,180.93,129965,0
2026-06-03T09:45:00+05:30,180.88,181.0,178.61,179.5,51588,0
2026-06-03T10:00:00+05:30,179.54,179.8,178.0,178.0,24152,0
2026-06-03T10:15:00+05:30,178.48,179.59,178.09,179.1,10999,0
2026-06-03T10:30:00+05:30,179.32,179.45,178.0,178.01,20825,0
2026-06-03T10:45:00+05:30,178.01,178.36,177.0,178.0,34196,0
2026-06-03T11:00:00+05:30,178.1,178.68,176.1,176.96,34188,0
2026-06-03T11:15:00+05:30,176.96,177.5,175.7,176.51,20193,0
2026-06-03T11:30:00+05:30,176.25,176.87,176.0,176.32,8399,0
2026-06-03T11:45:00+05:30,176.3,176.34,175.38,175.75,16479,0
2026-06-03T12:00:00+05:30,175.75,175.75,175.0,175.41,21247,0
2026-06-03T12:15:00+05:30,175.42,175.69,175.06,175.3,6391,0
2026-06-03T12:30:00+05:30,175.3,178.0,175.3,177.0,28096,0
2026-06-03T12:45:00+05:30,177.0,177.4,176.23,177.0,8766,0
2026-06-03T13:00:00+05:30,176.99,177.0,176.28,176.62,2347,0
2026-06-03T13:15:00+05:30,176.62,177.34,176.62,177.15,4983,0
2026-06-03T13:30:00+05:30,177.15,177.23,174.85,175.46,27220,0
2026-06-03T13:45:00+05:30,175.46,176.92,175.0,176.25,15862,0
2026-06-03T14:00:00+05:30,176.25,177.77,176.12,177.45,15500,0
2026-06-03T14:15:00+05:30,177.45,177.89,176.6,176.92,10931,0
2026-06-03T14:30:00+05:30,176.96,177.34,176.42,177.12,3288,0
2026-06-03T14:45:00+05:30,177.1,177.9,176.57,176.68,20328,0
2026-06-03T15:00:00+05:30,176.96,177.44,176.0,176.53,25725,0
2026-06-03T15:15:00+05:30,176.54,179.25,176.21,178.5,74811,0
2026-06-04T09:15:00+05:30,177.49,179.06,175.35,176.72,53763,0
2026-06-04T09:30:00+05:30,176.74,177.0,175.52,176.49,14415,0
2026-06-04T09:45:00+05:30,176.8,177.85,175.51,177.0,23476,0
2026-06-04T10:00:00+05:30,177.2,178.1,176.16,177.5,16859,0
2026-06-04T10:15:00+05:30,177.13,178.7,176.69,177.42,9307,0
2026-06-04T10:30:00+05:30,177.42,177.75,175.61,177.55,16894,0
2026-06-04T10:45:00+05:30,177.12,177.86,176.68,177.24,3039,0
2026-06-04T11:00:00+05:30,177.24,177.49,174.5,175.56,24498,0
2026-06-04T11:15:00+05:30,175.56,175.79,174.51,174.98,14174,0
2026-06-04T11:30:00+05:30,174.78,177.2,174.2,176.68,16655,0
2026-06-04T11:45:00+05:30,176.68,176.68,175.81,176.45,3546,0
2026-06-04T12:00:00+05:30,176.49,177.9,176.3,177.59,14545,0
2026-06-04T12:15:00+05:30,177.55,177.55,176.51,176.83,2705,0
2026-06-04T12:30:00+05:30,176.83,176.83,176.1,176.39,5275,0
2026-06-04T12:45:00+05:30,176.23,176.45,176.0,176.13,6467,0
2026-06-04T13:00:00+05:30,176.13,176.45,175.82,176.0,4971,0
2026-06-04T13:15:00+05:30,176.0,177.97,176.0,177.56,24717,0
2026-06-04T13:30:00+05:30,177.23,177.34,176.0,176.5,7868,0
2026-06-04T13:45:00+05:30,176.55,177.23,176.44,176.45,4815,0
2026-06-04T14:00:00+05:30,176.66,177.99,175.21,177.99,17393,0
2026-06-04T14:15:00+05:30,177.44,177.69,176.03,176.99,10404,0
2026-06-04T14:30:00+05:30,176.99,177.48,175.38,176.56,8095,0
2026-06-04T14:45:00+05:30,176.56,176.89,176.16,176.52,6600,0
2026-06-04T15:00:00+05:30,176.82,176.82,175.43,175.88,27657,0
2026-06-04T15:15:00+05:30,175.9,176.03,174.51,174.85,31795,0
2026-06-05T09:15:00+05:30,176.0,176.95,171.55,171.99,58489,0
2026-06-05T09:30:00+05:30,171.99,172.0,169.1,170.4,48823,0
2026-06-05T09:45:00+05:30,170.4,170.72,167.0,168.85,62418,0
2026-06-05T10:00:00+05:30,168.83,169.91,167.0,169.13,36080,0
2026-06-05T10:15:00+05:30,169.18,169.39,163.01,165.59,121962,0
2026-06-05T10:30:00+05:30,165.54,166.0,165.1,165.55,36343,0
2026-06-05T10:45:00+05:30,165.54,167.39,165.35,166.84,21419,0
2026-06-05T11:00:00+05:30,166.58,169.25,166.54,167.82,20479,0
2026-06-05T11:15:00+05:30,167.93,168.04,166.5,167.11,10410,0
2026-06-05T11:30:00+05:30,167.19,169.12,166.87,167.84,15815,0
2026-06-05T11:45:00+05:30,167.6,168.67,167.27,167.78,14046,0
2026-06-05T12:00:00+05:30,167.79,168.9,167.5,168.11,10549,0
2026-06-05T12:15:00+05:30,167.85,168.26,166.79,168.13,6912,0
2026-06-05T12:30:00+05:30,168.12,168.17,167.6,167.87,2754,0
2026-06-05T12:45:00+05:30,167.87,168.1,167.63,167.71,2079,0
2026-06-05T13:00:00+05:30,167.71,167.95,167.2,167.44,5964,0
2026-06-05T13:15:00+05:30,167.45,167.95,167.13,167.39,2216,0
2026-06-05T13:30:00+05:30,167.18,167.31,166.77,166.8,2389,0
2026-06-05T13:45:00+05:30,167.04,167.47,166.56,167.25,3918,0
2026-06-05T14:00:00+05:30,167.17,167.72,167.1,167.1,2697,0
2026-06-05T14:15:00+05:30,167.4,167.9,167.1,167.8,6776,0
2026-06-05T14:30:00+05:30,167.77,168.39,167.58,168.26,7184,0
2026-06-05T14:45:00+05:30,168.38,168.85,166.55,167.05,23824,0
2026-06-05T15:00:00+05:30,167.38,168.0,166.85,167.46,29789,0
2026-06-05T15:15:00+05:30,167.51,167.6,167.0,167.5,28615,0
2026-06-08T09:15:00+05:30,167.16,167.16,163.0,164.86,54778,0
2026-06-08T09:30:00+05:30,164.61,164.81,163.15,163.7,17374,0
2026-06-08T09:45:00+05:30,163.69,164.47,163.4,164.43,7311,0
2026-06-08T10:00:00+05:30,164.37,172.49,164.0,172.49,57366,0
2026-06-08T10:15:00+05:30,172.39,174.1,170.66,171.03,49589,0
2026-06-08T10:30:00+05:30,171.03,172.01,170.51,171.32,16297,0
2026-06-08T10:45:00+05:30,171.77,171.88,169.0,169.6,16256,0
2026-06-08T11:00:00+05:30,169.95,170.07,168.18,168.51,8292,0
2026-06-08T11:15:00+05:30,168.52,168.77,168.1,168.55,1893,0
2026-06-08T11:30:00+05:30,168.14,168.72,167.55,167.9,6759,0
2026-06-08T11:45:00+05:30,168.03,168.2,166.39,166.95,4393,0
2026-06-08T12:00:00+05:30,166.94,167.33,166.75,167.33,1095,0
2026-06-08T12:15:00+05:30,167.33,167.33,166.53,167.27,2678,0
2026-06-08T12:30:00+05:30,166.63,167.13,166.46,167.07,1594,0
2026-06-08T12:45:00+05:30,167.19,167.5,166.75,167.21,1436,0
2026-06-08T13:00:00+05:30,167.21,167.5,166.56,166.61,5824,0
2026-06-08T13:15:00+05:30,166.61,167.38,166.32,166.5,3221,0
2026-06-08T13:30:00+05:30,166.33,166.54,166.1,166.13,2674,0
2026-06-08T13:45:00+05:30,166.06,166.5,165.5,165.9,4665,0
2026-06-08T14:00:00+05:30,165.99,166.65,165.66,166.02,3301,0
2026-06-08T14:15:00+05:30,166.02,166.02,164.5,164.94,11502,0
2026-06-08T14:30:00+05:30,164.89,165.65,162.65,164.31,24777,0
2026-06-08T14:45:00+05:30,164.31,164.72,164.13,164.72,1062,0
2026-06-08T15:00:00+05:30,164.53,164.53,162.1,163.21,21779,0
2026-06-08T15:15:00+05:30,163.2,163.5,162.0,163.5,18358,0
2026-06-09T09:15:00+05:30,165.78,167.44,164.26,166.0,30606,0
2026-06-09T09:30:00+05:30,165.88,168.87,165.59,167.48,26285,0
2026-06-09T09:45:00+05:30,167.18,168.99,167.05,167.92,24851,0
2026-06-09T10:00:00+05:30,167.9,169.31,167.05,167.7,30517,0
2026-06-09T10:15:00+05:30,167.89,170.0,167.7,168.0,49656,0
2026-06-09T10:30:00+05:30,168.09,168.5,167.5,167.53,13722,0
2026-06-09T10:45:00+05:30,167.53,168.21,167.5,167.88,5247,0
2026-06-09T11:00:00+05:30,167.88,167.91,167.56,167.65,9843,0
2026-06-09T11:15:00+05:30,167.65,168.6,167.58,168.22,12180,0
2026-06-09T11:30:00+05:30,168.22,168.71,167.64,168.38,3548,0
2026-06-09T11:45:00+05:30,168.38,168.79,168.02,168.79,3215,0
2026-06-09T12:00:00+05:30,168.79,168.79,167.82,167.85,2378,0
2026-06-09T12:15:00+05:30,168.12,168.4,167.73,168.16,3478,0
2026-06-09T12:30:00+05:30,168.42,168.79,168.0,168.23,2030,0
2026-06-09T12:45:00+05:30,168.23,168.57,168.07,168.07,760,0
2026-06-09T13:00:00+05:30,168.25,168.65,168.07,168.59,10487,0
2026-06-09T13:15:00+05:30,168.59,168.95,168.25,168.25,3077,0
2026-06-09T13:30:00+05:30,168.35,168.75,168.07,168.33,2357,0
2026-06-09T13:45:00+05:30,168.63,169.99,168.07,169.88,20313,0
2026-06-09T14:00:00+05:30,169.88,169.93,168.9,168.9,9825,0
2026-06-09T14:15:00+05:30,168.91,168.94,168.04,168.19,4520,0
2026-06-09T14:30:00+05:30,168.6,168.87,168.04,168.5,7907,0
2026-06-09T14:45:00+05:30,168.79,170.0,168.22,170.0,19345,0
2026-06-09T15:00:00+05:30,169.64,169.64,168.74,169.35,18669,0
2026-06-09T15:15:00+05:30,169.36,171.0,168.97,170.4,29370,0
2026-06-10T09:15:00+05:30,169.5,172.7,169.0,172.26,46380,0
2026-06-10T09:30:00+05:30,172.27,172.95,172.0,172.5,16170,0
2026-06-10T09:45:00+05:30,172.5,175.7,172.2,174.44,66302,0
2026-06-10T10:00:00+05:30,174.44,174.75,173.56,173.66,20566,0
2026-06-10T10:15:00+05:30,173.66,174.35,173.5,173.96,20206,0
2026-06-10T10:30:00+05:30,174.12,174.8,173.85,174.16,14784,0
2026-06-10T10:45:00+05:30,174.26,174.26,172.4,172.73,13743,0
2026-06-10T11:00:00+05:30,172.71,173.03,172.4,172.87,1971,0
2026-06-10T11:15:00+05:30,172.84,173.6,172.82,173.2,5099,0
2026-06-10T11:30:00+05:30,173.49,174.0,173.2,173.71,7465,0
2026-06-10T11:45:00+05:30,173.71,174.9,172.65,173.14,12750,0
2026-06-10T12:00:00+05:30,173.13,173.74,172.5,172.65,9566,0
2026-06-10T12:15:00+05:30,172.65,173.6,172.65,173.03,3595,0
2026-06-10T12:30:00+05:30,173.03,173.57,172.75,172.75,5921,0
2026-06-10T12:45:00+05:30,172.75,173.2,171.78,172.31,6906,0
2026-06-10T13:00:00+05:30,172.31,173.03,172.31,172.9,1089,0
2026-06-10T13:15:00+05:30,172.9,172.9,170.48,171.59,22064,0
2026-06-10T13:30:00+05:30,171.3,171.3,169.43,169.75,9988,0
2026-06-10T13:45:00+05:30,170.07,170.25,170.0,170.0,1584,0
2026-06-10T14:00:00+05:30,169.72,171.45,169.5,169.79,9252,0
2026-06-10T14:15:00+05:30,170.03,170.42,169.57,170.42,1831,0
2026-06-10T14:30:00+05:30,170.0,170.16,169.5,170.02,4180,0
2026-06-10T14:45:00+05:30,170.04,170.74,168.3,170.09,53428,0
2026-06-10T15:00:00+05:30,170.62,170.93,168.61,168.61,13903,0
2026-06-10T15:15:00+05:30,168.6,169.0,165.0,165.0,67285,0
2026-06-11T09:15:00+05:30,166.5,171.36,165.0,168.18,33245,0
2026-06-11T09:30:00+05:30,168.26,168.36,167.13,167.44,2234,0
2026-06-11T09:45:00+05:30,167.32,168.05,166.5,166.62,8909,0
2026-06-11T10:00:00+05:30,166.35,167.09,166.3,166.6,5607,0
2026-06-11T10:15:00+05:30,166.6,167.25,166.6,166.81,1202,0
2026-06-11T10:30:00+05:30,166.81,167.2,166.37,166.37,1907,0
2026-06-11T10:45:00+05:30,166.4,166.62,165.0,165.21,8003,0
2026-06-11T11:00:00+05:30,165.21,165.69,165.14,165.34,3725,0
2026-06-11T11:15:00+05:30,165.29,165.89,165.15,165.75,1932,0
2026-06-11T11:30:00+05:30,165.76,166.22,165.67,165.77,8614,0
2026-06-11T11:45:00+05:30,165.77,166.0,165.5,165.51,3724,0
2026-06-11T12:00:00+05:30,165.51,165.92,165.38,165.72,7130,0
2026-06-11T12:15:00+05:30,165.84,166.11,165.03,165.03,5496,0
2026-06-11T12:30:00+05:30,165.03,165.64,165.03,165.2,1056,0
2026-06-11T12:45:00+05:30,165.2,165.31,164.95,165.08,2521,0
2026-06-11T13:00:00+05:30,165.08,165.17,164.8,164.8,6261,0
2026-06-11T13:15:00+05:30,164.8,165.03,164.65,165.03,6481,0
2026-06-11T13:30:00+05:30,165.12,165.29,164.52,164.87,3260,0
2026-06-11T13:45:00+05:30,164.85,165.11,164.71,164.71,2011,0
2026-06-11T14:00:00+05:30,164.71,165.28,164.67,164.67,11492,0
2026-06-11T14:15:00+05:30,164.67,165.85,164.67,165.85,1983,0
2026-06-11T14:30:00+05:30,165.85,166.0,165.35,165.35,1893,0
2026-06-11T14:45:00+05:30,165.18,166.55,165.0,165.0,17892,0
2026-06-11T15:00:00+05:30,165.44,166.79,165.0,165.91,14946,0
2026-06-11T15:15:00+05:30,165.9,167.3,165.5,167.23,20789,0
2026-06-12T09:15:00+05:30,168.0,174.0,168.0,172.19,97286,0
2026-06-12T09:30:00+05:30,172.19,172.46,171.0,171.0,15751,0
2026-06-12T09:45:00+05:30,171.03,171.33,169.86,170.11,16476,0
2026-06-12T10:00:00+05:30,170.09,178.3,169.25,177.2,167057,0
2026-06-12T10:15:00+05:30,176.84,181.99,176.84,179.98,353509,0
2026-06-12T10:30:00+05:30,179.96,180.0,178.2,179.02,100484,0
2026-06-12T10:45:00+05:30,179.01,181.95,179.0,179.55,199444,0
2026-06-12T11:00:00+05:30,179.31,179.64,178.25,178.8,62430,0
2026-06-12T11:15:00+05:30,179.0,184.81,178.58,183.97,177885,0
2026-06-12T11:30:00+05:30,183.97,184.19,181.9,184.0,155147,0
2026-06-12T11:45:00+05:30,183.96,188.65,183.64,186.03,721954,0
2026-06-12T12:00:00+05:30,186.07,189.5,185.66,188.83,382486,0
2026-06-12T12:15:00+05:30,188.66,188.72,183.15,185.36,403362,0
2026-06-12T12:30:00+05:30,185.5,185.65,182.49,183.63,288814,0
2026-06-12T12:45:00+05:30,183.46,184.4,182.3,183.0,118461,0
2026-06-12T13:00:00+05:30,183.27,183.65,182.08,182.5,108402,0
2026-06-12T13:15:00+05:30,182.3,184.84,182.05,184.7,129230,0
2026-06-12T13:30:00+05:30,184.5,185.3,183.42,184.2,108591,0
2026-06-12T13:45:00+05:30,184.2,185.5,183.48,184.47,83608,0
2026-06-12T14:00:00+05:30,184.47,185.04,183.0,183.96,74445,0
2026-06-12T14:15:00+05:30,183.96,183.98,181.5,183.18,119127,0
2026-06-12T14:30:00+05:30,183.2,184.5,183.03,183.66,59221,0
2026-06-12T14:45:00+05:30,183.64,184.0,182.5,182.68,64935,0
2026-06-12T15:00:00+05:30,182.66,183.94,182.3,183.48,103931,0
2026-06-12T15:15:00+05:30,183.5,184.98,182.72,183.88,237632,0
2026-06-15T09:15:00+05:30,186.0,188.7,182.81,184.91,167449,0
2026-06-15T09:30:00+05:30,185.1,188.3,185.0,187.6,122233,0
2026-06-15T09:45:00+05:30,187.37,192.02,186.86,191.23,274579,0
2026-06-15T10:00:00+05:30,191.44,192.0,186.84,188.12,159749,0
2026-06-15T10:15:00+05:30,188.05,188.44,187.1,187.51,29551,0
2026-06-15T10:30:00+05:30,187.51,188.04,186.2,187.47,24419,0
2026-06-15T10:45:00+05:30,187.51,189.5,187.08,189.49,27952,0
2026-06-15T11:00:00+05:30,189.26,190.0,187.68,188.09,37975,0
2026-06-15T11:15:00+05:30,188.09,188.98,187.97,188.43,11897,0
2026-06-15T11:30:00+05:30,188.41,188.46,187.5,187.97,10028,0
2026-06-15T11:45:00+05:30,187.97,191.3,187.61,191.19,71785,0
2026-06-15T12:00:00+05:30,191.2,191.3,187.62,188.32,41726,0
2026-06-15T12:15:00+05:30,188.59,188.7,188.02,188.26,7094,0
2026-06-15T12:30:00+05:30,188.26,189.85,188.26,189.21,11473,0
2026-06-15T12:45:00+05:30,189.28,189.28,188.5,189.19,17098,0
2026-06-15T13:00:00+05:30,188.97,190.53,188.97,190.33,46435,0
2026-06-15T13:15:00+05:30,190.19,190.33,189.22,189.86,9963,0
2026-06-15T13:30:00+05:30,189.61,189.98,189.05,189.12,8691,0
2026-06-15T13:45:00+05:30,189.09,189.94,189.05,189.54,15356,0
2026-06-15T14:00:00+05:30,189.58,190.7,189.56,190.4,22096,0
2026-06-15T14:15:00+05:30,190.4,190.4,188.05,189.41,31264,0
2026-06-15T14:30:00+05:30,189.68,190.5,188.48,189.35,34926,0
2026-06-15T14:45:00+05:30,189.35,189.75,189.12,189.6,8644,0
2026-06-15T15:00:00+05:30,189.3,189.73,187.0,188.0,63089,0
2026-06-15T15:15:00+05:30,188.33,188.43,186.76,187.22,77290,0
2026-06-16T09:15:00+05:30,188.38,195.67,187.9,193.43,274649,0
2026-06-16T09:30:00+05:30,193.2,193.73,190.22,191.59,79671,0
2026-06-16T09:45:00+05:30,191.93,192.99,189.81,190.4,73483,0
2026-06-16T10:00:00+05:30,190.4,191.0,189.4,189.62,40202,0
2026-06-16T10:15:00+05:30,189.54,191.64,189.54,190.59,17922,0
2026-06-16T10:30:00+05:30,190.59,190.63,189.61,189.73,6506,0
2026-06-16T10:45:00+05:30,189.97,190.7,189.1,190.01,21116,0
2026-06-16T11:00:00+05:30,190.04,190.04,188.46,188.98,28233,0
2026-06-16T11:15:00+05:30,189.0,193.0,188.82,192.46,33853,0
2026-06-16T11:30:00+05:30,192.39,195.97,192.01,193.51,268574,0
2026-06-16T11:45:00+05:30,193.51,196.4,193.47,194.8,115514,0
2026-06-16T12:00:00+05:30,194.8,197.51,194.8,196.59,141552,0
2026-06-16T12:15:00+05:30,196.4,196.53,195.01,195.57,38505,0
2026-06-16T12:30:00+05:30,195.53,197.0,195.09,195.52,32036,0
2026-06-16T12:45:00+05:30,195.54,195.9,195.13,195.45,17389,0
2026-06-16T13:00:00+05:30,195.45,196.74,195.43,196.33,35847,0
2026-06-16T13:15:00+05:30,196.33,196.9,195.51,196.54,40265,0
2026-06-16T13:30:00+05:30,196.6,196.74,196.03,196.21,15315,0
2026-06-16T13:45:00+05:30,196.3,196.8,195.78,196.02,28976,0
2026-06-16T14:00:00+05:30,196.03,196.34,195.6,196.12,13563,0
2026-06-16T14:15:00+05:30,195.78,196.0,195.56,195.8,10588,0
2026-06-16T14:30:00+05:30,195.77,195.92,194.8,195.92,30209,0
2026-06-16T14:45:00+05:30,195.91,196.49,195.16,196.42,28256,0
2026-06-16T15:00:00+05:30,196.44,196.73,195.58,195.85,72313,0
2026-06-16T15:15:00+05:30,195.9,196.06,195.0,195.32,67578,0
2026-06-17T09:15:00+05:30,196.7,200.7,195.11,199.63,229218,0
2026-06-17T09:30:00+05:30,199.86,201.5,198.33,198.5,157394,0
2026-06-17T09:45:00+05:30,198.55,198.86,197.65,198.09,34834,0
2026-06-17T10:00:00+05:30,198.33,198.75,197.12,197.91,29843,0
2026-06-17T10:15:00+05:30,197.8,198.14,196.51,196.68,34328,0
2026-06-17T10:30:00+05:30,197.02,197.15,196.5,196.61,13339,0
2026-06-17T10:45:00+05:30,196.81,196.81,195.51,195.79,29738,0
2026-06-17T11:00:00+05:30,195.78,195.95,195.37,195.78,8950,0
2026-06-17T11:15:00+05:30,195.78,196.94,195.54,195.87,27837,0
2026-06-17T11:30:00+05:30,195.87,196.76,195.87,196.36,13583,0
2026-06-17T11:45:00+05:30,196.21,196.91,195.9,196.35,8550,0
2026-06-17T12:00:00+05:30,196.25,196.33,195.91,196.0,2990,0
2026-06-17T12:15:00+05:30,196.0,196.0,195.25,195.54,9508,0
2026-06-17T12:30:00+05:30,195.54,195.9,195.11,195.57,6278,0
2026-06-17T12:45:00+05:30,195.53,195.87,195.0,195.1,14874,0
2026-06-17T13:00:00+05:30,195.12,195.98,195.0,195.29,12010,0
2026-06-17T13:15:00+05:30,195.39,196.39,195.29,196.37,9175,0
2026-06-17T13:30:00+05:30,196.36,196.62,195.89,196.02,6513,0
2026-06-17T13:45:00+05:30,196.17,196.32,195.32,195.32,3961,0
2026-06-17T14:00:00+05:30,195.53,195.88,195.3,195.69,3648,0
2026-06-17T14:15:00+05:30,195.61,196.58,195.47,195.75,11046,0
2026-06-17T14:30:00+05:30,195.75,196.75,195.7,196.15,10912,0
2026-06-17T14:45:00+05:30,196.15,196.62,195.77,196.38,13010,0
2026-06-17T15:00:00+05:30,196.32,196.47,194.0,194.99,62712,0
2026-06-17T15:15:00+05:30,194.98,195.11,192.99,194.0,85324,0
2026-06-18T09:15:00+05:30,195.0,195.99,192.1,192.83,79838,0
2026-06-18T09:30:00+05:30,192.83,193.5,192.15,193.19,16456,0
2026-06-18T09:45:00+05:30,193.51,194.0,192.38,193.43,17815,0
2026-06-18T10:00:00+05:30,193.43,193.49,192.45,192.81,8643,0
2026-06-18T10:15:00+05:30,192.52,192.52,191.6,191.71,22247,0
2026-06-18T10:30:00+05:30,191.68,192.0,190.02,190.35,36381,0
2026-06-18T10:45:00+05:30,190.39,191.48,189.67,190.2,32849,0
2026-06-18T11:00:00+05:30,190.16,190.55,189.51,189.92,16436,0
2026-06-18T11:15:00+05:30,189.92,190.16,189.25,190.06,8547,0
2026-06-18T11:30:00+05:30,190.3,190.66,189.79,189.84,5016,0
2026-06-18T11:45:00+05:30,190.08,190.31,189.53,189.88,8482,0
2026-06-18T12:00:00+05:30,189.9,189.9,189.2,189.48,7461,0
2026-06-18T12:15:00+05:30,189.44,189.97,189.28,189.95,3414,0
2026-06-18T12:30:00+05:30,189.94,191.06,189.79,190.01,8099,0
2026-06-18T12:45:00+05:30,190.05,191.08,189.92,190.63,3639,0
2026-06-18T13:00:00+05:30,190.45,190.53,190.08,190.4,4071,0
2026-06-18T13:15:00+05:30,190.33,190.5,190.19,190.36,2526,0
2026-06-18T13:30:00+05:30,190.36,193.06,190.36,192.0,31656,0
2026-06-18T13:45:00+05:30,191.85,191.85,191.26,191.26,3644,0
2026-06-18T14:00:00+05:30,191.39,191.39,190.5,190.58,2237,0
2026-06-18T14:15:00+05:30,190.58,190.95,190.21,190.53,2473,0
2026-06-18T14:30:00+05:30,190.52,190.8,190.0,190.3,13946,0
2026-06-18T14:45:00+05:30,190.31,190.52,189.28,190.25,7587,0
2026-06-18T15:00:00+05:30,190.3,190.8,189.43,189.8,24163,0
2026-06-18T15:15:00+05:30,189.8,190.0,189.01,189.24,47731,0
2026-06-19T09:15:00+05:30,189.4,194.84,189.4,191.51,77301,0
2026-06-19T09:30:00+05:30,191.54,192.64,189.2,190.32,35173,0
2026-06-19T09:45:00+05:30,190.36,191.63,188.31,190.73,36331,0
2026-06-19T10:00:00+05:30,190.96,191.0,190.26,190.34,7765,0
2026-06-19T10:15:00+05:30,190.72,191.6,190.46,191.36,8175,0
2026-06-19T10:30:00+05:30,191.36,192.0,191.33,191.33,18669,0
2026-06-19T10:45:00+05:30,191.5,191.73,190.34,190.64,7196,0
2026-06-19T11:00:00+05:30,190.9,191.14,190.0,190.02,7770,0
2026-06-19T11:15:00+05:30,190.02,190.9,190.02,190.16,3557,0
2026-06-19T11:30:00+05:30,190.51,191.9,190.03,190.4,9707,0
2026-06-19T11:45:00+05:30,190.4,191.9,190.04,191.12,7420,0
2026-06-19T12:00:00+05:30,191.36,191.75,190.96,190.97,875,0
2026-06-19T12:15:00+05:30,190.97,191.18,190.05,190.64,3489,0
2026-06-19T12:30:00+05:30,190.51,191.0,190.25,190.5,6232,0
2026-06-19T12:45:00+05:30,190.29,190.77,189.7,190.0,16052,0
2026-06-19T13:00:00+05:30,189.8,189.99,188.67,188.92,8845,0
2026-06-19T13:15:00+05:30,188.93,189.45,188.92,189.0,1168,0
2026-06-19T13:30:00+05:30,189.23,189.72,189.13,189.5,632,0
2026-06-19T13:45:00+05:30,189.57,189.8,189.03,189.3,4048,0
2026-06-19T14:00:00+05:30,189.3,189.66,189.08,189.66,2544,0
2026-06-19T14:15:00+05:30,189.44,189.66,188.0,188.44,17058,0
2026-06-19T14:30:00+05:30,188.45,188.6,187.93,188.0,17877,0
2026-06-19T14:45:00+05:30,188.16,188.75,187.2,187.71,6599,0
2026-06-19T15:00:00+05:30,187.69,189.83,187.2,189.5,21248,0
2026-06-19T15:15:00+05:30,189.31,189.99,188.15,188.65,34502,0
2026-06-22T09:15:00+05:30,188.88,190.01,187.1,187.43,27420,0
2026-06-22T09:30:00+05:30,187.67,188.05,186.35,186.44,23056,0
2026-06-22T09:45:00+05:30,186.71,187.1,186.44,186.85,7930,0
2026-06-22T10:00:00+05:30,186.85,189.8,186.4,189.01,15473,0
2026-06-22T10:15:00+05:30,189.06,189.06,187.59,188.06,7228,0
2026-06-22T10:30:00+05:30,188.06,188.1,187.55,187.57,2156,0
2026-06-22T10:45:00+05:30,187.95,188.18,187.67,187.93,1518,0
2026-06-22T11:00:00+05:30,187.93,187.93,186.61,186.7,9266,0
2026-06-22T11:15:00+05:30,186.92,187.38,186.92,187.34,3452,0
2026-06-22T11:30:00+05:30,187.4,187.4,186.92,186.92,3425,0
2026-06-22T11:45:00+05:30,186.92,187.27,186.66,186.99,2882,0
2026-06-22T12:00:00+05:30,186.67,187.0,186.67,187.0,571,0
2026-06-22T12:15:00+05:30,187.0,187.0,186.0,186.32,6101,0
2026-06-22T12:30:00+05:30,186.52,186.98,186.18,186.68,2059,0
2026-06-22T12:45:00+05:30,186.68,191.99,186.18,190.09,58378,0
2026-06-22T13:00:00+05:30,190.45,190.78,189.0,189.64,21550,0
2026-06-22T13:15:00+05:30,189.82,190.99,189.82,190.45,6177,0
2026-06-22T13:30:00+05:30,190.45,191.99,190.1,191.1,14445,0
2026-06-22T13:45:00+05:30,191.1,192.0,191.0,191.27,13132,0
2026-06-22T14:00:00+05:30,191.27,192.55,191.27,192.5,14265,0
2026-06-22T14:15:00+05:30,192.55,192.98,191.57,191.76,15210,0
2026-06-22T14:30:00+05:30,191.61,192.3,190.51,191.28,12706,0
2026-06-22T14:45:00+05:30,191.29,191.29,189.85,190.5,9201,0
2026-06-22T15:00:00+05:30,190.5,192.3,190.5,191.25,8788,0
2026-06-22T15:15:00+05:30,191.06,192.55,190.9,191.0,29223,0
2026-06-23T09:15:00+05:30,191.58,192.15,189.36,189.86,24645,0
2026-06-23T09:30:00+05:30,189.81,190.76,189.74,190.67,6455,0
2026-06-23T09:45:00+05:30,190.1,190.96,189.89,190.2,7609,0
2026-06-23T10:00:00+05:30,190.61,195.35,190.37,193.45,74843,0
2026-06-23T10:15:00+05:30,193.62,193.77,191.0,191.5,14767,0
2026-06-23T10:30:00+05:30,191.5,192.71,191.21,191.42,8989,0
2026-06-23T10:45:00+05:30,191.31,191.31,189.5,190.1,19591,0
2026-06-23T11:00:00+05:30,190.3,190.99,190.18,190.78,4865,0
2026-06-23T11:15:00+05:30,190.47,190.79,190.1,190.11,4082,0
2026-06-23T11:30:00+05:30,190.41,190.48,188.6,188.72,20370,0
2026-06-23T11:45:00+05:30,188.7,188.7,187.07,187.79,16279,0
2026-06-23T12:00:00+05:30,187.79,187.8,186.3,187.11,10199,0
2026-06-23T12:15:00+05:30,187.12,187.58,187.11,187.22,3633,0
2026-06-23T12:30:00+05:30,187.52,187.52,187.14,187.39,1871,0
2026-06-23T12:45:00+05:30,187.39,187.39,186.37,186.8,3528,0
2026-06-23T13:00:00+05:30,186.8,187.3,186.55,186.84,2591,0
2026-06-23T13:15:00+05:30,186.8,187.43,186.61,187.25,4577,0
2026-06-23T13:30:00+05:30,187.25,187.99,186.9,187.46,4811,0
2026-06-23T13:45:00+05:30,187.45,188.0,186.85,187.54,5364,0
2026-06-23T14:00:00+05:30,187.55,188.99,187.53,188.99,6607,0
2026-06-23T14:15:00+05:30,188.99,190.77,187.81,189.89,12832,0
2026-06-23T14:30:00+05:30,189.92,190.9,189.23,190.09,11883,0
2026-06-23T14:45:00+05:30,190.51,192.0,190.51,191.09,17592,0
2026-06-23T15:00:00+05:30,191.09,191.18,189.5,190.2,15894,0
2026-06-23T15:15:00+05:30,190.33,190.6,189.15,189.5,18933,0
2026-06-24T09:15:00+05:30,191.0,191.45,188.04,189.28,16244,0
2026-06-24T09:30:00+05:30,188.9,189.99,188.28,188.56,12976,0
2026-06-24T09:45:00+05:30,188.45,188.82,186.6,186.99,23028,0
2026-06-24T10:00:00+05:30,186.99,187.3,186.3,186.31,23353,0
2026-06-24T10:15:00+05:30,186.68,186.7,184.15,185.63,25713,0
2026-06-24T10:30:00+05:30,185.73,186.11,185.15,185.84,5116,0
2026-06-24T10:45:00+05:30,185.97,186.49,185.97,186.24,1363,0
2026-06-24T11:00:00+05:30,186.09,187.29,186.09,186.8,10165,0
2026-06-24T11:15:00+05:30,186.77,186.92,186.52,186.76,3880,0
2026-06-24T11:30:00+05:30,186.6,186.92,186.11,186.66,4806,0
2026-06-24T11:45:00+05:30,186.66,187.1,186.41,186.99,2859,0
2026-06-24T12:00:00+05:30,186.99,187.91,186.82,187.31,38213,0
2026-06-24T12:15:00+05:30,187.31,187.46,187.0,187.28,3277,0
2026-06-24T12:30:00+05:30,187.25,187.42,187.0,187.4,2359,0
2026-06-24T12:45:00+05:30,187.4,188.25,187.04,188.0,6835,0
2026-06-24T13:00:00+05:30,188.0,188.18,187.7,188.12,2596,0
2026-06-24T13:15:00+05:30,188.11,189.2,187.83,189.2,11643,0
2026-06-24T13:30:00+05:30,188.77,190.0,188.12,188.57,13923,0
2026-06-24T13:45:00+05:30,188.83,188.93,187.0,188.76,10707,0
2026-06-24T14:00:00+05:30,188.25,188.87,188.03,188.68,1055,0
2026-06-24T14:15:00+05:30,188.57,189.17,188.31,188.79,57201,0
2026-06-24T14:30:00+05:30,188.85,188.89,188.0,188.41,3764,0
2026-06-24T14:45:00+05:30,188.41,189.75,188.12,188.74,8170,0
2026-06-24T15:00:00+05:30,188.74,189.95,188.33,189.33,8532,0
2026-06-24T15:15:00+05:30,189.13,190.0,189.11,189.6,26091,0
2026-06-25T09:15:00+05:30,188.8,191.0,188.4,188.82,20628,0
2026-06-25T09:30:00+05:30,188.82,188.91,187.21,187.74,12367,0
2026-06-25T09:45:00+05:30,187.35,187.76,185.8,186.26,33463,0
2026-06-25T10:00:00+05:30,186.23,186.92,186.1,186.54,4151,0
2026-06-25T10:15:00+05:30,186.44,186.78,186.12,186.29,2465,0
2026-06-25T10:30:00+05:30,186.58,187.04,186.13,186.65,3338,0
2026-06-25T10:45:00+05:30,186.65,187.04,186.26,186.72,2027,0
2026-06-25T11:00:00+05:30,186.72,186.72,186.1,186.14,4577,0
2026-06-25T11:15:00+05:30,186.48,188.28,186.15,186.5,9235,0
2026-06-25T11:30:00+05:30,186.5,187.77,186.25,186.9,2180,0
2026-06-25T11:45:00+05:30,187.58,187.92,186.1,186.94,2882,0
2026-06-25T12:00:00+05:30,186.94,187.13,186.38,186.7,487,0
2026-06-25T12:15:00+05:30,186.78,186.78,186.1,186.1,1688,0
2026-06-25T12:30:00+05:30,186.15,186.6,186.0,186.22,14083,0
2026-06-25T12:45:00+05:30,186.22,186.22,185.14,185.57,5311,0
2026-06-25T13:00:00+05:30,185.9,186.0,185.33,185.5,2142,0
2026-06-25T13:15:00+05:30,185.5,188.0,185.5,186.22,12729,0
2026-06-25T13:30:00+05:30,186.2,186.71,185.91,185.91,2021,0
2026-06-25T13:45:00+05:30,185.94,186.69,185.81,185.81,2138,0
2026-06-25T14:00:00+05:30,185.81,185.9,185.5,185.88,918,0
2026-06-25T14:15:00+05:30,185.88,185.88,185.0,185.01,11347,0
2026-06-25T14:30:00+05:30,185.38,186.07,185.0,185.18,6061,0
2026-06-25T14:45:00+05:30,185.47,185.47,184.02,184.99,11832,0
2026-06-25T15:00:00+05:30,184.89,186.01,184.89,185.21,9111,0
2026-06-25T15:15:00+05:30,185.21,187.0,185.15,186.0,25081,0
2026-06-29T09:15:00+05:30,185.65,186.49,184.61,185.5,8586,0
2026-06-29T09:30:00+05:30,185.5,188.12,185.0,187.22,19904,0
2026-06-29T09:45:00+05:30,187.2,194.78,187.0,193.52,86353,0
2026-06-29T10:00:00+05:30,193.52,194.0,192.29,193.33,52274,0
2026-06-29T10:15:00+05:30,193.3,194.0,192.0,193.16,33671,0
2026-06-29T10:30:00+05:30,193.38,193.65,192.0,192.26,31482,0
2026-06-29T10:45:00+05:30,192.03,192.43,190.51,191.06,22878,0
2026-06-29T11:00:00+05:30,191.34,191.4,190.27,191.19,10010,0
2026-06-29T11:15:00+05:30,191.19,191.71,190.35,190.38,3433,0
2026-06-29T11:30:00+05:30,190.38,190.97,190.37,190.97,5195,0
2026-06-29T11:45:00+05:30,190.83,190.83,188.52,189.65,26616,0
2026-06-29T12:00:00+05:30,189.6,190.01,188.79,189.33,6462,0
2026-06-29T12:15:00+05:30,189.6,189.62,189.0,189.0,5617,0
2026-06-29T12:30:00+05:30,188.7,188.7,187.0,187.6,18307,0
2026-06-29T12:45:00+05:30,187.88,188.68,187.75,188.68,2079,0
2026-06-29T13:00:00+05:30,188.59,188.74,188.05,188.4,7384,0
2026-06-29T13:15:00+05:30,188.4,188.56,187.51,188.43,9275,0
2026-06-29T13:30:00+05:30,188.16,189.0,188.16,188.77,7426,0
2026-06-29T13:45:00+05:30,188.77,189.0,187.85,188.22,6314,0
2026-06-29T14:00:00+05:30,188.3,188.63,188.0,188.6,3048,0
2026-06-29T14:15:00+05:30,188.6,188.79,188.51,188.7,446,0
2026-06-29T14:30:00+05:30,189.06,189.99,189.06,189.25,2804,0
2026-06-29T14:45:00+05:30,189.25,189.54,189.0,189.0,2896,0
2026-06-29T15:00:00+05:30,189.31,190.7,187.67,189.79,21078,0
2026-06-29T15:15:00+05:30,189.78,190.8,188.05,190.2,29301,0
2026-06-30T09:15:00+05:30,188.24,193.67,188.0,193.2,142471,0
2026-06-30T09:30:00+05:30,193.0,193.0,191.3,192.6,52667,0
2026-06-30T09:45:00+05:30,192.6,192.72,191.0,191.65,31524,0
2026-06-30T10:00:00+05:30,191.93,192.28,191.65,191.77,5859,0
2026-06-30T10:15:00+05:30,191.66,195.72,191.52,194.32,115971,0
2026-06-30T10:30:00+05:30,194.32,197.0,193.54,195.54,87886,0
2026-06-30T10:45:00+05:30,195.59,196.0,193.01,194.6,53858,0
2026-06-30T11:00:00+05:30,194.6,195.63,194.6,195.39,14732,0
2026-06-30T11:15:00+05:30,195.5,196.35,194.0,194.3,50916,0
2026-06-30T11:30:00+05:30,194.3,194.5,193.5,194.11,22527,0
2026-06-30T11:45:00+05:30,194.15,196.0,193.07,196.0,19771,0
2026-06-30T12:00:00+05:30,196.0,199.0,196.0,196.48,174292,0
2026-06-30T12:15:00+05:30,196.44,197.19,196.1,196.54,29053,0
2026-06-30T12:30:00+05:30,196.29,196.69,195.5,196.09,17491,0
2026-06-30T12:45:00+05:30,196.09,198.56,195.91,198.0,46722,0
2026-06-30T13:00:00+05:30,198.27,199.0,196.32,197.0,71246,0
2026-06-30T13:15:00+05:30,196.99,197.99,196.75,197.02,24608,0
2026-06-30T13:30:00+05:30,197.02,197.43,196.33,196.75,9277,0
2026-06-30T13:45:00+05:30,196.76,197.09,196.12,196.5,9595,0
2026-06-30T14:00:00+05:30,196.59,197.1,196.31,196.76,11474,0
2026-06-30T14:15:00+05:30,196.53,197.85,195.51,197.0,32594,0
2026-06-30T14:30:00+05:30,196.97,197.0,195.51,196.37,12063,0
2026-06-30T14:45:00+05:30,196.15,196.51,195.1,195.26,18111,0
2026-06-30T15:00:00+05:30,195.23,195.81,195.0,195.6,22186,0
2026-06-30T15:15:00+05:30,195.6,195.95,194.1,194.9,57165,0
2026-07-01T09:15:00+05:30,195.12,198.03,195.12,196.84,43253,0
2026-07-01T09:30:00+05:30,196.8,197.55,196.14,197.43,22006,0
2026-07-01T09:45:00+05:30,197.08,202.5,197.08,200.15,162444,0
2026-07-01T10:00:00+05:30,200.4,200.4,198.15,198.44,61184,0
2026-07-01T10:15:00+05:30,198.8,198.8,195.0,195.15,60571,0
2026-07-01T10:30:00+05:30,195.26,195.8,193.85,194.2,40579,0
2026-07-01T10:45:00+05:30,194.43,194.75,193.55,193.55,10875,0
2026-07-01T11:00:00+05:30,193.61,195.4,192.74,195.4,19285,0
2026-07-01T11:15:00+05:30,195.4,197.0,193.81,193.94,26170,0
2026-07-01T11:30:00+05:30,193.99,194.69,193.86,194.41,7406,0
2026-07-01T11:45:00+05:30,194.41,194.73,190.8,192.24,41210,0
2026-07-01T12:00:00+05:30,192.17,192.38,190.06,192.0,33328,0
2026-07-01T12:15:00+05:30,191.82,192.0,191.0,191.16,10167,0
2026-07-01T12:30:00+05:30,191.16,191.6,191.0,191.22,3906,0
2026-07-01T12:45:00+05:30,191.51,192.04,191.24,191.65,7895,0
2026-07-01T13:00:00+05:30,191.76,191.99,191.1,191.63,4072,0
2026-07-01T13:15:00+05:30,191.65,192.15,191.5,191.5,6818,0
2026-07-01T13:30:00+05:30,191.5,192.19,191.26,191.9,3885,0
2026-07-01T13:45:00+05:30,191.87,191.9,190.5,191.14,8718,0
2026-07-01T14:00:00+05:30,190.86,191.2,190.4,190.7,3720,0
2026-07-01T14:15:00+05:30,190.56,191.13,190.5,190.82,4891,0
2026-07-01T14:30:00+05:30,190.8,191.38,190.45,190.75,4827,0
2026-07-01T14:45:00+05:30,190.5,191.5,190.45,191.5,7603,0
2026-07-01T15:00:00+05:30,191.58,192.49,190.65,191.25,32851,0
2026-07-01T15:15:00+05:30,191.14,192.09,190.4,191.05,31996,0
2026-07-02T09:15:00+05:30,192.8,192.8,190.1,190.72,26713,0
2026-07-02T09:30:00+05:30,190.96,191.0,188.54,190.17,25259,0
2026-07-02T09:45:00+05:30,190.0,193.88,190.0,192.7,17407,0
2026-07-02T10:00:00+05:30,192.65,192.89,190.41,192.74,10142,0
2026-07-02T10:15:00+05:30,192.16,192.86,191.26,192.09,6493,0
2026-07-02T10:30:00+05:30,192.49,192.49,191.4,191.98,4891,0
2026-07-02T10:45:00+05:30,191.63,191.98,191.15,191.29,3117,0
2026-07-02T11:00:00+05:30,191.29,191.98,191.0,191.58,7411,0
2026-07-02T11:15:00+05:30,191.91,191.96,191.01,191.38,3452,0
2026-07-02T11:30:00+05:30,191.05,191.4,190.1,190.1,7296,0
2026-07-02T11:45:00+05:30,190.2,191.5,190.2,191.05,2389,0
2026-07-02T12:00:00+05:30,191.38,192.38,191.38,192.35,5752,0
2026-07-02T12:15:00+05:30,192.34,192.5,191.65,191.85,8668,0
2026-07-02T12:30:00+05:30,191.75,192.23,191.1,191.38,7343,0
2026-07-02T12:45:00+05:30,191.38,192.22,191.0,191.0,10614,0
2026-07-02T13:00:00+05:30,191.0,191.98,190.8,191.15,2973,0
2026-07-02T13:15:00+05:30,191.43,191.88,191.12,191.58,3308,0
2026-07-02T13:30:00+05:30,191.58,191.96,191.27,191.27,1766,0
2026-07-02T13:45:00+05:30,191.27,192.0,191.14,191.7,2075,0
2026-07-02T14:00:00+05:30,191.91,191.99,191.59,191.61,2762,0
2026-07-02T14:15:00+05:30,191.61,193.48,191.61,191.7,16722,0
2026-07-02T14:30:00+05:30,191.94,192.21,191.37,191.83,5265,0
2026-07-02T14:45:00+05:30,191.61,191.98,190.1,190.27,16320,0
2026-07-02T15:00:00+05:30,190.69,192.69,190.23,191.79,11849,0
2026-07-02T15:15:00+05:30,191.79,192.6,190.25,191.55,20646,0
2026-07-03T09:15:00+05:30,192.8,194.44,192.03,192.31,20478,0
2026-07-03T09:30:00+05:30,192.48,192.48,190.24,190.77,7563,0
2026-07-03T09:45:00+05:30,191.0,192.85,190.81,192.85,4547,0
2026-07-03T10:00:00+05:30,192.53,192.8,192.24,192.8,3213,0
2026-07-03T10:15:00+05:30,192.8,194.7,192.55,193.35,14225,0
2026-07-03T10:30:00+05:30,194.32,194.8,193.18,193.79,6193,0
2026-07-03T10:45:00+05:30,193.44,193.93,193.05,193.05,3112,0
2026-07-03T11:00:00+05:30,193.07,193.52,192.77,193.2,6934,0
2026-07-03T11:15:00+05:30,192.82,193.25,192.3,192.3,4035,0
2026-07-03T11:30:00+05:30,192.3,192.5,192.01,192.02,2937,0
2026-07-03T11:45:00+05:30,192.02,192.65,192.02,192.28,2482,0
2026-07-03T12:00:00+05:30,192.28,193.0,192.28,192.57,3463,0
2026-07-03T12:15:00+05:30,192.47,192.67,192.04,192.1,6974,0
2026-07-03T12:30:00+05:30,192.29,192.64,190.55,192.0,17623,0
2026-07-03T12:45:00+05:30,192.0,192.9,191.71,192.46,2233,0
2026-07-03T13:00:00+05:30,192.46,192.46,191.44,191.52,3449,0
2026-07-03T13:15:00+05:30,191.97,192.45,191.63,192.45,1301,0
2026-07-03T13:30:00+05:30,192.45,192.45,191.92,192.19,4536,0
2026-07-03T13:45:00+05:30,192.0,192.81,192.0,192.81,1404,0
2026-07-03T14:00:00+05:30,192.72,192.88,192.08,192.58,1793,0
2026-07-03T14:15:00+05:30,192.58,192.59,192.0,192.0,768,0
2026-07-03T14:30:00+05:30,192.0,192.69,192.0,192.68,3506,0
2026-07-03T14:45:00+05:30,192.68,192.9,192.28,192.41,3756,0
2026-07-03T15:00:00+05:30,192.39,193.25,192.28,192.79,15108,0
2026-07-03T15:15:00+05:30,192.57,193.25,191.81,193.0,20988,0
2026-07-06T09:15:00+05:30,194.8,195.47,190.05,191.0,34708,0
2026-07-06T09:30:00+05:30,191.0,191.99,189.34,190.89,13073,0
2026-07-06T09:45:00+05:30,190.78,190.89,190.05,190.46,3585,0
2026-07-06T10:00:00+05:30,190.46,191.16,190.12,191.0,4670,0
2026-07-06T10:15:00+05:30,191.0,191.49,190.2,190.52,5948,0
2026-07-06T10:30:00+05:30,190.4,191.5,190.12,190.92,4857,0
2026-07-06T10:45:00+05:30,191.0,191.91,190.93,191.55,4962,0
2026-07-06T11:00:00+05:30,191.55,191.92,191.41,191.87,10953,0
2026-07-06T11:15:00+05:30,191.87,191.87,191.55,191.85,2795,0
2026-07-06T11:30:00+05:30,191.55,191.55,190.05,190.05,5317,0
2026-07-06T11:45:00+05:30,190.05,192.49,190.03,192.03,10304,0
2026-07-06T12:00:00+05:30,192.14,192.49,190.15,190.67,12177,0
2026-07-06T12:15:00+05:30,190.67,190.98,190.6,190.61,471,0
2026-07-06T12:30:00+05:30,190.92,191.0,190.5,190.58,1646,0
2026-07-06T12:45:00+05:30,190.57,190.57,190.12,190.12,2304,0
2026-07-06T13:00:00+05:30,190.12,190.12,187.75,188.85,32511,0
2026-07-06T13:15:00+05:30,188.45,188.8,188.05,188.79,2827,0
2026-07-06T13:30:00+05:30,188.79,189.0,188.19,188.61,3671,0
2026-07-06T13:45:00+05:30,188.61,188.61,188.02,188.4,801,0
2026-07-06T14:00:00+05:30,188.4,189.0,188.01,188.87,6961,0
2026-07-06T14:15:00+05:30,188.87,189.0,188.32,188.61,2275,0
2026-07-06T14:30:00+05:30,188.56,189.0,188.45,189.0,1759,0
2026-07-06T14:45:00+05:30,189.0,190.0,188.68,189.52,3987,0
2026-07-06T15:00:00+05:30,189.9,189.9,187.71,188.15,18185,0
2026-07-06T15:15:00+05:30,188.45,188.85,187.15,187.5,20430,0
2026-07-07T09:15:00+05:30,190.0,197.89,188.58,196.39,175173,0
2026-07-07T09:30:00+05:30,196.25,200.88,195.26,200.32,142794,0
2026-07-07T09:45:00+05:30,200.55,203.08,196.87,200.2,429056,0
2026-07-07T10:00:00+05:30,200.19,200.32,198.57,199.5,115928,0
2026-07-07T10:15:00+05:30,199.51,202.1,199.0,199.14,142958,0
2026-07-07T10:30:00+05:30,199.15,201.87,199.09,200.84,77765,0
2026-07-07T10:45:00+05:30,200.84,201.11,199.55,200.01,45309,0
2026-07-07T11:00:00+05:30,200.19,200.9,200.0,200.79,47590,0
2026-07-07T11:15:00+05:30,200.71,200.88,198.3,199.21,86420,0
2026-07-07T11:30:00+05:30,199.38,200.51,199.1,200.43,33156,0
2026-07-07T11:45:00+05:30,200.23,201.0,199.54,199.89,19382,0
2026-07-07T12:00:00+05:30,199.88,199.9,199.12,199.37,17285,0
2026-07-07T12:15:00+05:30,199.36,200.28,199.01,199.93,18278,0
2026-07-07T12:30:00+05:30,199.93,200.51,199.28,199.93,35319,0
2026-07-07T12:45:00+05:30,200.0,200.9,199.78,200.9,50225,0
2026-07-07T13:00:00+05:30,200.9,204.9,200.25,204.5,479409,0
2026-07-07T13:15:00+05:30,204.5,204.9,199.0,199.76,498286,0
2026-07-07T13:30:00+05:30,199.67,200.45,199.67,200.3,77036,0
2026-07-07T13:45:00+05:30,200.3,201.9,199.83,201.0,73402,0
2026-07-07T14:00:00+05:30,200.97,201.0,199.58,200.83,47200,0
2026-07-07T14:15:00+05:30,200.52,201.99,200.36,201.86,51747,0
2026-07-07T14:30:00+05:30,201.48,202.2,200.16,200.45,83426,0
2026-07-07T14:45:00+05:30,200.41,201.49,200.19,200.68,140861,0
2026-07-07T15:00:00+05:30,200.68,200.99,197.17,197.73,98738,0
2026-07-07T15:15:00+05:30,197.73,200.2,197.25,199.0,127491,0
2026-07-08T09:15:00+05:30,197.81,206.0,196.29,204.99,252014,0
2026-07-08T09:30:00+05:30,205.24,207.9,204.99,205.51,205202,0
2026-07-08T09:45:00+05:30,205.5,205.69,203.4,204.0,87161,0
2026-07-08T10:00:00+05:30,204.0,205.82,203.9,204.7,47383,0
2026-07-08T10:15:00+05:30,204.7,205.0,204.3,204.5,29353,0
2026-07-08T10:30:00+05:30,204.5,206.3,204.35,206.3,46961,0
2026-07-08T10:45:00+05:30,206.15,206.3,205.0,205.6,24966,0
2026-07-08T11:00:00+05:30,205.62,205.93,205.0,205.01,32916,0
2026-07-08T11:15:00+05:30,205.01,205.35,204.71,205.34,14019,0
2026-07-08T11:30:00+05:30,205.06,208.0,204.7,207.99,67405,0
2026-07-08T11:45:00+05:30,207.72,215.0,207.14,213.1,501050,0
2026-07-08T12:00:00+05:30,213.1,214.5,210.25,210.78,159501,0
2026-07-08T12:15:00+05:30,210.8,211.9,210.12,211.0,60057,0
2026-07-08T12:30:00+05:30,211.0,211.89,210.9,211.28,30196,0
2026-07-08T12:45:00+05:30,211.28,217.0,211.06,216.89,240324,0
2026-07-08T13:00:00+05:30,216.89,224.98,216.83,219.29,1120041,0
2026-07-08T13:15:00+05:30,219.28,220.0,216.25,217.0,496852,0
2026-07-08T13:30:00+05:30,217.27,217.5,214.0,215.33,271665,0
2026-07-08T13:45:00+05:30,215.33,216.42,211.5,211.76,351446,0
2026-07-08T14:00:00+05:30,211.64,212.69,207.0,207.49,393762,0
2026-07-08T14:15:00+05:30,207.49,207.8,203.46,205.5,374188,0
2026-07-08T14:30:00+05:30,205.43,207.5,204.73,205.31,126746,0
2026-07-08T14:45:00+05:30,205.34,205.65,200.0,201.23,289244,0
2026-07-08T15:00:00+05:30,200.98,202.88,199.25,200.57,156981,0
2026-07-08T15:15:00+05:30,200.54,204.7,200.06,202.9,250804,0
2026-07-09T09:15:00+05:30,203.82,226.83,203.28,225.74,1390703,0
2026-07-09T09:30:00+05:30,225.87,231.8,224.43,230.2,1621315,0
2026-07-09T09:45:00+05:30,230.24,231.79,226.4,228.76,1101905,0
2026-07-09T10:00:00+05:30,228.68,229.5,227.42,228.5,422013,0
2026-07-09T10:15:00+05:30,228.5,228.85,225.25,227.15,645453,0
2026-07-09T10:30:00+05:30,227.31,229.0,225.49,226.79,380896,0
2026-07-09T10:45:00+05:30,226.8,227.79,225.02,226.02,324693,0
2026-07-09T11:00:00+05:30,226.02,235.0,225.4,233.95,1597345,0
2026-07-09T11:15:00+05:30,233.83,234.7,231.55,232.9,547367,0
2026-07-09T11:30:00+05:30,232.9,233.67,226.96,227.62,542399,0
2026-07-09T11:45:00+05:30,227.8,229.82,227.23,228.49,176283,0
2026-07-09T12:00:00+05:30,228.5,228.8,226.34,228.04,168569,0
2026-07-09T12:15:00+05:30,228.03,228.27,227.0,227.72,74401,0
2026-07-09T12:30:00+05:30,227.49,227.89,225.6,226.54,89773,0
2026-07-09T12:45:00+05:30,226.66,227.0,225.2,225.66,78438,0
2026-07-09T13:00:00+05:30,225.69,229.8,225.62,229.5,206819,0
2026-07-09T13:15:00+05:30,229.47,234.0,229.3,233.8,437604,0
2026-07-09T13:30:00+05:30,233.8,234.7,232.01,232.65,256828,0
2026-07-09T13:45:00+05:30,232.7,233.35,231.2,232.12,142060,0
2026-07-09T14:00:00+05:30,232.01,233.0,231.0,231.57,141187,0
2026-07-09T14:15:00+05:30,231.55,242.04,231.49,237.39,2011473,0
2026-07-09T14:30:00+05:30,237.39,239.63,230.4,232.79,789767,0
2026-07-09T14:45:00+05:30,232.79,236.0,230.9,233.25,339734,0
2026-07-09T15:00:00+05:30,233.25,233.38,227.36,228.64,424806,0
2026-07-09T15:15:00+05:30,228.64,235.8,228.6,235.2,685926,0
2026-07-10T09:15:00+05:30,236.0,240.9,232.2,233.99,1142626,0
2026-07-10T09:30:00+05:30,233.86,234.95,231.0,234.24,273330,0
2026-07-10T09:45:00+05:30,234.0,234.55,232.6,233.18,73782,0
2026-07-10T10:00:00+05:30,233.0,234.5,231.3,233.99,98654,0
2026-07-10T10:15:00+05:30,233.98,234.0,232.22,233.41,38048,0
2026-07-10T10:30:00+05:30,233.17,238.0,232.66,236.33,187677,0
2026-07-10T10:45:00+05:30,236.45,238.5,234.02,235.31,124101,0
2026-07-10T11:00:00+05:30,235.33,236.84,234.4,234.91,55473,0
2026-07-10T11:15:00+05:30,234.91,235.92,233.5,235.74,56202,0
2026-07-10T11:30:00+05:30,235.74,235.96,234.39,235.33,32532,0
2026-07-10T11:45:00+05:30,235.33,238.0,233.7,236.27,110006,0
2026-07-10T12:00:00+05:30,236.48,236.87,234.7,234.7,39517,0
2026-07-10T12:15:00+05:30,234.66,234.8,233.6,234.0,24823,0
2026-07-10T12:30:00+05:30,233.91,233.92,231.64,232.36,70730,0
2026-07-10T12:45:00+05:30,232.37,233.99,232.2,233.93,27852,0
2026-07-10T13:00:00+05:30,233.93,233.93,233.0,233.7,10984,0
2026-07-10T13:15:00+05:30,233.7,233.8,232.6,233.0,13670,0
2026-07-10T13:30:00+05:30,233.0,233.49,232.7,232.9,13657,0
2026-07-10T13:45:00+05:30,232.9,233.43,232.5,232.56,16170,0
2026-07-10T14:00:00+05:30,232.83,233.54,232.5,232.5,19219,0
2026-07-10T14:15:00+05:30,232.5,235.0,232.33,234.23,39814,0
2026-07-10T14:30:00+05:30,234.22,235.91,232.2,232.5,56768,0
2026-07-10T14:45:00+05:30,232.3,233.0,228.7,230.95,137520,0
2026-07-10T15:00:00+05:30,230.72,231.59,228.05,229.35,93456,0
2026-07-10T15:15:00+05:30,229.35,232.74,223.35,229.0,310777,0
2026-07-13T09:15:00+05:30,227.84,232.4,225.0,231.8,216079,0
2026-07-13T09:30:00+05:30,231.8,234.9,230.6,232.48,179832,0
2026-07-13T09:45:00+05:30,232.49,232.59,229.43,230.68,33597,0
2026-07-13T10:00:00+05:30,230.7,235.7,230.6,233.42,91794,0
2026-07-13T10:15:00+05:30,233.2,233.42,231.7,232.49,88064,0
2026-07-13T10:30:00+05:30,232.2,234.5,231.7,233.59,52264,0
2026-07-13T10:45:00+05:30,233.58,236.7,231.51,232.09,114926,0
2026-07-13T11:00:00+05:30,232.29,232.99,230.23,231.17,56281,0
2026-07-13T11:15:00+05:30,231.16,232.54,230.0,231.01,36615,0
2026-07-13T11:30:00+05:30,231.0,231.33,230.19,230.97,15572,0
2026-07-13T11:45:00+05:30,230.97,231.9,230.14,230.25,23360,0
2026-07-13T12:00:00+05:30,230.45,232.8,230.13,231.3,27658,0
2026-07-13T12:15:00+05:30,231.5,232.54,226.64,226.92,131009,0
2026-07-13T12:30:00+05:30,226.89,228.98,226.89,228.12,74012,0
2026-07-13T12:45:00+05:30,228.29,228.75,228.0,228.34,10022,0
2026-07-13T13:00:00+05:30,228.33,230.52,228.13,229.36,27775,0
2026-07-13T13:15:00+05:30,229.29,229.29,227.26,228.69,23614,0
2026-07-13T13:30:00+05:30,228.63,229.76,226.61,227.96,51020,0
2026-07-13T13:45:00+05:30,227.98,228.99,227.01,227.9,37411,0
2026-07-13T14:00:00+05:30,227.86,227.86,226.2,227.1,16069,0
2026-07-13T14:15:00+05:30,227.1,227.75,225.81,226.65,45108,0
2026-07-13T14:30:00+05:30,226.9,230.07,226.72,226.91,53266,0
2026-07-13T14:45:00+05:30,226.95,227.24,226.01,226.75,19452,0
2026-07-13T15:00:00+05:30,226.6,226.6,223.35,224.32,87851,0
2026-07-13T15:15:00+05:30,224.31,228.0,223.2,225.21,139395,0
2026-07-14T09:15:00+05:30,225.11,230.18,222.85,228.35,185969,0
2026-07-14T09:30:00+05:30,228.34,232.3,226.58,231.75,90270,0
2026-07-14T09:45:00+05:30,231.75,241.2,230.46,237.7,604103,0
2026-07-14T10:00:00+05:30,237.5,239.0,234.45,236.77,341114,0
2026-07-14T10:15:00+05:30,236.64,253.44,235.72,250.11,1963792,0
2026-07-14T10:30:00+05:30,250.1,255.5,249.84,254.28,1491474,0
2026-07-14T10:45:00+05:30,254.44,256.63,249.38,252.5,1701537,0
2026-07-14T11:00:00+05:30,252.25,254.4,250.3,251.25,502513,0
2026-07-14T11:15:00+05:30,251.22,251.79,248.0,249.25,525347,0
2026-07-14T11:30:00+05:30,249.4,253.87,248.25,251.23,540072,0
2026-07-14T11:45:00+05:30,251.23,252.0,245.67,247.33,489325,0
2026-07-14T12:00:00+05:30,247.17,250.94,247.05,248.73,272329,0
2026-07-14T12:15:00+05:30,248.97,252.8,248.32,249.26,327660,0
2026-07-14T12:30:00+05:30,249.28,253.24,249.0,251.12,360119,0
2026-07-14T12:45:00+05:30,250.89,253.5,250.5,251.56,348428,0
2026-07-14T13:00:00+05:30,251.7,251.75,249.49,250.16,231939,0
2026-07-14T13:15:00+05:30,250.14,252.96,250.02,252.0,250976,0
2026-07-14T13:30:00+05:30,251.86,251.88,249.43,250.55,156571,0
2026-07-14T13:45:00+05:30,250.75,253.0,250.56,252.41,289056,0
2026-07-14T14:00:00+05:30,252.47,264.5,252.26,261.3,2993015,0
2026-07-14T14:15:00+05:30,261.3,263.64,258.0,260.21,1008634,0
2026-07-14T14:30:00+05:30,260.0,260.07,255.35,258.4,498596,0
2026-07-14T14:45:00+05:30,258.23,258.69,255.15,255.53,363742,0
2026-07-14T15:00:00+05:30,255.77,257.47,253.54,255.32,373016,0
2026-07-14T15:15:00+05:30,255.32,264.95,255.01,261.0,1363777,0
2026-07-15T09:15:00+05:30,263.4,267.4,256.0,257.74,1090233,0
2026-07-15T09:30:00+05:30,257.51,264.73,257.15,263.64,395181,0
2026-07-15T09:45:00+05:30,263.74,267.39,261.0,261.83,567112,0
2026-07-15T10:00:00+05:30,261.83,261.85,259.32,261.25,167228,0
2026-07-15T10:15:00+05:30,261.01,261.35,259.17,259.5,74318,0
2026-07-15T10:30:00+05:30,259.65,266.43,259.51,263.97,221632,0
2026-07-15T10:45:00+05:30,263.83,265.95,262.75,263.23,199241,0
2026-07-15T11:00:00+05:30,263.09,274.99,262.36,271.17,1535483,0
2026-07-15T11:15:00+05:30,271.31,274.0,269.1,271.18,673156,0
2026-07-15T11:30:00+05:30,271.21,274.0,269.41,271.22,327655,0
2026-07-15T11:45:00+05:30,271.01,271.5,266.0,267.1,461274,0
2026-07-15T12:00:00+05:30,267.11,268.0,263.11,264.55,445950,0
2026-07-15T12:15:00+05:30,264.73,265.81,264.0,265.14,111420,0
2026-07-15T12:30:00+05:30,265.37,265.79,262.0,263.26,191656,0
2026-07-15T12:45:00+05:30,263.42,264.26,259.0,260.87,256381,0
2026-07-15T13:00:00+05:30,260.71,262.88,260.5,261.16,122847,0
2026-07-15T13:15:00+05:30,261.17,263.0,260.2,261.71,89240,0
2026-07-15T13:30:00+05:30,261.62,263.92,261.38,261.81,66367,0
2026-07-15T13:45:00+05:30,261.85,262.5,261.0,262.5,35811,0
2026-07-15T14:00:00+05:30,262.23,262.72,261.69,262.44,31680,0
2026-07-15T14:15:00+05:30,262.3,262.59,259.01,262.4,166624,0
2026-07-15T14:30:00+05:30,262.35,268.0,261.66,265.53,300598,0
2026-07-15T14:45:00+05:30,265.54,268.49,265.0,267.7,268247,0
2026-07-15T15:00:00+05:30,267.51,267.88,258.83,259.28,351748,0
2026-07-15T15:15:00+05:30,259.11,262.84,258.1,260.0,432402,0
2026-07-16T09:15:00+05:30,261.5,261.5,257.43,258.5,192029,0
2026-07-16T09:30:00+05:30,258.63,259.52,255.3,256.42,170130,0
2026-07-16T09:45:00+05:30,256.62,258.19,254.5,255.11,104496,0
2026-07-16T10:00:00+05:30,255.08,256.75,254.0,254.24,79167,0
2026-07-16T10:15:00+05:30,254.25,255.3,252.71,253.27,116275,0
2026-07-16T10:30:00+05:30,253.49,255.66,252.85,254.14,60140,0
2026-07-16T10:45:00+05:30,253.92,254.48,253.56,253.95,19087,0
2026-07-16T11:00:00+05:30,254.0,254.98,253.6,253.95,29127,0
2026-07-16T11:15:00+05:30,253.97,257.94,253.84,256.79,70018,0
2026-07-16T11:30:00+05:30,256.88,263.48,256.37,258.94,345574,0
2026-07-16T11:45:00+05:30,258.91,259.66,257.52,258.04,86497,0
2026-07-16T12:00:00+05:30,258.18,258.78,255.01,257.2,90002,0
2026-07-16T12:15:00+05:30,257.17,257.17,256.08,256.39,22824,0
2026-07-16T12:30:00+05:30,256.35,256.53,256.1,256.15,9441,0
2026-07-16T12:45:00+05:30,256.21,256.94,256.18,256.46,10332,0
2026-07-16T13:00:00+05:30,256.44,256.46,255.5,255.57,32185,0
2026-07-16T13:15:00+05:30,255.57,255.99,255.01,255.14,19700,0
2026-07-16T13:30:00+05:30,255.15,255.15,254.03,254.46,23874,0
2026-07-16T13:45:00+05:30,254.5,255.48,254.3,255.48,18236,0
2026-07-16T14:00:00+05:30,255.72,256.2,255.5,255.81,17254,0
2026-07-16T14:15:00+05:30,255.81,256.3,255.59,255.7,10808,0
2026-07-16T14:30:00+05:30,255.71,256.25,255.01,256.14,35180,0
2026-07-16T14:45:00+05:30,256.25,256.25,254.41,255.37,27590,0
2026-07-16T15:00:00+05:30,255.3,255.39,254.02,254.58,42222,0
2026-07-16T15:15:00+05:30,254.52,259.5,254.1,257.0,142421,0
2026-07-17T09:15:00+05:30,256.9,259.84,253.83,255.7,135618,0
2026-07-17T09:30:00+05:30,256.13,264.0,256.08,258.35,422032,0
2026-07-17T09:45:00+05:30,258.41,258.42,254.57,255.25,116401,0
2026-07-17T10:00:00+05:30,255.25,260.9,254.36,260.36,103336,0
2026-07-17T10:15:00+05:30,260.41,261.05,258.36,259.02,134037,0
2026-07-17T10:30:00+05:30,259.04,260.19,258.45,258.6,26691,0
2026-07-17T10:45:00+05:30,258.6,261.25,256.54,257.75,96451,0
2026-07-17T11:00:00+05:30,257.5,257.9,256.67,256.72,29674,0
2026-07-17T11:15:00+05:30,256.72,256.8,254.97,255.45,58437,0
2026-07-17T11:30:00+05:30,255.39,255.93,254.63,255.26,30690,0
2026-07-17T11:45:00+05:30,255.22,256.99,255.04,256.23,24124,0
2026-07-17T12:00:00+05:30,256.24,256.69,255.03,256.63,20568,0
2026-07-17T12:15:00+05:30,256.63,256.85,256.02,256.36,8448,0
2026-07-17T12:30:00+05:30,256.08,256.43,255.9,256.16,5205,0
2026-07-17T12:45:00+05:30,256.16,256.7,255.12,256.3,42645,0
2026-07-17T13:00:00+05:30,256.52,256.97,255.79,256.21,19594,0
2026-07-17T13:15:00+05:30,256.36,256.47,255.52,256.06,8911,0
2026-07-17T13:30:00+05:30,256.05,259.48,255.81,258.73,48319,0
2026-07-17T13:45:00+05:30,258.74,258.84,256.21,256.82,38906,0
2026-07-17T14:00:00+05:30,256.6,261.7,256.6,259.05,170402,0
2026-07-17T14:15:00+05:30,259.3,260.82,258.8,259.7,50449,0
2026-07-17T14:30:00+05:30,259.55,259.88,258.41,258.6,45381,0
2026-07-17T14:45:00+05:30,258.69,259.45,257.31,258.58,59741,0
2026-07-17T15:00:00+05:30,258.58,258.94,257.64,258.0,43141,0
2026-07-17T15:15:00+05:30,257.93,259.0,257.11,259.0,101815,0
2026-07-20T09:15:00+05:30,258.9,261.0,256.12,256.87,120823,0
2026-07-20T09:30:00+05:30,256.55,261.79,256.01,259.4,101925,0
2026-07-20T09:45:00+05:30,259.4,260.2,256.49,256.54,52376,0
2026-07-20T10:00:00+05:30,256.4,257.07,255.3,256.25,35326,0
2026-07-20T10:15:00+05:30,256.25,256.73,255.25,255.91,25616,0
2026-07-20T10:30:00+05:30,255.91,256.47,253.21,254.31,59373,0
2026-07-20T10:45:00+05:30,254.31,254.31,252.25,252.49,50234,0
2026-07-20T11:00:00+05:30,252.4,253.06,251.41,252.82,32568,0
2026-07-20T11:15:00+05:30,252.82,253.12,252.05,252.68,11907,0
2026-07-20T11:30:00+05:30,252.54,253.36,252.01,252.51,14340,0
2026-07-20T11:45:00+05:30,252.5,252.53,251.21,252.14,13384,0
2026-07-20T12:00:00+05:30,252.27,252.38,251.0,251.56,25570,0
2026-07-20T12:15:00+05:30,251.56,251.59,251.09,251.09,3779,0
2026-07-20T12:30:00+05:30,251.09,251.78,250.89,251.27,15924,0
2026-07-20T12:45:00+05:30,251.27,253.42,251.27,253.42,26897,0
2026-07-20T13:00:00+05:30,253.5,253.9,252.46,253.9,22297,0
2026-07-20T13:15:00+05:30,253.89,254.86,253.51,254.53,30013,0
2026-07-20T13:30:00+05:30,254.49,258.0,254.47,255.36,106257,0
2026-07-20T13:45:00+05:30,255.2,256.19,255.01,255.94,16815,0
2026-07-20T14:00:00+05:30,255.94,256.15,255.0,255.19,10863,0
2026-07-20T14:15:00+05:30,255.0,255.5,254.91,255.0,9000,0
2026-07-20T14:30:00+05:30,255.23,255.49,254.04,254.5,11191,0
2026-07-20T14:45:00+05:30,254.59,255.8,254.5,255.8,13173,0
2026-07-20T15:00:00+05:30,255.7,256.39,255.06,255.57,40324,0
2026-07-20T15:15:00+05:30,255.56,256.4,254.21,256.0,88349,0
2026-07-21T09:15:00+05:30,256.5,257.9,254.43,256.77,72754,0
2026-07-21T09:30:00+05:30,256.51,257.0,252.56,253.25,44283,0
2026-07-21T09:45:00+05:30,253.3,254.19,253.0,253.4,18979,0
2026-07-21T10:00:00+05:30,253.24,253.4,249.33,250.0,88320,0
2026-07-21T10:15:00+05:30,250.23,250.3,246.41,249.5,77846,0
2026-07-21T10:30:00+05:30,249.5,256.91,249.5,252.9,249536,0
2026-07-21T10:45:00+05:30,252.86,254.5,252.6,252.92,42653,0
2026-07-21T11:00:00+05:30,252.9,254.39,252.89,253.74,18304,0
2026-07-21T11:15:00+05:30,253.7,263.0,253.16,260.28,287950,0
2026-07-21T11:30:00+05:30,260.3,263.0,257.12,258.16,183081,0
2026-07-21T11:45:00+05:30,258.12,258.46,257.25,257.55,24405,0
2026-07-21T12:00:00+05:30,257.56,257.61,256.12,257.4,31817,0
2026-07-21T12:15:00+05:30,257.4,260.48,257.01,259.73,54056,0
2026-07-21T12:30:00+05:30,259.7,267.0,259.41,265.16,241290,0
2026-07-21T12:45:00+05:30,265.51,268.38,261.64,263.17,380910,0
2026-07-21T13:00:00+05:30,263.17,263.62,260.21,261.74,115391,0
2026-07-21T13:15:00+05:30,261.75,262.7,260.81,261.28,59436,0
2026-07-21T13:30:00+05:30,261.02,261.76,260.26,261.66,29201,0
2026-07-21T13:45:00+05:30,261.76,261.76,259.62,260.39,41769,0
2026-07-21T14:00:00+05:30,260.36,261.92,260.36,261.4,26023,0
2026-07-21T14:15:00+05:30,261.22,261.99,260.44,261.49,20306,0
2026-07-21T14:30:00+05:30,261.65,262.67,261.18,261.19,35777,0
2026-07-21T14:45:00+05:30,261.19,261.84,259.61,259.87,56132,0
2026-07-21T15:00:00+05:30,259.8,259.8,257.11,258.75,89288,0
2026-07-21T15:15:00+05:30,258.55,264.44,258.0,261.0,195240,0
2026-07-22T09:15:00+05:30,261.0,267.39,258.81,266.23,274089,0
2026-07-22T09:30:00+05:30,266.09,269.21,264.92,266.82,289858,0
2026-07-22T09:45:00+05:30,267.07,268.6,264.24,265.06,260073,0
2026-07-22T10:00:00+05:30,265.3,270.6,265.1,267.83,238293,0
2026-07-22T10:15:00+05:30,267.53,268.39,265.4,266.13,127201,0
2026-07-22T10:30:00+05:30,266.38,267.9,265.88,266.51,61493,0
2026-07-22T10:45:00+05:30,266.5,266.5,264.21,265.0,63394,0
2026-07-22T11:00:00+05:30,264.9,265.26,264.0,265.23,33748,0
2026-07-22T11:15:00+05:30,265.02,267.1,265.0,266.8,42718,0
2026-07-22T11:30:00+05:30,266.79,266.79,265.0,265.5,22901,0
2026-07-22T11:45:00+05:30,265.32,267.0,265.0,266.91,32595,0
2026-07-22T12:00:00+05:30,266.89,267.65,266.01,267.48,59145,0
2026-07-22T12:15:00+05:30,267.65,267.65,265.25,265.43,28979,0
2026-07-22T12:30:00+05:30,265.38,265.53,264.0,265.29,38139,0
2026-07-22T12:45:00+05:30,265.29,266.4,264.7,265.93,16526,0
2026-07-22T13:00:00+05:30,266.0,268.32,265.9,266.64,63469,0
2026-07-22T13:15:00+05:30,266.65,266.91,266.12,266.35,13836,0
2026-07-22T13:30:00+05:30,266.53,267.0,265.72,266.64,32299,0
2026-07-22T13:45:00+05:30,266.64,266.88,265.72,266.13,16225,0
2026-07-22T14:00:00+05:30,266.11,266.15,264.54,264.96,27687,0
2026-07-22T14:15:00+05:30,264.98,265.98,264.54,264.7,21742,0
2026-07-22T14:30:00+05:30,265.0,266.48,262.34,263.51,100440,0
2026-07-22T14:45:00+05:30,263.63,264.93,262.12,264.42,42133,0
2026-07-22T15:00:00+05:30,264.55,265.1,262.89,263.14,47555,0
2026-07-22T15:15:00+05:30,263.17,266.8,260.0,264.4,200176,0
2026-07-23T09:15:00+05:30,264.2,274.0,262.45,271.46,373455,0
2026-07-23T09:30:00+05:30,271.44,271.8,267.61,269.23,192023,0
2026-07-23T09:45:00+05:30,269.38,269.65,265.55,266.34,78393,0
2026-07-23T10:00:00+05:30,266.37,273.0,266.34,269.61,203401,0
2026-07-23T10:15:00+05:30,269.61,269.82,267.03,268.12,75531,0
2026-07-23T10:30:00+05:30,268.12,269.5,267.99,268.81,33972,0
2026-07-23T10:45:00+05:30,268.79,271.0,268.51,270.96,33821,0
2026-07-23T11:00:00+05:30,270.96,271.0,269.4,269.82,25166,0
2026-07-23T11:15:00+05:30,269.88,269.89,268.0,269.0,22487,0
2026-07-23T11:30:00+05:30,269.01,270.31,268.0,269.05,44667,0
2026-07-23T11:45:00+05:30,269.0,269.26,267.8,269.26,16574,0
2026-07-23T12:00:00+05:30,269.12,269.89,268.5,269.84,13196,0
2026-07-23T12:15:00+05:30,269.8,272.69,269.15,270.35,69222,0
2026-07-23T12:30:00+05:30,270.35,270.95,268.0,268.11,44897,0
2026-07-23T12:45:00+05:30,268.17,268.99,267.35,267.99,37235,0
2026-07-23T13:00:00+05:30,267.63,267.76,266.05,267.69,35247,0
2026-07-23T13:15:00+05:30,267.5,269.65,266.83,267.87,50320,0
2026-07-23T13:30:00+05:30,267.62,268.33,266.81,267.88,20513,0
2026-07-23T13:45:00+05:30,267.57,268.56,267.21,268.28,13732,0
2026-07-23T14:00:00+05:30,268.27,268.8,267.25,268.49,19743,0
2026-07-23T14:15:00+05:30,268.48,272.5,268.27,271.6,106718,0
2026-07-23T14:30:00+05:30,271.38,272.26,268.75,269.5,75016,0
2026-07-23T14:45:00+05:30,269.48,269.55,268.2,268.42,34352,0
2026-07-23T15:00:00+05:30,268.4,269.61,266.66,267.42,59599,0
2026-07-23T15:15:00+05:30,267.08,267.66,265.0,265.0,154946,0
2026-07-24T09:15:00+05:30,263.91,267.3,259.5,262.86,202782,0
2026-07-24T09:30:00+05:30,262.56,263.2,260.55,261.45,49197,0
2026-07-24T09:45:00+05:30,261.21,261.78,260.0,260.4,45991,0
2026-07-24T10:00:00+05:30,260.7,260.87,257.01,257.91,86523,0
2026-07-24T10:15:00+05:30,257.77,258.47,256.81,257.69,87953,0
2026-07-24T10:30:00+05:30,257.65,259.4,256.4,258.38,41264,0
2026-07-24T10:45:00+05:30,258.27,259.4,256.64,256.64,20409,0
2026-07-24T11:00:00+05:30,256.7,257.38,256.14,256.73,18915,0
2026-07-24T11:15:00+05:30,256.52,258.5,256.45,257.74,18035,0
2026-07-24T11:30:00+05:30,257.99,258.33,257.24,258.06,14988,0
2026-07-24T11:45:00+05:30,258.31,259.4,258.23,259.18,25640,0
2026-07-24T12:00:00+05:30,259.35,259.39,258.23,259.05,31801,0
2026-07-24T12:15:00+05:30,259.0,260.0,258.21,259.95,14041,0
2026-07-24T12:30:00+05:30,259.89,260.55,259.0,260.01,26172,0
2026-07-24T12:45:00+05:30,260.05,260.11,259.0,260.05,20635,0
2026-07-24T13:00:00+05:30,259.95,260.05,259.01,260.0,14643,0
2026-07-24T13:15:00+05:30,260.0,260.0,259.08,259.88,7144,0
2026-07-24T13:30:00+05:30,259.43,259.66,258.5,259.0,19537,0
2026-07-24T13:45:00+05:30,259.29,259.49,258.64,259.25,4479,0
2026-07-24T14:00:00+05:30,259.25,260.5,259.2,259.2,21422,0
2026-07-24T14:15:00+05:30,259.14,259.4,257.5,258.5,25876,0
2026-07-24T14:30:00+05:30,258.52,259.0,258.0,258.6,19615,0
2026-07-24T14:45:00+05:30,258.64,259.0,258.01,258.01,12288,0
2026-07-24T15:00:00+05:30,258.41,259.8,258.0,259.77,32490,0
2026-07-24T15:15:00+05:30,259.74,260.0,258.0,259.0,88764,0
2026-07-27T09:15:00+05:30,260.39,263.8,260.39,262.1,67699,0
2026-07-27T09:30:00+05:30,262.2,263.6,260.75,260.85,46588,0
2026-07-27T09:45:00+05:30,260.86,264.64,260.65,263.56,47797,0
2026-07-27T10:00:00+05:30,263.55,267.99,263.22,267.99,116135,0
2026-07-27T10:15:00+05:30,267.9,270.0,266.3,267.0,184716,0
2026-07-27T10:30:00+05:30,267.01,267.01,263.53,265.81,77911,0
2026-07-27T10:45:00+05:30,266.11,266.76,265.01,265.15,16448,0
2026-07-27T11:00:00+05:30,265.15,265.75,264.57,265.35,10118,0
2026-07-27T11:15:00+05:30,265.15,265.57,264.38,264.5,22266,0
2026-07-27T11:30:00+05:30,264.53,265.53,264.12,265.35,14224,0
2026-07-27T11:45:00+05:30,265.11,265.88,263.29,263.8,33999,0
2026-07-27T12:00:00+05:30,263.7,264.8,263.55,263.86,12869,0
2026-07-27T12:15:00+05:30,263.88,264.0,263.4,263.51,5159,0
2026-07-27T12:30:00+05:30,263.49,264.4,263.02,264.4,8443,0
2026-07-27T12:45:00+05:30,264.27,264.4,263.39,263.66,10438,0
2026-07-27T13:00:00+05:30,263.46,264.15,263.2,263.2,8094,0
2026-07-27T13:15:00+05:30,263.12,263.55,262.62,263.27,10182,0
2026-07-27T13:30:00+05:30,263.13,263.5,262.59,263.49,17803,0
2026-07-27T13:45:00+05:30,263.46,263.49,262.78,262.78,5762,0
2026-07-27T14:00:00+05:30,262.78,263.07,262.48,262.84,9801,0
2026-07-27T14:15:00+05:30,262.84,263.09,261.5,262.2,27109,0
2026-07-27T14:30:00+05:30,262.21,262.58,262.0,262.5,5925,0
2026-07-27T14:45:00+05:30,262.26,283.0,262.26,280.73,619778,0
2026-07-27T15:00:00+05:30,280.43,282.7,276.11,279.9,871602,0
2026-07-27T15:15:00+05:30,279.9,283.0,278.55,282.49,611910,0
2026-07-28T09:15:00+05:30,282.39,283.67,271.72,273.42,414240,0
2026-07-28T09:30:00+05:30,273.4,274.15,271.72,272.95,83467,0
2026-07-28T09:45:00+05:30,272.68,278.8,272.2,275.5,160609,0
2026-07-28T10:00:00+05:30,275.5,278.67,274.01,278.34,81767,0
2026-07-28T10:15:00+05:30,278.36,283.0,277.5,277.51,303211,0
2026-07-28T10:30:00+05:30,277.54,278.88,277.01,278.75,55445,0
2026-07-28T10:45:00+05:30,278.75,279.96,278.0,279.4,33865,0
2026-07-28T11:00:00+05:30,279.39,286.4,279.39,284.41,505792,0
2026-07-28T11:15:00+05:30,284.41,286.77,281.0,281.48,260695,0
2026-07-28T11:30:00+05:30,281.75,285.0,281.49,282.59,112786,0
2026-07-28T11:45:00+05:30,282.65,283.85,281.54,282.16,45220,0
2026-07-28T12:00:00+05:30,282.16,282.8,281.86,282.26,27755,0
2026-07-28T12:15:00+05:30,282.01,283.5,280.78,282.64,48487,0
2026-07-28T12:30:00+05:30,282.67,283.98,282.0,283.12,29766,0
2026-07-28T12:45:00+05:30,283.38,283.4,282.0,282.07,23481,0
2026-07-28T13:00:00+05:30,282.25,282.65,281.11,282.0,35995,0
2026-07-28T13:15:00+05:30,282.1,287.25,282.04,284.62,168887,0
2026-07-28T13:30:00+05:30,284.65,287.9,282.95,287.23,139584,0
2026-07-28T13:45:00+05:30,287.11,290.8,285.65,287.2,457276,0
2026-07-28T14:00:00+05:30,287.43,287.86,286.57,287.0,43924,0
2026-07-28T14:15:00+05:30,286.88,288.9,286.67,288.0,74791,0
2026-07-28T14:30:00+05:30,288.0,288.59,286.55,287.87,52346,0
2026-07-28T14:45:00+05:30,287.74,293.45,287.55,291.79,363249,0
2026-07-28T15:00:00+05:30,291.84,293.9,290.2,290.94,283218,0
2026-07-28T15:15:00+05:30,290.91,292.0,287.56,288.78,285103,0
2026-07-29T09:15:00+05:30,289.76,295.7,284.2,285.25,529408,0
2026-07-29T09:30:00+05:30,285.01,289.5,282.83,286.81,207255,0
2026-07-29T09:45:00+05:30,286.52,291.0,286.52,290.97,135686,0
2026-07-29T10:00:00+05:30,290.96,291.19,286.12,288.94,101700,0
2026-07-29T10:15:00+05:30,288.95,289.0,287.11,287.7,39436,0
2026-07-29T10:30:00+05:30,287.7,289.99,287.1,289.45,39766,0
2026-07-29T10:45:00+05:30,289.51,292.0,285.61,286.41,169988,0
2026-07-29T11:00:00+05:30,286.11,286.77,283.12,284.25,104943,0
2026-07-29T11:15:00+05:30,284.41,284.5,276.36,278.12,289623,0
2026-07-29T11:30:00+05:30,277.82,278.48,274.12,276.0,254310,0
2026-07-29T11:45:00+05:30,276.47,277.75,275.1,277.17,75303,0
2026-07-29T12:00:00+05:30,276.99,277.98,276.08,276.84,56183,0
2026-07-29T12:15:00+05:30,276.88,277.93,275.77,276.94,64870,0
2026-07-29T12:30:00+05:30,276.92,277.18,274.2,275.91,62814,0
2026-07-29T12:45:00+05:30,275.48,275.99,272.05,273.21,140043,0
2026-07-29T13:00:00+05:30,273.2,275.8,273.07,274.7,49456,0
2026-07-29T13:15:00+05:30,274.69,275.29,272.91,273.84,45634,0
2026-07-29T13:30:00+05:30,273.87,274.0,272.5,272.94,38604,0
2026-07-29T13:45:00+05:30,272.94,273.8,272.3,272.94,35342,0
2026-07-29T14:00:00+05:30,272.94,273.62,267.1,268.64,286775,0
2026-07-29T14:15:00+05:30,268.64,270.55,268.0,268.4,112796,0
2026-07-29T14:30:00+05:30,268.48,270.89,265.25,269.67,183308,0
2026-07-29T14:45:00+05:30,269.67,278.54,269.45,276.0,328515,0
2026-07-29T15:00:00+05:30,275.82,277.26,274.2,274.5,99111,0
2026-07-29T15:15:00+05:30,274.49,275.68,272.0,273.8,154540,0
2026-07-30T09:15:00+05:30,274.9,279.63,271.32,274.43,211477,0
2026-07-30T09:30:00+05:30,274.55,278.85,274.55,276.65,88918,0
2026-07-30T09:45:00+05:30,276.5,279.0,274.51,275.5,81054,0
2026-07-30T10:00:00+05:30,275.52,277.0,272.43,273.0,70505,0
2026-07-30T10:15:00+05:30,272.78,277.48,272.3,275.4,83128,0
2026-07-30T10:30:00+05:30,275.56,275.57,273.31,274.64,23717,0
2026-07-30T10:45:00+05:30,274.98,277.92,274.16,277.3,37290,0
2026-07-30T11:00:00+05:30,277.3,282.0,277.3,280.5,184079,0
2026-07-30T11:15:00+05:30,280.5,280.99,278.16,279.4,55526,0
2026-07-30T11:30:00+05:30,279.4,282.9,278.8,282.72,57381,0
2026-07-30T11:45:00+05:30,282.9,284.95,281.9,284.44,139249,0
2026-07-30T12:00:00+05:30,284.73,285.5,281.22,282.19,119359,0
2026-07-30T12:15:00+05:30,282.0,282.2,280.46,282.0,36867,0
2026-07-30T12:30:00+05:30,282.0,286.8,281.8,286.02,130247,0
2026-07-30T12:45:00+05:30,286.02,286.89,284.11,284.52,125786,0
2026-07-30T13:00:00+05:30,284.22,284.22,280.37,280.9,109469,0
2026-07-30T13:15:00+05:30,280.96,281.05,278.5,278.86,52699,0
2026-07-30T13:30:00+05:30,278.5,279.55,276.86,278.37,56877,0
2026-07-30T13:45:00+05:30,278.37,279.44,277.51,278.79,34500,0
2026-07-30T14:00:00+05:30,278.6,279.35,278.0,278.2,31170,0
2026-07-30T14:15:00+05:30,278.3,278.44,277.01,277.95,14713,0
2026-07-30T14:30:00+05:30,277.87,279.53,277.87,278.74,26597,0
2026-07-30T14:45:00+05:30,278.95,283.5,278.55,282.08,120160,0
2026-07-30T15:00:00+05:30,282.08,283.5,278.5,278.95,80849,0
2026-07-30T15:15:00+05:30,278.95,280.85,275.0,276.67,122386,0
2026-07-31T09:15:00+05:30,277.91,282.45,274.06,278.99,202665,0
2026-07-31T09:30:00+05:30,279.05,280.94,277.0,277.31,66958,0
2026-07-31T09:45:00+05:30,277.31,279.58,277.0,278.0,32775,0
2026-07-31T10:00:00+05:30,278.1,284.73,278.1,280.99,136949,0
2026-07-31T10:15:00+05:30,280.98,281.06,277.2,277.5,88237,0
2026-07-31T10:30:00+05:30,277.5,279.3,277.29,278.47,25356,0
2026-07-31T10:45:00+05:30,278.25,278.97,276.4,277.6,22882,0
2026-07-31T11:00:00+05:30,277.6,277.7,276.6,277.0,12453,0
2026-07-31T11:15:00+05:30,277.08,278.02,277.06,277.57,20960,0
2026-07-31T11:30:00+05:30,277.57,278.79,277.25,278.4,12304,0
2026-07-31T11:45:00+05:30,278.4,281.89,278.31,279.7,69309,0
2026-07-31T12:00:00+05:30,280.04,281.0,279.35,280.3,23780,0
2026-07-31T12:15:00+05:30,280.46,280.7,279.61,280.44,10907,0
2026-07-31T12:30:00+05:30,280.18,280.18,278.69,279.36,18158,0
2026-07-31T12:45:00+05:30,279.33,279.93,278.4,278.68,16993,0
2026-07-31T13:00:00+05:30,278.97,279.0,278.25,278.9,6624,0
2026-07-31T13:15:00+05:30,278.9,280.0,278.9,279.86,10082,0
2026-07-31T13:30:00+05:30,279.68,280.0,278.86,279.25,10696,0
2026-07-31T13:45:00+05:30,279.2,279.59,278.71,279.3,9289,0
2026-07-31T14:00:00+05:30,279.3,279.31,278.51,279.0,10878,0
2026-07-31T14:15:00+05:30,278.97,279.19,278.5,279.11,21849,0
2026-07-31T14:30:00+05:30,279.18,279.27,277.2,278.96,44686,0
2026-07-31T14:45:00+05:30,279.1,280.49,278.55,278.8,34235,0
2026-07-31T15:00:00+05:30,278.8,279.27,275.61,276.43,48594,0
2026-07-31T15:15:00+05:30,276.39,276.86,274.25,275.5,107378,0
2026-08-03T09:15:00+05:30,277.5,280.3,275.0,277.25,124583,0
2026-08-03T09:30:00+05:30,277.35,278.05,275.3,275.55,64391,0
2026-08-03T09:45:00+05:30,276.35,278.95,276.35,278.5,40661,0
2026-08-03T10:00:00+05:30,279.45,287.7,279.45,284.0,344731,0
2026-08-03T10:15:00+05:30,284.3,289.0,283.05,287.35,148359,0
2026-08-03T10:30:00+05:30,287.4,288.1,286.7,287.05,64083,0
2026-08-03T10:45:00+05:30,287.05,289.0,286.85,287.55,89532,0
2026-08-03T11:00:00+05:30,287.55,289.0,286.0,288.0,78409,0
2026-08-03T11:15:00+05:30,287.8,288.4,286.65,288.0,33780,0
2026-08-03T11:30:00+05:30,288.0,288.5,285.95,286.4,36243,0
2026-08-03T11:45:00+05:30,286.95,286.95,286.15,286.55,10364,0
2026-08-03T12:00:00+05:30,286.3,290.15,286.1,289.5,111988,0
2026-08-03T12:15:00+05:30,289.3,292.0,288.15,288.85,200665,0
2026-08-03T12:30:00+05:30,288.85,290.15,288.4,289.0,49992,0
2026-08-03T12:45:00+05:30,288.75,289.5,287.4,288.7,53821,0
2026-08-03T13:00:00+05:30,288.5,288.7,287.5,288.15,12879,0
2026-08-03T13:15:00+05:30,288.25,289.0,287.9,288.8,12927,0
2026-08-03T13:30:00+05:30,289.0,289.9,288.05,289.4,25024,0
2026-08-03T13:45:00+05:30,289.3,291.6,289.15,290.25,64642,0
2026-08-03T14:00:00+05:30,290.55,291.25,288.95,289.9,43769,0
2026-08-03T14:15:00+05:30,290.05,290.6,288.65,289.55,38196,0
2026-08-03T14:30:00+05:30,289.6,289.9,286.9,287.6,102322,0
2026-08-03T14:45:00+05:30,287.5,288.6,287.0,287.85,54790,0
2026-08-03T15:00:00+05:30,288.0,289.5,287.9,287.9,55315,0
2026-08-03T15:15:00+05:30,287.0,288.3,285.45,287.5,110756,0
2026-08-04T09:15:00+05:30,286.5,286.5,279.5,280.8,143354,0
2026-08-04T09:30:00+05:30,280.45,280.9,277.55,280.0,133434,0
2026-08-04T09:45:00+05:30,280.05,282.2,279.55,282.2,75174,0
2026-08-04T10:00:00+05:30,282.25,283.45,278.1,279.15,119836,0
2026-08-04T10:15:00+05:30,279.4,279.9,278.1,279.05,38605,0
2026-08-04T10:30:00+05:30,279.05,279.9,278.15,279.1,28851,0
2026-08-04T10:45:00+05:30,279.1,279.3,278.1,278.65,20897,0
2026-08-04T11:00:00+05:30,278.8,279.15,278.4,278.85,8392,0
2026-08-04T11:15:00+05:30,279.2,279.35,277.5,277.5,34025,0
2026-08-04T11:30:00+05:30,277.65,278.15,277.5,278.1,17979,0
2026-08-04T11:45:00+05:30,278.1,278.1,276.35,276.85,38421,0
2026-08-04T12:00:00+05:30,276.85,277.6,276.35,277.25,13898,0
2026-08-04T12:15:00+05:30,277.0,278.35,276.85,277.55,16713,0
2026-08-04T12:30:00+05:30,277.9,278.35,277.45,277.55,6958,0
2026-08-04T12:45:00+05:30,277.6,278.2,277.0,277.5,10297,0
2026-08-04T13:00:00+05:30,277.55,278.2,277.3,277.5,10823,0
2026-08-04T13:15:00+05:30,277.5,278.5,277.0,277.7,11657,0
2026-08-04T13:30:00+05:30,277.8,278.2,277.2,278.2,11064,0
2026-08-04T13:45:00+05:30,278.1,280.6,277.6,279.85,105643,0
2026-08-04T14:00:00+05:30,279.6,280.8,279.0,279.5,40278,0
2026-08-04T14:15:00+05:30,279.6,280.2,278.75,279.55,42112,0
2026-08-04T14:30:00+05:30,279.7,279.9,278.45,278.9,19259,0
2026-08-04T14:45:00+05:30,279.05,279.6,278.35,278.6,28683,0
2026-08-04T15:00:00+05:30,278.6,279.3,277.7,278.0,71232,0
2026-08-04T15:15:00+05:30,286.5,286.5,271.6,273.15,4558504,0
2026-08-05T09:15:00+05:30,276.0,278.75,270.05,270.7,213960,0
2026-08-05T09:30:00+05:30,270.75,270.95,267.6,268.75,134021,0
2026-08-05T09:45:00+05:30,268.75,270.0,266.55,269.65,65901,0
2026-08-05T10:00:00+05:30,269.65,274.85,269.65,273.75,114836,0
2026-08-05T10:15:00+05:30,274.0,274.3,271.55,272.5,29150,0
2026-08-05T10:30:00+05:30,272.55,272.6,269.8,270.85,78168,0
2026-08-05T10:45:00+05:30,270.8,271.9,270.2,271.0,29979,0
2026-08-05T11:00:00+05:30,270.95,271.25,270.2,270.65,9574,0
2026-08-05T11:15:00+05:30,270.65,271.75,270.0,271.05,21209,0
2026-08-05T11:30:00+05:30,270.85,272.2,270.65,271.9,10823,0
2026-08-05T11:45:00+05:30,271.8,271.9,270.55,270.55,5344,0
2026-08-05T12:00:00+05:30,270.55,271.5,270.55,271.45,8124,0
2026-08-05T12:15:00+05:30,271.25,271.4,270.2,270.55,7199,0
2026-08-05T12:30:00+05:30,270.45,270.65,269.0,269.05,15297,0
2026-08-05T12:45:00+05:30,269.3,270.15,268.8,269.75,9580,0
2026-08-05T13:00:00+05:30,269.8,269.8,269.0,269.55,4565,0
2026-08-05T13:15:00+05:30,269.6,270.95,269.45,269.7,14014,0
2026-08-05T13:30:00+05:30,269.7,270.0,269.5,269.5,8437,0
2026-08-05T13:45:00+05:30,269.3,275.0,269.3,274.4,93166,0
2026-08-05T14:00:00+05:30,274.45,275.3,273.4,273.7,47807,0
2026-08-05T14:15:00+05:30,273.2,274.45,273.1,273.9,15951,0
2026-08-05T14:30:00+05:30,273.85,275.55,272.15,272.95,41520,0
2026-08-05T14:45:00+05:30,272.75,273.65,271.8,273.35,21625,0
2026-08-05T15:00:00+05:30,273.4,274.2,271.2,271.65,50871,0
2026-08-05T15:15:00+05:30,271.3,272.7,270.2,272.1,65015,0
2026-08-06T09:15:00+05:30,273.45,274.85,270.4,270.55,89835,0
2026-08-06T09:30:00+05:30,270.65,271.5,267.7,268.2,63967,0
2026-08-06T09:45:00+05:30,268.4,269.65,268.1,269.0,37796,0
2026-08-06T10:00:00+05:30,269.0,271.6,268.3,270.95,35988,0
2026-08-06T10:15:00+05:30,270.8,270.85,268.3,268.65,33071,0
2026-08-06T10:30:00+05:30,268.95,269.4,268.3,268.95,16826,0
2026-08-06T10:45:00+05:30,269.0,269.0,267.5,267.75,21466,0
2026-08-06T11:00:00+05:30,267.75,268.5,267.5,268.45,12947,0
2026-08-06T11:15:00+05:30,268.65,268.7,267.6,268.25,8353,0
2026-08-06T11:30:00+05:30,268.25,268.85,267.1,268.0,22953,0
2026-08-06T11:45:00+05:30,267.95,268.2,266.1,266.6,61514,0
2026-08-06T12:00:00+05:30,266.6,267.05,266.1,266.55,16098,0
2026-08-06T12:15:00+05:30,266.5,267.3,266.5,267.3,6984,0
2026-08-06T12:30:00+05:30,267.25,267.45,266.4,267.1,15770,0
2026-08-06T12:45:00+05:30,267.1,268.5,266.3,266.9,29595,0
2026-08-06T13:00:00+05:30,266.85,267.0,265.3,265.65,17186,0
2026-08-06T13:15:00+05:30,265.65,266.75,265.1,265.75,16712,0
2026-08-06T13:30:00+05:30,265.75,268.0,265.75,267.0,17398,0
2026-08-06T13:45:00+05:30,267.05,267.4,265.75,266.6,25912,0
2026-08-06T14:00:00+05:30,266.6,268.65,266.25,267.8,45898,0
2026-08-06T14:15:00+05:30,267.8,268.4,266.3,266.9,33920,0
2026-08-06T14:30:00+05:30,267.65,269.7,266.8,268.2,55360,0
2026-08-06T14:45:00+05:30,268.0,268.15,267.05,267.55,33600,0
2026-08-06T15:00:00+05:30,267.25,271.3,267.25,270.85,67189,0
2026-08-06T15:15:00+05:30,271.0,274.9,270.05,273.0,138486,0
2026-08-07T09:15:00+05:30,271.9,279.7,271.0,278.0,198941,0
2026-08-07T09:30:00+05:30,277.3,280.0,276.0,278.0,90553,0
2026-08-07T09:45:00+05:30,277.75,279.8,277.0,277.95,87945,0
2026-08-07T10:00:00+05:30,277.95,280.9,277.1,277.8,61460,0
2026-08-07T10:15:00+05:30,277.5,278.45,276.6,277.1,19427,0
2026-08-07T10:30:00+05:30,277.1,278.5,276.8,278.0,12227,0
2026-08-07T10:45:00+05:30,278.05,278.05,276.25,276.65,11245,0
2026-08-07T11:00:00+05:30,276.8,276.95,275.55,275.75,16608,0
2026-08-07T11:15:00+05:30,276.15,276.4,275.5,276.4,9846,0
2026-08-07T11:30:00+05:30,276.1,277.1,276.0,276.75,8167,0
2026-08-07T11:45:00+05:30,276.45,276.5,273.5,274.2,60641,0
2026-08-07T12:00:00+05:30,274.5,274.65,273.5,274.2,20039,0
2026-08-07T12:15:00+05:30,273.95,276.7,273.6,275.95,31342,0
2026-08-07T12:30:00+05:30,276.0,276.25,275.2,275.65,4992,0
2026-08-07T12:45:00+05:30,275.75,276.4,274.95,274.95,18154,0
2026-08-07T13:00:00+05:30,274.9,275.0,274.0,274.0,8549,0
2026-08-07T13:15:00+05:30,274.0,274.3,273.25,274.2,18423,0
2026-08-07T13:30:00+05:30,274.55,275.75,274.5,274.8,18129,0
2026-08-07T13:45:00+05:30,274.8,275.5,274.1,274.75,19621,0
2026-08-07T14:00:00+05:30,275.1,275.5,273.05,273.7,17358,0
2026-08-07T14:15:00+05:30,273.7,274.0,273.1,273.6,13993,0
2026-08-07T14:30:00+05:30,274.45,275.6,274.25,274.8,27071,0
2026-08-07T14:45:00+05:30,274.8,275.0,274.3,274.75,9106,0
2026-08-07T15:00:00+05:30,274.75,275.0,272.2,273.0,76547,0
2026-08-07T15:15:00+05:30,272.75,273.0,271.6,273.0,61835,0
2026-08-10T09:15:00+05:30,274.05,276.05,271.15,274.4,119721,0
2026-08-10T09:30:00+05:30,274.35,275.95,272.8,275.0,31792,0
2026-08-10T09:45:00+05:30,274.95,282.8,274.55,280.8,138424,0
2026-08-10T10:00:00+05:30,280.3,283.9,278.6,279.1,134864,0
2026-08-10T10:15:00+05:30,279.1,283.8,279.1,282.2,78136,0
2026-08-10T10:30:00+05:30,282.2,283.85,282.0,282.45,56733,0
2026-08-10T10:45:00+05:30,282.4,283.65,281.65,283.5,36658,0
2026-08-10T11:00:00+05:30,283.6,284.45,281.05,281.85,49556,0
2026-08-10T11:15:00+05:30,281.85,284.0,279.5,283.45,89765,0
2026-08-10T11:30:00+05:30,283.7,284.15,282.15,283.5,38599,0
2026-08-10T11:45:00+05:30,282.85,283.1,282.0,282.15,44998,0
2026-08-10T12:00:00+05:30,282.0,282.3,282.0,282.1,10836,0
2026-08-10T12:15:00+05:30,282.0,282.25,280.4,280.9,40757,0
2026-08-10T12:30:00+05:30,281.0,281.35,280.1,280.25,15140,0
2026-08-10T12:45:00+05:30,280.55,282.05,280.15,281.2,16626,0
2026-08-10T13:00:00+05:30,281.4,282.3,281.15,282.3,21572,0
2026-08-10T13:15:00+05:30,282.3,283.55,281.7,282.2,18141,0
2026-08-10T13:30:00+05:30,282.1,282.45,280.55,280.55,14602,0
2026-08-10T13:45:00+05:30,280.5,280.85,278.0,279.4,36374,0
2026-08-10T14:00:00+05:30,279.75,279.9,278.65,278.85,18655,0
2026-08-10T14:15:00+05:30,278.75,279.0,277.25,277.7,26205,0
2026-08-10T14:30:00+05:30,277.9,278.95,277.7,278.75,10458,0
2026-08-10T14:45:00+05:30,278.9,278.9,277.9,278.25,12267,0
2026-08-10T15:00:00+05:30,278.2,278.75,274.35,275.7,92875,0
2026-08-10T15:15:00+05:30,275.3,277.3,274.25,275.0,140075,0
2026-08-11T09:15:00+05:30,277.6,282.2,276.05,280.15,149963,0
2026-08-11T09:30:00+05:30,280.1,280.2,278.25,279.25,35432,0
2026-08-11T09:45:00+05:30,279.25,280.5,278.45,279.0,26747,0
2026-08-11T10:00:00+05:30,278.9,279.6,277.05,277.55,33104,0
2026-08-11T10:15:00+05:30,277.55,278.1,275.0,276.2,57338,0
2026-08-11T10:30:00+05:30,276.5,277.4,276.25,276.95,20841,0
2026-08-11T10:45:00+05:30,276.95,278.1,276.1,278.0,17184,0
2026-08-11T11:00:00+05:30,277.5,279.9,277.3,279.25,25287,0
2026-08-11T11:15:00+05:30,279.25,283.85,278.85,283.15,66764,0
2026-08-11T11:30:00+05:30,282.85,283.2,280.75,281.8,82700,0
2026-08-11T11:45:00+05:30,281.8,283.0,281.0,281.0,37071,0
2026-08-11T12:00:00+05:30,281.0,281.35,279.0,279.65,25053,0
2026-08-11T12:15:00+05:30,279.7,283.9,279.3,283.7,81981,0
2026-08-11T12:30:00+05:30,283.6,284.4,282.9,284.05,56148,0
2026-08-11T12:45:00+05:30,283.75,284.4,283.45,283.7,31900,0
2026-08-11T13:00:00+05:30,283.65,288.5,283.65,286.45,235668,0
2026-08-11T13:15:00+05:30,286.25,288.0,286.0,286.75,67230,0
2026-08-11T13:30:00+05:30,286.9,287.0,284.55,286.3,74833,0
2026-08-11T13:45:00+05:30,286.2,286.25,284.6,285.2,36993,0
2026-08-11T14:00:00+05:30,285.2,285.7,280.95,282.05,78013,0
2026-08-11T14:15:00+05:30,282.05,283.1,281.35,282.6,43027,0
2026-08-11T14:30:00+05:30,282.9,283.1,282.15,282.95,19120,0
2026-08-11T14:45:00+05:30,282.55,285.0,281.8,282.8,69400,0
2026-08-11T15:00:00+05:30,283.45,283.55,281.55,282.4,62657,0
2026-08-11T15:15:00+05:30,282.6,283.2,280.7,282.9,141118,0
2026-08-12T09:15:00+05:30,270.7,271.0,251.35,263.05,781761,0
2026-08-12T09:30:00+05:30,263.05,267.6,261.5,261.5,268077,0
2026-08-12T09:45:00+05:30,261.5,261.5,258.15,258.6,188185,0
2026-08-12T10:00:00+05:30,258.5,260.4,255.1,259.85,235767,0
2026-08-12T10:15:00+05:30,259.5,260.4,257.1,257.6,121393,0
2026-08-12T10:30:00+05:30,257.8,257.95,256.0,256.05,71038,0
2026-08-12T10:45:00+05:30,256.3,256.35,253.6,254.15,114829,0
2026-08-12T11:00:00+05:30,254.05,254.25,252.0,252.45,156140,0
2026-08-12T11:15:00+05:30,252.4,253.55,251.6,252.75,81804,0
2026-08-12T11:30:00+05:30,252.75,253.35,252.25,252.85,27912,0
2026-08-12T11:45:00+05:30,252.8,253.15,252.25,252.55,28384,0
2026-08-12T12:00:00+05:30,252.7,253.1,251.55,251.55,49435,0
2026-08-12T12:15:00+05:30,251.55,252.6,251.5,252.2,48415,0
2026-08-12T12:30:00+05:30,252.2,252.8,247.45,248.1,102523,0
2026-08-12T12:45:00+05:30,247.95,248.4,232.5,239.4,1069551,0
2026-08-12T13:00:00+05:30,239.35,244.0,238.75,240.6,288519,0
2026-08-12T13:15:00+05:30,240.6,243.3,239.55,241.0,106402,0
2026-08-12T13:30:00+05:30,241.0,243.0,241.0,241.7,50258,0
2026-08-12T13:45:00+05:30,241.9,243.8,241.35,242.45,62109,0
2026-08-12T14:00:00+05:30,242.65,243.2,239.1,239.25,77548,0
2026-08-12T14:15:00+05:30,239.35,240.0,233.25,233.5,214506,0
2026-08-12T14:30:00+05:30,233.8,239.6,233.8,238.0,185267,0
2026-08-12T14:45:00+05:30,237.8,238.6,236.3,236.85,66135,0
2026-08-12T15:00:00+05:30,236.85,237.55,235.0,236.2,158233,0
2026-08-12T15:15:00+05:30,236.2,238.25,236.1,238.0,189437,0
2026-08-13T09:15:00+05:30,237.75,250.95,236.6,248.2,652101,0
2026-08-13T09:30:00+05:30,248.2,249.5,246.35,247.7,183069,0
2026-08-13T09:45:00+05:30,247.95,248.45,245.6,247.0,95582,0
2026-08-13T10:00:00+05:30,246.9,247.2,245.6,246.1,59846,0
2026-08-13T10:15:00+05:30,246.1,246.8,244.1,244.1,49716,0
2026-08-13T10:30:00+05:30,244.1,244.55,243.0,243.8,44258,0
2026-08-13T10:45:00+05:30,243.8,243.85,242.2,242.95,52330,0
2026-08-13T11:00:00+05:30,242.95,243.45,242.2,243.2,32717,0
2026-08-13T11:15:00+05:30,243.2,244.05,242.15,243.15,25447,0
2026-08-13T11:30:00+05:30,243.1,243.7,242.7,243.2,8682,0
2026-08-13T11:45:00+05:30,243.2,243.9,242.8,243.9,5963,0
2026-08-13T12:00:00+05:30,243.85,245.3,243.45,245.0,29633,0
2026-08-13T12:15:00+05:30,245.1,245.95,244.5,245.2,50300,0
2026-08-13T12:30:00+05:30,245.2,245.45,244.3,244.35,14430,0
2026-08-13T12:45:00+05:30,244.65,244.85,242.85,244.4,40472,0
2026-08-13T13:00:00+05:30,244.4,244.85,244.0,244.7,7400,0
2026-08-13T13:15:00+05:30,244.85,244.9,243.0,243.3,35181,0
2026-08-13T13:30:00+05:30,243.55,243.95,243.1,243.55,12739,0
2026-08-13T13:45:00+05:30,243.55,243.65,243.1,243.2,5547,0
2026-08-13T14:00:00+05:30,243.55,243.9,243.1,243.9,7650,0
2026-08-13T14:15:00+05:30,243.6,244.6,243.15,244.5,13642,0
2026-08-13T14:30:00+05:30,244.55,245.7,243.15,243.55,49238,0
2026-08-13T14:45:00+05:30,243.8,244.45,243.65,243.7,17596,0
2026-08-13T15:00:00+05:30,243.7,248.8,243.7,247.5,169050,0
2026-08-13T15:15:00+05:30,247.1,248.4,246.65,247.0,88397,0
2026-08-14T09:15:00+05:30,248.95,248.95,244.0,244.0,86592,0
2026-08-14T09:30:00+05:30,243.5,245.0,243.1,244.4,25626,0
2026-08-14T09:45:00+05:30,244.15,244.5,243.6,244.4,7671,0
2026-08-14T10:00:00+05:30,244.0,249.9,243.5,249.2,71289,0
2026-08-14T10:15:00+05:30,249.2,254.6,249.2,254.35,133336,0
2026-08-14T10:30:00+05:30,254.15,255.0,253.0,253.7,68829,0
2026-08-14T10:45:00+05:30,253.8,254.75,253.5,253.5,28198,0
2026-08-14T11:00:00+05:30,253.55,254.3,253.1,253.85,27052,0
2026-08-14T11:15:00+05:30,253.85,254.55,253.05,253.05,23036,0
2026-08-14T11:30:00+05:30,253.05,253.9,252.5,252.7,39124,0
2026-08-14T11:45:00+05:30,252.95,253.05,252.5,252.75,15254,0
2026-08-14T12:00:00+05:30,252.5,253.0,252.0,253.0,18954,0
2026-08-14T12:15:00+05:30,253.0,254.9,252.7,253.9,19793,0
2026-08-14T12:30:00+05:30,253.9,253.9,253.0,253.25,6752,0
2026-08-14T12:45:00+05:30,253.25,254.8,253.25,254.3,19726,0
2026-08-14T13:00:00+05:30,254.3,254.45,253.4,253.5,15786,0
2026-08-14T13:15:00+05:30,253.8,254.6,253.5,253.5,15361,0
2026-08-14T13:30:00+05:30,253.5,254.0,253.0,253.2,14993,0
2026-08-14T13:45:00+05:30,253.2,254.2,253.2,253.8,10296,0
2026-08-14T14:00:00+05:30,253.5,253.95,253.45,253.65,4978,0
2026-08-14T14:15:00+05:30,253.65,253.9,253.2,253.2,3826,0
2026-08-14T14:30:00+05:30,253.25,253.4,252.0,252.0,58399,0
2026-08-14T14:45:00+05:30,252.15,252.35,251.5,251.5,19478,0
2026-08-14T15:00:00+05:30,251.5,252.0,251.0,251.05,66185,0
2026-08-14T15:15:00+05:30,251.05,252.0,250.5,252.0,56850,0
2026-08-17T09:15:00+05:30,252.0,252.0,245.2,247.4,81474,0
2026-08-17T09:30:00+05:30,247.55,248.8,246.5,247.35,32399,0
2026-08-17T09:45:00+05:30,246.8,246.85,244.05,244.5,36964,0
2026-08-17T10:00:00+05:30,244.6,245.7,244.35,245.0,15662,0
2026-08-17T10:15:00+05:30,245.0,247.2,245.0,245.9,19068,0
2026-08-17T10:30:00+05:30,245.9,246.8,245.35,245.6,18097,0
2026-08-17T10:45:00+05:30,245.85,246.55,245.1,246.0,19905,0
2026-08-17T11:00:00+05:30,246.0,246.0,245.25,245.9,8895,0
2026-08-17T11:15:00+05:30,245.9,247.45,245.65,247.2,9655,0
2026-08-17T11:30:00+05:30,247.5,247.5,246.2,246.5,4611,0
2026-08-17T11:45:00+05:30,246.15,246.4,245.2,245.4,8945,0
2026-08-17T12:00:00+05:30,245.4,245.6,244.5,244.5,18042,0
2026-08-17T12:15:00+05:30,244.5,245.85,244.5,245.65,9830,0
2026-08-17T12:30:00+05:30,245.65,245.65,244.55,244.55,10522,0
2026-08-17T12:45:00+05:30,244.55,244.85,244.15,244.35,10412,0
2026-08-17T13:00:00+05:30,243.75,244.35,243.6,244.2,17281,0
2026-08-17T13:15:00+05:30,244.2,244.45,243.75,244.3,5707,0
2026-08-17T13:30:00+05:30,244.3,244.5,242.7,243.5,40481,0
2026-08-17T13:45:00+05:30,243.5,243.95,243.2,243.75,3471,0
2026-08-17T14:00:00+05:30,243.7,243.9,242.9,242.9,11707,0
2026-08-17T14:15:00+05:30,242.9,243.4,242.55,242.85,12552,0
2026-08-17T14:30:00+05:30,242.75,243.9,242.05,243.9,29990,0
2026-08-17T14:45:00+05:30,244.0,244.0,243.35,243.35,14611,0
2026-08-17T15:00:00+05:30,244.15,245.2,243.35,244.75,31338,0
2026-08-17T15:15:00+05:30,245.0,245.1,242.0,243.6,64569,0
2026-08-18T09:15:00+05:30,241.5,244.55,241.45,243.65,19433,0
2026-08-18T09:30:00+05:30,243.85,245.1,243.0,245.1,16823,0
2026-08-18T09:45:00+05:30,244.8,245.3,243.85,244.55,8674,0
2026-08-18T10:00:00+05:30,244.6,244.8,243.5,243.8,8054,0
2026-08-18T10:15:00+05:30,243.5,243.9,243.0,243.0,10688,0
2026-08-18T10:30:00+05:30,243.1,243.3,242.9,243.05,6922,0
2026-08-18T10:45:00+05:30,242.9,243.15,242.25,242.45,14958,0
2026-08-18T11:00:00+05:30,242.45,242.8,242.0,242.55,9698,0
2026-08-18T11:15:00+05:30,242.5,247.0,242.1,246.4,27237,0
2026-08-18T11:30:00+05:30,246.4,247.45,245.25,245.5,29996,0
2026-08-18T11:45:00+05:30,245.8,246.3,245.0,245.0,9909,0
2026-08-18T12:00:00+05:30,245.0,245.0,244.3,245.0,6652,0
2026-08-18T12:15:00+05:30,245.25,247.5,244.3,247.5,22088,0
2026-08-18T12:30:00+05:30,247.25,248.8,246.6,247.1,26664,0
2026-08-18T12:45:00+05:30,247.1,249.3,247.05,248.15,24761,0
2026-08-18T13:00:00+05:30,248.35,248.45,247.6,248.15,5598,0
2026-08-18T13:15:00+05:30,248.05,248.5,247.55,247.55,3612,0
2026-08-18T13:30:00+05:30,247.4,247.6,246.85,247.0,3175,0
2026-08-18T13:45:00+05:30,247.0,247.95,247.0,247.95,7811,0
2026-08-18T14:00:00+05:30,247.75,248.5,247.25,247.65,8112,0
2026-08-18T14:15:00+05:30,247.4,247.65,247.1,247.4,4145,0
2026-08-18T14:30:00+05:30,247.6,247.9,247.1,247.75,8285,0
2026-08-18T14:45:00+05:30,247.7,250.5,247.2,249.95,49051,0
2026-08-18T15:00:00+05:30,250.1,252.1,250.1,250.75,71620,0
2026-08-18T15:15:00+05:30,250.95,251.4,250.3,250.85,32713,0
2026-08-19T09:15:00+05:30,251.25,253.85,249.0,251.6,52577,0
2026-08-19T09:30:00+05:30,251.65,252.0,249.0,249.5,26200,0
2026-08-19T09:45:00+05:30,249.45,251.05,249.0,249.3,15257,0
2026-08-19T10:00:00+05:30,249.45,250.0,249.0,249.8,9961,0
2026-08-19T10:15:00+05:30,249.8,249.8,248.5,249.05,47805,0
2026-08-19T10:30:00+05:30,249.1,249.1,248.0,248.55,22373,0
2026-08-19T10:45:00+05:30,248.25,249.0,248.1,248.85,5375,0
2026-08-19T11:00:00+05:30,248.55,249.15,248.2,249.0,5213,0
2026-08-19T11:15:00+05:30,249.0,249.3,248.6,248.85,2392,0
2026-08-19T11:30:00+05:30,248.85,249.0,248.15,248.6,2882,0
2026-08-19T11:45:00+05:30,248.3,248.9,248.3,248.85,1275,0
2026-08-19T12:00:00+05:30,248.75,249.15,248.5,249.0,3674,0
2026-08-19T12:15:00+05:30,249.0,249.0,248.15,248.3,3745,0
2026-08-19T12:30:00+05:30,248.3,248.75,248.25,248.3,1824,0
2026-08-19T12:45:00+05:30,248.25,248.6,248.1,248.25,2092,0
2026-08-19T13:00:00+05:30,248.25,248.95,248.05,248.4,5507,0
2026-08-19T13:15:00+05:30,248.4,249.25,248.0,248.95,9109,0
2026-08-19T13:30:00+05:30,248.95,249.25,248.35,249.25,2809,0
2026-08-19T13:45:00+05:30,249.25,249.9,248.6,248.6,8402,0
2026-08-19T14:00:00+05:30,248.65,249.3,248.6,249.15,2429,0
2026-08-19T14:15:00+05:30,249.15,249.35,248.45,248.45,4108,0
2026-08-19T14:30:00+05:30,248.7,249.25,248.6,248.95,3663,0
2026-08-19T14:45:00+05:30,248.95,248.95,248.0,248.9,13304,0
2026-08-19T15:00:00+05:30,248.85,249.3,248.0,248.15,28349,0
2026-08-19T15:15:00+05:30,248.65,248.95,247.5,247.5,26361,0
2026-08-20T09:15:00+05:30,251.05,251.05,248.4,249.2,13261,0
2026-08-20T09:30:00+05:30,249.25,249.6,248.65,249.25,6039,0
2026-08-20T09:45:00+05:30,249.35,249.45,249.0,249.0,4524,0
2026-08-20T10:00:00+05:30,249.3,249.95,249.0,249.9,26153,0
2026-08-20T10:15:00+05:30,250.5,250.65,250.0,250.0,7838,0
2026-08-20T10:30:00+05:30,250.0,250.0,249.5,249.85,5643,0
2026-08-20T10:45:00+05:30,250.0,250.5,249.65,250.0,10542,0
2026-08-20T11:00:00+05:30,250.0,250.3,249.9,250.05,2556,0
2026-08-20T11:15:00+05:30,250.05,250.2,249.65,250.0,5327,0
2026-08-20T11:30:00+05:30,250.0,250.25,249.95,249.95,1207,0
2026-08-20T11:45:00+05:30,249.95,250.25,249.5,250.0,18272,0
2026-08-20T12:00:00+05:30,250.05,250.7,250.05,250.6,2538,0
2026-08-20T12:15:00+05:30,250.55,250.95,250.0,250.95,13347,0
2026-08-20T12:30:00+05:30,250.9,251.5,250.5,251.1,12684,0
2026-08-20T12:45:00+05:30,251.05,251.05,250.15,250.5,4043,0
2026-08-20T13:00:00+05:30,250.25,250.6,249.8,250.3,5264,0
2026-08-20T13:15:00+05:30,250.35,250.55,249.8,250.25,2308,0
2026-08-20T13:30:00+05:30,249.95,250.75,249.85,250.2,7954,0
2026-08-20T13:45:00+05:30,250.2,250.45,249.5,249.85,3706,0
2026-08-20T14:00:00+05:30,249.5,250.35,249.5,250.0,8528,0
2026-08-20T14:15:00+05:30,250.0,250.15,249.7,250.0,8590,0
2026-08-20T14:30:00+05:30,250.0,250.05,249.5,249.5,10893,0
2026-08-20T14:45:00+05:30,249.3,249.3,248.5,248.5,24569,0
2026-08-20T15:00:00+05:30,248.5,250.4,248.5,248.8,39149,0
2026-08-20T15:15:00+05:30,248.55,249.0,248.0,249.0,22026,0
2026-08-21T09:15:00+05:30,252.5,256.95,250.2,255.5,87533,0
2026-08-21T09:30:00+05:30,255.2,255.95,254.65,255.1,30348,0
2026-08-21T09:45:00+05:30,255.2,256.0,255.15,255.8,23345,0
2026-08-21T10:00:00+05:30,255.8,268.0,255.8,266.7,385666,0
2026-08-21T10:15:00+05:30,266.95,274.9,266.75,272.9,402463,0
2026-08-21T10:30:00+05:30,272.9,273.0,267.8,269.45,233133,0
2026-08-21T10:45:00+05:30,269.7,270.2,268.0,269.35,84797,0
2026-08-21T11:00:00+05:30,269.4,274.25,269.1,271.5,149421,0
2026-08-21T11:15:00+05:30,271.65,273.9,270.75,273.2,94907,0
2026-08-21T11:30:00+05:30,273.4,279.9,272.05,279.2,316511,0
2026-08-21T11:45:00+05:30,279.05,280.0,276.35,277.7,271872,0
2026-08-21T12:00:00+05:30,277.85,279.05,275.8,278.45,153125,0
2026-08-21T12:15:00+05:30,278.45,282.0,277.95,281.45,344633,0
2026-08-21T12:30:00+05:30,281.3,283.2,279.7,282.85,276496,0
2026-08-21T12:45:00+05:30,282.9,283.2,280.65,281.25,212742,0
2026-08-21T13:00:00+05:30,281.25,283.9,281.2,283.8,167997,0
2026-08-21T13:15:00+05:30,283.7,283.8,280.1,281.0,168811,0
2026-08-21T13:30:00+05:30,281.0,282.85,280.25,282.6,122651,0
2026-08-21T13:45:00+05:30,282.4,282.5,280.7,281.35,102265,0
2026-08-21T14:00:00+05:30,281.6,287.15,281.45,285.8,536574,0
2026-08-21T14:15:00+05:30,286.0,289.8,285.4,286.85,724175,0
2026-08-21T14:30:00+05:30,287.0,291.0,283.6,285.95,641368,0
2026-08-21T14:45:00+05:30,285.95,286.55,275.15,280.75,922980,0
2026-08-21T15:00:00+05:30,280.8,282.6,275.2,278.25,362695,0
2026-08-21T15:15:00+05:30,278.0,282.0,277.15,282.0,311655,0
2026-08-24T09:15:00+05:30,280.45,289.8,280.0,288.8,457289,0
2026-08-24T09:30:00+05:30,288.8,289.55,284.1,284.1,149434,0
2026-08-24T09:45:00+05:30,284.15,285.75,282.2,282.9,69282,0
2026-08-24T10:00:00+05:30,282.9,285.65,282.7,285.1,43074,0
2026-08-24T10:15:00+05:30,284.85,284.85,284.05,284.6,18455,0
2026-08-24T10:30:00+05:30,284.55,286.7,284.0,286.45,29835,0
2026-08-24T10:45:00+05:30,286.4,286.5,285.45,285.7,25807,0
2026-08-24T11:00:00+05:30,286.05,288.5,285.05,286.2,45949,0
2026-08-24T11:15:00+05:30,285.9,286.25,282.5,282.75,60307,0
2026-08-24T11:30:00+05:30,282.75,283.4,281.5,282.1,31963,0
2026-08-24T11:45:00+05:30,282.05,282.55,281.85,282.5,14726,0
2026-08-24T12:00:00+05:30,282.2,283.2,282.0,283.0,10426,0
2026-08-24T12:15:00+05:30,282.95,283.6,282.7,283.25,6764,0
2026-08-24T12:30:00+05:30,283.2,283.6,283.0,283.35,5256,0
2026-08-24T12:45:00+05:30,283.05,286.5,282.8,285.95,33307,0
2026-08-24T13:00:00+05:30,286.4,288.8,285.3,286.1,58960,0
2026-08-24T13:15:00+05:30,286.15,286.8,286.0,286.6,12975,0
2026-08-24T13:30:00+05:30,286.6,286.6,285.35,286.35,15887,0
2026-08-24T13:45:00+05:30,286.1,287.5,285.7,286.2,25433,0
2026-08-24T14:00:00+05:30,286.4,286.5,283.55,284.25,26241,0
2026-08-24T14:15:00+05:30,284.2,285.8,284.1,285.7,10721,0
2026-08-24T14:30:00+05:30,285.75,286.8,285.0,285.0,36266,0
2026-08-24T14:45:00+05:30,285.05,285.65,284.3,284.95,22384,0
2026-08-24T15:00:00+05:30,284.8,287.0,284.4,286.25,63150,0
2026-08-24T15:15:00+05:30,286.5,288.0,285.0,286.0,84704,0
2026-08-25T09:15:00+05:30,285.0,285.4,277.3,279.4,95152,0
2026-08-25T09:30:00+05:30,279.45,280.7,276.3,276.55,63733,0
2026-08-25T09:45:00+05:30,276.95,281.95,276.55,281.35,48063,0
2026-08-25T10:00:00+05:30,281.35,282.0,277.1,277.8,65383,0
2026-08-25T10:15:00+05:30,277.9,278.0,277.05,277.25,24093,0
2026-08-25T10:30:00+05:30,277.5,278.7,276.15,276.6,24674,0
2026-08-25T10:45:00+05:30,276.75,276.9,275.6,276.3,27247,0
2026-08-25T11:00:00+05:30,276.3,277.25,275.85,276.1,10844,0
2026-08-25T11:15:00+05:30,276.25,278.75,276.1,277.95,35830,0
2026-08-25T11:30:00+05:30,277.95,279.8,277.65,277.75,21786,0
2026-08-25T11:45:00+05:30,277.6,277.6,275.85,277.15,27611,0
2026-08-25T12:00:00+05:30,277.15,277.15,275.05,275.1,21486,0
2026-08-25T12:15:00+05:30,275.2,275.65,274.05,275.05,24135,0
2026-08-25T12:30:00+05:30,275.0,275.65,274.55,275.4,7073,0
2026-08-25T12:45:00+05:30,275.4,275.95,272.9,274.05,38766,0
2026-08-25T13:00:00+05:30,274.05,274.05,273.35,273.55,6613,0
2026-08-25T13:15:00+05:30,273.35,273.35,269.8,271.25,73712,0
2026-08-25T13:30:00+05:30,271.3,271.3,270.0,270.6,15115,0
2026-08-25T13:45:00+05:30,270.8,271.1,270.0,270.6,26516,0
2026-08-25T14:00:00+05:30,270.6,273.45,270.6,273.1,36619,0
2026-08-25T14:15:00+05:30,273.0,277.45,272.9,277.05,56437,0
2026-08-25T14:30:00+05:30,277.0,280.45,276.6,280.2,38892,0
2026-08-25T14:45:00+05:30,280.45,281.5,280.0,280.2,43326,0
2026-08-25T15:00:00+05:30,280.45,283.25,276.2,278.95,94975,0
2026-08-25T15:15:00+05:30,278.95,285.0,278.35,281.4,86559,0
2026-08-26T09:15:00+05:30,283.0,283.2,280.05,281.2,45926,0
2026-08-26T09:30:00+05:30,281.15,282.55,277.2,277.65,43574,0
2026-08-26T09:45:00+05:30,277.75,278.65,277.05,278.15,21546,0
2026-08-26T10:00:00+05:30,278.0,279.2,277.6,278.45,18174,0
2026-08-26T10:15:00+05:30,278.75,278.75,278.05,278.2,9357,0
2026-08-26T10:30:00+05:30,278.25,282.65,278.2,281.6,30756,0
2026-08-26T10:45:00+05:30,281.6,282.45,281.0,281.7,15219,0
2026-08-26T11:00:00+05:30,281.7,282.45,280.8,281.0,15741,0
2026-08-26T11:15:00+05:30,281.0,292.4,280.8,291.35,249726,0
2026-08-26T11:30:00+05:30,291.25,291.8,286.0,286.75,168900,0
2026-08-26T11:45:00+05:30,286.85,287.05,284.65,284.95,64992,0
2026-08-26T12:00:00+05:30,285.15,286.35,284.6,285.75,14786,0
2026-08-26T12:15:00+05:30,285.5,286.55,284.6,285.15,29261,0
2026-08-26T12:30:00+05:30,285.35,285.95,282.4,283.65,54103,0
2026-08-26T12:45:00+05:30,283.6,284.15,282.65,283.1,27194,0
2026-08-26T13:00:00+05:30,283.25,284.95,283.1,284.45,15122,0
2026-08-26T13:15:00+05:30,284.65,286.5,284.4,285.8,12902,0
2026-08-26T13:30:00+05:30,285.95,290.8,285.8,290.25,88015,0
2026-08-26T13:45:00+05:30,290.45,293.75,288.8,292.65,256356,0
2026-08-26T14:00:00+05:30,292.65,303.85,292.4,300.3,620256,0
2026-08-26T14:15:00+05:30,300.2,308.65,300.15,308.3,654479,0
2026-08-26T14:30:00+05:30,308.2,309.2,303.0,305.8,565169,0
2026-08-26T14:45:00+05:30,305.95,307.95,302.05,306.6,332041,0
2026-08-26T15:00:00+05:30,306.8,308.8,303.5,304.05,378472,0
2026-08-26T15:15:00+05:30,304.05,307.0,303.6,304.55,234654,0
2026-08-27T09:15:00+05:30,308.05,309.7,300.4,304.3,240925,0
2026-08-27T09:30:00+05:30,304.3,312.7,304.3,308.75,438985,0
2026-08-27T09:45:00+05:30,308.6,312.5,308.4,310.5,167892,0
2026-08-27T10:00:00+05:30,310.3,310.9,305.45,305.45,104764,0
2026-08-27T10:15:00+05:30,305.45,305.9,303.0,304.25,109817,0
2026-08-27T10:30:00+05:30,304.45,305.85,303.0,303.15,54251,0
2026-08-27T10:45:00+05:30,303.0,304.7,303.0,304.4,27580,0
2026-08-27T11:00:00+05:30,304.75,304.8,303.2,304.0,18959,0
2026-08-27T11:15:00+05:30,304.2,304.4,302.05,303.55,33450,0
2026-08-27T11:30:00+05:30,303.75,304.8,302.55,302.75,15590,0
2026-08-27T11:45:00+05:30,302.95,303.6,302.3,302.8,10882,0
2026-08-27T12:00:00+05:30,302.9,302.9,302.0,302.4,14233,0
2026-08-27T12:15:00+05:30,302.6,303.0,301.65,303.0,17119,0
2026-08-27T12:30:00+05:30,303.0,303.3,300.6,301.9,26412,0
2026-08-27T12:45:00+05:30,301.85,307.65,301.15,306.75,78686,0
2026-08-27T13:00:00+05:30,306.75,306.8,302.2,303.0,51459,0
2026-08-27T13:15:00+05:30,303.0,304.8,302.45,303.6,18272,0
2026-08-27T13:30:00+05:30,303.5,304.3,302.7,304.3,14175,0
2026-08-27T13:45:00+05:30,304.3,304.5,303.0,303.0,15689,0
2026-08-27T14:00:00+05:30,303.3,305.25,303.3,304.7,20207,0
2026-08-27T14:15:00+05:30,304.8,307.0,304.75,305.65,52091,0
2026-08-27T14:30:00+05:30,305.85,306.0,304.1,306.0,24867,0
2026-08-27T14:45:00+05:30,306.0,310.85,306.0,307.8,96227,0
2026-08-27T15:00:00+05:30,307.8,308.9,304.95,304.95,102466,0
2026-08-27T15:15:00+05:30,304.9,306.75,303.0,303.0,86780,0
2026-08-28T09:15:00+05:30,306.0,310.7,301.8,307.5,149066,0
2026-08-28T09:30:00+05:30,307.3,311.25,307.0,308.2,82030,0
2026-08-28T09:45:00+05:30,308.1,308.7,304.1,305.4,59623,0
2026-08-28T10:00:00+05:30,305.4,308.75,304.5,308.55,36442,0
2026-08-28T10:15:00+05:30,308.5,308.8,307.4,307.65,20554,0
2026-08-28T10:30:00+05:30,307.95,308.7,306.35,306.6,18774,0
2026-08-28T10:45:00+05:30,306.65,307.0,305.55,306.6,14044,0
2026-08-28T11:00:00+05:30,306.3,306.9,305.8,306.9,7085,0
2026-08-28T11:15:00+05:30,306.9,307.35,306.35,306.35,9436,0
2026-08-28T11:30:00+05:30,306.35,307.4,305.55,307.0,9158,0
2026-08-28T11:45:00+05:30,307.0,307.0,304.0,304.8,21803,0
2026-08-28T12:00:00+05:30,304.65,305.9,302.75,304.8,25651,0
2026-08-28T12:15:00+05:30,304.4,306.5,304.2,305.6,8995,0
2026-08-28T12:30:00+05:30,306.0,306.2,302.3,303.2,42133,0
2026-08-28T12:45:00+05:30,303.2,303.2,300.0,300.5,48895,0
2026-08-28T13:00:00+05:30,300.5,300.5,294.8,296.85,95394,0
2026-08-28T13:15:00+05:30,296.75,298.6,296.0,297.25,34857,0
2026-08-28T13:30:00+05:30,297.55,297.95,296.7,297.35,12979,0
2026-08-28T13:45:00+05:30,297.45,297.65,295.5,297.4,28188,0
2026-08-28T14:00:00+05:30,297.4,297.45,296.0,296.55,18894,0
2026-08-28T14:15:00+05:30,296.55,297.7,296.0,297.25,21582,0
2026-08-28T14:30:00+05:30,297.2,298.3,296.75,297.95,32493,0
2026-08-28T14:45:00+05:30,297.8,303.0,297.25,300.9,68773,0
2026-08-28T15:00:00+05:30,300.45,303.9,300.4,302.5,71562,0
2026-08-28T15:15:00+05:30,302.45,303.6,298.2,300.7,58605,0
